Running 1600 injection + full-TLS-feature-extraction trials (800 positive, 800 negative) across 8 workers...
/Library/Frameworks/Python.framework/Versions/3.11/lib/python3.11/site-packages/transitleastsquares/main.py:411: UserWarning: 1 of 3 transits without data. The true period may be twice the given period.
  warnings.warn(text)
/Library/Frameworks/Python.framework/Versions/3.11/lib/python3.11/site-packages/transitleastsquares/main.py:411: UserWarning: 1 of 3 transits without data. The true period may be twice the given period.
  warnings.warn(text)
/Library/Frameworks/Python.framework/Versions/3.11/lib/python3.11/site-packages/transitleastsquares/grid.py:149: UserWarning: period_grid defaults to R_star=1 and M_star=1 as given density yielded grid with too few values
  warnings.warn(
/Library/Frameworks/Python.framework/Versions/3.11/lib/python3.11/site-packages/transitleastsquares/main.py:411: UserWarning: 3 of 8 transits without data. The true period may be twice the given period.
  warnings.warn(text)
/Library/Frameworks/Python.framework/Versions/3.11/lib/python3.11/site-packages/transitleastsquares/main.py:411: UserWarning: 2 of 4 transits without data. The true period may be twice the given period.
  warnings.warn(text)
/Library/Frameworks/Python.framework/Versions/3.11/lib/python3.11/site-packages/transitleastsquares/grid.py:149: UserWarning: period_grid defaults to R_star=1 and M_star=1 as given density yielded grid with too few values
  warnings.warn(
/Library/Frameworks/Python.framework/Versions/3.11/lib/python3.11/site-packages/transitleastsquares/grid.py:149: UserWarning: period_grid defaults to R_star=1 and M_star=1 as given density yielded grid with too few values
  warnings.warn(
/Library/Frameworks/Python.framework/Versions/3.11/lib/python3.11/site-packages/transitleastsquares/main.py:411: UserWarning: 1 of 3 transits without data. The true period may be twice the given period.
  warnings.warn(text)
/Library/Frameworks/Python.framework/Versions/3.11/lib/python3.11/site-packages/transitleastsquares/main.py:411: UserWarning: 1 of 3 transits without data. The true period may be twice the given period.
  warnings.warn(text)
/Library/Frameworks/Python.framework/Versions/3.11/lib/python3.11/site-packages/transitleastsquares/grid.py:149: UserWarning: period_grid defaults to R_star=1 and M_star=1 as given density yielded grid with too few values
  warnings.warn(
/Library/Frameworks/Python.framework/Versions/3.11/lib/python3.11/site-packages/transitleastsquares/main.py:411: UserWarning: 1 of 2 transits without data. The true period may be twice the given period.
  warnings.warn(text)
  [20/1600] done (601s elapsed, ~47462s remaining, 8/20 usable so far)
/Library/Frameworks/Python.framework/Versions/3.11/lib/python3.11/site-packages/transitleastsquares/main.py:411: UserWarning: 2 of 6 transits without data. The true period may be twice the given period.
  warnings.warn(text)
/Library/Frameworks/Python.framework/Versions/3.11/lib/python3.11/site-packages/transitleastsquares/grid.py:149: UserWarning: period_grid defaults to R_star=1 and M_star=1 as given density yielded grid with too few values
  warnings.warn(
/Library/Frameworks/Python.framework/Versions/3.11/lib/python3.11/site-packages/transitleastsquares/grid.py:149: UserWarning: period_grid defaults to R_star=1 and M_star=1 as given density yielded grid with too few values
  warnings.warn(
/Library/Frameworks/Python.framework/Versions/3.11/lib/python3.11/site-packages/transitleastsquares/stats.py:458: RuntimeWarning: divide by zero encountered in scalar divide
  snr_pink_per_transit[i] = (1 - mean_flux) / pinknoise
/Library/Frameworks/Python.framework/Versions/3.11/lib/python3.11/site-packages/transitleastsquares/main.py:411: UserWarning: 1 of 2 transits without data. The true period may be twice the given period.
  warnings.warn(text)
  [40/1600] done (871s elapsed, ~33985s remaining, 21/40 usable so far)
/Library/Frameworks/Python.framework/Versions/3.11/lib/python3.11/site-packages/transitleastsquares/grid.py:149: UserWarning: period_grid defaults to R_star=1 and M_star=1 as given density yielded grid with too few values
  warnings.warn(
/Library/Frameworks/Python.framework/Versions/3.11/lib/python3.11/site-packages/transitleastsquares/grid.py:149: UserWarning: period_grid defaults to R_star=1 and M_star=1 as given density yielded grid with too few values
  warnings.warn(
/Library/Frameworks/Python.framework/Versions/3.11/lib/python3.11/site-packages/transitleastsquares/grid.py:149: UserWarning: period_grid defaults to R_star=1 and M_star=1 as given density yielded grid with too few values
  warnings.warn(
/Library/Frameworks/Python.framework/Versions/3.11/lib/python3.11/site-packages/transitleastsquares/main.py:411: UserWarning: 5 of 13 transits without data. The true period may be twice the given period.
  warnings.warn(text)
  [60/1600] done (1048s elapsed, ~26890s remaining, 35/60 usable so far)
/Library/Frameworks/Python.framework/Versions/3.11/lib/python3.11/site-packages/transitleastsquares/stats.py:458: RuntimeWarning: divide by zero encountered in scalar divide
  snr_pink_per_transit[i] = (1 - mean_flux) / pinknoise
/Library/Frameworks/Python.framework/Versions/3.11/lib/python3.11/site-packages/transitleastsquares/main.py:411: UserWarning: 1 of 3 transits without data. The true period may be twice the given period.
  warnings.warn(text)
/Library/Frameworks/Python.framework/Versions/3.11/lib/python3.11/site-packages/transitleastsquares/grid.py:149: UserWarning: period_grid defaults to R_star=1 and M_star=1 as given density yielded grid with too few values
  warnings.warn(
/Library/Frameworks/Python.framework/Versions/3.11/lib/python3.11/site-packages/transitleastsquares/grid.py:149: UserWarning: period_grid defaults to R_star=1 and M_star=1 as given density yielded grid with too few values
  warnings.warn(
/Library/Frameworks/Python.framework/Versions/3.11/lib/python3.11/site-packages/transitleastsquares/grid.py:149: UserWarning: period_grid defaults to R_star=1 and M_star=1 as given density yielded grid with too few values
  warnings.warn(
/Library/Frameworks/Python.framework/Versions/3.11/lib/python3.11/site-packages/transitleastsquares/stats.py:458: RuntimeWarning: divide by zero encountered in scalar divide
  snr_pink_per_transit[i] = (1 - mean_flux) / pinknoise
/Library/Frameworks/Python.framework/Versions/3.11/lib/python3.11/site-packages/transitleastsquares/main.py:411: UserWarning: 1 of 3 transits without data. The true period may be twice the given period.
  warnings.warn(text)
  [80/1600] done (1136s elapsed, ~21579s remaining, 46/80 usable so far)
/Library/Frameworks/Python.framework/Versions/3.11/lib/python3.11/site-packages/transitleastsquares/grid.py:149: UserWarning: period_grid defaults to R_star=1 and M_star=1 as given density yielded grid with too few values
  warnings.warn(
/Library/Frameworks/Python.framework/Versions/3.11/lib/python3.11/site-packages/transitleastsquares/grid.py:149: UserWarning: period_grid defaults to R_star=1 and M_star=1 as given density yielded grid with too few values
  warnings.warn(
/Library/Frameworks/Python.framework/Versions/3.11/lib/python3.11/site-packages/transitleastsquares/grid.py:149: UserWarning: period_grid defaults to R_star=1 and M_star=1 as given density yielded grid with too few values
  warnings.warn(
/Library/Frameworks/Python.framework/Versions/3.11/lib/python3.11/site-packages/transitleastsquares/main.py:411: UserWarning: 1 of 3 transits without data. The true period may be twice the given period.
  warnings.warn(text)
/Library/Frameworks/Python.framework/Versions/3.11/lib/python3.11/site-packages/transitleastsquares/main.py:411: UserWarning: 1 of 2 transits without data. The true period may be twice the given period.
  warnings.warn(text)
/Library/Frameworks/Python.framework/Versions/3.11/lib/python3.11/site-packages/transitleastsquares/grid.py:149: UserWarning: period_grid defaults to R_star=1 and M_star=1 as given density yielded grid with too few values
  warnings.warn(
/Library/Frameworks/Python.framework/Versions/3.11/lib/python3.11/site-packages/transitleastsquares/main.py:411: UserWarning: 5 of 13 transits without data. The true period may be twice the given period.
  warnings.warn(text)
  [100/1600] done (1360s elapsed, ~20404s remaining, 55/100 usable so far)
/Library/Frameworks/Python.framework/Versions/3.11/lib/python3.11/site-packages/transitleastsquares/grid.py:149: UserWarning: period_grid defaults to R_star=1 and M_star=1 as given density yielded grid with too few values
  warnings.warn(
/Library/Frameworks/Python.framework/Versions/3.11/lib/python3.11/site-packages/transitleastsquares/grid.py:149: UserWarning: period_grid defaults to R_star=1 and M_star=1 as given density yielded grid with too few values
  warnings.warn(
/Library/Frameworks/Python.framework/Versions/3.11/lib/python3.11/site-packages/transitleastsquares/main.py:411: UserWarning: 1 of 2 transits without data. The true period may be twice the given period.
  warnings.warn(text)
  [120/1600] done (1579s elapsed, ~19475s remaining, 67/120 usable so far)
/Library/Frameworks/Python.framework/Versions/3.11/lib/python3.11/site-packages/transitleastsquares/main.py:411: UserWarning: 4 of 9 transits without data. The true period may be twice the given period.
  warnings.warn(text)
/Library/Frameworks/Python.framework/Versions/3.11/lib/python3.11/site-packages/transitleastsquares/main.py:411: UserWarning: 4 of 11 transits without data. The true period may be twice the given period.
  warnings.warn(text)
/Library/Frameworks/Python.framework/Versions/3.11/lib/python3.11/site-packages/transitleastsquares/grid.py:149: UserWarning: period_grid defaults to R_star=1 and M_star=1 as given density yielded grid with too few values
  warnings.warn(
/Library/Frameworks/Python.framework/Versions/3.11/lib/python3.11/site-packages/transitleastsquares/main.py:411: UserWarning: 1 of 3 transits without data. The true period may be twice the given period.
  warnings.warn(text)
/Library/Frameworks/Python.framework/Versions/3.11/lib/python3.11/site-packages/transitleastsquares/grid.py:149: UserWarning: period_grid defaults to R_star=1 and M_star=1 as given density yielded grid with too few values
  warnings.warn(
  [140/1600] done (1849s elapsed, ~19282s remaining, 77/140 usable so far)
/Library/Frameworks/Python.framework/Versions/3.11/lib/python3.11/site-packages/transitleastsquares/main.py:411: UserWarning: 1 of 3 transits without data. The true period may be twice the given period.
  warnings.warn(text)
/Library/Frameworks/Python.framework/Versions/3.11/lib/python3.11/site-packages/transitleastsquares/grid.py:149: UserWarning: period_grid defaults to R_star=1 and M_star=1 as given density yielded grid with too few values
  warnings.warn(
  [160/1600] done (2071s elapsed, ~18639s remaining, 89/160 usable so far)
/Library/Frameworks/Python.framework/Versions/3.11/lib/python3.11/site-packages/transitleastsquares/grid.py:149: UserWarning: period_grid defaults to R_star=1 and M_star=1 as given density yielded grid with too few values
  warnings.warn(
/Library/Frameworks/Python.framework/Versions/3.11/lib/python3.11/site-packages/transitleastsquares/stats.py:458: RuntimeWarning: divide by zero encountered in scalar divide
  snr_pink_per_transit[i] = (1 - mean_flux) / pinknoise
/Library/Frameworks/Python.framework/Versions/3.11/lib/python3.11/site-packages/transitleastsquares/grid.py:149: UserWarning: period_grid defaults to R_star=1 and M_star=1 as given density yielded grid with too few values
  warnings.warn(
  [180/1600] done (2165s elapsed, ~17079s remaining, 101/180 usable so far)
/Library/Frameworks/Python.framework/Versions/3.11/lib/python3.11/site-packages/transitleastsquares/main.py:411: UserWarning: 2 of 6 transits without data. The true period may be twice the given period.
  warnings.warn(text)
  [200/1600] done (2304s elapsed, ~16127s remaining, 114/200 usable so far)
/Library/Frameworks/Python.framework/Versions/3.11/lib/python3.11/site-packages/transitleastsquares/stats.py:458: RuntimeWarning: divide by zero encountered in scalar divide
  snr_pink_per_transit[i] = (1 - mean_flux) / pinknoise
/Library/Frameworks/Python.framework/Versions/3.11/lib/python3.11/site-packages/transitleastsquares/stats.py:458: RuntimeWarning: divide by zero encountered in scalar divide
  snr_pink_per_transit[i] = (1 - mean_flux) / pinknoise
/Library/Frameworks/Python.framework/Versions/3.11/lib/python3.11/site-packages/transitleastsquares/grid.py:149: UserWarning: period_grid defaults to R_star=1 and M_star=1 as given density yielded grid with too few values
  warnings.warn(
/Library/Frameworks/Python.framework/Versions/3.11/lib/python3.11/site-packages/transitleastsquares/main.py:411: UserWarning: 1 of 3 transits without data. The true period may be twice the given period.
  warnings.warn(text)
/Library/Frameworks/Python.framework/Versions/3.11/lib/python3.11/site-packages/transitleastsquares/grid.py:149: UserWarning: period_grid defaults to R_star=1 and M_star=1 as given density yielded grid with too few values
  warnings.warn(
/Library/Frameworks/Python.framework/Versions/3.11/lib/python3.11/site-packages/transitleastsquares/main.py:411: UserWarning: 10 of 26 transits without data. The true period may be twice the given period.
  warnings.warn(text)
  [220/1600] done (2450s elapsed, ~15368s remaining, 122/220 usable so far)
/Library/Frameworks/Python.framework/Versions/3.11/lib/python3.11/site-packages/transitleastsquares/grid.py:149: UserWarning: period_grid defaults to R_star=1 and M_star=1 as given density yielded grid with too few values
  warnings.warn(
Transit Least Squares TLS 1.32 (5 Apr 2024)
Creating model cache for 38 durations
Searching 18137 data points, 135 periods from 2.357 to 12.926 days
Using 1 of 8 CPU threads
Searching for best T0 for period 9.35141 days
Transit Least Squares TLS 1.32 (5 Apr 2024)
Creating model cache for 38 durations
Searching 18604 data points, 672 periods from 0.703 to 13.352 days
Using 1 of 8 CPU threads
Searching for best T0 for period 2.87392 days
Transit Least Squares TLS 1.32 (5 Apr 2024)
Creating model cache for 37 durations
Searching 990 data points, 696 periods from 0.6 to 11.75 days
Using 1 of 8 CPU threads
Searching for best T0 for period 2.58768 days
Transit Least Squares TLS 1.32 (5 Apr 2024)
Creating model cache for 37 durations
Searching 13908 data points, 680 periods from 0.6 to 11.521 days
Using 1 of 8 CPU threads
Searching for best T0 for period 7.13916 days
Transit Least Squares TLS 1.32 (5 Apr 2024)
Creating model cache for 38 durations
Searching 18039 data points, 250 periods from 1.559 to 13.425 days
Using 1 of 8 CPU threads
Searching for best T0 for period 5.56152 days
Transit Least Squares TLS 1.32 (5 Apr 2024)
Creating model cache for 37 durations
Searching 15488 data points, 946 periods from 0.48 to 12.157 days
Using 1 of 8 CPU threads
Searching for best T0 for period 11.79101 days
Transit Least Squares TLS 1.32 (5 Apr 2024)
Creating model cache for 38 durations
Searching 18214 data points, 486 periods from 0.91 to 13.243 days
Using 1 of 8 CPU threads
Searching for best T0 for period 1.70400 days
Transit Least Squares TLS 1.32 (5 Apr 2024)
Creating model cache for 37 durations
Searching 14429 data points, 481 periods from 0.879 to 12.683 days
Using 1 of 8 CPU threads
Searching for best T0 for period 1.75705 days
Transit Least Squares TLS 1.32 (5 Apr 2024)
Creating model cache for 38 durations
Searching 17889 data points, 793 periods from 0.601 to 13.115 days
Using 1 of 8 CPU threads
Searching for best T0 for period 1.70969 days
Transit Least Squares TLS 1.32 (5 Apr 2024)
Creating model cache for 37 durations
Searching 8668 data points, 728 periods from 0.601 to 12.205 days
Using 1 of 8 CPU threads
Searching for best T0 for period 6.70304 days
Transit Least Squares TLS 1.32 (5 Apr 2024)
Creating model cache for 37 durations
Searching 13734 data points, 2187 periods from 0.601 to 12.231 days
Using 1 of 8 CPU threads
Searching for best T0 for period 1.86665 days
Transit Least Squares TLS 1.32 (5 Apr 2024)
Creating model cache for 38 durations
Searching 18881 data points, 165 periods from 2.146 to 13.581 days
Using 1 of 8 CPU threads
Searching for best T0 for period 6.97600 days
Transit Least Squares TLS 1.32 (5 Apr 2024)
Creating model cache for 37 durations
Searching 16393 data points, 156 periods from 2.057 to 12.533 days
Using 1 of 8 CPU threads
Searching for best T0 for period 2.60708 days
Transit Least Squares TLS 1.32 (5 Apr 2024)
Creating model cache for 37 durations
Searching 7780 data points, 2097 periods from 0.601 to 11.81 days
Using 1 of 8 CPU threads
Searching for best T0 for period 1.79216 days
Transit Least Squares TLS 1.32 (5 Apr 2024)
Creating model cache for 38 durations
Searching 3514 data points, 460 periods from 0.943 to 13.108 days
Using 1 of 8 CPU threads
Searching for best T0 for period 6.89643 days
Transit Least Squares TLS 1.32 (5 Apr 2024)
Creating model cache for 37 durations
Searching 11660 data points, 104 periods from 2.46 to 11.272 days
Using 1 of 8 CPU threads
Searching for best T0 for period 3.29377 days
Transit Least Squares TLS 1.32 (5 Apr 2024)
Creating model cache for 38 durations
Searching 19475 data points, 173 periods from 2.114 to 13.859 days
Using 1 of 8 CPU threads
Searching for best T0 for period 3.12144 days
Transit Least Squares TLS 1.32 (5 Apr 2024)
Creating model cache for 38 durations
Searching 16095 data points, 615 periods from 0.753 to 13.287 days
Using 1 of 8 CPU threads
Searching for best T0 for period 2.79352 days
Transit Least Squares TLS 1.32 (5 Apr 2024)
Creating model cache for 38 durations
Searching 18295 data points, 292 periods from 1.411 to 13.703 days
Using 1 of 8 CPU threads
Searching for best T0 for period 4.89843 days
Transit Least Squares TLS 1.32 (5 Apr 2024)
Creating model cache for 37 durations
Searching 15802 data points, 916 periods from 0.479 to 11.82 days
Using 1 of 8 CPU threads
Searching for best T0 for period 10.84085 days
Transit Least Squares TLS 1.32 (5 Apr 2024)
Creating model cache for 38 durations
Searching 11915 data points, 2442 periods from 0.602 to 13.425 days
Using 1 of 8 CPU threads
Searching for best T0 for period 2.96441 days
Transit Least Squares TLS 1.32 (5 Apr 2024)
Creating model cache for 37 durations
Searching 15067 data points, 314 periods from 1.237 to 12.704 days
Using 1 of 8 CPU threads
Searching for best T0 for period 10.22594 days
Transit Least Squares TLS 1.32 (5 Apr 2024)
Creating model cache for 37 durations
Searching 12244 data points, 656 periods from 0.601 to 11.184 days
Using 1 of 8 CPU threads
Searching for best T0 for period 5.30510 days
Transit Least Squares TLS 1.32 (5 Apr 2024)
Creating model cache for 38 durations
Searching 17991 data points, 226 periods from 1.805 to 14.38 days
Using 1 of 8 CPU threads
Searching for best T0 for period 4.29089 days
Transit Least Squares TLS 1.32 (5 Apr 2024)
Creating model cache for 37 durations
Searching 15894 data points, 421 periods from 0.933 to 12.072 days
Using 1 of 8 CPU threads
Searching for best T0 for period 7.11779 days
Transit Least Squares TLS 1.32 (5 Apr 2024)
Creating model cache for 38 durations
Searching 18235 data points, 187 periods from 2.013 to 13.94 days
Using 1 of 8 CPU threads
Searching for best T0 for period 4.45388 days
Transit Least Squares TLS 1.32 (5 Apr 2024)
Creating model cache for 38 durations
Searching 17622 data points, 120 periods from 2.62 to 13.257 days
Using 1 of 8 CPU threads
Searching for best T0 for period 4.02460 days
Transit Least Squares TLS 1.32 (5 Apr 2024)
Creating model cache for 37 durations
Searching 13535 data points, 569 periods from 0.723 to 11.948 days
Using 1 of 8 CPU threads
Searching for best T0 for period 1.72182 days
Transit Least Squares TLS 1.32 (5 Apr 2024)
Creating model cache for 38 durations
Searching 18882 data points, 2476 periods from 0.601 to 13.581 days
Using 1 of 8 CPU threads
Searching for best T0 for period 1.41160 days
Transit Least Squares TLS 1.32 (5 Apr 2024)
Creating model cache for 37 durations
Searching 13772 data points, 751 periods from 0.601 to 12.525 days
Using 1 of 8 CPU threads
Searching for best T0 for period 1.19348 days
Transit Least Squares TLS 1.32 (5 Apr 2024)
Creating model cache for 38 durations
Searching 18472 data points, 434 periods from 1.006 to 13.348 days
Using 1 of 8 CPU threads
Searching for best T0 for period 6.89494 days
Transit Least Squares TLS 1.32 (5 Apr 2024)
Creating model cache for 37 durations
Searching 15870 data points, 625 periods from 0.674 to 12.058 days
Using 1 of 8 CPU threads
Searching for best T0 for period 3.05835 days
Transit Least Squares TLS 1.32 (5 Apr 2024)
Creating model cache for 37 durations
Searching 16357 data points, 729 periods from 0.601 to 12.218 days
Using 1 of 8 CPU threads
Searching for best T0 for period 1.31054 days
Transit Least Squares TLS 1.32 (5 Apr 2024)
Creating model cache for 37 durations
Searching 13155 data points, 256 periods from 1.379 to 12.086 days
Using 1 of 8 CPU threads
Searching for best T0 for period 4.73708 days
Transit Least Squares TLS 1.32 (5 Apr 2024)
Creating model cache for 36 durations
Searching 10562 data points, 359 periods from 0.888 to 10.143 days
Using 1 of 8 CPU threads
Searching for best T0 for period 1.50690 days
Transit Least Squares TLS 1.32 (5 Apr 2024)
Creating model cache for 37 durations
Searching 13826 data points, 312 periods from 1.191 to 12.176 days
Using 1 of 8 CPU threads
Searching for best T0 for period 1.77743 days
Transit Least Squares TLS 1.32 (5 Apr 2024)
Creating model cache for 38 durations
Searching 15402 data points, 421 periods from 1.005 to 13.017 days
Using 1 of 8 CPU threads
Searching for best T0 for period 1.07360 days
Transit Least Squares TLS 1.32 (5 Apr 2024)
/Library/Frameworks/Python.framework/Versions/3.11/lib/python3.11/site-packages/transitleastsquares/main.py:411: UserWarning: 1 of 2 transits without data. The true period may be twice the given period.
  warnings.warn(text)
/Library/Frameworks/Python.framework/Versions/3.11/lib/python3.11/site-packages/transitleastsquares/grid.py:149: UserWarning: period_grid defaults to R_star=1 and M_star=1 as given density yielded grid with too few values
  warnings.warn(
/Library/Frameworks/Python.framework/Versions/3.11/lib/python3.11/site-packages/transitleastsquares/stats.py:458: RuntimeWarning: divide by zero encountered in scalar divide
  snr_pink_per_transit[i] = (1 - mean_flux) / pinknoise
  [240/1600] done (2616s elapsed, ~14827s remaining, 132/240 usable so far)
/Library/Frameworks/Python.framework/Versions/3.11/lib/python3.11/site-packages/transitleastsquares/grid.py:149: UserWarning: period_grid defaults to R_star=1 and M_star=1 as given density yielded grid with too few values
  warnings.warn(
Transit Least Squares TLS 1.32 (5 Apr 2024)
Creating model cache for 38 durations
Searching 17388 data points, 235 periods from 1.573 to 12.919 days
Using 1 of 8 CPU threads
Searching for best T0 for period 2.79700 days
Transit Least Squares TLS 1.32 (5 Apr 2024)
Creating model cache for 37 durations
Searching 13320 data points, 301 periods from 1.224 to 12.158 days
Using 1 of 8 CPU threads
Searching for best T0 for period 7.18533 days
Transit Least Squares TLS 1.32 (5 Apr 2024)
Creating model cache for 37 durations
Searching 13799 data points, 726 periods from 0.601 to 12.173 days
Using 1 of 8 CPU threads
Searching for best T0 for period 2.42559 days
Transit Least Squares TLS 1.32 (5 Apr 2024)
Creating model cache for 37 durations
Searching 12785 data points, 682 periods from 0.611 to 11.735 days
Using 1 of 8 CPU threads
Searching for best T0 for period 2.83122 days
Transit Least Squares TLS 1.32 (5 Apr 2024)
Creating model cache for 37 durations
Searching 899 data points, 431 periods from 0.961 to 12.698 days
Using 1 of 8 CPU threads
Searching for best T0 for period 1.47397 days
Transit Least Squares TLS 1.32 (5 Apr 2024)
Creating model cache for 37 durations
Searching 16734 data points, 1149 periods from 0.422 to 12.647 days
Using 1 of 8 CPU threads
Searching for best T0 for period 0.48018 days
Transit Least Squares TLS 1.32 (5 Apr 2024)
Creating model cache for 37 durations
Searching 1004 data points, 1356 periods from 0.359 to 12.438 days
Using 1 of 8 CPU threads
Searching for best T0 for period 3.06481 days
Transit Least Squares TLS 1.32 (5 Apr 2024)
Creating model cache for 36 durations
Searching 10938 data points, 1871 periods from 0.602 to 10.741 days
Using 1 of 8 CPU threads
Searching for best T0 for period 0.67563 days
Transit Least Squares TLS 1.32 (5 Apr 2024)
Creating model cache for 38 durations
Searching 16717 data points, 1916 periods from 0.275 to 12.875 days
Using 1 of 8 CPU threads
Searching for best T0 for period 0.62580 days
Transit Least Squares TLS 1.32 (5 Apr 2024)
Creating model cache for 37 durations
Searching 13155 data points, 256 periods from 1.379 to 12.086 days
Using 1 of 8 CPU threads
Searching for best T0 for period 1.62108 days
Transit Least Squares TLS 1.32 (5 Apr 2024)
Creating model cache for 37 durations
Searching 13681 data points, 759 periods from 0.548 to 11.522 days
Using 1 of 8 CPU threads
Searching for best T0 for period 1.18697 days
Transit Least Squares TLS 1.32 (5 Apr 2024)
Creating model cache for 37 durations
Searching 14496 data points, 250 periods from 1.367 to 11.768 days
Using 1 of 8 CPU threads
Searching for best T0 for period 6.70085 days
Transit Least Squares TLS 1.32 (5 Apr 2024)
Creating model cache for 38 durations
Searching 18291 data points, 594 periods from 0.778 to 13.348 days
Using 1 of 8 CPU threads
Searching for best T0 for period 11.95973 days
Transit Least Squares TLS 1.32 (5 Apr 2024)
Creating model cache for 37 durations
Searching 13795 data points, 231 periods from 1.5 to 12.156 days
Using 1 of 8 CPU threads
Searching for best T0 for period 2.77627 days
Transit Least Squares TLS 1.32 (5 Apr 2024)
Creating model cache for 38 durations
Searching 17670 data points, 235 periods from 1.696 to 13.94 days
Using 1 of 8 CPU threads
Searching for best T0 for period 2.64734 days
Transit Least Squares TLS 1.32 (5 Apr 2024)
Creating model cache for 37 durations
Searching 15261 data points, 106 periods from 2.562 to 11.922 days
Using 1 of 8 CPU threads
Searching for best T0 for period 2.56243 days
Transit Least Squares TLS 1.32 (5 Apr 2024)
Creating model cache for 38 durations
Searching 12874 data points, 237 periods from 1.696 to 14.031 days
Using 1 of 8 CPU threads
Searching for best T0 for period 2.20325 days
Transit Least Squares TLS 1.32 (5 Apr 2024)
Creating model cache for 37 durations
Searching 13780 data points, 710 periods from 0.6 to 11.947 days
Using 1 of 8 CPU threads
Searching for best T0 for period 0.94302 days
Transit Least Squares TLS 1.32 (5 Apr 2024)
Creating model cache for 38 durations
Searching 18726 data points, 405 periods from 1.103 to 13.849 days
Using 1 of 8 CPU threads
Searching for best T0 for period 1.59456 days
Transit Least Squares TLS 1.32 (5 Apr 2024)
Creating model cache for 37 durations
Searching 12572 data points, 586 periods from 0.683 to 11.588 days
Using 1 of 8 CPU threads
Searching for best T0 for period 0.86663 days
Transit Least Squares TLS 1.32 (5 Apr 2024)
Creating model cache for 37 durations
Searching 11698 data points, 866 periods from 0.48 to 11.274 days
Using 1 of 8 CPU threads
Searching for best T0 for period 0.80345 days
Transit Least Squares TLS 1.32 (5 Apr 2024)
Creating model cache for 37 durations
Searching 12622 data points, 647 periods from 0.6 to 11.051 days
Using 1 of 8 CPU threads
Searching for best T0 for period 10.72073 days
Transit Least Squares TLS 1.32 (5 Apr 2024)
Creating model cache for 37 durations
Searching 12965 data points, 716 periods from 0.601 to 12.033 days
Using 1 of 8 CPU threads
Searching for best T0 for period 5.95872 days
Transit Least Squares TLS 1.32 (5 Apr 2024)
Creating model cache for 38 durations
Searching 13803 data points, 256 periods from 1.523 to 13.352 days
Using 1 of 8 CPU threads
Searching for best T0 for period 5.32928 days
Transit Least Squares TLS 1.32 (5 Apr 2024)
Creating model cache for 37 durations
Searching 14337 data points, 227 periods from 1.526 to 12.219 days
Using 1 of 8 CPU threads
Searching for best T0 for period 6.85396 days
Transit Least Squares TLS 1.32 (5 Apr 2024)
Creating model cache for 36 durations
Searching 14685 data points, 1498 periods from 0.288 to 10.886 days
Using 1 of 8 CPU threads
Searching for best T0 for period 3.52616 days
Transit Least Squares TLS 1.32 (5 Apr 2024)
Creating model cache for 37 durations
Searching 13826 data points, 312 periods from 1.191 to 12.176 days
Using 1 of 8 CPU threads
Searching for best T0 for period 8.83416 days
Transit Least Squares TLS 1.32 (5 Apr 2024)
Creating model cache for 38 durations
Searching 18208 data points, 606 periods from 0.8 to 13.94 days
Using 1 of 8 CPU threads
Searching for best T0 for period 5.66323 days
Transit Least Squares TLS 1.32 (5 Apr 2024)
Creating model cache for 38 durations
Searching 18422 data points, 815 periods from 0.601 to 13.425 days
Using 1 of 8 CPU threads
Searching for best T0 for period 1.32365 days
Transit Least Squares TLS 1.32 (5 Apr 2024)
Creating model cache for 38 durations
Searching 11763 data points, 2553 periods from 0.602 to 13.94 days
Using 1 of 8 CPU threads
Searching for best T0 for period 2.69745 days
Transit Least Squares TLS 1.32 (5 Apr 2024)
Creating model cache for 37 durations
Searching 14075 data points, 341 periods from 1.145 to 12.529 days
Using 1 of 8 CPU threads
Searching for best T0 for period 1.28882 days
Transit Least Squares TLS 1.32 (5 Apr 2024)
Creating model cache for 37 durations
Searching 14723 data points, 267 periods from 1.339 to 12.141 days
Using 1 of 8 CPU threads
Searching for best T0 for period 2.51767 days
Transit Least Squares TLS 1.32 (5 Apr 2024)
Creating model cache for 38 durations
Searching 16171 data points, 375 periods from 1.102 to 13.021 days
Using 1 of 8 CPU threads
Searching for best T0 for period 9.90068 days
Transit Least Squares TLS 1.32 (5 Apr 2024)
Creating model cache for 38 durations
Searching 18277 data points, 852 periods from 0.601 to 13.94 days
Using 1 of 8 CPU threads
Searching for best T0 for period 11.60245 days
Transit Least Squares TLS 1.32 (5 Apr 2024)
Creating model cache for 38 durations
Searching 17605 data points, 1061 periods from 0.463 to 12.947 days
Using 1 of 8 CPU threads
Searching for best T0 for period 12.94729 days
Transit Least Squares TLS 1.32 (5 Apr 2024)
Creating model cache for 37 durations
Searching 13894 data points, 104 periods from 2.495 to 11.451 days
Using 1 of 8 CPU threads
Searching for best T0 for period 3.85971 days
Transit Least Squares TLS 1.32 (5 Apr 2024)
Creating model cache for 38 durations
Searching 18626 data points, 2046 periods from 0.279 to 13.885 days
Using 1 of 8 CPU threads
Searching for best T0 for period 3.19331 days
Transit Least Squares TLS 1.32 (5 Apr 2024)
/Library/Frameworks/Python.framework/Versions/3.11/lib/python3.11/site-packages/transitleastsquares/grid.py:149: UserWarning: period_grid defaults to R_star=1 and M_star=1 as given density yielded grid with too few values
  warnings.warn(
/Library/Frameworks/Python.framework/Versions/3.11/lib/python3.11/site-packages/transitleastsquares/main.py:411: UserWarning: 5 of 13 transits without data. The true period may be twice the given period.
  warnings.warn(text)
/Library/Frameworks/Python.framework/Versions/3.11/lib/python3.11/site-packages/transitleastsquares/grid.py:149: UserWarning: period_grid defaults to R_star=1 and M_star=1 as given density yielded grid with too few values
  warnings.warn(
Transit Least Squares TLS 1.32 (5 Apr 2024)
Creating model cache for 37 durations
Searching 13936 data points, 1648 periods from 0.294 to 12.045 days
Using 1 of 8 CPU threads
Searching for best T0 for period 0.87691 days
Transit Least Squares TLS 1.32 (5 Apr 2024)
Creating model cache for 38 durations
Searching 14415 data points, 2334 periods from 0.601 to 12.919 days
Using 1 of 8 CPU threads
Searching for best T0 for period 7.06603 days
Transit Least Squares TLS 1.32 (5 Apr 2024)
Creating model cache for 38 durations
Searching 19533 data points, 208 periods from 1.883 to 14.1 days
Using 1 of 8 CPU threads
Searching for best T0 for period 4.22467 days
Transit Least Squares TLS 1.32 (5 Apr 2024)
Creating model cache for 37 durations
Searching 965 data points, 2062 periods from 0.602 to 11.646 days
Using 1 of 8 CPU threads
Searching for best T0 for period 0.84613 days
Transit Least Squares TLS 1.32 (5 Apr 2024)
Creating model cache for 37 durations
Searching 15725 data points, 1588 periods from 0.308 to 12.228 days
Using 1 of 8 CPU threads
Searching for best T0 for period 2.59640 days
Transit Least Squares TLS 1.32 (5 Apr 2024)
Creating model cache for 36 durations
Searching 12974 data points, 343 periods from 0.921 to 10.133 days
Using 1 of 8 CPU threads
Searching for best T0 for period 1.22903 days
Transit Least Squares TLS 1.32 (5 Apr 2024)
Creating model cache for 37 durations
Searching 13268 data points, 2143 periods from 0.602 to 12.027 days
Using 1 of 8 CPU threads
Searching for best T0 for period 6.97298 days
Transit Least Squares TLS 1.32 (5 Apr 2024)
Creating model cache for 37 durations
Searching 16457 data points, 195 periods from 1.751 to 12.509 days
Using 1 of 8 CPU threads
Searching for best T0 for period 1.97664 days
Transit Least Squares TLS 1.32 (5 Apr 2024)
Creating model cache for 37 durations
Searching 859 data points, 346 periods from 1.037 to 11.489 days
Using 1 of 8 CPU threads
Searching for best T0 for period 6.96135 days
Transit Least Squares TLS 1.32 (5 Apr 2024)
Creating model cache for 38 durations
Searching 14742 data points, 768 periods from 0.602 to 12.772 days
Using 1 of 8 CPU threads
Searching for best T0 for period 1.11088 days
Transit Least Squares TLS 1.32 (5 Apr 2024)
Creating model cache for 37 durations
Searching 961 data points, 444 periods from 0.861 to 11.625 days
Using 1 of 8 CPU threads
Searching for best T0 for period 6.04925 days
Transit Least Squares TLS 1.32 (5 Apr 2024)
Creating model cache for 38 durations
Searching 1184 data points, 684 periods from 0.721 to 13.906 days
Using 1 of 8 CPU threads
Searching for best T0 for period 0.90624 days
Transit Least Squares TLS 1.32 (5 Apr 2024)
Creating model cache for 37 durations
Searching 10985 data points, 1715 periods from 0.272 to 11.579 days
Using 1 of 8 CPU threads
Searching for best T0 for period 1.23524 days
Transit Least Squares TLS 1.32 (5 Apr 2024)
Creating model cache for 37 durations
Searching 15114 data points, 106 periods from 2.598 to 12.074 days
Using 1 of 8 CPU threads
Searching for best T0 for period 12.07382 days
Transit Least Squares TLS 1.32 (5 Apr 2024)
Creating model cache for 38 durations
Searching 19020 data points, 2467 periods from 0.601 to 13.539 days
Using 1 of 8 CPU threads
Searching for best T0 for period 9.71851 days
Transit Least Squares TLS 1.32 (5 Apr 2024)
Creating model cache for 37 durations
Searching 859 data points, 346 periods from 1.037 to 11.489 days
Using 1 of 8 CPU threads
Searching for best T0 for period 4.60379 days
Transit Least Squares TLS 1.32 (5 Apr 2024)
Creating model cache for 38 durations
Searching 17991 data points, 495 periods from 0.974 to 14.38 days
Using 1 of 8 CPU threads
Searching for best T0 for period 1.38356 days
Transit Least Squares TLS 1.32 (5 Apr 2024)
Creating model cache for 37 durations
Searching 15779 data points, 348 periods from 1.082 to 12.045 days
Using 1 of 8 CPU threads
Searching for best T0 for period 7.05133 days
Transit Least Squares TLS 1.32 (5 Apr 2024)
Creating model cache for 38 durations
Searching 10799 data points, 276 periods from 1.421 to 13.224 days
Using 1 of 8 CPU threads
Searching for best T0 for period 2.53587 days
Transit Least Squares TLS 1.32 (5 Apr 2024)
Creating model cache for 37 durations
Searching 16407 data points, 746 periods from 0.601 to 12.458 days
Using 1 of 8 CPU threads
Searching for best T0 for period 2.12888 days
Transit Least Squares TLS 1.32 (5 Apr 2024)
Creating model cache for 37 durations
Searching 13407 data points, 2171 periods from 0.601 to 12.157 days
Using 1 of 8 CPU threads
Searching for best T0 for period 0.96798 days
Transit Least Squares TLS 1.32 (5 Apr 2024)
Creating model cache for 37 durations
Searching 13957 data points, 291 periods from 1.257 to 12.181 days
Using 1 of 8 CPU threads
Searching for best T0 for period 4.85132 days
Transit Least Squares TLS 1.32 (5 Apr 2024)
Creating model cache for 36 durations
Searching 12127 data points, 536 periods from 0.691 to 10.893 days
Using 1 of 8 CPU threads
Searching for best T0 for period 0.97752 days
Transit Least Squares TLS 1.32 (5 Apr 2024)
Creating model cache for 37 durations
Searching 16906 data points, 750 periods from 0.601 to 12.514 days
Using 1 of 8 CPU threads
Searching for best T0 for period 1.81057 days
Transit Least Squares TLS 1.32 (5 Apr 2024)
Creating model cache for 38 durations
Searching 17166 data points, 237 periods from 1.687 to 13.94 days
Using 1 of 8 CPU threads
Searching for best T0 for period 3.18171 days
Transit Least Squares TLS 1.32 (5 Apr 2024)
Creating model cache for 38 durations
Searching 12468 data points, 616 periods from 0.759 to 13.425 days
Using 1 of 8 CPU threads
Searching for best T0 for period 3.00294 days
Transit Least Squares TLS 1.32 (5 Apr 2024)
Creating model cache for 37 durations
Searching 15973 data points, 309 periods from 1.193 to 12.094 days
Using 1 of 8 CPU threads
Searching for best T0 for period 2.09594 days
Transit Least Squares TLS 1.32 (5 Apr 2024)
Creating model cache for 37 durations
Searching 9834 data points, 257 periods from 1.427 to 12.543 days
Using 1 of 8 CPU threads
Searching for best T0 for period 2.61884 days
Transit Least Squares TLS 1.32 (5 Apr 2024)
Creating model cache for 38 durations
Searching 18320 data points, 155 periods from 2.194 to 13.295 days
Using 1 of 8 CPU threads
Searching for best T0 for period 7.84154 days
Transit Least Squares TLS 1.32 (5 Apr 2024)
Creating model cache for 37 durations
Searching 12975 data points, 716 periods from 0.601 to 12.04 days
Using 1 of 8 CPU threads
Searching for best T0 for period 3.19221 days
Transit Least Squares TLS 1.32 (5 Apr 2024)
Creating model cache for 38 durations
Searching 1184 data points, 530 periods from 0.891 to 13.906 days
Using 1 of 8 CPU threads
Searching for best T0 for period 2.44596 days
Transit Least Squares TLS 1.32 (5 Apr 2024)
Creating model cache for 37 durations
Searching 1050 data points, 306 periods from 1.2 to 12.094 days
Using 1 of 8 CPU threads
Searching for best T0 for period 5.85084 days
Transit Least Squares TLS 1.32 (5 Apr 2024)
Creating model cache for 37 durations
Searching 14709 data points, 490 periods from 0.8 to 11.709 days
Using 1 of 8 CPU threads
Searching for best T0 for period 6.56152 days
Transit Least Squares TLS 1.32 (5 Apr 2024)
Creating model cache for 38 durations
Searching 17989 data points, 884 periods from 0.601 to 14.38 days
Using 1 of 8 CPU threads
Searching for best T0 for period 1.60171 days
Transit Least Squares TLS 1.32 (5 Apr 2024)
Creating model cache for 37 durations
Searching 13826 data points, 312 periods from 1.191 to 12.176 days
Using 1 of 8 CPU threads
Searching for best T0 for period 1.51167 days
Transit Least Squares TLS 1.32 (5 Apr 2024)
Creating model cache for 38 durations
Searching 17165 data points, 2322 periods from 0.601 to 12.863 days
Using 1 of 8 CPU threads
Searching for best T0 for period 1.17373 days
Transit Least Squares TLS 1.32 (5 Apr 2024)
Creating model cache for 38 durations
Searching 18300 data points, 835 periods from 0.601 to 13.703 days
Using 1 of 8 CPU threads
Searching for best T0 for period 4.38343 days
Transit Least Squares TLS 1.32 (5 Apr 2024)
Transit Least Squares TLS 1.32 (5 Apr 2024)
Creating model cache for 38 durations
Searching 12874 data points, 1675 periods from 0.337 to 14.031 days
Using 1 of 8 CPU threads
Searching for best T0 for period 3.84806 days
Transit Least Squares TLS 1.32 (5 Apr 2024)
Creating model cache for 38 durations
Searching 14758 data points, 3018 periods from 0.182 to 12.785 days
Using 1 of 8 CPU threads
Searching for best T0 for period 2.49080 days
Transit Least Squares TLS 1.32 (5 Apr 2024)
Creating model cache for 38 durations
Searching 1158 data points, 187 periods from 1.935 to 13.396 days
Using 1 of 8 CPU threads
Searching for best T0 for period 12.82515 days
Transit Least Squares TLS 1.32 (5 Apr 2024)
Creating model cache for 38 durations
Searching 17042 data points, 1473 periods from 0.345 to 12.812 days
Using 1 of 8 CPU threads
Searching for best T0 for period 7.80805 days
Transit Least Squares TLS 1.32 (5 Apr 2024)
Creating model cache for 38 durations
Searching 18279 data points, 1344 periods from 0.406 to 13.94 days
Using 1 of 8 CPU threads
Searching for best T0 for period 5.14941 days
Transit Least Squares TLS 1.32 (5 Apr 2024)
Creating model cache for 38 durations
Searching 19610 data points, 218 periods from 1.793 to 13.94 days
Using 1 of 8 CPU threads
Searching for best T0 for period 2.33614 days
Transit Least Squares TLS 1.32 (5 Apr 2024)
Creating model cache for 37 durations
Searching 16917 data points, 100 periods from 2.794 to 12.517 days
Using 1 of 8 CPU threads
Searching for best T0 for period 4.26005 days
Transit Least Squares TLS 1.32 (5 Apr 2024)
Creating model cache for 37 durations
Searching 859 data points, 346 periods from 1.037 to 11.489 days
Using 1 of 8 CPU threads
Searching for best T0 for period 4.60379 days
Transit Least Squares TLS 1.32 (5 Apr 2024)
Creating model cache for 37 durations
Searching 15515 data points, 212 periods from 1.572 to 11.954 days
Using 1 of 8 CPU threads
Searching for best T0 for period 3.71512 days
Transit Least Squares TLS 1.32 (5 Apr 2024)
Creating model cache for 37 durations
Searching 15468 data points, 346 periods from 1.113 to 12.336 days
Using 1 of 8 CPU threads
Searching for best T0 for period 2.36509 days
Transit Least Squares TLS 1.32 (5 Apr 2024)
Creating model cache for 37 durations
Searching 3319 data points, 1264 periods from 0.391 to 12.708 days
Using 1 of 8 CPU threads
Searching for best T0 for period 6.56217 days
Transit Least Squares TLS 1.32 (5 Apr 2024)
Creating model cache for 38 durations
Searching 18137 data points, 626 periods from 0.722 to 12.926 days
Using 1 of 8 CPU threads
Searching for best T0 for period 2.53422 days
Transit Least Squares TLS 1.32 (5 Apr 2024)
Creating model cache for 38 durations
Searching 18880 data points, 826 periods from 0.601 to 13.581 days
Using 1 of 8 CPU threads
Searching for best T0 for period 2.63046 days
Transit Least Squares TLS 1.32 (5 Apr 2024)
Creating model cache for 38 durations
Searching 18424 data points, 815 periods from 0.601 to 13.425 days
Using 1 of 8 CPU threads
Searching for best T0 for period 0.86921 days
Transit Least Squares TLS 1.32 (5 Apr 2024)
Creating model cache for 36 durations
Searching 14685 data points, 1498 periods from 0.288 to 10.886 days
Using 1 of 8 CPU threads
Searching for best T0 for period 3.52616 days
Transit Least Squares TLS 1.32 (5 Apr 2024)
Creating model cache for 37 durations
Searching 14470 data points, 741 periods from 0.6 to 12.383 days
Using 1 of 8 CPU threads
Searching for best T0 for period 5.77388 days
Transit Least Squares TLS 1.32 (5 Apr 2024)
Creating model cache for 37 durations
Searching 16994 data points, 539 periods from 0.789 to 12.491 days
Using 1 of 8 CPU threads
Searching for best T0 for period 3.01115 days
Transit Least Squares TLS 1.32 (5 Apr 2024)
Creating model cache for 37 durations
Searching 16027 data points, 732 periods from 0.601 to 12.259 days
Using 1 of 8 CPU threads
Searching for best T0 for period 1.83954 days
Transit Least Squares TLS 1.32 (5 Apr 2024)
Creating model cache for 38 durations
Searching 14826 data points, 771 periods from 0.601 to 12.808 days
Using 1 of 8 CPU threads
Searching for best T0 for period 0.69489 days
Transit Least Squares TLS 1.32 (5 Apr 2024)
Creating model cache for 37 durations
Searching 13664 data points, 1773 periods from 0.276 to 12.063 days
Using 1 of 8 CPU threads
Searching for best T0 for period 1.33288 days
Transit Least Squares TLS 1.32 (5 Apr 2024)
Creating model cache for 37 durations
Searching 13557 data points, 132 periods from 2.184 to 11.776 days
Using 1 of 8 CPU threads
Searching for best T0 for period 4.90153 days
Transit Least Squares TLS 1.32 (5 Apr 2024)
Creating model cache for 38 durations
Searching 13713 data points, 1852 periods from 0.294 to 13.352 days
Using 1 of 8 CPU threads
Searching for best T0 for period 1.95636 days
Transit Least Squares TLS 1.32 (5 Apr 2024)
Creating model cache for 38 durations
Searching 18604 data points, 672 periods from 0.703 to 13.352 days
Using 1 of 8 CPU threads
Searching for best T0 for period 3.99894 days
Transit Least Squares TLS 1.32 (5 Apr 2024)
Creating model cache for 37 durations
Searching 3234 data points, 215 periods from 1.577 to 12.147 days
Using 1 of 8 CPU threads
Searching for best T0 for period 5.40623 days
Transit Least Squares TLS 1.32 (5 Apr 2024)
Creating model cache for 38 durations
Searching 17574 data points, 413 periods from 1.074 to 13.703 days
Using 1 of 8 CPU threads
Searching for best T0 for period 4.54536 days
Transit Least Squares TLS 1.32 (5 Apr 2024)
Creating model cache for 37 durations
Searching 16749 data points, 604 periods from 0.703 to 12.22 days
Using 1 of 8 CPU threads
Searching for best T0 for period 1.25315 days
Transit Least Squares TLS 1.32 (5 Apr 2024)
Creating model cache for 37 durations
Searching 16516 data points, 240 periods from 1.471 to 12.295 days
Using 1 of 8 CPU threads
Searching for best T0 for period 1.60015 days
Transit Least Squares TLS 1.32 (5 Apr 2024)
Creating model cache for 38 durations
Searching 16810 data points, 832 periods from 0.579 to 13.17 days
Using 1 of 8 CPU threads
Searching for best T0 for period 3.38026 days
Transit Least Squares TLS 1.32 (5 Apr 2024)
Creating model cache for 38 durations
Searching 19333 data points, 120 periods from 2.761 to 13.973 days
Using 1 of 8 CPU threads
Searching for best T0 for period 4.19054 days
Transit Least Squares TLS 1.32 (5 Apr 2024)
Creating model cache for 38 durations
Searching 10786 data points, 884 periods from 0.601 to 14.378 days
Using 1 of 8 CPU threads
Searching for best T0 for period 2.17045 days
Transit Least Squares TLS 1.32 (5 Apr 2024)
Creating model cache for 38 durations
Searching 18258 data points, 1130 periods from 0.455 to 13.425 days
Using 1 of 8 CPU threads
Searching for best T0 for period 0.79922 days
Transit Least Squares TLS 1.32 (5 Apr 2024)
Creating model cache for 37 durations
Searching 811 data points, 119 periods from 2.387 to 11.99 days
Using 1 of 8 CPU threads
Searching for best T0 for period 3.26081 days
Transit Least Squares TLS 1.32 (5 Apr 2024)
Creating model cache for 37 durations
Searching 13031 data points, 719 periods from 0.601 to 12.079 days
Using 1 of 8 CPU threads
Searching for best T0 for period 9.18062 days
Transit Least Squares TLS 1.32 (5 Apr 2024)
Creating model cache for 37 durations
Searching 11700 data points, 662 periods from 0.601 to 11.273 days
Using 1 of 8 CPU threads
Searching for best T0 for period 5.72830 days
Transit Least Squares TLS 1.32 (5 Apr 2024)
Creating model cache for 38 durations
Searching 12874 data points, 237 periods from 1.696 to 14.031 days
Using 1 of 8 CPU threads
Searching for best T0 for period 2.29861 days
Transit Least Squares TLS 1.32 (5 Apr 2024)
Creating model cache for 38 durations
Searching 17991 data points, 226 periods from 1.805 to 14.38 days
Using 1 of 8 CPU threads
Searching for best T0 for period 2.38501 days
Transit Least Squares TLS 1.32 (5 Apr 2024)
Creating model cache for 38 durations
Searching 15480 data points, 519 periods from 0.85 to 13.04 days
Using 1 of 8 CPU threads
Searching for best T0 for period 5.33793 days
Transit Least Squares TLS 1.32 (5 Apr 2024)
/Library/Frameworks/Python.framework/Versions/3.11/lib/python3.11/site-packages/transitleastsquares/grid.py:149: UserWarning: period_grid defaults to R_star=1 and M_star=1 as given density yielded grid with too few values
  warnings.warn(
/Library/Frameworks/Python.framework/Versions/3.11/lib/python3.11/site-packages/transitleastsquares/stats.py:458: RuntimeWarning: divide by zero encountered in scalar divide
  snr_pink_per_transit[i] = (1 - mean_flux) / pinknoise
  [260/1600] done (3056s elapsed, ~15748s remaining, 142/260 usable so far)
/Library/Frameworks/Python.framework/Versions/3.11/lib/python3.11/site-packages/transitleastsquares/main.py:411: UserWarning: 3 of 4 transits without data. The true period may be twice the given period.
  warnings.warn(text)
/Library/Frameworks/Python.framework/Versions/3.11/lib/python3.11/site-packages/transitleastsquares/main.py:411: UserWarning: 7 of 20 transits without data. The true period may be twice the given period.
  warnings.warn(text)
/Library/Frameworks/Python.framework/Versions/3.11/lib/python3.11/site-packages/transitleastsquares/main.py:411: UserWarning: 5 of 11 transits without data. The true period may be twice the given period.
  warnings.warn(text)
/Library/Frameworks/Python.framework/Versions/3.11/lib/python3.11/site-packages/transitleastsquares/main.py:411: UserWarning: 3 of 7 transits without data. The true period may be twice the given period.
  warnings.warn(text)
/Library/Frameworks/Python.framework/Versions/3.11/lib/python3.11/site-packages/transitleastsquares/grid.py:149: UserWarning: period_grid defaults to R_star=1 and M_star=1 as given density yielded grid with too few values
  warnings.warn(
/Library/Frameworks/Python.framework/Versions/3.11/lib/python3.11/site-packages/transitleastsquares/main.py:411: UserWarning: 2 of 5 transits without data. The true period may be twice the given period.
  warnings.warn(text)
  [280/1600] done (3216s elapsed, ~15159s remaining, 153/280 usable so far)
Transit Least Squares TLS 1.32 (5 Apr 2024)
Creating model cache for 38 durations
Searching 18494 data points, 833 periods from 0.601 to 13.673 days
Using 1 of 8 CPU threads
Searching for best T0 for period 0.60794 days
Transit Least Squares TLS 1.32 (5 Apr 2024)
Creating model cache for 37 durations
Searching 15284 data points, 274 periods from 1.293 to 11.955 days
Using 1 of 8 CPU threads
Searching for best T0 for period 1.44514 days
Transit Least Squares TLS 1.32 (5 Apr 2024)
Creating model cache for 38 durations
Searching 11629 data points, 2536 periods from 0.601 to 13.858 days
Using 1 of 8 CPU threads
Searching for best T0 for period 0.67136 days
Transit Least Squares TLS 1.32 (5 Apr 2024)
Creating model cache for 37 durations
Searching 15988 data points, 328 periods from 1.16 to 12.314 days
Using 1 of 8 CPU threads
Searching for best T0 for period 5.02700 days
Transit Least Squares TLS 1.32 (5 Apr 2024)
Creating model cache for 37 durations
Searching 15443 data points, 1175 periods from 0.391 to 11.926 days
Using 1 of 8 CPU threads
Searching for best T0 for period 11.86179 days
Transit Least Squares TLS 1.32 (5 Apr 2024)
Creating model cache for 38 durations
Searching 12874 data points, 801 periods from 0.637 to 14.031 days
Using 1 of 8 CPU threads
Searching for best T0 for period 2.04897 days
Transit Least Squares TLS 1.32 (5 Apr 2024)
Creating model cache for 38 durations
Searching 17166 data points, 237 periods from 1.687 to 13.94 days
Using 1 of 8 CPU threads
Searching for best T0 for period 2.00366 days
Transit Least Squares TLS 1.32 (5 Apr 2024)
Creating model cache for 37 durations
Searching 1098 data points, 165 periods from 1.973 to 12.51 days
Using 1 of 8 CPU threads
Searching for best T0 for period 4.31977 days
Transit Least Squares TLS 1.32 (5 Apr 2024)
Creating model cache for 37 durations
Searching 13795 data points, 231 periods from 1.5 to 12.156 days
Using 1 of 8 CPU threads
Searching for best T0 for period 2.77627 days
Transit Least Squares TLS 1.32 (5 Apr 2024)
Creating model cache for 38 durations
Searching 17457 data points, 212 periods from 1.7 to 12.92 days
Using 1 of 8 CPU threads
Searching for best T0 for period 2.80521 days
Transit Least Squares TLS 1.32 (5 Apr 2024)
Creating model cache for 37 durations
Searching 15327 data points, 746 periods from 0.583 to 12.089 days
Using 1 of 8 CPU threads
Searching for best T0 for period 3.68883 days
Transit Least Squares TLS 1.32 (5 Apr 2024)
Creating model cache for 37 durations
Searching 10046 data points, 201 periods from 1.73 to 12.665 days
Using 1 of 8 CPU threads
Searching for best T0 for period 1.76823 days
Transit Least Squares TLS 1.32 (5 Apr 2024)
Creating model cache for 37 durations
Searching 14470 data points, 741 periods from 0.6 to 12.383 days
Using 1 of 8 CPU threads
Searching for best T0 for period 2.50282 days
Transit Least Squares TLS 1.32 (5 Apr 2024)
Creating model cache for 37 durations
Searching 15610 data points, 181 periods from 1.767 to 11.978 days
Using 1 of 8 CPU threads
Searching for best T0 for period 3.18321 days
Transit Least Squares TLS 1.32 (5 Apr 2024)
Creating model cache for 38 durations
Searching 19609 data points, 2588 periods from 0.601 to 14.1 days
Using 1 of 8 CPU threads
Searching for best T0 for period 5.80741 days
Transit Least Squares TLS 1.32 (5 Apr 2024)
Creating model cache for 38 durations
Searching 18423 data points, 1107 periods from 0.463 to 13.425 days
Using 1 of 8 CPU threads
Searching for best T0 for period 2.13685 days
Transit Least Squares TLS 1.32 (5 Apr 2024)
Creating model cache for 38 durations
Searching 14541 data points, 1649 periods from 0.33 to 13.539 days
Using 1 of 8 CPU threads
Searching for best T0 for period 1.08014 days
Transit Least Squares TLS 1.32 (5 Apr 2024)
Creating model cache for 37 durations
Searching 14562 data points, 506 periods from 0.786 to 11.818 days
Using 1 of 8 CPU threads
Searching for best T0 for period 2.66735 days
Transit Least Squares TLS 1.32 (5 Apr 2024)
Creating model cache for 38 durations
Searching 18286 data points, 1466 periods from 0.375 to 13.886 days
Using 1 of 8 CPU threads
Searching for best T0 for period 1.06286 days
Transit Least Squares TLS 1.32 (5 Apr 2024)
Creating model cache for 37 durations
Searching 986 data points, 130 periods from 2.198 to 11.75 days
Using 1 of 8 CPU threads
Searching for best T0 for period 7.47942 days
Transit Least Squares TLS 1.32 (5 Apr 2024)
Creating model cache for 37 durations
Searching 13795 data points, 231 periods from 1.5 to 12.156 days
Using 1 of 8 CPU threads
Searching for best T0 for period 2.77627 days
Transit Least Squares TLS 1.32 (5 Apr 2024)
Creating model cache for 38 durations
Searching 15176 data points, 826 periods from 0.601 to 13.582 days
Using 1 of 8 CPU threads
Searching for best T0 for period 0.66495 days
Transit Least Squares TLS 1.32 (5 Apr 2024)
Creating model cache for 38 durations
Searching 18658 data points, 425 periods from 1.048 to 13.673 days
Using 1 of 8 CPU threads
Searching for best T0 for period 1.09214 days
Transit Least Squares TLS 1.32 (5 Apr 2024)
Creating model cache for 38 durations
Searching 19444 data points, 107 periods from 2.975 to 13.94 days
Using 1 of 8 CPU threads
Searching for best T0 for period 8.66984 days
Transit Least Squares TLS 1.32 (5 Apr 2024)
Creating model cache for 38 durations
Searching 18321 data points, 146 periods from 2.288 to 13.294 days
Using 1 of 8 CPU threads
Searching for best T0 for period 7.73085 days
Transit Least Squares TLS 1.32 (5 Apr 2024)
Creating model cache for 38 durations
Searching 19501 data points, 109 periods from 2.969 to 14.1 days
Using 1 of 8 CPU threads
Searching for best T0 for period 5.31174 days
Transit Least Squares TLS 1.32 (5 Apr 2024)
Creating model cache for 38 durations
Searching 19516 data points, 190 periods from 2.01 to 14.1 days
Using 1 of 8 CPU threads
Searching for best T0 for period 3.50706 days
Transit Least Squares TLS 1.32 (5 Apr 2024)
Creating model cache for 37 durations
Searching 14602 data points, 766 periods from 0.601 to 12.736 days
Using 1 of 8 CPU threads
Searching for best T0 for period 7.56764 days
Transit Least Squares TLS 1.32 (5 Apr 2024)
Creating model cache for 38 durations
Searching 19025 data points, 284 periods from 1.426 to 13.539 days
Using 1 of 8 CPU threads
Searching for best T0 for period 2.76064 days
Transit Least Squares TLS 1.32 (5 Apr 2024)
Creating model cache for 37 durations
Searching 14106 data points, 173 periods from 1.915 to 12.545 days
Using 1 of 8 CPU threads
Searching for best T0 for period 8.31591 days
Transit Least Squares TLS 1.32 (5 Apr 2024)
Creating model cache for 38 durations
Searching 17045 data points, 2242 periods from 0.239 to 12.881 days
Using 1 of 8 CPU threads
Searching for best T0 for period 0.33992 days
Transit Least Squares TLS 1.32 (5 Apr 2024)
Creating model cache for 38 durations
Searching 17456 data points, 142 periods from 2.275 to 12.92 days
Using 1 of 8 CPU threads
Searching for best T0 for period 5.51442 days
Transit Least Squares TLS 1.32 (5 Apr 2024)
Creating model cache for 37 durations
Searching 15107 data points, 220 periods from 1.541 to 12.073 days
Using 1 of 8 CPU threads
Searching for best T0 for period 4.14846 days
Transit Least Squares TLS 1.32 (5 Apr 2024)
Creating model cache for 38 durations
Searching 14330 data points, 376 periods from 1.092 to 12.919 days
Using 1 of 8 CPU threads
Searching for best T0 for period 1.12654 days
Transit Least Squares TLS 1.32 (5 Apr 2024)
Creating model cache for 37 durations
Searching 14927 data points, 3621 periods from 0.146 to 12.129 days
Using 1 of 8 CPU threads
Searching for best T0 for period 7.68172 days
Transit Least Squares TLS 1.32 (5 Apr 2024)
Creating model cache for 38 durations
Searching 14989 data points, 2649 periods from 0.601 to 14.379 days
Using 1 of 8 CPU threads
Searching for best T0 for period 3.00260 days
Transit Least Squares TLS 1.32 (5 Apr 2024)
Creating model cache for 37 durations
Searching 12852 data points, 1100 periods from 0.414 to 11.948 days
Using 1 of 8 CPU threads
Searching for best T0 for period 4.81733 days
Transit Least Squares TLS 1.32 (5 Apr 2024)
Creating model cache for/Library/Frameworks/Python.framework/Versions/3.11/lib/python3.11/site-packages/transitleastsquares/main.py:411: UserWarning: 1 of 3 transits without data. The true period may be twice the given period.
  warnings.warn(text)
/Library/Frameworks/Python.framework/Versions/3.11/lib/python3.11/site-packages/transitleastsquares/grid.py:149: UserWarning: period_grid defaults to R_star=1 and M_star=1 as given density yielded grid with too few values
  warnings.warn(
/Library/Frameworks/Python.framework/Versions/3.11/lib/python3.11/site-packages/transitleastsquares/stats.py:458: RuntimeWarning: divide by zero encountered in scalar divide
  snr_pink_per_transit[i] = (1 - mean_flux) / pinknoise
/Library/Frameworks/Python.framework/Versions/3.11/lib/python3.11/site-packages/transitleastsquares/main.py:411: UserWarning: 1 of 3 transits without data. The true period may be twice the given period.
  warnings.warn(text)
/Library/Frameworks/Python.framework/Versions/3.11/lib/python3.11/site-packages/transitleastsquares/grid.py:149: UserWarning: period_grid defaults to R_star=1 and M_star=1 as given density yielded grid with too few values
  warnings.warn(
  [300/1600] done (3312s elapsed, ~14353s remaining, 166/300 usable so far)
/Library/Frameworks/Python.framework/Versions/3.11/lib/python3.11/site-packages/transitleastsquares/main.py:411: UserWarning: 1 of 3 transits without data. The true period may be twice the given period.
  warnings.warn(text)
/Library/Frameworks/Python.framework/Versions/3.11/lib/python3.11/site-packages/transitleastsquares/grid.py:149: UserWarning: period_grid defaults to R_star=1 and M_star=1 as given density yielded grid with too few values
  warnings.warn(
/Library/Frameworks/Python.framework/Versions/3.11/lib/python3.11/site-packages/transitleastsquares/main.py:411: UserWarning: 7 of 16 transits without data. The true period may be twice the given period.
  warnings.warn(text)
/Library/Frameworks/Python.framework/Versions/3.11/lib/python3.11/site-packages/transitleastsquares/grid.py:149: UserWarning: period_grid defaults to R_star=1 and M_star=1 as given density yielded grid with too few values
  warnings.warn(
/Library/Frameworks/Python.framework/Versions/3.11/lib/python3.11/site-packages/transitleastsquares/grid.py:149: UserWarning: period_grid defaults to R_star=1 and M_star=1 as given density yielded grid with too few values
  warnings.warn(
/Library/Frameworks/Python.framework/Versions/3.11/lib/python3.11/site-packages/transitleastsquares/grid.py:149: UserWarning: period_grid defaults to R_star=1 and M_star=1 as given density yielded grid with too few values
  warnings.warn(
  [320/1600] done (3410s elapsed, ~13641s remaining, 179/320 usable so far)
/Library/Frameworks/Python.framework/Versions/3.11/lib/python3.11/site-packages/transitleastsquares/grid.py:149: UserWarning: period_grid defaults to R_star=1 and M_star=1 as given density yielded grid with too few values
  warnings.warn(
/Library/Frameworks/Python.framework/Versions/3.11/lib/python3.11/site-packages/transitleastsquares/main.py:411: UserWarning: 3 of 6 transits without data. The true period may be twice the given period.
  warnings.warn(text)
/Library/Frameworks/Python.framework/Versions/3.11/lib/python3.11/site-packages/numpy/_core/_methods.py:219: RuntimeWarning: Degrees of freedom <= 0 for slice
  ret = _var(a, axis=axis, dtype=dtype, out=out, ddof=ddof,
/Library/Frameworks/Python.framework/Versions/3.11/lib/python3.11/site-packages/numpy/_core/_methods.py:178: RuntimeWarning: invalid value encountered in divide
  arrmean = um.true_divide(arrmean, div, out=arrmean,
/Library/Frameworks/Python.framework/Versions/3.11/lib/python3.11/site-packages/numpy/_core/_methods.py:211: RuntimeWarning: invalid value encountered in scalar divide
  ret = ret.dtype.type(ret / rcount)
/Library/Frameworks/Python.framework/Versions/3.11/lib/python3.11/site-packages/transitleastsquares/stats.py:458: RuntimeWarning: divide by zero encountered in scalar divide
  snr_pink_per_transit[i] = (1 - mean_flux) / pinknoise
Transit Least Squares TLS 1.32 (5 Apr 2024)
Creating model cache for 36 durations
Searching 12938 data points, 582 periods from 0.601 to 10.133 days
Using 1 of 8 CPU threads
Searching for best T0 for period 6.74425 days
Transit Least Squares TLS 1.32 (5 Apr 2024)
Creating model cache for 38 durations
Searching 12611 data points, 1411 periods from 0.375 to 13.425 days
Using 1 of 8 CPU threads
Searching for best T0 for period 7.60699 days
Transit Least Squares TLS 1.32 (5 Apr 2024)
Creating model cache for 37 durations
Searching 13407 data points, 2171 periods from 0.601 to 12.157 days
Using 1 of 8 CPU threads
Searching for best T0 for period 1.15088 days
Transit Least Squares TLS 1.32 (5 Apr 2024)
Creating model cache for 37 durations
Searching 16335 data points, 730 periods from 0.6 to 12.227 days
Using 1 of 8 CPU threads
Searching for best T0 for period 1.05141 days
Transit Least Squares TLS 1.32 (5 Apr 2024)
Creating model cache for 38 durations
Searching 16759 data points, 852 periods from 0.601 to 13.94 days
Using 1 of 8 CPU threads
Searching for best T0 for period 6.91499 days
Transit Least Squares TLS 1.32 (5 Apr 2024)
Creating model cache for 37 durations
Searching 13983 data points, 13612 periods from 0.04 to 11.454 days
Using 1 of 8 CPU threads
Searching for best T0 for period 8.26164 days
Transit Least Squares TLS 1.32 (5 Apr 2024)
Creating model cache for 36 durations
Searching 12127 data points, 536 periods from 0.691 to 10.893 days
Using 1 of 8 CPU threads
Searching for best T0 for period 0.69617 days
Transit Least Squares TLS 1.32 (5 Apr 2024)
Creating model cache for 37 durations
Searching 8292 data points, 2147 periods from 0.601 to 12.045 days
Using 1 of 8 CPU threads
Searching for best T0 for period 5.89967 days
Transit Least Squares TLS 1.32 (5 Apr 2024)
Creating model cache for 38 durations
Searching 18136 data points, 456 periods from 0.962 to 13.294 days
Using 1 of 8 CPU threads
Searching for best T0 for period 3.92741 days
Transit Least Squares TLS 1.32 (5 Apr 2024)
Creating model cache for 38 durations
Searching 19602 data points, 459 periods from 1.015 to 14.1 days
Using 1 of 8 CPU threads
Searching for best T0 for period 1.97365 days
Transit Least Squares TLS 1.32 (5 Apr 2024)
Creating model cache for 38 durations
Searching 18002 data points, 803 periods from 0.64 to 14.1 days
Using 1 of 8 CPU threads
Searching for best T0 for period 3.00142 days
Transit Least Squares TLS 1.32 (5 Apr 2024)
Creating model cache for 38 durations
Searching 18357 data points, 597 periods from 0.77 to 13.266 days
Using 1 of 8 CPU threads
Searching for best T0 for period 4.77098 days
Transit Least Squares TLS 1.32 (5 Apr 2024)
Creating model cache for 37 durations
Searching 816 data points, 678 periods from 0.628 to 12.021 days
Using 1 of 8 CPU threads
Searching for best T0 for period 0.89415 days
Transit Least Squares TLS 1.32 (5 Apr 2024)
Creating model cache for 37 durations
Searching 13940 data points, 176 periods from 1.894 to 12.547 days
Using 1 of 8 CPU threads
Searching for best T0 for period 10.23467 days
Transit Least Squares TLS 1.32 (5 Apr 2024)
Creating model cache for 37 durations
Searching 13524 data points, 750 periods from 0.548 to 11.408 days
Using 1 of 8 CPU threads
Searching for best T0 for period 2.15313 days
Transit Least Squares TLS 1.32 (5 Apr 2024)
Creating model cache for 37 durations
Searching 13157 data points, 819 periods from 0.539 to 12.085 days
Using 1 of 8 CPU threads
Searching for best T0 for period 0.62605 days
Transit Least Squares TLS 1.32 (5 Apr 2024)
Creating model cache for 38 durations
Searching 17827 data points, 435 periods from 1.049 to 13.94 days
Using 1 of 8 CPU threads
Searching for best T0 for period 4.80955 days
Transit Least Squares TLS 1.32 (5 Apr 2024)
Creating model cache for 38 durations
Searching 19022 data points, 823 periods from 0.601 to 13.539 days
Using 1 of 8 CPU threads
Searching for best T0 for period 2.65590 days
Transit Least Squares TLS 1.32 (5 Apr 2024)
Creating model cache for 37 durations
Searching 840 data points, 249 periods from 1.314 to 11.302 days
Using 1 of 8 CPU threads
Searching for best T0 for period 2.01033 days
Transit Least Squares TLS 1.32 (5 Apr 2024)
Creating model cache for 37 durations
Searching 14361 data points, 2126 periods from 0.602 to 11.947 days
Using 1 of 8 CPU threads
Searching for best T0 for period 6.54967 days
Transit Least Squares TLS 1.32 (5 Apr 2024)
Creating model cache for 38 durations
Searching 18939 data points, 265 periods from 1.53 to 13.796 days
Using 1 of 8 CPU threads
Searching for best T0 for period 2.29085 days
Transit Least Squares TLS 1.32 (5 Apr 2024)
Creating model cache for 36 durations
Searching 10441 data points, 933 periods from 0.433 to 10.857 days
Using 1 of 8 CPU threads
Searching for best T0 for period 2.23143 days
Transit Least Squares TLS 1.32 (5 Apr 2024)
Creating model cache for 37 durations
Searching 14709 data points, 490 periods from 0.8 to 11.709 days
Using 1 of 8 CPU threads
Searching for best T0 for period 0.97576 days
Transit Least Squares TLS 1.32 (5 Apr 2024)
Creating model cache for 38 durations
Searching 19249 data points, 2588 periods from 0.601 to 14.1 days
Using 1 of 8 CPU threads
Searching for best T0 for period 11.56215 days
Transit Least Squares TLS 1.32 (5 Apr 2024)
Creating model cache for 37 durations
Searching 981 data points, 329 periods from 1.133 to 12.083 days
Using 1 of 8 CPU threads
Searching for best T0 for period 2.04027 days
Transit Least Squares TLS 1.32 (5 Apr 2024)
Creating model cache for 37 durations
Searching 14664 data points, 476 periods from 0.851 to 12.167 days
Using 1 of 8 CPU threads
Searching for best T0 for period 6.66217 days
Transit Least Squares TLS 1.32 (5 Apr 2024)
Creating model cache for 37 durations
Searching 15193 data points, 667 periods from 0.635 to 11.989 days
Using 1 of 8 CPU threads
Searching for best T0 for period 8.09618 days
Transit Least Squares TLS 1.32 (5 Apr 2024)
Creating model cache for 38 durations
Searching 19607 data points, 201 periods from 1.926 to 14.1 days
Using 1 of 8 CPU threads
Searching for best T0 for period 2.51317 days
Transit Least Squares TLS 1.32 (5 Apr 2024)
Creating model cache for 37 durations
Searching 11701 data points, 175 periods from 1.858 to 12.288 days
Using 1 of 8 CPU threads
Searching for best T0 for period 3.40192 days
Transit Least Squares TLS 1.32 (5 Apr 2024)
Creating model cache for 36 durations
Searching 10938 data points, 1871 periods from 0.602 to 10.741 days
Using 1 of 8 CPU threads
Searching for best T0 for period 0.64921 days
Transit Least Squares TLS 1.32 (5 Apr 2024)
Creating model cache for 37 durations
Searching 824 data points, 2104 periods from 0.602 to 11.844 days
Using 1 of 8 CPU threads
Searching for best T0 for period 2.19360 days
Transit Least Squares TLS 1.32 (5 Apr 2024)
Creating model cache for 36 durations
Searching 12764 data points, 246 periods from 1.189 to 10.133 days
Using 1 of 8 CPU threads
Searching for best T0 for period 2.93984 days
Transit Least Squares TLS 1.32 (5 Apr 2024)
Creating model cache for 38 durations
Searching 14499 data points, 1148 periods from 0.438 to 13.115 days
Using 1 of 8 CPU threads
Searching for best T0 for period 1.75652 days
Transit Least Squares TLS 1.32 (5 Apr 2024)
Creating model cache for 38 durations
Searching 7213 data points, 122 periods from 2.622 to 13.423 days
Using 1 of 8 CPU threads
Searching for best T0 for period 3.40296 days
Transit Least Squares TLS 1.32 (5 Apr 2024)
Creating model cache for 37 durations
Searching 945 data points, 182 periods from 1.692 to 11.511 days
Using 1 of 8 CPU threads
Searching for best T0 for period 2.69257 days
Transit Least Squares TLS 1.32 (5 Apr 2024)
Creating model cache for 38 durations
Searching 11157 data points, 1411 periods from 0.375 to 13.425 days
Using 1 of 8 CPU threads
Searching for best T0 for period 4.15108 days
Transit Least Squares TLS 1.32 (5 Apr 2024)
Creating model cache for 37 durations
Searching 14858 data points, 273 periods from 1.274 to 11.725 days
Using 1 of 8 CPU threads
Searching for best T0 for period 5.94870 days
Transit Least Squares TLS 1.32 (5 Apr 2024)
Creating model cache for /Library/Frameworks/Python.framework/Versions/3.11/lib/python3.11/site-packages/transitleastsquares/grid.py:149: UserWarning: period_grid defaults to R_star=1 and M_star=1 as given density yielded grid with too few values
  warnings.warn(
/Library/Frameworks/Python.framework/Versions/3.11/lib/python3.11/site-packages/transitleastsquares/grid.py:149: UserWarning: period_grid defaults to R_star=1 and M_star=1 as given density yielded grid with too few values
  warnings.warn(
/Library/Frameworks/Python.framework/Versions/3.11/lib/python3.11/site-packages/transitleastsquares/grid.py:149: UserWarning: period_grid defaults to R_star=1 and M_star=1 as given density yielded grid with too few values
  warnings.warn(
  [340/1600] done (3509s elapsed, ~13002s remaining, 192/340 usable so far)
/Library/Frameworks/Python.framework/Versions/3.11/lib/python3.11/site-packages/transitleastsquares/main.py:411: UserWarning: 5 of 13 transits without data. The true period may be twice the given period.
  warnings.warn(text)
Transit Least Squares TLS 1.32 (5 Apr 2024)
Creating model cache for 37 durations
Searching 16745 data points, 5629 periods from 0.098 to 12.158 days
Using 1 of 8 CPU threads
Searching for best T0 for period 0.80128 days
Transit Least Squares TLS 1.32 (5 Apr 2024)
Creating model cache for 37 durations
Searching 811 data points, 119 periods from 2.387 to 11.99 days
Using 1 of 8 CPU threads
Searching for best T0 for period 4.11114 days
Transit Least Squares TLS 1.32 (5 Apr 2024)
Creating model cache for 36 durations
Searching 12901 data points, 582 periods from 0.601 to 10.133 days
Using 1 of 8 CPU threads
Searching for best T0 for period 0.65766 days
Transit Least Squares TLS 1.32 (5 Apr 2024)
Creating model cache for 38 durations
Searching 19611 data points, 864 periods from 0.601 to 14.1 days
Using 1 of 8 CPU threads
Searching for best T0 for period 14.09978 days
Transit Least Squares TLS 1.32 (5 Apr 2024)
Creating model cache for 37 durations
Searching 14664 data points, 476 periods from 0.851 to 12.167 days
Using 1 of 8 CPU threads
Searching for best T0 for period 4.13768 days
Transit Least Squares TLS 1.32 (5 Apr 2024)
Creating model cache for 37 durations
Searching 13921 data points, 2246 periods from 0.601 to 12.51 days
Using 1 of 8 CPU threads
Searching for best T0 for period 0.70698 days
Transit Least Squares TLS 1.32 (5 Apr 2024)
Creating model cache for 37 durations
Searching 15067 data points, 314 periods from 1.237 to 12.704 days
Using 1 of 8 CPU threads
Searching for best T0 for period 10.22594 days
Transit Least Squares TLS 1.32 (5 Apr 2024)
Creating model cache for 37 durations
Searching 967 data points, 2095 periods from 0.602 to 11.802 days
Using 1 of 8 CPU threads
Searching for best T0 for period 3.46850 days
Transit Least Squares TLS 1.32 (5 Apr 2024)
Creating model cache for 37 durations
Searching 16342 data points, 2186 periods from 0.601 to 12.227 days
Using 1 of 8 CPU threads
Searching for best T0 for period 10.05772 days
Transit Least Squares TLS 1.32 (5 Apr 2024)
Creating model cache for 38 durations
Searching 17989 data points, 2649 periods from 0.601 to 14.38 days
Using 1 of 8 CPU threads
Searching for best T0 for period 3.77887 days
Transit Least Squares TLS 1.32 (5 Apr 2024)
Creating model cache for 37 durations
Searching 15961 data points, 170 periods from 1.896 to 12.242 days
Using 1 of 8 CPU threads
Searching for best T0 for period 2.28493 days
Transit Least Squares TLS 1.32 (5 Apr 2024)
Creating model cache for 38 durations
Searching 19611 data points, 2588 periods from 0.601 to 14.1 days
Using 1 of 8 CPU threads
Searching for best T0 for period 1.42979 days
Transit Least Squares TLS 1.32 (5 Apr 2024)
Creating model cache for 37 durations
Searching 16749 data points, 189 periods from 1.751 to 12.22 days
Using 1 of 8 CPU threads
Searching for best T0 for period 1.89126 days
Transit Least Squares TLS 1.32 (5 Apr 2024)
Creating model cache for 38 durations
Searching 18358 data points, 804 periods from 0.6 to 13.265 days
Using 1 of 8 CPU threads
Searching for best T0 for period 1.29112 days
Transit Least Squares TLS 1.32 (5 Apr 2024)
Creating model cache for 36 durations
Searching 10441 data points, 933 periods from 0.433 to 10.857 days
Using 1 of 8 CPU threads
Searching for best T0 for period 2.23143 days
Transit Least Squares TLS 1.32 (5 Apr 2024)
Creating model cache for 38 durations
Searching 19606 data points, 136 periods from 2.557 to 14.1 days
Using 1 of 8 CPU threads
Searching for best T0 for period 6.84164 days
Transit Least Squares TLS 1.32 (5 Apr 2024)
Creating model cache for 38 durations
Searching 13191 data points, 815 periods from 0.601 to 13.425 days
Using 1 of 8 CPU threads
Searching for best T0 for period 0.91018 days
Transit Least Squares TLS 1.32 (5 Apr 2024)
Creating model cache for 38 durations
Searching 18358 data points, 804 periods from 0.6 to 13.265 days
Using 1 of 8 CPU threads
Searching for best T0 for period 1.39229 days
Transit Least Squares TLS 1.32 (5 Apr 2024)
Creating model cache for 37 durations
Searching 17318 data points, 283 periods from 1.303 to 12.362 days
Using 1 of 8 CPU threads
Searching for best T0 for period 1.89877 days
Transit Least Squares TLS 1.32 (5 Apr 2024)
Creating model cache for 38 durations
Searching 18406 data points, 815 periods from 0.601 to 13.425 days
Using 1 of 8 CPU threads
Searching for best T0 for period 1.78465 days
Transit Least Squares TLS 1.32 (5 Apr 2024)
Creating model cache for 38 durations
Searching 11770 data points, 620 periods from 0.79 to 14.031 days
Using 1 of 8 CPU threads
Searching for best T0 for period 1.05053 days
Transit Least Squares TLS 1.32 (5 Apr 2024)
Creating model cache for 38 durations
Searching 18419 data points, 815 periods from 0.601 to 13.425 days
Using 1 of 8 CPU threads
Searching for best T0 for period 13.07185 days
Transit Least Squares TLS 1.32 (5 Apr 2024)
Creating model cache for 37 durations
Searching 15515 data points, 212 periods from 1.572 to 11.954 days
Using 1 of 8 CPU threads
Searching for best T0 for period 3.71512 days
Transit Least Squares TLS 1.32 (5 Apr 2024)
Creating model cache for 36 durations
Searching 12457 data points, 601 periods from 0.6 to 10.394 days
Using 1 of 8 CPU threads
Searching for best T0 for period 0.63623 days
Transit Least Squares TLS 1.32 (5 Apr 2024)
Creating model cache for 37 durations
Searching 13525 data points, 2166 periods from 0.601 to 12.132 days
Using 1 of 8 CPU threads
Searching for best T0 for period 2.54646 days
Transit Least Squares TLS 1.32 (5 Apr 2024)
Creating model cache for 38 durations
Searching 17887 data points, 405 periods from 1.048 to 13.164 days
Using 1 of 8 CPU threads
Searching for best T0 for period 13.03527 days
Transit Least Squares TLS 1.32 (5 Apr 2024)
Creating model cache for 37 durations
Searching 13524 data points, 750 periods from 0.548 to 11.408 days
Using 1 of 8 CPU threads
Searching for best T0 for period 9.18842 days
Transit Least Squares TLS 1.32 (5 Apr 2024)
Creating model cache for 38 durations
Searching 15177 data points, 217 periods from 1.712 to 13.242 days
Using 1 of 8 CPU threads
Searching for best T0 for period 7.85662 days
Transit Least Squares TLS 1.32 (5 Apr 2024)
Creating model cache for 38 durations
Searching 18961 data points, 2863 periods from 0.206 to 13.849 days
Using 1 of 8 CPU threads
Searching for best T0 for period 1.11011 days
Transit Least Squares TLS 1.32 (5 Apr 2024)
Creating model cache for 37 durations
Searching 13026 data points, 463 periods from 0.841 to 11.746 days
Using 1 of 8 CPU threads
Searching for best T0 for period 0.86674 days
Transit Least Squares TLS 1.32 (5 Apr 2024)
Creating model cache for 38 durations
Searching 18617 data points, 792 periods from 0.639 to 13.94 days
Using 1 of 8 CPU threads
Searching for best T0 for period 3.54516 days
Transit Least Squares TLS 1.32 (5 Apr 2024)
Creating model cache for 38 durations
Searching 18916 data points, 840 periods from 0.602 to 13.777 days
Using 1 of 8 CPU threads
Searching for best T0 for period 4.01137 days
Transit Least Squares TLS 1.32 (5 Apr 2024)
Creating model cache for 38 durations
Searching 16460 data points, 261 periods from 1.488 to 13.232 days
Using 1 of 8 CPU threads
Searching for best T0 for period 2.03745 days
Transit Least Squares TLS 1.32 (5 Apr 2024)
Creating model cache for 38 durations
Searching 19610 data points, 342 periods from 1.285 to 14.1 days
Using 1 of 8 CPU threads
Searching for best T0 for period 2.19031 days
Transit Least Squares TLS 1.32 (5 Apr 2024)
Creating model cache for 38 durations
Searching 18274 data points, 852 periods from 0.601 to 13.941 days
Using 1 of 8 CPU threads
Searching for best T0 for period 0.79591 days
Transit Least Squares TLS 1.32 (5 Apr 2024)
Creating model cache for 38 durations
Searching 18276 data points, 213 periods from 1.827 to 13.94 days
Using 1 of 8 CPU threads
Searching for best T0 for period 1.98868 days
Transit Least Squares TLS 1.32 (5 Apr 2024)
Creating model cache for 37 durations
Searching 13890 data points, 110 periods from 2.561 to 12.22 days
Using 1 of 8 CPU threads
Searching for best T0 for period 3.60865 days
Transit Least Squares TLS 1.32 (5 Apr 2024)
  [360/1600] done (3666s elapsed, ~12627s remaining, 202/360 usable so far)
/Library/Frameworks/Python.framework/Versions/3.11/lib/python3.11/site-packages/transitleastsquares/grid.py:149: UserWarning: period_grid defaults to R_star=1 and M_star=1 as given density yielded grid with too few values
  warnings.warn(
/Library/Frameworks/Python.framework/Versions/3.11/lib/python3.11/site-packages/transitleastsquares/grid.py:149: UserWarning: period_grid defaults to R_star=1 and M_star=1 as given density yielded grid with too few values
  warnings.warn(
/Library/Frameworks/Python.framework/Versions/3.11/lib/python3.11/site-packages/transitleastsquares/stats.py:458: RuntimeWarning: divide by zero encountered in scalar divide
  snr_pink_per_transit[i] = (1 - mean_flux) / pinknoise
/Library/Frameworks/Python.framework/Versions/3.11/lib/python3.11/site-packages/transitleastsquares/main.py:411: UserWarning: 1 of 3 transits without data. The true period may be twice the given period.
  warnings.warn(text)
  [380/1600] done (3843s elapsed, ~12337s remaining, 214/380 usable so far)
/Library/Frameworks/Python.framework/Versions/3.11/lib/python3.11/site-packages/transitleastsquares/grid.py:149: UserWarning: period_grid defaults to R_star=1 and M_star=1 as given density yielded grid with too few values
  warnings.warn(
/Library/Frameworks/Python.framework/Versions/3.11/lib/python3.11/site-packages/transitleastsquares/grid.py:149: UserWarning: period_grid defaults to R_star=1 and M_star=1 as given density yielded grid with too few values
  warnings.warn(
/Library/Frameworks/Python.framework/Versions/3.11/lib/python3.11/site-packages/transitleastsquares/main.py:411: UserWarning: 2 of 3 transits without data. The true period may be twice the given period.
  warnings.warn(text)
  [400/1600] done (4122s elapsed, ~12367s remaining, 226/400 usable so far)
/Library/Frameworks/Python.framework/Versions/3.11/lib/python3.11/site-packages/transitleastsquares/grid.py:149: UserWarning: period_grid defaults to R_star=1 and M_star=1 as given density yielded grid with too few values
  warnings.warn(
/Library/Frameworks/Python.framework/Versions/3.11/lib/python3.11/site-packages/transitleastsquares/grid.py:149: UserWarning: period_grid defaults to R_star=1 and M_star=1 as given density yielded grid with too few values
  warnings.warn(
  [420/1600] done (4337s elapsed, ~12185s remaining, 235/420 usable so far)
/Library/Frameworks/Python.framework/Versions/3.11/lib/python3.11/site-packages/transitleastsquares/stats.py:458: RuntimeWarning: divide by zero encountered in scalar divide
  snr_pink_per_transit[i] = (1 - mean_flux) / pinknoise
/Library/Frameworks/Python.framework/Versions/3.11/lib/python3.11/site-packages/transitleastsquares/grid.py:149: UserWarning: period_grid defaults to R_star=1 and M_star=1 as given density yielded grid with too few values
  warnings.warn(
/Library/Frameworks/Python.framework/Versions/3.11/lib/python3.11/site-packages/transitleastsquares/stats.py:458: RuntimeWarning: divide by zero encountered in scalar divide
  snr_pink_per_transit[i] = (1 - mean_flux) / pinknoise
Transit Least Squares TLS 1.32 (5 Apr 2024)
Creating model cache for 38 durations
Searching 17386 data points, 779 periods from 0.601 to 12.92 days
Using 1 of 8 CPU threads
Searching for best T0 for period 4.17040 days
Transit Least Squares TLS 1.32 (5 Apr 2024)
Creating model cache for 37 durations
Searching 16101 data points, 118 periods from 2.538 to 12.668 days
Using 1 of 8 CPU threads
Searching for best T0 for period 3.43275 days
Transit Least Squares TLS 1.32 (5 Apr 2024)
Creating model cache for 37 durations
Searching 16457 data points, 1520 periods from 0.33 to 12.601 days
Using 1 of 8 CPU threads
Searching for best T0 for period 8.93051 days
Transit Least Squares TLS 1.32 (5 Apr 2024)
Creating model cache for 38 durations
Searching 18787 data points, 2427 periods from 0.601 to 13.352 days
Using 1 of 8 CPU threads
Searching for best T0 for period 3.50314 days
Transit Least Squares TLS 1.32 (5 Apr 2024)
Creating model cache for 37 durations
Searching 17325 data points, 760 periods from 0.602 to 12.661 days
Using 1 of 8 CPU threads
Searching for best T0 for period 2.00997 days
Transit Least Squares TLS 1.32 (5 Apr 2024)
Creating model cache for 38 durations
Searching 15794 data points, 1014 periods from 0.479 to 12.896 days
Using 1 of 8 CPU threads
Searching for best T0 for period 5.00935 days
Transit Least Squares TLS 1.32 (5 Apr 2024)
Creating model cache for 38 durations
Searching 18276 data points, 631 periods from 0.773 to 13.94 days
Using 1 of 8 CPU threads
Searching for best T0 for period 0.93077 days
Transit Least Squares TLS 1.32 (5 Apr 2024)
Creating model cache for 38 durations
Searching 17458 data points, 2334 periods from 0.601 to 12.919 days
Using 1 of 8 CPU threads
Searching for best T0 for period 0.72357 days
Transit Least Squares TLS 1.32 (5 Apr 2024)
Creating model cache for 37 durations
Searching 15193 data points, 667 periods from 0.635 to 11.989 days
Using 1 of 8 CPU threads
Searching for best T0 for period 2.91749 days
Transit Least Squares TLS 1.32 (5 Apr 2024)
Creating model cache for 38 durations
Searching 12915 data points, 163 periods from 2.126 to 13.312 days
Using 1 of 8 CPU threads
Searching for best T0 for period 3.90571 days
Transit Least Squares TLS 1.32 (5 Apr 2024)
Creating model cache for 37 durations
Searching 15725 data points, 1588 periods from 0.308 to 12.228 days
Using 1 of 8 CPU threads
Searching for best T0 for period 2.59640 days
Transit Least Squares TLS 1.32 (5 Apr 2024)
Creating model cache for 38 durations
Searching 18288 data points, 804 periods from 0.6 to 13.265 days
Using 1 of 8 CPU threads
Searching for best T0 for period 1.11964 days
Transit Least Squares TLS 1.32 (5 Apr 2024)
Creating model cache for 37 durations
Searching 16906 data points, 750 periods from 0.601 to 12.514 days
Using 1 of 8 CPU threads
Searching for best T0 for period 0.97994 days
Transit Least Squares TLS 1.32 (5 Apr 2024)
Creating model cache for 38 durations
Searching 18217 data points, 312 periods from 1.297 to 13.242 days
Using 1 of 8 CPU threads
Searching for best T0 for period 8.78353 days
Transit Least Squares TLS 1.32 (5 Apr 2024)
Creating model cache for 37 durations
Searching 15591 data points, 149 periods from 2.03 to 11.958 days
Using 1 of 8 CPU threads
Searching for best T0 for period 4.99594 days
Transit Least Squares TLS 1.32 (5 Apr 2024)
Creating model cache for 37 durations
Searching 850 data points, 2029 periods from 0.602 to 11.49 days
Using 1 of 8 CPU threads
Searching for best T0 for period 1.64684 days
Transit Least Squares TLS 1.32 (5 Apr 2024)
Creating model cache for 37 durations
Searching 15991 data points, 283 periods from 1.294 to 12.26 days
Using 1 of 8 CPU threads
Searching for best T0 for period 3.75954 days
Transit Least Squares TLS 1.32 (5 Apr 2024)
Creating model cache for 37 durations
Searching 16340 data points, 6440 periods from 0.087 to 12.227 days
Using 1 of 8 CPU threads
Searching for best T0 for period 0.41778 days
Transit Least Squares TLS 1.32 (5 Apr 2024)
Creating model cache for 37 durations
Searching 13184 data points, 2171 periods from 0.601 to 12.157 days
Using 1 of 8 CPU threads
Searching for best T0 for period 0.99630 days
Transit Least Squares TLS 1.32 (5 Apr 2024)
Creating model cache for 38 durations
Searching 18188 data points, 3782 periods from 0.152 to 13.137 days
Using 1 of 8 CPU threads
Searching for best T0 for period 1.25420 days
Transit Least Squares TLS 1.32 (5 Apr 2024)
Creating model cache for 38 durations
Searching 13105 data points, 825 periods from 0.601 to 13.567 days
Using 1 of 8 CPU threads
Searching for best T0 for period 1.38674 days
Transit Least Squares TLS 1.32 (5 Apr 2024)
Creating model cache for 37 durations
Searching 14362 data points, 1346 periods from 0.343 to 11.783 days
Using 1 of 8 CPU threads
Searching for best T0 for period 1.77158 days
Transit Least Squares TLS 1.32 (5 Apr 2024)
Creating model cache for 37 durations
Searching 12927 data points, 696 periods from 0.601 to 11.753 days
Using 1 of 8 CPU threads
Searching for best T0 for period 5.41185 days
Transit Least Squares TLS 1.32 (5 Apr 2024)
Creating model cache for 37 durations
Searching 16749 data points, 189 periods from 1.751 to 12.22 days
Using 1 of 8 CPU threads
Searching for best T0 for period 2.03058 days
Transit Least Squares TLS 1.32 (5 Apr 2024)
Creating model cache for 37 durations
Searching 14767 data points, 383 periods from 1.005 to 12.071 days
Using 1 of 8 CPU threads
Searching for best T0 for period 8.47924 days
Transit Least Squares TLS 1.32 (5 Apr 2024)
Creating model cache for 38 durations
Searching 18252 data points, 493 periods from 0.9 to 13.248 days
Using 1 of 8 CPU threads
Searching for best T0 for period 1.34407 days
Transit Least Squares TLS 1.32 (5 Apr 2024)
Creating model cache for 38 durations
Searching 17458 data points, 168 periods from 2.018 to 12.92 days
Using 1 of 8 CPU threads
Searching for best T0 for period 2.37183 days
Transit Least Squares TLS 1.32 (5 Apr 2024)
Creating model cache for 38 durations
Searching 16095 data points, 615 periods from 0.753 to 13.287 days
Using 1 of 8 CPU threads
Searching for best T0 for period 4.53444 days
Transit Least Squares TLS 1.32 (5 Apr 2024)
Creating model cache for 37 durations
Searching 13525 data points, 2166 periods from 0.601 to 12.132 days
Using 1 of 8 CPU threads
Searching for best T0 for period 0.99701 days
Transit Least Squares TLS 1.32 (5 Apr 2024)
Creating model cache for 38 durations
Searching 12874 data points, 801 periods from 0.637 to 14.031 days
Using 1 of 8 CPU threads
Searching for best T0 for period 2.04897 days
Transit Least Squares TLS 1.32 (5 Apr 2024)
Creating model cache for 37 durations
Searching 15613 data points, 715 periods from 0.601 to 12.02 days
Using 1 of 8 CPU threads
Searching for best T0 for period 0.75086 days
Transit Least Squares TLS 1.32 (5 Apr 2024)
Creating model cache for 38 durations
Searching 18409 data points, 815 periods from 0.601 to 13.425 days
Using 1 of 8 CPU threads
Searching for best T0 for period 6.73017 days
Transit Least Squares TLS 1.32 (5 Apr 2024)
Creating model cache for 38 durations
Searching 18322 data points, 2414 periods from 0.602 to 13.294 days
Using 1 of 8 CPU threads
Searching for best T0 for period 2.87008 days
Transit Least Squares TLS 1.32 (5 Apr 2024)
Creating model cache for 38 durations
Searching 19025 data points, 284 periods from 1.426 to 13.539 days
Using 1 of 8 CPU threads
Searching for best T0 for period 2.76064 days
Transit Least Squares TLS 1.32 (5 Apr 2024)
Creating model cache for 38 durations
Searching 16719 data points, 2007 periods from 0.266 to 12.975 days
Using 1 of 8 CPU threads
Searching for best T0 for period 0.58582 days
Transit Least Squares TLS 1.32 (5 Apr 2024)
Creating model cache for 38 durations
Searching 18217 data points, 312 periods from 1.297 to 13.242 days
Using 1 of 8 CPU threads
Searching for best T0 for period 1.50574 days
Transit Least Squares TLS 1.32 (5 Apr 2024)
Creating model cache for 37 durations
Searching 16731 data points, 1124 periods from 0.43 to 12.646 days
Using 1 of 8 CPU threads
Searching for best T0 for period 1.52225 days
Transit Least Squares TLS 1.32 (5 Apr 2024)
/Library/Frameworks/Python.framework/Versions/3.11/lib/python3.11/site-packages/transitleastsquares/main.py:411: UserWarning: 1 of 3 transits without data. The true period may be twice the given period.
  warnings.warn(text)
  [440/1600] done (4453s elapsed, ~11739s remaining, 250/440 usable so far)
/Library/Frameworks/Python.framework/Versions/3.11/lib/python3.11/site-packages/transitleastsquares/grid.py:149: UserWarning: period_grid defaults to R_star=1 and M_star=1 as given density yielded grid with too few values
  warnings.warn(
/Library/Frameworks/Python.framework/Versions/3.11/lib/python3.11/site-packages/transitleastsquares/stats.py:458: RuntimeWarning: divide by zero encountered in scalar divide
  snr_pink_per_transit[i] = (1 - mean_flux) / pinknoise
/Library/Frameworks/Python.framework/Versions/3.11/lib/python3.11/site-packages/transitleastsquares/main.py:411: UserWarning: 1 of 2 transits without data. The true period may be twice the given period.
  warnings.warn(text)
/Library/Frameworks/Python.framework/Versions/3.11/lib/python3.11/site-packages/transitleastsquares/grid.py:149: UserWarning: period_grid defaults to R_star=1 and M_star=1 as given density yielded grid with too few values
  warnings.warn(
/Library/Frameworks/Python.framework/Versions/3.11/lib/python3.11/site-packages/transitleastsquares/grid.py:149: UserWarning: period_grid defaults to R_star=1 and M_star=1 as given density yielded grid with too few values
  warnings.warn(
/Library/Frameworks/Python.framework/Versions/3.11/lib/python3.11/site-packages/numpy/_core/_methods.py:219: RuntimeWarning: Degrees of freedom <= 0 for slice
  ret = _var(a, axis=axis, dtype=dtype, out=out, ddof=ddof,
/Library/Frameworks/Python.framework/Versions/3.11/lib/python3.11/site-packages/numpy/_core/_methods.py:178: RuntimeWarning: invalid value encountered in divide
  arrmean = um.true_divide(arrmean, div, out=arrmean,
/Library/Frameworks/Python.framework/Versions/3.11/lib/python3.11/site-packages/numpy/_core/_methods.py:211: RuntimeWarning: invalid value encountered in scalar divide
  ret = ret.dtype.type(ret / rcount)
/Library/Frameworks/Python.framework/Versions/3.11/lib/python3.11/site-packages/transitleastsquares/main.py:411: UserWarning: 15 of 32 transits without data. The true period may be twice the given period.
  warnings.warn(text)
  [460/1600] done (4626s elapsed, ~11465s remaining, 262/460 usable so far)
/Library/Frameworks/Python.framework/Versions/3.11/lib/python3.11/site-packages/transitleastsquares/grid.py:149: UserWarning: period_grid defaults to R_star=1 and M_star=1 as given density yielded grid with too few values
  warnings.warn(
/Library/Frameworks/Python.framework/Versions/3.11/lib/python3.11/site-packages/transitleastsquares/grid.py:149: UserWarning: period_grid defaults to R_star=1 and M_star=1 as given density yielded grid with too few values
  warnings.warn(
/Library/Frameworks/Python.framework/Versions/3.11/lib/python3.11/site-packages/transitleastsquares/main.py:411: UserWarning: 5 of 10 transits without data. The true period may be twice the given period.
  warnings.warn(text)
  [480/1600] done (4799s elapsed, ~11198s remaining, 273/480 usable so far)
/Library/Frameworks/Python.framework/Versions/3.11/lib/python3.11/site-packages/transitleastsquares/grid.py:149: UserWarning: period_grid defaults to R_star=1 and M_star=1 as given density yielded grid with too few values
  warnings.warn(
/Library/Frameworks/Python.framework/Versions/3.11/lib/python3.11/site-packages/transitleastsquares/main.py:411: UserWarning: 3 of 7 transits without data. The true period may be twice the given period.
  warnings.warn(text)
/Library/Frameworks/Python.framework/Versions/3.11/lib/python3.11/site-packages/transitleastsquares/grid.py:149: UserWarning: period_grid defaults to R_star=1 and M_star=1 as given density yielded grid with too few values
  warnings.warn(
  [500/1600] done (5022s elapsed, ~11048s remaining, 284/500 usable so far)
/Library/Frameworks/Python.framework/Versions/3.11/lib/python3.11/site-packages/transitleastsquares/main.py:411: UserWarning: 4 of 12 transits without data. The true period may be twice the given period.
  warnings.warn(text)
/Library/Frameworks/Python.framework/Versions/3.11/lib/python3.11/site-packages/transitleastsquares/main.py:411: UserWarning: 1 of 3 transits without data. The true period may be twice the given period.
  warnings.warn(text)
/Library/Frameworks/Python.framework/Versions/3.11/lib/python3.11/site-packages/transitleastsquares/grid.py:149: UserWarning: period_grid defaults to R_star=1 and M_star=1 as given density yielded grid with too few values
  warnings.warn(
/Library/Frameworks/Python.framework/Versions/3.11/lib/python3.11/site-packages/transitleastsquares/stats.py:458: RuntimeWarning: divide by zero encountered in scalar divide
  snr_pink_per_transit[i] = (1 - mean_flux) / pinknoise
/Library/Frameworks/Python.framework/Versions/3.11/lib/python3.11/site-packages/transitleastsquares/main.py:411: UserWarning: 1 of 2 transits without data. The true period may be twice the given period.
  warnings.warn(text)
/Library/Frameworks/Python.framework/Versions/3.11/lib/python3.11/site-packages/transitleastsquares/grid.py:149: UserWarning: period_grid defaults to R_star=1 and M_star=1 as given density yielded grid with too few values
  warnings.warn(
/Library/Frameworks/Python.framework/Versions/3.11/lib/python3.11/site-packages/transitleastsquares/stats.py:458: RuntimeWarning: divide by zero encountered in scalar divide
  snr_pink_per_transit[i] = (1 - mean_flux) / pinknoise
/Library/Frameworks/Python.framework/Versions/3.11/lib/python3.11/site-packages/transitleastsquares/grid.py:149: UserWarning: period_grid defaults to R_star=1 and M_star=1 as given density yielded grid with too few values
  warnings.warn(
/Library/Frameworks/Python.framework/Versions/3.11/lib/python3.11/site-packages/transitleastsquares/stats.py:458: RuntimeWarning: divide by zero encountered in scalar divide
  snr_pink_per_transit[i] = (1 - mean_flux) / pinknoise
  [520/1600] done (5194s elapsed, ~10789s remaining, 293/520 usable so far)
/Library/Frameworks/Python.framework/Versions/3.11/lib/python3.11/site-packages/transitleastsquares/main.py:411: UserWarning: 4 of 11 transits without data. The true period may be twice the given period.
  warnings.warn(text)
Creating model cache for 38 durations
Searching 19475 data points, 864 periods from 0.601 to 14.1 days
Using 1 of 8 CPU threads
Searching for best T0 for period 7.84326 days
Transit Least Squares TLS 1.32 (5 Apr 2024)
Creating model cache for 38 durations
Searching 19611 data points, 852 periods from 0.601 to 13.94 days
Using 1 of 8 CPU threads
Searching for best T0 for period 2.75961 days
Transit Least Squares TLS 1.32 (5 Apr 2024)
Creating model cache for 37 durations
Searching 16427 data points, 442 periods from 0.909 to 12.256 days
Using 1 of 8 CPU threads
Searching for best T0 for period 1.54309 days
Transit Least Squares TLS 1.32 (5 Apr 2024)
Creating model cache for 38 durations
Searching 962 data points, 377 periods from 1.115 to 13.219 days
Using 1 of 8 CPU threads
Searching for best T0 for period 3.88721 days
Transit Least Squares TLS 1.32 (5 Apr 2024)
Creating model cache for 38 durations
Searching 12874 data points, 126 periods from 2.679 to 14.031 days
Using 1 of 8 CPU threads
Searching for best T0 for period 11.81635 days
Transit Least Squares TLS 1.32 (5 Apr 2024)
Creating model cache for 38 durations
Searching 18617 data points, 792 periods from 0.639 to 13.94 days
Using 1 of 8 CPU threads
Searching for best T0 for period 3.54516 days
Transit Least Squares TLS 1.32 (5 Apr 2024)
Creating model cache for 37 durations
Searching 14562 data points, 506 periods from 0.786 to 11.818 days
Using 1 of 8 CPU threads
Searching for best T0 for period 2.66735 days
Transit Least Squares TLS 1.32 (5 Apr 2024)
Creating model cache for 37 durations
Searching 15685 data points, 438 periods from 0.897 to 12.001 days
Using 1 of 8 CPU threads
Searching for best T0 for period 3.30092 days
Transit Least Squares TLS 1.32 (5 Apr 2024)
Creating model cache for 38 durations
Searching 11419 data points, 405 periods from 1.068 to 13.425 days
Using 1 of 8 CPU threads
Searching for best T0 for period 1.65279 days
Transit Least Squares TLS 1.32 (5 Apr 2024)
Creating model cache for 37 durations
Searching 16915 data points, 2249 periods from 0.601 to 12.522 days
Using 1 of 8 CPU threads
Searching for best T0 for period 1.32403 days
Transit Least Squares TLS 1.32 (5 Apr 2024)
Creating model cache for 37 durations
Searching 13421 data points, 135 periods from 2.093 to 11.478 days
Using 1 of 8 CPU threads
Searching for best T0 for period 3.94799 days
Transit Least Squares TLS 1.32 (5 Apr 2024)
Creating model cache for 38 durations
Searching 17631 data points, 4118 periods from 0.141 to 13.159 days
Using 1 of 8 CPU threads
Searching for best T0 for period 0.68510 days
Transit Least Squares TLS 1.32 (5 Apr 2024)
Creating model cache for 38 durations
Searching 1184 data points, 595 periods from 0.81 to 13.906 days
Using 1 of 8 CPU threads
Searching for best T0 for period 1.34133 days
Transit Least Squares TLS 1.32 (5 Apr 2024)
Creating model cache for 37 durations
Searching 14673 data points, 435 periods from 0.901 to 11.977 days
Using 1 of 8 CPU threads
Searching for best T0 for period 2.13858 days
Transit Least Squares TLS 1.32 (5 Apr 2024)
Creating model cache for 36 durations
Searching 14683 data points, 193 periods from 1.535 to 10.886 days
Using 1 of 8 CPU threads
Searching for best T0 for period 2.85991 days
Transit Least Squares TLS 1.32 (5 Apr 2024)
Creating model cache for 37 durations
Searching 16749 data points, 1104 periods from 0.422 to 12.22 days
Using 1 of 8 CPU threads
Searching for best T0 for period 3.68180 days
Transit Least Squares TLS 1.32 (5 Apr 2024)
Creating model cache for 38 durations
Searching 11372 data points, 852 periods from 0.601 to 13.939 days
Using 1 of 8 CPU threads
Searching for best T0 for period 13.58113 days
Transit Least Squares TLS 1.32 (5 Apr 2024)
Creating model cache for 37 durations
Searching 964 data points, 333 periods from 1.094 to 11.75 days
Using 1 of 8 CPU threads
Searching for best T0 for period 3.93821 days
Transit Least Squares TLS 1.32 (5 Apr 2024)
Creating model cache for 37 durations
Searching 1004 data points, 1356 periods from 0.359 to 12.438 days
Using 1 of 8 CPU threads
Searching for best T0 for period 3.06481 days
Transit Least Squares TLS 1.32 (5 Apr 2024)
Creating model cache for 36 durations
Searching 13532 data points, 582 periods from 0.601 to 10.133 days
Using 1 of 8 CPU threads
Searching for best T0 for period 9.35679 days
Transit Least Squares TLS 1.32 (5 Apr 2024)
Creating model cache for 38 durations
Searching 18785 data points, 211 periods from 1.762 to 13.352 days
Using 1 of 8 CPU threads
Searching for best T0 for period 11.22076 days
Transit Least Squares TLS 1.32 (5 Apr 2024)
Creating model cache for 37 durations
Searching 15300 data points, 3446 periods from 0.157 to 12.491 days
Using 1 of 8 CPU threads
Searching for best T0 for period 0.34834 days
Transit Least Squares TLS 1.32 (5 Apr 2024)
Creating model cache for 38 durations
Searching 15480 data points, 519 periods from 0.85 to 13.04 days
Using 1 of 8 CPU threads
Searching for best T0 for period 5.33793 days
Transit Least Squares TLS 1.32 (5 Apr 2024)
Creating model cache for 37 durations
Searching 3319 data points, 1264 periods from 0.391 to 12.708 days
Using 1 of 8 CPU threads
Searching for best T0 for period 0.49545 days
Transit Least Squares TLS 1.32 (5 Apr 2024)
Creating model cache for 38 durations
Searching 19237 data points, 293 periods from 1.423 to 13.859 days
Using 1 of 8 CPU threads
Searching for best T0 for period 1.47934 days
Transit Least Squares TLS 1.32 (5 Apr 2024)
Creating model cache for 38 durations
Searching 19611 data points, 695 periods from 0.722 to 14.1 days
Using 1 of 8 CPU threads
Searching for best T0 for period 5.74474 days
Transit Least Squares TLS 1.32 (5 Apr 2024)
Creating model cache for 37 durations
Searching 1103 data points, 1135 periods from 0.422 to 12.51 days
Using 1 of 8 CPU threads
Searching for best T0 for period 0.77618 days
Transit Least Squares TLS 1.32 (5 Apr 2024)
Creating model cache for 38 durations
Searching 18137 data points, 472 periods from 0.909 to 12.926 days
Using 1 of 8 CPU threads
Searching for best T0 for period 0.93690 days
Transit Least Squares TLS 1.32 (5 Apr 2024)
Creating model cache for 37 durations
Searching 16731 data points, 1124 periods from 0.43 to 12.646 days
Using 1 of 8 CPU threads
Searching for best T0 for period 1.52225 days
Transit Least Squares TLS 1.32 (5 Apr 2024)
Creating model cache for 38 durations
Searching 11419 data points, 405 periods from 1.068 to 13.425 days
Using 1 of 8 CPU threads
Searching for best T0 for period 2.70786 days
Transit Least Squares TLS 1.32 (5 Apr 2024)
Creating model cache for 37 durations
Searching 16516 data points, 240 periods from 1.471 to 12.295 days
Using 1 of 8 CPU threads
Searching for best T0 for period 1.88043 days
Transit Least Squares TLS 1.32 (5 Apr 2024)
Creating model cache for 38 durations
Searching 16404 data points, 987 periods from 0.504 to 13.262 days
Using 1 of 8 CPU threads
Searching for best T0 for period 13.26245 days
Transit Least Squares TLS 1.32 (5 Apr 2024)
Creating model cache for 37 durations
Searching 15067 data points, 1373 periods from 0.344 to 12.045 days
Using 1 of 8 CPU threads
Searching for best T0 for period 3.86998 days
Transit Least Squares TLS 1.32 (5 Apr 2024)
Creating model cache for 37 durations
Searching 15294 data points, 263 periods from 1.348 to 12.062 days
Using 1 of 8 CPU threads
Searching for best T0 for period 1.90452 days
Transit Least Squares TLS 1.32 (5 Apr 2024)
Creating model cache for 38 durations
Searching 18854 data points, 818 periods from 0.6 to 13.458 days
Using 1 of 8 CPU threads
Searching for best T0 for period 0.96691 days
Transit Least Squares TLS 1.32 (5 Apr 2024)
Creating model cache for 37 durations
Searching 13557 data points, 132 periods from 2.184 to 11.776 days
Using 1 of 8 CPU threads
Searching for best T0 for period 9.95752 days
Transit Least Squares TLS 1.32 (5 Apr 2024)
Creating model cache for 38 durations
Searching 17271 data points, 2334 periods from 0.601 to 12.92 days
Using 1 of 8 CPU threads
Searching for best T0 for period 10.20940 days
Transit Least Squares TLS 1.32 (5 Apr 2024)
Creating model cache for 37 durations
  [540/1600] done (5446s elapsed, ~10690s remaining, 304/540 usable so far)
Creating model cache for 38 durations
Searching 15573 data points, 864 periods from 0.601 to 14.1 days
Using 1 of 8 CPU threads
Searching for best T0 for period 1.49667 days
Transit Least Squares TLS 1.32 (5 Apr 2024)
Creating model cache for 37 durations
Searching 17330 data points, 746 periods from 0.601 to 12.46 days
Using 1 of 8 CPU threads
Searching for best T0 for period 4.74241 days
Transit Least Squares TLS 1.32 (5 Apr 2024)
Creating model cache for 37 durations
Searching 13322 data points, 334 periods from 1.05 to 11.302 days
Using 1 of 8 CPU threads
Searching for best T0 for period 3.00491 days
Transit Least Squares TLS 1.32 (5 Apr 2024)
Creating model cache for 37 durations
Searching 14914 data points, 2242 periods from 0.601 to 12.491 days
Using 1 of 8 CPU threads
Searching for best T0 for period 1.73503 days
Transit Least Squares TLS 1.32 (5 Apr 2024)
Creating model cache for 37 durations
Searching 15497 data points, 571 periods from 0.741 to 12.307 days
Using 1 of 8 CPU threads
Searching for best T0 for period 0.86469 days
Transit Least Squares TLS 1.32 (5 Apr 2024)
Creating model cache for 38 durations
Searching 18406 data points, 815 periods from 0.601 to 13.425 days
Using 1 of 8 CPU threads
Searching for best T0 for period 3.24924 days
Transit Least Squares TLS 1.32 (5 Apr 2024)
Creating model cache for 37 durations
Searching 14617 data points, 2095 periods from 0.602 to 11.801 days
Using 1 of 8 CPU threads
Searching for best T0 for period 4.76090 days
Transit Least Squares TLS 1.32 (5 Apr 2024)
Creating model cache for 38 durations
Searching 13457 data points, 143 periods from 2.332 to 13.348 days
Using 1 of 8 CPU threads
Searching for best T0 for period 6.15510 days
Transit Least Squares TLS 1.32 (5 Apr 2024)
Creating model cache for 38 durations
Searching 19610 data points, 2588 periods from 0.601 to 14.1 days
Using 1 of 8 CPU threads
Searching for best T0 for period 4.27976 days
Transit Least Squares TLS 1.32 (5 Apr 2024)
Creating model cache for 37 durations
Searching 15961 data points, 170 periods from 1.896 to 12.242 days
Using 1 of 8 CPU threads
Searching for best T0 for period 2.28493 days
Transit Least Squares TLS 1.32 (5 Apr 2024)
Creating model cache for 38 durations
Searching 18153 data points, 668 periods from 0.71 to 13.425 days
Using 1 of 8 CPU threads
Searching for best T0 for period 5.65255 days
Transit Least Squares TLS 1.32 (5 Apr 2024)
Creating model cache for 37 durations
Searching 16852 data points, 516 periods from 0.818 to 12.506 days
Using 1 of 8 CPU threads
Searching for best T0 for period 4.44771 days
Transit Least Squares TLS 1.32 (5 Apr 2024)
Creating model cache for 37 durations
Searching 15460 data points, 189 periods from 1.763 to 12.307 days
Using 1 of 8 CPU threads
Searching for best T0 for period 2.94517 days
Transit Least Squares TLS 1.32 (5 Apr 2024)
Creating model cache for 38 durations
Searching 11937 data points, 830 periods from 0.592 to 13.425 days
Using 1 of 8 CPU threads
Searching for best T0 for period 7.10381 days
Transit Least Squares TLS 1.32 (5 Apr 2024)
Creating model cache for 38 durations
Searching 18380 data points, 501 periods from 0.911 to 13.581 days
Using 1 of 8 CPU threads
Searching for best T0 for period 2.67413 days
Transit Least Squares TLS 1.32 (5 Apr 2024)
Creating model cache for 38 durations
Searching 18617 data points, 792 periods from 0.639 to 13.94 days
Using 1 of 8 CPU threads
Searching for best T0 for period 3.54516 days
Transit Least Squares TLS 1.32 (5 Apr 2024)
Creating model cache for 37 durations
Searching 16620 data points, 410 periods from 0.995 to 12.612 days
Using 1 of 8 CPU threads
Searching for best T0 for period 9.12321 days
Transit Least Squares TLS 1.32 (5 Apr 2024)
Creating model cache for 37 durations
Searching 14551 data points, 239 periods from 1.426 to 11.865 days
Using 1 of 8 CPU threads
Searching for best T0 for period 4.64974 days
Transit Least Squares TLS 1.32 (5 Apr 2024)
Creating model cache for 38 durations
Searching 11629 data points, 2536 periods from 0.601 to 13.858 days
Using 1 of 8 CPU threads
Searching for best T0 for period 2.12875 days
Transit Least Squares TLS 1.32 (5 Apr 2024)
Creating model cache for 37 durations
Searching 11699 data points, 306 periods from 1.119 to 11.274 days
Using 1 of 8 CPU threads
Searching for best T0 for period 2.69009 days
Transit Least Squares TLS 1.32 (5 Apr 2024)
Creating model cache for 38 durations
Searching 14664 data points, 767 periods from 0.601 to 12.753 days
Using 1 of 8 CPU threads
Searching for best T0 for period 0.67405 days
Transit Least Squares TLS 1.32 (5 Apr 2024)
Creating model cache for 37 durations
Searching 16101 data points, 118 periods from 2.538 to 12.668 days
Using 1 of 8 CPU threads
Searching for best T0 for period 3.43275 days
Transit Least Squares TLS 1.32 (5 Apr 2024)
Creating model cache for 37 durations
Searching 13322 data points, 334 periods from 1.05 to 11.302 days
Using 1 of 8 CPU threads
Searching for best T0 for period 3.00491 days
Transit Least Squares TLS 1.32 (5 Apr 2024)
Creating model cache for 37 durations
Searching 11698 data points, 866 periods from 0.48 to 11.274 days
Using 1 of 8 CPU threads
Searching for best T0 for period 0.80345 days
Transit Least Squares TLS 1.32 (5 Apr 2024)
Creating model cache for 38 durations
Searching 16323 data points, 283 periods from 1.358 to 12.847 days
Using 1 of 8 CPU threads
Searching for best T0 for period 1.73545 days
Transit Least Squares TLS 1.32 (5 Apr 2024)
Creating model cache for 38 durations
Searching 14804 data points, 336 periods from 1.183 to 12.797 days
Using 1 of 8 CPU threads
Searching for best T0 for period 1.25567 days
Transit Least Squares TLS 1.32 (5 Apr 2024)
Creating model cache for 38 durations
Searching 18278 data points, 1473 periods from 0.375 to 13.94 days
Using 1 of 8 CPU threads
Searching for best T0 for period 0.79658 days
Transit Least Squares TLS 1.32 (5 Apr 2024)
Creating model cache for 38 durations
Searching 19475 data points, 864 periods from 0.601 to 14.1 days
Using 1 of 8 CPU threads
Searching for best T0 for period 7.84326 days
Transit Least Squares TLS 1.32 (5 Apr 2024)
Creating model cache for 37 durations
Searching 16845 data points, 748 periods from 0.601 to 12.491 days
Using 1 of 8 CPU threads
Searching for best T0 for period 6.99799 days
Transit Least Squares TLS 1.32 (5 Apr 2024)
Creating model cache for 37 durations
Searching 14419 data points, 879 periods from 0.488 to 11.618 days
Using 1 of 8 CPU threads
Searching for best T0 for period 3.67149 days
Transit Least Squares TLS 1.32 (5 Apr 2024)
Creating model cache for 38 durations
Searching 13654 data points, 2212 periods from 0.252 to 13.425 days
Using 1 of 8 CPU threads
Searching for best T0 for period 1.10607 days
Transit Least Squares TLS 1.32 (5 Apr 2024)
Creating model cache for 38 durations
Searching 13020 data points, 224 periods from 1.628 to 12.927 days
Using 1 of 8 CPU threads
Searching for best T0 for period 2.39540 days
Transit Least Squares TLS 1.32 (5 Apr 2024)
Creating model cache for 37 durations
Searching 931 data points, 112 periods from 2.37 to 11.459 days
Using 1 of 8 CPU threads
Searching for best T0 for period 6.24781 days
Transit Least Squares TLS 1.32 (5 Apr 2024)
Creating model cache for 38 durations
Searching 17458 data points, 2334 periods from 0.601 to 12.919 days
Using 1 of 8 CPU threads
Searching for best T0 for period 4.34523 days
Transit Least Squares TLS 1.32 (5 Apr 2024)
Creating model cache for 37 durations
Searching 9834 data points, 257 periods from 1.427 to 12.543 days
Using 1 of 8 CPU threads
Searching for best T0 for period 7.82406 days
Transit Least Squares TLS 1.32 (5 Apr 2024)
Creating model cache for 37 durations
Searching 13567 data points, 1270 periods from 0.35 to 11.429 days
Using 1 of 8 CPU threads
Searching for best T0 for period 0.67461 days
Transit Least Squares TLS 1.32 (5 Apr 2024)
Creating model cache for 37 durations
Searching 963 data points, 317 periods from 1.134 to 11.74 days
Using 1 of 8 CPU threads
Searching for best T0 for period 2.24633 days
Transit Least Squares TLS 1.32 (5 Apr 2024)
Creating model cache for 38 durations
Creating model cache for 37 durations
Searching 15715 data points, 741 periods from 0.583 to 12.018 days
Using 1 of 8 CPU threads
Searching for best T0 for period 1.52812 days
Transit Least Squares TLS 1.32 (5 Apr 2024)
Creating model cache for 38 durations
Searching 18279 data points, 1344 periods from 0.406 to 13.94 days
Using 1 of 8 CPU threads
Searching for best T0 for period 3.01954 days
Transit Least Squares TLS 1.32 (5 Apr 2024)
Creating model cache for 38 durations
Searching 17217 data points, 2351 periods from 0.601 to 12.998 days
Using 1 of 8 CPU threads
Searching for best T0 for period 2.12702 days
Transit Least Squares TLS 1.32 (5 Apr 2024)
Creating model cache for 37 durations
Searching 12927 data points, 696 periods from 0.601 to 11.753 days
Using 1 of 8 CPU threads
Searching for best T0 for period 4.13179 days
Transit Least Squares TLS 1.32 (5 Apr 2024)
Creating model cache for 38 durations
Searching 18322 data points, 806 periods from 0.601 to 13.295 days
Using 1 of 8 CPU threads
Searching for best T0 for period 8.52958 days
Transit Least Squares TLS 1.32 (5 Apr 2024)
Creating model cache for 38 durations
Searching 19474 data points, 465 periods from 0.988 to 13.849 days
Using 1 of 8 CPU threads
Searching for best T0 for period 1.38196 days
Transit Least Squares TLS 1.32 (5 Apr 2024)
Creating model cache for 38 durations
Searching 17740 data points, 124 periods from 2.7 to 13.94 days
Using 1 of 8 CPU threads
Searching for best T0 for period 6.86204 days
Transit Least Squares TLS 1.32 (5 Apr 2024)
Creating model cache for 37 durations
Searching 15067 data points, 314 periods from 1.237 to 12.704 days
Using 1 of 8 CPU threads
Searching for best T0 for period 10.22594 days
Transit Least Squares TLS 1.32 (5 Apr 2024)
Creating model cache for 38 durations
Searching 19610 data points, 281 periods from 1.496 to 14.1 days
Using 1 of 8 CPU threads
Searching for best T0 for period 2.14219 days
Transit Least Squares TLS 1.32 (5 Apr 2024)
Creating model cache for 37 durations
Searching 15791 data points, 395 periods from 0.987 to 12.145 days
Using 1 of 8 CPU threads
Searching for best T0 for period 1.66356 days
Transit Least Squares TLS 1.32 (5 Apr 2024)
Creating model cache for 37 durations
Searching 16875 data points, 2244 periods from 0.602 to 12.501 days
Using 1 of 8 CPU threads
Searching for best T0 for period 3.37348 days
Transit Least Squares TLS 1.32 (5 Apr 2024)
Creating model cache for 38 durations
Searching 3485 data points, 212 periods from 1.699 to 12.913 days
Using 1 of 8 CPU threads
Searching for best T0 for period 2.09530 days
Transit Least Squares TLS 1.32 (5 Apr 2024)
Creating model cache for 38 durations
Searching 18424 data points, 815 periods from 0.601 to 13.425 days
Using 1 of 8 CPU threads
Searching for best T0 for period 4.97016 days
Transit Least Squares TLS 1.32 (5 Apr 2024)
Creating model cache for 37 durations
Searching 16748 data points, 558 periods from 0.75 to 12.22 days
Using 1 of 8 CPU threads
Searching for best T0 for period 0.81496 days
Transit Least Squares TLS 1.32 (5 Apr 2024)
Creating model cache for 38 durations
Searching 10082 data points, 793 periods from 0.601 to 13.119 days
Using 1 of 8 CPU threads
Searching for best T0 for period 6.37609 days
Transit Least Squares TLS 1.32 (5 Apr 2024)
Creating model cache for 38 durations
Searching 15402 data points, 421 periods from 1.005 to 13.017 days
Using 1 of 8 CPU threads
Searching for best T0 for period 1.07360 days
Transit Least Squares TLS 1.32 (5 Apr 2024)
Creating model cache for 38 durations
Searching 19606 data points, 154 periods from 2.341 to 14.1 days
Using 1 of 8 CPU threads
Searching for best T0 for period 2.56103 days
Transit Least Squares TLS 1.32 (5 Apr 2024)
Creating model cache for 38 durations
Searching 18277 data points, 363 periods from 1.211 to 13.94 days
Using 1 of 8 CPU threads
Searching for best T0 for period 5.27906 days
Transit Least Squares TLS 1.32 (5 Apr 2024)
Creating model cache for 38 durations
Searching 13155 data points, 809 periods from 0.574 to 12.744 days
Using 1 of 8 CPU threads
Searching for best T0 for period 0.96681 days
Transit Least Squares TLS 1.32 (5 Apr 2024)
Creating model cache for 38 durations
Searching 15603 data points, 571 periods from 0.77 to 12.778 days
Using 1 of 8 CPU threads
Searching for best T0 for period 3.01859 days
Transit Least Squares TLS 1.32 (5 Apr 2024)
Creating model cache for 37 durations
Searching 16817 data points, 2240 periods from 0.601 to 12.481 days
Using 1 of 8 CPU threads
Searching for best T0 for period 2.67297 days
Transit Least Squares TLS 1.32 (5 Apr 2024)
Creating model cache for 37 durations
Searching 14979 data points, 255 periods from 1.338 to 11.717 days
Using 1 of 8 CPU threads
Searching for best T0 for period 1.78302 days
Transit Least Squares TLS 1.32 (5 Apr 2024)
Creating model cache for 37 durations
Searching 13033 data points, 719 periods from 0.601 to 12.079 days
Using 1 of 8 CPU threads
Searching for best T0 for period 4.71110 days
Transit Least Squares TLS 1.32 (5 Apr 2024)
Creating model cache for 38 durations
Searching 15111 data points, 248 periods from 1.52 to 13.022 days
Using 1 of 8 CPU threads
Searching for best T0 for period 1.54903 days
Transit Least Squares TLS 1.32 (5 Apr 2024)
Creating model cache for 36 durations
Searching 14652 data points, 146 periods from 1.879 to 10.886 days
Using 1 of 8 CPU threads
Searching for best T0 for period 3.41177 days
Transit Least Squares TLS 1.32 (5 Apr 2024)
Creating model cache for 37 durations
Searching 15555 data points, 176 periods from 1.832 to 12.167 days
Using 1 of 8 CPU threads
Searching for best T0 for period 4.87002 days
Transit Least Squares TLS 1.32 (5 Apr 2024)
Creating model cache for 38 durations
Searching 13763 data points, 554 periods from 0.838 to 13.581 days
Using 1 of 8 CPU threads
Searching for best T0 for period 4.32006 days
Transit Least Squares TLS 1.32 (5 Apr 2024)
Creating model cache for 37 durations
Searching 15284 data points, 274 periods from 1.293 to 11.955 days
Using 1 of 8 CPU threads
Searching for best T0 for period 1.33076 days
Transit Least Squares TLS 1.32 (5 Apr 2024)
Creating model cache for 38 durations
Searching 13878 data points, 326 periods from 1.318 to 13.94 days
Using 1 of 8 CPU threads
Searching for best T0 for period 5.76803 days
Transit Least Squares TLS 1.32 (5 Apr 2024)
Creating model cache for 37 durations
Searching 16297 data points, 128 periods from 2.311 to 12.22 days
Using 1 of 8 CPU threads
Searching for best T0 for period 4.15790 days
Transit Least Squares TLS 1.32 (5 Apr 2024)
Creating model cache for 38 durations
Searching 14415 data points, 2334 periods from 0.601 to 12.919 days
Using 1 of 8 CPU threads
Searching for best T0 for period 1.86678 days
Transit Least Squares TLS 1.32 (5 Apr 2024)
Creating model cache for 38 durations
Searching 14113 data points, 548 periods from 0.87 to 13.958 days
Using 1 of 8 CPU threads
Searching for best T0 for period 1.11927 days
Transit Least Squares TLS 1.32 (5 Apr 2024)
Creating model cache for 38 durations
Searching 18882 data points, 2476 periods from 0.601 to 13.581 days
Using 1 of 8 CPU threads
Searching for best T0 for period 0.97439 days
Transit Least Squares TLS 1.32 (5 Apr 2024)
Creating model cache for 38 durations
Searching 13495 data points, 489 periods from 0.91 to 13.312 days
Using 1 of 8 CPU threads
Searching for best T0 for period 2.26150 days
Transit Least Squares TLS 1.32 (5 Apr 2024)
Creating model cache for 38 durations
Searching 18288 data points, 804 periods from 0.6 to 13.265 days
Using 1 of 8 CPU threads
Searching for best T0 for period 1.11964 days
Transit Least Squares TLS 1.32 (5 Apr 2024)
Creating model cache for 38 durations
Searching 18415 data points, 8068 periods from 0.077 to 13.425 days
Using 1 of 8 CPU threads
Searching for best T0 for period 0.95238 days
Transit Least Squares TLS 1.32 (5 Apr 2024)
Creating model cache for 37 durations
Searching 902 data points, 573 periods from 0.685 to 11.386 days
Using 1 of 8 CPU threads
Searching for best T0 for period 2.60430 days
Transit Least Squares TLS 1.32 (5 Apr 2024)
Creating model cache for 37 durations
Creating model cache for 38 durations
Searching 3569 data points, 285 periods from 1.426 to 13.576 days
Using 1 of 8 CPU threads
Searching for best T0 for period 3.36935 days
Transit Least Squares TLS 1.32 (5 Apr 2024)
Creating model cache for 38 durations
Searching 20257 data points, 364 periods from 1.248 to 14.403 days
Using 1 of 8 CPU threads
Searching for best T0 for period 1.32618 days
Transit Least Squares TLS 1.32 (5 Apr 2024)
Creating model cache for 38 durations
Searching 11157 data points, 1411 periods from 0.375 to 13.425 days
Using 1 of 8 CPU threads
Searching for best T0 for period 2.32205 days
Transit Least Squares TLS 1.32 (5 Apr 2024)
Creating model cache for 38 durations
Searching 18424 data points, 815 periods from 0.601 to 13.425 days
Using 1 of 8 CPU threads
Searching for best T0 for period 12.81538 days
Transit Least Squares TLS 1.32 (5 Apr 2024)
Creating model cache for 36 durations
Searching 12974 data points, 210 periods from 1.342 to 10.133 days
Using 1 of 8 CPU threads
Searching for best T0 for period 1.83170 days
Transit Least Squares TLS 1.32 (5 Apr 2024)
Creating model cache for 37 durations
Searching 16620 data points, 410 periods from 0.995 to 12.612 days
Using 1 of 8 CPU threads
Searching for best T0 for period 1.08752 days
Transit Least Squares TLS 1.32 (5 Apr 2024)
Creating model cache for 38 durations
Searching 19418 data points, 174 periods from 2.11 to 13.859 days
Using 1 of 8 CPU threads
Searching for best T0 for period 3.13736 days
Transit Least Squares TLS 1.32 (5 Apr 2024)
Creating model cache for 37 durations
Searching 13208 data points, 551 periods from 0.741 to 11.941 days
Using 1 of 8 CPU threads
Searching for best T0 for period 2.80135 days
Transit Least Squares TLS 1.32 (5 Apr 2024)
Creating model cache for 38 durations
Searching 18276 data points, 384 periods from 1.158 to 13.94 days
Using 1 of 8 CPU threads
Searching for best T0 for period 3.13664 days
Transit Least Squares TLS 1.32 (5 Apr 2024)
Creating model cache for 38 durations
Searching 18231 data points, 234 periods from 1.69 to 13.859 days
Using 1 of 8 CPU threads
Searching for best T0 for period 3.69289 days
Transit Least Squares TLS 1.32 (5 Apr 2024)
Creating model cache for 37 durations
Searching 16795 data points, 747 periods from 0.601 to 12.473 days
Using 1 of 8 CPU threads
Searching for best T0 for period 0.72683 days
Transit Least Squares TLS 1.32 (5 Apr 2024)
Creating model cache for 37 durations
Searching 14551 data points, 239 periods from 1.426 to 11.865 days
Using 1 of 8 CPU threads
Searching for best T0 for period 3.09626 days
Transit Least Squares TLS 1.32 (5 Apr 2024)
Creating model cache for 37 durations
Searching 896 data points, 1152 periods from 0.422 to 12.677 days
Using 1 of 8 CPU threads
Searching for best T0 for period 0.74741 days
Transit Least Squares TLS 1.32 (5 Apr 2024)
Creating model cache for 37 durations
Searching 1133 data points, 1264 periods from 0.391 to 12.708 days
Using 1 of 8 CPU threads
Searching for best T0 for period 1.24395 days
Transit Least Squares TLS 1.32 (5 Apr 2024)
Creating model cache for 38 durations
Searching 12874 data points, 318 periods from 1.352 to 14.031 days
Using 1 of 8 CPU threads
Searching for best T0 for period 6.19867 days
Transit Least Squares TLS 1.32 (5 Apr 2024)
Creating model cache for 37 durations
Searching 13921 data points, 2246 periods from 0.601 to 12.51 days
Using 1 of 8 CPU threads
Searching for best T0 for period 4.67613 days
Transit Least Squares TLS 1.32 (5 Apr 2024)
Creating model cache for 38 durations
Searching 19474 data points, 164 periods from 2.195 to 13.848 days
Using 1 of 8 CPU threads
Searching for best T0 for period 3.11132 days
Transit Least Squares TLS 1.32 (5 Apr 2024)
Creating model cache for 38 durations
Searching 18399 data points, 810 periods from 0.601 to 13.349 days
Using 1 of 8 CPU threads
Searching for best T0 for period 1.64938 days
Transit Least Squares TLS 1.32 (5 Apr 2024)
Creating model cache for 37 durations
Searching 971 data points, 166 periods from 1.837 to 11.677 days
Using 1 of 8 CPU threads
Searching for best T0 for period 1.98250 days
Transit Least Squares TLS 1.32 (5 Apr 2024)
Creating model cache for 36 durations
Searching 12802 data points, 168 periods from 1.577 to 10.133 days
Using 1 of 8 CPU threads
Searching for best T0 for period 2.22115 days
Transit Least Squares TLS 1.32 (5 Apr 2024)
Creating model cache for 37 durations
Searching 15870 data points, 625 periods from 0.674 to 12.058 days
Using 1 of 8 CPU threads
Searching for best T0 for period 3.05835 days
Transit Least Squares TLS 1.32 (5 Apr 2024)
Creating model cache for 37 durations
Searching 15446 data points, 482 periods from 0.84 to 12.133 days
Using 1 of 8 CPU threads
Searching for best T0 for period 2.74318 days
Transit Least Squares TLS 1.32 (5 Apr 2024)
Creating model cache for 37 durations
Searching 839 data points, 1990 periods from 0.601 to 11.302 days
Using 1 of 8 CPU threads
Searching for best T0 for period 5.70323 days
Transit Least Squares TLS 1.32 (5 Apr 2024)
Creating model cache for 37 durations
Searching 13033 data points, 719 periods from 0.601 to 12.079 days
Using 1 of 8 CPU threads
Searching for best T0 for period 5.02065 days
Transit Least Squares TLS 1.32 (5 Apr 2024)
Creating model cache for 37 durations
Searching 14575 data points, 603 periods from 0.684 to 11.872 days
Using 1 of 8 CPU threads
Searching for best T0 for period 8.59876 days
Transit Least Squares TLS 1.32 (5 Apr 2024)
Creating model cache for 38 durations
Searching 15184 data points, 1479 periods from 0.36 to 13.425 days
Using 1 of 8 CPU threads
Searching for best T0 for period 0.53318 days
Transit Least Squares TLS 1.32 (5 Apr 2024)
Creating model cache for 38 durations
Searching 1152 data points, 437 periods from 0.962 to 12.844 days
Using 1 of 8 CPU threads
Searching for best T0 for period 4.58916 days
Transit Least Squares TLS 1.32 (5 Apr 2024)
Creating model cache for 37 durations
Searching 15965 data points, 720 periods from 0.601 to 12.09 days
Using 1 of 8 CPU threads
Searching for best T0 for period 3.12771 days
Transit Least Squares TLS 1.32 (5 Apr 2024)
Creating model cache for 38 durations
Searching 20257 data points, 360 periods from 1.259 to 14.403 days
Using 1 of 8 CPU threads
Searching for best T0 for period 3.29264 days
Transit Least Squares TLS 1.32 (5 Apr 2024)
Creating model cache for 38 durations
Searching 18854 data points, 282 periods from 1.424 to 13.458 days
Using 1 of 8 CPU threads
Searching for best T0 for period 1.70466 days
Transit Least Squares TLS 1.32 (5 Apr 2024)
Creating model cache for 37 durations
Searching 981 data points, 329 periods from 1.133 to 12.083 days
Using 1 of 8 CPU threads
Searching for best T0 for period 2.04027 days
Transit Least Squares TLS 1.32 (5 Apr 2024)
Creating model cache for 38 durations
Searching 17454 data points, 2334 periods from 0.601 to 12.92 days
Using 1 of 8 CPU threads
Searching for best T0 for period 2.77071 days
Transit Least Squares TLS 1.32 (5 Apr 2024)
Creating model cache for 38 durations
Searching 18542 data points, 854 periods from 0.6 to 13.959 days
Using 1 of 8 CPU threads
Searching for best T0 for period 4.53776 days
Transit Least Squares TLS 1.32 (5 Apr 2024)
Creating model cache for 37 durations
Searching 15870 data points, 625 periods from 0.674 to 12.058 days
Using 1 of 8 CPU threads
Searching for best T0 for period 3.05835 days
Transit Least Squares TLS 1.32 (5 Apr 2024)
Creating model cache for 37 durations
Searching 16183 data points, 724 periods from 0.6 to 12.143 days
Using 1 of 8 CPU threads
Searching for best T0 for period 6.50322 days
Transit Least Squares TLS 1.32 (5 Apr 2024)
Creating model cache for 43 durations
Searching 29417 data points, 7339 periods from 0.164 to 26.056 days
Using 1 of 8 CPU threads
Searching for best T0 for period 0.50259 days
Transit Least Squares TLS 1.32 (5 Apr 2024)
Creating model cache for 37 durations
Searching 17288 data points, 370 periods from 1.079 to 12.617 days
Using 1 of 8 CPU threads
Searching for best T0 for period 2.84170 days
Transit Least Squares TLS 1.32 (5 Apr 2024)
Creating model cache for 37 durations
/Library/Frameworks/Python.framework/Versions/3.11/lib/python3.11/site-packages/transitleastsquares/main.py:411: UserWarning: 1 of 3 transits without data. The true period may be twice the given period.
  warnings.warn(text)
  [560/1600] done (5574s elapsed, ~10352s remaining, 308/560 usable so far)
/Library/Frameworks/Python.framework/Versions/3.11/lib/python3.11/site-packages/transitleastsquares/grid.py:149: UserWarning: period_grid defaults to R_star=1 and M_star=1 as given density yielded grid with too few values
  warnings.warn(
/Library/Frameworks/Python.framework/Versions/3.11/lib/python3.11/site-packages/transitleastsquares/main.py:411: UserWarning: 2 of 5 transits without data. The true period may be twice the given period.
  warnings.warn(text)
/Library/Frameworks/Python.framework/Versions/3.11/lib/python3.11/site-packages/transitleastsquares/grid.py:149: UserWarning: period_grid defaults to R_star=1 and M_star=1 as given density yielded grid with too few values
  warnings.warn(
  [580/1600] done (5728s elapsed, ~10074s remaining, 320/580 usable so far)
/Library/Frameworks/Python.framework/Versions/3.11/lib/python3.11/site-packages/transitleastsquares/grid.py:149: UserWarning: period_grid defaults to R_star=1 and M_star=1 as given density yielded grid with too few values
  warnings.warn(
/Library/Frameworks/Python.framework/Versions/3.11/lib/python3.11/site-packages/transitleastsquares/main.py:411: UserWarning: 5 of 15 transits without data. The true period may be twice the given period.
  warnings.warn(text)
/Library/Frameworks/Python.framework/Versions/3.11/lib/python3.11/site-packages/transitleastsquares/grid.py:149: UserWarning: period_grid defaults to R_star=1 and M_star=1 as given density yielded grid with too few values
  warnings.warn(
/Library/Frameworks/Python.framework/Versions/3.11/lib/python3.11/site-packages/transitleastsquares/stats.py:458: RuntimeWarning: divide by zero encountered in scalar divide
  snr_pink_per_transit[i] = (1 - mean_flux) / pinknoise
37 durations
Searching 16818 data points, 748 periods from 0.6 to 12.481 days
Using 1 of 8 CPU threads
Searching for best T0 for period 1.35973 days
Transit Least Squares TLS 1.32 (5 Apr 2024)
Creating model cache for 37 durations
Searching 11701 data points, 175 periods from 1.858 to 12.288 days
Using 1 of 8 CPU threads
Searching for best T0 for period 3.11715 days
Transit Least Squares TLS 1.32 (5 Apr 2024)
Creating model cache for 38 durations
Searching 11763 data points, 2553 periods from 0.602 to 13.94 days
Using 1 of 8 CPU threads
Searching for best T0 for period 0.61372 days
Transit Least Squares TLS 1.32 (5 Apr 2024)
Creating model cache for 38 durations
Searching 17332 data points, 779 periods from 0.601 to 12.919 days
Using 1 of 8 CPU threads
Searching for best T0 for period 1.61986 days
Transit Least Squares TLS 1.32 (5 Apr 2024)
Creating model cache for 38 durations
Searching 18472 data points, 434 periods from 1.006 to 13.348 days
Using 1 of 8 CPU threads
Searching for best T0 for period 6.89494 days
Transit Least Squares TLS 1.32 (5 Apr 2024)
Creating model cache for 37 durations
Searching 14373 data points, 324 periods from 1.204 to 12.665 days
Using 1 of 8 CPU threads
Searching for best T0 for period 5.40513 days
Transit Least Squares TLS 1.32 (5 Apr 2024)
Creating model cache for 38 durations
Searching 15573 data points, 864 periods from 0.601 to 14.1 days
Using 1 of 8 CPU threads
Searching for best T0 for period 1.49667 days
Transit Least Squares TLS 1.32 (5 Apr 2024)
Creating model cache for 37 durations
Searching 15521 data points, 1632 periods from 0.308 to 12.525 days
Using 1 of 8 CPU threads
Searching for best T0 for period 6.77476 days
Transit Least Squares TLS 1.32 (5 Apr 2024)
Creating model cache for 37 durations
Searching 15475 data points, 110 periods from 2.529 to 12.031 days
Using 1 of 8 CPU threads
Searching for best T0 for period 7.06940 days
Transit Least Squares TLS 1.32 (5 Apr 2024)
Creating model cache for 38 durations
Searching 19609 data points, 338 periods from 1.297 to 14.1 days
Using 1 of 8 CPU threads
Searching for best T0 for period 3.18569 days
Transit Least Squares TLS 1.32 (5 Apr 2024)
Creating model cache for 38 durations
Searching 19610 data points, 2588 periods from 0.601 to 14.1 days
Using 1 of 8 CPU threads
Searching for best T0 for period 4.95100 days
Transit Least Squares TLS 1.32 (5 Apr 2024)
Creating model cache for 38 durations
Searching 18939 data points, 265 periods from 1.53 to 13.796 days
Using 1 of 8 CPU threads
Searching for best T0 for period 2.29085 days
Transit Least Squares TLS 1.32 (5 Apr 2024)
Creating model cache for 37 durations
Searching 13033 data points, 719 periods from 0.601 to 12.079 days
Using 1 of 8 CPU threads
Searching for best T0 for period 3.13693 days
Transit Least Squares TLS 1.32 (5 Apr 2024)
Creating model cache for 36 durations
Searching 808 data points, 183 periods from 1.481 to 10.115 days
Using 1 of 8 CPU threads
Searching for best T0 for period 6.95183 days
Transit Least Squares TLS 1.32 (5 Apr 2024)
Creating model cache for 38 durations
Searching 18472 data points, 434 periods from 1.006 to 13.348 days
Using 1 of 8 CPU threads
Searching for best T0 for period 3.10915 days
Transit Least Squares TLS 1.32 (5 Apr 2024)
Creating model cache for 38 durations
Searching 18852 data points, 663 periods from 0.716 to 13.459 days
Using 1 of 8 CPU threads
Searching for best T0 for period 2.54712 days
Transit Least Squares TLS 1.32 (5 Apr 2024)
Creating model cache for 37 durations
Searching 15662 data points, 501 periods from 0.82 to 12.22 days
Using 1 of 8 CPU threads
Searching for best T0 for period 5.94161 days
Transit Least Squares TLS 1.32 (5 Apr 2024)
Creating model cache for 38 durations
Searching 12874 data points, 2573 periods from 0.601 to 14.031 days
Using 1 of 8 CPU threads
Searching for best T0 for period 2.80318 days
Transit Least Squares TLS 1.32 (5 Apr 2024)
Creating model cache for 37 durations
Searching 15555 data points, 176 periods from 1.832 to 12.167 days
Using 1 of 8 CPU threads
Searching for best T0 for period 4.87002 days
Transit Least Squares TLS 1.32 (5 Apr 2024)
Creating model cache for 38 durations
Searching 11610 data points, 233 periods from 1.618 to 13.224 days
Using 1 of 8 CPU threads
Searching for best T0 for period 3.57511 days
Transit Least Squares TLS 1.32 (5 Apr 2024)
Creating model cache for 37 durations
Searching 9588 data points, 2167 periods from 0.602 to 12.14 days
Using 1 of 8 CPU threads
Searching for best T0 for period 1.13626 days
Transit Least Squares TLS 1.32 (5 Apr 2024)
Creating model cache for 38 durations
Searching 12874 data points, 191 periods from 1.989 to 14.031 days
Using 1 of 8 CPU threads
Searching for best T0 for period 2.32258 days
Transit Least Squares TLS 1.32 (5 Apr 2024)
Creating model cache for 38 durations
Searching 14664 data points, 377 periods from 1.075 to 12.754 days
Using 1 of 8 CPU threads
Searching for best T0 for period 1.48176 days
Transit Least Squares TLS 1.32 (5 Apr 2024)
Creating model cache for 37 durations
Searching 16342 data points, 189 periods from 1.75 to 12.218 days
Using 1 of 8 CPU threads
Searching for best T0 for period 5.55525 days
Transit Least Squares TLS 1.32 (5 Apr 2024)
Creating model cache for 37 durations
Searching 13105 data points, 255 periods from 1.33 to 11.631 days
Using 1 of 8 CPU threads
Searching for best T0 for period 10.53967 days
Transit Least Squares TLS 1.32 (5 Apr 2024)
Creating model cache for 38 durations
Searching 13302 data points, 855 periods from 0.574 to 13.352 days
Using 1 of 8 CPU threads
Searching for best T0 for period 2.47559 days
Transit Least Squares TLS 1.32 (5 Apr 2024)
Creating model cache for 38 durations
Searching 14541 data points, 1649 periods from 0.33 to 13.539 days
Using 1 of 8 CPU threads
Searching for best T0 for period 2.77700 days
Transit Least Squares TLS 1.32 (5 Apr 2024)
Creating model cache for 37 durations
Searching 16235 data points, 1127 periods from 0.414 to 12.201 days
Using 1 of 8 CPU threads
Searching for best T0 for period 4.01149 days
Transit Least Squares TLS 1.32 (5 Apr 2024)
Creating model cache for 38 durations
Searching 1145 data points, 228 periods from 1.597 to 12.823 days
Using 1 of 8 CPU threads
Searching for best T0 for period 3.40052 days
Transit Least Squares TLS 1.32 (5 Apr 2024)
Creating model cache for 38 durations
Searching 15410 data points, 123 periods from 2.594 to 13.352 days
Using 1 of 8 CPU threads
Searching for best T0 for period 3.81563 days
Transit Least Squares TLS 1.32 (5 Apr 2024)
Creating model cache for 37 durations
Searching 1059 data points, 221 periods from 1.558 to 12.229 days
Using 1 of 8 CPU threads
Searching for best T0 for period 3.91192 days
Transit Least Squares TLS 1.32 (5 Apr 2024)
Creating model cache for 38 durations
Searching 16810 data points, 832 periods from 0.579 to 13.17 days
Using 1 of 8 CPU threads
Searching for best T0 for period 0.84283 days
Transit Least Squares TLS 1.32 (5 Apr 2024)
Creating model cache for 38 durations
Searching 14517 data points, 531 periods from 0.818 to 12.805 days
Using 1 of 8 CPU threads
Searching for best T0 for period 4.70156 days
Transit Least Squares TLS 1.32 (5 Apr 2024)
Creating model cache for 36 durations
Searching 10562 data points, 359 periods from 0.888 to 10.143 days
Using 1 of 8 CPU threads
Searching for best T0 for period 0.96264 days
Transit Least Squares TLS 1.32 (5 Apr 2024)
Creating model cache for 38 durations
Searching 18423 data points, 860 periods from 0.574 to 13.425 days
Using 1 of 8 CPU threads
Searching for best T0 for period 1.63047 days
Transit Least Squares TLS 1.32 (5 Apr 2024)
Creating model cache for 38 durations
Searching 17146 data points, 221 periods from 1.631 to 12.795 days
Using 1 of 8 CPU threads
Searching for best T0 for period 9.30079 days
Transit Least Squares TLS 1.32 (5 Apr 2024)
Creating model cache for 37 durations
Searching 938 data points, 1625 periods from 0.301 to 12.188 days
Using 1 of 8 CPU threads
Searching for best T0 for period 2.25244 days
Transit Least Squares TLS 1.32 (5 Apr 2024)
Creating model cache for 37 durations
/Library/Frameworks/Python.framework/Versions/3.11/lib/python3.11/site-packages/transitleastsquares/main.py:411: UserWarning: 4 of 11 transits without data. The true period may be twice the given period.
  warnings.warn(text)
 38 durations
Searching 19604 data points, 864 periods from 0.601 to 14.1 days
Using 1 of 8 CPU threads
Searching for best T0 for period 2.97278 days
Transit Least Squares TLS 1.32 (5 Apr 2024)
Creating model cache for 36 durations
Searching 11932 data points, 110 periods from 2.223 to 10.612 days
Using 1 of 8 CPU threads
Searching for best T0 for period 10.41439 days
Transit Least Squares TLS 1.32 (5 Apr 2024)
Creating model cache for 38 durations
Searching 16332 data points, 377 periods from 1.093 to 12.953 days
Using 1 of 8 CPU threads
Searching for best T0 for period 5.21744 days
Transit Least Squares TLS 1.32 (5 Apr 2024)
Creating model cache for 38 durations
Searching 13310 data points, 213 periods from 1.75 to 13.348 days
Using 1 of 8 CPU threads
Searching for best T0 for period 9.76880 days
Transit Least Squares TLS 1.32 (5 Apr 2024)
Creating model cache for 37 durations
Searching 15197 data points, 2191 periods from 0.601 to 12.251 days
Using 1 of 8 CPU threads
Searching for best T0 for period 0.66809 days
Transit Least Squares TLS 1.32 (5 Apr 2024)
Creating model cache for 38 durations
Searching 1133 data points, 135 periods from 2.366 to 12.99 days
Using 1 of 8 CPU threads
Searching for best T0 for period 2.63791 days
Transit Least Squares TLS 1.32 (5 Apr 2024)
Creating model cache for 38 durations
Searching 16495 data points, 803 periods from 0.601 to 13.259 days
Using 1 of 8 CPU threads
Searching for best T0 for period 2.33962 days
Transit Least Squares TLS 1.32 (5 Apr 2024)
Creating model cache for 38 durations
Searching 18491 data points, 2426 periods from 0.601 to 13.348 days
Using 1 of 8 CPU threads
Searching for best T0 for period 4.45195 days
Transit Least Squares TLS 1.32 (5 Apr 2024)
Creating model cache for 37 durations
Searching 14096 data points, 988 periods from 0.438 to 11.526 days
Using 1 of 8 CPU threads
Searching for best T0 for period 1.79040 days
Transit Least Squares TLS 1.32 (5 Apr 2024)
Creating model cache for 37 durations
Searching 16309 data points, 5165 periods from 0.106 to 12.227 days
Using 1 of 8 CPU threads
Searching for best T0 for period 7.72705 days
Transit Least Squares TLS 1.32 (5 Apr 2024)
Creating model cache for 38 durations
Searching 17045 data points, 2242 periods from 0.239 to 12.881 days
Using 1 of 8 CPU threads
Searching for best T0 for period 0.33992 days
Transit Least Squares TLS 1.32 (5 Apr 2024)
Creating model cache for 37 durations
Searching 13825 data points, 183 periods from 1.748 to 11.922 days
Using 1 of 8 CPU threads
Searching for best T0 for period 4.84906 days
Transit Least Squares TLS 1.32 (5 Apr 2024)
Creating model cache for 38 durations
Searching 18235 data points, 187 periods from 2.013 to 13.94 days
Using 1 of 8 CPU threads
Searching for best T0 for period 4.45388 days
Transit Least Squares TLS 1.32 (5 Apr 2024)
Creating model cache for 37 durations
Searching 15482 data points, 472 periods from 0.84 to 11.937 days
Using 1 of 8 CPU threads
Searching for best T0 for period 9.12771 days
Transit Least Squares TLS 1.32 (5 Apr 2024)
Creating model cache for 38 durations
Searching 19097 data points, 300 periods from 1.401 to 13.886 days
Using 1 of 8 CPU threads
Searching for best T0 for period 1.96914 days
Transit Least Squares TLS 1.32 (5 Apr 2024)
Creating model cache for 38 durations
Searching 2616 data points, 367 periods from 1.169 to 13.576 days
Using 1 of 8 CPU threads
Searching for best T0 for period 7.71536 days
Transit Least Squares TLS 1.32 (5 Apr 2024)
Creating model cache for 38 durations
Searching 16398 data points, 1126 periods from 0.45 to 13.248 days
Using 1 of 8 CPU threads
Searching for best T0 for period 8.21637 days
Transit Least Squares TLS 1.32 (5 Apr 2024)
Creating model cache for 38 durations
Searching 13328 data points, 2335 periods from 0.602 to 12.926 days
Using 1 of 8 CPU threads
Searching for best T0 for period 0.78962 days
Transit Least Squares TLS 1.32 (5 Apr 2024)
Creating model cache for 38 durations
Searching 14118 data points, 235 periods from 1.652 to 13.581 days
Using 1 of 8 CPU threads
Searching for best T0 for period 2.98484 days
Transit Least Squares TLS 1.32 (5 Apr 2024)
Creating model cache for 37 durations
Searching 11700 data points, 784 periods from 0.521 to 11.274 days
Using 1 of 8 CPU threads
Searching for best T0 for period 2.19496 days
Transit Least Squares TLS 1.32 (5 Apr 2024)
Creating model cache for 37 durations
Searching 990 data points, 696 periods from 0.6 to 11.75 days
Using 1 of 8 CPU threads
Searching for best T0 for period 2.58768 days
Transit Least Squares TLS 1.32 (5 Apr 2024)
Creating model cache for 37 durations
Searching 16818 data points, 748 periods from 0.6 to 12.481 days
Using 1 of 8 CPU threads
Searching for best T0 for period 7.36825 days
Transit Least Squares TLS 1.32 (5 Apr 2024)
Creating model cache for 38 durations
Searching 14902 data points, 385 periods from 1.193 to 14.379 days
Using 1 of 8 CPU threads
Searching for best T0 for period 6.97429 days
Transit Least Squares TLS 1.32 (5 Apr 2024)
Creating model cache for 38 durations
Searching 18785 data points, 846 periods from 0.601 to 13.859 days
Using 1 of 8 CPU threads
Searching for best T0 for period 7.00195 days
Transit Least Squares TLS 1.32 (5 Apr 2024)
Creating model cache for 37 durations
Searching 13524 data points, 750 periods from 0.548 to 11.408 days
Using 1 of 8 CPU threads
Searching for best T0 for period 0.97923 days
Transit Least Squares TLS 1.32 (5 Apr 2024)
Creating model cache for 38 durations
Searching 17386 data points, 1319 periods from 0.383 to 12.92 days
Using 1 of 8 CPU threads
Searching for best T0 for period 2.78719 days
Transit Least Squares TLS 1.32 (5 Apr 2024)
Creating model cache for 38 durations
Searching 18424 data points, 815 periods from 0.601 to 13.425 days
Using 1 of 8 CPU threads
Searching for best T0 for period 1.89253 days
Transit Least Squares TLS 1.32 (5 Apr 2024)
Creating model cache for 38 durations
Searching 16548 data points, 277 periods from 1.412 to 13.159 days
Using 1 of 8 CPU threads
Searching for best T0 for period 1.69388 days
Transit Least Squares TLS 1.32 (5 Apr 2024)
Creating model cache for 37 durations
Searching 17367 data points, 287 periods from 1.309 to 12.513 days
Using 1 of 8 CPU threads
Searching for best T0 for period 3.36342 days
Transit Least Squares TLS 1.32 (5 Apr 2024)
Creating model cache for 37 durations
Searching 15448 data points, 344 periods from 1.079 to 11.909 days
Using 1 of 8 CPU threads
Searching for best T0 for period 1.32323 days
Transit Least Squares TLS 1.32 (5 Apr 2024)
Creating model cache for 38 durations
Searching 17898 data points, 572 periods from 0.788 to 13.115 days
Using 1 of 8 CPU threads
Searching for best T0 for period 1.76387 days
Transit Least Squares TLS 1.32 (5 Apr 2024)
Creating model cache for 38 durations
Searching 18409 data points, 815 periods from 0.601 to 13.425 days
Using 1 of 8 CPU threads
Searching for best T0 for period 10.13675 days
Transit Least Squares TLS 1.32 (5 Apr 2024)
Creating model cache for 37 durations
Searching 17330 data points, 746 periods from 0.601 to 12.46 days
Using 1 of 8 CPU threads
Searching for best T0 for period 2.87299 days
Transit Least Squares TLS 1.32 (5 Apr 2024)
Creating model cache for 37 durations
Searching 13072 data points, 4296 periods from 0.123 to 11.954 days
Using 1 of 8 CPU threads
Searching for best T0 for period 0.36438 days
Transit Least Squares TLS 1.32 (5 Apr 2024)
Creating model cache for 38 durations
Searching 18279 data points, 1258 periods from 0.43 to 13.94 days
Using 1 of 8 CPU threads
Searching for best T0 for period 9.73686 days
Transit Least Squares TLS 1.32 (5 Apr 2024)
Creating model cache for 38 durations
Searching 13162 data points, 826 periods from 0.601 to 13.581 days
Using 1 of 8 CPU threads
Searching for best T0 for period 6.91335 days
Transit Least Squares TLS 1.32 (5 Apr 2024)
Creating model cache for 37 durations
Searching 15460 data points, 189 periods from 1.763 to 12.307 days
Using 1 of 8 CPU threads
Searching for best T0 for period 1.76293 days
Transit Least Squares TLS 1.32 (5 Apr 2024)
Creating model cache for 37 durations
/Library/Frameworks/Python.framework/Versions/3.11/lib/python3.11/site-packages/transitleastsquares/main.py:411: UserWarning: 1 of 3 transits without data. The true period may be twice the given period.
  warnings.warn(text)
  [600/1600] done (5876s elapsed, ~9793s remaining, 332/600 usable so far)
/Library/Frameworks/Python.framework/Versions/3.11/lib/python3.11/site-packages/transitleastsquares/grid.py:149: UserWarning: period_grid defaults to R_star=1 and M_star=1 as given density yielded grid with too few values
  warnings.warn(
/Library/Frameworks/Python.framework/Versions/3.11/lib/python3.11/site-packages/transitleastsquares/grid.py:149: UserWarning: period_grid defaults to R_star=1 and M_star=1 as given density yielded grid with too few values
  warnings.warn(
/Library/Frameworks/Python.framework/Versions/3.11/lib/python3.11/site-packages/transitleastsquares/grid.py:149: UserWarning: period_grid defaults to R_star=1 and M_star=1 as given density yielded grid with too few values
  warnings.warn(
/Library/Frameworks/Python.framework/Versions/3.11/lib/python3.11/site-packages/transitleastsquares/grid.py:149: UserWarning: period_grid defaults to R_star=1 and M_star=1 as given density yielded grid with too few values
  warnings.warn(
/Library/Frameworks/Python.framework/Versions/3.11/lib/python3.11/site-packages/transitleastsquares/main.py:411: UserWarning: 1 of 3 transits without data. The true period may be twice the given period.
  warnings.warn(text)
/Library/Frameworks/Python.framework/Versions/3.11/lib/python3.11/site-packages/transitleastsquares/main.py:411: UserWarning: 1 of 2 transits without data. The true period may be twice the given period.
  warnings.warn(text)
  [620/1600] done (6074s elapsed, ~9600s remaining, 344/620 usable so far)
/Library/Frameworks/Python.framework/Versions/3.11/lib/python3.11/site-packages/transitleastsquares/grid.py:149: UserWarning: period_grid defaults to R_star=1 and M_star=1 as given density yielded grid with too few values
  warnings.warn(
/Library/Frameworks/Python.framework/Versions/3.11/lib/python3.11/site-packages/transitleastsquares/main.py:411: UserWarning: 1 of 3 transits without data. The true period may be twice the given period.
  warnings.warn(text)
/Library/Frameworks/Python.framework/Versions/3.11/lib/python3.11/site-packages/transitleastsquares/stats.py:458: RuntimeWarning: divide by zero encountered in scalar divide
  snr_pink_per_transit[i] = (1 - mean_flux) / pinknoise
/Library/Frameworks/Python.framework/Versions/3.11/lib/python3.11/site-packages/transitleastsquares/main.py:411: UserWarning: 2 of 6 transits without data. The true period may be twice the given period.
  warnings.warn(text)
/Library/Frameworks/Python.framework/Versions/3.11/lib/python3.11/site-packages/transitleastsquares/main.py:411: UserWarning: 1 of 3 transits without data. The true period may be twice the given period.
  warnings.warn(text)
  [640/1600] done (6196s elapsed, ~9293s remaining, 355/640 usable so far)
Creating model cache for 37 durations
Searching 14337 data points, 227 periods from 1.526 to 12.219 days
Using 1 of 8 CPU threads
Searching for best T0 for period 2.02958 days
Transit Least Squares TLS 1.32 (5 Apr 2024)
Creating model cache for 38 durations
Searching 16614 data points, 120 periods from 2.626 to 13.29 days
Using 1 of 8 CPU threads
Searching for best T0 for period 4.99675 days
Transit Least Squares TLS 1.32 (5 Apr 2024)
Creating model cache for 37 durations
Searching 16784 data points, 747 periods from 0.601 to 12.469 days
Using 1 of 8 CPU threads
Searching for best T0 for period 4.17028 days
Transit Least Squares TLS 1.32 (5 Apr 2024)
Creating model cache for 38 durations
Searching 19611 data points, 864 periods from 0.601 to 14.1 days
Using 1 of 8 CPU threads
Searching for best T0 for period 1.13962 days
Transit Least Squares TLS 1.32 (5 Apr 2024)
Creating model cache for 37 durations
Searching 16081 data points, 901 periods from 0.505 to 12.275 days
Using 1 of 8 CPU threads
Searching for best T0 for period 2.99282 days
Transit Least Squares TLS 1.32 (5 Apr 2024)
Creating model cache for 37 durations
Searching 14858 data points, 273 periods from 1.274 to 11.725 days
Using 1 of 8 CPU threads
Searching for best T0 for period 1.40710 days
Transit Least Squares TLS 1.32 (5 Apr 2024)
Creating model cache for 38 durations
Searching 18321 data points, 2414 periods from 0.602 to 13.295 days
Using 1 of 8 CPU threads
Searching for best T0 for period 11.43050 days
Transit Least Squares TLS 1.32 (5 Apr 2024)
Creating model cache for 37 durations
Searching 9650 data points, 132 periods from 2.3 to 12.417 days
Using 1 of 8 CPU threads
Searching for best T0 for period 7.47574 days
Transit Least Squares TLS 1.32 (5 Apr 2024)
Creating model cache for 38 durations
Searching 18494 data points, 397 periods from 1.079 to 13.348 days
Using 1 of 8 CPU threads
Searching for best T0 for period 4.49314 days
Transit Least Squares TLS 1.32 (5 Apr 2024)
Creating model cache for 36 durations
Searching 13532 data points, 582 periods from 0.601 to 10.133 days
Using 1 of 8 CPU threads
Searching for best T0 for period 0.80153 days
Transit Least Squares TLS 1.32 (5 Apr 2024)
Creating model cache for 37 durations
Searching 15059 data points, 1039 periods from 0.438 to 12.036 days
Using 1 of 8 CPU threads
Searching for best T0 for period 0.62442 days
Transit Least Squares TLS 1.32 (5 Apr 2024)
Creating model cache for 37 durations
Searching 13557 data points, 132 periods from 2.184 to 11.776 days
Using 1 of 8 CPU threads
Searching for best T0 for period 9.95752 days
Transit Least Squares TLS 1.32 (5 Apr 2024)
Creating model cache for 38 durations
Searching 18277 data points, 852 periods from 0.601 to 13.94 days
Using 1 of 8 CPU threads
Searching for best T0 for period 2.42262 days
Transit Least Squares TLS 1.32 (5 Apr 2024)
Creating model cache for 38 durations
Searching 18613 data points, 659 periods from 0.732 to 13.673 days
Using 1 of 8 CPU threads
Searching for best T0 for period 0.89377 days
Transit Least Squares TLS 1.32 (5 Apr 2024)
Creating model cache for 37 durations
Searching 14643 data points, 201 periods from 1.62 to 11.845 days
Using 1 of 8 CPU threads
Searching for best T0 for period 3.48537 days
Transit Least Squares TLS 1.32 (5 Apr 2024)
Creating model cache for 38 durations
Searching 19274 data points, 854 periods from 0.6 to 13.958 days
Using 1 of 8 CPU threads
Searching for best T0 for period 2.20462 days
Transit Least Squares TLS 1.32 (5 Apr 2024)
Creating model cache for 37 durations
Searching 12548 data points, 546 periods from 0.72 to 11.515 days
Using 1 of 8 CPU threads
Searching for best T0 for period 6.84027 days
Transit Least Squares TLS 1.32 (5 Apr 2024)
Creating model cache for 38 durations
Searching 19611 data points, 588 periods from 0.829 to 14.1 days
Using 1 of 8 CPU threads
Searching for best T0 for period 0.83419 days
Transit Least Squares TLS 1.32 (5 Apr 2024)
Creating model cache for 38 durations
Searching 18286 data points, 1466 periods from 0.375 to 13.886 days
Using 1 of 8 CPU threads
Searching for best T0 for period 1.06286 days
Transit Least Squares TLS 1.32 (5 Apr 2024)
Creating model cache for 38 durations
Searching 19025 data points, 823 periods from 0.601 to 13.539 days
Using 1 of 8 CPU threads
Searching for best T0 for period 2.26729 days
Transit Least Squares TLS 1.32 (5 Apr 2024)
Creating model cache for 38 durations
Searching 18617 data points, 792 periods from 0.639 to 13.94 days
Using 1 of 8 CPU threads
Searching for best T0 for period 3.54516 days
Transit Least Squares TLS 1.32 (5 Apr 2024)
Creating model cache for 37 durations
Searching 16364 data points, 745 periods from 0.602 to 12.45 days
Using 1 of 8 CPU threads
Searching for best T0 for period 1.87433 days
Transit Least Squares TLS 1.32 (5 Apr 2024)
Creating model cache for 37 durations
Searching 14429 data points, 481 periods from 0.879 to 12.683 days
Using 1 of 8 CPU threads
Searching for best T0 for period 2.09683 days
Transit Least Squares TLS 1.32 (5 Apr 2024)
Creating model cache for 38 durations
Searching 15963 data points, 943 periods from 0.548 to 13.848 days
Using 1 of 8 CPU threads
Searching for best T0 for period 7.82615 days
Transit Least Squares TLS 1.32 (5 Apr 2024)
Creating model cache for 38 durations
Searching 15603 data points, 571 periods from 0.77 to 12.778 days
Using 1 of 8 CPU threads
Searching for best T0 for period 1.15670 days
Transit Least Squares TLS 1.32 (5 Apr 2024)
Creating model cache for 37 durations
Searching 16710 data points, 696 periods from 0.637 to 12.463 days
Using 1 of 8 CPU threads
Searching for best T0 for period 0.92158 days
Transit Least Squares TLS 1.32 (5 Apr 2024)
Creating model cache for 38 durations
Searching 18214 data points, 486 periods from 0.91 to 13.243 days
Using 1 of 8 CPU threads
Searching for best T0 for period 1.42458 days
Transit Least Squares TLS 1.32 (5 Apr 2024)
Creating model cache for 38 durations
Searching 18785 data points, 211 periods from 1.762 to 13.352 days
Using 1 of 8 CPU threads
Searching for best T0 for period 11.22076 days
Transit Least Squares TLS 1.32 (5 Apr 2024)
Creating model cache for 38 durations
Searching 17991 data points, 495 periods from 0.974 to 14.38 days
Using 1 of 8 CPU threads
Searching for best T0 for period 1.38356 days
Transit Least Squares TLS 1.32 (5 Apr 2024)
Creating model cache for 38 durations
Searching 12419 data points, 786 periods from 0.601 to 13.022 days
Using 1 of 8 CPU threads
Searching for best T0 for period 1.74547 days
Transit Least Squares TLS 1.32 (5 Apr 2024)
Creating model cache for 38 durations
Searching 17271 data points, 2334 periods from 0.601 to 12.92 days
Using 1 of 8 CPU threads
Searching for best T0 for period 0.62520 days
Transit Least Squares TLS 1.32 (5 Apr 2024)
Creating model cache for 37 durations
Searching 13652 data points, 1001 periods from 0.43 to 11.444 days
Using 1 of 8 CPU threads
Searching for best T0 for period 3.81091 days
Transit Least Squares TLS 1.32 (5 Apr 2024)
Creating model cache for 38 durations
Searching 1133 data points, 150 periods from 2.195 to 12.99 days
Using 1 of 8 CPU threads
Searching for best T0 for period 7.70877 days
Transit Least Squares TLS 1.32 (5 Apr 2024)
Creating model cache for 37 durations
Searching 15988 data points, 328 periods from 1.16 to 12.314 days
Using 1 of 8 CPU threads
Searching for best T0 for period 3.04351 days
Transit Least Squares TLS 1.32 (5 Apr 2024)
Creating model cache for 37 durations
Searching 15067 data points, 314 periods from 1.237 to 12.704 days
Using 1 of 8 CPU threads
Searching for best T0 for period 10.22594 days
Transit Least Squares TLS 1.32 (5 Apr 2024)
Creating model cache for 38 durations
Searching 18882 data points, 301 periods from 1.368 to 13.581 days
Using 1 of 8 CPU threads
Searching for best T0 for period 1.73822 days
Transit Least Squares TLS 1.32 (5 Apr 2024)
Creating model cache for 38 durations
Searching 17446 data points, 150 periods from 2.185 to 12.919 days
Using 1 of 8 CPU threads
Searching for best T0 for period 2.35005 days
Transit Least Squares TLS 1.32 (5 Apr 2024)
Creating model cache for 38 durations
/Library/Frameworks/Python.framework/Versions/3.11/lib/python3.11/site-packages/transitleastsquares/main.py:411: UserWarning: 3 of 8 transits without data. The true period may be twice the given period.
  warnings.warn(text)
/Library/Frameworks/Python.framework/Versions/3.11/lib/python3.11/site-packages/numpy/_core/_methods.py:219: RuntimeWarning: Degrees of freedom <= 0 for slice
  ret = _var(a, axis=axis, dtype=dtype, out=out, ddof=ddof,
/Library/Frameworks/Python.framework/Versions/3.11/lib/python3.11/site-packages/numpy/_core/_methods.py:178: RuntimeWarning: invalid value encountered in divide
  arrmean = um.true_divide(arrmean, div, out=arrmean,
/Library/Frameworks/Python.framework/Versions/3.11/lib/python3.11/site-packages/numpy/_core/_methods.py:211: RuntimeWarning: invalid value encountered in scalar divide
  ret = ret.dtype.type(ret / rcount)
/Library/Frameworks/Python.framework/Versions/3.11/lib/python3.11/site-packages/transitleastsquares/main.py:411: UserWarning: 2 of 4 transits without data. The true period may be twice the given period.
  warnings.warn(text)
/Library/Frameworks/Python.framework/Versions/3.11/lib/python3.11/site-packages/transitleastsquares/main.py:411: UserWarning: 7 of 17 transits without data. The true period may be twice the given period.
  warnings.warn(text)
/Library/Frameworks/Python.framework/Versions/3.11/lib/python3.11/site-packages/transitleastsquares/grid.py:149: UserWarning: period_grid defaults to R_star=1 and M_star=1 as given density yielded grid with too few values
  warnings.warn(
  [660/1600] done (6330s elapsed, ~9015s remaining, 366/660 usable so far)
/Library/Frameworks/Python.framework/Versions/3.11/lib/python3.11/site-packages/transitleastsquares/main.py:411: UserWarning: 2 of 5 transits without data. The true period may be twice the given period.
  warnings.warn(text)
/Library/Frameworks/Python.framework/Versions/3.11/lib/python3.11/site-packages/transitleastsquares/main.py:411: UserWarning: 1 of 3 transits without data. The true period may be twice the given period.
  warnings.warn(text)
/Library/Frameworks/Python.framework/Versions/3.11/lib/python3.11/site-packages/transitleastsquares/main.py:411: UserWarning: 2 of 6 transits without data. The true period may be twice the given period.
  warnings.warn(text)
  [680/1600] done (6475s elapsed, ~8760s remaining, 378/680 usable so far)
/Library/Frameworks/Python.framework/Versions/3.11/lib/python3.11/site-packages/transitleastsquares/stats.py:458: RuntimeWarning: divide by zero encountered in scalar divide
  snr_pink_per_transit[i] = (1 - mean_flux) / pinknoise
/Library/Frameworks/Python.framework/Versions/3.11/lib/python3.11/site-packages/transitleastsquares/grid.py:149: UserWarning: period_grid defaults to R_star=1 and M_star=1 as given density yielded grid with too few values
  warnings.warn(
/Library/Frameworks/Python.framework/Versions/3.11/lib/python3.11/site-packages/transitleastsquares/grid.py:149: UserWarning: period_grid defaults to R_star=1 and M_star=1 as given density yielded grid with too few values
  warnings.warn(
/Library/Frameworks/Python.framework/Versions/3.11/lib/python3.11/site-packages/transitleastsquares/main.py:411: UserWarning: 3 of 8 transits without data. The true period may be twice the given period.
  warnings.warn(text)
  [700/1600] done (6604s elapsed, ~8491s remaining, 390/700 usable so far)
/Library/Frameworks/Python.framework/Versions/3.11/lib/python3.11/site-packages/transitleastsquares/grid.py:149: UserWarning: period_grid defaults to R_star=1 and M_star=1 as given density yielded grid with too few values
  warnings.warn(
/Library/Frameworks/Python.framework/Versions/3.11/lib/python3.11/site-packages/transitleastsquares/grid.py:149: UserWarning: period_grid defaults to R_star=1 and M_star=1 as given density yielded grid with too few values
  warnings.warn(
/Library/Frameworks/Python.framework/Versions/3.11/lib/python3.11/site-packages/transitleastsquares/grid.py:149: UserWarning: period_grid defaults to R_star=1 and M_star=1 as given density yielded grid with too few values
  warnings.warn(
/Library/Frameworks/Python.framework/Versions/3.11/lib/python3.11/site-packages/transitleastsquares/main.py:411: UserWarning: 5 of 13 transits without data. The true period may be twice the given period.
  warnings.warn(text)
/Library/Frameworks/Python.framework/Versions/3.11/lib/python3.11/site-packages/transitleastsquares/stats.py:458: RuntimeWarning: divide by zero encountered in scalar divide
  snr_pink_per_transit[i] = (1 - mean_flux) / pinknoise
/Library/Frameworks/Python.framework/Versions/3.11/lib/python3.11/site-packages/transitleastsquares/main.py:411: UserWarning: 2 of 4 transits without data. The true period may be twice the given period.
  warnings.warn(text)
/Library/Frameworks/Python.framework/Versions/3.11/lib/python3.11/site-packages/transitleastsquares/grid.py:149: UserWarning: period_grid defaults to R_star=1 and M_star=1 as given density yielded grid with too few values
  warnings.warn(
  [720/1600] done (6893s elapsed, ~8424s remaining, 400/720 usable so far)
/Library/Frameworks/Python.framework/Versions/3.11/lib/python3.11/site-packages/transitleastsquares/main.py:411: UserWarning: 4 of 12 transits without data. The true period may be twice the given period.
  warnings.warn(text)
/Library/Frameworks/Python.framework/Versions/3.11/lib/python3.11/site-packages/numpy/_core/_methods.py:219: RuntimeWarning: Degrees of freedom <= 0 for slice
  ret = _var(a, axis=axis, dtype=dtype, out=out, ddof=ddof,
/Library/Frameworks/Python.framework/Versions/3.11/lib/python3.11/site-packages/numpy/_core/_methods.py:178: RuntimeWarning: invalid value encountered in divide
  arrmean = um.true_divide(arrmean, div, out=arrmean,
/Library/Frameworks/Python.framework/Versions/3.11/lib/python3.11/site-packages/numpy/_core/_methods.py:211: RuntimeWarning: invalid value encountered in scalar divide
  ret = ret.dtype.type(ret / rcount)
/Library/Frameworks/Python.framework/Versions/3.11/lib/python3.11/site-packages/transitleastsquares/stats.py:458: RuntimeWarning: divide by zero encountered in scalar divide
  snr_pink_per_transit[i] = (1 - mean_flux) / pinknoise
/Library/Frameworks/Python.framework/Versions/3.11/lib/python3.11/site-packages/transitleastsquares/main.py:411: UserWarning: 1 of 2 transits without data. The true period may be twice the given period.
  warnings.warn(text)
/Library/Frameworks/Python.framework/Versions/3.11/lib/python3.11/site-packages/transitleastsquares/stats.py:458: RuntimeWarning: divide by zero encountered in scalar divide
  snr_pink_per_transit[i] = (1 - mean_flux) / pinknoise
/Library/Frameworks/Python.framework/Versions/3.11/lib/python3.11/site-packages/transitleastsquares/grid.py:149: UserWarning: period_grid defaults to R_star=1 and M_star=1 as given density yielded grid with too few values
  warnings.warn(
/Library/Frameworks/Python.framework/Versions/3.11/lib/python3.11/site-packages/transitleastsquares/main.py:411: UserWarning: 10 of 27 transits without data. The true period may be twice the given period.
  warnings.warn(text)
/Library/Frameworks/Python.framework/Versions/3.11/lib/python3.11/site-packages/numpy/_core/_methods.py:219: RuntimeWarning: Degrees of freedom <= 0 for slice
  ret = _var(a, axis=axis, dtype=dtype, out=out, ddof=ddof,
/Library/Frameworks/Python.framework/Versions/3.11/lib/python3.11/site-packages/numpy/_core/_methods.py:178: RuntimeWarning: invalid value encountered in divide
  arrmean = um.true_divide(arrmean, div, out=arrmean,
/Library/Frameworks/Python.framework/Versions/3.11/lib/python3.11/site-packages/numpy/_core/_methods.py:211: RuntimeWarning: invalid value encountered in scalar divide
  ret = ret.dtype.type(ret / rcount)
  [740/1600] done (7026s elapsed, ~8165s remaining, 410/740 usable so far)
/Library/Frameworks/Python.framework/Versions/3.11/lib/python3.11/site-packages/transitleastsquares/main.py:411: UserWarning: 1 of 3 transits without data. The true period may be twice the given period.
  warnings.warn(text)
/Library/Frameworks/Python.framework/Versions/3.11/lib/python3.11/site-packages/transitleastsquares/grid.py:149: UserWarning: period_grid defaults to R_star=1 and M_star=1 as given density yielded grid with too few values
  warnings.warn(
/Library/Frameworks/Python.framework/Versions/3.11/lib/python3.11/site-packages/transitleastsquares/grid.py:149: UserWarning: period_grid defaults to R_star=1 and M_star=1 as given density yielded grid with too few values
  warnings.warn(
/Library/Frameworks/Python.framework/Versions/3.11/lib/python3.11/site-packages/transitleastsquares/grid.py:149: UserWarning: period_grid defaults to R_star=1 and M_star=1 as given density yielded grid with too few values
  warnings.warn(
  [760/1600] done (7213s elapsed, ~7973s remaining, 422/760 usable so far)
/Library/Frameworks/Python.framework/Versions/3.11/lib/python3.11/site-packages/transitleastsquares/grid.py:149: UserWarning: period_grid defaults to R_star=1 and M_star=1 as given density yielded grid with too few values
  warnings.warn(
/Library/Frameworks/Python.framework/Versions/3.11/lib/python3.11/site-packages/transitleastsquares/main.py:411: UserWarning: 5 of 11 transits without data. The true period may be twice the given period.
  warnings.warn(text)
/Library/Frameworks/Python.framework/Versions/3.11/lib/python3.11/site-packages/transitleastsquares/grid.py:149: UserWarning: period_grid defaults to R_star=1 and M_star=1 as given density yielded grid with too few values
  warnings.warn(
Creating model cache for 37 durations
Searching 15618 data points, 300 periods from 1.211 to 12.021 days
Using 1 of 8 CPU threads
Searching for best T0 for period 3.06892 days
Transit Least Squares TLS 1.32 (5 Apr 2024)
Creating model cache for 38 durations
Searching 18322 data points, 121 periods from 2.615 to 13.295 days
Using 1 of 8 CPU threads
Searching for best T0 for period 2.75665 days
Transit Least Squares TLS 1.32 (5 Apr 2024)
Creating model cache for 37 durations
Searching 13921 data points, 2246 periods from 0.601 to 12.51 days
Using 1 of 8 CPU threads
Searching for best T0 for period 1.05547 days
Transit Least Squares TLS 1.32 (5 Apr 2024)
Creating model cache for 38 durations
Searching 14302 data points, 384 periods from 1.158 to 13.94 days
Using 1 of 8 CPU threads
Searching for best T0 for period 9.20450 days
Transit Least Squares TLS 1.32 (5 Apr 2024)
Creating model cache for 37 durations
Searching 13006 data points, 508 periods from 0.8 to 12.059 days
Using 1 of 8 CPU threads
Searching for best T0 for period 1.13167 days
Transit Least Squares TLS 1.32 (5 Apr 2024)
Creating model cache for 37 durations
Searching 14897 data points, 325 periods from 1.144 to 12.084 days
Using 1 of 8 CPU threads
Searching for best T0 for period 1.57347 days
Transit Least Squares TLS 1.32 (5 Apr 2024)
Creating model cache for 37 durations
Searching 16751 data points, 234 periods from 1.525 to 12.479 days
Using 1 of 8 CPU threads
Searching for best T0 for period 2.71680 days
Transit Least Squares TLS 1.32 (5 Apr 2024)
Creating model cache for 37 durations
Searching 10137 data points, 112 periods from 2.591 to 12.483 days
Using 1 of 8 CPU threads
Searching for best T0 for period 6.51472 days
Transit Least Squares TLS 1.32 (5 Apr 2024)
Creating model cache for 37 durations
Searching 16900 data points, 240 periods from 1.499 to 12.51 days
Using 1 of 8 CPU threads
Searching for best T0 for period 2.83031 days
Transit Least Squares TLS 1.32 (5 Apr 2024)
Creating model cache for 37 durations
Searching 14664 data points, 476 periods from 0.851 to 12.167 days
Using 1 of 8 CPU threads
Searching for best T0 for period 2.38651 days
Transit Least Squares TLS 1.32 (5 Apr 2024)
Creating model cache for 37 durations
Searching 13829 data points, 2175 periods from 0.602 to 12.178 days
Using 1 of 8 CPU threads
Searching for best T0 for period 1.26133 days
Transit Least Squares TLS 1.32 (5 Apr 2024)
Creating model cache for 37 durations
Searching 12244 data points, 656 periods from 0.601 to 11.184 days
Using 1 of 8 CPU threads
Searching for best T0 for period 0.66476 days
Transit Least Squares TLS 1.32 (5 Apr 2024)
Creating model cache for 37 durations
Searching 858 data points, 1267 periods from 0.352 to 11.479 days
Using 1 of 8 CPU threads
Searching for best T0 for period 3.60245 days
Transit Least Squares TLS 1.32 (5 Apr 2024)
Creating model cache for 37 durations
Searching 948 data points, 2058 periods from 0.601 to 11.625 days
Using 1 of 8 CPU threads
Searching for best T0 for period 2.35299 days
Transit Least Squares TLS 1.32 (5 Apr 2024)
Creating model cache for 38 durations
Searching 18423 data points, 860 periods from 0.574 to 13.425 days
Using 1 of 8 CPU threads
Searching for best T0 for period 0.95533 days
Transit Least Squares TLS 1.32 (5 Apr 2024)
Creating model cache for 38 durations
Searching 17133 data points, 316 periods from 1.238 to 12.773 days
Using 1 of 8 CPU threads
Searching for best T0 for period 3.61512 days
Transit Least Squares TLS 1.32 (5 Apr 2024)
Creating model cache for 37 durations
Searching 14979 data points, 480 periods from 0.825 to 11.885 days
Using 1 of 8 CPU threads
Searching for best T0 for period 1.87840 days
Transit Least Squares TLS 1.32 (5 Apr 2024)
Creating model cache for 37 durations
Searching 15261 data points, 106 periods from 2.562 to 11.922 days
Using 1 of 8 CPU threads
Searching for best T0 for period 2.56243 days
Transit Least Squares TLS 1.32 (5 Apr 2024)
Creating model cache for 38 durations
Searching 19610 data points, 779 periods from 0.656 to 14.1 days
Using 1 of 8 CPU threads
Searching for best T0 for period 0.68580 days
Transit Least Squares TLS 1.32 (5 Apr 2024)
Creating model cache for 38 durations
Searching 13457 data points, 143 periods from 2.332 to 13.348 days
Using 1 of 8 CPU threads
Searching for best T0 for period 5.35973 days
Transit Least Squares TLS 1.32 (5 Apr 2024)
Creating model cache for 38 durations
Searching 18276 data points, 1741 periods from 0.324 to 13.94 days
Using 1 of 8 CPU threads
Searching for best T0 for period 0.74183 days
Transit Least Squares TLS 1.32 (5 Apr 2024)
Creating model cache for 37 durations
Searching 3349 data points, 387 periods from 1.006 to 12.174 days
Using 1 of 8 CPU threads
Searching for best T0 for period 1.49001 days
Transit Least Squares TLS 1.32 (5 Apr 2024)
Creating model cache for 37 durations
Searching 17288 data points, 650 periods from 0.674 to 12.46 days
Using 1 of 8 CPU threads
Searching for best T0 for period 5.99668 days
Transit Least Squares TLS 1.32 (5 Apr 2024)
Creating model cache for 38 durations
Searching 18153 data points, 668 periods from 0.71 to 13.425 days
Using 1 of 8 CPU threads
Searching for best T0 for period 7.77832 days
Transit Least Squares TLS 1.32 (5 Apr 2024)
Creating model cache for 38 durations
Searching 19475 data points, 2536 periods from 0.601 to 13.859 days
Using 1 of 8 CPU threads
Searching for best T0 for period 1.53099 days
Transit Least Squares TLS 1.32 (5 Apr 2024)
Creating model cache for 37 durations
Searching 16749 data points, 729 periods from 0.601 to 12.22 days
Using 1 of 8 CPU threads
Searching for best T0 for period 3.04529 days
Transit Least Squares TLS 1.32 (5 Apr 2024)
Creating model cache for 37 durations
Searching 13072 data points, 4296 periods from 0.123 to 11.954 days
Using 1 of 8 CPU threads
Searching for best T0 for period 0.36438 days
Transit Least Squares TLS 1.32 (5 Apr 2024)
Creating model cache for 38 durations
Searching 19604 data points, 864 periods from 0.601 to 14.1 days
Using 1 of 8 CPU threads
Searching for best T0 for period 0.63584 days
Transit Least Squares TLS 1.32 (5 Apr 2024)
Creating model cache for 38 durations
Searching 17980 data points, 235 periods from 1.752 to 14.38 days
Using 1 of 8 CPU threads
Searching for best T0 for period 6.10643 days
Transit Least Squares TLS 1.32 (5 Apr 2024)
Creating model cache for 37 durations
Searching 15156 data points, 449 periods from 0.87 to 11.867 days
Using 1 of 8 CPU threads
Searching for best T0 for period 3.29192 days
Transit Least Squares TLS 1.32 (5 Apr 2024)
Creating model cache for 38 durations
Searching 1158 data points, 187 periods from 1.935 to 13.396 days
Using 1 of 8 CPU threads
Searching for best T0 for period 7.94990 days
Transit Least Squares TLS 1.32 (5 Apr 2024)
Creating model cache for 38 durations
Searching 17445 data points, 779 periods from 0.601 to 12.919 days
Using 1 of 8 CPU threads
Searching for best T0 for period 0.87231 days
Transit Least Squares TLS 1.32 (5 Apr 2024)
Creating model cache for 37 durations
Searching 14254 data points, 245 periods from 1.368 to 11.611 days
Using 1 of 8 CPU threads
Searching for best T0 for period 4.95665 days
Transit Least Squares TLS 1.32 (5 Apr 2024)
Creating model cache for 36 durations
Searching 14683 data points, 12080 periods from 0.043 to 10.886 days
Using 1 of 8 CPU threads
Searching for best T0 for period 1.66645 days
Transit Least Squares TLS 1.32 (5 Apr 2024)
Creating model cache for 37 durations
Searching 13642 data points, 2169 periods from 0.601 to 12.147 days
Using 1 of 8 CPU threads
Searching for best T0 for period 0.73930 days
Transit Least Squares TLS 1.32 (5 Apr 2024)
Creating model cache for 38 durations
Searching 18138 data points, 349 periods from 1.159 to 12.927 days
Using 1 of 8 CPU threads
Searching for best T0 for period 4.08488 days
Transit Least Squares TLS 1.32 (5 Apr 2024)
Creating model cache for 38 durations
Searching 18137 data points, 472 periods from 0.909 to 12.926 days
Using 1 of 8 CPU threads
Searching for best T0 for period 1.40300 days
Transit Least Squares TLS 1.32 (5 Apr 2024)
Creating model cache for 37 durations
  [780/1600] done (7849s elapsed, ~8251s remaining, 432/780 usable so far)
/Library/Frameworks/Python.framework/Versions/3.11/lib/python3.11/site-packages/transitleastsquares/grid.py:149: UserWarning: period_grid defaults to R_star=1 and M_star=1 as given density yielded grid with too few values
  warnings.warn(
Searching 16268 data points, 587 periods from 0.735 to 12.469 days
Using 1 of 8 CPU threads
Searching for best T0 for period 2.35889 days
Transit Least Squares TLS 1.32 (5 Apr 2024)
Creating model cache for 38 durations
Searching 1196 data points, 1131 periods from 0.463 to 13.677 days
Using 1 of 8 CPU threads
Searching for best T0 for period 5.38171 days
Transit Least Squares TLS 1.32 (5 Apr 2024)
Creating model cache for 37 durations
Searching 16059 data points, 7168 periods from 0.078 to 12.143 days
Using 1 of 8 CPU threads
Searching for best T0 for period 0.65396 days
Transit Least Squares TLS 1.32 (5 Apr 2024)
Creating model cache for 38 durations
Searching 17887 data points, 405 periods from 1.048 to 13.164 days
Using 1 of 8 CPU threads
Searching for best T0 for period 13.03527 days
Transit Least Squares TLS 1.32 (5 Apr 2024)
Creating model cache for 37 durations
Searching 14824 data points, 687 periods from 0.627 to 12.146 days
Using 1 of 8 CPU threads
Searching for best T0 for period 0.91427 days
Transit Least Squares TLS 1.32 (5 Apr 2024)
Creating model cache for 38 durations
Searching 15923 data points, 340 periods from 1.204 to 13.167 days
Using 1 of 8 CPU threads
Searching for best T0 for period 2.10691 days
Transit Least Squares TLS 1.32 (5 Apr 2024)
Creating model cache for 38 durations
Searching 18882 data points, 330 periods from 1.272 to 13.581 days
Using 1 of 8 CPU threads
Searching for best T0 for period 12.06752 days
Transit Least Squares TLS 1.32 (5 Apr 2024)
Creating model cache for 37 durations
Searching 16865 data points, 175 periods from 1.895 to 12.498 days
Using 1 of 8 CPU threads
Searching for best T0 for period 2.45850 days
Transit Least Squares TLS 1.32 (5 Apr 2024)
Creating model cache for 38 durations
Searching 18288 data points, 804 periods from 0.6 to 13.265 days
Using 1 of 8 CPU threads
Searching for best T0 for period 1.11964 days
Transit Least Squares TLS 1.32 (5 Apr 2024)
Creating model cache for 37 durations
Searching 13184 data points, 2171 periods from 0.601 to 12.157 days
Using 1 of 8 CPU threads
Searching for best T0 for period 9.39336 days
Transit Least Squares TLS 1.32 (5 Apr 2024)
Creating model cache for 38 durations
Searching 15700 data points, 434 periods from 1.007 to 13.352 days
Using 1 of 8 CPU threads
Searching for best T0 for period 3.26060 days
Transit Least Squares TLS 1.32 (5 Apr 2024)
Creating model cache for 37 durations
Searching 12686 data points, 679 periods from 0.601 to 11.515 days
Using 1 of 8 CPU threads
Searching for best T0 for period 11.26292 days
Transit Least Squares TLS 1.32 (5 Apr 2024)
Creating model cache for 37 durations
Searching 13795 data points, 231 periods from 1.5 to 12.156 days
Using 1 of 8 CPU threads
Searching for best T0 for period 3.63352 days
Transit Least Squares TLS 1.32 (5 Apr 2024)
Creating model cache for 38 durations
Searching 17457 data points, 2334 periods from 0.601 to 12.92 days
Using 1 of 8 CPU threads
Searching for best T0 for period 1.28118 days
Transit Least Squares TLS 1.32 (5 Apr 2024)
Creating model cache for 37 durations
Searching 14908 data points, 327 periods from 1.115 to 11.813 days
Using 1 of 8 CPU threads
Searching for best T0 for period 1.96534 days
Transit Least Squares TLS 1.32 (5 Apr 2024)
Creating model cache for 37 durations
Searching 17367 data points, 287 periods from 1.309 to 12.513 days
Using 1 of 8 CPU threads
Searching for best T0 for period 2.15710 days
Transit Least Squares TLS 1.32 (5 Apr 2024)
Creating model cache for 37 durations
Searching 15653 data points, 121 periods from 2.43 to 12.367 days
Using 1 of 8 CPU threads
Searching for best T0 for period 3.30749 days
Transit Least Squares TLS 1.32 (5 Apr 2024)
Creating model cache for 38 durations
Searching 18318 data points, 806 periods from 0.601 to 13.294 days
Using 1 of 8 CPU threads
Searching for best T0 for period 1.68610 days
Transit Least Squares TLS 1.32 (5 Apr 2024)
Creating model cache for 38 durations
Searching 18424 data points, 815 periods from 0.601 to 13.425 days
Using 1 of 8 CPU threads
Searching for best T0 for period 0.96710 days
Transit Least Squares TLS 1.32 (5 Apr 2024)
Creating model cache for 36 durations
Searching 12802 data points, 168 periods from 1.577 to 10.133 days
Using 1 of 8 CPU threads
Searching for best T0 for period 2.10161 days
Transit Least Squares TLS 1.32 (5 Apr 2024)
Creating model cache for 37 durations
Searching 990 data points, 696 periods from 0.6 to 11.75 days
Using 1 of 8 CPU threads
Searching for best T0 for period 2.58768 days
Transit Least Squares TLS 1.32 (5 Apr 2024)
Creating model cache for 37 durations
Searching 14979 data points, 255 periods from 1.338 to 11.717 days
Using 1 of 8 CPU threads
Searching for best T0 for period 1.78302 days
Transit Least Squares TLS 1.32 (5 Apr 2024)
Creating model cache for 37 durations
Searching 16817 data points, 2240 periods from 0.601 to 12.481 days
Using 1 of 8 CPU threads
Searching for best T0 for period 0.72859 days
Transit Least Squares TLS 1.32 (5 Apr 2024)
Creating model cache for 37 durations
Searching 17318 data points, 283 periods from 1.303 to 12.362 days
Using 1 of 8 CPU threads
Searching for best T0 for period 2.37673 days
Transit Least Squares TLS 1.32 (5 Apr 2024)
Creating model cache for 38 durations
Searching 1171 data points, 539 periods from 0.87 to 13.771 days
Using 1 of 8 CPU threads
Searching for best T0 for period 7.60241 days
Transit Least Squares TLS 1.32 (5 Apr 2024)
Creating model cache for 38 durations
Searching 18658 data points, 425 periods from 1.048 to 13.673 days
Using 1 of 8 CPU threads
Searching for best T0 for period 3.05360 days
Transit Least Squares TLS 1.32 (5 Apr 2024)
Creating model cache for 38 durations
Searching 12874 data points, 191 periods from 1.989 to 14.031 days
Using 1 of 8 CPU threads
Searching for best T0 for period 2.32258 days
Transit Least Squares TLS 1.32 (5 Apr 2024)
Creating model cache for 38 durations
Searching 14447 data points, 341 periods from 1.178 to 12.92 days
Using 1 of 8 CPU threads
Searching for best T0 for period 1.61732 days
Transit Least Squares TLS 1.32 (5 Apr 2024)
Creating model cache for 38 durations
Searching 15635 data points, 1055 periods from 0.488 to 13.581 days
Using 1 of 8 CPU threads
Searching for best T0 for period 1.78481 days
Transit Least Squares TLS 1.32 (5 Apr 2024)
Creating model cache for 37 durations
Searching 13219 data points, 637 periods from 0.665 to 12.085 days
Using 1 of 8 CPU threads
Searching for best T0 for period 1.30296 days
Transit Least Squares TLS 1.32 (5 Apr 2024)
Creating model cache for 37 durations
Searching 15965 data points, 720 periods from 0.601 to 12.09 days
Using 1 of 8 CPU threads
Searching for best T0 for period 4.08778 days
Transit Least Squares TLS 1.32 (5 Apr 2024)
Creating model cache for 38 durations
Searching 19433 data points, 364 periods from 1.204 to 13.885 days
Using 1 of 8 CPU threads
Searching for best T0 for period 1.83216 days
Transit Least Squares TLS 1.32 (5 Apr 2024)
Creating model cache for 38 durations
Searching 17989 data points, 884 periods from 0.601 to 14.38 days
Using 1 of 8 CPU threads
Searching for best T0 for period 0.72830 days
Transit Least Squares TLS 1.32 (5 Apr 2024)
Creating model cache for 37 durations
Searching 14622 data points, 104 periods from 2.594 to 11.909 days
Using 1 of 8 CPU threads
Searching for best T0 for period 4.94181 days
Transit Least Squares TLS 1.32 (5 Apr 2024)
Creating model cache for 37 durations
Searching 14106 data points, 283 periods from 1.269 to 12.035 days
Using 1 of 8 CPU threads
Searching for best T0 for period 2.26721 days
Transit Least Squares TLS 1.32 (5 Apr 2024)
Creating model cache for 38 durations
Searching 16460 data points, 261 periods from 1.488 to 13.232 days
Using 1 of 8 CPU threads
Searching for best T0 for period 1.73394 days
Transit Least Squares TLS 1.32 (5 Apr 2024)
Creating model cache for 37 durations
Searching 13812 data points, 726 periods from 0.601 to 12.181 days
Using 1 of 8 CPU threads
Searching for best T0 for period 0.99831 days
Transit Least Squares TLS 1.32 (5 Apr 2024)
Creating model cache for 36 durations
/Library/Frameworks/Python.framework/Versions/3.11/lib/python3.11/site-packages/transitleastsquares/grid.py:149: UserWarning: period_grid defaults to R_star=1 and M_star=1 as given density yielded grid with too few values
  warnings.warn(
  [800/1600] done (8071s elapsed, ~8071s remaining, 442/800 usable so far)
/Library/Frameworks/Python.framework/Versions/3.11/lib/python3.11/site-packages/transitleastsquares/main.py:411: UserWarning: 1 of 3 transits without data. The true period may be twice the given period.
  warnings.warn(text)
/Library/Frameworks/Python.framework/Versions/3.11/lib/python3.11/site-packages/transitleastsquares/grid.py:149: UserWarning: period_grid defaults to R_star=1 and M_star=1 as given density yielded grid with too few values
  warnings.warn(
/Library/Frameworks/Python.framework/Versions/3.11/lib/python3.11/site-packages/transitleastsquares/grid.py:149: UserWarning: period_grid defaults to R_star=1 and M_star=1 as given density yielded grid with too few values
  warnings.warn(
  [820/1600] done (8207s elapsed, ~7807s remaining, 453/820 usable so far)
/Library/Frameworks/Python.framework/Versions/3.11/lib/python3.11/site-packages/transitleastsquares/grid.py:149: UserWarning: period_grid defaults to R_star=1 and M_star=1 as given density yielded grid with too few values
  warnings.warn(
/Library/Frameworks/Python.framework/Versions/3.11/lib/python3.11/site-packages/transitleastsquares/stats.py:458: RuntimeWarning: divide by zero encountered in scalar divide
  snr_pink_per_transit[i] = (1 - mean_flux) / pinknoise
  [840/1600] done (8347s elapsed, ~7552s remaining, 462/840 usable so far)
/Library/Frameworks/Python.framework/Versions/3.11/lib/python3.11/site-packages/transitleastsquares/grid.py:149: UserWarning: period_grid defaults to R_star=1 and M_star=1 as given density yielded grid with too few values
  warnings.warn(
Searching 16993 data points, 1746 periods from 0.292 to 12.604 days
Using 1 of 8 CPU threads
Searching for best T0 for period 8.36072 days
Transit Least Squares TLS 1.32 (5 Apr 2024)
Creating model cache for 38 durations
Searching 17889 data points, 793 periods from 0.601 to 13.115 days
Using 1 of 8 CPU threads
Searching for best T0 for period 1.70969 days
Transit Least Squares TLS 1.32 (5 Apr 2024)
Creating model cache for 37 durations
Searching 15613 data points, 715 periods from 0.601 to 12.02 days
Using 1 of 8 CPU threads
Searching for best T0 for period 1.40106 days
Transit Least Squares TLS 1.32 (5 Apr 2024)
Creating model cache for 37 durations
Searching 15470 data points, 2184 periods from 0.602 to 12.22 days
Using 1 of 8 CPU threads
Searching for best T0 for period 3.24970 days
Transit Least Squares TLS 1.32 (5 Apr 2024)
Creating model cache for 37 durations
Searching 16673 data points, 194 periods from 1.753 to 12.51 days
Using 1 of 8 CPU threads
Searching for best T0 for period 8.57365 days
Transit Least Squares TLS 1.32 (5 Apr 2024)
Creating model cache for 37 durations
Searching 16342 data points, 338 periods from 1.123 to 12.227 days
Using 1 of 8 CPU threads
Searching for best T0 for period 2.23687 days
Transit Least Squares TLS 1.32 (5 Apr 2024)
Creating model cache for 38 durations
Searching 14182 data points, 155 periods from 2.292 to 13.847 days
Using 1 of 8 CPU threads
Searching for best T0 for period 6.81428 days
Transit Least Squares TLS 1.32 (5 Apr 2024)
Creating model cache for 38 durations
Searching 10621 data points, 382 periods from 1.114 to 13.352 days
Using 1 of 8 CPU threads
Searching for best T0 for period 1.65009 days
Transit Least Squares TLS 1.32 (5 Apr 2024)
Creating model cache for 38 durations
Searching 19022 data points, 2467 periods from 0.601 to 13.539 days
Using 1 of 8 CPU threads
Searching for best T0 for period 4.90973 days
Transit Least Squares TLS 1.32 (5 Apr 2024)
Creating model cache for 37 durations
Searching 896 data points, 1152 periods from 0.422 to 12.677 days
Using 1 of 8 CPU threads
Searching for best T0 for period 0.62904 days
Transit Least Squares TLS 1.32 (5 Apr 2024)
Creating model cache for 36 durations
Searching 973 data points, 1897 periods from 0.602 to 10.865 days
Using 1 of 8 CPU threads
Searching for best T0 for period 2.04458 days
Transit Least Squares TLS 1.32 (5 Apr 2024)
Creating model cache for 38 durations
Searching 17845 data points, 575 periods from 0.77 to 12.852 days
Using 1 of 8 CPU threads
Searching for best T0 for period 3.48638 days
Transit Least Squares TLS 1.32 (5 Apr 2024)
Creating model cache for 38 durations
Searching 17442 data points, 110 periods from 2.707 to 12.92 days
Using 1 of 8 CPU threads
Searching for best T0 for period 2.93057 days
Transit Least Squares TLS 1.32 (5 Apr 2024)
Creating model cache for 38 durations
Searching 962 data points, 377 periods from 1.115 to 13.219 days
Using 1 of 8 CPU threads
Searching for best T0 for period 3.88721 days
Transit Least Squares TLS 1.32 (5 Apr 2024)
Creating model cache for 37 durations
Searching 17330 data points, 2236 periods from 0.601 to 12.46 days
Using 1 of 8 CPU threads
Searching for best T0 for period 2.92318 days
Transit Least Squares TLS 1.32 (5 Apr 2024)
Creating model cache for 37 durations
Searching 16799 data points, 450 periods from 0.912 to 12.454 days
Using 1 of 8 CPU threads
Searching for best T0 for period 6.60681 days
Transit Least Squares TLS 1.32 (5 Apr 2024)
Creating model cache for 38 durations
Searching 14333 data points, 1667 periods from 0.336 to 13.94 days
Using 1 of 8 CPU threads
Searching for best T0 for period 10.21149 days
Transit Least Squares TLS 1.32 (5 Apr 2024)
Creating model cache for 37 durations
Searching 15618 data points, 300 periods from 1.211 to 12.021 days
Using 1 of 8 CPU threads
Searching for best T0 for period 4.72638 days
Transit Least Squares TLS 1.32 (5 Apr 2024)
Creating model cache for 38 durations
Searching 12874 data points, 1675 periods from 0.337 to 14.031 days
Using 1 of 8 CPU threads
Searching for best T0 for period 1.05994 days
Transit Least Squares TLS 1.32 (5 Apr 2024)
Creating model cache for 37 durations
Searching 13826 data points, 312 periods from 1.191 to 12.176 days
Using 1 of 8 CPU threads
Searching for best T0 for period 2.39869 days
Transit Least Squares TLS 1.32 (5 Apr 2024)
Creating model cache for 37 durations
Searching 16770 data points, 210 periods from 1.651 to 12.468 days
Using 1 of 8 CPU threads
Searching for best T0 for period 5.33879 days
Transit Least Squares TLS 1.32 (5 Apr 2024)
Creating model cache for 37 durations
Searching 16780 data points, 116 periods from 2.464 to 12.181 days
Using 1 of 8 CPU threads
Searching for best T0 for period 3.38619 days
Transit Least Squares TLS 1.32 (5 Apr 2024)
Creating model cache for 36 durations
Searching 12933 data points, 868 periods from 0.43 to 10.133 days
Using 1 of 8 CPU threads
Searching for best T0 for period 0.73939 days
Transit Least Squares TLS 1.32 (5 Apr 2024)
Creating model cache for 38 durations
Searching 13162 data points, 826 periods from 0.601 to 13.581 days
Using 1 of 8 CPU threads
Searching for best T0 for period 0.67463 days
Transit Least Squares TLS 1.32 (5 Apr 2024)
Creating model cache for 37 durations
Searching 1138 data points, 360 periods from 1.115 to 12.74 days
Using 1 of 8 CPU threads
Searching for best T0 for period 1.36407 days
Transit Least Squares TLS 1.32 (5 Apr 2024)
Creating model cache for 37 durations
Searching 15725 data points, 1588 periods from 0.308 to 12.228 days
Using 1 of 8 CPU threads
Searching for best T0 for period 2.59640 days
Transit Least Squares TLS 1.32 (5 Apr 2024)
Creating model cache for 37 durations
Searching 945 data points, 182 periods from 1.692 to 11.511 days
Using 1 of 8 CPU threads
Searching for best T0 for period 11.17569 days
Transit Least Squares TLS 1.32 (5 Apr 2024)
Creating model cache for 37 durations
Searching 16817 data points, 2240 periods from 0.601 to 12.481 days
Using 1 of 8 CPU threads
Searching for best T0 for period 1.51509 days
Transit Least Squares TLS 1.32 (5 Apr 2024)
Creating model cache for 37 durations
Searching 13157 data points, 819 periods from 0.539 to 12.085 days
Using 1 of 8 CPU threads
Searching for best T0 for period 0.62605 days
Transit Least Squares TLS 1.32 (5 Apr 2024)
Creating model cache for 37 durations
Searching 16746 data points, 896 periods from 0.505 to 12.22 days
Using 1 of 8 CPU threads
Searching for best T0 for period 0.78707 days
Transit Least Squares TLS 1.32 (5 Apr 2024)
Creating model cache for 38 durations
Searching 1184 data points, 684 periods from 0.721 to 13.906 days
Using 1 of 8 CPU threads
Searching for best T0 for period 1.96915 days
Transit Least Squares TLS 1.32 (5 Apr 2024)
Creating model cache for 38 durations
Searching 17898 data points, 572 periods from 0.788 to 13.115 days
Using 1 of 8 CPU threads
Searching for best T0 for period 1.76387 days
Transit Least Squares TLS 1.32 (5 Apr 2024)
Creating model cache for 37 durations
Searching 971 data points, 166 periods from 1.837 to 11.677 days
Using 1 of 8 CPU threads
Searching for best T0 for period 1.98250 days
Transit Least Squares TLS 1.32 (5 Apr 2024)
Creating model cache for 38 durations
Searching 18279 data points, 1258 periods from 0.43 to 13.94 days
Using 1 of 8 CPU threads
Searching for best T0 for period 0.97895 days
Transit Least Squares TLS 1.32 (5 Apr 2024)
Creating model cache for 37 durations
Searching 14911 data points, 320 periods from 1.145 to 11.942 days
Using 1 of 8 CPU threads
Searching for best T0 for period 1.20526 days
Transit Least Squares TLS 1.32 (5 Apr 2024)
Creating model cache for 38 durations
Searching 15264 data points, 779 periods from 0.6 to 12.915 days
Using 1 of 8 CPU threads
Searching for best T0 for period 2.91016 days
Transit Least Squares TLS 1.32 (5 Apr 2024)
Creating model cache for 37 durations
Searching 16774 data points, 305 periods from 1.244 to 12.493 days
Using 1 of 8 CPU threads
Searching for best T0 for period 1.51473 days
Transit Least Squares TLS 1.32 (5 Apr 2024)
Creating model cache for 38 durations
/Library/Frameworks/Python.framework/Versions/3.11/lib/python3.11/site-packages/transitleastsquares/main.py:411: UserWarning: 5 of 14 transits without data. The true period may be twice the given period.
  warnings.warn(text)
Searching 18310 data points, 806 periods from 0.6 to 13.292 days
Using 1 of 8 CPU threads
Searching for best T0 for period 0.95166 days
Transit Least Squares TLS 1.32 (5 Apr 2024)
Creating model cache for 38 durations
Searching 18414 data points, 815 periods from 0.601 to 13.425 days
Using 1 of 8 CPU threads
Searching for best T0 for period 0.91515 days
Transit Least Squares TLS 1.32 (5 Apr 2024)
Creating model cache for 38 durations
Searching 18491 data points, 193 periods from 1.883 to 13.348 days
Using 1 of 8 CPU threads
Searching for best T0 for period 9.26268 days
Transit Least Squares TLS 1.32 (5 Apr 2024)
Creating model cache for 38 durations
Searching 19606 data points, 136 periods from 2.557 to 14.1 days
Using 1 of 8 CPU threads
Searching for best T0 for period 2.71109 days
Transit Least Squares TLS 1.32 (5 Apr 2024)
Creating model cache for 37 durations
Searching 16101 data points, 118 periods from 2.538 to 12.668 days
Using 1 of 8 CPU threads
Searching for best T0 for period 4.27564 days
Transit Least Squares TLS 1.32 (5 Apr 2024)
Creating model cache for 37 durations
Searching 15352 data points, 359 periods from 1.069 to 12.2 days
Using 1 of 8 CPU threads
Searching for best T0 for period 2.61404 days
Transit Least Squares TLS 1.32 (5 Apr 2024)
Creating model cache for 37 durations
Searching 15943 data points, 247 periods from 1.426 to 12.164 days
Using 1 of 8 CPU threads
Searching for best T0 for period 4.87554 days
Transit Least Squares TLS 1.32 (5 Apr 2024)
Creating model cache for 37 durations
Searching 16307 data points, 6673 periods from 0.084 to 12.227 days
Using 1 of 8 CPU threads
Searching for best T0 for period 0.24493 days
Transit Least Squares TLS 1.32 (5 Apr 2024)
Creating model cache for 38 durations
Searching 15177 data points, 217 periods from 1.712 to 13.242 days
Using 1 of 8 CPU threads
Searching for best T0 for period 8.93120 days
Transit Least Squares TLS 1.32 (5 Apr 2024)
Creating model cache for 36 durations
Searching 12502 data points, 854 periods from 0.436 to 10.132 days
Using 1 of 8 CPU threads
Searching for best T0 for period 0.54233 days
Transit Least Squares TLS 1.32 (5 Apr 2024)
Creating model cache for 38 durations
Searching 16853 data points, 358 periods from 1.149 to 13.066 days
Using 1 of 8 CPU threads
Searching for best T0 for period 1.78649 days
Transit Least Squares TLS 1.32 (5 Apr 2024)
Creating model cache for 38 durations
Searching 1184 data points, 530 periods from 0.891 to 13.906 days
Using 1 of 8 CPU threads
Searching for best T0 for period 7.32923 days
Transit Least Squares TLS 1.32 (5 Apr 2024)
Creating model cache for 38 durations
Searching 16619 data points, 793 periods from 0.61 to 13.313 days
Using 1 of 8 CPU threads
Searching for best T0 for period 2.85473 days
Transit Least Squares TLS 1.32 (5 Apr 2024)
Creating model cache for 37 durations
Searching 981 data points, 697 periods from 0.6 to 11.76 days
Using 1 of 8 CPU threads
Searching for best T0 for period 1.08422 days
Transit Least Squares TLS 1.32 (5 Apr 2024)
Creating model cache for 37 durations
Searching 14124 data points, 645 periods from 0.683 to 12.547 days
Using 1 of 8 CPU threads
Searching for best T0 for period 2.40128 days
Transit Least Squares TLS 1.32 (5 Apr 2024)
Creating model cache for 37 durations
Searching 14967 data points, 188 periods from 1.725 to 11.993 days
Using 1 of 8 CPU threads
Searching for best T0 for period 3.84130 days
Transit Least Squares TLS 1.32 (5 Apr 2024)
Creating model cache for 36 durations
Searching 14235 data points, 354 periods from 0.964 to 10.886 days
Using 1 of 8 CPU threads
Searching for best T0 for period 2.92670 days
Transit Least Squares TLS 1.32 (5 Apr 2024)
Creating model cache for 38 durations
Searching 17317 data points, 748 periods from 0.619 to 12.863 days
Using 1 of 8 CPU threads
Searching for best T0 for period 3.08933 days
Transit Least Squares TLS 1.32 (5 Apr 2024)
Creating model cache for 38 durations
Searching 12109 data points, 650 periods from 0.71 to 13.119 days
Using 1 of 8 CPU threads
Searching for best T0 for period 3.68578 days
Transit Least Squares TLS 1.32 (5 Apr 2024)
Creating model cache for 37 durations
Searching 1136 data points, 147 periods from 2.18 to 12.719 days
Using 1 of 8 CPU threads
Searching for best T0 for period 3.02543 days
Transit Least Squares TLS 1.32 (5 Apr 2024)
Creating model cache for 37 durations
Searching 16553 data points, 233 periods from 1.496 to 12.22 days
Using 1 of 8 CPU threads
Searching for best T0 for period 3.30490 days
Transit Least Squares TLS 1.32 (5 Apr 2024)
Creating model cache for 38 durations
Searching 19609 data points, 346 periods from 1.273 to 14.1 days
Using 1 of 8 CPU threads
Searching for best T0 for period 1.73160 days
Transit Least Squares TLS 1.32 (5 Apr 2024)
Creating model cache for 37 durations
Searching 15975 data points, 729 periods from 0.601 to 12.218 days
Using 1 of 8 CPU threads
Searching for best T0 for period 2.21335 days
Transit Least Squares TLS 1.32 (5 Apr 2024)
Creating model cache for 37 durations
Searching 14896 data points, 986 periods from 0.463 to 12.156 days
Using 1 of 8 CPU threads
Searching for best T0 for period 0.64299 days
Transit Least Squares TLS 1.32 (5 Apr 2024)
Creating model cache for 38 durations
Searching 18694 data points, 676 periods from 0.731 to 13.959 days
Using 1 of 8 CPU threads
Searching for best T0 for period 3.53957 days
Transit Least Squares TLS 1.32 (5 Apr 2024)
Creating model cache for 38 durations
Searching 17165 data points, 2322 periods from 0.601 to 12.863 days
Using 1 of 8 CPU threads
Searching for best T0 for period 4.12135 days
Transit Least Squares TLS 1.32 (5 Apr 2024)
Creating model cache for 38 durations
Searching 14615 data points, 2476 periods from 0.601 to 13.581 days
Using 1 of 8 CPU threads
Searching for best T0 for period 0.98889 days
Transit Least Squares TLS 1.32 (5 Apr 2024)
Creating model cache for 38 durations
Searching 13736 data points, 2418 periods from 0.601 to 13.312 days
Using 1 of 8 CPU threads
Searching for best T0 for period 0.69174 days
Transit Least Squares TLS 1.32 (5 Apr 2024)
Creating model cache for 36 durations
Searching 970 data points, 263 periods from 1.213 to 10.864 days
Using 1 of 8 CPU threads
Searching for best T0 for period 1.40315 days
Transit Least Squares TLS 1.32 (5 Apr 2024)
Creating model cache for 38 durations
Searching 19473 data points, 2536 periods from 0.601 to 13.859 days
Using 1 of 8 CPU threads
Searching for best T0 for period 3.00389 days
Transit Least Squares TLS 1.32 (5 Apr 2024)
Creating model cache for 37 durations
Searching 12956 data points, 376 periods from 1.017 to 12.028 days
Using 1 of 8 CPU threads
Searching for best T0 for period 9.77459 days
Transit Least Squares TLS 1.32 (5 Apr 2024)
Creating model cache for 38 durations
Searching 17458 data points, 2334 periods from 0.601 to 12.92 days
Using 1 of 8 CPU threads
Searching for best T0 for period 6.30589 days
Transit Least Squares TLS 1.32 (5 Apr 2024)
Creating model cache for 37 durations
Searching 15448 data points, 344 periods from 1.079 to 11.909 days
Using 1 of 8 CPU threads
Searching for best T0 for period 2.02613 days
Transit Least Squares TLS 1.32 (5 Apr 2024)
Creating model cache for 38 durations
Searching 18881 data points, 120 periods from 2.685 to 13.581 days
Using 1 of 8 CPU threads
Searching for best T0 for period 5.31278 days
Transit Least Squares TLS 1.32 (5 Apr 2024)
Creating model cache for 38 durations
Searching 18236 data points, 254 periods from 1.512 to 13.173 days
Using 1 of 8 CPU threads
Searching for best T0 for period 2.77147 days
Transit Least Squares TLS 1.32 (5 Apr 2024)
Creating model cache for 37 durations
Searching 14673 data points, 693 periods from 0.601 to 11.711 days
Using 1 of 8 CPU threads
Searching for best T0 for period 2.11254 days
Transit Least Squares TLS 1.32 (5 Apr 2024)
Creating model cache for 37 durations
Searching 14231 data points, 445 periods from 0.9 to 12.19 days
Using 1 of 8 CPU threads
Searching for best T0 for period 3.90625 days
Transit Least Squares TLS 1.32 (5 Apr 2024)
Creating model cache for 38 durations
Searching 18276 data points, 213 periods from 1.827 to 13.94 days
/Library/Frameworks/Python.framework/Versions/3.11/lib/python3.11/site-packages/transitleastsquares/stats.py:458: RuntimeWarning: divide by zero encountered in scalar divide
  snr_pink_per_transit[i] = (1 - mean_flux) / pinknoise
Searching 12944 data points, 345 periods from 1.09 to 12.049 days
Using 1 of 8 CPU threads
Searching for best T0 for period 7.56632 days
Transit Least Squares TLS 1.32 (5 Apr 2024)
Creating model cache for 38 durations
Searching 19025 data points, 284 periods from 1.426 to 13.539 days
Using 1 of 8 CPU threads
Searching for best T0 for period 2.76064 days
Transit Least Squares TLS 1.32 (5 Apr 2024)
Creating model cache for 38 durations
Searching 1220 data points, 169 periods from 2.083 to 13.396 days
Using 1 of 8 CPU threads
Searching for best T0 for period 2.24593 days
Transit Least Squares TLS 1.32 (5 Apr 2024)
Creating model cache for 37 durations
Searching 9397 data points, 2140 periods from 0.601 to 12.009 days
Using 1 of 8 CPU threads
Searching for best T0 for period 0.84456 days
Transit Least Squares TLS 1.32 (5 Apr 2024)
Creating model cache for 36 durations
Searching 10938 data points, 1871 periods from 0.602 to 10.741 days
Using 1 of 8 CPU threads
Searching for best T0 for period 1.94919 days
Transit Least Squares TLS 1.32 (5 Apr 2024)
Creating model cache for 37 durations
Searching 13990 data points, 315 periods from 1.215 to 12.505 days
Using 1 of 8 CPU threads
Searching for best T0 for period 2.40023 days
Transit Least Squares TLS 1.32 (5 Apr 2024)
Creating model cache for 37 durations
Searching 14254 data points, 245 periods from 1.368 to 11.611 days
Using 1 of 8 CPU threads
Searching for best T0 for period 1.42111 days
Transit Least Squares TLS 1.32 (5 Apr 2024)
Creating model cache for 38 durations
Searching 15367 data points, 354 periods from 1.204 to 13.581 days
Using 1 of 8 CPU threads
Searching for best T0 for period 1.54667 days
Transit Least Squares TLS 1.32 (5 Apr 2024)
Creating model cache for 38 durations
Searching 18882 data points, 301 periods from 1.368 to 13.581 days
Using 1 of 8 CPU threads
Searching for best T0 for period 4.61733 days
Transit Least Squares TLS 1.32 (5 Apr 2024)
Creating model cache for 38 durations
Searching 18201 data points, 788 periods from 0.61 to 13.242 days
Using 1 of 8 CPU threads
Searching for best T0 for period 3.79899 days
Transit Least Squares TLS 1.32 (5 Apr 2024)
Creating model cache for 37 durations
Searching 11660 data points, 104 periods from 2.46 to 11.272 days
Using 1 of 8 CPU threads
Searching for best T0 for period 10.84914 days
Transit Least Squares TLS 1.32 (5 Apr 2024)
Creating model cache for 38 durations
Searching 18357 data points, 317 periods from 1.281 to 13.265 days
Using 1 of 8 CPU threads
Searching for best T0 for period 3.25497 days
Transit Least Squares TLS 1.32 (5 Apr 2024)
Creating model cache for 38 durations
Searching 17895 data points, 703 periods from 0.665 to 13.115 days
Using 1 of 8 CPU threads
Searching for best T0 for period 5.60808 days
Transit Least Squares TLS 1.32 (5 Apr 2024)
Creating model cache for 37 durations
Searching 794 data points, 148 periods from 2.043 to 11.979 days
Using 1 of 8 CPU threads
Searching for best T0 for period 3.99020 days
Transit Least Squares TLS 1.32 (5 Apr 2024)
Creating model cache for 38 durations
Searching 13654 data points, 2212 periods from 0.252 to 13.425 days
Using 1 of 8 CPU threads
Searching for best T0 for period 7.15066 days
Transit Least Squares TLS 1.32 (5 Apr 2024)
Creating model cache for 37 durations
Searching 15613 data points, 715 periods from 0.601 to 12.02 days
Using 1 of 8 CPU threads
Searching for best T0 for period 5.43822 days
Transit Least Squares TLS 1.32 (5 Apr 2024)
Creating model cache for 38 durations
Searching 19610 data points, 563 periods from 0.859 to 14.1 days
Using 1 of 8 CPU threads
Searching for best T0 for period 7.52028 days
Transit Least Squares TLS 1.32 (5 Apr 2024)
Creating model cache for 37 durations
Searching 13459 data points, 669 periods from 0.601 to 11.373 days
Using 1 of 8 CPU threads
Searching for best T0 for period 0.67199 days
Transit Least Squares TLS 1.32 (5 Apr 2024)
Creating model cache for 36 durations
Searching 12802 data points, 168 periods from 1.577 to 10.133 days
Using 1 of 8 CPU threads
Searching for best T0 for period 7.76860 days
Transit Least Squares TLS 1.32 (5 Apr 2024)
Creating model cache for 38 durations
Searching 11517 data points, 325 periods from 1.273 to 13.425 days
Using 1 of 8 CPU threads
Searching for best T0 for period 4.72859 days
Transit Least Squares TLS 1.32 (5 Apr 2024)
Creating model cache for 38 durations
Searching 19607 data points, 197 periods from 1.958 to 14.1 days
Using 1 of 8 CPU threads
Searching for best T0 for period 6.15470 days
Transit Least Squares TLS 1.32 (5 Apr 2024)
Creating model cache for 35 durations
Searching 12209 data points, 2957 periods from 0.13 to 8.981 days
Using 1 of 8 CPU threads
Searching for best T0 for period 2.22476 days
Transit Least Squares TLS 1.32 (5 Apr 2024)
Creating model cache for 38 durations
Searching 17614 data points, 2136 periods from 0.252 to 13.022 days
Using 1 of 8 CPU threads
Searching for best T0 for period 1.28341 days
Transit Least Squares TLS 1.32 (5 Apr 2024)
Creating model cache for 38 durations
Searching 2616 data points, 367 periods from 1.169 to 13.576 days
Using 1 of 8 CPU threads
Searching for best T0 for period 2.13278 days
Transit Least Squares TLS 1.32 (5 Apr 2024)
Creating model cache for 38 durations
Searching 19474 data points, 147 periods from 2.371 to 13.848 days
Using 1 of 8 CPU threads
Searching for best T0 for period 6.27877 days
Transit Least Squares TLS 1.32 (5 Apr 2024)
Creating model cache for 37 durations
Searching 981 data points, 697 periods from 0.6 to 11.76 days
Using 1 of 8 CPU threads
Searching for best T0 for period 1.21152 days
Transit Least Squares TLS 1.32 (5 Apr 2024)
Creating model cache for 37 durations
Searching 16695 data points, 747 periods from 0.601 to 12.469 days
Using 1 of 8 CPU threads
Searching for best T0 for period 1.54041 days
Transit Least Squares TLS 1.32 (5 Apr 2024)
Creating model cache for 38 durations
Searching 19610 data points, 2588 periods from 0.601 to 14.1 days
Using 1 of 8 CPU threads
Searching for best T0 for period 3.89471 days
Transit Least Squares TLS 1.32 (5 Apr 2024)
Creating model cache for 38 durations
Searching 16844 data points, 789 periods from 0.601 to 13.063 days
Using 1 of 8 CPU threads
Searching for best T0 for period 5.73407 days
Transit Least Squares TLS 1.32 (5 Apr 2024)
Creating model cache for 38 durations
Searching 19020 data points, 2467 periods from 0.601 to 13.539 days
Using 1 of 8 CPU threads
Searching for best T0 for period 0.96689 days
Transit Least Squares TLS 1.32 (5 Apr 2024)
Creating model cache for 37 durations
Searching 13674 data points, 239 periods from 1.363 to 11.354 days
Using 1 of 8 CPU threads
Searching for best T0 for period 4.20253 days
Transit Least Squares TLS 1.32 (5 Apr 2024)
Creating model cache for 38 durations
Searching 17991 data points, 1960 periods from 0.301 to 14.38 days
Using 1 of 8 CPU threads
Searching for best T0 for period 13.59829 days
Transit Least Squares TLS 1.32 (5 Apr 2024)
Creating model cache for 37 durations
Searching 16784 data points, 747 periods from 0.601 to 12.469 days
Using 1 of 8 CPU threads
Searching for best T0 for period 1.79781 days
Transit Least Squares TLS 1.32 (5 Apr 2024)
Creating model cache for 37 durations
Searching 14167 data points, 398 periods from 0.988 to 12.219 days
Using 1 of 8 CPU threads
Searching for best T0 for period 1.51530 days
Transit Least Squares TLS 1.32 (5 Apr 2024)
Creating model cache for 38 durations
Searching 18409 data points, 815 periods from 0.601 to 13.425 days
Using 1 of 8 CPU threads
Searching for best T0 for period 5.56249 days
Transit Least Squares TLS 1.32 (5 Apr 2024)
Creating model cache for 37 durations
Searching 15972 data points, 174 periods from 1.84 to 12.094 days
Using 1 of 8 CPU threads
Searching for best T0 for period 2.36974 days
Transit Least Squares TLS 1.32 (5 Apr 2024)
Creating model cache for 38 durations
Searching 14758 data points, 3018 periods from 0.182 to 12.785 days
Using 1 of 8 CPU threads
Searching for best T0 for period 2.49080 days
Transit Least Squares TLS 1.32 (5 Apr 2024)
Creating model cache for 37 durations
  [860/1600] done (8504s elapsed, ~7317s remaining, 475/860 usable so far)
/Library/Frameworks/Python.framework/Versions/3.11/lib/python3.11/site-packages/transitleastsquares/main.py:411: UserWarning: 5 of 15 transits without data. The true period may be twice the given period.
  warnings.warn(text)
/Library/Frameworks/Python.framework/Versions/3.11/lib/python3.11/site-packages/transitleastsquares/main.py:411: UserWarning: 1 of 3 transits without data. The true period may be twice the given period.
  warnings.warn(text)
Searching 986 data points, 160 periods from 1.894 to 11.75 days
Using 1 of 8 CPU threads
Searching for best T0 for period 2.41186 days
Transit Least Squares TLS 1.32 (5 Apr 2024)
Creating model cache for 38 durations
Searching 19612 data points, 292 periods from 1.436 to 13.94 days
Using 1 of 8 CPU threads
Searching for best T0 for period 2.27631 days
Transit Least Squares TLS 1.32 (5 Apr 2024)
Creating model cache for 38 durations
Searching 12967 data points, 692 periods from 0.684 to 13.312 days
Using 1 of 8 CPU threads
Searching for best T0 for period 1.12091 days
Transit Least Squares TLS 1.32 (5 Apr 2024)
Creating model cache for 38 durations
Searching 16619 data points, 793 periods from 0.61 to 13.313 days
Using 1 of 8 CPU threads
Searching for best T0 for period 1.50691 days
Transit Least Squares TLS 1.32 (5 Apr 2024)
Creating model cache for 37 durations
Searching 13675 data points, 249 periods from 1.321 to 11.354 days
Using 1 of 8 CPU threads
Searching for best T0 for period 1.44226 days
Transit Least Squares TLS 1.32 (5 Apr 2024)
Creating model cache for 38 durations
Searching 19612 data points, 106 periods from 2.996 to 13.94 days
Using 1 of 8 CPU threads
Searching for best T0 for period 3.21213 days
Transit Least Squares TLS 1.32 (5 Apr 2024)
Creating model cache for 38 durations
Searching 18277 data points, 852 periods from 0.601 to 13.94 days
Using 1 of 8 CPU threads
Searching for best T0 for period 12.90292 days
Transit Least Squares TLS 1.32 (5 Apr 2024)
Creating model cache for 38 durations
Searching 17217 data points, 2351 periods from 0.601 to 12.998 days
Using 1 of 8 CPU threads
Searching for best T0 for period 7.78842 days
Transit Least Squares TLS 1.32 (5 Apr 2024)
Creating model cache for 38 durations
Searching 13292 data points, 17574 periods from 0.037 to 13.425 days
Using 1 of 8 CPU threads
Searching for best T0 for period 1.03261 days
Transit Least Squares TLS 1.32 (5 Apr 2024)
Creating model cache for 37 durations
Searching 14536 data points, 164 periods from 1.857 to 11.722 days
Using 1 of 8 CPU threads
Searching for best T0 for period 11.72160 days
Transit Least Squares TLS 1.32 (5 Apr 2024)
Creating model cache for 37 durations
Searching 14596 data points, 700 periods from 0.601 to 11.807 days
Using 1 of 8 CPU threads
Searching for best T0 for period 10.31153 days
Transit Least Squares TLS 1.32 (5 Apr 2024)
Creating model cache for 37 durations
Searching 14419 data points, 879 periods from 0.488 to 11.618 days
Using 1 of 8 CPU threads
Searching for best T0 for period 1.34949 days
Transit Least Squares TLS 1.32 (5 Apr 2024)
Creating model cache for 37 durations
Searching 965 data points, 279 periods from 1.27 to 11.906 days
Using 1 of 8 CPU threads
Searching for best T0 for period 3.53841 days
Transit Least Squares TLS 1.32 (5 Apr 2024)
Creating model cache for 37 durations
Searching 16516 data points, 240 periods from 1.471 to 12.295 days
Using 1 of 8 CPU threads
Searching for best T0 for period 6.10705 days
Transit Least Squares TLS 1.32 (5 Apr 2024)
Creating model cache for 37 durations
Searching 16710 data points, 696 periods from 0.637 to 12.463 days
Using 1 of 8 CPU threads
Searching for best T0 for period 3.78548 days
Transit Least Squares TLS 1.32 (5 Apr 2024)
Creating model cache for 37 durations
Searching 13770 data points, 290 periods from 1.182 to 11.402 days
Using 1 of 8 CPU threads
Searching for best T0 for period 1.81934 days
Transit Least Squares TLS 1.32 (5 Apr 2024)
Creating model cache for 37 durations
Searching 12993 data points, 307 periods from 1.183 to 11.925 days
Using 1 of 8 CPU threads
Searching for best T0 for period 5.15896 days
Transit Least Squares TLS 1.32 (5 Apr 2024)
Creating model cache for 37 durations
Searching 14617 data points, 2095 periods from 0.602 to 11.801 days
Using 1 of 8 CPU threads
Searching for best T0 for period 4.76090 days
Transit Least Squares TLS 1.32 (5 Apr 2024)
Creating model cache for 38 durations
Searching 17740 data points, 124 periods from 2.7 to 13.94 days
Using 1 of 8 CPU threads
Searching for best T0 for period 7.05822 days
Transit Least Squares TLS 1.32 (5 Apr 2024)
Creating model cache for 38 durations
Searching 19475 data points, 173 periods from 2.114 to 13.859 days
Using 1 of 8 CPU threads
Searching for best T0 for period 3.97067 days
Transit Least Squares TLS 1.32 (5 Apr 2024)
Creating model cache for 38 durations
Searching 17458 data points, 440 periods from 0.962 to 12.92 days
Using 1 of 8 CPU threads
Searching for best T0 for period 2.38716 days
Transit Least Squares TLS 1.32 (5 Apr 2024)
Creating model cache for 38 durations
Searching 1158 data points, 187 periods from 1.935 to 13.396 days
Using 1 of 8 CPU threads
Searching for best T0 for period 2.91558 days
Transit Least Squares TLS 1.32 (5 Apr 2024)
Creating model cache for 38 durations
Searching 18272 data points, 852 periods from 0.601 to 13.94 days
Using 1 of 8 CPU threads
Searching for best T0 for period 1.97520 days
Transit Least Squares TLS 1.32 (5 Apr 2024)
Creating model cache for 37 durations
Searching 14897 data points, 325 periods from 1.144 to 12.084 days
Using 1 of 8 CPU threads
Searching for best T0 for period 1.27420 days
Transit Least Squares TLS 1.32 (5 Apr 2024)
Creating model cache for 38 durations
Searching 18173 data points, 603 periods from 0.789 to 13.703 days
Using 1 of 8 CPU threads
Searching for best T0 for period 4.70723 days
Transit Least Squares TLS 1.32 (5 Apr 2024)
Creating model cache for 38 durations
Searching 14645 data points, 767 periods from 0.6 to 12.747 days
Using 1 of 8 CPU threads
Searching for best T0 for period 1.87672 days
Transit Least Squares TLS 1.32 (5 Apr 2024)
Creating model cache for 37 durations
Searching 1004 data points, 1356 periods from 0.359 to 12.438 days
Using 1 of 8 CPU threads
Searching for best T0 for period 3.06481 days
Transit Least Squares TLS 1.32 (5 Apr 2024)
Creating model cache for 37 durations
Searching 12572 data points, 586 periods from 0.683 to 11.588 days
Using 1 of 8 CPU threads
Searching for best T0 for period 0.86663 days
Transit Least Squares TLS 1.32 (5 Apr 2024)
Creating model cache for 37 durations
Searching 16342 data points, 189 periods from 1.75 to 12.218 days
Using 1 of 8 CPU threads
Searching for best T0 for period 5.55525 days
Transit Least Squares TLS 1.32 (5 Apr 2024)
Creating model cache for 38 durations
Searching 18854 data points, 818 periods from 0.6 to 13.458 days
Using 1 of 8 CPU threads
Searching for best T0 for period 7.44299 days
Transit Least Squares TLS 1.32 (5 Apr 2024)
Creating model cache for 37 durations
Searching 12653 data points, 140 periods from 2.17 to 12.22 days
Using 1 of 8 CPU threads
Searching for best T0 for period 2.38836 days
Transit Least Squares TLS 1.32 (5 Apr 2024)
Creating model cache for 38 durations
Searching 1195 data points, 692 periods from 0.703 to 13.677 days
Using 1 of 8 CPU threads
Searching for best T0 for period 3.72308 days
Transit Least Squares TLS 1.32 (5 Apr 2024)
Creating model cache for 37 durations
Searching 16407 data points, 746 periods from 0.601 to 12.458 days
Using 1 of 8 CPU threads
Searching for best T0 for period 2.12888 days
Transit Least Squares TLS 1.32 (5 Apr 2024)
Creating model cache for 38 durations
Searching 18423 data points, 1107 periods from 0.463 to 13.425 days
Using 1 of 8 CPU threads
Searching for best T0 for period 2.13685 days
Transit Least Squares TLS 1.32 (5 Apr 2024)
Creating model cache for 38 durations
Searching 18399 data points, 810 periods from 0.601 to 13.349 days
Using 1 of 8 CPU threads
Searching for best T0 for period 1.31635 days
Transit Least Squares TLS 1.32 (5 Apr 2024)
Creating model cache for 37 durations
Searching 15624 data points, 728 periods from 0.6 to 12.2 days
Using 1 of 8 CPU threads
Searching for best T0 for period 2.30822 days
Transit Least Squares TLS 1.32 (5 Apr 2024)
Creating model cache for 37 durations
Searching 811 data points, 119 periods from 2.387 to 11.99 days
Using 1 of 8 CPU threads
Searching for best T0 for period 8.51656 days
Transit Least Squares TLS 1.32 (5 Apr 2024)
Creating model cache for 37 durations
Searching 12554 data points, 345 periods from 1.046 to 11.575 days
/Library/Frameworks/Python.framework/Versions/3.11/lib/python3.11/site-packages/transitleastsquares/grid.py:149: UserWarning: period_grid defaults to R_star=1 and M_star=1 as given density yielded grid with too few values
  warnings.warn(
/Library/Frameworks/Python.framework/Versions/3.11/lib/python3.11/site-packages/transitleastsquares/main.py:411: UserWarning: 1 of 2 transits without data. The true period may be twice the given period.
  warnings.warn(text)
  [880/1600] done (8639s elapsed, ~7069s remaining, 483/880 usable so far)
/Library/Frameworks/Python.framework/Versions/3.11/lib/python3.11/site-packages/transitleastsquares/main.py:411: UserWarning: 3 of 9 transits without data. The true period may be twice the given period.
  warnings.warn(text)
/Library/Frameworks/Python.framework/Versions/3.11/lib/python3.11/site-packages/transitleastsquares/stats.py:458: RuntimeWarning: divide by zero encountered in scalar divide
  snr_pink_per_transit[i] = (1 - mean_flux) / pinknoise
/Library/Frameworks/Python.framework/Versions/3.11/lib/python3.11/site-packages/transitleastsquares/grid.py:149: UserWarning: period_grid defaults to R_star=1 and M_star=1 as given density yielded grid with too few values
  warnings.warn(
/Library/Frameworks/Python.framework/Versions/3.11/lib/python3.11/site-packages/transitleastsquares/main.py:411: UserWarning: 4 of 12 transits without data. The true period may be twice the given period.
  warnings.warn(text)
/Library/Frameworks/Python.framework/Versions/3.11/lib/python3.11/site-packages/transitleastsquares/grid.py:149: UserWarning: period_grid defaults to R_star=1 and M_star=1 as given density yielded grid with too few values
  warnings.warn(
/Library/Frameworks/Python.framework/Versions/3.11/lib/python3.11/site-packages/transitleastsquares/main.py:411: UserWarning: 5 of 9 transits without data. The true period may be twice the given period.
  warnings.warn(text)
/Library/Frameworks/Python.framework/Versions/3.11/lib/python3.11/site-packages/transitleastsquares/stats.py:458: RuntimeWarning: divide by zero encountered in scalar divide
  snr_pink_per_transit[i] = (1 - mean_flux) / pinknoise
/Library/Frameworks/Python.framework/Versions/3.11/lib/python3.11/site-packages/transitleastsquares/main.py:411: UserWarning: 5 of 8 transits without data. The true period may be twice the given period.
  warnings.warn(text)
/Library/Frameworks/Python.framework/Versions/3.11/lib/python3.11/site-packages/transitleastsquares/main.py:411: UserWarning: 1 of 3 transits without data. The true period may be twice the given period.
  warnings.warn(text)
/Library/Frameworks/Python.framework/Versions/3.11/lib/python3.11/site-packages/transitleastsquares/grid.py:149: UserWarning: period_grid defaults to R_star=1 and M_star=1 as given density yielded grid with too few values
  warnings.warn(
/Library/Frameworks/Python.framework/Versions/3.11/lib/python3.11/site-packages/transitleastsquares/grid.py:149: UserWarning: period_grid defaults to R_star=1 and M_star=1 as given density yielded grid with too few values
  warnings.warn(
  [900/1600] done (8752s elapsed, ~6807s remaining, 498/900 usable so far)
/Library/Frameworks/Python.framework/Versions/3.11/lib/python3.11/site-packages/transitleastsquares/grid.py:149: UserWarning: period_grid defaults to R_star=1 and M_star=1 as given density yielded grid with too few values
  warnings.warn(
/Library/Frameworks/Python.framework/Versions/3.11/lib/python3.11/site-packages/transitleastsquares/grid.py:149: UserWarning: period_grid defaults to R_star=1 and M_star=1 as given density yielded grid with too few values
  warnings.warn(
/Library/Frameworks/Python.framework/Versions/3.11/lib/python3.11/site-packages/numpy/_core/_methods.py:219: RuntimeWarning: Degrees of freedom <= 0 for slice
  ret = _var(a, axis=axis, dtype=dtype, out=out, ddof=ddof,
/Library/Frameworks/Python.framework/Versions/3.11/lib/python3.11/site-packages/numpy/_core/_methods.py:178: RuntimeWarning: invalid value encountered in divide
  arrmean = um.true_divide(arrmean, div, out=arrmean,
/Library/Frameworks/Python.framework/Versions/3.11/lib/python3.11/site-packages/numpy/_core/_methods.py:211: RuntimeWarning: invalid value encountered in scalar divide
  ret = ret.dtype.type(ret / rcount)
/Library/Frameworks/Python.framework/Versions/3.11/lib/python3.11/site-packages/transitleastsquares/main.py:411: UserWarning: 12 of 29 transits without data. The true period may be twice the given period.
  warnings.warn(text)
/Library/Frameworks/Python.framework/Versions/3.11/lib/python3.11/site-packages/transitleastsquares/main.py:411: UserWarning: 7 of 19 transits without data. The true period may be twice the given period.
  warnings.warn(text)
/Library/Frameworks/Python.framework/Versions/3.11/lib/python3.11/site-packages/transitleastsquares/grid.py:149: UserWarning: period_grid defaults to R_star=1 and M_star=1 as given density yielded grid with too few values
  warnings.warn(
  [920/1600] done (8928s elapsed, ~6599s remaining, 512/920 usable so far)
/Library/Frameworks/Python.framework/Versions/3.11/lib/python3.11/site-packages/transitleastsquares/grid.py:149: UserWarning: period_grid defaults to R_star=1 and M_star=1 as given density yielded grid with too few values
  warnings.warn(
Searching 19334 data points, 162 periods from 2.241 to 13.973 days
Using 1 of 8 CPU threads
Searching for best T0 for period 3.03799 days
Transit Least Squares TLS 1.32 (5 Apr 2024)
Creating model cache for 36 durations
Searching 11932 data points, 110 periods from 2.223 to 10.612 days
Using 1 of 8 CPU threads
Searching for best T0 for period 8.53533 days
Transit Least Squares TLS 1.32 (5 Apr 2024)
Creating model cache for 38 durations
Searching 17991 data points, 884 periods from 0.601 to 14.38 days
Using 1 of 8 CPU threads
Searching for best T0 for period 2.31753 days
Transit Least Squares TLS 1.32 (5 Apr 2024)
Creating model cache for 37 durations
Searching 1103 data points, 1135 periods from 0.422 to 12.51 days
Using 1 of 8 CPU threads
Searching for best T0 for period 5.63124 days
Transit Least Squares TLS 1.32 (5 Apr 2024)
Creating model cache for 37 durations
Searching 15706 data points, 351 periods from 1.079 to 12.078 days
Using 1 of 8 CPU threads
Searching for best T0 for period 1.44684 days
Transit Least Squares TLS 1.32 (5 Apr 2024)
Creating model cache for 38 durations
Searching 12874 data points, 126 periods from 2.679 to 14.031 days
Using 1 of 8 CPU threads
Searching for best T0 for period 5.88544 days
Transit Least Squares TLS 1.32 (5 Apr 2024)
Creating model cache for 38 durations
Searching 18214 data points, 486 periods from 0.91 to 13.243 days
Using 1 of 8 CPU threads
Searching for best T0 for period 1.42458 days
Transit Least Squares TLS 1.32 (5 Apr 2024)
Creating model cache for 38 durations
Searching 19097 data points, 300 periods from 1.401 to 13.886 days
Using 1 of 8 CPU threads
Searching for best T0 for period 1.96914 days
Transit Least Squares TLS 1.32 (5 Apr 2024)
Creating model cache for 38 durations
Searching 15080 data points, 345 periods from 1.205 to 13.312 days
Using 1 of 8 CPU threads
Searching for best T0 for period 6.37349 days
Transit Least Squares TLS 1.32 (5 Apr 2024)
Creating model cache for 38 durations
Searching 19475 data points, 864 periods from 0.601 to 14.1 days
Using 1 of 8 CPU threads
Searching for best T0 for period 7.84326 days
Transit Least Squares TLS 1.32 (5 Apr 2024)
Creating model cache for 38 durations
Searching 1195 data points, 670 periods from 0.722 to 13.677 days
Using 1 of 8 CPU threads
Searching for best T0 for period 3.26174 days
Transit Least Squares TLS 1.32 (5 Apr 2024)
Creating model cache for 37 durations
Searching 14629 data points, 562 periods from 0.721 to 11.817 days
Using 1 of 8 CPU threads
Searching for best T0 for period 1.77516 days
Transit Least Squares TLS 1.32 (5 Apr 2024)
Creating model cache for 37 durations
Searching 15972 data points, 334 periods from 1.135 to 12.238 days
Using 1 of 8 CPU threads
Searching for best T0 for period 1.79330 days
Transit Least Squares TLS 1.32 (5 Apr 2024)
Creating model cache for 38 durations
Searching 18321 data points, 2414 periods from 0.602 to 13.295 days
Using 1 of 8 CPU threads
Searching for best T0 for period 0.75022 days
Transit Least Squares TLS 1.32 (5 Apr 2024)
Creating model cache for 37 durations
Searching 13547 data points, 230 periods from 1.411 to 11.417 days
Using 1 of 8 CPU threads
Searching for best T0 for period 2.25521 days
Transit Least Squares TLS 1.32 (5 Apr 2024)
Creating model cache for 38 durations
Searching 909 data points, 601 periods from 0.75 to 12.99 days
Using 1 of 8 CPU threads
Searching for best T0 for period 0.88355 days
Transit Least Squares TLS 1.32 (5 Apr 2024)
Creating model cache for 37 durations
Searching 938 data points, 574 periods from 0.731 to 12.188 days
Using 1 of 8 CPU threads
Searching for best T0 for period 12.18756 days
Transit Least Squares TLS 1.32 (5 Apr 2024)
Creating model cache for 38 durations
Searching 1191 data points, 210 periods from 1.809 to 13.677 days
Using 1 of 8 CPU threads
Searching for best T0 for period 3.40573 days
Transit Least Squares TLS 1.32 (5 Apr 2024)
Creating model cache for 38 durations
Searching 13878 data points, 326 periods from 1.318 to 13.94 days
Using 1 of 8 CPU threads
Searching for best T0 for period 1.70415 days
Transit Least Squares TLS 1.32 (5 Apr 2024)
Creating model cache for 36 durations
Searching 13532 data points, 582 periods from 0.601 to 10.133 days
Using 1 of 8 CPU threads
Searching for best T0 for period 0.99430 days
Transit Least Squares TLS 1.32 (5 Apr 2024)
Creating model cache for 36 durations
Searching 12802 data points, 168 periods from 1.577 to 10.133 days
Using 1 of 8 CPU threads
Searching for best T0 for period 7.76860 days
Transit Least Squares TLS 1.32 (5 Apr 2024)
Creating model cache for 37 durations
Searching 13908 data points, 680 periods from 0.6 to 11.521 days
Using 1 of 8 CPU threads
Searching for best T0 for period 0.71198 days
Transit Least Squares TLS 1.32 (5 Apr 2024)
Creating model cache for 37 durations
Searching 15706 data points, 351 periods from 1.079 to 12.078 days
Using 1 of 8 CPU threads
Searching for best T0 for period 2.32595 days
Transit Least Squares TLS 1.32 (5 Apr 2024)
Creating model cache for 37 durations
Searching 13567 data points, 1270 periods from 0.35 to 11.429 days
Using 1 of 8 CPU threads
Searching for best T0 for period 2.75983 days
Transit Least Squares TLS 1.32 (5 Apr 2024)
Creating model cache for 38 durations
Searching 14263 data points, 852 periods from 0.601 to 13.94 days
Using 1 of 8 CPU threads
Searching for best T0 for period 5.55382 days
Transit Least Squares TLS 1.32 (5 Apr 2024)
Creating model cache for 37 durations
Searching 14463 data points, 495 periods from 0.86 to 12.695 days
Using 1 of 8 CPU threads
Searching for best T0 for period 1.71228 days
Transit Least Squares TLS 1.32 (5 Apr 2024)
Creating model cache for 38 durations
Searching 18415 data points, 8068 periods from 0.077 to 13.425 days
Using 1 of 8 CPU threads
Searching for best T0 for period 0.95238 days
Transit Least Squares TLS 1.32 (5 Apr 2024)
Creating model cache for 37 durations
Searching 16748 data points, 558 periods from 0.75 to 12.22 days
Using 1 of 8 CPU threads
Searching for best T0 for period 0.79613 days
Transit Least Squares TLS 1.32 (5 Apr 2024)
Creating model cache for 38 durations
Searching 18424 data points, 735 periods from 0.656 to 13.425 days
Using 1 of 8 CPU threads
Searching for best T0 for period 2.94847 days
Transit Least Squares TLS 1.32 (5 Apr 2024)
Creating model cache for 38 durations
Searching 18613 data points, 659 periods from 0.732 to 13.673 days
Using 1 of 8 CPU threads
Searching for best T0 for period 3.22735 days
Transit Least Squares TLS 1.32 (5 Apr 2024)
Creating model cache for 38 durations
Searching 12419 data points, 786 periods from 0.601 to 13.022 days
Using 1 of 8 CPU threads
Searching for best T0 for period 1.74547 days
Transit Least Squares TLS 1.32 (5 Apr 2024)
Creating model cache for 38 durations
Searching 19605 data points, 864 periods from 0.601 to 14.1 days
Using 1 of 8 CPU threads
Searching for best T0 for period 3.64317 days
Transit Least Squares TLS 1.32 (5 Apr 2024)
Creating model cache for 36 durations
Searching 10938 data points, 1871 periods from 0.602 to 10.741 days
Using 1 of 8 CPU threads
Searching for best T0 for period 6.33483 days
Transit Least Squares TLS 1.32 (5 Apr 2024)
Creating model cache for 36 durations
Searching 14584 data points, 635 periods from 0.601 to 10.886 days
Using 1 of 8 CPU threads
Searching for best T0 for period 10.88621 days
Transit Least Squares TLS 1.32 (5 Apr 2024)
Creating model cache for 37 durations
Searching 824 data points, 2104 periods from 0.602 to 11.844 days
Using 1 of 8 CPU threads
Searching for best T0 for period 0.79937 days
Transit Least Squares TLS 1.32 (5 Apr 2024)
Creating model cache for 37 durations
Searching 14842 data points, 705 periods from 0.601 to 11.883 days
Using 1 of 8 CPU threads
Searching for best T0 for period 2.88682 days
Transit Least Squares TLS 1.32 (5 Apr 2024)
Creating model cache for 38 durations
Searching 18409 data points, 815 periods from 0.601 to 13.425 days
Using 1 of 8 CPU threads
Searching for best T0 for period 0.85075 days
Transit Least Squares TLS 1.32 (5 Apr 2024)
Creating model cache for 37 durations
Searching 13535 data points, 569 periods from 0.723 to 11.948 days
/Library/Frameworks/Python.framework/Versions/3.11/lib/python3.11/site-packages/transitleastsquares/grid.py:149: UserWarning: period_grid defaults to R_star=1 and M_star=1 as given density yielded grid with too few values
  warnings.warn(
Searching 1080 data points, 205 periods from 1.645 to 12.208 days
Using 1 of 8 CPU threads
Searching for best T0 for period 2.39029 days
Transit Least Squares TLS 1.32 (5 Apr 2024)
Creating model cache for 37 durations
Searching 16101 data points, 118 periods from 2.538 to 12.668 days
Using 1 of 8 CPU threads
Searching for best T0 for period 3.43275 days
Transit Least Squares TLS 1.32 (5 Apr 2024)
Creating model cache for 37 durations
Searching 13829 data points, 2175 periods from 0.602 to 12.178 days
Using 1 of 8 CPU threads
Searching for best T0 for period 1.26133 days
Transit Least Squares TLS 1.32 (5 Apr 2024)
Creating model cache for 38 durations
Searching 19610 data points, 563 periods from 0.859 to 14.1 days
Using 1 of 8 CPU threads
Searching for best T0 for period 7.52028 days
Transit Least Squares TLS 1.32 (5 Apr 2024)
Creating model cache for 38 durations
Searching 16495 data points, 803 periods from 0.601 to 13.259 days
Using 1 of 8 CPU threads
Searching for best T0 for period 2.98731 days
Transit Least Squares TLS 1.32 (5 Apr 2024)
Creating model cache for 37 durations
Searching 857 data points, 134 periods from 2.112 to 11.542 days
Using 1 of 8 CPU threads
Searching for best T0 for period 5.14402 days
Transit Least Squares TLS 1.32 (5 Apr 2024)
Creating model cache for 37 durations
Searching 15468 data points, 346 periods from 1.113 to 12.336 days
Using 1 of 8 CPU threads
Searching for best T0 for period 2.36509 days
Transit Least Squares TLS 1.32 (5 Apr 2024)
Creating model cache for 38 durations
Searching 15874 data points, 245 periods from 1.632 to 13.849 days
Using 1 of 8 CPU threads
Searching for best T0 for period 3.37551 days
Transit Least Squares TLS 1.32 (5 Apr 2024)
Creating model cache for 38 durations
Searching 11610 data points, 233 periods from 1.618 to 13.224 days
Using 1 of 8 CPU threads
Searching for best T0 for period 3.57511 days
Transit Least Squares TLS 1.32 (5 Apr 2024)
Creating model cache for 38 durations
Searching 19611 data points, 275 periods from 1.522 to 14.1 days
Using 1 of 8 CPU threads
Searching for best T0 for period 3.66941 days
Transit Least Squares TLS 1.32 (5 Apr 2024)
Creating model cache for 37 durations
Searching 14911 data points, 320 periods from 1.145 to 11.942 days
Using 1 of 8 CPU threads
Searching for best T0 for period 3.92150 days
Transit Least Squares TLS 1.32 (5 Apr 2024)
Creating model cache for 37 durations
Searching 15300 data points, 3446 periods from 0.157 to 12.491 days
Using 1 of 8 CPU threads
Searching for best T0 for period 2.61331 days
Transit Least Squares TLS 1.32 (5 Apr 2024)
Creating model cache for 38 durations
Searching 18310 data points, 806 periods from 0.6 to 13.292 days
Using 1 of 8 CPU threads
Searching for best T0 for period 1.03623 days
Transit Least Squares TLS 1.32 (5 Apr 2024)
Creating model cache for 37 durations
Searching 16309 data points, 5165 periods from 0.106 to 12.227 days
Using 1 of 8 CPU threads
Searching for best T0 for period 7.72705 days
Transit Least Squares TLS 1.32 (5 Apr 2024)
Creating model cache for 37 durations
Searching 856 data points, 257 periods from 1.303 to 11.479 days
Using 1 of 8 CPU threads
Searching for best T0 for period 1.93164 days
Transit Least Squares TLS 1.32 (5 Apr 2024)
Creating model cache for 37 durations
Searching 12653 data points, 140 periods from 2.17 to 12.22 days
Using 1 of 8 CPU threads
Searching for best T0 for period 6.05869 days
Transit Least Squares TLS 1.32 (5 Apr 2024)
Creating model cache for 38 durations
Searching 18409 data points, 815 periods from 0.601 to 13.425 days
Using 1 of 8 CPU threads
Searching for best T0 for period 1.70768 days
Transit Least Squares TLS 1.32 (5 Apr 2024)
Creating model cache for 38 durations
Searching 1184 data points, 595 periods from 0.81 to 13.906 days
Using 1 of 8 CPU threads
Searching for best T0 for period 3.73165 days
Transit Least Squares TLS 1.32 (5 Apr 2024)
Creating model cache for 37 durations
Searching 14733 data points, 1635 periods from 0.287 to 11.703 days
Using 1 of 8 CPU threads
Searching for best T0 for period 0.90118 days
Transit Least Squares TLS 1.32 (5 Apr 2024)
Creating model cache for 38 durations
Searching 13713 data points, 1852 periods from 0.294 to 13.352 days
Using 1 of 8 CPU threads
Searching for best T0 for period 0.65635 days
Transit Least Squares TLS 1.32 (5 Apr 2024)
Creating model cache for 38 durations
Searching 13497 data points, 826 periods from 0.601 to 13.581 days
Using 1 of 8 CPU threads
Searching for best T0 for period 1.97672 days
Transit Least Squares TLS 1.32 (5 Apr 2024)
Creating model cache for 37 durations
Searching 16898 data points, 231 periods from 1.541 to 12.51 days
Using 1 of 8 CPU threads
Searching for best T0 for period 2.40284 days
Transit Least Squares TLS 1.32 (5 Apr 2024)
Creating model cache for 37 durations
Searching 9632 data points, 233 periods from 1.496 to 12.22 days
Using 1 of 8 CPU threads
Searching for best T0 for period 2.22299 days
Transit Least Squares TLS 1.32 (5 Apr 2024)
Creating model cache for 38 durations
Searching 1133 data points, 135 periods from 2.366 to 12.99 days
Using 1 of 8 CPU threads
Searching for best T0 for period 2.63791 days
Transit Least Squares TLS 1.32 (5 Apr 2024)
Creating model cache for 38 durations
Searching 17886 data points, 5188 periods from 0.116 to 13.403 days
Using 1 of 8 CPU threads
Searching for best T0 for period 11.40781 days
Transit Least Squares TLS 1.32 (5 Apr 2024)
Creating model cache for 38 durations
Searching 11763 data points, 2553 periods from 0.602 to 13.94 days
Using 1 of 8 CPU threads
Searching for best T0 for period 6.23621 days
Transit Least Squares TLS 1.32 (5 Apr 2024)
Creating model cache for 38 durations
Searching 18279 data points, 689 periods from 0.718 to 13.94 days
Using 1 of 8 CPU threads
Searching for best T0 for period 1.04601 days
Transit Least Squares TLS 1.32 (5 Apr 2024)
Creating model cache for 38 durations
Searching 19418 data points, 174 periods from 2.11 to 13.859 days
Using 1 of 8 CPU threads
Searching for best T0 for period 4.19441 days
Transit Least Squares TLS 1.32 (5 Apr 2024)
Creating model cache for 38 durations
Searching 17456 data points, 142 periods from 2.275 to 12.92 days
Using 1 of 8 CPU threads
Searching for best T0 for period 5.51442 days
Transit Least Squares TLS 1.32 (5 Apr 2024)
Creating model cache for 38 durations
Searching 19515 data points, 2555 periods from 0.601 to 13.945 days
Using 1 of 8 CPU threads
Searching for best T0 for period 0.70932 days
Transit Least Squares TLS 1.32 (5 Apr 2024)
Creating model cache for 37 durations
Searching 16457 data points, 757 periods from 0.601 to 12.613 days
Using 1 of 8 CPU threads
Searching for best T0 for period 2.04126 days
Transit Least Squares TLS 1.32 (5 Apr 2024)
Creating model cache for 38 durations
Searching 18024 data points, 546 periods from 0.857 to 13.703 days
Using 1 of 8 CPU threads
Searching for best T0 for period 6.34339 days
Transit Least Squares TLS 1.32 (5 Apr 2024)
Creating model cache for 37 durations
Searching 14858 data points, 273 periods from 1.274 to 11.725 days
Using 1 of 8 CPU threads
Searching for best T0 for period 5.94870 days
Transit Least Squares TLS 1.32 (5 Apr 2024)
Creating model cache for 37 durations
Searching 811 data points, 119 periods from 2.387 to 11.99 days
Using 1 of 8 CPU threads
Searching for best T0 for period 8.51656 days
Transit Least Squares TLS 1.32 (5 Apr 2024)
Creating model cache for 38 durations
Searching 11610 data points, 233 periods from 1.618 to 13.224 days
Using 1 of 8 CPU threads
Searching for best T0 for period 4.00014 days
Transit Least Squares TLS 1.32 (5 Apr 2024)
Creating model cache for 38 durations
Searching 18049 data points, 2388 periods from 0.601 to 13.17 days
Using 1 of 8 CPU threads
Searching for best T0 for period 1.66782 days
Transit Least Squares TLS 1.32 (5 Apr 2024)
Creating model cache for 37 durations
Searching 14231 data points, 445 periods from 0.9 to 12.19 days
Using 1 of 8 CPU threads
Searching for best T0 for period 3.90625 days
Transit Least Squares TLS 1.32 (5 Apr 2024)
Creating model cache for 37 durations
Searching 16749 data points, 1104 periods from 0.422 to 12.22 days
  [940/1600] done (9041s elapsed, ~6348s remaining, 526/940 usable so far)
/Library/Frameworks/Python.framework/Versions/3.11/lib/python3.11/site-packages/transitleastsquares/main.py:411: UserWarning: 4 of 11 transits without data. The true period may be twice the given period.
  warnings.warn(text)
/Library/Frameworks/Python.framework/Versions/3.11/lib/python3.11/site-packages/transitleastsquares/main.py:411: UserWarning: 2 of 5 transits without data. The true period may be twice the given period.
  warnings.warn(text)
/Library/Frameworks/Python.framework/Versions/3.11/lib/python3.11/site-packages/transitleastsquares/main.py:411: UserWarning: 3 of 7 transits without data. The true period may be twice the given period.
  warnings.warn(text)
/Library/Frameworks/Python.framework/Versions/3.11/lib/python3.11/site-packages/transitleastsquares/main.py:411: UserWarning: 3 of 7 transits without data. The true period may be twice the given period.
  warnings.warn(text)
/Library/Frameworks/Python.framework/Versions/3.11/lib/python3.11/site-packages/transitleastsquares/grid.py:149: UserWarning: period_grid defaults to R_star=1 and M_star=1 as given density yielded grid with too few values
  warnings.warn(
  [960/1600] done (9151s elapsed, ~6101s remaining, 537/960 usable so far)
/Library/Frameworks/Python.framework/Versions/3.11/lib/python3.11/site-packages/transitleastsquares/main.py:411: UserWarning: 1 of 3 transits without data. The true period may be twice the given period.
  warnings.warn(text)
/Library/Frameworks/Python.framework/Versions/3.11/lib/python3.11/site-packages/transitleastsquares/grid.py:149: UserWarning: period_grid defaults to R_star=1 and M_star=1 as given density yielded grid with too few values
  warnings.warn(
/Library/Frameworks/Python.framework/Versions/3.11/lib/python3.11/site-packages/transitleastsquares/grid.py:149: UserWarning: period_grid defaults to R_star=1 and M_star=1 as given density yielded grid with too few values
  warnings.warn(
/Library/Frameworks/Python.framework/Versions/3.11/lib/python3.11/site-packages/transitleastsquares/main.py:411: UserWarning: 1 of 3 transits without data. The true period may be twice the given period.
  warnings.warn(text)
/Library/Frameworks/Python.framework/Versions/3.11/lib/python3.11/site-packages/transitleastsquares/stats.py:458: RuntimeWarning: divide by zero encountered in scalar divide
  snr_pink_per_transit[i] = (1 - mean_flux) / pinknoise
/Library/Frameworks/Python.framework/Versions/3.11/lib/python3.11/site-packages/transitleastsquares/main.py:411: UserWarning: 7 of 11 transits without data. The true period may be twice the given period.
  warnings.warn(text)
  [980/1600] done (9305s elapsed, ~5887s remaining, 548/980 usable so far)
/Library/Frameworks/Python.framework/Versions/3.11/lib/python3.11/site-packages/transitleastsquares/main.py:411: UserWarning: 7 of 19 transits without data. The true period may be twice the given period.
  warnings.warn(text)
/Library/Frameworks/Python.framework/Versions/3.11/lib/python3.11/site-packages/transitleastsquares/stats.py:458: RuntimeWarning: divide by zero encountered in scalar divide
  snr_pink_per_transit[i] = (1 - mean_flux) / pinknoise
/Library/Frameworks/Python.framework/Versions/3.11/lib/python3.11/site-packages/transitleastsquares/grid.py:149: UserWarning: period_grid defaults to R_star=1 and M_star=1 as given density yielded grid with too few values
  warnings.warn(
/Library/Frameworks/Python.framework/Versions/3.11/lib/python3.11/site-packages/transitleastsquares/grid.py:149: UserWarning: period_grid defaults to R_star=1 and M_star=1 as given density yielded grid with too few values
  warnings.warn(
Searching 16781 data points, 1541 periods from 0.315 to 12.181 days
Using 1 of 8 CPU threads
Searching for best T0 for period 0.88966 days
Transit Least Squares TLS 1.32 (5 Apr 2024)
Creating model cache for 37 durations
Searching 14982 data points, 427 periods from 0.932 to 12.204 days
Using 1 of 8 CPU threads
Searching for best T0 for period 5.09848 days
Transit Least Squares TLS 1.32 (5 Apr 2024)
Creating model cache for 37 durations
Searching 16781 data points, 1541 periods from 0.315 to 12.181 days
Using 1 of 8 CPU threads
Searching for best T0 for period 0.88966 days
Transit Least Squares TLS 1.32 (5 Apr 2024)
Creating model cache for 37 durations
Searching 16749 data points, 604 periods from 0.703 to 12.22 days
Using 1 of 8 CPU threads
Searching for best T0 for period 5.29288 days
Transit Least Squares TLS 1.32 (5 Apr 2024)
Creating model cache for 38 durations
Searching 19609 data points, 358 periods from 1.24 to 14.1 days
Using 1 of 8 CPU threads
Searching for best T0 for period 4.45031 days
Transit Least Squares TLS 1.32 (5 Apr 2024)
Creating model cache for 37 durations
Searching 15470 data points, 2184 periods from 0.602 to 12.22 days
Using 1 of 8 CPU threads
Searching for best T0 for period 3.77694 days
Transit Least Squares TLS 1.32 (5 Apr 2024)
Creating model cache for 37 durations
Searching 15333 data points, 299 periods from 1.235 to 12.22 days
Using 1 of 8 CPU threads
Searching for best T0 for period 1.41731 days
Transit Least Squares TLS 1.32 (5 Apr 2024)
Creating model cache for 38 durations
Searching 17991 data points, 458 periods from 1.037 to 14.38 days
Using 1 of 8 CPU threads
Searching for best T0 for period 5.25227 days
Transit Least Squares TLS 1.32 (5 Apr 2024)
Creating model cache for 37 durations
Searching 9632 data points, 233 periods from 1.496 to 12.22 days
Using 1 of 8 CPU threads
Searching for best T0 for period 1.80540 days
Transit Least Squares TLS 1.32 (5 Apr 2024)
Creating model cache for 37 durations
Searching 16620 data points, 410 periods from 0.995 to 12.612 days
Using 1 of 8 CPU threads
Searching for best T0 for period 1.08752 days
Transit Least Squares TLS 1.32 (5 Apr 2024)
Creating model cache for 37 durations
Searching 981 data points, 329 periods from 1.133 to 12.083 days
Using 1 of 8 CPU threads
Searching for best T0 for period 2.04027 days
Transit Least Squares TLS 1.32 (5 Apr 2024)
Creating model cache for 37 durations
Searching 15591 data points, 206 periods from 1.632 to 12.157 days
Using 1 of 8 CPU threads
Searching for best T0 for period 3.65531 days
Transit Least Squares TLS 1.32 (5 Apr 2024)
Creating model cache for 37 durations
Searching 16080 data points, 537 periods from 0.77 to 12.152 days
Using 1 of 8 CPU threads
Searching for best T0 for period 1.00270 days
Transit Least Squares TLS 1.32 (5 Apr 2024)
Creating model cache for 37 durations
Searching 15261 data points, 106 periods from 2.562 to 11.922 days
Using 1 of 8 CPU threads
Searching for best T0 for period 2.56243 days
Transit Least Squares TLS 1.32 (5 Apr 2024)
Creating model cache for 38 durations
Searching 14330 data points, 376 periods from 1.092 to 12.919 days
Using 1 of 8 CPU threads
Searching for best T0 for period 1.68464 days
Transit Least Squares TLS 1.32 (5 Apr 2024)
Creating model cache for 38 durations
Searching 17133 data points, 316 periods from 1.238 to 12.773 days
Using 1 of 8 CPU threads
Searching for best T0 for period 3.61512 days
Transit Least Squares TLS 1.32 (5 Apr 2024)
Creating model cache for 38 durations
Searching 18231 data points, 234 periods from 1.69 to 13.859 days
Using 1 of 8 CPU threads
Searching for best T0 for period 3.69289 days
Transit Least Squares TLS 1.32 (5 Apr 2024)
Creating model cache for 38 durations
Searching 12109 data points, 650 periods from 0.71 to 13.119 days
Using 1 of 8 CPU threads
Searching for best T0 for period 3.68578 days
Transit Least Squares TLS 1.32 (5 Apr 2024)
Creating model cache for 37 durations
Searching 14536 data points, 164 periods from 1.857 to 11.722 days
Using 1 of 8 CPU threads
Searching for best T0 for period 2.46554 days
Transit Least Squares TLS 1.32 (5 Apr 2024)
Creating model cache for 38 durations
Searching 18924 data points, 864 periods from 0.601 to 14.1 days
Using 1 of 8 CPU threads
Searching for best T0 for period 2.20098 days
Transit Least Squares TLS 1.32 (5 Apr 2024)
Creating model cache for 37 durations
Searching 13033 data points, 719 periods from 0.601 to 12.079 days
Using 1 of 8 CPU threads
Searching for best T0 for period 1.25847 days
Transit Least Squares TLS 1.32 (5 Apr 2024)
Creating model cache for 38 durations
Searching 12967 data points, 692 periods from 0.684 to 13.312 days
Using 1 of 8 CPU threads
Searching for best T0 for period 3.37742 days
Transit Least Squares TLS 1.32 (5 Apr 2024)
Creating model cache for 37 durations
Searching 1004 data points, 1356 periods from 0.359 to 12.438 days
Using 1 of 8 CPU threads
Searching for best T0 for period 3.06481 days
Transit Least Squares TLS 1.32 (5 Apr 2024)
Creating model cache for 37 durations
Searching 13037 data points, 373 periods from 0.983 to 11.563 days
Using 1 of 8 CPU threads
Searching for best T0 for period 1.53751 days
Transit Least Squares TLS 1.32 (5 Apr 2024)
Creating model cache for 37 durations
Searching 15591 data points, 206 periods from 1.632 to 12.157 days
Using 1 of 8 CPU threads
Searching for best T0 for period 3.65531 days
Transit Least Squares TLS 1.32 (5 Apr 2024)
Creating model cache for 37 durations
Searching 1015 data points, 451 periods from 0.87 to 11.906 days
Using 1 of 8 CPU threads
Searching for best T0 for period 1.46260 days
Transit Least Squares TLS 1.32 (5 Apr 2024)
Creating model cache for 38 durations
Searching 15312 data points, 268 periods from 1.423 to 12.936 days
Using 1 of 8 CPU threads
Searching for best T0 for period 2.46923 days
Transit Least Squares TLS 1.32 (5 Apr 2024)
Creating model cache for 38 durations
Searching 17316 data points, 399 periods from 1.036 to 12.863 days
Using 1 of 8 CPU threads
Searching for best T0 for period 2.87446 days
Transit Least Squares TLS 1.32 (5 Apr 2024)
Creating model cache for 38 durations
Searching 12874 data points, 237 periods from 1.696 to 14.031 days
Using 1 of 8 CPU threads
Searching for best T0 for period 5.27415 days
Transit Least Squares TLS 1.32 (5 Apr 2024)
Creating model cache for 38 durations
Searching 18420 data points, 815 periods from 0.601 to 13.425 days
Using 1 of 8 CPU threads
Searching for best T0 for period 1.44975 days
Transit Least Squares TLS 1.32 (5 Apr 2024)
Creating model cache for 38 durations
Searching 3569 data points, 285 periods from 1.426 to 13.576 days
Using 1 of 8 CPU threads
Searching for best T0 for period 3.36935 days
Transit Least Squares TLS 1.32 (5 Apr 2024)
Creating model cache for 38 durations
Searching 15878 data points, 775 periods from 0.602 to 12.871 days
Using 1 of 8 CPU threads
Searching for best T0 for period 0.99560 days
Transit Least Squares TLS 1.32 (5 Apr 2024)
Creating model cache for 36 durations
Searching 973 data points, 1897 periods from 0.602 to 10.865 days
Using 1 of 8 CPU threads
Searching for best T0 for period 2.97764 days
Transit Least Squares TLS 1.32 (5 Apr 2024)
Creating model cache for 38 durations
Searching 13763 data points, 554 periods from 0.838 to 13.581 days
Using 1 of 8 CPU threads
Searching for best T0 for period 4.32006 days
Transit Least Squares TLS 1.32 (5 Apr 2024)
Creating model cache for 37 durations
Searching 11700 data points, 1723 periods from 0.264 to 11.274 days
Using 1 of 8 CPU threads
Searching for best T0 for period 7.83529 days
Transit Least Squares TLS 1.32 (5 Apr 2024)
Creating model cache for 38 durations
Searching 17849 data points, 303 periods from 1.293 to 12.926 days
Using 1 of 8 CPU threads
Searching for best T0 for period 4.19902 days
Transit Least Squares TLS 1.32 (5 Apr 2024)
Creating model cache for 38 durations
Searching 14302 data points, 384 periods from 1.158 to 13.94 days
Using 1 of 8 CPU threads
Searching for best T0 for period 1.76491 days
Transit Least Squares TLS 1.32 (5 Apr 2024)
Creating model cache for 37 durations
Searching 15812 data points, 267 periods from 1.333 to 12.058 days
  [1000/1600] done (9505s elapsed, ~5703s remaining, 560/1000 usable so far)
/Library/Frameworks/Python.framework/Versions/3.11/lib/python3.11/site-packages/transitleastsquares/main.py:411: UserWarning: 1 of 3 transits without data. The true period may be twice the given period.
  warnings.warn(text)
  [1020/1600] done (9674s elapsed, ~5501s remaining, 574/1020 usable so far)
/Library/Frameworks/Python.framework/Versions/3.11/lib/python3.11/site-packages/transitleastsquares/main.py:411: UserWarning: 1 of 2 transits without data. The true period may be twice the given period.
  warnings.warn(text)
/Library/Frameworks/Python.framework/Versions/3.11/lib/python3.11/site-packages/transitleastsquares/main.py:411: UserWarning: 1 of 3 transits without data. The true period may be twice the given period.
  warnings.warn(text)
/Library/Frameworks/Python.framework/Versions/3.11/lib/python3.11/site-packages/transitleastsquares/grid.py:149: UserWarning: period_grid defaults to R_star=1 and M_star=1 as given density yielded grid with too few values
  warnings.warn(
Searching 14235 data points, 354 periods from 0.964 to 10.886 days
Using 1 of 8 CPU threads
Searching for best T0 for period 2.92670 days
Transit Least Squares TLS 1.32 (5 Apr 2024)
Creating model cache for 38 durations
Searching 18137 data points, 135 periods from 2.357 to 12.926 days
Using 1 of 8 CPU threads
Searching for best T0 for period 3.09956 days
Transit Least Squares TLS 1.32 (5 Apr 2024)
Creating model cache for 38 durations
Searching 19475 data points, 864 periods from 0.601 to 14.1 days
Using 1 of 8 CPU threads
Searching for best T0 for period 7.84326 days
Transit Least Squares TLS 1.32 (5 Apr 2024)
Creating model cache for 38 durations
Searching 18882 data points, 468 periods from 0.963 to 13.581 days
Using 1 of 8 CPU threads
Searching for best T0 for period 3.20192 days
Transit Least Squares TLS 1.32 (5 Apr 2024)
Creating model cache for 38 durations
Searching 18039 data points, 250 periods from 1.559 to 13.425 days
Using 1 of 8 CPU threads
Searching for best T0 for period 1.66994 days
Transit Least Squares TLS 1.32 (5 Apr 2024)
Creating model cache for 37 durations
Searching 15746 data points, 602 periods from 0.694 to 12.023 days
Using 1 of 8 CPU threads
Searching for best T0 for period 2.22250 days
Transit Least Squares TLS 1.32 (5 Apr 2024)
Creating model cache for 37 durations
Searching 16641 data points, 627 periods from 0.693 to 12.424 days
Using 1 of 8 CPU threads
Searching for best T0 for period 4.64953 days
Transit Least Squares TLS 1.32 (5 Apr 2024)
Creating model cache for 37 durations
Searching 13006 data points, 508 periods from 0.8 to 12.059 days
Using 1 of 8 CPU threads
Searching for best T0 for period 7.56419 days
Transit Least Squares TLS 1.32 (5 Apr 2024)
Creating model cache for 38 durations
Searching 12632 data points, 117 periods from 2.614 to 13.022 days
Using 1 of 8 CPU threads
Searching for best T0 for period 3.08413 days
Transit Least Squares TLS 1.32 (5 Apr 2024)
Creating model cache for 38 durations
Searching 19611 data points, 409 periods from 1.114 to 14.1 days
Using 1 of 8 CPU threads
Searching for best T0 for period 1.59849 days
Transit Least Squares TLS 1.32 (5 Apr 2024)
Creating model cache for 37 durations
Searching 1095 data points, 201 periods from 1.7 to 12.417 days
Using 1 of 8 CPU threads
Searching for best T0 for period 2.67814 days
Transit Least Squares TLS 1.32 (5 Apr 2024)
Creating model cache for 38 durations
Searching 18164 data points, 160 periods from 2.236 to 13.859 days
Using 1 of 8 CPU threads
Searching for best T0 for period 7.61170 days
Transit Least Squares TLS 1.32 (5 Apr 2024)
Creating model cache for 38 durations
Searching 17078 data points, 737 periods from 0.638 to 13.105 days
Using 1 of 8 CPU threads
Searching for best T0 for period 0.63826 days
Transit Least Squares TLS 1.32 (5 Apr 2024)
Creating model cache for 37 durations
Searching 13491 data points, 175 periods from 1.876 to 12.394 days
Using 1 of 8 CPU threads
Searching for best T0 for period 2.05301 days
Transit Least Squares TLS 1.32 (5 Apr 2024)
Creating model cache for 37 durations
Searching 16784 data points, 747 periods from 0.601 to 12.469 days
Using 1 of 8 CPU threads
Searching for best T0 for period 1.90818 days
Transit Least Squares TLS 1.32 (5 Apr 2024)
Creating model cache for 36 durations
Searching 12127 data points, 536 periods from 0.691 to 10.893 days
Using 1 of 8 CPU threads
Searching for best T0 for period 0.97752 days
Transit Least Squares TLS 1.32 (5 Apr 2024)
Creating model cache for 38 durations
Searching 13358 data points, 837 periods from 0.601 to 13.733 days
Using 1 of 8 CPU threads
Searching for best T0 for period 3.17976 days
Transit Least Squares TLS 1.32 (5 Apr 2024)
Creating model cache for 38 durations
Searching 829 data points, 232 periods from 1.596 to 12.99 days
Using 1 of 8 CPU threads
Searching for best T0 for period 7.17223 days
Transit Least Squares TLS 1.32 (5 Apr 2024)
Creating model cache for 37 durations
Searching 7512 data points, 376 periods from 0.975 to 11.525 days
Using 1 of 8 CPU threads
Searching for best T0 for period 3.62508 days
Transit Least Squares TLS 1.32 (5 Apr 2024)
Creating model cache for 37 durations
Searching 16912 data points, 312 periods from 1.223 to 12.514 days
Using 1 of 8 CPU threads
Searching for best T0 for period 1.28260 days
Transit Least Squares TLS 1.32 (5 Apr 2024)
Creating model cache for 38 durations
Searching 18214 data points, 320 periods from 1.269 to 13.242 days
Using 1 of 8 CPU threads
Searching for best T0 for period 2.58229 days
Transit Least Squares TLS 1.32 (5 Apr 2024)
Creating model cache for 37 durations
Searching 15377 data points, 143 periods from 2.119 to 12.103 days
Using 1 of 8 CPU threads
Searching for best T0 for period 3.59213 days
Transit Least Squares TLS 1.32 (5 Apr 2024)
Creating model cache for 38 durations
Searching 17991 data points, 2649 periods from 0.601 to 14.38 days
Using 1 of 8 CPU threads
Searching for best T0 for period 2.38892 days
Transit Least Squares TLS 1.32 (5 Apr 2024)
Creating model cache for 37 durations
Searching 824 data points, 2104 periods from 0.602 to 11.844 days
Using 1 of 8 CPU threads
Searching for best T0 for period 3.17192 days
Transit Least Squares TLS 1.32 (5 Apr 2024)
Creating model cache for 38 durations
Searching 18617 data points, 792 periods from 0.639 to 13.94 days
Using 1 of 8 CPU threads
Searching for best T0 for period 3.54516 days
Transit Least Squares TLS 1.32 (5 Apr 2024)
Creating model cache for 37 durations
Searching 13026 data points, 463 periods from 0.841 to 11.746 days
Using 1 of 8 CPU threads
Searching for best T0 for period 3.89197 days
Transit Least Squares TLS 1.32 (5 Apr 2024)
Creating model cache for 38 durations
Searching 10799 data points, 276 periods from 1.421 to 13.224 days
Using 1 of 8 CPU threads
Searching for best T0 for period 2.53587 days
Transit Least Squares TLS 1.32 (5 Apr 2024)
Creating model cache for 38 durations
Searching 18494 data points, 397 periods from 1.079 to 13.348 days
Using 1 of 8 CPU threads
Searching for best T0 for period 2.48017 days
Transit Least Squares TLS 1.32 (5 Apr 2024)
Creating model cache for 37 durations
Searching 12975 data points, 716 periods from 0.601 to 12.04 days
Using 1 of 8 CPU threads
Searching for best T0 for period 11.95347 days
Transit Least Squares TLS 1.32 (5 Apr 2024)
Creating model cache for 38 durations
Searching 19516 data points, 190 periods from 2.01 to 14.1 days
Using 1 of 8 CPU threads
Searching for best T0 for period 11.27447 days
Transit Least Squares TLS 1.32 (5 Apr 2024)
Creating model cache for 37 durations
Searching 13275 data points, 289 periods from 1.24 to 11.922 days
Using 1 of 8 CPU threads
Searching for best T0 for period 1.93502 days
Transit Least Squares TLS 1.32 (5 Apr 2024)
Creating model cache for 38 durations
Searching 13956 data points, 2561 periods from 0.601 to 13.973 days
Using 1 of 8 CPU threads
Searching for best T0 for period 1.06805 days
Transit Least Squares TLS 1.32 (5 Apr 2024)
Creating model cache for 38 durations
Searching 18854 data points, 818 periods from 0.6 to 13.458 days
Using 1 of 8 CPU threads
Searching for best T0 for period 2.69957 days
Transit Least Squares TLS 1.32 (5 Apr 2024)
Creating model cache for 37 durations
Searching 16268 data points, 587 periods from 0.735 to 12.469 days
Using 1 of 8 CPU threads
Searching for best T0 for period 2.35889 days
Transit Least Squares TLS 1.32 (5 Apr 2024)
Creating model cache for 37 durations
Searching 13081 data points, 344 periods from 1.035 to 11.43 days
Using 1 of 8 CPU threads
Searching for best T0 for period 3.10734 days
Transit Least Squares TLS 1.32 (5 Apr 2024)
Creating model cache for 38 durations
Searching 19606 data points, 136 periods from 2.557 to 14.1 days
Using 1 of 8 CPU threads
Searching for best T0 for period 9.19099 days
Transit Least Squares TLS 1.32 (5 Apr 2024)
Creating model cache for 37 durations
Searching 15657 data points, 785 periods from 0.556 to 12.045 days
Using 1 of 8 CPU threads
Searching for best T0 for period 0.58011 days
Transit Least Squares TLS 1.32 (5 Apr 2024)
Creating model cache for 37 durations
Searching 13410 data points, 724 periods from 0.6 to 12.145 days
  [1040/1600] done (9863s elapsed, ~5311s remaining, 586/1040 usable so far)
/Library/Frameworks/Python.framework/Versions/3.11/lib/python3.11/site-packages/transitleastsquares/main.py:411: UserWarning: 2 of 6 transits without data. The true period may be twice the given period.
  warnings.warn(text)
/Library/Frameworks/Python.framework/Versions/3.11/lib/python3.11/site-packages/transitleastsquares/grid.py:149: UserWarning: period_grid defaults to R_star=1 and M_star=1 as given density yielded grid with too few values
  warnings.warn(
/Library/Frameworks/Python.framework/Versions/3.11/lib/python3.11/site-packages/numpy/_core/_methods.py:219: RuntimeWarning: Degrees of freedom <= 0 for slice
  ret = _var(a, axis=axis, dtype=dtype, out=out, ddof=ddof,
/Library/Frameworks/Python.framework/Versions/3.11/lib/python3.11/site-packages/numpy/_core/_methods.py:178: RuntimeWarning: invalid value encountered in divide
  arrmean = um.true_divide(arrmean, div, out=arrmean,
/Library/Frameworks/Python.framework/Versions/3.11/lib/python3.11/site-packages/numpy/_core/_methods.py:211: RuntimeWarning: invalid value encountered in scalar divide
  ret = ret.dtype.type(ret / rcount)
/Library/Frameworks/Python.framework/Versions/3.11/lib/python3.11/site-packages/transitleastsquares/grid.py:149: UserWarning: period_grid defaults to R_star=1 and M_star=1 as given density yielded grid with too few values
  warnings.warn(
  [1060/1600] done (10042s elapsed, ~5116s remaining, 601/1060 usable so far)
/Library/Frameworks/Python.framework/Versions/3.11/lib/python3.11/site-packages/transitleastsquares/stats.py:458: RuntimeWarning: divide by zero encountered in scalar divide
  snr_pink_per_transit[i] = (1 - mean_flux) / pinknoise
/Library/Frameworks/Python.framework/Versions/3.11/lib/python3.11/site-packages/transitleastsquares/grid.py:149: UserWarning: period_grid defaults to R_star=1 and M_star=1 as given density yielded grid with too few values
  warnings.warn(
/Library/Frameworks/Python.framework/Versions/3.11/lib/python3.11/site-packages/transitleastsquares/grid.py:149: UserWarning: period_grid defaults to R_star=1 and M_star=1 as given density yielded grid with too few values
  warnings.warn(
/Library/Frameworks/Python.framework/Versions/3.11/lib/python3.11/site-packages/transitleastsquares/main.py:411: UserWarning: 1 of 3 transits without data. The true period may be twice the given period.
  warnings.warn(text)
/Library/Frameworks/Python.framework/Versions/3.11/lib/python3.11/site-packages/transitleastsquares/grid.py:149: UserWarning: period_grid defaults to R_star=1 and M_star=1 as given density yielded grid with too few values
  warnings.warn(
/Library/Frameworks/Python.framework/Versions/3.11/lib/python3.11/site-packages/transitleastsquares/main.py:411: UserWarning: 6 of 15 transits without data. The true period may be twice the given period.
  warnings.warn(text)
  [1080/1600] done (10153s elapsed, ~4889s remaining, 611/1080 usable so far)
/Library/Frameworks/Python.framework/Versions/3.11/lib/python3.11/site-packages/numpy/_core/_methods.py:219: RuntimeWarning: Degrees of freedom <= 0 for slice
  ret = _var(a, axis=axis, dtype=dtype, out=out, ddof=ddof,
/Library/Frameworks/Python.framework/Versions/3.11/lib/python3.11/site-packages/numpy/_core/_methods.py:178: RuntimeWarning: invalid value encountered in divide
  arrmean = um.true_divide(arrmean, div, out=arrmean,
/Library/Frameworks/Python.framework/Versions/3.11/lib/python3.11/site-packages/numpy/_core/_methods.py:211: RuntimeWarning: invalid value encountered in scalar divide
  ret = ret.dtype.type(ret / rcount)
/Library/Frameworks/Python.framework/Versions/3.11/lib/python3.11/site-packages/transitleastsquares/main.py:411: UserWarning: 6 of 14 transits without data. The true period may be twice the given period.
  warnings.warn(text)
/Library/Frameworks/Python.framework/Versions/3.11/lib/python3.11/site-packages/transitleastsquares/grid.py:149: UserWarning: period_grid defaults to R_star=1 and M_star=1 as given density yielded grid with too few values
  warnings.warn(
/Library/Frameworks/Python.framework/Versions/3.11/lib/python3.11/site-packages/transitleastsquares/stats.py:458: RuntimeWarning: divide by zero encountered in scalar divide
  snr_pink_per_transit[i] = (1 - mean_flux) / pinknoise
/Library/Frameworks/Python.framework/Versions/3.11/lib/python3.11/site-packages/transitleastsquares/main.py:411: UserWarning: 1 of 2 transits without data. The true period may be twice the given period.
  warnings.warn(text)
/Library/Frameworks/Python.framework/Versions/3.11/lib/python3.11/site-packages/transitleastsquares/grid.py:149: UserWarning: period_grid defaults to R_star=1 and M_star=1 as given density yielded grid with too few values
  warnings.warn(
/Library/Frameworks/Python.framework/Versions/3.11/lib/python3.11/site-packages/transitleastsquares/main.py:411: UserWarning: 4 of 12 transits without data. The true period may be twice the given period.
  warnings.warn(text)
/Library/Frameworks/Python.framework/Versions/3.11/lib/python3.11/site-packages/numpy/_core/_methods.py:219: RuntimeWarning: Degrees of freedom <= 0 for slice
  ret = _var(a, axis=axis, dtype=dtype, out=out, ddof=ddof,
/Library/Frameworks/Python.framework/Versions/3.11/lib/python3.11/site-packages/numpy/_core/_methods.py:178: RuntimeWarning: invalid value encountered in divide
  arrmean = um.true_divide(arrmean, div, out=arrmean,
/Library/Frameworks/Python.framework/Versions/3.11/lib/python3.11/site-packages/numpy/_core/_methods.py:211: RuntimeWarning: invalid value encountered in scalar divide
  ret = ret.dtype.type(ret / rcount)
/Library/Frameworks/Python.framework/Versions/3.11/lib/python3.11/site-packages/transitleastsquares/main.py:411: UserWarning: 54 of 140 transits without data. The true period may be twice the given period.
  warnings.warn(text)
  [1100/1600] done (10285s elapsed, ~4675s remaining, 623/1100 usable so far)
/Library/Frameworks/Python.framework/Versions/3.11/lib/python3.11/site-packages/transitleastsquares/grid.py:149: UserWarning: period_grid defaults to R_star=1 and M_star=1 as given density yielded grid with too few values
  warnings.warn(
/Library/Frameworks/Python.framework/Versions/3.11/lib/python3.11/site-packages/transitleastsquares/grid.py:149: UserWarning: period_grid defaults to R_star=1 and M_star=1 as given density yielded grid with too few values
  warnings.warn(
  [1120/1600] done (10404s elapsed, ~4459s remaining, 638/1120 usable so far)
/Library/Frameworks/Python.framework/Versions/3.11/lib/python3.11/site-packages/transitleastsquares/grid.py:149: UserWarning: period_grid defaults to R_star=1 and M_star=1 as given density yielded grid with too few values
  warnings.warn(
/Library/Frameworks/Python.framework/Versions/3.11/lib/python3.11/site-packages/transitleastsquares/stats.py:458: RuntimeWarning: divide by zero encountered in scalar divide
  snr_pink_per_transit[i] = (1 - mean_flux) / pinknoise
/Library/Frameworks/Python.framework/Versions/3.11/lib/python3.11/site-packages/transitleastsquares/main.py:411: UserWarning: 4 of 12 transits without data. The true period may be twice the given period.
  warnings.warn(text)
/Library/Frameworks/Python.framework/Versions/3.11/lib/python3.11/site-packages/transitleastsquares/main.py:411: UserWarning: 1 of 3 transits without data. The true period may be twice the given period.
  warnings.warn(text)
/Library/Frameworks/Python.framework/Versions/3.11/lib/python3.11/site-packages/numpy/_core/_methods.py:219: RuntimeWarning: Degrees of freedom <= 0 for slice
  ret = _var(a, axis=axis, dtype=dtype, out=out, ddof=ddof,
/Library/Frameworks/Python.framework/Versions/3.11/lib/python3.11/site-packages/numpy/_core/_methods.py:178: RuntimeWarning: invalid value encountered in divide
  arrmean = um.true_divide(arrmean, div, out=arrmean,
/Library/Frameworks/Python.framework/Versions/3.11/lib/python3.11/site-packages/numpy/_core/_methods.py:211: RuntimeWarning: invalid value encountered in scalar divide
  ret = ret.dtype.type(ret / rcount)
/Library/Frameworks/Python.framework/Versions/3.11/lib/python3.11/site-packages/transitleastsquares/grid.py:149: UserWarning: period_grid defaults to R_star=1 and M_star=1 as given density yielded grid with too few values
  warnings.warn(
/Library/Frameworks/Python.framework/Versions/3.11/lib/python3.11/site-packages/transitleastsquares/grid.py:149: UserWarning: period_grid defaults to R_star=1 and M_star=1 as given density yielded grid with too few values
  warnings.warn(
  [1140/1600] done (10567s elapsed, ~4264s remaining, 651/1140 usable so far)
/Library/Frameworks/Python.framework/Versions/3.11/lib/python3.11/site-packages/transitleastsquares/grid.py:149: UserWarning: period_grid defaults to R_star=1 and M_star=1 as given density yielded grid with too few values
  warnings.warn(
Searching 13349 data points, 2356 periods from 0.602 to 13.024 days
Using 1 of 8 CPU threads
Searching for best T0 for period 0.87726 days
Transit Least Squares TLS 1.32 (5 Apr 2024)
Creating model cache for 38 durations
Searching 19609 data points, 306 periods from 1.401 to 14.1 days
Using 1 of 8 CPU threads
Searching for best T0 for period 5.23379 days
Transit Least Squares TLS 1.32 (5 Apr 2024)
Creating model cache for 38 durations
Searching 12874 data points, 191 periods from 1.989 to 14.031 days
Using 1 of 8 CPU threads
Searching for best T0 for period 2.32258 days
Transit Least Squares TLS 1.32 (5 Apr 2024)
Creating model cache for 37 durations
Searching 14440 data points, 2137 periods from 0.602 to 11.999 days
Using 1 of 8 CPU threads
Searching for best T0 for period 3.36750 days
Transit Least Squares TLS 1.32 (5 Apr 2024)
Creating model cache for 38 durations
Searching 18414 data points, 815 periods from 0.601 to 13.425 days
Using 1 of 8 CPU threads
Searching for best T0 for period 3.37444 days
Transit Least Squares TLS 1.32 (5 Apr 2024)
Creating model cache for 38 durations
Searching 12874 data points, 500 periods from 0.943 to 14.031 days
Using 1 of 8 CPU threads
Searching for best T0 for period 1.42461 days
Transit Least Squares TLS 1.32 (5 Apr 2024)
Creating model cache for 37 durations
Searching 16891 data points, 750 periods from 0.6 to 12.508 days
Using 1 of 8 CPU threads
Searching for best T0 for period 4.07145 days
Transit Least Squares TLS 1.32 (5 Apr 2024)
Creating model cache for 38 durations
Searching 17989 data points, 884 periods from 0.601 to 14.38 days
Using 1 of 8 CPU threads
Searching for best T0 for period 1.59679 days
Transit Least Squares TLS 1.32 (5 Apr 2024)
Creating model cache for 37 durations
Searching 7512 data points, 376 periods from 0.975 to 11.525 days
Using 1 of 8 CPU threads
Searching for best T0 for period 0.97896 days
Transit Least Squares TLS 1.32 (5 Apr 2024)
Creating model cache for 37 durations
Searching 8668 data points, 728 periods from 0.601 to 12.205 days
Using 1 of 8 CPU threads
Searching for best T0 for period 6.74234 days
Transit Least Squares TLS 1.32 (5 Apr 2024)
Creating model cache for 38 durations
Searching 12164 data points, 646 periods from 0.694 to 12.745 days
Using 1 of 8 CPU threads
Searching for best T0 for period 3.69652 days
Transit Least Squares TLS 1.32 (5 Apr 2024)
Creating model cache for 37 durations
Searching 16672 data points, 154 periods from 2.072 to 12.493 days
Using 1 of 8 CPU threads
Searching for best T0 for period 4.63886 days
Transit Least Squares TLS 1.32 (5 Apr 2024)
Creating model cache for 37 durations
Searching 16297 data points, 128 periods from 2.311 to 12.22 days
Using 1 of 8 CPU threads
Searching for best T0 for period 4.15790 days
Transit Least Squares TLS 1.32 (5 Apr 2024)
Creating model cache for 37 durations
Searching 15881 data points, 379 periods from 1.014 to 12.088 days
Using 1 of 8 CPU threads
Searching for best T0 for period 1.13625 days
Transit Least Squares TLS 1.32 (5 Apr 2024)
Creating model cache for 37 durations
Searching 13031 data points, 719 periods from 0.601 to 12.079 days
Using 1 of 8 CPU threads
Searching for best T0 for period 5.56871 days
Transit Least Squares TLS 1.32 (5 Apr 2024)
Creating model cache for 37 durations
Searching 16046 data points, 636 periods from 0.683 to 12.403 days
Using 1 of 8 CPU threads
Searching for best T0 for period 9.51709 days
Transit Least Squares TLS 1.32 (5 Apr 2024)
Creating model cache for 38 durations
Searching 19474 data points, 846 periods from 0.6 to 13.848 days
Using 1 of 8 CPU threads
Searching for best T0 for period 3.12523 days
Transit Least Squares TLS 1.32 (5 Apr 2024)
Creating model cache for 38 durations
Searching 18249 data points, 499 periods from 0.903 to 13.425 days
Using 1 of 8 CPU threads
Searching for best T0 for period 1.48376 days
Transit Least Squares TLS 1.32 (5 Apr 2024)
Creating model cache for 37 durations
Searching 13642 data points, 2169 periods from 0.601 to 12.147 days
Using 1 of 8 CPU threads
Searching for best T0 for period 0.72022 days
Transit Least Squares TLS 1.32 (5 Apr 2024)
Creating model cache for 38 durations
Searching 14349 data points, 252 periods from 1.6 to 13.849 days
Using 1 of 8 CPU threads
Searching for best T0 for period 1.93447 days
Transit Least Squares TLS 1.32 (5 Apr 2024)
Creating model cache for 38 durations
Searching 11954 data points, 108 periods from 2.813 to 13.224 days
Using 1 of 8 CPU threads
Searching for best T0 for period 11.61539 days
Transit Least Squares TLS 1.32 (5 Apr 2024)
Creating model cache for 38 durations
Searching 18961 data points, 2863 periods from 0.206 to 13.849 days
Using 1 of 8 CPU threads
Searching for best T0 for period 1.11011 days
Transit Least Squares TLS 1.32 (5 Apr 2024)
Creating model cache for 37 durations
Searching 15448 data points, 344 periods from 1.079 to 11.909 days
Using 1 of 8 CPU threads
Searching for best T0 for period 2.02613 days
Transit Least Squares TLS 1.32 (5 Apr 2024)
Creating model cache for 37 durations
Searching 14361 data points, 2126 periods from 0.602 to 11.947 days
Using 1 of 8 CPU threads
Searching for best T0 for period 6.54967 days
Transit Least Squares TLS 1.32 (5 Apr 2024)
Creating model cache for 37 durations
Searching 13004 data points, 523 periods from 0.72 to 11.133 days
Using 1 of 8 CPU threads
Searching for best T0 for period 2.03313 days
Transit Least Squares TLS 1.32 (5 Apr 2024)
Creating model cache for 38 durations
Searching 13310 data points, 213 periods from 1.75 to 13.348 days
Using 1 of 8 CPU threads
Searching for best T0 for period 1.98846 days
Transit Least Squares TLS 1.32 (5 Apr 2024)
Creating model cache for 37 durations
Searching 13263 data points, 166 periods from 1.909 to 12.157 days
Using 1 of 8 CPU threads
Searching for best T0 for period 2.57487 days
Transit Least Squares TLS 1.32 (5 Apr 2024)
Creating model cache for 37 durations
Searching 17330 data points, 746 periods from 0.601 to 12.46 days
Using 1 of 8 CPU threads
Searching for best T0 for period 0.95643 days
Transit Least Squares TLS 1.32 (5 Apr 2024)
Creating model cache for 38 durations
Searching 19611 data points, 864 periods from 0.601 to 14.1 days
Using 1 of 8 CPU threads
Searching for best T0 for period 14.09978 days
Transit Least Squares TLS 1.32 (5 Apr 2024)
Creating model cache for 37 durations
Searching 14106 data points, 283 periods from 1.269 to 12.035 days
Using 1 of 8 CPU threads
Searching for best T0 for period 1.41470 days
Transit Least Squares TLS 1.32 (5 Apr 2024)
Creating model cache for 38 durations
Searching 16759 data points, 852 periods from 0.601 to 13.94 days
Using 1 of 8 CPU threads
Searching for best T0 for period 0.79992 days
Transit Least Squares TLS 1.32 (5 Apr 2024)
Creating model cache for 37 durations
Searching 13869 data points, 333 periods from 1.137 to 12.22 days
Using 1 of 8 CPU threads
Searching for best T0 for period 1.26406 days
Transit Least Squares TLS 1.32 (5 Apr 2024)
Creating model cache for 38 durations
Searching 15708 data points, 276 periods from 1.426 to 13.242 days
Using 1 of 8 CPU threads
Searching for best T0 for period 5.85538 days
Transit Least Squares TLS 1.32 (5 Apr 2024)
Creating model cache for 37 durations
Searching 867 data points, 2040 periods from 0.602 to 11.542 days
Using 1 of 8 CPU threads
Searching for best T0 for period 0.87844 days
Transit Least Squares TLS 1.32 (5 Apr 2024)
Creating model cache for 37 durations
Searching 12965 data points, 716 periods from 0.601 to 12.033 days
Using 1 of 8 CPU threads
Searching for best T0 for period 5.95872 days
Transit Least Squares TLS 1.32 (5 Apr 2024)
Creating model cache for 37 durations
Searching 16730 data points, 353 periods from 1.107 to 12.475 days
Using 1 of 8 CPU threads
Searching for best T0 for period 4.26237 days
Transit Least Squares TLS 1.32 (5 Apr 2024)
Creating model cache for 37 durations
Searching 16994 data points, 539 periods from 0.789 to 12.491 days
Using 1 of 8 CPU threads
Searching for best T0 for period 2.55745 days
Transit Least Squares TLS 1.32 (5 Apr 2024)
Creating model cache for 37 durations
Searching 839 data points, 1990 periods from 0.601 to 11.302 days/Library/Frameworks/Python.framework/Versions/3.11/lib/python3.11/site-packages/transitleastsquares/stats.py:458: RuntimeWarning: divide by zero encountered in scalar divide
  snr_pink_per_transit[i] = (1 - mean_flux) / pinknoise
Searching 16337 data points, 502 periods from 0.818 to 12.226 days
Using 1 of 8 CPU threads
Searching for best T0 for period 1.36286 days
Transit Least Squares TLS 1.32 (5 Apr 2024)
Creating model cache for 37 durations
Searching 16438 data points, 306 periods from 1.214 to 12.22 days
Using 1 of 8 CPU threads
Searching for best T0 for period 2.07549 days
Transit Least Squares TLS 1.32 (5 Apr 2024)
Creating model cache for 38 durations
Searching 17740 data points, 124 periods from 2.7 to 13.94 days
Using 1 of 8 CPU threads
Searching for best T0 for period 6.86204 days
Transit Least Squares TLS 1.32 (5 Apr 2024)
Creating model cache for 35 durations
Searching 12674 data points, 1515 periods from 0.601 to 9.025 days
Using 1 of 8 CPU threads
Searching for best T0 for period 1.83797 days
Transit Least Squares TLS 1.32 (5 Apr 2024)
Creating model cache for 37 durations
Searching 15339 data points, 652 periods from 0.664 to 12.31 days
Using 1 of 8 CPU threads
Searching for best T0 for period 3.75416 days
Transit Least Squares TLS 1.32 (5 Apr 2024)
Creating model cache for 37 durations
Searching 14551 data points, 239 periods from 1.426 to 11.865 days
Using 1 of 8 CPU threads
Searching for best T0 for period 4.64974 days
Transit Least Squares TLS 1.32 (5 Apr 2024)
Creating model cache for 37 durations
Searching 15462 data points, 440 periods from 0.889 to 11.937 days
Using 1 of 8 CPU threads
Searching for best T0 for period 1.22037 days
Transit Least Squares TLS 1.32 (5 Apr 2024)
Creating model cache for 38 durations
Searching 19607 data points, 156 periods from 2.289 to 13.94 days
Using 1 of 8 CPU threads
Searching for best T0 for period 6.36702 days
Transit Least Squares TLS 1.32 (5 Apr 2024)
Creating model cache for 38 durations
Searching 17991 data points, 435 periods from 1.082 to 14.38 days
Using 1 of 8 CPU threads
Searching for best T0 for period 1.66832 days
Transit Least Squares TLS 1.32 (5 Apr 2024)
Creating model cache for 37 durations
Searching 15339 data points, 652 periods from 0.664 to 12.31 days
Using 1 of 8 CPU threads
Searching for best T0 for period 0.94161 days
Transit Least Squares TLS 1.32 (5 Apr 2024)
Creating model cache for 37 durations
Searching 17388 data points, 616 periods from 0.702 to 12.411 days
Using 1 of 8 CPU threads
Searching for best T0 for period 0.74382 days
Transit Least Squares TLS 1.32 (5 Apr 2024)
Creating model cache for 37 durations
Searching 15991 data points, 283 periods from 1.294 to 12.26 days
Using 1 of 8 CPU threads
Searching for best T0 for period 1.59443 days
Transit Least Squares TLS 1.32 (5 Apr 2024)
Creating model cache for 38 durations
Searching 18236 data points, 254 periods from 1.512 to 13.173 days
Using 1 of 8 CPU threads
Searching for best T0 for period 1.65940 days
Transit Least Squares TLS 1.32 (5 Apr 2024)
Creating model cache for 38 durations
Searching 19606 data points, 125 periods from 2.706 to 14.1 days
Using 1 of 8 CPU threads
Searching for best T0 for period 3.87259 days
Transit Least Squares TLS 1.32 (5 Apr 2024)
Creating model cache for 38 durations
Searching 17701 data points, 410 periods from 1.058 to 13.425 days
Using 1 of 8 CPU threads
Searching for best T0 for period 1.44079 days
Transit Least Squares TLS 1.32 (5 Apr 2024)
Creating model cache for 38 durations
Searching 17456 data points, 521 periods from 0.839 to 12.92 days
Using 1 of 8 CPU threads
Searching for best T0 for period 3.13243 days
Transit Least Squares TLS 1.32 (5 Apr 2024)
Creating model cache for 38 durations
Searching 16470 data points, 835 periods from 0.601 to 13.703 days
Using 1 of 8 CPU threads
Searching for best T0 for period 2.65348 days
Transit Least Squares TLS 1.32 (5 Apr 2024)
Creating model cache for 38 durations
Searching 19274 data points, 854 periods from 0.6 to 13.958 days
Using 1 of 8 CPU threads
Searching for best T0 for period 2.04212 days
Transit Least Squares TLS 1.32 (5 Apr 2024)
Creating model cache for 38 durations
Searching 13155 data points, 809 periods from 0.574 to 12.744 days
Using 1 of 8 CPU threads
Searching for best T0 for period 0.98915 days
Transit Least Squares TLS 1.32 (5 Apr 2024)
Creating model cache for 37 durations
Searching 15482 data points, 472 periods from 0.84 to 11.937 days
Using 1 of 8 CPU threads
Searching for best T0 for period 1.00729 days
Transit Least Squares TLS 1.32 (5 Apr 2024)
Creating model cache for 38 durations
Searching 19611 data points, 588 periods from 0.829 to 14.1 days
Using 1 of 8 CPU threads
Searching for best T0 for period 1.63763 days
Transit Least Squares TLS 1.32 (5 Apr 2024)
Creating model cache for 37 durations
Searching 14723 data points, 267 periods from 1.339 to 12.141 days
Using 1 of 8 CPU threads
Searching for best T0 for period 2.51767 days
Transit Least Squares TLS 1.32 (5 Apr 2024)
Creating model cache for 38 durations
Searching 18220 data points, 210 periods from 1.76 to 13.294 days
Using 1 of 8 CPU threads
Searching for best T0 for period 2.12551 days
Transit Least Squares TLS 1.32 (5 Apr 2024)
Creating model cache for 38 durations
Searching 14350 data points, 252 periods from 1.476 to 12.777 days
Using 1 of 8 CPU threads
Searching for best T0 for period 10.51388 days
Transit Least Squares TLS 1.32 (5 Apr 2024)
Creating model cache for 37 durations
Searching 16817 data points, 2240 periods from 0.601 to 12.481 days
Using 1 of 8 CPU threads
Searching for best T0 for period 2.67297 days
Transit Least Squares TLS 1.32 (5 Apr 2024)
Creating model cache for 38 durations
Searching 16095 data points, 615 periods from 0.753 to 13.287 days
Using 1 of 8 CPU threads
Searching for best T0 for period 2.79352 days
Transit Least Squares TLS 1.32 (5 Apr 2024)
Creating model cache for 37 durations
Searching 16748 data points, 251 periods from 1.416 to 12.22 days
Using 1 of 8 CPU threads
Searching for best T0 for period 2.28641 days
Transit Least Squares TLS 1.32 (5 Apr 2024)
Creating model cache for 38 durations
Searching 13803 data points, 256 periods from 1.523 to 13.352 days
Using 1 of 8 CPU threads
Searching for best T0 for period 6.25783 days
Transit Least Squares TLS 1.32 (5 Apr 2024)
Creating model cache for 37 durations
Searching 16342 data points, 2186 periods from 0.601 to 12.227 days
Using 1 of 8 CPU threads
Searching for best T0 for period 1.03614 days
Transit Least Squares TLS 1.32 (5 Apr 2024)
Creating model cache for 37 durations
Searching 16940 data points, 1127 periods from 0.422 to 12.434 days
Using 1 of 8 CPU threads
Searching for best T0 for period 8.79247 days
Transit Least Squares TLS 1.32 (5 Apr 2024)
Creating model cache for 38 durations
Searching 12874 data points, 191 periods from 1.989 to 14.031 days
Using 1 of 8 CPU threads
Searching for best T0 for period 2.32258 days
Transit Least Squares TLS 1.32 (5 Apr 2024)
Creating model cache for 38 durations
Searching 18279 data points, 823 periods from 0.619 to 13.94 days
Using 1 of 8 CPU threads
Searching for best T0 for period 8.39432 days
Transit Least Squares TLS 1.32 (5 Apr 2024)
Creating model cache for 38 durations
Searching 19607 data points, 156 periods from 2.289 to 13.94 days
Using 1 of 8 CPU threads
Searching for best T0 for period 3.35483 days
Transit Least Squares TLS 1.32 (5 Apr 2024)
Creating model cache for 37 durations
Searching 12622 data points, 647 periods from 0.6 to 11.051 days
Using 1 of 8 CPU threads
Searching for best T0 for period 1.15530 days
Transit Least Squares TLS 1.32 (5 Apr 2024)
Creating model cache for 38 durations
Searching 19609 data points, 571 periods from 0.85 to 14.1 days
Using 1 of 8 CPU threads
Searching for best T0 for period 11.39913 days
Transit Least Squares TLS 1.32 (5 Apr 2024)
Creating model cache for 37 durations
Searching 17330 data points, 746 periods from 0.601 to 12.46 days
Using 1 of 8 CPU threads
Searching for best T0 for period 2.87299 days
Transit Least Squares TLS 1.32 (5 Apr 2024)
Creating model cache for 37 durations
Searching 15767 data points, 886 periods from 0.505 to 12.1 days
Using 1 of 8 CPU threads
Searching for best T0 for period 0.80658 days
Transit Least Squares TLS 1.32 (5 Apr 2024)
Creating model cache for 38 durations
Searching 8904 data points, 845 periods from 0.602 to 13.847 days
/Library/Frameworks/Python.framework/Versions/3.11/lib/python3.11/site-packages/transitleastsquares/grid.py:149: UserWarning: period_grid defaults to R_star=1 and M_star=1 as given density yielded grid with too few values
  warnings.warn(
/Library/Frameworks/Python.framework/Versions/3.11/lib/python3.11/site-packages/transitleastsquares/grid.py:149: UserWarning: period_grid defaults to R_star=1 and M_star=1 as given density yielded grid with too few values
  warnings.warn(
/Library/Frameworks/Python.framework/Versions/3.11/lib/python3.11/site-packages/transitleastsquares/main.py:411: UserWarning: 1 of 3 transits without data. The true period may be twice the given period.
  warnings.warn(text)
/Library/Frameworks/Python.framework/Versions/3.11/lib/python3.11/site-packages/numpy/_core/_methods.py:219: RuntimeWarning: Degrees of freedom <= 0 for slice
  ret = _var(a, axis=axis, dtype=dtype, out=out, ddof=ddof,
/Library/Frameworks/Python.framework/Versions/3.11/lib/python3.11/site-packages/numpy/_core/_methods.py:178: RuntimeWarning: invalid value encountered in divide
  arrmean = um.true_divide(arrmean, div, out=arrmean,
/Library/Frameworks/Python.framework/Versions/3.11/lib/python3.11/site-packages/numpy/_core/_methods.py:211: RuntimeWarning: invalid value encountered in scalar divide
  ret = ret.dtype.type(ret / rcount)
/Library/Frameworks/Python.framework/Versions/3.11/lib/python3.11/site-packages/transitleastsquares/main.py:411: UserWarning: 15 of 22 transits without data. The true period may be twice the given period.
  warnings.warn(text)
Using 1 of 8 CPU threads
Searching for best T0 for period 1.23109 days
Transit Least Squares TLS 1.32 (5 Apr 2024)
Creating model cache for 35 durations
Searching 12675 data points, 250 periods from 1.048 to 9.025 days
Using 1 of 8 CPU threads
Searching for best T0 for period 2.85320 days
Transit Least Squares TLS 1.32 (5 Apr 2024)
Creating model cache for 38 durations
Searching 11517 data points, 325 periods from 1.273 to 13.425 days
Using 1 of 8 CPU threads
Searching for best T0 for period 2.97990 days
Transit Least Squares TLS 1.32 (5 Apr 2024)
Creating model cache for 38 durations
Searching 16614 data points, 120 periods from 2.626 to 13.29 days
Using 1 of 8 CPU threads
Searching for best T0 for period 8.19899 days
Transit Least Squares TLS 1.32 (5 Apr 2024)
Creating model cache for 38 durations
Searching 13328 data points, 2335 periods from 0.602 to 12.926 days
Using 1 of 8 CPU threads
Searching for best T0 for period 0.90846 days
Transit Least Squares TLS 1.32 (5 Apr 2024)
Creating model cache for 38 durations
Searching 17458 data points, 2334 periods from 0.601 to 12.92 days
Using 1 of 8 CPU threads
Searching for best T0 for period 6.30589 days
Transit Least Squares TLS 1.32 (5 Apr 2024)
Creating model cache for 38 durations
Searching 19602 data points, 459 periods from 1.015 to 14.1 days
Using 1 of 8 CPU threads
Searching for best T0 for period 1.84735 days
Transit Least Squares TLS 1.32 (5 Apr 2024)
Creating model cache for 37 durations
Searching 16695 data points, 747 periods from 0.601 to 12.469 days
Using 1 of 8 CPU threads
Searching for best T0 for period 1.54041 days
Transit Least Squares TLS 1.32 (5 Apr 2024)
Creating model cache for 37 durations
Searching 1095 data points, 201 periods from 1.7 to 12.417 days
Using 1 of 8 CPU threads
Searching for best T0 for period 1.70034 days
Transit Least Squares TLS 1.32 (5 Apr 2024)
Creating model cache for 37 durations
Searching 14220 data points, 644 periods from 0.646 to 11.845 days
Using 1 of 8 CPU threads
Searching for best T0 for period 4.74498 days
Transit Least Squares TLS 1.32 (5 Apr 2024)
Creating model cache for 38 durations
Searching 18236 data points, 254 periods from 1.512 to 13.173 days
Using 1 of 8 CPU threads
Searching for best T0 for period 2.77147 days
Transit Least Squares TLS 1.32 (5 Apr 2024)
Creating model cache for 37 durations
Searching 16838 data points, 713 periods from 0.628 to 12.532 days
Using 1 of 8 CPU threads
Searching for best T0 for period 11.34627 days
Transit Least Squares TLS 1.32 (5 Apr 2024)
Creating model cache for 38 durations
Searching 19609 data points, 137 periods from 2.54 to 14.1 days
Using 1 of 8 CPU threads
Searching for best T0 for period 7.85489 days
Transit Least Squares TLS 1.32 (5 Apr 2024)
Creating model cache for 38 durations
Searching 19475 data points, 864 periods from 0.601 to 14.1 days
Using 1 of 8 CPU threads
Searching for best T0 for period 7.84326 days
Transit Least Squares TLS 1.32 (5 Apr 2024)
Creating model cache for 38 durations
Searching 18024 data points, 546 periods from 0.857 to 13.703 days
Using 1 of 8 CPU threads
Searching for best T0 for period 6.34339 days
Transit Least Squares TLS 1.32 (5 Apr 2024)
Creating model cache for 37 durations
Searching 15372 data points, 279 periods from 1.296 to 12.137 days
Using 1 of 8 CPU threads
Searching for best T0 for period 3.33629 days
Transit Least Squares TLS 1.32 (5 Apr 2024)
Creating model cache for 37 durations
Searching 16101 data points, 118 periods from 2.538 to 12.668 days
Using 1 of 8 CPU threads
Searching for best T0 for period 3.39268 days
Transit Least Squares TLS 1.32 (5 Apr 2024)
Creating model cache for 38 durations
Searching 20257 data points, 364 periods from 1.248 to 14.403 days
Using 1 of 8 CPU threads
Searching for best T0 for period 5.22053 days
Transit Least Squares TLS 1.32 (5 Apr 2024)
Creating model cache for 37 durations
Searching 16895 data points, 146 periods from 2.157 to 12.51 days
Using 1 of 8 CPU threads
Searching for best T0 for period 2.82098 days
Transit Least Squares TLS 1.32 (5 Apr 2024)
Creating model cache for 38 durations
Searching 18039 data points, 250 periods from 1.559 to 13.425 days
Using 1 of 8 CPU threads
Searching for best T0 for period 6.18054 days
Transit Least Squares TLS 1.32 (5 Apr 2024)
Creating model cache for 38 durations
Searching 17986 data points, 435 periods from 1.082 to 14.38 days
Using 1 of 8 CPU threads
Searching for best T0 for period 8.21809 days
Transit Least Squares TLS 1.32 (5 Apr 2024)
Creating model cache for 38 durations
Searching 15573 data points, 864 periods from 0.601 to 14.1 days
Using 1 of 8 CPU threads
Searching for best T0 for period 1.50127 days
Transit Least Squares TLS 1.32 (5 Apr 2024)
Creating model cache for 37 durations
Searching 821 data points, 1016 periods from 0.455 to 12.25 days
Using 1 of 8 CPU threads
Searching for best T0 for period 0.57660 days
Transit Least Squares TLS 1.32 (5 Apr 2024)
Creating model cache for 37 durations
Searching 16461 data points, 857 periods from 0.536 to 12.486 days
Using 1 of 8 CPU threads
Searching for best T0 for period 8.40627 days
Transit Least Squares TLS 1.32 (5 Apr 2024)
Creating model cache for 37 durations
Searching 14066 data points, 524 periods from 0.81 to 12.524 days
Using 1 of 8 CPU threads
Searching for best T0 for period 0.81025 days
Transit Least Squares TLS 1.32 (5 Apr 2024)
Creating model cache for 37 durations
Searching 16898 data points, 231 periods from 1.541 to 12.51 days
Using 1 of 8 CPU threads
Searching for best T0 for period 1.87535 days
Transit Least Squares TLS 1.32 (5 Apr 2024)
Creating model cache for 38 durations
Searching 19437 data points, 177 periods from 2.116 to 14.1 days
Using 1 of 8 CPU threads
Searching for best T0 for period 2.62450 days
Transit Least Squares TLS 1.32 (5 Apr 2024)
Creating model cache for 37 durations
Searching 1004 data points, 1356 periods from 0.359 to 12.438 days
Using 1 of 8 CPU threads
Searching for best T0 for period 3.06481 days
Transit Least Squares TLS 1.32 (5 Apr 2024)
Creating model cache for 38 durations
Searching 18322 data points, 2414 periods from 0.602 to 13.294 days
Using 1 of 8 CPU threads
Searching for best T0 for period 5.47203 days
Transit Least Squares TLS 1.32 (5 Apr 2024)
Creating model cache for 37 durations
Searching 986 data points, 2084 periods from 0.602 to 11.75 days
Using 1 of 8 CPU threads
Searching for best T0 for period 1.37015 days
Transit Least Squares TLS 1.32 (5 Apr 2024)
Creating model cache for 37 durations
Searching 13071 data points, 441 periods from 0.9 to 12.104 days
Using 1 of 8 CPU threads
Searching for best T0 for period 5.38347 days
Transit Least Squares TLS 1.32 (5 Apr 2024)
Creating model cache for 38 durations
Searching 19604 data points, 864 periods from 0.601 to 14.1 days
Using 1 of 8 CPU threads
Searching for best T0 for period 2.05436 days
Transit Least Squares TLS 1.32 (5 Apr 2024)
Creating model cache for 37 durations
Searching 15767 data points, 886 periods from 0.505 to 12.1 days
Using 1 of 8 CPU threads
Searching for best T0 for period 1.62862 days
Transit Least Squares TLS 1.32 (5 Apr 2024)
Creating model cache for 37 durations
Searching 13894 data points, 104 periods from 2.495 to 11.451 days
Using 1 of 8 CPU threads
Searching for best T0 for period 2.87749 days
Transit Least Squares TLS 1.32 (5 Apr 2024)
Creating model cache for 37 durations
Searching 15788 data points, 392 periods from 0.996 to 12.174 days
Using 1 of 8 CPU threads
Searching for best T0 for period 1.10740 days
Transit Least Squares TLS 1.32 (5 Apr 2024)
Creating model cache for 38 durations
Searching 20257 data points, 364 periods from 1.248 to 14.403 days
Using 1 of 8 CPU threads
Searching for best T0 for period 1.39719 days
Transit Least Squares TLS 1.32 (5 Apr 2024)
Creating model cache for 37 durations
Searching 12944 data points, 345 periods from 1.09 to 12.049 days
Using 1 of 8 CPU threads
Searching for best T0 for period 7.56632 days
Transit Least Squares TLS 1.32 (5 Apr 2024)
Creating model cache for 38 durations
Searching 1184 data points, 530 periods from 0.891 to 13.906 days
Using 1 of 8 CPU threads
Searching for best T0 for period 1.25947 days
/Library/Frameworks/Python.framework/Versions/3.11/lib/python3.11/site-packages/transitleastsquares/grid.py:149: UserWarning: period_grid defaults to R_star=1 and M_star=1 as given density yielded grid with too few values
  warnings.warn(
/Library/Frameworks/Python.framework/Versions/3.11/lib/python3.11/site-packages/numpy/_core/_methods.py:219: RuntimeWarning: Degrees of freedom <= 0 for slice
  ret = _var(a, axis=axis, dtype=dtype, out=out, ddof=ddof,
/Library/Frameworks/Python.framework/Versions/3.11/lib/python3.11/site-packages/numpy/_core/_methods.py:178: RuntimeWarning: invalid value encountered in divide
  arrmean = um.true_divide(arrmean, div, out=arrmean,
/Library/Frameworks/Python.framework/Versions/3.11/lib/python3.11/site-packages/numpy/_core/_methods.py:211: RuntimeWarning: invalid value encountered in scalar divide
  ret = ret.dtype.type(ret / rcount)
/Library/Frameworks/Python.framework/Versions/3.11/lib/python3.11/site-packages/transitleastsquares/main.py:411: UserWarning: 19 of 28 transits without data. The true period may be twice the given period.
  warnings.warn(text)
  [1160/1600] done (10706s elapsed, ~4061s remaining, 663/1160 usable so far)
/Library/Frameworks/Python.framework/Versions/3.11/lib/python3.11/site-packages/transitleastsquares/grid.py:149: UserWarning: period_grid defaults to R_star=1 and M_star=1 as given density yielded grid with too few values
  warnings.warn(
/Library/Frameworks/Python.framework/Versions/3.11/lib/python3.11/site-packages/transitleastsquares/grid.py:149: UserWarning: period_grid defaults to R_star=1 and M_star=1 as given density yielded grid with too few values
  warnings.warn(
/Library/Frameworks/Python.framework/Versions/3.11/lib/python3.11/site-packages/transitleastsquares/main.py:411: UserWarning: 5 of 10 transits without data. The true period may be twice the given period.
  warnings.warn(text)
  [1180/1600] done (10813s elapsed, ~3849s remaining, 675/1180 usable so far)
/Library/Frameworks/Python.framework/Versions/3.11/lib/python3.11/site-packages/transitleastsquares/main.py:411: UserWarning: 3 of 7 transits without data. The true period may be twice the given period.
  warnings.warn(text)
/Library/Frameworks/Python.framework/Versions/3.11/lib/python3.11/site-packages/transitleastsquares/main.py:411: UserWarning: 1 of 2 transits without data. The true period may be twice the given period.
  warnings.warn(text)
/Library/Frameworks/Python.framework/Versions/3.11/lib/python3.11/site-packages/transitleastsquares/main.py:411: UserWarning: 1 of 3 transits without data. The true period may be twice the given period.
  warnings.warn(text)
/Library/Frameworks/Python.framework/Versions/3.11/lib/python3.11/site-packages/transitleastsquares/grid.py:149: UserWarning: period_grid defaults to R_star=1 and M_star=1 as given density yielded grid with too few values
  warnings.warn(
Using 1 of 8 CPU threads
Searching for best T0 for period 3.32632 days
Transit Least Squares TLS 1.32 (5 Apr 2024)
Creating model cache for 38 durations
Searching 16760 data points, 897 periods from 0.531 to 12.851 days
Using 1 of 8 CPU threads
Searching for best T0 for period 3.25115 days
Transit Least Squares TLS 1.32 (5 Apr 2024)
Creating model cache for 38 durations
Searching 17980 data points, 235 periods from 1.752 to 14.38 days
Using 1 of 8 CPU threads
Searching for best T0 for period 13.65498 days
Transit Least Squares TLS 1.32 (5 Apr 2024)
Creating model cache for 37 durations
Searching 15193 data points, 667 periods from 0.635 to 11.989 days
Using 1 of 8 CPU threads
Searching for best T0 for period 1.03394 days
Transit Least Squares TLS 1.32 (5 Apr 2024)
Creating model cache for 37 durations
Searching 16994 data points, 539 periods from 0.789 to 12.491 days
Using 1 of 8 CPU threads
Searching for best T0 for period 1.24889 days
Transit Least Squares TLS 1.32 (5 Apr 2024)
Creating model cache for 37 durations
Searching 15662 data points, 501 periods from 0.82 to 12.22 days
Using 1 of 8 CPU threads
Searching for best T0 for period 1.83217 days
Transit Least Squares TLS 1.32 (5 Apr 2024)
Creating model cache for 37 durations
Searching 15532 data points, 360 periods from 1.046 to 11.953 days
Using 1 of 8 CPU threads
Searching for best T0 for period 7.78869 days
Transit Least Squares TLS 1.32 (5 Apr 2024)
Creating model cache for 38 durations
Searching 19610 data points, 342 periods from 1.285 to 14.1 days
Using 1 of 8 CPU threads
Searching for best T0 for period 2.55546 days
Transit Least Squares TLS 1.32 (5 Apr 2024)
Creating model cache for 37 durations
Searching 14454 data points, 1084 periods from 0.445 to 12.693 days
Using 1 of 8 CPU threads
Searching for best T0 for period 9.87543 days
Transit Least Squares TLS 1.32 (5 Apr 2024)
Creating model cache for 37 durations
Searching 16392 data points, 310 periods from 1.216 to 12.354 days
Using 1 of 8 CPU threads
Searching for best T0 for period 2.09231 days
Transit Least Squares TLS 1.32 (5 Apr 2024)
Creating model cache for 37 durations
Searching 17219 data points, 2280 periods from 0.601 to 12.667 days
Using 1 of 8 CPU threads
Searching for best T0 for period 0.81098 days
Transit Least Squares TLS 1.32 (5 Apr 2024)
Creating model cache for 37 durations
Searching 12965 data points, 716 periods from 0.601 to 12.033 days
Using 1 of 8 CPU threads
Searching for best T0 for period 9.57379 days
Transit Least Squares TLS 1.32 (5 Apr 2024)
Creating model cache for 38 durations
Searching 16760 data points, 897 periods from 0.531 to 12.851 days
Using 1 of 8 CPU threads
Searching for best T0 for period 3.25115 days
Transit Least Squares TLS 1.32 (5 Apr 2024)
Creating model cache for 37 durations
Searching 15591 data points, 206 periods from 1.632 to 12.157 days
Using 1 of 8 CPU threads
Searching for best T0 for period 3.65531 days
Transit Least Squares TLS 1.32 (5 Apr 2024)
Creating model cache for 38 durations
Searching 16404 data points, 987 periods from 0.504 to 13.262 days
Using 1 of 8 CPU threads
Searching for best T0 for period 13.26245 days
Transit Least Squares TLS 1.32 (5 Apr 2024)
Creating model cache for 38 durations
Searching 14804 data points, 336 periods from 1.183 to 12.797 days
Using 1 of 8 CPU threads
Searching for best T0 for period 7.91717 days
Transit Least Squares TLS 1.32 (5 Apr 2024)
Creating model cache for 38 durations
Searching 18882 data points, 2476 periods from 0.601 to 13.581 days
Using 1 of 8 CPU threads
Searching for best T0 for period 0.91507 days
Transit Least Squares TLS 1.32 (5 Apr 2024)
Creating model cache for 38 durations
Searching 12874 data points, 340 periods from 1.284 to 14.031 days
Using 1 of 8 CPU threads
Searching for best T0 for period 7.60360 days
Transit Least Squares TLS 1.32 (5 Apr 2024)
Creating model cache for 37 durations
Searching 986 data points, 160 periods from 1.894 to 11.75 days
Using 1 of 8 CPU threads
Searching for best T0 for period 2.41186 days
Transit Least Squares TLS 1.32 (5 Apr 2024)
Creating model cache for 36 durations
Searching 10441 data points, 933 periods from 0.433 to 10.857 days
Using 1 of 8 CPU threads
Searching for best T0 for period 2.23143 days
Transit Least Squares TLS 1.32 (5 Apr 2024)
Creating model cache for 38 durations
Searching 17986 data points, 435 periods from 1.082 to 14.38 days
Using 1 of 8 CPU threads
Searching for best T0 for period 5.09503 days
Transit Least Squares TLS 1.32 (5 Apr 2024)
Creating model cache for 37 durations
Searching 16749 data points, 604 periods from 0.703 to 12.22 days
Using 1 of 8 CPU threads
Searching for best T0 for period 5.29288 days
Transit Least Squares TLS 1.32 (5 Apr 2024)
Creating model cache for 38 durations
Searching 11517 data points, 325 periods from 1.273 to 13.425 days
Using 1 of 8 CPU threads
Searching for best T0 for period 3.66753 days
Transit Least Squares TLS 1.32 (5 Apr 2024)
Creating model cache for 38 durations
Searching 18173 data points, 603 periods from 0.789 to 13.703 days
Using 1 of 8 CPU threads
Searching for best T0 for period 4.70723 days
Transit Least Squares TLS 1.32 (5 Apr 2024)
Creating model cache for 37 durations
Searching 16734 data points, 1149 periods from 0.422 to 12.647 days
Using 1 of 8 CPU threads
Searching for best T0 for period 1.64446 days
Transit Least Squares TLS 1.32 (5 Apr 2024)
Creating model cache for 38 durations
Searching 19605 data points, 864 periods from 0.601 to 14.1 days
Using 1 of 8 CPU threads
Searching for best T0 for period 3.06635 days
Transit Least Squares TLS 1.32 (5 Apr 2024)
Creating model cache for 38 durations
Searching 16740 data points, 783 periods from 0.601 to 12.981 days
Using 1 of 8 CPU threads
Searching for best T0 for period 7.20582 days
Transit Least Squares TLS 1.32 (5 Apr 2024)
Creating model cache for 38 durations
Searching 10746 data points, 698 periods from 0.674 to 13.223 days
Using 1 of 8 CPU threads
Searching for best T0 for period 1.75238 days
Transit Least Squares TLS 1.32 (5 Apr 2024)
Creating model cache for 38 durations
Searching 18424 data points, 815 periods from 0.601 to 13.425 days
Using 1 of 8 CPU threads
Searching for best T0 for period 12.81538 days
Transit Least Squares TLS 1.32 (5 Apr 2024)
Creating model cache for 38 durations
Searching 18137 data points, 2946 periods from 0.188 to 12.927 days
Using 1 of 8 CPU threads
Searching for best T0 for period 0.49169 days
Transit Least Squares TLS 1.32 (5 Apr 2024)
Creating model cache for 38 durations
Searching 18137 data points, 2946 periods from 0.188 to 12.927 days
Using 1 of 8 CPU threads
Searching for best T0 for period 0.49169 days
Transit Least Squares TLS 1.32 (5 Apr 2024)
Creating model cache for 38 durations
Searching 3517 data points, 177 periods from 1.967 to 13.108 days
Using 1 of 8 CPU threads
Searching for best T0 for period 7.86994 days
Transit Least Squares TLS 1.32 (5 Apr 2024)
Creating model cache for 38 durations
Searching 18882 data points, 2476 periods from 0.601 to 13.581 days
Using 1 of 8 CPU threads
Searching for best T0 for period 1.41160 days
Transit Least Squares TLS 1.32 (5 Apr 2024)
Creating model cache for 38 durations
Searching 19605 data points, 341 periods from 1.273 to 13.94 days
Using 1 of 8 CPU threads
Searching for best T0 for period 1.82527 days
Transit Least Squares TLS 1.32 (5 Apr 2024)
Creating model cache for 37 durations
Searching 14769 data points, 289 periods from 1.263 to 12.144 days
Using 1 of 8 CPU threads
Searching for best T0 for period 5.46249 days
Transit Least Squares TLS 1.32 (5 Apr 2024)
Creating model cache for 38 durations
Searching 13162 data points, 826 periods from 0.601 to 13.581 days
Using 1 of 8 CPU threads
Searching for best T0 for period 6.84053 days
Transit Least Squares TLS 1.32 (5 Apr 2024)
Creating model cache for 38 durations
Searching 18939 data points, 265 periods from 1.53 to 13.796 days
Using 1 of 8 CPU threads
Searching for best T0 for period 2.29085 days
Transit Least Squares TLS 1.32 (5 Apr 2024)
Creating model cache for 38 durations
Searching 17458 data points, 299 periods from 1.307 to 12.92 days
Using 1 of 8 CPU threads
Searching for best T0 for period   [1200/1600] done (10949s elapsed, ~3650s remaining, 685/1200 usable so far)
/Library/Frameworks/Python.framework/Versions/3.11/lib/python3.11/site-packages/transitleastsquares/main.py:411: UserWarning: 2 of 3 transits without data. The true period may be twice the given period.
  warnings.warn(text)
/Library/Frameworks/Python.framework/Versions/3.11/lib/python3.11/site-packages/transitleastsquares/grid.py:149: UserWarning: period_grid defaults to R_star=1 and M_star=1 as given density yielded grid with too few values
  warnings.warn(
/Library/Frameworks/Python.framework/Versions/3.11/lib/python3.11/site-packages/transitleastsquares/stats.py:458: RuntimeWarning: divide by zero encountered in scalar divide
  snr_pink_per_transit[i] = (1 - mean_flux) / pinknoise
/Library/Frameworks/Python.framework/Versions/3.11/lib/python3.11/site-packages/transitleastsquares/grid.py:149: UserWarning: period_grid defaults to R_star=1 and M_star=1 as given density yielded grid with too few values
  warnings.warn(
/Library/Frameworks/Python.framework/Versions/3.11/lib/python3.11/site-packages/transitleastsquares/main.py:411: UserWarning: 1 of 3 transits without data. The true period may be twice the given period.
  warnings.warn(text)
/Library/Frameworks/Python.framework/Versions/3.11/lib/python3.11/site-packages/transitleastsquares/main.py:411: UserWarning: 3 of 9 transits without data. The true period may be twice the given period.
  warnings.warn(text)
/Library/Frameworks/Python.framework/Versions/3.11/lib/python3.11/site-packages/transitleastsquares/stats.py:458: RuntimeWarning: divide by zero encountered in scalar divide
  snr_pink_per_transit[i] = (1 - mean_flux) / pinknoise
Using 1 of 8 CPU threads
Searching for best T0 for period 1.72182 days
Transit Least Squares TLS 1.32 (5 Apr 2024)
Creating model cache for 37 durations
Searching 14096 data points, 988 periods from 0.438 to 11.526 days
Using 1 of 8 CPU threads
Searching for best T0 for period 0.47921 days
Transit Least Squares TLS 1.32 (5 Apr 2024)
Creating model cache for 38 durations
Searching 12164 data points, 646 periods from 0.694 to 12.745 days
Using 1 of 8 CPU threads
Searching for best T0 for period 3.69652 days
Transit Least Squares TLS 1.32 (5 Apr 2024)
Creating model cache for 38 durations
Searching 18422 data points, 815 periods from 0.601 to 13.425 days
Using 1 of 8 CPU threads
Searching for best T0 for period 13.42512 days
Transit Least Squares TLS 1.32 (5 Apr 2024)
Creating model cache for 38 durations
Searching 18854 data points, 282 periods from 1.424 to 13.458 days
Using 1 of 8 CPU threads
Searching for best T0 for period 2.65580 days
Transit Least Squares TLS 1.32 (5 Apr 2024)
Creating model cache for 38 durations
Searching 16762 data points, 661 periods from 0.741 to 13.886 days
Using 1 of 8 CPU threads
Searching for best T0 for period 1.92181 days
Transit Least Squares TLS 1.32 (5 Apr 2024)
Creating model cache for 37 durations
Searching 14967 data points, 188 periods from 1.725 to 11.993 days
Using 1 of 8 CPU threads
Searching for best T0 for period 4.52572 days
Transit Least Squares TLS 1.32 (5 Apr 2024)
Creating model cache for 38 durations
Searching 17332 data points, 779 periods from 0.601 to 12.919 days
Using 1 of 8 CPU threads
Searching for best T0 for period 1.02455 days
Transit Least Squares TLS 1.32 (5 Apr 2024)
Creating model cache for 37 durations
Searching 16818 data points, 748 periods from 0.6 to 12.481 days
Using 1 of 8 CPU threads
Searching for best T0 for period 0.72201 days
Transit Least Squares TLS 1.32 (5 Apr 2024)
Creating model cache for 37 durations
Searching 938 data points, 574 periods from 0.731 to 12.188 days
Using 1 of 8 CPU threads
Searching for best T0 for period 1.38724 days
Transit Least Squares TLS 1.32 (5 Apr 2024)
Creating model cache for 37 durations
Searching 16749 data points, 275 periods from 1.32 to 12.22 days
Using 1 of 8 CPU threads
Searching for best T0 for period 3.84942 days
Transit Least Squares TLS 1.32 (5 Apr 2024)
Creating model cache for 36 durations
Searching 14589 data points, 2204 periods from 0.205 to 10.886 days
Using 1 of 8 CPU threads
Searching for best T0 for period 0.29543 days
Transit Least Squares TLS 1.32 (5 Apr 2024)
Creating model cache for 38 durations
Searching 18190 data points, 794 periods from 0.638 to 13.94 days
Using 1 of 8 CPU threads
Searching for best T0 for period 2.19614 days
Transit Least Squares TLS 1.32 (5 Apr 2024)
Creating model cache for 37 durations
Searching 986 data points, 130 periods from 2.198 to 11.75 days
Using 1 of 8 CPU threads
Searching for best T0 for period 4.79487 days
Transit Least Squares TLS 1.32 (5 Apr 2024)
Creating model cache for 37 durations
Searching 12852 data points, 1100 periods from 0.414 to 11.948 days
Using 1 of 8 CPU threads
Searching for best T0 for period 0.96804 days
Transit Least Squares TLS 1.32 (5 Apr 2024)
Creating model cache for 38 durations
Searching 14571 data points, 438 periods from 1.015 to 13.581 days
Using 1 of 8 CPU threads
Searching for best T0 for period 4.20766 days
Transit Least Squares TLS 1.32 (5 Apr 2024)
Creating model cache for 37 durations
Searching 13072 data points, 4296 periods from 0.123 to 11.954 days
Using 1 of 8 CPU threads
Searching for best T0 for period 0.36438 days
Transit Least Squares TLS 1.32 (5 Apr 2024)
Creating model cache for 37 durations
Searching 16749 data points, 729 periods from 0.601 to 12.22 days
Using 1 of 8 CPU threads
Searching for best T0 for period 3.04529 days
Transit Least Squares TLS 1.32 (5 Apr 2024)
Creating model cache for 38 durations
Searching 12109 data points, 650 periods from 0.71 to 13.119 days
Using 1 of 8 CPU threads
Searching for best T0 for period 3.68578 days
Transit Least Squares TLS 1.32 (5 Apr 2024)
Creating model cache for 37 durations
Searching 818 data points, 319 periods from 1.089 to 11.333 days
Using 1 of 8 CPU threads
Searching for best T0 for period 1.61246 days
Transit Least Squares TLS 1.32 (5 Apr 2024)
Creating model cache for 38 durations
Searching 19516 data points, 190 periods from 2.01 to 14.1 days
Using 1 of 8 CPU threads
Searching for best T0 for period 11.27447 days
Transit Least Squares TLS 1.32 (5 Apr 2024)
Creating model cache for 37 durations
Searching 948 data points, 2058 periods from 0.601 to 11.625 days
Using 1 of 8 CPU threads
Searching for best T0 for period 1.18026 days
Transit Least Squares TLS 1.32 (5 Apr 2024)
Creating model cache for 37 durations
Searching 15662 data points, 501 periods from 0.82 to 12.22 days
Using 1 of 8 CPU threads
Searching for best T0 for period 1.83217 days
Transit Least Squares TLS 1.32 (5 Apr 2024)
Creating model cache for 37 durations
Searching 921 data points, 5502 periods from 0.094 to 11.448 days
Using 1 of 8 CPU threads
Searching for best T0 for period 0.16389 days
Transit Least Squares TLS 1.32 (5 Apr 2024)
Creating model cache for 37 durations
Searching 15812 data points, 267 periods from 1.333 to 12.058 days
Using 1 of 8 CPU threads
Searching for best T0 for period 1.75691 days
Transit Least Squares TLS 1.32 (5 Apr 2024)
Creating model cache for 37 durations
Searching 17367 data points, 287 periods from 1.309 to 12.513 days
Using 1 of 8 CPU threads
Searching for best T0 for period 1.63794 days
Transit Least Squares TLS 1.32 (5 Apr 2024)
Creating model cache for 38 durations
Searching 17458 data points, 606 periods from 0.741 to 12.92 days
Using 1 of 8 CPU threads
Searching for best T0 for period 0.75288 days
Transit Least Squares TLS 1.32 (5 Apr 2024)
Creating model cache for 38 durations
Searching 18256 data points, 188 periods from 1.999 to 13.94 days
Using 1 of 8 CPU threads
Searching for best T0 for period 2.19454 days
Transit Least Squares TLS 1.32 (5 Apr 2024)
Creating model cache for 38 durations
Searching 18408 data points, 815 periods from 0.601 to 13.425 days
Using 1 of 8 CPU threads
Searching for best T0 for period 0.73719 days
Transit Least Squares TLS 1.32 (5 Apr 2024)
Creating model cache for 38 durations
Searching 14711 data points, 1054 periods from 0.459 to 12.769 days
Using 1 of 8 CPU threads
Searching for best T0 for period 0.84218 days
Transit Least Squares TLS 1.32 (5 Apr 2024)
Creating model cache for 38 durations
Searching 19176 data points, 719 periods from 0.694 to 13.94 days
Using 1 of 8 CPU threads
Searching for best T0 for period 0.78992 days
Transit Least Squares TLS 1.32 (5 Apr 2024)
Creating model cache for 37 durations
Searching 12554 data points, 345 periods from 1.046 to 11.575 days
Using 1 of 8 CPU threads
Searching for best T0 for period 10.63718 days
Transit Least Squares TLS 1.32 (5 Apr 2024)
Creating model cache for 37 durations
Searching 16914 data points, 2248 periods from 0.601 to 12.517 days
Using 1 of 8 CPU threads
Searching for best T0 for period 3.72403 days
Transit Least Squares TLS 1.32 (5 Apr 2024)
Creating model cache for 37 durations
Searching 971 data points, 2069 periods from 0.601 to 11.677 days
Using 1 of 8 CPU threads
Searching for best T0 for period 2.27588 days
Transit Least Squares TLS 1.32 (5 Apr 2024)
Creating model cache for 36 durations
Searching 10562 data points, 359 periods from 0.888 to 10.143 days
Using 1 of 8 CPU threads
Searching for best T0 for period 2.60391 days
Transit Least Squares TLS 1.32 (5 Apr 2024)
Creating model cache for 37 durations
Searching 14673 data points, 435 periods from 0.901 to 11.977 days
Using 1 of 8 CPU threads
Searching for best T0 for period 2.13858 days
Transit Least Squares TLS 1.32 (5 Apr 2024)
Creating model cache for 37 durations
Searching 13288 data points, 121 periods from 2.386 to 12.158 days
Using 1 of 8 CPU threads
Searching for best T0 for period 3.03230 days
Transit Least Squares TLS 1.32 (5 Apr 2024)
Creating model cache for 38 durations
Searching 17458 data points, 2334 periods from 0.601 to 12.92 days
Using 1 of 8 CPU threads
Searching for best T0 for period 1.35442   [1220/1600] done (11115s elapsed, ~3462s remaining, 699/1220 usable so far)
/Library/Frameworks/Python.framework/Versions/3.11/lib/python3.11/site-packages/transitleastsquares/grid.py:149: UserWarning: period_grid defaults to R_star=1 and M_star=1 as given density yielded grid with too few values
  warnings.warn(
/Library/Frameworks/Python.framework/Versions/3.11/lib/python3.11/site-packages/numpy/_core/_methods.py:219: RuntimeWarning: Degrees of freedom <= 0 for slice
  ret = _var(a, axis=axis, dtype=dtype, out=out, ddof=ddof,
/Library/Frameworks/Python.framework/Versions/3.11/lib/python3.11/site-packages/numpy/_core/_methods.py:178: RuntimeWarning: invalid value encountered in divide
  arrmean = um.true_divide(arrmean, div, out=arrmean,
/Library/Frameworks/Python.framework/Versions/3.11/lib/python3.11/site-packages/numpy/_core/_methods.py:211: RuntimeWarning: invalid value encountered in scalar divide
  ret = ret.dtype.type(ret / rcount)
/Library/Frameworks/Python.framework/Versions/3.11/lib/python3.11/site-packages/transitleastsquares/main.py:411: UserWarning: 15 of 21 transits without data. The true period may be twice the given period.
  warnings.warn(text)
/Library/Frameworks/Python.framework/Versions/3.11/lib/python3.11/site-packages/transitleastsquares/main.py:411: UserWarning: 5 of 13 transits without data. The true period may be twice the given period.
  warnings.warn(text)
/Library/Frameworks/Python.framework/Versions/3.11/lib/python3.11/site-packages/transitleastsquares/grid.py:149: UserWarning: period_grid defaults to R_star=1 and M_star=1 as given density yielded grid with too few values
  warnings.warn(
  [1240/1600] done (11266s elapsed, ~3271s remaining, 713/1240 usable so far)
/Library/Frameworks/Python.framework/Versions/3.11/lib/python3.11/site-packages/transitleastsquares/grid.py:149: UserWarning: period_grid defaults to R_star=1 and M_star=1 as given density yielded grid with too few values
  warnings.warn(
/Library/Frameworks/Python.framework/Versions/3.11/lib/python3.11/site-packages/transitleastsquares/main.py:411: UserWarning: 1 of 2 transits without data. The true period may be twice the given period.
  warnings.warn(text)
/Library/Frameworks/Python.framework/Versions/3.11/lib/python3.11/site-packages/transitleastsquares/grid.py:149: UserWarning: period_grid defaults to R_star=1 and M_star=1 as given density yielded grid with too few values
  warnings.warn(
/Library/Frameworks/Python.framework/Versions/3.11/lib/python3.11/site-packages/transitleastsquares/main.py:411: UserWarning: 3 of 8 transits without data. The true period may be twice the given period.
  warnings.warn(text)
/Library/Frameworks/Python.framework/Versions/3.11/lib/python3.11/site-packages/transitleastsquares/grid.py:149: UserWarning: period_grid defaults to R_star=1 and M_star=1 as given density yielded grid with too few values
  warnings.warn(
/Library/Frameworks/Python.framework/Versions/3.11/lib/python3.11/site-packages/transitleastsquares/grid.py:149: UserWarning: period_grid defaults to R_star=1 and M_star=1 as given density yielded grid with too few values
  warnings.warn(
  [1260/1600] done (11448s elapsed, ~3089s remaining, 725/1260 usable so far)
/Library/Frameworks/Python.framework/Versions/3.11/lib/python3.11/site-packages/transitleastsquares/grid.py:149: UserWarning: period_grid defaults to R_star=1 and M_star=1 as given density yielded grid with too few values
  warnings.warn(
/Library/Frameworks/Python.framework/Versions/3.11/lib/python3.11/site-packages/transitleastsquares/main.py:411: UserWarning: 3 of 6 transits without data. The true period may be twice the given period.
  warnings.warn(text)
  [1280/1600] done (11593s elapsed, ~2898s remaining, 739/1280 usable so far)
/Library/Frameworks/Python.framework/Versions/3.11/lib/python3.11/site-packages/transitleastsquares/stats.py:458: RuntimeWarning: divide by zero encountered in scalar divide
  snr_pink_per_transit[i] = (1 - mean_flux) / pinknoise
/Library/Frameworks/Python.framework/Versions/3.11/lib/python3.11/site-packages/transitleastsquares/grid.py:149: UserWarning: period_grid defaults to R_star=1 and M_star=1 as given density yielded grid with too few values
  warnings.warn(
/Library/Frameworks/Python.framework/Versions/3.11/lib/python3.11/site-packages/transitleastsquares/main.py:411: UserWarning: 7 of 18 transits without data. The true period may be twice the given period.
  warnings.warn(text)
/Library/Frameworks/Python.framework/Versions/3.11/lib/python3.11/site-packages/transitleastsquares/main.py:411: UserWarning: 1 of 3 transits without data. The true period may be twice the given period.
  warnings.warn(text)
  [1300/1600] done (11745s elapsed, ~2710s remaining, 751/1300 usable so far)
/Library/Frameworks/Python.framework/Versions/3.11/lib/python3.11/site-packages/transitleastsquares/main.py:411: UserWarning: 1 of 2 transits without data. The true period may be twice the given period.
  warnings.warn(text)
/Library/Frameworks/Python.framework/Versions/3.11/lib/python3.11/site-packages/transitleastsquares/stats.py:458: RuntimeWarning: divide by zero encountered in scalar divide
  snr_pink_per_transit[i] = (1 - mean_flux) / pinknoise
/Library/Frameworks/Python.framework/Versions/3.11/lib/python3.11/site-packages/transitleastsquares/stats.py:458: RuntimeWarning: divide by zero encountered in scalar divide
  snr_pink_per_transit[i] = (1 - mean_flux) / pinknoise
/Library/Frameworks/Python.framework/Versions/3.11/lib/python3.11/site-packages/transitleastsquares/main.py:411: UserWarning: 1 of 3 transits without data. The true period may be twice the given period.
  warnings.warn(text)
Using 1 of 8 CPU threads
Searching for best T0 for period 0.85772 days
Transit Least Squares TLS 1.32 (5 Apr 2024)
Creating model cache for 37 durations
Searching 16127 data points, 538 periods from 0.77 to 12.169 days
Using 1 of 8 CPU threads
Searching for best T0 for period 1.35893 days
Transit Least Squares TLS 1.32 (5 Apr 2024)
Creating model cache for 37 durations
Searching 13799 data points, 726 periods from 0.601 to 12.173 days
Using 1 of 8 CPU threads
Searching for best T0 for period 2.42559 days
Transit Least Squares TLS 1.32 (5 Apr 2024)
Creating model cache for 37 durations
Searching 16101 data points, 118 periods from 2.538 to 12.668 days
Using 1 of 8 CPU threads
Searching for best T0 for period 3.43275 days
Transit Least Squares TLS 1.32 (5 Apr 2024)
Creating model cache for 38 durations
Searching 14286 data points, 815 periods from 0.601 to 13.425 days
Using 1 of 8 CPU threads
Searching for best T0 for period 8.99513 days
Transit Least Squares TLS 1.32 (5 Apr 2024)
Creating model cache for 37 durations
Searching 14713 data points, 700 periods from 0.601 to 11.812 days
Using 1 of 8 CPU threads
Searching for best T0 for period 1.93969 days
Transit Least Squares TLS 1.32 (5 Apr 2024)
Creating model cache for 38 durations
Searching 14118 data points, 235 periods from 1.652 to 13.581 days
Using 1 of 8 CPU threads
Searching for best T0 for period 2.80437 days
Transit Least Squares TLS 1.32 (5 Apr 2024)
Creating model cache for 37 durations
Searching 816 data points, 678 periods from 0.628 to 12.021 days
Using 1 of 8 CPU threads
Searching for best T0 for period 1.98184 days
Transit Least Squares TLS 1.32 (5 Apr 2024)
Creating model cache for 37 durations
Searching 15852 data points, 327 periods from 1.138 to 12.051 days
Using 1 of 8 CPU threads
Searching for best T0 for period 5.81249 days
Transit Least Squares TLS 1.32 (5 Apr 2024)
Creating model cache for 37 durations
Searching 13924 data points, 2108 periods from 0.601 to 11.86 days
Using 1 of 8 CPU threads
Searching for best T0 for period 0.63361 days
Transit Least Squares TLS 1.32 (5 Apr 2024)
Creating model cache for 38 durations
Searching 18322 data points, 599 periods from 0.77 to 13.295 days
Using 1 of 8 CPU threads
Searching for best T0 for period 4.89901 days
Transit Least Squares TLS 1.32 (5 Apr 2024)
Creating model cache for 38 durations
Searching 1220 data points, 486 periods from 0.921 to 13.396 days
Using 1 of 8 CPU threads
Searching for best T0 for period 3.41892 days
Transit Least Squares TLS 1.32 (5 Apr 2024)
Creating model cache for 37 durations
Searching 1015 data points, 303 periods from 1.193 to 11.906 days
Using 1 of 8 CPU threads
Searching for best T0 for period 2.15595 days
Transit Least Squares TLS 1.32 (5 Apr 2024)
Creating model cache for 37 durations
Searching 14966 data points, 2121 periods from 0.601 to 11.923 days
Using 1 of 8 CPU threads
Searching for best T0 for period 0.70738 days
Transit Least Squares TLS 1.32 (5 Apr 2024)
Creating model cache for 38 durations
Searching 19238 data points, 2536 periods from 0.601 to 13.859 days
Using 1 of 8 CPU threads
Searching for best T0 for period 0.78357 days
Transit Least Squares TLS 1.32 (5 Apr 2024)
Creating model cache for 38 durations
Searching 18409 data points, 815 periods from 0.601 to 13.425 days
Using 1 of 8 CPU threads
Searching for best T0 for period 1.64597 days
Transit Least Squares TLS 1.32 (5 Apr 2024)
Creating model cache for 37 durations
Searching 16468 data points, 753 periods from 0.601 to 12.561 days
Using 1 of 8 CPU threads
Searching for best T0 for period 1.68995 days
Transit Least Squares TLS 1.32 (5 Apr 2024)
Creating model cache for 38 durations
Searching 11411 data points, 1295 periods from 0.422 to 14.031 days
Using 1 of 8 CPU threads
Searching for best T0 for period 2.72233 days
Transit Least Squares TLS 1.32 (5 Apr 2024)
Creating model cache for 38 durations
Searching 14742 data points, 768 periods from 0.602 to 12.772 days
Using 1 of 8 CPU threads
Searching for best T0 for period 1.38793 days
Transit Least Squares TLS 1.32 (5 Apr 2024)
Creating model cache for 37 durations
Searching 945 data points, 182 periods from 1.692 to 11.511 days
Using 1 of 8 CPU threads
Searching for best T0 for period 5.46532 days
Transit Least Squares TLS 1.32 (5 Apr 2024)
Creating model cache for 37 durations
Searching 14982 data points, 427 periods from 0.932 to 12.204 days
Using 1 of 8 CPU threads
Searching for best T0 for period 1.77486 days
Transit Least Squares TLS 1.32 (5 Apr 2024)
Creating model cache for 38 durations
Searching 14182 data points, 155 periods from 2.292 to 13.847 days
Using 1 of 8 CPU threads
Searching for best T0 for period 6.81428 days
Transit Least Squares TLS 1.32 (5 Apr 2024)
Creating model cache for 38 durations
Searching 18310 data points, 806 periods from 0.6 to 13.292 days
Using 1 of 8 CPU threads
Searching for best T0 for period 2.36829 days
Transit Least Squares TLS 1.32 (5 Apr 2024)
Creating model cache for 37 durations
Searching 16149 data points, 711 periods from 0.6 to 11.96 days
Using 1 of 8 CPU threads
Searching for best T0 for period 1.80826 days
Transit Least Squares TLS 1.32 (5 Apr 2024)
Creating model cache for 38 durations
Searching 15068 data points, 733 periods from 0.642 to 13.115 days
Using 1 of 8 CPU threads
Searching for best T0 for period 2.15980 days
Transit Least Squares TLS 1.32 (5 Apr 2024)
Creating model cache for 37 durations
Searching 16852 data points, 516 periods from 0.818 to 12.506 days
Using 1 of 8 CPU threads
Searching for best T0 for period 4.44771 days
Transit Least Squares TLS 1.32 (5 Apr 2024)
Creating model cache for 37 durations
Searching 899 data points, 431 periods from 0.961 to 12.698 days
Using 1 of 8 CPU threads
Searching for best T0 for period 1.20444 days
Transit Least Squares TLS 1.32 (5 Apr 2024)
Creating model cache for 38 durations
Searching 14182 data points, 155 periods from 2.292 to 13.847 days
Using 1 of 8 CPU threads
Searching for best T0 for period 10.99286 days
Transit Least Squares TLS 1.32 (5 Apr 2024)
Creating model cache for 37 durations
Searching 986 data points, 130 periods from 2.198 to 11.75 days
Using 1 of 8 CPU threads
Searching for best T0 for period 9.60122 days
Transit Least Squares TLS 1.32 (5 Apr 2024)
Creating model cache for 38 durations
Searching 15635 data points, 1055 periods from 0.488 to 13.581 days
Using 1 of 8 CPU threads
Searching for best T0 for period 1.78481 days
Transit Least Squares TLS 1.32 (5 Apr 2024)
Creating model cache for 37 durations
Searching 14643 data points, 201 periods from 1.62 to 11.845 days
Using 1 of 8 CPU threads
Searching for best T0 for period 3.48537 days
Transit Least Squares TLS 1.32 (5 Apr 2024)
Creating model cache for 37 durations
Searching 13924 data points, 2108 periods from 0.601 to 11.86 days
Using 1 of 8 CPU threads
Searching for best T0 for period 5.65125 days
Transit Least Squares TLS 1.32 (5 Apr 2024)
Creating model cache for 37 durations
Searching 13924 data points, 2108 periods from 0.601 to 11.86 days
Using 1 of 8 CPU threads
Searching for best T0 for period 1.03835 days
Transit Least Squares TLS 1.32 (5 Apr 2024)
Creating model cache for 37 durations
Searching 13677 data points, 716 periods from 0.601 to 12.036 days
Using 1 of 8 CPU threads
Searching for best T0 for period 4.56480 days
Transit Least Squares TLS 1.32 (5 Apr 2024)
Creating model cache for 37 durations
Searching 12904 data points, 2207 periods from 0.225 to 11.986 days
Using 1 of 8 CPU threads
Searching for best T0 for period 0.44304 days
Transit Least Squares TLS 1.32 (5 Apr 2024)
Creating model cache for 37 durations
Searching 16695 data points, 747 periods from 0.601 to 12.469 days
Using 1 of 8 CPU threads
Searching for best T0 for period 0.60363 days
Transit Least Squares TLS 1.32 (5 Apr 2024)
Creating model cache for 36 durations
Searching 808 data points, 183 periods from 1.481 to 10.115 days
Using 1 of 8 CPU threads
Searching for best T0 for period 2.80994 days
Transit Least Squares TLS 1.32 (5 Apr 2024)
Creating model cache for 38 durations
Searching 11372 data points, 852 periods from 0.601 to 13.939 days
Using 1 of 8 CPU threads
Searching for best T0 for period 13.58113   [1320/1600] done (11924s elapsed, ~2529s remaining, 763/1320 usable so far)
/Library/Frameworks/Python.framework/Versions/3.11/lib/python3.11/site-packages/transitleastsquares/main.py:411: UserWarning: 9 of 26 transits without data. The true period may be twice the given period.
  warnings.warn(text)
Using 1 of 8 CPU threads
Searching for best T0 for period 2.63599 days
Transit Least Squares TLS 1.32 (5 Apr 2024)
Creating model cache for 38 durations
Searching 15177 data points, 217 periods from 1.712 to 13.242 days
Using 1 of 8 CPU threads
Searching for best T0 for period 1.90150 days
Transit Least Squares TLS 1.32 (5 Apr 2024)
Creating model cache for 37 durations
Searching 17086 data points, 758 periods from 0.6 to 12.622 days
Using 1 of 8 CPU threads
Searching for best T0 for period 9.42429 days
Transit Least Squares TLS 1.32 (5 Apr 2024)
Creating model cache for 38 durations
Searching 15583 data points, 248 periods from 1.53 to 13.115 days
Using 1 of 8 CPU threads
Searching for best T0 for period 3.04409 days
Transit Least Squares TLS 1.32 (5 Apr 2024)
Creating model cache for 36 durations
Searching 11790 data points, 5610 periods from 0.087 to 10.819 days
Using 1 of 8 CPU threads
Searching for best T0 for period 5.21817 days
Transit Least Squares TLS 1.32 (5 Apr 2024)
Creating model cache for 38 durations
Searching 15765 data points, 304 periods from 1.351 to 13.539 days
Using 1 of 8 CPU threads
Searching for best T0 for period 3.38310 days
Transit Least Squares TLS 1.32 (5 Apr 2024)
Creating model cache for 38 durations
Searching 14711 data points, 1054 periods from 0.459 to 12.769 days
Using 1 of 8 CPU threads
Searching for best T0 for period 0.73761 days
Transit Least Squares TLS 1.32 (5 Apr 2024)
Creating model cache for 37 durations
Searching 16357 data points, 610 periods from 0.697 to 12.218 days
Using 1 of 8 CPU threads
Searching for best T0 for period 3.78753 days
Transit Least Squares TLS 1.32 (5 Apr 2024)
Creating model cache for 38 durations
Searching 1195 data points, 670 periods from 0.722 to 13.677 days
Using 1 of 8 CPU threads
Searching for best T0 for period 3.26174 days
Transit Least Squares TLS 1.32 (5 Apr 2024)
Creating model cache for 36 durations
Searching 12901 data points, 582 periods from 0.601 to 10.133 days
Using 1 of 8 CPU threads
Searching for best T0 for period 1.34404 days
Transit Least Squares TLS 1.32 (5 Apr 2024)
Creating model cache for 38 durations
Searching 19610 data points, 779 periods from 0.656 to 14.1 days
Using 1 of 8 CPU threads
Searching for best T0 for period 1.13827 days
Transit Least Squares TLS 1.32 (5 Apr 2024)
Creating model cache for 37 durations
Searching 16620 data points, 410 periods from 0.995 to 12.612 days
Using 1 of 8 CPU threads
Searching for best T0 for period 1.62427 days
Transit Least Squares TLS 1.32 (5 Apr 2024)
Creating model cache for 38 durations
Searching 1191 data points, 210 periods from 1.809 to 13.677 days
Using 1 of 8 CPU threads
Searching for best T0 for period 2.26955 days
Transit Least Squares TLS 1.32 (5 Apr 2024)
Creating model cache for 37 durations
Searching 15181 data points, 553 periods from 0.74 to 11.969 days
Using 1 of 8 CPU threads
Searching for best T0 for period 3.86930 days
Transit Least Squares TLS 1.32 (5 Apr 2024)
Creating model cache for 37 durations
Searching 13535 data points, 569 periods from 0.723 to 11.948 days
Using 1 of 8 CPU threads
Searching for best T0 for period 1.72182 days
Transit Least Squares TLS 1.32 (5 Apr 2024)
Creating model cache for 37 durations
Searching 15918 data points, 242 periods from 1.44 to 12.088 days
Using 1 of 8 CPU threads
Searching for best T0 for period 4.50365 days
Transit Least Squares TLS 1.32 (5 Apr 2024)
Creating model cache for 37 durations
Searching 15731 data points, 203 periods from 1.632 to 12.025 days
Using 1 of 8 CPU threads
Searching for best T0 for period 2.60591 days
Transit Least Squares TLS 1.32 (5 Apr 2024)
Creating model cache for 37 durations
Searching 11696 data points, 1984 periods from 0.601 to 11.273 days
Using 1 of 8 CPU threads
Searching for best T0 for period 0.62198 days
Transit Least Squares TLS 1.32 (5 Apr 2024)
Creating model cache for 37 durations
Searching 16916 data points, 1136 periods from 0.422 to 12.517 days
Using 1 of 8 CPU threads
Searching for best T0 for period 3.15180 days
Transit Least Squares TLS 1.32 (5 Apr 2024)
Creating model cache for 38 durations
Searching 17454 data points, 2334 periods from 0.601 to 12.92 days
Using 1 of 8 CPU threads
Searching for best T0 for period 1.13462 days
Transit Least Squares TLS 1.32 (5 Apr 2024)
Creating model cache for 36 durations
Searching 12527 data points, 421 periods from 0.847 to 10.977 days
Using 1 of 8 CPU threads
Searching for best T0 for period 1.54719 days
Transit Least Squares TLS 1.32 (5 Apr 2024)
Creating model cache for 38 durations
Searching 18854 data points, 818 periods from 0.6 to 13.458 days
Using 1 of 8 CPU threads
Searching for best T0 for period 2.69957 days
Transit Least Squares TLS 1.32 (5 Apr 2024)
Creating model cache for 37 durations
Searching 16960 data points, 2251 periods from 0.601 to 12.533 days
Using 1 of 8 CPU threads
Searching for best T0 for period 0.66886 days
Transit Least Squares TLS 1.32 (5 Apr 2024)
Creating model cache for 38 durations
Searching 18420 data points, 815 periods from 0.601 to 13.425 days
Using 1 of 8 CPU threads
Searching for best T0 for period 1.92581 days
Transit Least Squares TLS 1.32 (5 Apr 2024)
Creating model cache for 37 durations
Searching 924 data points, 251 periods from 1.328 to 11.479 days
Using 1 of 8 CPU threads
Searching for best T0 for period 3.86164 days
Transit Least Squares TLS 1.32 (5 Apr 2024)
Creating model cache for 38 durations
Searching 18658 data points, 425 periods from 1.048 to 13.673 days
Using 1 of 8 CPU threads
Searching for best T0 for period 1.09214 days
Transit Least Squares TLS 1.32 (5 Apr 2024)
Creating model cache for 37 durations
Searching 16073 data points, 747 periods from 0.574 to 11.915 days
Using 1 of 8 CPU threads
Searching for best T0 for period 0.66483 days
Transit Least Squares TLS 1.32 (5 Apr 2024)
Creating model cache for 37 durations
Searching 15327 data points, 746 periods from 0.583 to 12.089 days
Using 1 of 8 CPU threads
Searching for best T0 for period 1.08866 days
Transit Least Squares TLS 1.32 (5 Apr 2024)
Creating model cache for 38 durations
Searching 15652 data points, 701 periods from 0.655 to 12.896 days
Using 1 of 8 CPU threads
Searching for best T0 for period 6.99957 days
Transit Least Squares TLS 1.32 (5 Apr 2024)
Creating model cache for 37 durations
Searching 16342 data points, 1676 periods from 0.294 to 12.227 days
Using 1 of 8 CPU threads
Searching for best T0 for period 5.35848 days
Transit Least Squares TLS 1.32 (5 Apr 2024)
Creating model cache for 37 durations
Searching 15622 data points, 346 periods from 1.082 to 11.982 days
Using 1 of 8 CPU threads
Searching for best T0 for period 2.18923 days
Transit Least Squares TLS 1.32 (5 Apr 2024)
Creating model cache for 38 durations
Searching 18472 data points, 434 periods from 1.006 to 13.348 days
Using 1 of 8 CPU threads
Searching for best T0 for period 6.89494 days
Transit Least Squares TLS 1.32 (5 Apr 2024)
Creating model cache for 38 durations
Searching 11157 data points, 1411 periods from 0.375 to 13.425 days
Using 1 of 8 CPU threads
Searching for best T0 for period 4.15108 days
Transit Least Squares TLS 1.32 (5 Apr 2024)
Creating model cache for 37 durations
Searching 15622 data points, 346 periods from 1.082 to 11.982 days
Using 1 of 8 CPU threads
Searching for best T0 for period 2.20256 days
Transit Least Squares TLS 1.32 (5 Apr 2024)
Creating model cache for 37 durations
Searching 13828 data points, 108 periods from 2.591 to 12.178 days
Using 1 of 8 CPU threads
Searching for best T0 for period 9.78323 days
Transit Least Squares TLS 1.32 (5 Apr 2024)
Creating model cache for 38 durations
Searching 18249 data points, 499 periods from 0.903 to 13.425 days
Using 1 of 8 CPU threads
Searching for best T0 for period 1.48376 days
Transit Least Squares TLS 1.32 (5 Apr 2024)
Creating model cache for 38 durations
Searching 12874 data points, 2573 periods from 0.601 to 14.031 days
Using 1 of 8 CPU threads
Searching for best T0 for period 1.06383 days
Transit Least Squares TLS 1.32 (5 Apr 2024)
Creating model cache for 37 durations
Searching 14858 data points, 273 periods from 1.274 to 11.725 days
Using 1 of 8 CPU threads
Searching for best T0 for period/Library/Frameworks/Python.framework/Versions/3.11/lib/python3.11/site-packages/transitleastsquares/stats.py:458: RuntimeWarning: divide by zero encountered in scalar divide
  snr_pink_per_transit[i] = (1 - mean_flux) / pinknoise
/Library/Frameworks/Python.framework/Versions/3.11/lib/python3.11/site-packages/transitleastsquares/grid.py:149: UserWarning: period_grid defaults to R_star=1 and M_star=1 as given density yielded grid with too few values
  warnings.warn(
/Library/Frameworks/Python.framework/Versions/3.11/lib/python3.11/site-packages/numpy/_core/_methods.py:219: RuntimeWarning: Degrees of freedom <= 0 for slice
  ret = _var(a, axis=axis, dtype=dtype, out=out, ddof=ddof,
/Library/Frameworks/Python.framework/Versions/3.11/lib/python3.11/site-packages/numpy/_core/_methods.py:178: RuntimeWarning: invalid value encountered in divide
  arrmean = um.true_divide(arrmean, div, out=arrmean,
/Library/Frameworks/Python.framework/Versions/3.11/lib/python3.11/site-packages/numpy/_core/_methods.py:211: RuntimeWarning: invalid value encountered in scalar divide
  ret = ret.dtype.type(ret / rcount)
/Library/Frameworks/Python.framework/Versions/3.11/lib/python3.11/site-packages/transitleastsquares/main.py:411: UserWarning: 4 of 9 transits without data. The true period may be twice the given period.
  warnings.warn(text)
  [1340/1600] done (12176s elapsed, ~2362s remaining, 779/1340 usable so far)
/Library/Frameworks/Python.framework/Versions/3.11/lib/python3.11/site-packages/transitleastsquares/grid.py:149: UserWarning: period_grid defaults to R_star=1 and M_star=1 as given density yielded grid with too few values
  warnings.warn(
/Library/Frameworks/Python.framework/Versions/3.11/lib/python3.11/site-packages/transitleastsquares/main.py:411: UserWarning: 2 of 3 transits without data. The true period may be twice the given period.
  warnings.warn(text)
/Library/Frameworks/Python.framework/Versions/3.11/lib/python3.11/site-packages/transitleastsquares/main.py:411: UserWarning: 1 of 3 transits without data. The true period may be twice the given period.
  warnings.warn(text)
/Library/Frameworks/Python.framework/Versions/3.11/lib/python3.11/site-packages/transitleastsquares/main.py:411: UserWarning: 1 of 3 transits without data. The true period may be twice the given period.
  warnings.warn(text)
/Library/Frameworks/Python.framework/Versions/3.11/lib/python3.11/site-packages/transitleastsquares/grid.py:149: UserWarning: period_grid defaults to R_star=1 and M_star=1 as given density yielded grid with too few values
  warnings.warn(
  [1360/1600] done (12422s elapsed, ~2192s remaining, 792/1360 usable so far)
/Library/Frameworks/Python.framework/Versions/3.11/lib/python3.11/site-packages/transitleastsquares/main.py:411: UserWarning: 4 of 11 transits without data. The true period may be twice the given period.
  warnings.warn(text)
/Library/Frameworks/Python.framework/Versions/3.11/lib/python3.11/site-packages/transitleastsquares/main.py:411: UserWarning: 4 of 11 transits without data. The true period may be twice the given period.
  warnings.warn(text)
Using 1 of 8 CPU threads
Searching for best T0 for period 3.68180 days
Transit Least Squares TLS 1.32 (5 Apr 2024)
Creating model cache for 38 durations
Searching 13310 data points, 213 periods from 1.75 to 13.348 days
Using 1 of 8 CPU threads
Searching for best T0 for period 2.12438 days
Transit Least Squares TLS 1.32 (5 Apr 2024)
Creating model cache for 38 durations
Searching 14350 data points, 252 periods from 1.476 to 12.777 days
Using 1 of 8 CPU threads
Searching for best T0 for period 2.15490 days
Transit Least Squares TLS 1.32 (5 Apr 2024)
Creating model cache for 38 durations
Searching 12874 data points, 2573 periods from 0.601 to 14.031 days
Using 1 of 8 CPU threads
Searching for best T0 for period 1.51545 days
Transit Least Squares TLS 1.32 (5 Apr 2024)
Creating model cache for 37 durations
Searching 890 data points, 1327 periods from 0.375 to 12.729 days
Using 1 of 8 CPU threads
Searching for best T0 for period 5.97285 days
Transit Least Squares TLS 1.32 (5 Apr 2024)
Creating model cache for 38 durations
Searching 13292 data points, 17574 periods from 0.037 to 13.425 days
Using 1 of 8 CPU threads
Searching for best T0 for period 1.03261 days
Transit Least Squares TLS 1.32 (5 Apr 2024)
Creating model cache for 38 durations
Searching 17991 data points, 884 periods from 0.601 to 14.38 days
Using 1 of 8 CPU threads
Searching for best T0 for period 2.31753 days
Transit Least Squares TLS 1.32 (5 Apr 2024)
Creating model cache for 37 durations
Searching 14966 data points, 2121 periods from 0.601 to 11.923 days
Using 1 of 8 CPU threads
Searching for best T0 for period 1.18993 days
Transit Least Squares TLS 1.32 (5 Apr 2024)
Creating model cache for 38 durations
Searching 1195 data points, 670 periods from 0.722 to 13.677 days
Using 1 of 8 CPU threads
Searching for best T0 for period 0.88693 days
Transit Least Squares TLS 1.32 (5 Apr 2024)
Creating model cache for 37 durations
Searching 15696 data points, 2652 periods from 0.192 to 12.02 days
Using 1 of 8 CPU threads
Searching for best T0 for period 0.30249 days
Transit Least Squares TLS 1.32 (5 Apr 2024)
Creating model cache for 38 durations
Searching 836 data points, 202 periods from 1.826 to 13.396 days
Using 1 of 8 CPU threads
Searching for best T0 for period 2.32413 days
Transit Least Squares TLS 1.32 (5 Apr 2024)
Creating model cache for 37 durations
Searching 15618 data points, 300 periods from 1.211 to 12.021 days
Using 1 of 8 CPU threads
Searching for best T0 for period 4.72638 days
Transit Least Squares TLS 1.32 (5 Apr 2024)
Creating model cache for 37 durations
Searching 995 data points, 675 periods from 0.619 to 11.802 days
Using 1 of 8 CPU threads
Searching for best T0 for period 0.88228 days
Transit Least Squares TLS 1.32 (5 Apr 2024)
Creating model cache for 37 durations
Searching 921 data points, 250 periods from 1.328 to 11.448 days
Using 1 of 8 CPU threads
Searching for best T0 for period 2.08763 days
Transit Least Squares TLS 1.32 (5 Apr 2024)
Creating model cache for 38 durations
Searching 19531 data points, 510 periods from 0.933 to 14.1 days
Using 1 of 8 CPU threads
Searching for best T0 for period 13.73896 days
Transit Least Squares TLS 1.32 (5 Apr 2024)
Creating model cache for 38 durations
Searching 14982 data points, 2321 periods from 0.601 to 12.859 days
Using 1 of 8 CPU threads
Searching for best T0 for period 0.61962 days
Transit Least Squares TLS 1.32 (5 Apr 2024)
Creating model cache for 37 durations
Searching 12543 data points, 365 periods from 1.025 to 11.857 days
Using 1 of 8 CPU threads
Searching for best T0 for period 1.61711 days
Transit Least Squares TLS 1.32 (5 Apr 2024)
Creating model cache for 37 durations
Searching 3294 data points, 414 periods from 0.951 to 12.161 days
Using 1 of 8 CPU threads
Searching for best T0 for period 1.03897 days
Transit Least Squares TLS 1.32 (5 Apr 2024)
Creating model cache for 37 durations
Searching 13410 data points, 724 periods from 0.6 to 12.145 days
Using 1 of 8 CPU threads
Searching for best T0 for period 1.99698 days
Transit Least Squares TLS 1.32 (5 Apr 2024)
Creating model cache for 38 durations
Searching 16835 data points, 531 periods from 0.835 to 13.061 days
Using 1 of 8 CPU threads
Searching for best T0 for period 2.53239 days
Transit Least Squares TLS 1.32 (5 Apr 2024)
Creating model cache for 37 durations
Searching 16309 data points, 5165 periods from 0.106 to 12.227 days
Using 1 of 8 CPU threads
Searching for best T0 for period 7.72705 days
Transit Least Squares TLS 1.32 (5 Apr 2024)
Creating model cache for 37 durations
Searching 15443 data points, 1175 periods from 0.391 to 11.926 days
Using 1 of 8 CPU threads
Searching for best T0 for period 11.86179 days
Transit Least Squares TLS 1.32 (5 Apr 2024)
Creating model cache for 37 durations
Searching 15339 data points, 652 periods from 0.664 to 12.31 days
Using 1 of 8 CPU threads
Searching for best T0 for period 2.66585 days
Transit Least Squares TLS 1.32 (5 Apr 2024)
Creating model cache for 38 durations
Searching 17431 data points, 164 periods from 2.051 to 12.92 days
Using 1 of 8 CPU threads
Searching for best T0 for period 5.21253 days
Transit Least Squares TLS 1.32 (5 Apr 2024)
Creating model cache for 36 durations
Searching 14581 data points, 172 periods from 1.668 to 10.886 days
Using 1 of 8 CPU threads
Searching for best T0 for period 3.08012 days
Transit Least Squares TLS 1.32 (5 Apr 2024)
Creating model cache for 38 durations
Searching 18322 data points, 2414 periods from 0.602 to 13.294 days
Using 1 of 8 CPU threads
Searching for best T0 for period 5.16418 days
Transit Least Squares TLS 1.32 (5 Apr 2024)
Creating model cache for 37 durations
Searching 14337 data points, 227 periods from 1.526 to 12.219 days
Using 1 of 8 CPU threads
Searching for best T0 for period 6.85396 days
Transit Least Squares TLS 1.32 (5 Apr 2024)
Creating model cache for 38 durations
Searching 18409 data points, 815 periods from 0.601 to 13.425 days
Using 1 of 8 CPU threads
Searching for best T0 for period 6.83868 days
Transit Least Squares TLS 1.32 (5 Apr 2024)
Creating model cache for 37 durations
Searching 10137 data points, 112 periods from 2.591 to 12.483 days
Using 1 of 8 CPU threads
Searching for best T0 for period 6.51472 days
Transit Least Squares TLS 1.32 (5 Apr 2024)
Creating model cache for 38 durations
Searching 1145 data points, 228 periods from 1.597 to 12.823 days
Using 1 of 8 CPU threads
Searching for best T0 for period 3.40052 days
Transit Least Squares TLS 1.32 (5 Apr 2024)
Creating model cache for 38 durations
Searching 17886 data points, 5188 periods from 0.116 to 13.403 days
Using 1 of 8 CPU threads
Searching for best T0 for period 11.40781 days
Transit Least Squares TLS 1.32 (5 Apr 2024)
Creating model cache for 37 durations
Searching 1121 data points, 902 periods from 0.513 to 12.49 days
Using 1 of 8 CPU threads
Searching for best T0 for period 0.73240 days
Transit Least Squares TLS 1.32 (5 Apr 2024)
Creating model cache for 37 durations
Searching 16781 data points, 1541 periods from 0.315 to 12.181 days
Using 1 of 8 CPU threads
Searching for best T0 for period 0.88966 days
Transit Least Squares TLS 1.32 (5 Apr 2024)
Creating model cache for 37 durations
Searching 17288 data points, 650 periods from 0.674 to 12.46 days
Using 1 of 8 CPU threads
Searching for best T0 for period 1.69435 days
Transit Least Squares TLS 1.32 (5 Apr 2024)
Creating model cache for 37 durations
Searching 16749 data points, 275 periods from 1.32 to 12.22 days
Using 1 of 8 CPU threads
Searching for best T0 for period 1.91419 days
Transit Least Squares TLS 1.32 (5 Apr 2024)
Creating model cache for 37 durations
Searching 13674 data points, 239 periods from 1.363 to 11.354 days
Using 1 of 8 CPU threads
Searching for best T0 for period 4.20253 days
Transit Least Squares TLS 1.32 (5 Apr 2024)
Creating model cache for 37 durations
Searching 14669 data points, 475 periods from 0.83 to 11.841 days
Using 1 of 8 CPU threads
Searching for best T0 for period 1.84831 days
Transit Least Squares TLS 1.32 (5 Apr 2024)
Creating model cache for 38 durations
Searching 19611 data points, 864 periods from 0.601 to 14.1 days
Using 1 of 8 CPU threads
Searching for best T0 for period 
Using 1 of 8 CPU threads
Searching for best T0 for period 2.68861 days
Transit Least Squares TLS 1.32 (5 Apr 2024)
Creating model cache for 36 durations
Searching 12938 data points, 582 periods from 0.601 to 10.133 days
Using 1 of 8 CPU threads
Searching for best T0 for period 1.53794 days
Transit Least Squares TLS 1.32 (5 Apr 2024)
Creating model cache for 38 durations
Searching 16888 data points, 361 periods from 1.134 to 13.008 days
Using 1 of 8 CPU threads
Searching for best T0 for period 2.11143 days
Transit Least Squares TLS 1.32 (5 Apr 2024)
Creating model cache for 37 durations
Searching 13108 data points, 460 periods from 0.863 to 12.02 days
Using 1 of 8 CPU threads
Searching for best T0 for period 9.15664 days
Transit Least Squares TLS 1.32 (5 Apr 2024)
Creating model cache for 38 durations
Searching 13803 data points, 256 periods from 1.523 to 13.352 days
Using 1 of 8 CPU threads
Searching for best T0 for period 6.44364 days
Transit Least Squares TLS 1.32 (5 Apr 2024)
Creating model cache for 37 durations
Searching 806 data points, 677 periods from 0.602 to 11.49 days
Using 1 of 8 CPU threads
Searching for best T0 for period 0.82257 days
Transit Least Squares TLS 1.32 (5 Apr 2024)
Creating model cache for 37 durations
Searching 14429 data points, 481 periods from 0.879 to 12.683 days
Using 1 of 8 CPU threads
Searching for best T0 for period 1.75705 days
Transit Least Squares TLS 1.32 (5 Apr 2024)
Creating model cache for 38 durations
Searching 13648 data points, 689 periods from 0.684 to 13.265 days
Using 1 of 8 CPU threads
Searching for best T0 for period 7.33774 days
Transit Least Squares TLS 1.32 (5 Apr 2024)
Creating model cache for 37 durations
Searching 16730 data points, 353 periods from 1.107 to 12.475 days
Using 1 of 8 CPU threads
Searching for best T0 for period 8.47387 days
Transit Least Squares TLS 1.32 (5 Apr 2024)
Creating model cache for 38 durations
Searching 17980 data points, 235 periods from 1.752 to 14.38 days
Using 1 of 8 CPU threads
Searching for best T0 for period 13.65498 days
Transit Least Squares TLS 1.32 (5 Apr 2024)
Creating model cache for 38 durations
Searching 19444 data points, 107 periods from 2.975 to 13.94 days
Using 1 of 8 CPU threads
Searching for best T0 for period 8.66984 days
Transit Least Squares TLS 1.32 (5 Apr 2024)
Creating model cache for 36 durations
Searching 12938 data points, 582 periods from 0.601 to 10.133 days
Using 1 of 8 CPU threads
Searching for best T0 for period 5.02045 days
Transit Least Squares TLS 1.32 (5 Apr 2024)
Creating model cache for 38 durations
Searching 18882 data points, 301 periods from 1.368 to 13.581 days
Using 1 of 8 CPU threads
Searching for best T0 for period 4.61733 days
Transit Least Squares TLS 1.32 (5 Apr 2024)
Creating model cache for 38 durations
Searching 18658 data points, 425 periods from 1.048 to 13.673 days
Using 1 of 8 CPU threads
Searching for best T0 for period 1.41410 days
Transit Least Squares TLS 1.32 (5 Apr 2024)
Creating model cache for 38 durations
Searching 841 data points, 119 periods from 2.584 to 12.99 days
Using 1 of 8 CPU threads
Searching for best T0 for period 2.87742 days
Transit Least Squares TLS 1.32 (5 Apr 2024)
Creating model cache for 37 durations
Searching 16845 data points, 748 periods from 0.601 to 12.491 days
Using 1 of 8 CPU threads
Searching for best T0 for period 2.81230 days
Transit Least Squares TLS 1.32 (5 Apr 2024)
Creating model cache for 38 durations
Searching 17151 data points, 847 periods from 0.556 to 12.836 days
Using 1 of 8 CPU threads
Searching for best T0 for period 4.72521 days
Transit Least Squares TLS 1.32 (5 Apr 2024)
Creating model cache for 37 durations
Searching 12554 data points, 345 periods from 1.046 to 11.575 days
Using 1 of 8 CPU threads
Searching for best T0 for period 1.80732 days
Transit Least Squares TLS 1.32 (5 Apr 2024)
Creating model cache for 38 durations
Searching 13648 data points, 689 periods from 0.684 to 13.265 days
Using 1 of 8 CPU threads
Searching for best T0 for period 0.72090 days
Transit Least Squares TLS 1.32 (5 Apr 2024)
Creating model cache for 38 durations
Searching 14664 data points, 767 periods from 0.601 to 12.753 days
Using 1 of 8 CPU threads
Searching for best T0 for period 0.67405 days
Transit Least Squares TLS 1.32 (5 Apr 2024)
Creating model cache for 38 durations
Searching 18279 data points, 1344 periods from 0.406 to 13.94 days
Using 1 of 8 CPU threads
Searching for best T0 for period 0.91840 days
Transit Least Squares TLS 1.32 (5 Apr 2024)
Creating model cache for 38 durations
Searching 17491 data points, 2298 periods from 0.249 to 13.703 days
Using 1 of 8 CPU threads
Searching for best T0 for period 0.40374 days
Transit Least Squares TLS 1.32 (5 Apr 2024)
Creating model cache for 37 durations
Searching 964 data points, 277 periods from 1.249 to 11.636 days
Using 1 of 8 CPU threads
Searching for best T0 for period 2.45350 days
Transit Least Squares TLS 1.32 (5 Apr 2024)
Creating model cache for 38 durations
Searching 18137 data points, 472 periods from 0.909 to 12.926 days
Using 1 of 8 CPU threads
Searching for best T0 for period 1.22555 days
Transit Least Squares TLS 1.32 (5 Apr 2024)
Creating model cache for 37 durations
Searching 13940 data points, 176 periods from 1.894 to 12.547 days
Using 1 of 8 CPU threads
Searching for best T0 for period 1.98785 days
Transit Least Squares TLS 1.32 (5 Apr 2024)
Creating model cache for 38 durations
Searching 13137 data points, 424 periods from 1.105 to 14.379 days
Using 1 of 8 CPU threads
Searching for best T0 for period 5.10323 days
Transit Least Squares TLS 1.32 (5 Apr 2024)
Creating model cache for 37 durations
Searching 818 data points, 319 periods from 1.089 to 11.333 days
Using 1 of 8 CPU threads
Searching for best T0 for period 5.41524 days
Transit Least Squares TLS 1.32 (5 Apr 2024)
Creating model cache for 38 durations
Searching 11517 data points, 325 periods from 1.273 to 13.425 days
Using 1 of 8 CPU threads
Searching for best T0 for period 1.45578 days
Transit Least Squares TLS 1.32 (5 Apr 2024)
Creating model cache for 37 durations
Searching 16894 data points, 188 periods from 1.796 to 12.509 days
Using 1 of 8 CPU threads
Searching for best T0 for period 2.08428 days
Transit Least Squares TLS 1.32 (5 Apr 2024)
Creating model cache for 37 durations
Searching 12785 data points, 682 periods from 0.611 to 11.735 days
Using 1 of 8 CPU threads
Searching for best T0 for period 2.83122 days
Transit Least Squares TLS 1.32 (5 Apr 2024)
Creating model cache for 37 durations
Searching 16519 data points, 1441 periods from 0.337 to 12.295 days
Using 1 of 8 CPU threads
Searching for best T0 for period 0.82360 days
Transit Least Squares TLS 1.32 (5 Apr 2024)
Creating model cache for 38 durations
Searching 18881 data points, 259 periods from 1.535 to 13.581 days
Using 1 of 8 CPU threads
Searching for best T0 for period 8.85629 days
Transit Least Squares TLS 1.32 (5 Apr 2024)
Creating model cache for 37 durations
Searching 15521 data points, 1632 periods from 0.308 to 12.525 days
Using 1 of 8 CPU threads
Searching for best T0 for period 6.77476 days
Transit Least Squares TLS 1.32 (5 Apr 2024)
Creating model cache for 37 durations
Searching 14767 data points, 383 periods from 1.005 to 12.071 days
Using 1 of 8 CPU threads
Searching for best T0 for period 8.47924 days
Transit Least Squares TLS 1.32 (5 Apr 2024)
Creating model cache for 37 durations
Searching 16488 data points, 764 periods from 0.601 to 12.715 days
Using 1 of 8 CPU threads
Searching for best T0 for period 8.55688 days
Transit Least Squares TLS 1.32 (5 Apr 2024)
Creating model cache for 38 durations
Searching 13302 data points, 855 periods from 0.574 to 13.352 days
Using 1 of 8 CPU threads
Searching for best T0 for period 2.47559 days
Transit Least Squares TLS 1.32 (5 Apr 2024)
Creating model cache for 37 durations
Searching 15651 data points, 278 periods from 1.286 to 12.004 days
Using 1 of 8 CPU threads
Searching for best T0 for period 1.58037 days
Transit Least Squares TLS 1.32 (5 Apr 2024)
Creating model cache for 37 durations
Searching 16046 data points, 636 periods from 0.683 to 12.403 days
Using 1 of 8 CPU threads
Searching for best T0 for period /Library/Frameworks/Python.framework/Versions/3.11/lib/python3.11/site-packages/transitleastsquares/main.py:411: UserWarning: 1 of 2 transits without data. The true period may be twice the given period.
  warnings.warn(text)
/Library/Frameworks/Python.framework/Versions/3.11/lib/python3.11/site-packages/transitleastsquares/main.py:411: UserWarning: 1 of 3 transits without data. The true period may be twice the given period.
  warnings.warn(text)
/Library/Frameworks/Python.framework/Versions/3.11/lib/python3.11/site-packages/numpy/_core/_methods.py:219: RuntimeWarning: Degrees of freedom <= 0 for slice
  ret = _var(a, axis=axis, dtype=dtype, out=out, ddof=ddof,
/Library/Frameworks/Python.framework/Versions/3.11/lib/python3.11/site-packages/numpy/_core/_methods.py:178: RuntimeWarning: invalid value encountered in divide
  arrmean = um.true_divide(arrmean, div, out=arrmean,
/Library/Frameworks/Python.framework/Versions/3.11/lib/python3.11/site-packages/numpy/_core/_methods.py:211: RuntimeWarning: invalid value encountered in scalar divide
  ret = ret.dtype.type(ret / rcount)
/Library/Frameworks/Python.framework/Versions/3.11/lib/python3.11/site-packages/transitleastsquares/grid.py:149: UserWarning: period_grid defaults to R_star=1 and M_star=1 as given density yielded grid with too few values
  warnings.warn(
/Library/Frameworks/Python.framework/Versions/3.11/lib/python3.11/site-packages/transitleastsquares/main.py:411: UserWarning: 3 of 7 transits without data. The true period may be twice the given period.
  warnings.warn(text)
  [1380/1600] done (12593s elapsed, ~2008s remaining, 806/1380 usable so far)
/Library/Frameworks/Python.framework/Versions/3.11/lib/python3.11/site-packages/transitleastsquares/grid.py:149: UserWarning: period_grid defaults to R_star=1 and M_star=1 as given density yielded grid with too few values
  warnings.warn(
/Library/Frameworks/Python.framework/Versions/3.11/lib/python3.11/site-packages/transitleastsquares/main.py:411: UserWarning: 2 of 3 transits without data. The true period may be twice the given period.
  warnings.warn(text)
Transit Least Squares TLS 1.32 (5 Apr 2024)
Creating model cache for 38 durations
Searching 18626 data points, 2046 periods from 0.279 to 13.885 days
Using 1 of 8 CPU threads
Searching for best T0 for period 3.19331 days
Transit Least Squares TLS 1.32 (5 Apr 2024)
Creating model cache for 37 durations
Searching 16898 data points, 231 periods from 1.541 to 12.51 days
Using 1 of 8 CPU threads
Searching for best T0 for period 5.83088 days
Transit Least Squares TLS 1.32 (5 Apr 2024)
Creating model cache for 37 durations
Searching 13421 data points, 135 periods from 2.093 to 11.478 days
Using 1 of 8 CPU threads
Searching for best T0 for period 2.61166 days
Transit Least Squares TLS 1.32 (5 Apr 2024)
Creating model cache for 37 durations
Searching 16731 data points, 1124 periods from 0.43 to 12.646 days
Using 1 of 8 CPU threads
Searching for best T0 for period 1.52225 days
Transit Least Squares TLS 1.32 (5 Apr 2024)
Creating model cache for 37 durations
Searching 15573 data points, 186 periods from 1.756 to 12.14 days
Using 1 of 8 CPU threads
Searching for best T0 for period 6.84736 days
Transit Least Squares TLS 1.32 (5 Apr 2024)
Creating model cache for 38 durations
Searching 15176 data points, 826 periods from 0.601 to 13.582 days
Using 1 of 8 CPU threads
Searching for best T0 for period 11.55476 days
Transit Least Squares TLS 1.32 (5 Apr 2024)
Creating model cache for 37 durations
Searching 13173 data points, 1970 periods from 0.601 to 11.208 days
Using 1 of 8 CPU threads
Searching for best T0 for period 1.19361 days
Transit Least Squares TLS 1.32 (5 Apr 2024)
Creating model cache for 37 durations
Searching 15985 data points, 467 periods from 0.858 to 12.084 days
Using 1 of 8 CPU threads
Searching for best T0 for period 1.66807 days
Transit Least Squares TLS 1.32 (5 Apr 2024)
Creating model cache for 37 durations
Searching 16914 data points, 2248 periods from 0.601 to 12.517 days
Using 1 of 8 CPU threads
Searching for best T0 for period 4.03042 days
Transit Least Squares TLS 1.32 (5 Apr 2024)
Creating model cache for 37 durations
Searching 14967 data points, 188 periods from 1.725 to 11.993 days
Using 1 of 8 CPU threads
Searching for best T0 for period 3.84130 days
Transit Least Squares TLS 1.32 (5 Apr 2024)
Creating model cache for 38 durations
Searching 1179 data points, 328 periods from 1.285 to 13.646 days
Using 1 of 8 CPU threads
Searching for best T0 for period 3.37235 days
Transit Least Squares TLS 1.32 (5 Apr 2024)
Creating model cache for 37 durations
Searching 17288 data points, 370 periods from 1.079 to 12.617 days
Using 1 of 8 CPU threads
Searching for best T0 for period 1.57355 days
Transit Least Squares TLS 1.32 (5 Apr 2024)
Creating model cache for 37 durations
Searching 14124 data points, 645 periods from 0.683 to 12.547 days
Using 1 of 8 CPU threads
Searching for best T0 for period 4.55315 days
Transit Least Squares TLS 1.32 (5 Apr 2024)
Creating model cache for 38 durations
Searching 19609 data points, 358 periods from 1.24 to 14.1 days
Using 1 of 8 CPU threads
Searching for best T0 for period 2.88975 days
Transit Least Squares TLS 1.32 (5 Apr 2024)
Creating model cache for 38 durations
Searching 17897 data points, 347 periods from 1.181 to 13.115 days
Using 1 of 8 CPU threads
Searching for best T0 for period 1.86934 days
Transit Least Squares TLS 1.32 (5 Apr 2024)
Creating model cache for 37 durations
Searching 14982 data points, 427 periods from 0.932 to 12.204 days
Using 1 of 8 CPU threads
Searching for best T0 for period 1.77486 days
Transit Least Squares TLS 1.32 (5 Apr 2024)
Creating model cache for 37 durations
Searching 14331 data points, 319 periods from 1.116 to 11.587 days
Using 1 of 8 CPU threads
Searching for best T0 for period 2.89811 days
Transit Least Squares TLS 1.32 (5 Apr 2024)
Creating model cache for 37 durations
Searching 14526 data points, 821 periods from 0.539 to 12.11 days
Using 1 of 8 CPU threads
Searching for best T0 for period 1.38507 days
Transit Least Squares TLS 1.32 (5 Apr 2024)
Creating model cache for 37 durations
Searching 13812 data points, 726 periods from 0.601 to 12.181 days
Using 1 of 8 CPU threads
Searching for best T0 for period 1.22595 days
Transit Least Squares TLS 1.32 (5 Apr 2024)
Creating model cache for 37 durations
Searching 16748 data points, 558 periods from 0.75 to 12.22 days
Using 1 of 8 CPU threads
Searching for best T0 for period 9.70315 days
Transit Least Squares TLS 1.32 (5 Apr 2024)
Creating model cache for 38 durations
Searching 12154 data points, 498 periods from 0.899 to 13.352 days
Using 1 of 8 CPU threads
Searching for best T0 for period 12.13850 days
Transit Least Squares TLS 1.32 (5 Apr 2024)
Creating model cache for 37 durations
Searching 13410 data points, 724 periods from 0.6 to 12.145 days
Using 1 of 8 CPU threads
Searching for best T0 for period 2.55127 days
Transit Least Squares TLS 1.32 (5 Apr 2024)
Creating model cache for 38 durations
Searching 13803 data points, 256 periods from 1.523 to 13.352 days
Using 1 of 8 CPU threads
Searching for best T0 for period 2.62153 days
Transit Least Squares TLS 1.32 (5 Apr 2024)
Creating model cache for 38 durations
Searching 15177 data points, 217 periods from 1.712 to 13.242 days
Using 1 of 8 CPU threads
Searching for best T0 for period 11.29950 days
Transit Least Squares TLS 1.32 (5 Apr 2024)
Creating model cache for 37 durations
Searching 878 data points, 355 periods from 1.047 to 11.844 days
Using 1 of 8 CPU threads
Searching for best T0 for period 7.41751 days
Transit Least Squares TLS 1.32 (5 Apr 2024)
Creating model cache for 38 durations
Searching 19025 data points, 284 periods from 1.426 to 13.539 days
Using 1 of 8 CPU threads
Searching for best T0 for period 2.76064 days
Transit Least Squares TLS 1.32 (5 Apr 2024)
Creating model cache for 38 durations
Searching 15700 data points, 434 periods from 1.007 to 13.352 days
Using 1 of 8 CPU threads
Searching for best T0 for period 3.26060 days
Transit Least Squares TLS 1.32 (5 Apr 2024)
Creating model cache for 37 durations
Searching 971 data points, 229 periods from 1.449 to 11.677 days
Using 1 of 8 CPU threads
Searching for best T0 for period 3.56727 days
Transit Least Squares TLS 1.32 (5 Apr 2024)
Creating model cache for 37 durations
Searching 13869 data points, 333 periods from 1.137 to 12.22 days
Using 1 of 8 CPU threads
Searching for best T0 for period 1.13738 days
Transit Least Squares TLS 1.32 (5 Apr 2024)
Creating model cache for 37 durations
Searching 15450 data points, 360 periods from 1.047 to 11.979 days
Using 1 of 8 CPU threads
Searching for best T0 for period 1.23203 days
Transit Least Squares TLS 1.32 (5 Apr 2024)
Creating model cache for 38 durations
Searching 19607 data points, 201 periods from 1.926 to 14.1 days
Using 1 of 8 CPU threads
Searching for best T0 for period 3.81443 days
Transit Least Squares TLS 1.32 (5 Apr 2024)
Creating model cache for 38 durations
Searching 18278 data points, 1473 periods from 0.375 to 13.94 days
Using 1 of 8 CPU threads
Searching for best T0 for period 4.89208 days
Transit Least Squares TLS 1.32 (5 Apr 2024)
Creating model cache for 37 durations
Searching 16047 data points, 2166 periods from 0.602 to 12.135 days
Using 1 of 8 CPU threads
Searching for best T0 for period 8.85944 days
Transit Least Squares TLS 1.32 (5 Apr 2024)
Creating model cache for 37 durations
Searching 14690 data points, 384 periods from 0.982 to 11.818 days
Using 1 of 8 CPU threads
Searching for best T0 for period 2.84785 days
Transit Least Squares TLS 1.32 (5 Apr 2024)
Creating model cache for 38 durations
Searching 15367 data points, 354 periods from 1.204 to 13.581 days
Using 1 of 8 CPU threads
Searching for best T0 for period 1.78175 days
Transit Least Squares TLS 1.32 (5 Apr 2024)
Creating model cache for 37 durations
Searching 15604 data points, 712 periods from 0.601 to 11.976 days
Using 1 of 8 CPU threads
Searching for best T0 for period 3.02131 days
Transit Least Squares TLS 1.32 (5 Apr 2024)
Creating model cache for 38 durations
Searching 16619 data points, 793 periods from 0.61 to 13.313 days
Using 1 of 8 CPU threads
Searching for best T0 for period 1.74779 days
Transit Least Squares TLS 1.32 (5 Apr 2024)
  [1400/1600] done (12782s elapsed, ~1826s remaining, 820/1400 usable so far)
/Library/Frameworks/Python.framework/Versions/3.11/lib/python3.11/site-packages/transitleastsquares/grid.py:149: UserWarning: period_grid defaults to R_star=1 and M_star=1 as given density yielded grid with too few values
  warnings.warn(
/Library/Frameworks/Python.framework/Versions/3.11/lib/python3.11/site-packages/transitleastsquares/grid.py:149: UserWarning: period_grid defaults to R_star=1 and M_star=1 as given density yielded grid with too few values
  warnings.warn(
/Library/Frameworks/Python.framework/Versions/3.11/lib/python3.11/site-packages/transitleastsquares/stats.py:458: RuntimeWarning: divide by zero encountered in scalar divide
  snr_pink_per_transit[i] = (1 - mean_flux) / pinknoise
/Library/Frameworks/Python.framework/Versions/3.11/lib/python3.11/site-packages/numpy/_core/_methods.py:219: RuntimeWarning: Degrees of freedom <= 0 for slice
  ret = _var(a, axis=axis, dtype=dtype, out=out, ddof=ddof,
/Library/Frameworks/Python.framework/Versions/3.11/lib/python3.11/site-packages/numpy/_core/_methods.py:178: RuntimeWarning: invalid value encountered in divide
  arrmean = um.true_divide(arrmean, div, out=arrmean,
/Library/Frameworks/Python.framework/Versions/3.11/lib/python3.11/site-packages/numpy/_core/_methods.py:211: RuntimeWarning: invalid value encountered in scalar divide
  ret = ret.dtype.type(ret / rcount)
/Library/Frameworks/Python.framework/Versions/3.11/lib/python3.11/site-packages/transitleastsquares/main.py:411: UserWarning: 14 of 33 transits without data. The true period may be twice the given period.
  warnings.warn(text)
/Library/Frameworks/Python.framework/Versions/3.11/lib/python3.11/site-packages/transitleastsquares/grid.py:149: UserWarning: period_grid defaults to R_star=1 and M_star=1 as given density yielded grid with too few values
  warnings.warn(
  [1420/1600] done (12887s elapsed, ~1634s remaining, 835/1420 usable so far)
/Library/Frameworks/Python.framework/Versions/3.11/lib/python3.11/site-packages/transitleastsquares/grid.py:149: UserWarning: period_grid defaults to R_star=1 and M_star=1 as given density yielded grid with too few values
  warnings.warn(
/Library/Frameworks/Python.framework/Versions/3.11/lib/python3.11/site-packages/transitleastsquares/grid.py:149: UserWarning: period_grid defaults to R_star=1 and M_star=1 as given density yielded grid with too few values
  warnings.warn(
/Library/Frameworks/Python.framework/Versions/3.11/lib/python3.11/site-packages/transitleastsquares/stats.py:458: RuntimeWarning: divide by zero encountered in scalar divide
  snr_pink_per_transit[i] = (1 - mean_flux) / pinknoise
/Library/Frameworks/Python.framework/Versions/3.11/lib/python3.11/site-packages/transitleastsquares/grid.py:149: UserWarning: period_grid defaults to R_star=1 and M_star=1 as given density yielded grid with too few values
  warnings.warn(
/Library/Frameworks/Python.framework/Versions/3.11/lib/python3.11/site-packages/transitleastsquares/grid.py:149: UserWarning: period_grid defaults to R_star=1 and M_star=1 as given density yielded grid with too few values
  warnings.warn(
/Library/Frameworks/Python.framework/Versions/3.11/lib/python3.11/site-packages/transitleastsquares/grid.py:149: UserWarning: period_grid defaults to R_star=1 and M_star=1 as given density yielded grid with too few values
  warnings.warn(
/Library/Frameworks/Python.framework/Versions/3.11/lib/python3.11/site-packages/transitleastsquares/main.py:411: UserWarning: 3 of 7 transits without data. The true period may be twice the given period.
  warnings.warn(text)
  [1440/1600] done (13022s elapsed, ~1447s remaining, 851/1440 usable so far)
/Library/Frameworks/Python.framework/Versions/3.11/lib/python3.11/site-packages/transitleastsquares/grid.py:149: UserWarning: period_grid defaults to R_star=1 and M_star=1 as given density yielded grid with too few values
  warnings.warn(
/Library/Frameworks/Python.framework/Versions/3.11/lib/python3.11/site-packages/transitleastsquares/main.py:411: UserWarning: 1 of 3 transits without data. The true period may be twice the given period.
  warnings.warn(text)
/Library/Frameworks/Python.framework/Versions/3.11/lib/python3.11/site-packages/transitleastsquares/stats.py:458: RuntimeWarning: divide by zero encountered in scalar divide
  snr_pink_per_transit[i] = (1 - mean_flux) / pinknoise
/Library/Frameworks/Python.framework/Versions/3.11/lib/python3.11/site-packages/transitleastsquares/grid.py:149: UserWarning: period_grid defaults to R_star=1 and M_star=1 as given density yielded grid with too few values
  warnings.warn(
Using 1 of 8 CPU threads
Searching for best T0 for period 3.20079 days
Transit Least Squares TLS 1.32 (5 Apr 2024)
Creating model cache for 38 durations
Searching 17198 data points, 452 periods from 0.974 to 13.352 days
Using 1 of 8 CPU threads
Searching for best T0 for period 3.04609 days
Transit Least Squares TLS 1.32 (5 Apr 2024)
Creating model cache for 37 durations
Searching 14755 data points, 164 periods from 1.867 to 11.755 days
Using 1 of 8 CPU threads
Searching for best T0 for period 5.73838 days
Transit Least Squares TLS 1.32 (5 Apr 2024)
Creating model cache for 37 durations
Searching 14755 data points, 164 periods from 1.867 to 11.755 days
Using 1 of 8 CPU threads
Searching for best T0 for period 2.94230 days
Transit Least Squares TLS 1.32 (5 Apr 2024)
Creating model cache for 38 durations
Searching 18357 data points, 316 periods from 1.287 to 13.265 days
Using 1 of 8 CPU threads
Searching for best T0 for period 4.83852 days
Transit Least Squares TLS 1.32 (5 Apr 2024)
Creating model cache for 38 durations
Searching 16844 data points, 789 periods from 0.601 to 13.063 days
Using 1 of 8 CPU threads
Searching for best T0 for period 0.85499 days
Transit Least Squares TLS 1.32 (5 Apr 2024)
Creating model cache for 38 durations
Searching 14038 data points, 331 periods from 1.225 to 13.115 days
Using 1 of 8 CPU threads
Searching for best T0 for period 1.30092 days
Transit Least Squares TLS 1.32 (5 Apr 2024)
Creating model cache for 37 durations
Searching 12967 data points, 218 periods from 1.552 to 12.041 days
Using 1 of 8 CPU threads
Searching for best T0 for period 3.31501 days
Transit Least Squares TLS 1.32 (5 Apr 2024)
Creating model cache for 38 durations
Searching 19609 data points, 346 periods from 1.273 to 14.1 days
Using 1 of 8 CPU threads
Searching for best T0 for period 13.23332 days
Transit Least Squares TLS 1.32 (5 Apr 2024)
Creating model cache for 38 durations
Searching 16614 data points, 120 periods from 2.626 to 13.29 days
Using 1 of 8 CPU threads
Searching for best T0 for period 4.08384 days
Transit Least Squares TLS 1.32 (5 Apr 2024)
Creating model cache for 37 durations
Searching 964 data points, 277 periods from 1.249 to 11.636 days
Using 1 of 8 CPU threads
Searching for best T0 for period 3.76918 days
Transit Least Squares TLS 1.32 (5 Apr 2024)
Creating model cache for 37 durations
Searching 14440 data points, 2137 periods from 0.602 to 11.999 days
Using 1 of 8 CPU threads
Searching for best T0 for period 0.78939 days
Transit Least Squares TLS 1.32 (5 Apr 2024)
Creating model cache for 38 durations
Searching 15583 data points, 248 periods from 1.53 to 13.115 days
Using 1 of 8 CPU threads
Searching for best T0 for period 2.22954 days
Transit Least Squares TLS 1.32 (5 Apr 2024)
Creating model cache for 36 durations
Searching 14654 data points, 10050 periods from 0.051 to 10.886 days
Using 1 of 8 CPU threads
Searching for best T0 for period 0.53118 days
Transit Least Squares TLS 1.32 (5 Apr 2024)
Creating model cache for 38 durations
Searching 18785 data points, 846 periods from 0.601 to 13.859 days
Using 1 of 8 CPU threads
Searching for best T0 for period 7.00195 days
Transit Least Squares TLS 1.32 (5 Apr 2024)
Creating model cache for 37 durations
Searching 13356 data points, 522 periods from 0.799 to 12.32 days
Using 1 of 8 CPU threads
Searching for best T0 for period 9.77910 days
Transit Least Squares TLS 1.32 (5 Apr 2024)
Creating model cache for 38 durations
Searching 18276 data points, 384 periods from 1.158 to 13.94 days
Using 1 of 8 CPU threads
Searching for best T0 for period 2.06381 days
Transit Least Squares TLS 1.32 (5 Apr 2024)
Creating model cache for 37 durations
Searching 12961 data points, 716 periods from 0.601 to 12.039 days
Using 1 of 8 CPU threads
Searching for best T0 for period 4.49594 days
Transit Least Squares TLS 1.32 (5 Apr 2024)
Creating model cache for 36 durations
Searching 10562 data points, 359 periods from 0.888 to 10.143 days
Using 1 of 8 CPU threads
Searching for best T0 for period 1.49856 days
Transit Least Squares TLS 1.32 (5 Apr 2024)
Creating model cache for 38 durations
Searching 18274 data points, 852 periods from 0.601 to 13.94 days
Using 1 of 8 CPU threads
Searching for best T0 for period 3.07581 days
Transit Least Squares TLS 1.32 (5 Apr 2024)
Creating model cache for 38 durations
Searching 797 data points, 369 periods from 1.114 to 12.99 days
Using 1 of 8 CPU threads
Searching for best T0 for period 2.79858 days
Transit Least Squares TLS 1.32 (5 Apr 2024)
Creating model cache for 37 durations
Searching 15193 data points, 667 periods from 0.635 to 11.989 days
Using 1 of 8 CPU threads
Searching for best T0 for period 1.04427 days
Transit Least Squares TLS 1.32 (5 Apr 2024)
Creating model cache for 37 durations
Searching 16875 data points, 2244 periods from 0.602 to 12.501 days
Using 1 of 8 CPU threads
Searching for best T0 for period 3.14933 days
Transit Least Squares TLS 1.32 (5 Apr 2024)
Creating model cache for 37 durations
Searching 14367 data points, 432 periods from 0.901 to 11.907 days
Using 1 of 8 CPU threads
Searching for best T0 for period 0.94925 days
Transit Least Squares TLS 1.32 (5 Apr 2024)
Creating model cache for 38 durations
Searching 18249 data points, 499 periods from 0.903 to 13.425 days
Using 1 of 8 CPU threads
Searching for best T0 for period 1.48376 days
Transit Least Squares TLS 1.32 (5 Apr 2024)
Creating model cache for 38 durations
Searching 18357 data points, 317 periods from 1.281 to 13.265 days
Using 1 of 8 CPU threads
Searching for best T0 for period 3.25497 days
Transit Least Squares TLS 1.32 (5 Apr 2024)
Creating model cache for 37 durations
Searching 15521 data points, 1632 periods from 0.308 to 12.525 days
Using 1 of 8 CPU threads
Searching for best T0 for period 6.82453 days
Transit Least Squares TLS 1.32 (5 Apr 2024)
Creating model cache for 37 durations
Searching 986 data points, 160 periods from 1.894 to 11.75 days
Using 1 of 8 CPU threads
Searching for best T0 for period 2.41186 days
Transit Least Squares TLS 1.32 (5 Apr 2024)
Creating model cache for 37 durations
Searching 16254 data points, 1201 periods from 0.391 to 12.157 days
Using 1 of 8 CPU threads
Searching for best T0 for period 0.88166 days
Transit Least Squares TLS 1.32 (5 Apr 2024)
Creating model cache for 37 durations
Searching 14643 data points, 201 periods from 1.62 to 11.845 days
Using 1 of 8 CPU threads
Searching for best T0 for period 3.68932 days
Transit Least Squares TLS 1.32 (5 Apr 2024)
Creating model cache for 38 durations
Searching 15963 data points, 943 periods from 0.548 to 13.848 days
Using 1 of 8 CPU threads
Searching for best T0 for period 0.96053 days
Transit Least Squares TLS 1.32 (5 Apr 2024)
Creating model cache for 37 durations
Searching 1000 data points, 2095 periods from 0.602 to 11.802 days
Using 1 of 8 CPU threads
Searching for best T0 for period 0.88611 days
Transit Least Squares TLS 1.32 (5 Apr 2024)
Creating model cache for 37 durations
Searching 986 data points, 361 periods from 1.024 to 11.75 days
Using 1 of 8 CPU threads
Searching for best T0 for period 1.19277 days
Transit Least Squares TLS 1.32 (5 Apr 2024)
Creating model cache for 38 durations
Searching 18422 data points, 415 periods from 1.049 to 13.425 days
Using 1 of 8 CPU threads
Searching for best T0 for period 1.41677 days
Transit Least Squares TLS 1.32 (5 Apr 2024)
Creating model cache for 37 durations
Searching 14673 data points, 435 periods from 0.901 to 11.977 days
Using 1 of 8 CPU threads
Searching for best T0 for period 2.13858 days
Transit Least Squares TLS 1.32 (5 Apr 2024)
Creating model cache for 37 durations
Searching 14733 data points, 1635 periods from 0.287 to 11.703 days
Using 1 of 8 CPU threads
Searching for best T0 for period 0.90118 days
Transit Least Squares TLS 1.32 (5 Apr 2024)
Creating model cache for 37 durations
Searching 15443 data points, 1175 periods from 0.391 to 11.926 days
Using 1 of 8 CPU threads
Searching for best T0 for period 11.86179 days
Transit Least Squares TLS 1.32 (5 Apr 2024)
Creating model cache for 38 durations
Searching 15177 data points, 217 periods from 1.712 to 13.242 days
Using 1 of 8 CPU threads
Searching for best T0 for period /Library/Frameworks/Python.framework/Versions/3.11/lib/python3.11/site-packages/transitleastsquares/main.py:411: UserWarning: 2 of 6 transits without data. The true period may be twice the given period.
  warnings.warn(text)
  [1460/1600] done (13331s elapsed, ~1278s remaining, 865/1460 usable so far)
/Library/Frameworks/Python.framework/Versions/3.11/lib/python3.11/site-packages/numpy/_core/_methods.py:219: RuntimeWarning: Degrees of freedom <= 0 for slice
  ret = _var(a, axis=axis, dtype=dtype, out=out, ddof=ddof,
/Library/Frameworks/Python.framework/Versions/3.11/lib/python3.11/site-packages/numpy/_core/_methods.py:178: RuntimeWarning: invalid value encountered in divide
  arrmean = um.true_divide(arrmean, div, out=arrmean,
/Library/Frameworks/Python.framework/Versions/3.11/lib/python3.11/site-packages/numpy/_core/_methods.py:211: RuntimeWarning: invalid value encountered in scalar divide
  ret = ret.dtype.type(ret / rcount)
days
Transit Least Squares TLS 1.32 (5 Apr 2024)
Creating model cache for 38 durations
Searching 18574 data points, 199 periods from 1.87 to 13.597 days
Using 1 of 8 CPU threads
Searching for best T0 for period 4.68835 days
Transit Least Squares TLS 1.32 (5 Apr 2024)
Creating model cache for 38 durations
Searching 12874 data points, 237 periods from 1.696 to 14.031 days
Using 1 of 8 CPU threads
Searching for best T0 for period 2.20325 days
Transit Least Squares TLS 1.32 (5 Apr 2024)
Creating model cache for 37 durations
Searching 13019 data points, 2156 periods from 0.601 to 12.085 days
Using 1 of 8 CPU threads
Searching for best T0 for period 3.06439 days
Transit Least Squares TLS 1.32 (5 Apr 2024)
Creating model cache for 38 durations
Searching 17980 data points, 235 periods from 1.752 to 14.38 days
Using 1 of 8 CPU threads
Searching for best T0 for period 13.65498 days
Transit Least Squares TLS 1.32 (5 Apr 2024)
Creating model cache for 37 durations
Searching 16335 data points, 730 periods from 0.6 to 12.227 days
Using 1 of 8 CPU threads
Searching for best T0 for period 1.12763 days
Transit Least Squares TLS 1.32 (5 Apr 2024)
Creating model cache for 38 durations
Searching 16762 data points, 661 periods from 0.741 to 13.886 days
Using 1 of 8 CPU threads
Searching for best T0 for period 1.92181 days
Transit Least Squares TLS 1.32 (5 Apr 2024)
Creating model cache for 37 durations
Searching 15835 data points, 566 periods from 0.732 to 12.052 days
Using 1 of 8 CPU threads
Searching for best T0 for period 1.60902 days
Transit Least Squares TLS 1.32 (5 Apr 2024)
Creating model cache for 37 durations
Searching 13263 data points, 166 periods from 1.909 to 12.157 days
Using 1 of 8 CPU threads
Searching for best T0 for period 2.15175 days
Transit Least Squares TLS 1.32 (5 Apr 2024)
Creating model cache for 37 durations
Searching 13256 data points, 335 periods from 1.126 to 12.158 days
Using 1 of 8 CPU threads
Searching for best T0 for period 1.49528 days
Transit Least Squares TLS 1.32 (5 Apr 2024)
Creating model cache for 37 durations
Searching 15737 data points, 548 periods from 0.749 to 12.021 days
Using 1 of 8 CPU threads
Searching for best T0 for period 1.18741 days
Transit Least Squares TLS 1.32 (5 Apr 2024)
Creating model cache for 37 durations
Searching 13734 data points, 2187 periods from 0.601 to 12.231 days
Using 1 of 8 CPU threads
Searching for best T0 for period 1.56144 days
Transit Least Squares TLS 1.32 (5 Apr 2024)
Creating model cache for 38 durations
Searching 17991 data points, 458 periods from 1.037 to 14.38 days
Using 1 of 8 CPU threads
Searching for best T0 for period 5.25227 days
Transit Least Squares TLS 1.32 (5 Apr 2024)
Creating model cache for 38 durations
Searching 17643 data points, 1479 periods from 0.36 to 13.425 days
Using 1 of 8 CPU threads
Searching for best T0 for period 0.58468 days
Transit Least Squares TLS 1.32 (5 Apr 2024)
Creating model cache for 37 durations
Searching 16989 data points, 654 periods from 0.674 to 12.523 days
Using 1 of 8 CPU threads
Searching for best T0 for period 5.16702 days
Transit Least Squares TLS 1.32 (5 Apr 2024)
Creating model cache for 38 durations
Searching 18320 data points, 275 periods from 1.433 to 13.295 days
Using 1 of 8 CPU threads
Searching for best T0 for period 1.70019 days
Transit Least Squares TLS 1.32 (5 Apr 2024)
Creating model cache for 37 durations
Searching 12953 data points, 755 periods from 0.574 to 12.022 days
Using 1 of 8 CPU threads
Searching for best T0 for period 0.95306 days
Transit Least Squares TLS 1.32 (5 Apr 2024)
Creating model cache for 37 durations
Searching 17217 data points, 532 periods from 0.809 to 12.667 days
Using 1 of 8 CPU threads
Searching for best T0 for period 1.08334 days
Transit Least Squares TLS 1.32 (5 Apr 2024)
Creating model cache for 38 durations
Searching 19607 data points, 201 periods from 1.926 to 14.1 days
Using 1 of 8 CPU threads
Searching for best T0 for period 2.16882 days
Transit Least Squares TLS 1.32 (5 Apr 2024)
Creating model cache for 38 durations
Searching 17082 data points, 840 periods from 0.574 to 13.159 days
Using 1 of 8 CPU threads
Searching for best T0 for period 1.08695 days
Transit Least Squares TLS 1.32 (5 Apr 2024)
Creating model cache for 38 durations
Searching 11372 data points, 852 periods from 0.601 to 13.939 days
Using 1 of 8 CPU threads
Searching for best T0 for period 0.98511 days
Transit Least Squares TLS 1.32 (5 Apr 2024)
Creating model cache for 37 durations
Searching 15894 data points, 421 periods from 0.933 to 12.072 days
Using 1 of 8 CPU threads
Searching for best T0 for period 1.41577 days
Transit Least Squares TLS 1.32 (5 Apr 2024)
Creating model cache for 38 durations
Searching 12164 data points, 646 periods from 0.694 to 12.745 days
Using 1 of 8 CPU threads
Searching for best T0 for period 3.69652 days
Transit Least Squares TLS 1.32 (5 Apr 2024)
Creating model cache for 38 durations
Searching 17455 data points, 646 periods from 0.703 to 12.919 days
Using 1 of 8 CPU threads
Searching for best T0 for period 2.01173 days
Transit Least Squares TLS 1.32 (5 Apr 2024)
Creating model cache for 38 durations
Searching 19602 data points, 459 periods from 1.015 to 14.1 days
Using 1 of 8 CPU threads
Searching for best T0 for period 3.45602 days
Transit Least Squares TLS 1.32 (5 Apr 2024)
Creating model cache for 38 durations
Searching 20257 data points, 364 periods from 1.248 to 14.403 days
Using 1 of 8 CPU threads
Searching for best T0 for period 1.39719 days
Transit Least Squares TLS 1.32 (5 Apr 2024)
Creating model cache for 38 durations
Searching 19609 data points, 346 periods from 1.273 to 14.1 days
Using 1 of 8 CPU threads
Searching for best T0 for period 1.51286 days
Transit Least Squares TLS 1.32 (5 Apr 2024)
Creating model cache for 37 durations
Searching 13957 data points, 291 periods from 1.257 to 12.181 days
Using 1 of 8 CPU threads
Searching for best T0 for period 1.63626 days
Transit Least Squares TLS 1.32 (5 Apr 2024)
Creating model cache for 37 durations
Searching 1121 data points, 902 periods from 0.513 to 12.49 days
Using 1 of 8 CPU threads
Searching for best T0 for period 3.36808 days
Transit Least Squares TLS 1.32 (5 Apr 2024)
Creating model cache for 36 durations
Searching 12938 data points, 627 periods from 0.565 to 10.133 days
Using 1 of 8 CPU threads
Searching for best T0 for period 1.04230 days
Transit Least Squares TLS 1.32 (5 Apr 2024)
Creating model cache for 36 durations
Searching 12974 data points, 210 periods from 1.342 to 10.133 days
Using 1 of 8 CPU threads
Searching for best T0 for period 1.99845 days
Transit Least Squares TLS 1.32 (5 Apr 2024)
Creating model cache for 38 durations
Searching 16398 data points, 1126 periods from 0.45 to 13.248 days
Using 1 of 8 CPU threads
Searching for best T0 for period 0.73633 days
Transit Least Squares TLS 1.32 (5 Apr 2024)
Creating model cache for 37 durations
Searching 15470 data points, 2184 periods from 0.602 to 12.22 days
Using 1 of 8 CPU threads
Searching for best T0 for period 0.88147 days
Transit Least Squares TLS 1.32 (5 Apr 2024)
Creating model cache for 38 durations
Searching 18424 data points, 815 periods from 0.601 to 13.425 days
Using 1 of 8 CPU threads
Searching for best T0 for period 4.73874 days
Transit Least Squares TLS 1.32 (5 Apr 2024)
Creating model cache for 37 durations
Searching 16364 data points, 745 periods from 0.602 to 12.45 days
Using 1 of 8 CPU threads
Searching for best T0 for period 1.87433 days
Transit Least Squares TLS 1.32 (5 Apr 2024)
Creating model cache for 36 durations
Searching 14683 data points, 193 periods from 1.535 to 10.886 days
Using 1 of 8 CPU threads
Searching for best T0 for period 1.66890 days
Transit Least Squares TLS 1.32 (5 Apr 2024)
Creating model cache for 37 durations
Searching 13760 data points, 194 periods from 1.712 to 12.182 days
Using 1 of 8 CPU threads
Searching for best T0 for period 3.23965 days
Transit Least Squares TLS 1.32 (5 Apr 2024)
Creating model cache for 37 durations
Searching 833 data points, 181 periods from 1.699 to 11.49 days
Using 1 of 8 CPU threads
Searching for best T0 for period 3.03007 days
Transit Least Squares TLS 1.32 (5 Apr 2024)
/Library/Frameworks/Python.framework/Versions/3.11/lib/python3.11/site-packages/transitleastsquares/main.py:411: UserWarning: 3 of 8 transits without data. The true period may be twice the given period.
  warnings.warn(text)
  [1480/1600] done (13573s elapsed, ~1101s remaining, 877/1480 usable so far)
/Library/Frameworks/Python.framework/Versions/3.11/lib/python3.11/site-packages/transitleastsquares/grid.py:149: UserWarning: period_grid defaults to R_star=1 and M_star=1 as given density yielded grid with too few values
  warnings.warn(
/Library/Frameworks/Python.framework/Versions/3.11/lib/python3.11/site-packages/numpy/_core/_methods.py:219: RuntimeWarning: Degrees of freedom <= 0 for slice
  ret = _var(a, axis=axis, dtype=dtype, out=out, ddof=ddof,
/Library/Frameworks/Python.framework/Versions/3.11/lib/python3.11/site-packages/numpy/_core/_methods.py:178: RuntimeWarning: invalid value encountered in divide
  arrmean = um.true_divide(arrmean, div, out=arrmean,
/Library/Frameworks/Python.framework/Versions/3.11/lib/python3.11/site-packages/numpy/_core/_methods.py:211: RuntimeWarning: invalid value encountered in scalar divide
  ret = ret.dtype.type(ret / rcount)
/Library/Frameworks/Python.framework/Versions/3.11/lib/python3.11/site-packages/transitleastsquares/main.py:411: UserWarning: 13 of 31 transits without data. The true period may be twice the given period.
  warnings.warn(text)
  [1500/1600] done (13808s elapsed, ~921s remaining, 893/1500 usable so far)
/Library/Frameworks/Python.framework/Versions/3.11/lib/python3.11/site-packages/transitleastsquares/grid.py:149: UserWarning: period_grid defaults to R_star=1 and M_star=1 as given density yielded grid with too few values
  warnings.warn(
/Library/Frameworks/Python.framework/Versions/3.11/lib/python3.11/site-packages/transitleastsquares/main.py:411: UserWarning: 1 of 3 transits without data. The true period may be twice the given period.
  warnings.warn(text)
/Library/Frameworks/Python.framework/Versions/3.11/lib/python3.11/site-packages/transitleastsquares/main.py:411: UserWarning: 1 of 3 transits without data. The true period may be twice the given period.
  warnings.warn(text)
  [1520/1600] done (14057s elapsed, ~740s remaining, 906/1520 usable so far)
/Library/Frameworks/Python.framework/Versions/3.11/lib/python3.11/site-packages/transitleastsquares/main.py:411: UserWarning: 4 of 11 transits without data. The true period may be twice the given period.
  warnings.warn(text)
1.94254 days
Transit Least Squares TLS 1.32 (5 Apr 2024)
Creating model cache for 38 durations
Searching 13947 data points, 855 periods from 0.6 to 13.973 days
Using 1 of 8 CPU threads
Searching for best T0 for period 13.26906 days
Transit Least Squares TLS 1.32 (5 Apr 2024)
Creating model cache for 37 durations
Searching 15624 data points, 728 periods from 0.6 to 12.2 days
Using 1 of 8 CPU threads
Searching for best T0 for period 1.91538 days
Transit Least Squares TLS 1.32 (5 Apr 2024)
Creating model cache for 37 durations
Searching 16357 data points, 610 periods from 0.697 to 12.218 days
Using 1 of 8 CPU threads
Searching for best T0 for period 3.78753 days
Transit Least Squares TLS 1.32 (5 Apr 2024)
Creating model cache for 38 durations
Searching 18002 data points, 803 periods from 0.64 to 14.1 days
Using 1 of 8 CPU threads
Searching for best T0 for period 3.00142 days
Transit Least Squares TLS 1.32 (5 Apr 2024)
Creating model cache for 37 durations
Searching 13772 data points, 751 periods from 0.601 to 12.525 days
Using 1 of 8 CPU threads
Searching for best T0 for period 1.32023 days
Transit Least Squares TLS 1.32 (5 Apr 2024)
Creating model cache for 37 durations
Searching 16149 data points, 711 periods from 0.6 to 11.96 days
Using 1 of 8 CPU threads
Searching for best T0 for period 0.70965 days
Transit Least Squares TLS 1.32 (5 Apr 2024)
Creating model cache for 38 durations
Searching 19473 data points, 2536 periods from 0.601 to 13.859 days
Using 1 of 8 CPU threads
Searching for best T0 for period 2.70257 days
Transit Least Squares TLS 1.32 (5 Apr 2024)
Creating model cache for 38 durations
Searching 18414 data points, 815 periods from 0.601 to 13.425 days
Using 1 of 8 CPU threads
Searching for best T0 for period 2.90923 days
Transit Least Squares TLS 1.32 (5 Apr 2024)
Creating model cache for 38 durations
Searching 16614 data points, 120 periods from 2.626 to 13.29 days
Using 1 of 8 CPU threads
Searching for best T0 for period 4.08384 days
Transit Least Squares TLS 1.32 (5 Apr 2024)
Creating model cache for 38 durations
Searching 18409 data points, 815 periods from 0.601 to 13.425 days
Using 1 of 8 CPU threads
Searching for best T0 for period 9.71628 days
Transit Least Squares TLS 1.32 (5 Apr 2024)
Creating model cache for 37 durations
Searching 14106 data points, 173 periods from 1.915 to 12.545 days
Using 1 of 8 CPU threads
Searching for best T0 for period 11.63816 days
Transit Least Squares TLS 1.32 (5 Apr 2024)
Creating model cache for 38 durations
Searching 14077 data points, 815 periods from 0.601 to 13.425 days
Using 1 of 8 CPU threads
Searching for best T0 for period 1.44513 days
Transit Least Squares TLS 1.32 (5 Apr 2024)
Creating model cache for 38 durations
Searching 18276 data points, 226 periods from 1.744 to 13.94 days
Using 1 of 8 CPU threads
Searching for best T0 for period 2.23911 days
Transit Least Squares TLS 1.32 (5 Apr 2024)
Creating model cache for 38 durations
Searching 15923 data points, 340 periods from 1.204 to 13.167 days
Using 1 of 8 CPU threads
Searching for best T0 for period 2.81267 days
Transit Least Squares TLS 1.32 (5 Apr 2024)
Creating model cache for 37 durations
Searching 885 data points, 295 periods from 1.149 to 11.229 days
Using 1 of 8 CPU threads
Searching for best T0 for period 8.60257 days
Transit Least Squares TLS 1.32 (5 Apr 2024)
Creating model cache for 37 durations
Searching 15985 data points, 467 periods from 0.858 to 12.084 days
Using 1 of 8 CPU threads
Searching for best T0 for period 1.03052 days
Transit Least Squares TLS 1.32 (5 Apr 2024)
Creating model cache for 38 durations
Searching 17332 data points, 779 periods from 0.601 to 12.919 days
Using 1 of 8 CPU threads
Searching for best T0 for period 6.58655 days
Transit Least Squares TLS 1.32 (5 Apr 2024)
Creating model cache for 36 durations
Searching 14654 data points, 10050 periods from 0.051 to 10.886 days
Using 1 of 8 CPU threads
Searching for best T0 for period 0.53118 days
Transit Least Squares TLS 1.32 (5 Apr 2024)
Creating model cache for 37 durations
Searching 15533 data points, 193 periods from 1.682 to 11.946 days
Using 1 of 8 CPU threads
Searching for best T0 for period 3.44328 days
Transit Least Squares TLS 1.32 (5 Apr 2024)
Creating model cache for 37 durations
Searching 15973 data points, 309 periods from 1.193 to 12.094 days
Using 1 of 8 CPU threads
Searching for best T0 for period 1.85183 days
Transit Least Squares TLS 1.32 (5 Apr 2024)
Creating model cache for 37 durations
Searching 16342 data points, 338 periods from 1.123 to 12.227 days
Using 1 of 8 CPU threads
Searching for best T0 for period 3.15800 days
Transit Least Squares TLS 1.32 (5 Apr 2024)
Creating model cache for 37 durations
Searching 13567 data points, 1270 periods from 0.35 to 11.429 days
Using 1 of 8 CPU threads
Searching for best T0 for period 2.46194 days
Transit Least Squares TLS 1.32 (5 Apr 2024)
Creating model cache for 37 durations
Searching 14858 data points, 273 periods from 1.274 to 11.725 days
Using 1 of 8 CPU threads
Searching for best T0 for period 5.94870 days
Transit Least Squares TLS 1.32 (5 Apr 2024)
Creating model cache for 37 durations
Searching 12927 data points, 696 periods from 0.601 to 11.753 days
Using 1 of 8 CPU threads
Searching for best T0 for period 5.41185 days
Transit Least Squares TLS 1.32 (5 Apr 2024)
Creating model cache for 38 durations
Searching 15635 data points, 1055 periods from 0.488 to 13.581 days
Using 1 of 8 CPU threads
Searching for best T0 for period 1.41952 days
Transit Least Squares TLS 1.32 (5 Apr 2024)
Creating model cache for 38 durations
Searching 12164 data points, 646 periods from 0.694 to 12.745 days
Using 1 of 8 CPU threads
Searching for best T0 for period 3.69652 days
Transit Least Squares TLS 1.32 (5 Apr 2024)
Creating model cache for 38 durations
Searching 18320 data points, 155 periods from 2.194 to 13.295 days
Using 1 of 8 CPU threads
Searching for best T0 for period 7.84154 days
Transit Least Squares TLS 1.32 (5 Apr 2024)
Creating model cache for 37 durations
Searching 13340 data points, 255 periods from 1.39 to 12.15 days
Using 1 of 8 CPU threads
Searching for best T0 for period 4.54304 days
Transit Least Squares TLS 1.32 (5 Apr 2024)
Creating model cache for 38 durations
Searching 17217 data points, 2351 periods from 0.601 to 12.998 days
Using 1 of 8 CPU threads
Searching for best T0 for period 4.54493 days
Transit Least Squares TLS 1.32 (5 Apr 2024)
Creating model cache for 38 durations
Searching 19612 data points, 106 periods from 2.996 to 13.94 days
Using 1 of 8 CPU threads
Searching for best T0 for period 3.85041 days
Transit Least Squares TLS 1.32 (5 Apr 2024)
Creating model cache for 38 durations
Searching 12871 data points, 170 periods from 2.166 to 14.031 days
Using 1 of 8 CPU threads
Searching for best T0 for period 3.78939 days
Transit Least Squares TLS 1.32 (5 Apr 2024)
Creating model cache for 38 durations
Searching 19610 data points, 281 periods from 1.496 to 14.1 days
Using 1 of 8 CPU threads
Searching for best T0 for period 2.77522 days
Transit Least Squares TLS 1.32 (5 Apr 2024)
Creating model cache for 37 durations
Searching 15059 data points, 1039 periods from 0.438 to 12.036 days
Using 1 of 8 CPU threads
Searching for best T0 for period 1.49359 days
Transit Least Squares TLS 1.32 (5 Apr 2024)
Creating model cache for 37 durations
Searching 13664 data points, 1773 periods from 0.276 to 12.063 days
Using 1 of 8 CPU threads
Searching for best T0 for period 1.33288 days
Transit Least Squares TLS 1.32 (5 Apr 2024)
Creating model cache for 37 durations
Searching 16818 data points, 748 periods from 0.6 to 12.481 days
Using 1 of 8 CPU threads
Searching for best T0 for period 7.36825 days
Transit Least Squares TLS 1.32 (5 Apr 2024)
Creating model cache for 37 durations
Searching 16898 data points, 231 periods from 1.541 to 12.51 days
Using 1 of 8 CPU threads
Searching for best T0 for period 4.01166 days
Transit Least Squares TLS 1.32 (5 Apr 2024)
Creating model cache for 38 durations
Searching 13302 data points, 855 periods from 0.574 to 13.352 days
Using 1 of 8 CPU threads
Searching for best T0 for period 2.47559 days
Transit Least Squares TLS 1.32 (5 Apr 2024)
/Library/Frameworks/Python.framework/Versions/3.11/lib/python3.11/site-packages/transitleastsquares/main.py:411: UserWarning: 1 of 3 transits without data. The true period may be twice the given period.
  warnings.warn(text)
/Library/Frameworks/Python.framework/Versions/3.11/lib/python3.11/site-packages/transitleastsquares/grid.py:149: UserWarning: period_grid defaults to R_star=1 and M_star=1 as given density yielded grid with too few values
  warnings.warn(
/Library/Frameworks/Python.framework/Versions/3.11/lib/python3.11/site-packages/transitleastsquares/grid.py:149: UserWarning: period_grid defaults to R_star=1 and M_star=1 as given density yielded grid with too few values
  warnings.warn(
/Library/Frameworks/Python.framework/Versions/3.11/lib/python3.11/site-packages/numpy/_core/_methods.py:219: RuntimeWarning: Degrees of freedom <= 0 for slice
  ret = _var(a, axis=axis, dtype=dtype, out=out, ddof=ddof,
/Library/Frameworks/Python.framework/Versions/3.11/lib/python3.11/site-packages/numpy/_core/_methods.py:178: RuntimeWarning: invalid value encountered in divide
  arrmean = um.true_divide(arrmean, div, out=arrmean,
/Library/Frameworks/Python.framework/Versions/3.11/lib/python3.11/site-packages/numpy/_core/_methods.py:211: RuntimeWarning: invalid value encountered in scalar divide
  ret = ret.dtype.type(ret / rcount)
  [1540/1600] done (14407s elapsed, ~561s remaining, 920/1540 usable so far)
/Library/Frameworks/Python.framework/Versions/3.11/lib/python3.11/site-packages/transitleastsquares/stats.py:458: RuntimeWarning: divide by zero encountered in scalar divide
  snr_pink_per_transit[i] = (1 - mean_flux) / pinknoise
/Library/Frameworks/Python.framework/Versions/3.11/lib/python3.11/site-packages/transitleastsquares/grid.py:149: UserWarning: period_grid defaults to R_star=1 and M_star=1 as given density yielded grid with too few values
  warnings.warn(
/Library/Frameworks/Python.framework/Versions/3.11/lib/python3.11/site-packages/transitleastsquares/stats.py:458: RuntimeWarning: divide by zero encountered in scalar divide
  snr_pink_per_transit[i] = (1 - mean_flux) / pinknoise
/Library/Frameworks/Python.framework/Versions/3.11/lib/python3.11/site-packages/transitleastsquares/main.py:411: UserWarning: 1 of 3 transits without data. The true period may be twice the given period.
  warnings.warn(text)
/Library/Frameworks/Python.framework/Versions/3.11/lib/python3.11/site-packages/transitleastsquares/grid.py:149: UserWarning: period_grid defaults to R_star=1 and M_star=1 as given density yielded grid with too few values
  warnings.warn(
  [1560/1600] done (14549s elapsed, ~373s remaining, 932/1560 usable so far)
/Library/Frameworks/Python.framework/Versions/3.11/lib/python3.11/site-packages/transitleastsquares/grid.py:149: UserWarning: period_grid defaults to R_star=1 and M_star=1 as given density yielded grid with too few values
  warnings.warn(
/Library/Frameworks/Python.framework/Versions/3.11/lib/python3.11/site-packages/numpy/_core/_methods.py:219: RuntimeWarning: Degrees of freedom <= 0 for slice
  ret = _var(a, axis=axis, dtype=dtype, out=out, ddof=ddof,
/Library/Frameworks/Python.framework/Versions/3.11/lib/python3.11/site-packages/numpy/_core/_methods.py:178: RuntimeWarning: invalid value encountered in divide
  arrmean = um.true_divide(arrmean, div, out=arrmean,
/Library/Frameworks/Python.framework/Versions/3.11/lib/python3.11/site-packages/numpy/_core/_methods.py:211: RuntimeWarning: invalid value encountered in scalar divide
  ret = ret.dtype.type(ret / rcount)
/Library/Frameworks/Python.framework/Versions/3.11/lib/python3.11/site-packages/transitleastsquares/grid.py:149: UserWarning: period_grid defaults to R_star=1 and M_star=1 as given density yielded grid with too few values
  warnings.warn(
/Library/Frameworks/Python.framework/Versions/3.11/lib/python3.11/site-packages/transitleastsquares/main.py:411: UserWarning: 5 of 13 transits without data. The true period may be twice the given period.
  warnings.warn(text)
/Library/Frameworks/Python.framework/Versions/3.11/lib/python3.11/site-packages/transitleastsquares/grid.py:149: UserWarning: period_grid defaults to R_star=1 and M_star=1 as given density yielded grid with too few values
  warnings.warn(
  [1580/1600] done (14623s elapsed, ~185s remaining, 942/1580 usable so far)
/Library/Frameworks/Python.framework/Versions/3.11/lib/python3.11/site-packages/transitleastsquares/main.py:411: UserWarning: 5 of 9 transits without data. The true period may be twice the given period.
  warnings.warn(text)
/Library/Frameworks/Python.framework/Versions/3.11/lib/python3.11/site-packages/transitleastsquares/main.py:411: UserWarning: 3 of 8 transits without data. The true period may be twice the given period.
  warnings.warn(text)
/Library/Frameworks/Python.framework/Versions/3.11/lib/python3.11/site-packages/transitleastsquares/grid.py:149: UserWarning: period_grid defaults to R_star=1 and M_star=1 as given density yielded grid with too few values
  warnings.warn(
/Library/Frameworks/Python.framework/Versions/3.11/lib/python3.11/site-packages/transitleastsquares/grid.py:149: UserWarning: period_grid defaults to R_star=1 and M_star=1 as given density yielded grid with too few values
  warnings.warn(
  [1600/1600] done (14922s elapsed, ~0s remaining, 953/1600 usable so far)
Creating model cache for 37 durations
Searching 15372 data points, 279 periods from 1.296 to 12.137 days
Using 1 of 8 CPU threads
Searching for best T0 for period 2.57136 days
Transit Least Squares TLS 1.32 (5 Apr 2024)
Creating model cache for 38 durations
Searching 18201 data points, 788 periods from 0.61 to 13.242 days
Using 1 of 8 CPU threads
Searching for best T0 for period 3.79899 days
Transit Least Squares TLS 1.32 (5 Apr 2024)
Creating model cache for 37 durations
Searching 13734 data points, 2187 periods from 0.601 to 12.231 days
Using 1 of 8 CPU threads
Searching for best T0 for period 0.66441 days
Transit Least Squares TLS 1.32 (5 Apr 2024)
Creating model cache for 37 durations
Searching 17329 data points, 2035 periods from 0.252 to 12.46 days
Using 1 of 8 CPU threads
Searching for best T0 for period 0.76241 days
Transit Least Squares TLS 1.32 (5 Apr 2024)
Creating model cache for 37 durations
Searching 15114 data points, 106 periods from 2.598 to 12.074 days
Using 1 of 8 CPU threads
Searching for best T0 for period 2.88515 days
Transit Least Squares TLS 1.32 (5 Apr 2024)
Creating model cache for 38 durations
Searching 16835 data points, 531 periods from 0.835 to 13.061 days
Using 1 of 8 CPU threads
Searching for best T0 for period 3.27286 days
Transit Least Squares TLS 1.32 (5 Apr 2024)
Creating model cache for 38 durations
Searching 19473 data points, 2536 periods from 0.601 to 13.859 days
Using 1 of 8 CPU threads
Searching for best T0 for period 1.03404 days
Transit Least Squares TLS 1.32 (5 Apr 2024)
Creating model cache for 38 durations
Searching 18291 data points, 594 periods from 0.778 to 13.348 days
Using 1 of 8 CPU threads
Searching for best T0 for period 12.62848 days
Transit Least Squares TLS 1.32 (5 Apr 2024)
Creating model cache for 38 durations
Searching 17169 data points, 105 periods from 2.796 to 12.902 days
Using 1 of 8 CPU threads
Searching for best T0 for period 3.42396 days
Transit Least Squares TLS 1.32 (5 Apr 2024)
Creating model cache for 38 durations
Searching 18137 data points, 135 periods from 2.357 to 12.926 days
Using 1 of 8 CPU threads
Searching for best T0 for period 2.68093 days
Transit Least Squares TLS 1.32 (5 Apr 2024)
Creating model cache for 37 durations
Searching 13855 data points, 252 periods from 1.318 to 11.436 days
Using 1 of 8 CPU threads
Searching for best T0 for period 3.65754 days
Transit Least Squares TLS 1.32 (5 Apr 2024)
Creating model cache for 38 durations
Searching 19610 data points, 218 periods from 1.793 to 13.94 days
Using 1 of 8 CPU threads
Searching for best T0 for period 2.33614 days
Transit Least Squares TLS 1.32 (5 Apr 2024)
Creating model cache for 37 durations
Searching 995 data points, 675 periods from 0.619 to 11.802 days
Using 1 of 8 CPU threads
Searching for best T0 for period 1.37698 days
Transit Least Squares TLS 1.32 (5 Apr 2024)
Creating model cache for 38 durations
Searching 13085 data points, 299 periods from 1.316 to 13.022 days
Using 1 of 8 CPU threads
Searching for best T0 for period 3.22395 days
Transit Least Squares TLS 1.32 (5 Apr 2024)
Creating model cache for 38 durations
Searching 18788 data points, 1197 periods from 0.43 to 13.352 days
Using 1 of 8 CPU threads
Searching for best T0 for period 3.33685 days
Creating model cache for 37 durations
Searching 14975 data points, 1300 periods from 0.36 to 11.991 days
Using 1 of 8 CPU threads
Searching for best T0 for period 1.32055 days
Transit Least Squares TLS 1.32 (5 Apr 2024)
Creating model cache for 37 durations
Searching 13211 data points, 678 periods from 0.602 to 11.504 days
Using 1 of 8 CPU threads
Searching for best T0 for period 6.25741 days
Transit Least Squares TLS 1.32 (5 Apr 2024)
Creating model cache for 38 durations
Searching 1182 data points, 1064 periods from 0.488 to 13.677 days
Using 1 of 8 CPU threads
Searching for best T0 for period 1.55108 days
Transit Least Squares TLS 1.32 (5 Apr 2024)
Creating model cache for 36 durations
Searching 12973 data points, 582 periods from 0.601 to 10.133 days
Using 1 of 8 CPU threads
Searching for best T0 for period 2.09298 days
Transit Least Squares TLS 1.32 (5 Apr 2024)
Creating model cache for 37 durations
Searching 14767 data points, 383 periods from 1.005 to 12.071 days
Using 1 of 8 CPU threads
Searching for best T0 for period 8.47924 days
Transit Least Squares TLS 1.32 (5 Apr 2024)
Creating model cache for 38 durations
Searching 17897 data points, 347 periods from 1.181 to 13.115 days
Using 1 of 8 CPU threads
Searching for best T0 for period 1.45406 days
Transit Least Squares TLS 1.32 (5 Apr 2024)
Creating model cache for 37 durations
Searching 15067 data points, 314 periods from 1.237 to 12.704 days
Using 1 of 8 CPU threads
Searching for best T0 for period 2.26686 days
Transit Least Squares TLS 1.32 (5 Apr 2024)
Creating model cache for 37 durations
Searching 15629 data points, 584 periods from 0.722 to 12.201 days
Using 1 of 8 CPU threads
Searching for best T0 for period 3.55901 days
Transit Least Squares TLS 1.32 (5 Apr 2024)
Creating model cache for 37 durations
Searching 840 data points, 249 periods from 1.314 to 11.302 days
Using 1 of 8 CPU threads
Searching for best T0 for period 1.72512 days
Transit Least Squares TLS 1.32 (5 Apr 2024)
Creating model cache for 38 durations
Searching 18214 data points, 486 periods from 0.91 to 13.243 days
Using 1 of 8 CPU threads
Searching for best T0 for period 1.42458 days
Transit Least Squares TLS 1.32 (5 Apr 2024)
Creating model cache for 37 durations
Searching 13592 data points, 673 periods from 0.601 to 11.432 days
Using 1 of 8 CPU threads
Searching for best T0 for period 1.91347 days
Transit Least Squares TLS 1.32 (5 Apr 2024)
Creating model cache for 36 durations
Searching 973 data points, 139 periods from 1.938 to 10.865 days
Using 1 of 8 CPU threads
Searching for best T0 for period 2.69897 days
Transit Least Squares TLS 1.32 (5 Apr 2024)
Creating model cache for 38 durations
Searching 19606 data points, 125 periods from 2.706 to 14.1 days
Using 1 of 8 CPU threads
Searching for best T0 for period 10.92524 days
Transit Least Squares TLS 1.32 (5 Apr 2024)
Creating model cache for 37 durations
Searching 13019 data points, 2156 periods from 0.601 to 12.085 days
Using 1 of 8 CPU threads
Searching for best T0 for period 3.50091 days
 5.94870 days
Transit Least Squares TLS 1.32 (5 Apr 2024)
Creating model cache for 37 durations
Searching 13525 data points, 2166 periods from 0.601 to 12.132 days
Using 1 of 8 CPU threads
Searching for best T0 for period 2.27493 days
Transit Least Squares TLS 1.32 (5 Apr 2024)
Creating model cache for 37 durations
Searching 16940 data points, 312 periods from 1.226 to 12.526 days
Using 1 of 8 CPU threads
Searching for best T0 for period 2.21172 days
Transit Least Squares TLS 1.32 (5 Apr 2024)
Creating model cache for 37 durations
Searching 16457 data points, 195 periods from 1.751 to 12.509 days
Using 1 of 8 CPU threads
Searching for best T0 for period 2.15501 days
Transit Least Squares TLS 1.32 (5 Apr 2024)
Creating model cache for 38 durations
Searching 17431 data points, 164 periods from 2.051 to 12.92 days
Using 1 of 8 CPU threads
Searching for best T0 for period 5.21253 days
Transit Least Squares TLS 1.32 (5 Apr 2024)
Creating model cache for 38 durations
Searching 17897 data points, 347 periods from 1.181 to 13.115 days
Using 1 of 8 CPU threads
Searching for best T0 for period 1.86934 days
Transit Least Squares TLS 1.32 (5 Apr 2024)
Creating model cache for 37 durations
Searching 13780 data points, 710 periods from 0.6 to 11.947 days
Using 1 of 8 CPU threads
Searching for best T0 for period 0.79410 days
Transit Least Squares TLS 1.32 (5 Apr 2024)
Creating model cache for 38 durations
Searching 19073 data points, 852 periods from 0.6 to 13.931 days
Using 1 of 8 CPU threads
Searching for best T0 for period 2.88620 days
Transit Least Squares TLS 1.32 (5 Apr 2024)
Creating model cache for 37 durations
Searching 14824 data points, 687 periods from 0.627 to 12.146 days
Using 1 of 8 CPU threads
Searching for best T0 for period 0.91427 days
Transit Least Squares TLS 1.32 (5 Apr 2024)
Creating model cache for 38 durations
Searching 17457 data points, 212 periods from 1.7 to 12.92 days
Using 1 of 8 CPU threads
Searching for best T0 for period 4.96576 days
Transit Least Squares TLS 1.32 (5 Apr 2024)
Creating model cache for 37 durations
Searching 16681 data points, 764 periods from 0.601 to 12.715 days
Using 1 of 8 CPU threads
Searching for best T0 for period 1.94488 days
Transit Least Squares TLS 1.32 (5 Apr 2024)
Creating model cache for 37 durations
Searching 14769 data points, 601 periods from 0.702 to 12.162 days
Using 1 of 8 CPU threads
Searching for best T0 for period 0.87766 days
Transit Least Squares TLS 1.32 (5 Apr 2024)
Creating model cache for 38 durations
Searching 14982 data points, 2321 periods from 0.601 to 12.859 days
Using 1 of 8 CPU threads
Searching for best T0 for period 1.10869 days
Transit Least Squares TLS 1.32 (5 Apr 2024)
Creating model cache for 38 durations
Searching 18423 data points, 833 periods from 0.59 to 13.425 days
Using 1 of 8 CPU threads
Searching for best T0 for period 2.31106 days
Transit Least Squares TLS 1.32 (5 Apr 2024)
Creating model cache for 38 durations
Searching 13191 data points, 815 periods from 0.601 to 13.425 days
Using 1 of 8 CPU threads
Searching for best T0 for period 8.06427 days
Transit Least Squares TLS 1.32 (5 Apr 2024)
Creating model cache for 37 durations
Searching 15352 data points, 359 periods from 1.069 to 12.2 days
Using 1 of 8 CPU threads
Searching for best T0 for period 9.58096 days
Transit Least Squares TLS 1.32 (5 Apr 2024)
Creating model cache for 37 durations
Searching 13410 data points, 724 periods from 0.6 to 12.145 days
Using 1 of 8 CPU threads
Searching for best T0 for period 3.71444 days
Transit Least Squares TLS 1.32 (5 Apr 2024)
Creating model cache for 38 durations
Searching 18424 data points, 815 periods from 0.601 to 13.425 days
Using 1 of 8 CPU threads
Searching for best T0 for period 0.72061 days
Transit Least Squares TLS 1.32 (5 Apr 2024)
Creating model cache for 37 durations
Searching 1132 data points, 226 periods from 1.594 to 12.729 days
Using 1 of 8 CPU threads
Searching for best T0 for period 6.61030 days
Transit Least Squares TLS 1.32 (5 Apr 2024)
Creating model cache for 38 durations
Searching 11763 data points, 2553 periods from 0.602 to 13.94 days
Using 1 of 8 CPU threads
Searching for best T0 for period 0.62132 days
Transit Least Squares TLS 1.32 (5 Apr 2024)
Creating model cache for 38 durations
Searching 18574 data points, 199 periods from 1.87 to 13.597 days
Using 1 of 8 CPU threads
Searching for best T0 for period 2.69626 days
Transit Least Squares TLS 1.32 (5 Apr 2024)
Creating model cache for 38 durations
Searching 19444 data points, 107 periods from 2.975 to 13.94 days
Using 1 of 8 CPU threads
Searching for best T0 for period 8.66984 days
Transit Least Squares TLS 1.32 (5 Apr 2024)
Creating model cache for 38 durations
Searching 909 data points, 601 periods from 0.75 to 12.99 days
Using 1 of 8 CPU threads
Searching for best T0 for period 0.85280 days
Transit Least Squares TLS 1.32 (5 Apr 2024)
Creating model cache for 38 durations
Searching 17991 data points, 495 periods from 0.974 to 14.38 days
Using 1 of 8 CPU threads
Searching for best T0 for period 1.78965 days
Transit Least Squares TLS 1.32 (5 Apr 2024)
Creating model cache for 38 durations
Searching 17455 data points, 646 periods from 0.703 to 12.919 days
Using 1 of 8 CPU threads
Searching for best T0 for period 9.66350 days
Transit Least Squares TLS 1.32 (5 Apr 2024)
Creating model cache for 38 durations
Searching 17386 data points, 779 periods from 0.601 to 12.92 days
Using 1 of 8 CPU threads
Searching for best T0 for period 6.96168 days
Transit Least Squares TLS 1.32 (5 Apr 2024)
Creating model cache for 37 durations
Searching 16046 data points, 636 periods from 0.683 to 12.403 days
Using 1 of 8 CPU threads
Searching for best T0 for period 9.51709 days
Transit Least Squares TLS 1.32 (5 Apr 2024)
Creating model cache for 37 durations
Searching 14723 data points, 267 periods from 1.339 to 12.141 days
Using 1 of 8 CPU threads
Searching for best T0 for period 1.54692 days
Transit Least Squares TLS 1.32 (5 Apr 2024)
Creating model cache for 36 durations
Searching 12544 data points, 489 periods from 0.692 to 10.133 days
Using 1 of 8 CPU threads
Searching for best T0 for period 2.73085 days
Transit Least Squares TLS 1.32 (5 Apr 2024)
Creating model cache for 37 durations
Searching 17329 data points, 2035 periods from 0.252 to 12.46 days
Using 1 of 8 CPU threads
Searching for best T0 for period 3.11743 days
Transit Least Squares TLS 1.32 (5 Apr 2024)
Creating model cache for 37 durations
Searching 839 data points, 1990 periods from 0.601 to 11.302 days
Using 1 of 8 CPU threads
Searching for best T0 for period 1.62413 days
Transit Least Squares TLS 1.32 (5 Apr 2024)
Creating model cache for 37 durations
Searching 14075 data points, 341 periods from 1.145 to 12.529 days
Using 1 of 8 CPU threads
Searching for best T0 for period 1.24436 days
Transit Least Squares TLS 1.32 (5 Apr 2024)
Creating model cache for 38 durations
Searching 18882 data points, 162 periods from 2.176 to 13.581 days
Using 1 of 8 CPU threads
Searching for best T0 for period 2.81534 days
Transit Least Squares TLS 1.32 (5 Apr 2024)
Creating model cache for 38 durations
Searching 17605 data points, 1061 periods from 0.463 to 12.947 days
Using 1 of 8 CPU threads
Searching for best T0 for period 0.85251 days
Transit Least Squares TLS 1.32 (5 Apr 2024)
Creating model cache for 35 durations
Searching 12209 data points, 2957 periods from 0.13 to 8.981 days
Using 1 of 8 CPU threads
Searching for best T0 for period 2.22476 days
Transit Least Squares TLS 1.32 (5 Apr 2024)
Creating model cache for 38 durations
Searching 18422 data points, 415 periods from 1.049 to 13.425 days
Using 1 of 8 CPU threads
Searching for best T0 for period 4.68307 days
Transit Least Squares TLS 1.32 (5 Apr 2024)
Creating model cache for 37 durations
Searching 16027 data points, 732 periods from 0.601 to 12.259 days
Using 1 of 8 CPU threads
Searching for best T0 for period 1.83954 days
11.29950 days
Transit Least Squares TLS 1.32 (5 Apr 2024)
Creating model cache for 38 durations
Searching 19607 data points, 156 periods from 2.289 to 13.94 days
Using 1 of 8 CPU threads
Searching for best T0 for period 5.02494 days
Transit Least Squares TLS 1.32 (5 Apr 2024)
Creating model cache for 35 durations
Searching 12675 data points, 250 periods from 1.048 to 9.025 days
Using 1 of 8 CPU threads
Searching for best T0 for period 1.05456 days
Transit Least Squares TLS 1.32 (5 Apr 2024)
Creating model cache for 38 durations
Searching 13137 data points, 424 periods from 1.105 to 14.379 days
Using 1 of 8 CPU threads
Searching for best T0 for period 1.19489 days
Transit Least Squares TLS 1.32 (5 Apr 2024)
Creating model cache for 37 durations
Searching 14367 data points, 432 periods from 0.901 to 11.907 days
Using 1 of 8 CPU threads
Searching for best T0 for period 4.43885 days
Transit Least Squares TLS 1.32 (5 Apr 2024)
Creating model cache for 38 durations
Searching 19475 data points, 864 periods from 0.601 to 14.1 days
Using 1 of 8 CPU threads
Searching for best T0 for period 7.84326 days
Transit Least Squares TLS 1.32 (5 Apr 2024)
Creating model cache for 38 durations
Searching 12109 data points, 650 periods from 0.71 to 13.119 days
Using 1 of 8 CPU threads
Searching for best T0 for period 3.68578 days
Transit Least Squares TLS 1.32 (5 Apr 2024)
Creating model cache for 37 durations
Searching 13081 data points, 344 periods from 1.035 to 11.43 days
Using 1 of 8 CPU threads
Searching for best T0 for period 3.10734 days
Transit Least Squares TLS 1.32 (5 Apr 2024)
Creating model cache for 37 durations
Searching 16557 data points, 114 periods from 2.546 to 12.429 days
Using 1 of 8 CPU threads
Searching for best T0 for period 3.23010 days
Transit Least Squares TLS 1.32 (5 Apr 2024)
Creating model cache for 37 durations
Searching 16898 data points, 231 periods from 1.541 to 12.51 days
Using 1 of 8 CPU threads
Searching for best T0 for period 2.40284 days
Transit Least Squares TLS 1.32 (5 Apr 2024)
Creating model cache for 38 durations
Searching 18882 data points, 2476 periods from 0.601 to 13.581 days
Using 1 of 8 CPU threads
Searching for best T0 for period 0.91507 days
Transit Least Squares TLS 1.32 (5 Apr 2024)
Creating model cache for 38 durations
Searching 18279 data points, 713 periods from 0.687 to 13.703 days
Using 1 of 8 CPU threads
Searching for best T0 for period 0.94237 days
Transit Least Squares TLS 1.32 (5 Apr 2024)
Creating model cache for 37 durations
Searching 10950 data points, 295 periods from 1.25 to 12.22 days
Using 1 of 8 CPU threads
Searching for best T0 for period 3.62461 days
Transit Least Squares TLS 1.32 (5 Apr 2024)
Creating model cache for 37 durations
Searching 15462 data points, 926 periods from 0.496 to 12.345 days
Using 1 of 8 CPU threads
Searching for best T0 for period 2.96739 days
Transit Least Squares TLS 1.32 (5 Apr 2024)
Creating model cache for 37 durations
Searching 13716 data points, 645 periods from 0.659 to 12.101 days
Using 1 of 8 CPU threads
Searching for best T0 for period 5.13669 days
Transit Least Squares TLS 1.32 (5 Apr 2024)
Creating model cache for 38 durations
Searching 16404 data points, 987 periods from 0.504 to 13.262 days
Using 1 of 8 CPU threads
Searching for best T0 for period 13.26245 days
Transit Least Squares TLS 1.32 (5 Apr 2024)
Creating model cache for 37 durations
Searching 13031 data points, 719 periods from 0.601 to 12.079 days
Using 1 of 8 CPU threads
Searching for best T0 for period 10.79055 days
Transit Least Squares TLS 1.32 (5 Apr 2024)
Creating model cache for 38 durations
Searching 19422 data points, 539 periods from 0.891 to 14.1 days
Using 1 of 8 CPU threads
Searching for best T0 for period 2.15560 days
Transit Least Squares TLS 1.32 (5 Apr 2024)
Creating model cache for 38 durations
Searching 14759 data points, 306 periods from 1.268 to 12.784 days
Using 1 of 8 CPU threads
Searching for best T0 for period 1.26849 days
9.51709 days
Transit Least Squares TLS 1.32 (5 Apr 2024)
Creating model cache for 38 durations
Searching 18424 data points, 815 periods from 0.601 to 13.425 days
Using 1 of 8 CPU threads
Searching for best T0 for period 13.15912 days
Transit Least Squares TLS 1.32 (5 Apr 2024)
Creating model cache for 38 durations
Searching 15480 data points, 519 periods from 0.85 to 13.04 days
Using 1 of 8 CPU threads
Searching for best T0 for period 5.33793 days
Transit Least Squares TLS 1.32 (5 Apr 2024)
Creating model cache for 38 durations
Searching 17458 data points, 606 periods from 0.741 to 12.92 days
Using 1 of 8 CPU threads
Searching for best T0 for period 0.75288 days
Transit Least Squares TLS 1.32 (5 Apr 2024)
Creating model cache for 38 durations
Searching 16605 data points, 970 periods from 0.513 to 13.29 days
Using 1 of 8 CPU threads
Searching for best T0 for period 5.45379 days
Transit Least Squares TLS 1.32 (5 Apr 2024)
Creating model cache for 38 durations
Searching 17446 data points, 150 periods from 2.185 to 12.919 days
Using 1 of 8 CPU threads
Searching for best T0 for period 3.30651 days
Transit Least Squares TLS 1.32 (5 Apr 2024)
Creating model cache for 38 durations
Searching 909 data points, 601 periods from 0.75 to 12.99 days
Using 1 of 8 CPU threads
Searching for best T0 for period 0.77346 days
Transit Least Squares TLS 1.32 (5 Apr 2024)
Creating model cache for 38 durations
Searching 12915 data points, 163 periods from 2.126 to 13.312 days
Using 1 of 8 CPU threads
Searching for best T0 for period 3.90571 days
Transit Least Squares TLS 1.32 (5 Apr 2024)
Creating model cache for 37 durations
Searching 15284 data points, 274 periods from 1.293 to 11.955 days
Using 1 of 8 CPU threads
Searching for best T0 for period 1.33076 days
Transit Least Squares TLS 1.32 (5 Apr 2024)
Creating model cache for 38 durations
Searching 19607 data points, 2588 periods from 0.601 to 14.1 days
Using 1 of 8 CPU threads
Searching for best T0 for period 9.69073 days
Transit Least Squares TLS 1.32 (5 Apr 2024)
Creating model cache for 37 durations
Searching 13275 data points, 289 periods from 1.24 to 11.922 days
Using 1 of 8 CPU threads
Searching for best T0 for period 1.63569 days
Transit Least Squares TLS 1.32 (5 Apr 2024)
Creating model cache for 38 durations
Searching 17614 data points, 2136 periods from 0.252 to 13.022 days
Using 1 of 8 CPU threads
Searching for best T0 for period 1.28341 days
Transit Least Squares TLS 1.32 (5 Apr 2024)
Creating model cache for 38 durations
Searching 18658 data points, 425 periods from 1.048 to 13.673 days
Using 1 of 8 CPU threads
Searching for best T0 for period 3.31618 days
Transit Least Squares TLS 1.32 (5 Apr 2024)
Creating model cache for 38 durations
Searching 16470 data points, 835 periods from 0.601 to 13.703 days
Using 1 of 8 CPU threads
Searching for best T0 for period 2.65348 days
Transit Least Squares TLS 1.32 (5 Apr 2024)
Creating model cache for 38 durations
Searching 18279 data points, 689 periods from 0.718 to 13.94 days
Using 1 of 8 CPU threads
Searching for best T0 for period 0.88863 days
Transit Least Squares TLS 1.32 (5 Apr 2024)
Creating model cache for 38 durations
Searching 19474 data points, 465 periods from 0.988 to 13.849 days
Using 1 of 8 CPU threads
Searching for best T0 for period 1.51246 days
Transit Least Squares TLS 1.32 (5 Apr 2024)
Creating model cache for 38 durations
Searching 3517 data points, 177 periods from 1.967 to 13.108 days
Using 1 of 8 CPU threads
Searching for best T0 for period 7.86994 days
Transit Least Squares TLS 1.32 (5 Apr 2024)
Creating model cache for 38 durations
Searching 18322 data points, 121 periods from 2.615 to 13.295 days
Using 1 of 8 CPU threads
Searching for best T0 for period 2.75665 days
Transit Least Squares TLS 1.32 (5 Apr 2024)
Creating model cache for 37 durations
Searching 993 data points, 561 periods from 0.721 to 11.802 days
Using 1 of 8 CPU threads
Searching for best T0 for period 4.66455 days
Transit Least Squares TLS 1.32 (5 Apr 2024)
Creating model cache for 38 durations
Searching 18217 data points, 312 periods from 1.297 to 13.242 days
Using 1 of 8 CPU threads
Searching for best T0 for period 3.38739 days
Transit Least Squares TLS 1.32 (5 Apr 2024)
Creating model cache for 38 durations
Searching 11517 data points, 325 periods from 1.273 to 13.425 days
Using 1 of 8 CPU threads
Searching for best T0 for period 8.08693 days
Transit Least Squares TLS 1.32 (5 Apr 2024)
Creating model cache for 38 durations
Searching 18613 data points, 659 periods from 0.732 to 13.673 days
Using 1 of 8 CPU threads
Searching for best T0 for period 1.76166 days
Transit Least Squares TLS 1.32 (5 Apr 2024)
Creating model cache for 37 durations
Searching 15696 data points, 2652 periods from 0.192 to 12.02 days
Using 1 of 8 CPU threads
Searching for best T0 for period 0.30249 days
Transit Least Squares TLS 1.32 (5 Apr 2024)
Creating model cache for 38 durations
Searching 18291 data points, 594 periods from 0.778 to 13.348 days
Using 1 of 8 CPU threads
Searching for best T0 for period 12.62848 days
Transit Least Squares TLS 1.32 (5 Apr 2024)
Creating model cache for 37 durations
Searching 1095 data points, 201 periods from 1.7 to 12.417 days
Using 1 of 8 CPU threads
Searching for best T0 for period 7.76827 days
Transit Least Squares TLS 1.32 (5 Apr 2024)
Creating model cache for 37 durations
Searching 15497 data points, 571 periods from 0.741 to 12.307 days
Using 1 of 8 CPU threads
Searching for best T0 for period 4.23260 days
Transit Least Squares TLS 1.32 (5 Apr 2024)
Creating model cache for 38 durations
Searching 18286 data points, 1466 periods from 0.375 to 13.886 days
Using 1 of 8 CPU threads
Searching for best T0 for period 0.58568 days
Transit Least Squares TLS 1.32 (5 Apr 2024)
Creating model cache for 38 durations
Searching 12874 data points, 801 periods from 0.637 to 14.031 days
Using 1 of 8 CPU threads
Searching for best T0 for period 2.04897 days
Transit Least Squares TLS 1.32 (5 Apr 2024)
Creating model cache for 36 durations
Searching 12974 data points, 343 periods from 0.921 to 10.133 days
Using 1 of 8 CPU threads
Searching for best T0 for period 8.23452 days
Transit Least Squares TLS 1.32 (5 Apr 2024)
Creating model cache for 38 durations
Searching 17166 data points, 237 periods from 1.687 to 13.94 days
Using 1 of 8 CPU threads
Searching for best T0 for period 3.18171 days
Transit Least Squares TLS 1.32 (5 Apr 2024)
Creating model cache for 38 durations
Searching 18604 data points, 706 periods from 0.675 to 13.352 days
Using 1 of 8 CPU threads
Searching for best T0 for period 1.58985 days
days
Transit Least Squares TLS 1.32 (5 Apr 2024)
Creating model cache for 38 durations
Searching 19515 data points, 838 periods from 0.609 to 13.945 days
Using 1 of 8 CPU threads
Searching for best T0 for period 1.28705 days
Transit Least Squares TLS 1.32 (5 Apr 2024)
Creating model cache for 38 durations
Searching 17496 data points, 286 periods from 1.351 to 12.915 days
Using 1 of 8 CPU threads
Searching for best T0 for period 2.66130 days
Transit Least Squares TLS 1.32 (5 Apr 2024)
Creating model cache for 38 durations
Searching 18024 data points, 546 periods from 0.857 to 13.703 days
Using 1 of 8 CPU threads
Searching for best T0 for period 6.34339 days
Transit Least Squares TLS 1.32 (5 Apr 2024)
Creating model cache for 37 durations
Searching 16183 data points, 1582 periods from 0.308 to 12.191 days
Using 1 of 8 CPU threads
Searching for best T0 for period 4.00484 days
Transit Least Squares TLS 1.32 (5 Apr 2024)
Creating model cache for 38 durations
Searching 10573 data points, 1484 periods from 0.375 to 14.031 days
Using 1 of 8 CPU threads
Searching for best T0 for period 2.70695 days
Transit Least Squares TLS 1.32 (5 Apr 2024)
Creating model cache for 37 durations
Searching 13394 data points, 399 periods from 0.909 to 11.286 days
Using 1 of 8 CPU threads
Searching for best T0 for period 2.09223 days
Transit Least Squares TLS 1.32 (5 Apr 2024)
Creating model cache for 38 durations
Searching 18357 data points, 597 periods from 0.77 to 13.266 days
Using 1 of 8 CPU threads
Searching for best T0 for period 4.77098 days
Transit Least Squares TLS 1.32 (5 Apr 2024)
Creating model cache for 37 durations
Searching 945 data points, 182 periods from 1.692 to 11.511 days
Using 1 of 8 CPU threads
Searching for best T0 for period 1.93843 days
Transit Least Squares TLS 1.32 (5 Apr 2024)
Creating model cache for 38 durations
Searching 17271 data points, 2334 periods from 0.601 to 12.92 days
Using 1 of 8 CPU threads
Searching for best T0 for period 1.93111 days
Transit Least Squares TLS 1.32 (5 Apr 2024)
Creating model cache for 37 durations
Searching 896 data points, 1152 periods from 0.422 to 12.677 days
Using 1 of 8 CPU threads
Searching for best T0 for period 0.62904 days
Transit Least Squares TLS 1.32 (5 Apr 2024)
Creating model cache for 37 durations
Searching 14842 data points, 705 periods from 0.601 to 11.883 days
Using 1 of 8 CPU threads
Searching for best T0 for period 2.88682 days
Transit Least Squares TLS 1.32 (5 Apr 2024)
Creating model cache for 38 durations
Searching 19515 data points, 2555 periods from 0.601 to 13.945 days
Using 1 of 8 CPU threads
Searching for best T0 for period 1.49184 days
Transit Least Squares TLS 1.32 (5 Apr 2024)
Creating model cache for 37 durations
Searching 14765 data points, 1567 periods from 0.299 to 11.724 days
Using 1 of 8 CPU threads
Searching for best T0 for period 0.44848 days
Transit Least Squares TLS 1.32 (5 Apr 2024)
Creating model cache for 37 durations
Searching 16500 data points, 741 periods from 0.601 to 12.388 days
Using 1 of 8 CPU threads
Searching for best T0 for period 0.71789 days
Transit Least Squares TLS 1.32 (5 Apr 2024)
Creating model cache for 37 durations
Searching 16438 data points, 306 periods from 1.214 to 12.22 days
Using 1 of 8 CPU threads
Searching for best T0 for period 3.66403 days
Transit Least Squares TLS 1.32 (5 Apr 2024)
Creating model cache for 38 durations
Searching 15648 data points, 984 periods from 0.488 to 12.793 days
Using 1 of 8 CPU threads
Searching for best T0 for period 1.65267 days
Transit Least Squares TLS 1.32 (5 Apr 2024)
Creating model cache for 38 durations
Searching 17316 data points, 399 periods from 1.036 to 12.863 days
Using 1 of 8 CPU threads
Searching for best T0 for period 4.78902 days
Transit Least Squares TLS 1.32 (5 Apr 2024)
Creating model cache for 38 durations
Searching 18422 data points, 415 periods from 1.049 to 13.425 days
Using 1 of 8 CPU threads
Searching for best T0 for period 1.06183 days
Transit Least Squares TLS 1.32 (5 Apr 2024)
Creating model cache for 38 durations
Searching 14113 data points, 548 periods from 0.87 to 13.958 days
Using 1 of 8 CPU threads
Searching for best T0 for period 1.53943 days
Transit Least Squares TLS 1.32 (5 Apr 2024)
Creating model cache for 37 durations
Searching 16748 data points, 558 periods from 0.75 to 12.22 days
Using 1 of 8 CPU threads
Searching for best T0 for period 9.70315 days
Transit Least Squares TLS 1.32 (5 Apr 2024)
Creating model cache for 37 durations
Searching 16357 data points, 237 periods from 1.479 to 12.218 days
Using 1 of 8 CPU threads
Searching for best T0 for period 6.11185 days
Transit Least Squares TLS 1.32 (5 Apr 2024)
Creating model cache for 37 durations
Searching 14769 data points, 289 periods from 1.263 to 12.144 days
Using 1 of 8 CPU threads
Searching for best T0 for period 5.46249 days
Transit Least Squares TLS 1.32 (5 Apr 2024)
Creating model cache for 38 durations
Searching 18604 data points, 706 periods from 0.675 to 13.352 days
Using 1 of 8 CPU threads
Searching for best T0 for period 3.41370 days
Transit Least Squares TLS 1.32 (5 Apr 2024)
Creating model cache for 38 durations
Searching 15410 data points, 123 periods from 2.594 to 13.352 days
Using 1 of 8 CPU threads
Searching for best T0 for period 5.33886 days
Transit Least Squares TLS 1.32 (5 Apr 2024)
Creating model cache for 38 durations
Searching 15410 data points, 123 periods from 2.594 to 13.352 days
Using 1 of 8 CPU threads
Searching for best T0 for period 5.33886 days
Transit Least Squares TLS 1.32 (5 Apr 2024)
Creating model cache for 38 durations
Searching 16698 data points, 1065 periods from 0.463 to 12.985 days
Using 1 of 8 CPU threads
Searching for best T0 for period 0.85801 days
Transit Least Squares TLS 1.32 (5 Apr 2024)
Creating model cache for 38 durations
Searching 18322 data points, 806 periods from 0.601 to 13.295 days
Using 1 of 8 CPU threads
Searching for best T0 for period 8.52958 days
Transit Least Squares TLS 1.32 (5 Apr 2024)
Creating model cache for 38 durations
Searching 1220 data points, 169 periods from 2.083 to 13.396 days
Using 1 of 8 CPU threads
Searching for best T0 for period 2.24593 days
Transit Least Squares TLS 1.32 (5 Apr 2024)
Creating model cache for 37 durations
Searching 14765 data points, 1567 periods from 0.299 to 11.724 days
Using 1 of 8 CPU threads
Searching for best T0 for period 0.44848 days
Transit Least Squares TLS 1.32 (5 Apr 2024)
Creating model cache for 37 durations
Searching 15573 data points, 186 periods from 1.756 to 12.14 days
Using 1 of 8 CPU threads
Searching for best T0 for period 1.89903 days
Transit Least Squares TLS 1.32 (5 Apr 2024)
Creating model cache for 38 durations
Searching 18423 data points, 833 periods from 0.59 to 13.425 days
Using 1 of 8 CPU threads
Searching for best T0 for period 1.29399 days
Transit Least Squares TLS 1.32 (5 Apr 2024)
Creating model cache for 37 durations
Searching 3294 data points, 414 periods from 0.951 to 12.161 days
Using 1 of 8 CPU threads
Searching for best T0 for period 3.72919 days
Transit Least Squares TLS 1.32 (5 Apr 2024)
Creating model cache for 38 durations
Searching 18694 data points, 676 periods from 0.731 to 13.959 days
Using 1 of 8 CPU threads
Searching for best T0 for period 3.53957 days
Transit Least Squares TLS 1.32 (5 Apr 2024)
Creating model cache for 38 durations
Searching 18787 data points, 2427 periods from 0.601 to 13.352 days
Using 1 of 8 CPU threads
Searching for best T0 for period 0.93726 days
14.09978 days
Transit Least Squares TLS 1.32 (5 Apr 2024)
Creating model cache for 38 durations
Searching 12506 data points, 735 periods from 0.656 to 13.425 days
Using 1 of 8 CPU threads
Searching for best T0 for period 1.06252 days
Transit Least Squares TLS 1.32 (5 Apr 2024)
Creating model cache for 37 durations
Searching 15706 data points, 351 periods from 1.079 to 12.078 days
Using 1 of 8 CPU threads
Searching for best T0 for period 4.68545 days
Transit Least Squares TLS 1.32 (5 Apr 2024)
Creating model cache for 37 durations
Searching 12925 data points, 1949 periods from 0.601 to 11.109 days
Using 1 of 8 CPU threads
Searching for best T0 for period 0.77479 days
Transit Least Squares TLS 1.32 (5 Apr 2024)
Creating model cache for 37 durations
Searching 13219 data points, 637 periods from 0.665 to 12.085 days
Using 1 of 8 CPU threads
Searching for best T0 for period 0.86516 days
Transit Least Squares TLS 1.32 (5 Apr 2024)
Creating model cache for 38 durations
Searching 16619 data points, 793 periods from 0.61 to 13.313 days
Using 1 of 8 CPU threads
Searching for best T0 for period 1.15699 days
Transit Least Squares TLS 1.32 (5 Apr 2024)
Creating model cache for 38 durations
Searching 15312 data points, 268 periods from 1.423 to 12.936 days
Using 1 of 8 CPU threads
Searching for best T0 for period 3.56046 days
Transit Least Squares TLS 1.32 (5 Apr 2024)
Creating model cache for 37 durations
Searching 16334 data points, 758 periods from 0.601 to 12.626 days
Using 1 of 8 CPU threads
Searching for best T0 for period 3.35484 days
Transit Least Squares TLS 1.32 (5 Apr 2024)
Creating model cache for 37 durations
Searching 11698 data points, 866 periods from 0.48 to 11.274 days
Using 1 of 8 CPU threads
Searching for best T0 for period 0.80345 days
Transit Least Squares TLS 1.32 (5 Apr 2024)
Creating model cache for 38 durations
Searching 19330 data points, 2536 periods from 0.601 to 13.859 days
Using 1 of 8 CPU threads
Searching for best T0 for period 0.63343 days
Transit Least Squares TLS 1.32 (5 Apr 2024)
Creating model cache for 36 durations
Searching 12974 data points, 210 periods from 1.342 to 10.133 days
Using 1 of 8 CPU threads
Searching for best T0 for period 1.83170 days
Transit Least Squares TLS 1.32 (5 Apr 2024)
Creating model cache for 38 durations
Searching 3514 data points, 460 periods from 0.943 to 13.108 days
Using 1 of 8 CPU threads
Searching for best T0 for period 6.89643 days
Transit Least Squares TLS 1.32 (5 Apr 2024)
Creating model cache for 37 durations
Searching 13801 data points, 320 periods from 1.168 to 12.181 days
Using 1 of 8 CPU threads
Searching for best T0 for period 1.77956 days
Transit Least Squares TLS 1.32 (5 Apr 2024)
Creating model cache for 38 durations
Searching 18854 data points, 818 periods from 0.6 to 13.458 days
Using 1 of 8 CPU threads
Searching for best T0 for period 7.44299 days
Transit Least Squares TLS 1.32 (5 Apr 2024)
Creating model cache for 37 durations
Searching 16730 data points, 353 periods from 1.107 to 12.475 days
Using 1 of 8 CPU threads
Searching for best T0 for period 1.78971 days
Transit Least Squares TLS 1.32 (5 Apr 2024)
Creating model cache for 38 durations
Searching 18299 data points, 835 periods from 0.601 to 13.703 days
Using 1 of 8 CPU threads
Searching for best T0 for period 11.96594 days
Transit Least Squares TLS 1.32 (5 Apr 2024)
Creating model cache for 43 durations
Searching 29417 data points, 7339 periods from 0.164 to 26.056 days
Using 1 of 8 CPU threads
Searching for best T0 for period 0.50259 days
Transit Least Squares TLS 1.32 (5 Apr 2024)
Creating model cache for 37 durations
Searching 17288 data points, 370 periods from 1.079 to 12.617 days
Using 1 of 8 CPU threads
Searching for best T0 for period 2.84170 days
Transit Least Squares TLS 1.32 (5 Apr 2024)
Creating model cache for 37 durations
Searching 867 data points, 2040 periods from 0.602 to 11.542 days
Using 1 of 8 CPU threads
Searching for best T0 for period 0.65305 days
Transit Least Squares TLS 1.32 (5 Apr 2024)
Creating model cache for 37 durations
Searching 11696 data points, 1984 periods from 0.601 to 11.273 days
Using 1 of 8 CPU threads
Searching for best T0 for period 0.88150 days
Transit Least Squares TLS 1.32 (5 Apr 2024)
Creating model cache for 37 durations
Searching 15536 data points, 422 periods from 0.921 to 11.953 days
Using 1 of 8 CPU threads
Searching for best T0 for period 4.62894 days
Creating model cache for 37 durations
Searching 12244 data points, 656 periods from 0.601 to 11.184 days
Using 1 of 8 CPU threads
Searching for best T0 for period 5.30510 days
Transit Least Squares TLS 1.32 (5 Apr 2024)
Creating model cache for 38 durations
Searching 17989 data points, 2649 periods from 0.601 to 14.38 days
Using 1 of 8 CPU threads
Searching for best T0 for period 3.88931 days
Transit Least Squares TLS 1.32 (5 Apr 2024)
Creating model cache for 37 durations
Searching 16917 data points, 100 periods from 2.794 to 12.517 days
Using 1 of 8 CPU threads
Searching for best T0 for period 6.42576 days
Transit Least Squares TLS 1.32 (5 Apr 2024)
Creating model cache for 37 durations
Searching 1052 data points, 2182 periods from 0.601 to 12.209 days
Using 1 of 8 CPU threads
Searching for best T0 for period 1.07370 days
Transit Least Squares TLS 1.32 (5 Apr 2024)
Creating model cache for 37 durations
Searching 11701 data points, 4854 periods from 0.104 to 11.273 days
Using 1 of 8 CPU threads
Searching for best T0 for period 5.93352 days
Transit Least Squares TLS 1.32 (5 Apr 2024)
Creating model cache for 38 durations
Searching 14571 data points, 438 periods from 1.015 to 13.581 days
Using 1 of 8 CPU threads
Searching for best T0 for period 4.20766 days
Transit Least Squares TLS 1.32 (5 Apr 2024)
Creating model cache for 37 durations
Searching 938 data points, 574 periods from 0.731 to 12.188 days
Using 1 of 8 CPU threads
Searching for best T0 for period 1.38724 days
Transit Least Squares TLS 1.32 (5 Apr 2024)
Creating model cache for 37 durations
Searching 16716 data points, 115 periods from 2.53 to 12.448 days
Using 1 of 8 CPU threads
Searching for best T0 for period 3.32154 days
Transit Least Squares TLS 1.32 (5 Apr 2024)
Creating model cache for 38 durations
Searching 19607 data points, 197 periods from 1.958 to 14.1 days
Using 1 of 8 CPU threads
Searching for best T0 for period 3.99500 days
Transit Least Squares TLS 1.32 (5 Apr 2024)
Creating model cache for 36 durations
Searching 11790 data points, 5610 periods from 0.087 to 10.819 days
Using 1 of 8 CPU threads
Searching for best T0 for period 5.21817 days
Transit Least Squares TLS 1.32 (5 Apr 2024)
Creating model cache for 37 durations
Searching 16748 data points, 558 periods from 0.75 to 12.22 days
Using 1 of 8 CPU threads
Searching for best T0 for period 9.70315 days
Transit Least Squares TLS 1.32 (5 Apr 2024)
Creating model cache for 37 durations
Searching 15521 data points, 1632 periods from 0.308 to 12.525 days
Using 1 of 8 CPU threads
Searching for best T0 for period 0.71366 days
Transit Least Squares TLS 1.32 (5 Apr 2024)
Creating model cache for 37 durations
Searching 15536 data points, 422 periods from 0.921 to 11.953 days
Using 1 of 8 CPU threads
Searching for best T0 for period 4.62894 days
Transit Least Squares TLS 1.32 (5 Apr 2024)
Creating model cache for 37 durations
Searching 16407 data points, 746 periods from 0.601 to 12.458 days
Using 1 of 8 CPU threads
Searching for best T0 for period 2.12888 days
Transit Least Squares TLS 1.32 (5 Apr 2024)
Creating model cache for 38 durations
Searching 17146 data points, 221 periods from 1.631 to 12.795 days
Using 1 of 8 CPU threads
Searching for best T0 for period 11.21638 days
Transit Least Squares TLS 1.32 (5 Apr 2024)
Creating model cache for 37 durations
Searching 13924 data points, 2108 periods from 0.601 to 11.86 days
Using 1 of 8 CPU threads
Searching for best T0 for period 2.62346 days
Transit Least Squares TLS 1.32 (5 Apr 2024)
Creating model cache for 37 durations
Searching 13652 data points, 1001 periods from 0.43 to 11.444 days
Using 1 of 8 CPU threads
Searching for best T0 for period 4.89101 days
Transit Least Squares TLS 1.32 (5 Apr 2024)
Creating model cache for 38 durations
Searching 13328 data points, 2335 periods from 0.602 to 12.926 days
Using 1 of 8 CPU threads
Searching for best T0 for period 5.40714 days
Transit Least Squares TLS 1.32 (5 Apr 2024)
Creating model cache for 38 durations
Searching 17898 data points, 2376 periods from 0.601 to 13.115 days
Using 1 of 8 CPU threads
Searching for best T0 for period 0.95352 days

Total wall time: 14928s for 1600 trials
953/1600 produced usable feature rows (rest failed TLS/feature computation on the synthetic signal -- kept in the CSV with their status for transparency, excluded from training).
Saved to /Users/anujtripathi/Downloads/ExoplanetAI/code/experiments/augmented_classical_dataset.csv
