host,label,ra,dec,gaia_epsi,gaia_sepsi,gaia_gmag2,gaia_hit,sb9_sp1,sb9_hit,tic,tic_id,tic_tmag,tic_gaiamag,tic_vmag
11_Com,1.0,185.1787793,17.7932516,0.862,1003.0,4.437253,True,,False,72437047.0,72437047.0,3.8379,4.44038,4.72307
11_UMi,1.0,229.2745954,71.8239428,0.704,498.5,4.556678,True,,False,230061010.0,230061010.0,3.82294,4.56216,5.013
14_And,1.0,352.82415,39.2358367,0.55,469.8999938964844,4.922183,True,,False,333225860.0,333225860.0,4.3214,4.91781,5.23133
14_Her,1.0,242.6021014,43.8163621,0.265,88.2699966430664,6.39524,True,,False,,,,,
16_Cyg_B,1.0,295.4656422,50.5168243,0.149,28.639999389648438,6.073419,True,,False,27533327.0,27533327.0,5.6281,6.06428,6.215
17_Sco,1.0,243.4620874,-11.8377905,0.534,525.2999877929688,4.763123,True,,False,135596590.0,135596590.0,3.97655,4.75429,5.22606
18_Del,1.0,314.6078375,10.8391378,0.456,471.5,5.269335,True,,False,354489950.0,354489950.0,4.7181,5.27476,5.51048
1RXS_J160929.1-210524,1.0,242.3762343,-21.0831403,0.094,10.520000457763672,12.037596,True,,False,48964101.0,48964101.0,11.1941,12.0572,12.618
24_Boo,1.0,217.1555242,49.8446488,0.357,180.60000610351562,5.337401,True,,False,441712711.0,441712711.0,4.7812,5.3339,5.59
24_Sex,1.0,155.8684866,-0.9023998,0.129,18.450000762939453,6.215122,True,,False,1713457.0,1713457.0,5.6416,6.20374,6.4535
2MASS_J01033563-5515561_A,1.0,15.8992489,-55.2658291,34.51,558600.0,13.946984,True,,False,616014335.0,616014335.0,12.3239,13.6318,
2MASS_J01225093-2439505,1.0,20.7128012,-24.6646128,0.176,34.189998626708984,12.891425,True,,False,11614485.0,11614485.0,11.6243,12.9025,14.244
2MASS_J02192210-3925225,1.0,34.8427046,-39.4230767,0.961,280.0,14.984713,True,,False,77111651.0,77111651.0,13.4304,15.0123,
2MASS_J0249-0557_A,1.0,42.4851627,-5.9599921,0.414,18.030000686645508,15.663645,True,,False,10930507.0,10930507.0,14.0996,15.6894,18.3
2MASS_J03590986+2009361,1.0,59.7911026,20.1599759,0.383,5.361000061035156,16.969875,True,,False,14183352.0,14183352.0,15.4702,16.9967,
2MASS_J04372171+2651014,1.0,69.3405531,26.8502997,0.089,2.63100004196167,14.3087,True,,False,125843782.0,125843782.0,13.0123,14.3374,16.186
2MASS_J04414489+2301513,1.0,70.4371079,23.0308544,1.156,4.171000003814697,18.915628,True,,False,118893899.0,118893899.0,17.1815,18.9668,
2MASS_J11011926-7732383,1.0,165.3295388,-77.5440912,1.168,9.96399974822998,18.322899,True,,False,454227159.0,454227159.0,16.7448,18.3299,
2MASS_J11550485-7919108,1.0,178.7691634,-79.3197558,0.181,8.49899959564209,14.803041,True,,False,357014373.0,357014373.0,13.344,14.818,16.957
2MASS_J12073346-3932539,1.0,181.8890906,-39.5484399,0.6,8.885000228881836,17.388071,True,,False,102076870.0,102076870.0,15.662,17.4076,
2MASS_J16262785-2625152,1.0,246.6160467,-26.4209954,0.335,51.22999954223633,14.057186,True,,False,175594111.0,175594111.0,12.9013,14.1017,15.902
2MASS_J19383260+4603591,1.0,294.6359173,46.0664076,0.37,197.3000030517578,12.114145,True,,False,271164763.0,271164763.0,12.4561,12.1376,12.651
2MASS_J21252752-8138278,1.0,321.3662989,-81.6414894,0.411,225.1999969482422,10.808022,True,,False,273305007.0,273305007.0,9.71772,10.8133,11.804
2MASS_J22362452+4751425,1.0,339.1025931,47.861683,0.059,5.8429999351501465,11.938477,True,,False,200532605.0,200532605.0,11.1286,11.9484,12.368
2MASS_J22501512+2325342,1.0,342.5634097,23.4259058,0.176,21.200000762939453,13.553574,True,,False,435830255.0,435830255.0,12.3193,13.5759,14.784
47_UMa,1.0,164.8647611,40.4304931,0.621,456.6000061035156,4.866588,True,,False,21535479.0,21535479.0,4.4698,4.87837,5.03352
4_UMa,1.0,130.0528099,64.3280504,0.735,925.5,4.222566,True,,False,356478817.0,356478817.0,3.5681,4.23773,4.5801
51_Eri,1.0,69.4007424,-2.4738245,0.572,716.7999877929688,5.141171,True,,False,298810162.0,298810162.0,4.9574,5.15806,5.21149
51_Peg,1.0,344.3675399,20.7690958,0.437,277.1000061035156,5.283212,True,,False,139298196.0,139298196.0,4.8576,5.28647,5.45309
55_Cnc,1.0,133.1468373,28.3298154,0.194,50.689998626708984,5.732681,True,,False,,,,,
55_Cnc_B,1.0,133.167908,28.3152863,0.293,138.60000610351562,11.682962,True,,False,,,,,
61_Vir,1.0,199.596455,-18.3157745,0.817,1111.0,4.532528,True,,False,,,,,
6_Lyn,1.0,97.6960311,58.1611753,0.26,140.89999389648438,5.609718,True,,False,,,,,
70_Vir,1.0,202.1064898,13.7763085,0.522,426.20001220703125,4.778971,True,,False,,,,,
75_Cet,1.0,38.0391598,-1.0350269,0.614,418.70001220703125,5.093464,True,,False,251095345.0,251095345.0,4.5054,5.09343,5.3532
7_CMa,1.0,99.171276,-19.2561808,0.927,2613.0,3.673236,True,,False,48237215.0,48237215.0,3.0677,3.67853,3.95
8_UMi,1.0,224.201685,74.9009379,0.093,8.850000381469727,6.574245,True,,False,257005016.0,257005016.0,5.96761,6.55896,6.83295
91_Aqr,1.0,348.9745031,-9.0878076,0.785,685.2999877929688,3.924721,True,,False,,,,,
AB_Aur,1.0,73.9410446,30.5510888,0.259,88.94000244140625,7.111234,True,,False,96680681.0,96680681.0,6.94321,7.07854,7.076
AB_Pic,1.0,94.8039208,-58.0541184,0.072,5.379000186920166,8.838295,True,,False,260351540.0,260351540.0,8.2763,8.8378,9.13
AF_Lep,1.0,81.7699216,-11.9011752,0.127,32.43000030517578,6.209527,True,,False,94945758.0,94945758.0,5.7932,6.18644,6.332
AT2021ueyL,1.0,324.5450417,26.4665694,0.264,17.889999389648438,15.428604,True,,False,298710936.0,298710936.0,14.9121,15.4352,15.626
AU_Mic,1.0,311.2911369,-31.34245,0.098,6.109000205993652,7.84344,True,,False,,,,,
BD+03_2562,1.0,177.5647268,2.7601075,0.073,5.326000213623047,9.002032,True,,False,366659915.0,366659915.0,8.2014,8.9977,9.577
BD+05_4868_A,1.0,326.8614036,6.6053185,0.07,7.2769999504089355,9.843772,True,,False,2025181668.0,2025181668.0,12.3186,12.7486,
BD+14_4559,1.0,318.4010002,14.6893834,0.085,9.89900016784668,9.359003,True,,False,230183006.0,230183006.0,8.7505,9.35108,9.78
BD+15_2375,1.0,176.4820239,14.6163182,0.097,10.420000076293945,9.997001,True,,False,82604982.0,82604982.0,9.3605,9.9918,10.41
BD+15_2940,1.0,240.09564,15.5467507,0.105,15.470000267028809,8.726087,True,,False,393702609.0,393702609.0,8.1004,8.7178,9.01
BD+20_2457,1.0,154.186782,19.8912626,0.079,6.296999931335449,9.234629,True,,False,95359428.0,95359428.0,8.4752,9.22684,9.743
BD+20_274,1.0,25.9203179,21.0052692,0.065,4.071000099182129,8.923197,True,,False,60923874.0,60923874.0,8.1716,8.91613,9.367
BD+20_594,1.0,53.6511231,20.5990205,0.066,5.6519999504089355,10.86654,True,,False,26123781.0,26123781.0,10.4021,10.8644,10.849
BD+37_3172,1.0,278.8155071,38.1153886,0.1,12.210000038146973,8.855287,True,,False,289572819.0,289572819.0,8.1867,8.84772,9.162
BD+42_2315,1.0,187.5887597,41.2695674,0.073,6.260000228881836,9.437355,True,,False,376689863.0,376689863.0,8.809,9.43036,9.723
BD+45_564,1.0,32.9470485,45.9242187,0.06,3.8980000019073486,9.419496,True,,False,292607437.0,292607437.0,8.8588,9.41266,9.67
BD+48_738,1.0,40.7102869,49.5869395,0.292,77.12000274658203,8.664298,True,,False,302069358.0,302069358.0,7.8885,8.65569,9.139
BD+49_828,1.0,45.6406187,49.7299481,0.069,7.11299991607666,9.036065,True,,False,116376059.0,116376059.0,8.32678,9.02851,9.381
BD+55_362,1.0,23.9636676,56.6982282,0.082,15.710000038146973,9.161044,True,,False,,,,,
BD+60_1417,1.0,190.8875453,60.0143636,0.08,8.430999755859375,9.183514,True,,False,159527171.0,159527171.0,8.6054,9.17439,9.374
BD+63_1405,1.0,271.3979337,63.6700064,0.104,12.930000305175781,8.712836,True,,False,233075841.0,233075841.0,8.1519,8.705,8.96
BD-06_1339,1.0,88.2511811,-5.9963378,0.096,14.239999771118164,9.110044,True,,False,,,,,
BD-08_2823,1.0,150.1971964,-9.5165689,0.065,4.570000171661377,9.508946,True,,False,,,,,
BD-10_3166,1.0,164.6191243,-10.7704227,0.082,8.166000366210938,9.84464,True,,False,148563075.0,148563075.0,9.3253,9.83981,10.013
BD-11_4672,1.0,278.3688659,-11.6370481,0.032,0.7646999955177307,9.488493,True,,False,,,,,
BD-13_2130,1.0,114.2884692,-13.9066703,0.066,5.514999866485596,9.704037,True,,False,288474555.0,288474555.0,8.999,9.69971,10.038
BD-14_3065_A,1.0,153.6696689,-15.6428372,0.423,311.8999938964844,10.920935,True,,False,293607057.0,293607057.0,10.6311,10.91,11.1
BD-210397,1.0,33.3024198,-21.1962147,0.082,8.229000091552734,9.267607,True,,False,,,,,
BEBOP-3,1.0,110.902655,79.1323952,0.112,19.790000915527344,9.108007,True,,False,289949453.0,289949453.0,8.70912,9.1008,9.259
BEBOP-4_A,1.0,192.5772651,26.1595358,0.142,28.030000686645508,9.440672,True,,False,356710041.0,356710041.0,9.0024,9.43326,9.646
Barnard's_star,1.0,269.4486144,4.7379808,,,,False,,False,,,,,
CD-35_2722,1.0,92.3300147,-35.8255375,0.099,13.960000038146973,10.217176,True,,False,201426753.0,201426753.0,9.20446,10.2176,11.041
CD_Cet,1.0,48.3530155,4.7751881,0.353,137.39999389648438,12.101368,True,,False,,,,,
CI_Tau,1.0,68.4667685,22.8416192,0.127,19.049999237060547,12.181539,True,,False,61230756.0,61230756.0,11.1809,12.1454,13.642
COCONUTS-2_A,1.0,117.300914,-76.702696,0.168,31.75,10.162108,True,,False,272232401.0,272232401.0,8.94488,10.146,11.298
CT_Cha,1.0,166.0375038,-76.4553693,0.102,16.610000610351562,11.800627,True,,False,454259409.0,454259409.0,10.9363,11.7733,12.335
CoRoT-1,1.0,102.0798591,-3.1021394,0.0,0.0,13.445355,True,,False,36352297.0,36352297.0,13.0501,13.457,13.623
CoRoT-10,1.0,291.0636813,0.7460143,0.0,1.3190000231017517e-15,14.648624,True,,False,405010127.0,405010127.0,13.8215,14.6645,15.293
CoRoT-11,1.0,280.6872998,5.9376586,0.053,2.7119998931884766,12.83414,True,,False,110178537.0,110178537.0,12.419,12.841,12.897
CoRoT-12,1.0,100.7656871,-1.2964437,0.08,1.0529999732971191,15.331723,True,,False,280210963.0,280210963.0,14.7971,15.3453,15.588
CoRoT-13,1.0,102.7211432,-5.0864557,0.027,0.16769999265670776,14.901083,True,,False,281909674.0,281909674.0,14.4266,14.9147,15.005
CoRoT-14,1.0,103.4242023,-5.5360385,0.044,0.21549999713897705,15.803318,True,,False,282706928.0,282706928.0,15.2135,15.8116,15.932
CoRoT-16,1.0,278.5246658,-6.0026026,0.114,1.343999981880188,15.636199,True,,False,218299481.0,218299481.0,14.7587,15.6507,16.052
CoRoT-17,1.0,278.699236,-6.612288,0.0,0.0,15.418708,True,,False,218299312.0,218299312.0,14.4756,15.4368,16.29
CoRoT-18,1.0,98.1724172,-0.0316045,0.044,0.5033000111579895,14.786849,True,,False,37168957.0,37168957.0,14.2465,14.8009,14.868
CoRoT-19,1.0,97.0335983,-0.1707293,0.0,0.0,13.771415,True,,False,42821097.0,42821097.0,13.1861,13.7831,14.135
CoRoT-2,1.0,291.7770457,1.3836634,0.029,0.8671000003814697,12.236511,True,,False,391958006.0,391958006.0,11.6659,12.2489,12.516
CoRoT-20,1.0,97.7204249,0.2268931,0.0,0.0,14.455448,True,,False,234825296.0,234825296.0,13.8786,14.4686,14.63
CoRoT-21,1.0,101.0526207,-0.2991544,0.532,28.350000381469727,15.866142,True,,False,280420719.0,280420719.0,15.2756,15.8558,16.058
CoRoT-22,1.0,280.6671392,6.2191669,0.0,0.0,13.718816,True,,False,323094535.0,323094535.0,13.2006,13.7305,13.82
CoRoT-23,1.0,279.7826586,4.3577516,0.0,0.0,15.05241,True,,False,108155949.0,108155949.0,14.1956,15.0681,15.675
CoRoT-24,1.0,101.922543,-3.7192892,0.0,1.4109999772721855e-15,15.167963,True,,False,36105482.0,36105482.0,14.5115,15.1801,15.383
CoRoT-25,1.0,280.6296561,6.5138223,0.0,1.3839999550455074e-15,14.699496,True,,False,130038122.0,130038122.0,14.1354,14.711,14.79
CoRoT-26,1.0,279.7504991,6.9697828,1.438,257.29998779296875,15.470038,True,,False,322388624.0,322388624.0,14.8162,15.4682,15.861
CoRoT-28,1.0,278.6883216,5.5736911,0.013,0.10270000249147415,13.398559,True,,False,106352250.0,106352250.0,12.671,13.4119,13.783
CoRoT-29,1.0,278.9020691,6.4795703,0.074,0.7903000116348267,15.226782,True,,False,370736259.0,370736259.0,14.5448,15.2394,15.408
CoRoT-3,1.0,292.0552827,0.1218359,0.0,0.0,13.208983,True,,False,392353449.0,392353449.0,12.7127,13.2188,13.448
CoRoT-30,1.0,277.6011767,6.8359338,0.094,1.1749999523162842,15.401836,True,,False,320636129.0,320636129.0,14.8279,15.413,15.571
CoRoT-31,1.0,94.820735,-4.4222978,0.0,0.0,15.448753,True,,False,250595183.0,250595183.0,14.8468,15.4655,15.479
CoRoT-32,1.0,100.1951714,9.2573953,0.034,0.7114999890327454,13.579513,True,,False,220323515.0,220323515.0,13.1395,13.5867,13.626
CoRoT-4,1.0,102.1946233,-0.6727861,0.0,0.0,13.548965,True,,False,36440357.0,36440357.0,13.1573,13.5613,13.652
CoRoT-5,1.0,101.2772396,0.8152163,0.0,0.0,13.8898,True,,False,234112540.0,234112540.0,13.4831,13.9021,14.043
CoRoT-6,1.0,281.0725563,6.6632062,0.0,0.0,13.737606,True,,False,130502317.0,130502317.0,13.2491,13.7459,13.961
CoRoT-7,1.0,100.9561682,-1.0630076,0.079,9.602999687194824,11.519906,True,,False,280304863.0,280304863.0,10.9996,11.5239,11.728
CoRoT-8,1.0,291.5885696,1.4262972,0.0,0.0,14.20456,True,,False,391880567.0,391880567.0,13.4202,14.2195,14.792
CoRoT-9,1.0,280.7866461,6.2040783,0.0,0.0,13.489204,True,,False,130162252.0,130162252.0,12.9497,13.5008,13.637
DENIS-P_J082303.1-491201,1.0,125.7620668,-49.2003008,2.899,48.66999816894531,18.539894,True,,False,388682292.0,388682292.0,17.0963,18.5577,
DE_CVn,1.0,201.7207198,45.5455449,0.196,54.5,11.962571,True,,False,446175401.0,446175401.0,10.857,11.9752,12.956
DH_Tau,1.0,67.4231674,26.5493897,0.144,23.25,12.455742,True,,False,268148971.0,268148971.0,11.4555,12.4961,13.98
DMPP-1,1.0,86.7761233,-10.6303217,0.137,14.34000015258789,7.862668,True,,False,66560666.0,66560666.0,7.4742,7.85032,7.98
DMPP-2,1.0,27.407731,-34.4590985,0.115,13.890000343322754,8.468078,True,,False,32432767.0,32432767.0,8.1311,8.45824,8.57
DMPP-3_A,1.0,91.6243532,-72.5143057,1.042,1010.0,8.861843,True,,False,735493135.0,735493135.0,17.8633,18.2933,
DMPP-4,1.0,293.5826648,51.2358069,0.257,74.94999694824219,5.597351,True,,False,26884478.0,26884478.0,5.2609,5.60037,5.72936
DMPP-6,1.0,120.3857827,-70.0234291,0.101,7.875,7.574328,True,,False,306668068.0,306668068.0,7.1647,7.56056,7.71
DMPP-7,1.0,203.5284651,0.4988127,0.067,5.017000198364258,8.663253,True,,False,365158631.0,365158631.0,8.25428,8.65313,8.79
DMPP-8,1.0,305.3083517,-81.6166664,0.094,9.994999885559082,8.503739,True,,False,318042295.0,318042295.0,8.073,8.49441,8.65
DMPP-9,1.0,316.3060007,-66.9581622,0.102,17.68000030517578,9.088499,True,,False,376777782.0,376777782.0,8.69,9.08087,9.22
DP_Leo,1.0,169.3162193,17.9615717,0.037,0.005216000135987997,18.569681,True,,True,903484062.0,903484062.0,18.417,18.6333,18.6837
DS_Tuc_A,1.0,354.9154673,-69.196043,0.089,6.276000022888184,8.341437,True,,False,410214986.0,410214986.0,7.8541,8.31926,8.17
EPIC_201170410,1.0,170.1408561,-4.8070039,3.698,737.9000244140625,16.52605,True,,False,38116202.0,38116202.0,15.3176,16.4386,17.6984
EPIC_201238110,1.0,179.7058532,-3.3894613,0.0,0.0,15.23865,True,,False,35019000.0,35019000.0,14.1497,15.2612,16.014
EPIC_201427007,1.0,184.6021322,-0.5512886,0.0,3.814999972016637e-15,14.13465,True,,False,66664249.0,66664249.0,13.6514,14.147,14.321
EPIC_201497682,1.0,168.9366786,0.4880606,0.0,0.0,13.724005,True,,False,301610040.0,301610040.0,13.0708,13.7368,13.948
EPIC_201595106,1.0,183.7203635,1.9681688,0.055,3.61299991607666,11.6414,True,,False,397052808.0,397052808.0,11.2023,11.6477,11.746
EPIC_201757695,1.0,173.9385102,4.6164303,0.503,69.08000183105469,14.613128,True,,False,903075188.0,903075188.0,13.9058,14.6206,15.0082
EPIC_201841433,1.0,175.206752,6.1348146,0.046,0.5778999924659729,14.575933,True,,False,380583651.0,380583651.0,13.957,14.5885,14.983
EPIC_206024342,1.0,331.2771441,-14.1218019,0.146,20.90999984741211,12.954636,True,,False,75266189.0,75266189.0,12.516,12.9682,13.096
EPIC_206032309,1.0,341.2404563,-13.9011223,0.0,0.0,16.048317,True,,False,145752628.0,145752628.0,14.8945,16.0689,17.89
EPIC_206042996,1.0,337.5136198,-13.6101475,0.181,2.5139999389648438,15.957261,True,,False,12785571.0,12785571.0,15.1373,15.9752,16.59
EPIC_206317286,1.0,337.6178427,-7.972456,0.0,0.0,13.760138,True,,False,250956593.0,250956593.0,13.1461,13.774,14.005
EPIC_211822797,1.0,130.4102091,17.6399744,0.0,1.894999897289213e-15,14.507648,True,,False,337632006.0,337632006.0,13.5357,14.5263,15.133
EPIC_211945201,1.0,136.5741931,19.4020565,0.099,11.979999542236328,10.056372,True,,False,243244680.0,243244680.0,9.66896,10.0512,10.154
EPIC_212297394,1.0,207.2061241,-17.6098985,0.038,0.5386000275611877,14.172946,True,,False,287331845.0,287331845.0,13.5896,14.1864,14.611
EPIC_212424622,1.0,202.3313765,-14.3594358,0.0,0.0,13.189838,True,,False,297146115.0,297146115.0,12.7615,13.2026,13.441
EPIC_212499991,1.0,202.488752,-12.7347749,0.0,0.0,13.299005,True,,False,297146957.0,297146957.0,12.734,13.3118,13.672
EPIC_212587672,1.0,205.4445125,-10.8625468,0.067,6.377999782562256,12.194462,True,,False,771548.0,771548.0,11.7902,12.2038,12.488
EPIC_212624936,1.0,210.6376171,-10.0236852,0.0,0.0,13.819327,True,,False,2764004.0,2764004.0,13.3582,13.8326,13.976
EPIC_212737443,1.0,204.2215065,-7.3180577,0.0,0.0,14.463005,True,,False,670036.0,670036.0,13.803,14.4776,14.81
EPIC_220492298,1.0,16.7615005,6.588798,0.0,0.0,13.763844,True,,False,257802602.0,257802602.0,13.2689,13.7756,13.991
EPIC_220674823,1.0,13.0800239,10.7947051,0.089,10.770000457763672,11.943753,True,,False,266015990.0,266015990.0,11.4574,11.9535,12.101
EPIC_228836835,1.0,189.5748998,-5.2446247,0.0,0.0,15.393847,True,,False,51641442.0,51641442.0,14.2591,15.4185,16.77
EPIC_229004835,1.0,186.4860415,-1.4047214,0.12,20.31999969482422,10.053111,True,,False,94924543.0,94924543.0,9.63123,10.0494,10.23
EPIC_246851721,1.0,78.9198197,16.2786991,0.158,43.209999084472656,11.254608,True,,False,411839167.0,411839167.0,10.8243,11.2549,11.237
EPIC_248847494,1.0,159.3890808,11.8427484,0.057,3.9049999713897705,12.167191,True,,False,392876254.0,392876254.0,11.594,12.1722,12.353
EPIC_249893012,1.0,228.2482353,-16.7246474,0.098,14.130000114440918,11.400825,True,,False,432254760.0,432254760.0,10.8872,11.4019,11.429
FU_Tau,1.0,65.8974962,25.0506711,0.482,49.09000015258789,15.216642,True,,False,58544613.0,58544613.0,13.7781,15.2412,
GJ_1002,1.0,1.6764641,-7.5462123,0.358,177.39999389648438,11.773832,True,,False,,,,,
GJ_1061,1.0,54.0032486,-44.5143104,0.349,182.0,10.995456,True,,False,,,,,
GJ_1132,1.0,153.7090696,-47.1549358,0.186,56.529998779296875,12.129068,True,,False,,,,,
GJ_1148,1.0,175.4326081,42.7515862,0.204,54.18000030517578,10.582106,True,,False,,,,,
GJ_1151,1.0,177.7304866,48.3732334,0.488,436.70001220703125,11.684706,True,,False,,,,,
GJ_1252,1.0,306.9286462,-56.4622865,0.188,48.65999984741211,11.235408,True,,False,,,,,
GJ_1265,1.0,333.4324675,-17.6870623,0.27,88.55000305175781,12.067119,True,,False,,,,,
GJ_1289,1.0,355.7813464,36.5363314,0.483,399.29998779296875,11.167953,True,,False,,,,,
GJ_143,1.0,51.7501882,-63.500166,0.104,7.539999961853027,7.686759,True,,False,,,,,
GJ_15_A,1.0,4.6126677,44.0247296,0.126,16.600000381469727,7.218567,True,,False,,,,,
GJ_160.2,1.0,61.6454173,-20.8564724,0.127,26.139999389648438,9.207327,True,,False,,,,,
GJ_163,1.0,62.3228353,-53.3711768,0.185,51.470001220703125,10.683944,True,,False,,,,,
GJ_179,1.0,73.0245495,6.4752347,0.167,49.13999938964844,10.714013,True,,False,,,,,
GJ_180,1.0,73.460097,-17.776194,0.12,36.15999984741211,9.938216,True,,False,,,,,
GJ_2030,1.0,50.8237604,-7.7950429,0.491,237.8000030517578,6.027313,True,,False,9967949.0,9967949.0,5.5464,6.02088,6.20902
GJ_2056,1.0,108.0194945,-24.8921008,0.08,11.779999732971191,9.727016,True,,False,65406275.0,65406275.0,8.8868,9.72281,10.37
GJ_2126,1.0,257.3606793,-35.391719,0.04,1.940999984741211,10.157372,True,,False,44082776.0,44082776.0,9.3703,10.1496,10.7
GJ_229,1.0,92.6435993,-21.8677233,0.123,17.84000015258789,7.313471,True,,False,,,,,
GJ_238,1.0,98.454881,-58.5250316,0.127,23.399999618530273,10.532771,True,,False,737377690.0,737377690.0,17.6115,18.484,19.1147
GJ_251,1.0,103.7002499,33.2664632,0.186,31.329999923706055,8.863551,True,,False,,,,,
GJ_27.1,1.0,9.9980016,-44.2541679,0.217,125.69999694824219,10.584977,True,,False,,,,,
GJ_273,1.0,111.852091,5.225807,,,,False,,False,318686860.0,318686860.0,7.308,,9.84
GJ_3021,1.0,4.0634323,-79.8514218,0.152,22.809999465942383,6.408673,True,,False,612172218.0,612172218.0,13.2188,13.6488,
GJ_3082,1.0,18.6432425,-53.9407751,0.123,22.350000381469727,10.206263,True,,False,,,,,
GJ_3090,1.0,20.4384281,-46.7147234,0.241,97.6500015258789,10.556652,True,,False,262530407.0,262530407.0,9.49275,10.5521,11.403
GJ_3138,1.0,32.2977385,-16.3392495,0.116,16.959999084472656,10.19766,True,,False,,,,,
GJ_317,1.0,130.2445254,-23.452809,0.358,174.6999969482422,10.765108,True,,False,,,,,
GJ_3222,1.0,50.8972464,-40.0762325,0.228,62.279998779296875,6.703753,True,,False,160004049.0,160004049.0,6.1659,6.68926,6.9
GJ_328,1.0,133.7819507,1.5420011,0.097,15.260000228881836,9.289488,True,,False,,,,,
GJ_3293,1.0,67.1484425,-25.1713396,0.211,90.31999969482422,10.987985,True,,False,,,,,
GJ_3323,1.0,75.4868824,-6.9485133,0.21,62.95000076293945,10.649305,True,,False,,,,,
GJ_3341,1.0,78.9471415,-31.2948458,0.192,60.959999084472656,11.113855,True,,False,,,,,
GJ_3378,1.0,90.2951302,59.5931917,0.196,45.09000015258789,10.417205,True,,False,,,,,
GJ_338_B,1.0,138.5916722,52.6835211,0.139,18.68000030517578,7.054455,True,,False,,,,,
GJ_341,1.0,140.3993759,-60.2811692,0.114,13.170000076293945,8.680594,True,,False,,,,,
GJ_3470,1.0,119.7735021,15.391209,0.18,47.880001068115234,11.360213,True,,False,19028197.0,19028197.0,10.2479,11.3537,12.332
GJ_3473,1.0,120.5936065,3.3371629,0.169,36.91999816894531,12.454006,True,,False,,,,,
GJ_3512,1.0,130.3316616,59.4918364,0.264,75.37999725341797,13.082282,True,,False,,,,,
GJ_357,1.0,144.0074644,-21.6650634,0.141,21.920000076293945,9.891662,True,,False,,,,,
GJ_3634,1.0,164.6433493,-31.1443383,0.172,42.13999938964844,10.933641,True,,False,942747314.0,942747314.0,16.18,16.61,
GJ_367,1.0,146.121464,-45.7790165,0.115,17.010000228881836,9.158753,True,,False,,,,,
GJ_3779,1.0,200.7335358,24.4639425,0.277,119.69999694824219,11.628933,True,,False,,,,,
GJ_3929,1.0,239.5775678,35.4081141,0.217,74.25,11.506599,True,,False,,,,,
GJ_393,1.0,157.2288672,0.8378485,0.103,7.953999996185303,8.675959,True,,False,,,,,
GJ_3942,1.0,242.2645452,52.9441443,0.114,15.710000038146973,9.4123,True,,False,162494287.0,162494287.0,8.42457,9.40765,10.166
GJ_3988,1.0,255.8503747,51.4089795,0.23,85.87000274658203,11.981026,True,,False,,,,,
GJ_411,1.0,165.834471,35.972317,,,,False,,False,,,,,
GJ_414_A,1.0,167.7745044,30.4451688,0.131,8.119999885559082,7.735227,True,,False,,,,,
GJ_422,1.0,168.9810458,-57.5425629,0.341,148.5,10.486478,True,,False,,,,,
GJ_4274,1.0,335.7805478,-17.6104078,0.278,112.0,11.550707,True,,False,,,,,
GJ_4276,1.0,336.3221454,59.412503,0.22,61.09000015258789,11.656708,True,,False,2020157228.0,2020157228.0,17.8742,18.8216,19.6025
GJ_433,1.0,173.8619194,-32.5436302,0.13,24.040000915527344,8.896746,True,,False,,,,,
GJ_436,1.0,175.5505363,26.7030669,0.154,23.639999389648438,9.582008,True,,False,,,,,
GJ_463,1.0,185.7440496,64.0324311,0.183,46.029998779296875,10.552364,True,,False,,,,,
GJ_480,1.0,189.7134226,11.6950708,0.154,22.200000762939453,10.335732,True,,False,,,,,
GJ_486,1.0,191.981531,9.7494181,0.204,51.27000045776367,10.105141,True,,False,,,,,
GJ_504,1.0,199.192348,9.4249781,0.614,315.20001220703125,5.03984,True,,False,,,,,
GJ_508.2,1.0,200.2443854,34.2776644,0.114,16.760000228881836,9.772747,True,,False,,,,,
GJ_514,1.0,202.5040424,10.3725387,0.144,15.069999694824219,8.205292,True,,False,,,,,
GJ_536,1.0,210.2597264,-2.6522901,0.131,16.1299991607666,8.863359,True,,False,,,,,
GJ_581,1.0,229.8564725,-7.7226935,0.191,35.65999984741211,9.421787,True,,False,,,,,
GJ_625,1.0,246.3557854,54.3033625,0.135,20.06999969482422,9.139769,True,,False,,,,,
GJ_649,1.0,254.5363221,25.7419719,0.229,81.16999816894531,8.823617,True,,False,,,,,
GJ_674,1.0,262.1700476,-46.8989826,0.163,18.770000457763672,8.336431,True,,False,218263415.0,218263415.0,13.2466,14.1243,15.125
GJ_676_A,1.0,262.5448903,-51.6377777,0.23,58.310001373291016,8.8669,True,,False,369021303.0,369021303.0,7.90696,8.86517,9.58
GJ_680,1.0,263.8072214,-48.6788427,0.124,19.829999923706055,9.293614,True,,False,,,,,
GJ_682,1.0,264.2610245,-44.3232519,0.212,42.7599983215332,9.602153,True,,False,16909008.0,16909008.0,8.863,,13.9
GJ_685,1.0,263.8960378,61.6793482,0.116,15.319999694824219,9.174616,True,,False,,,,,
GJ_687,1.0,264.1041731,68.3336741,0.188,21.479999542236328,8.02864,True,,False,,,,,
GJ_720_A,1.0,278.8294172,45.7456038,0.086,8.979999542236328,9.107278,True,,False,,,,,
GJ_724,1.0,280.238365,-13.3824997,0.227,41.15999984741211,9.772217,True,,False,,,,,
GJ_740,1.0,284.4997178,5.902867,0.118,10.960000038146973,8.460503,True,,False,,,,,
GJ_806,1.0,311.2697002,44.5002351,0.148,24.200000762939453,9.828687,True,,False,239332576.0,239332576.0,15.415,,
GJ_832,1.0,323.3912616,-49.0125169,0.16,18.579999923706055,7.739947,True,,False,,,,,
GJ_849,1.0,332.4229938,-4.6408317,0.215,47.16999816894531,9.237196,True,,False,,,,,
GJ_86,1.0,32.6224785,-50.8209945,0.377,194.1999969482422,5.893562,True,,False,631746155.0,631746155.0,13.4264,13.8564,
GJ_876,1.0,343.3239737,-14.2665958,0.243,56.43000030517578,8.875059,True,,False,,,,,
GJ_887,1.0,346.5027573,-35.8473489,0.105,10.710000038146973,6.522032,True,,False,,,,,
GJ_896_A,1.0,352.9700384,19.9370011,0.238,63.93000030517578,9.043998,True,,False,2053578164.0,2053578164.0,12.6555,10.8188,
GJ_900_A,1.0,353.7526177,1.6055211,0.088,7.054999828338623,9.039198,True,,False,2052770532.0,2052770532.0,11.0319,11.4619,
GJ_9066,1.0,30.0588307,13.0443172,0.429,177.39999389648438,10.681062,True,,False,,,,,
GJ_9404,1.0,184.8472095,28.3827126,0.176,35.04999923706055,9.882974,True,,False,,,,,
GJ_96,1.0,35.5624031,47.8802075,0.134,12.850000381469727,8.636086,True,,False,409527090.0,409527090.0,7.64213,8.63186,9.4
GJ_9689,1.0,303.467731,13.3888921,0.073,6.495999813079834,10.540771,True,,False,,,,,
GJ_9714,1.0,315.4141767,-32.5250028,0.101,12.3100004196167,8.84405,True,,False,1992110680.0,1992110680.0,12.7995,13.2295,
GJ_9773,1.0,333.1502333,8.5503355,0.133,23.350000381469727,10.90822,True,,False,,,,,
GJ_9827,1.0,351.7717763,-1.2853435,0.061,3.5429999828338623,9.840704,True,,False,,,,,
GPX-1,1.0,38.3691648,56.025708,0.065,6.188000202178955,12.21276,True,,False,245392284.0,245392284.0,11.9004,12.2228,12.316
GQ_Lup,1.0,237.3003643,-35.6515055,0.218,83.02999877929688,11.242994,True,,False,442623945.0,442623945.0,10.3965,11.2608,11.593
GU_Psc,1.0,18.146485,17.0650029,0.144,17.1299991607666,12.956993,True,,False,408263079.0,408263079.0,11.7605,12.9656,14.146
G_192-15,1.0,90.6220931,49.861939,0.281,89.37999725341797,12.681532,True,,False,704427628.0,704427628.0,19.5702,20.495,21.2277
G_196-3,1.0,151.0884754,50.3861806,0.143,29.290000915527344,10.614534,True,,False,88723334.0,88723334.0,9.47983,10.6123,11.672
G_261-6,1.0,291.07432,75.5558405,0.219,36.810001373291016,13.380432,True,,False,,,,,
G_264-012,1.0,326.6719598,66.803848,0.237,74.80000305175781,11.75311,True,,False,,,,,
G_268-110,1.0,16.223688,-18.124802,,,,False,,False,268633473.0,268633473.0,11.4087,12.7127,15.0
G_9-40,1.0,134.7188514,21.0747961,0.155,23.56999969482422,12.715983,True,,False,,,,,
Gaia-1,1.0,90.6436658,-0.5771099,0.087,8.46399974822998,12.993106,True,,False,11755687.0,11755687.0,12.4821,12.9988,13.242
Gaia-2,1.0,110.7353308,67.2526565,0.199,135.6999969482422,11.199169,True,,False,147797743.0,147797743.0,10.7447,11.1968,11.277
Gaia-4,1.0,209.5063762,31.6954898,0.156,34.47999954223633,11.908777,True,,False,166669918.0,166669918.0,11.1045,11.9187,12.405
Gaia-5,1.0,302.0408173,41.9415455,0.408,157.8000030517578,13.210625,True,,False,42004825.0,42004825.0,12.0628,13.2287,14.61
Gl_378,1.0,150.5865513,48.0824515,0.203,67.0999984741211,9.273227,True,,False,,,,,
Gl_410,1.0,165.6604212,21.9669164,0.11,12.119999885559082,8.811089,True,,False,97488127.0,97488127.0,7.80973,8.807,9.57
Gl_49,1.0,15.6687321,62.3454386,0.114,17.649999618530273,8.671337,True,,False,,,,,
Gl_686,1.0,264.4764878,18.5959509,0.133,24.309999465942383,8.74288,True,,False,,,,,
Gl_725_A,1.0,280.6834312,59.638109,0.222,30.59000015258789,7.854393,True,,False,,,,,
Gliese_12,1.0,3.9579137,13.5576175,0.207,52.81999969482422,11.399355,True,,False,,,,,
HAT-P-1,1.0,344.4453632,38.674919,0.083,9.458000183105469,10.18196,True,,False,346338552.0,346338552.0,9.76031,10.1786,9.827
HAT-P-11,1.0,297.7101763,48.0818635,0.069,6.117000102996826,9.158262,True,,False,28230919.0,28230919.0,8.5077,9.15098,9.46
HAT-P-12,1.0,209.3886452,43.49331,0.064,6.26200008392334,12.408207,True,,False,198108326.0,198108326.0,11.7551,12.4197,12.665
HAT-P-13,1.0,129.8823772,47.3519076,0.108,14.8100004196167,10.418949,True,,False,20096620.0,20096620.0,9.9596,10.4168,10.421
HAT-P-14,1.0,260.1161719,38.2421682,0.07,6.7769999504089355,9.877845,True,,False,101721385.0,101721385.0,9.54417,9.87283,9.988
HAT-P-15,1.0,66.248142,39.460602,0.067,5.514999866485596,11.716202,True,,False,353459965.0,353459965.0,11.0878,11.7232,12.41
HAT-P-16,1.0,9.5730343,42.4630961,0.053,3.815999984741211,10.758675,True,,False,191284318.0,191284318.0,10.374,10.7568,10.911
HAT-P-17,1.0,324.5359781,30.4881882,0.122,29.75,10.278542,True,,False,266593143.0,266593143.0,9.7525,10.2743,10.375
HAT-P-18,1.0,256.346376,33.0123251,0.052,4.422999858856201,12.358197,True,,False,21744120.0,21744120.0,11.733,12.3682,12.597
HAT-P-19,1.0,9.5165832,34.7114025,0.048,3.4800000190734863,12.545546,True,,False,267650535.0,267650535.0,11.9475,12.5567,12.826
HAT-P-2,1.0,245.1514324,41.0479601,0.086,10.130000114440918,8.608558,True,,False,39903405.0,39903405.0,8.27468,8.59842,8.72
HAT-P-20,1.0,111.9164295,24.3361185,0.106,15.1899995803833,10.990832,True,,False,26826078.0,26826078.0,10.2832,10.9903,11.231
HAT-P-21,1.0,171.2749348,41.0280207,0.13,23.559999465942383,11.557181,True,,False,17993892.0,17993892.0,11.1065,11.5583,11.459
HAT-P-22,1.0,155.6814593,50.1287115,0.088,13.079999923706055,9.525489,True,,False,252479260.0,252479260.0,9.007,9.51936,9.763
HAT-P-23,1.0,306.1239076,16.7621462,0.036,1.9290000200271606,12.162349,True,,False,305243225.0,305243225.0,11.734,12.1741,11.937
HAT-P-24,1.0,108.8251171,14.2626064,0.065,5.5289998054504395,11.632562,True,,False,440777904.0,440777904.0,11.3072,11.6396,11.762
HAT-P-25,1.0,48.4354731,25.1973548,0.046,1.9160000085830688,12.832714,True,,False,35022727.0,35022727.0,12.2192,12.8416,13.146
HAT-P-26,1.0,213.1565508,4.0594175,0.108,17.719999313354492,11.461785,True,,False,420779000.0,420779000.0,10.9016,11.4641,11.757
HAT-P-27,1.0,222.7673221,5.9473626,0.095,11.649999618530273,11.955731,True,,False,461239485.0,461239485.0,11.4063,11.9562,12.052
HAT-P-28,1.0,13.0009159,34.728402,0.078,7.980000019073486,12.860381,True,,False,53728859.0,53728859.0,12.3396,12.8718,13.098
HAT-P-29,1.0,33.1310921,51.7787754,0.094,11.680000305175781,11.727677,True,,False,250707118.0,250707118.0,11.2791,11.7336,11.825
HAT-P-3,1.0,206.0940142,48.028565,0.115,21.670000076293945,11.278651,True,,False,311035838.0,311035838.0,10.7164,11.2795,11.856
HAT-P-30,1.0,123.9498431,5.8368669,0.039,1.5570000410079956,10.304191,True,,False,455135327.0,455135327.0,9.93908,10.2998,10.352
HAT-P-31,1.0,271.5376722,26.4266061,0.118,28.59000015258789,11.448122,True,,False,320798691.0,320798691.0,11.0269,11.4501,11.667
HAT-P-32,1.0,31.0427614,46.6878512,0.088,8.592000007629395,11.129302,True,,False,292152376.0,292152376.0,10.7696,11.1335,11.439
HAT-P-33,1.0,113.1842383,33.8350214,0.121,20.360000610351562,11.024397,True,,False,239154970.0,239154970.0,10.7131,11.0238,11.032
HAT-P-34,1.0,303.1954355,18.1047776,0.164,42.13999938964844,10.199554,True,,False,278348461.0,278348461.0,9.87463,10.1944,10.403
HAT-P-35,1.0,123.250703,4.7870288,0.113,14.149999618530273,12.273411,True,,False,455096220.0,455096220.0,11.8997,12.2802,12.389
HAT-P-36,1.0,188.2662048,44.9153672,0.053,5.203000068664551,12.085042,True,,False,373693175.0,373693175.0,11.6281,12.093,12.146
HAT-P-37,1.0,284.2960393,51.2691212,0.0,0.0,13.252269,True,,False,267572272.0,267572272.0,12.7678,13.2615,13.427
HAT-P-38,1.0,35.3834942,32.2460441,0.053,3.615000009536743,12.294833,True,,False,285272237.0,285272237.0,11.7524,12.3021,12.525
HAT-P-39,1.0,113.7582526,17.8300283,0.077,7.451000213623047,12.220511,True,,False,14770122.0,14770122.0,11.8887,12.2269,12.282
HAT-P-4,1.0,229.99122,36.229545,0.122,28.059999465942383,11.062769,True,,False,138294130.0,138294130.0,10.6506,11.0634,11.118
HAT-P-40,1.0,335.5129199,45.4573423,0.136,35.119998931884766,11.414824,True,,False,199671901.0,199671901.0,10.9726,11.4162,11.34
HAT-P-41,1.0,297.3226523,4.6724124,0.107,16.239999771118164,10.94028,True,,False,398895470.0,398895470.0,10.5523,10.939,11.365
HAT-P-42,1.0,135.3443583,6.0970828,0.144,30.719999313354492,11.993416,True,,False,270468559.0,270468559.0,11.5598,12.0031,12.125
HAT-P-43,1.0,128.9256885,10.2065866,0.0,0.0,13.205524,True,,False,468987719.0,468987719.0,12.7656,13.2165,13.279
HAT-P-44,1.0,213.1438604,47.0147826,0.115,15.229999542236328,12.963092,True,,False,168699373.0,168699373.0,12.4474,12.9729,13.225
HAT-P-45,1.0,274.3732697,-3.3810594,0.063,4.002999782562256,12.391885,True,,False,167227214.0,167227214.0,11.6961,12.3977,12.783
HAT-P-46,1.0,270.4441831,-2.97098,0.121,21.40999984741211,11.677935,True,,False,104866616.0,104866616.0,11.1323,11.6843,11.997
HAT-P-49,1.0,305.4413294,26.6926759,0.105,22.209999084472656,10.210516,True,,False,99224131.0,99224131.0,9.93225,10.2071,10.205
HAT-P-5,1.0,274.4055335,36.6214617,0.085,11.210000038146973,11.815647,True,,False,76419763.0,76419763.0,11.3998,11.8224,11.954
HAT-P-50,1.0,118.0634379,12.1393474,0.26,108.4000015258789,11.677714,True,,False,17746821.0,17746821.0,11.3155,11.6722,11.703
HAT-P-51,1.0,21.0651251,32.8107,0.005,0.018079999834299088,13.271101,True,,False,61205803.0,61205803.0,12.7628,13.2846,13.51
HAT-P-52,1.0,42.7217412,29.0222492,0.0,0.0,13.775227,True,,False,436875934.0,436875934.0,13.1361,13.787,14.107
HAT-P-53,1.0,21.8711012,38.9681137,0.13,12.09000015258789,13.509504,True,,False,189380158.0,189380158.0,13.0942,13.5142,13.78
HAT-P-54,1.0,99.8979924,25.4824005,0.065,3.078000068664551,13.004827,True,,False,284326455.0,284326455.0,12.2341,13.0172,13.398
HAT-P-55,1.0,264.2735096,25.7311468,0.0,0.0,13.08317,True,,False,311408969.0,311408969.0,12.658,13.0955,13.197
HAT-P-56,1.0,100.8480137,27.2521823,0.079,7.223999977111816,10.824878,True,,False,84339983.0,84339983.0,10.5136,10.8245,10.92
HAT-P-57,1.0,274.743418,10.5971968,0.113,13.34000015258789,10.426539,True,,False,317520667.0,317520667.0,10.1154,10.4253,10.639
HAT-P-58,1.0,68.8465093,56.8682691,0.321,111.30000305175781,12.716509,True,,False,9443323.0,9443323.0,12.1957,12.7202,12.925
HAT-P-59,1.0,292.4588212,62.5291892,0.072,7.623000144958496,11.672072,True,,False,229400092.0,229400092.0,11.2086,11.6787,11.64
HAT-P-6,1.0,354.7740917,42.4659866,0.187,67.36000061035156,10.31066,True,,False,176899385.0,176899385.0,9.99577,10.3056,10.469
HAT-P-60,1.0,28.2825719,52.0539209,0.105,13.529999732971191,9.570727,True,,False,354469661.0,354469661.0,9.17925,9.56355,9.727
HAT-P-61,1.0,75.4801665,50.1311784,0.088,8.04800033569336,12.929351,True,,False,259506033.0,259506033.0,12.3824,12.9386,13.096
HAT-P-62,1.0,74.5043816,48.3008551,0.03,1.1790000200271606,12.424999,True,,False,453064665.0,453064665.0,11.8889,12.4362,12.539
HAT-P-63,1.0,269.5720695,5.7613709,0.0,0.0,13.498436,True,,False,325670253.0,325670253.0,12.8999,13.5106,13.657
HAT-P-64,1.0,68.9743955,2.4312732,0.047,3.940000057220459,12.61038,True,,False,455036659.0,455036659.0,12.1569,12.6221,12.855
HAT-P-65,1.0,315.9054895,11.9893675,0.138,19.959999084472656,12.981092,True,,False,283419843.0,283419843.0,12.5375,12.9952,13.121
HAT-P-66,1.0,150.5726262,53.9508237,0.072,5.855999946594238,12.878518,True,,False,137881699.0,137881699.0,12.5119,12.8922,13.014
HAT-P-67,1.0,256.6107279,44.7768849,0.063,5.754000186920166,9.979286,True,,False,198588220.0,198588220.0,9.63331,9.97496,10.106
HAT-P-68,1.0,118.4831501,23.9382192,0.002,0.0028719999827444553,13.530042,True,,False,63189173.0,63189173.0,12.8033,13.5442,13.802
HAT-P-69,1.0,130.5056385,3.7105662,0.117,20.59000015258789,9.777479,True,,False,379929661.0,379929661.0,9.6129,9.77332,9.774
HAT-P-7,1.0,292.24719,47.9695429,0.092,12.329999923706055,10.367682,True,,False,424865156.0,424865156.0,10.0274,10.3654,10.481
HAT-P-70,1.0,74.5523332,9.9979794,0.115,15.930000305175781,9.458499,True,,False,399870368.0,399870368.0,9.3371,9.45174,9.47
HAT-P-8,1.0,343.0414932,35.4471778,0.153,32.58000183105469,10.15379,True,,False,188876052.0,188876052.0,9.7758,10.1489,10.358
HAT-P-9,1.0,110.1685157,37.1405946,0.086,10.359999656677246,12.146357,True,,False,371234684.0,371234684.0,11.7946,12.1536,12.344
HATS-1,1.0,175.5252399,-23.3548451,0.081,9.281000137329102,11.926996,True,,False,219698950.0,219698950.0,11.5122,11.9363,12.155
HATS-10,1.0,294.3068385,-22.2044872,0.117,13.550000190734863,12.974145,True,,False,126325985.0,126325985.0,12.5192,12.9838,13.202
HATS-11,1.0,289.4007603,-22.3900092,0.038,0.6966000199317932,13.822126,True,,False,11439959.0,11439959.0,13.3735,13.8333,14.06
HATS-12,1.0,289.202402,-19.3559227,1.629,2229.0,12.709743,True,,False,11270200.0,11270200.0,12.2994,12.6766,12.831
HATS-13,1.0,316.9614798,-26.0967205,0.0,0.0,13.668406,True,,False,289793076.0,289793076.0,13.163,13.6799,13.911
HATS-14,1.0,313.2154754,-25.6873756,0.0,2.1300000829007357e-15,13.760739,True,,False,29344935.0,29344935.0,13.2366,13.7712,14.052
HATS-15,1.0,311.0920041,-19.4375266,0.339,47.95000076293945,14.641256,True,,False,271898990.0,271898990.0,14.0739,14.6473,14.909
HATS-16,1.0,358.5588439,-30.0130385,0.035,0.7583000063896179,13.672186,True,,False,77044471.0,77044471.0,13.2576,13.6864,13.957
HATS-17,1.0,192.1895676,-47.6136789,0.046,3.0339999198913574,12.207614,True,,False,73717937.0,73717937.0,11.7528,12.2179,12.402
HATS-18,1.0,173.9574203,-29.1560639,0.0,0.0,13.866311,True,,False,14614418.0,14614418.0,13.3898,13.8786,14.188
HATS-2,1.0,176.7388264,-22.5630097,0.0,0.0,13.332151,True,,False,413376180.0,413376180.0,12.7492,13.3419,13.565
HATS-22,1.0,174.0098693,-29.5433642,0.0,0.0,13.111261,True,,False,14661418.0,14661418.0,12.4806,13.1225,13.397
HATS-23,1.0,286.36675,-50.0673496,0.0,0.0,13.742255,True,,False,7088246.0,7088246.0,13.2851,13.752,13.84
HATS-24,1.0,268.8907069,-61.7474,0.052,5.013000011444092,12.676908,True,,False,380589029.0,380589029.0,12.2851,12.6911,12.915
HATS-25,1.0,207.9076746,-23.7812403,0.06,3.496000051498413,12.926607,True,,False,437333618.0,437333618.0,12.472,12.9353,13.172
HATS-26,1.0,144.9268593,-28.5856004,0.042,3.2060000896453857,12.827957,True,,False,315002523.0,315002523.0,12.4257,12.8431,13.006
HATS-27,1.0,193.5524603,-46.5877159,0.065,5.3460001945495605,12.66483,True,,False,248111245.0,248111245.0,12.3335,12.6792,12.782
HATS-28,1.0,284.3997616,-49.1385126,0.0,0.0,13.77954,True,,False,6663331.0,6663331.0,13.2887,13.7929,13.981
HATS-29,1.0,285.0965172,-54.8933408,0.064,5.629000186920166,12.448839,True,,False,201604954.0,201604954.0,11.9707,12.4594,12.62
HATS-3,1.0,312.4574879,-24.4286938,0.082,9.906000137329102,11.882881,True,,False,336732616.0,336732616.0,11.5232,11.8914,12.433
HATS-30,1.0,5.618525,-59.9425892,0.055,5.025000095367432,12.073773,True,,False,281459670.0,281459670.0,11.6714,12.0815,12.283
HATS-31,1.0,191.7028214,-24.4273897,0.07,5.3979997634887695,12.945907,True,,False,9385460.0,9385460.0,12.5329,12.9613,13.315
HATS-32,1.0,346.0750861,-21.2720168,0.0,0.0,14.204457,True,,False,204317710.0,204317710.0,13.7426,14.2166,14.386
HATS-33,1.0,294.6336944,-55.3302692,0.107,20.84000015258789,11.712018,True,,False,360742636.0,360742636.0,11.2474,11.7082,11.91
HATS-34,1.0,0.7744866,-62.4693167,0.0,0.0,13.666666,True,,False,355703913.0,355703913.0,13.183,13.679,13.857
HATS-35,1.0,296.688442,-63.5656488,0.053,5.767000198364258,12.447877,True,,False,339522221.0,339522221.0,12.0457,12.4605,12.609
HATS-36,1.0,291.4787013,-23.2028183,0.0,0.0,14.221836,True,,False,119262291.0,119262291.0,13.7805,14.233,14.364
HATS-37_A,1.0,199.80183,-22.9868431,0.424,244.0,11.989911,True,,False,6036597.0,6036597.0,11.3876,11.9978,12.341
HATS-38,1.0,154.2710615,-25.2762982,0.075,9.913000106811523,12.268534,True,,False,168281028.0,168281028.0,11.8134,12.2781,11.967
HATS-39,1.0,112.4192251,-29.9379163,0.536,448.70001220703125,12.648209,True,,False,112604564.0,112604564.0,12.3213,12.6539,12.745
HATS-4,1.0,94.1120914,-22.5468824,0.01,0.120899997651577,13.273405,True,,False,59843967.0,59843967.0,12.7632,13.2862,13.516
HATS-40,1.0,100.5712467,-29.77678,0.016,0.2460000067949295,13.272244,True,,False,172598832.0,172598832.0,12.941,13.2842,13.478
HATS-41,1.0,103.5173558,-27.0504156,0.066,6.876999855041504,12.578687,True,,False,53750200.0,53750200.0,12.2309,12.5892,12.678
HATS-42,1.0,108.4523991,-33.4373462,0.0,0.0,13.549922,True,,False,98283926.0,98283926.0,13.1472,13.5627,13.682
HATS-43,1.0,80.5382418,-30.9708179,0.0,0.0,13.385805,True,,False,78055054.0,78055054.0,12.8461,13.4014,13.562
HATS-44,1.0,84.3267559,-27.9725758,0.0,0.0,14.147024,True,,False,32499655.0,32499655.0,13.5452,14.1595,14.397
HATS-45,1.0,101.9942455,-21.9107112,0.0,0.0,13.2253,True,,False,4616072.0,4616072.0,12.8893,13.2385,13.325
HATS-46,1.0,6.7026401,-56.3161021,0.0,0.0,13.515613,True,,False,281541555.0,281541555.0,13.0417,13.527,13.783
HATS-47,1.0,287.4844021,-49.6649424,0.0,0.0,14.387762,True,,False,158297421.0,158297421.0,13.6699,14.3998,14.602
HATS-48_A,1.0,288.6720048,-59.5793505,0.059,2.072000026702881,13.88092,True,,False,201642601.0,201642601.0,13.1686,13.8951,14.226
HATS-49,1.0,6.6135927,-56.3442798,0.0,1.9590000127178535e-15,14.530975,True,,False,281541545.0,281541545.0,13.7813,14.5449,14.988
HATS-5,1.0,67.2228465,-21.4820568,0.04,2.1559998989105225,12.420038,True,,False,139733308.0,139733308.0,11.9012,12.4288,12.598
HATS-50,1.0,300.4280761,-26.077564,0.025,0.35830000042915344,13.882425,True,,False,301031110.0,301031110.0,13.4041,13.8936,14.045
HATS-51,1.0,102.8474248,-29.0586551,0.04,2.5299999713897705,12.320423,True,,False,53458803.0,53458803.0,11.8656,12.3293,12.525
HATS-52,1.0,140.0875894,-31.2692116,0.0,0.0,13.614754,True,,False,19684256.0,19684256.0,13.1758,13.6269,13.844
HATS-53,1.0,176.628323,-33.8600764,0.0,0.0,13.64414,True,,False,157266693.0,157266693.0,13.1648,13.6564,13.944
HATS-54,1.0,200.6348641,-44.6888393,0.0,0.0,13.762141,True,,False,363851359.0,363851359.0,13.2755,13.7762,13.937
HATS-55,1.0,114.2833819,-32.7554188,0.0,2.0650000450778616e-15,13.336108,True,,False,114299824.0,114299824.0,12.9264,13.3498,13.525
HATS-56,1.0,180.165072,-45.7994559,0.166,47.220001220703125,11.486573,True,,False,272213425.0,272213425.0,11.1138,11.4877,11.477
HATS-57,1.0,60.9482779,-19.0568182,0.068,6.5370001792907715,12.17502,True,,False,178289267.0,178289267.0,11.7076,12.1816,12.333
HATS-59,1.0,170.324325,-22.388177,0.0,0.0,13.774706,True,,False,437261733.0,437261733.0,13.2958,13.7854,14.033
HATS-6,1.0,88.1468079,-19.0316268,0.017,0.16850000619888306,14.344855,True,,False,33521996.0,33521996.0,13.3383,14.3601,15.044
HATS-60,1.0,341.3640336,-14.9917747,0.091,8.11400032043457,12.493703,True,,False,145750719.0,145750719.0,12.0213,12.5004,12.662
HATS-61,1.0,61.6578005,-25.3496674,0.034,2.181999921798706,13.055236,True,,False,44745133.0,44745133.0,12.5757,13.0682,13.352
HATS-62,1.0,312.4493079,-24.303506,0.0,0.0,13.820241,True,,False,336732544.0,336732544.0,13.3102,13.8321,14.171
HATS-63,1.0,67.418582,-28.1972149,0.0,0.0,13.708428,True,,False,178879588.0,178879588.0,13.2554,13.7213,13.992
HATS-64,1.0,144.2876092,-29.800444,0.067,5.821000099182129,12.824767,True,,False,189625051.0,189625051.0,12.487,12.839,13.045
HATS-65,1.0,292.9397825,-26.7402021,0.045,2.1500000953674316,12.370637,True,,False,169504920.0,169504920.0,11.9801,12.3793,12.679
HATS-66,1.0,101.3948048,-33.8816918,0.0,0.0,13.994758,True,,False,52689469.0,52689469.0,13.6373,14.0086,14.283
HATS-67,1.0,180.2087883,-46.1364201,0.0,0.0,13.548004,True,,False,272212970.0,272212970.0,13.174,13.5596,13.698
HATS-68,1.0,15.006077,-58.9047242,0.067,6.580999851226807,12.155086,True,,False,322307342.0,322307342.0,11.7806,12.1631,12.312
HATS-69,1.0,289.2974275,-60.8917599,0.0,0.0,13.752337,True,,False,467971286.0,467971286.0,13.191,13.7643,14.074
HATS-7,1.0,208.8567465,-21.2078587,0.029,0.7296000123023987,13.037702,True,,False,220029715.0,220029715.0,12.4284,13.0499,13.347
HATS-70,1.0,109.1045212,-31.2443947,0.096,13.739999771118164,12.573766,True,,False,98545929.0,98545929.0,12.4539,12.586,12.227
HATS-71,1.0,15.5518893,-61.7561333,0.032,0.20229999721050262,15.326511,True,,False,234523599.0,234523599.0,14.1266,15.3512,16.437
HATS-72,1.0,339.0258401,-17.0003046,0.074,6.415999889373779,12.06462,True,,False,188570092.0,188570092.0,11.3875,12.0725,12.324
HATS-74_A,1.0,171.0147921,-19.5569588,0.0,0.0,15.970642,True,,False,219189765.0,219189765.0,14.7599,15.9837,17.26
HATS-75,1.0,60.9493919,-25.4089214,0.046,1.0290000438690186,14.882808,True,,False,44737596.0,44737596.0,13.8231,14.9033,15.689
HATS-76,1.0,70.3397665,-32.3204175,0.0,0.0,15.77563,True,,False,170849515.0,170849515.0,14.857,15.7942,16.68
HATS-77,1.0,149.8236672,-27.3928174,0.0,0.0,15.716944,True,,False,11561667.0,11561667.0,14.9181,15.7364,16.195
HATS-8,1.0,294.9416887,-25.7483655,0.0,0.0,14.324947,True,,False,96847781.0,96847781.0,13.8205,14.337,14.512
HATS-9,1.0,290.8101704,-20.1663771,0.0,0.0,13.087204,True,,False,12611594.0,12611594.0,12.5866,13.0983,13.256
HD_100508,1.0,173.3014057,-67.0546386,0.115,9.475000381469727,7.538828,True,,False,280859200.0,280859200.0,7.0244,7.52487,7.74
HD_100546,1.0,173.3555116,-70.1947897,0.384,155.8000030517578,6.685849,True,,False,280773136.0,280773136.0,6.6634,6.65514,6.69
HD_100655,1.0,173.7653631,20.441541,0.152,23.489999771118164,6.190767,True,,False,156942082.0,156942082.0,5.59198,6.17883,6.4421
HD_100777,1.0,173.9646303,-4.7555425,0.137,10.399999618530273,8.250434,True,,False,49427341.0,49427341.0,7.7645,8.2387,8.42
HD_10180,1.0,24.4731133,-60.5114881,0.113,11.779999732971191,7.18787,True,,False,231836962.0,231836962.0,6.7568,7.17261,7.33
HD_101930,1.0,175.875608,-58.0053798,0.105,8.534000396728516,7.977684,True,,False,,,,,
HD_102117,1.0,176.2097267,-58.7040134,0.109,9.694999694824219,7.295784,True,,False,267519701.0,267519701.0,6.8219,7.28191,7.47
HD_102195,1.0,176.4254063,2.8209912,0.1,6.310999870300293,7.859468,True,,False,397024052.0,397024052.0,7.3319,7.84665,8.07
HD_102272,1.0,176.5980316,14.1240201,0.12,6.269999980926514,8.416046,True,,False,82605074.0,82605074.0,7.8017,8.40499,8.69
HD_102329,1.0,176.6941567,3.4742143,0.114,7.880000114440918,7.593672,True,,False,325254372.0,325254372.0,6.9588,7.58172,7.88
HD_102843,1.0,177.5854673,-1.2522989,0.071,7.732999801635742,9.056437,True,,False,,,,,
HD_102888,1.0,177.6545263,-27.2779074,0.107,14.760000228881836,6.233301,True,,False,397394991.0,397394991.0,5.64398,6.22053,6.48
HD_102956,1.0,177.8436988,57.6406584,0.124,12.680000305175781,7.618797,True,,False,137810576.0,137810576.0,7.03923,7.60844,7.86
HD_103197,1.0,178.2201971,-50.2927911,0.072,9.531999588012695,9.171616,True,,False,400806831.0,400806831.0,8.6294,9.16421,9.4
HD_103720,1.0,179.1713308,-2.7791393,0.062,4.908999919891357,9.229566,True,,False,96195878.0,96195878.0,8.6509,9.22376,9.5
HD_103774,1.0,179.2310729,-12.1079951,0.121,16.8799991607666,7.025564,True,,False,180205814.0,180205814.0,6.6793,7.00938,7.13463
HD_103891,1.0,179.4382907,-8.5486195,0.236,74.13999938964844,6.445497,True,,False,183648073.0,183648073.0,6.0485,6.436,6.59451
HD_103949,1.0,179.5479558,-23.9241221,0.127,11.640000343322754,8.395065,True,,False,428657118.0,428657118.0,7.7679,8.38479,8.7
HD_104067,1.0,179.7923543,-20.3556058,0.113,10.869999885559082,7.632171,True,,False,,,,,
HD_10442,1.0,25.471524,2.7044193,0.132,15.609999656677246,7.591361,True,,False,380908091.0,380908091.0,7.00131,7.57742,7.828
HD_104985,1.0,181.3157854,76.9053359,0.251,75.91000366210938,5.501072,True,,False,160224839.0,160224839.0,4.88679,5.49698,5.79389
HD_105618,1.0,182.4021288,11.2115695,0.115,12.109999656677246,8.476947,True,,False,397519199.0,397519199.0,8.0222,8.46692,8.63
HD_105779,1.0,182.6612053,-16.9564908,0.111,9.684000015258789,8.499962,True,,False,347713631.0,347713631.0,8.0699,8.49018,8.65
HD_106252,1.0,183.3730583,10.0404302,0.159,23.59000015258789,7.277399,True,,False,397558558.0,397558558.0,6.8503,7.26281,7.41
HD_106270,1.0,183.4049258,-9.5135645,0.152,14.0,7.409839,True,,False,176910071.0,176910071.0,6.922,7.39531,7.58
HD_106315,1.0,183.4724742,-0.3934357,0.087,7.192999839782715,8.895371,True,,False,56815340.0,56815340.0,8.56338,8.88841,8.951
HD_10647,1.0,25.6233526,-53.7412852,0.386,217.5,5.383109,True,,False,229137615.0,229137615.0,5.0067,5.38178,5.52
HD_106515_A,1.0,183.7762699,-7.2575413,0.118,10.489999771118164,7.788456,True,,False,176940024.0,176940024.0,7.4983,8.01722,7.34
HD_106906,1.0,184.4713308,-55.9755805,0.124,13.069999694824219,7.699254,True,,False,390472975.0,390472975.0,7.3702,7.68639,7.8
HD_10697,1.0,26.2324076,20.0826974,0.204,49.290000915527344,6.109562,True,,False,456905162.0,456905162.0,5.6478,6.10286,6.28262
HD_107148,1.0,184.8059773,-3.3199927,0.136,13.8100004196167,7.86449,True,,False,66666079.0,66666079.0,7.4142,7.85111,8.01
HD_108147,1.0,186.4409852,-64.0223492,0.1,9.605999946594238,6.869072,True,,False,450491293.0,450491293.0,6.4831,6.85345,6.99
HD_108202,1.0,186.4613189,-1.1109233,0.091,11.149999618530273,9.785407,True,,False,94924490.0,94924490.0,9.0565,9.78272,10.26
HD_108236,1.0,186.5740627,-51.3630519,0.05,3.86299991607666,9.095598,True,,False,260647166.0,260647166.0,8.6522,9.08745,9.25
HD_108341,1.0,186.8791724,-71.4224896,0.088,9.473999977111816,9.15044,True,,False,286896213.0,286896213.0,8.5971,9.14337,9.38
HD_108863,1.0,187.5826081,21.9480993,0.112,8.717000007629395,7.467149,True,,False,371621400.0,371621400.0,6.86161,7.45422,7.71
HD_108874,1.0,187.6126029,22.8794399,0.136,16.110000610351562,8.584036,True,,False,371621238.0,371621238.0,8.106,8.57502,8.76
HD_109246,1.0,188.027184,74.4893379,0.12,16.100000381469727,8.596648,True,,False,154549250.0,154549250.0,8.1627,8.5873,8.751
HD_109271,1.0,188.397397,-11.6215204,0.211,27.860000610351562,7.889569,True,,False,429301734.0,429301734.0,7.4446,7.87816,8.04
HD_109286,1.0,188.3958418,7.2809064,0.123,13.399999618530273,8.626698,True,,False,399087153.0,399087153.0,8.1658,8.61599,8.78
HD_109749,1.0,189.3173489,-40.8121458,0.122,10.0,8.037033,True,,False,144289338.0,144289338.0,7.5993,8.02456,8.08
HD_10975,1.0,27.1628025,37.9527542,0.156,27.709999084472656,5.677516,True,,False,28763463.0,28763463.0,5.08672,5.67103,5.94188
HD_109833,1.0,189.7758591,-74.5740205,0.073,6.7179999351501465,9.144801,True,,False,360630575.0,360630575.0,8.7215,9.13657,9.29
HD_109988,1.0,189.8154662,-32.7263607,0.107,18.200000762939453,8.670022,True,,False,389315309.0,389315309.0,8.12,8.6605,8.9
HD_110014,1.0,189.8111935,-7.9956702,0.701,850.4000244140625,4.300346,True,,False,32448045.0,32448045.0,3.64306,4.31048,4.64597
HD_110067,1.0,189.8392243,20.0273377,0.115,10.539999961853027,8.184688,True,,False,347332255.0,347332255.0,7.6621,8.17208,8.419
HD_110082,1.0,192.5892855,-88.1211107,0.09,11.100000381469727,9.122133,True,,False,383390264.0,383390264.0,8.7581,9.11523,9.23
HD_110113,1.0,190.0365636,-44.3120777,0.074,7.936999797821045,9.914842,True,,False,73228647.0,73228647.0,9.4628,9.91036,10.09
HD_11112,1.0,27.0881399,-41.4944106,0.136,24.06999969482422,6.982154,True,,False,,,,,
HD_111232,1.0,192.2159553,-68.4246679,0.209,33.63999938964844,7.419252,True,,False,329649885.0,329649885.0,6.9421,7.40535,7.59
HD_111591,1.0,192.5725483,22.8631285,0.371,139.0,6.163295,True,,False,471011796.0,471011796.0,5.55369,6.15212,6.42658
HD_111998,1.0,193.2953521,-3.5531133,0.2,51.2599983215332,6.002443,True,,False,53304943.0,53304943.0,5.6643,5.99548,6.11006
HD_112570,1.0,194.2824262,46.1765638,0.195,63.189998626708984,5.831029,True,,False,137004295.0,137004295.0,5.21848,5.82375,6.11055
HD_112640,1.0,194.2415171,67.2429122,0.15,25.979999542236328,6.081607,True,,False,459217467.0,459217467.0,5.3159,6.07664,6.53649
HD_113337,1.0,195.4438496,63.610328,0.208,57.470001220703125,5.916535,True,,False,142350121.0,142350121.0,5.6218,5.91168,6.02078
HD_113538,1.0,196.233933,-52.4463502,0.112,11.970000267028809,8.445794,True,,False,,,,,
HD_113996,1.0,196.794874,27.6244384,0.787,1334.0,4.212999,True,,False,328997091.0,328997091.0,3.41146,4.22274,4.77044
HD_114082,1.0,197.3171237,-60.3084347,0.149,15.869999885559082,8.106044,True,,False,441546821.0,441546821.0,7.7897,8.09394,8.2
HD_114386,1.0,197.6652124,-35.0561807,0.098,8.973999977111816,8.428951,True,,False,,,,,
HD_114729,1.0,198.1833997,-31.8746756,0.114,15.020000457763672,6.531333,True,,False,,,,,
HD_114783,1.0,198.1818436,-2.2649921,0.153,15.649999618530273,7.330857,True,,False,292113181.0,292113181.0,6.7671,7.31783,7.56
HD_11505,1.0,28.2750265,-1.3284416,0.116,8.901000022888184,7.271449,True,,False,630292791.0,630292791.0,11.9158,12.7224,13.2417
HD_11506,1.0,28.2106607,-19.507396,0.107,7.958000183105469,7.387888,True,,False,266680498.0,266680498.0,6.9834,7.37382,7.51
HD_115404_A,1.0,199.2155793,17.0160384,0.121,17.969999313354492,6.297682,True,,False,373765353.0,373765353.0,7.85485,8.86386,7.452
HD_115954,1.0,199.9853694,38.3691383,0.192,30.770000457763672,8.197893,True,,False,180655149.0,180655149.0,7.768,8.18736,8.34
HD_116029,1.0,200.1646905,24.6484725,0.129,16.920000076293945,7.621386,True,,False,305837711.0,305837711.0,7.01753,7.60909,7.88
HD_117207,1.0,202.3368806,-35.5713041,0.115,11.65999984741211,7.093907,True,,False,405501056.0,405501056.0,6.6189,7.07737,7.26
HD_11755,1.0,29.707836,73.1521372,0.119,15.489999771118164,6.474594,True,,False,137121812.0,137121812.0,5.74336,6.46378,6.88269
HD_117618,1.0,203.1066418,-47.2719049,0.095,8.079999923706055,7.037782,True,,False,243194645.0,243194645.0,6.6222,7.0216,7.17
HD_118203,1.0,203.509956,53.7281876,0.13,10.899999618530273,7.905006,True,,False,286923464.0,286923464.0,7.4556,7.89255,8.05
HD_11964,1.0,29.2884252,-10.2434693,0.111,13.609999656677246,6.221883,True,,False,,,,,
HD_11977,1.0,28.7347403,-67.6469871,0.747,714.7999877929688,4.419435,True,,False,232074535.0,232074535.0,3.8735,4.43863,4.68
HD_120084,1.0,205.661989,78.0646376,0.218,51.93000030517578,5.65333,True,,False,284181945.0,284181945.0,5.07121,5.65211,5.90686
HD_121504,1.0,209.3199062,-56.0404085,0.203,42.310001373291016,7.401541,True,,False,208844024.0,208844024.0,6.9884,7.39023,7.54
HD_12235,1.0,30.0391601,3.0959098,0.311,85.54000091552734,5.736385,True,,False,,,,,
HD_122562,1.0,210.5886904,20.8810286,0.187,27.8799991607666,7.425075,True,,False,233435627.0,233435627.0,6.8366,7.4131,7.659
HD_124330,1.0,212.8207093,54.4089731,0.113,9.281000137329102,7.730597,True,,False,441692540.0,441692540.0,7.292,7.71674,7.88
HD_12484,1.0,30.6115322,2.8158078,0.191,21.06999969482422,8.05505,True,,False,419940916.0,419940916.0,7.6209,8.04463,8.18
HD_125136,1.0,215.3703435,-72.3175327,0.12,15.079999923706055,7.186882,True,,False,401505871.0,401505871.0,6.5875,7.17189,7.44
HD_125271,1.0,216.6474037,-81.4542756,0.239,83.87999725341797,9.369237,True,,False,421255607.0,421255607.0,8.709,9.35594,9.68
HD_125390,1.0,214.5387463,38.9669132,0.135,13.779999732971191,7.951819,True,,False,27354139.0,27354139.0,7.35454,7.94061,8.21
HD_125595,1.0,215.3434326,-40.3942443,0.101,8.395000457763672,8.661816,True,,False,,,,,
HD_125612,1.0,215.2227183,-17.4818147,0.141,9.52299976348877,8.164986,True,,False,347909637.0,347909637.0,7.7347,8.1559,8.31
HD_12648,1.0,34.7480718,85.7365329,0.094,10.119999885559082,6.735143,True,,False,397288169.0,397288169.0,6.14342,6.7184,6.98656
HD_126525,1.0,216.8852514,-51.9329118,0.119,7.861999988555908,7.683691,True,,False,333459486.0,333459486.0,7.2231,7.66978,7.85
HD_12661,1.0,31.1423525,25.4135632,0.162,19.1299991607666,7.262336,True,,False,118268680.0,118268680.0,6.7944,7.24746,7.43
HD_126614,1.0,216.7005171,-5.1784093,0.088,8.432000160217285,8.628788,True,,False,287973473.0,287973473.0,8.1264,8.61907,8.81
HD_127195,1.0,217.8714193,-47.7292571,0.143,17.09000015258789,6.938542,True,,False,127725774.0,127725774.0,6.3478,6.92274,7.18
HD_127506,1.0,217.6848544,35.4546059,1.056,1276.0,8.342081,True,,False,,,,,
HD_128311,1.0,219.0032292,9.7454368,0.206,26.18000030517578,7.180698,True,,False,,,,,
HD_128356,1.0,219.2702793,-25.8031728,0.139,9.430000305175781,7.988717,True,,False,1056530200.0,1056530200.0,7.3809,7.97745,8.2411
HD_128717,1.0,219.0881687,57.5609512,0.214,33.11000061035156,8.200266,True,,False,298163592.0,298163592.0,7.8218,8.18929,8.32
HD_129445,1.0,221.5104196,-68.7629901,0.091,10.130000114440918,8.626321,True,,False,258186667.0,258186667.0,8.1495,8.6178,8.8
HD_130322,1.0,221.8857975,-0.2820782,0.119,8.753000259399414,7.848615,True,,False,189694184.0,189694184.0,7.3401,7.83448,8.04
HD_131496,1.0,223.3461495,18.2352618,0.1,5.973999977111816,7.533694,True,,False,267365022.0,267365022.0,6.92302,7.52124,7.8
HD_13167,1.0,32.057635,-24.695575,0.111,9.906000137329102,8.171193,True,,False,72638232.0,72638232.0,7.70677,8.15997,8.34
HD_13189,1.0,32.4173964,32.3164548,0.098,7.354000091552734,7.025605,True,,False,63564248.0,63564248.0,6.2066,7.01743,7.57
HD_132406,1.0,224.2276121,53.3809615,0.146,17.420000076293945,8.290873,True,,False,309808219.0,309808219.0,7.8477,8.28075,8.45
HD_132563,1.0,224.5892892,44.0428571,0.141,28.139999389648438,8.867301,True,,False,284680749.0,284680749.0,8.50087,8.85821,8.928
HD_133131_A,1.0,225.8984524,-27.8431369,0.142,13.5600004196167,8.285315,True,,False,440955228.0,440955228.0,7.8562,8.27532,7.66
HD_133131_B,1.0,225.8999745,-27.8415947,0.143,9.50100040435791,8.269617,True,,False,440955225.0,440955225.0,7.8398,8.25674,8.413
HD_134060,1.0,227.6847587,-61.4223747,0.132,18.510000228881836,6.14853,True,,False,454901855.0,454901855.0,5.7308,6.13951,6.29
HD_134606,1.0,228.8103897,-70.5203328,0.134,22.889999389648438,6.693662,True,,False,262457542.0,262457542.0,6.2133,6.67835,6.86
HD_134987,1.0,228.3675397,-25.3096721,0.119,15.760000228881836,6.302472,True,,False,,,,,
HD_135344_A,1.0,228.9538416,-37.1489176,0.208,20.1299991607666,7.748194,True,,False,307606851.0,307606851.0,7.712,7.73711,7.765
HD_135625,1.0,229.4511514,-45.9225871,0.112,11.65999984741211,7.579389,True,,False,143713715.0,143713715.0,7.1619,7.56578,7.72
HD_135694,1.0,227.8678636,71.8412965,0.087,8.824999809265137,8.922493,True,,False,232540264.0,232540264.0,8.4724,8.91307,9.08
HD_136118,1.0,229.7306046,-1.5922913,0.221,47.86000061035156,6.813325,True,,False,38991680.0,38991680.0,6.4252,6.79664,6.9456
HD_136352,1.0,230.4401147,-48.3188174,0.39,161.60000610351562,5.48217,True,,False,,,,,
HD_136418,1.0,229.7756438,41.732423,0.13,13.779999732971191,7.623803,True,,False,1101862696.0,1101862696.0,7.03952,7.60946,7.849
HD_136925,1.0,230.7157509,13.3663117,0.108,8.62399959564209,7.757489,True,,False,400015692.0,400015692.0,7.3152,7.74447,7.91433
HD_13724,1.0,33.0859626,-46.8166738,0.13,13.510000228881836,7.74238,True,,False,7244844.0,7244844.0,7.2967,7.73003,7.89
HD_137388,1.0,233.915082,-80.2044169,0.075,5.914000034332275,8.490982,True,,False,407090552.0,407090552.0,7.9461,8.47996,8.71
HD_137496,1.0,231.7420543,-16.5090014,0.085,8.708999633789062,9.779824,True,,False,346250894.0,346250894.0,9.29961,9.77168,9.899
HD_13808,1.0,33.1780708,-53.7437591,0.133,15.0,8.119903,True,,False,220022156.0,220022156.0,7.5613,8.11006,8.36
HD_13908,1.0,34.5609102,65.5941901,0.15,23.420000076293945,7.399763,True,,False,12906712.0,12906712.0,7.0174,7.3845,7.52
HD_13931,1.0,34.1979991,43.7722065,0.134,10.75,7.468568,True,,False,292851928.0,292851928.0,7.0362,7.45464,7.61
HD_139357,1.0,233.8173564,53.9221505,0.409,219.39999389648438,5.629723,True,,False,224312054.0,224312054.0,4.97502,5.6303,5.97272
HD_1397,1.0,4.4471631,-66.3589285,0.122,11.029999732971191,7.605658,True,,False,394137592.0,394137592.0,7.1062,7.59336,7.79
HD_14067,1.0,34.293348,23.7676546,0.089,7.882999897003174,6.249009,True,,False,246937460.0,246937460.0,5.62574,6.23751,6.53329
HD_140901,1.0,236.8689866,-37.9172333,0.191,52.61000061035156,5.833836,True,,False,,,,,
HD_141004,1.0,236.6099205,7.3527684,0.838,904.9000244140625,4.246856,True,,False,296740796.0,296740796.0,3.8709,4.27965,4.4154
HD_141399,1.0,236.7235392,46.986288,0.101,9.967000007629395,7.023998,True,,False,156067565.0,156067565.0,6.535,7.00926,7.20856
HD_141937,1.0,238.0735585,-18.4359716,0.746,620.7999877929688,7.106714,True,,False,437430894.0,437430894.0,6.675,7.09149,7.25
HD_142,1.0,1.5836771,-49.0753625,0.267,158.1999969482422,5.586702,True,,False,389757980.0,389757980.0,9.7632,10.5334,10.9984
HD_142022_A,1.0,242.5481731,-84.2317494,0.127,12.09000015258789,7.526656,True,,False,,,,,
HD_142415,1.0,239.418989,-60.2006948,0.118,10.850000381469727,7.19274,True,,False,342041655.0,342041655.0,6.7683,7.17789,7.33
HD_143105,1.0,238.4023547,68.7199779,0.119,15.239999771118164,6.641727,True,,False,272783172.0,272783172.0,6.2659,6.62583,6.77005
HD_143361,1.0,240.4588405,-44.4350575,0.092,9.347999572753906,9.024075,True,,False,255480497.0,255480497.0,8.5341,9.01602,9.2
HD_143811_A,1.0,240.8891972,-30.1371574,0.129,25.600000381469727,8.797881,True,,False,93869857.0,93869857.0,8.44545,8.78821,8.91
HD_144899,1.0,242.5721002,-47.9146826,0.1,11.890000343322754,8.822458,True,,False,215687919.0,215687919.0,8.3937,8.81343,8.97
HD_145377,1.0,242.9019658,-27.0781199,0.116,10.65999984741211,7.981934,True,,False,68165288.0,68165288.0,7.5678,7.96999,9.236
HD_145457,1.0,242.5162215,26.7429068,0.115,27.3799991607666,6.294535,True,,False,236339228.0,236339228.0,5.66538,6.28309,6.57226
HD_145934,1.0,243.2912249,13.2394527,0.125,14.569999694824219,8.252315,True,,False,119974993.0,119974993.0,7.63368,8.24065,8.495
HD_1461,1.0,4.6762645,-8.0536206,0.11,10.760000228881836,6.307263,True,,False,,,,,
HD_147018,1.0,245.7490012,-61.6901291,0.147,19.540000915527344,8.122923,True,,False,,,,,
HD_147379,1.0,244.1725686,67.2392041,0.116,8.751999855041504,7.901774,True,,False,,,,,
HD_147513,1.0,246.0057894,-39.1929661,0.469,238.3000030517578,5.215097,True,,False,350673608.0,350673608.0,4.8119,5.22664,5.37
HD_14787,1.0,35.8085099,10.8367972,0.141,12.600000381469727,7.392424,True,,False,380966347.0,380966347.0,6.80945,7.37839,7.63
HD_147873,1.0,246.4380471,-33.5672217,0.138,10.6899995803833,7.830958,True,,False,211080657.0,211080657.0,7.4327,7.81828,7.96
HD_148156,1.0,247.0723035,-46.3175085,0.102,9.699999809265137,7.568937,True,,False,225317852.0,225317852.0,7.1802,7.55508,7.69
HD_149026,1.0,247.6229827,38.3475349,0.12,10.0600004196167,8.026566,True,,False,255930614.0,255930614.0,7.6262,8.01416,8.15
HD_150010,1.0,247.8670682,72.6125804,0.148,19.34000015258789,5.872678,True,,False,233008631.0,233008631.0,5.1389,5.86642,6.2893
HD_1502,1.0,4.8214389,14.054683,0.153,11.65999984741211,8.115517,True,,False,303193565.0,303193565.0,7.53199,8.10417,8.36
HD_150706,1.0,247.8255687,79.7894032,0.109,12.34000015258789,6.869857,True,,False,159511543.0,159511543.0,6.44,6.85038,7.03
HD_151450,1.0,252.0080127,-15.964345,0.142,19.950000762939453,7.298229,True,,False,12514017.0,12514017.0,6.9013,7.28278,7.43
HD_152079,1.0,253.3732313,-46.3333582,0.063,4.6570000648498535,9.018172,True,,False,246835467.0,246835467.0,8.5703,9.01051,9.18
HD_152843,1.0,253.7848853,20.491524,0.101,16.459999084472656,8.77275,True,,False,349488688.0,349488688.0,8.40302,8.76412,8.855
HD_15337,1.0,36.8678846,-27.6361171,0.069,5.7220001220703125,8.86499,True,,False,120896927.0,120896927.0,8.3157,8.85598,9.1
HD_153557,1.0,254.4706516,47.3678558,0.129,11.869999885559082,7.521443,True,,False,115582979.0,115582979.0,6.9039,7.50548,7.83
HD_153950,1.0,256.1292826,-43.3103753,0.14,16.600000381469727,7.253027,True,,False,124165580.0,124165580.0,6.8472,7.23813,7.39
HD_154088,1.0,256.1164214,-28.5838342,0.099,9.239999771118164,6.380115,True,,False,20856917.0,20856917.0,5.8611,6.36693,6.59
HD_154345,1.0,255.6524619,47.0855544,0.132,20.729999542236328,6.583667,True,,False,,,,,
HD_154391,1.0,255.3201345,60.6489226,0.16,27.40999984741211,5.90441,True,,False,424731682.0,424731682.0,5.31961,5.89921,6.1552
HD_154672,1.0,257.520697,-56.4498041,0.123,14.770000457763672,8.048586,True,,False,380086262.0,380086262.0,7.5864,8.03732,8.21
HD_154857,1.0,257.816194,-56.681038,0.105,13.149999618530273,7.063596,True,,False,173552927.0,173552927.0,6.5859,7.04837,7.24
HD_155358,1.0,257.3930947,33.3549277,0.11,13.300000190734863,7.135941,True,,False,21897561.0,21897561.0,6.7281,7.12074,7.28
HD_155918,1.0,260.5364025,-75.349239,0.114,17.040000915527344,6.857967,True,,False,1508940187.0,1508940187.0,12.421,12.9156,13.0966
HD_156098,1.0,259.264687,-32.6630768,0.387,102.0999984741211,5.404375,True,,False,152449405.0,152449405.0,5.0618,5.41159,5.53
HD_156279,1.0,258.0966686,63.3527828,0.155,16.149999618530273,7.877263,True,,False,232606278.0,232606278.0,7.3759,7.86569,8.07
HD_156411,1.0,259.9639522,-48.5502313,0.113,11.119999885559082,6.527565,True,,False,412409409.0,412409409.0,6.0976,6.5121,6.67
HD_156668,1.0,259.4183491,29.228161,0.114,9.982999801635742,8.117674,True,,False,257715493.0,257715493.0,7.4911,8.10753,8.43
HD_156846,1.0,260.1423366,-19.334365,0.12,17.290000915527344,6.37574,True,,False,75673519.0,75673519.0,5.9712,6.3623,6.5
HD_158038,1.0,261.4395312,27.3030721,0.182,37.04999923706055,7.220301,True,,False,313709116.0,313709116.0,6.6166,7.2068,7.47
HD_158259,1.0,261.3495847,52.7904721,0.129,16.18000030517578,6.320388,True,,False,188768068.0,188768068.0,5.8961,6.30694,6.47915
HD_158996,1.0,259.9051092,80.1364033,0.382,181.6999969482422,5.192952,True,,False,288268410.0,288268410.0,4.38512,5.18609,5.72291
HD_15906,1.0,38.2712534,-10.352178,0.097,10.130000114440918,9.484146,True,,False,4646810.0,4646810.0,8.8723,9.47728,9.78
HD_159868,1.0,264.7466665,-43.1462347,0.112,11.920000076293945,7.061177,True,,False,248320609.0,248320609.0,6.5739,7.04579,7.24
HD_1605,1.0,5.1317548,30.9750611,0.119,12.5,7.271994,True,,False,57983992.0,57983992.0,6.6755,7.25688,7.52
HD_160691,1.0,266.0361585,-51.8348751,0.559,411.8999938964844,4.942752,True,,False,362661163.0,362661163.0,4.5071,4.94916,5.12
HD_161178,1.0,264.2873565,72.455859,0.261,60.810001373291016,5.602662,True,,False,441797545.0,441797545.0,5.00658,5.59958,5.88375
HD_16175,1.0,39.2577379,42.0624526,0.123,11.079999923706055,7.143414,True,,False,422922274.0,422922274.0,6.7165,7.1291,7.297
HD_162020,1.0,267.6599252,-40.3184646,0.451,151.0,8.765859,True,,False,367987991.0,367987991.0,8.1181,8.75949,9.1
HD_163607,1.0,268.4181383,56.3924701,0.142,12.84000015258789,7.824073,True,,False,232620788.0,232620788.0,7.3311,7.81298,8.0
HD_16417,1.0,39.2441029,-34.5790905,0.251,115.30000305175781,5.614815,True,,False,122555698.0,122555698.0,5.182,5.61319,5.78
HD_164509,1.0,270.3800811,0.1044685,0.09,4.710999965667725,7.968106,True,,False,382764222.0,382764222.0,7.536,7.95594,8.1
HD_164595,1.0,270.1613723,29.5726698,0.109,14.020000457763672,6.909487,True,,False,158917706.0,158917706.0,6.4618,6.89472,7.08597
HD_164604,1.0,270.7787177,-28.5608343,0.177,10.670000076293945,9.332131,True,,False,406317882.0,406317882.0,8.6834,9.32786,9.62
HD_164922,1.0,270.6304652,26.3104077,0.14,28.479999542236328,6.802036,True,,False,,,,,
HD_165131,1.0,271.3444007,-21.6737039,0.16,12.550000190734863,8.272656,True,,False,105138916.0,105138916.0,7.8355,8.26134,8.42
HD_165155,1.0,271.4893395,-29.9172536,0.0,0.0,9.221023,True,,False,408229533.0,408229533.0,8.7177,9.21413,9.36
HD_1666,1.0,5.2180424,-19.9314823,0.14,13.680000305175781,8.062298,True,,False,211439561.0,211439561.0,7.70312,8.05121,8.17
HD_166724,1.0,273.4988604,-42.5757218,0.095,9.713000297546387,9.077164,True,,False,87989721.0,87989721.0,8.5228,9.06863,9.33
HD_167042,1.0,272.6326268,54.2876184,0.201,53.9900016784668,5.725761,True,,False,353988778.0,353988778.0,5.1576,5.72384,5.98796
HD_16760,1.0,40.5892123,38.6182163,3.949,13700.0,8.565072,True,,False,433140046.0,433140046.0,8.094,8.55541,8.7
HD_167677,1.0,274.2067844,-11.4067857,0.085,5.203000068664551,8.718481,True,,False,13894108.0,13894108.0,8.2424,8.7114,8.9
HD_167768,1.0,274.2213308,-3.0085807,0.177,25.200000762939453,5.758917,True,,False,2382387.0,2382387.0,5.19035,5.7545,5.98894
HD_168009,1.0,273.8847918,45.2088229,0.136,22.860000610351562,6.149785,True,,False,416117806.0,416117806.0,5.7155,6.14052,6.295
HD_168443,1.0,275.0159879,-9.5966905,0.219,39.970001220703125,6.747331,True,,False,16465196.0,16465196.0,6.2674,6.73166,6.92122
HD_168746,1.0,275.4573269,-11.9229757,0.118,5.752999782562256,7.784285,True,,False,18097734.0,18097734.0,7.3158,7.77169,7.95
HD_168863,1.0,275.6642157,-18.0219726,0.072,3.1589999198913574,9.075324,True,,False,167730892.0,167730892.0,8.4597,9.06821,9.35
HD_1690,1.0,5.3055886,-8.2811442,0.126,13.729999542236328,8.756251,True,,False,37763102.0,37763102.0,8.0115,8.74943,9.19
HD_16905,1.0,40.0136203,-61.3550396,0.069,5.989999771118164,9.119958,True,,False,358070171.0,358070171.0,8.4981,9.11324,9.44
HD_169142,1.0,276.1240717,-29.7805318,0.117,5.7230000495910645,8.06938,True,,False,51077087.0,51077087.0,7.83637,8.05449,8.156
HD_169830,1.0,276.9561859,-29.8167919,0.615,164.10000610351562,5.772378,True,,False,53134037.0,53134037.0,5.4149,5.77641,5.9
HD_17092,1.0,41.5924261,49.6530375,0.114,9.493000030517578,7.35091,True,,False,302317605.0,302317605.0,6.63292,7.33993,7.732
HD_171238,1.0,278.6818389,-28.0727849,0.175,16.389999389648438,8.418899,True,,False,228217280.0,228217280.0,7.9202,8.41099,8.61
HD_17156,1.0,42.4366123,71.7530882,0.107,9.093000411987305,8.043712,True,,False,302773669.0,302773669.0,7.6353,8.03298,8.17
HD_173416,1.0,280.9005676,36.556857,0.216,63.939998626708984,5.761178,True,,False,157951225.0,157951225.0,5.14422,5.75681,6.04188
HD_174205,1.0,280.7932014,70.7928237,0.155,23.219999313354492,5.902884,True,,False,229752137.0,229752137.0,5.1979,5.89765,6.28209
HD_175167,1.0,285.0033888,-69.9450664,0.181,30.670000076293945,7.836354,True,,False,467966544.0,467966544.0,7.3506,7.82424,8.01
HD_175541,1.0,283.9203211,4.2649344,0.135,8.225000381469727,7.770816,True,,False,227196910.0,227196910.0,7.19976,7.75927,8.02
HD_175607,1.0,285.2742901,-66.1943379,0.106,12.789999961853027,8.420653,True,,False,,,,,
HD_17674,1.0,42.7684964,30.2865981,0.148,15.65999984741211,7.41444,True,,False,77490014.0,77490014.0,6.9964,7.40113,7.535
HD_176986,1.0,285.7739138,-11.044941,0.105,5.834000110626221,8.152353,True,,False,39554091.0,39554091.0,7.5672,8.14249,8.42
HD_177565,1.0,286.7175787,-37.8122394,0.145,20.860000610351562,5.980798,True,,False,,,,,
HD_177830,1.0,286.3363574,25.9204327,0.124,21.040000915527344,6.901249,True,,False,265052133.0,265052133.0,6.2779,6.8866,7.18
HD_178911_B,1.0,287.2632091,34.6006972,0.106,8.420000076293945,7.878882,True,,False,42812945.0,42812945.0,7.3982,7.86705,7.97
HD_179079,1.0,287.7903733,-2.6387703,0.108,5.630000114440918,7.787227,True,,False,48917782.0,48917782.0,7.3186,7.77454,7.95
HD_179949,1.0,288.8890182,-24.1797939,0.133,16.010000228881836,6.119344,True,,False,2288734.0,2288734.0,5.7365,6.1106,6.25
HD_180053,1.0,288.4008374,34.9146658,0.111,8.118000030517578,7.71555,True,,False,29898060.0,29898060.0,7.15647,7.70327,7.93
HD_18015,1.0,43.3636339,-8.8480392,0.115,7.613999843597412,7.734349,True,,False,36883072.0,36883072.0,7.26722,7.72194,7.89
HD_180314,1.0,288.7094401,31.8604391,0.131,22.729999542236328,6.357459,True,,False,392658786.0,392658786.0,5.75921,6.34583,6.61519
HD_180617,1.0,289.2277322,5.1631615,0.118,6.185999870300293,8.099911,True,,False,,,,,
HD_180902,1.0,289.8239604,-23.5582432,0.113,7.593999862670898,7.534935,True,,False,11782681.0,11782681.0,6.95111,7.52132,7.78
HD_181234,1.0,289.9998695,-9.32497,0.147,14.289999961853027,8.378475,True,,False,,,,,
HD_181342,1.0,290.2674078,-23.6196996,0.092,5.776000022888184,7.297989,True,,False,12192000.0,12192000.0,6.69734,7.28405,7.55
HD_18143,1.0,43.9140248,26.8723829,0.121,10.6899995803833,7.345057,True,,False,,,,,
HD_181433,1.0,291.2873731,-66.4677838,0.155,23.809999465942383,8.102739,True,,False,,,,,
HD_181720,1.0,290.7212224,-32.9208401,0.14,11.800000190734863,7.68748,True,,False,,,,,
HD_183263,1.0,292.1022982,8.3579183,0.14,14.15999984741211,7.73006,True,,False,134245358.0,134245358.0,7.3033,7.71818,7.86
HD_183579,1.0,293.2866147,-54.5327284,0.09,11.579999923706055,8.526487,True,,False,320004517.0,320004517.0,8.0888,8.51549,8.67
HD_184010,1.0,292.8401421,26.6172796,0.25,87.19000244140625,5.647756,True,,False,113329742.0,113329742.0,5.0857,5.64508,5.88639
HD_18438,1.0,46.5318358,79.41858,0.589,476.79998779296875,4.726453,True,,False,297820335.0,297820335.0,3.77665,4.73199,5.50474
HD_185269,1.0,294.2987668,28.499514,0.119,17.149999618530273,6.535392,True,,False,213721036.0,213721036.0,6.12,6.51831,6.67973
HD_185283,1.0,295.3233609,-56.3221096,0.087,10.859999656677246,8.720525,True,,False,320264344.0,320264344.0,8.0946,8.71311,9.03
HD_18599,1.0,44.2620144,-56.1918694,0.09,8.968999862670898,8.741666,True,,False,207141131.0,207141131.0,8.1796,8.73117,8.99
HD_187085,1.0,297.3915731,-37.7809929,0.135,16.489999771118164,7.090148,True,,False,300081980.0,300081980.0,6.6894,7.07508,7.22
HD_187123,1.0,296.7428786,34.41899,0.1,6.895999908447266,7.685915,True,,False,58559140.0,58559140.0,7.2466,7.67284,7.83
HD_18742,1.0,45.0443115,-20.8027024,0.113,8.682000160217285,7.568417,True,,False,71345433.0,71345433.0,6.98636,7.55464,7.81
HD_188015,1.0,298.0191857,28.0999769,0.113,10.239999771118164,8.077814,True,,False,11499710.0,11499710.0,7.6166,8.06588,8.24
HD_188641,1.0,299.4048303,-37.7448845,0.102,8.428999900817871,7.191721,True,,False,300611942.0,300611942.0,6.7494,7.17761,7.34
HD_189567,1.0,301.3959616,-67.3237992,0.191,65.0,5.915461,True,,False,,,,,
HD_189733,1.0,300.1821223,22.7097759,0.114,13.369999885559082,7.428371,True,,False,256364928.0,256364928.0,6.8481,7.41432,7.67
HD_190007,1.0,300.6956339,3.3266992,0.109,13.130000114440918,7.076642,True,,False,345217789.0,345217789.0,6.3882,7.06341,7.46
HD_190228,1.0,300.7537294,28.3065564,0.106,12.25,7.100338,True,,False,117905020.0,117905020.0,6.5757,7.08482,7.3
HD_190360,1.0,300.9092476,29.894541,0.292,138.6999969482422,5.552787,True,,False,,,,,
HD_190647,1.0,301.8318167,-35.5395236,0.134,11.039999961853027,7.607547,True,,False,48777312.0,48777312.0,7.1278,7.5942,7.78
HD_190984,1.0,302.8779827,-64.6202728,0.071,6.939000129699707,8.62212,True,,False,466222634.0,466222634.0,8.2184,8.61126,8.76
HD_191806,1.0,302.368758,52.2767265,0.167,18.299999237060547,7.94479,True,,False,294684871.0,294684871.0,7.5211,7.93339,8.09
HD_191939,1.0,302.0256247,66.8503014,0.114,13.539999961853027,8.782845,True,,False,269701147.0,269701147.0,8.2929,8.77476,8.97
HD_192263,1.0,303.4990864,-0.8657574,0.127,10.369999885559082,7.512979,True,,False,243962745.0,243962745.0,6.9161,7.49558,7.79
HD_192310,1.0,303.8284712,-27.0337556,0.317,134.10000610351562,5.48135,True,,False,,,,,
HD_192699,1.0,304.0248392,4.5805708,0.105,8.913000106811523,6.221424,True,,False,399334674.0,399334674.0,5.6634,6.21085,6.45591
HD_194490,1.0,306.9980087,-51.6644646,0.081,8.571999549865723,8.836492,True,,False,100272295.0,100272295.0,8.4083,8.82731,8.99
HD_195019,1.0,307.0792427,18.7692509,0.117,17.8799991607666,6.747173,True,,False,,,,,
HD_196050,1.0,309.4637796,-60.6347649,0.127,16.65999984741211,7.355303,True,,False,351534793.0,351534793.0,6.9188,7.3407,7.5
HD_196067,1.0,310.4364195,-75.3514992,0.16,34.650001525878906,6.342613,True,,False,327303574.0,327303574.0,5.9262,6.33009,6.51
HD_19615,1.0,48.7813299,73.868015,0.148,35.83000183105469,6.026782,True,,False,289383510.0,289383510.0,5.17893,6.02012,6.55594
HD_196885_A,1.0,309.9664609,11.2500236,0.184,45.209999084472656,6.276973,True,,False,282257777.0,282257777.0,5.8952,6.26141,6.39677
HD_197037,1.0,309.8869681,42.247593,0.124,20.889999389648438,6.687269,True,,False,1969138344.0,1969138344.0,11.7017,12.3241,12.6124
HD_199509,1.0,317.3445632,-82.0274926,0.146,23.940000534057617,6.833774,True,,False,401701660.0,401701660.0,6.3946,6.817,6.98
HD_19994,1.0,48.1943193,-1.1963955,0.657,465.8999938964844,4.92225,True,,False,49845357.0,49845357.0,4.5599,4.93038,5.06345
HD_20003,1.0,46.9090081,-72.3219221,0.126,9.5,8.202384,True,,False,370137704.0,370137704.0,7.7153,8.19184,8.39
HD_200964,1.0,316.6664183,3.8033357,0.114,12.380000114440918,6.248556,True,,False,408316773.0,408316773.0,5.6824,6.23723,6.48605
HD_202206,1.0,318.7405221,-20.7897284,0.137,12.020000457763672,7.922486,True,,False,24294415.0,24294415.0,7.4589,7.91051,8.08
HD_202696,1.0,319.2250346,27.2582799,0.127,12.920000076293945,7.969893,True,,False,25346878.0,25346878.0,7.36323,7.95929,8.23
HD_202772_A,1.0,319.6995877,-26.6163743,0.157,18.360000610351562,8.243867,True,,False,290131778.0,290131778.0,7.87598,8.22688,8.324
HD_203030,1.0,319.7432238,26.2305846,0.108,8.538999557495117,8.253331,True,,False,25559430.0,25559430.0,7.7663,8.24663,8.45
HD_20329,1.0,49.178124,15.6563542,0.09,5.738999843597412,8.600837,True,,False,333657795.0,333657795.0,8.1359,8.59089,8.76
HD_203387,1.0,320.561782,-16.8345229,0.839,1278.0,4.049088,True,,False,288329878.0,288329878.0,3.5061,4.05534,4.28
HD_2039,1.0,6.0851069,-56.649988,0.091,11.569999694824219,8.868947,True,,False,281461362.0,281461362.0,8.443,8.85974,9.0
HD_204313,1.0,322.0510568,-21.7274194,0.148,13.229999542236328,7.845261,True,,False,99734092.0,99734092.0,7.3914,7.83246,7.99
HD_204941,1.0,323.0966714,-20.957957,0.116,13.65999984741211,8.203756,True,,False,99837626.0,99837626.0,7.6389,8.19092,8.45
HD_205158,1.0,323.9186227,-59.6933144,0.34,103.9000015258789,7.739028,True,,False,316830331.0,316830331.0,7.3253,7.71934,7.84
HD_205739,1.0,324.5351273,-31.7378373,0.086,8.821000099182129,8.43145,True,,False,270501383.0,270501383.0,8.0553,8.41991,8.56
HD_206255,1.0,325.5917768,-50.0935884,0.106,10.109999656677246,7.463048,True,,False,139842723.0,139842723.0,6.9928,7.44849,7.62
HD_206610,1.0,325.8537599,-7.4082451,0.106,8.560999870300293,8.076714,True,,False,333314269.0,333314269.0,7.46417,8.06506,8.34
HD_207496,1.0,328.7181708,-77.3388025,0.138,15.680000305175781,7.983588,True,,False,290348383.0,290348383.0,7.3661,7.97255,8.23
HD_20781,1.0,50.0139757,-28.7841175,0.178,43.38999938964844,8.24852,True,,False,651387463.0,651387463.0,7.7392,8.24655,8.4367
HD_20782,1.0,50.0166232,-28.8543535,0.115,20.739999771118164,7.208485,True,,False,,,,,
HD_207832,1.0,328.1517893,-26.0271749,0.066,6.211999893188477,8.623468,True,,False,53895723.0,53895723.0,8.1682,8.61176,8.78
HD_207897,1.0,325.2016451,84.3337613,0.107,6.822999954223633,8.141795,True,,False,,,,,
HD_20794,1.0,49.9997666,-43.0666533,0.735,855.4000244140625,4.063915,True,,False,,,,,
HD_208487,1.0,329.3332489,-37.7641354,0.157,18.809999465942383,7.345241,True,,False,197686484.0,197686484.0,6.9489,7.33164,7.47
HD_208527,1.0,329.0999413,21.239922,0.311,139.60000610351562,5.620723,True,,False,283621278.0,283621278.0,4.68171,5.61607,6.38984
HD_20868,1.0,50.1794053,-33.72969,0.067,6.959000110626221,9.618936,True,,False,142851295.0,142851295.0,8.9857,9.61323,9.92
HD_208897,1.0,329.7490639,19.0201591,0.138,31.059999465942383,6.248323,True,,False,423862056.0,423862056.0,5.6514,6.23739,6.50821
HD_209458,1.0,330.7950219,18.8842419,0.144,12.119999885559082,7.521246,True,,False,420814525.0,420814525.0,7.1274,7.50866,7.65
HD_210193,1.0,332.3951324,-41.225205,0.103,8.946999549865723,7.68243,True,,False,278523703.0,278523703.0,7.2405,7.6687,7.83
HD_210277,1.0,332.3748117,-7.5505962,0.142,19.31999969482422,6.358985,True,,False,,,,,
HD_210702,1.0,332.9638643,16.0404806,0.209,45.540000915527344,5.682814,True,,False,456826468.0,456826468.0,5.115,5.6807,5.93022
HD_211403,1.0,333.8158177,58.2755601,0.111,9.857000350952148,8.359699,True,,False,330485001.0,330485001.0,7.9844,8.34865,8.48
HD_211810,1.0,334.5286724,61.1349912,0.079,5.534999847412109,8.427377,True,,False,336634601.0,336634601.0,7.9634,8.41783,8.59
HD_211970,1.0,335.5661579,-54.5596006,0.129,15.239999771118164,8.409995,True,,False,231704229.0,231704229.0,7.6014,8.40444,10.24
HD_212301,1.0,336.8803957,-77.7183219,0.114,9.022000312805176,7.648026,True,,False,317057430.0,317057430.0,7.2644,7.63495,7.76
HD_212771,1.0,336.762413,-17.2641046,0.188,29.719999313354492,7.363858,True,,False,12723961.0,12723961.0,6.79951,7.35208,7.6
HD_213240,1.0,337.7506266,-49.4341037,0.149,26.06999969482422,6.674195,True,,False,144068704.0,144068704.0,6.2492,6.65761,6.81
HD_213472,1.0,337.7069969,40.7222277,0.121,15.649999618530273,8.023952,True,,False,120601788.0,120601788.0,7.5694,8.01189,8.17
HD_213519,1.0,337.7727845,45.1452472,0.14,19.149999618530273,7.530468,True,,False,2012913724.0,2012913724.0,11.7536,12.1836,
HD_213885,1.0,338.9837166,-59.864829,0.148,18.420000076293945,7.816815,True,,False,403224672.0,403224672.0,7.384,7.80173,7.95
HD_21411,1.0,51.5474155,-30.6168403,0.125,15.1899995803833,7.695747,True,,False,142875660.0,142875660.0,7.2099,7.68183,7.88
HD_214823,1.0,340.0832062,31.7875183,0.167,21.40999984741211,7.928236,True,,False,115779095.0,115779095.0,7.51442,7.91589,8.06
HD_215152,1.0,340.8380941,-6.4020685,0.129,8.9399995803833,7.812847,True,,False,,,,,
HD_21520,1.0,51.6403449,-43.6136649,0.088,10.760000228881836,9.026255,True,,False,404518509.0,404518509.0,8.6022,9.01796,9.17
HD_215497,1.0,341.652714,-56.5997984,0.111,19.420000076293945,8.695032,True,,False,469943599.0,469943599.0,8.1115,8.68605,8.96
HD_216435,1.0,343.4094703,-48.5986332,0.183,47.91999816894531,5.887371,True,,False,161314759.0,161314759.0,5.4746,5.88357,6.03
HD_216437,1.0,343.6639631,-70.0733957,0.18,43.83000183105469,5.899948,True,,False,277774779.0,277774779.0,5.4684,5.89397,6.04
HD_216520,1.0,341.8768719,83.6975307,0.128,12.8100004196167,7.293912,True,,False,264899051.0,264899051.0,6.7382,7.27896,7.53
HD_216536,1.0,343.2665641,44.4777303,0.098,16.3799991607666,8.891138,True,,False,154487334.0,154487334.0,8.2023,8.88324,9.229
HD_216770,1.0,343.9748751,-26.6595286,0.126,9.131999969482422,7.928398,True,,False,47526465.0,47526465.0,7.4176,7.91638,8.11
HD_21693,1.0,51.8040469,-58.3232726,0.152,14.8100004196167,7.768191,True,,False,197792776.0,197792776.0,7.2742,7.75701,7.95
HD_217107,1.0,344.5647243,-2.3954489,0.124,14.9399995803833,5.996743,True,,False,38271828.0,38271828.0,5.4989,5.96401,6.155
HD_217786,1.0,345.7838088,-0.4303594,0.661,246.60000610351562,7.649274,True,,False,248048656.0,248048656.0,7.2369,7.63573,7.78
HD_217958,1.0,346.136577,-25.6917758,0.213,33.130001068115234,7.907955,True,,False,12973036.0,12973036.0,7.4701,7.89501,8.05
HD_218566,1.0,347.297417,-2.2611645,0.133,9.958999633789062,8.282416,True,,False,,,,,
HD_219077,1.0,348.5319387,-62.7018297,0.168,42.689998626708984,5.922179,True,,False,,,,,
HD_219134,1.0,348.3372026,57.1696255,0.424,284.6000061035156,5.231896,True,,False,,,,,
HD_219139,1.0,348.3604055,11.0649832,0.32,77.0999984741211,5.583681,True,,False,423269863.0,423269863.0,4.98165,5.57762,5.84863
HD_219415,1.0,348.7243579,56.7303001,0.086,8.03499984741211,8.606791,True,,False,323819453.0,323819453.0,7.98045,8.59745,8.909
HD_219666,1.0,349.5592665,-56.9039857,0.08,11.15999984741211,9.655397,True,,False,266980320.0,266980320.0,9.179,9.64956,9.809
HD_219828,1.0,349.6947029,18.6457524,0.124,9.236000061035156,7.894506,True,,False,243085377.0,243085377.0,7.4597,7.88338,8.04
HD_220074,1.0,350.0599827,61.9701062,0.159,33.0,5.639734,True,,False,269237357.0,269237357.0,4.68723,5.62737,6.40607
HD_220197,1.0,350.4946927,16.6323305,0.075,7.2820000648498535,8.753533,True,,False,,,,,
HD_220689,1.0,351.4707282,-20.6167923,0.131,9.64900016784668,7.607249,True,,False,9156146.0,9156146.0,7.1869,7.59438,7.74
HD_220773,1.0,351.6144715,8.6428871,0.104,8.972999572753906,6.96189,True,,False,354326161.0,354326161.0,6.5391,6.94595,7.10831
HD_220842,1.0,351.6534162,56.8871415,0.133,12.170000076293945,7.847592,True,,False,251866143.0,251866143.0,7.4314,7.83398,7.98
HD_221287,1.0,352.836223,-58.209754,0.157,25.75,7.693697,True,,False,231716612.0,231716612.0,7.3264,7.68153,7.82
HD_221416,1.0,353.0331863,-21.8012007,0.128,7.867000102996826,7.920535,True,,False,441462736.0,441462736.0,7.3566,7.90776,8.15
HD_221420,1.0,353.3319001,-77.3853286,0.288,115.0,5.655614,True,,False,277890728.0,277890728.0,5.2241,5.65862,5.82
HD_221585,1.0,353.2293802,63.1556146,0.132,16.399999618530273,7.294886,True,,False,,,,,
HD_222076,1.0,354.531982,-70.9032461,0.122,14.960000038146973,7.200943,True,,False,325178933.0,325178933.0,6.589,7.18755,7.47
HD_222155,1.0,354.5025617,48.9960191,0.114,19.540000915527344,6.952019,True,,False,26370518.0,26370518.0,6.4973,6.93563,7.11716
HD_222237,1.0,354.9078642,-72.7253271,0.138,20.209999084472656,6.753961,True,,False,,,,,
HD_222582,1.0,355.4640788,-5.9862379,0.152,15.149999618530273,7.533826,True,,False,9005067.0,9005067.0,7.0885,7.51889,7.68
HD_224018,1.0,358.6390056,-4.7233362,0.054,3.634999990463257,9.5288,True,,False,248608315.0,248608315.0,9.08781,9.52137,9.715
HD_224538,1.0,359.7164302,-61.5868613,0.16,19.31999969482422,7.934367,True,,False,280803137.0,280803137.0,7.5402,7.92192,8.06
HD_224693,1.0,359.9749837,-22.4279999,0.119,10.949999809265137,8.097752,True,,False,114807081.0,114807081.0,7.6726,8.08528,8.23
HD_22496,1.0,53.7565398,-48.4178173,0.111,8.29800033569336,8.020994,True,,False,,,,,
HD_22532,1.0,53.8148478,-49.4172669,0.109,8.574000358581543,7.617967,True,,False,200851704.0,200851704.0,7.0457,7.6043,7.85
HD_22781,1.0,55.2065581,31.8258855,0.26,45.90999984741211,8.534335,True,,False,101166776.0,101166776.0,7.9707,8.52445,8.78
HD_22946,1.0,54.819538,-42.7630276,0.127,14.859999656677246,8.139591,True,,False,100990000.0,100990000.0,7.757,8.1281,8.27
HD_23079,1.0,54.9281897,-52.9162344,0.173,26.899999618530273,6.978857,True,,False,206402844.0,206402844.0,6.5652,6.96235,7.12
HD_23127,1.0,54.8491271,-60.077229,0.107,9.87600040435791,8.430387,True,,False,311924816.0,311924816.0,7.983,8.42019,8.58
HD_231701,1.0,293.017622,16.4743566,0.093,8.984000205993652,8.839058,True,,False,92300251.0,92300251.0,8.45826,8.83051,8.97
HD_233604,1.0,137.4535054,53.5682016,0.102,16.06999969482422,10.110742,True,,False,150184553.0,150184553.0,9.4989,10.1054,10.291
HD_233832,1.0,171.5196515,50.3763099,0.092,12.039999961853027,9.951004,True,,False,445811629.0,445811629.0,11.7013,12.7187,10.093
HD_23472,1.0,55.4590314,-62.7672667,0.07,6.065999984741211,9.389914,True,,False,425997655.0,425997655.0,8.7513,9.38476,9.73
HD_235088,1.0,300.6154535,53.3774418,0.076,6.945000171661377,8.953323,True,,False,293954617.0,293954617.0,8.3879,8.94271,9.19
HD_23596,1.0,57.0018601,40.5307308,0.211,45.220001220703125,7.117993,True,,False,201266092.0,201266092.0,6.706,7.10356,7.26122
HD_238090,1.0,183.0886375,54.486153,0.074,7.568999767303467,9.043074,True,,False,224289449.0,224289449.0,8.08547,9.03791,9.71
HD_238914,1.0,279.5842102,59.2538819,0.12,15.40999984741211,8.505993,True,,False,359558085.0,359558085.0,7.8841,8.497,8.77
HD_240210,1.0,347.6219227,57.0294818,0.117,9.38700008392334,7.651853,True,,False,315415155.0,315415155.0,6.73385,7.64476,8.27
HD_240237,1.0,348.9259334,58.0432233,0.104,9.104999542236328,7.500251,True,,False,323919676.0,323919676.0,6.5438,7.49317,8.19
HD_24040,1.0,57.5962104,17.4752873,0.11,11.90999984741211,7.3485,True,,False,456863621.0,456863621.0,6.9054,7.33476,7.515
HD_24064,1.0,59.1510071,74.0800789,0.118,22.1200008392334,6.183011,True,,False,102987456.0,102987456.0,5.3493,6.17839,6.74616
HD_24085,1.0,56.2563447,-70.0245193,0.141,15.539999961853027,7.438588,True,,False,32001057.0,32001057.0,7.0252,7.42496,7.57
HD_25015,1.0,59.4335463,-20.2673347,0.123,14.470000267028809,8.608794,True,,False,178249461.0,178249461.0,8.0541,8.59876,8.87
HD_25171,1.0,58.9574779,-65.1863239,0.124,10.0600004196167,7.650367,True,,False,237933846.0,237933846.0,7.2693,7.638,7.77
HD_25463,1.0,60.7483361,9.2077676,0.137,20.899999618530273,6.792206,True,,False,407966340.0,407966340.0,6.4386,6.77613,6.91134
HD_25723,1.0,61.0947182,-12.7922241,0.379,232.89999389648438,5.322019,True,,False,136888305.0,136888305.0,4.7065,5.31947,5.60075
HD_25912,1.0,60.9074988,-51.9315058,0.127,13.220000267028809,8.040101,True,,False,237356930.0,237356930.0,7.6042,8.02788,8.2
HD_260655,1.0,99.2915429,17.5662696,0.113,12.010000228881836,8.878268,True,,False,,,,,
HD_26161,1.0,62.4122255,31.6524346,0.142,30.959999084472656,6.759808,True,,False,467753728.0,467753728.0,6.3679,6.7427,6.89333
HD_2638,1.0,7.4990038,-5.76496,0.143,17.299999237060547,9.223693,True,,False,244178536.0,244178536.0,8.639,9.19276,9.44
HD_2685,1.0,7.3289156,-76.304032,0.072,7.515999794006348,9.52656,True,,False,267263253.0,267263253.0,9.2205,9.52025,9.595
HD_27442,1.0,64.1205476,-59.3028771,0.76,800.9000244140625,4.134786,True,,False,198079199.0,198079199.0,3.5302,4.14532,4.44
HD_27631,1.0,64.9392168,-41.9606604,0.115,9.621000289916992,8.096008,True,,False,7652514.0,7652514.0,7.6438,8.08478,8.26
HD_27894,1.0,65.1975693,-59.4096776,0.081,7.991000175476074,9.072492,True,,False,396697263.0,396697263.0,12.757,,
HD_27969,1.0,66.7068364,42.90872,0.135,14.970000267028809,7.526652,True,,False,27828749.0,27828749.0,7.1001,7.5139,7.66
HD_28109,1.0,65.2383065,-68.1026875,0.062,4.906000137329102,9.306335,True,,False,29781292.0,29781292.0,8.9387,9.29976,9.42
HD_28185,1.0,66.6100461,-10.5510754,0.119,10.899999618530273,7.639983,True,,False,37947783.0,37947783.0,7.1706,7.62682,7.8
HD_28192,1.0,66.7032517,-1.7244842,0.132,10.960000038146973,7.914071,True,,False,248644661.0,248644661.0,7.4875,7.89874,8.06
HD_28254,1.0,66.2108141,-50.6228081,0.235,38.75,7.512529,True,,False,219256496.0,219256496.0,7.0333,7.49977,7.69
HD_284149_A,1.0,61.6616887,20.3030344,0.085,7.568999767303467,9.43626,True,,False,15817487.0,15817487.0,9.01554,9.41967,9.57
HD_28471,1.0,66.2875166,-64.0786861,0.143,11.449999809265137,7.739368,True,,False,,,,,
HD_285507,1.0,61.755663,15.3349441,0.096,11.5600004196167,10.051599,True,,False,389018596.0,389018596.0,9.3371,10.0404,10.49
HD_285968,1.0,70.7353853,18.953358,0.105,15.34000015258789,9.004439,True,,False,674295881.0,674295881.0,16.6951,17.585,18.2482
HD_28678,1.0,67.8560643,4.5752495,0.083,4.75,8.065639,True,,False,449145115.0,449145115.0,7.39949,8.05469,8.38
HD_29021,1.0,69.4681379,60.6762985,0.148,23.229999542236328,7.598582,True,,False,458350670.0,458350670.0,7.1289,7.58565,7.76
HD_290327,1.0,80.8399887,-2.2780391,0.098,16.520000457763672,8.813305,True,,False,4205424.0,4205424.0,8.3385,8.80364,8.99
HD_29399,1.0,68.3903471,-62.8237576,0.295,105.69999694824219,5.51302,True,,False,38828538.0,38828538.0,4.9095,5.50503,5.79
HD_2952,1.0,8.2938367,54.8948177,0.226,93.5,5.65114,True,,False,452910671.0,452910671.0,5.04322,5.64532,5.9258
HD_29985,1.0,70.5216589,-33.9210696,0.091,11.84000015258789,9.475594,True,,False,170867837.0,170867837.0,8.7339,9.47227,9.98
HD_30177,1.0,70.4770964,-58.0208085,0.14,13.720000267028809,8.226516,True,,False,220408612.0,220408612.0,7.7421,8.21511,8.41
HD_30562,1.0,72.1529519,-5.6751152,0.291,158.60000610351562,5.618343,True,,False,,,,,
HD_30669,1.0,72.1198522,-28.4190757,0.088,13.390000343322754,8.914871,True,,False,607907.0,607907.0,8.4121,8.90667,9.12
HD_307842,1.0,159.3412205,-63.6556923,0.062,4.566999912261963,9.24236,True,,False,460984940.0,460984940.0,8.7537,9.23501,9.412
HD_30856,1.0,72.5745099,-24.3689282,0.131,16.329999923706055,7.673521,True,,False,612908.0,612908.0,7.08498,7.65813,7.91
HD_31253,1.0,73.6822877,12.3520103,0.113,16.270000457763672,7.001126,True,,False,436700755.0,436700755.0,6.5991,6.98479,7.13266
HD_31527,1.0,73.9096193,-23.2413163,0.133,22.329999923706055,7.346754,True,,False,146322354.0,146322354.0,6.9255,7.33222,7.49
HD_3167,1.0,8.7401487,4.3807215,0.056,3.121000051498413,8.772422,True,,False,318707987.0,318707987.0,8.2491,8.76221,8.97
HD_32518,1.0,77.4037569,69.6391355,0.141,37.52000045776367,6.128958,True,,False,310836777.0,310836777.0,5.49546,6.11933,6.43005
HD_32963,1.0,76.9820146,26.3276805,0.105,9.979999542236328,7.441481,True,,False,69528586.0,69528586.0,6.992,7.42756,7.6
HD_330075,1.0,237.4054997,-49.9639199,0.036,1.597000002861023,9.099297,True,,False,275786473.0,275786473.0,8.5171,9.09159,9.36
HD_331093,1.0,295.6200054,31.7395451,0.099,9.47599983215332,8.20191,True,,False,71528173.0,71528173.0,7.7152,8.19105,8.38
HD_33142,1.0,76.8980559,-13.9863374,0.118,14.1899995803833,7.725858,True,,False,169397663.0,169397663.0,7.14982,7.71274,7.96
HD_332231,1.0,306.741134,33.7443882,0.089,9.032999992370605,8.428037,True,,False,199376584.0,199376584.0,8.0417,8.41839,8.558
HD_33283,1.0,77.0044889,-26.7976689,0.139,14.619999885559082,7.912186,True,,False,13147218.0,13147218.0,7.4915,7.89933,8.05
HD_33564,1.0,80.6378979,79.2318488,0.649,708.5,4.956077,True,,False,142103211.0,142103211.0,4.6542,4.97155,5.10111
HD_33844,1.0,78.1505649,-14.9509775,0.124,19.09000015258789,7.026162,True,,False,169534187.0,169534187.0,6.418,7.01153,7.29
HD_34445,1.0,79.4207483,7.3527156,0.11,13.550000190734863,7.165373,True,,False,284907742.0,284907742.0,6.7209,7.14947,7.31
HD_35759,1.0,82.8886636,64.3183753,0.138,16.190000534057617,7.609727,True,,False,286954708.0,286954708.0,7.1975,7.59606,7.74
HD_35843,1.0,81.3488924,-44.4312849,0.079,7.590000152587891,9.203582,True,,False,7422496.0,7422496.0,8.7601,9.19551,9.36
HD_360,1.0,2.072903,-8.8242618,0.232,72.69999694824219,5.71609,True,,False,37652064.0,37652064.0,5.10561,5.70895,5.986
HD_36384,1.0,84.9319998,75.0439884,0.252,107.30000305175781,5.495653,True,,False,418343111.0,418343111.0,4.58224,5.48147,6.18839
HD_3651,1.0,9.8387218,21.2488844,0.224,79.87000274658203,5.654319,True,,False,,,,,
HD_37124,1.0,84.2599947,20.7289784,0.123,13.300000190734863,7.487053,True,,False,,,,,
HD_37605,1.0,85.0074276,6.0595116,0.125,16.0,8.47384,True,,False,144730053.0,144730053.0,7.955,8.46192,8.67
HD_3765,1.0,10.2072994,40.1842918,0.122,14.770000457763672,7.092674,True,,False,,,,,
HD_38283,1.0,84.2605324,-73.6998131,0.129,15.260000228881836,6.559264,True,,False,141411201.0,141411201.0,6.1492,6.54392,6.69
HD_38529,1.0,86.6451363,1.1675866,0.252,101.4000015258789,5.748385,True,,False,200093173.0,200093173.0,5.2725,5.74796,5.92848
HD_38801,1.0,86.9963141,-8.3280256,0.151,19.510000228881836,8.045885,True,,False,66650754.0,66650754.0,7.5043,8.03397,8.26
HD_39091,1.0,84.2992798,-80.4646041,0.29,77.12999725341797,5.51158,True,,False,,,,,
HD_39194,1.0,86.129071,-70.1382377,0.126,7.099999904632568,7.864647,True,,False,,,,,
HD_39855,1.0,88.6260731,-19.7044472,0.094,9.864999771118164,7.336069,True,,False,160301040.0,160301040.0,6.8545,7.32113,7.51
HD_40307,1.0,88.5172191,-60.0237289,0.119,13.15999984741211,6.857923,True,,False,374859347.0,374859347.0,6.2473,6.84367,7.17
HD_40956,1.0,91.6628015,63.453875,0.121,35.54999923706055,6.150888,True,,False,71099944.0,71099944.0,5.53753,6.14049,6.42794
HD_40979,1.0,91.1253346,44.2597855,0.133,20.81999969482422,6.615367,True,,False,440489582.0,440489582.0,6.2219,6.59963,6.75512
HD_41004_A,1.0,89.9566041,-48.2394189,1.108,939.2999877929688,8.408289,True,,False,734710085.0,734710085.0,7.816,8.37625,8.6078
HD_41004_B,1.0,89.9565956,-48.2394114,1.108,939.2999877929688,8.408289,True,,False,734710085.0,734710085.0,7.816,8.37625,8.6078
HD_4113,1.0,10.8027515,-37.9831248,0.128,11.319999694824219,7.722729,True,,False,118586897.0,118586897.0,7.2576,7.71051,7.88
HD_42012,1.0,92.485473,34.1341722,0.122,11.140000343322754,8.239521,True,,False,97724459.0,97724459.0,7.735,8.22949,8.44
HD_4203,1.0,11.1722288,20.4483925,0.079,7.953999996185303,8.525792,True,,False,434225151.0,434225151.0,8.0455,8.51545,8.7
HD_4208,1.0,11.1125532,-26.5150392,0.138,15.0,7.624324,True,,False,,,,,
HD_42618,1.0,93.0032173,6.7819742,0.136,19.1299991607666,6.698518,True,,False,153289168.0,153289168.0,6.253,6.68303,6.87
HD_4308,1.0,11.1652594,-65.6527159,0.148,26.959999084472656,6.388049,True,,False,,,,,
HD_4313,1.0,11.4181301,7.8450492,0.113,10.140000343322754,7.587756,True,,False,405228516.0,405228516.0,6.9988,7.57399,7.83
HD_43197,1.0,93.3993231,-29.8971929,0.069,7.48799991607666,8.781013,True,,False,37660988.0,37660988.0,8.2808,8.77158,8.98
HD_43691,1.0,94.8946124,41.0920773,0.255,45.13999938964844,7.909128,True,,False,258444495.0,258444495.0,7.5156,7.8972,8.03
HD_44219,1.0,95.0599971,-10.7250799,0.102,7.533999919891357,7.543707,True,,False,443055162.0,443055162.0,7.0945,7.52973,7.69
HD_45184,1.0,96.1820205,-28.7806402,0.134,29.440000534057617,6.221316,True,,False,49831913.0,49831913.0,5.7911,6.21037,6.383
HD_45350,1.0,97.1902262,38.9627315,0.12,7.543000221252441,7.711583,True,,False,144132551.0,144132551.0,7.2334,7.7,7.89
HD_45364,1.0,96.4105736,-31.4810037,0.127,13.710000038146973,7.893656,True,,False,117768715.0,117768715.0,7.4027,7.88016,8.08
HD_45652,1.0,97.3058709,10.9336212,0.118,7.209000110626221,7.923521,True,,False,206948365.0,206948365.0,7.4002,7.9118,8.1
HD_457,1.0,2.2492922,-39.7372401,0.14,14.739999771118164,7.591451,True,,False,120506209.0,120506209.0,7.1784,7.57794,7.72
HD_46375,1.0,98.3030763,5.4625071,0.141,12.75,7.707163,True,,False,234928947.0,234928947.0,7.1695,7.69533,7.91
HD_47186,1.0,99.0367212,-27.6234285,0.201,37.97999954223633,7.4614,True,,False,101145648.0,101145648.0,6.9941,7.44897,7.63
HD_4732,1.0,12.3085089,-24.1369079,0.236,89.54000091552734,5.656901,True,,False,63905972.0,63905972.0,5.0838,5.6509,5.9
HD_47366,1.0,99.4200181,-12.9856593,0.136,26.920000076293945,5.843423,True,,False,443578538.0,443578538.0,5.2545,5.83869,6.11151
HD_47536,1.0,99.448958,-32.3394531,0.517,452.1000061035156,4.874237,True,,False,52172862.0,52172862.0,4.1888,4.88004,5.25
HD_4760,1.0,12.4161652,6.4071412,0.125,17.510000228881836,6.994602,True,,False,405337087.0,405337087.0,6.1889,6.98504,7.51
HD_48265,1.0,100.0073683,-48.5418284,0.127,10.670000076293945,7.891227,True,,False,255781806.0,255781806.0,7.4253,7.87925,8.05
HD_48948,1.0,102.489811,60.3373133,0.113,8.723999977111816,8.119934,True,,False,,,,,
HD_4917,1.0,12.7762624,-12.9276648,0.101,7.01800012588501,7.760713,True,,False,77481104.0,77481104.0,7.14029,7.74877,8.03
HD_49674,1.0,102.8773483,40.8672284,0.116,6.959000110626221,7.929907,True,,False,21267079.0,21267079.0,7.4582,7.91841,8.1
HD_50499,1.0,103.008075,-33.915267,0.126,16.290000915527344,7.071409,True,,False,53175558.0,53175558.0,6.6563,7.0564,7.21
HD_50554,1.0,103.678273,24.2451409,0.131,13.279999732971191,6.715178,True,,False,80224448.0,80224448.0,6.3103,6.69786,6.8561
HD_51608,1.0,103.7137102,-55.2600189,0.072,3.559000015258789,7.971664,True,,False,279246287.0,279246287.0,7.4649,7.96058,8.17
HD_52265,1.0,105.0746449,-5.3668142,0.131,20.93000030517578,6.16311,True,,False,268565917.0,268565917.0,5.7701,6.15257,6.29351
HD_5278,1.0,12.5467785,-83.7437671,0.138,11.930000305175781,7.815936,True,,False,263003176.0,263003176.0,7.4371,7.80375,7.94
HD_5319,1.0,13.7558096,0.7893425,0.13,11.609999656677246,7.785501,True,,False,344627954.0,344627954.0,7.18436,7.77238,8.05
HD_5388,1.0,13.79903,-47.4067326,0.151,37.0,6.608013,True,,False,101936170.0,101936170.0,6.2364,6.59149,6.73
HD_55696,1.0,108.0622029,-38.174639,0.121,10.649999618530273,7.823026,True,,False,22598327.0,22598327.0,7.4193,7.81135,7.95
HD_5583,1.0,14.486946,34.9853306,0.106,9.461000442504883,7.322133,True,,False,53848538.0,53848538.0,6.7166,7.30769,7.604
HD_5608,1.0,14.5594349,33.9505774,0.189,46.810001373291016,5.734967,True,,False,53873088.0,53873088.0,5.1421,5.72695,6.00272
HD_564,1.0,2.4694459,-50.2678998,0.135,19.649999618530273,8.182226,True,,False,200658785.0,200658785.0,7.767,8.17077,8.32
HD_56414,1.0,107.8436846,-68.8333403,0.108,13.699999809265137,9.21146,True,,False,300038935.0,300038935.0,9.0963,9.20475,9.217
HD_56957,1.0,109.3253986,-40.6560651,0.114,11.09000015258789,7.412528,True,,False,22972926.0,22972926.0,6.9603,7.39841,7.57
HD_5891,1.0,15.1383168,20.2923139,0.141,9.477999687194824,7.810863,True,,False,243146568.0,243146568.0,7.1888,7.79825,8.09
HD_59686_A,1.0,112.9518629,17.0857195,0.503,336.3999938964844,5.137375,True,,False,247119634.0,247119634.0,4.4987,5.13228,5.44299
HD_60292,1.0,114.6201698,66.2350517,0.124,29.579999923706055,6.545527,True,,False,71296216.0,71296216.0,5.81257,6.53238,6.94657
HD_60532,1.0,113.5130656,-22.2958661,0.88,1502.0,4.30543,True,,False,456871289.0,456871289.0,3.943,4.30793,4.44
HD_6061,1.0,15.5981441,37.1854394,0.085,11.760000228881836,8.709352,True,,False,352413427.0,352413427.0,8.297,8.69933,8.844
HD_62364,1.0,113.9052658,-75.5442707,0.237,48.130001068115234,7.196402,True,,False,271972463.0,271972463.0,6.8134,7.1814,7.32
HD_62549,1.0,116.0821439,-5.0541223,0.13,12.029999732971191,7.579918,True,,False,753902244.0,753902244.0,12.1476,12.5776,
HD_63433,1.0,117.4793699,27.3631342,0.131,22.610000610351562,6.737183,True,,False,130181866.0,130181866.0,6.2683,6.71831,6.92035
HD_63454,1.0,114.8406393,-78.2791464,0.092,10.119999885559082,9.06375,True,,False,278380701.0,278380701.0,8.439,9.05402,9.37
HD_63765,1.0,116.9582617,-54.265345,0.128,9.670999526977539,7.92209,True,,False,340697083.0,340697083.0,7.4301,7.90983,8.1
HD_63935,1.0,117.9246417,9.3852412,0.119,15.350000381469727,8.403595,True,,False,453211454.0,453211454.0,7.9259,8.39353,8.58
HD_64114,1.0,117.982556,-11.0337221,0.108,8.621000289916992,7.539187,True,,False,36021583.0,36021583.0,7.0688,7.52581,7.71
HD_64121,1.0,117.3651424,-54.8126136,0.105,9.930000305175781,7.193151,True,,False,264770836.0,264770836.0,6.6238,7.17872,7.43
HD_6434,1.0,16.1663441,-39.4904909,0.213,44.7599983215332,7.572416,True,,False,,,,,
HD_65216,1.0,118.4209646,-63.6466892,0.151,14.100000381469727,7.805761,True,,False,382625142.0,382625142.0,7.3449,7.7943,7.97
HD_66141,1.0,120.5662825,2.3350265,0.745,849.0,3.972009,True,,False,452867458.0,452867458.0,3.2731,3.97926,4.37821
HD_66428,1.0,120.8691654,-1.1636019,0.145,16.190000534057617,8.091827,True,,False,73238215.0,73238215.0,7.6306,8.08142,8.25
HD_67087,1.0,121.9155672,31.5511553,0.15,13.229999542236328,7.935626,True,,False,165796397.0,165796397.0,7.5776,7.92235,8.05
HD_6718,1.0,16.9536005,-8.2336165,0.103,9.89799976348877,8.292397,True,,False,408047845.0,408047845.0,7.8472,8.28147,8.45
HD_68402,1.0,121.3474609,-74.4100732,0.087,10.479999542236328,8.962657,True,,False,272546396.0,272546396.0,8.5288,8.95443,9.11
HD_68475,1.0,122.7192621,-42.8128841,0.1,10.220000267028809,8.52575,True,,False,819163501.0,819163501.0,16.127,16.557,
HD_68988,1.0,124.5935429,61.4608518,0.138,15.90999984741211,8.05852,True,,False,73312938.0,73312938.0,7.6263,8.04611,8.2
HD_69123,1.0,123.55499,-35.4899246,0.255,101.0,5.497886,True,,False,146264536.0,146264536.0,4.8941,5.49555,5.77
HD_69830,1.0,124.6010091,-12.6364246,0.228,65.5199966430664,5.755219,True,,False,,,,,
HD_70573,1.0,125.7079153,1.8591088,0.069,3.7219998836517334,8.55769,True,,False,455235218.0,455235218.0,8.1213,8.54261,8.667
HD_70642,1.0,125.3661079,-39.7044432,0.114,13.390000343322754,7.007582,True,,False,183356952.0,183356952.0,6.544,6.99211,7.17
HD_7199,1.0,17.6979344,-66.1886947,0.112,8.446000099182129,7.848887,True,,False,52121796.0,52121796.0,7.3303,7.83743,8.06
HD_72490,1.0,128.4028287,13.5507189,0.102,5.829999923706055,7.588177,True,,False,20537900.0,20537900.0,7.01034,7.57415,7.82
HD_72659,1.0,128.5128072,-1.5686323,0.111,10.829999923706055,7.326028,True,,False,121284864.0,121284864.0,6.9024,7.3107,7.46
HD_72892,1.0,128.7195554,-14.4574311,0.096,9.467000007629395,8.656537,True,,False,405344271.0,405344271.0,8.2015,8.6469,8.83
HD_73256,1.0,129.0949961,-30.0373339,0.156,20.360000610351562,7.867795,True,,False,11665403.0,11665403.0,7.3697,7.85676,8.08
HD_73267,1.0,129.0735123,-34.4594469,0.085,10.510000228881836,8.687814,True,,False,11749208.0,11749208.0,8.1769,8.67835,8.9
HD_73344,1.0,129.6894456,23.6852651,0.123,17.8700008392334,6.7626,True,,False,175193677.0,175193677.0,6.3687,6.7468,6.89351
HD_73526,1.0,129.318331,-41.3184231,0.111,14.829999923706055,8.804338,True,,False,180661948.0,180661948.0,8.3318,8.79682,8.99
HD_73534,1.0,129.8153421,12.9599703,0.108,7.301000118255615,7.968921,True,,False,21285884.0,21285884.0,7.3706,7.95707,8.23
HD_73583,1.0,129.6883026,-13.2565267,0.078,8.222000122070312,9.277452,True,,False,101011575.0,101011575.0,8.5925,9.27033,9.67
HD_74156,1.0,130.6047813,4.5772338,0.124,14.020000457763672,7.48436,True,,False,379949822.0,379949822.0,7.0773,7.46934,7.61
HD_7449,1.0,18.621465,-5.0479716,0.149,14.220000267028809,7.365634,True,,False,248381971.0,248381971.0,6.9601,7.34996,7.5
HD_74698,1.0,130.0744755,-71.8768726,0.121,11.079999923706055,7.622505,True,,False,308087983.0,308087983.0,7.1754,7.60959,7.78
HD_75289,1.0,131.9181715,-41.7377748,0.133,23.649999618530273,6.220832,True,,False,181741837.0,181741837.0,5.828,6.21047,6.35
HD_75302,1.0,132.3015641,3.4850141,0.116,12.989999771118164,7.295366,True,,False,262587669.0,262587669.0,6.833,7.283,7.45
HD_75784,1.0,133.0992289,13.2330548,0.097,7.577000141143799,7.573136,True,,False,46310554.0,46310554.0,6.9671,7.5599,7.84
HD_75898,1.0,133.4611999,33.0566885,0.196,26.020000457763672,7.906831,True,,False,302580456.0,302580456.0,7.4952,7.89597,8.03
HD_76700,1.0,133.4782248,-66.8004747,0.428,129.39999389648438,7.986044,True,,False,302368715.0,302368715.0,7.5109,7.97348,8.16
HD_76920,1.0,133.820353,-67.2653621,0.162,18.219999313354492,7.527215,True,,False,302372658.0,302372658.0,6.874,7.5144,7.83
HD_77338,1.0,135.3022475,-25.5282343,0.106,11.279999732971191,8.420803,True,,False,37533318.0,37533318.0,7.9017,8.40992,8.63
HD_77946,1.0,136.777644,46.6724251,0.156,27.489999771118164,8.859901,True,,False,39699648.0,39699648.0,8.4594,8.85184,8.99
HD_79181,1.0,137.9944736,-19.7474341,0.286,113.30000305175781,5.456443,True,,False,229846907.0,229846907.0,4.87319,5.45292,5.72
HD_7924,1.0,20.4956562,76.7101475,0.129,18.309999465942383,6.940108,True,,False,468723402.0,468723402.0,6.3929,6.92516,7.17896
HD_79498,1.0,138.7885794,23.3748792,0.135,9.906000137329102,7.898468,True,,False,85998162.0,85998162.0,7.4502,7.8859,8.05
HD_80606,1.0,140.6569501,50.6037764,0.082,7.3480000495910645,8.828991,True,,False,457134360.0,457134360.0,8.3446,8.82008,9.06
HD_80653,1.0,140.3390845,14.3678691,0.106,13.09000015258789,9.313929,True,,False,55315929.0,55315929.0,8.89098,9.30733,9.452
HD_80869,1.0,140.7912931,33.9048294,0.099,7.578000068664551,8.341571,True,,False,307906761.0,307906761.0,7.9005,8.33173,8.48
HD_80883,1.0,139.9331831,-59.4780815,0.295,56.91999816894531,8.385684,True,,False,386899832.0,386899832.0,7.8248,8.3618,8.6
HD_80913,1.0,138.1021548,-81.768451,0.132,14.180000305175781,7.350094,True,,False,309433928.0,309433928.0,6.959,7.33567,7.49
HD_81040,1.0,140.9455027,20.3646078,0.267,55.459999084472656,7.568135,True,,False,414965996.0,414965996.0,7.1254,7.55543,7.72
HD_81688,1.0,142.1665753,45.6009241,0.427,313.6000061035156,5.120425,True,,False,105438311.0,105438311.0,4.5458,5.12598,5.39755
HD_81817,1.0,144.2715659,81.3263096,1.087,1499.0,3.785223,True,,False,137603530.0,137603530.0,3.0334,3.80122,4.26489
HD_82886,1.0,143.9383526,34.7805902,0.168,21.280000686645508,7.393275,True,,False,8915600.0,8915600.0,6.83069,7.38096,7.62
HD_82943,1.0,143.7114034,-12.1302976,0.164,30.100000381469727,6.402245,True,,False,405485269.0,405485269.0,5.9844,6.38964,6.54993
HD_8326,1.0,20.5314418,-26.8940678,0.094,9.392000198364258,8.482131,True,,False,11613065.0,11613065.0,7.8806,8.47487,8.76
HD_83443,1.0,144.2994103,-43.272721,0.115,11.390000343322754,8.03754,True,,False,32820141.0,32820141.0,7.5351,8.0265,8.23
HD_8535,1.0,20.9054804,-41.2701007,0.135,20.770000457763672,7.574265,True,,False,41862035.0,41862035.0,7.183,7.56066,7.7
HD_85390,1.0,147.5105663,-49.7905254,0.097,8.21399974822998,8.304543,True,,False,446137194.0,446137194.0,7.761,8.29462,8.54
HD_8574,1.0,21.3033807,28.5660169,0.109,10.899999618530273,6.999839,True,,False,18121498.0,18121498.0,6.5977,6.98345,7.12
HD_86065,1.0,148.9256674,-18.1069385,0.078,10.0,9.068378,True,,False,,,,,
HD_86081,1.0,149.0243714,-3.8083543,0.098,9.765999794006348,8.599298,True,,False,62760824.0,62760824.0,8.18436,8.58804,8.73
HD_86226,1.0,149.1235154,-24.0991859,0.123,7.499000072479248,7.78381,True,,False,22221375.0,22221375.0,7.3635,7.7713,7.93
HD_86264,1.0,149.2409308,-15.8953993,0.117,8.875,7.29925,True,,False,348964243.0,348964243.0,6.9375,7.28372,7.41
HD_86728,1.0,150.250054,31.9218216,0.532,372.5,5.204957,True,,False,,,,,
HD_8673,1.0,21.5378455,34.5793389,0.177,37.310001373291016,6.237758,True,,False,80535228.0,80535228.0,5.8978,6.2242,6.331
HD_86950,1.0,150.4066612,-17.3330699,0.147,15.850000381469727,7.194396,True,,False,332711151.0,332711151.0,6.56941,7.17997,7.47
HD_87646,1.0,151.6695435,17.8949795,4.379,10420.0,7.999458,True,,False,27064335.0,27064335.0,7.5049,7.9295,8.07
HD_87816,1.0,151.5296524,-52.1878679,0.156,32.09000015258789,6.253153,True,,False,138998040.0,138998040.0,5.6581,6.24221,6.5
HD_87883,1.0,152.1794175,34.2419984,0.158,21.09000015258789,7.286231,True,,False,407591082.0,407591082.0,6.6898,7.27194,7.56
HD_88072,1.0,152.3467466,2.371054,0.215,30.360000610351562,7.388994,True,,False,344988456.0,344988456.0,6.9496,7.37665,7.55
HD_88133,1.0,152.5319349,18.1857284,0.148,14.920000076293945,7.822775,True,,False,27073220.0,27073220.0,7.3119,7.80979,8.01852
HD_88986,1.0,154.1166869,28.6820708,0.135,20.610000610351562,6.315048,True,,False,1042868.0,1042868.0,5.8706,6.30259,6.46974
HD_89307,1.0,154.5874958,12.6209392,0.114,10.529999732971191,6.884684,True,,False,61125572.0,61125572.0,6.4738,6.86817,7.02569
HD_89345,1.0,154.6710977,10.1288464,0.084,7.85099983215332,9.223219,True,,False,350020859.0,350020859.0,8.74761,9.21702,9.38
HD_89744,1.0,155.5433193,41.2289354,0.267,85.7300033569336,5.607603,True,,False,8154501.0,8154501.0,5.2403,5.60551,5.73469
HD_89839,1.0,155.168879,-53.6640291,0.128,13.529999732971191,7.526821,True,,False,294028147.0,294028147.0,7.1534,7.51304,7.64
HD_90156,1.0,155.9801144,-29.645103,0.138,19.799999237060547,6.75501,True,,False,193032655.0,193032655.0,6.2924,6.73951,6.92
HD_9174,1.0,22.5043352,-19.6052945,0.115,12.710000038146973,8.239837,True,,False,439501096.0,439501096.0,7.7603,8.22923,8.4
HD_92788,1.0,160.7021351,-2.1847173,0.123,9.654999732971191,7.15472,True,,False,169248301.0,169248301.0,6.6934,7.13929,7.31637
HD_93083,1.0,161.0866672,-33.5776794,0.122,10.609999656677246,8.05154,True,,False,54237857.0,54237857.0,7.4721,8.04206,8.3
HD_93351,1.0,161.6779279,-1.6885763,0.071,5.410999774932861,8.955496,True,,False,902976744.0,902976744.0,12.501,12.931,
HD_93385,1.0,161.5627065,-41.464604,0.117,19.959999084472656,7.351978,True,,False,106900981.0,106900981.0,6.9359,7.33769,7.49
HD_93963_A,1.0,162.7766969,25.641065,0.076,7.008999824523926,9.040344,True,,False,368435330.0,368435330.0,8.6259,9.03376,9.182
HD_9446,1.0,23.3350424,29.2649187,0.155,22.25,8.217399,True,,False,18277196.0,18277196.0,7.7764,8.2095,8.35
HD_94771,1.0,163.9746776,-35.1145225,0.11,11.029999732971191,7.193201,True,,False,48974071.0,48974071.0,6.71,7.17929,7.37
HD_94834,1.0,164.3126363,24.1429374,0.155,18.81999969482422,7.316352,True,,False,138764379.0,138764379.0,6.7033,7.30241,7.6
HD_94890,1.0,164.1797804,-37.1383035,0.778,1092.0,4.319348,True,,False,158543228.0,158543228.0,3.7334,4.32647,4.6
HD_95086,1.0,164.2621032,-68.6672917,0.149,17.420000076293945,7.324375,True,,False,399637637.0,399637637.0,7.1448,7.30915,7.36
HD_95089,1.0,164.698748,1.7290087,0.109,6.234000205993652,7.672768,True,,False,345078350.0,345078350.0,7.08001,7.66056,7.92
HD_95127,1.0,164.8961152,43.8144094,0.127,13.25,7.73119,True,,False,252794572.0,252794572.0,6.9896,7.72111,8.15
HD_95338,1.0,164.8563364,-56.6235564,0.101,8.072999954223633,8.392268,True,,False,,,,,
HD_95544,1.0,166.3231784,81.0389868,0.111,8.520999908447266,8.221632,True,,False,156103616.0,156103616.0,7.7629,8.21067,8.39
HD_95872,1.0,165.8658796,-22.0943303,0.068,5.855000019073486,9.658235,True,,False,52198580.0,52198580.0,9.1218,9.65278,9.955
HD_96063,1.0,166.1853484,-2.5132966,0.11,5.638000011444092,7.980425,True,,False,53178442.0,53178442.0,7.42073,7.96991,8.21
HD_96127,1.0,166.441502,44.30155,0.122,19.93000030517578,6.890711,True,,False,252803484.0,252803484.0,6.0759,6.88245,7.40521
HD_96167,1.0,166.3125657,-10.291345,0.125,7.923999786376953,7.941573,True,,False,286277386.0,286277386.0,7.4865,7.92849,8.09
HD_96700,1.0,166.9742616,-30.1751383,0.114,18.149999618530273,6.368432,True,,False,,,,,
HD_97037,1.0,167.5545621,-7.3901483,0.121,15.350000381469727,6.660273,True,,False,143046056.0,143046056.0,6.2294,6.64346,6.81828
HD_97048,1.0,167.0133422,-77.654853,0.239,41.810001373291016,8.352166,True,,False,454291762.0,454291762.0,8.0744,8.33867,8.44
HD_97658,1.0,168.6376584,25.7105962,0.135,11.069999694824219,7.526765,True,,False,82308728.0,82308728.0,6.9859,7.5136,7.76
HD_98219,1.0,169.4475218,-23.975488,0.123,10.710000038146973,7.803149,True,,False,437246853.0,437246853.0,7.21716,7.79079,8.05
HD_98649,1.0,170.2147665,-23.2181063,0.098,6.0229997634887695,7.841452,True,,False,437258837.0,437258837.0,7.3901,7.82889,8.0
HD_98736,1.0,170.4549045,18.1896082,0.121,8.35200023651123,7.767738,True,,False,3819571.0,3819571.0,7.2374,7.75446,7.93
HD_99109,1.0,171.0715576,-1.529761,0.089,9.102999687194824,8.875308,True,,False,38158652.0,38158652.0,8.345,8.86823,9.1
HD_99283,1.0,171.4874082,55.8506653,0.297,162.1999969482422,5.46621,True,,False,341687229.0,341687229.0,4.8793,5.46403,5.72916
HD_99492,1.0,171.689687,3.0071331,0.154,15.729999542236328,7.271237,True,,False,,,,,
HD_99706,1.0,172.1261621,43.9662025,0.13,14.569999694824219,7.391491,True,,False,148680230.0,148680230.0,6.79147,7.37747,7.65
HIP_10090,1.0,32.4351198,-30.7470844,0.073,6.36299991607666,8.772808,True,,False,123405802.0,123405802.0,8.411,,8.961
HIP_105854,1.0,321.5962275,-37.8294782,0.379,285.20001220703125,5.298093,True,,False,129649472.0,129649472.0,4.6293,5.28614,5.64
HIP_107772,1.0,327.4977057,-41.2440371,0.059,5.711999893188477,9.936039,True,,False,,,,,
HIP_107773,1.0,327.5005089,-64.7126993,0.349,248.60000610351562,5.359837,True,,False,406320735.0,406320735.0,4.7746,5.36073,5.62
HIP_109384,1.0,332.408972,71.313956,0.078,7.184999942779541,9.395268,True,,False,316470945.0,316470945.0,8.8726,9.38798,9.61
HIP_109600,1.0,333.027079,29.0662082,0.09,10.720000267028809,9.011125,True,,False,27864699.0,27864699.0,8.539,9.00386,9.18
HIP_111909,1.0,340.0304354,-49.5985391,0.085,6.394999980926514,7.111319,True,,False,161173454.0,161173454.0,6.5018,7.09697,7.37
HIP_113103,1.0,343.5723794,-43.0102291,0.082,13.399999618530273,9.617803,True,,False,121490076.0,121490076.0,8.9988,9.61752,9.95
HIP_114933,1.0,349.2071949,-21.2033101,0.139,16.399999618530273,6.991939,True,,False,9007224.0,9007224.0,6.38206,6.97658,7.25
HIP_116454,1.0,353.9543517,0.4447043,0.092,9.116000175476074,9.936927,True,,False,2052767429.0,2052767429.0,16.8071,17.0282,17.08
HIP_12961,1.0,41.6800749,-23.0860048,0.068,7.327000141143799,9.602942,True,,False,,,,,
HIP_14810,1.0,47.809275,21.0971302,0.093,6.158999919891357,8.342932,True,,False,113810736.0,113810736.0,7.8638,8.33307,8.52
HIP_18606,1.0,59.7181058,-5.4706979,0.242,79.62999725341797,5.567367,True,,False,49952922.0,49952922.0,4.9762,5.56374,5.83308
HIP_19976,1.0,64.2597881,-40.7985198,0.08,9.937999725341797,9.893325,True,,False,7623762.0,7623762.0,9.1498,9.88841,10.48
HIP_21152,1.0,68.0205209,5.4100745,0.147,31.549999237060547,6.267808,True,,False,452767166.0,452767166.0,5.9557,6.25568,6.37009
HIP_34222,1.0,106.4257786,27.4704132,0.051,2.742000102996826,9.58005,True,,False,91842379.0,91842379.0,8.7641,9.57701,10.14
HIP_35173,1.0,109.0449329,-3.6661273,0.102,9.27400016784668,8.716114,True,,False,50992589.0,50992589.0,8.1003,8.70829,9.01
HIP_35965,1.0,111.2025182,-51.3257507,0.082,9.020999908447266,9.88985,True,,False,,,,,
HIP_38594,1.0,118.5439118,-25.3023073,0.077,12.430000305175781,9.089835,True,,False,,,,,
HIP_39017,1.0,119.7665756,-4.3326006,0.132,21.950000762939453,6.918734,True,,False,26045729.0,26045729.0,6.6877,6.90458,6.96076
HIP_39330,1.0,120.6116831,-46.3353155,0.134,13.930000305175781,7.368804,True,,False,79698690.0,79698690.0,6.9299,7.35423,7.52
HIP_41378,1.0,126.6158279,10.0803708,0.094,8.42199993133545,8.818542,True,,False,366443426.0,366443426.0,8.4642,8.80998,8.93
HIP_4845,1.0,15.5881733,-10.4246208,0.085,10.890000343322754,9.38436,True,,False,24250831.0,24250831.0,8.5474,9.37826,10.06
HIP_48714,1.0,149.0332672,62.7859505,0.096,9.189000129699707,8.231167,True,,False,,,,,
HIP_5158,1.0,16.5094891,-22.4536134,0.097,13.300000190734863,9.805267,True,,False,268634769.0,268634769.0,9.1605,9.80235,10.16
HIP_54373,1.0,166.8643532,-19.2916857,0.086,9.01200008392334,9.644162,True,,False,410407964.0,410407964.0,8.67362,9.64076,10.38
HIP_54515,1.0,167.3066308,-1.3332838,0.195,36.72999954223633,6.78579,True,,False,62903306.0,62903306.0,6.6653,6.76889,6.807
HIP_54597,1.0,167.6082179,-29.4143018,0.052,3.6619999408721924,9.488162,True,,False,20375215.0,20375215.0,8.8392,9.4828,9.83
HIP_55507,1.0,170.5227246,46.907803,0.07,9.467000007629395,9.270674,True,,False,406781410.0,406781410.0,8.4919,9.26803,9.8
HIP_56640,1.0,174.2008941,-37.0391349,0.102,8.75,7.661991,True,,False,181152368.0,181152368.0,7.0326,7.64993,7.94
HIP_56998,1.0,175.2563039,-44.4041485,0.127,15.210000038146973,7.394229,True,,False,,,,,
HIP_57274,1.0,176.1705487,30.9576484,0.093,9.23799991607666,8.577943,True,,False,,,,,
HIP_5763,1.0,18.495343,16.4942738,0.215,50.689998626708984,9.393888,True,,False,408290683.0,408290683.0,8.6614,9.39022,9.82
HIP_63242,1.0,194.3824825,-65.6463263,0.105,11.819999694824219,6.581108,True,,False,437310271.0,437310271.0,5.9463,6.56453,6.86
HIP_65407,1.0,201.087663,48.8847322,0.058,4.9770002365112305,9.157551,True,,False,165454978.0,165454978.0,8.6487,9.15101,9.38
HIP_65426,1.0,201.1501727,-51.5045384,0.235,61.400001525878906,6.998614,True,,False,438702139.0,438702139.0,6.9476,6.98273,7.01
HIP_65891,1.0,202.6050857,-58.6643937,0.115,21.860000610351562,6.495882,True,,False,68418284.0,68418284.0,5.8906,6.48224,6.75
HIP_65_A,1.0,0.1856063,-54.8308228,0.044,3.759999990463257,10.588468,True,,False,201248411.0,201248411.0,9.9005,10.5895,11.0
HIP_66074,1.0,203.1635632,75.0071038,0.083,8.416000366210938,9.748717,True,,False,,,,,
HIP_67522,1.0,207.526001,-40.8358961,0.07,5.304999828338623,9.615366,True,,False,166527623.0,166527623.0,9.1871,9.63261,9.79
HIP_67537,1.0,207.5808445,-39.9008996,0.131,18.229999542236328,6.180024,True,,False,166526615.0,166526615.0,5.5913,6.17087,6.43
HIP_67851,1.0,208.465364,-35.3146536,0.201,51.439998626708984,5.90057,True,,False,111947706.0,111947706.0,5.2887,5.89329,6.17
HIP_70849,1.0,217.3270762,-46.464684,0.094,12.600000381469727,9.701463,True,,False,127382459.0,127382459.0,8.77901,9.69796,10.421
HIP_71135,1.0,218.2158073,-52.6464757,0.07,4.544000148773193,9.961064,True,,False,457695809.0,457695809.0,9.1603,9.95835,10.53
HIP_74890,1.0,229.5714974,-41.4210961,0.133,19.1200008392334,6.767414,True,,False,148153804.0,148153804.0,6.1409,6.75234,7.05
HIP_77900,1.0,238.6253901,-27.3387434,0.316,140.60000610351562,6.124674,True,,False,24133681.0,24133681.0,6.21296,6.11944,6.15
HIP_78530,1.0,240.4810052,-21.980492,0.2,42.630001068115234,7.162432,True,,False,1259690584.0,1259690584.0,7.09022,7.14665,7.1691
HIP_79098_AB,1.0,242.1821202,-23.6855244,0.987,1124.0,5.839924,True,,False,48908494.0,48908494.0,5.84026,5.83871,5.86
HIP_79431,1.0,243.1742467,-18.8764247,0.176,39.709999084472656,10.250556,True,,False,49324530.0,49324530.0,9.04952,10.2351,11.394
HIP_8152,1.0,26.2092533,-18.4013844,0.056,3.882999897003174,9.912852,True,,False,164767175.0,164767175.0,9.45661,9.90726,10.07
HIP_8541,1.0,27.5271962,-54.4651633,0.132,14.390000343322754,7.572554,True,,False,231019255.0,231019255.0,6.9172,7.56075,7.88
HIP_86221,1.0,264.294875,27.896391,40.892,1219000.0,9.115291,True,,False,311407476.0,311407476.0,8.033,,9.25
HIP_8923,1.0,28.7250931,-11.5113361,0.128,10.319999694824219,8.097308,True,,False,24940997.0,24940997.0,7.6729,8.08772,8.24
HIP_90988,1.0,278.3892816,-50.211692,0.136,14.069999694824219,7.479614,True,,False,404598466.0,404598466.0,6.8641,7.46648,7.75
HIP_91258,1.0,279.2211173,61.7015065,0.121,9.647000312805176,8.459288,True,,False,383675945.0,383675945.0,7.9605,8.45032,8.65
HIP_94235,1.0,287.7411441,-60.2726358,0.136,16.860000610351562,8.173207,True,,False,464646604.0,464646604.0,7.7582,8.16034,8.31
HIP_948,1.0,2.9276336,-39.2304879,0.136,20.139999389648438,9.567394,True,,False,,,,,
HIP_9618,1.0,30.9050061,21.2813274,0.077,6.139999866485596,9.033463,True,,False,306263608.0,306263608.0,8.5725,9.02543,9.2
HIP_97166,1.0,296.2446203,74.0628577,0.068,6.184999942779541,9.690018,True,,False,237222864.0,237222864.0,9.1416,9.68443,9.92
HIP_97233,1.0,296.4221207,-0.6968794,0.208,42.06999969482422,7.084849,True,,False,251662732.0,251662732.0,6.4884,7.07025,7.34
HIP_99770,1.0,303.6338344,36.8066046,0.763,798.5999755859375,4.889878,True,,False,10988057.0,10988057.0,4.7906,4.9147,4.94292
HN_Lib,1.0,218.5684823,-12.5170062,0.276,63.15999984741211,9.894982,True,,False,,,,,
HN_Peg,1.0,326.1315705,14.7714524,0.229,79.05000305175781,5.819592,True,,False,301880196.0,301880196.0,5.4198,5.82363,5.97707
HR_2562,1.0,102.5042716,-60.2486775,0.158,31.950000762939453,6.004305,True,,False,167656187.0,167656187.0,5.6801,5.99741,6.11
HR_5183,1.0,206.7357992,6.3498994,0.172,43.95000076293945,6.186126,True,,False,,,,,
HR_810,1.0,40.6417178,-50.7993484,0.405,283.20001220703125,5.256284,True,,False,,,,,
HR_858,1.0,42.9849779,-30.8140609,0.224,90.79000091552734,6.264977,True,,False,178155732.0,178155732.0,5.9053,6.25276,6.38
HR_8799,1.0,346.8701486,21.1340376,0.307,122.0999984741211,5.910741,True,,False,245368902.0,245368902.0,5.7051,5.90914,5.98
HS_Psc,1.0,24.347379,26.9528036,0.122,19.729999542236328,10.291925,True,,False,353804063.0,353804063.0,9.5214,10.2865,10.769
HU_Aqr,1.0,316.9921976,-5.2948694,0.0,0.0,16.434158,True,,False,364173220.0,364173220.0,16.06,16.4718,16.183
IC_4651_9122,1.0,261.2086139,-49.9489317,0.048,2.443000078201294,10.534775,True,,False,214416505.0,214416505.0,9.8344,10.5336,10.909
IRAS_04125+2902,1.0,63.9283394,29.166542,0.116,7.436999797821045,13.981357,True,,False,56658270.0,56658270.0,12.8131,13.991,15.642
ISO-Oph_96,1.0,246.7687845,-24.716683,0.263,3.7699999809265137,16.586227,True,,False,175629533.0,175629533.0,14.9453,16.6016,
ITG_15_A,1.0,69.9370379,26.0312128,0.362,27.540000915527344,14.987539,True,,False,150058659.0,150058659.0,13.5218,14.9979,
K2-10,1.0,172.1216476,1.6906217,0.062,4.613999843597412,12.207757,True,,False,363573185.0,363573185.0,11.7442,12.2156,12.429
K2-100,1.0,129.6010863,20.1060074,0.094,9.552000045776367,10.410198,True,,False,307733361.0,307733361.0,10.0121,10.4053,10.651
K2-101,1.0,130.3439097,18.9338205,0.059,4.433000087738037,12.648937,True,,False,175265494.0,175265494.0,12.0339,12.6619,12.892
K2-102,1.0,130.0558953,19.7787519,0.065,3.5209999084472656,12.836938,True,,False,175262071.0,175262071.0,12.1854,12.8466,13.083
K2-104,1.0,129.6366594,19.7737202,0.094,1.3509999513626099,15.371006,True,,False,175194958.0,175194958.0,14.2749,15.3955,15.989
K2-105,1.0,125.4202985,13.4975122,0.08,9.36400032043457,11.70559,True,,False,6892385.0,6892385.0,11.2089,11.7124,11.752
K2-108,1.0,123.3818484,16.419516,0.057,4.540999889373779,12.161869,True,,False,27635334.0,27635334.0,11.6736,12.1704,12.339
K2-11,1.0,169.0418328,1.9866832,0.0,0.0,13.138878,True,,False,301609547.0,301609547.0,12.6097,13.1501,13.409
K2-110,1.0,207.3497402,-12.2849182,0.081,9.961999893188477,11.656601,True,,False,287333762.0,287333762.0,11.0552,11.6627,11.985
K2-111,1.0,59.8903081,21.2985263,0.13,27.889999389648438,10.933215,True,,False,14227229.0,14227229.0,10.4561,10.9294,11.13
K2-113,1.0,19.4493823,6.8688469,0.0,0.0,13.49139,True,,False,376939759.0,376939759.0,13.0121,13.5039,13.744
K2-114,1.0,127.882912,11.922255,0.0,0.0,14.262713,True,,False,366576758.0,366576758.0,13.6674,14.2751,14.55
K2-115,1.0,126.5535002,12.281851,0.014,0.15369999408721924,13.187856,True,,False,7020254.0,7020254.0,12.7462,13.2,13.444
K2-116,1.0,336.1523363,-11.5793181,0.083,7.186999797821045,10.328116,True,,False,39936432.0,39936432.0,9.5966,10.3281,10.8
K2-117,1.0,133.8557342,10.4692176,0.0,0.0,13.783936,True,,False,458686847.0,458686847.0,12.7482,13.8012,14.639
K2-118,1.0,132.1268608,15.6558964,0.0,0.0,13.737027,True,,False,293496724.0,293496724.0,13.1313,13.7484,14.0
K2-119,1.0,132.0098683,16.9017663,0.0,0.0,14.496651,True,,False,293460551.0,293460551.0,13.8223,14.5103,14.818
K2-12,1.0,173.1919022,2.2446794,0.045,2.4179999828338623,12.079906,True,,False,396972464.0,396972464.0,11.637,12.0884,12.38
K2-121,1.0,126.9366624,17.5793267,0.084,8.04699993133545,12.914007,True,,False,7059054.0,7059054.0,12.244,12.9247,13.229
K2-122,1.0,126.4762179,20.3593384,0.082,9.317000389099121,12.35919,True,,False,14635562.0,14635562.0,11.3839,12.3708,13.105
K2-123,1.0,134.4441404,21.4532748,0.025,0.3935000002384186,14.07688,True,,False,197249801.0,197249801.0,13.1214,14.0916,14.781
K2-124,1.0,133.6410515,23.1329509,0.118,2.4719998836517334,15.437321,True,,False,197221381.0,197221381.0,14.2787,15.4618,16.692
K2-125,1.0,204.1418754,-14.9478195,0.0,0.0,15.128365,True,,False,405673618.0,405673618.0,14.027,15.1508,16.4
K2-126,1.0,203.5467021,-13.5769705,0.114,19.899999618530273,12.386018,True,,False,422349422.0,422349422.0,11.6297,12.4013,12.759
K2-127,1.0,207.0782895,-11.5889878,0.0,0.0,14.772181,True,,False,187309502.0,187309502.0,14.1986,14.7871,15.041
K2-128,1.0,204.4376666,-8.5970858,0.076,9.321999549865723,12.208517,True,,False,677945.0,677945.0,11.5155,12.2204,12.58
K2-129,1.0,289.1485491,-25.6463233,0.143,18.06999969482422,12.448667,True,,False,2468648.0,2468648.0,11.2323,12.4624,13.639
K2-13,1.0,170.1554763,2.5027534,0.076,4.933000087738037,12.731342,True,,False,363479723.0,363479723.0,12.2692,12.739,12.882
K2-130,1.0,290.2705419,-19.6908744,0.058,4.501999855041504,12.317178,True,,False,12181371.0,12181371.0,11.6011,12.3253,12.676
K2-131,1.0,182.751404,-9.7652392,0.076,7.572999954223633,11.889896,True,,False,176868951.0,176868951.0,11.3328,11.8999,12.129
K2-132,1.0,182.1662666,-8.7472172,0.106,14.640000343322754,11.637434,True,,False,152852327.0,152852327.0,11.0295,11.64,12.071
K2-133,1.0,70.1493775,25.0098135,0.0,0.0,13.308754,True,,False,150096001.0,150096001.0,12.3252,13.3245,14.073
K2-136,1.0,67.4128615,22.8825674,0.097,17.940000534057617,10.853678,True,,False,18310799.0,18310799.0,10.1192,10.8545,11.101
K2-137,1.0,186.870426,-6.1952168,0.042,0.6470000147819519,14.41192,True,,False,98720702.0,98720702.0,13.2396,14.4345,15.94
K2-138,1.0,348.9490311,-10.8497391,0.064,4.6579999923706055,12.022232,True,,False,4610830.0,4610830.0,11.5018,12.0252,12.246
K2-139,1.0,289.066707,-17.9107147,0.074,6.261000156402588,11.459205,True,,False,11023038.0,11023038.0,10.9139,11.4626,11.652
K2-14,1.0,178.0568745,2.5941222,0.049,0.36079999804496765,15.517032,True,,False,366683184.0,366683184.0,14.611,15.5348,15.78
K2-140,1.0,188.1373172,-9.6076115,0.044,3.111999988555908,12.468968,True,,False,380255458.0,380255458.0,12.0213,12.4814,12.727
K2-141,1.0,350.9170464,-1.1891827,0.116,15.460000038146973,10.718701,True,,False,301235044.0,301235044.0,10.0298,10.7217,11.454
K2-146,1.0,130.0266951,19.0923416,0.08,1.3919999599456787,14.957371,True,,False,175261852.0,175261852.0,13.7247,14.9834,16.7
K2-147,1.0,293.8330329,-28.498475,0.014,0.14180000126361847,13.175817,True,,False,398275886.0,398275886.0,12.1427,13.1913,14.044
K2-148,1.0,14.5176494,-0.193258,0.014,0.1632000058889389,13.049331,True,,False,423358488.0,423358488.0,12.2481,13.0599,13.627
K2-149,1.0,9.8217519,7.2769939,0.0,0.0,13.76397,True,,False,429035886.0,429035886.0,12.7422,13.7795,14.543
K2-15,1.0,178.1105741,4.2546649,0.0,0.0,14.410999,True,,False,366696612.0,366696612.0,13.8622,14.4237,14.758
K2-150,1.0,18.3443908,8.9874328,0.055,0.6644999980926514,14.793309,True,,False,376879419.0,376879419.0,13.6157,14.815,15.784
K2-151,1.0,19.3047733,9.5012663,0.0,0.0,13.294458,True,,False,376936928.0,376936928.0,12.2448,13.3119,14.175
K2-152,1.0,181.6324078,-5.8274311,0.0,0.0,13.027006,True,,False,56754291.0,56754291.0,12.1016,13.0383,13.728
K2-153,1.0,183.8088709,2.0208765,0.066,1.6759999990463257,14.254617,True,,False,397056271.0,397056271.0,13.2766,14.2706,14.96
K2-154,1.0,189.0015173,-2.6696217,0.0,0.0,13.303105,True,,False,175371068.0,175371068.0,12.3813,13.3173,13.861
K2-155,1.0,65.469614,21.3532633,0.054,4.23199987411499,12.241566,True,,False,17307715.0,17307715.0,11.4529,12.2528,12.773
K2-156,1.0,182.699673,-6.2943552,0.08,6.000999927520752,12.938077,True,,False,176868262.0,176868262.0,12.2048,12.9484,13.4
K2-157,1.0,183.7514959,-5.7820178,0.053,3.3450000286102295,12.630308,True,,False,349445372.0,349445372.0,12.1305,12.6419,12.942
K2-158,1.0,179.9397081,-5.7216879,0.185,60.5099983215332,11.610603,True,,False,35021200.0,35021200.0,11.1171,11.6134,11.774
K2-159,1.0,180.5408896,-3.5809053,0.178,49.25,11.639944,True,,False,35064295.0,35064295.0,11.1353,11.6397,11.995
K2-16,1.0,175.0972238,4.5574311,0.0,0.0,14.311226,True,,False,281886199.0,281886199.0,13.6771,14.3234,14.668
K2-160,1.0,184.0545174,-3.5530888,0.073,6.932000160217285,12.528769,True,,False,349456525.0,349456525.0,12.0799,12.542,12.838
K2-161,1.0,183.7938491,-3.4956913,0.062,5.160999774932861,12.346349,True,,False,349445839.0,349445839.0,11.751,12.3574,12.718
K2-162,1.0,186.0383865,-1.111479,0.075,8.258000373840332,11.957663,True,,False,94892940.0,94892940.0,11.3314,11.9662,12.278
K2-164,1.0,171.933659,-0.0628488,0.08,6.664000034332275,11.093853,True,,False,173090902.0,173090902.0,10.6964,11.0942,11.352
K2-165,1.0,184.9004881,0.968327,0.119,14.119999885559082,11.33015,True,,False,149969625.0,149969625.0,10.7875,11.3272,11.332
K2-166,1.0,185.1880932,2.2823788,0.071,6.748000144958496,11.937561,True,,False,377171980.0,377171980.0,11.549,11.9456,12.081
K2-167,1.0,336.5761233,-18.011665,0.118,9.967000007629395,8.116076,True,,False,69747919.0,69747919.0,7.7275,8.10358,8.24
K2-168,1.0,333.1100738,-16.3418863,0.075,6.811999797821045,12.087985,True,,False,437695245.0,437695245.0,11.6244,12.0976,12.365
K2-169,1.0,337.0442461,-14.5993376,0.069,4.943999767303467,11.998913,True,,False,12770870.0,12770870.0,11.5022,12.0063,12.23
K2-17,1.0,178.3296746,6.4123178,0.127,12.84000015258789,12.992914,True,,False,291090078.0,291090078.0,12.2066,13.0023,13.411
K2-170,1.0,335.4506923,-14.5933554,0.065,4.578999996185303,12.488824,True,,False,188509935.0,188509935.0,12.0676,12.4959,12.668
K2-171,1.0,332.3407712,-13.4288624,0.022,0.6123999953269958,12.428785,True,,False,206241306.0,206241306.0,11.8767,12.4386,12.745
K2-172,1.0,335.3081368,-12.5569819,0.044,1.9240000247955322,12.274823,True,,False,188507501.0,188507501.0,11.792,12.2809,12.5
K2-173,1.0,60.3752402,15.6251296,0.08,10.399999618530273,12.175547,True,,False,242993844.0,242993844.0,11.6182,12.1848,12.523
K2-174,1.0,60.7929729,16.347166,0.106,22.59000015258789,11.998935,True,,False,243014114.0,243014114.0,11.2723,12.0082,12.456
K2-175,1.0,52.5035514,17.5841081,0.076,7.36899995803833,10.626884,True,,False,435279748.0,435279748.0,10.1814,10.6251,10.836
K2-176,1.0,58.2691796,17.9069486,0.054,4.165999889373779,12.639467,True,,False,440724456.0,440724456.0,12.0651,12.6504,12.909
K2-177,1.0,55.2296156,20.7360891,0.049,2.8580000400543213,12.414433,True,,False,114031109.0,114031109.0,11.8427,12.422,12.681
K2-178,1.0,52.8888524,22.4348186,0.079,9.692000389099121,12.150024,True,,False,26078330.0,26078330.0,11.584,12.1562,12.382
K2-179,1.0,58.7967878,23.7567524,0.05,3.190999984741211,12.678906,True,,False,14078624.0,14078624.0,12.0556,12.691,12.939
K2-18,1.0,172.560141,7.5878315,0.16,25.260000228881836,12.400764,True,,False,388804061.0,388804061.0,11.2373,12.4154,13.477
K2-180,1.0,126.4643579,10.246577,0.048,2.9800000190734863,12.394803,True,,False,366411016.0,366411016.0,11.8964,12.4039,12.557
K2-181,1.0,127.5541103,10.9101444,0.039,1.7200000286102295,12.551488,True,,False,366528389.0,366528389.0,12.0873,12.5618,12.669
K2-182,1.0,130.180046,10.9829509,0.181,62.08000183105469,11.720228,True,,False,366631954.0,366631954.0,11.1704,11.7202,11.833
K2-183,1.0,125.007177,14.0194586,0.066,6.061999797821045,12.659425,True,,False,60256211.0,60256211.0,12.1741,12.6702,12.867
K2-184,1.0,129.1405227,14.4618826,0.069,4.75,10.134546,True,,False,21244210.0,21244210.0,9.6071,10.13,10.345
K2-185,1.0,130.2596625,14.6902225,0.133,28.239999771118164,12.054206,True,,False,337607207.0,337607207.0,11.6325,12.0636,12.235
K2-186,1.0,135.3350487,18.8252879,0.047,2.759000062942505,12.161765,True,,False,203228393.0,203228393.0,11.7386,12.1713,12.413
K2-187,1.0,132.5235618,23.1924709,0.071,5.308000087738037,12.854905,True,,False,332024125.0,332024125.0,12.3562,12.8673,13.102
K2-188,1.0,129.8137008,23.3574367,0.048,3.2200000286102295,12.47835,True,,False,175236511.0,175236511.0,12.0789,12.4903,12.657
K2-189,1.0,203.6214411,-15.0365158,0.096,15.239999771118164,12.242895,True,,False,422349881.0,422349881.0,11.7537,12.2538,12.398
K2-19,1.0,174.9602543,0.603596,0.076,5.063000202178955,12.806,True,,False,281885301.0,281885301.0,12.3049,12.8153,13.024
K2-190,1.0,205.3630485,-13.1608686,0.119,20.520000457763672,10.959856,True,,False,392469577.0,392469577.0,10.4878,10.9586,11.138
K2-191,1.0,201.6391407,-12.8066737,0.056,3.4630000591278076,12.982107,True,,False,335102224.0,335102224.0,12.4159,12.9948,13.329
K2-192,1.0,206.5823122,-11.5563527,0.092,9.407999992370605,12.445492,True,,False,187273811.0,187273811.0,11.898,12.45,12.656
K2-193,1.0,205.2371043,-11.0093342,0.0,0.0,13.081772,True,,False,741596.0,741596.0,12.5994,13.0947,13.341
K2-194,1.0,204.6089755,-8.9271609,0.072,5.5879998207092285,12.826001,True,,False,706595.0,706595.0,12.4533,12.8383,12.998
K2-195,1.0,199.8315191,-8.5095364,0.059,4.113999843597412,12.312727,True,,False,178941218.0,178941218.0,11.8767,12.3238,12.524
K2-196,1.0,200.4562487,-8.4717104,0.089,8.67199993133545,11.917127,True,,False,178954837.0,178954837.0,11.5279,11.9274,12.241
K2-197,1.0,202.3934779,-7.3739779,0.136,30.299999237060547,11.984614,True,,False,179032688.0,179032688.0,11.5275,11.9937,12.199
K2-198,1.0,198.8436817,-6.4649888,0.158,40.97999954223633,11.012859,True,,False,135043332.0,135043332.0,10.4556,10.9955,10.971
K2-199,1.0,208.9014508,-6.1360833,0.082,7.341000080108643,11.893948,True,,False,2621212.0,2621212.0,11.2309,11.9053,12.358
K2-200,1.0,202.251206,-4.6100532,0.074,7.0980000495910645,12.218916,True,,False,115072772.0,115072772.0,11.6759,12.2315,12.428
K2-201,1.0,293.5607117,-23.1312775,0.064,4.99399995803833,11.942391,True,,False,125060509.0,125060509.0,11.4107,11.9432,12.168
K2-203,1.0,12.7736909,-1.1958844,0.082,9.29800033569336,12.113193,True,,False,333605244.0,333605244.0,11.5474,12.1219,12.391
K2-204,1.0,17.3825067,-0.5177539,0.11,9.708000183105469,12.877765,True,,False,248351386.0,248351386.0,12.4611,12.8893,12.985
K2-205,1.0,15.2175909,0.425966,0.077,6.8480000495910645,12.241288,True,,False,344661825.0,344661825.0,11.8374,12.2509,12.45
K2-206,1.0,11.2564264,0.5931866,0.06,3.99399995803833,12.814843,True,,False,257392778.0,257392778.0,12.2619,12.8274,13.084
K2-207,1.0,11.6996481,0.6406182,0.082,6.785999774932861,12.955281,True,,False,257571543.0,257571543.0,12.4815,12.9687,13.175
K2-208,1.0,20.7789809,0.8890076,0.04,1.9980000257492065,12.301944,True,,False,399722652.0,399722652.0,11.8333,12.3135,12.577
K2-209,1.0,14.6903464,1.382807,0.068,5.193999767303467,10.745389,True,,False,257436461.0,257436461.0,10.1095,10.7447,11.061
K2-21,1.0,340.3037846,-14.4893256,0.073,6.074999809265137,12.268106,True,,False,240766850.0,240766850.0,11.4644,12.2785,12.851
K2-210,1.0,17.6412694,1.5784137,0.087,8.354000091552734,11.578475,True,,False,388801714.0,388801714.0,11.0759,11.5845,11.535
K2-211,1.0,21.1061587,1.7049101,0.079,6.394000053405762,12.920282,True,,False,399731211.0,399731211.0,12.383,12.9329,13.1547
K2-212,1.0,18.4241015,3.0970732,0.062,4.627999782562256,12.537027,True,,False,388811663.0,388811663.0,11.7603,12.55,12.977
K2-213,1.0,13.1403998,3.5077702,0.097,13.989999771118164,12.031023,True,,False,257435562.0,257435562.0,11.6049,12.0409,11.803
K2-214,1.0,14.8759777,4.2277722,0.137,24.209999084472656,11.593251,True,,False,344657681.0,344657681.0,11.1651,11.599,11.806
K2-215,1.0,18.4700795,6.1238647,0.056,3.8510000705718994,12.817424,True,,False,376905329.0,376905329.0,12.3609,12.8302,12.99
K2-216,1.0,11.4802354,6.3470302,0.14,32.38999938964844,12.048571,True,,False,418761354.0,418761354.0,11.375,12.0576,12.403
K2-217,1.0,11.2983678,6.4815879,0.116,21.920000076293945,12.018278,True,,False,405333767.0,405333767.0,11.601,12.0279,12.264
K2-218,1.0,12.809613,6.8464327,0.072,5.571000099182129,12.701536,True,,False,266014458.0,266014458.0,12.2418,12.7137,12.92
K2-219,1.0,12.8452963,8.8675474,0.053,3.2929999828338623,11.901295,True,,False,266014079.0,266014079.0,11.4427,11.911,12.09
K2-22,1.0,169.4827046,2.6190363,0.0,0.0,14.934338,True,,False,363445338.0,363445338.0,13.9558,14.9537,15.565
K2-220,1.0,12.7700071,9.5167694,0.156,33.45000076293945,11.714332,True,,False,266012991.0,266012991.0,11.2429,11.7214,11.873
K2-221,1.0,16.6550286,10.1897385,0.055,4.245999813079834,12.401833,True,,False,257801011.0,257801011.0,11.9217,12.4149,12.571
K2-222,1.0,16.4625203,11.7537171,0.067,4.35699987411499,9.365929,True,,False,257774438.0,257774438.0,8.97055,9.36072,9.543
K2-223,1.0,185.306183,-10.2820915,0.109,15.15999984741211,11.271248,True,,False,98594138.0,98594138.0,10.8242,11.2736,11.443
K2-224,1.0,189.7041426,-10.0605942,0.046,2.7090001106262207,12.510833,True,,False,32425577.0,32425577.0,12.0532,12.5216,12.7
K2-225,1.0,186.5410958,-9.6248232,0.097,11.729999542236328,11.516912,True,,False,98677125.0,98677125.0,11.0277,11.5203,11.836
K2-226,1.0,183.6456643,-9.5626286,0.074,6.618000030517578,12.082248,True,,False,176938958.0,176938958.0,11.5473,12.0917,12.337
K2-227,1.0,190.9484237,-8.4784159,0.152,32.88999938964844,11.491152,True,,False,156599123.0,156599123.0,11.0373,11.4954,12.015
K2-228,1.0,187.2947047,-6.8342028,0.328,103.19999694824219,12.650644,True,,False,98751904.0,98751904.0,11.9808,12.6527,13.028
K2-229,1.0,186.8729195,-6.7218474,0.103,12.859999656677246,10.792194,True,,False,98720809.0,98720809.0,10.2496,10.7861,10.985
K2-230,1.0,191.363117,-6.576051,0.044,2.5859999656677246,12.56141,True,,False,288527728.0,288527728.0,12.1641,12.5751,12.789
K2-231,1.0,289.0918242,-15.7712178,0.054,2.4670000076293945,12.550571,True,,False,130538732.0,130538732.0,12.0386,12.5593,12.768
K2-232,1.0,73.7667927,18.654323,0.086,11.670000076293945,9.731985,True,,False,68577662.0,68577662.0,9.31437,9.72626,9.822
K2-233,1.0,230.4799011,-20.2317975,0.063,4.51800012588501,10.422918,True,,False,428820090.0,428820090.0,9.8125,10.4191,10.883
K2-237,1.0,253.7688479,-28.7105836,0.154,24.1200008392334,11.466937,True,,False,16288184.0,16288184.0,11.0657,11.4668,11.602
K2-238,1.0,347.7043164,-7.8575592,0.994,507.79998779296875,13.7519,True,,False,404243877.0,404243877.0,13.1749,13.6635,13.973
K2-239,1.0,160.5941265,4.4413751,0.028,0.45669999718666077,13.413598,True,,False,374339566.0,374339566.0,12.2352,13.4367,14.632
K2-24,1.0,242.5734559,-24.9906029,0.086,12.989999771118164,10.907954,True,,False,68048686.0,68048686.0,10.371,10.9072,11.275
K2-240,1.0,227.849371,-17.8754464,0.074,5.138000011444092,12.604316,True,,False,432247315.0,432247315.0,11.6392,12.6212,13.372
K2-241,1.0,181.2386829,-6.8052985,0.116,18.31999969482422,11.751192,True,,False,152805642.0,152805642.0,11.2209,11.7562,11.97
K2-242,1.0,179.8358421,-6.5178542,0.0,0.0,15.355399,True,,False,152701771.0,152701771.0,14.145,15.3818,16.414
K2-243,1.0,181.1211419,-4.8991358,0.084,13.770000457763672,10.743662,True,,False,96199085.0,96199085.0,10.3748,10.7424,10.971
K2-244,1.0,183.4686492,-3.8318097,0.146,31.940000534057617,11.6263,True,,False,56814628.0,56814628.0,11.188,11.6317,11.78
K2-246,1.0,181.6296115,-1.1606,0.0,1.4109999772721855e-15,14.339001,True,,False,56721373.0,56721373.0,13.8852,14.3512,14.792
K2-247,1.0,188.8935189,-10.0692793,0.0,0.0,14.342657,True,,False,110999033.0,110999033.0,13.5498,14.3583,14.857
K2-248,1.0,182.8173343,-9.4141696,0.0,2.2400000165959154e-15,13.251086,True,,False,176869982.0,176869982.0,12.7652,13.2616,13.497
K2-249,1.0,183.3667344,-8.9952309,0.085,7.447000026702881,12.439058,True,,False,176910179.0,176910179.0,11.9675,12.4497,12.646
K2-25,1.0,63.2739346,15.2477027,0.135,6.443999767303467,14.355454,True,,False,434226736.0,434226736.0,13.0275,14.3817,16.21
K2-250,1.0,185.0315429,-8.9757427,0.029,0.3880999982357025,13.960868,True,,False,98591691.0,98591691.0,13.3793,13.9725,14.314
K2-251,1.0,190.6892403,-8.5359826,0.0,0.0,14.749148,True,,False,156584871.0,156584871.0,13.6875,14.7702,15.66
K2-252,1.0,182.3663818,-8.3096141,0.052,3.052999973297119,12.608037,True,,False,152868838.0,152868838.0,12.0482,12.6201,12.93
K2-253,1.0,186.0853062,-6.3789537,0.046,0.6668000221252441,14.690787,True,,False,98669309.0,98669309.0,14.1768,14.7042,15.002
K2-254,1.0,185.5507926,-4.7172908,0.0,0.0,13.730487,True,,False,147683165.0,147683165.0,13.018,13.7427,14.238
K2-257,1.0,188.278284,-1.9532879,0.106,9.616000175476074,12.845818,True,,False,130640162.0,130640162.0,11.808,12.8602,13.716
K2-258,1.0,187.6314027,-1.1609171,0.0,0.0,13.127692,True,,False,130634730.0,130634730.0,12.7187,13.1388,13.361
K2-259,1.0,186.8026947,1.5668631,0.066,6.205999851226807,12.362332,True,,False,377259959.0,377259959.0,11.9718,12.375,12.511
K2-26,1.0,94.2064312,24.5958335,0.049,1.1440000534057617,13.736257,True,,False,83181153.0,83181153.0,12.7079,13.7519,14.528
K2-260,1.0,76.8673317,16.8676948,0.059,3.875,12.456422,True,,False,293612446.0,293612446.0,12.0364,12.4667,12.624
K2-261,1.0,163.0323119,0.493167,0.101,11.670000076293945,10.460067,True,,False,281731203.0,281731203.0,9.9623,10.4594,10.612
K2-263,1.0,129.6821253,15.6806039,0.116,17.729999542236328,11.404173,True,,False,21276520.0,21276520.0,10.9027,11.4055,11.568
K2-264,1.0,131.3583524,19.698401,0.0,0.0,15.639099,True,,False,184914317.0,184914317.0,14.4893,15.6625,16.701
K2-265,1.0,342.0316493,-14.4947789,0.081,7.460999965667725,10.929165,True,,False,146364192.0,146364192.0,10.4222,10.9277,11.187
K2-266,1.0,157.9356855,0.9372782,0.081,8.42199993133545,11.349096,True,,False,374180079.0,374180079.0,10.6269,11.3527,11.625
K2-268,1.0,133.7094899,11.8482712,0.0,0.0,13.551785,True,,False,444037742.0,444037742.0,12.986,13.5627,13.848
K2-269,1.0,130.1551381,13.0146799,0.188,61.68000030517578,11.383446,True,,False,21339280.0,21339280.0,11.014,11.377,11.784
K2-27,1.0,171.5151874,1.2306237,0.065,4.627999782562256,12.443249,True,,False,363548415.0,363548415.0,11.9186,12.4528,12.689
K2-270,1.0,131.2665588,13.5497322,0.0,0.0,13.454036,True,,False,293375721.0,293375721.0,12.8344,13.4701,13.847
K2-271,1.0,125.2239144,16.0907958,0.0,0.0,13.645983,True,,False,60286662.0,60286662.0,13.2027,13.6582,13.845
K2-272,1.0,132.6211743,17.5423852,0.0,0.0,13.655427,True,,False,46259692.0,46259692.0,13.1736,13.6668,13.872
K2-273,1.0,129.7768928,19.0100046,0.0,0.0,13.134203,True,,False,175233369.0,175233369.0,12.5831,13.1461,13.246
K2-274,1.0,129.2823699,20.3992512,0.057,2.75,12.874495,True,,False,195193560.0,195193560.0,12.3198,12.8852,13.181
K2-275,1.0,132.1698795,20.4550162,0.108,18.5,11.808092,True,,False,332022997.0,332022997.0,11.1983,11.8139,11.974
K2-276,1.0,125.9528309,22.6339399,0.031,0.40639999508857727,14.368468,True,,False,14570090.0,14570090.0,13.756,14.3792,14.654
K2-277,1.0,202.0161895,-15.9379749,0.121,21.209999084472656,10.128917,True,,False,404421005.0,404421005.0,9.66562,10.1214,10.364
K2-278,1.0,203.3018653,-14.5041057,0.0,0.0,13.240559,True,,False,422334505.0,422334505.0,12.7702,13.2538,13.446
K2-279,1.0,204.7792935,-6.0417592,0.171,48.77000045776367,11.583742,True,,False,709015.0,709015.0,11.1224,11.5907,11.491
K2-28,1.0,335.6233145,-7.9563525,0.116,2.9700000286102295,14.651917,True,,False,39926974.0,39926974.0,13.3455,14.6799,16.526
K2-280,1.0,291.5953596,-22.2477071,0.058,3.3399999141693115,12.35365,True,,False,119605900.0,119605900.0,11.8657,12.3604,12.524
K2-281,1.0,16.2274724,7.2692169,0.0,0.0,14.752767,True,,False,380884458.0,380884458.0,14.0978,14.7677,15.048
K2-282,1.0,13.4321524,7.9952914,0.0,0.0,13.807286,True,,False,266030192.0,266030192.0,13.2667,13.8183,14.21
K2-283,1.0,13.1943679,9.6929181,0.0,0.0,14.119957,True,,False,266017624.0,266017624.0,13.4901,14.1316,14.364
K2-284,1.0,79.1407971,20.2549034,0.042,2.11299991607666,12.85146,True,,False,5882269.0,5882269.0,12.0394,12.8598,13.265
K2-285,1.0,349.3843458,1.3001522,0.055,4.059999942779541,11.799063,True,,False,262715204.0,262715204.0,11.2451,11.804,12.075
K2-286,1.0,233.3698192,-16.7737113,0.067,5.521999835968018,12.153194,True,,False,297373047.0,297373047.0,11.3428,12.1652,12.881
K2-287,1.0,233.0743401,-22.3583447,0.112,15.819999694824219,11.069693,True,,False,73848324.0,73848324.0,10.4838,11.067,11.41
K2-288_B,1.0,55.4442857,18.2684913,0.3,68.52999877929688,13.313143,True,,False,640381384.0,640381384.0,14.1151,14.5451,
K2-289,1.0,246.6429443,-15.7925384,0.0,1.7530000117588315e-15,13.778675,True,,False,413753029.0,413753029.0,12.8575,13.7943,14.81
K2-29,1.0,62.670422,24.4016558,0.11,19.8799991607666,12.194623,True,,False,56399553.0,56399553.0,11.5476,12.2008,12.532
K2-290,1.0,234.8578846,-20.1988975,0.147,31.31999969482422,10.821753,True,,False,70803960.0,70803960.0,10.3985,10.8204,11.114
K2-291,1.0,76.44594,21.548199,0.066,5.323999881744385,9.870469,True,,False,27039476.0,27039476.0,9.3928,9.86639,10.014
K2-293,1.0,351.6064952,-6.0279068,0.0,0.0,13.150029,True,,False,49679172.0,49679172.0,12.6577,13.1611,13.44
K2-294,1.0,352.0516724,-7.6037856,0.03,0.9343000054359436,12.362741,True,,False,49709169.0,49709169.0,11.905,12.37,12.649
K2-295,1.0,19.6101417,6.8167277,0.0,0.0,13.504044,True,,False,376981340.0,376981340.0,12.813,13.5184,13.852
K2-3,1.0,172.3353708,-1.4551364,0.104,13.210000038146973,11.474142,True,,False,173103335.0,173103335.0,10.5459,11.4785,12.168
K2-30,1.0,52.3420548,22.2993491,0.009,0.06577000021934509,13.195046,True,,False,26017005.0,26017005.0,12.5489,13.2056,13.547
K2-308,1.0,78.3391194,16.4141986,8.126,13380.0,15.080767,True,,False,411697517.0,411697517.0,14.4087,14.8949,15.072
K2-31,1.0,245.4405531,-23.548273,0.081,9.880999565124512,10.538268,True,,False,50171060.0,50171060.0,10.0198,10.5371,10.802
K2-315,1.0,228.0210932,-20.1081634,0.154,2.3269999027252197,15.648836,True,,False,70298662.0,70298662.0,14.3273,15.6791,17.67
K2-316,1.0,233.6247336,-23.2594663,0.109,1.4609999656677246,15.485627,True,,False,73943566.0,73943566.0,14.2731,15.514,17.14
K2-317,1.0,228.6188638,-21.0227209,0.253,2.618000030517578,16.616323,True,,False,70412892.0,70412892.0,15.3938,16.6387,17.74
K2-318,1.0,232.4461375,-17.557463,0.0,0.0,14.378971,True,,False,335322931.0,335322931.0,13.3545,14.3967,15.8
K2-319,1.0,166.8010058,3.0399357,0.074,6.704999923706055,11.933904,True,,False,301540319.0,301540319.0,11.4131,11.9397,12.213
K2-32,1.0,252.426008,-19.5430504,0.058,4.925000190734863,11.995158,True,,False,437444661.0,437444661.0,11.3692,12.0036,12.304
K2-320,1.0,163.2519122,5.3064776,0.0,0.0,16.328287,True,,False,281748980.0,281748980.0,15.0356,16.3554,17.81
K2-321,1.0,156.4054989,2.5138829,0.15,21.110000610351562,12.808597,True,,False,277833995.0,277833995.0,11.758,12.8241,13.677
K2-322,1.0,156.6226981,4.7640203,0.0,0.0,13.293468,True,,False,277869696.0,277869696.0,12.3882,13.3108,13.963
K2-323,1.0,159.4209874,6.2858689,0.0,0.0,14.051001,True,,False,392852196.0,392852196.0,12.9946,14.0693,14.935
K2-324,1.0,157.6222171,6.8636732,0.0,0.0,14.500688,True,,False,392817207.0,392817207.0,13.4415,14.5172,15.223
K2-325,1.0,353.9169507,-7.6867213,0.109,0.7865999937057495,16.114773,True,,False,8918021.0,8918021.0,14.8139,16.137,17.77
K2-326,1.0,351.612262,1.3375909,0.024,0.12700000405311584,14.991199,True,,False,422487869.0,422487869.0,14.1516,15.0082,15.982
K2-329,1.0,351.1353785,-5.1641451,0.05,2.884000062942505,12.43689,True,,False,301258470.0,301258470.0,11.9039,12.4462,12.697
K2-33,1.0,242.5613635,-19.3193831,0.081,2.9509999752044678,14.13351,True,,False,49040478.0,49040478.0,12.9895,14.157,15.838
K2-330,1.0,126.8968265,11.6674131,0.094,10.529999732971191,9.518891,True,,False,366484980.0,366484980.0,9.15722,9.51275,9.608
K2-331,1.0,132.7376431,13.170269,0.16,40.4900016784668,11.193569,True,,False,46296576.0,46296576.0,10.7578,11.1945,11.305
K2-332,1.0,135.8832666,14.2504994,0.0,0.0,16.451405,True,,False,330621494.0,330621494.0,15.155,16.4791,
K2-333,1.0,136.7892752,15.2056765,0.092,12.819999694824219,11.976839,True,,False,330690135.0,330690135.0,11.5559,11.9866,12.073
K2-334,1.0,136.4894259,16.3255146,0.184,54.4900016784668,11.346735,True,,False,330687113.0,330687113.0,10.999,11.3479,11.842
K2-335,1.0,129.3896679,16.5220648,0.032,1.2640000581741333,12.462324,True,,False,21247758.0,21247758.0,12.1033,12.4741,12.556
K2-336,1.0,133.8382032,16.7940663,0.056,4.715000152587891,12.499709,True,,False,46382728.0,46382728.0,12.004,12.5114,12.803
K2-337,1.0,127.761137,16.9004702,0.064,4.894000053405762,12.221353,True,,False,20484888.0,20484888.0,11.8104,12.2299,12.385
K2-338,1.0,124.3609294,17.0241557,0.054,2.7880001068115234,13.032296,True,,False,186814470.0,186814470.0,12.3552,13.0455,13.322
K2-339,1.0,130.082542,18.6929046,0.0,0.0,14.334318,True,,False,175241633.0,175241633.0,13.7069,14.3436,14.487
K2-34,1.0,127.5787231,22.2359194,0.162,35.560001373291016,11.435231,True,,False,178217113.0,178217113.0,11.0514,11.4357,11.447
K2-340,1.0,127.9373409,19.0745863,0.0,0.0,14.121285,True,,False,178246831.0,178246831.0,13.6324,14.1327,14.428
K2-341,1.0,130.4971951,19.9166357,0.054,3.9170000553131104,12.546361,True,,False,175290685.0,175290685.0,12.1346,12.5585,12.725
K2-342,1.0,133.1218996,21.2386816,0.119,21.940000534057617,11.071957,True,,False,197215129.0,197215129.0,10.6535,11.0702,11.338
K2-343,1.0,134.2021746,21.5026882,0.05,0.6952999830245972,15.111377,True,,False,197246627.0,197246627.0,14.0431,15.1312,16.01
K2-344,1.0,136.3614923,21.6685886,0.053,2.63100004196167,12.728948,True,,False,203289099.0,203289099.0,11.7538,12.7423,13.423
K2-345,1.0,132.7075876,21.7890367,0.0,2.0620000661369237e-15,14.675809,True,,False,238608004.0,238608004.0,13.6347,14.6951,15.72
K2-346,1.0,125.9864854,22.663226,0.084,9.597000122070312,11.676031,True,,False,14570099.0,14570099.0,11.0384,11.6828,11.903
K2-347,1.0,126.3726821,23.2974061,0.0,0.0,14.800063,True,,False,14603874.0,14603874.0,14.0838,14.8131,15.15
K2-348,1.0,130.8783479,24.4229559,0.07,9.317000389099121,12.316635,True,,False,117275513.0,117275513.0,11.7421,12.3271,12.572
K2-349,1.0,199.0996546,-14.4447454,0.0,0.0,14.17028,True,,False,347812320.0,347812320.0,13.6069,14.1826,14.585
K2-35,1.0,170.1031027,1.2858679,0.0,0.0,13.902962,True,,False,363478257.0,363478257.0,13.1872,13.9152,14.166
K2-350,1.0,204.0355092,-14.0092516,0.014,0.14650000631809235,13.298203,True,,False,294319820.0,294319820.0,12.8469,13.3115,13.449
K2-351,1.0,206.6522408,-11.8049588,0.0,0.0,13.972629,True,,False,187273748.0,187273748.0,13.5118,13.9854,14.195
K2-352,1.0,140.4451478,18.469628,0.17,45.70000076293945,11.11702,True,,False,86130229.0,86130229.0,10.6699,11.1147,11.125
K2-353,1.0,201.6168564,-2.2819018,0.109,20.84000015258789,12.088315,True,,False,115010361.0,115010361.0,11.6271,12.0988,12.337
K2-354,1.0,129.1299193,10.1472175,0.0,0.0,14.357374,True,,False,468989066.0,468989066.0,13.2202,14.3753,15.296
K2-355,1.0,124.6426189,13.5027816,0.0,0.0,13.518241,True,,False,186853124.0,186853124.0,13.0561,13.5297,13.707
K2-356,1.0,128.3219134,13.6613758,0.031,0.7796000242233276,13.137823,True,,False,20536788.0,20536788.0,12.6649,13.148,13.268
K2-357,1.0,131.9386628,16.3289144,0.0,2.0100000782302717e-15,13.467436,True,,False,293459761.0,293459761.0,13.0172,13.4792,13.748
K2-358,1.0,133.8081054,18.9497263,0.0,0.0,13.561483,True,,False,197241396.0,197241396.0,13.0892,13.5733,13.699
K2-36,1.0,169.4490102,3.8665038,0.065,4.669000148773193,11.524252,True,,False,363445121.0,363445121.0,10.9128,11.527,11.726
K2-366,1.0,243.6800912,-19.3468837,0.071,5.923999786376953,12.127446,True,,False,49512708.0,49512708.0,11.4955,12.1351,12.636
K2-367,1.0,337.8588454,-13.2644554,0.0,0.0,13.386003,True,,False,12821302.0,12821302.0,12.6884,13.3983,13.794
K2-368,1.0,332.6357627,-11.1661157,0.021,0.3312999904155731,13.207608,True,,False,38136597.0,38136597.0,12.5832,13.2207,13.581
K2-369,1.0,329.7262534,-10.8750666,0.112,17.760000228881836,11.365708,True,,False,49984349.0,49984349.0,10.9307,11.3732,11.789
K2-37,1.0,243.4509662,-24.7870527,0.052,3.940999984741211,12.247519,True,,False,68504570.0,68504570.0,11.6368,12.2573,12.573
K2-370,1.0,67.8205302,19.8316901,0.082,12.069999694824219,10.885843,True,,False,456945304.0,456945304.0,10.3729,10.8824,11.109
K2-371,1.0,128.0670932,11.6307099,0.0,0.0,14.381456,True,,False,366622912.0,366622912.0,13.7988,14.3938,14.492
K2-372,1.0,130.7988719,13.0094226,0.02,0.3799000084400177,13.431255,True,,False,333800257.0,333800257.0,12.9673,13.4436,13.589
K2-373,1.0,123.1361518,13.6884986,0.08,8.918999671936035,10.426263,True,,False,27626711.0,27626711.0,10.031,10.4244,10.47
K2-374,1.0,137.3794986,16.3558324,0.045,2.6110000610351562,12.635032,True,,False,321285788.0,321285788.0,12.229,12.6473,12.783
K2-375,1.0,130.5013137,20.3593003,0.101,11.149999618530273,12.943687,True,,False,175290532.0,175290532.0,12.522,12.9572,13.164
K2-376,1.0,132.7193327,25.0380824,0.084,9.444999694824219,10.303385,True,,False,117414377.0,117414377.0,9.89519,10.2998,10.415
K2-377,1.0,202.897887,-12.0951142,0.0,0.0,13.57185,True,,False,422325510.0,422325510.0,12.8351,13.5859,14.107
K2-378,1.0,205.1596569,-11.1172332,0.078,0.8521999716758728,15.496525,True,,False,741119.0,741119.0,14.8943,15.5122,16.029
K2-379,1.0,283.0317641,-27.1807287,0.034,0.7912999987602234,12.89268,True,,False,90090343.0,90090343.0,12.2054,12.8995,13.265
K2-38,1.0,240.0333095,-23.1894196,0.16,49.369998931884766,11.188886,True,,False,12666215.0,12666215.0,10.6554,11.184,11.344
K2-380,1.0,283.4346389,-26.5387308,0.063,4.0920000076293945,11.438431,True,,False,90605642.0,90605642.0,10.9139,11.4419,11.688
K2-381,1.0,288.0267612,-21.0075789,0.049,1.9329999685287476,12.62824,True,,False,10195089.0,10195089.0,11.9607,12.6373,12.883
K2-382,1.0,287.4125267,-19.6269336,0.024,0.4503999948501587,12.757206,True,,False,187960878.0,187960878.0,12.2416,12.7667,12.977
K2-383,1.0,282.008765,-18.3795798,0.029,0.7203999757766724,12.436132,True,,False,31244979.0,31244979.0,11.8437,12.4429,12.689
K2-384,1.0,20.4998403,0.7509701,0.137,4.1539998054504395,15.000616,True,,False,399702475.0,399702475.0,13.7658,15.0276,16.12
K2-386,1.0,18.2999964,7.0130302,0.062,4.2829999923706055,12.981907,True,,False,376879052.0,376879052.0,12.5343,12.9931,13.241
K2-387,1.0,19.4418282,11.3684915,0.105,1.4279999732971191,15.478121,True,,False,376938120.0,376938120.0,14.4498,15.4948,16.147
K2-388,1.0,352.7139342,-11.0773564,0.075,4.945000171661377,12.625926,True,,False,49735922.0,49735922.0,12.1093,12.6357,12.861
K2-389,1.0,355.6304152,-9.7135814,0.103,13.930000305175781,11.565309,True,,False,9030096.0,9030096.0,11.1312,11.5697,11.827
K2-39,1.0,338.3682095,-9.0229405,0.07,5.60099983215332,10.595527,True,,False,250977648.0,250977648.0,9.9735,10.5959,10.831
K2-390,1.0,355.702386,-9.5887124,0.0,0.0,13.332826,True,,False,9030119.0,9030119.0,12.8466,13.3434,13.611
K2-391,1.0,356.2260152,-7.7015151,0.035,1.2610000371932983,12.322285,True,,False,9054633.0,9054633.0,11.8194,12.3302,12.527
K2-392,1.0,354.6499065,-7.4788816,0.093,7.932000160217285,12.669228,True,,False,8963531.0,8963531.0,12.2338,12.6795,12.922
K2-393,1.0,348.5159113,-0.0821031,0.077,10.850000381469727,11.771735,True,,False,279046938.0,279046938.0,11.3202,11.7768,11.84
K2-394,1.0,71.110002,16.5185817,0.055,4.672999858856201,12.197771,True,,False,436575927.0,436575927.0,11.4398,12.2095,12.768
K2-395,1.0,70.4438684,16.6743415,0.0,0.0,14.140524,True,,False,245946724.0,245946724.0,13.3168,14.1559,15.131
K2-396,1.0,74.6928607,17.2690562,0.062,4.151000022888184,12.922785,True,,False,59088823.0,59088823.0,12.2978,12.9345,13.32
K2-397,1.0,79.9516586,21.2591617,0.139,29.350000381469727,11.636251,True,,False,6139066.0,6139066.0,11.1344,11.6421,11.865
K2-398,1.0,161.7349738,1.9367044,0.097,7.922999858856201,12.995614,True,,False,281660552.0,281660552.0,12.6036,13.0091,13.287
K2-4,1.0,174.7455392,-3.9055746,0.028,0.2493000030517578,14.32552,True,,False,49462779.0,49462779.0,13.533,14.3403,14.855
K2-400,1.0,154.5110307,3.6969271,0.0,0.0,13.966168,True,,False,345034874.0,345034874.0,12.7763,13.9899,15.108
K2-401,1.0,154.987604,3.9548275,0.023,0.2903999984264374,13.679444,True,,False,345063080.0,345063080.0,12.9442,13.6941,14.014
K2-402,1.0,161.451913,6.419318,0.057,2.7909998893737793,12.827841,True,,False,393548451.0,393548451.0,12.3928,12.836,13.032
K2-403,1.0,164.1893864,9.6739464,0.055,3.265000104904175,12.145548,True,,False,365007485.0,365007485.0,11.6575,12.152,12.305
K2-404,1.0,160.3249517,12.1911149,0.0,0.0,13.825681,True,,False,61312205.0,61312205.0,12.8475,13.8429,14.622
K2-405,1.0,164.3759959,12.535614,0.063,3.990000009536743,12.583108,True,,False,149496868.0,149496868.0,11.9783,12.5911,12.816
K2-406,1.0,230.8872242,-25.3706149,0.081,6.361000061035156,9.50054,True,,False,292202337.0,292202337.0,9.046,9.49379,9.465
K2-407,1.0,232.5552584,-23.0067371,0.083,10.420000076293945,11.98867,True,,False,422685031.0,422685031.0,11.4565,11.9956,11.969
K2-408,1.0,227.9168555,-17.6842698,0.078,7.855999946594238,11.729173,True,,False,432247186.0,432247186.0,11.2181,11.7345,12.056
K2-409,1.0,228.4551125,-16.3512966,0.052,3.1549999713897705,12.606088,True,,False,432261603.0,432261603.0,12.1186,12.6144,12.902
K2-411,1.0,58.003631,19.3909877,0.085,14.119999885559082,11.978589,True,,False,440701570.0,440701570.0,11.4618,11.9872,12.27
K2-413,1.0,353.4175668,-7.6120272,0.061,0.9697999954223633,14.564562,True,,False,423610130.0,423610130.0,13.7731,14.5773,15.013
K2-414,1.0,351.6361913,-4.6066569,0.0,0.0,13.928948,True,,False,301288279.0,301288279.0,13.2051,13.9384,14.289
K2-415,1.0,137.2015437,11.8622503,0.073,3.7739999294281006,13.770329,True,,False,,,,,
K2-416,1.0,349.2211822,-5.2015032,0.037,0.6201000213623047,13.929906,True,,False,301132473.0,301132473.0,12.8964,13.9468,14.794
K2-417,1.0,350.1417675,-10.0365901,0.0,0.0,13.141169,True,,False,49592509.0,49592509.0,12.1559,13.1533,13.909
K2-419_A,1.0,135.0194934,13.2737056,0.0,0.0,15.713195,True,,False,437054764.0,437054764.0,14.6831,15.7336,16.52
K2-42,1.0,176.6657559,-5.1720463,0.045,0.855400025844574,14.620242,True,,False,82054726.0,82054726.0,13.9576,14.6336,15.006
K2-43,1.0,169.117028,-3.9754405,0.021,0.0917700007557869,14.798712,True,,False,443616612.0,443616612.0,13.7701,14.8215,15.748
K2-44,1.0,174.011661,-2.5209338,0.054,3.3329999446868896,12.015865,True,,False,49427836.0,49427836.0,11.5968,12.0238,12.27
K2-45,1.0,169.6327547,-1.7740582,0.0,0.0,15.330884,True,,False,38087018.0,38087018.0,14.6026,15.3442,15.746
K2-46,1.0,174.2662454,-0.90721,0.085,9.213000297546387,11.90667,True,,False,49430892.0,49430892.0,11.5642,11.9153,12.144
K2-47,1.0,168.5825696,2.7805614,0.0,0.0,13.728656,True,,False,301603728.0,301603728.0,13.1612,13.7404,14.065
K2-48,1.0,176.1233077,3.2723812,0.0,0.0,13.952621,True,,False,397022282.0,397022282.0,13.3379,13.9677,14.345
K2-49,1.0,177.3202331,3.4755183,0.075,0.9876000285148621,15.227762,True,,False,325335564.0,325335564.0,14.5115,15.2444,15.668
K2-5,1.0,169.3034598,-1.8778254,0.0,0.0,14.322862,True,,False,38064757.0,38064757.0,13.5383,14.339,14.974
K2-50,1.0,169.483654,5.988289,0.0,0.0,14.244257,True,,False,363444743.0,363444743.0,13.5014,14.2575,14.705
K2-54,1.0,338.0541631,-17.5440636,0.0,0.0,13.92766,True,,False,12822545.0,12822545.0,13.0367,13.9449,14.542
K2-55,1.0,333.7518786,-17.2508002,0.016,0.22759999334812164,13.047792,True,,False,437704321.0,437704321.0,12.3071,13.0624,13.519
K2-57,1.0,342.6918241,-14.0700007,0.0,0.0,14.089346,True,,False,146799150.0,146799150.0,13.3833,14.1038,14.414
K2-58,1.0,333.8218395,-14.049857,0.112,20.200000762939453,12.128002,True,,False,437703489.0,437703489.0,11.5544,12.1319,12.415
K2-59,1.0,338.94255,-14.027727,0.057,1.2630000114440918,13.927329,True,,False,188570847.0,188570847.0,13.3397,13.9395,14.266
K2-6,1.0,178.1921152,-1.1984418,0.013,0.24220000207424164,12.490585,True,,False,446672575.0,446672575.0,12.0593,12.5018,12.66
K2-60,1.0,338.6062312,-13.7318044,0.069,3.9670000076293945,12.603374,True,,False,206284139.0,206284139.0,12.1112,12.6108,12.857
K2-61,1.0,339.6748444,-13.5600447,0.074,4.249000072479248,12.849325,True,,False,402314147.0,402314147.0,12.3951,12.8575,13.173
K2-62,1.0,334.3645089,-12.1874776,0.063,4.440000057220459,12.03561,True,,False,434094657.0,434094657.0,11.3633,12.0433,12.391
K2-63,1.0,333.4267738,-12.0663429,0.061,3.8580000400543213,12.717524,True,,False,437699592.0,437699592.0,12.2886,12.7269,12.98
K2-64,1.0,332.4138478,-11.4286687,0.0,0.0,13.900162,True,,False,38129680.0,38129680.0,13.392,13.9146,14.132
K2-65,1.0,333.2125206,-10.9261373,0.058,3.372999906539917,10.41787,True,,False,2024141042.0,2024141042.0,9.8106,10.4157,10.6872
K2-66,1.0,331.5266563,-10.7115362,0.203,62.209999084472656,11.988659,True,,False,50183101.0,50183101.0,11.5706,11.9961,11.71
K2-68,1.0,334.0195539,-10.5673649,0.0,0.0,12.646795,True,,False,38258419.0,38258419.0,12.0287,12.6573,12.987
K2-69,1.0,335.7596816,-10.4886817,0.046,0.3785000145435333,15.033013,True,,False,39928614.0,39928614.0,13.9796,15.0572,16.024
K2-7,1.0,167.0937488,-1.065855,0.018,0.2793000042438507,13.047297,True,,False,53210555.0,53210555.0,12.6109,13.0573,13.453
K2-70,1.0,338.4759328,-10.0849917,0.07,4.202000141143799,12.769884,True,,False,250979498.0,250979498.0,12.2003,12.7782,13.074
K2-71,1.0,341.7248656,-9.8816109,0.071,0.8751000165939331,15.166349,True,,False,402287746.0,402287746.0,14.0224,15.1887,16.14
K2-72,1.0,334.6227504,-9.6120084,0.105,3.687000036239624,14.257562,True,,False,38337202.0,38337202.0,13.1201,14.2789,15.37
K2-73,1.0,335.025662,-9.0560881,0.074,7.270999908447266,11.709948,True,,False,38354061.0,38354061.0,11.2821,11.7146,11.345
K2-74,1.0,339.9192984,-8.7145697,0.063,4.289999961853027,12.428783,True,,False,251018878.0,251018878.0,12.0167,12.4364,12.715
K2-75,1.0,338.844896,-7.469895,0.059,3.380000114440918,12.581125,True,,False,250996363.0,250996363.0,12.1492,12.5886,12.803
K2-77,1.0,55.228521,12.572448,0.054,3.7960000038146973,11.915863,True,,False,435339847.0,435339847.0,11.2867,11.9202,12.224
K2-79,1.0,55.2559307,13.5191871,0.086,9.48900032043457,11.799385,True,,False,435339558.0,435339558.0,11.2235,11.8031,12.152
K2-8,1.0,169.7935178,-0.2844389,0.0,0.0,14.323164,True,,False,38114658.0,38114658.0,13.7067,14.3358,14.801
K2-80,1.0,59.037486,13.5590288,0.059,5.103000164031982,12.367898,True,,False,242961495.0,242961495.0,11.7617,12.377,12.694
K2-81,1.0,57.4854562,14.5020556,0.0,0.0,13.890209,True,,False,59040029.0,59040029.0,13.139,13.9043,14.314
K2-83,1.0,59.9013782,15.5587994,0.0,0.0,13.790074,True,,False,242988068.0,242988068.0,12.8328,13.8042,14.522
K2-84,1.0,55.8093566,16.6344396,0.0,0.0,13.134838,True,,False,434133930.0,434133930.0,12.5186,13.1474,13.386
K2-85,1.0,59.464829,18.4649505,0.081,10.15999984741211,12.050833,True,,False,14160842.0,14160842.0,11.2967,12.06,12.416
K2-86,1.0,51.5531053,18.6355718,0.049,2.0869998931884766,12.786913,True,,False,25958378.0,25958378.0,12.2517,12.7978,13.041
K2-87,1.0,66.2363638,18.8273617,0.0,0.0,13.6941,True,,False,17409453.0,17409453.0,12.9285,13.7078,14.136
K2-88,1.0,54.7514566,19.1199667,0.051,0.7254999876022339,14.526627,True,,False,113979956.0,113979956.0,13.4274,14.5451,15.523
K2-89,1.0,57.0671234,20.4594885,0.022,0.3693000078201294,13.30597,True,,False,440687723.0,440687723.0,12.2653,13.3216,14.162
K2-9,1.0,176.263724,0.0054085,0.032,0.23489999771118164,14.845195,True,,False,82050863.0,82050863.0,13.7256,14.8665,15.86
K2-90,1.0,59.1527391,22.4724517,0.028,0.8030999898910522,13.215482,True,,False,14111411.0,14111411.0,12.4067,13.2292,13.707
K2-91,1.0,63.2182348,24.2047218,0.055,1.6399999856948853,14.296043,True,,False,56520147.0,56520147.0,13.0496,14.3219,15.622
K2-95,1.0,129.3625717,18.9766197,0.0,0.0,16.060843,True,,False,195193025.0,195193025.0,14.8549,16.0836,17.236
K2-97,1.0,127.762837,10.8475571,0.046,2.4119999408721924,12.295414,True,,False,366568760.0,366568760.0,11.6522,12.3059,12.486
K2-98,1.0,126.4882114,11.5110933,0.049,3.4830000400543213,12.030685,True,,False,366410512.0,366410512.0,11.6718,12.0398,12.216
K2-99,1.0,208.7737624,-5.4424943,0.104,12.850000381469727,10.949085,True,,False,176966903.0,176966903.0,10.5593,10.9485,11.149
KELT-1,1.0,0.3620995,39.3837953,0.067,8.355999946594238,10.592974,True,,False,432549364.0,432549364.0,10.2242,10.5905,10.632
KELT-10,1.0,284.5483823,-47.0033072,0.051,2.552000045776367,10.702947,True,,False,269217040.0,269217040.0,10.2748,10.7009,10.617
KELT-11,1.0,161.7069053,-9.3993646,0.116,7.7729997634887695,7.841304,True,,False,55092869.0,55092869.0,7.3212,7.83112,8.04
KELT-12,1.0,267.6404906,36.5701761,0.089,11.359999656677246,10.485661,True,,False,116242971.0,116242971.0,10.1213,10.4842,10.585
KELT-14,1.0,108.301409,-42.4097623,0.07,7.434999942779541,10.839993,True,,False,134537478.0,134537478.0,10.3887,10.8384,11.001
KELT-15,1.0,117.4149764,-52.1204471,0.072,7.501999855041504,11.069369,True,,False,268644785.0,268644785.0,10.6815,11.0694,11.39
KELT-16,1.0,314.2685227,31.6610186,0.098,21.280000686645508,11.789706,True,,False,236445129.0,236445129.0,11.4373,11.7959,11.717
KELT-17,1.0,125.617407,13.7353093,0.103,12.0600004196167,9.21627,True,,False,6893917.0,6893917.0,9.02097,9.20887,9.234
KELT-18,1.0,216.5238248,59.4442735,0.087,8.803999900817871,10.107541,True,,False,293687315.0,293687315.0,9.823,10.1036,10.16
KELT-19_A,1.0,111.5095293,7.6157759,0.131,18.600000381469727,9.891266,True,,False,425206121.0,425206121.0,9.654,9.86331,9.857
KELT-20,1.0,294.6614126,31.2192001,0.199,32.61000061035156,7.589816,True,,False,69679391.0,69679391.0,7.55216,7.57492,7.59
KELT-21,1.0,304.8000322,32.5810446,0.109,22.450000762939453,10.543578,True,,False,203189770.0,203189770.0,10.4219,10.5415,10.484
KELT-23_A,1.0,232.1466406,66.3587097,0.093,10.979999542236328,10.185309,True,,False,458478250.0,458478250.0,9.76703,10.182,10.308
KELT-24,1.0,161.9090273,71.655727,0.137,18.530000686645508,8.24857,True,,False,349827430.0,349827430.0,7.9179,8.23752,8.34
KELT-2_A,1.0,92.6640226,30.9571333,0.119,11.510000228881836,8.59387,True,,False,97735908.0,97735908.0,8.22398,8.58393,8.68
KELT-3,1.0,148.6431193,40.3879446,0.158,30.719999313354492,9.768903,True,,False,67666096.0,67666096.0,9.43351,9.76324,9.816
KELT-4_A,1.0,157.06262,25.5731366,0.09,9.37600040435791,9.965562,True,,False,165297570.0,165297570.0,9.6022,9.95702,9.98
KELT-6,1.0,195.9818362,30.640145,0.118,30.6200008392334,10.197724,True,,False,165987272.0,165987272.0,9.8469,10.1934,10.371
KELT-7,1.0,78.2955912,33.3179532,0.108,17.6200008392334,8.461335,True,,False,367366318.0,367366318.0,8.14847,8.45173,8.56
KELT-8,1.0,283.3054489,24.1272483,0.068,8.553999900817871,10.671983,True,,False,358516596.0,358516596.0,10.2025,10.6699,10.845
KELT-9,1.0,307.8598998,39.9389161,0.227,39.02000045776367,7.590266,True,,False,16740101.0,16740101.0,7.58204,7.57675,7.55
KIC_10001893,1.0,287.3892308,46.9844491,0.258,7.74399995803833,15.697201,True,,False,158488181.0,158488181.0,16.029,15.7109,15.829
KIC_10068024,1.0,288.8470423,47.0228607,2.724,7193.0,13.128202,True,,False,158840777.0,158840777.0,12.7028,13.1059,13.144
KIC_10525077,1.0,287.3781164,47.7711541,0.036,0.2434999942779541,15.290056,True,,False,158489091.0,158489091.0,14.8256,15.3043,15.592
KIC_3526061,1.0,285.1863974,38.6111112,0.071,6.303999900817871,9.99541,True,,False,399793957.0,399793957.0,9.3534,9.99106,10.372
KIC_3558849,1.0,294.9498381,38.6051867,0.0,0.0,14.156439,True,,False,138888805.0,138888805.0,13.7204,14.1674,14.32
KIC_5437945,1.0,288.4749028,40.6512848,0.0,0.0,13.740194,True,,False,121603086.0,121603086.0,13.3308,13.7506,13.834
KIC_5479689,1.0,299.3254983,40.6381229,0.0,0.0,13.733691,True,,False,171975725.0,171975725.0,13.1834,13.7459,13.929
KIC_7917485,1.0,299.4346094,43.6326069,0.253,70.69999694824219,13.093497,True,,False,268924604.0,268924604.0,12.8057,13.1092,13.166
KIC_8121913,1.0,298.9677981,43.909378,0.084,10.210000038146973,12.297428,True,,False,268484648.0,268484648.0,11.8254,12.3034,12.38
KIC_9663113,1.0,297.0454037,46.3286653,0.0,0.0,13.895833,True,,False,272844987.0,272844987.0,13.4618,13.9075,14.027
KMT-2016-BLG-0212L,1.0,268.43925,-29.0868889,0.555,1.8250000476837158,18.29365,True,,False,1426585906.0,1426585906.0,17.8987,18.3287,
KMT-2016-BLG-1107L,1.0,266.41775,-26.0318,2.01,12.050000190734863,18.396093,True,,False,1441676108.0,1441676108.0,17.2647,17.6947,
KMT-2016-BLG-1397L,1.0,272.664612,-24.8577385,0.0,0.0,20.479584,True,,False,1610113237.0,1610113237.0,20.169,20.599,
KMT-2016-BLG-1836L,1.0,268.250333,-30.04075,1.299,1.3619999885559082,19.749767,True,,False,1425664044.0,1425664044.0,19.1306,19.5606,
KMT-2017-BLG-0165L,1.0,269.6496667,-28.1336694,5.673,2.688999891281128,20.750181,True,,False,1439836758.0,1439836758.0,17.1532,18.3761,
KMT-2017-BLG-1038L,1.0,266.170917,-25.1430306,4.3,2.3450000286102295,20.938684,True,,False,1443012740.0,1443012740.0,18.8789,19.8445,20.6664
KMT-2017-BLG-1146L,1.0,269.105833,-33.1424694,1.511,1.1230000257492065,20.101782,True,,False,1417200869.0,1417200869.0,19.6596,20.0896,
KMT-2017-BLG-2509L,1.0,265.589875,-26.31715,0.995,0.8761000037193298,20.008945,True,,False,1436243638.0,1436243638.0,19.6434,20.0734,
KMT-2018-BLG-0029L,1.0,264.469458,-27.9847,1.028,2.13100004196167,19.09753,True,,False,1434679808.0,1434679808.0,18.1148,19.1322,20.0811
KMT-2018-BLG-0748L,1.0,267.8745,-30.6463889,0.624,3.305999994277954,18.212534,True,,False,1425480763.0,1425480763.0,17.2011,18.2327,19.2195
KMT-2018-BLG-1025L,1.0,269.8664167,-27.8780611,0.0,0.0,20.057108,True,,False,137653859.0,137653859.0,15.7809,16.79,17.7174
KMT-2018-BLG-1292L,1.0,263.427583,-33.5206694,0.753,0.8971999883651733,19.319202,True,,False,101742116.0,101742116.0,15.172,19.3414,
KMT-2018-BLG-1990L,1.0,268.435375,-22.1525389,8.434,21.540000915527344,20.49859,True,,False,1448047606.0,1448047606.0,19.9703,20.4003,
KMT-2019-BLG-0253L,1.0,267.8825833,-29.5654722,0.689,3.9210000038146973,18.173336,True,,False,1426013024.0,1426013024.0,17.0178,18.1804,
KMT-2019-BLG-0842L,1.0,268.458458,-29.8774389,0.784,13.350000381469727,17.285265,True,,False,1425695324.0,1425695324.0,16.7762,17.2062,
KMT-2019-BLG-0953L,1.0,269.3385833,-28.6746389,6.411,62.47999954223633,19.366556,True,,False,136073152.0,136073152.0,16.6159,17.6695,18.7178
KMT-2019-BLG-1339L,1.0,265.743417,-25.5739167,3.258,1.5670000314712524,20.90678,True,,False,1442890676.0,1442890676.0,18.2762,19.3684,20.533
KMT-2019-BLG-1953L,1.0,269.11625,-28.2011111,0.0,0.0,19.51106,True,,False,1439707571.0,1439707571.0,17.7275,18.1575,
KMT-2020-BLG-0414L,1.0,271.915,-28.4852222,1.366,0.5705999732017517,19.89306,True,,False,248368901.0,248368901.0,16.0065,16.8908,17.5433
KMT-2021-BLG-0171L,1.0,269.2416667,-30.0930556,0.0,0.0,15.44144,True,,False,260574136.0,260574136.0,14.5249,15.4505,16.169
KMT-2021-BLG-0192L,1.0,268.1049583,-30.0086889,1.21,14.170000076293945,18.075045,True,,False,445128198.0,445128198.0,17.0035,18.1168,19.3504
KMT-2021-BLG-0912L,1.0,269.8211667,-31.9976389,2.053,4.827000141143799,19.716263,True,,False,1419013002.0,1419013002.0,18.8027,19.7481,20.5247
KMT-2021-BLG-1303L,1.0,271.863875,-29.2815806,0.593,0.5649999976158142,19.151138,True,,False,1589596688.0,1589596688.0,18.5347,19.1813,19.4942
KMT-2021-BLG-1547L,1.0,272.3995833,-29.0839389,0.0,0.0,19.839685,True,,False,1590534502.0,1590534502.0,18.7573,19.1873,
KMT-2021-BLG-1554L,1.0,267.8034167,-31.8643611,0.0,0.0,19.760237,True,,False,1423508730.0,1423508730.0,19.3601,19.7901,
KMT-2021-BLG-2294L,1.0,270.0624167,-28.6124389,0.628,19.34000015258789,16.421724,True,,False,195232428.0,195232428.0,15.4804,16.4397,17.2471
KOBE-1,1.0,19.1660378,25.3310358,0.08,7.934000015258789,9.477474,True,,False,,,,,
KOI-12,1.0,297.4537402,41.0110188,0.125,24.020000457763672,11.250564,True,,False,169461816.0,169461816.0,10.931,11.2535,11.51
KOI-1257,1.0,291.2250888,44.9272918,2.59,2268.0,14.671575,True,,False,159647910.0,159647910.0,14.0772,14.6419,14.818
KOI-13,1.0,286.9713876,46.8682463,0.36,121.80000305175781,10.38234,True,,False,1717079071.0,1717079071.0,10.2306,10.3678,10.4007
KOI-134,1.0,295.586598,45.3649371,0.0,0.0,13.619514,True,,False,271772050.0,271772050.0,13.2243,13.6323,13.773
KOI-142,1.0,291.1481028,40.669413,0.037,1.343000054359436,13.09198,True,,False,122712595.0,122712595.0,12.5923,13.1048,13.209
KOI-1599,1.0,298.3738383,40.6184483,0.0,0.0,14.842378,True,,False,170647523.0,170647523.0,14.3561,14.854,14.795
KOI-1783,1.0,289.3414629,46.988155,0.0,0.0,13.89453,True,,False,159051209.0,159051209.0,13.489,13.9061,13.978
KOI-217,1.0,294.8654667,46.2858128,0.0,0.0,15.088335,True,,False,271354351.0,271354351.0,14.5787,15.1013,15.257
KOI-2513,1.0,293.6688776,46.3792321,2.101,1410.0,14.823856,True,,False,270618386.0,270618386.0,14.3844,14.809,14.913
KOI-3503,1.0,293.1507654,41.7291532,0.0,0.0,13.761927,True,,False,138097784.0,138097784.0,13.3876,13.7744,13.831
KOI-351,1.0,284.4334642,49.3051239,0.0,0.0,13.727177,True,,False,267667295.0,267667295.0,13.3396,13.7397,13.883
KOI-3680,1.0,293.2815266,45.3096572,0.0,0.0,14.490664,True,,False,275574174.0,275574174.0,14.0291,14.5027,14.616
KOI-4777,1.0,287.2621474,42.0322257,0.056,0.4075999855995178,15.830034,True,,False,158427808.0,158427808.0,14.7079,15.8525,16.413
KOI-4978,1.0,286.5907635,38.5582993,0.0,0.0,15.235104,True,,False,120962288.0,120962288.0,14.6908,15.2477,15.633
KOI-55,1.0,296.3561853,41.0927315,0.201,11.149999618530273,14.891772,True,,False,184427882.0,184427882.0,15.016,14.9062,15.154
KOI-7368,1.0,293.9476365,48.0652589,0.083,7.879000186920166,12.83114,True,,False,27010191.0,27010191.0,12.2288,12.8094,12.969
KOI-7892,1.0,282.3775397,44.694569,0.0,0.0,14.203927,True,,False,123449386.0,123449386.0,13.8263,14.2165,14.411
KOI-7913_A,1.0,286.7485252,45.1587234,0.0,0.0,14.199836,True,,False,158320130.0,158320130.0,13.4497,14.2239,14.23
KOI-94,1.0,297.3330716,41.8911186,0.031,1.3480000495910645,12.180761,True,,False,273231214.0,273231214.0,11.7889,12.1882,12.314
KOI-984,1.0,291.0489438,36.8400772,0.103,14.630000114440918,12.391208,True,,False,1876717522.0,1876717522.0,11.8622,12.3952,12.6047
KPS-1,1.0,165.167198,64.9638452,0.063,4.966000080108643,12.782998,True,,False,99834717.0,99834717.0,12.212,12.7933,12.97
Kepler-10,1.0,285.679298,50.2414842,0.087,11.460000038146973,10.920031,True,,False,377780790.0,377780790.0,10.4767,10.9191,11.043
Kepler-100,1.0,291.3861294,41.9901394,0.09,14.420000076293945,11.128601,True,,False,159654016.0,159654016.0,10.6983,11.1293,11.055
Kepler-1000,1.0,286.6854729,47.0981948,0.0,0.0,13.179561,True,,False,158322296.0,158322296.0,12.8515,13.1923,13.23
Kepler-1001,1.0,286.2739151,48.6186972,0.082,1.24399995803833,15.317786,True,,False,405719252.0,405719252.0,14.8154,15.3302,15.582
Kepler-1002,1.0,293.0794629,43.073677,1.261,2904.0,11.677212,True,,False,275494505.0,275494505.0,11.254,11.6475,11.821
Kepler-1003,1.0,292.0204349,44.8762427,0.0,2.1520000696397716e-15,14.011472,True,,False,63074840.0,63074840.0,13.5821,14.0225,14.132
Kepler-1004,1.0,297.3593427,49.7975464,0.0,0.0,13.387598,True,,False,28159194.0,28159194.0,12.7216,13.3998,13.705
Kepler-1005,1.0,286.2858998,43.3205085,0.0,0.0,13.172495,True,,False,158215347.0,158215347.0,12.7409,13.1838,13.371
Kepler-1006,1.0,295.7542063,42.5373065,0.046,0.8219000101089478,14.618118,True,,False,271960115.0,271960115.0,14.1101,14.6282,14.467
Kepler-1007,1.0,295.9065297,45.8090893,2.055,1281.0,14.757379,True,,False,272074477.0,272074477.0,14.0009,14.7347,14.981
Kepler-1008,1.0,296.5476395,44.9418307,0.0,0.0,13.367085,True,,False,272491981.0,272491981.0,12.783,13.379,13.59
Kepler-1009,1.0,282.8598614,42.6658336,0.477,48.040000915527344,15.289992,True,,False,164411478.0,164411478.0,14.3615,15.3014,15.758
Kepler-101,1.0,283.255507,48.3552474,0.0,0.0,13.554968,True,,False,48304653.0,48304653.0,13.0805,13.5672,13.7
Kepler-1010,1.0,289.1926026,44.1493165,0.0,2.1990000220587815e-15,14.675172,True,,False,158989909.0,158989909.0,14.124,14.6875,14.964
Kepler-1011,1.0,297.4015491,46.8239976,0.0,0.0,15.188706,True,,False,273130565.0,273130565.0,14.6226,15.2028,15.294
Kepler-1012,1.0,289.2962253,46.4579889,0.019,0.3716000020503998,13.301706,True,,False,158986490.0,158986490.0,12.8119,13.3154,13.486
Kepler-1014,1.0,285.1219875,44.1105331,0.0,0.0,14.613993,True,,False,164883912.0,164883912.0,14.0956,14.6265,14.866
Kepler-1015,1.0,292.7573088,43.4268439,0.078,7.702000141143799,12.749828,True,,False,63373862.0,63373862.0,12.4222,12.7586,12.825
Kepler-1016,1.0,294.613689,45.9846265,0.0,2.1770000353197455e-15,15.307428,True,,False,271164596.0,271164596.0,14.841,15.3193,15.531
Kepler-1017,1.0,283.469299,40.1325185,0.0,0.0,14.103183,True,,False,237188153.0,237188153.0,13.5818,14.1153,14.315
Kepler-1018,1.0,283.5967317,45.4078654,0.0,0.0,15.002055,True,,False,164555061.0,164555061.0,14.517,15.0142,15.103
Kepler-1019,1.0,283.7175909,47.2043818,0.0,0.0,13.581263,True,,False,164556761.0,164556761.0,12.8455,13.5934,13.882
Kepler-102,1.0,281.4824731,47.2078263,0.078,8.913999557495117,11.474475,True,,False,123357864.0,123357864.0,10.8515,11.4784,12.072
Kepler-1021,1.0,295.2048999,42.5596699,0.0,0.0,15.163463,True,,False,271537790.0,271537790.0,14.6172,15.1734,15.207
Kepler-1022,1.0,289.3520595,46.9736345,0.0,0.0,15.362717,True,,False,159051188.0,159051188.0,14.6155,15.3772,15.758
Kepler-1023,1.0,289.0297232,49.7697034,0.033,0.39959999918937683,14.489722,True,,False,299154193.0,299154193.0,13.9669,14.502,14.7121
Kepler-1024,1.0,291.9510277,38.2516419,0.0,0.0,15.995038,True,,False,137349536.0,137349536.0,15.4243,16.0064,16.272
Kepler-1025,1.0,284.510214,43.9615628,0.291,58.970001220703125,13.553291,True,,False,164727439.0,164727439.0,13.1599,13.5557,13.695
Kepler-1026,1.0,283.6053012,39.9979286,0.0,0.0,14.188351,True,,False,237192046.0,237192046.0,13.5766,14.2019,14.463
Kepler-1027,1.0,287.5711746,42.8138159,0.292,105.4000015258789,12.832396,True,,False,158552426.0,158552426.0,12.3237,12.8401,12.994
Kepler-1028,1.0,289.5931004,49.7812447,0.0,0.0,14.299315,True,,False,416265126.0,416265126.0,13.8156,14.3098,14.611
Kepler-1029,1.0,292.1328738,41.5474786,0.0,3.979999872559406e-15,14.28862,True,,False,137409907.0,137409907.0,13.6699,14.3009,14.434
Kepler-103,1.0,288.9845512,40.0644857,0.05,3.822000026702881,12.239382,True,,False,121865656.0,121865656.0,11.8234,12.2466,11.883
Kepler-1031,1.0,296.0898796,48.9554121,1.656,1430.0,14.075211,True,,False,27769737.0,27769737.0,13.6443,14.0837,13.877
Kepler-1032,1.0,289.9308779,40.0977109,0.384,19.219999313354492,15.808847,True,,False,122139228.0,122139228.0,15.0697,15.7993,16.007
Kepler-1033,1.0,283.8450963,44.6090251,0.0,0.0,15.917235,True,,False,164560648.0,164560648.0,15.4256,15.9289,16.186
Kepler-1034,1.0,286.1154093,37.9669464,0.0,1.9800000770626557e-15,15.061356,True,,False,120762990.0,120762990.0,14.4941,15.074,15.269
Kepler-1035,1.0,289.042243,42.8824991,0.442,196.1999969482422,13.004684,True,,False,158927791.0,158927791.0,12.5364,13.0054,13.097
Kepler-1036,1.0,295.1817093,49.9458172,0.0,2.1900000852359677e-15,13.751862,True,,False,27396869.0,27396869.0,13.2609,13.7635,13.87
Kepler-1037,1.0,296.3410342,47.1709335,0.0,0.0,14.222726,True,,False,272282253.0,272282253.0,13.6376,14.2311,14.475
Kepler-1038,1.0,298.9721472,44.1323499,0.013,0.04794999957084656,14.843369,True,,False,268483792.0,268483792.0,14.2427,14.8561,15.03
Kepler-1039,1.0,298.3266169,45.3154212,0.0,0.0,14.084346,True,,False,274020852.0,274020852.0,13.4007,14.0958,14.438
Kepler-104,1.0,287.6046621,42.1665104,0.04,2.009000062942505,12.56183,True,,False,158553540.0,158553540.0,12.1596,12.5697,12.697
Kepler-1040,1.0,283.1137663,48.1312774,0.025,0.5685999989509583,13.313789,True,,False,48217265.0,48217265.0,12.8535,13.3216,13.614
Kepler-1041,1.0,293.8817361,49.6831419,0.0,0.0,14.43061,True,,False,27007509.0,27007509.0,14.0013,14.4422,14.576
Kepler-1042,1.0,288.6689428,39.8239935,3.472,1695.0,15.704397,True,,False,121734006.0,121734006.0,15.0147,15.6716,16.004
Kepler-1043,1.0,281.6629579,47.5685927,0.0,0.0,14.750307,True,,False,123358827.0,123358827.0,14.2929,14.7617,14.949
Kepler-1045,1.0,284.1832668,45.0740897,0.0,0.0,15.535791,True,,False,164670756.0,164670756.0,15.0041,15.549,15.879
Kepler-1046,1.0,296.7558056,46.9982799,1.013,910.7999877929688,13.257773,True,,False,272601000.0,272601000.0,12.8029,13.2479,13.347
Kepler-1047,1.0,288.6462564,50.7889645,0.109,9.940999984741211,13.317878,True,,False,299029323.0,299029323.0,12.8429,13.3291,13.46
Kepler-1048,1.0,281.8983042,42.1657112,0.0,0.0,14.83168,True,,False,123408693.0,123408693.0,14.1406,14.8444,15.138
Kepler-1049,1.0,287.3469567,47.7729078,0.0,0.0,14.139761,True,,False,158489095.0,158489095.0,13.2115,14.1559,14.695
Kepler-105,1.0,287.8872376,46.2761224,0.079,6.485000133514404,12.794332,True,,False,158625964.0,158625964.0,12.4008,12.8025,12.981
Kepler-1050,1.0,282.9249847,48.6264015,0.0,0.0,13.059884,True,,False,48216453.0,48216453.0,12.6439,13.0723,13.198
Kepler-1051,1.0,295.1581062,40.8988186,0.032,1.0149999856948853,13.103453,True,,False,138968338.0,138968338.0,12.7667,13.1159,13.212
Kepler-1052,1.0,295.34273,46.6022134,0.0,2.0920000673045397e-15,14.850239,True,,False,271661839.0,271661839.0,14.3767,14.8614,14.932
Kepler-1053,1.0,291.4186349,39.1273664,0.0,0.0,13.196816,True,,False,137152419.0,137152419.0,12.4452,13.2088,13.576
Kepler-1054,1.0,290.6011085,44.5563604,0.0,0.0,14.072715,True,,False,159441326.0,159441326.0,13.639,14.085,14.143
Kepler-1055,1.0,290.4867838,44.932541,0.0,0.0,13.058799,True,,False,159440697.0,159440697.0,12.6031,13.0728,13.194
Kepler-1056,1.0,299.5259832,46.8992561,0.021,0.15639999508857727,14.550214,True,,False,268935452.0,268935452.0,14.0208,14.5601,14.772
Kepler-1058,1.0,294.5956256,45.8750556,0.783,96.83000183105469,15.50226,True,,False,271164394.0,271164394.0,14.7895,15.5037,15.869
Kepler-1059,1.0,289.2202147,41.7064385,0.0,0.0,15.474885,True,,False,121943952.0,121943952.0,14.868,15.4894,15.785
Kepler-106,1.0,300.864006,44.3375497,0.095,9.61299991607666,12.830316,True,,False,184997417.0,184997417.0,12.4022,12.8391,12.923
Kepler-1060,1.0,286.0252285,39.6309204,0.153,8.02400016784668,14.636093,True,,False,120691237.0,120691237.0,14.1317,14.6366,14.827
Kepler-1061,1.0,296.2300306,50.2752091,0.0,2.1639999854035233e-15,13.190827,True,,False,27776660.0,27776660.0,12.8066,13.2037,13.319
Kepler-1062,1.0,283.8994187,41.221594,0.071,1.5670000314712524,14.791262,True,,False,120043084.0,120043084.0,14.0665,14.8053,15.095
Kepler-1063,1.0,290.5267975,38.1428283,0.892,707.5,12.866512,True,,False,1877310194.0,1877310194.0,12.3713,12.8653,13.0458
Kepler-1064,1.0,291.7415821,37.6888103,14.189,107900.0,13.86078,True,,False,137315852.0,137315852.0,13.1773,13.7409,13.958
Kepler-1065,1.0,294.511319,38.7904648,0.051,0.4189999997615814,15.490149,True,,False,378012771.0,378012771.0,14.9595,15.5016,15.744
Kepler-1066,1.0,298.866621,46.5022325,0.055,3.0179998874664307,13.015498,True,,False,268379849.0,268379849.0,12.5183,13.0239,13.115
Kepler-1067,1.0,285.3873706,45.0490265,0.0,0.0,14.262657,True,,False,351910733.0,351910733.0,13.7729,14.2726,14.395
Kepler-1069,1.0,290.9792378,47.9889097,0.0,0.0,13.086104,True,,False,417659970.0,417659970.0,12.618,13.098,13.234
Kepler-107,1.0,297.028162,48.2086019,0.051,3.5250000953674316,12.45557,True,,False,27988327.0,27988327.0,12.0146,12.4627,12.543
Kepler-1070,1.0,293.1953923,49.316541,0.085,4.8979997634887695,13.903989,True,,False,26814296.0,26814296.0,13.5241,13.913,14.133
Kepler-1072,1.0,292.0443891,46.3289723,0.0,0.0,13.829883,True,,False,63072565.0,63072565.0,13.4318,13.842,13.972
Kepler-1073,1.0,294.1527259,38.2330886,0.0,0.0,14.519972,True,,False,138568416.0,138568416.0,14.032,14.5317,14.749
Kepler-1074,1.0,284.4766869,46.2526781,0.0,0.0,14.990457,True,,False,164724987.0,164724987.0,14.0642,15.0056,15.599
Kepler-1075,1.0,287.5011404,47.4691157,0.535,53.91999816894531,15.36656,True,,False,158489841.0,158489841.0,14.429,15.3697,15.909
Kepler-1076,1.0,287.5902594,51.0606047,5.572,29810.0,13.225739,True,,False,399955825.0,399955825.0,12.3078,12.9489,13.175
Kepler-1077,1.0,291.0336333,42.2678448,0.0,0.0,14.985376,True,,False,159574927.0,159574927.0,14.5244,14.9984,14.923
Kepler-1079,1.0,299.5495794,45.7696769,0.15,23.600000381469727,13.025482,True,,False,1881723331.0,1881723331.0,12.5265,13.0345,13.2251
Kepler-108,1.0,294.5589885,46.0623952,2.762,7524.0,13.289634,True,,False,271164755.0,271164755.0,12.5955,13.0843,12.657
Kepler-1080,1.0,296.4644914,49.1828952,0.063,3.3529999256134033,13.397953,True,,False,27847814.0,27847814.0,13.0301,13.4086,13.486
Kepler-1081,1.0,289.444752,41.3179652,0.0,0.0,13.698968,True,,False,122066167.0,122066167.0,13.1644,13.7114,13.827
Kepler-1082,1.0,289.3586737,50.5984489,0.0,0.0,13.330317,True,,False,299218775.0,299218775.0,12.9171,13.3417,13.444
Kepler-1083,1.0,283.1618831,45.198336,0.0,4.162000147870043e-15,15.836278,True,,False,164458639.0,164458639.0,15.2485,15.8498,16.103
Kepler-1084,1.0,290.1019809,48.251146,0.328,155.8000030517578,12.152623,True,,False,267749737.0,267749737.0,11.7648,12.1577,12.015
Kepler-1085,1.0,287.4776359,46.1411685,0.0,0.0,15.234575,True,,False,158487108.0,158487108.0,14.8004,15.2469,15.273
Kepler-1086,1.0,295.251187,45.8429537,0.0,0.0,15.537924,True,,False,271545939.0,271545939.0,14.7736,15.5551,16.002
Kepler-1087,1.0,294.9789253,46.0056741,0.08,6.752999782562256,12.892502,True,,False,271353794.0,271353794.0,12.3778,12.9007,12.973
Kepler-1088,1.0,281.5614578,42.4504087,0.056,4.8520002365112305,11.772499,True,,False,123316231.0,123316231.0,11.3685,11.778,11.472
Kepler-1089,1.0,291.0926509,49.1901729,0.0,0.0,15.578656,True,,False,350810654.0,350810654.0,14.5393,15.5982,16.233
Kepler-109,1.0,290.3926795,40.2849074,0.035,1.7799999713897705,12.287978,True,,False,122441003.0,122441003.0,11.887,12.2955,12.398
Kepler-1090,1.0,295.6629002,44.5258237,0.29,24.31999969482422,14.98843,True,,False,271885110.0,271885110.0,14.4177,14.9963,15.31
Kepler-1091,1.0,299.7854426,43.6707235,0.0,0.0,14.703586,True,,False,269262974.0,269262974.0,14.1958,14.7151,14.874
Kepler-1092,1.0,297.7232008,47.1126833,0.03,0.33489999175071716,14.604122,True,,False,273378026.0,273378026.0,14.154,14.6163,14.659
Kepler-1093,1.0,284.9780251,41.4202077,0.0,0.0,13.796576,True,,False,120420344.0,120420344.0,13.4199,13.8084,13.781
Kepler-1094,1.0,292.3012109,38.2669983,0.0,0.0,14.949873,True,,False,137549134.0,137549134.0,14.5067,14.9607,15.318
Kepler-1095,1.0,293.2624215,41.3650155,0.0,0.0,14.513663,True,,False,138096962.0,138096962.0,14.0564,14.5261,14.597
Kepler-1096,1.0,294.7094688,45.9695533,0.0,0.0,15.049408,True,,False,271255413.0,271255413.0,14.2802,15.0615,15.438
Kepler-1097,1.0,281.5941261,42.5963949,0.0,0.0,15.194794,True,,False,123316380.0,123316380.0,14.6412,15.2071,15.652
Kepler-1098,1.0,295.502673,43.2326992,0.0,0.0,14.721816,True,,False,271763415.0,271763415.0,14.2291,14.7332,14.886
Kepler-1099,1.0,288.7499866,48.2771163,0.046,0.5120999813079834,15.121253,True,,False,299033164.0,299033164.0,14.6698,15.1336,15.137
Kepler-11,1.0,297.1150949,41.9091092,0.0,0.0,13.696377,True,,False,169175503.0,169175503.0,13.2366,13.7062,13.817
Kepler-110,1.0,292.9291693,48.6028303,0.111,12.289999961853027,12.891376,True,,False,26751563.0,26751563.0,12.5047,12.902,13.003
Kepler-1100,1.0,291.8713535,44.0873907,0.0,0.0,13.810225,True,,False,63009789.0,63009789.0,13.3971,13.8225,13.952
Kepler-1101,1.0,294.5693544,45.6711623,0.0,0.0,15.084316,True,,False,271163971.0,271163971.0,14.5657,15.0958,15.156
Kepler-1102,1.0,281.3225917,48.0664955,0.0,0.0,14.910041,True,,False,47976987.0,47976987.0,14.4697,14.9224,14.928
Kepler-1103,1.0,287.3821348,49.4524247,0.0,0.0,14.060877,True,,False,399951202.0,399951202.0,13.6673,14.0732,14.294
Kepler-1104,1.0,294.4685197,49.3309789,0.071,7.0929999351501465,12.075978,True,,False,27186509.0,27186509.0,11.728,12.0831,12.125
Kepler-1105,1.0,281.1117588,42.4549698,0.0,0.0,15.127029,True,,False,123231917.0,123231917.0,14.3245,15.1422,15.315
Kepler-1106,1.0,291.1451576,44.0624715,0.0,0.0,14.616405,True,,False,159649503.0,159649503.0,14.198,14.6276,14.863
Kepler-1108,1.0,296.0422962,45.98514,0.0,0.0,14.904365,True,,False,272083644.0,272083644.0,14.3925,14.9192,15.132
Kepler-111,1.0,291.653163,44.6882613,0.0,0.0,13.407555,True,,False,63001143.0,63001143.0,12.9937,13.4192,13.543
Kepler-1110,1.0,291.8080645,38.6226615,0.0,0.0,15.87564,True,,False,351060274.0,351060274.0,15.2296,15.8872,16.274
Kepler-1111,1.0,295.4634045,45.8127697,0.0,0.0,14.703702,True,,False,271663670.0,271663670.0,14.2592,14.7155,14.88
Kepler-1112,1.0,296.9687937,47.7514799,0.046,0.7195000052452087,14.549585,True,,False,272841734.0,272841734.0,14.1915,14.5611,14.74
Kepler-1113,1.0,289.4066969,39.338813,0.033,0.3547999858856201,14.772572,True,,False,122062725.0,122062725.0,14.2685,14.7828,14.943
Kepler-1114,1.0,299.2370531,45.8347781,0.0,0.0,13.746475,True,,False,268612417.0,268612417.0,13.2211,13.7579,13.935
Kepler-1115,1.0,294.9917723,40.1443964,0.134,24.229999542236328,11.872023,True,,False,138960099.0,138960099.0,11.7972,11.8822,11.983
Kepler-1116,1.0,291.9336573,44.1154992,0.0,0.0,15.222854,True,,False,63076026.0,63076026.0,14.7188,15.2352,15.424
Kepler-1117,1.0,292.0847866,49.2374206,0.0,0.0,14.11096,True,,False,26583640.0,26583640.0,13.6112,14.1237,14.15
Kepler-1118,1.0,299.9656619,44.1608805,0.17,7.561999797821045,14.944888,True,,False,239238425.0,239238425.0,14.3673,14.956,15.238
Kepler-1119,1.0,297.0191018,44.3274936,0.0,0.0,15.055101,True,,False,272940104.0,272940104.0,14.5716,15.0671,15.296
Kepler-112,1.0,296.9811361,43.2097025,0.0,0.0,13.754966,True,,False,272943597.0,272943597.0,13.2739,13.7662,13.927
Kepler-1120,1.0,290.9144516,42.2865522,0.096,2.059000015258789,15.289803,True,,False,159573412.0,159573412.0,14.6662,15.3045,15.494
Kepler-1121,1.0,297.7865467,47.8861542,0.055,4.570000171661377,12.011006,True,,False,28230581.0,28230581.0,11.6284,12.017,12.144
Kepler-1122,1.0,288.2805801,46.3408747,0.058,0.8137999773025513,15.090749,True,,False,158664692.0,158664692.0,14.6001,15.1025,15.405
Kepler-1123,1.0,294.5177291,50.6703927,0.0,0.0,14.794572,True,,False,27188610.0,27188610.0,14.2726,14.8069,14.933
Kepler-1124,1.0,286.5942529,37.8912836,0.0,0.0,15.949802,True,,False,120963454.0,120963454.0,14.9389,15.9678,16.745
Kepler-1125,1.0,295.4812018,40.7319316,0.379,38.18000030517578,14.879403,True,,False,184009076.0,184009076.0,14.3949,14.8766,15.042
Kepler-1126,1.0,285.691955,45.6893993,0.0,0.0,14.008748,True,,False,352013661.0,352013661.0,13.5888,14.0207,14.221
Kepler-1127,1.0,293.2173563,42.7205846,0.0,0.0,15.120927,True,,False,275569511.0,275569511.0,14.6039,15.1325,15.162
Kepler-1129,1.0,291.6044965,41.3093275,0.037,0.2904999852180481,15.245318,True,,False,137212833.0,137212833.0,14.7803,15.2572,15.661
Kepler-113,1.0,287.9978721,50.9441847,0.051,2.1549999713897705,13.446692,True,,False,298834019.0,298834019.0,12.8077,13.4598,13.655
Kepler-1130,1.0,285.207421,45.384333,0.063,5.366000175476074,12.389955,True,,False,164882482.0,164882482.0,11.8799,12.3956,12.509
Kepler-1131,1.0,295.6514492,49.2612954,0.0,0.0,14.925197,True,,False,27642556.0,27642556.0,14.4623,14.9375,15.01
Kepler-1132,1.0,286.3675188,48.4238906,0.0,0.0,15.459179,True,,False,405719448.0,405719448.0,14.9191,15.4722,15.818
Kepler-1133,1.0,293.3224114,42.8674925,0.0,0.0,14.798165,True,,False,275569784.0,275569784.0,14.2821,14.8099,14.785
Kepler-1135,1.0,286.0029904,44.7565551,0.0,0.0,14.283505,True,,False,158114283.0,158114283.0,13.828,14.2953,14.545
Kepler-1136,1.0,284.1078441,44.2458047,0.02,0.05342999845743179,15.629789,True,,False,164671623.0,164671623.0,14.9222,15.6422,16.037
Kepler-1137,1.0,287.1302407,48.665347,0.087,9.11400032043457,12.682343,True,,False,399913391.0,399913391.0,12.3751,12.6907,12.827
Kepler-1138,1.0,285.8993164,48.307285,0.052,0.5109999775886536,15.323538,True,,False,405685914.0,405685914.0,14.8371,15.3357,15.885
Kepler-1139,1.0,287.9455985,39.2305281,0.0,0.0,14.11844,True,,False,121458495.0,121458495.0,13.5739,14.1349,14.229
Kepler-114,1.0,294.121482,48.3497977,0.0,0.0,13.700925,True,,False,27011135.0,27011135.0,13.0237,13.7125,13.961
Kepler-1140,1.0,281.6940529,46.946521,0.0,0.0,15.438508,True,,False,123359347.0,123359347.0,14.8165,15.4527,15.751
Kepler-1141,1.0,290.5436836,47.7259073,0.054,3.740000009536743,12.328102,True,,False,159393734.0,159393734.0,11.9066,12.3348,12.403
Kepler-1142,1.0,292.7144796,44.0822816,0.0,2.112999919891105e-15,14.266649,True,,False,63366291.0,63366291.0,13.7797,14.2783,14.505
Kepler-1143,1.0,287.302772,39.2896399,0.0,0.0,15.180281,True,,False,121215172.0,121215172.0,14.5709,15.1938,15.493
Kepler-1144,1.0,290.0432936,47.2578857,0.0,0.0,14.900608,True,,False,159226202.0,159226202.0,14.4496,14.9125,14.943
Kepler-1145,1.0,295.3081524,43.0444026,0.0,0.0,15.437212,True,,False,271539239.0,271539239.0,14.8315,15.4499,15.471
Kepler-1146,1.0,286.716712,47.425658,0.0,0.0,15.836972,True,,False,158322622.0,158322622.0,15.1732,15.8497,15.953
Kepler-1147,1.0,292.5474753,41.6429221,0.0,0.0,15.344791,True,,False,137757057.0,137757057.0,14.8752,15.3564,15.613
Kepler-1148,1.0,290.9536059,45.7195545,0.052,0.5296000242233276,15.270863,True,,False,159581434.0,159581434.0,14.6597,15.2812,15.533
Kepler-1149,1.0,294.1891824,45.1515263,0.14,5.243000030517578,14.920122,True,,False,270857274.0,270857274.0,14.4314,14.9307,15.146
Kepler-115,1.0,297.7119299,45.261985,0.0,0.0,13.380967,True,,False,273383120.0,273383120.0,12.9485,13.3925,13.545
Kepler-1150,1.0,296.7244553,49.5326846,0.0,0.0,14.40893,True,,False,27913639.0,27913639.0,13.7478,14.4231,14.748
Kepler-1151,1.0,292.2477819,47.8784257,0.0,0.0,14.845055,True,,False,63204022.0,63204022.0,14.3484,14.8569,15.005
Kepler-1152,1.0,290.4341483,44.1077802,0.0,0.0,14.582912,True,,False,159382189.0,159382189.0,13.6628,14.5976,15.31
Kepler-1153,1.0,289.1471849,45.86613,0.0,0.0,15.785754,True,,False,158987296.0,158987296.0,15.2696,15.7976,15.767
Kepler-1154,1.0,297.4771158,39.8772345,0.0,0.0,14.767889,True,,False,169561256.0,169561256.0,14.3389,14.7792,14.953
Kepler-1155,1.0,288.8206058,39.5228712,1.244,523.2999877929688,14.741683,True,,False,121785676.0,121785676.0,14.2522,14.7392,14.799
Kepler-1156,1.0,288.9240901,46.0575865,0.0,0.0,14.114121,True,,False,158842046.0,158842046.0,13.6831,14.1258,14.262
Kepler-1157,1.0,283.1209268,43.5255701,0.0,0.0,14.363377,True,,False,164460347.0,164460347.0,13.682,14.3769,14.603
Kepler-1158,1.0,292.2339048,41.5751832,0.0,0.0,13.562894,True,,False,137557778.0,137557778.0,13.1628,13.5744,13.618
Kepler-1159,1.0,294.266325,45.2042317,0.0,0.0,14.532684,True,,False,270955277.0,270955277.0,14.1001,14.5451,14.678
Kepler-116,1.0,294.7420605,43.5367842,0.0,0.0,13.677422,True,,False,271260980.0,271260980.0,13.2931,13.6894,13.744
Kepler-1160,1.0,287.8793899,43.3640752,0.0,0.0,15.788944,True,,False,158630233.0,158630233.0,15.2965,15.8003,16.006
Kepler-1162,1.0,283.2920273,45.4339813,0.0,0.0,15.473331,True,,False,164522726.0,164522726.0,14.9515,15.4855,15.749
Kepler-1163,1.0,290.235863,50.0300654,0.073,7.7769999504089355,12.111752,True,,False,406950324.0,406950324.0,11.7557,12.1183,12.208
Kepler-1164,1.0,287.5296372,38.8945065,0.0,0.0,14.079112,True,,False,121275496.0,121275496.0,13.5197,14.0899,14.321
Kepler-1165,1.0,286.9712284,44.7082669,0.0,0.0,14.380475,True,,False,158326744.0,158326744.0,13.9708,14.3923,14.521
Kepler-1166,1.0,290.3484956,50.9028387,0.0,0.0,14.454743,True,,False,406951266.0,406951266.0,13.9408,14.466,14.65
Kepler-1167,1.0,298.3026595,47.6939654,0.021,0.05349000170826912,15.917434,True,,False,273875149.0,273875149.0,15.2776,15.9292,16.047
Kepler-1168,1.0,287.2977834,47.455488,0.025,0.10740000009536743,15.595579,True,,False,158412890.0,158412890.0,15.0158,15.6088,15.755
Kepler-1169,1.0,294.9115874,46.4914718,0.054,3.8259999752044678,12.677444,True,,False,271354748.0,271354748.0,12.2748,12.6852,12.707
Kepler-117,1.0,288.7930651,48.040176,0.008,0.03412000089883804,14.236279,True,,False,299032847.0,299032847.0,13.8478,14.2472,14.282
Kepler-1171,1.0,294.9589285,38.5915968,0.137,27.100000381469727,11.453933,True,,False,138888759.0,138888759.0,11.172,11.4587,11.647
Kepler-1172,1.0,290.4744875,37.7665499,0.0,0.0,15.834145,True,,False,122507231.0,122507231.0,15.3236,15.8463,16.083
Kepler-1173,1.0,293.1311803,45.6634153,0.0,0.0,13.792993,True,,False,275490034.0,275490034.0,13.2177,13.8043,13.896
Kepler-1174,1.0,281.8314296,42.298891,0.0,0.0,14.147775,True,,False,123408863.0,123408863.0,13.7214,14.159,14.271
Kepler-1175,1.0,289.1426847,46.8129656,0.0,0.0,15.906963,True,,False,158986028.0,158986028.0,15.4099,15.9163,15.972
Kepler-1176,1.0,297.919724,45.2742038,0.0,0.0,15.036812,True,,False,273582656.0,273582656.0,14.5186,15.0496,15.27
Kepler-1177,1.0,286.6714813,49.4062964,0.009,0.03183000162243843,14.496427,True,,False,399826020.0,399826020.0,14.0312,14.5078,14.773
Kepler-1178,1.0,288.4561183,45.8022258,0.273,41.75,13.950947,True,,False,158729099.0,158729099.0,13.3643,13.9597,14.212
Kepler-1179,1.0,284.0974305,47.8104856,0.0,0.0,14.05535,True,,False,164658882.0,164658882.0,13.5109,14.0675,14.214
Kepler-1180,1.0,295.8874773,43.1559952,0.074,1.3639999628067017,14.97237,True,,False,271966200.0,271966200.0,14.5287,14.9844,15.081
Kepler-1181,1.0,289.7473165,39.5234131,0.017,0.24729999899864197,13.443366,True,,False,394176812.0,394176812.0,13.1137,13.4553,13.549
Kepler-1182,1.0,296.3079895,43.8213706,0.0,0.0,15.333376,True,,False,272270522.0,272270522.0,14.8372,15.3453,15.742
Kepler-1183,1.0,292.2324228,38.8921946,0.082,0.8889999985694885,15.818067,True,,False,137550938.0,137550938.0,15.2699,15.8301,15.968
Kepler-1184,1.0,291.282031,46.9659514,0.0,0.0,14.91898,True,,False,159725400.0,159725400.0,14.498,14.9314,14.99
Kepler-1185,1.0,287.2411783,39.3326977,0.055,4.494999885559082,12.545833,True,,False,121121775.0,121121775.0,12.0699,12.5524,12.63
Kepler-1186,1.0,288.4796333,47.1017438,0.0,0.0,15.25494,True,,False,158730884.0,158730884.0,14.7825,15.2673,15.367
Kepler-1187,1.0,286.8919996,38.3185034,0.014,0.07215999811887741,14.555374,True,,False,121021644.0,121021644.0,14.1065,14.5664,14.73
Kepler-1188,1.0,283.1038438,43.1480487,0.0,0.0,14.95633,True,,False,164460740.0,164460740.0,14.5294,14.9676,14.941
Kepler-1189,1.0,298.4264116,47.9468194,0.0,0.0,14.236723,True,,False,267991349.0,267991349.0,13.7562,14.249,14.463
Kepler-119,1.0,295.9463854,42.6588324,0.0,2.123999913260623e-15,14.18924,True,,False,271964647.0,271964647.0,13.6953,14.2004,14.375
Kepler-1190,1.0,284.9996582,49.4799506,0.0,0.0,14.476809,True,,False,48504464.0,48504464.0,13.8287,14.494,14.665
Kepler-1191,1.0,291.6577923,48.0092619,0.0,0.0,15.299514,True,,False,26538999.0,26538999.0,14.7794,15.3125,15.319
Kepler-1192,1.0,282.1405603,43.8964934,0.03,0.13279999792575836,15.66954,True,,False,123416753.0,123416753.0,15.1878,15.6807,15.858
Kepler-1193,1.0,288.1447323,51.2756446,0.0,0.0,13.409313,True,,False,298897851.0,298897851.0,12.9919,13.4208,13.577
Kepler-1194,1.0,291.6994841,38.1452065,1.475,1195.0,14.113421,True,,False,137317096.0,137317096.0,13.6048,14.1034,14.31
Kepler-1195,1.0,284.3510523,40.8529319,0.0,0.0,15.901171,True,,False,120252007.0,120252007.0,15.3039,15.9123,16.003
Kepler-1196,1.0,292.369585,43.9108663,0.0,0.0,14.820794,True,,False,63210324.0,63210324.0,14.343,14.8324,15.009
Kepler-1197,1.0,291.6693437,42.5907441,0.057,0.8069000244140625,15.095314,True,,False,63004645.0,63004645.0,14.4234,15.1132,15.346
Kepler-1198,1.0,288.8339659,44.838198,0.04,0.550599992275238,14.757495,True,,False,158843826.0,158843826.0,14.2473,14.7693,14.986
Kepler-1199,1.0,293.7258092,47.2469219,1.039,1018.0,13.041058,True,,False,270696519.0,270696519.0,12.6072,13.0302,13.173
Kepler-12,1.0,286.2434458,50.0403671,0.0,0.0,13.347803,True,,False,405717754.0,405717754.0,12.9614,13.3596,13.468
Kepler-120,1.0,287.8915707,39.3390979,0.0,0.0,14.704782,True,,False,121458707.0,121458707.0,14.0065,14.7188,14.995
Kepler-1201,1.0,294.6147908,40.8331158,0.0,0.0,14.688943,True,,False,377915758.0,377915758.0,14.227,14.7003,14.765
Kepler-1203,1.0,292.7734523,44.178088,0.04,0.4375,14.898035,True,,False,63449012.0,63449012.0,14.0801,14.9147,15.385
Kepler-1204,1.0,289.4415238,42.4981476,0.0,0.0,15.282598,True,,False,159043952.0,159043952.0,14.816,15.295,15.45
Kepler-1205,1.0,290.2796734,41.5150499,0.0,0.0,15.118854,True,,False,122443195.0,122443195.0,14.5479,15.1303,15.316
Kepler-1206,1.0,295.9383737,49.7911337,0.11,1.2920000553131104,15.917073,True,,False,27649203.0,27649203.0,15.2659,15.9286,15.971
Kepler-1207,1.0,295.0641963,49.3589615,0.0,0.0,14.435867,True,,False,27390527.0,27390527.0,13.9921,14.4485,14.595
Kepler-1209,1.0,287.5849352,49.1547328,0.052,3.4549999237060547,12.404981,True,,False,399953998.0,399953998.0,12.0388,12.4115,12.554
Kepler-121,1.0,286.1621273,39.6780204,0.0,2.2539999889063713e-15,14.664919,True,,False,120765800.0,120765800.0,14.1155,14.677,14.904
Kepler-1210,1.0,292.8321598,48.2193376,0.0,0.0,15.553864,True,,False,26750065.0,26750065.0,15.0466,15.566,15.649
Kepler-1211,1.0,285.7207618,40.8569116,0.0,0.0,15.815207,True,,False,120578889.0,120578889.0,15.3535,15.8278,16.016
Kepler-1212,1.0,296.8534096,50.0373196,0.0,0.0,15.011561,True,,False,27912642.0,27912642.0,14.5562,15.0235,15.133
Kepler-1213,1.0,289.4858423,50.9441967,0.0,0.0,13.330961,True,,False,416266465.0,416266465.0,12.9266,13.342,13.416
Kepler-1214,1.0,285.1427113,49.8006565,0.071,0.9807000160217285,15.210392,True,,False,48528473.0,48528473.0,14.6382,15.2226,15.459
Kepler-1215,1.0,297.4636477,48.1813978,0.0,0.0,14.412236,True,,False,28230011.0,28230011.0,13.9003,14.4254,14.539
Kepler-1216,1.0,287.4052661,45.917979,0.0,0.0,15.094504,True,,False,158486842.0,158486842.0,14.6382,15.107,15.262
Kepler-1217,1.0,289.1866841,50.9375614,0.0,0.0,15.229143,True,,False,299160628.0,299160628.0,14.7909,15.2415,15.343
Kepler-1218,1.0,291.5788505,44.5316825,0.0,0.0,13.539286,True,,False,159763595.0,159763595.0,13.1286,13.5511,13.73
Kepler-1219,1.0,297.2158443,47.3785082,0.039,2.0769999027252197,12.225351,True,,False,273046164.0,273046164.0,11.7902,12.2321,12.339
Kepler-122,1.0,291.1118647,39.9490248,0.0,0.0,14.210621,True,,False,122714267.0,122714267.0,13.7867,14.2223,14.403
Kepler-1220,1.0,297.070398,42.9777396,0.26,19.239999771118164,14.955648,True,,False,272944301.0,272944301.0,14.4435,14.9649,15.194
Kepler-1221,1.0,285.8223636,45.7118423,18.212,33640.0,15.812193,True,,False,279912260.0,279912260.0,15.0115,15.5804,15.909
Kepler-1222,1.0,294.889616,49.3798215,0.032,0.5419999957084656,14.079351,True,,False,27240404.0,27240404.0,13.5242,14.0908,14.21
Kepler-1223,1.0,285.2956462,44.5527542,0.0,0.0,14.598517,True,,False,164889945.0,164889945.0,13.9552,14.6119,14.911
Kepler-1224,1.0,286.6257591,37.537313,0.046,2.4690001010894775,12.814565,True,,False,120964116.0,120964116.0,12.4299,12.825,12.926
Kepler-1226,1.0,296.3768521,50.6214592,0.336,57.95000076293945,14.141274,True,,False,27845000.0,27845000.0,13.7054,14.1497,14.324
Kepler-1227,1.0,287.0664109,41.8749712,0.0,0.0,14.164507,True,,False,121113728.0,121113728.0,13.6907,14.1758,14.276
Kepler-1228,1.0,296.552761,46.9661945,0.0,0.0,14.849318,True,,False,272596598.0,272596598.0,14.271,14.8612,15.061
Kepler-1229,1.0,297.4868347,46.9966782,0.346,19.5,15.496951,True,,False,273373582.0,273373582.0,14.4978,15.5104,16.124
Kepler-123,1.0,296.9985853,42.7819633,0.0,0.0,14.010237,True,,False,272944990.0,272944990.0,13.5949,14.0212,14.129
Kepler-1230,1.0,283.2645129,41.7114526,0.0,0.0,15.262072,True,,False,237157859.0,237157859.0,14.8144,15.2743,15.628
Kepler-1231,1.0,288.5882888,42.6056644,0.021,0.1673000007867813,14.701584,True,,False,158792743.0,158792743.0,14.2256,14.714,14.808
Kepler-1232,1.0,296.5500966,49.102307,0.0,2.0380000228511835e-15,14.749975,True,,False,351190880.0,351190880.0,14.2122,14.7619,14.97
Kepler-1233,1.0,297.3750954,46.6622201,0.086,2.4749999046325684,14.649159,True,,False,273131021.0,273131021.0,14.2417,14.6594,14.82
Kepler-1234,1.0,287.5220359,51.3759464,0.0,0.0,15.863579,True,,False,399956098.0,399956098.0,15.2468,15.878,15.915
Kepler-1235,1.0,284.9030677,43.9540616,0.0,0.0,13.864223,True,,False,164830167.0,164830167.0,13.3661,13.8765,14.079
Kepler-1238,1.0,297.9057655,40.1628378,0.0,0.0,14.721443,True,,False,169931288.0,169931288.0,14.2804,14.7328,14.919
Kepler-1239,1.0,293.1273357,42.3200578,0.0,0.0,15.382802,True,,False,275496016.0,275496016.0,14.9355,15.3947,15.391
Kepler-124,1.0,286.7527322,49.0648788,0.0,4.43899982689646e-15,14.112711,True,,False,399860218.0,399860218.0,13.5711,14.124,14.4
Kepler-1240,1.0,282.9997682,40.5574322,0.151,15.09000015258789,13.950592,True,,False,258203566.0,258203566.0,13.4546,13.9609,14.092
Kepler-1241,1.0,294.5762033,38.4569588,0.0,0.0,15.653847,True,,False,378013798.0,378013798.0,15.1014,15.669,15.886
Kepler-1242,1.0,284.6062174,41.196344,0.053,0.5210000276565552,15.486332,True,,False,120317833.0,120317833.0,14.8528,15.4984,15.714
Kepler-1243,1.0,294.009397,42.8807779,0.0,0.0,14.821758,True,,False,270782121.0,270782121.0,14.3259,14.8331,14.898
Kepler-1244,1.0,282.3012505,46.5161814,0.051,3.5739998817443848,12.317146,True,,False,123447592.0,123447592.0,11.9966,12.3234,12.444
Kepler-1245,1.0,290.7443078,43.260753,0.013,0.03548000007867813,15.361637,True,,False,159449041.0,159449041.0,14.818,15.3721,15.582
Kepler-1246,1.0,287.6572346,48.9822053,0.215,10.84000015258789,15.022099,True,,False,298785034.0,298785034.0,14.3396,15.0318,15.27
Kepler-1248,1.0,288.0592191,51.3544564,4.809,22660.0,13.211834,True,,False,298897924.0,298897924.0,12.5261,12.9248,12.9
Kepler-1249,1.0,296.8948517,44.3717429,0.0,0.0,15.340977,True,,False,272719153.0,272719153.0,14.8733,15.3518,15.391
Kepler-125,1.0,298.2581101,47.6050031,0.052,0.8192999958992004,14.749308,True,,False,273873718.0,273873718.0,13.7744,14.7675,15.431
Kepler-1250,1.0,287.7938184,45.9802492,0.113,2.0260000228881836,15.561326,True,,False,158559861.0,158559861.0,15.1009,15.5694,15.693
Kepler-1251,1.0,292.1151093,49.2563792,0.0,2.289999947955863e-15,14.927252,True,,False,26583618.0,26583618.0,14.4392,14.9391,15.024
Kepler-1252,1.0,298.9503634,46.6928437,0.04,0.6383000016212463,14.482459,True,,False,268387099.0,268387099.0,13.941,14.4946,14.743
Kepler-1253,1.0,283.8852196,47.6371507,0.065,5.189000129699707,12.449822,True,,False,164557694.0,164557694.0,12.0249,12.4566,12.588
Kepler-1254,1.0,285.1733174,48.7700099,0.05,0.5164999961853027,15.289844,True,,False,48506710.0,48506710.0,14.7078,15.3024,15.541
Kepler-1255,1.0,295.2392569,42.7264842,0.0,0.0,15.187921,True,,False,271538318.0,271538318.0,14.7301,15.199,15.308
Kepler-1256,1.0,291.4742443,44.6834119,0.0,0.0,13.500773,True,,False,159763320.0,159763320.0,13.1133,13.513,13.685
Kepler-1258,1.0,285.4049723,49.9948186,0.0,2.172999922226337e-15,13.77334,True,,False,279918915.0,279918915.0,13.3575,13.7847,13.929
Kepler-1259,1.0,297.8414628,46.9676288,0.0,0.0,15.313149,True,,False,273592350.0,273592350.0,14.7354,15.333,15.556
Kepler-126,1.0,289.3473634,44.2084445,0.086,9.715999603271484,10.457334,True,,False,159046962.0,159046962.0,10.1076,10.454,10.505
Kepler-1260,1.0,295.5912652,42.5552261,0.0,0.0,14.811436,True,,False,271759028.0,271759028.0,14.3292,14.8234,14.953
Kepler-1261,1.0,285.2324786,48.8066963,0.0,0.0,15.568438,True,,False,48506742.0,48506742.0,14.9769,15.5817,15.817
Kepler-1262,1.0,288.7718287,42.2131694,0.0,0.0,15.172406,True,,False,158794459.0,158794459.0,14.71,15.1837,15.155
Kepler-1263,1.0,286.483626,46.7526182,0.0,0.0,14.98956,True,,False,158270568.0,158270568.0,14.43,15.0007,15.173
Kepler-1264,1.0,289.8844102,45.2115075,0.382,55.70000076293945,14.472974,True,,False,159177065.0,159177065.0,14.0028,14.4788,14.629
Kepler-1265,1.0,284.5858364,47.0795646,0.0,0.0,15.55103,True,,False,164781761.0,164781761.0,14.8923,15.5655,16.024
Kepler-1266,1.0,285.8693277,42.7279996,0.0,0.0,15.825021,True,,False,158167159.0,158167159.0,15.2498,15.836,16.016
Kepler-1268,1.0,287.838419,43.1531776,0.0,0.0,15.211385,True,,False,158630552.0,158630552.0,14.7874,15.2224,15.484
Kepler-1269,1.0,287.8055442,45.3405371,0.007,0.03589000180363655,13.558054,True,,False,158559018.0,158559018.0,13.1423,13.5701,13.658
Kepler-127,1.0,285.1899439,46.0280596,0.075,8.263999938964844,11.434997,True,,False,164881786.0,164881786.0,11.0567,11.4381,11.746
Kepler-1270,1.0,286.7156676,48.6452552,0.0,0.0,13.272515,True,,False,399826741.0,399826741.0,12.6894,13.2851,13.562
Kepler-1271,1.0,286.3442954,37.4119347,0.0,0.0,13.855906,True,,False,120825510.0,120825510.0,13.4436,13.8677,14.075
Kepler-1272,1.0,285.2197605,38.8058393,0.0,0.0,14.372258,True,,False,399794186.0,399794186.0,13.9037,14.3837,14.734
Kepler-1273,1.0,285.8032016,44.8733983,0.0,0.0,15.783951,True,,False,279913214.0,279913214.0,15.289,15.796,16.03
Kepler-1274,1.0,284.5936858,46.4497364,0.061,5.372000217437744,11.676669,True,,False,164781116.0,164781116.0,11.3006,11.6819,11.717
Kepler-1275,1.0,293.5004955,44.9324455,0.0,0.0,14.395002,True,,False,270521167.0,270521167.0,13.9869,14.4061,14.595
Kepler-1276,1.0,287.8570173,40.5471909,0.076,6.611999988555908,12.839403,True,,False,121333541.0,121333541.0,12.4718,12.8485,12.992
Kepler-1277,1.0,295.1025166,40.5723736,0.0,0.0,14.081686,True,,False,138969285.0,138969285.0,13.5946,14.0928,14.306
Kepler-1278,1.0,282.9569197,42.8255589,0.0,0.0,13.61969,True,,False,164413187.0,164413187.0,13.2066,13.6316,13.782
Kepler-1279,1.0,288.0955917,40.365909,0.0,0.0,13.920001,True,,False,121465371.0,121465371.0,13.5122,13.9318,14.137
Kepler-128,1.0,282.4922622,43.9802442,0.119,24.860000610351562,11.286845,True,,False,123490545.0,123490545.0,10.9149,11.2886,11.693
Kepler-1281,1.0,295.3543571,48.5153932,0.717,49.18000030517578,16.09955,True,,False,27458799.0,27458799.0,15.4577,15.997,15.961
Kepler-1282,1.0,290.1761688,46.6983036,0.0,0.0,15.479012,True,,False,159301148.0,159301148.0,14.9803,15.4921,15.707
Kepler-1283,1.0,295.4623336,40.7769335,0.032,0.24220000207424164,15.059158,True,,False,184008951.0,184008951.0,14.5965,15.0697,15.269
Kepler-1284,1.0,291.2789549,47.6875766,0.0,0.0,15.648785,True,,False,159726546.0,159726546.0,15.0484,15.6622,15.912
Kepler-1285,1.0,281.8353366,44.1558825,0.071,8.208000183105469,11.645204,True,,False,123410927.0,123410927.0,11.2755,11.6497,11.717
Kepler-1286,1.0,280.2583709,43.8357433,0.0,0.0,15.131253,True,,False,351766517.0,351766517.0,14.6741,15.1425,15.278
Kepler-1287,1.0,289.1346298,47.063018,0.0,0.0,14.995119,True,,False,158985675.0,158985675.0,14.5435,15.0069,15.216
Kepler-1288,1.0,285.7135,41.6058799,0.803,600.5999755859375,13.179024,True,,False,120577770.0,120577770.0,12.799,13.1774,13.199
Kepler-1289,1.0,296.388767,41.040509,0.053,1.0729999542236328,14.590951,True,,False,184428068.0,184428068.0,14.1183,14.5992,14.732
Kepler-129,1.0,285.3111845,47.8484775,0.079,7.820000171661377,11.639392,True,,False,164999822.0,164999822.0,11.2026,11.6437,11.809
Kepler-1290,1.0,290.6852287,43.8596155,0.0,0.0,15.677578,True,,False,159450182.0,159450182.0,15.1977,15.6906,15.871
Kepler-1291,1.0,289.3770051,40.0010791,0.0,0.0,15.870873,True,,False,122063936.0,122063936.0,15.2879,15.8826,16.261
Kepler-1292,1.0,284.9057222,43.9491434,0.247,7.039000034332275,15.94814,True,,False,164830162.0,164830162.0,15.4317,15.9483,16.337
Kepler-1293,1.0,290.0258783,48.3359227,0.0,2.1390000197235495e-15,13.287858,True,,False,267749620.0,267749620.0,12.9213,13.3004,13.377
Kepler-1294,1.0,291.2681037,44.4881624,0.0,0.0,15.137908,True,,False,159721015.0,159721015.0,14.6723,15.1501,15.361
Kepler-1296,1.0,292.1251038,41.4077928,0.0,0.0,14.614505,True,,False,137410211.0,137410211.0,14.07,14.6267,14.934
Kepler-1297,1.0,289.9564415,47.0203466,0.0,0.0,14.76943,True,,False,159225841.0,159225841.0,14.3414,14.7821,14.867
Kepler-1298,1.0,284.4227535,49.1061907,0.107,19.1200008392334,11.309689,True,,False,267667467.0,267667467.0,10.9561,11.3125,11.388
Kepler-1299,1.0,286.1501263,37.4113438,0.0,0.0,15.889078,True,,False,120762000.0,120762000.0,15.3678,15.9003,15.962
Kepler-130,1.0,288.4505905,40.2452006,0.048,3.7920000553131104,11.81978,True,,False,121603794.0,121603794.0,11.4096,11.8253,11.572
Kepler-1300,1.0,289.0330532,40.0869182,0.05,3.109999895095825,12.75889,True,,False,121865605.0,121865605.0,12.3466,12.7678,12.861
Kepler-1301,1.0,286.6041816,42.4403309,0.0,0.0,15.360004,True,,False,158278132.0,158278132.0,14.8068,15.3734,15.656
Kepler-1302,1.0,290.9892462,50.308064,0.0,0.0,15.027023,True,,False,417678115.0,417678115.0,14.464,15.0387,15.172
Kepler-1303,1.0,284.287147,42.3555784,0.0,0.0,14.604511,True,,False,164674711.0,164674711.0,14.1321,14.6164,14.854
Kepler-1304,1.0,285.2763652,39.4468274,0.0,0.0,15.030098,True,,False,399819857.0,399819857.0,14.4506,15.0446,15.408
Kepler-1307,1.0,292.8698348,46.7418679,0.0,0.0,15.369546,True,,False,63453366.0,63453366.0,14.916,15.3803,15.636
Kepler-1308,1.0,285.9287514,38.5207097,0.062,1.5479999780654907,14.450987,True,,False,120693011.0,120693011.0,13.3183,14.4744,16.4
Kepler-1309,1.0,298.7351131,40.7641262,0.305,8.387999534606934,16.189194,True,,False,171098231.0,171098231.0,15.5302,16.1875,16.5119
Kepler-131,1.0,288.5308924,40.942373,0.115,21.18000030517578,11.486023,True,,False,121660708.0,121660708.0,11.0432,11.4904,11.493
Kepler-1310,1.0,283.9200236,40.7400419,0.0,0.0,14.110277,True,,False,120043638.0,120043638.0,13.6217,14.1223,14.346
Kepler-1311,1.0,289.6512597,43.8244445,0.0,2.202999923393953e-15,13.306013,True,,False,159106207.0,159106207.0,12.86,13.3176,13.528
Kepler-1312,1.0,292.9712801,41.0357494,0.037,1.6019999980926514,12.370019,True,,False,137899873.0,137899873.0,11.9163,12.3778,12.491
Kepler-1313,1.0,292.388582,42.2332767,0.045,3.0409998893737793,11.784153,True,,False,63213622.0,63213622.0,11.2692,11.7892,12.363
Kepler-1314,1.0,294.2373599,45.1968274,0.911,24.90999984741211,17.137932,True,,False,1881540649.0,1881540649.0,17.1575,17.5875,
Kepler-1315,1.0,295.8215678,46.0530562,0.0,0.0,14.937252,True,,False,271881331.0,271881331.0,14.273,14.9517,15.133
Kepler-1316,1.0,298.8358277,40.2930714,0.0,1.9100000037521395e-15,13.938768,True,,False,171502232.0,171502232.0,13.4764,13.9509,14.119
Kepler-1317,1.0,291.6118842,42.1159787,0.0,0.0,15.221674,True,,False,63005467.0,63005467.0,14.6369,15.2339,15.083
Kepler-1318,1.0,290.3763246,41.1507928,0.026,0.14180000126361847,15.228456,True,,False,122442545.0,122442545.0,14.5384,15.2424,15.531
Kepler-1319,1.0,290.9564463,49.3667933,0.017,0.12049999833106995,14.201595,True,,False,417676990.0,417676990.0,13.0621,14.2218,15.161
Kepler-132,1.0,283.23581,41.343037,0.498,292.1000061035156,12.683167,True,,False,237158274.0,237158274.0,11.7639,12.1703,11.922
Kepler-1323,1.0,292.8722515,46.098729,0.07,7.171999931335449,12.336941,True,,False,63452310.0,63452310.0,11.9566,12.344,12.444
Kepler-1324,1.0,291.1849503,40.3112023,0.0,0.0,15.120622,True,,False,137090755.0,137090755.0,14.4408,15.1336,15.554
Kepler-1325,1.0,285.0171505,42.085312,0.0,0.0,15.117764,True,,False,164828023.0,164828023.0,14.6145,15.1289,15.311
Kepler-1326,1.0,296.222199,39.268942,0.072,5.864999771118164,12.73037,True,,False,184417262.0,184417262.0,12.4157,12.7411,12.842
Kepler-1327,1.0,289.0648073,50.4609183,0.0,0.0,13.872176,True,,False,299153388.0,299153388.0,13.4317,13.8837,13.966
Kepler-1328,1.0,284.6753857,44.4177225,0.0,0.0,13.791974,True,,False,164778883.0,164778883.0,13.3383,13.8033,13.969
Kepler-1329,1.0,281.6476437,48.2709523,0.019,0.04521000012755394,15.836653,True,,False,47977416.0,47977416.0,15.1289,15.8498,15.958
Kepler-133,1.0,297.2778906,48.3203542,0.534,316.3999938964844,12.835647,True,,False,28089143.0,28089143.0,12.3573,12.8415,12.896
Kepler-1331,1.0,297.0737928,41.2244613,0.0,0.0,15.018551,True,,False,169083837.0,169083837.0,14.2331,15.0318,15.58
Kepler-1332,1.0,291.0286411,43.9137055,0.063,2.510999917984009,13.789268,True,,False,159578257.0,159578257.0,13.3031,13.795,13.975
Kepler-1333,1.0,293.5275797,41.111394,0.256,15.720000267028809,15.168398,True,,False,138219367.0,138219367.0,14.6675,15.1714,15.421
Kepler-1334,1.0,289.311532,51.3209059,0.0,0.0,15.158996,True,,False,299217895.0,299217895.0,14.6963,15.171,15.461
Kepler-1335,1.0,284.8384394,42.0703371,0.0,0.0,15.291569,True,,False,164827658.0,164827658.0,14.6728,15.3037,15.248
Kepler-1336,1.0,296.2776587,46.8998006,0.0,0.0,14.026579,True,,False,272278272.0,272278272.0,13.5344,14.0381,14.264
Kepler-1337,1.0,287.0091176,46.7961229,0.0,0.0,15.801601,True,,False,158324326.0,158324326.0,15.0883,15.8169,16.21
Kepler-1338,1.0,284.0422701,41.6990348,0.0,0.0,13.562101,True,,False,120105633.0,120105633.0,13.1175,13.5742,13.699
Kepler-1339,1.0,283.7457695,48.373469,0.239,81.77999877929688,12.139735,True,,False,48354224.0,48354224.0,11.6969,12.1235,12.344
Kepler-134,1.0,284.7391156,49.5984448,0.082,9.340999603271484,12.21574,True,,False,48448369.0,48448369.0,11.8216,12.2219,12.318
Kepler-1340,1.0,296.2328099,42.4727965,0.0,0.0,14.743263,True,,False,272183546.0,272183546.0,14.2772,14.7546,15.003
Kepler-1341,1.0,280.5116813,44.1593503,0.0,0.0,15.00422,True,,False,123126460.0,123126460.0,14.3157,15.0181,15.356
Kepler-1342,1.0,297.0200549,43.4325382,0.06,0.7013000249862671,15.36918,True,,False,272942844.0,272942844.0,14.8048,15.3835,15.726
Kepler-1343,1.0,294.294483,50.725385,0.0,0.0,15.517903,True,,False,27081773.0,27081773.0,15.0676,15.5297,15.617
Kepler-1344,1.0,287.0862799,46.9457998,0.036,0.6509000062942505,14.015507,True,,False,158394286.0,158394286.0,13.6036,14.0269,14.192
Kepler-1345,1.0,292.4779428,46.022821,0.0,0.0,13.692431,True,,False,63288941.0,63288941.0,13.3496,13.705,13.775
Kepler-1346,1.0,291.841341,45.179185,0.0,0.0,14.450139,True,,False,63066410.0,63066410.0,14.0213,14.462,14.625
Kepler-1347,1.0,299.6595903,40.8438526,7.769,42760.0,13.599419,True,,False,172422725.0,172422725.0,12.8483,13.4122,13.557
Kepler-1348,1.0,292.0874126,49.788709,0.0,0.0,14.668645,True,,False,26582909.0,26582909.0,14.2432,14.6789,14.871
Kepler-1349,1.0,286.3385562,48.7442697,0.098,13.229999542236328,11.081732,True,,False,405719110.0,405719110.0,10.6625,11.0821,11.209
Kepler-135,1.0,290.4950939,38.7954956,0.058,4.02400016784668,12.669632,True,,False,122450088.0,122450088.0,12.2969,12.6789,12.794
Kepler-1350,1.0,288.250611,46.6794847,0.075,0.4578000009059906,16.212677,True,,False,158664221.0,158664221.0,15.2275,16.2331,16.577
Kepler-1351,1.0,293.6084289,42.1978746,0.0,0.0,14.072361,True,,False,270609625.0,270609625.0,13.3387,14.0866,14.328
Kepler-1352,1.0,290.6937988,48.7014417,0.0,0.0,13.237123,True,,False,290034960.0,290034960.0,12.8384,13.2495,13.338
Kepler-1353,1.0,295.7353911,42.5762317,0.028,0.1307000070810318,15.493196,True,,False,271960006.0,271960006.0,14.8153,15.5059,15.734
Kepler-1354,1.0,291.2451266,37.7590079,0.0,0.0,14.357785,True,,False,137096633.0,137096633.0,13.9236,14.3687,14.59
Kepler-1355,1.0,283.7414249,49.0679833,0.0,0.0,15.440496,True,,False,48354835.0,48354835.0,14.9108,15.452,15.595
Kepler-1357,1.0,291.5480665,50.3532584,0.087,1.7369999885559082,15.209863,True,,False,26472830.0,26472830.0,14.7317,15.2205,15.322
Kepler-1358,1.0,286.1705469,43.0089,0.0,0.0,14.529851,True,,False,158169713.0,158169713.0,13.9852,14.5403,14.693
Kepler-1359,1.0,289.538818,41.8928154,0.0,2.1859999721425593e-15,15.73985,True,,False,159102744.0,159102744.0,15.0669,15.7534,15.987
Kepler-136,1.0,296.4673039,42.5987984,0.072,7.058000087738037,11.74829,True,,False,272375343.0,272375343.0,11.3668,11.7544,11.822
Kepler-1360,1.0,300.3440482,45.6231826,0.0,0.0,13.869786,True,,False,239287622.0,239287622.0,13.4615,13.8804,14.007
Kepler-1361,1.0,283.5653603,46.9042278,0.0,0.0,13.904603,True,,False,164525875.0,164525875.0,13.3359,13.9169,14.096
Kepler-1362,1.0,288.5385574,40.8771276,0.0,1.9379999483730512e-15,15.811244,True,,False,121660595.0,121660595.0,15.1541,15.8246,16.05
Kepler-1363,1.0,296.9964872,49.2563228,0.0,0.0,15.279661,True,,False,27990682.0,27990682.0,14.6239,15.2923,15.454
Kepler-1364,1.0,295.1521334,49.5876179,0.911,407.70001220703125,13.712412,True,,False,27396284.0,27396284.0,12.8684,13.1858,13.196
Kepler-1365,1.0,292.1996573,42.0459944,0.0,0.0,13.367374,True,,False,63122176.0,63122176.0,12.9078,13.3798,13.417
Kepler-1366,1.0,285.0648845,41.5548464,0.146,2.503000020980835,15.875218,True,,False,120421638.0,120421638.0,14.9436,15.8887,16.685
Kepler-1367,1.0,288.4166786,47.8787308,0.0,0.0,15.542307,True,,False,158731868.0,158731868.0,14.7171,15.5576,16.012
Kepler-1369,1.0,285.7972604,40.9361923,0.0,0.0,15.337678,True,,False,120686458.0,120686458.0,14.8613,15.3498,15.621
Kepler-137,1.0,282.1355875,43.0391951,0.095,9.704000473022461,12.931182,True,,False,123415819.0,123415819.0,12.4081,12.9414,13.063
Kepler-1370,1.0,284.5656897,41.7784781,0.0,0.0,13.663394,True,,False,120253552.0,120253552.0,13.2588,13.6743,13.718
Kepler-1371,1.0,288.8314251,47.5519753,0.234,32.150001525878906,13.831539,True,,False,158840095.0,158840095.0,13.3037,13.8344,14.018
Kepler-1372,1.0,288.8865895,44.8394672,0.0,0.0,15.33691,True,,False,158843824.0,158843824.0,14.8591,15.3493,15.667
Kepler-1373,1.0,285.7520229,39.2491731,0.398,97.38999938964844,14.063307,True,,False,120627712.0,120627712.0,13.6801,14.0717,14.328
Kepler-1375,1.0,296.2935173,43.4032189,0.0,0.0,13.699005,True,,False,272269239.0,272269239.0,13.2891,13.7103,13.864
Kepler-1376,1.0,286.9584368,42.541409,0.086,2.6670000553131104,14.66177,True,,False,158386680.0,158386680.0,14.1768,14.6721,14.792
Kepler-1377,1.0,289.1954229,46.6516055,0.182,3.7820000648498535,15.879867,True,,False,158986227.0,158986227.0,15.3427,15.8887,15.857
Kepler-1378,1.0,297.373403,40.3663986,0.063,0.39340001344680786,16.035906,True,,False,169459324.0,169459324.0,15.2514,16.0538,16.5497
Kepler-138,1.0,290.3814122,43.2930645,0.06,5.130000114440918,12.462141,True,,False,159376971.0,159376971.0,11.5177,12.4715,13.04
Kepler-1380,1.0,288.1160421,42.4403832,0.0,0.0,15.600211,True,,False,158633475.0,158633475.0,15.0806,15.6136,15.816
Kepler-1381,1.0,287.5357911,48.727783,0.0,2.218999952251113e-15,15.46688,True,,False,399953616.0,399953616.0,15.0047,15.4776,15.579
Kepler-1382,1.0,295.3774182,39.0480365,0.342,141.1999969482422,12.772366,True,,False,184014439.0,184014439.0,12.3259,12.7575,12.857
Kepler-1383,1.0,297.9447714,42.1918449,0.0,0.0,13.697143,True,,False,273507060.0,273507060.0,13.2806,13.7077,13.832
Kepler-1384,1.0,296.2151275,39.5270248,13.04,23480.0,15.640526,True,,False,184418214.0,184418214.0,14.8005,15.446,15.7578
Kepler-1385,1.0,282.6313559,46.481022,0.428,219.10000610351562,12.838036,True,,False,123495717.0,123495717.0,12.3751,12.8443,12.947
Kepler-1386,1.0,280.8233646,42.6360518,0.0,0.0,14.40517,True,,False,123201193.0,123201193.0,13.9202,14.4168,14.597
Kepler-1387,1.0,292.4403029,43.2093456,0.0,0.0,14.568171,True,,False,63284044.0,63284044.0,13.9551,14.5804,14.727
Kepler-1388,1.0,283.3360156,47.1744499,0.109,0.9714999794960022,16.274282,True,,False,164524311.0,164524311.0,15.3574,16.2941,16.43
Kepler-1389,1.0,285.7174414,44.7583487,0.0,0.0,14.671247,True,,False,279913347.0,279913347.0,14.0971,14.6836,14.896
Kepler-139,1.0,282.3919451,43.8894167,0.052,3.5269999504089355,12.668454,True,,False,123450224.0,123450224.0,12.1994,12.677,12.775
Kepler-1390,1.0,298.6624419,48.2488659,0.0,0.0,14.389903,True,,False,264508835.0,264508835.0,13.8982,14.4022,14.558
Kepler-1391,1.0,294.8309749,46.6595768,0.013,0.10700000077486038,13.816031,True,,False,271253957.0,271253957.0,13.3625,13.8283,13.906
Kepler-1392,1.0,288.7669819,46.3944497,1.523,352.29998779296875,15.674415,True,,False,158837572.0,158837572.0,15.1696,15.6665,15.963
Kepler-1393,1.0,284.4594558,40.1424756,2.099,4186.0,13.337387,True,,False,120255638.0,120255638.0,12.8778,13.3324,13.476
Kepler-1394,1.0,283.4532068,45.0840729,0.081,9.677000045776367,11.709132,True,,False,164527695.0,164527695.0,11.3915,11.7144,11.714
Kepler-1395,1.0,292.3374945,47.6641732,0.029,1.0700000524520874,12.528633,True,,False,63204326.0,63204326.0,12.1431,12.536,12.632
Kepler-1396,1.0,294.3363936,44.9182296,0.033,0.4336000084877014,14.514537,True,,False,270954695.0,270954695.0,14.0852,14.5271,14.691
Kepler-1397,1.0,299.6758812,47.0758234,0.0,0.0,14.0795,True,,False,269030207.0,269030207.0,13.6016,14.0909,14.324
Kepler-1398,1.0,294.8661073,48.6389923,0.0,0.0,13.648278,True,,False,27239111.0,27239111.0,13.2482,13.6605,13.752
Kepler-14,1.0,287.708814,47.33305,15.18,257000.0,12.43074,True,,False,158561566.0,158561566.0,11.636,,12.003
Kepler-140,1.0,287.3694056,46.7681473,0.112,12.4399995803833,12.931543,True,,False,158487888.0,158487888.0,12.5558,12.9412,13.018
Kepler-1400,1.0,286.2716827,45.4408055,0.0,0.0,15.700854,True,,False,158212755.0,158212755.0,15.1083,15.7129,16.067
Kepler-1401,1.0,287.4660334,40.75842,8.316,16730.0,15.063402,True,,False,121272493.0,121272493.0,14.5208,14.9721,15.224
Kepler-1402,1.0,291.8478341,48.9681664,0.0,0.0,14.595536,True,,False,26540675.0,26540675.0,14.0647,14.6083,14.78
Kepler-1403,1.0,290.8676391,38.9600779,0.081,1.0980000495910645,15.577862,True,,False,122605691.0,122605691.0,15.1547,15.5907,15.713
Kepler-1404,1.0,296.0094827,50.4983929,0.371,18.6200008392334,15.698114,True,,False,27766705.0,27766705.0,15.1355,15.7029,15.931
Kepler-1405,1.0,295.6848822,39.2561274,0.0,1.9830000560035936e-15,15.806127,True,,False,184166357.0,184166357.0,15.3042,15.8175,16.028
Kepler-1406,1.0,292.0818824,38.9149472,0.333,71.76000213623047,13.422168,True,,False,137483383.0,137483383.0,12.9484,13.3819,13.39
Kepler-1407,1.0,283.9424274,41.4715535,0.038,0.4104999899864197,14.88186,True,,False,120042828.0,120042828.0,14.4251,14.8925,15.023
Kepler-1408,1.0,282.6998783,45.4257884,0.067,6.422999858856201,11.956278,True,,False,123496782.0,123496782.0,11.5719,11.9622,12.124
Kepler-1409,1.0,290.0847389,51.2086144,0.0,0.0,15.156878,True,,False,267745858.0,267745858.0,14.5815,15.172,15.391
Kepler-141,1.0,297.9707271,47.7316041,0.0,0.0,13.408542,True,,False,273681580.0,273681580.0,12.8049,13.4205,13.624
Kepler-1410,1.0,290.5102933,38.743501,8.595,8237.0,16.270283,True,,False,122450207.0,122450207.0,15.095,15.9484,16.319
Kepler-1411,1.0,286.3615236,42.9638889,0.0,0.0,15.758915,True,,False,158218591.0,158218591.0,15.316,15.7709,15.945
Kepler-1412,1.0,292.1801539,49.202481,0.0,0.0,13.180172,True,,False,424815791.0,424815791.0,12.7581,13.1928,13.347
Kepler-1414,1.0,284.9285796,42.4223085,0.0,0.0,14.846415,True,,False,164828419.0,164828419.0,14.2489,14.8607,14.989
Kepler-1415,1.0,285.1568015,47.8732512,0.0,0.0,15.706642,True,,False,164834500.0,164834500.0,15.1438,15.7209,15.937
Kepler-1416,1.0,298.6634624,43.8940593,0.0,0.0,14.214357,True,,False,268160061.0,268160061.0,13.6973,14.226,14.369
Kepler-1417,1.0,290.9498966,40.605197,0.0,0.0,13.84688,True,,False,122707371.0,122707371.0,13.3932,13.8576,14.038
Kepler-1418,1.0,282.9975322,41.67859,2.938,1487.0,15.53985,True,,False,258202336.0,258202336.0,14.6069,15.2813,15.461
Kepler-1419,1.0,292.2545917,37.971376,0.034,0.16619999706745148,15.706289,True,,False,137548281.0,137548281.0,15.2085,15.7181,15.96
Kepler-142,1.0,295.1190067,48.4813635,0.0,0.0,13.184504,True,,False,27394293.0,27394293.0,12.7501,13.197,13.277
Kepler-1421,1.0,286.5806115,48.5442312,0.07,5.827000141143799,12.718447,True,,False,399826842.0,399826842.0,12.3584,12.7261,12.868
Kepler-1422,1.0,293.8902214,48.3360926,0.0,0.0,15.608553,True,,False,27009720.0,27009720.0,15.2021,15.6194,15.741
Kepler-1423,1.0,288.2437481,41.1100655,13.337,54430.0,14.657411,True,,False,121599740.0,121599740.0,13.9301,14.5581,14.721
Kepler-1424,1.0,290.9916648,40.2293347,0.879,564.7999877929688,13.602731,True,,False,122706631.0,122706631.0,13.1363,13.5925,13.756
Kepler-1425,1.0,294.9510368,43.0124348,0.0,0.0,13.551074,True,,False,271347291.0,271347291.0,13.0641,13.5629,13.681
Kepler-1426,1.0,292.5457096,49.4168981,3.416,2659.0,15.194105,True,,False,26656435.0,26656435.0,14.7045,15.1663,15.464
Kepler-1428,1.0,297.6422563,49.594958,0.0,0.0,13.511556,True,,False,28234022.0,28234022.0,13.0708,13.5234,13.759
Kepler-1429,1.0,285.3662532,49.0448172,0.0,0.0,14.820087,True,,False,279917996.0,279917996.0,14.3995,14.8316,15.053
Kepler-143,1.0,298.0676519,49.412541,0.0,0.0,13.693681,True,,False,28364164.0,28364164.0,13.2481,13.7057,13.882
Kepler-1430,1.0,289.6975391,43.3719581,1.259,327.6000061035156,15.31041,True,,False,159105397.0,159105397.0,14.6271,15.2824,15.567
Kepler-1431,1.0,292.6583919,49.8651522,0.0,0.0,15.259988,True,,False,26657021.0,26657021.0,14.7817,15.2711,15.4
Kepler-1432,1.0,295.5241011,49.8295211,0.0,2.202999923393953e-15,15.359315,True,,False,27532128.0,27532128.0,14.9257,15.3702,15.594
Kepler-1433,1.0,287.3634559,49.4568649,0.173,6.84499979019165,15.157532,True,,False,399951196.0,399951196.0,14.7284,15.1479,15.051
Kepler-1434,1.0,295.5384415,51.2030002,0.067,6.52400016784668,12.035922,True,,False,27534458.0,27534458.0,11.6547,12.0421,12.198
Kepler-1435,1.0,291.1732806,44.9210836,0.07,5.729000091552734,12.860042,True,,False,159647919.0,159647919.0,12.5194,12.8692,12.984
Kepler-1436,1.0,297.711553,46.7679816,0.0,0.0,14.897968,True,,False,273378908.0,273378908.0,14.4362,14.9099,15.119
Kepler-1437,1.0,291.8649164,49.325869,0.289,11.989999771118164,15.678733,True,,False,26541175.0,26541175.0,15.1656,15.6607,15.701
Kepler-1438,1.0,289.289819,40.6816262,0.355,40.63999938964844,14.854363,True,,False,121946404.0,121946404.0,14.3349,14.861,14.983
Kepler-1439,1.0,285.7396971,40.9798688,0.0,2.1930000641769056e-15,16.077053,True,,False,120578712.0,120578712.0,14.9624,16.0979,17.0484
Kepler-144,1.0,281.9156128,42.7755535,0.081,10.65999984741211,11.937446,True,,False,123409401.0,123409401.0,11.5855,11.9438,12.195
Kepler-1440,1.0,285.3469737,48.3122283,0.0,0.0,14.089196,True,,False,279917282.0,279917282.0,13.6252,14.1018,14.24
Kepler-1441,1.0,293.7191177,43.1245756,0.044,0.9351999759674072,14.244829,True,,False,270704515.0,270704515.0,13.7641,14.2567,14.29
Kepler-1442,1.0,291.2556226,48.8469171,0.056,4.50600004196167,12.02407,True,,False,350811132.0,350811132.0,11.6841,12.0303,12.114
Kepler-1443,1.0,283.4357392,47.0667983,0.764,808.0,12.209162,True,,False,164525743.0,164525743.0,11.8483,12.212,12.313
Kepler-1444,1.0,285.3306799,42.0405016,0.045,3.000999927520752,12.249038,True,,False,164886812.0,164886812.0,11.8074,12.2578,12.363
Kepler-1445,1.0,280.2495197,43.9150665,0.074,7.888000011444092,12.411898,True,,False,351766604.0,351766604.0,12.0406,12.4184,12.407
Kepler-1446,1.0,289.4240357,46.7260823,0.055,4.050000190734863,12.397986,True,,False,159050852.0,159050852.0,11.7532,12.4086,12.595
Kepler-1447,1.0,289.6434285,50.727016,0.0,0.0,14.651989,True,,False,416281317.0,416281317.0,14.182,14.6643,14.747
Kepler-1448,1.0,287.8674123,50.5955846,0.0,0.0,14.367695,True,,False,298834402.0,298834402.0,13.925,14.3796,14.592
Kepler-1449,1.0,288.2317293,50.5678345,0.059,0.9437000155448914,15.017549,True,,False,298962633.0,298962633.0,14.5798,15.0306,15.142
Kepler-145,1.0,291.3877397,44.5290465,0.078,9.156000137329102,11.868378,True,,False,159721091.0,159721091.0,11.4853,11.8746,11.977
Kepler-1450,1.0,294.5536825,45.0813011,0.0,0.0,15.474429,True,,False,271162715.0,271162715.0,14.7438,15.4892,15.923
Kepler-1451,1.0,293.4464227,40.4098813,0.0,0.0,15.288591,True,,False,138217479.0,138217479.0,14.7934,15.2999,15.313
Kepler-1452,1.0,292.422792,38.2662824,0.0,0.0,13.059314,True,,False,137635103.0,137635103.0,12.6223,13.0714,13.215
Kepler-1453,1.0,286.1255037,47.9475586,0.0,0.0,15.515946,True,,False,158175366.0,158175366.0,15.0461,15.5278,15.695
Kepler-1454,1.0,284.2233265,48.8317229,0.087,2.2790000438690186,14.887041,True,,False,267570002.0,267570002.0,14.3859,14.8994,15.009
Kepler-1455,1.0,294.0830662,50.5027572,0.0,0.0,15.851541,True,,False,27014562.0,27014562.0,14.9256,15.8657,16.06
Kepler-1456,1.0,286.9453381,43.8228023,0.064,0.7384999990463257,15.428686,True,,False,158385035.0,158385035.0,14.6416,15.445,15.777
Kepler-1457,1.0,283.7705481,42.027203,0.0,0.0,14.017039,True,,False,164646534.0,164646534.0,13.5729,14.0283,14.066
Kepler-1458,1.0,283.2115971,41.0380135,0.0,0.0,14.188602,True,,False,258349285.0,258349285.0,13.6833,14.1996,14.434
Kepler-1459,1.0,282.4229401,46.0139761,0.077,2.0989999771118164,14.538606,True,,False,123448077.0,123448077.0,13.9057,14.5519,14.893
Kepler-146,1.0,294.1107631,38.7102222,0.0,0.0,13.791093,True,,False,138569990.0,138569990.0,13.364,13.8031,13.921
Kepler-1460,1.0,285.5577888,44.0108221,0.0,0.0,15.905456,True,,False,352011765.0,352011765.0,15.1726,15.9191,16.166
Kepler-1461,1.0,285.8305091,43.198377,0.0,0.0,15.682579,True,,False,279915288.0,279915288.0,15.0686,15.6949,15.828
Kepler-1464,1.0,287.2356828,38.7540824,0.0,0.0,14.117812,True,,False,121123737.0,121123737.0,13.6293,14.1296,14.358
Kepler-1465,1.0,289.8194222,51.9048541,0.536,108.5,14.415322,True,,False,416279965.0,416279965.0,13.7357,14.42,14.724
Kepler-1467,1.0,295.0485389,45.3426781,0.0,4.255000130313829e-15,15.508653,True,,False,271427581.0,271427581.0,14.9464,15.5207,15.83
Kepler-1468,1.0,293.5198289,41.2773671,0.0,0.0,14.939658,True,,False,138219758.0,138219758.0,14.4675,14.9515,15.111
Kepler-147,1.0,287.9757213,39.087168,0.0,0.0,13.903797,True,,False,121458206.0,121458206.0,13.4473,13.9151,14.134
Kepler-1470,1.0,288.6949475,39.8830802,0.0,0.0,15.031295,True,,False,121733900.0,121733900.0,14.4136,15.0436,15.252
Kepler-1471,1.0,289.6649171,50.0200612,0.118,2.9549999237060547,15.236161,True,,False,416282121.0,416282121.0,14.7511,15.246,15.421
Kepler-1472,1.0,294.8526163,49.0574468,0.048,0.8694999814033508,14.576946,True,,False,27239856.0,27239856.0,14.1764,14.5898,14.666
Kepler-1473,1.0,290.6365144,48.9961494,0.0,0.0,13.355088,True,,False,290034635.0,290034635.0,12.9519,13.3679,13.486
Kepler-1474,1.0,294.6940261,45.866809,0.079,1.3229999542236328,15.206235,True,,False,271255614.0,271255614.0,14.72,15.2172,15.35
Kepler-1475,1.0,295.9482766,44.753096,0.036,0.24250000715255737,15.26617,True,,False,271970692.0,271970692.0,14.829,15.2775,15.36
Kepler-1476,1.0,284.5320743,43.9898971,0.032,0.1923999935388565,15.396193,True,,False,164727404.0,164727404.0,14.9073,15.4086,15.574
Kepler-1477,1.0,281.2985305,42.6856727,0.035,0.5054000020027161,14.564713,True,,False,123314844.0,123314844.0,13.9857,14.5763,14.72
Kepler-1478,1.0,293.1650085,41.746184,0.0,0.0,15.386787,True,,False,138097834.0,138097834.0,14.9375,15.3994,15.409
Kepler-1479,1.0,285.7119953,49.7067574,0.0,0.0,13.721632,True,,False,377781254.0,377781254.0,13.2865,13.7331,13.914
Kepler-148,1.0,289.7861626,46.8588176,0.0,0.0,15.32301,True,,False,159171904.0,159171904.0,14.7473,15.3362,15.398
Kepler-1480,1.0,291.9998055,49.3018321,0.0,0.0,14.469786,True,,False,26541144.0,26541144.0,13.9005,14.4824,14.703
Kepler-1481,1.0,289.4390075,49.7312226,0.0,0.0,14.726958,True,,False,299219860.0,299219860.0,14.1093,14.7429,14.929
Kepler-1482,1.0,285.3138209,48.72527,0.339,86.44999694824219,13.720583,True,,False,279917678.0,279917678.0,13.2155,13.7295,13.967
Kepler-1483,1.0,295.4097409,42.1507935,0.014,0.0848499983549118,14.411283,True,,False,271752712.0,271752712.0,14.0009,14.4231,14.52
Kepler-1484,1.0,292.6842738,38.1262604,0.669,93.83999633789062,15.247141,True,,False,137816475.0,137816475.0,14.7803,15.2474,15.351
Kepler-1485,1.0,298.0954404,44.7370612,0.0,0.0,13.167881,True,,False,273690208.0,273690208.0,12.7183,13.1796,13.411
Kepler-1486,1.0,290.5903907,45.4396955,0.0,0.0,15.28118,True,,False,159439931.0,159439931.0,14.8232,15.2937,15.317
Kepler-1487,1.0,295.4980737,38.6444499,0.0,0.0,13.438997,True,,False,184015844.0,184015844.0,13.0806,13.4508,13.6
Kepler-1488,1.0,286.6464265,49.9377735,0.0,0.0,13.063677,True,,False,399825584.0,399825584.0,12.6275,13.0767,13.146
Kepler-1489,1.0,281.2957984,44.4654063,0.069,1.5240000486373901,14.79751,True,,False,123312978.0,123312978.0,14.3412,14.8084,14.983
Kepler-149,1.0,285.8537014,38.3840916,0.0,0.0,14.006982,True,,False,120638033.0,120638033.0,13.486,14.0194,14.152
Kepler-1490,1.0,295.6935734,42.6094543,0.0,0.0,15.403111,True,,False,271959909.0,271959909.0,14.88,15.4179,15.616
Kepler-1492,1.0,288.5970695,41.0363254,0.0,0.0,14.482591,True,,False,121660826.0,121660826.0,13.8027,14.4962,14.689
Kepler-1493,1.0,288.5493683,38.5651973,0.524,160.6999969482422,13.774549,True,,False,121656582.0,121656582.0,13.0805,13.5532,13.7192
Kepler-1494,1.0,282.6573891,43.1625334,0.0,0.0,15.204455,True,,False,123499226.0,123499226.0,14.7245,15.217,15.372
Kepler-1495,1.0,286.1306907,38.7795494,0.573,54.650001525878906,15.650174,True,,False,120764338.0,120764338.0,15.1298,15.6247,15.494
Kepler-1496,1.0,293.9739359,45.3507167,0.0,0.0,14.669549,True,,False,270787590.0,270787590.0,14.2309,14.6819,14.832
Kepler-1497,1.0,296.196155,45.6343124,1.197,253.10000610351562,15.392678,True,,False,272275278.0,272275278.0,14.8697,15.3761,15.707
Kepler-1498,1.0,284.7780883,44.9167513,0.95,213.39999389648438,15.13809,True,,False,164785771.0,164785771.0,14.5411,15.0997,15.352
Kepler-1499,1.0,283.986348,41.6505091,0.254,58.150001525878906,13.504074,True,,False,120105569.0,120105569.0,12.907,13.5155,13.676
Kepler-15,1.0,296.2005506,49.1400304,0.048,1.5360000133514404,13.701518,True,,False,27774415.0,27774415.0,13.2394,13.7136,13.81
Kepler-150,1.0,288.2341025,40.520897,0.062,1.1349999904632568,14.964525,True,,False,121598758.0,121598758.0,14.4746,14.9743,15.161
Kepler-1500,1.0,288.883474,39.7446547,0.0,0.0,14.569998,True,,False,121786521.0,121786521.0,14.1319,14.5804,14.728
Kepler-1501,1.0,289.918589,42.001428,0.0,0.0,13.633225,True,,False,159216808.0,159216808.0,13.2541,13.6458,13.683
Kepler-1502,1.0,296.1079271,39.3199201,0.051,1.4789999723434448,14.081654,True,,False,184298883.0,184298883.0,13.7157,14.0931,14.18
Kepler-1504,1.0,289.7119947,50.1282265,0.0,0.0,15.619466,True,,False,416281986.0,416281986.0,15.1203,15.6311,15.883
Kepler-1505,1.0,292.0020614,41.7869639,0.39,162.6999969482422,12.917766,True,,False,137408775.0,137408775.0,12.4674,12.9258,13.043
Kepler-1506,1.0,290.1498822,41.4645625,0.0,0.0,15.611633,True,,False,122298422.0,122298422.0,15.1393,15.6243,15.836
Kepler-1507,1.0,288.5616269,46.5361247,0.0,0.0,13.096181,True,,False,158786851.0,158786851.0,12.5829,13.1038,13.267
Kepler-1508,1.0,298.1188802,40.3750316,0.075,2.4820001125335693,14.336149,True,,False,170346081.0,170346081.0,13.8282,14.3466,14.561
Kepler-1509,1.0,283.7977792,46.9310139,0.0,0.0,15.320203,True,,False,164558338.0,164558338.0,14.8747,15.3316,15.455
Kepler-151,1.0,292.1627933,41.0231947,0.0,0.0,14.706672,True,,False,137410997.0,137410997.0,14.1701,14.7189,14.957
Kepler-1511,1.0,288.4211892,43.179773,0.0,0.0,13.490068,True,,False,158725179.0,158725179.0,13.1799,13.5024,13.564
Kepler-1512,1.0,289.2744976,44.4704056,1.523,2285.0,13.317133,True,,False,158989438.0,158989438.0,12.5517,13.2634,13.451
Kepler-1513,1.0,289.7917561,39.2852655,0.103,11.75,12.94631,True,,False,394177315.0,394177315.0,12.454,12.9559,13.071
Kepler-1514,1.0,292.6274943,37.8601653,0.067,6.552999973297119,11.821788,True,,False,137685450.0,137685450.0,11.4605,11.8292,11.766
Kepler-1515,1.0,290.9739057,48.1782059,0.062,5.293000221252441,11.99177,True,,False,417660218.0,417660218.0,11.6488,11.9975,12.1
Kepler-1516,1.0,291.4945795,44.5234227,0.079,2.572999954223633,14.435637,True,,False,159763612.0,159763612.0,13.9609,14.4469,14.65
Kepler-1517,1.0,287.8072115,43.1888008,0.089,13.029999732971191,12.166314,True,,False,158555987.0,158555987.0,11.8995,12.1739,12.228
Kepler-1518,1.0,300.3323404,44.9861065,0.0,0.0,13.268091,True,,False,239289191.0,239289191.0,12.8852,13.2803,13.374
Kepler-1519,1.0,296.6679448,49.4617774,0.0,2.2129999943692373e-15,14.791212,True,,False,351191596.0,351191596.0,14.3174,14.8034,15.124
Kepler-152,1.0,286.8653826,41.9889571,0.0,0.0,14.231813,True,,False,158387462.0,158387462.0,13.6825,14.2437,14.379
Kepler-1520,1.0,290.9662102,51.5047656,0.0,0.0,15.679839,True,,False,417679385.0,417679385.0,14.987,15.6932,16.002
Kepler-1521,1.0,292.6903779,37.8350549,0.049,2.446000099182129,12.83923,True,,False,137817355.0,137817355.0,12.2481,12.8476,13.049
Kepler-1522,1.0,289.8432347,52.0702094,0.0,0.0,14.18619,True,,False,267673944.0,267673944.0,13.7178,14.1963,14.357
Kepler-1523,1.0,296.0540705,45.8270447,0.0,0.0,14.824572,True,,False,272083995.0,272083995.0,14.3317,14.8369,14.993
Kepler-1524,1.0,293.8853557,39.5198348,0.052,3.434999942779541,12.69443,True,,False,138477646.0,138477646.0,12.2522,12.7003,12.802
Kepler-1525,1.0,290.5594479,49.9428629,0.072,6.827000141143799,12.684854,True,,False,290033595.0,290033595.0,12.2202,12.6919,12.797
Kepler-1526,1.0,285.1197266,38.8664618,0.0,0.0,15.642468,True,,False,120425617.0,120425617.0,14.9273,15.6551,15.935
Kepler-1527,1.0,297.4144457,46.0608077,0.033,0.2669000029563904,15.066268,True,,False,273132601.0,273132601.0,14.6005,15.0782,15.161
Kepler-1528,1.0,287.4029864,46.5740084,0.02,0.15399999916553497,14.463457,True,,False,158487658.0,158487658.0,14.0265,14.4764,14.576
Kepler-1529,1.0,289.8707469,41.0407482,0.0,0.0,15.375502,True,,False,122137575.0,122137575.0,14.7583,15.3885,15.297
Kepler-153,1.0,282.460502,48.2570293,0.0,0.0,14.237631,True,,False,48188777.0,48188777.0,13.7151,14.2493,14.388
Kepler-1530,1.0,288.1624396,48.165153,0.013,0.09956000000238419,13.996601,True,,False,298892283.0,298892283.0,13.4865,14.0055,14.15
Kepler-1531,1.0,285.146622,39.3708055,0.0,0.0,13.158162,True,,False,120424814.0,120424814.0,12.7719,13.1712,13.202
Kepler-1532,1.0,296.902784,41.1981424,0.0,0.0,14.791796,True,,False,168812474.0,168812474.0,14.3035,14.8028,15.293
Kepler-1533,1.0,295.9755645,44.7133739,0.0,0.0,13.155678,True,,False,271970605.0,271970605.0,12.7834,13.1678,13.289
Kepler-1535,1.0,286.613685,38.8919507,0.0,2.1069999620092292e-15,14.168615,True,,False,120961712.0,120961712.0,13.7282,14.1798,14.385
Kepler-1537,1.0,294.3853917,43.8254461,0.037,0.4999000132083893,14.534228,True,,False,271046907.0,271046907.0,13.946,14.5457,14.827
Kepler-1538,1.0,283.345611,45.2743573,0.0,2.297999962384443e-15,15.216068,True,,False,164522561.0,164522561.0,14.7808,15.2279,15.551
Kepler-1539,1.0,284.2194566,44.2685146,0.038,0.27559998631477356,15.297688,True,,False,164671591.0,164671591.0,14.7245,15.3085,15.487
Kepler-154,1.0,289.7805393,49.8965624,0.0,0.0,14.50002,True,,False,416282268.0,416282268.0,14.0503,14.5121,14.646
Kepler-1540,1.0,283.3445555,41.2017544,0.0,0.0,14.07006,True,,False,237158408.0,237158408.0,13.3323,14.0831,14.429
Kepler-1541,1.0,283.7870875,48.0296019,0.0,0.0,13.780577,True,,False,48353902.0,48353902.0,13.2444,13.7908,13.944
Kepler-1542,1.0,285.7284757,42.6544651,0.147,28.510000228881836,12.580435,True,,False,279915941.0,279915941.0,12.11,12.5876,12.734
Kepler-1543,1.0,297.1242915,47.0369876,0.087,6.296999931335449,13.408716,True,,False,272843289.0,272843289.0,13.0627,13.4193,13.495
Kepler-1544,1.0,297.2852168,49.2124526,0.0,0.0,14.029598,True,,False,28090925.0,28090925.0,13.3944,14.039,14.287
Kepler-1545,1.0,298.8988313,47.4630696,0.0,0.0,15.021455,True,,False,268382450.0,268382450.0,14.4549,15.0334,15.256
Kepler-1546,1.0,297.5839183,41.5411993,0.0,2.0540000517083436e-15,15.356609,True,,False,169466684.0,169466684.0,14.8047,15.368,15.596
Kepler-1547,1.0,283.7640396,42.2220992,0.0,0.0,13.396447,True,,False,164646094.0,164646094.0,12.9688,13.4085,13.464
Kepler-1548,1.0,287.4711817,46.0805706,0.0,2.1039999830682913e-15,15.233427,True,,False,158487028.0,158487028.0,14.7676,15.2455,15.324
Kepler-1549,1.0,286.0524399,39.0960281,0.0,0.0,15.13872,True,,False,120692095.0,120692095.0,14.5675,15.1516,15.353
Kepler-155,1.0,288.4957831,51.0819286,0.0,0.0,14.227024,True,,False,298969755.0,298969755.0,13.528,14.24,14.654
Kepler-1550,1.0,287.7646113,38.2947076,0.0,0.0,14.873216,True,,False,121395435.0,121395435.0,14.437,14.8841,15.107
Kepler-1552,1.0,291.6768669,38.8749152,0.0,0.0,14.917727,True,,False,137319097.0,137319097.0,14.3456,14.9308,15.203
Kepler-1554,1.0,286.576016,41.7415762,0.0,0.0,15.701793,True,,False,120900025.0,120900025.0,15.1613,15.7147,15.93
Kepler-1555,1.0,287.6354587,45.7160327,0.0,0.0,15.313081,True,,False,158492133.0,158492133.0,14.8807,15.3259,15.425
Kepler-1556,1.0,288.3969751,40.2131892,0.0,0.0,15.28089,True,,False,121603852.0,121603852.0,14.7659,15.2978,15.651
Kepler-1558,1.0,286.8194349,46.9117837,0.0,0.0,13.587953,True,,False,158322085.0,158322085.0,13.0048,13.5998,13.809
Kepler-1559,1.0,292.2866565,42.0725948,0.0,0.0,14.476278,True,,False,63213956.0,63213956.0,13.9378,14.488,14.549
Kepler-156,1.0,290.2964214,37.7494271,0.0,0.0,14.144119,True,,False,122374620.0,122374620.0,13.5698,14.1564,14.339
Kepler-1560,1.0,292.7846013,43.21601,0.0,0.0,13.372886,True,,False,63373449.0,63373449.0,12.9108,13.3846,13.505
Kepler-1561,1.0,296.9235822,43.5664628,0.0,0.0,14.635642,True,,False,272716728.0,272716728.0,14.1335,14.648,14.734
Kepler-1562,1.0,294.4556567,46.7435353,0.0,0.0,15.260904,True,,False,271040678.0,271040678.0,14.8118,15.2729,15.303
Kepler-1563,1.0,288.5735936,51.4727698,2.27,4018.0,13.590829,True,,False,299028607.0,299028607.0,13.0836,13.5682,13.696
Kepler-1564,1.0,290.5861316,46.6427486,0.018,0.09131000190973282,14.940474,True,,False,159395366.0,159395366.0,14.4397,14.9531,15.124
Kepler-1566,1.0,283.5875459,40.5749018,0.0,0.0,14.300286,True,,False,237191392.0,237191392.0,13.7552,14.3122,14.564
Kepler-1567,1.0,286.695153,40.2918894,0.028,0.12700000405311584,15.620797,True,,False,121013472.0,121013472.0,15.1131,15.6322,15.92
Kepler-1568,1.0,289.1826808,47.8733301,0.0,0.0,13.932676,True,,False,158984590.0,158984590.0,13.5157,13.9451,14.138
Kepler-1569,1.0,292.2046748,37.2212065,0.0,0.0,13.91992,True,,False,137488218.0,137488218.0,13.4896,13.9323,14.123
Kepler-1570,1.0,299.8617842,45.8274232,0.0,0.0,13.958982,True,,False,269270853.0,269270853.0,13.3894,13.9702,14.242
Kepler-1571,1.0,300.9354067,45.5964836,0.0,0.0,13.759623,True,,False,185062313.0,185062313.0,13.2367,13.77,13.975
Kepler-1572,1.0,281.8973341,46.7227061,0.0,0.0,13.705684,True,,False,123413463.0,123413463.0,13.2975,13.7175,13.879
Kepler-1573,1.0,292.9883129,49.4849664,0.0,0.0,15.159074,True,,False,26752863.0,26752863.0,14.71,15.1693,15.304
Kepler-1574,1.0,292.1586689,49.6377914,0.0,0.0,15.082263,True,,False,26583108.0,26583108.0,14.6301,15.0937,15.188
Kepler-1575,1.0,293.7432102,45.7615507,0.02,0.07745999842882156,15.406032,True,,False,270699185.0,270699185.0,14.9371,15.4185,15.53
Kepler-1576,1.0,289.0739641,40.3660239,0.022,0.4659999907016754,13.323304,True,,False,121865123.0,121865123.0,12.8479,13.3354,13.439
Kepler-1577,1.0,292.9552704,47.5730433,0.0,0.0,15.041635,True,,False,240177285.0,240177285.0,14.3934,15.0571,15.228
Kepler-1578,1.0,288.3021104,47.7756227,0.0,0.0,15.315629,True,,False,158662813.0,158662813.0,14.8443,15.3281,15.585
Kepler-1579,1.0,293.288022,43.5149061,3.583,2851.0,15.279098,True,,False,275571034.0,275571034.0,14.5096,15.2481,15.49
Kepler-158,1.0,284.0323723,39.7815365,0.0,0.0,14.403328,True,,False,120103325.0,120103325.0,13.734,14.4165,14.743
Kepler-1580,1.0,285.9687099,41.3635264,0.066,5.9629998207092285,12.567099,True,,False,120688631.0,120688631.0,12.1453,12.5755,12.635
Kepler-1581,1.0,287.3713199,39.6036225,0.072,7.34499979019165,12.343656,True,,False,121215710.0,121215710.0,11.9361,12.3525,12.442
Kepler-1582,1.0,289.3765441,41.1580845,0.116,0.8561999797821045,16.38956,True,,False,122065885.0,122065885.0,15.0281,16.4142,17.96
Kepler-1583,1.0,286.3869335,47.0165188,0.073,5.508999824523926,12.832803,True,,False,158270841.0,158270841.0,12.3677,12.8414,12.976
Kepler-1584,1.0,287.7626791,43.2743929,0.0,0.0,14.873195,True,,False,158556108.0,158556108.0,14.4707,14.8844,15.105
Kepler-1586,1.0,298.2026236,44.9258585,0.0,0.0,13.043437,True,,False,273866337.0,273866337.0,12.6166,13.0556,13.278
Kepler-1587,1.0,292.6777294,49.6638666,0.0,0.0,14.020112,True,,False,26656768.0,26656768.0,13.597,14.0315,14.166
Kepler-1588,1.0,288.2327232,48.0021967,0.0,0.0,13.80895,True,,False,298965827.0,298965827.0,13.3839,13.821,13.94
Kepler-1589,1.0,294.4418236,40.5716114,0.0,0.0,14.95425,True,,False,377909767.0,377909767.0,14.5062,14.9651,15.074
Kepler-159,1.0,297.0702037,40.868734,0.0,0.0,14.879024,True,,False,169082553.0,169082553.0,14.1532,14.8882,15.386
Kepler-1590,1.0,291.4079141,48.0178915,0.0,0.0,14.06543,True,,False,26416803.0,26416803.0,13.6504,14.077,14.186
Kepler-1591,1.0,296.5166659,44.6086233,0.0,0.0,14.646403,True,,False,272491028.0,272491028.0,14.189,14.6583,14.846
Kepler-1592,1.0,293.850623,38.3977379,0.038,0.47859999537467957,14.773765,True,,False,138364751.0,138364751.0,14.3281,14.7857,14.94
Kepler-1594,1.0,293.6230451,47.9619127,0.06,1.0920000076293945,14.73015,True,,False,270695341.0,270695341.0,14.2953,14.7415,14.951
Kepler-1595,1.0,285.7227502,43.0094855,0.035,0.23739999532699585,15.389012,True,,False,279915521.0,279915521.0,14.8373,15.4006,15.508
Kepler-1596,1.0,285.5575066,49.3300866,0.0,0.0,15.354361,True,,False,350813882.0,350813882.0,14.8969,15.3662,15.632
Kepler-1597,1.0,288.1639687,42.4810124,0.0,2.0760000384473795e-15,14.103277,True,,False,158722002.0,158722002.0,13.7503,14.1152,14.257
Kepler-1598,1.0,288.469107,46.7836464,0.0,0.0,13.801122,True,,False,158730471.0,158730471.0,13.3692,13.8135,13.929
Kepler-1599,1.0,286.2208685,41.1511886,0.0,0.0,14.891097,True,,False,120768052.0,120768052.0,14.4154,14.9023,14.97
Kepler-16,1.0,289.0758307,51.757229,0.326,160.8000030517578,11.738809,True,,False,299096355.0,299096355.0,10.9438,11.7472,12.144
Kepler-160,1.0,287.773573,42.8692755,0.0,0.0,14.604491,True,,False,158555483.0,158555483.0,14.1321,14.616,14.816
Kepler-1600,1.0,291.3993802,38.7877563,0.077,0.8033000230789185,15.801252,True,,False,137151626.0,137151626.0,15.2155,15.8138,16.076
Kepler-1601,1.0,285.5129496,38.079839,0.013,0.1339000016450882,13.666269,True,,False,120571308.0,120571308.0,13.2278,13.6782,13.842
Kepler-1602,1.0,293.5808607,40.4275396,0.0,0.0,13.289324,True,,False,138299395.0,138299395.0,12.913,13.3012,13.362
Kepler-1603,1.0,295.3298254,42.5349698,0.0,2.011999923018739e-15,15.328952,True,,False,271537714.0,271537714.0,14.8748,15.3397,15.397
Kepler-1604,1.0,285.4106549,44.4122318,0.0,0.0,14.885754,True,,False,351911398.0,351911398.0,14.276,14.8989,15.224
Kepler-1605,1.0,287.1349405,47.4886251,0.029,1.1950000524520874,12.406407,True,,False,158394902.0,158394902.0,11.8781,12.4129,12.592
Kepler-1606,1.0,286.3782987,43.0732287,0.0,0.0,15.095396,True,,False,158218731.0,158218731.0,14.5917,15.1062,15.396
Kepler-1607,1.0,296.0598685,42.6560582,0.0,0.0,13.864136,True,,False,272179260.0,272179260.0,13.3596,13.8751,13.969
Kepler-1608,1.0,295.563555,39.41757,1.863,409.20001220703125,15.901855,True,,False,184088195.0,184088195.0,15.3025,15.8947,16.265
Kepler-1609,1.0,290.1465356,39.6658026,0.022,0.12530000507831573,14.925298,True,,False,122302031.0,122302031.0,14.4747,14.9366,15.159
Kepler-161,1.0,290.5164698,43.0838642,0.0,0.0,14.180068,True,,False,159444082.0,159444082.0,13.5997,14.1922,14.406
Kepler-1611,1.0,296.5120204,49.7277506,0.93,353.5,14.409887,True,,False,27846759.0,27846759.0,13.8937,14.4116,14.627
Kepler-1613,1.0,289.8750066,43.4209318,0.263,40.90999984741211,14.06219,True,,False,159180076.0,159180076.0,13.6493,14.068,14.192
Kepler-1614,1.0,284.8713893,49.7758867,0.0,0.00029990001348778605,15.928374,True,,False,48451562.0,48451562.0,15.3655,15.9408,16.01
Kepler-1615,1.0,286.3592066,42.2273971,0.0,0.0,14.511736,True,,False,158217620.0,158217620.0,14.0552,14.5237,14.603
Kepler-1616,1.0,286.5436691,45.3048716,0.0,0.0,13.416653,True,,False,158274583.0,158274583.0,13.0513,13.4295,13.491
Kepler-1617,1.0,287.9371747,46.4184781,0.0,0.0,13.643577,True,,False,158625761.0,158625761.0,13.2542,13.6555,13.811
Kepler-1618,1.0,295.1753619,45.9308594,0.088,5.449999809265137,13.556727,True,,False,271546110.0,271546110.0,13.2062,13.5664,13.672
Kepler-1619,1.0,285.703595,44.4221528,0.0,0.0,13.287733,True,,False,279913760.0,279913760.0,12.866,13.2994,13.438
Kepler-162,1.0,297.2789115,43.7239693,0.0,0.0,14.211534,True,,False,273036401.0,273036401.0,13.7224,14.2231,14.351
Kepler-1620,1.0,297.2709026,46.9284743,9.083,42370.0,14.134207,True,,False,273045068.0,273045068.0,13.1842,13.6228,13.69
Kepler-1621,1.0,297.5885341,43.8411937,0.0,0.0,15.000441,True,,False,273238089.0,273238089.0,14.5519,15.0106,15.151
Kepler-1622,1.0,297.3288329,47.815459,0.0,0.0,13.331816,True,,False,273047792.0,273047792.0,12.9544,13.3442,13.437
Kepler-1624,1.0,292.5798564,37.3762616,0.0,0.0,15.644889,True,,False,137683938.0,137683938.0,14.5505,15.6681,16.597
Kepler-1626,1.0,296.5004384,40.7212069,0.0,0.0,14.211092,True,,False,184559893.0,184559893.0,13.835,14.2242,14.357
Kepler-1627,1.0,284.0566675,41.5767277,0.337,117.9000015258789,13.021559,True,,False,120105470.0,120105470.0,12.5267,13.0492,13.111
Kepler-1628,1.0,281.6336936,43.4115547,2.324,155.5,17.153456,True,,False,123362984.0,123362984.0,15.9647,16.9534,17.8298
Kepler-1629,1.0,280.2066276,43.7743281,0.053,3.8919999599456787,12.703289,True,,False,351766445.0,351766445.0,12.2563,12.7136,12.786
Kepler-163,1.0,295.0027458,46.9873389,0.0,0.0,14.367187,True,,False,271355638.0,271355638.0,13.8769,14.3796,14.467
Kepler-1630,1.0,297.5083004,43.7110543,0.0,0.0,14.192183,True,,False,273237673.0,273237673.0,13.5427,14.2049,14.278
Kepler-1632,1.0,294.4948769,43.9135575,0.0,0.0,13.053497,True,,False,271046694.0,271046694.0,12.6383,13.066,13.22
Kepler-1633,1.0,288.5151733,44.9232545,0.0,0.0,13.379476,True,,False,158789121.0,158789121.0,13.0111,13.3918,13.516
Kepler-1634,1.0,294.043399,45.1398201,0.073,1.9709999561309814,14.474786,True,,False,270857293.0,270857293.0,13.9386,14.486,14.636
Kepler-1635,1.0,285.3490542,45.5561768,0.0,0.0,15.679269,True,,False,164891054.0,164891054.0,15.141,15.6928,15.82
Kepler-1637,1.0,282.2368006,48.1542016,4.675,19000.0,13.317716,True,,False,48131596.0,48131596.0,12.8027,13.2726,13.375
Kepler-1638,1.0,295.4823299,48.5244695,0.0,2.1520000696397716e-15,14.735425,True,,False,27529656.0,27529656.0,14.2689,14.7479,14.769
Kepler-1639,1.0,283.068651,48.8021209,0.039,0.6141999959945679,14.45573,True,,False,48217852.0,48217852.0,14.0747,14.4686,14.593
Kepler-164,1.0,287.7808115,47.6298453,0.0,0.0,14.220469,True,,False,158561894.0,158561894.0,13.8268,14.2329,14.379
Kepler-1640,1.0,294.5577857,40.8504949,0.175,7.059000015258789,14.963514,True,,False,377915723.0,377915723.0,14.4927,14.9622,14.754
Kepler-1641,1.0,296.359456,41.5745321,0.0,0.0,14.212104,True,,False,184426431.0,184426431.0,13.7848,14.2231,14.49
Kepler-1642,1.0,297.2121215,43.643789,0.0,2.0780000949940838e-15,14.090673,True,,False,273036122.0,273036122.0,13.4942,14.1012,14.319
Kepler-1644,1.0,285.4750512,48.0348356,1.083,555.5999755859375,14.18034,True,,False,279917005.0,279917005.0,13.7047,14.1827,14.397
Kepler-1645,1.0,297.4795142,48.418582,0.0,0.0,14.428451,True,,False,28229515.0,28229515.0,13.9481,14.4405,14.566
Kepler-1646,1.0,287.5264859,42.9129356,0.0,0.0,15.633045,True,,False,158552258.0,158552258.0,14.4239,15.6554,16.8419
Kepler-1647,1.0,298.150057,40.6561751,0.0,0.0,13.567392,True,,False,170344769.0,170344769.0,13.1115,13.579,13.668
Kepler-1649,1.0,292.5029676,41.8299933,0.056,0.22859999537467957,16.243011,True,,False,137558813.0,137558813.0,14.9673,16.2682,17.95
Kepler-165,1.0,280.69092,47.8096702,0.0,0.0,14.783222,True,,False,123129877.0,123129877.0,14.2294,14.7945,15.05
Kepler-1650,1.0,297.7292296,42.8666919,0.094,1.1540000438690186,15.71617,True,,False,273502299.0,273502299.0,14.5237,15.7393,17.07
Kepler-1651,1.0,283.6282602,48.3908081,0.0,0.0,13.054226,True,,False,48353358.0,48353358.0,12.1042,13.0716,13.86
Kepler-1652,1.0,294.3660313,49.9150219,19.693,21460.0,16.25234,True,,False,27187450.0,27187450.0,15.0031,16.0023,16.86
Kepler-1654,1.0,282.1856949,44.4344617,0.0,0.0,13.394148,True,,False,123417316.0,123417316.0,12.9495,13.4057,13.497
Kepler-1655,1.0,286.6895986,39.2120802,0.111,22.530000686645508,11.014986,True,,False,120973167.0,120973167.0,10.6341,11.0141,11.045
Kepler-1656,1.0,284.4722473,39.911889,0.078,9.906000137329102,11.061604,True,,False,120255950.0,120255950.0,10.6114,11.0622,11.64
Kepler-166,1.0,293.1600977,48.8812074,0.01,0.03254999965429306,14.672104,True,,False,26814955.0,26814955.0,14.143,14.6848,14.857
Kepler-1660_A,1.0,290.5519537,40.2350445,0.0,0.0,13.428022,True,,False,122446960.0,122446960.0,13.057,13.4394,13.595
Kepler-1661,1.0,285.1670927,41.9669383,0.0,0.0,14.181101,True,,False,164886585.0,164886585.0,13.5804,14.1933,14.357
Kepler-1663,1.0,290.4015156,48.8227234,0.0,0.0,15.599505,True,,False,407001589.0,407001589.0,14.6401,15.6164,16.069
Kepler-1664,1.0,286.8527157,49.2616668,14.989,140300.0,13.746095,True,,False,399860388.0,399860388.0,13.0693,13.5307,13.621
Kepler-1665,1.0,290.39624,41.0399229,0.0,0.0,13.579183,True,,False,122442334.0,122442334.0,13.011,13.5913,13.737
Kepler-1666,1.0,297.9516071,46.2647024,0.0,0.0,15.003919,True,,False,273685548.0,273685548.0,14.5845,15.0151,15.104
Kepler-1667,1.0,283.5329505,48.0943604,0.0,0.0,13.434391,True,,False,48353636.0,48353636.0,13.0366,13.4461,13.52
Kepler-1669,1.0,297.4303826,39.8478795,0.0,0.0,15.89301,True,,False,169457234.0,169457234.0,15.1228,15.9088,16.473
Kepler-167,1.0,292.6585253,38.3455558,0.0,0.0,13.988301,True,,False,137686948.0,137686948.0,13.3685,14.0004,14.284
Kepler-1670,1.0,290.3264599,43.121755,0.0,0.0,15.406896,True,,False,159375845.0,159375845.0,14.9688,15.42,15.743
Kepler-1671,1.0,291.7484295,39.4467817,0.0,0.0,13.2665,True,,False,137337090.0,137337090.0,12.7336,13.2783,13.439
Kepler-1672,1.0,297.9400971,40.2785566,0.068,5.539000034332275,12.387688,True,,False,170236331.0,170236331.0,11.9857,12.3961,12.548
Kepler-1673,1.0,285.6671724,48.7195865,0.0,0.0,13.586895,True,,False,377782148.0,377782148.0,13.183,13.5988,13.783
Kepler-1674,1.0,294.8160447,45.3060844,0.0,0.0,15.465728,True,,False,271256817.0,271256817.0,14.9523,15.4779,15.697
Kepler-1675,1.0,283.8095478,41.0412517,0.0,0.0,13.541737,True,,False,350987771.0,350987771.0,13.1083,13.5535,13.672
Kepler-1676,1.0,287.2368778,43.5671665,0.673,337.29998779296875,13.57241,True,,False,158422963.0,158422963.0,13.1449,13.5722,13.485
Kepler-1677,1.0,298.493273,47.0130566,0.0,0.0,13.631813,True,,False,274198958.0,274198958.0,13.2143,13.644,13.806
Kepler-1678,1.0,292.5916297,38.3995629,0.029,0.23800000548362732,14.894761,True,,False,137687119.0,137687119.0,14.4292,14.9068,15.02
Kepler-1679,1.0,293.9005786,50.4270507,0.068,0.980400025844574,15.104712,True,,False,27006340.0,27006340.0,14.6118,15.1144,15.327
Kepler-1680,1.0,297.0746571,39.9338893,0.0,0.0,13.678613,True,,False,169079027.0,169079027.0,13.0949,13.6931,13.85
Kepler-1681,1.0,296.6972773,46.3716969,1.876,1200.0,14.58688,True,,False,272602477.0,272602477.0,14.0285,14.5565,14.646
Kepler-1683,1.0,298.4501035,44.2840193,0.0,0.0,14.831435,True,,False,274126997.0,274126997.0,14.2801,14.8429,14.962
Kepler-1686,1.0,291.6067189,42.0359783,0.0,0.0,13.73954,True,,False,63005636.0,63005636.0,13.3116,13.7519,13.661
Kepler-1687,1.0,289.7428363,50.7870626,0.071,0.8554999828338623,15.457381,True,,False,416281238.0,416281238.0,14.6674,15.473,15.928
Kepler-1688,1.0,289.5530051,41.2978532,2.452,3204.0,14.006951,True,,False,122068161.0,122068161.0,13.335,13.9862,14.142
Kepler-1689,1.0,291.5741663,38.6559433,0.044,3.203000068664551,12.099897,True,,False,137218786.0,137218786.0,11.678,12.1077,12.227
Kepler-169,1.0,285.9999204,40.9193822,0.0,0.0,14.146967,True,,False,120689253.0,120689253.0,13.5624,14.1617,14.424
Kepler-1690,1.0,288.1566649,41.8779417,0.034,0.415800005197525,14.62942,True,,False,121462999.0,121462999.0,14.1301,14.6417,14.882
Kepler-1691,1.0,286.2543962,41.0218373,0.0,0.0,14.868915,True,,False,120819731.0,120819731.0,14.4523,14.8807,14.893
Kepler-1693,1.0,290.2015581,48.1857799,0.012,0.048569999635219574,14.731831,True,,False,406948151.0,406948151.0,14.2398,14.7438,14.857
Kepler-1694,1.0,293.7936339,40.241023,0.0,0.0,14.73943,True,,False,138425797.0,138425797.0,14.1431,14.7519,14.901
Kepler-1697,1.0,287.663331,43.4713782,0.063,3.865999937057495,13.351206,True,,False,158551360.0,158551360.0,12.7184,13.3622,13.556
Kepler-1698,1.0,293.3450181,39.2577469,0.072,5.711999893188477,12.870152,True,,False,138105005.0,138105005.0,12.2813,12.8761,13.054
Kepler-1699,1.0,292.1373281,48.9171579,3.45,3811.0,14.693967,True,,False,26584080.0,26584080.0,14.1552,14.6614,14.836
Kepler-17,1.0,298.3952437,47.8149865,0.033,0.5655999779701233,14.117467,True,,False,273874849.0,273874849.0,13.6414,14.1311,14.314
Kepler-170,1.0,284.5211975,41.6296562,0.0,0.0,14.334707,True,,False,120253745.0,120253745.0,13.8294,14.3469,14.344
Kepler-1700,1.0,286.9497376,45.3537626,0.0,0.0,13.617374,True,,False,158325998.0,158325998.0,13.221,13.6285,13.764
Kepler-1701,1.0,286.6088625,41.8892986,0.0,0.0,14.537239,True,,False,120899838.0,120899838.0,14.0039,14.5504,14.722
Kepler-1702,1.0,284.9724842,44.5674794,0.0,0.0,15.761126,True,,False,164830907.0,164830907.0,15.2004,15.7743,16.231
Kepler-1704,1.0,291.2012559,51.1442437,0.0,0.0,13.238727,True,,False,350738167.0,350738167.0,12.7934,13.2514,13.392
Kepler-1705,1.0,301.5785316,44.3121639,0.0,0.0,15.484355,True,,False,185335907.0,185335907.0,14.974,15.4974,15.8
Kepler-1709,1.0,283.3748873,43.7883708,0.084,10.140000343322754,11.612125,True,,False,164464070.0,164464070.0,11.2064,11.6176,11.642
Kepler-171,1.0,296.7719082,41.7555958,0.0,0.0,14.889953,True,,False,239229224.0,239229224.0,14.3784,14.9053,15.101
Kepler-1710,1.0,291.6832878,37.7514726,0.041,2.1670000553131104,12.551563,True,,False,137316027.0,137316027.0,12.0892,12.5606,12.695
Kepler-1711,1.0,298.1772916,42.2370289,23.218,311400.0,13.572893,True,,False,273778951.0,273778951.0,12.7113,13.1844,13.298
Kepler-1712,1.0,284.998698,50.1466922,0.0,0.0,14.184047,True,,False,48503881.0,48503881.0,13.219,14.1997,14.946
Kepler-1713,1.0,287.3456737,43.3783894,0.09,12.369999885559082,10.866396,True,,False,158432813.0,158432813.0,10.5143,10.8652,11.065
Kepler-1714,1.0,293.7164655,46.2266878,0.23,84.22000122070312,10.969153,True,,False,270698316.0,270698316.0,10.5743,10.9663,11.041
Kepler-1715,1.0,293.9297337,41.6029048,0.458,254.5,12.30192,True,,False,138431008.0,138431008.0,11.9182,12.3012,12.881
Kepler-1716,1.0,297.2717207,43.3330644,0.106,10.470000267028809,12.931363,True,,False,273035189.0,273035189.0,12.3151,12.9403,13.129
Kepler-1717,1.0,295.2126472,49.56216,0.128,15.229999542236328,13.289562,True,,False,27396246.0,27396246.0,12.975,13.3,13.323
Kepler-1718,1.0,292.2349191,42.9094618,0.067,5.718999862670898,12.72569,True,,False,63212231.0,63212231.0,12.3023,12.735,12.821
Kepler-1719,1.0,284.7068546,38.9367566,0.0,0.0,13.314863,True,,False,120314731.0,120314731.0,12.836,13.3258,13.478
Kepler-172,1.0,283.3684093,41.821839,0.052,1.0609999895095825,14.525958,True,,False,237157751.0,237157751.0,14.0124,14.5369,14.703
Kepler-1720,1.0,296.8086813,47.1718557,0.0,0.0,14.651715,True,,False,272839596.0,272839596.0,14.1352,14.6634,14.822
Kepler-1721,1.0,283.5441984,45.2256548,0.0,0.0,14.863873,True,,False,164527535.0,164527535.0,14.324,14.8762,15.085
Kepler-1722,1.0,296.6627402,41.2611985,0.0,0.0,14.846444,True,,False,360023124.0,360023124.0,14.2986,14.8579,14.997
Kepler-1723,1.0,294.4627362,46.8214022,0.0,4.242999791033604e-15,14.275657,True,,False,271040560.0,271040560.0,13.8407,14.2875,14.383
Kepler-1725,1.0,294.3735518,40.1946345,0.084,7.204999923706055,13.013605,True,,False,377908774.0,377908774.0,12.6252,13.0267,13.153
Kepler-1726,1.0,284.3861498,45.7197342,0.0,0.0,13.661811,True,,False,164721250.0,164721250.0,13.1563,13.6766,13.851
Kepler-1727,1.0,290.3336142,38.7282722,0.075,1.1330000162124634,15.365348,True,,False,122376998.0,122376998.0,14.7826,15.3759,15.751
Kepler-1728,1.0,287.0940046,39.0607801,0.0,0.0,15.071223,True,,False,121085785.0,121085785.0,14.4742,15.084,15.279
Kepler-1729,1.0,296.6939428,42.6261145,0.0,0.0,15.632389,True,,False,272708868.0,272708868.0,14.8878,15.6458,15.676
Kepler-173,1.0,294.6466171,41.8840952,0.1,4.716000080108643,14.246796,True,,False,378160351.0,378160351.0,13.8071,14.2578,14.357
Kepler-1730,1.0,281.9605834,43.7030386,0.0,2.1039999830682913e-15,15.363967,True,,False,351803524.0,351803524.0,14.8937,15.3758,15.478
Kepler-1731,1.0,291.2544229,36.7434302,0.024,0.7598000168800354,12.488524,True,,False,137099260.0,137099260.0,11.8806,12.4974,12.742
Kepler-1732,1.0,292.2910129,37.5807686,0.0,0.0,14.704668,True,,False,137547023.0,137547023.0,14.2341,14.7163,14.884
Kepler-1733,1.0,291.1384628,37.8592447,0.0,0.0,15.344914,True,,False,122781795.0,122781795.0,14.9313,15.357,15.612
Kepler-1734,1.0,294.163167,41.4517316,0.036,0.26969999074935913,15.305491,True,,False,138636741.0,138636741.0,14.8663,15.3171,15.598
Kepler-1735,1.0,281.0503476,47.1882005,0.086,1.5570000410079956,15.205948,True,,False,123206821.0,123206821.0,14.2628,15.2237,15.896
Kepler-1737,1.0,297.0148111,47.486417,8.061,7716.0,15.629156,True,,False,272842268.0,272842268.0,14.7348,15.3741,15.498
Kepler-1738,1.0,296.1313474,47.4388098,0.0,0.0,15.405669,True,,False,272080244.0,272080244.0,14.9408,15.4178,15.649
Kepler-1739,1.0,296.2320536,47.6788626,0.055,1.0549999475479126,14.630468,True,,False,272279981.0,272279981.0,14.1672,14.6422,14.899
Kepler-174,1.0,287.4389454,43.8320052,0.0,0.0,14.274101,True,,False,158434144.0,158434144.0,13.6906,14.2858,14.53
Kepler-1740,1.0,293.873663,38.9224548,0.0,0.0,15.273764,True,,False,138479461.0,138479461.0,14.7909,15.2863,15.454
Kepler-1741,1.0,292.577073,39.120939,0.084,1.0130000114440918,15.671504,True,,False,137689252.0,137689252.0,14.7582,15.6903,16.154
Kepler-1742,1.0,286.9668086,44.9924315,0.0,2.0920000673045397e-15,14.362034,True,,False,158326424.0,158326424.0,13.89,14.3735,14.512
Kepler-1743,1.0,290.5523552,48.1262575,0.062,5.110000133514404,11.929815,True,,False,290035649.0,290035649.0,11.4927,11.9354,12.062
Kepler-1744,1.0,291.0206823,42.4624633,0.0,0.0,15.245254,True,,False,159575346.0,159575346.0,14.7612,15.2558,15.566
Kepler-1745,1.0,293.4689924,42.8223582,0.062,0.9986000061035156,14.853418,True,,False,270525576.0,270525576.0,14.3864,14.8649,14.854
Kepler-1746,1.0,288.3203979,42.2613874,0.13,13.5,13.48816,True,,False,158722379.0,158722379.0,13.1139,13.4903,13.572
Kepler-1747,1.0,284.2096557,45.258082,0.0,0.0,15.958084,True,,False,164670571.0,164670571.0,15.4109,15.9687,16.1966
Kepler-1748,1.0,285.967897,45.7390789,0.028,0.10010000318288803,15.841588,True,,False,158112888.0,158112888.0,15.3353,15.8529,16.004
Kepler-1749,1.0,290.2945805,45.5645196,0.036,0.45509999990463257,14.682454,True,,False,159389232.0,159389232.0,13.8749,14.6958,14.95
Kepler-175,1.0,289.553232,43.876116,0.027,0.20730000734329224,14.899893,True,,False,159099116.0,159099116.0,14.4428,14.9115,15.225
Kepler-1750,1.0,292.3514917,48.5110714,0.0,2.1330000618416736e-15,15.520886,True,,False,424864368.0,424864368.0,15.0292,15.5339,15.702
Kepler-1751,1.0,284.8465476,49.6923412,0.0,0.0,15.219973,True,,False,48451491.0,48451491.0,14.7743,15.232,15.455
Kepler-1752,1.0,290.8541401,51.2227435,0.0,2.1069999620092292e-15,15.783996,True,,False,417655835.0,417655835.0,15.2363,15.796,16.0249
Kepler-1753,1.0,288.236664,46.6058744,0.049,0.4034999907016754,15.503347,True,,False,158664331.0,158664331.0,14.9283,15.5134,15.59
Kepler-1754,1.0,295.4570818,50.0771838,0.0,0.0,15.84442,True,,False,27532561.0,27532561.0,15.16,15.8578,16.007
Kepler-1755,1.0,296.846092,40.1385777,0.0,0.0,14.374312,True,,False,239225129.0,239225129.0,13.9165,14.3856,14.544
Kepler-1757,1.0,297.7397823,46.9418957,0.0,0.0,15.355524,True,,False,273378480.0,273378480.0,14.7917,15.3679,15.817
Kepler-1758,1.0,297.7968197,39.9213378,0.0,0.0,14.933404,True,,False,169932440.0,169932440.0,14.4303,14.9449,15.119
Kepler-1759,1.0,298.4656275,48.5593334,0.0,0.0,14.248257,True,,False,267989857.0,267989857.0,13.642,14.2601,14.532
Kepler-176,1.0,294.6679021,43.8532104,0.0,2.3210000832759497e-15,14.53355,True,,False,271159950.0,271159950.0,13.9508,14.5446,14.767
Kepler-1760,1.0,284.1326058,48.8251452,6.851,19250.0,14.350877,True,,False,48421060.0,48421060.0,13.7619,14.3017,14.472
Kepler-1761,1.0,284.1329728,49.1426325,0.0,0.0,14.882358,True,,False,48421337.0,48421337.0,13.9051,14.898,15.619
Kepler-1763,1.0,294.1130368,40.3628861,0.0,0.0,13.499313,True,,False,138575125.0,138575125.0,13.0851,13.5105,13.634
Kepler-1764,1.0,293.8799047,41.3938374,0.0,0.0,14.734069,True,,False,138431522.0,138431522.0,14.3207,14.7454,14.91
Kepler-1765,1.0,298.0144601,42.9574314,0.031,0.3257000148296356,14.810445,True,,False,273773509.0,273773509.0,14.282,14.8213,15.04
Kepler-1766,1.0,294.2772343,46.6752351,0.073,6.013999938964844,12.861884,True,,False,270958237.0,270958237.0,12.4463,12.8705,12.96
Kepler-1768,1.0,299.9572335,44.7718851,0.0,0.0,13.425815,True,,False,239236731.0,239236731.0,12.9639,13.4376,13.565
Kepler-1769,1.0,294.7433755,43.4611633,0.074,7.389999866485596,12.437329,True,,False,271261159.0,271261159.0,12.0487,12.445,12.487
Kepler-177,1.0,286.0471442,45.0532038,0.0,0.0,14.930079,True,,False,158172348.0,158172348.0,14.4957,14.9414,15.171
Kepler-1770,1.0,299.2502851,43.4103663,0.0,0.0,14.281156,True,,False,268603980.0,268603980.0,13.766,14.2972,14.418
Kepler-1771,1.0,292.0134714,49.0191267,1.919,2432.0,13.711906,True,,False,26583944.0,26583944.0,13.2433,13.7005,13.802
Kepler-1772,1.0,289.4381201,39.2703594,0.0,0.0,13.385822,True,,False,122062591.0,122062591.0,12.89,13.3948,13.546
Kepler-1773,1.0,286.2232284,38.2581676,0.085,7.809999942779541,12.933461,True,,False,120763491.0,120763491.0,12.5396,12.9455,13.085
Kepler-1774,1.0,288.5743991,40.9886069,0.0,0.0,13.878337,True,,False,121660779.0,121660779.0,13.4637,13.8899,14.02
Kepler-1775,1.0,286.4023452,38.7385674,0.0,0.0,13.264992,True,,False,120892579.0,120892579.0,12.8556,13.2765,13.429
Kepler-1776,1.0,291.5344017,47.0424958,0.0,0.0,13.545032,True,,False,159728250.0,159728250.0,13.1518,13.5571,13.68
Kepler-1777,1.0,290.3286455,37.7231188,0.0,0.0,13.939153,True,,False,122374509.0,122374509.0,13.4934,13.9541,14.112
Kepler-1778,1.0,287.3612976,43.7388,0.0,0.0,15.031095,True,,False,158433884.0,158433884.0,14.607,15.0421,15.273
Kepler-1779,1.0,300.4174607,45.6054854,0.0,0.0,14.980042,True,,False,239309962.0,239309962.0,14.4573,14.9927,15.132
Kepler-178,1.0,287.1010275,46.8964033,0.0,0.0,14.566613,True,,False,158394235.0,158394235.0,14.072,14.5782,14.876
Kepler-1780,1.0,294.0839282,42.8095104,0.0,0.0,14.918431,True,,False,270862497.0,270862497.0,14.3986,14.9304,14.907
Kepler-1782,1.0,280.926162,44.0878036,0.0,0.0,13.691625,True,,False,123202646.0,123202646.0,13.0931,13.7041,13.875
Kepler-1783,1.0,297.0210984,41.3771655,0.0,0.0,13.082498,True,,False,168811794.0,168811794.0,12.5126,13.0982,13.309
Kepler-1784,1.0,297.9541684,44.6674491,0.0,0.0,15.144946,True,,False,273690421.0,273690421.0,14.5756,15.1562,15.423
Kepler-1786,1.0,292.5877743,38.5219827,0.0,2.1010000041273534e-15,14.067142,True,,False,137687477.0,137687477.0,13.6164,14.0789,14.088
Kepler-1787,1.0,289.0643042,47.1174041,0.0,0.0,14.447998,True,,False,158983401.0,158983401.0,14.0155,14.4604,14.564
Kepler-1788,1.0,291.2243829,45.7780993,0.055,0.6635000109672546,15.235387,True,,False,159646433.0,159646433.0,14.5899,15.254,15.484
Kepler-1789,1.0,282.8631419,41.7966332,0.0,0.0,14.303721,True,,False,377730967.0,377730967.0,13.8148,14.3155,14.449
Kepler-179,1.0,298.6636163,47.7619329,0.0,0.0,14.590502,True,,False,268057162.0,268057162.0,14.0436,14.6031,14.772
Kepler-1790,1.0,294.5668577,46.0757312,0.0,0.0,14.083095,True,,False,271164778.0,271164778.0,13.6564,14.0943,14.179
Kepler-1791,1.0,284.4903166,42.6482636,1.365,1722.0,13.430034,True,,False,164728985.0,164728985.0,12.9973,13.4138,13.529
Kepler-1792,1.0,294.8400788,39.0859757,0.0,0.0,15.158185,True,,False,138805992.0,138805992.0,14.5495,15.1726,15.566
Kepler-1795,1.0,286.4792568,39.2698793,4.88,3161.0,15.963215,True,,False,120893436.0,120893436.0,15.0222,15.7903,16.188
Kepler-1798,1.0,291.7262251,37.528968,0.0,4.004000127603383e-15,15.667414,True,,False,137315414.0,137315414.0,14.8343,15.6827,16.391
Kepler-1799,1.0,288.3086994,51.4783348,0.0,0.0,15.814981,True,,False,298961646.0,298961646.0,15.322,15.826,15.99
Kepler-18,1.0,298.0794448,44.746248,0.0,0.0,13.526981,True,,False,273690178.0,273690178.0,12.9879,13.5393,13.771
Kepler-180,1.0,295.5712566,49.774514,0.0,0.0,14.313928,True,,False,27532033.0,27532033.0,13.8216,14.325,14.488
Kepler-1800,1.0,297.6513317,40.3524154,0.023,0.49880000948905945,13.063317,True,,False,169814632.0,169814632.0,12.5401,13.0751,13.194
Kepler-1801,1.0,295.1640095,39.2014024,0.0,0.0,15.058516,True,,False,139034625.0,139034625.0,14.5435,15.0715,15.28
Kepler-1805,1.0,285.0865387,40.8990506,0.0,0.0,14.877952,True,,False,120422519.0,120422519.0,13.8953,14.8955,15.536
Kepler-1806,1.0,287.5349528,49.8016283,0.115,1.5010000467300415,15.894288,True,,False,399954605.0,399954605.0,15.3315,15.9071,16.173
Kepler-1807,1.0,291.5494119,44.5272788,0.0,0.0,13.922673,True,,False,159763602.0,159763602.0,13.5198,13.9341,14.127
Kepler-1808,1.0,287.2924737,39.3832039,0.0,0.0,15.224539,True,,False,121215333.0,121215333.0,14.6796,15.2356,15.424
Kepler-1809,1.0,290.2651662,40.5484937,0.0,2.1390000197235495e-15,14.124911,True,,False,122300177.0,122300177.0,13.5299,14.1375,14.271
Kepler-181,1.0,296.1512831,50.0957806,0.0,0.0,14.701978,True,,False,27767452.0,27767452.0,14.1599,14.7137,14.854
Kepler-1810,1.0,291.8129995,38.0880964,0.031,0.21320000290870667,15.284284,True,,False,351057636.0,351057636.0,14.7708,15.2968,15.4
Kepler-1811,1.0,289.9793241,40.1427848,0.011,0.02881000004708767,15.130712,True,,False,122294261.0,122294261.0,14.6745,15.1431,15.327
Kepler-1812,1.0,298.0845087,40.2832525,0.0,0.0,15.291924,True,,False,170346516.0,170346516.0,14.8105,15.303,15.631
Kepler-1813,1.0,292.2399069,48.5115214,27.433,85040.0,15.751939,True,,False,424864367.0,424864367.0,14.9551,15.5361,15.639
Kepler-1814,1.0,285.2166767,41.2824449,0.091,1.3270000219345093,15.594337,True,,False,399821831.0,399821831.0,14.944,15.607,15.814
Kepler-1815,1.0,300.170472,43.9849048,0.0,0.0,15.357716,True,,False,239273090.0,239273090.0,14.7874,15.3701,15.621
Kepler-1816,1.0,296.8509823,50.6987736,0.0,0.0,14.443034,True,,False,27911400.0,27911400.0,13.8704,14.4553,14.734
Kepler-1817,1.0,282.0333419,44.4779955,0.0,0.0,15.122632,True,,False,351804260.0,351804260.0,14.6069,15.1345,15.346
Kepler-1818,1.0,284.3284866,40.5688741,0.0,0.0,14.296209,True,,False,120251654.0,120251654.0,13.8452,14.3071,14.514
Kepler-1819,1.0,296.5600307,46.8574644,0.0,0.0,15.308848,True,,False,272596372.0,272596372.0,14.8292,15.3187,15.489
Kepler-182,1.0,289.8301128,50.5862025,0.0,0.0,14.861736,True,,False,267672183.0,267672183.0,14.4356,14.8737,14.942
Kepler-1821,1.0,294.5254573,49.872484,0.0,0.0,14.624749,True,,False,27187386.0,27187386.0,14.1483,14.6369,14.795
Kepler-1823,1.0,283.754777,45.335125,0.0,0.0,13.308961,True,,False,164559875.0,164559875.0,12.9368,13.3209,13.477
Kepler-1824,1.0,296.7071957,41.2036197,0.0,0.0,14.663891,True,,False,360023295.0,360023295.0,14.2415,14.6752,14.976
Kepler-1825,1.0,292.5140647,42.6517554,0.0,0.0,14.371017,True,,False,63282889.0,63282889.0,13.7731,14.3827,14.605
Kepler-1826,1.0,292.7700072,48.8998469,0.091,1.2599999904632568,15.647099,True,,False,26749051.0,26749051.0,14.7093,15.6654,16.83
Kepler-1827,1.0,292.2525301,40.7927895,0.081,7.122000217437744,12.994703,True,,False,137555923.0,137555923.0,12.4638,13.0059,13.228
Kepler-1828,1.0,292.4275963,37.3207616,0.0,2.0460000372797636e-15,14.886073,True,,False,137638020.0,137638020.0,14.3896,14.8984,14.985
Kepler-1829,1.0,288.664484,51.4983798,0.0,2.0780000949940838e-15,14.995703,True,,False,299028577.0,299028577.0,14.4311,15.0088,15.218
Kepler-1830,1.0,295.1390408,40.9790527,0.0,0.0,13.472369,True,,False,138968107.0,138968107.0,13.0912,13.4841,13.605
Kepler-1831,1.0,295.3024604,49.5890456,0.0,0.0,14.99945,True,,False,27456723.0,27456723.0,14.5551,15.0112,15.158
Kepler-1832,1.0,299.8517779,43.7320611,0.0,0.0,14.36336,True,,False,269263219.0,269263219.0,13.7817,14.3752,14.577
Kepler-1833,1.0,290.8714239,45.4102813,0.053,4.001999855041504,12.557262,True,,False,159520040.0,159520040.0,12.1701,12.5657,12.645
Kepler-1835,1.0,280.3148152,43.9856885,0.013,0.03407999873161316,15.34442,True,,False,351799800.0,351799800.0,14.8784,15.3562,15.615
Kepler-1837,1.0,288.2076012,45.6834463,0.086,1.3329999446868896,15.40544,True,,False,158665571.0,158665571.0,14.9358,15.4172,15.48
Kepler-1838,1.0,298.9917165,40.14226,0.055,4.230000019073486,11.796702,True,,False,171585303.0,171585303.0,11.3596,11.803,11.443
Kepler-1839,1.0,294.2244432,50.0755761,0.0,0.0,14.610921,True,,False,27082730.0,27082730.0,14.1375,14.6231,14.935
Kepler-184,1.0,291.9518784,43.0746172,0.0,0.0,14.299555,True,,False,63119782.0,63119782.0,13.8197,14.3115,14.42
Kepler-1841,1.0,287.7069031,40.6852161,0.0,0.0,14.515451,True,,False,121329580.0,121329580.0,13.995,14.5268,14.855
Kepler-1842,1.0,286.2516039,42.3784353,0.031,0.33889999985694885,14.66866,True,,False,158216580.0,158216580.0,14.1959,14.6804,14.746
Kepler-1843,1.0,292.8852302,41.279169,0.098,10.260000228881836,12.89937,True,,False,137900524.0,137900524.0,12.3805,12.9086,13.086
Kepler-1844,1.0,292.6903973,37.9345682,0.0,0.0,15.678804,True,,False,137817056.0,137817056.0,15.1693,15.6915,15.995
Kepler-1845,1.0,292.9016226,38.297032,0.0,0.0,15.73525,True,,False,137892408.0,137892408.0,15.0995,15.7496,16.117
Kepler-1846,1.0,294.3909489,44.7629523,0.031,0.48179998993873596,14.114759,True,,False,271044777.0,271044777.0,13.482,14.1277,14.412
Kepler-1848,1.0,299.3814921,45.5920846,0.0,0.0,13.666521,True,,False,268712158.0,268712158.0,13.0408,13.679,13.887
Kepler-1849,1.0,285.29193,41.2557275,0.041,0.2621999979019165,15.685617,True,,False,399821807.0,399821807.0,15.025,15.7002,15.997
Kepler-185,1.0,282.4681674,43.8899464,0.039,0.6413999795913696,14.4303,True,,False,123490444.0,123490444.0,13.8733,14.4426,14.562
Kepler-1850,1.0,287.1428295,43.6161177,0.0,0.0,14.074898,True,,False,158389981.0,158389981.0,13.3448,14.0882,14.44
Kepler-1851,1.0,285.6737597,45.6398375,0.0,0.0,15.630215,True,,False,352013607.0,352013607.0,15.167,15.6445,15.699
Kepler-1852,1.0,288.0297157,40.3441934,0.0,0.0,15.421797,True,,False,121465404.0,121465404.0,14.828,15.4354,15.726
Kepler-1853,1.0,284.7478834,46.3735415,0.0,0.0,15.03626,True,,False,164784178.0,164784178.0,14.421,15.0482,15.229
Kepler-1854,1.0,286.28593,37.3869915,0.956,484.1000061035156,14.110094,True,,False,120825566.0,120825566.0,13.532,14.1068,14.381
Kepler-1855,1.0,283.4018628,41.5161554,0.554,35.36000061035156,15.804096,True,,False,237189544.0,237189544.0,14.3443,15.7514,16.556
Kepler-1856,1.0,295.9091695,51.3478777,0.221,9.163000106811523,15.376363,True,,False,27687265.0,27687265.0,14.7686,15.3875,15.621
Kepler-1857,1.0,296.4557129,39.598537,0.174,15.4399995803833,14.143666,True,,False,184556217.0,184556217.0,13.692,14.1486,14.36
Kepler-1858,1.0,292.3074315,46.626579,0.024,0.08760999888181686,15.62909,True,,False,63205796.0,63205796.0,15.0428,15.6406,15.959
Kepler-186,1.0,298.652736,43.9549884,0.0,4.29699983548696e-15,14.583239,True,,False,268159861.0,268159861.0,13.6403,14.5994,15.138
Kepler-1860,1.0,294.3508497,50.0809627,0.0,0.0,13.425108,True,,False,27082724.0,27082724.0,12.9331,13.4381,13.569
Kepler-1861,1.0,295.8465148,49.9361586,0.0,0.0,13.639948,True,,False,27649489.0,27649489.0,13.2142,13.6519,13.709
Kepler-1862,1.0,296.7533555,49.3780726,0.075,0.7249000072479248,15.827127,True,,False,27913951.0,27913951.0,15.3126,15.8381,15.847
Kepler-1863,1.0,282.2397185,43.2440854,0.0,0.0,13.437301,True,,False,123416041.0,123416041.0,13.0197,13.4479,13.64
Kepler-1864,1.0,289.6867653,41.5889178,0.047,3.367000102996826,12.028951,True,,False,394172692.0,394172692.0,11.608,12.0365,12.123
Kepler-1866,1.0,286.2246453,44.6544869,0.0,0.0,14.353572,True,,False,158213683.0,158213683.0,13.9133,14.366,14.418
Kepler-1867,1.0,294.9971007,43.4358698,0.0,0.0,13.424686,True,,False,271348323.0,271348323.0,12.9574,13.4367,13.549
Kepler-1868,1.0,293.2983733,43.5558025,0.0,0.0,13.847157,True,,False,275571117.0,275571117.0,13.1835,13.8592,14.157
Kepler-1869,1.0,292.6149958,42.7643438,0.089,10.640000343322754,10.098506,True,,False,63368895.0,63368895.0,9.6523,10.0911,10.31
Kepler-187,1.0,299.7964955,44.0892448,0.0,0.0,14.163688,True,,False,269264648.0,269264648.0,13.6749,14.1753,14.297
Kepler-1870,1.0,293.9335076,40.590704,0.0,2.1010000041273534e-15,13.413015,True,,False,138433618.0,138433618.0,12.9026,13.4199,13.566
Kepler-1871,1.0,292.4275044,38.4728824,0.0,0.0,14.532155,True,,False,137634508.0,137634508.0,14.0227,14.544,14.822
Kepler-1872,1.0,281.0491988,43.3225996,0.0,2.0410000017921214e-15,15.767983,True,,False,123230993.0,123230993.0,15.1718,15.7802,15.966
Kepler-1874,1.0,286.3718158,43.692081,5.784,7947.0,15.084419,True,,False,158219569.0,158219569.0,14.2562,14.9565,15.434
Kepler-1875,1.0,296.7727406,50.1883667,0.53,79.30999755859375,14.995688,True,,False,27912377.0,27912377.0,14.5594,15.0014,15.201
Kepler-1876,1.0,299.1604859,41.1437964,0.041,2.0,10.759553,True,,False,171883078.0,171883078.0,10.3551,10.7582,10.793
Kepler-1877,1.0,294.866924,46.7904816,0.018,0.44449999928474426,12.222204,True,,False,271355270.0,271355270.0,11.7492,12.2289,12.29
Kepler-1878,1.0,300.7324154,44.1070231,0.0,0.0,15.390397,True,,False,184998205.0,184998205.0,14.8908,15.403,15.587
Kepler-1879,1.0,289.3644209,41.5332589,0.071,5.85699987411499,12.779123,True,,False,121944984.0,121944984.0,12.371,12.7877,12.825
Kepler-188,1.0,281.2797173,44.3154743,0.0,0.0,14.620576,True,,False,123235018.0,123235018.0,14.1665,14.6336,14.719
Kepler-1880,1.0,287.8264561,40.6965988,0.0,0.0,15.877569,True,,False,121333305.0,121333305.0,15.1754,15.8887,16.088
Kepler-1882,1.0,290.6640856,43.4997866,0.049,3.5980000495910645,12.422813,True,,False,159449495.0,159449495.0,11.9579,12.4303,12.516
Kepler-1884,1.0,296.7463986,43.0454207,0.0,2.0590000871959857e-15,15.219069,True,,False,272707494.0,272707494.0,14.727,15.2294,15.433
Kepler-1885,1.0,288.7507112,47.4909206,0.0,0.0,14.78745,True,,False,158839043.0,158839043.0,14.2713,14.7999,14.851
Kepler-1886,1.0,296.2645118,39.4059745,0.0,0.0,15.443739,True,,False,184417747.0,184417747.0,14.9377,15.4559,15.627
Kepler-1887,1.0,288.9555263,44.705707,0.0,0.0,15.943113,True,,False,158844032.0,158844032.0,15.4469,15.9544,15.955
Kepler-1888,1.0,289.3945523,41.7822597,0.086,10.199999809265137,11.871351,True,,False,122066892.0,122066892.0,11.3796,11.8773,12.099
Kepler-189,1.0,287.5646296,44.3050662,0.0,0.0,14.809177,True,,False,158494327.0,158494327.0,14.251,14.8213,14.971
Kepler-1890,1.0,292.5778203,40.6679032,0.048,2.5759999752044678,12.769159,True,,False,137754713.0,137754713.0,12.4011,12.779,12.916
Kepler-1892,1.0,299.081007,42.0180957,0.0,0.0,15.38762,True,,False,268492383.0,268492383.0,14.8333,15.4008,15.592
Kepler-1893,1.0,298.4012866,44.8381709,0.0,0.0,14.885117,True,,False,274022334.0,274022334.0,14.3347,14.8964,15.152
Kepler-1894,1.0,295.5864604,49.6668523,0.058,0.6292999982833862,15.350661,True,,False,27531854.0,27531854.0,14.8513,15.3627,15.452
Kepler-1895,1.0,291.6756005,48.7625419,0.11,2.184000015258789,15.468173,True,,False,26493559.0,26493559.0,14.8623,15.4813,15.787
Kepler-1896,1.0,289.6785786,40.2496475,0.0,0.0,15.688038,True,,False,394175334.0,394175334.0,15.2283,15.7001,15.844
Kepler-1897,1.0,294.2901043,39.126871,0.0,0.0,15.991202,True,,False,138645719.0,138645719.0,15.3637,16.0047,16.01
Kepler-1898,1.0,287.2058009,38.4981903,0.0,0.0,13.157985,True,,False,121124617.0,121124617.0,12.6832,13.1697,13.387
Kepler-1899,1.0,292.0333777,37.9744551,0.044,0.21709999442100525,15.935234,True,,False,137348756.0,137348756.0,15.2634,15.9493,16.136
Kepler-19,1.0,290.4209694,37.8516556,0.039,2.364000082015991,11.869435,True,,False,122375047.0,122375047.0,11.3992,11.8763,12.035
Kepler-190,1.0,288.5839761,44.7337701,0.033,0.6148999929428101,14.10601,True,,False,158789380.0,158789380.0,13.5519,14.1175,14.336
Kepler-1900,1.0,291.8863206,44.4790319,0.0,0.0,15.26969,True,,False,63010445.0,63010445.0,14.8102,15.2816,15.502
Kepler-1901,1.0,291.1643587,45.3183061,0.0,0.0,14.889365,True,,False,159647219.0,159647219.0,14.4171,14.9006,15.097
Kepler-1902,1.0,292.7376545,42.0147792,0.312,13.460000038146973,15.649953,True,,False,63370825.0,63370825.0,14.6922,15.662,16.113
Kepler-1903,1.0,290.8882981,51.2481617,0.0,0.0,15.329017,True,,False,417655814.0,417655814.0,14.9173,15.3413,15.456
Kepler-1904,1.0,288.8744026,51.1542215,0.028,0.10429999977350235,15.722275,True,,False,299089587.0,299089587.0,14.7606,15.7421,16.367
Kepler-1906,1.0,293.8266166,38.8565906,0.0,0.0,14.947524,True,,False,138366224.0,138366224.0,14.4695,14.9602,15.322
Kepler-1907,1.0,280.7085829,47.3279236,0.0,2.202999923393953e-15,13.720085,True,,False,123130285.0,123130285.0,13.1513,13.7309,13.989
Kepler-1910,1.0,296.6171677,41.2811677,10.025,13510.0,15.686615,True,,False,360023069.0,360023069.0,14.7553,15.5768,16.092
Kepler-1911,1.0,299.303559,41.4410233,0.0,0.1160999983549118,12.105522,True,,False,171971636.0,171971636.0,11.6492,12.1119,12.245
Kepler-1912,1.0,282.1178211,46.2239547,0.045,2.7939999103546143,12.230588,True,,False,123444694.0,123444694.0,11.7892,12.2385,12.36
Kepler-1913,1.0,290.216689,44.7795863,0.0,2.3169999701825412e-15,14.645468,True,,False,159304134.0,159304134.0,14.2289,14.658,14.814
Kepler-1914,1.0,291.4314024,38.6543635,0.0,0.0,15.670534,True,,False,137151294.0,137151294.0,15.2009,15.6826,15.911
Kepler-1916,1.0,293.0705754,48.387679,0.0,0.0,15.789929,True,,False,26751240.0,26751240.0,15.3597,15.8019,15.779
Kepler-1917,1.0,294.1038932,45.0013533,0.062,0.633400022983551,15.457701,True,,False,270857590.0,270857590.0,14.9086,15.4691,15.474
Kepler-1919,1.0,283.1319153,43.956005,0.0,0.0,15.848268,True,,False,164459883.0,164459883.0,15.3217,15.8602,16.161
Kepler-192,1.0,287.9179379,45.5928829,0.0,0.0,14.092061,True,,False,158626833.0,158626833.0,13.6013,14.1039,14.308
Kepler-1921,1.0,300.3161723,45.4953271,0.111,13.1899995803833,12.973302,True,,False,239287963.0,239287963.0,12.5272,12.9842,13.103
Kepler-1922,1.0,292.3303706,37.9970696,0.0,0.0,15.179672,True,,False,137548365.0,137548365.0,14.7111,15.1917,15.388
Kepler-1923,1.0,298.0834457,40.3462551,4.472,9408.0,14.402962,True,,False,170346220.0,170346220.0,13.7451,14.2312,14.454
Kepler-1924,1.0,293.767386,42.8291562,0.0,0.0,15.072282,True,,False,270705258.0,270705258.0,14.5995,15.0841,15.084
Kepler-1925,1.0,289.8287452,45.1026883,0.0,0.0,15.170046,True,,False,159177232.0,159177232.0,14.7033,15.1821,15.382
Kepler-1927,1.0,296.3546093,41.3355698,0.0,0.0,13.204485,True,,False,184427149.0,184427149.0,12.7874,13.2168,13.312
Kepler-1928,1.0,290.4406294,38.5235721,0.035,1.534999966621399,12.60537,True,,False,122450696.0,122450696.0,12.1454,12.6182,12.679
Kepler-1929,1.0,299.5833362,47.4481244,0.069,6.638999938964844,12.06583,True,,False,269029175.0,269029175.0,11.5689,12.072,11.788
Kepler-193,1.0,296.4985951,46.5772484,0.034,0.3977000117301941,14.584286,True,,False,272496083.0,272496083.0,14.1656,14.596,14.712
Kepler-1930,1.0,297.577145,40.0276768,0.0,0.0,13.353115,True,,False,169560572.0,169560572.0,12.7643,13.3746,13.447
Kepler-1931,1.0,290.8723061,43.3330104,0.067,6.370999813079834,12.552772,True,,False,159571280.0,159571280.0,12.1832,12.5586,12.671
Kepler-1932,1.0,285.3314903,41.0638435,0.0,0.0,15.022887,True,,False,120496423.0,120496423.0,14.4589,15.0331,15.286
Kepler-1933,1.0,283.995085,39.9170121,0.048,3.303999900817871,12.668989,True,,False,120103486.0,120103486.0,12.2136,12.6781,12.81
Kepler-1934,1.0,290.9193265,37.2871677,0.039,1.9359999895095825,12.74027,True,,False,122680921.0,122680921.0,12.3439,12.7503,12.874
Kepler-1935,1.0,296.4037783,39.7227036,0.0,0.0,14.356483,True,,False,184469205.0,184469205.0,13.8362,14.3684,14.522
Kepler-1936,1.0,290.7300141,44.836128,0.052,2.48799991607666,13.311073,True,,False,159451957.0,159451957.0,12.9679,13.3235,13.393
Kepler-1937,1.0,290.6583922,40.7785383,0.0,0.0,14.074485,True,,False,122597057.0,122597057.0,13.6766,14.0864,14.163
Kepler-1938,1.0,299.351892,41.1957285,0.017,0.07976000010967255,14.841801,True,,False,171972797.0,171972797.0,14.1468,14.8554,15.246
Kepler-1939,1.0,285.6899312,40.9946659,0.126,13.819999694824219,13.387753,True,,False,120578688.0,120578688.0,12.6441,13.3976,13.622
Kepler-194,1.0,291.971429,47.8640498,0.0,0.0,14.89982,True,,False,63070427.0,63070427.0,14.442,14.9117,14.969
Kepler-1941,1.0,296.6270184,49.353891,0.012,0.054499998688697815,14.609497,True,,False,351191396.0,351191396.0,14.2266,14.6228,14.943
Kepler-1942,1.0,294.9805416,44.4252384,0.216,15.550000190734863,14.656853,True,,False,271350547.0,271350547.0,14.1689,14.6596,14.91
Kepler-1943,1.0,293.3182976,41.1166697,0.0,0.0,13.733478,True,,False,138100223.0,138100223.0,13.2845,13.7453,13.868
Kepler-1944,1.0,296.5105045,39.1732645,0.0,0.0,15.317987,True,,False,184554636.0,184554636.0,14.7749,15.3313,15.582
Kepler-1945,1.0,281.8980828,42.2858185,60.331,2131000.0,13.806608,True,,False,123408849.0,123408849.0,12.746,,13.586
Kepler-1946,1.0,282.3355387,42.8453417,0.0,0.0,15.548799,True,,False,123451321.0,123451321.0,15.0123,15.5613,15.508
Kepler-1947,1.0,296.1040313,42.3425818,0.075,5.690000057220459,12.867599,True,,False,272180236.0,272180236.0,12.4445,12.877,12.973
Kepler-1948,1.0,287.3640804,47.7853043,0.222,29.229999542236328,13.913515,True,,False,158489110.0,158489110.0,13.0256,13.9243,14.569
Kepler-1949,1.0,293.5422586,43.0260555,0.0,2.0460000372797636e-15,15.189754,True,,False,270611599.0,270611599.0,14.7334,15.2008,15.231
Kepler-195,1.0,288.1209339,47.9666141,0.035,0.38929998874664307,14.785793,True,,False,298837729.0,298837729.0,14.2589,14.7989,14.863
Kepler-1950,1.0,287.0874563,42.6686537,0.291,32.849998474121094,14.547721,True,,False,158388625.0,158388625.0,14.0116,14.5569,14.845
Kepler-1952,1.0,288.0764082,43.9584839,0.541,160.0,13.960874,True,,False,158635959.0,158635959.0,13.4365,13.8909,13.828
Kepler-1953,1.0,287.9680995,46.4705959,0.0,0.0,15.454608,True,,False,158625687.0,158625687.0,14.7954,15.4666,15.936
Kepler-1955,1.0,299.5347603,40.4777528,0.038,1.6339999437332153,12.520637,True,,False,172372582.0,172372582.0,12.0696,12.5298,12.609
Kepler-1956,1.0,294.6208506,49.894219,0.0,0.0,15.556991,True,,False,27233725.0,27233725.0,14.7855,15.5722,15.989
Kepler-1957,1.0,293.711436,47.8874467,0.0,0.0,14.76756,True,,False,26961214.0,26961214.0,14.138,14.7806,15.13
Kepler-1958,1.0,289.1041643,41.6901138,0.053,0.5486999750137329,15.419075,True,,False,121943923.0,121943923.0,14.9229,15.4313,15.486
Kepler-1959,1.0,296.022301,44.7326691,0.0,0.0,14.547776,True,,False,272173269.0,272173269.0,13.9433,14.5568,14.797
Kepler-196,1.0,284.9685077,42.0791214,0.0,0.0,14.091172,True,,False,164828012.0,164828012.0,13.545,14.1033,14.239
Kepler-1960,1.0,294.6969361,46.7202043,0.066,1.1169999837875366,15.063521,True,,False,271253848.0,271253848.0,14.6541,15.0761,15.181
Kepler-1961,1.0,286.3300783,39.6831276,0.067,0.6789000034332275,15.682834,True,,False,120821730.0,120821730.0,15.121,15.695,15.809
Kepler-1962,1.0,289.5483989,40.1641457,0.0,0.0,14.953923,True,,False,122070274.0,122070274.0,14.463,14.9657,15.146
Kepler-1963,1.0,296.5875182,47.207129,0.0,0.0,13.875188,True,,False,272597196.0,272597196.0,13.3905,13.8875,14.054
Kepler-1964,1.0,297.0588033,49.4784362,0.34,6.876999855041504,16.534826,True,,False,27991150.0,27991150.0,15.8006,16.5459,16.363
Kepler-1965,1.0,292.5147146,38.0219872,0.0,0.0,13.629312,True,,False,137635841.0,137635841.0,13.1776,13.6415,13.839
Kepler-1966,1.0,292.4637788,41.2990438,0.557,94.94999694824219,14.785446,True,,False,137627194.0,137627194.0,14.1873,14.7889,15.222
Kepler-1967,1.0,299.1376276,43.4984724,0.0,2.0219999939940234e-15,13.363071,True,,False,268604336.0,268604336.0,12.7345,13.3752,13.519
Kepler-1969,1.0,294.7842662,49.4920557,0.0,0.0,15.666358,True,,False,27240575.0,27240575.0,15.1893,15.6806,15.851
Kepler-197,1.0,295.2264739,50.5592348,0.078,9.28499984741211,11.774902,True,,False,27397848.0,27397848.0,11.4036,11.78,11.775
Kepler-1972,1.0,288.3953074,39.8725067,0.093,15.350000381469727,11.143538,True,,False,121604440.0,121604440.0,10.71,11.1438,11.23
Kepler-1976,1.0,292.16706,48.7275345,0.0,0.0,15.245373,True,,False,26584326.0,26584326.0,14.7897,15.258,15.445
Kepler-1977,1.0,290.6178587,37.2891002,0.0,2.0650000450778616e-15,15.641934,True,,False,122515768.0,122515768.0,14.9799,15.654,16.047
Kepler-1978,1.0,286.0067312,38.0095407,0.0,0.0,15.355764,True,,False,120693914.0,120693914.0,14.7856,15.3665,15.49
Kepler-1979,1.0,289.8429062,38.309622,0.0,0.0,15.220387,True,,False,122142813.0,122142813.0,14.736,15.2323,15.484
Kepler-198,1.0,290.6731326,38.6910045,0.0,0.0,13.555139,True,,False,122519154.0,122519154.0,13.092,13.5662,13.684
Kepler-1980,1.0,295.1672065,38.637039,0.029,0.13439999520778656,15.55836,True,,False,139036617.0,139036617.0,15.0548,15.5691,15.906
Kepler-1981,1.0,287.9754691,38.7402988,0.0,2.1990000220587815e-15,13.369694,True,,False,121457557.0,121457557.0,12.9475,13.3811,13.563
Kepler-1982,1.0,287.4099905,39.6586267,0.076,7.764999866485596,12.607149,True,,False,121215807.0,121215807.0,12.2536,12.6166,12.696
Kepler-1983,1.0,297.042015,39.9121864,0.0,0.0,14.290711,True,,False,169078948.0,169078948.0,13.6964,14.3031,14.518
Kepler-1984,1.0,291.2850446,40.7300225,18.3,27390.0,16.009638,True,,False,137089954.0,137089954.0,14.9141,15.8683,16.192
Kepler-1987,1.0,295.8254663,42.9433716,0.091,1.3480000495910645,15.49125,True,,False,271958892.0,271958892.0,14.822,15.505,15.477
Kepler-1988,1.0,298.6738034,43.7955099,4.266,27100.0,12.335877,True,,False,268160366.0,268160366.0,11.6593,12.1213,12.128
Kepler-199,1.0,295.5594278,40.236249,0.0,0.0,13.586385,True,,False,184090767.0,184090767.0,13.127,13.5973,13.796
Kepler-1990,1.0,299.7047433,44.4357068,0.034,1.3600000143051147,12.575336,True,,False,269119490.0,269119490.0,12.1207,12.5829,11.946
Kepler-1991,1.0,285.0360506,45.0709909,0.0,0.0,14.708343,True,,False,164831457.0,164831457.0,14.2222,14.7212,15.048
Kepler-1992,1.0,295.0902409,45.0811045,0.058,2.812000036239624,13.543123,True,,False,271428166.0,271428166.0,13.0207,13.554,13.79
Kepler-1993,1.0,293.7968548,45.1607261,0.0,0.0,13.247179,True,,False,270700335.0,270700335.0,12.6445,13.2589,13.451
Kepler-1994,1.0,297.1487941,46.2969247,0.104,16.31999969482422,11.817324,True,,False,273043474.0,273043474.0,11.3139,11.8227,12.01
Kepler-1995,1.0,284.342725,46.3165907,0.025,0.1363999992609024,15.188723,True,,False,164721823.0,164721823.0,14.5501,15.1988,15.516
Kepler-1996,1.0,285.2537555,46.5822183,0.06,1.0470000505447388,14.851298,True,,False,164892125.0,164892125.0,14.1718,14.8656,15.11
Kepler-1998,1.0,283.4291536,47.5923973,0.049,2.9100000858306885,12.595838,True,,False,164525250.0,164525250.0,12.1297,12.6024,12.74
Kepler-1999,1.0,282.3705675,48.259234,0.068,0.3637999892234802,16.30223,True,,False,48131702.0,48131702.0,15.5613,16.319,16.433
Kepler-20,1.0,287.6979913,42.3385782,0.056,4.330999851226807,12.445517,True,,False,158554588.0,158554588.0,11.9623,12.4535,12.61
Kepler-200,1.0,284.4099503,41.2374928,0.0,0.0,13.940111,True,,False,120252452.0,120252452.0,13.4991,13.9518,13.932
Kepler-2000,1.0,285.5743032,49.9621218,0.0,0.0,15.249384,True,,False,350814495.0,350814495.0,14.3009,15.2639,15.642
Kepler-2001,1.0,291.6594558,50.5838585,0.0,0.0,15.763705,True,,False,26488618.0,26488618.0,15.1411,15.7733,15.981
Kepler-201,1.0,293.626059,41.2728004,0.095,8.484999656677246,12.909937,True,,False,138297190.0,138297190.0,12.5435,12.9199,12.991
Kepler-202,1.0,282.9734874,41.3217991,0.022,0.33079999685287476,13.83135,True,,False,258202719.0,258202719.0,13.199,13.8433,14.178
Kepler-203,1.0,297.089959,41.3880686,0.0,0.0,13.930912,True,,False,169084431.0,169084431.0,13.4773,13.9421,14.14
Kepler-204,1.0,285.347162,41.761845,0.0,0.0,13.86147,True,,False,120495446.0,120495446.0,13.4265,13.8745,13.977
Kepler-205,1.0,285.2866912,41.8609357,0.0,0.0,13.480999,True,,False,399822422.0,399822422.0,12.721,13.4947,13.779
Kepler-206,1.0,291.6346564,41.8338415,0.0,0.0,13.449298,True,,False,137342279.0,137342279.0,12.9995,13.4609,13.507
Kepler-207,1.0,290.0305195,42.1660555,0.0,0.0,13.153573,True,,False,159217436.0,159217436.0,12.7362,13.1671,13.164
Kepler-208,1.0,293.8901979,42.5279413,0.0,0.0,13.525065,True,,False,270781284.0,270781284.0,13.1288,13.5376,13.561
Kepler-209,1.0,291.1694567,42.6407281,0.0,0.0,13.939277,True,,False,159652365.0,159652365.0,13.4567,13.9517,14.132
Kepler-21,1.0,287.3619673,38.7141384,0.133,13.539999961853027,8.139577,True,,False,121214185.0,121214185.0,7.76486,8.12832,8.25
Kepler-210,1.0,292.5034196,43.0832188,0.024,0.41179999709129333,13.790565,True,,False,63283780.0,63283780.0,13.0702,13.8043,14.126
Kepler-211,1.0,285.4391183,43.1685051,0.0,0.0,13.262177,True,,False,352007758.0,352007758.0,12.7099,13.2732,13.448
Kepler-212,1.0,287.6208165,43.1416239,0.089,8.220000267028809,12.976315,True,,False,158551888.0,158551888.0,12.5526,12.9872,13.129
Kepler-213,1.0,290.8241931,44.6472832,0.0,0.0,13.590752,True,,False,159521326.0,159521326.0,13.1409,13.6023,13.705
Kepler-214,1.0,284.7548499,44.95605,0.0,0.0,13.893837,True,,False,164785720.0,164785720.0,13.5078,13.9058,14.057
Kepler-215,1.0,294.9735313,45.2136867,0.0,0.0,13.544186,True,,False,271352188.0,271352188.0,13.0877,13.5549,13.678
Kepler-216,1.0,293.7280695,46.1291139,0.0,0.0,13.948215,True,,False,270698499.0,270698499.0,13.5496,13.9607,14.054
Kepler-217,1.0,293.0377331,46.2775223,0.0,0.0,13.107412,True,,False,240178935.0,240178935.0,12.7978,13.1207,13.155
Kepler-218,1.0,295.4128785,46.2665801,0.0,0.0,13.894723,True,,False,271662623.0,271662623.0,13.4069,13.9069,14.035
Kepler-219,1.0,288.7389481,46.7625929,0.0,2.278999954586345e-15,13.706107,True,,False,158838045.0,158838045.0,13.2839,13.7179,13.823
Kepler-22,1.0,289.2172051,47.8841427,0.084,9.564000129699707,11.64001,True,,False,158984573.0,158984573.0,11.1894,11.6444,11.751
Kepler-220,1.0,291.5060432,46.8956262,0.092,9.892999649047852,12.84702,True,,False,159759306.0,159759306.0,12.1813,12.8566,13.049
Kepler-221,1.0,296.6547477,46.8352242,0.0,0.0,13.73651,True,,False,272601375.0,272601375.0,13.1969,13.7486,13.97
Kepler-222,1.0,287.9060885,46.9377479,0.0,0.0,15.047635,True,,False,158625100.0,158625100.0,14.5083,15.0603,15.407
Kepler-223,1.0,298.3183909,47.2794824,0.0,0.0,15.383721,True,,False,273876171.0,273876171.0,14.8848,15.3951,15.69
Kepler-224,1.0,290.9342679,47.3575414,0.044,0.29980000853538513,15.627509,True,,False,159642189.0,159642189.0,15.0519,15.6358,15.801
Kepler-225,1.0,292.1939846,47.4570808,0.0,0.0,15.933868,True,,False,63203294.0,63203294.0,15.1467,15.9504,16.294
Kepler-226,1.0,292.3760942,47.8809596,0.075,1.0299999713897705,15.390069,True,,False,63204017.0,63204017.0,14.8691,15.4026,15.563
Kepler-227,1.0,291.9342748,48.141676,0.0,0.0,15.308912,True,,False,26539443.0,26539443.0,14.8192,15.3234,15.623
Kepler-229,1.0,286.9994758,48.3757867,0.068,0.5662000179290771,15.811903,True,,False,399912169.0,399912169.0,15.2154,15.8265,16.22
Kepler-23,1.0,294.2189131,49.4792536,0.0,0.0,13.3895,True,,False,27083727.0,27083727.0,12.9696,13.4015,13.567
Kepler-230,1.0,285.7185682,48.5058038,0.0,0.0,15.060072,True,,False,377782363.0,377782363.0,14.5493,15.073,15.264
Kepler-231,1.0,293.9733913,50.531846,0.087,1.3240000009536743,15.373934,True,,False,27006192.0,27006192.0,14.5736,15.3896,15.813
Kepler-232,1.0,295.8161668,51.1217249,0.0,0.0,15.307139,True,,False,27686898.0,27686898.0,14.8318,15.3201,15.565
Kepler-233,1.0,296.3665054,51.3194548,0.059,0.7160000205039978,15.314133,True,,False,27843776.0,27843776.0,14.7703,15.3263,15.477
Kepler-234,1.0,291.6535379,38.4946597,0.0,0.0,15.489545,True,,False,137318075.0,137318075.0,15.0376,15.5014,15.747
Kepler-235,1.0,286.0790779,39.278237,0.0,0.0,15.953417,True,,False,120765183.0,120765183.0,15.1339,15.9695,16.567
Kepler-236,1.0,283.8664285,39.8981928,0.0,0.0,15.357136,True,,False,120044687.0,120044687.0,14.3966,15.3743,16.014
Kepler-237,1.0,283.2213438,40.421762,0.017,0.06494999676942825,15.270773,True,,False,258348597.0,258348597.0,14.6368,15.2832,15.689
Kepler-238,1.0,287.8971066,40.6378141,0.0,4.1180001743919715e-15,15.012537,True,,False,121460918.0,121460918.0,14.538,15.0243,15.297
Kepler-239,1.0,294.2020505,40.6633313,0.0,0.0,15.221063,True,,False,138641300.0,138641300.0,14.6004,15.2333,15.252
Kepler-24,1.0,290.4132621,38.3437283,0.0,0.0,14.912541,True,,False,122376177.0,122376177.0,14.4278,14.9234,15.04
Kepler-241,1.0,292.9131121,41.0609786,0.954,161.1999969482422,15.384478,True,,False,137899939.0,137899939.0,14.6815,15.3871,15.708
Kepler-242,1.0,286.5656932,41.8084168,0.0,0.0,15.337148,True,,False,120899945.0,120899945.0,14.7169,15.3494,15.489
Kepler-243,1.0,285.1104819,42.0339619,0.0,0.0,15.045313,True,,False,164886497.0,164886497.0,14.4611,15.0573,15.159
Kepler-244,1.0,287.242641,42.3014185,0.0,0.0,15.534218,True,,False,158426969.0,158426969.0,15.0348,15.5455,15.747
Kepler-245,1.0,291.6389972,42.4363482,0.0,0.0,15.587101,True,,False,63004906.0,63004906.0,14.9988,15.5969,15.546
Kepler-246,1.0,296.4834007,42.6633806,0.05,0.637499988079071,15.027907,True,,False,272484980.0,272484980.0,14.429,15.0422,15.197
Kepler-247,1.0,288.6425609,43.0393769,0.079,1.49399995803833,15.033538,True,,False,158792051.0,158792051.0,14.4462,15.0473,15.199
Kepler-248,1.0,293.0613138,43.5813577,0.0,0.0,15.220398,True,,False,275493574.0,275493574.0,14.6571,15.2331,15.506
Kepler-249,1.0,296.9853002,43.6586043,0.0,0.0,15.213087,True,,False,272942100.0,272942100.0,14.1501,15.2305,16.37
Kepler-25,1.0,286.6383905,39.4879038,0.092,13.130000114440918,10.633472,True,,False,120960812.0,120960812.0,10.2768,10.6319,10.769
Kepler-250,1.0,289.5947633,44.1418114,0.0,0.0,15.401813,True,,False,159098652.0,159098652.0,14.83,15.4144,15.819
Kepler-251,1.0,296.5662171,44.1058077,0.0,0.0,15.204731,True,,False,272489533.0,272489533.0,14.6847,15.216,15.541
Kepler-252,1.0,295.579329,44.5459052,0.0,0.0,15.015958,True,,False,271769940.0,271769940.0,14.2831,15.0293,15.406
Kepler-253,1.0,291.8419337,44.858124,0.038,0.23999999463558197,15.499353,True,,False,63065911.0,63065911.0,14.9133,15.5122,15.778
Kepler-254,1.0,288.1646541,45.8164257,0.0,0.0,15.826205,True,,False,158665380.0,158665380.0,15.3531,15.8379,16.012
Kepler-257,1.0,297.3159994,46.0232642,0.049,0.4196999967098236,15.411413,True,,False,273132699.0,273132699.0,14.7942,15.4215,15.652
Kepler-258,1.0,294.0684116,46.5791357,0.0,0.0,15.188849,True,,False,270854411.0,270854411.0,14.5374,15.2012,15.49
Kepler-259,1.0,288.2119707,46.6150461,0.0,0.0,15.156471,True,,False,158664318.0,158664318.0,14.6907,15.1689,15.378
Kepler-26,1.0,284.9410627,46.5664505,0.0,0.0,15.393627,True,,False,164833065.0,164833065.0,14.5837,15.4089,15.853
Kepler-260,1.0,291.9259658,38.0140525,0.0,2.0700000805655037e-15,14.109188,True,,False,137348863.0,137348863.0,13.6121,14.1176,14.253
Kepler-261,1.0,291.3647333,37.609239,0.0,1.947000096954102e-15,13.518236,True,,False,137148674.0,137148674.0,12.9452,13.5287,13.738
Kepler-262,1.0,290.7287168,37.2526575,0.019,0.19470000267028809,14.213701,True,,False,122673489.0,122673489.0,13.759,14.2241,14.478
Kepler-263,1.0,292.4698022,37.5677941,0.0,0.0,15.40323,True,,False,137637249.0,137637249.0,14.8343,15.4167,15.435
Kepler-264,1.0,292.044628,37.3761861,0.072,5.329999923706055,13.002063,True,,False,137347078.0,137347078.0,12.5578,13.0135,13.15
Kepler-265,1.0,290.5104788,41.244743,0.0,0.0,15.339801,True,,False,122445076.0,122445076.0,14.9117,15.3522,15.47
Kepler-267,1.0,299.8305655,47.1575741,0.013,0.027400000020861626,15.45159,True,,False,269357457.0,269357457.0,14.5133,15.4693,16.69
Kepler-268,1.0,291.9761559,38.0550327,0.0,0.0,13.656464,True,,False,137348987.0,137348987.0,13.2581,13.6678,13.844
Kepler-269,1.0,290.2151459,41.775981,0.037,0.19499999284744263,15.722793,True,,False,122297877.0,122297877.0,15.2112,15.7352,15.646
Kepler-27,1.0,292.2367608,41.085871,0.0,0.0,15.803403,True,,False,137556626.0,137556626.0,15.2427,15.8164,15.822
Kepler-270,1.0,282.2001207,44.4222795,0.0,0.0,13.845616,True,,False,123417308.0,123417308.0,13.4626,13.8586,13.9
Kepler-271,1.0,283.0029316,44.284108,0.205,35.709999084472656,13.422065,True,,False,164414655.0,164414655.0,12.9431,13.4284,13.578
Kepler-272,1.0,299.1275257,47.5938319,0.0,0.0,14.647925,True,,False,268704766.0,268704766.0,14.0701,14.6591,14.811
Kepler-273,1.0,291.3021458,47.6976573,0.0,0.0,14.95578,True,,False,159726559.0,159726559.0,14.4498,14.9683,15.1
Kepler-274,1.0,292.9227926,38.4772173,0.0,0.0,15.020967,True,,False,137892978.0,137892978.0,14.5312,15.0319,15.238
Kepler-275,1.0,292.4797004,38.5149018,0.0,0.0,15.276224,True,,False,137634395.0,137634395.0,14.8751,15.2874,15.289
Kepler-276,1.0,293.568197,39.0363123,0.0,0.0,15.352608,True,,False,138213510.0,138213510.0,14.8896,15.3648,15.481
Kepler-277,1.0,286.5831894,39.0772582,0.046,2.0290000438690186,13.377445,True,,False,120961424.0,120961424.0,12.9339,13.3884,13.544
Kepler-278,1.0,290.1072124,38.7022694,0.088,12.069999694824219,11.525081,True,,False,122225232.0,122225232.0,10.9187,11.5296,11.811
Kepler-279,1.0,287.391295,42.194822,0.0,0.0,13.572235,True,,False,158428960.0,158428960.0,13.2412,13.5847,13.647
Kepler-28,1.0,292.1370409,42.4294835,0.0,0.0,15.011628,True,,False,63122956.0,63122956.0,14.3281,15.0257,15.13
Kepler-280,1.0,291.3905325,42.1804735,0.0,0.0,14.445631,True,,False,159716174.0,159716174.0,13.9604,14.4574,14.35
Kepler-282,1.0,284.6772402,44.7976401,0.0,0.0,15.16592,True,,False,164779321.0,164779321.0,14.7256,15.1779,15.444
Kepler-283,1.0,293.6137413,47.838938,0.214,4.835999965667725,15.865565,True,,False,270695184.0,270695184.0,15.0899,15.8753,16.216
Kepler-284,1.0,293.1465698,47.7297053,0.0,0.0,15.799604,True,,False,275486985.0,275486985.0,15.2726,15.8126,15.944
Kepler-285,1.0,291.3908469,48.0655392,0.0,0.0,15.13953,True,,False,26416742.0,26416742.0,14.6046,15.1521,15.198
Kepler-286,1.0,290.6761874,48.2942362,0.5,39.4900016784668,15.538866,True,,False,290035455.0,290035455.0,15.0579,15.5447,15.863
Kepler-287,1.0,290.9274282,48.4434588,0.0,2.172999922226337e-15,14.73246,True,,False,417660580.0,417660580.0,14.2453,14.7442,14.952
Kepler-288,1.0,288.9163997,39.5947523,0.062,0.9072999954223633,15.140043,True,,False,121785939.0,121785939.0,14.6516,15.152,15.283
Kepler-289,1.0,297.4653351,42.8828517,0.0,0.0,13.952133,True,,False,273234825.0,273234825.0,13.5102,13.9628,14.142
Kepler-29,1.0,298.348382,47.4913021,0.0,2.267999961216827e-15,15.270874,True,,False,273875635.0,273875635.0,14.7752,15.2819,15.547
Kepler-290,1.0,286.4100307,42.6815137,0.0,2.1479999565463632e-15,15.551212,True,,False,158218214.0,158218214.0,14.9548,15.5648,15.775
Kepler-291,1.0,287.9163029,42.4372666,0.0,0.0,15.888929,True,,False,158631683.0,158631683.0,15.3933,15.8985,16.218
Kepler-293,1.0,286.3580611,42.4064917,0.0,4.1400001611310074e-15,15.321408,True,,False,158216544.0,158216544.0,14.8204,15.3334,15.452
Kepler-294,1.0,287.3920392,46.0592578,0.0,0.0,15.806012,True,,False,158487005.0,158487005.0,15.3175,15.8186,15.948
Kepler-295,1.0,285.3458383,45.3677754,0.0,0.0,14.419969,True,,False,164890864.0,164890864.0,13.905,14.4325,14.631
Kepler-296,1.0,286.5400278,49.4372614,6.72,4818.0,15.959876,True,,False,243271945.0,243271945.0,14.9169,15.9015,16.363
Kepler-297,1.0,283.2091605,48.7776156,0.0,0.0,14.180294,True,,False,48304302.0,48304302.0,13.7454,14.1922,14.326
Kepler-298,1.0,283.0398448,48.8253303,0.0,0.0,15.404505,True,,False,48217868.0,48217868.0,14.7267,15.4179,15.617
Kepler-299,1.0,283.2070156,48.5805222,0.0,0.0,14.998342,True,,False,48304460.0,48304460.0,14.5326,15.0103,15.232
Kepler-30,1.0,285.2836483,38.9472625,0.0,0.0,15.363981,True,,False,399794329.0,399794329.0,14.8024,15.3761,15.726
Kepler-300,1.0,295.2886934,48.5997243,0.0,0.0,14.167033,True,,False,27458633.0,27458633.0,13.7292,14.1797,14.25
Kepler-301,1.0,283.982904,49.2329512,0.147,9.857999801635742,14.262526,True,,False,48419097.0,48419097.0,13.7958,14.2737,14.458
Kepler-303,1.0,283.1354742,43.6567036,0.0,0.0,14.381047,True,,False,164460208.0,164460208.0,13.5887,14.396,14.917
Kepler-304,1.0,294.4418031,40.5575408,0.0,0.0,14.820219,True,,False,377909730.0,377909730.0,14.1673,14.8308,15.065
Kepler-305,1.0,299.2242557,40.343167,0.0,2.0100000782302717e-15,15.751848,True,,False,171879024.0,171879024.0,15.1395,15.7661,15.851
Kepler-306,1.0,288.5387145,40.6160545,0.0,0.0,15.539731,True,,False,121660143.0,121660143.0,14.9424,15.5524,15.575
Kepler-307,1.0,297.7950939,40.4176403,0.0,0.0,14.043186,True,,False,169930145.0,169930145.0,13.5238,14.0561,14.149
Kepler-309,1.0,297.5098911,46.9614121,0.035,0.3077999949455261,15.113044,True,,False,273373488.0,273373488.0,14.4409,15.1261,15.418
Kepler-31,1.0,294.0230229,45.8530535,0.0,0.0,15.211584,True,,False,270788519.0,270788519.0,14.8089,15.224,15.496
Kepler-310,1.0,288.839278,46.9867472,0.0,0.0,14.252476,True,,False,158840828.0,158840828.0,13.7728,14.265,14.376
Kepler-311,1.0,282.0612731,47.0854984,0.0,0.0,13.74155,True,,False,351898154.0,351898154.0,13.3373,13.7537,13.902
Kepler-312,1.0,298.3957687,42.4597712,0.102,10.369999885559082,12.910272,True,,False,274030824.0,274030824.0,12.4919,12.9211,13.01
Kepler-313,1.0,298.2948708,48.7754,0.702,268.20001220703125,14.108266,True,,False,28448998.0,28448998.0,13.5993,14.1106,14.304
Kepler-314,1.0,294.6741507,42.0756037,0.036,1.6720000505447388,12.513983,True,,False,271052158.0,271052158.0,11.9838,12.5226,12.64
Kepler-315,1.0,298.0230967,43.3634761,0.0,0.0,15.276967,True,,False,273694712.0,273694712.0,14.772,15.2885,15.546
Kepler-316,1.0,290.825835,44.1838993,0.0,0.0,15.179085,True,,False,159522175.0,159522175.0,14.4142,15.1944,15.81
Kepler-317,1.0,294.9438822,39.0320499,0.0,2.0480000938264678e-15,15.440554,True,,False,138890353.0,138890353.0,14.8665,15.4571,15.665
Kepler-318,1.0,298.4828337,46.7936357,0.0,0.0,13.270991,True,,False,274198407.0,274198407.0,12.7994,13.281,13.442
Kepler-319,1.0,288.8119782,39.7706431,0.0,0.0,13.780965,True,,False,121786630.0,121786630.0,13.3015,13.7908,13.926
Kepler-32,1.0,297.8423073,46.5743595,0.032,0.1290999948978424,15.795283,True,,False,273590427.0,273590427.0,14.8153,15.8123,16.36
Kepler-320,1.0,293.2135155,46.1751457,0.0,0.0,13.421764,True,,False,275575525.0,275575525.0,13.0599,13.4337,13.494
Kepler-321,1.0,294.4536991,44.1457626,0.057,4.13100004196167,12.746399,True,,False,271046140.0,271046140.0,12.2916,12.7549,12.918
Kepler-322,1.0,281.3487514,44.2952525,0.0,0.0,13.496163,True,,False,123313142.0,123313142.0,12.9875,13.5033,13.687
Kepler-323,1.0,291.3822988,38.1274595,0.031,1.1369999647140503,12.647761,True,,False,137150039.0,137150039.0,12.2594,12.658,12.78
Kepler-324,1.0,286.4714473,49.6490933,0.0,0.0,14.077798,True,,False,243271716.0,243271716.0,13.5467,14.0909,14.222
Kepler-325,1.0,289.8354219,49.825607,0.0,2.205999902334891e-15,14.994865,True,,False,267671250.0,267671250.0,14.5024,15.0053,15.175
Kepler-326,1.0,294.3255898,46.0022646,0.429,137.0,13.672951,True,,False,270956861.0,270956861.0,13.0846,13.6788,13.734
Kepler-327,1.0,292.6422963,44.0876251,0.0,0.0,14.963753,True,,False,63366281.0,63366281.0,14.0142,14.9804,15.611
Kepler-328,1.0,295.8092756,40.0084866,0.0,0.0,15.590275,True,,False,184164097.0,184164097.0,15.1414,15.6036,15.794
Kepler-329,1.0,299.2681646,45.2272852,0.134,3.0230000019073486,15.420277,True,,False,268713285.0,268713285.0,14.6357,15.4312,15.886
Kepler-33,1.0,289.0775348,46.0051696,0.0,0.0,13.93908,True,,False,158935283.0,158935283.0,13.518,13.9513,14.099
Kepler-330,1.0,288.4474035,44.8017616,0.061,0.808899998664856,15.250889,True,,False,158727691.0,158727691.0,14.6685,15.2634,15.569
Kepler-332,1.0,286.6627811,47.4136938,0.0,0.0,13.988442,True,,False,158272257.0,158272257.0,13.4066,14.0025,14.243
Kepler-333,1.0,292.2861201,40.9135429,0.0,0.0,14.708929,True,,False,137556197.0,137556197.0,13.9691,14.7212,15.052
Kepler-334,1.0,287.1406177,47.1151153,0.07,5.349999904632568,12.722567,True,,False,158394479.0,158394479.0,12.3108,12.73,12.834
Kepler-335,1.0,296.0642944,45.4285986,0.0,0.0,13.948885,True,,False,272085033.0,272085033.0,13.5035,13.9603,14.111
Kepler-336,1.0,290.2376224,41.3313637,5.219,21870.0,13.666994,True,,False,122298677.0,122298677.0,13.1373,13.5839,13.677
Kepler-337,1.0,290.0605123,47.1639533,0.065,5.284999847412109,12.700416,True,,False,159226052.0,159226052.0,12.2449,12.7075,12.799
Kepler-338,1.0,282.9790593,40.7844188,0.065,6.159999847412109,12.075632,True,,False,258203303.0,258203303.0,11.6676,12.0828,12.19
Kepler-339,1.0,293.351701,48.4445922,0.0,0.0,14.497476,True,,False,26817284.0,26817284.0,14.0018,14.5134,14.706
Kepler-34,1.0,296.4358022,44.6415369,0.0,0.0,14.819803,True,,False,272369124.0,272369124.0,14.3388,14.8297,15.087
Kepler-340,1.0,295.933471,40.3005515,0.101,12.34000015258789,12.294572,True,,False,184247532.0,184247532.0,12.1019,12.3031,12.329
Kepler-341,1.0,289.8615609,43.4727412,0.0,0.0,14.555102,True,,False,159179987.0,159179987.0,14.0963,14.5672,14.739
Kepler-342,1.0,292.6780488,46.7266813,0.027,0.7355999946594238,13.08565,True,,False,63293562.0,63293562.0,12.7328,13.0992,13.2
Kepler-343,1.0,291.960662,42.4329567,0.0,2.169999943285399e-15,14.097954,True,,False,63120970.0,63120970.0,13.65,14.1102,14.063
Kepler-345,1.0,295.2288521,45.9710432,0.963,519.4000244140625,14.034982,True,,False,271546191.0,271546191.0,13.2971,14.0341,14.344
Kepler-346,1.0,288.0119248,46.1176003,0.058,0.7562000155448914,15.14334,True,,False,158660363.0,158660363.0,14.6603,15.1549,15.261
Kepler-347,1.0,289.1995995,49.3056404,0.058,1.4259999990463257,14.477556,True,,False,299158566.0,299158566.0,14.0431,14.4892,14.567
Kepler-348,1.0,297.2550814,40.5483883,0.04,1.8799999952316284,12.579338,True,,False,169180792.0,169180792.0,12.2205,12.5881,12.676
Kepler-349,1.0,293.6764689,44.6155972,0.0,0.0,14.710631,True,,False,270615037.0,270615037.0,14.2581,14.7211,14.915
Kepler-35,1.0,294.496955,46.6896733,0.0,0.0,15.722247,True,,False,271040768.0,271040768.0,15.2136,15.7352,15.863
Kepler-350,1.0,285.4195845,39.7061009,0.071,3.4749999046325684,13.75091,True,,False,120498491.0,120498491.0,13.3257,13.7606,13.965
Kepler-351,1.0,286.4527949,42.6577891,0.0,0.0,15.956758,True,,False,158218178.0,158218178.0,15.435,15.9665,16.229
Kepler-352,1.0,299.8966237,46.0519022,0.1,10.420000076293945,12.950232,True,,False,269271535.0,269271535.0,12.4085,12.9561,13.142
Kepler-353,1.0,296.8565596,41.7580749,0.0,0.0,15.707959,True,,False,239229234.0,239229234.0,14.7819,15.7248,16.126
Kepler-354,1.0,285.7515347,41.3356739,0.0,0.0,15.542095,True,,False,120578185.0,120578185.0,14.8554,15.5561,15.771
Kepler-355,1.0,285.7994917,42.8117427,0.087,2.005000114440918,15.054159,True,,False,279915745.0,279915745.0,14.6144,15.0663,15.242
Kepler-356,1.0,292.4210998,37.6827919,0.082,7.067999839782715,12.953328,True,,False,137636895.0,137636895.0,12.5639,12.9654,13.058
Kepler-357,1.0,291.2429746,44.0086337,0.0,0.0,15.507262,True,,False,159649595.0,159649595.0,14.8979,15.5215,15.735
Kepler-358,1.0,293.2302333,48.2813901,0.023,0.1023000031709671,15.345187,True,,False,26815908.0,26815908.0,14.8598,15.3559,15.516
Kepler-359,1.0,293.2936129,42.1963497,0.0,0.0,15.870287,True,,False,275568400.0,275568400.0,15.3983,15.8814,15.805
Kepler-36,1.0,291.2501859,49.2318073,0.047,3.325000047683716,12.070165,True,,False,350810590.0,350810590.0,11.6826,12.0767,11.941
Kepler-360,1.0,286.2847077,44.7815817,0.0,0.0,14.796228,True,,False,158213532.0,158213532.0,14.3332,14.8128,15.011
Kepler-361,1.0,296.8034146,46.7411011,0.0,0.0,13.53284,True,,False,272601590.0,272601590.0,13.1225,13.5447,13.635
Kepler-362,1.0,291.771603,47.5299192,0.506,105.80000305175781,14.479794,True,,False,63069779.0,63069779.0,14.0054,14.4863,14.608
Kepler-363,1.0,283.1920779,41.3054172,0.0,2.1039999830682913e-15,13.303596,True,,False,258349590.0,258349590.0,12.8016,13.316,13.472
Kepler-364,1.0,281.5699998,47.3986233,0.0,0.0,13.601867,True,,False,123358019.0,123358019.0,13.2322,13.6134,13.754
Kepler-365,1.0,295.626564,49.130411,8.98,8295.0,15.473052,True,,False,1883023467.0,1883023467.0,14.7621,15.2291,15.3914
Kepler-366,1.0,296.8520316,49.0844359,0.308,34.16999816894531,14.782186,True,,False,27914560.0,27914560.0,14.3354,14.7901,14.952
Kepler-367,1.0,297.292558,49.9817499,0.084,7.199999809265137,12.840865,True,,False,28159518.0,28159518.0,12.1956,12.8482,13.193
Kepler-368,1.0,291.880018,45.3878419,0.093,8.737000465393066,12.829783,True,,False,63066763.0,63066763.0,12.3292,12.838,12.946
Kepler-369,1.0,293.6743322,47.9084727,5.254,3373.0,15.724097,True,,False,26961231.0,26961231.0,14.5771,15.6683,16.429
Kepler-37,1.0,284.0592503,44.5183733,0.061,4.86899995803833,9.556875,True,,False,164652245.0,164652245.0,9.0638,9.54988,9.77
Kepler-370,1.0,292.1710683,40.9162381,0.0,0.0,15.146945,True,,False,137411225.0,137411225.0,14.6657,15.1595,15.467
Kepler-371,1.0,292.3264835,38.6575441,0.0,1.9750000415750136e-15,13.787086,True,,False,137550286.0,137550286.0,13.3487,13.7984,13.997
Kepler-372,1.0,291.2562253,49.2589288,0.0,4.290999877605084e-15,14.821727,True,,False,350810559.0,350810559.0,14.4297,14.8342,14.928
Kepler-373,1.0,289.3879904,50.5970115,0.0,0.0,14.473638,True,,False,299218776.0,299218776.0,13.9901,14.4856,14.596
Kepler-374,1.0,294.1378921,42.3704075,0.0,0.0,14.648512,True,,False,270863576.0,270863576.0,14.1816,14.6608,14.701
Kepler-375,1.0,288.6178715,48.0983639,0.0,0.0,15.664288,True,,False,299032517.0,299032517.0,15.1772,15.6771,15.643
Kepler-376,1.0,291.6071451,38.4103192,0.047,1.5190000534057617,13.724403,True,,False,137219378.0,137219378.0,13.3032,13.734,13.86
Kepler-377,1.0,295.4220717,38.7356737,0.0,0.0,13.820174,True,,False,184015535.0,184015535.0,13.4007,13.8315,14.081
Kepler-378,1.0,294.9489697,46.4388673,0.054,4.4720001220703125,12.4473,True,,False,271354634.0,271354634.0,11.7943,12.4551,12.619
Kepler-379,1.0,295.7010981,38.9458209,0.014,0.18050000071525574,13.3599,True,,False,184167421.0,184167421.0,12.959,13.3686,13.475
Kepler-38,1.0,286.830312,42.2791434,0.0,0.0,13.896232,True,,False,158316612.0,158316612.0,13.4314,13.9066,14.015
Kepler-380,1.0,282.3947017,48.7591334,0.148,15.970000267028809,13.606125,True,,False,48132154.0,48132154.0,13.2133,13.6113,13.74
Kepler-381,1.0,285.1828685,43.8310283,0.083,9.305000305175781,10.548735,True,,False,164884235.0,164884235.0,10.2174,10.5459,10.47
Kepler-382,1.0,299.1362435,45.8699582,0.051,0.8863999843597412,14.653376,True,,False,268612521.0,268612521.0,14.1132,14.6662,14.907
Kepler-383,1.0,291.3426078,38.3631616,8.105,9896.0,15.670783,True,,False,137150599.0,137150599.0,14.3821,15.0655,15.473
Kepler-384,1.0,286.0261113,44.7828571,0.0,0.0,13.542559,True,,False,158114249.0,158114249.0,13.0988,13.5538,13.734
Kepler-385,1.0,294.3385109,50.3365178,0.0,0.0,15.180347,True,,False,27082352.0,27082352.0,14.7468,15.192,15.76
Kepler-386,1.0,289.8589165,48.6938077,0.0,0.0,15.603692,True,,False,267669725.0,267669725.0,15.0254,15.6172,15.949
Kepler-387,1.0,287.7982699,45.6567655,0.0,0.0,13.922863,True,,False,158559417.0,158559417.0,13.524,13.9345,14.129
Kepler-388,1.0,284.8280577,44.6086451,1.526,637.5999755859375,15.017289,True,,False,164786156.0,164786156.0,14.2916,15.0015,15.218
Kepler-39,1.0,296.9603348,46.0342954,0.0,0.0,14.250686,True,,False,272836943.0,272836943.0,13.8261,14.2622,14.355
Kepler-390,1.0,291.6288086,41.2088351,0.0,2.1330000618416736e-15,13.910349,True,,False,137340986.0,137340986.0,13.374,13.9222,14.231
Kepler-391,1.0,290.6218844,51.0573453,0.106,11.59000015258789,12.975172,True,,False,290032428.0,290032428.0,12.395,12.984,13.177
Kepler-392,1.0,288.660826,43.3681938,0.0,0.0,13.409839,True,,False,158796434.0,158796434.0,13.029,13.4218,13.528
Kepler-393,1.0,290.995205,45.192188,0.168,28.030000686645508,13.167233,True,,False,159580535.0,159580535.0,12.8235,13.1783,13.258
Kepler-394,1.0,296.3019792,50.6723115,0.0,0.0,14.757647,True,,False,27777414.0,27777414.0,14.3437,14.77,14.948
Kepler-396,1.0,296.1328135,48.9773095,0.091,10.15999984741211,11.820694,True,,False,27769688.0,27769688.0,11.3523,11.8286,12.259
Kepler-397,1.0,295.8940373,42.3805156,0.505,18.610000610351562,16.313915,True,,False,271963778.0,271963778.0,15.7408,16.3169,16.357
Kepler-398,1.0,291.4688524,40.3437001,0.0,0.0,13.222908,True,,False,137155210.0,137155210.0,12.5199,13.2351,13.499
Kepler-399,1.0,299.5017242,40.6707669,0.963,337.70001220703125,14.538995,True,,False,172373693.0,172373693.0,13.9919,14.5277,14.686
Kepler-4,1.0,285.6154492,50.1357712,0.08,9.565999984741211,12.152249,True,,False,350814622.0,350814622.0,11.7266,12.1577,12.285
Kepler-40,1.0,296.8136883,47.5265446,0.0,0.0,14.547202,True,,False,272840455.0,272840455.0,14.1348,14.5591,14.657
Kepler-400,1.0,290.9444679,40.4800528,4.1,9515.0,14.245535,True,,False,122707140.0,122707140.0,13.4029,13.8395,13.762
Kepler-401,1.0,290.0827494,50.8634361,0.0,2.1449999776054253e-15,13.275365,True,,False,267746315.0,267746315.0,12.883,13.2865,13.366
Kepler-402,1.0,288.3701976,43.3546109,0.0,0.0,13.178663,True,,False,158725491.0,158725491.0,12.8187,13.1917,13.27
Kepler-403,1.0,289.9214256,46.7445267,0.07,6.011000156402588,12.751776,True,,False,159174926.0,159174926.0,12.3684,12.7598,12.818
Kepler-404,1.0,286.3985796,45.3435241,0.0,0.0,15.179144,True,,False,158268972.0,158268972.0,14.6698,15.1906,15.479
Kepler-405,1.0,291.4094615,38.3400107,0.0,0.0,15.790377,True,,False,137150544.0,137150544.0,15.285,15.8023,16.181
Kepler-406,1.0,291.8481764,44.9682807,0.037,1.7719999551773071,12.481941,True,,False,63066101.0,63066101.0,12.011,12.4897,12.603
Kepler-407,1.0,286.0363025,49.6145027,0.048,3.062999963760376,12.500762,True,,False,405688133.0,405688133.0,12.0108,12.5074,12.603
Kepler-408,1.0,284.7862158,48.4232622,0.071,5.186999797821045,8.707934,True,,False,48450369.0,48450369.0,8.327,8.6992,8.834
Kepler-409,1.0,293.6792058,46.8527337,0.066,6.0929999351501465,9.398465,True,,False,270619260.0,270619260.0,8.8932,9.39109,9.636
Kepler-41,1.0,294.5132465,45.9816453,0.0,0.0,14.400932,True,,False,271042217.0,271042217.0,13.9174,14.413,14.509
Kepler-410_A,1.0,283.1510448,45.1400838,0.075,7.364999771118164,9.383464,True,,False,1716744881.0,1716744881.0,11.8756,12.3056,
Kepler-411,1.0,287.6057027,49.5233937,0.048,3.734999895095825,12.226437,True,,False,399954349.0,399954349.0,11.6052,12.2327,12.448
Kepler-412,1.0,286.1103053,43.6809612,0.0,0.0,14.235935,True,,False,158170594.0,158170594.0,13.8046,14.2486,14.399
Kepler-413,1.0,288.5106679,51.1624235,0.0,0.0,15.582856,True,,False,298969838.0,298969838.0,14.965,15.5943,15.885
Kepler-414,1.0,297.9615616,48.2443363,0.0,0.0,13.306885,True,,False,28357724.0,28357724.0,12.8076,13.321,13.378
Kepler-415,1.0,293.8045041,38.6390517,0.0,0.0,15.827879,True,,False,138365520.0,138365520.0,15.1006,15.841,16.142
Kepler-416,1.0,291.5569554,39.2272923,0.0,0.0,14.00832,True,,False,137217372.0,137217372.0,13.544,14.0197,14.166
Kepler-417,1.0,293.8241813,42.779648,0.118,1.6319999694824219,15.854907,True,,False,270705374.0,270705374.0,15.2803,15.8658,15.864
Kepler-418,1.0,294.4335228,38.3554729,0.0,0.0,14.636443,True,,False,377871791.0,377871791.0,14.1766,14.649,14.824
Kepler-419,1.0,295.4179125,51.1847629,0.1,10.890000343322754,12.952629,True,,False,27454084.0,27454084.0,12.6087,12.9642,13.089
Kepler-42,1.0,292.2196,44.6173667,0.063,1.0490000247955322,14.969373,True,,False,1882552364.0,1882552364.0,17.8325,18.4629,18.7521
Kepler-421,1.0,283.2568116,45.0876823,0.14,17.40999984741211,13.337541,True,,False,164522394.0,164522394.0,12.8243,13.3477,13.611
Kepler-422,1.0,282.6296334,46.3232807,0.0,0.0,13.411342,True,,False,123495874.0,123495874.0,12.9934,13.4233,13.524
Kepler-423,1.0,292.8557189,46.3911883,0.0,0.0,14.26866,True,,False,63452790.0,63452790.0,13.814,14.28,14.462
Kepler-424,1.0,298.6249797,48.57745,0.0,0.0,14.216316,True,,False,264508014.0,264508014.0,13.692,14.229,14.429
Kepler-425,1.0,290.3579781,40.5676965,0.0,0.0,14.718189,True,,False,122441491.0,122441491.0,14.148,14.7301,14.845
Kepler-426,1.0,289.4346668,49.473455,0.0,0.0,14.795867,True,,False,299220166.0,299220166.0,14.3258,14.8069,15.032
Kepler-427,1.0,288.2545808,43.7048379,0.0,0.0,14.184445,True,,False,158668572.0,158668572.0,13.756,14.1964,14.301
Kepler-428,1.0,290.5817432,40.5773106,0.066,0.9470999836921692,15.209218,True,,False,122596693.0,122596693.0,14.6147,15.2218,15.362
Kepler-43,1.0,285.2408288,46.6682411,0.0,0.0,13.876887,True,,False,164892194.0,164892194.0,13.4633,13.8894,13.986
Kepler-430,1.0,292.8085984,49.5794242,0.0,0.0,13.801837,True,,False,26748113.0,26748113.0,13.3844,13.8135,13.908
Kepler-431,1.0,281.1123072,43.2277663,0.065,7.236999988555908,11.922925,True,,False,123231081.0,123231081.0,11.5319,11.9291,12.139
Kepler-432,1.0,293.2822344,48.2859173,0.051,3.6989998817443848,12.177113,True,,False,26817004.0,26817004.0,11.5815,12.1822,12.398
Kepler-433,1.0,297.5936232,40.9772546,0.0,0.0,14.406202,True,,False,169556484.0,169556484.0,13.9271,14.4163,14.717
Kepler-434,1.0,293.5863887,42.9288624,0.0,2.2539999889063713e-15,14.487985,True,,False,270611401.0,270611401.0,14.0418,14.4999,14.49
Kepler-435,1.0,292.2873012,43.1972542,0.0,0.0,13.591482,True,,False,63211674.0,63211674.0,13.1981,13.604,13.704
Kepler-437,1.0,297.3473326,44.0269249,27.813,245700.0,14.58857,True,,False,273138666.0,273138666.0,13.6363,14.3622,14.628
Kepler-438,1.0,281.6457236,41.9510686,1.056,403.8999938964844,14.496295,True,,False,336266673.0,336266673.0,13.4386,14.4852,15.104
Kepler-439,1.0,280.8015188,44.0339733,0.0,0.0,14.533859,True,,False,123202589.0,123202589.0,14.0429,14.5454,14.654
Kepler-44,1.0,300.1023512,45.7621918,0.0,0.0,14.677679,True,,False,239277658.0,239277658.0,14.1223,14.6901,14.803
Kepler-440,1.0,285.3500664,41.4523695,0.0,0.0,15.091183,True,,False,120495880.0,120495880.0,14.149,15.1058,15.637
Kepler-441,1.0,284.566954,49.0127077,0.064,0.9513000249862671,15.118451,True,,False,267667567.0,267667567.0,14.2421,15.135,15.567
Kepler-442,1.0,285.3666029,39.2800704,0.0,0.0,14.916801,True,,False,120499135.0,120499135.0,14.2328,14.9304,15.322
Kepler-443,1.0,288.6104839,49.9685458,0.0,0.0,15.886535,True,,False,299030246.0,299030246.0,15.2453,15.9005,16.207
Kepler-444,1.0,289.7528323,41.631884,0.093,9.659000396728516,8.654593,True,,False,,,,,
Kepler-445,1.0,298.7363395,46.4991236,0.0,0.0,16.684862,True,,False,268060194.0,268060194.0,15.3315,16.7157,18.19
Kepler-446,1.0,282.2501047,44.921002,0.0,0.0,16.286032,True,,False,123417850.0,123417850.0,15.0772,16.3101,17.5041
Kepler-447,1.0,285.2685283,48.5598835,0.065,5.5289998054504395,12.374661,True,,False,48506505.0,48506505.0,11.8933,12.3795,12.52
Kepler-449,1.0,293.732787,41.9006366,42.277,1633000.0,11.46549,True,,False,270779644.0,270779644.0,10.7691,11.2263,11.448
Kepler-45,1.0,292.8729292,41.0641727,0.0,2.1669999643444612e-15,15.964754,True,,False,137899948.0,137899948.0,14.9826,15.9804,16.744
Kepler-450,1.0,295.4865821,51.0135237,0.168,42.41999816894531,11.653711,True,,False,27534138.0,27534138.0,11.2877,11.6525,11.991
Kepler-452,1.0,296.003752,44.2775861,0.0,0.0,13.392909,True,,False,272174474.0,272174474.0,12.9154,13.4048,13.54
Kepler-453,1.0,283.2413322,46.3784691,0.0,0.0,13.514039,True,,False,164457525.0,164457525.0,13.0334,13.5227,13.672
Kepler-454,1.0,287.4786474,38.2290751,0.085,12.279999732971191,11.436429,True,,False,121276638.0,121276638.0,10.9751,11.4395,11.567
Kepler-46,1.0,289.2687388,42.6041819,0.0,2.218999952251113e-15,15.241762,True,,False,158992508.0,158992508.0,14.6801,15.2548,15.312
Kepler-461,1.0,292.2490563,46.1647909,0.0,0.0,13.321568,True,,False,63206513.0,63206513.0,12.8947,13.3335,13.457
Kepler-462,1.0,299.8211502,43.8142793,0.099,12.800000190734863,11.607717,True,,False,269263577.0,269263577.0,11.3816,11.6145,11.632
Kepler-463,1.0,298.9368228,44.8578644,0.068,5.60699987411499,12.852747,True,,False,268481319.0,268481319.0,12.3639,12.86,12.999
Kepler-464,1.0,294.8351052,48.9823204,0.071,6.297999858856201,12.664148,True,,False,27239696.0,27239696.0,12.2445,12.6717,12.75
Kepler-465,1.0,284.5557853,46.0638865,0.087,9.279000282287598,12.584122,True,,False,164725204.0,164725204.0,12.2404,12.5914,12.651
Kepler-466,1.0,295.6486585,48.4955191,1.72,3360.0,12.762631,True,,False,27644083.0,27644083.0,12.3357,12.7632,12.799
Kepler-467,1.0,287.3629145,38.6497341,0.045,3.0959999561309814,12.351975,True,,False,121214078.0,121214078.0,11.9138,12.359,12.428
Kepler-468,1.0,288.9022829,49.3704079,0.0,0.0,13.716863,True,,False,299087490.0,299087490.0,13.2147,13.7299,13.852
Kepler-47,1.0,295.2978883,46.9204303,0.0,0.0,15.150087,True,,False,271548206.0,271548206.0,14.6715,15.1626,15.31
Kepler-471,1.0,299.0975167,43.4975851,0.0,0.0,13.777428,True,,False,268604331.0,268604331.0,13.3926,13.7887,13.767
Kepler-472,1.0,296.5245187,39.2498503,0.0,0.0,13.657266,True,,False,184554925.0,184554925.0,13.0169,13.6698,13.898
Kepler-473,1.0,286.6300796,38.9455907,0.0,0.0,13.357699,True,,False,120961632.0,120961632.0,12.8651,13.3691,13.548
Kepler-474,1.0,292.3215174,43.8811723,0.0,0.0,13.457207,True,,False,63210391.0,63210391.0,13.0027,13.4689,13.629
Kepler-475,1.0,287.051694,40.2114232,0.0,0.0,13.304106,True,,False,121108727.0,121108727.0,12.6882,13.3163,13.512
Kepler-476,1.0,295.1637592,43.9630716,79.926,2260000.0,14.27158,True,,False,271430806.0,271430806.0,13.3748,13.8596,14.018
Kepler-477,1.0,288.067445,42.355305,0.184,17.329999923706055,14.114961,True,,False,158633329.0,158633329.0,13.5606,14.107,13.835
Kepler-479,1.0,291.0218899,37.7698734,0.0,0.0,13.532416,True,,False,122682249.0,122682249.0,13.006,13.544,13.724
Kepler-48,1.0,299.1393094,40.948939,0.0,0.0,13.064858,True,,False,171882123.0,171882123.0,12.5074,13.0772,13.174
Kepler-480,1.0,294.4639165,49.7650473,0.0,0.0,13.199171,True,,False,27187218.0,27187218.0,12.8474,13.2113,13.23
Kepler-481,1.0,291.9069862,49.262076,0.028,0.49869999289512634,13.803478,True,,False,26541093.0,26541093.0,13.3592,13.8151,14.054
Kepler-482,1.0,296.8229326,48.1077628,0.282,49.11000061035156,13.758179,True,,False,27987264.0,27987264.0,13.1287,13.7621,14.049
Kepler-483,1.0,291.6467764,41.8846843,0.0,0.0,13.37611,True,,False,137342400.0,137342400.0,13.0296,13.3892,13.452
Kepler-484,1.0,284.3942844,46.2491109,0.121,13.170000076293945,12.986699,True,,False,164721759.0,164721759.0,12.5319,13.0002,13.077
Kepler-485,1.0,294.9963415,50.4700458,0.0,0.0,14.885454,True,,False,27318774.0,27318774.0,14.4394,14.8981,15.069
Kepler-487,1.0,295.2872318,41.2220033,0.0,0.0,15.052241,True,,False,139158696.0,139158696.0,14.5293,15.0647,14.882
Kepler-489,1.0,290.8332412,38.1841851,0.0,0.0,14.005447,True,,False,122607554.0,122607554.0,13.4122,14.0178,14.221
Kepler-49,1.0,292.2945208,40.5918123,0.0,0.0,15.214481,True,,False,137555411.0,137555411.0,14.3807,15.2293,15.655
Kepler-490,1.0,295.025662,46.9559536,0.0,0.0,14.804554,True,,False,271424111.0,271424111.0,14.3999,14.8173,14.843
Kepler-491,1.0,287.1305782,42.3501533,0.0,0.0,13.949793,True,,False,158388163.0,158388163.0,13.4584,13.9616,14.178
Kepler-493,1.0,295.3075252,38.8815716,0.0,2.014999901959677e-15,15.022889,True,,False,139104940.0,139104940.0,14.5855,15.0352,15.268
Kepler-495,1.0,285.9307362,39.0981201,0.058,1.3799999952316284,14.595599,True,,False,120692092.0,120692092.0,14.0672,14.6074,14.942
Kepler-496,1.0,291.6408978,41.2411044,0.0,0.0,14.784061,True,,False,137341066.0,137341066.0,14.2348,14.796,15.106
Kepler-499,1.0,295.1099549,43.9151012,0.0,0.0,14.336696,True,,False,271430916.0,271430916.0,13.7629,14.349,14.63
Kepler-5,1.0,299.4070341,44.0350387,0.0,0.0,13.215354,True,,False,268823307.0,268823307.0,12.7655,13.2263,13.325
Kepler-50,1.0,288.1009312,50.0336844,0.138,22.959999084472656,10.364246,True,,False,298896336.0,298896336.0,9.9997,10.3621,10.544
Kepler-500,1.0,295.9513472,43.8519884,0.0,0.0,14.16243,True,,False,271968263.0,271968263.0,13.687,14.1736,14.324
Kepler-501,1.0,297.2014919,41.7301534,0.0,0.0,14.718628,True,,False,169176340.0,169176340.0,14.2669,14.7303,14.886
Kepler-502,1.0,291.080133,43.8601911,0.0,0.0,14.960216,True,,False,159578156.0,159578156.0,14.5325,14.9719,15.136
Kepler-504,1.0,284.9219608,45.9723265,0.08,2.746999979019165,14.439882,True,,False,164832454.0,164832454.0,13.3579,14.4582,15.143
Kepler-505,1.0,287.857953,42.5426758,0.0,0.0,15.098384,True,,False,158631520.0,158631520.0,14.1451,15.115,15.607
Kepler-506,1.0,284.6351885,40.7198296,0.086,11.149999618530273,10.784694,True,,False,120317234.0,120317234.0,10.4081,10.7836,11.094
Kepler-507,1.0,297.0188074,50.409046,0.027,1.2419999837875366,11.916498,True,,False,27992970.0,27992970.0,11.53,11.9224,12.197
Kepler-508,1.0,295.4042546,42.9812789,0.102,14.930000305175781,11.599267,True,,False,271671025.0,271671025.0,11.223,11.6039,11.592
Kepler-509,1.0,289.664394,48.706165,0.065,5.626999855041504,11.778071,True,,False,416283848.0,416283848.0,11.3785,11.7836,11.848
Kepler-51,1.0,296.4797624,49.9376486,0.0,0.0,14.666415,True,,False,27846348.0,27846348.0,14.2045,14.6777,14.885
Kepler-510,1.0,287.6550196,39.2441716,0.026,1.2020000219345093,11.915645,True,,False,121327187.0,121327187.0,11.4794,11.9222,12.067
Kepler-511,1.0,282.9455384,47.5749181,0.061,4.808000087738037,12.576604,True,,False,164456037.0,164456037.0,12.1603,12.5832,12.711
Kepler-512,1.0,298.2689217,48.9167391,0.035,1.5820000171661377,12.605828,True,,False,28448711.0,28448711.0,12.2049,12.6135,12.728
Kepler-513,1.0,285.0416235,50.0753913,0.036,1.3700000047683716,12.873178,True,,False,48503953.0,48503953.0,12.4539,12.8822,13.019
Kepler-514,1.0,286.2471739,50.2423694,0.18,47.720001220703125,12.127599,True,,False,405717552.0,405717552.0,11.7537,12.1325,12.273
Kepler-515,1.0,290.493913,52.055611,0.0,0.0,13.207541,True,,False,1883593528.0,1883593528.0,13.3687,13.7987,
Kepler-516,1.0,295.6087625,38.7357368,0.058,4.801000118255615,11.956058,True,,False,184085929.0,184085929.0,11.6516,11.9642,12.121
Kepler-517,1.0,293.6755138,41.2952061,0.041,2.4539999961853027,12.12203,True,,False,138297129.0,138297129.0,11.6682,12.1297,12.372
Kepler-518,1.0,287.090019,41.3737576,0.045,2.5380001068115234,12.501771,True,,False,121112251.0,121112251.0,12.0833,12.5097,12.573
Kepler-519,1.0,299.3196708,41.3847447,0.023,0.6528000235557556,12.60726,True,,False,171971913.0,171971913.0,12.0699,12.6181,12.77
Kepler-52,1.0,286.7380152,49.9757383,0.0,0.0,15.040696,True,,False,399825554.0,399825554.0,14.2572,15.0589,15.513
Kepler-520,1.0,293.1802903,41.6177408,1.284,1991.0,12.756987,True,,False,138097531.0,138097531.0,12.3616,12.7602,12.798
Kepler-521,1.0,298.8163801,43.9980203,0.116,14.4399995803833,12.881743,True,,False,268302011.0,268302011.0,12.5083,12.8908,12.94
Kepler-522,1.0,288.153973,44.0688154,0.063,5.96999979019165,12.137914,True,,False,158657354.0,158657354.0,11.7942,12.1457,12.22
Kepler-523,1.0,284.0611224,45.5068127,0.02,0.5378999710083008,12.473321,True,,False,164654277.0,164654277.0,11.9782,12.481,12.588
Kepler-524,1.0,296.8591787,49.1620125,0.0,0.0,13.875027,True,,False,27914389.0,27914389.0,13.4203,13.8868,14.082
Kepler-525,1.0,296.1834239,47.3587776,0.0,0.0,13.478481,True,,False,272279290.0,272279290.0,12.9835,13.4906,13.613
Kepler-526,1.0,297.6509281,47.3962246,0.135,17.420000076293945,13.02766,True,,False,273377282.0,273377282.0,12.5619,13.0384,13.194
Kepler-527,1.0,290.957913,47.4062673,0.0,0.0,13.321084,True,,False,159642269.0,159642269.0,12.9637,13.334,13.471
Kepler-528,1.0,295.6848595,47.7480914,0.0,0.0,13.891397,True,,False,271877680.0,271877680.0,13.4465,13.9033,14.064
Kepler-529,1.0,285.8884067,47.880364,3.335,7535.0,13.781673,True,,False,158108219.0,158108219.0,13.3433,13.7399,13.779
Kepler-53,1.0,290.4617926,40.5624966,0.0,0.0,15.376224,True,,False,122446315.0,122446315.0,14.911,15.3877,15.367
Kepler-530,1.0,283.3402948,48.549062,0.0,0.0,13.383006,True,,False,48305629.0,48305629.0,12.9454,13.3949,13.502
Kepler-531,1.0,286.5246582,48.6835481,0.0,0.0,13.278819,True,,False,243272677.0,243272677.0,12.6696,13.2923,13.566
Kepler-532,1.0,298.6609094,48.6063022,0.0,0.0,13.493311,True,,False,264507945.0,264507945.0,12.9171,13.5036,13.74
Kepler-533,1.0,293.6856893,48.8249915,0.0,0.0,13.911623,True,,False,26962715.0,26962715.0,13.2635,13.9246,14.128
Kepler-534,1.0,296.4185696,49.540148,0.403,150.0,13.223702,True,,False,27847148.0,27847148.0,12.7883,13.231,13.387
Kepler-535,1.0,296.5666587,49.6961742,0.0,0.0,13.106845,True,,False,351192037.0,351192037.0,12.717,13.1197,13.209
Kepler-536,1.0,297.7363605,49.637101,0.417,104.19999694824219,13.801281,True,,False,28234096.0,28234096.0,13.2255,13.7823,14.032
Kepler-537,1.0,289.8805804,51.2769907,0.0,0.0,13.0523,True,,False,267673013.0,267673013.0,12.6092,13.0657,13.173
Kepler-538,1.0,297.4865503,49.6233975,0.094,13.140000343322754,11.164304,True,,False,28227113.0,28227113.0,10.6927,11.1647,11.27
Kepler-539,1.0,299.1224639,41.8667953,0.035,1.4520000219345093,12.3719,True,,False,171510762.0,171510762.0,11.9223,12.379,12.444
Kepler-54,1.0,294.7739245,43.0561976,0.0,0.0,15.79476,True,,False,271262203.0,271262203.0,14.7983,15.8133,16.282
Kepler-540,1.0,290.6249953,44.8737757,0.069,6.3520002365112305,12.179932,True,,False,159452015.0,159452015.0,11.7669,12.1868,12.293
Kepler-541,1.0,294.1496529,38.458207,0.0,0.0,13.216793,True,,False,138569175.0,138569175.0,12.763,13.228,13.383
Kepler-542,1.0,292.2149697,38.5485469,0.016,0.21649999916553497,13.405044,True,,False,137484431.0,137484431.0,12.9159,13.4161,13.606
Kepler-543,1.0,287.2187273,38.8625366,0.2,34.939998626708984,13.364111,True,,False,121123361.0,121123361.0,12.7023,13.3744,13.598
Kepler-544,1.0,294.0290734,39.0517893,0.0,0.0,13.529684,True,,False,138571095.0,138571095.0,13.1515,13.5408,13.667
Kepler-546,1.0,283.257573,40.9904095,0.0,3.923000060923349e-15,14.239277,True,,False,237158650.0,237158650.0,13.7592,14.251,14.325
Kepler-547,1.0,286.1185888,44.3452063,0.129,7.553999900817871,14.199446,True,,False,158171456.0,158171456.0,13.5605,14.207,14.48
Kepler-548,1.0,299.9059167,45.4396103,0.0,2.0670001016245658e-15,14.972723,True,,False,269269546.0,269269546.0,14.3945,14.9844,15.266
Kepler-549,1.0,283.0228527,47.2611431,0.029,0.30000001192092896,14.610095,True,,False,164455792.0,164455792.0,14.079,14.6226,14.805
Kepler-55,1.0,285.1683291,44.0264898,0.023,0.07506000250577927,15.765948,True,,False,164884002.0,164884002.0,15.0506,15.7813,15.746
Kepler-550,1.0,297.7001786,47.8637046,0.0,0.0,14.458981,True,,False,273376082.0,273376082.0,13.8959,14.4716,14.626
Kepler-551,1.0,285.485045,48.0543774,0.071,1.409000039100647,14.845343,True,,False,350812580.0,350812580.0,14.079,14.8603,15.278
Kepler-552,1.0,290.7476903,48.2419838,0.0,0.0,14.250407,True,,False,417659456.0,417659456.0,13.8102,14.2624,14.476
Kepler-553,1.0,298.5508922,48.3325405,0.0,0.0,14.943953,True,,False,264508613.0,264508613.0,14.3804,14.9567,15.034
Kepler-554,1.0,296.4068982,51.3581938,0.044,0.9289000034332275,14.283514,True,,False,27843707.0,27843707.0,13.7737,14.2961,14.49
Kepler-555,1.0,285.516872,38.9324587,0.111,6.585999965667725,14.155281,True,,False,120572779.0,120572779.0,13.6994,14.161,14.448
Kepler-557,1.0,293.7084179,41.6151084,0.106,3.4539999961853027,14.627853,True,,False,138222081.0,138222081.0,14.1835,14.6387,14.723
Kepler-558,1.0,284.6579709,42.6526751,0.071,1.3899999856948853,14.946954,True,,False,164730843.0,164730843.0,14.3911,14.9538,14.899
Kepler-559,1.0,296.6368878,43.8027948,0.053,0.8988000154495239,14.729691,True,,False,272488625.0,272488625.0,14.1893,14.7424,14.863
Kepler-56,1.0,293.7583002,41.871807,0.067,4.910999774932861,12.421128,True,,False,138430034.0,138430034.0,11.7846,12.4298,12.598
Kepler-560,1.0,300.2066441,45.0182402,0.03,0.2872999906539917,14.72944,True,,False,239275865.0,239275865.0,13.6349,14.7511,15.66
Kepler-561,1.0,293.7471107,45.1071981,0.0,0.0,14.319099,True,,False,270700432.0,270700432.0,13.799,14.3316,14.427
Kepler-562,1.0,290.1196007,46.2737393,0.024,0.18459999561309814,14.731462,True,,False,159301821.0,159301821.0,14.2584,14.7427,14.908
Kepler-564,1.0,296.8383661,46.6263912,0.036,0.43529999256134033,14.706246,True,,False,272838324.0,272838324.0,14.2115,14.7194,14.883
Kepler-566,1.0,291.5544735,47.8144362,0.0,0.0,14.953157,True,,False,159727092.0,159727092.0,14.3762,14.9644,15.217
Kepler-567,1.0,297.6726072,48.3023458,0.0,0.0,14.654159,True,,False,28231454.0,28231454.0,14.0663,14.6694,14.827
Kepler-568,1.0,298.1061315,48.4016448,0.0,0.0,14.23551,True,,False,28361088.0,28361088.0,13.1731,14.2513,15.216
Kepler-569,1.0,283.507219,48.552633,0.0,2.1270001039597978e-15,14.070036,True,,False,48353203.0,48353203.0,13.6128,14.0822,14.244
Kepler-57,1.0,293.6413146,44.6570692,0.0,0.0,14.761509,True,,False,270615136.0,270615136.0,14.2169,14.7738,15.017
Kepler-570,1.0,290.4376111,48.7918597,0.064,1.7669999599456787,14.318037,True,,False,407001624.0,407001624.0,13.7977,14.3288,14.451
Kepler-571,1.0,286.5510448,49.418731,0.0,0.0,14.642073,True,,False,243271972.0,243271972.0,14.1499,14.6536,14.951
Kepler-572,1.0,291.221172,50.5813487,0.054,1.156999945640564,14.473998,True,,False,350738817.0,350738817.0,13.92,14.4853,14.679
Kepler-573,1.0,289.5211955,51.2374057,0.0,0.0,14.123691,True,,False,416266820.0,416266820.0,13.6918,14.1359,14.292
Kepler-574,1.0,290.2470519,52.1491051,0.0,4.2139999240184585e-15,14.526967,True,,False,406952542.0,406952542.0,14.0321,14.5392,14.671
Kepler-575,1.0,286.9638856,37.8296147,0.045,0.7373999953269958,14.700769,True,,False,121022533.0,121022533.0,14.2092,14.7124,14.864
Kepler-576,1.0,295.1828896,38.6542028,0.0,0.0,14.370029,True,,False,139036554.0,139036554.0,13.8305,14.382,14.627
Kepler-577,1.0,294.7119855,39.0737317,0.056,0.8791000247001648,14.924271,True,,False,378085037.0,378085037.0,14.3274,14.9368,15.155
Kepler-578,1.0,288.7549882,39.563696,0.061,1.6299999952316284,14.399216,True,,False,121734474.0,121734474.0,13.8543,14.4107,14.578
Kepler-579,1.0,295.0020771,39.9528613,0.0,0.0,14.234812,True,,False,138959504.0,138959504.0,13.7392,14.2462,14.552
Kepler-58,1.0,296.3586251,39.1152033,0.0,0.0,14.855532,True,,False,184471242.0,184471242.0,14.3672,14.8663,15.086
Kepler-580,1.0,283.4997537,40.5528053,0.0,0.0,14.936947,True,,False,237188565.0,237188565.0,14.176,14.9505,15.308
Kepler-581,1.0,295.4326552,40.6481874,0.0,0.0,14.518122,True,,False,184009313.0,184009313.0,14.0394,14.5302,14.701
Kepler-583,1.0,282.1113206,42.3545514,0.0,0.0,14.78641,True,,False,123415040.0,123415040.0,14.2619,14.7985,14.883
Kepler-584,1.0,288.230615,42.4136181,0.0,0.0,14.80189,True,,False,158722119.0,158722119.0,14.4153,14.8141,14.973
Kepler-585,1.0,286.5284924,43.8733751,0.0,2.0279999518758992e-15,14.004912,True,,False,158276273.0,158276273.0,13.5146,14.0171,14.188
Kepler-586,1.0,293.0571982,45.5511266,0.049,1.0130000114440918,14.399991,True,,False,275490218.0,275490218.0,13.8838,14.4125,14.435
Kepler-587,1.0,288.6706571,47.3991249,0.011,0.03799000009894371,14.853426,True,,False,158838923.0,158838923.0,14.3654,14.8658,15.011
Kepler-588,1.0,284.2572531,47.6889081,0.026,0.2305999994277954,14.668258,True,,False,164723136.0,164723136.0,14.2203,14.6813,14.8
Kepler-589,1.0,280.6414331,47.7520581,0.034,0.4081000089645386,14.649373,True,,False,123129910.0,123129910.0,14.1144,14.6611,14.775
Kepler-59,1.0,287.0394932,46.6401677,0.0,0.0,14.266627,True,,False,158393923.0,158393923.0,13.8637,14.2786,14.467
Kepler-591,1.0,286.024052,48.431729,0.0,0.0,14.449653,True,,False,405686888.0,405686888.0,13.9799,14.4607,14.628
Kepler-592,1.0,285.7907395,48.6832431,0.019,0.12680000066757202,14.614579,True,,False,377782184.0,377782184.0,14.195,14.6275,14.846
Kepler-593,1.0,294.9513923,48.6511709,0.0,0.0,14.487316,True,,False,27391836.0,27391836.0,14.0601,14.4995,14.622
Kepler-594,1.0,288.9217259,49.7620237,0.0,0.0,14.744537,True,,False,299087968.0,299087968.0,14.2374,14.7563,14.906
Kepler-595,1.0,294.5703593,50.6730147,0.0,0.0,14.749883,True,,False,27231753.0,27231753.0,14.1787,14.7628,15.067
Kepler-596,1.0,289.5006797,51.6857106,0.0,0.0,14.001814,True,,False,416267321.0,416267321.0,13.6123,14.0136,14.128
Kepler-597,1.0,293.4700919,39.2528182,0.0,0.0,14.006816,True,,False,138214174.0,138214174.0,13.5488,14.0185,14.12
Kepler-598,1.0,293.1234493,40.9348005,0.0,0.0,14.708314,True,,False,137969066.0,137969066.0,14.1814,14.7207,14.829
Kepler-599,1.0,285.9115968,41.0695091,0.0,0.0,14.935551,True,,False,120686620.0,120686620.0,14.3527,14.9483,15.067
Kepler-6,1.0,296.8372475,48.2399695,0.0,0.0,13.158453,True,,False,27916356.0,27916356.0,12.6877,13.1714,13.286
Kepler-60,1.0,288.9612535,42.2650472,0.0,0.0,13.90133,True,,False,158923465.0,158923465.0,13.4729,13.9132,13.95
Kepler-600,1.0,283.8330588,41.9786358,0.0,0.0,14.687096,True,,False,164646661.0,164646661.0,14.1425,14.701,14.846
Kepler-601,1.0,282.0046852,42.1764657,0.0,0.0,13.98957,True,,False,351801933.0,351801933.0,13.4432,14.0013,14.151
Kepler-602,1.0,296.0318985,42.1418634,0.0,0.0,14.466299,True,,False,272180918.0,272180918.0,14.0042,14.4779,14.72
Kepler-603,1.0,294.2809679,42.2909295,0.369,44.27000045776367,14.808044,True,,False,270948636.0,270948636.0,14.3224,14.8159,14.969
Kepler-604,1.0,292.3159795,42.6262429,0.0,0.0,14.666943,True,,False,63212809.0,63212809.0,14.209,14.6798,14.791
Kepler-605,1.0,287.2954015,43.2798677,0.0,0.0,14.12361,True,,False,158423850.0,158423850.0,13.6145,14.1363,14.376
Kepler-606,1.0,292.42737,44.3812406,0.0,0.0,14.652003,True,,False,63286249.0,63286249.0,14.2132,14.6644,14.895
Kepler-607,1.0,291.0571451,44.632306,0.0,0.0,14.362103,True,,False,159579593.0,159579593.0,13.7946,14.3746,14.672
Kepler-608,1.0,293.882901,44.6380717,0.0,0.0,14.645176,True,,False,270786157.0,270786157.0,14.1824,14.657,14.84
Kepler-609,1.0,292.2203009,44.6999902,0.0,2.2159999733101753e-15,14.791926,True,,False,63126989.0,63126989.0,14.3219,14.8041,14.96
Kepler-61,1.0,295.3044942,42.4753193,0.445,50.529998779296875,15.037025,True,,False,271537530.0,271537530.0,14.2406,15.0426,15.277
Kepler-610,1.0,293.1713241,45.0655934,0.0,0.0,14.759118,True,,False,275491028.0,275491028.0,14.2686,14.7698,14.816
Kepler-611,1.0,286.0049121,45.4803043,0.0,0.0,14.55937,True,,False,158113449.0,158113449.0,14.1011,14.5717,14.734
Kepler-613,1.0,282.7868415,46.2449846,0.031,0.3637999892234802,14.577627,True,,False,164407908.0,164407908.0,14.117,14.5892,14.795
Kepler-614,1.0,298.3848866,46.2759867,0.0,0.0,14.532136,True,,False,274017990.0,274017990.0,13.9703,14.5441,14.81
Kepler-615,1.0,282.4506927,46.3213671,4.237,7127.0,14.459087,True,,False,123492903.0,123492903.0,13.6731,14.3489,14.623
Kepler-616,1.0,294.989137,46.8383058,0.0,0.0,14.936372,True,,False,271355361.0,271355361.0,14.4617,14.9475,15.021
Kepler-617,1.0,283.7407247,47.5161237,0.0,0.0,14.808847,True,,False,164557035.0,164557035.0,13.776,14.8277,15.549
Kepler-618,1.0,286.2498525,48.0609256,0.0,0.0,14.791927,True,,False,405719849.0,405719849.0,14.3459,14.8038,15.087
Kepler-619,1.0,290.8490899,48.4159782,0.0,0.0,14.658643,True,,False,417659212.0,417659212.0,14.211,14.6704,14.84
Kepler-62,1.0,283.2125621,45.3496992,0.0,0.0,13.708515,True,,False,164458488.0,164458488.0,13.1285,13.7197,13.965
Kepler-620,1.0,291.1593939,51.3348228,0.062,1.399999976158142,14.630363,True,,False,350737935.0,350737935.0,14.21,14.6381,14.844
Kepler-621,1.0,290.927245,39.9141166,1.443,580.2000122070312,14.914197,True,,False,122706051.0,122706051.0,14.1636,14.8956,15.22
Kepler-622,1.0,284.4784454,40.9331723,0.056,1.1369999647140503,14.639585,True,,False,120254625.0,120254625.0,13.8419,14.6521,15.052
Kepler-623,1.0,296.9867284,47.4773531,0.005,0.006258000154048204,14.951609,True,,False,272842291.0,272842291.0,14.4287,14.9634,15.028
Kepler-624,1.0,295.1933631,39.5396946,0.0,0.0,13.444978,True,,False,138972811.0,138972811.0,13.0604,13.4569,13.637
Kepler-625,1.0,292.1504723,39.6375254,0.0,0.0,13.252274,True,,False,137414304.0,137414304.0,12.8255,13.2641,13.395
Kepler-626,1.0,288.6986828,39.7082044,0.0,0.0,13.932477,True,,False,121734202.0,121734202.0,13.4832,13.9435,14.086
Kepler-627,1.0,292.1042198,39.7678585,0.0,0.0,13.936728,True,,False,137413972.0,137413972.0,13.5261,13.949,14.181
Kepler-629,1.0,289.4179128,39.9450757,0.0,0.0,13.346602,True,,False,122063843.0,122063843.0,12.8312,13.358,13.481
Kepler-63,1.0,289.2262876,49.5482814,0.069,7.26200008392334,11.535905,True,,False,299158887.0,299158887.0,11.0579,11.5352,12.02
Kepler-630,1.0,293.4270647,39.9423967,0.0,0.0,13.841997,True,,False,138216186.0,138216186.0,13.3733,13.8518,14.001
Kepler-631,1.0,296.885724,40.2281717,0.0,0.0,13.48158,True,,False,168816237.0,168816237.0,13.0869,13.493,13.563
Kepler-632,1.0,297.252613,40.288605,10.089,61820.0,14.012033,True,,False,169181786.0,169181786.0,12.763,,13.442
Kepler-633,1.0,295.2173259,40.5921599,0.0,0.0,13.699747,True,,False,1880511723.0,1880511723.0,13.2546,13.7116,13.8672
Kepler-634,1.0,291.19509,40.7027352,0.011,0.10830000042915344,13.480224,True,,False,137089993.0,137089993.0,13.0982,13.4921,13.626
Kepler-635,1.0,289.7732613,40.8007019,0.0,0.0,13.253903,True,,False,394174221.0,394174221.0,12.8335,13.2638,13.36
Kepler-636,1.0,293.5920614,41.0950891,0.079,3.7049999237060547,13.862024,True,,False,1880800505.0,1880800505.0,13.2677,13.8509,14.1024
Kepler-637,1.0,292.4172566,41.4168384,0.0,0.0,13.317224,True,,False,137626872.0,137626872.0,12.9667,13.3288,13.5
Kepler-638,1.0,284.9194213,41.6172093,0.0,0.0,13.507072,True,,False,120420633.0,120420633.0,12.9774,13.5186,13.658
Kepler-639,1.0,292.1868271,41.726944,0.0,0.0,13.257141,True,,False,137409501.0,137409501.0,12.8379,13.2686,13.358
Kepler-640,1.0,296.0322,42.1317392,0.0,0.0,13.675629,True,,False,272180958.0,272180958.0,13.1964,13.687,13.885
Kepler-641,1.0,291.8235292,42.5161945,0.0,0.0,13.750827,True,,False,63006978.0,63006978.0,13.2772,13.7625,13.807
Kepler-642,1.0,293.8345542,42.624948,0.0,0.0,13.281812,True,,False,270705735.0,270705735.0,12.9234,13.2945,13.335
Kepler-643,1.0,290.3272423,42.8982283,0.0,0.0,13.757101,True,,False,159311390.0,159311390.0,13.1314,13.7694,13.988
Kepler-644,1.0,295.4757022,43.4931119,0.0,0.0,13.948612,True,,False,271669616.0,271669616.0,13.5456,13.9601,14.031
Kepler-645,1.0,290.3227098,44.0358625,0.0,0.0,14.019939,True,,False,159381747.0,159381747.0,13.625,14.0305,13.944
Kepler-646,1.0,290.4714596,44.3870422,0.0,0.0,13.753484,True,,False,159441621.0,159441621.0,13.2692,13.7654,14.026
Kepler-647,1.0,284.7882977,44.5916225,0.0,0.0,13.922611,True,,False,164786172.0,164786172.0,13.5168,13.9345,14.067
Kepler-648,1.0,283.8996207,45.0169137,0.0,0.0,13.903444,True,,False,164560223.0,164560223.0,13.4432,13.9145,14.027
Kepler-649,1.0,285.6558336,45.0794516,0.0,0.0,13.381532,True,,False,352012975.0,352012975.0,12.9759,13.3936,13.556
Kepler-65,1.0,288.6887221,41.1511076,0.081,9.696999549865723,10.966515,True,,False,121731834.0,121731834.0,10.593,10.9656,10.922
Kepler-650,1.0,289.0009451,45.1542968,0.313,26.860000610351562,14.365098,True,,False,158934047.0,158934047.0,13.6809,14.1242,13.825
Kepler-651,1.0,287.3327284,46.2034366,0.0,0.0,13.949829,True,,False,158415898.0,158415898.0,13.4636,13.9621,14.233
Kepler-652,1.0,288.0080899,46.4736108,0.0,0.0,13.423318,True,,False,158660814.0,158660814.0,12.9193,13.4353,13.618
Kepler-653,1.0,282.2130447,46.7177898,0.0,0.0,13.334174,True,,False,123445166.0,123445166.0,12.8615,13.3461,13.498
Kepler-654,1.0,297.0683931,46.8342497,0.0,0.0,13.650322,True,,False,272843763.0,272843763.0,13.1933,13.6614,13.762
Kepler-655,1.0,297.2590664,46.843165,0.0,0.0,13.452205,True,,False,273044848.0,273044848.0,13.0721,13.4641,13.568
Kepler-656,1.0,288.3278778,47.381538,0.0,0.0,15.324007,True,,False,158731243.0,158731243.0,14.7819,15.337,15.549
Kepler-657,1.0,291.1973006,47.3077545,0.0,0.0,15.307049,True,,False,159643991.0,159643991.0,14.8331,15.319,15.404
Kepler-658,1.0,282.983621,47.5783897,0.1,1.6779999732971191,15.477398,True,,False,164456041.0,164456041.0,14.6483,15.491,16.44
Kepler-659,1.0,287.6081777,47.5096893,0.0,0.0,15.552404,True,,False,158489787.0,158489787.0,14.9227,15.5655,15.758
Kepler-660,1.0,288.1382985,47.7245642,0.0,0.0,15.250685,True,,False,158662352.0,158662352.0,14.623,15.2644,15.559
Kepler-661,1.0,283.7107463,47.8631748,0.0,0.0,15.785789,True,,False,164557360.0,164557360.0,15.0532,15.8003,16.016
Kepler-662,1.0,290.4650801,47.9291252,0.224,8.982000350952148,15.364881,True,,False,407002705.0,407002705.0,14.7396,15.3741,15.598
Kepler-663,1.0,297.8082232,47.9466342,0.0,0.0,15.853996,True,,False,273681023.0,273681023.0,15.2715,15.8686,15.881
Kepler-664,1.0,288.7549029,48.226203,0.0,0.0,15.485445,True,,False,299033092.0,299033092.0,15.0105,15.499,15.663
Kepler-665,1.0,297.0255947,48.4785669,0.0,2.3680000356949595e-15,15.388906,True,,False,27988995.0,27988995.0,14.7538,15.4019,15.612
Kepler-666,1.0,298.4568899,48.7915925,0.0,0.0,15.327738,True,,False,267989336.0,267989336.0,14.8573,15.3405,15.422
Kepler-667,1.0,295.5549918,49.0172956,0.0,0.0,15.347815,True,,False,27530621.0,27530621.0,14.7838,15.3616,15.362
Kepler-668,1.0,285.4992845,49.2772713,0.0,0.0,15.279193,True,,False,350813835.0,350813835.0,14.7535,15.2931,15.365
Kepler-669,1.0,291.9361615,49.2539473,0.0,0.0,15.468886,True,,False,26541079.0,26541079.0,15.0118,15.4817,15.742
Kepler-670,1.0,297.0154644,49.2252988,0.0,0.0,15.013418,True,,False,27990610.0,27990610.0,14.4889,15.0268,15.162
Kepler-671,1.0,294.2657519,49.3140933,0.11,2.3440001010894775,15.345541,True,,False,27084006.0,27084006.0,14.844,15.3578,15.491
Kepler-672,1.0,291.7219993,49.4808492,0.017,0.07559999823570251,15.118699,True,,False,26491504.0,26491504.0,14.6473,15.1312,15.513
Kepler-673,1.0,290.7857595,50.0540561,0.0,0.0,15.493571,True,,False,417657148.0,417657148.0,14.9605,15.5056,15.592
Kepler-674,1.0,285.1761864,50.1496897,0.078,1.3919999599456787,15.111789,True,,False,48528770.0,48528770.0,14.3311,15.1272,15.569
Kepler-675,1.0,293.8334488,50.2303479,0.0,0.0,15.320448,True,,False,27006665.0,27006665.0,14.7087,15.3356,15.605
Kepler-676,1.0,296.2220259,50.2873626,0.0,0.0,15.857924,True,,False,27776674.0,27776674.0,14.8109,15.8791,17.15
Kepler-677,1.0,290.0980478,50.3215731,0.082,1.3919999599456787,15.287061,True,,False,267746941.0,267746941.0,14.8143,15.297,15.504
Kepler-678,1.0,295.4552577,50.4945093,0.0,0.0,15.049543,True,,False,27533282.0,27533282.0,14.5168,15.0614,15.161
Kepler-679,1.0,296.0213374,50.5678019,0.12,2.4170000553131104,15.516325,True,,False,27766596.0,27766596.0,14.989,15.5291,15.771
Kepler-68,1.0,291.0323102,49.0402129,0.072,7.35699987411499,9.938094,True,,False,417676622.0,417676622.0,9.50898,9.93355,10.077
Kepler-680,1.0,291.622381,50.6181793,0.0,0.0,15.203923,True,,False,26473621.0,26473621.0,14.7221,15.2152,15.321
Kepler-681,1.0,289.3997364,51.2502428,0.0,0.0,15.214441,True,,False,299217986.0,299217986.0,14.6229,15.2271,15.584
Kepler-682,1.0,289.1122204,51.7373589,0.0,0.0,15.10401,True,,False,299161524.0,299161524.0,14.6048,15.1172,15.556
Kepler-683,1.0,291.4399598,37.9056293,0.0,0.0,14.988545,True,,False,137149476.0,137149476.0,14.5076,15.0008,15.072
Kepler-684,1.0,290.8704935,38.2735978,0.0,0.0,15.566834,True,,False,122607324.0,122607324.0,15.0608,15.5793,15.695
Kepler-685,1.0,293.8719143,38.4229184,0.0,0.0,15.006248,True,,False,138364831.0,138364831.0,14.4669,15.0191,15.186
Kepler-686,1.0,285.213819,39.027466,0.08,1.190000057220459,15.514114,True,,False,399794420.0,399794420.0,15.0236,15.5242,16.02
Kepler-687,1.0,289.3154576,39.1532911,0.0,2.0219999939940234e-15,15.378299,True,,False,121988890.0,121988890.0,14.7501,15.3943,15.695
Kepler-688,1.0,294.6552312,39.3083446,0.0,0.0,15.719662,True,,False,378085713.0,378085713.0,15.1748,15.7323,15.805
Kepler-69,1.0,293.2609013,44.8688656,0.0,0.0,13.699361,True,,False,275573429.0,275573429.0,13.2617,13.712,13.866
Kepler-691,1.0,288.8117314,40.0332311,0.0,0.0,15.816794,True,,False,121787669.0,121787669.0,14.7529,15.8385,16.6
Kepler-693,1.0,283.253527,40.3582155,0.0,0.0,16.402374,True,,False,237159318.0,237159318.0,15.7592,16.414,16.7286
Kepler-694,1.0,291.1495269,40.4204569,0.0,0.0,15.078138,True,,False,122713147.0,122713147.0,14.5866,15.0857,15.284
Kepler-695,1.0,299.3160934,40.8223815,0.0,0.0,15.098711,True,,False,171974763.0,171974763.0,14.4592,15.1132,15.262
Kepler-696,1.0,293.4965906,41.1375635,0.0,0.0,15.226674,True,,False,138219428.0,138219428.0,14.7449,15.2389,15.308
Kepler-697,1.0,283.8643937,41.3463859,0.0,0.0,15.533364,True,,False,120042965.0,120042965.0,15.0175,15.5462,15.888
Kepler-698,1.0,288.5099994,41.3017465,0.0,0.0,15.420596,True,,False,121729607.0,121729607.0,14.9182,15.432,15.716
Kepler-7,1.0,288.5814928,41.0897335,0.087,8.194000244140625,12.854568,True,,False,121660904.0,121660904.0,12.4532,12.8649,13.008
Kepler-700,1.0,287.154224,41.5657775,0.0,0.0,15.17804,True,,False,121114997.0,121114997.0,14.6754,15.1916,15.202
Kepler-701,1.0,288.99418,41.6333125,0.0,0.0,14.956581,True,,False,121795464.0,121795464.0,14.4253,14.9683,15.056
Kepler-702,1.0,293.8781041,41.6617245,0.047,0.41429999470710754,15.30008,True,,False,138430864.0,138430864.0,14.7404,15.3098,15.437
Kepler-703,1.0,299.1868586,41.742699,0.0,0.0,15.239934,True,,False,171968443.0,171968443.0,14.727,15.2533,15.599
Kepler-704,1.0,283.3163671,41.8370942,0.0,0.0,15.236798,True,,False,237157729.0,237157729.0,14.7176,15.2487,15.454
Kepler-705,1.0,289.5085612,41.8120234,0.132,2.1600000858306885,15.831545,True,,False,122066949.0,122066949.0,14.7738,15.8521,16.331
Kepler-707,1.0,290.007564,42.1164698,0.0,2.1039999830682913e-15,14.98498,True,,False,159217349.0,159217349.0,14.4221,14.9969,15.022
Kepler-709,1.0,292.105272,42.3803077,0.0,0.0,15.182122,True,,False,63122858.0,63122858.0,14.604,15.1971,15.261
Kepler-710,1.0,291.9641255,42.6961308,0.086,2.0510001182556152,15.000893,True,,False,63120475.0,63120475.0,14.5042,15.0109,15.071
Kepler-711,1.0,297.4600468,42.8398172,0.0,0.0,15.318784,True,,False,273234664.0,273234664.0,14.6716,15.3293,15.635
Kepler-713,1.0,295.6513819,43.0297781,0.1,2.4030001163482666,15.008113,True,,False,271762145.0,271762145.0,14.5065,15.0191,15.171
Kepler-714,1.0,282.6994685,43.2727437,0.044,0.43529999256134033,15.229166,True,,False,123499118.0,123499118.0,14.8024,15.2407,15.43
Kepler-715,1.0,283.6307971,43.3793638,0.0,0.0,15.021867,True,,False,164552984.0,164552984.0,14.5776,15.0333,15.204
Kepler-716,1.0,290.3931809,43.3638577,0.0,0.0,15.143267,True,,False,159377404.0,159377404.0,14.5671,15.1555,15.314
Kepler-718,1.0,299.5618676,43.5035173,0.0,0.0,15.233004,True,,False,268924036.0,268924036.0,14.7344,15.2456,15.399
Kepler-719,1.0,295.5360628,43.8844116,0.137,2.259999990463257,15.895694,True,,False,271767300.0,271767300.0,15.3751,15.9037,16.128
Kepler-720,1.0,298.6356478,44.1709388,0.0,0.0,15.153035,True,,False,268159158.0,268159158.0,14.5892,15.1635,15.462
Kepler-721,1.0,284.4305132,44.4803776,0.055,0.4146000146865845,15.629946,True,,False,164726831.0,164726831.0,15.039,15.6428,15.963
Kepler-723,1.0,284.8304434,44.6580932,0.946,192.10000610351562,15.201775,True,,False,164786087.0,164786087.0,14.6979,15.201,15.452
Kepler-724,1.0,293.4548441,44.7927823,0.0,0.0,15.108212,True,,False,270521439.0,270521439.0,14.5768,15.1206,15.284
Kepler-725,1.0,283.9774949,44.8115613,0.151,5.955999851226807,14.984954,True,,False,164652841.0,164652841.0,14.4621,14.9929,15.145
Kepler-726,1.0,291.7172776,44.8873466,0.027,0.18690000474452972,15.023055,True,,False,63000832.0,63000832.0,14.5161,15.035,15.362
Kepler-727,1.0,294.8469333,45.0344155,0.0,0.0,15.338795,True,,False,271351820.0,271351820.0,14.7832,15.352,15.453
Kepler-729,1.0,286.3600604,45.4142664,0.0,0.0,15.534945,True,,False,158269049.0,158269049.0,15.0725,15.5472,15.567
Kepler-730,1.0,285.5547895,45.578842,0.0,0.0,15.598166,True,,False,352013543.0,352013543.0,15.1401,15.6113,15.782
Kepler-731,1.0,296.3931945,45.568533,0.091,1.5959999561309814,15.274719,True,,False,272366748.0,272366748.0,14.8018,15.2848,15.386
Kepler-732,1.0,283.7317274,45.9585288,0.0,4.196000050372831e-15,15.033778,True,,False,164555597.0,164555597.0,13.9669,15.0519,16.53
Kepler-733,1.0,293.0181882,45.9147063,0.0,0.0,15.382504,True,,False,240179452.0,240179452.0,14.8436,15.3954,15.561
Kepler-734,1.0,297.0456122,46.0273893,0.0,0.0,14.401095,True,,False,272845785.0,272845785.0,13.8732,14.4119,14.469
Kepler-735,1.0,284.6888328,46.1721391,0.0,0.0,15.372444,True,,False,164780824.0,164780824.0,14.784,15.3849,15.492
Kepler-736,1.0,285.3913092,46.1809293,0.0,0.0,15.729895,True,,False,351909600.0,351909600.0,15.1716,15.7425,15.809
Kepler-737,1.0,291.8629793,46.4291614,0.028,0.19679999351501465,15.127694,True,,False,63068329.0,63068329.0,14.1478,15.1457,15.971
Kepler-738,1.0,287.5696516,46.5679011,0.0,0.0,15.577884,True,,False,158490928.0,158490928.0,15.0627,15.5908,15.793
Kepler-739,1.0,290.067994,46.5791535,0.012,0.02613000012934208,15.440799,True,,False,159225155.0,159225155.0,14.969,15.4527,15.711
Kepler-74,1.0,293.0925275,41.3555095,0.0,0.0,14.352252,True,,False,137903329.0,137903329.0,13.9154,14.3652,14.487
Kepler-740,1.0,286.4822566,46.692456,0.116,1.7130000591278076,15.912838,True,,False,158270511.0,158270511.0,15.3923,15.9235,16.022
Kepler-741,1.0,289.4317294,46.6174978,0.094,2.1429998874664307,15.032909,True,,False,159050690.0,159050690.0,14.6163,15.0455,15.186
Kepler-742,1.0,283.8659676,46.7896522,0.0,0.0,15.158419,True,,False,164558468.0,164558468.0,14.4847,15.1722,15.357
Kepler-743,1.0,295.57423,42.8064255,0.021,0.5788999795913696,12.533123,True,,False,271760755.0,271760755.0,12.0356,12.5411,12.66
Kepler-744,1.0,296.4960493,47.1827848,0.239,44.0,13.578962,True,,False,272597130.0,272597130.0,13.0954,13.5843,13.718
Kepler-745,1.0,291.4994412,37.0592571,0.0,0.0,15.152121,True,,False,137307173.0,137307173.0,14.6677,15.1634,15.427
Kepler-746,1.0,290.6822097,37.3551593,3.794,10490.0,13.688536,True,,False,122515955.0,122515955.0,13.0811,13.6111,13.785
Kepler-747,1.0,288.4165196,41.0298175,0.0,0.0,15.713731,True,,False,121602473.0,121602473.0,15.1047,15.7244,15.595
Kepler-748,1.0,292.2628779,37.2369732,0.0,0.0,15.206119,True,,False,137545963.0,137545963.0,14.7048,15.2186,15.37
Kepler-75,1.0,291.1376203,36.5773443,0.0,0.0,15.159796,True,,False,122785299.0,122785299.0,14.575,15.1789,15.414
Kepler-750,1.0,289.0968274,44.004364,0.037,0.567799985408783,14.454616,True,,False,158931258.0,158931258.0,14.0604,14.467,14.634
Kepler-751,1.0,294.8438103,44.0776872,0.0,0.0,14.967741,True,,False,271259677.0,271259677.0,14.4289,14.98,15.211
Kepler-752,1.0,292.2681469,37.955672,0.0,0.0,15.706679,True,,False,137548225.0,137548225.0,15.1781,15.7185,15.864
Kepler-753,1.0,291.9032411,37.9023677,0.0,0.0,14.461583,True,,False,351056774.0,351056774.0,13.7108,14.4746,14.891
Kepler-754,1.0,293.2541121,37.8461519,0.063,0.9537000060081482,15.11497,True,,False,138036531.0,138036531.0,14.6248,15.1258,15.352
Kepler-755,1.0,296.8609348,41.0973178,0.0,0.0,14.011885,True,,False,239227652.0,239227652.0,13.425,14.0242,14.277
Kepler-756,1.0,290.6079736,41.201094,0.867,143.8000030517578,15.389756,True,,False,122597885.0,122597885.0,14.8494,15.3912,15.986
Kepler-757,1.0,296.6804876,41.3865279,0.106,3.4100000858306885,14.75261,True,,False,360022783.0,360022783.0,14.2354,14.7637,15.066
Kepler-758,1.0,293.0846115,41.1354049,0.0,0.0,14.314449,True,,False,137968594.0,137968594.0,13.9522,14.3267,14.379
Kepler-759,1.0,290.1314231,41.3814345,0.213,14.390000343322754,14.787181,True,,False,122298563.0,122298563.0,14.3041,14.7869,14.579
Kepler-76,1.0,294.1921185,39.6189727,0.0,0.0,13.26274,True,,False,138644215.0,138644215.0,12.8939,13.2755,13.474
Kepler-760,1.0,287.5931997,44.1794278,0.0,0.0,15.061457,True,,False,158494681.0,158494681.0,14.5068,15.0731,15.181
Kepler-761,1.0,290.503599,44.1436249,0.0,0.0,14.698266,True,,False,159442087.0,159442087.0,14.249,14.7087,14.993
Kepler-762,1.0,291.2756631,47.3295107,0.0,0.0,15.416137,True,,False,159725995.0,159725995.0,14.9767,15.4266,15.574
Kepler-763,1.0,292.1445534,47.1573604,0.0,0.0,15.669145,True,,False,63130782.0,63130782.0,15.0916,15.6824,15.965
Kepler-764,1.0,297.3931183,47.1645814,0.0,0.0,15.287954,True,,False,273129679.0,273129679.0,14.7866,15.3002,15.555
Kepler-765,1.0,283.1846044,47.1557114,0.0,0.0,14.587926,True,,False,164456891.0,164456891.0,14.1436,14.5996,14.709
Kepler-766,1.0,293.1845144,37.9698357,0.038,0.2298000007867813,15.635354,True,,False,138036952.0,138036952.0,15.1307,15.648,15.825
Kepler-767,1.0,291.5791562,38.0358066,0.0,0.0,15.405251,True,,False,137220387.0,137220387.0,14.9345,15.4176,15.678
Kepler-768,1.0,294.1156858,38.3934378,0.034,0.18019999563694,15.709631,True,,False,138568968.0,138568968.0,15.0852,15.7232,15.969
Kepler-769,1.0,292.7130925,38.3581685,0.0,0.0,14.749129,True,,False,137815803.0,137815803.0,14.3136,14.7604,14.984
Kepler-77,1.0,289.6079433,44.3454347,0.0,0.0,13.90493,True,,False,159098316.0,159098316.0,13.4231,13.9172,14.152
Kepler-770,1.0,286.4904589,38.374872,0.0,2.0540000517083436e-15,14.584625,True,,False,120891972.0,120891972.0,14.0759,14.5966,14.852
Kepler-771,1.0,287.4441104,38.0884183,0.0,0.0,14.735041,True,,False,121276933.0,121276933.0,14.26,14.7461,14.958
Kepler-772,1.0,291.423582,38.2165603,0.0,0.0,13.943755,True,,False,137150277.0,137150277.0,13.4436,13.9556,14.145
Kepler-773,1.0,290.8846217,38.0575539,0.0,0.0,13.267879,True,,False,122682991.0,122682991.0,12.8352,13.2797,13.387
Kepler-774,1.0,291.0318604,38.211894,0.063,4.741000175476074,12.76066,True,,False,122780849.0,122780849.0,12.4103,12.7699,12.886
Kepler-775,1.0,291.4332781,41.7033162,0.0,0.0,13.456303,True,,False,137211068.0,137211068.0,12.954,13.4673,13.564
Kepler-776,1.0,287.2726117,41.6356009,0.0,2.112999919891105e-15,15.406883,True,,False,121114760.0,121114760.0,14.7883,15.42,15.562
Kepler-777,1.0,282.7241098,44.3465098,0.086,0.816100001335144,15.92435,True,,False,123497954.0,123497954.0,15.1016,15.9397,16.131
Kepler-778,1.0,287.4774867,44.2374702,0.0,0.0,15.739386,True,,False,158484518.0,158484518.0,15.1812,15.7514,15.959
Kepler-779,1.0,285.6285208,44.3107855,0.0,0.0,15.617365,True,,False,352012126.0,352012126.0,14.6466,15.6335,16.303
Kepler-78,1.0,293.7419543,44.4482521,0.078,9.628000259399414,11.525862,True,,False,270701667.0,270701667.0,10.9555,11.5287,11.717
Kepler-780,1.0,281.7663511,44.2924898,2.68,6747.0,13.449079,True,,False,123362050.0,123362050.0,12.8925,13.3393,13.464
Kepler-781,1.0,287.6535874,47.4147762,0.0,0.0,15.940747,True,,False,158489897.0,158489897.0,15.3901,15.9511,16.207
Kepler-782,1.0,288.868246,47.75947,0.046,2.1649999618530273,12.722055,True,,False,158839841.0,158839841.0,12.2971,12.7304,12.843
Kepler-783,1.0,291.0628615,47.484789,0.0,2.0760000384473795e-15,13.925454,True,,False,159642390.0,159642390.0,13.4322,13.9378,14.153
Kepler-784,1.0,295.9206663,47.4486164,0.0,0.0,13.251771,True,,False,272078218.0,272078218.0,12.7684,13.2634,13.392
Kepler-785,1.0,292.0683108,38.8422004,0.0,0.0,15.750964,True,,False,137402055.0,137402055.0,15.0523,15.7615,16.315
Kepler-786,1.0,293.7439223,38.9392217,0.0,0.0,14.932739,True,,False,138366498.0,138366498.0,14.2824,14.9463,15.253
Kepler-787,1.0,291.6924773,38.5729105,0.0,0.0,15.845455,True,,False,137318289.0,137318289.0,15.0574,15.8612,16.696
Kepler-788,1.0,290.0004154,38.5398551,0.0,0.0,15.247576,True,,False,122224871.0,122224871.0,14.8127,15.2595,15.45
Kepler-789,1.0,295.9751549,38.9466396,0.0,2.0460000372797636e-15,14.497305,True,,False,184300256.0,184300256.0,14.0559,14.5085,14.723
Kepler-79,1.0,300.5171067,44.3815508,0.0,0.0,13.87081,True,,False,239306681.0,239306681.0,13.4763,13.8825,14.036
Kepler-790,1.0,286.9171489,38.8722123,0.0,0.0,15.182048,True,,False,121020728.0,121020728.0,14.6128,15.1947,15.534
Kepler-791,1.0,293.5958044,39.0294267,0.0,0.0,14.357162,True,,False,138303317.0,138303317.0,13.9655,14.3687,14.473
Kepler-792,1.0,292.0068239,38.8207001,0.0,0.0,14.964521,True,,False,137401986.0,137401986.0,14.4833,14.976,15.117
Kepler-793,1.0,295.2167334,38.7744269,0.414,59.7599983215332,14.600242,True,,False,139036121.0,139036121.0,14.0876,14.601,14.742
Kepler-794,1.0,288.1336793,38.9968923,0.0,0.0,13.431128,True,,False,121467823.0,121467823.0,13.0019,13.442,13.599
Kepler-795,1.0,291.0189951,38.5455728,0.0,0.0,13.298518,True,,False,122684233.0,122684233.0,12.8446,13.3107,13.423
Kepler-796,1.0,287.3078999,39.1447097,0.109,13.489999771118164,12.976334,True,,False,121214909.0,121214909.0,12.4083,12.9866,13.175
Kepler-797,1.0,297.2089078,41.781645,0.0,0.0,14.532062,True,,False,169176157.0,169176157.0,14.018,14.5416,14.751
Kepler-798,1.0,292.4782785,42.1422821,0.0,0.0,14.153341,True,,False,63214717.0,63214717.0,13.751,14.1648,14.221
Kepler-799,1.0,287.1748966,44.8784754,0.0,0.0,15.255519,True,,False,1716675888.0,1716675888.0,14.799,15.2674,15.4302
Kepler-8,1.0,281.2881335,42.4510975,0.0,0.0,13.518508,True,,False,123233041.0,123233041.0,13.1448,13.5299,13.598
Kepler-80,1.0,296.1125759,39.9787451,0.066,1.402999997138977,14.745099,True,,False,184296619.0,184296619.0,14.0239,14.7555,15.23
Kepler-800,1.0,286.5747697,44.7951858,0.0,0.0,15.735428,True,,False,158275161.0,158275161.0,15.2167,15.7477,15.92
Kepler-801,1.0,286.0751815,44.6646277,0.0,0.0,15.261947,True,,False,158171839.0,158171839.0,14.5438,15.2759,15.596
Kepler-802,1.0,286.0157998,45.0077413,0.0,0.0,14.799292,True,,False,158114000.0,158114000.0,14.3021,14.8111,15.01
Kepler-803,1.0,299.2216728,44.6939033,0.0,0.0,13.618662,True,,False,268608781.0,268608781.0,13.1253,13.63,13.856
Kepler-804,1.0,293.3722109,44.7851812,0.0,0.0,13.724655,True,,False,275573295.0,275573295.0,13.2823,13.7361,13.864
Kepler-805,1.0,293.2300178,45.053364,0.067,5.564000129699707,12.496546,True,,False,275573748.0,275573748.0,12.1079,12.5048,12.586
Kepler-806,1.0,296.0071956,44.8535698,0.092,13.0600004196167,11.586077,True,,False,272172942.0,272172942.0,11.1508,11.5909,11.813
Kepler-808,1.0,291.5941514,48.4454907,0.757,253.5,14.38045,True,,False,26417717.0,26417717.0,13.6653,14.3539,14.519
Kepler-809,1.0,289.0836324,48.0180689,0.0,0.0,14.66785,True,,False,299156496.0,299156496.0,14.2151,14.6798,14.875
Kepler-81,1.0,293.6369437,42.8248275,0.046,0.5353999733924866,14.990579,True,,False,270611154.0,270611154.0,14.2491,15.004,15.258
Kepler-811,1.0,285.4241593,47.8345586,0.0,0.0,13.946698,True,,False,351908051.0,351908051.0,13.4985,13.9578,14.046
Kepler-812,1.0,288.8552821,48.208517,0.0,0.0,13.736621,True,,False,299033074.0,299033074.0,13.434,13.7493,13.815
Kepler-813,1.0,285.6626752,48.4353251,2.856,3148.0,14.559173,True,,False,377782430.0,377782430.0,14.0748,14.5352,14.646
Kepler-814,1.0,284.9105256,48.4315896,0.054,0.9815000295639038,14.653514,True,,False,48450382.0,48450382.0,14.2593,14.6655,14.859
Kepler-815,1.0,285.2211238,47.8813037,0.0,0.0,13.218678,True,,False,48505882.0,48505882.0,12.6392,13.2306,13.438
Kepler-817,1.0,296.0818498,39.161614,0.0,0.0,15.584187,True,,False,184299435.0,184299435.0,15.074,15.5969,15.967
Kepler-818,1.0,296.2351072,39.3702865,0.076,1.4220000505447388,15.045864,True,,False,184417625.0,184417625.0,14.5479,15.0569,15.368
Kepler-819,1.0,295.3708312,39.1772925,0.0,0.0,15.054037,True,,False,139106013.0,139106013.0,14.4889,15.0662,15.402
Kepler-82,1.0,292.8733696,42.9661583,0.07,1.1619999408721924,15.124746,True,,False,63372898.0,63372898.0,14.6108,15.1377,15.131
Kepler-821,1.0,285.6173937,39.3794684,0.0,0.0,14.804161,True,,False,120573482.0,120573482.0,14.2181,14.8177,15.153
Kepler-823,1.0,284.5825682,39.2201737,0.0,0.0,14.749925,True,,False,120315151.0,120315151.0,14.2527,14.7625,15.089
Kepler-826,1.0,284.8601128,39.2405076,0.031,0.7979000210762024,13.400702,True,,False,120355363.0,120355363.0,12.9814,13.4122,13.644
Kepler-828,1.0,286.8872555,42.4712271,0.0,0.0,15.031884,True,,False,158386765.0,158386765.0,14.4455,15.0441,15.374
Kepler-829,1.0,282.3328312,42.4638125,0.0,0.0,14.909007,True,,False,123451768.0,123451768.0,14.4166,14.9206,14.973
Kepler-83,1.0,282.2325197,43.6655662,0.076,0.8116000294685364,15.768477,True,,False,123416515.0,123416515.0,14.9557,15.7832,16.145
Kepler-830,1.0,295.054238,42.7568316,8.245,17540.0,14.880217,True,,False,271433874.0,271433874.0,14.3344,14.7886,14.88
Kepler-831,1.0,294.9855607,42.7277355,0.01,0.07481999695301056,13.619721,True,,False,271346561.0,271346561.0,13.1742,13.6311,13.751
Kepler-833,1.0,290.4799052,45.6005798,0.0,0.0,15.45444,True,,False,159397031.0,159397031.0,14.7079,15.4686,15.755
Kepler-834,1.0,287.0544674,45.1803351,0.058,0.41269999742507935,15.91538,True,,False,158392088.0,158392088.0,15.2036,15.9285,16.211
Kepler-835,1.0,283.5742181,45.7348003,0.0,0.0,15.880934,True,,False,164527012.0,164527012.0,15.4396,15.8901,16.062
Kepler-836,1.0,287.4527659,45.7043964,0.023,0.1931000053882599,14.57537,True,,False,158486560.0,158486560.0,14.1524,14.5873,14.672
Kepler-837,1.0,285.2467607,45.95011,0.0,0.0,15.217377,True,,False,164891482.0,164891482.0,14.7517,15.229,15.576
Kepler-838,1.0,285.4354695,45.975959,0.062,0.8618999719619751,15.216942,True,,False,351909828.0,351909828.0,14.7772,15.2295,15.424
Kepler-839,1.0,291.074684,45.242544,0.0,0.0,13.550642,True,,False,159580625.0,159580625.0,13.1455,13.5633,13.693
Kepler-84,1.0,298.2520208,40.4960842,8.656,20380.0,14.952571,True,,False,170646917.0,170646917.0,14.3015,14.7902,14.92
Kepler-841,1.0,284.2513637,48.8095962,0.0,0.0,15.731917,True,,False,267569980.0,267569980.0,15.1894,15.7442,15.791
Kepler-842,1.0,292.3285976,49.6535171,0.043,0.4219000041484833,15.1172,True,,False,424815179.0,424815179.0,14.4695,15.1296,15.363
Kepler-843,1.0,296.3219786,48.9714373,0.037,0.25290000438690186,15.236091,True,,False,27774043.0,27774043.0,14.7675,15.2481,15.354
Kepler-844,1.0,287.8578541,48.7739646,0.069,0.5343999862670898,15.77947,True,,False,298836607.0,298836607.0,14.979,15.7957,15.986
Kepler-845,1.0,290.9576363,49.2037262,0.0,0.0,14.625412,True,,False,417676802.0,417676802.0,14.0071,14.6386,14.903
Kepler-846,1.0,287.0570731,49.0460112,0.0,2.1419999986644874e-15,15.591327,True,,False,399911496.0,399911496.0,15.1044,15.6041,15.684
Kepler-847,1.0,283.5048144,49.4509371,0.0,0.0,14.767152,True,,False,48352404.0,48352404.0,14.1328,14.7799,14.998
Kepler-848,1.0,293.2882949,48.8116114,0.0,0.0,13.998107,True,,False,26817863.0,26817863.0,13.5365,14.0105,14.194
Kepler-849,1.0,290.8517961,48.5213243,0.058,3.622999906539917,12.827864,True,,False,417659078.0,417659078.0,12.4219,12.8358,12.878
Kepler-85,1.0,290.9734395,45.2902761,0.0,0.0,14.754049,True,,False,159580705.0,159580705.0,14.2626,14.766,14.89
Kepler-850,1.0,293.0844515,48.5753645,0.042,0.2973000109195709,15.415773,True,,False,26751527.0,26751527.0,14.9806,15.4272,15.611
Kepler-851,1.0,294.6802199,49.1401106,0.0,0.0,15.097399,True,,False,27235573.0,27235573.0,14.6202,15.1081,15.172
Kepler-852,1.0,297.3915863,48.5606875,0.0,0.0,13.894282,True,,False,28089606.0,28089606.0,13.479,13.9066,14.006
Kepler-853,1.0,283.936781,49.1102748,0.08,9.973999977111816,12.242109,True,,False,48419201.0,48419201.0,11.8998,12.2485,12.339
Kepler-855,1.0,295.0949565,43.537565,0.0,0.0,15.00728,True,,False,271431851.0,271431851.0,14.4952,15.0191,15.157
Kepler-856,1.0,289.6038379,46.3149097,0.0,0.0,15.544095,True,,False,159054620.0,159054620.0,15.0277,15.557,15.594
Kepler-857,1.0,294.6323978,43.4004526,0.0,0.0,15.052683,True,,False,271158887.0,271158887.0,14.5517,15.0638,15.167
Kepler-858,1.0,288.8488552,51.2090375,0.053,4.331999778747559,12.405026,True,,False,299089652.0,299089652.0,11.9363,12.411,12.568
Kepler-859,1.0,286.7418337,43.1901197,0.1,1.1749999523162842,15.869444,True,,False,158317824.0,158317824.0,15.2785,15.8805,15.977
Kepler-860,1.0,295.5772681,46.2547028,0.043,0.38749998807907104,15.388537,True,,False,271774166.0,271774166.0,14.9071,15.4033,15.544
Kepler-862,1.0,297.7792466,46.4926688,0.375,28.459999084472656,15.296216,True,,False,273379660.0,273379660.0,14.6969,15.3031,15.601
Kepler-863,1.0,297.6644677,43.2489903,0.03,0.17419999837875366,15.434841,True,,False,273500946.0,273500946.0,14.9273,15.4464,15.567
Kepler-864,1.0,285.0570943,46.3206074,0.0,0.0,15.768521,True,,False,164836049.0,164836049.0,15.3073,15.7816,15.898
Kepler-865,1.0,297.7242257,43.5272796,0.0,0.0,14.491433,True,,False,273499989.0,273499989.0,13.9449,14.5036,14.635
Kepler-866,1.0,290.1222112,43.085407,0.015,0.02930999919772148,15.782385,True,,False,159307214.0,159307214.0,15.1324,15.7966,16.124
Kepler-867,1.0,287.2852554,51.2499499,0.779,172.8000030517578,14.891825,True,,False,399915645.0,399915645.0,14.3737,14.8849,15.098
Kepler-868,1.0,282.3635315,46.6752384,0.0,0.0,15.605603,True,,False,123447451.0,123447451.0,15.1461,15.6177,15.872
Kepler-869,1.0,289.4245955,50.9941198,0.105,3.005000114440918,14.956995,True,,False,299218299.0,299218299.0,14.4737,14.9685,15.122
Kepler-87,1.0,297.9168433,46.9651146,0.0,0.0,14.575087,True,,False,273592336.0,273592336.0,14.0803,14.5869,14.681
Kepler-870,1.0,295.4025625,50.4785992,0.09,1.8550000190734863,15.20979,True,,False,27455225.0,27455225.0,14.7547,15.2216,15.326
Kepler-872,1.0,295.4174725,43.6056117,0.0,0.0,15.058784,True,,False,271669275.0,271669275.0,14.5499,15.0714,15.242
Kepler-873,1.0,296.4031319,51.2712773,0.0,0.0,14.78207,True,,False,27843860.0,27843860.0,14.3727,14.7952,15.052
Kepler-874,1.0,294.9568477,43.0142991,0.0,0.0,14.682078,True,,False,271347296.0,271347296.0,14.2143,14.6941,14.822
Kepler-875,1.0,297.3012497,43.1418313,0.0,0.0,15.199096,True,,False,273141643.0,273141643.0,14.6977,15.2096,15.357
Kepler-876,1.0,283.4781717,43.3837235,0.0,0.0,15.317558,True,,False,164529393.0,164529393.0,14.7353,15.3301,15.647
Kepler-877,1.0,289.8591023,46.5227429,5.848,11610.0,14.647518,True,,False,159175206.0,159175206.0,13.982,14.5228,14.74
Kepler-878,1.0,285.2962562,46.6034497,0.549,96.19999694824219,14.785372,True,,False,164892142.0,164892142.0,14.2046,14.7898,14.967
Kepler-879,1.0,295.8065515,50.9097521,0.0,0.0,14.225811,True,,False,27639443.0,27639443.0,13.76,14.2377,14.429
Kepler-880,1.0,281.9712347,43.6727839,0.099,15.40999984741211,11.956819,True,,False,351803495.0,351803495.0,11.6748,11.9642,11.845
Kepler-881,1.0,288.9925529,46.6706513,0.0,0.0,15.16501,True,,False,158936201.0,158936201.0,14.7397,15.1765,15.281
Kepler-882,1.0,294.6500256,43.3356106,0.036,0.7404999732971191,14.064603,True,,False,271158747.0,271158747.0,13.5343,14.0774,14.188
Kepler-883,1.0,286.433726,50.3002266,0.065,4.533999919891357,12.995743,True,,False,243271051.0,243271051.0,12.6278,13.0069,13.169
Kepler-884,1.0,292.5844328,49.9232012,2.099,3840.0,13.124218,True,,False,26657091.0,26657091.0,12.605,13.0469,13.164
Kepler-885,1.0,288.6615682,49.7371538,0.095,10.399999618530273,12.779913,True,,False,299030528.0,299030528.0,12.4051,12.7877,12.948
Kepler-886,1.0,286.2717162,43.5952037,0.0,0.0,13.881422,True,,False,158215023.0,158215023.0,13.484,13.8936,14.054
Kepler-887,1.0,290.0907893,39.8169085,0.0,0.0,13.438408,True,,False,122293639.0,122293639.0,13.0693,13.4496,13.52
Kepler-888,1.0,295.5212866,49.7386804,0.088,8.170999526977539,12.970816,True,,False,27531978.0,27531978.0,12.5648,12.9814,13.061
Kepler-889,1.0,291.467454,50.7595597,0.065,5.256999969482422,12.673422,True,,False,26474039.0,26474039.0,12.258,12.6802,12.998
Kepler-890,1.0,288.435718,43.7634712,0.0,0.0,15.124071,True,,False,158726129.0,158726129.0,14.6798,15.1361,15.235
Kepler-891,1.0,291.0837644,40.3552252,0.0,0.0,15.260939,True,,False,122713286.0,122713286.0,14.7877,15.273,15.386
Kepler-892,1.0,283.1296399,43.8880983,0.0,1.2100000118008057e-15,15.57739,True,,False,164459949.0,164459949.0,14.9248,15.5902,15.967
Kepler-893,1.0,284.9630591,43.9130282,0.024,0.14650000631809235,15.160985,True,,False,164830125.0,164830125.0,14.7039,15.1735,15.347
Kepler-894,1.0,288.7340513,46.939363,0.0,0.0,15.39301,True,,False,158838278.0,158838278.0,14.9485,15.4056,15.686
Kepler-895,1.0,289.2906978,51.4089936,0.04,0.18070000410079956,15.964794,True,,False,299217801.0,299217801.0,15.1918,15.9804,16.21
Kepler-896,1.0,282.4391402,43.7344291,0.0,0.0,15.418138,True,,False,123490277.0,123490277.0,14.8967,15.4307,15.457
Kepler-897,1.0,290.5867992,51.6957731,0.018,0.08154000341892242,15.066484,True,,False,290005350.0,290005350.0,14.5773,15.0787,15.177
Kepler-898,1.0,286.5854116,46.8708877,0.043,0.20630000531673431,15.92288,True,,False,158272820.0,158272820.0,15.1423,15.9386,16.695
Kepler-9,1.0,285.5739904,38.4008192,0.0,0.0,13.769321,True,,False,120571842.0,120571842.0,13.3273,13.7809,13.922
Kepler-900,1.0,296.177272,46.9989635,0.0,0.0,14.931786,True,,False,272278496.0,272278496.0,14.2795,14.9453,15.19
Kepler-901,1.0,291.1528056,40.8876814,0.0,0.0,14.666041,True,,False,122712179.0,122712179.0,13.8791,14.6803,15.85
Kepler-902,1.0,289.7317067,46.953875,0.249,18.989999771118164,14.850607,True,,False,159172027.0,159172027.0,14.3731,14.8583,14.992
Kepler-903,1.0,288.7710137,40.6641771,0.0,0.0,14.602469,True,,False,121732589.0,121732589.0,14.1144,14.615,14.856
Kepler-904,1.0,288.8229001,40.38901,0.0,0.0,14.380008,True,,False,121789066.0,121789066.0,13.9569,14.3921,14.56
Kepler-905,1.0,290.0511468,46.7134077,0.0,0.0,13.937646,True,,False,159225367.0,159225367.0,13.4398,13.9504,14.058
Kepler-906,1.0,291.4055614,40.1254254,0.0,0.0,13.905882,True,,False,137154728.0,137154728.0,13.5132,13.918,14.019
Kepler-907,1.0,285.4764959,41.6326615,5.941,50210.0,11.542939,True,,False,120576846.0,120576846.0,11.1025,11.4623,11.16
Kepler-908,1.0,295.3225434,39.3764624,0.144,33.220001220703125,11.45903,True,,False,139106731.0,139106731.0,11.0249,11.465,11.607
Kepler-909,1.0,289.5063796,45.3709728,0.099,16.270000457763672,11.505398,True,,False,159096688.0,159096688.0,11.1151,11.5096,11.626
Kepler-91,1.0,285.6729033,44.1167513,0.059,4.611999988555908,12.467858,True,,False,352011875.0,352011875.0,11.7971,12.4762,12.712
Kepler-910,1.0,296.0472937,42.7429414,0.089,10.739999771118164,11.523409,True,,False,272178989.0,272178989.0,11.1493,11.5286,11.44
Kepler-911,1.0,298.5891948,40.7506921,0.068,6.769999980926514,11.822564,True,,False,171029578.0,171029578.0,11.414,11.8295,11.767
Kepler-912,1.0,298.1111779,41.758324,0.0,0.0,15.314784,True,,False,170251516.0,170251516.0,14.7666,15.3262,15.668
Kepler-914,1.0,290.4120774,44.8993227,0.0,0.0,13.536803,True,,False,159386728.0,159386728.0,13.0994,13.5481,13.667
Kepler-915,1.0,290.5921293,45.7372184,0.0,0.0,13.228859,True,,False,159396818.0,159396818.0,12.8627,13.2408,13.314
Kepler-916,1.0,290.9833818,45.9733334,0.0,2.1610000064625854e-15,15.161846,True,,False,159581842.0,159581842.0,14.6101,15.1752,15.363
Kepler-917,1.0,299.0512562,47.9492677,0.835,91.9800033569336,15.866556,True,,False,268383727.0,268383727.0,15.3245,15.8533,15.896
Kepler-918,1.0,298.2007268,48.2677925,0.0,0.0,14.943677,True,,False,28450124.0,28450124.0,14.4759,14.9546,15.064
Kepler-919,1.0,298.1147862,48.4943834,0.033,0.36550000309944153,14.666653,True,,False,28361491.0,28361491.0,14.208,14.6785,14.806
Kepler-92,1.0,289.0860607,41.5630224,0.089,11.710000038146973,11.739444,True,,False,121943724.0,121943724.0,11.326,11.7451,11.671
Kepler-920,1.0,284.2969363,49.1585983,0.0,2.109999940950167e-15,15.255569,True,,False,267570317.0,267570317.0,14.7448,15.2681,15.492
Kepler-921,1.0,284.6162253,49.1907438,0.0,0.0,14.694004,True,,False,48448706.0,48448706.0,14.2465,14.7055,14.852
Kepler-922,1.0,284.7316084,49.533149,0.014,0.1347000002861023,13.733453,True,,False,48448415.0,48448415.0,13.2765,13.745,13.863
Kepler-923,1.0,294.1710831,40.0551372,0.04,0.8963000178337097,13.999599,True,,False,138574253.0,138574253.0,13.5702,14.0117,14.124
Kepler-925,1.0,290.1065581,40.4906242,0.0,0.0,15.801473,True,,False,122294985.0,122294985.0,15.0829,15.8155,16.025
Kepler-926,1.0,289.6793396,40.7004265,0.24,27.59000015258789,14.255788,True,,False,394174412.0,394174412.0,13.7771,14.2595,14.431
Kepler-927,1.0,289.3834807,41.3926651,0.0,0.0,14.591874,True,,False,122066280.0,122066280.0,14.1134,14.6011,14.817
Kepler-928,1.0,289.920676,41.5427758,0.083,1.4579999446868896,15.307943,True,,False,122136712.0,122136712.0,14.6488,15.3227,15.586
Kepler-93,1.0,291.4181275,38.6723124,0.068,6.068999767303467,9.86859,True,,False,137151335.0,137151335.0,9.4087,9.86249,9.996
Kepler-930,1.0,298.3144494,42.2473698,0.0,0.0,13.750933,True,,False,274031725.0,274031725.0,13.296,13.7625,13.89
Kepler-931,1.0,297.1326937,42.7682885,7.442,18110.0,14.682259,True,,False,272945038.0,272945038.0,13.8613,14.488,14.643
Kepler-932,1.0,296.9520797,43.2720233,0.047,1.194000005722046,14.123757,True,,False,272715773.0,272715773.0,13.5528,14.136,14.308
Kepler-933,1.0,289.5685257,43.5385438,0.0,0.0,15.424857,True,,False,159099716.0,159099716.0,14.891,15.4379,15.614
Kepler-934,1.0,290.2884494,43.7552623,0.0,2.1300000829007357e-15,15.019379,True,,False,159379942.0,159379942.0,14.4147,15.0341,15.238
Kepler-935,1.0,295.0217193,46.6192011,0.0,0.0,14.888175,True,,False,271424795.0,271424795.0,14.2384,14.9002,15.01
Kepler-938,1.0,294.7890593,46.9839352,1.178,71.87999725341797,15.613427,True,,False,271253308.0,271253308.0,14.513,,15.148
Kepler-94,1.0,281.1947316,47.4972606,0.071,5.659999847412109,12.847768,True,,False,123309556.0,123309556.0,12.1773,12.8567,13.071
Kepler-942,1.0,294.9550809,44.1499518,0.026,0.732200026512146,13.054259,True,,False,271349932.0,271349932.0,12.4092,13.0663,13.25
Kepler-943,1.0,284.2739322,41.5349809,0.0,2.1449999776054253e-15,15.626539,True,,False,120106432.0,120106432.0,15.1403,15.6387,15.76
Kepler-946,1.0,300.9295551,44.028671,0.0,0.0,14.911384,True,,False,185057567.0,185057567.0,14.4304,14.9234,15.011
Kepler-948,1.0,293.3002774,41.5233244,0.009,0.026739999651908875,14.773179,True,,False,138099276.0,138099276.0,14.2762,14.7858,14.811
Kepler-949,1.0,298.6079128,46.45366,0.0,0.0,14.496916,True,,False,268060310.0,268060310.0,13.9076,14.5084,14.718
Kepler-95,1.0,284.4824281,44.397891,0.041,2.065999984741211,12.297433,True,,False,164726946.0,164726946.0,11.8371,12.3044,12.382
Kepler-950,1.0,287.9565768,41.1302834,0.035,0.18809999525547028,15.669654,True,,False,121461701.0,121461701.0,15.1989,15.6813,16.0
Kepler-951,1.0,287.7375794,38.1146488,0.0,2.0780000949940838e-15,14.482099,True,,False,121395761.0,121395761.0,13.8324,14.4908,14.841
Kepler-952,1.0,285.3718781,41.9938697,0.0,0.0,15.177178,True,,False,120495241.0,120495241.0,14.6961,15.1882,15.323
Kepler-953,1.0,288.9716297,44.6246451,1.42,3134.0,12.245716,True,,False,158933249.0,158933249.0,11.6455,12.1425,11.871
Kepler-954,1.0,295.8594318,47.9396001,0.081,6.214000225067139,12.937717,True,,False,27645404.0,27645404.0,12.3187,12.9432,13.095
Kepler-955,1.0,288.4714969,40.2698157,0.0,0.0,14.615865,True,,False,121603761.0,121603761.0,14.0613,14.6273,14.734
Kepler-956,1.0,292.5308289,49.0616555,0.0,0.0,13.276112,True,,False,424867045.0,424867045.0,12.8689,13.2889,13.387
Kepler-957,1.0,290.1563633,48.818971,0.0,0.0,15.679031,True,,False,267748934.0,267748934.0,15.0443,15.6906,15.833
Kepler-958,1.0,287.2566578,46.0667247,0.0,0.0,13.727004,True,,False,158416263.0,158416263.0,13.2205,13.7299,13.91
Kepler-959,1.0,292.171185,40.8113849,0.06,5.015999794006348,12.456956,True,,False,137411481.0,137411481.0,12.1723,12.466,12.606
Kepler-96,1.0,297.0698263,40.5252039,0.073,6.992000102996826,10.299055,True,,False,169081296.0,169081296.0,9.85155,10.2971,10.568
Kepler-960,1.0,281.4572217,46.7465538,0.0,0.0,13.828304,True,,False,123357476.0,123357476.0,13.1799,13.8413,14.127
Kepler-961,1.0,282.0354942,43.6312491,0.0,0.0,14.031718,True,,False,351803452.0,351803452.0,13.561,14.043,14.204
Kepler-962,1.0,295.3131906,46.2375024,0.0,0.0,13.544698,True,,False,271546798.0,271546798.0,13.0446,13.558,13.68
Kepler-963,1.0,296.7529742,45.0411049,0.0,0.0,14.900497,True,,False,272605867.0,272605867.0,14.3642,14.9116,15.091
Kepler-964,1.0,295.300065,40.5565792,0.0,0.0,13.888661,True,,False,139155506.0,139155506.0,13.3653,13.9025,14.061
Kepler-965,1.0,298.5153169,41.8912305,0.0,2.205999902334891e-15,13.321582,True,,False,274118253.0,274118253.0,12.8902,13.3334,13.488
Kepler-966,1.0,297.270576,50.1218365,0.0,0.0,14.432202,True,,False,28159758.0,28159758.0,13.9185,14.4435,14.731
Kepler-967,1.0,286.5580128,38.4052418,1.217,662.7999877929688,14.472995,True,,False,120962548.0,120962548.0,13.8681,14.4513,14.702
Kepler-968,1.0,285.6025889,50.1120401,0.0,0.0,14.238413,True,,False,350814607.0,350814607.0,13.5348,14.2499,14.626
Kepler-969,1.0,288.3724989,47.9335642,0.0,0.0,13.708347,True,,False,158785055.0,158785055.0,13.1696,13.7221,13.865
Kepler-97,1.0,287.3265292,48.6733443,0.15,25.360000610351562,12.808651,True,,False,399951991.0,399951991.0,12.3726,12.813,12.994
Kepler-970,1.0,289.6252192,40.7087351,0.0,0.0,14.787589,True,,False,122069243.0,122069243.0,14.0576,14.8058,15.21
Kepler-971,1.0,284.0945699,41.1828131,0.612,368.6000061035156,13.212589,True,,False,120105003.0,120105003.0,12.685,13.2181,13.483
Kepler-972,1.0,295.828679,43.4254371,0.068,1.2230000495910645,14.879544,True,,False,271967039.0,271967039.0,14.4157,14.8925,15.084
Kepler-973,1.0,290.1653203,49.9238126,0.61,307.29998779296875,13.242031,True,,False,267747398.0,267747398.0,12.6708,13.234,13.478
Kepler-974,1.0,285.0131082,40.2209547,0.023,0.24199999868869781,14.395094,True,,False,120418600.0,120418600.0,13.3179,14.4126,15.295
Kepler-975,1.0,290.54851,38.4952415,0.0,0.0,14.438938,True,,False,122450762.0,122450762.0,13.7862,14.4518,14.633
Kepler-976,1.0,289.8696232,46.7296855,0.0,0.0,15.791147,True,,False,159174942.0,159174942.0,15.2083,15.8033,15.861
Kepler-977,1.0,291.5161959,42.2480736,0.0,0.0,14.810096,True,,False,159768168.0,159768168.0,14.2491,14.8235,14.754
Kepler-978,1.0,286.7107166,43.0433585,2.088,3411.0,13.41058,True,,False,158317637.0,158317637.0,12.9744,13.3744,13.513
Kepler-979,1.0,300.3712023,46.4081872,0.0,0.0,14.612899,True,,False,239285770.0,239285770.0,14.0319,14.625,14.882
Kepler-98,1.0,285.6616933,37.9645672,0.049,2.808000087738037,12.85913,True,,False,120629799.0,120629799.0,12.3704,12.8694,12.996
Kepler-980,1.0,294.6129869,45.060174,0.0,0.0,14.10141,True,,False,271162671.0,271162671.0,13.6618,14.1122,14.221
Kepler-981,1.0,289.2489051,47.6501141,0.0,0.0,14.695473,True,,False,158984916.0,158984916.0,14.2241,14.7044,14.875
Kepler-982,1.0,288.4176803,46.5904531,0.109,11.859999656677246,12.973438,True,,False,158730203.0,158730203.0,12.6552,12.9868,13.099
Kepler-983,1.0,285.1042243,45.0080745,2.932,6115.0,13.989744,True,,False,164882868.0,164882868.0,13.58,13.9863,14.1125
Kepler-984,1.0,296.9588566,46.3940661,0.0,0.0,13.456031,True,,False,272837755.0,272837755.0,12.9591,13.4677,13.599
Kepler-985,1.0,290.144339,44.0498808,0.0,0.0,14.710267,True,,False,159305424.0,159305424.0,14.1993,14.7169,14.904
Kepler-986,1.0,293.0940391,42.8964457,0.0,0.0,13.629305,True,,False,275494853.0,275494853.0,13.154,13.6421,13.69
Kepler-987,1.0,289.4110582,46.1308443,0.0,0.0,14.967371,True,,False,159050004.0,159050004.0,14.5047,14.9789,15.171
Kepler-988,1.0,290.7082585,42.2372245,0.0,0.0,15.196587,True,,False,159446957.0,159446957.0,14.2903,15.2131,15.578
Kepler-989,1.0,281.5827983,47.2334674,0.0,0.0,14.396389,True,,False,123357893.0,123357893.0,13.8128,14.4083,14.717
Kepler-99,1.0,297.3539994,41.3000452,0.109,11.850000381469727,12.949096,True,,False,169462917.0,169462917.0,12.3048,12.9618,13.206
Kepler-990,1.0,297.9381813,46.8813194,0.065,1.6460000276565552,14.483756,True,,False,273591945.0,273591945.0,14.003,14.4949,14.716
Kepler-991,1.0,297.0905543,49.6264867,0.0,0.0,15.133897,True,,False,28084836.0,28084836.0,14.4038,15.1476,15.626
Kepler-992,1.0,284.4304085,47.6416613,0.0,0.0,13.378346,True,,False,164723619.0,164723619.0,12.7701,13.3901,13.557
Kepler-993,1.0,292.6141076,44.3946644,0.0,0.0,15.908275,True,,False,63365721.0,63365721.0,14.8953,15.9243,16.608
Kepler-994,1.0,289.0720752,47.406918,0.048,0.9674999713897705,14.448681,True,,False,158983792.0,158983792.0,13.4895,14.4653,15.046
Kepler-995,1.0,284.6157154,39.130998,0.085,1.9479999542236328,14.877046,True,,False,120315006.0,120315006.0,14.311,14.8814,15.173
Kepler-996,1.0,291.9127633,41.5335891,0.0,0.0,14.626724,True,,False,351072172.0,351072172.0,14.1788,14.6387,14.717
Kepler-997,1.0,289.2333767,49.9388952,0.076,7.629000186920166,11.842578,True,,False,299159378.0,299159378.0,11.4594,11.8477,11.521
Kepler-998,1.0,296.7541629,49.2087085,0.0,0.0,14.328432,True,,False,27914290.0,27914290.0,13.8748,14.3408,14.463
Kepler-999,1.0,299.6604865,46.1984679,0.052,3.944999933242798,12.227334,True,,False,269032792.0,269032792.0,11.8208,12.2343,12.364
LHS_1140,1.0,11.248632,-15.2741085,0.28,73.91000366210938,12.653936,True,,False,,,,,
LHS_1478,1.0,44.3388743,76.5514045,0.143,28.75,12.248125,True,,False,,,,,
LHS_1678,1.0,68.1789866,-39.7908744,0.153,39.939998626708984,11.532965,True,,False,,,,,
LHS_1815,1.0,91.0899861,-55.3115376,0.149,34.54999923706055,11.231623,True,,False,,,,,
LHS_1903,1.0,107.865826,48.3279327,0.133,25.610000610351562,11.393926,True,,False,,,,,
LHS_3154,1.0,241.6367309,40.9068221,0.316,27.68000030517578,14.829432,True,,False,,,,,
LHS_3844,1.0,340.4962038,-69.1721081,0.155,19.15999984741211,13.36496,True,,False,,,,,
LHS_475,1.0,290.2379403,-82.5597883,0.188,49.7400016784668,11.412538,True,,False,,,,,
LP_261-75_A,1.0,147.7685281,35.9685562,0.136,11.34000015258789,13.804367,True,,False,67646988.0,67646988.0,12.4368,13.833,15.436
LP_714-47,1.0,64.1902212,-12.0848643,0.109,17.149999618530273,11.722184,True,,False,70899085.0,70899085.0,10.7329,11.7282,12.492
LP_791-18,1.0,165.6904843,-16.4064445,0.189,6.199999809265137,15.032986,True,,False,181804752.0,181804752.0,13.5571,15.0715,16.91
LP_890-9,1.0,64.1309096,-28.3157909,0.28,10.350000381469727,15.791257,True,,False,,,,,
LSPM_J21160234,1.0,319.1147513,2.5807711,0.147,37.689998626708984,10.861241,True,,False,387518186.0,387518186.0,9.68194,10.8595,11.961
LTT_1445_A,1.0,45.4624781,-16.5944956,0.158,33.70000076293945,10.058402,True,,False,,,,,
LTT_3780,1.0,154.6449033,-11.717801,0.186,38.66999816894531,11.837257,True,,False,,,,,
LTT_9779,1.0,358.6688767,-37.6282237,0.082,7.574999809265137,9.605565,True,,False,183985250.0,183985250.0,9.1031,9.60006,9.79
L_168-9,1.0,350.0285917,-60.0657292,0.215,85.97000122070312,10.237262,True,,False,,,,,
L_363-38,1.0,10.8555443,-41.2952926,0.278,139.3000030517578,11.55792,True,,False,,,,,
L_98-59,1.0,124.5328604,-68.3144658,0.171,41.79999923706055,10.605513,True,,False,,,,,
LkCa_15,1.0,69.8241791,22.3508662,0.155,34.45000076293945,11.591105,True,,False,118681038.0,118681038.0,10.7873,11.5887,12.025
Luhman_16_A,1.0,162.3282594,-53.3193715,0.646,0.26429998874664307,20.110569,True,,False,119862115.0,119862115.0,19.6025,20.1408,20.3544
Lupus-TR-3,1.0,232.5774696,-42.9799461,0.0,1.8969999538359173e-15,18.726587,True,,False,153091721.0,153091721.0,17.7596,18.765,19.6202
MASCARA-1,1.0,317.5515264,10.7388967,0.134,16.260000228881836,8.253352,True,,False,354619337.0,354619337.0,8.08821,8.24243,8.28
MASCARA-4,1.0,147.5800667,-66.1139253,0.139,12.069999694824219,8.185563,True,,False,371443216.0,371443216.0,8.0552,8.17401,8.191
MOA-2007-BLG-192L,1.0,272.0158333,-27.150075,0.718,5.564000129699707,17.791735,True,,False,1605657134.0,1605657134.0,16.8955,17.7998,18.491
MOA-2007-BLG-400L,1.0,272.4249167,-29.2241528,3.026,14.149999618530273,19.239937,True,,False,1590510112.0,1590510112.0,18.8152,19.2452,
MOA-2008-BLG-310L,1.0,268.560542,-34.7780528,4.052,49.52000045776367,18.911327,True,,False,514179999.0,514179999.0,18.2295,18.6595,
MOA-2008-BLG-379L,1.0,269.706,-30.1969306,12.919,168.3000030517578,19.690428,True,,False,1425026293.0,1425026293.0,19.3234,19.7534,
MOA-2009-BLG-319L,1.0,271.742208,-26.8196917,2.54,7.678999900817871,19.260271,True,,False,1606577766.0,1606577766.0,18.5579,19.316,19.764
MOA-2009-BLG-387L,1.0,268.461625,-33.9903333,8.375,31.799999237060547,19.996971,True,,False,1416582731.0,1416582731.0,19.3451,19.7751,
MOA-2010-BLG-117L,1.0,271.95697,-25.3446388,0.614,3.5859999656677246,17.960215,True,,False,1612830930.0,1612830930.0,17.0311,17.9825,18.7724
MOA-2010-BLG-328L,1.0,269.496333,-30.715175,4.761,4.196000099182129,20.231579,True,,False,261599699.0,261599699.0,15.0135,16.3947,17.7384
MOA-2010-BLG-353L,1.0,271.303917,-27.2932333,0.0,0.0,19.131025,True,,False,1606017222.0,1606017222.0,15.8706,16.7118,17.2873
MOA-2010-BLG-477L,1.0,271.531006,-31.4544773,7.975,190.1999969482422,18.893202,True,,False,1583884767.0,1583884767.0,18.2423,18.6723,
MOA-2011-BLG-028L,1.0,270.854,-29.2134167,0.256,2.875,16.416182,True,,False,406391843.0,406391843.0,15.5434,16.4256,17.0741
MOA-2011-BLG-262L,1.0,270.097833,-31.2452583,2.839,1.7929999828338623,20.27824,True,,False,1568700508.0,1568700508.0,19.7462,20.1762,
MOA-2011-BLG-291L,1.0,268.867889,-29.1706657,1.934,13.380000114440918,18.667671,True,,False,1426336087.0,1426336087.0,18.1875,18.6175,
MOA-2011-BLG-322L,1.0,271.223333,-27.2209444,0.211,0.48809999227523804,17.68953,True,,False,1606034766.0,1606034766.0,17.2901,17.7201,
MOA-2012-BLG-006L,1.0,270.442963,-29.108778,0.234,0.95169997215271,17.395357,True,,False,1603400856.0,1603400856.0,16.9722,17.4022,
MOA-2012-BLG-505L,1.0,268.143097,-32.0400925,2.015,26.81999969482422,18.33788,True,,False,1418650070.0,1418650070.0,17.2694,18.3063,19.3077
MOA-2013-BLG-605L,1.0,272.019257,-29.7315826,1.025,1.0210000276565552,19.337135,True,,False,1588633599.0,1588633599.0,18.8318,19.2618,
MOA-2015-BLG-337L,1.0,271.9487,-28.1702785,6.724,12.619999885559082,19.807444,True,,False,1592016043.0,1592016043.0,19.4386,19.8686,
MOA-2016-BLG-227L,1.0,271.473755,-27.7142868,0.7,5.466000080108643,17.727528,True,,False,1605021462.0,1605021462.0,17.0301,17.7363,18.1168
MOA-2016-BLG-319L,1.0,268.742218,-29.7504635,1.401,12.760000228881836,18.378511,True,,False,1426084213.0,1426084213.0,17.43,18.3719,19.1408
MOA-2019-BLG-008L,1.0,267.982875,-29.9897306,0.465,4.910999774932861,17.405287,True,,False,1425725755.0,1425725755.0,16.3732,17.435,18.5071
MOA-2020-BLG-135L,1.0,268.4235,-29.8075667,0.904,23.479999542236328,17.118227,True,,False,1426119473.0,1426119473.0,16.1454,17.1325,18.005
MOA-bin-1L,1.0,261.7925,-29.7939722,2.217,5.629000186920166,19.505602,True,,False,1429745787.0,1429745787.0,18.6484,19.4996,20.0924
MOA-bin-29,1.0,269.3759583,-29.7365639,0.064,0.12790000438690186,17.118671,True,,False,1425360139.0,1425360139.0,16.1305,17.1408,18.0715
MWC_758,1.0,82.6147199,25.3324076,0.145,11.65999984741211,8.220417,True,,False,73816033.0,73816033.0,7.98269,8.19951,8.27
MXB_1658-298,1.0,255.5272522,-29.9455833,0.0,0.0,19.000957,True,,False,1392293741.0,1392293741.0,19.0966,19.4407,19.5362
NGC_2682_Sand_1429,1.0,133.0147781,11.6899626,0.053,3.615999937057495,12.572901,True,,False,437039505.0,437039505.0,12.1926,12.5858,12.704
NGC_2682_Sand_978,1.0,132.8228085,11.7562959,0.055,4.01200008392334,9.258214,True,,False,437039060.0,437039060.0,8.4997,9.25286,9.814
NGC_2682_YBP_1194,1.0,132.7533077,11.8146537,0.0,2.0980000251864155e-15,14.453478,True,,False,437034946.0,437034946.0,14.012,14.4666,14.569
NGC_2682_YBP_1514,1.0,132.7531307,11.8865128,0.0,0.0,14.606981,True,,False,437034879.0,437034879.0,14.1424,14.6201,14.684
NGC_2682_YBP_401,1.0,132.8293081,11.6710271,0.0,0.0,13.576005,True,,False,437038987.0,437038987.0,13.1954,13.5888,13.699
NGTS-1,1.0,82.7142134,-36.6309812,0.0,0.0,14.848972,True,,False,192826603.0,192826603.0,13.9143,14.8661,15.667
NGTS-10,1.0,91.8722801,-25.5948963,1.823,1800.0,14.314493,True,,False,37348844.0,37348844.0,13.605,14.2604,14.506
NGTS-11,1.0,23.5214497,-14.4191493,0.067,5.560999870300293,12.177389,True,,False,54002556.0,54002556.0,11.6235,12.1895,12.456
NGTS-12,1.0,176.2499418,-35.640563,0.051,4.098999977111816,12.118429,True,,False,157230659.0,157230659.0,11.6634,12.1279,12.382
NGTS-13,1.0,176.2402326,-38.1397158,0.027,0.9348000288009644,12.557459,True,,False,454069765.0,454069765.0,12.1137,12.5691,12.744
NGTS-14_A,1.0,328.5174799,-38.3774193,0.0,0.0,13.089006,True,,False,197643976.0,197643976.0,12.5638,13.0986,13.268
NGTS-15,1.0,73.3553101,-32.8003484,0.0,0.0,14.416103,True,,False,1333933.0,1333933.0,13.9636,14.4299,14.669
NGTS-17,1.0,72.9005729,-34.2262128,0.018,0.16459999978542328,14.200201,True,,False,1309019.0,1309019.0,13.7671,14.2136,14.412
NGTS-18,1.0,180.5462193,-35.5486091,0.0,0.0,14.37828,True,,False,142211778.0,142211778.0,13.9069,14.3896,14.588
NGTS-2,1.0,215.1227617,-31.2020698,0.095,10.170000076293945,10.862703,True,,False,125739286.0,125739286.0,10.5288,10.8605,10.789
NGTS-20,1.0,46.2926368,-21.9336472,0.118,21.969999313354492,11.027086,True,,False,257527578.0,257527578.0,10.6509,11.0313,11.233
NGTS-21,1.0,311.2583112,-35.4278412,0.0,0.0,15.210128,True,,False,441422655.0,441422655.0,14.5499,15.224,15.506
NGTS-23,1.0,70.4322947,-40.0445299,0.0,0.0,13.940592,True,,False,77287067.0,77287067.0,13.5861,13.9535,14.126
NGTS-24,1.0,168.5638892,-37.9101328,0.041,1.6759999990463257,13.04104,True,,False,151920165.0,151920165.0,12.5695,13.0525,13.214
NGTS-26,1.0,217.6832961,-31.7324526,0.027,0.18160000443458557,14.713964,True,,False,392747437.0,392747437.0,14.2229,14.7261,15.009
NGTS-27,1.0,206.0265266,-32.5229747,0.0,0.0,13.335699,True,,False,305739565.0,305739565.0,12.885,13.3475,13.523
NGTS-30,1.0,173.714867,-24.6054801,0.065,7.2729997634887695,12.164569,True,,False,322807371.0,322807371.0,11.6707,12.1755,12.537
NGTS-31,1.0,80.4212533,-38.656827,1.266,1539.0,13.336307,True,,False,167714124.0,167714124.0,12.8482,13.303,13.519
NGTS-33,1.0,107.8333348,-35.8505185,0.113,22.059999465942383,11.394209,True,,False,97921547.0,97921547.0,11.1007,11.3976,11.604
NGTS-34,1.0,162.4997176,-44.5478575,0.089,13.359999656677246,9.140714,True,,False,147277741.0,147277741.0,8.7504,9.13346,9.229
NGTS-35,1.0,170.276336,-26.0666162,0.071,7.067999839782715,12.701563,True,,False,333736132.0,333736132.0,12.0742,12.7159,13.059
NGTS-3_A,1.0,94.4447595,-35.706364,0.052,1.215000033378601,14.473876,True,,False,124778445.0,124778445.0,13.9819,14.4878,14.669
NGTS-4,1.0,89.5988945,-30.8117992,0.089,9.472000122070312,12.899195,True,,False,143143769.0,143143769.0,12.3686,12.9092,13.138
NGTS-5,1.0,221.0582692,5.6053735,0.0,0.0,13.516322,True,,False,368739874.0,368739874.0,12.9463,13.526,13.789
NGTS-6,1.0,75.795382,-30.3994612,0.033,0.8593000173568726,13.801971,True,,False,1528696.0,1528696.0,13.1686,13.8175,14.237
NGTS-8,1.0,328.9759206,-14.0684399,0.052,1.8309999704360962,13.49443,True,,False,102068384.0,102068384.0,12.9376,13.4954,13.69
NGTS-9,1.0,141.9206435,-19.3476477,0.024,0.7603999972343445,12.644056,True,,False,176685457.0,176685457.0,12.2682,12.6547,12.868
NN_Ser,1.0,238.2337015,12.9120871,0.146,1.1920000314712524,16.531082,True,,False,172608008.0,172608008.0,16.7986,16.5905,16.943
NSVS_14256825,1.0,305.001946,4.6323715,0.226,48.95000076293945,13.220149,True,,False,404635917.0,404635917.0,13.384,13.2452,13.296
NY_Vir,1.0,204.7005847,-2.0303873,0.265,51.790000915527344,13.366823,True,,False,175402069.0,175402069.0,14.021,13.3943,13.496
OGLE-2003-BLG-235L,1.0,271.318125,-28.895,1.37,14.59000015258789,18.055496,True,,False,1589968631.0,1589968631.0,17.6209,18.0509,
OGLE-2005-BLG-071L,1.0,267.540708,-34.6731944,8.544,45.220001220703125,19.868069,True,,False,1413056150.0,1413056150.0,16.8125,17.2425,
OGLE-2005-BLG-169L,1.0,271.522167,-30.7326389,0.0,0.0,18.579893,True,,False,1587682205.0,1587682205.0,17.8202,18.5972,19.0719
OGLE-2005-BLG-390L,1.0,268.579958,-30.3773056,1.218,36.84000015258789,17.263777,True,,False,1424766252.0,1424766252.0,16.8244,17.2544,
OGLE-2006-BLG-109L,1.0,268.143792,-30.0877778,1.121,10.359999656677246,18.106207,True,,False,1425703229.0,1425703229.0,17.0404,18.0767,19.0764
OGLE-2007-BLG-349L_A,1.0,271.351807,-26.4219437,2.169,3.180000066757202,19.805702,True,,False,1606895953.0,1606895953.0,18.7497,19.6125,20.2256
OGLE-2007-BLG-368L,1.0,269.108167,-32.2374167,0.291,2.365000009536743,17.16653,True,,False,260252985.0,260252985.0,16.2091,17.1807,18.0165
OGLE-2008-BLG-092L,1.0,267.540708,-34.6731944,8.544,45.220001220703125,19.868069,True,,False,1413056150.0,1413056150.0,16.8125,17.2425,
OGLE-2008-BLG-355L,1.0,269.786708,-30.7594722,2.259,0.9969000220298767,20.343302,True,,False,1419884960.0,1419884960.0,19.388,19.818,
OGLE-2011-BLG-0173L,1.0,269.315735,-28.2338619,0.407,4.103000164031982,17.3667,True,,False,136017377.0,136017377.0,16.2292,17.2859,18.3432
OGLE-2011-BLG-0251L,1.0,264.559083,-27.1361389,0.106,0.2732999920845032,17.222473,True,,False,1435733794.0,1435733794.0,15.7178,17.2458,
OGLE-2011-BLG-0265L,1.0,269.448833,-27.3945278,2.177,14.239999771118164,18.921402,True,,False,1440656392.0,1440656392.0,17.8266,18.9134,20.0612
OGLE-2012-BLG-0026L,1.0,263.577917,-27.14275,5.813,38.369998931884766,19.788986,True,,False,1437133278.0,1437133278.0,18.7423,19.7852,20.803
OGLE-2012-BLG-0358L,1.0,265.694875,-24.261,0.0,0.0,17.755423,True,,False,192813661.0,192813661.0,16.709,17.7962,18.9453
OGLE-2012-BLG-0406L,1.0,268.325708,-30.4711667,1.284,21.719999313354492,17.837725,True,,False,1424714550.0,1424714550.0,17.348,17.778,
OGLE-2012-BLG-0563L,1.0,271.4905,-27.712,5.636,85.63999938964844,18.962286,True,,False,1605007435.0,1605007435.0,18.5087,18.9387,
OGLE-2012-BLG-0724L,1.0,268.9682917,-29.8185278,1.206,1.9609999656677246,19.613585,True,,False,1425304422.0,1425304422.0,19.142,19.572,
OGLE-2012-BLG-0838L,1.0,273.003083,-25.7116111,1.221,4.938000202178955,18.855902,True,,False,1609636979.0,1609636979.0,17.9855,18.8146,19.37
OGLE-2013-BLG-0102L,1.0,268.0295,-31.6905833,1.047,5.491000175476074,18.635897,True,,False,1423541116.0,1423541116.0,17.5075,18.6142,19.8259
OGLE-2013-BLG-0132L,1.0,269.764618,-28.4210281,1.043,31.610000610351562,16.676474,True,,False,506882686.0,506882686.0,16.2414,16.6714,
OGLE-2013-BLG-0341L_B,1.0,268.031208,-29.8461111,2.835,2.7130000591278076,20.04158,True,,False,1425912753.0,1425912753.0,18.3621,19.4623,20.6528
OGLE-2013-BLG-0911L,1.0,268.88325,-29.2538333,2.353,1.6419999599456787,19.79454,True,,False,1426296445.0,1426296445.0,16.03,17.0418,17.9763
OGLE-2013-BLG-1721L,1.0,268.126556,-30.2926941,1.245,2.0429999828338623,19.418234,True,,False,1425530492.0,1425530492.0,19.0005,19.4305,
OGLE-2013-BLG-1761L,1.0,268.409485,-28.8952713,2.68,152.89999389648438,17.527082,True,,False,132516572.0,132516572.0,16.8965,17.3265,
OGLE-2014-BLG-0124L,1.0,270.6217083,-28.39625,1.607,6.3520002365112305,18.833244,True,,False,1604029243.0,1604029243.0,18.2864,18.7164,
OGLE-2014-BLG-0319L,1.0,266.9611667,-33.9350444,1.604,4.425000190734863,19.300125,True,,False,1414681135.0,1414681135.0,18.7976,19.2276,
OGLE-2014-BLG-0676L,1.0,268.1020833,-30.5483889,0.698,6.354000091552734,17.873844,True,,False,445101023.0,445101023.0,16.7363,17.9003,
OGLE-2014-BLG-1722L,1.0,268.75238,-31.4690552,47.864,2669.0,19.43505,True,,False,1419531655.0,1419531655.0,18.9608,19.3908,
OGLE-2015-BLG-0051L,1.0,269.662537,-28.0316944,0.449,2.055000066757202,18.060389,True,,False,1439858522.0,1439858522.0,17.0413,18.1126,19.2127
OGLE-2015-BLG-0954L,1.0,270.184333,-28.6608889,2.226,7.375999927520752,18.955881,True,,False,1603927060.0,1603927060.0,17.5008,18.2898,18.7823
OGLE-2015-BLG-0966L,1.0,268.75425,-29.0471111,0.0,0.0,20.244377,True,,False,1426554541.0,1426554541.0,19.0614,19.4914,
OGLE-2015-BLG-1649L,1.0,271.2050417,-32.6330278,0.0,0.0,20.08722,True,,False,1566765796.0,1566765796.0,19.5732,20.0032,
OGLE-2015-BLG-1670L,1.0,268.1587917,-28.5519167,2.537,0.84170001745224,20.545752,True,,False,1427248070.0,1427248070.0,19.1787,19.6087,
OGLE-2015-BLG-1771L,1.0,268.799,-28.86275,0.0,0.0,20.05085,True,,False,1426579661.0,1426579661.0,18.6018,19.0318,
OGLE-2016-BLG-0263L,1.0,269.895416,-31.8186111,0.415,1.4509999752044678,18.22938,True,,False,1419106642.0,1419106642.0,17.2938,18.259,19.08
OGLE-2016-BLG-0613L_AB,1.0,269.260406,-28.1161671,0.152,1.1109999418258667,16.73972,True,,False,135391211.0,135391211.0,15.1917,16.774,
OGLE-2016-BLG-1067L,1.0,273.2045,-27.0126389,2.334,3.5910000801086426,19.672028,True,,False,1599645147.0,1599645147.0,19.0616,19.8529,20.3488
OGLE-2016-BLG-1093L,1.0,269.0042917,-32.7134722,2.541,1.5709999799728394,20.528666,True,,False,1417520275.0,1417520275.0,19.3259,19.7559,
OGLE-2016-BLG-1190L,1.0,269.717926,-27.6135559,3.372,4.385000228881836,19.85673,True,,False,1440026258.0,1440026258.0,19.4492,19.8792,
OGLE-2016-BLG-1195L,1.0,268.847931,-30.2072506,0.888,6.131999969482422,18.200363,True,,False,1425191540.0,1425191540.0,17.7308,18.64,19.3409
OGLE-2016-BLG-1227L,1.0,265.597125,-33.7597778,0.739,4.520999908447266,18.455105,True,,False,1421644495.0,1421644495.0,17.9784,18.4084,
OGLE-2017-BLG-0173L,1.0,267.970612,-29.2713604,1.529,5.796000003814697,19.098284,True,,False,1426457571.0,1426457571.0,18.8052,19.2352,
OGLE-2017-BLG-0373L,1.0,269.3294067,-31.9517231,0.89,1.4579999446868896,19.245121,True,,False,1419159986.0,1419159986.0,18.7975,19.2275,
OGLE-2017-BLG-0406L,1.0,268.999667,-29.8631389,0.966,3.9709999561309814,,True,,False,1425299661.0,1425299661.0,18.4373,18.8673,
OGLE-2017-BLG-0482L,1.0,269.048889,-30.5283604,0.0,0.0,19.152294,True,,False,1424562842.0,1424562842.0,18.826,19.256,
OGLE-2017-BLG-1099L,1.0,263.96425,-29.5858611,1.577,1.6699999570846558,19.88751,True,,False,1433540351.0,1433540351.0,19.4834,19.9134,
OGLE-2017-BLG-1140L,1.0,266.883057,-24.5226669,0.802,1.1349999904632568,19.333488,True,,False,1443430901.0,1443430901.0,18.217,19.2938,20.4107
OGLE-2017-BLG-1434L,1.0,268.2804667,-30.2456583,0.0,2.363999922601551e-15,17.839973,True,,False,1425631991.0,1425631991.0,17.4409,17.8709,
OGLE-2017-BLG-1522L,1.0,270.319366,-28.4619713,0.973,6.184999942779541,18.27082,True,,False,1603980655.0,1603980655.0,17.4318,18.288,18.8894
OGLE-2017-BLG-1691L,1.0,263.5938333,-29.2848306,0.776,0.15070000290870667,20.52898,True,,False,198535894.0,198535894.0,17.3203,18.5032,
OGLE-2018-BLG-0506L,1.0,267.6298333,-31.9240556,5.243,3.9760000705718994,20.750185,True,,False,1423466898.0,1423466898.0,20.1234,20.8622,21.2841
OGLE-2018-BLG-0516L,1.0,269.640125,-31.2623889,0.0,0.0,20.655485,True,,False,1419415980.0,1419415980.0,19.5333,19.9633,
OGLE-2018-BLG-0532L,1.0,269.9834167,-28.99775,0.88,9.232000350952148,17.778214,True,,False,1439056443.0,1439056443.0,17.3557,17.7857,
OGLE-2018-BLG-0567L,1.0,269.0184167,-27.9871111,1.049,3.677999973297119,18.957993,True,,False,1440253398.0,1440253398.0,17.7592,18.9751,
OGLE-2018-BLG-0596L,1.0,269.0555417,-29.1990833,0.572,1.5230000019073486,18.616198,True,,False,1426326123.0,1426326123.0,17.5613,18.6428,19.7742
OGLE-2018-BLG-0677L,1.0,268.751125,-32.0165306,0.599,13.140000343322754,16.961037,True,,False,1418516295.0,1418516295.0,16.1189,16.9355,17.4705
OGLE-2018-BLG-0740L,1.0,272.1769583,-29.8358056,0.419,2.2320001125335693,17.722832,True,,False,1588556447.0,1588556447.0,17.2972,17.7272,
OGLE-2018-BLG-0799L,1.0,273.459,-25.4857222,1.768,12.720000267028809,18.564583,True,,False,1608955669.0,1608955669.0,17.6747,18.5886,19.2989
OGLE-2018-BLG-0962L,1.0,268.1747917,-32.30925,0.404,1.965999960899353,17.877365,True,,False,1418578576.0,1418578576.0,16.8325,17.9107,19.032
OGLE-2018-BLG-1011L,1.0,269.014,-29.0828889,2.098,1.5729999542236328,19.916637,True,,False,1426333355.0,1426333355.0,19.3341,19.7641,
OGLE-2018-BLG-1185L,1.0,269.79275,-27.8350833,1.89,1.3760000467300415,20.103107,True,,False,1439904035.0,1439904035.0,19.6081,20.0381,
OGLE-2018-BLG-1269L,1.0,269.693417,-27.6179444,0.726,11.699999809265137,17.172964,True,,False,1440025947.0,1440025947.0,16.2207,17.1191,17.7985
OGLE-2018-BLG-1428L,1.0,265.548708,-26.1378889,3.048,4.289000034332275,20.432295,True,,False,1438186360.0,1438186360.0,19.3281,20.4486,21.7067
OGLE-2018-BLG-1700L,1.0,269.956042,-28.5286389,3.645,15.369999885559082,19.219965,True,,False,1439751566.0,1439751566.0,18.4267,19.209,19.6915
OGLE-2019-BLG-0299L,1.0,266.6794583,-23.5843111,2.793,2.7869999408721924,20.241615,True,,False,1445908437.0,1445908437.0,19.7759,20.2059,
OGLE-2019-BLG-0468L,1.0,266.406,-24.4472778,2.108,11.460000038146973,19.14848,True,,False,1443598965.0,1443598965.0,18.1875,19.1369,19.9223
OGLE-2019-BLG-0954L,1.0,267.91325,-29.611,0.321,1.503999948501587,17.83254,True,,False,1426008822.0,1426008822.0,17.3323,18.2711,19.0334
OGLE-2019-BLG-1053L,1.0,270.166375,-27.3415833,3.912,32.88999938964844,18.91968,True,,False,1606206849.0,1606206849.0,18.203,18.633,
OGLE-2019-BLG-1470L_A,1.0,271.9492083,-27.0335556,1.469,9.182999610900879,18.68444,True,,False,1605719685.0,1605719685.0,18.1209,18.5509,
OGLE-2019-BLG-1492L,1.0,270.0964583,-28.6311389,0.175,0.8661999702453613,16.873354,True,,False,1603941406.0,1603941406.0,16.0143,16.9034,17.565
OGLE-TR-10,1.0,267.8677483,-29.8764758,0.0,0.0,15.668955,True,,False,130150682.0,130150682.0,14.95,15.6845,16.006
OGLE-TR-111,1.0,163.324115,-61.4056976,0.0,0.0,16.51109,True,,False,465390152.0,465390152.0,15.8092,16.5277,16.707
OGLE-TR-113,1.0,163.1010355,-61.4468591,0.0,0.0,15.429529,True,,True,915110182.0,915110182.0,14.7028,15.443,15.8485
OGLE-TR-132,1.0,162.6440933,-61.9572476,0.0,0.0,16.474056,True,,False,465144510.0,465144510.0,15.958,16.4883,16.536
OGLE-TR-182,1.0,167.3279228,-61.0952624,0.0,0.0,16.664139,True,,False,466884459.0,466884459.0,16.0985,16.6783,16.9195
OGLE-TR-211,1.0,160.0598236,-62.4555353,0.358,28.65999984741211,15.060881,True,,False,390001646.0,390001646.0,14.5509,15.0702,15.364
OGLE-TR-56,1.0,269.1479583,-29.5392222,0.0,0.0,16.082968,True,,True,1425441246.0,1425441246.0,15.4172,16.0931,16.438
OGLE2-TR-L9,1.0,166.9798793,-61.1462496,0.0,0.0,14.551385,True,,False,466840711.0,466840711.0,14.1491,14.5637,14.718
PDS_70,1.0,212.0421402,-41.3980405,0.125,23.950000762939453,11.606008,True,,False,179413040.0,179413040.0,10.7787,11.5848,12.032
PH1,1.0,298.2150641,39.9550863,0.964,634.2000122070312,13.716024,True,,False,170348142.0,170348142.0,13.3065,13.6988,13.841
PH2,1.0,289.7636212,51.962683,0.057,3.9189999103546143,12.574943,True,,False,416279912.0,416279912.0,12.1351,12.5811,12.645
POTS-1,1.0,203.6087259,-66.5811639,0.053,0.09027999639511108,17.233646,True,,False,341694238.0,341694238.0,16.2949,17.2604,17.9083
PZ_Tel,1.0,283.2745823,-50.1808952,0.112,8.803000450134277,8.10166,True,,False,406095880.0,406095880.0,7.5947,8.09894,8.43
Pr0201,1.0,130.4324005,20.2268164,0.166,37.560001373291016,10.354437,True,,False,175290574.0,175290574.0,9.9678,10.3508,10.445
Pr0211,1.0,130.547744,19.276957,0.124,26.979999542236328,11.92576,True,,False,175291727.0,175291727.0,11.3854,11.9281,12.163
Proxima_Cen,1.0,217.3934657,-62.6761821,1.212,2.4779999256134033,19.021137,True,,False,388861143.0,388861143.0,16.589,,
Qatar-1,1.0,303.3818697,65.1623313,0.059,4.394000053405762,12.464713,True,,False,236887394.0,236887394.0,11.8478,12.4764,12.692
Qatar-10,1.0,284.4439052,69.5708373,0.086,9.20199966430664,12.69226,True,,False,229791084.0,229791084.0,12.2856,12.6978,12.868
Qatar-2,1.0,207.6554928,-6.8040714,0.069,3.8239998817443848,13.015017,True,,False,2521105.0,2521105.0,12.3164,13.0276,13.443
Qatar-3,1.0,359.1519716,36.2129562,0.124,17.489999771118164,12.813591,True,,False,291751373.0,291751373.0,12.355,12.8203,12.929
Qatar-4,1.0,4.859275,44.0275965,0.0,3.576999807464176e-15,13.400405,True,,False,440113053.0,440113053.0,12.8416,13.4114,13.574
Qatar-5,1.0,7.0539375,42.0613451,0.033,1.503000020980835,12.511989,True,,False,190998418.0,190998418.0,12.0401,12.5241,12.614
Qatar-6,1.0,222.2100773,22.1526136,0.164,53.06999969482422,11.134454,True,,False,311133118.0,311133118.0,10.5319,11.1249,11.496
Qatar-7,1.0,358.5151344,37.0218242,0.069,5.215000152587891,12.915158,True,,False,291685334.0,291685334.0,12.489,12.9275,13.134
Qatar-8,1.0,157.4123405,70.5270835,0.123,26.350000381469727,11.344998,True,,False,103751498.0,103751498.0,10.9101,11.3494,11.71
Qatar-9,1.0,160.748095,60.9641194,0.0,0.0,13.673022,True,,False,149918151.0,149918151.0,12.9178,13.6871,14.023
ROXs_12,1.0,246.6167993,-25.446695,0.0,0.0,13.274388,True,,False,175595883.0,175595883.0,12.1917,13.2655,14.763
ROXs_42_B,1.0,247.8125493,-24.545577,0.186,25.969999313354492,13.091431,True,,False,318449007.0,318449007.0,11.9975,13.1164,14.661
RR_Cae,1.0,65.2733756,-48.6542601,0.175,19.350000381469727,13.643824,True,,False,,,,,
Ross_128,1.0,176.9376036,0.7992898,0.216,53.119998931884766,9.601,True,,False,,,,,
Ross_176,1.0,305.6897438,47.3086191,0.097,14.5600004196167,11.270322,True,,False,193336820.0,193336820.0,10.4382,11.2715,11.524
Ross_458,1.0,195.1912147,12.3755996,0.92,1064.0,8.89914,True,,False,,,,,
Ross_508,1.0,230.9613022,17.4605347,0.265,89.12999725341797,12.195167,True,,False,,,,,
SR_12_AB,1.0,246.8312363,-24.6946687,7.121,59740.0,12.210308,True,,False,175629526.0,175629526.0,11.1416,12.1811,13.355
SWEEPS-11,1.0,269.7583333,-29.1981944,0.242,0.21610000729560852,18.631527,True,,False,1439005257.0,1439005257.0,18.197,18.627,
SWEEPS-4,1.0,269.7246667,-29.1890556,2.172,9.258999824523926,18.828459,True,,False,1439006060.0,1439006060.0,18.4132,18.8432,
TAP_26,1.0,64.715445,17.3878826,0.068,6.334000110626221,11.806791,True,,False,435907158.0,435907158.0,11.0886,11.8101,12.5
TIC_117642575,1.0,9.4800698,-37.0662905,0.095,13.239999771118164,10.844636,True,,False,117642575.0,117642575.0,10.4182,10.8411,11.029
TIC_139270665,1.0,124.0338967,33.2914532,0.084,7.953000068664551,10.183867,True,,False,139270665.0,139270665.0,9.78559,10.1805,10.385
TIC_139702105,1.0,66.498034,-18.214545,0.146,29.389999389648438,9.470934,True,,False,139702105.0,139702105.0,8.9996,9.45649,9.651
TIC_142589416,1.0,168.2439697,73.8301439,0.0,0.0,13.561053,True,,False,142589416.0,142589416.0,12.7674,13.575,14.021
TIC_147027702,1.0,161.7728559,-43.9317971,0.125,26.93000030517578,10.989999,True,,False,147027702.0,147027702.0,10.63,10.9899,11.286
TIC_150070085,1.0,110.1432005,53.5469842,0.074,9.300000190734863,10.994719,True,,False,150070085.0,150070085.0,10.5795,10.995,11.165
TIC_153919886,1.0,171.8440734,68.1810449,0.0,0.0,13.730022,True,,False,153919886.0,153919886.0,12.7637,13.7447,14.406
TIC_154870955,1.0,191.7456685,88.8298759,0.027,0.7152000069618225,13.18325,True,,False,154870955.0,154870955.0,12.5525,13.1947,13.43
TIC_160113658,1.0,59.4555606,-41.6320332,0.055,3.8450000286102295,12.73061,True,,False,160113658.0,160113658.0,12.1142,12.7393,12.957
TIC_161045582,1.0,223.6258514,49.097725,0.052,3.8410000801086426,10.58899,True,,False,161045582.0,161045582.0,10.1562,10.5887,10.642
TIC_172900988_Aa,1.0,128.6616644,31.5539793,0.069,5.708000183105469,10.05324,True,,False,172900988.0,172900988.0,9.6319,10.0477,10.141
TIC_178172313,1.0,43.4062672,-32.077048,0.157,52.349998474121094,11.773532,True,,False,178172313.0,178172313.0,11.2523,11.7749,11.924
TIC_188624430,1.0,258.5566927,53.7060189,0.042,1.812000036239624,13.008722,True,,False,188624430.0,188624430.0,12.5046,13.0202,13.195
TIC_18942729,1.0,119.2150697,16.6772341,0.066,6.355999946594238,12.268615,True,,False,18942729.0,18942729.0,11.5339,12.2782,12.545
TIC_198190129,1.0,246.3322839,60.3771414,0.034,0.9760000109672546,13.238875,True,,False,198190129.0,198190129.0,12.4441,13.2525,13.704
TIC_206466666,1.0,56.7694828,-52.3667509,0.09,11.869999885559082,12.154116,True,,False,206466666.0,206466666.0,11.5299,12.1599,12.476
TIC_231949697,1.0,94.2576817,-43.3661845,0.091,11.699999809265137,12.356539,True,,False,231949697.0,231949697.0,11.3301,12.3686,13.188
TIC_237913194,1.0,22.4458116,-60.7399096,0.069,7.6020002365112305,11.930126,True,,False,237913194.0,237913194.0,11.4864,11.9371,12.144
TIC_241249530,1.0,95.3088995,53.2950203,0.101,16.3799991607666,11.559281,True,,False,241249530.0,241249530.0,11.1328,11.565,11.908
TIC_245076932,1.0,198.0634857,-51.214433,0.16,44.369998931884766,11.462703,True,,False,245076932.0,245076932.0,11.0356,11.4654,11.727
TIC_24750448,1.0,26.1958598,-68.6447552,0.035,1.1729999780654907,13.212086,True,,False,24750448.0,24750448.0,12.4972,13.2265,13.518
TIC_249022743,1.0,78.5762192,-3.4466123,0.073,7.4070000648498535,12.507533,True,,False,249022743.0,249022743.0,12.0299,12.5177,12.705
TIC_257060897,1.0,227.5321527,72.7103128,0.094,13.069999694824219,11.661698,True,,False,257060897.0,257060897.0,11.2633,11.6659,11.814
TIC_260969020,1.0,74.9407148,-79.5859489,0.085,9.553000450134277,12.116484,True,,False,260969020.0,260969020.0,11.4583,12.122,12.393
TIC_270471727,1.0,97.2114071,-78.4730589,0.09,12.09000015258789,11.698983,True,,False,270471727.0,270471727.0,11.1932,11.7034,11.948
TIC_279401253,1.0,57.6572277,-15.0262251,0.195,76.58000183105469,11.696975,True,,False,279401253.0,279401253.0,11.2625,11.6965,11.938
TIC_290487717,1.0,139.0870563,2.5508053,0.0,0.0,13.219051,True,,False,290487717.0,290487717.0,12.7226,13.231,13.492
TIC_294329732,1.0,109.1177907,-58.2371507,0.082,10.199999809265137,11.879205,True,,False,294329732.0,294329732.0,11.3468,11.8837,12.23
TIC_32032563,1.0,56.0905221,-68.8580554,0.0,0.0,13.253738,True,,False,32032563.0,32032563.0,12.8181,13.2659,13.453
TIC_320419023,1.0,118.0726215,11.8241773,0.091,13.5600004196167,12.059474,True,,False,320419023.0,320419023.0,11.6383,12.0672,12.157
TIC_34085383,1.0,59.235363,-7.3757198,0.076,7.650000095367432,12.220075,True,,False,34085383.0,34085383.0,11.5694,12.2304,12.552
TIC_349520724,1.0,111.2314215,-64.6398433,0.085,7.763000011444092,12.73857,True,,False,349520724.0,349520724.0,12.1684,12.7463,13.008
TIC_356227008,1.0,267.2508238,50.130808,0.1,11.34000015258789,12.828253,True,,False,356227008.0,356227008.0,12.3773,12.8356,12.996
TIC_365102760,1.0,305.8398236,54.3943194,0.036,1.9759999513626099,11.970262,True,,False,365102760.0,365102760.0,11.3306,11.9772,12.154
TIC_38825265,1.0,68.2492759,-65.2039666,0.037,0.9657999873161316,13.65186,True,,False,38825265.0,38825265.0,12.8571,13.661,14.134
TIC_38828280,1.0,68.3926457,-62.1697135,0.0,2.3320000766454676e-15,13.341818,True,,False,38828280.0,38828280.0,12.7806,13.3519,13.692
TIC_390586021,1.0,199.8225789,-31.4655097,0.078,6.427000045776367,12.587648,True,,False,390586021.0,390586021.0,11.81,12.6005,13.079
TIC_393818343,1.0,310.2917002,3.6382967,0.081,8.482000350952148,9.436206,True,,False,393818343.0,393818343.0,8.9797,9.42907,9.48
TIC_423703298,1.0,22.9360486,-17.0135676,0.059,4.057000160217285,12.524002,True,,False,423703298.0,423703298.0,11.8195,12.5367,12.923
TIC_434398831,1.0,93.9592639,16.0238459,0.09,10.300000190734863,11.769908,True,,False,434398831.0,434398831.0,11.311,11.7893,11.682
TIC_437041147,1.0,132.9480195,6.7648369,0.112,18.90999984741211,12.146644,True,,False,437041147.0,437041147.0,11.642,12.1573,12.174
TIC_445839811,1.0,200.1188173,48.4072699,0.05,4.11299991607666,12.202613,True,,False,445839811.0,445839811.0,11.7209,12.2126,12.373
TIC_46432937,1.0,83.8689794,-14.5971909,0.0,0.0,13.417175,True,,False,46432937.0,46432937.0,12.3718,13.433,14.268
TIC_4672985,1.0,38.4706782,-10.6573827,0.091,11.270000457763672,11.439088,True,,False,4672985.0,4672985.0,10.9918,11.4442,11.501
TIC_52059926,1.0,16.7726869,-68.3681031,0.029,0.7677000164985657,13.413478,True,,False,52059926.0,52059926.0,12.7296,13.4274,13.724
TIC_62895484,1.0,116.6385519,22.5903733,0.064,4.170000076293945,12.534428,True,,False,62895484.0,62895484.0,12.0666,12.5416,12.658
TIC_65612701,1.0,310.4738195,36.3388288,0.084,10.739999771118164,9.35309,True,,False,65612701.0,65612701.0,8.92094,9.34621,9.448
TIC_67686059,1.0,19.884337,-35.2930148,0.039,1.9119999408721924,12.757287,True,,False,67686059.0,67686059.0,12.2085,12.7696,12.992
TIC_77319217,1.0,71.0406969,-39.8976018,0.091,12.619999885559082,11.223113,True,,False,77319217.0,77319217.0,10.8372,11.2264,11.497
TIC_77552382,1.0,152.5133767,-4.903525,0.0,0.0,13.599957,True,,False,77552382.0,77552382.0,13.0262,13.6134,13.892
TIC_86380416,1.0,145.160376,65.7327948,0.115,25.8700008392334,11.608145,True,,False,86380416.0,86380416.0,11.1858,11.614,11.835
TIC_87422071,1.0,273.0346013,-44.2434042,0.092,10.579999923706055,11.60708,True,,False,87422071.0,87422071.0,11.1938,11.6121,11.982
TIC_88692598,1.0,149.2109097,47.7706699,0.016,0.31619998812675476,13.086358,True,,False,88692598.0,88692598.0,12.0152,13.1046,13.953
TIC_88785435,1.0,224.2838576,-30.8800273,0.082,7.196000099182129,12.60482,True,,False,88785435.0,88785435.0,11.7279,12.6115,13.259
TIC_9344899,1.0,72.793934,-8.4473205,0.025,0.7397000193595886,13.172309,True,,False,9344899.0,9344899.0,12.735,13.1859,13.291
TOI-1011,1.0,113.9847611,-32.8419988,0.074,7.836999893188477,8.739241,True,,False,114018671.0,114018671.0,8.2388,8.72937,8.94
TOI-1036,1.0,157.8671116,-42.2404483,0.086,14.119999885559082,10.738358,True,,False,146172354.0,146172354.0,10.2855,10.7369,10.973
TOI-1052,1.0,337.5102738,-75.6465606,0.092,11.029999732971191,9.406774,True,,False,317060587.0,317060587.0,9.0197,9.39972,9.511
TOI-1054,1.0,302.1141738,-54.3175014,0.097,10.84000015258789,8.82615,True,,False,366989877.0,366989877.0,8.4362,8.81729,8.95
TOI-1062,1.0,38.1209678,-78.0236828,0.06,5.164000034332275,10.005381,True,,False,299799658.0,299799658.0,9.478,10.0008,10.249
TOI-1064,1.0,296.0039349,-47.5620305,0.088,11.0,10.644562,True,,False,79748331.0,79748331.0,10.0059,10.6491,10.938
TOI-1075,1.0,309.9712091,-65.4496994,0.109,32.880001068115234,12.044743,True,,False,351601843.0,351601843.0,11.1186,12.0544,12.615
TOI-1080,1.0,276.3683249,-52.214573,0.067,2.065000057220459,14.007727,True,,False,161032923.0,161032923.0,12.7067,14.0343,15.349
TOI-1105,1.0,146.0539694,-89.4715133,0.08,8.331999778747559,10.925037,True,,False,274151135.0,274151135.0,10.2809,10.922,11.329
TOI-1107,1.0,155.6078632,-82.2188693,0.094,11.869999885559082,10.377336,True,,False,394561119.0,394561119.0,10.0068,10.3745,10.553
TOI-1117,1.0,273.6020606,-66.4199742,0.092,14.210000038146973,10.862197,True,,False,295541511.0,295541511.0,10.4055,10.8621,11.016
TOI-1130,1.0,286.3760037,-41.4376399,0.115,16.290000915527344,10.898942,True,,False,254113311.0,254113311.0,10.1429,10.9028,11.595
TOI-1135,1.0,193.3963704,85.1294952,0.083,8.585000038146973,9.41864,True,,False,154872375.0,154872375.0,9.02855,9.41353,9.54
TOI-1136,1.0,192.1848981,64.8552755,0.064,5.881999969482422,9.375505,True,,False,142276270.0,142276270.0,8.9361,9.36789,9.534
TOI-1173,1.0,197.6830975,70.7680117,0.052,3.4059998989105225,10.804229,True,,False,232967440.0,232967440.0,10.2938,10.8041,11.038
TOI-1174,1.0,209.2171751,68.6182106,0.1,14.270000457763672,10.808507,True,,False,154089169.0,154089169.0,10.2549,10.8073,10.964
TOI-1180,1.0,214.5557741,82.1937642,0.072,6.7769999504089355,10.743976,True,,False,158002130.0,158002130.0,10.112,10.7445,11.017
TOI-1181,1.0,297.2158166,64.3543506,0.09,12.760000228881836,10.477408,True,,False,229510866.0,229510866.0,10.079,10.4776,10.582
TOI-1184,1.0,272.2045196,60.6787845,0.066,6.363999843597412,10.62289,True,,False,233087860.0,233087860.0,9.9469,10.622,10.988
TOI-1194,1.0,167.8214811,69.9647749,0.087,11.300000190734863,10.989216,True,,False,147950620.0,147950620.0,10.4782,10.9887,11.302
TOI-1199,1.0,166.8806581,61.3525723,0.11,18.299999237060547,10.885804,True,,False,99869022.0,99869022.0,10.4221,10.8853,11.093
TOI-1201,1.0,42.2476999,-14.5372835,0.161,45.130001068115234,12.088775,True,,False,29960110.0,29960110.0,10.9473,12.0966,12.26
TOI-1203,1.0,168.2267358,-34.4069371,0.104,10.520000457763672,8.432911,True,,False,23434737.0,23434737.0,7.9995,8.42196,8.59
TOI-122,1.0,332.9482355,-58.946085,0.019,0.19580000638961792,14.309705,True,,False,231702397.0,231702397.0,13.084,14.3357,15.526
TOI-1221,1.0,107.9210254,-65.5088568,0.092,11.829999923706055,10.527891,True,,False,349095149.0,349095149.0,10.0564,10.5262,10.494
TOI-1224,1.0,37.1978356,-80.8991053,0.18,35.40999984741211,12.767934,True,,False,299798795.0,299798795.0,11.556,12.7824,13.95
TOI-1226,1.0,103.7548364,-69.8671293,0.084,10.789999961853027,12.019956,True,,False,177115354.0,177115354.0,11.5514,12.0245,12.118
TOI-1227,1.0,186.7673635,-72.4518501,0.109,2.5299999713897705,15.217959,True,,False,360156606.0,360156606.0,13.802,15.2514,16.999
TOI-1230,1.0,118.1295936,-83.8250629,0.073,6.9710001945495605,10.044992,True,,False,287156968.0,287156968.0,9.6245,10.0398,10.254
TOI-1231,1.0,156.74726,-52.4678724,0.131,25.43000030517578,11.361207,True,,False,,,,,
TOI-1232,1.0,116.501399,-61.8797935,0.062,5.150000095367432,12.257543,True,,False,364395234.0,364395234.0,11.7835,12.2653,12.68
TOI-1235,1.0,152.2182549,69.2766204,0.086,12.369999885559082,10.850841,True,,False,103633434.0,103633434.0,9.91924,10.8492,11.495
TOI-1238,1.0,201.3823387,68.8360678,0.098,13.1899995803833,12.213994,True,,False,153951307.0,153951307.0,11.2582,12.2219,12.796
TOI-1243,1.0,135.7326412,71.6364158,0.141,33.540000915527344,12.345156,True,,False,219698776.0,219698776.0,11.1966,12.359,13.427
TOI-1244,1.0,256.279559,69.519093,0.085,10.319999694824219,11.672102,True,,False,219850915.0,219850915.0,11.0157,11.6765,11.929
TOI-1246,1.0,251.1158702,70.4299917,0.082,8.871000289916992,11.724804,True,,False,230127302.0,230127302.0,11.1802,11.7291,11.632
TOI-1248,1.0,259.0235918,63.1056072,0.075,8.633000373840332,11.646983,True,,False,232612416.0,232612416.0,11.1153,11.6512,11.806
TOI-1249,1.0,200.5615762,66.3085331,0.058,4.485000133514404,10.699626,True,,False,232976128.0,232976128.0,10.2108,10.6987,11.089
TOI-125,1.0,23.5934253,-66.6763495,0.075,8.28600025177002,10.717915,True,,False,52368076.0,52368076.0,10.1985,10.718,11.023
TOI-1259_A,1.0,282.1001665,79.2564761,0.069,5.881999969482422,11.802077,True,,False,288735205.0,288735205.0,11.1534,11.8104,12.079
TOI-1260,1.0,157.1440712,65.8541986,0.117,29.729999542236328,11.565513,True,,False,355867695.0,355867695.0,10.8116,11.5743,11.922
TOI-1266,1.0,197.9965833,65.8336973,0.113,19.219999313354492,12.110209,True,,False,467179528.0,467179528.0,11.0402,12.1222,12.941
TOI-1268,1.0,198.3885831,62.3053799,0.059,4.671000003814697,10.689707,True,,False,142394656.0,142394656.0,10.1495,10.692,10.92
TOI-1269,1.0,249.6966397,64.559181,0.106,16.280000686645508,11.472958,True,,False,198241702.0,198241702.0,10.9897,11.4712,11.618
TOI-1272,1.0,199.1962036,49.8610591,0.075,9.319000244140625,11.594842,True,,False,417948359.0,417948359.0,11.0244,11.6,11.758
TOI-1273,1.0,214.1208564,58.3902534,0.056,4.314000129699707,10.865551,True,,False,445859771.0,445859771.0,10.418,10.8662,10.98
TOI-1278,1.0,320.4784442,35.648625,0.076,9.086999893188477,12.740374,True,,False,163539739.0,163539739.0,11.7819,12.7543,13.502
TOI-1279,1.0,185.0628734,56.2014094,0.063,5.784999847412109,10.480543,True,,False,224297258.0,224297258.0,9.99454,10.4785,10.714
TOI-128,1.0,79.5209381,-80.964384,0.122,10.84000015258789,8.383911,True,,False,391949880.0,391949880.0,7.9849,8.37173,8.44
TOI-1288,1.0,313.1670294,65.6087833,0.108,15.069999694824219,10.450728,True,,False,365733349.0,365733349.0,9.93119,10.4468,10.445
TOI-1291,1.0,245.8180089,62.9251213,0.111,20.989999771118164,11.248202,True,,False,198186769.0,198186769.0,10.8722,11.244,11.516
TOI-1294,1.0,223.0926408,70.4765573,0.114,21.479999542236328,11.396728,True,,False,219015370.0,219015370.0,10.9458,11.3998,11.314
TOI-1295,1.0,256.6722026,67.8715032,0.139,26.100000381469727,11.129464,True,,False,219852584.0,219852584.0,10.7973,11.1307,11.303
TOI-1296,1.0,256.7706392,70.2384806,0.121,21.790000915527344,11.288429,True,,False,219854185.0,219854185.0,10.8041,11.2912,11.37
TOI-1298,1.0,241.3229012,70.1900397,0.099,15.229999542236328,11.401035,True,,False,237104103.0,237104103.0,10.9585,11.4038,11.889
TOI-1301,1.0,275.8625432,71.5817479,0.112,17.309999465942383,11.136648,True,,False,356867115.0,356867115.0,10.5216,11.1355,11.337
TOI-132,1.0,338.3996623,-43.436872,0.163,45.220001220703125,11.321884,True,,False,89020549.0,89020549.0,10.8061,11.3208,11.197
TOI-1333,1.0,325.0145363,48.4067674,0.088,10.020000457763672,9.356977,True,,False,395171208.0,395171208.0,9.03527,9.35039,9.438
TOI-1338_A,1.0,92.1330955,-59.5409853,0.08,10.229999542236328,11.872519,True,,False,260128333.0,260128333.0,11.4881,11.8764,11.722
TOI-1346,1.0,256.6226752,68.8433031,0.095,13.300000190734863,11.301618,True,,False,219852882.0,219852882.0,10.7261,11.3041,11.693
TOI-1347,1.0,280.3266806,70.2900536,0.104,16.8799991607666,11.207589,True,,False,229747848.0,229747848.0,10.7157,11.2087,11.168
TOI-1386,1.0,334.5041029,54.3190454,0.067,5.681000232696533,10.508598,True,,False,343019899.0,343019899.0,10.0618,10.5069,10.61
TOI-139,1.0,336.4024144,-34.9097131,0.055,3.3320000171661377,10.07847,True,,False,62483237.0,62483237.0,9.3636,10.0772,10.55
TOI-1408,1.0,313.5110469,72.5806455,0.062,4.6620001792907715,9.195248,True,,False,364186197.0,364186197.0,8.82374,9.18795,9.27
TOI-1410,1.0,334.8828486,42.5603141,0.099,18.149999618530273,10.875941,True,,False,199444169.0,199444169.0,10.1917,10.8746,11.111
TOI-1411,1.0,232.946047,47.0555507,0.073,7.826000213623047,9.879249,True,,False,,,,,
TOI-1416,1.0,216.9234892,41.9529862,0.085,10.430000305175781,9.658773,True,,False,158025009.0,158025009.0,9.0739,9.65254,9.91
TOI-1420,1.0,322.9418092,66.3490054,0.072,7.611999988555908,11.732284,True,,False,321857016.0,321857016.0,11.2287,11.738,11.655
TOI-1422,1.0,354.240829,39.6392793,0.083,11.739999771118164,10.553648,True,,False,333473672.0,333473672.0,10.1308,10.5521,10.622
TOI-1431,1.0,316.2036922,55.5880221,0.143,13.300000190734863,7.989994,True,,False,375506058.0,375506058.0,7.79824,7.97561,8.03
TOI-1437,1.0,256.1387513,56.842549,0.08,8.802000045776367,9.086654,True,,False,198356533.0,198356533.0,8.69378,9.07928,9.173
TOI-1438,1.0,280.9237844,74.9378327,0.069,5.703000068664551,10.85553,True,,False,229650439.0,229650439.0,10.3237,10.8549,10.957
TOI-1439,1.0,241.7639371,67.8776404,0.11,14.039999961853027,10.418411,True,,False,232982558.0,232982558.0,9.98671,10.4168,10.55
TOI-1442,1.0,287.2921006,74.1742762,0.102,6.091000080108643,13.739003,True,,False,,,,,
TOI-1443,1.0,297.398678,76.1391776,0.092,10.0600004196167,10.464037,True,,False,237232044.0,237232044.0,9.9377,10.4596,10.675
TOI-1444,1.0,305.4749252,70.9437054,0.047,2.9260001182556152,10.643377,True,,False,258514800.0,258514800.0,10.1522,10.6417,10.936
TOI-1448,1.0,316.324003,57.7710946,0.027,0.30079999566078186,14.379389,True,,False,343628284.0,343628284.0,13.1717,14.4005,15.678
TOI-1450_A,1.0,286.8540627,59.0866254,0.172,43.45000076293945,11.237576,True,,False,377293776.0,377293776.0,10.0306,11.2394,12.28
TOI-1451,1.0,186.5242821,61.2589289,0.042,2.2709999084472656,9.434757,True,,False,417931607.0,417931607.0,8.9989,9.42861,9.584
TOI-1452,1.0,290.1739741,73.1951082,0.113,8.49899959564209,13.598235,True,,False,420112589.0,420112589.0,12.295,13.6233,14.354
TOI-1453,1.0,258.2232705,57.1977779,0.059,4.632999897003174,10.727927,True,,False,1271120865.0,1271120865.0,15.2175,15.6475,
TOI-1466,1.0,307.3965319,61.5507253,0.074,8.145000457763672,11.790465,True,,False,237086564.0,237086564.0,11.0278,11.7965,12.189
TOI-1467,1.0,19.1146441,49.2331382,0.174,50.34000015258789,11.562802,True,,False,240968774.0,240968774.0,10.5977,11.5622,12.293
TOI-1468,1.0,16.6538724,19.2249195,0.222,54.060001373291016,12.104721,True,,False,243185500.0,243185500.0,10.8858,12.1172,12.5
TOI-1470,1.0,10.0891431,61.2133868,0.081,8.694000244140625,12.542486,True,,False,284441182.0,284441182.0,11.4752,12.5555,13.459
TOI-1472,1.0,14.1142611,48.6375168,0.119,21.280000686645508,11.113619,True,,False,306955329.0,306955329.0,10.5508,11.1107,11.302
TOI-1478,1.0,126.4337428,-13.5595485,0.044,2.681999921798706,10.664142,True,,False,409794137.0,409794137.0,10.2042,10.6624,10.723
TOI-150,1.0,112.965421,-73.6060358,0.099,15.8100004196167,11.338948,True,,False,271893367.0,271893367.0,10.9031,11.3408,11.39
TOI-1516,1.0,340.0846204,69.5037313,0.068,6.826000213623047,10.71766,True,,False,376637093.0,376637093.0,10.377,10.7156,10.858
TOI-1518,1.0,352.2675207,67.0348062,0.113,16.690000534057617,8.903872,True,,False,427761355.0,427761355.0,8.75127,8.89529,8.952
TOI-157,1.0,73.7014398,-76.6806061,0.075,6.724999904632568,12.508994,True,,False,140691463.0,140691463.0,12.0166,12.5143,12.725
TOI-159,1.0,51.7822676,-78.5498308,0.091,11.100000381469727,10.856132,True,,False,394657039.0,394657039.0,10.5132,10.8504,11.021
TOI-1601,1.0,38.361569,41.0134321,0.122,17.059999465942383,10.529541,True,,False,139375960.0,139375960.0,10.1035,10.5276,10.66
TOI-163,1.0,79.7682532,-71.8955269,0.094,9.145999908447266,11.219483,True,,False,179317684.0,179317684.0,10.8719,11.2193,11.467
TOI-1630,1.0,352.0166759,75.5526069,0.075,7.4679999351501465,9.48766,True,,False,317597583.0,317597583.0,8.9943,9.48188,9.624
TOI-1634,1.0,56.3906096,37.1122803,0.122,25.829999923706055,12.186321,True,,False,201186294.0,201186294.0,11.0136,12.1965,13.217
TOI-1648,1.0,45.4011794,69.2299235,0.089,12.670000076293945,10.187269,True,,False,376353509.0,376353509.0,9.5831,10.1848,10.43
TOI-1659,1.0,277.9251938,82.3059487,0.07,5.711999893188477,9.977932,True,,False,288631580.0,288631580.0,9.56906,9.97588,10.078
TOI-1669,1.0,45.9564744,83.5874273,0.081,8.685999870300293,10.013724,True,,False,428679607.0,428679607.0,9.52906,10.0089,10.218
TOI-1670,1.0,259.0172522,72.1611806,0.107,14.079999923706055,9.823196,True,,False,441739020.0,441739020.0,9.4682,9.81934,9.889
TOI-1680,1.0,292.313979,65.9738018,0.032,0.35760000348091125,14.616055,True,,False,259168516.0,259168516.0,13.3081,14.6457,15.87
TOI-1683,1.0,65.9796504,27.8223701,0.087,9.548999786376953,10.510165,True,,False,58542531.0,58542531.0,9.794,10.5084,10.97
TOI-1685,1.0,68.5939529,43.0370395,0.117,23.6200008392334,12.28457,True,,False,28900646.0,28900646.0,11.1117,12.2956,13.378
TOI-169,1.0,16.7786879,-75.1989452,0.068,5.864999771118164,12.232036,True,,False,183120439.0,183120439.0,11.788,12.2379,12.355
TOI-1691,1.0,272.4041179,86.860343,0.092,10.949999809265137,9.978364,True,,False,268334473.0,268334473.0,9.52636,9.97302,10.134
TOI-1693,1.0,90.3083455,34.7730904,0.141,26.15999984741211,11.829931,True,,False,353475866.0,353475866.0,10.6714,11.8373,12.962
TOI-1694,1.0,97.7487104,66.3605956,0.188,67.51000213623047,11.308444,True,,False,396740648.0,396740648.0,10.7424,11.3103,11.446
TOI-1695,1.0,21.9217346,72.2966148,0.088,10.279999732971191,12.127464,True,,False,422756130.0,422756130.0,11.0294,12.1364,12.989
TOI-1696,1.0,65.280648,48.8198312,0.115,3.239000082015991,15.305622,True,,False,470381900.0,470381900.0,13.9664,15.3314,16.82
TOI-1710,1.0,94.2838373,76.21102,0.064,6.685999870300293,9.367423,True,,False,445805961.0,445805961.0,8.9134,9.35983,9.545
TOI-1716,1.0,105.0833291,56.8241941,0.089,9.71399974822998,9.248471,True,,False,14336130.0,14336130.0,8.82897,9.24094,9.406
TOI-1718,1.0,112.0180254,30.3217322,0.099,10.90999984741211,8.762088,True,,False,257241363.0,257241363.0,8.2558,8.75476,8.96
TOI-172,1.0,316.6318791,-26.6928654,0.112,15.899999618530273,11.192582,True,,False,29857954.0,29857954.0,10.7379,11.1927,11.299
TOI-1722,1.0,114.3452126,61.1539249,0.086,13.15999984741211,9.914494,True,,False,85242435.0,85242435.0,9.52682,9.90994,10.025
TOI-1723,1.0,116.7971978,68.4766845,0.075,9.958000183105469,9.542365,True,,False,71431780.0,71431780.0,9.09942,9.53596,9.664
TOI-1728,1.0,120.6116787,64.7971531,0.108,23.860000610351562,11.725545,True,,False,285048486.0,285048486.0,10.7921,11.7294,12.39
TOI-1732,1.0,111.8014509,53.0452684,0.09,13.569999694824219,12.268377,True,,False,470987100.0,470987100.0,11.3266,12.2811,12.889
TOI-1736,1.0,43.4344615,69.101345,0.092,11.0,8.788493,True,,False,408618999.0,408618999.0,8.3302,8.77969,8.953
TOI-1739,1.0,240.172481,83.2586589,0.078,8.78499984741211,10.419832,True,,False,159418353.0,159418353.0,9.812,10.4185,10.692
TOI-1742,1.0,257.3288678,71.8766724,0.067,5.165999889373779,8.735823,True,,False,219857012.0,219857012.0,8.2865,8.72791,8.863
TOI-1743,1.0,257.7473322,71.8722039,0.12,8.315999984741211,13.704812,True,,False,219860288.0,219860288.0,12.4251,13.7291,14.972
TOI-1744,1.0,294.2910707,60.881302,0.076,7.565000057220459,9.397841,True,,False,229455001.0,229455001.0,9.01932,9.3918,9.543
TOI-1749,1.0,282.7372281,64.419466,0.0,0.0,13.165997,True,,False,233602827.0,233602827.0,12.2574,13.1798,13.86
TOI-1750,1.0,240.3019781,68.9373001,0.081,8.3100004196167,12.324277,True,,False,237099296.0,237099296.0,11.7077,12.3303,12.645
TOI-1751,1.0,243.4888534,63.5335297,0.061,5.298999786376953,9.196317,True,,False,287080092.0,287080092.0,8.80616,9.18941,9.327
TOI-1752,1.0,253.4614861,60.7096197,0.0,0.0,13.799104,True,,False,287139872.0,287139872.0,12.7463,13.8174,14.62
TOI-1753,1.0,252.4698351,61.1735768,0.098,12.359999656677246,11.658577,True,,False,289580577.0,289580577.0,11.2078,11.664,11.831
TOI-1756,1.0,306.3287741,77.6364119,0.0,0.0,13.094418,True,,False,364074068.0,364074068.0,12.0948,13.1096,13.88
TOI-1758,1.0,354.741581,75.6852317,0.052,3.744999885559082,10.62546,True,,False,367858035.0,367858035.0,10.0907,10.6252,10.794
TOI-1759,1.0,326.8516615,62.7538164,0.051,3.8340001106262207,10.838576,True,,False,408636441.0,408636441.0,9.92838,10.8385,11.93
TOI-1768,1.0,152.1027826,55.5399599,0.107,17.0,10.314586,True,,False,137906197.0,137906197.0,9.91008,10.3113,10.419
TOI-1772,1.0,156.837704,34.3909497,0.054,3.4230000972747803,9.804727,True,,False,85293053.0,85293053.0,9.3523,9.80056,9.955
TOI-1774,1.0,148.1619305,35.111008,0.116,9.847999572753906,8.094008,True,,False,4897275.0,4897275.0,7.6474,8.08235,8.25
TOI-1775,1.0,150.1151015,39.4577506,0.136,29.760000228881836,11.450736,True,,False,9348006.0,9348006.0,10.9184,11.4501,11.648
TOI-1776,1.0,164.7772913,40.9837182,0.142,10.369999885559082,8.101935,True,,False,21535395.0,21535395.0,7.6586,8.09023,8.26
TOI-1777,1.0,151.807032,46.1148814,0.057,4.817999839782715,9.161319,True,,False,29191624.0,29191624.0,8.737,9.15437,9.31
TOI-178,1.0,7.3020115,-30.4541159,0.194,68.94000244140625,11.15755,True,,False,251848941.0,251848941.0,10.42,11.1523,11.955
TOI-1782,1.0,213.0787718,74.4117909,0.083,9.708999633789062,12.032501,True,,False,160045097.0,160045097.0,11.3069,12.0399,12.329
TOI-1789,1.0,142.743406,26.5399951,0.081,8.197999954223633,9.590924,True,,False,172518755.0,172518755.0,9.1824,9.58439,9.721
TOI-1794,1.0,203.3974857,49.0608433,0.101,16.530000686645508,10.150532,True,,False,286916251.0,286916251.0,9.69924,10.1444,10.32
TOI-1798,1.0,211.0939367,46.5192825,0.11,21.020000457763672,11.069064,True,,False,198153540.0,198153540.0,10.5191,11.067,11.361
TOI-1799,1.0,167.2329152,34.3030149,0.097,10.289999961853027,8.818791,True,,False,8967242.0,8967242.0,8.3662,8.81013,8.98
TOI-1801,1.0,175.5755995,23.0270335,0.078,6.869999885559082,10.829635,True,,False,119584412.0,119584412.0,9.85623,10.8269,11.58
TOI-1803,1.0,178.0461054,35.1718001,0.084,9.925999641418457,11.767985,True,,False,144401492.0,144401492.0,11.1476,11.7705,11.871
TOI-1806,1.0,166.1181474,30.4585763,0.014,0.1080000028014183,13.899928,True,,False,166648874.0,166648874.0,12.6196,13.927,15.193
TOI-1807,1.0,201.2826259,38.9223671,0.064,7.913000106811523,9.684284,True,,False,180695581.0,180695581.0,9.0363,9.67517,10.0
TOI-181,1.0,352.1725409,-34.4914099,0.075,6.506999969482422,11.086285,True,,False,76923707.0,76923707.0,10.4654,11.0857,11.191
TOI-1811,1.0,188.9223576,27.2143766,0.168,49.119998931884766,11.755176,True,,False,376524552.0,376524552.0,11.1237,11.7574,11.966
TOI-1814,1.0,236.8168817,77.2326429,0.078,7.756999969482422,11.41009,True,,False,160440924.0,160440924.0,10.8247,11.4141,11.182
TOI-1820,1.0,187.6867207,27.4520016,0.22,51.63999938964844,10.975732,True,,False,393831507.0,393831507.0,10.5268,10.9653,10.899
TOI-1823,1.0,196.2197201,63.753261,0.07,6.548999786376953,10.3923,True,,False,142381532.0,142381532.0,9.7722,10.3908,10.728
TOI-1824,1.0,197.7312286,61.7448492,0.048,2.8970000743865967,9.510716,True,,False,142387023.0,142387023.0,8.9754,9.5075,9.721
TOI-1836,1.0,245.9079242,54.6900774,0.088,9.29699993133545,9.650926,True,,False,207468071.0,207468071.0,9.29416,9.64482,9.765
TOI-1839,1.0,196.8331106,5.8520458,0.089,8.190999984741211,10.727877,True,,False,381714186.0,381714186.0,10.2173,10.7274,10.9
TOI-1842,1.0,201.9626552,9.0306437,0.067,6.302000045776367,9.665038,True,,False,404505029.0,404505029.0,9.26733,9.65981,9.815
TOI-1846,1.0,257.9549645,54.5278483,0.128,15.649999618530273,12.981483,True,,False,198385543.0,198385543.0,11.8467,12.9919,13.971
TOI-1853,1.0,211.4593468,16.9923703,0.095,10.649999618530273,11.938341,True,,False,73540072.0,73540072.0,11.3719,11.9474,12.178
TOI-1855,1.0,205.3539534,17.6868719,0.111,18.049999237060547,11.176755,True,,False,81247740.0,81247740.0,10.6503,11.1611,11.197
TOI-1859,1.0,279.8317644,69.5228726,0.11,17.229999542236328,10.288303,True,,False,229742722.0,229742722.0,9.93689,10.2843,10.33
TOI-1860,1.0,226.4567308,64.0476821,0.109,7.3460001945495605,8.237229,True,,False,202426247.0,202426247.0,7.7885,8.23223,8.4
TOI-1873,1.0,212.5684755,84.3718582,0.118,21.610000610351562,11.211869,True,,False,328933398.0,328933398.0,10.7447,11.2141,11.215
TOI-1883,1.0,134.0892456,-12.9306438,0.043,0.7652999758720398,14.501936,True,,False,348755728.0,348755728.0,13.3462,14.5242,15.792
TOI-1898,1.0,144.5553,23.5467464,0.125,12.710000038146973,7.762273,True,,False,91987762.0,91987762.0,7.4098,7.748,7.87
TOI-1899,1.0,299.4268472,40.1433462,0.0,0.0,13.541844,True,,False,172370679.0,172370679.0,12.5826,13.5553,14.88
TOI-1937_A,1.0,116.3707214,-52.3832587,0.027,0.6672999858856201,13.004766,True,,False,268301217.0,268301217.0,12.4933,13.0168,13.18
TOI-198,1.0,2.2715087,-27.1217452,0.216,71.12000274658203,10.915721,True,,False,,,,,
TOI-199,1.0,80.1058735,-59.8954326,0.076,7.400000095367432,10.57831,True,,False,309792357.0,309792357.0,10.0391,10.5784,10.701
TOI-1994,1.0,147.1745753,-51.756564,0.242,74.83999633789062,10.430883,True,,False,445903569.0,445903569.0,10.2396,10.428,10.514
TOI-2000,1.0,146.3970631,-66.6866307,0.073,7.507999897003174,10.8542,True,,False,371188886.0,371188886.0,10.3579,10.8542,10.984
TOI-2005,1.0,164.031654,-43.3766967,0.138,39.59000015258789,9.764914,True,,False,147660886.0,147660886.0,9.4916,9.75967,9.867
TOI-201,1.0,87.4017825,-54.910423,0.117,15.539999961853027,8.949289,True,,False,350618622.0,350618622.0,8.5822,8.94004,9.07
TOI-2010,1.0,292.1669417,53.4873694,0.067,5.453000068664551,9.700555,True,,False,26547036.0,26547036.0,9.26693,9.69568,9.849
TOI-2015,1.0,232.1326528,27.361073,0.056,2.125999927520752,14.143361,True,,False,368287008.0,368287008.0,12.8387,14.176,16.11
TOI-2018,1.0,229.8374423,29.2078771,0.106,22.709999084472656,9.723948,True,,False,,,,,
TOI-2019,1.0,234.4317651,48.955206,0.065,6.368000030517578,10.080638,True,,False,159781361.0,159781361.0,9.6087,10.0769,10.263
TOI-2025,1.0,282.7952558,82.2454143,0.11,19.700000762939453,11.360669,True,,False,394050135.0,394050135.0,10.9461,11.3637,11.599
TOI-2031_A,1.0,331.1178077,81.5659509,0.12,22.959999084472656,11.112238,True,,False,470127886.0,470127886.0,10.7609,11.1141,11.254
TOI-2046,1.0,16.1849423,74.3313055,0.105,17.549999237060547,11.408128,True,,False,468574941.0,468574941.0,10.996,11.4128,11.552
TOI-2048,1.0,237.9241066,52.3063083,0.109,17.6299991607666,11.321857,True,,False,159873822.0,159873822.0,10.7545,11.3252,11.431
TOI-205,1.0,7.9754636,-56.9650808,0.085,9.9350004196167,9.798605,True,,False,281575427.0,281575427.0,9.4525,9.79371,9.921
TOI-206,1.0,73.7382202,-62.521874,0.054,1.930999994277954,13.641459,True,,False,55650590.0,55650590.0,12.4312,13.6662,14.938
TOI-2068,1.0,186.27356,60.4183455,0.097,13.59000015258789,12.210922,True,,False,417931300.0,417931300.0,11.1806,12.221,13.007
TOI-2071,1.0,256.6011813,57.6610327,0.082,10.09000015258789,11.458446,True,,False,198360694.0,198360694.0,11.04,11.4613,11.541
TOI-2076,1.0,217.3920159,39.7903991,0.075,8.126999855041504,8.918078,True,,False,27491137.0,27491137.0,8.3745,8.91028,9.139
TOI-2081,1.0,264.3022634,53.0255666,0.076,6.521999835968018,12.647735,True,,False,321669174.0,321669174.0,11.642,12.6594,13.369
TOI-2084,1.0,259.2545389,72.7470231,0.0,0.0,14.389025,True,,False,441738827.0,441738827.0,13.3257,14.4096,15.115
TOI-2088,1.0,261.3748943,75.8822796,0.091,10.619999885559082,11.478271,True,,False,441765914.0,441765914.0,10.8812,11.4808,11.638
TOI-209,1.0,19.3941777,-66.903066,0.11,16.8700008392334,11.441043,True,,False,52204645.0,52204645.0,10.8545,11.4443,11.671
TOI-2092,1.0,212.5474866,45.5638685,0.11,19.149999618530273,11.097491,True,,False,393965778.0,393965778.0,10.6375,11.0974,11.295
TOI-2093,1.0,302.7375229,70.8696532,0.09,9.934000015258789,11.364009,True,,False,402898317.0,402898317.0,10.6699,11.3685,11.925
TOI-2094,1.0,254.1425333,70.0273157,0.072,3.63100004196167,13.433166,True,,False,356016119.0,356016119.0,12.2669,13.4537,14.409
TOI-2095,1.0,285.6365235,75.4185135,0.096,11.039999961853027,12.086019,True,,False,235678745.0,235678745.0,11.0788,12.094,13.19
TOI-2096,1.0,151.6186989,74.8272107,0.041,0.5120999813079834,14.74585,True,,False,142748283.0,142748283.0,13.4764,14.7736,15.92
TOI-2104,1.0,151.6122146,83.0878397,0.072,7.308000087738037,10.643458,True,,False,367630162.0,367630162.0,10.0556,10.6423,10.838
TOI-2107,1.0,286.7965405,-58.6968348,0.082,9.604000091552734,11.857414,True,,False,446549906.0,446549906.0,11.3819,11.8642,12.0363
TOI-2109,1.0,253.1862971,16.5799153,0.153,40.060001373291016,10.118072,True,,False,392476080.0,392476080.0,9.78569,10.1138,10.217
TOI-2120,1.0,23.507315,65.5139877,0.072,2.875999927520752,14.159333,True,,False,389900766.0,389900766.0,18.3121,19.3418,20.3236
TOI-2128,1.0,256.9817998,32.1053027,0.14,23.5,7.081035,True,,False,21832928.0,21832928.0,6.6813,7.06642,7.22142
TOI-2133,1.0,261.2438308,32.7983974,0.1,16.040000915527344,11.623274,True,,False,39200363.0,39200363.0,10.8571,11.6322,12.008
TOI-2134,1.0,271.9355015,39.0729269,0.111,11.970000267028809,8.514702,True,,False,75878355.0,75878355.0,7.7945,8.5077,8.933
TOI-2136,1.0,281.1763433,36.5631318,0.156,26.799999237060547,12.946228,True,,False,336128819.0,336128819.0,11.7371,12.9643,14.32
TOI-2141,1.0,258.7623456,18.3403449,0.065,6.4029998779296875,9.352544,True,,False,287256467.0,287256467.0,8.8975,9.34408,9.46
TOI-2145,1.0,263.7580753,40.6950428,0.108,15.170000076293945,8.94528,True,,False,88992642.0,88992642.0,8.55942,8.93651,9.07
TOI-2152,1.0,26.3389717,77.7901231,0.151,36.720001220703125,11.243453,True,,False,395393265.0,395393265.0,10.7053,11.2407,11.436
TOI-2154,1.0,71.0281482,84.3642652,0.093,13.479999542236328,11.036793,True,,False,428787891.0,428787891.0,10.6611,11.0359,11.068
TOI-2158,1.0,276.8100527,20.5268868,0.074,9.373000144958496,10.672528,True,,False,342642208.0,342642208.0,10.1669,10.6718,10.887
TOI-216,1.0,73.9800129,-63.2603301,0.061,5.5320000648498535,12.157634,True,,False,55652896.0,55652896.0,11.5748,12.1631,12.324
TOI-2169_A,1.0,279.1701117,23.2586193,0.156,43.779998779296875,10.958855,True,,False,8516795.0,8516795.0,10.5527,10.9562,11.16
TOI-2180,1.0,277.94363,56.6506789,0.089,10.630000114440918,9.018366,True,,False,298663873.0,298663873.0,8.56854,9.01133,9.162
TOI-2184,1.0,100.8331246,-66.9476563,0.089,10.140000343322754,11.841862,True,,False,176956893.0,176956893.0,11.4057,11.8482,12.254
TOI-2193_A,1.0,313.691232,-72.8046404,0.05,4.630000114440918,11.805989,True,,False,401604346.0,401604346.0,11.3996,11.8135,11.976
TOI-2194,1.0,299.1563393,-31.3351812,0.13,9.98799991607666,8.074735,True,,False,,,,,
TOI-2196,1.0,312.3400744,-70.4850723,0.098,19.65999984741211,11.81752,True,,False,372172128.0,372172128.0,11.3643,11.8259,12.297
TOI-220,1.0,91.7996988,-61.9972098,0.102,13.600000381469727,10.193704,True,,False,150098860.0,150098860.0,9.6878,10.1897,10.466
TOI-2200,1.0,98.7835071,-72.4567778,0.104,10.970000267028809,12.898175,True,,False,142105158.0,142105158.0,12.3181,12.9042,13.085
TOI-2202,1.0,51.2284214,-73.9575458,0.18,35.959999084472656,12.754005,True,,False,358107516.0,358107516.0,12.173,12.7606,13.004
TOI-2207,1.0,307.5966925,-44.8876181,0.131,25.479999542236328,11.351634,True,,False,90850770.0,90850770.0,10.9651,11.3545,11.316
TOI-2211,1.0,308.5390859,-29.6726127,0.087,10.40999984741211,9.779844,True,,False,212253390.0,212253390.0,9.2551,9.77392,10.0
TOI-2227,1.0,337.5177563,-67.8501459,0.101,16.850000381469727,10.416269,True,,False,405425498.0,405425498.0,10.0106,10.4142,10.515
TOI-2236,1.0,20.1660113,-86.979965,0.109,19.3799991607666,11.288884,True,,False,394722182.0,394722182.0,10.8673,11.2905,11.6
TOI-2257,1.0,194.7396141,77.6617157,0.039,0.7222999930381775,14.140286,True,,False,198485881.0,198485881.0,12.9672,14.1615,15.211
TOI-2260,1.0,247.6669998,49.0467891,0.097,13.029999732971191,10.254206,True,,False,232568235.0,232568235.0,9.75874,10.2488,10.474
TOI-2266,1.0,245.2800398,31.5770413,0.0,0.0,14.804512,True,,False,8348911.0,8348911.0,13.5042,14.8319,16.54
TOI-2267_A,1.0,65.0614963,84.9008238,3.47,6826.0,13.9604,True,,False,459837008.0,459837008.0,12.2591,13.7623,15.56
TOI-2274,1.0,277.459311,40.5414117,0.113,20.889999389648438,11.271119,True,,False,289164482.0,289164482.0,10.3543,11.2718,11.995
TOI-2285,1.0,332.5632644,58.7060934,0.125,16.899999618530273,12.422336,True,,False,329148988.0,329148988.0,11.3078,12.4314,13.403
TOI-2295,1.0,281.5761962,50.4924657,0.07,6.208000183105469,9.467839,True,,False,48018596.0,48018596.0,9.00772,9.46138,9.595
TOI-2322,1.0,116.9731027,-71.0019671,0.054,3.443000078201294,10.748828,True,,False,300812741.0,300812741.0,10.0534,10.7489,10.912
TOI-2328,1.0,31.6907424,-81.247376,0.04,2.441999912261963,12.102922,True,,False,394287035.0,394287035.0,11.584,12.1082,12.331
TOI-2337,1.0,290.6198948,60.8539035,0.079,9.104000091552734,11.870125,True,,False,230001847.0,230001847.0,11.2347,11.8752,12.524
TOI-2338,1.0,81.3445824,-34.6682491,0.061,6.078000068664551,12.178488,True,,False,24358417.0,24358417.0,11.7024,12.1856,12.483
TOI-2345,1.0,43.884794,-34.9779745,0.124,27.350000381469727,11.029806,True,,False,91555165.0,91555165.0,10.3759,11.0278,11.483
TOI-2346,1.0,88.0929073,-13.3724686,0.1,15.369999885559082,11.917337,True,,False,317483660.0,317483660.0,11.5584,11.9242,12.366
TOI-2364,1.0,89.1300265,-5.0120298,0.129,27.149999618530273,12.082437,True,,False,39414571.0,39414571.0,11.5521,12.0921,12.234
TOI-2368,1.0,134.9576234,-48.4884929,0.039,2.2179999351501465,12.2656,True,,False,401125028.0,401125028.0,11.6955,12.2727,12.486
TOI-237,1.0,353.2435381,-29.416487,0.045,0.5692999958992004,14.724859,True,,False,,,,,
TOI-2373,1.0,61.6862197,-16.7557546,0.008,0.06778000295162201,13.057813,True,,False,332558858.0,332558858.0,12.5882,13.0711,13.251
TOI-2374,1.0,319.4982407,-22.0498228,0.085,9.588000297546387,11.818595,True,,False,439366538.0,439366538.0,11.2057,11.827,12.095
TOI-2379,1.0,358.0920465,-53.043156,0.0,0.0,14.642883,True,,False,201177276.0,201177276.0,13.6521,14.6601,15.548
TOI-238,1.0,349.2310814,-18.6066463,0.065,4.809999942779541,10.490072,True,,False,9006668.0,9006668.0,9.9266,10.4883,10.748
TOI-2382,1.0,356.3751852,-16.114124,0.047,2.674999952316284,11.846501,True,,False,2760219.0,2760219.0,11.4408,11.8534,11.814
TOI-2384,1.0,36.1561463,-65.0001957,0.455,83.8499984741211,14.387966,True,,False,382602147.0,382602147.0,13.3147,14.3985,15.103
TOI-2406,1.0,8.8060544,-3.3720833,0.118,1.8420000076293945,15.662982,True,,False,,,,,
TOI-2407,1.0,49.746545,-46.458025,0.0,0.0,13.614202,True,,False,153078576.0,153078576.0,12.5264,13.6328,14.68
TOI-2411,1.0,20.9224567,-8.7017944,0.204,56.34000015258789,11.215379,True,,False,10837041.0,10837041.0,10.4238,11.2198,11.272
TOI-2416,1.0,57.3389409,-60.7871861,0.118,14.380000114440918,12.884491,True,,False,237922465.0,237922465.0,12.4333,12.8909,13.019
TOI-2420,1.0,14.8268138,-19.7711643,0.213,77.9000015258789,11.286981,True,,False,268532343.0,268532343.0,10.8285,11.2863,11.574
TOI-2421,1.0,33.1540208,-35.3909182,0.178,67.79000091552734,11.156964,True,,False,70524163.0,70524163.0,10.6918,11.1554,11.419
TOI-2427,1.0,52.2917315,-31.3628665,0.087,11.9399995803833,9.823608,True,,False,142937186.0,142937186.0,9.0138,9.81845,10.295
TOI-2431,1.0,37.7652989,8.3816255,0.085,8.847000122070312,10.325212,True,,False,,,,,
TOI-244,1.0,10.5697537,-36.7179743,0.19,58.189998626708984,11.548954,True,,False,118327550.0,118327550.0,10.3475,11.553,12.861
TOI-2443,1.0,40.1798608,1.1996757,0.112,11.779999732971191,9.03783,True,,False,,,,,
TOI-2445,1.0,43.3161555,0.0523366,0.107,3.5179998874664307,14.372364,True,,False,439867639.0,439867639.0,13.1292,14.3977,15.692
TOI-2447,1.0,70.9975864,-31.9066369,0.074,9.164999961853027,10.441224,True,,False,1167538.0,1167538.0,10.0127,10.4403,10.507
TOI-2449,1.0,67.984371,-34.4555327,0.113,19.65999984741211,10.295686,True,,False,170729775.0,170729775.0,9.8999,10.2924,10.416
TOI-2453,1.0,74.8374845,12.9363528,0.048,1.5720000267028809,13.49465,True,,False,59128183.0,59128183.0,12.4223,13.5103,14.415
TOI-2458,1.0,79.621529,1.253439,0.094,10.180000305175781,9.105384,True,,False,449197831.0,449197831.0,8.71008,9.09716,9.202
TOI-2459,1.0,82.1433321,-39.3730456,0.09,11.569999694824219,10.168684,True,,False,192790476.0,192790476.0,9.3951,10.1652,10.772
TOI-2485,1.0,205.2043217,22.9839692,0.183,52.95000076293945,11.370143,True,,False,328934463.0,328934463.0,10.9687,11.373,11.935
TOI-2497,1.0,90.0625878,11.8840577,0.08,7.926000118255615,9.478963,True,,False,97568467.0,97568467.0,9.14112,9.47244,9.547
TOI-2498,1.0,95.4162204,11.2516477,0.123,20.059999465942383,11.266129,True,,False,263179590.0,263179590.0,10.844,11.2677,11.196
TOI-251,1.0,353.0620655,-37.2558629,0.076,6.613999843597412,9.761134,True,,False,224225541.0,224225541.0,9.3258,9.75411,9.887
TOI-2518,1.0,105.4448495,-34.9196867,0.078,9.256999969482422,10.652487,True,,False,96925186.0,96925186.0,10.2282,10.6499,10.954
TOI-2524,1.0,160.8868435,-1.9126984,0.086,6.98799991607666,12.614565,True,,False,169249234.0,169249234.0,12.1772,12.6225,12.8
TOI-2525,1.0,86.8509737,-60.5213081,0.0,0.0,13.998629,True,,False,149601126.0,149601126.0,13.4006,14.012,14.216
TOI-2529,1.0,118.9945352,-52.3548332,0.106,15.9399995803833,11.190228,True,,False,269333648.0,269333648.0,10.6693,11.1911,11.529
TOI-2537,1.0,54.3882661,10.0577464,0.066,4.4120001792907715,12.719099,True,,False,399967279.0,399967279.0,12.0294,12.73,13.236
TOI-2545,1.0,135.5458029,-3.4208194,0.077,9.293000221252441,9.302309,True,,False,149845414.0,149845414.0,8.90594,9.2949,9.521
TOI-2567,1.0,288.4656683,66.3479375,0.042,2.763000011444092,12.210217,True,,False,258920431.0,258920431.0,11.7489,12.2213,12.3
TOI-257,1.0,47.5172608,-50.8322632,0.122,11.539999961853027,7.430989,True,,False,200723869.0,200723869.0,7.0286,7.41653,7.57
TOI-2570,1.0,87.1880397,32.0840435,0.036,1.7480000257492065,12.449545,True,,False,239816546.0,239816546.0,11.9775,12.4599,12.569
TOI-2580,1.0,62.1992072,67.1165264,0.215,120.30000305175781,11.256752,True,,False,102713734.0,102713734.0,10.8064,11.2548,11.419
TOI-2583_A,1.0,272.2670293,45.3368996,0.053,3.99399995803833,12.452738,True,,False,7548817.0,7548817.0,12.0453,12.4592,12.586
TOI-2587_A,1.0,115.9317105,-1.073333,0.132,25.56999969482422,11.405452,True,,False,68007716.0,68007716.0,10.9657,11.4079,11.544
TOI-2589,1.0,107.4881501,-37.230948,0.156,45.79999923706055,11.197896,True,,False,157698565.0,157698565.0,10.7211,11.1958,11.415
TOI-260,1.0,4.7730178,-9.9661505,0.055,2.984999895095825,9.316666,True,,False,37749396.0,37749396.0,8.4991,9.3124,9.9
TOI-261,1.0,15.2181412,-24.4239934,0.127,24.5,9.431101,True,,False,63898957.0,63898957.0,9.03971,9.42329,9.56
TOI-262,1.0,32.534687,-31.0706272,0.071,5.895999908447266,8.677938,True,,False,70513361.0,70513361.0,8.1345,8.66859,8.91
TOI-2641,1.0,171.1303716,-42.7321394,0.137,35.63999938964844,11.564754,True,,False,162802770.0,162802770.0,11.1897,11.5712,11.693
TOI-2654,1.0,52.9815377,-47.9946912,0.039,1.0199999809265137,13.781102,True,,False,200805484.0,200805484.0,13.0725,13.7947,14.131
TOI-2669,1.0,134.7226445,-13.3125792,0.058,4.276000022888184,10.60391,True,,False,348835438.0,348835438.0,9.9917,10.6019,10.916
TOI-269,1.0,75.8462827,-54.1777213,0.037,1.0679999589920044,13.405687,True,,False,220479565.0,220479565.0,12.2958,13.4258,14.37
TOI-270,1.0,68.4160804,-51.9573937,0.129,23.3700008392334,11.62116,True,,False,259377017.0,259377017.0,10.4981,11.6306,12.603
TOI-2714,1.0,61.4012482,-14.9267458,0.0,0.0,13.242148,True,,False,332534326.0,332534326.0,12.7979,13.2544,13.468
TOI-2719,1.0,71.5549449,-0.8048725,0.053,3.819999933242798,12.520644,True,,False,176314383.0,176314383.0,12.0676,12.5312,12.684
TOI-2768,1.0,99.3641336,-15.4812031,0.076,8.689000129699707,12.191319,True,,False,443556801.0,443556801.0,11.3676,12.2,12.66
TOI-277,1.0,19.0766985,-20.9532772,0.122,16.309999465942383,12.776904,True,,False,439456714.0,439456714.0,11.7315,12.7896,13.632
TOI-2796,1.0,84.1527191,0.8962788,0.055,4.544000148773193,12.353216,True,,False,220076110.0,220076110.0,11.916,12.3642,12.475
TOI-2803_A,1.0,93.1147397,-23.4924956,0.073,9.541999816894531,12.416805,True,,False,124379043.0,124379043.0,12.0753,12.4272,12.537
TOI-2818,1.0,119.0598183,-35.1167104,0.076,10.789999961853027,11.829936,True,,False,151483286.0,151483286.0,11.3944,11.8367,11.937
TOI-283,1.0,118.5693065,-65.441482,0.097,12.09000015258789,10.199693,True,,False,382626661.0,382626661.0,9.6768,10.1971,10.41
TOI-2842,1.0,108.0442066,-10.63934,0.065,5.130000114440918,12.455146,True,,False,178162579.0,178162579.0,12.0327,12.4636,12.59
TOI-286,1.0,90.9842762,-60.6663348,0.096,11.289999961853027,9.65673,True,,False,150030205.0,150030205.0,9.1059,9.65064,9.866
TOI-2876,1.0,110.2473528,-21.1146384,0.059,5.776000022888184,12.24792,True,,False,10827386.0,10827386.0,11.7038,12.2566,12.401
TOI-2886,1.0,110.0076569,-10.5698414,0.119,20.90999984741211,12.186778,True,,False,318796593.0,318796593.0,11.7858,12.1953,12.265
TOI-2969,1.0,150.0626247,-47.4452436,0.026,0.9146000146865845,12.607454,True,,False,36452991.0,36452991.0,11.9361,12.6195,12.796
TOI-2977,1.0,143.9265177,-60.3574758,1.018,1080.0,12.492139,True,,False,361343239.0,361343239.0,11.9383,12.4443,12.6334
TOI-2981,1.0,163.487394,-25.5245988,0.073,4.638999938964844,13.177636,True,,False,287145649.0,287145649.0,12.7533,13.1868,13.361
TOI-2986,1.0,163.7715605,-6.4784524,0.069,4.625,12.466686,True,,False,148497855.0,148497855.0,12.0682,12.4758,12.633
TOI-2989,1.0,171.2316754,-27.0623619,0.021,0.3937000036239624,13.461175,True,,False,97825640.0,97825640.0,12.7103,13.4755,13.859
TOI-2992,1.0,164.3165643,-32.3224375,0.04,2.3459999561309814,12.380425,True,,False,49045066.0,49045066.0,11.9728,12.3899,12.603
TOI-3023,1.0,165.3158231,-72.3567044,0.06,5.72599983215332,12.0278,True,,False,454248975.0,454248975.0,11.4848,12.0336,12.252
TOI-3071,1.0,173.2790517,-56.5033871,0.0,0.0,12.267006,True,,False,452006073.0,452006073.0,11.8706,12.2766,12.383
TOI-3082,1.0,195.9080719,-19.2189845,0.084,7.0289998054504395,12.519351,True,,False,428699140.0,428699140.0,11.7662,12.5313,12.934
TOI-3135,1.0,207.8592276,-69.7725635,0.077,7.724999904632568,11.575346,True,,False,448098793.0,448098793.0,11.0994,11.5801,11.79
TOI-3160_A,1.0,224.5658555,-27.6825503,0.207,40.689998626708984,12.365642,True,,False,440872576.0,440872576.0,11.9333,12.3708,12.649
TOI-3235,1.0,207.4738488,-46.0665139,0.104,3.6059999465942383,14.460488,True,,False,243641947.0,243641947.0,13.2486,14.4858,15.16
TOI-3261,1.0,47.7285242,-73.531972,0.02,0.41909998655319214,13.046638,True,,False,358070912.0,358070912.0,12.4923,13.0582,13.261
TOI-3288,1.0,297.1103158,-43.0180008,0.041,0.6696000099182129,14.234628,True,,False,79920467.0,79920467.0,13.2956,14.2497,14.979
TOI-329,1.0,351.3210955,-15.6346313,0.131,18.190000534057617,11.154856,True,,False,169765334.0,169765334.0,10.6929,11.1536,11.262
TOI-332,1.0,348.0589516,-44.8764852,0.163,68.61000061035156,12.054499,True,,False,139285832.0,139285832.0,11.5273,12.063,12.349
TOI-3321,1.0,265.7603351,-65.0082516,0.174,56.13999938964844,11.098307,True,,False,306648160.0,306648160.0,10.6651,11.0932,11.076
TOI-333,1.0,353.3574989,-41.1715206,0.124,28.1200008392334,11.891394,True,,False,224245334.0,224245334.0,11.5166,11.8993,12.205
TOI-3331_A,1.0,271.3241672,-34.107171,0.136,12.699999809265137,11.824243,True,,False,194795551.0,194795551.0,11.3208,11.8314,11.635
TOI-3353,1.0,106.5298146,-75.8195594,0.059,4.010000228881836,9.25215,True,,False,391903064.0,391903064.0,8.7843,9.23847,9.327
TOI-3362,1.0,155.9841428,-56.8431169,0.068,6.383999824523926,10.70588,True,,False,464300749.0,464300749.0,10.3823,10.7051,10.86
TOI-3364,1.0,144.5377709,-49.3352226,0.098,13.880000114440918,11.293369,True,,False,280655495.0,280655495.0,10.8137,11.2945,11.875
TOI-3457,1.0,183.2082686,-79.7572043,0.064,5.36899995803833,12.152926,True,,False,357312511.0,357312511.0,11.6146,12.1589,12.44
TOI-3464,1.0,234.4830357,-44.7899772,0.0,0.0,12.499329,True,,False,290504044.0,290504044.0,12.0719,12.5094,12.731
TOI-3474,1.0,233.5033482,-47.9636597,0.0,2.3849999869463533e-15,12.432441,True,,False,274367763.0,274367763.0,11.9672,12.4418,12.531
TOI-3486,1.0,249.4432035,-59.3051077,0.0,0.0,12.106529,True,,False,221861843.0,221861843.0,11.4867,12.1144,12.329
TOI-3493,1.0,205.7990331,-22.5854441,0.083,8.02299976348877,9.127084,True,,False,203377303.0,203377303.0,8.7028,9.12029,9.317
TOI-3523_A,1.0,304.2834581,42.9065338,0.316,120.69999694824219,12.496571,True,,False,417047499.0,417047499.0,12.1042,12.4946,12.56
TOI-3540_A,1.0,328.9113712,28.1794996,0.32,149.8000030517578,11.427763,True,,False,17865622.0,17865622.0,10.9541,11.4036,11.514
TOI-3568,1.0,322.6023682,34.7395805,0.047,3.6059999465942383,12.687002,True,,False,160390955.0,160390955.0,12.0729,12.7,12.879
TOI-3593,1.0,331.506364,34.2116583,0.092,17.670000076293945,12.025498,True,,False,162289289.0,162289289.0,11.488,12.0344,12.201
TOI-3629,1.0,359.7933851,39.3142556,0.0,0.0,13.822621,True,,False,455784423.0,455784423.0,12.7882,13.8375,14.639
TOI-3664,1.0,35.308494,59.7118568,0.0,0.0,13.534257,True,,False,348437470.0,348437470.0,12.91,13.5461,13.883
TOI-3682,1.0,50.2752271,25.2972658,0.07,5.4629998207092285,11.868542,True,,False,28961316.0,28961316.0,11.3186,11.8754,11.678
TOI-3688_A,1.0,39.2823371,54.8512152,0.014,0.3287000060081482,12.357089,True,,False,245509452.0,245509452.0,11.8433,12.3686,12.241
TOI-3693,1.0,15.6543938,51.3038918,0.103,14.729999542236328,11.95474,True,,False,240823272.0,240823272.0,11.419,11.9579,11.948
TOI-3714,1.0,69.5523415,39.4580035,0.057,1.8070000410079956,14.290816,True,,False,155867025.0,155867025.0,13.1751,14.3107,15.7
TOI-375,1.0,47.1499034,-77.3833275,0.086,10.25,11.046961,True,,False,280097543.0,280097543.0,10.4471,11.0473,11.516
TOI-3757,1.0,91.0036423,55.0199793,0.0,0.0,14.113892,True,,False,445751830.0,445751830.0,13.1858,14.1321,14.812
TOI-3785,1.0,130.9002258,63.0780768,0.044,1.809999942779541,13.633956,True,,False,458419328.0,458419328.0,12.4963,13.6559,14.595
TOI-3807,1.0,139.1125648,69.0741284,0.067,8.529000282287598,12.024529,True,,False,289661991.0,289661991.0,11.5817,12.0338,11.856
TOI-3819,1.0,121.8632568,29.3886446,0.062,4.715000152587891,12.404097,True,,False,95660472.0,95660472.0,11.9824,12.413,12.542
TOI-3837,1.0,152.6662832,24.2731213,0.18,37.959999084472656,11.8051,True,,False,308073360.0,308073360.0,11.366,11.8041,11.673
TOI-3856,1.0,145.2229223,27.950158,0.047,3.306999921798706,12.121862,True,,False,125552076.0,125552076.0,11.655,12.1318,12.292
TOI-3862,1.0,185.9005633,50.5446246,0.07,9.104000091552734,12.221443,True,,False,141205978.0,141205978.0,11.7201,12.2326,12.351
TOI-3877,1.0,170.4544727,33.9913822,0.054,3.578000068664551,12.356513,True,,False,144310492.0,144310492.0,11.9123,12.3643,12.215
TOI-3884,1.0,181.5718341,12.5070258,0.105,4.539999961853027,14.246237,True,,False,86263325.0,86263325.0,12.9113,14.2747,15.744
TOI-3894,1.0,201.3748265,52.7681036,0.09,12.670000076293945,11.687243,True,,False,165464482.0,165464482.0,11.323,11.6943,11.992
TOI-3896,1.0,187.9302395,63.9085462,0.055,4.709000110626221,12.2257,True,,False,445837596.0,445837596.0,11.6832,12.2334,12.43
TOI-3912,1.0,215.8014956,24.0765639,0.061,5.591000080108643,12.297648,True,,False,156648452.0,156648452.0,11.8747,12.3073,12.507
TOI-3919,1.0,208.9447534,40.3918061,0.072,7.492000102996826,12.701433,True,,False,23769326.0,23769326.0,12.3342,12.7133,12.858
TOI-3976_A,1.0,224.3560083,44.2743223,0.037,2.255000114440918,12.211003,True,,False,154293917.0,154293917.0,11.8136,12.2192,12.403
TOI-3980,1.0,12.8419374,59.5758606,0.036,2.132999897003174,12.364174,True,,False,312548829.0,312548829.0,11.863,12.3751,12.549
TOI-3984_A,1.0,226.3371468,36.7869747,0.056,1.284999966621399,14.648687,True,,False,20182780.0,20182780.0,13.4609,14.6718,15.694
TOI-4010,1.0,20.2148196,66.0722009,0.029,1.2569999694824219,12.111755,True,,False,352682207.0,352682207.0,11.5163,12.1216,12.291
TOI-4029,1.0,239.2337189,16.9802854,0.109,20.049999237060547,11.61244,True,,False,393633044.0,393633044.0,11.1718,11.6157,11.554
TOI-4030,1.0,277.6228367,56.7704522,0.0,0.0,13.698503,True,,False,390021939.0,390021939.0,13.2338,13.7113,13.862
TOI-4034,1.0,335.1469845,71.7673462,0.0,0.0,13.101158,True,,False,375654303.0,375654303.0,12.5798,13.1082,13.262
TOI-406,1.0,49.2626428,-42.2441492,0.176,39.689998626708984,12.544072,True,,False,,,,,
TOI-4087,1.0,217.9257785,83.3727061,0.074,7.666999816894531,11.700803,True,,False,310002617.0,310002617.0,11.2961,11.7064,12.107
TOI-4127,1.0,105.4045516,72.4149297,0.183,63.91999816894531,11.409017,True,,False,141488193.0,141488193.0,11.0383,11.4122,11.441
TOI-4137,1.0,77.612879,70.391079,0.147,43.310001373291016,11.245597,True,,False,417646390.0,417646390.0,10.8557,11.2468,11.31
TOI-4145_A,1.0,39.4297435,80.2673838,0.041,2.51200008392334,12.049192,True,,False,279947414.0,279947414.0,11.5241,12.0572,12.084
TOI-4153,1.0,335.3934698,82.2160792,0.082,9.680000305175781,11.559911,True,,False,470171739.0,470171739.0,11.1477,11.5632,11.601
TOI-4155,1.0,325.6362269,77.7343836,0.086,10.470000267028809,11.685259,True,,False,467331291.0,467331291.0,11.2473,11.6904,11.85
TOI-4156,1.0,230.7808336,76.3318816,0.086,11.0,11.124048,True,,False,462553953.0,462553953.0,10.7152,11.1255,11.504
TOI-4184,1.0,43.8284749,-79.4147039,0.121,2.069000005722046,15.56254,True,,False,394357918.0,394357918.0,14.2612,15.5939,17.12
TOI-4201,1.0,90.4747237,-13.461371,0.0,0.0,14.480463,True,,False,95057860.0,95057860.0,13.5011,14.5001,15.163
TOI-421,1.0,81.8532824,-14.2767404,0.048,3.9030001163482666,9.783354,True,,False,94986319.0,94986319.0,9.2711,9.77776,9.931
TOI-4214,1.0,110.2495104,-13.9262649,0.115,17.68000030517578,11.452956,True,,False,409594381.0,409594381.0,11.0071,11.4587,11.79
TOI-4308,1.0,327.7530693,-43.5623642,0.068,6.96999979019165,10.864657,True,,False,144193715.0,144193715.0,10.339,10.8645,11.251
TOI-431,1.0,83.2692502,-26.7238698,0.106,17.209999084472656,8.79872,True,,False,31374837.0,31374837.0,8.1705,8.79171,9.12
TOI-4311,1.0,41.6855224,-31.1793201,0.203,70.76000213623047,11.271428,True,,False,122617317.0,122617317.0,10.7236,11.2651,11.388
TOI-4329,1.0,329.5639152,71.1316048,0.063,4.959000110626221,12.468969,True,,False,256722647.0,256722647.0,11.8832,12.4747,12.724
TOI-4336_A,1.0,206.1070129,-40.3373505,0.242,93.83000183105469,12.245831,True,,False,166184428.0,166184428.0,11.0196,12.2569,13.6
TOI-4342,1.0,324.3894196,-77.9791468,0.16,39.81999969482422,11.97403,True,,False,354944123.0,354944123.0,11.0318,11.9822,12.669
TOI-4363,1.0,37.1105554,-12.5493631,0.094,12.220000267028809,12.074616,True,,False,325682877.0,325682877.0,11.2473,12.0833,12.678
TOI-4364,1.0,80.066927,-4.2392481,0.117,22.010000228881836,12.53426,True,,False,4070275.0,4070275.0,11.3993,12.5548,13.564
TOI-4377,1.0,164.9324709,-82.2213501,0.097,16.469999313354492,11.452599,True,,False,394918211.0,394918211.0,10.7934,11.4565,11.707
TOI-4379,1.0,252.0478813,-32.4337532,0.043,2.2660000324249268,12.396847,True,,False,97766057.0,97766057.0,11.8994,12.4083,12.661
TOI-4405,1.0,101.5953368,-75.4441271,0.0,0.0,13.127984,True,,False,177254988.0,177254988.0,12.3813,13.1396,13.476
TOI-4406,1.0,18.0485164,-56.9253875,0.09,11.84000015258789,10.955214,True,,False,206541859.0,206541859.0,10.5663,10.9545,10.937
TOI-4438,1.0,270.3172389,35.5948992,0.169,41.4900016784668,12.504141,True,,False,,,,,
TOI-444,1.0,64.1839982,-26.7664071,0.097,17.280000686645508,9.611574,True,,False,179034327.0,179034327.0,9.0567,9.6063,9.86
TOI-4443,1.0,274.2686643,21.9095459,0.106,14.770000457763672,8.346536,True,,False,158241252.0,158241252.0,7.9147,8.33609,8.493
TOI-4463_A,1.0,279.3581286,18.7299522,0.114,19.110000610351562,10.950918,True,,False,8599009.0,8599009.0,10.4673,10.9505,11.036
TOI-4465,1.0,276.1340312,15.8418856,0.116,21.899999618530273,10.328079,True,,False,157236902.0,157236902.0,9.85277,10.3255,10.427
TOI-4479,1.0,316.0969388,24.6536739,0.0,0.0,14.104577,True,,False,126606859.0,126606859.0,12.9374,14.1309,15.18
TOI-4487_A,1.0,306.4220814,45.9710306,0.023,0.7001000046730042,11.92037,True,,False,193754373.0,193754373.0,11.4923,11.9269,12.109
TOI-4495,1.0,286.3624951,37.0259902,0.08,9.942999839782715,9.393753,True,,False,120826158.0,120826158.0,9.00568,9.3859,9.531
TOI-4504,1.0,114.4673065,-62.0782776,0.028,0.7242000102996826,13.120526,True,,False,349972412.0,349972412.0,12.5542,13.1277,13.364
TOI-4507,1.0,80.4513677,-69.9882175,0.033,0.73580002784729,10.569602,True,,False,179582003.0,179582003.0,10.2301,10.5674,10.806
TOI-451,1.0,62.966385,-37.93973,0.065,6.071000099182129,10.75605,True,,False,257605131.0,257605131.0,10.2666,10.7498,10.939
TOI-4511,1.0,49.3052786,15.5017268,0.084,6.822000026702881,10.296243,True,,False,333674399.0,333674399.0,9.81932,10.293,10.537
TOI-4513,1.0,18.0905179,13.7550796,0.121,14.680000305175781,10.433995,True,,False,408261725.0,408261725.0,9.96064,10.4308,10.696
TOI-4515,1.0,21.1861778,21.5130638,0.103,13.8100004196167,11.799584,True,,False,456862677.0,456862677.0,11.302,11.8121,11.938
TOI-4527,1.0,19.4722574,5.4711996,0.115,20.209999084472656,10.203821,True,,False,,,,,
TOI-4529,1.0,16.9688462,12.8809549,0.197,46.7599983215332,11.216652,True,,False,384888319.0,384888319.0,10.1406,11.216,12.214
TOI-4551,1.0,184.9787579,-25.8278531,0.075,7.103000164031982,9.647211,True,,False,204650483.0,204650483.0,9.02765,9.641,9.973
TOI-4552,1.0,264.7142556,-47.6370457,0.068,4.35699987411499,13.213682,True,,False,248250948.0,248250948.0,14.155,16.8157,14.569
TOI-4559,1.0,211.0135378,-30.0141252,0.145,29.459999084472656,12.070422,True,,False,271169413.0,271169413.0,10.9139,12.0797,13.115
TOI-4561,1.0,60.9618951,-76.0214574,0.087,10.699999809265137,11.53782,True,,False,33716474.0,33716474.0,11.0559,11.541,12.153
TOI-4562,1.0,112.0100593,-63.5177788,0.072,8.170999526977539,11.948408,True,,False,349576261.0,349576261.0,11.5326,11.9551,12.14
TOI-4578,1.0,184.2109675,75.1402358,0.106,18.1299991607666,11.194252,True,,False,154474036.0,154474036.0,10.7757,11.1961,11.362
TOI-4582,1.0,256.8601374,68.8656263,0.063,5.59499979019165,11.080293,True,,False,219854519.0,219854519.0,10.5481,11.0809,11.27
TOI-4588,1.0,282.0004201,48.542256,0.105,13.59000015258789,9.218863,True,,False,48031665.0,48031665.0,9.06584,9.21251,9.24
TOI-4600,1.0,258.4503674,64.5661727,0.071,6.002999782562256,12.434014,True,,False,232608943.0,232608943.0,11.8787,12.4406,12.577
TOI-4602,1.0,60.6003316,31.3298354,0.134,15.970000267028809,8.183878,True,,False,467651916.0,467651916.0,7.7746,8.17303,8.32
TOI-4603,1.0,83.8659288,21.2942417,0.083,11.0600004196167,9.083192,True,,False,437856897.0,437856897.0,8.6554,9.07469,9.24
TOI-4633,1.0,256.8431021,62.475548,0.1,12.09000015258789,8.82831,True,,False,307958020.0,307958020.0,8.3498,8.81983,9.017
TOI-4638,1.0,12.8206627,12.7879858,0.129,22.729999542236328,11.20817,True,,False,58824746.0,58824746.0,10.7434,11.2097,11.657
TOI-4640,1.0,38.205319,10.0724659,0.105,14.199999809265137,11.520683,True,,False,337216118.0,337216118.0,11.0771,11.5258,11.63
TOI-4641,1.0,42.5582023,25.3335334,0.155,15.800000190734863,7.423341,True,,False,436873727.0,436873727.0,7.1323,7.40775,7.51
TOI-4662,1.0,57.5160311,-31.0940247,0.066,8.048999786376953,12.088105,True,,False,166778944.0,166778944.0,11.4031,12.0981,12.437
TOI-4666,1.0,56.2898862,-39.0631799,0.0,0.0,14.368119,True,,False,165202476.0,165202476.0,13.3272,14.3906,15.333
TOI-469,1.0,93.0578446,-14.6493167,0.094,17.139999389648438,9.282243,True,,False,33692729.0,33692729.0,8.7615,9.27468,9.49
TOI-470,1.0,94.0099043,-25.0314111,0.14,43.40999984741211,11.245653,True,,False,37770169.0,37770169.0,10.6995,11.2461,11.171
TOI-4734,1.0,90.3581219,12.5478825,0.052,3.374000072479248,12.37097,True,,False,97714451.0,97714451.0,11.9039,12.3807,12.358
TOI-4747,1.0,86.427665,-45.0292291,0.083,9.241000175476074,12.271554,True,,False,235078021.0,235078021.0,11.8128,12.2777,12.442
TOI-4773,1.0,114.9426489,-21.4856184,0.115,18.93000030517578,11.714397,True,,False,415276070.0,415276070.0,11.4048,11.7194,12.075
TOI-4791,1.0,109.3883818,-19.8289392,0.142,34.369998931884766,11.312732,True,,False,100389539.0,100389539.0,10.8961,11.3152,11.541
TOI-4794,1.0,110.4835517,-12.5654781,0.088,11.920000076293945,12.440347,True,,False,95589845.0,95589845.0,12.0465,12.4496,12.563
TOI-480,1.0,88.3784618,-16.2653974,0.115,13.180000305175781,7.159053,True,,False,317548889.0,317548889.0,6.7799,7.1442,7.28
TOI-481,1.0,110.5126861,-57.384998,0.085,9.529000282287598,9.851043,True,,False,339672028.0,339672028.0,9.3935,9.84659,9.972
TOI-4860,1.0,183.563961,-13.1748411,0.061,0.7250999808311462,15.077317,True,,False,335590096.0,335590096.0,13.7726,15.1091,16.47
TOI-4898,1.0,197.3416711,-32.8294537,0.081,6.677999973297119,12.891251,True,,False,124235800.0,124235800.0,11.9277,12.9055,13.62
TOI-4914,1.0,204.5426717,-28.1429206,0.077,7.793000221252441,12.093047,True,,False,49254857.0,49254857.0,11.6629,12.0997,12.235
TOI-4930,1.0,208.6418883,-45.1544786,0.077,7.285999774932861,12.507613,True,,False,307221757.0,307221757.0,12.0678,12.5186,12.704
TOI-4940,1.0,58.2511684,-62.4079681,0.09,9.72700023651123,12.293784,True,,False,237929468.0,237929468.0,11.8153,12.3039,12.448
TOI-4961,1.0,192.5018624,-59.8919345,0.0,0.0,12.260045,True,,False,420202798.0,420202798.0,11.6602,12.2685,12.486
TOI-4994,1.0,283.1325335,-78.4344302,0.042,2.5450000762939453,12.470431,True,,False,277128619.0,277128619.0,11.9545,12.4792,12.652
TOI-500,1.0,106.559098,-47.5878156,0.075,7.139999866485596,10.103841,True,,False,134200185.0,134200185.0,9.4022,10.1026,10.54
TOI-5005,1.0,238.108194,-48.1451,0.099,13.020000457763672,11.634062,True,,False,282485660.0,282485660.0,11.13,11.6382,11.867
TOI-5007,1.0,236.0638704,-61.0413649,0.036,0.43140000104904175,14.632209,True,,False,424196109.0,424196109.0,13.6366,14.6524,15.327
TOI-5027,1.0,243.8850212,-69.2170972,0.16,52.43000030517578,11.331879,True,,False,361711730.0,361711730.0,10.9097,11.3341,11.566
TOI-5076,1.0,50.5104166,17.2392094,0.063,5.2230000495910645,10.592751,True,,False,303432813.0,303432813.0,9.9909,10.5927,10.9
TOI-5082,1.0,106.569578,22.6831477,0.13,6.9770002365112305,8.092568,True,,False,437011608.0,437011608.0,7.6253,8.08646,8.25
TOI-5108,1.0,166.2695041,11.2464069,0.069,3.752000093460083,9.612512,True,,False,350348197.0,350348197.0,9.18458,9.608,9.75
TOI-5110,1.0,94.4042694,31.6103309,0.098,10.010000228881836,10.683972,True,,False,239977528.0,239977528.0,10.2592,10.6815,11.06
TOI-512,1.0,96.6467023,-38.6072095,0.046,2.822999954223633,9.487699,True,,False,119292328.0,119292328.0,8.9767,9.48032,9.735
TOI-5126,1.0,151.6597827,18.6340631,0.126,20.920000076293945,9.945831,True,,False,27064468.0,27064468.0,9.56225,9.93629,10.141
TOI-5143,1.0,165.3651202,5.1394812,0.053,2.6419999599456787,11.820277,True,,False,281837575.0,281837575.0,11.2668,11.8113,11.935
TOI-5153,1.0,91.5403204,-19.9534443,0.188,92.83000183105469,11.575564,True,,False,124029677.0,124029677.0,11.215,11.5779,11.932
TOI-5159,1.0,142.7859562,20.0193431,0.048,3.315000057220459,9.198956,True,,False,286712787.0,286712787.0,8.6739,9.19159,9.369
TOI-5160,1.0,114.6393985,31.3944536,0.103,11.529999732971191,10.644799,True,,False,4165850.0,4165850.0,10.187,10.6442,10.847
TOI-5174,1.0,174.1094967,-2.0233506,0.115,16.530000686645508,11.100323,True,,False,49428710.0,49428710.0,10.6309,11.1031,11.583
TOI-5181_A,1.0,280.6774738,21.6998203,0.106,20.270000457763672,12.209085,True,,False,346667887.0,346667887.0,11.7242,12.2189,12.301
TOI-519,1.0,124.6067582,-19.6627918,0.036,0.23080000281333923,15.67702,True,,False,218795833.0,218795833.0,14.4347,15.7067,17.35
TOI-5205,1.0,313.7706819,24.360977,0.0,0.0,14.902838,True,,False,419411415.0,419411415.0,13.6136,14.9317,15.899
TOI-521,1.0,123.3442567,12.2221079,0.029,0.6078000068664551,13.568408,True,,False,27649847.0,27649847.0,12.4029,13.5861,14.691
TOI-5210,1.0,314.316923,21.9502055,0.134,27.950000762939453,11.931714,True,,False,265979849.0,265979849.0,11.4194,11.9381,12.118
TOI-5218,1.0,292.6634642,71.7629612,0.085,1.2319999933242798,15.432952,True,,False,259172249.0,259172249.0,14.5179,15.4499,16.044
TOI-5232,1.0,294.3374248,35.2764934,0.049,3.5390000343322754,12.160616,True,,False,69356857.0,69356857.0,11.7791,12.168,12.246
TOI-5238,1.0,223.3588909,68.859472,0.063,5.572999954223633,12.092901,True,,False,219016883.0,219016883.0,11.637,12.0984,12.214
TOI-5261,1.0,305.4585453,19.4358468,0.06,5.331999778747559,12.585629,True,,False,402828941.0,402828941.0,12.1444,12.6023,12.68
TOI-5292_A,1.0,344.2223631,-8.1197473,0.053,0.2606000006198883,15.893105,True,,False,33397739.0,33397739.0,14.8951,15.9091,16.416
TOI-5293_A,1.0,355.828682,-2.0450945,0.0,0.0,14.962178,True,,False,250111245.0,250111245.0,13.9766,14.9816,16.19
TOI-530,1.0,103.4128333,12.8815784,0.091,2.121000051498413,14.621668,True,,False,387690507.0,387690507.0,13.5287,14.6439,15.403
TOI-5300,1.0,356.481137,0.4587978,0.0,0.0,13.220423,True,,False,267215820.0,267215820.0,12.4559,13.2333,13.869
TOI-5301,1.0,12.9908008,13.0783712,0.155,38.720001220703125,11.565127,True,,False,58825110.0,58825110.0,11.1893,11.5696,11.738
TOI-5319,1.0,35.2135563,23.5204408,0.035,0.8518999814987183,13.118971,True,,False,246965431.0,246965431.0,12.0828,13.1344,13.947
TOI-532,1.0,85.0800537,11.5626373,0.0,0.0,13.646227,True,,False,144700903.0,144700903.0,12.6785,13.6645,14.413
TOI-5322,1.0,6.5293373,14.3364283,0.079,8.986000061035156,12.471172,True,,False,336691874.0,336691874.0,12.0075,12.4839,12.733
TOI-5335,1.0,46.9523734,15.3590831,0.0,0.0,13.073392,True,,False,381360750.0,381360750.0,12.5223,13.087,13.428
TOI-5340,1.0,59.3094816,22.3783373,0.042,2.9200000762939453,12.198191,True,,False,14156936.0,14156936.0,11.7085,12.2074,12.399
TOI-5344,1.0,63.2662165,20.9151568,0.0,0.0,14.318607,True,,False,16005254.0,16005254.0,13.2239,14.3361,15.402
TOI-5349,1.0,52.7125703,20.8796279,0.028,0.17409999668598175,14.87523,True,,False,26054627.0,26054627.0,13.8117,14.8907,15.685
TOI-5350,1.0,74.4023015,21.6019759,0.191,55.4900016784668,11.702304,True,,False,68808155.0,68808155.0,11.1846,11.7055,11.953
TOI-5380,1.0,112.7611492,73.1287844,0.072,8.232999801635742,10.49751,True,,False,441587756.0,441587756.0,10.1684,10.4963,10.621
TOI-5386_A,1.0,226.1069193,60.5362318,0.268,100.30000305175781,11.756448,True,,False,202425357.0,202425357.0,11.3502,11.7598,11.554
TOI-5388,1.0,152.1765169,35.5475571,0.181,39.810001373291016,11.720614,True,,False,407591297.0,407591297.0,10.5737,11.7284,12.728
TOI-5398,1.0,161.8795569,36.3294345,0.063,4.877999782562256,9.987461,True,,False,8260536.0,8260536.0,9.58055,9.98233,10.059
TOI-540,1.0,76.3096949,-47.9375391,0.228,55.43000030517578,12.873695,True,,False,200322593.0,200322593.0,11.5045,12.8938,14.823
TOI-5422,1.0,86.8436173,25.6260342,0.13,23.149999618530273,11.704064,True,,False,80611440.0,80611440.0,11.2391,11.7079,11.499
TOI-544,1.0,82.2900716,-0.3428983,0.094,15.850000381469727,10.415685,True,,False,50618703.0,50618703.0,9.6504,10.4143,10.777
TOI-5486,1.0,190.5495041,3.7886012,0.0,0.0,13.349088,True,,False,291109653.0,291109653.0,12.2937,13.3657,14.297
TOI-5489,1.0,128.691294,11.4895882,0.081,6.568999767303467,12.804064,True,,False,468983280.0,468983280.0,11.6923,12.8184,13.824
TOI-5502,1.0,135.204056,27.9983339,0.164,40.459999084472656,10.705831,True,,False,126322519.0,126322519.0,10.3404,10.704,10.881
TOI-5515,1.0,139.6163639,16.9899558,0.109,17.18000030517578,11.001975,True,,False,55275863.0,55275863.0,10.5182,11.0029,11.147
TOI-5532,1.0,41.3804035,5.1507331,0.101,12.109999656677246,12.42188,True,,False,318836983.0,318836983.0,11.5212,12.435,13.072
TOI-5542,1.0,302.7984228,-61.1354659,0.085,13.300000190734863,12.271567,True,,False,466206508.0,466206508.0,11.8452,12.2819,12.42
TOI-5573,1.0,136.4259999,55.3071309,0.275,27.3700008392334,14.656245,True,,False,459762279.0,459762279.0,13.6281,14.6741,15.508
TOI-558,1.0,42.2915093,-58.0246828,0.113,18.209999084472656,11.324756,True,,False,207110080.0,207110080.0,10.9923,11.3253,11.233
TOI-559,1.0,46.8186159,-31.1629951,0.124,30.420000076293945,10.979199,True,,False,209459275.0,209459275.0,10.5704,10.9777,11.091
TOI-5592,1.0,106.6800684,65.857249,0.054,5.50600004196167,12.485129,True,,False,88529975.0,88529975.0,12.136,12.4963,12.614
TOI-5595,1.0,110.4601649,35.2219829,0.119,11.59000015258789,12.960381,True,,False,302908969.0,302908969.0,12.1765,12.9724,13.316
TOI-5599,1.0,199.3262375,55.6815392,0.199,64.13999938964844,11.646631,True,,False,159160230.0,159160230.0,11.2785,11.6476,11.779
TOI-5605,1.0,150.5380078,50.1453867,0.104,19.56999969482422,11.762776,True,,False,252469648.0,252469648.0,11.0737,11.7685,12.073
TOI-561,1.0,148.1851516,6.216103,0.107,15.670000076293945,10.018079,True,,False,377064495.0,377064495.0,9.5273,10.0128,10.252
TOI-5614,1.0,189.4323154,69.4584273,0.0,2.235999903502507e-15,13.742526,True,,False,148960849.0,148960849.0,13.0076,13.7566,14.093
TOI-5616,1.0,184.9016378,48.6832895,0.04,0.3880999982357025,15.612313,True,,False,154220877.0,154220877.0,14.6877,15.6306,16.74
TOI-5624,1.0,180.8443476,49.2512257,0.08,12.430000305175781,10.54358,True,,False,53498154.0,53498154.0,10.0326,10.5425,10.81
TOI-5630,1.0,236.4538532,40.3748618,0.061,5.685999870300293,10.830618,True,,False,316416562.0,316416562.0,10.3331,10.8304,10.896
TOI-564,1.0,130.2951535,-16.0363275,0.149,46.18000030517578,11.148268,True,,False,1003831.0,1003831.0,10.6701,11.1424,11.097
TOI-5678,1.0,47.3841872,-34.1984808,0.099,17.190000534057617,11.148476,True,,False,209464063.0,209464063.0,10.6691,11.1483,11.438
TOI-5688_A,1.0,266.9231001,47.7050486,0.206,7.5289998054504395,15.30603,True,,False,193634953.0,193634953.0,14.2085,15.324,15.78
TOI-5704,1.0,169.8248694,44.9890782,0.177,57.400001525878906,11.286687,True,,False,148673433.0,148673433.0,10.6147,11.2746,11.529
TOI-5713,1.0,208.4587323,52.6027628,0.077,3.0439999103546143,13.98809,True,,False,219041246.0,219041246.0,12.7022,14.0104,15.355
TOI-5716,1.0,201.9007989,73.1774325,0.081,2.7809998989105225,14.350678,True,,False,298074836.0,298074836.0,13.1066,14.3739,15.83
TOI-5720,1.0,170.3135774,25.2732942,0.118,12.770000457763672,12.811856,True,,False,,,,,
TOI-5726,1.0,123.3950504,68.5745899,0.092,15.930000305175781,9.58691,True,,False,71582156.0,71582156.0,9.16067,9.58034,9.736
TOI-5728,1.0,260.3509363,67.5504212,0.076,3.621000051498413,13.663175,True,,False,219875976.0,219875976.0,12.4896,13.6849,15.02
TOI-5734,1.0,111.2558179,37.2311218,0.047,2.184999942779541,9.197407,True,,False,9989136.0,9989136.0,8.5446,9.19044,9.613
TOI-5736,1.0,213.7583971,49.5009379,0.124,17.540000915527344,12.893651,True,,False,310380289.0,310380289.0,11.982,12.9042,13.553
TOI-5777,1.0,141.002239,82.8586961,0.08,8.095000267028809,12.642611,True,,False,459189798.0,459189798.0,11.8799,12.6537,13.012
TOI-5786,1.0,293.3223259,30.7042468,0.071,7.447000026702881,10.142449,True,,False,40292751.0,40292751.0,9.77301,10.1378,10.186
TOI-5788,1.0,287.4249017,31.7615284,0.089,12.869999885559082,10.059799,True,,False,42883782.0,42883782.0,9.6069,10.0551,10.153
TOI-5789,1.0,302.7734475,16.1897138,0.142,24.420000076293945,7.113067,True,,False,,,,,
TOI-5795,1.0,304.868782,-7.5476595,0.111,11.359999656677246,10.638782,True,,False,151724385.0,151724385.0,10.1872,10.6376,10.708
TOI-5799,1.0,301.630179,15.9891418,0.122,22.510000228881836,12.307954,True,,False,328081248.0,328081248.0,11.1798,12.3212,13.29
TOI-5800,1.0,305.0655462,-7.4119237,0.094,9.75100040435791,9.225453,True,,False,151759246.0,151759246.0,8.6133,9.21824,9.553
TOI-5803,1.0,327.2487497,6.2781777,0.09,9.006999969482422,10.481561,True,,False,466382581.0,466382581.0,9.937,10.4782,10.655
TOI-5817,1.0,322.3777987,21.474527,0.104,14.289999961853027,8.493491,True,,False,418604868.0,418604868.0,8.0581,8.48343,8.64
TOI-5882,1.0,311.8886385,34.7374918,0.122,24.0,11.107186,True,,False,232941965.0,232941965.0,10.6338,11.1063,11.315
TOI-5916,1.0,325.2995114,9.5990534,0.0,0.0,15.666249,True,,False,305506996.0,305506996.0,14.5249,15.6925,16.602
TOI-5926,1.0,308.0784435,15.5030795,0.03,1.1009999513626099,12.501017,True,,False,372831381.0,372831381.0,12.0025,12.5095,12.593
TOI-5938,1.0,303.9088422,28.6592261,0.058,5.7220001220703125,12.047845,True,,False,452508760.0,452508760.0,11.3519,12.0577,12.31
TOI-6000,1.0,292.6062979,68.1545924,0.084,2.7139999866485596,14.347485,True,,False,259233660.0,259233660.0,13.1638,14.3736,15.454
TOI-6002,1.0,299.6142524,32.2871702,0.049,1.4850000143051147,13.930839,True,,False,1869881527.0,1869881527.0,16.7152,17.2941,17.5417
TOI-6008,1.0,310.4487344,49.6468992,0.121,9.694999694824219,13.68916,True,,False,286201103.0,286201103.0,12.2936,13.7122,15.97
TOI-6016,1.0,4.5239602,59.7661983,0.061,5.9120001792907715,11.909994,True,,False,327369524.0,327369524.0,11.3864,11.9184,11.886
TOI-6029,1.0,8.3862555,61.8607659,0.009,0.11829999834299088,12.259826,True,,False,419523962.0,419523962.0,11.6593,12.2681,12.858
TOI-6034,1.0,317.9001392,68.4020762,0.0,0.0,14.295927,True,,False,388076422.0,388076422.0,13.2297,14.3143,15.189
TOI-6038_A,1.0,51.6572691,40.8172704,0.084,7.948999881744385,9.733911,True,,False,194736418.0,194736418.0,9.3229,9.72957,9.913
TOI-6041,1.0,46.0610334,43.5576668,0.079,9.427000045776367,9.713159,True,,False,192415680.0,192415680.0,9.2063,9.70942,9.838
TOI-6054,1.0,56.337007,60.350917,0.12,11.069999694824219,7.891202,True,,False,392681545.0,392681545.0,7.4961,7.87799,8.02
TOI-6080,1.0,266.6044226,38.0787076,0.092,12.720000267028809,11.048754,True,,False,116048097.0,116048097.0,10.5912,11.0489,11.178
TOI-6086,1.0,265.3704236,30.3037755,0.069,3.640000104904175,13.671284,True,,False,18318288.0,18318288.0,12.4106,13.6971,14.981
TOI-6109,1.0,50.1319206,42.6069564,0.111,19.34000015258789,10.819427,True,,False,384984325.0,384984325.0,10.3622,10.8316,11.05
TOI-6130,1.0,339.2050832,16.8271941,0.063,5.336999893188477,10.976913,True,,False,210083929.0,210083929.0,10.5581,10.9775,11.21
TOI-615,1.0,133.4086892,-40.543701,0.09,11.289999961853027,10.579415,True,,False,190496853.0,190496853.0,10.3015,10.5775,10.825
TOI-620,1.0,142.1734459,-12.1671652,0.208,64.76000213623047,11.308443,True,,False,,,,,
TOI-622,1.0,125.3050544,-46.4842959,0.079,7.2870001792907715,8.898054,True,,False,83092282.0,83092282.0,8.5615,8.89103,8.995
TOI-6223,1.0,355.9505977,33.0672361,0.044,1.5379999876022339,13.606334,True,,False,288144647.0,288144647.0,12.6758,13.6201,14.22
TOI-6255,1.0,331.5031606,39.2988284,0.212,93.02999877929688,11.638953,True,,False,,,,,
TOI-628,1.0,99.2630608,1.7675497,0.111,15.90999984741211,10.060936,True,,False,281408474.0,281408474.0,9.65646,10.0579,10.112
TOI-6281,1.0,172.3785238,-40.6094246,0.076,8.185999870300293,10.650784,True,,False,152569268.0,152569268.0,9.9542,10.6517,10.885
TOI-6303,1.0,46.7806502,40.147174,0.0,0.0,13.897933,True,,False,186810676.0,186810676.0,12.9386,13.9114,14.639
TOI-6324,1.0,330.844543,67.4986773,0.14,26.75,12.201571,True,,False,,,,,
TOI-6330,1.0,22.1679816,53.6860778,0.0,0.0,14.911961,True,,False,308120029.0,308120029.0,13.7853,14.9341,16.33
TOI-6383_A,1.0,60.4246951,60.8913677,0.0,0.0,15.638797,True,,False,328513434.0,328513434.0,14.4506,15.6628,16.63
TOI-6393,1.0,141.2436918,68.7883127,0.049,3.7869999408721924,12.345666,True,,False,147821208.0,147821208.0,11.7801,12.3521,12.513
TOI-640,1.0,99.7345935,-36.64613,0.117,20.09000015258789,10.403227,True,,False,147977348.0,147977348.0,10.0367,10.4006,10.51
TOI-6420,1.0,125.5443036,-19.1242852,0.052,3.188999891281128,12.889836,True,,False,143526233.0,143526233.0,12.4877,12.9023,12.994
TOI-6448,1.0,110.1704109,-33.9223285,0.042,2.1410000324249268,12.770775,True,,False,320411045.0,320411045.0,12.3239,12.7778,12.886
TOI-6478,1.0,149.9918059,-16.1597935,0.054,0.9900000095367432,14.28447,True,,False,332657786.0,332657786.0,13.0041,14.313,15.99
TOI-654,1.0,164.7245509,-5.5475446,0.051,1.5540000200271606,13.41313,True,,False,35009898.0,35009898.0,12.2255,13.4339,14.54
TOI-6564,1.0,205.8178791,-56.1564491,0.065,7.389999866485596,10.037228,True,,False,453668803.0,453668803.0,9.5687,10.0315,10.236
TOI-6628,1.0,225.8370504,-35.2305793,0.07,5.163000106811523,12.631927,True,,False,75650448.0,75650448.0,12.0836,12.6408,12.9
TOI-663,1.0,160.0658525,-8.5110827,0.155,23.030000686645508,12.806312,True,,False,54962195.0,54962195.0,11.7602,12.8191,13.667
TOI-6651,1.0,15.7885904,35.3890405,0.104,11.779999732971191,10.045084,True,,False,174328045.0,174328045.0,9.60892,10.0418,10.242
TOI-6677,1.0,290.4719117,-46.8749591,0.188,54.9900016784668,10.780376,True,,False,62085710.0,62085710.0,10.4679,10.7788,10.765
TOI-669,1.0,158.9007013,-5.1813735,0.054,3.490000009536743,10.638457,True,,False,124573851.0,124573851.0,10.1755,10.6364,10.606
TOI-6692,1.0,312.6940436,-81.2723982,0.099,15.869999885559082,11.578162,True,,False,324609409.0,324609409.0,11.1163,11.5826,11.434
TOI-6695,1.0,129.5720221,-23.550217,0.061,6.035999774932861,10.74614,True,,False,118339710.0,118339710.0,10.3541,10.7445,10.768
TOI-6699,1.0,317.0695839,-63.2504996,0.116,27.34000015258789,11.028723,True,,False,341405597.0,341405597.0,10.4012,11.0299,11.51
TOI-6707,1.0,109.7634707,-58.1155263,0.079,8.36299991607666,12.741094,True,,False,287328202.0,287328202.0,12.3332,12.7475,12.93
TOI-6716,1.0,111.657082,-30.5521801,0.072,6.076000213623047,13.101828,True,,False,112115898.0,112115898.0,11.7735,13.1269,14.8
TOI-672,1.0,167.9908627,-39.3281151,0.09,9.359000205993652,12.724129,True,,False,151825527.0,151825527.0,11.6739,12.7364,13.576
TOI-674,1.0,164.5865592,-36.8581092,0.088,8.842000007629395,13.073343,True,,False,158588995.0,158588995.0,11.8764,13.0914,14.203
TOI-677,1.0,144.1193594,-50.4630933,0.076,7.297999858856201,9.66592,True,,False,280206394.0,280206394.0,9.2714,9.66082,9.822
TOI-682,1.0,167.88543,-22.0727803,0.087,15.739999771118164,9.746839,True,,False,429304876.0,429304876.0,9.2231,9.74198,9.969
TOI-6894,1.0,173.4691418,12.4510906,0.0,0.0,16.281286,True,,False,67512645.0,67512645.0,14.9046,16.3092,
TOI-6954,1.0,168.3240591,-2.7877643,0.06,4.3379998207092285,11.983434,True,,False,443607377.0,443607377.0,11.4374,11.9906,12.262
TOI-697,1.0,69.7042208,-36.6813257,0.071,6.574999809265137,9.834249,True,,False,77253676.0,77253676.0,9.3553,9.8273,10.004
TOI-700,1.0,97.0957165,-65.5786149,0.305,124.5999984741211,12.063116,True,,False,150428135.0,150428135.0,10.9102,12.0665,13.151
TOI-7008,1.0,216.9882531,79.450396,0.0,0.0,13.439629,True,,False,335661164.0,335661164.0,12.9055,13.4518,13.6
TOI-7009,1.0,299.5131334,55.6510291,0.034,0.8054999709129333,13.701427,True,,False,405837291.0,405837291.0,12.9341,13.7151,14.161
TOI-7041,1.0,357.8021716,-50.8698618,0.091,20.280000686645508,10.908266,True,,False,201175570.0,201175570.0,10.264,10.908,11.251
TOI-707,1.0,98.7295889,-67.5372743,0.071,6.158999919891357,10.589078,True,,False,167342439.0,167342439.0,10.0906,10.5886,10.71
TOI-712,1.0,92.9361063,-65.8258386,0.052,3.2709999084472656,10.579951,True,,False,150151262.0,150151262.0,9.9059,10.5785,10.838
TOI-715,1.0,113.8523276,-73.5774089,0.0,0.0,14.862366,True,,False,271971130.0,271971130.0,13.5308,14.894,16.683
TOI-7155,1.0,12.4454481,79.2878555,0.032,1.409000039100647,12.475228,True,,False,468350765.0,468350765.0,11.8389,12.4844,12.758
TOI-7166,1.0,320.6806363,8.8893975,0.011,0.04884999990463257,14.470325,True,,False,,,,,
TOI-733,1.0,159.4093183,-40.888259,0.07,12.59000015258789,9.296585,True,,False,106402532.0,106402532.0,8.8411,9.28881,9.44
TOI-7333,1.0,243.5319622,75.9166315,0.079,6.0970001220703125,12.821597,True,,False,160585062.0,160585062.0,12.1567,12.8288,13.102
TOI-7384,1.0,83.1031834,-39.8342501,0.09,1.9170000553131104,15.017572,True,,False,192833836.0,192833836.0,13.694,15.0456,16.704
TOI-7510,1.0,273.728188,-54.4340547,0.131,29.899999618530273,11.783184,True,,False,118798035.0,118798035.0,11.2937,11.7871,11.989
TOI-756,1.0,192.103738,-45.4704709,0.061,2.697000026702881,13.67733,True,,False,73649615.0,73649615.0,12.5554,13.6961,14.607
TOI-757,1.0,187.9948428,-35.5544523,0.068,6.2829999923706055,9.561536,True,,False,130924120.0,130924120.0,9.0498,9.55369,9.743
TOI-762_A,1.0,166.0747423,-47.8214964,0.0,0.0,14.929713,True,,False,937800800.0,937800800.0,16.862,18.2213,
TOI-763,1.0,194.468098,-39.7580613,0.085,12.239999771118164,10.004274,True,,False,178819686.0,178819686.0,9.5275,9.99915,10.265
TOI-771,1.0,164.1138903,-72.9851736,0.074,3.9809999465942383,13.34348,True,,False,277634430.0,277634430.0,12.0874,13.3671,14.888
TOI-776,1.0,178.577997,-37.5533568,0.103,13.880000114440918,10.742868,True,,False,306996324.0,306996324.0,9.73597,10.7409,11.536
TOI-778,1.0,199.3338503,-15.2737046,0.11,17.68000030517578,9.000797,True,,False,335630746.0,335630746.0,8.69009,8.99436,9.109
TOI-782,1.0,183.9203614,-18.9103377,0.079,4.896999835968018,13.542836,True,,False,429358906.0,429358906.0,12.2875,13.5645,14.83
TOI-799,1.0,98.4691249,-52.4602958,0.111,18.299999237060547,11.054575,True,,False,255685030.0,255685030.0,10.5868,11.0556,11.195
TOI-808,1.0,133.7485497,-44.2886304,0.065,5.815999984741211,10.605815,True,,False,30122649.0,30122649.0,10.0659,10.6033,10.729
TOI-813,1.0,72.6940102,-60.9054608,0.116,16.149999618530273,10.23758,True,,False,55525572.0,55525572.0,9.8467,10.2352,10.358
TOI-815,1.0,155.8719377,-43.8349248,0.086,13.579999923706055,9.944692,True,,False,102840239.0,102840239.0,9.36,9.93978,10.217
TOI-824,1.0,222.1654705,-57.5888666,0.017,0.32429999113082886,10.761123,True,,False,193641523.0,193641523.0,10.0732,10.7616,11.314
TOI-833,1.0,145.645472,-62.4758857,0.061,4.603000164031982,11.073399,True,,False,362249359.0,362249359.0,10.1461,11.075,11.724
TOI-836,1.0,225.0798831,-24.4542022,0.075,6.409999847412109,9.407139,True,,False,440887364.0,440887364.0,8.6486,9.40475,9.92
TOI-837,1.0,157.0372806,-64.5052107,0.1,13.229999542236328,10.359779,True,,False,460205581.0,460205581.0,9.9322,10.356,10.635
TOI-849,1.0,28.7157956,-29.4217086,0.088,12.149999618530273,12.056508,True,,False,33595516.0,33595516.0,11.5485,12.0645,11.981
TOI-858_B,1.0,60.1998256,-54.5929177,0.131,26.270000457763672,11.068643,True,,False,198008005.0,198008005.0,10.6444,11.0695,11.183
TOI-871,1.0,74.7376264,-50.6274153,0.081,8.565999984741211,10.349036,True,,False,219344917.0,219344917.0,9.7607,10.3452,10.569
TOI-880,1.0,94.1644734,-13.987337,0.081,13.239999771118164,9.842557,True,,False,34077285.0,34077285.0,9.2563,9.83708,10.104
TOI-883,1.0,103.3690609,-6.5078349,0.079,7.03000020980835,9.832562,True,,False,123846039.0,123846039.0,9.3722,9.82787,9.957
TOI-892,1.0,86.738228,-11.2353401,0.136,30.549999237060547,11.340821,True,,False,66561343.0,66561343.0,10.9739,11.3435,11.43
TOI-904,1.0,89.3712733,-83.1297264,0.084,11.149999618530273,11.848163,True,,False,261257684.0,261257684.0,10.846,11.8559,12.588
TOI-905,1.0,227.6586754,-71.3616316,0.083,10.979999542236328,11.081471,True,,False,261867566.0,261867566.0,10.5721,11.0813,11.08
TOI-907,1.0,262.1834072,-62.840383,0.109,24.229999542236328,10.330197,True,,False,305424003.0,305424003.0,9.9444,10.3273,10.394
TOI-908,1.0,53.1594266,-81.250745,0.071,7.715000152587891,11.104973,True,,False,350153977.0,350153977.0,10.6513,11.1061,11.316
TOI-912,1.0,229.3285665,-80.4733446,0.147,37.880001068115234,11.643108,True,,False,1104097164.0,1104097164.0,19.5333,20.3191,20.8068
TOI-913,1.0,234.5723244,-80.8034265,0.093,12.970000267028809,10.195773,True,,False,407126408.0,407126408.0,9.6181,10.1919,10.452
TOI-921,1.0,99.6742038,-56.2205396,0.088,11.210000038146973,11.630653,True,,False,278775625.0,278775625.0,11.2559,11.6335,11.813
TOI-929,1.0,45.9071657,-39.9307758,0.068,7.380000114440918,12.129808,True,,False,175532955.0,175532955.0,11.4337,12.1394,12.489
TOI-938,1.0,63.0323442,-12.1188357,0.133,28.6200008392334,11.260073,True,,False,332660150.0,332660150.0,10.8479,11.2586,11.389
TOI-941,1.0,78.3005249,6.5459146,0.126,20.709999084472656,11.434841,True,,False,408137826.0,408137826.0,10.9968,11.44,11.456
TOI-942,1.0,76.6496172,-20.2456126,0.116,26.329999923706055,11.630299,True,,False,146520535.0,146520535.0,11.0462,11.6346,11.982
TOI-954,1.0,61.9410587,-25.2088028,0.102,26.469999313354492,10.235311,True,,False,44792534.0,44792534.0,9.77919,10.2321,10.343
TOI-969,1.0,115.1366858,2.0985879,0.161,45.7599983215332,11.274117,True,,False,280437559.0,280437559.0,10.5424,11.2667,11.646
TRAPPIST-1,1.0,346.6263919,-5.0434618,0.473,23.969999313354492,15.622554,True,,False,,,,,
TWA_7,1.0,160.6248102,-33.6712596,0.169,32.56999969482422,10.642358,True,,False,54147487.0,54147487.0,9.5368,10.6193,11.773
TYC_0434-04538-1,1.0,271.3396528,2.0622774,0.064,5.117000102996826,9.927217,True,,False,398118692.0,398118692.0,9.2016,9.92369,10.247
TYC_1422-614-1,1.0,154.2777769,19.5584068,0.058,2.819000005722046,9.918783,True,,False,95361265.0,95361265.0,9.2956,9.91329,10.193
TYC_2187-512-1,1.0,320.5266829,22.9319351,0.12,19.329999923706055,9.775237,True,,False,283031851.0,283031851.0,8.74248,9.77026,10.58
TYC_3318-01333-1,1.0,45.5825716,49.7441421,0.069,9.623000144958496,9.46949,True,,False,116376087.0,116376087.0,8.7132,9.4629,9.901
TYC_3667-1280-1,1.0,12.8875757,58.4261485,0.058,5.576000213623047,9.431032,True,,False,312545949.0,312545949.0,8.73408,9.42321,9.856
TYC_4282-00605-1,1.0,343.8721029,62.2391907,0.076,7.105999946594238,9.911044,True,,False,13105061.0,13105061.0,9.0232,9.90946,10.465
TYC_8998-760-1,1.0,201.3001096,-64.9391566,0.0,0.0,10.638189,True,,False,449888653.0,449888653.0,10.0093,10.6505,11.124
Teegardens_Star,1.0,43.2691449,16.8649024,0.561,283.0,12.263103,True,,False,,,,,
TrES-1,1.0,286.0408755,36.632536,0.092,13.25,11.552229,True,,False,120757718.0,120757718.0,11.0248,11.5565,11.424
TrES-2,1.0,286.8085258,49.3164211,0.108,19.959999084472656,11.282958,True,,False,399860444.0,399860444.0,10.854,11.2819,11.254
TrES-3,1.0,268.0291106,37.5463268,0.051,4.165999889373779,12.191129,True,,False,116264089.0,116264089.0,11.7213,12.1995,12.362
TrES-4,1.0,268.3043361,37.2117397,0.12,21.209999084472656,11.469914,True,,False,159742538.0,159742538.0,11.1116,11.4731,11.932
TrES-5,1.0,305.2219454,59.4489033,0.0,0.0,13.446321,True,,False,233948455.0,233948455.0,12.883,13.4599,13.677
UCAC3_113-933,1.0,5.2758121,-33.8031679,0.183,59.209999084472656,11.820354,True,,False,63726082.0,63726082.0,10.8674,11.8242,12.501
UCAC4_328-061594,1.0,152.6991091,-24.4532674,0.213,10.609999656677246,15.198068,True,,False,168071263.0,168071263.0,15.4782,15.212,15.689
UKIRT-2017-BLG-001L,1.0,266.654083,-29.2113609,0.0,0.0,21.083912,True,,False,323669125.0,323669125.0,17.561,,
USco1556_A,1.0,239.1037198,-25.6890476,0.046,0.9674000144004822,14.292913,True,,False,77534376.0,77534376.0,13.0554,14.3099,15.36
USco1621_A,1.0,245.3730855,-25.4954265,0.073,2.869999885559082,14.151748,True,,False,322928241.0,322928241.0,13.045,14.1769,15.543
UZ_For,1.0,53.8694682,-25.7393857,0.193,4.098999977111816,16.63771,True,,False,144622139.0,144622139.0,16.3829,16.6937,16.7753
V0391_Peg,1.0,331.0504119,26.4188227,0.224,18.719999313354492,14.571572,True,,False,397595169.0,397595169.0,14.786,14.5897,14.769
V1298_Tau,1.0,61.331654,20.1570318,0.087,10.710000038146973,10.080556,True,,False,15756231.0,15756231.0,9.4901,10.0702,10.115
V830_Tau,1.0,68.2918259,24.5619241,0.091,12.329999923706055,11.667231,True,,False,268397995.0,268397995.0,10.8266,11.6928,12.23
VHS_J125601.92-125723.9,1.0,194.008964,-12.956031,,,,False,,False,2470992.0,2470992.0,13.346,,17.73
WASP-1,1.0,5.1669536,31.9899732,0.128,25.729999542236328,11.532242,True,,False,57984377.0,57984377.0,11.1355,11.5349,11.308
WASP-10,1.0,348.9930457,31.4627508,0.069,7.390999794006348,12.163579,True,,False,431701493.0,431701493.0,11.5189,12.1739,12.413
WASP-100,1.0,68.9598159,-64.027039,0.135,28.549999237060547,10.616221,True,,False,38846515.0,38846515.0,10.3157,10.6151,10.798
WASP-101,1.0,98.3511016,-23.486086,0.096,18.75,10.141723,True,,False,47911178.0,47911178.0,9.79059,10.138,10.336
WASP-102,1.0,336.4643016,15.8566392,0.068,5.781000137329102,12.553423,True,,False,51637609.0,51637609.0,12.1088,12.562,12.667
WASP-104,1.0,160.6023689,7.4350768,0.095,9.180999755859375,11.585624,True,,False,393495970.0,393495970.0,11.0658,11.5931,11.779
WASP-105,1.0,24.1678686,-50.659308,0.993,1433.0,11.858755,True,,False,158623531.0,158623531.0,11.2794,11.8445,12.049
WASP-106,1.0,166.4296276,-5.0794854,0.11,16.559999465942383,11.362317,True,,False,53189332.0,53189332.0,10.99,11.3659,11.21
WASP-107,1.0,188.3864277,-10.1462141,0.183,60.54999923706055,11.183329,True,,False,429302040.0,429302040.0,10.418,11.174,11.592
WASP-108,1.0,195.8281644,-49.6397727,0.126,29.700000762939453,11.107788,True,,False,404340025.0,404340025.0,10.7036,11.1081,11.211
WASP-11,1.0,47.3689472,30.6733817,0.457,275.0,11.559401,True,,False,85593751.0,85593751.0,10.9332,11.5535,11.567
WASP-110,1.0,305.8724366,-44.0587001,0.07,7.630000114440918,12.539562,True,,False,425817867.0,425817867.0,12.0491,12.5517,12.762
WASP-113,1.0,224.8728589,46.9600996,0.082,10.600000381469727,11.599696,True,,False,310003988.0,310003988.0,11.191,11.6041,11.761
WASP-114,1.0,327.6656953,10.4629385,0.054,3.8970000743865967,12.513289,True,,False,466390120.0,466390120.0,12.0671,12.5227,12.685
WASP-116,1.0,35.2157609,-1.8260419,0.087,8.569999694824219,12.249517,True,,False,332911893.0,332911893.0,11.8795,12.2577,12.517
WASP-117,1.0,36.7758112,-50.2844247,0.105,16.5,10.031728,True,,False,166739520.0,166739520.0,9.6411,10.0269,10.139
WASP-118,1.0,19.5505861,2.7027847,0.129,20.770000457763672,10.918823,True,,False,380907135.0,380907135.0,10.5559,10.9196,11.009
WASP-119,1.0,55.9336392,-65.19378,0.074,8.744999885559082,12.094685,True,,False,388104525.0,388104525.0,11.6035,12.1014,12.314
WASP-12,1.0,97.636645,29.6722662,0.108,14.449999809265137,11.498614,True,,False,86396382.0,86396382.0,11.0967,11.4999,11.569
WASP-120,1.0,62.6160813,-45.8982434,0.143,29.3799991607666,10.898673,True,,False,152476657.0,152476657.0,10.5831,10.8989,10.96
WASP-121,1.0,107.6002312,-39.0972705,0.085,11.720000267028809,10.375196,True,,False,22529346.0,22529346.0,10.056,10.3746,10.514
WASP-123,1.0,289.4792124,-32.8601244,0.064,3.242000102996826,10.901385,True,,False,31858843.0,31858843.0,10.4293,10.8999,11.03
WASP-124,1.0,332.7143373,-30.7497189,0.048,2.882999897003174,12.564566,True,,False,97409519.0,97409519.0,12.1893,12.5754,12.724
WASP-126,1.0,63.374706,-69.2265926,0.068,6.63100004196167,11.066118,True,,False,25155310.0,25155310.0,10.6103,11.0665,10.994
WASP-127,1.0,160.5587646,-3.8349989,0.105,12.789999961853027,10.058199,True,,False,169226822.0,169226822.0,9.62959,10.054,10.148
WASP-129,1.0,176.2990518,-42.0639575,0.109,21.75,11.804166,True,,False,61538902.0,61538902.0,11.3743,11.8127,12.179
WASP-13,1.0,140.1029654,33.8823291,0.082,9.071000099182129,10.382959,True,,False,8767448.0,8767448.0,9.98111,10.38,10.424
WASP-130,1.0,203.1060194,-42.4752733,0.119,18.399999618530273,10.974043,True,,False,243200602.0,243200602.0,10.491,10.9717,11.104
WASP-131,1.0,210.1935714,-30.5836084,0.214,43.0099983215332,9.873362,True,,False,271168962.0,271168962.0,9.47199,9.86708,10.068
WASP-132,1.0,217.6091998,-46.159516,0.11,20.90999984741211,11.746748,True,,False,127530399.0,127530399.0,11.1116,11.7538,11.938
WASP-133,1.0,314.5754375,-35.7966224,0.057,3.6019999980926514,12.704453,True,,False,92449173.0,92449173.0,12.2247,12.7146,12.891
WASP-135,1.0,267.2848846,29.8790428,0.111,14.670000076293945,12.997077,True,,False,308172249.0,308172249.0,12.4197,13.0045,13.181
WASP-136,1.0,0.325761,-8.9262512,0.105,13.300000190734863,9.82388,True,,False,176220787.0,176220787.0,9.4834,9.81929,9.974
WASP-138,1.0,41.6391598,-0.4641252,0.086,9.864999771118164,11.680991,True,,False,35857242.0,35857242.0,11.3161,11.6873,11.796
WASP-139,1.0,49.562173,-41.3020235,0.043,2.6579999923706055,12.264109,True,,False,159951311.0,159951311.0,11.7276,12.2715,12.456
WASP-14,1.0,218.2766247,21.8946875,0.124,23.719999313354492,9.652651,True,,False,347430350.0,347430350.0,9.32423,9.64647,9.745
WASP-140,1.0,60.3855387,-20.4509991,0.111,20.59000015258789,10.825151,True,,False,178284730.0,178284730.0,10.3074,10.8202,11.118
WASP-141,1.0,71.8244347,-17.1151736,0.048,3.5739998817443848,12.471665,True,,False,117979897.0,117979897.0,12.0682,12.4822,12.65
WASP-142,1.0,140.5063164,-23.946102,0.038,1.6679999828338623,12.744031,True,,False,423275733.0,423275733.0,12.3368,12.7568,12.871
WASP-144,1.0,320.7628761,-40.0484393,0.621,568.2000122070312,12.903914,True,,False,207077681.0,207077681.0,12.3119,12.915,13.085
WASP-145_A,1.0,322.2537644,-58.8361466,0.252,158.39999389648438,11.363446,True,,False,381856447.0,381856447.0,10.7218,11.3583,11.636
WASP-147,1.0,359.1915117,-22.1532316,0.083,8.309000015258789,12.172992,True,,False,114749636.0,114749636.0,11.7607,12.1832,12.681
WASP-148,1.0,254.1305022,44.3025361,0.051,3.6989998817443848,12.079049,True,,False,115524421.0,115524421.0,11.5906,12.0845,12.036
WASP-149,1.0,124.073681,-8.6865813,0.168,44.310001373291016,11.264605,True,,False,19342878.0,19342878.0,10.8042,11.2622,11.687
WASP-15,1.0,208.9280111,-32.1597118,0.099,17.989999771118164,10.797681,True,,False,111991770.0,111991770.0,10.4445,10.797,10.972
WASP-150,1.0,264.2630197,53.0212751,0.093,12.539999961853027,11.909978,True,,False,321668398.0,321668398.0,11.5429,11.9151,12.026
WASP-151,1.0,349.0634651,0.3066895,0.058,3.2760000228881836,12.618177,True,,False,262662119.0,262662119.0,12.1796,12.6278,12.821
WASP-153,1.0,279.2624729,40.0186905,0.038,2.0280001163482666,12.489132,True,,False,157586003.0,157586003.0,12.0545,12.4967,12.591
WASP-154,1.0,327.7191734,-8.6359458,0.064,3.7990000247955322,12.822277,True,,False,857186.0,857186.0,12.2037,12.8344,13.191
WASP-155,1.0,347.979723,33.0476125,0.021,0.5827000141143799,12.48632,True,,False,100909102.0,100909102.0,12.0052,12.4962,12.365
WASP-156,1.0,32.782085,2.4181937,0.133,21.549999237060547,11.321032,True,,False,270380593.0,270380593.0,10.7307,11.3227,11.559
WASP-158,1.0,4.1463468,-10.9764226,0.16,51.2400016784668,12.081388,True,,False,37718056.0,37718056.0,11.7083,12.0911,12.044
WASP-159,1.0,68.1364792,-38.9682973,0.067,6.870999813079834,12.287657,True,,False,77156657.0,77156657.0,11.8831,12.2951,12.836
WASP-16,1.0,214.6830109,-20.2754374,0.135,20.81999969482422,11.121181,True,,False,46096489.0,46096489.0,10.6481,11.1247,11.288
WASP-160_B,1.0,87.679561,-27.6233218,0.081,8.607999801635742,12.873857,True,,False,32949762.0,32949762.0,12.3352,12.8842,13.04
WASP-161,1.0,126.3378248,-11.5009889,0.106,15.619999885559082,10.900257,True,,False,50712784.0,50712784.0,10.5579,10.8987,11.079
WASP-162,1.0,168.2929079,-17.6577794,0.077,8.08899974822998,12.056172,True,,False,308098254.0,308098254.0,11.5688,12.0652,12.213
WASP-163,1.0,256.5375549,-10.4130071,0.068,5.296000003814697,12.238892,True,,False,145368316.0,145368316.0,11.6123,12.2511,12.663
WASP-164,1.0,344.8735878,-60.4478194,0.063,6.4019999504089355,12.455497,True,,False,237320326.0,237320326.0,12.003,12.4679,12.603
WASP-165,1.0,357.5806472,-17.0775947,0.059,3.546999931335449,12.534931,True,,False,228381868.0,228381868.0,12.0719,12.5435,12.816
WASP-166,1.0,144.8751047,-20.9824191,0.071,6.006999969482422,9.263603,True,,False,408310006.0,408310006.0,8.86849,9.257,9.351
WASP-167,1.0,196.0437932,-35.5495292,0.184,37.36000061035156,10.578929,True,,False,104024556.0,104024556.0,10.3182,10.5786,10.517
WASP-168,1.0,96.7446427,-46.8213635,0.059,5.125999927520752,11.709719,True,,False,232038798.0,232038798.0,11.3187,11.7139,12.124
WASP-169,1.0,127.3872297,-12.9447683,0.088,10.619999885559082,11.712609,True,,False,386259537.0,386259537.0,11.3299,11.7206,12.167
WASP-17,1.0,239.9622479,-28.0617941,0.154,37.59000015258789,11.383261,True,,False,66818296.0,66818296.0,11.0261,11.3803,11.588
WASP-170,1.0,135.4163028,-20.7203686,0.031,1.305999994277954,12.462805,True,,False,118956453.0,118956453.0,11.9397,12.4693,12.613
WASP-171,1.0,171.8450533,-44.0887035,0.031,1.5779999494552612,12.428867,True,,False,162922904.0,162922904.0,12.0233,12.4407,12.612
WASP-173_A,1.0,354.1686959,-34.6113042,0.139,31.270000457763672,11.39399,True,,False,77031414.0,77031414.0,10.9571,11.3975,11.15
WASP-174,1.0,195.7940145,-41.3848617,0.143,30.399999618530273,11.677032,True,,False,102192004.0,102192004.0,11.3287,11.6826,11.803
WASP-175,1.0,166.3187996,-34.1227453,0.048,2.6110000610351562,12.696447,True,,False,448589187.0,448589187.0,12.3077,12.7065,12.959
WASP-176,1.0,313.6872928,9.1790688,0.075,7.4720001220703125,11.931145,True,,False,375942197.0,375942197.0,11.5352,11.9392,12.006
WASP-177,1.0,334.7969885,-1.8344301,0.065,3.5739998817443848,12.065481,True,,False,439842788.0,439842788.0,11.4825,12.0715,12.312
WASP-178,1.0,227.270329,-42.7049658,0.14,28.850000381469727,9.91579,True,,False,160708862.0,160708862.0,9.8787,9.91226,9.946
WASP-18,1.0,24.3544618,-45.6777937,0.081,10.899999618530273,9.173881,True,,False,100100827.0,100100827.0,8.8287,9.16617,9.28
WASP-180_A,1.0,123.3922465,-1.9827874,0.117,18.190000534057617,10.912646,True,,False,178367144.0,178367144.0,10.5572,10.9134,10.655
WASP-181,1.0,26.7932253,3.1329325,0.085,6.828999996185303,12.772163,True,,False,293457754.0,293457754.0,12.3553,12.783,12.924
WASP-182,1.0,311.673345,-41.8209828,0.064,5.935999870300293,11.909561,True,,False,369455629.0,369455629.0,11.4513,11.917,11.98
WASP-183,1.0,163.7888521,-0.7370663,0.078,5.308000087738037,12.806155,True,,False,14344979.0,14344979.0,12.3353,12.8148,13.081
WASP-184,1.0,209.51701,-30.348153,0.082,8.043999671936035,12.558747,True,,False,112099249.0,112099249.0,12.1577,12.5673,12.771
WASP-185,1.0,214.0595791,-19.5423062,0.069,5.785999774932861,10.89461,True,,False,46020827.0,46020827.0,10.4725,10.8949,11.101
WASP-186,1.0,18.9953122,21.6169065,0.083,8.446999549865723,10.653074,True,,False,411608801.0,411608801.0,10.3002,10.6509,10.81
WASP-187,1.0,17.47474,25.6816494,0.077,6.989999771118164,10.138006,True,,False,15692883.0,15692883.0,9.7116,10.1318,10.295
WASP-188,1.0,278.7819771,36.6156327,0.061,5.8470001220703125,12.013531,True,,False,289574465.0,289574465.0,11.7191,12.0215,12.165
WASP-189,1.0,225.686732,-3.0314874,0.213,57.27000045776367,6.571707,True,,False,157910432.0,157910432.0,6.4157,6.55369,6.59776
WASP-19,1.0,148.4167672,-45.6591078,0.029,1.4019999504089355,12.101234,True,,False,35516889.0,35516889.0,11.6044,12.1088,12.248
WASP-190,1.0,7.7095292,-40.5734613,0.162,57.20000076293945,11.629208,True,,False,116156517.0,116156517.0,11.3151,11.6333,11.645
WASP-192,1.0,223.6587187,-38.7445469,0.068,5.111999988555908,12.526171,True,,False,160578764.0,160578764.0,12.1014,12.5347,12.678
WASP-193,1.0,164.3491401,-29.9971229,0.068,6.750999927520752,12.03269,True,,False,49043968.0,49043968.0,11.6337,12.0421,11.972
WASP-194,1.0,295.3877064,56.2178049,0.071,8.543999671936035,11.916389,True,,False,400432230.0,400432230.0,11.5787,11.922,11.985
WASP-195,1.0,247.5496427,49.895791,0.08,8.928000450134277,11.78225,True,,False,232567319.0,232567319.0,11.4354,11.7877,11.947
WASP-197,1.0,160.6307133,28.1986255,0.128,23.540000915527344,11.232807,True,,False,85266608.0,85266608.0,10.8583,11.2369,11.565
WASP-2,1.0,307.7255587,6.4293305,0.204,56.90999984741211,11.572286,True,,False,374530847.0,374530847.0,10.9984,11.5638,11.728
WASP-20,1.0,5.1605621,-23.9357894,4.622,19880.0,10.839109,True,,False,211438925.0,211438925.0,10.248,10.6503,10.675
WASP-21,1.0,347.4928024,18.3961597,0.133,25.280000686645508,11.398335,True,,False,436478932.0,436478932.0,10.9644,11.3987,11.59
WASP-22,1.0,52.8180374,-23.8197924,0.255,123.19999694824219,11.584857,True,,False,257567854.0,257567854.0,11.185,11.5821,11.99
WASP-23,1.0,101.1275033,-42.7622296,0.039,2.2170000076293945,12.313561,True,,False,170102285.0,170102285.0,11.7583,12.3208,12.539
WASP-24,1.0,227.2154975,2.343286,0.125,25.780000686645508,11.389458,True,,False,460396820.0,460396820.0,11.0062,11.3945,11.219
WASP-25,1.0,195.3597581,-27.5222273,0.163,38.400001525878906,11.682351,True,,False,229047362.0,229047362.0,11.2175,11.6885,11.875
WASP-26,1.0,4.6030424,-15.2674044,0.112,16.270000457763672,10.993513,True,,False,32487566.0,32487566.0,10.5853,10.9935,11.297
WASP-28,1.0,353.6162694,-1.5799849,0.058,4.500999927520752,12.02088,True,,False,398572544.0,398572544.0,11.6238,12.0286,12.274
WASP-29,1.0,357.8791976,-39.9071215,0.099,17.709999084472656,10.895415,True,,False,183537452.0,183537452.0,10.2499,10.8932,11.331
WASP-3,1.0,278.6317411,35.6614312,0.095,12.300000190734863,10.454069,True,,False,27848472.0,27848472.0,10.1058,10.4525,10.632
WASP-31,1.0,169.4388603,-19.0547781,0.082,9.071999549865723,11.808523,True,,False,437248515.0,437248515.0,11.4553,11.8163,11.658
WASP-32,1.0,3.9617073,1.2005122,0.253,121.9000015258789,11.409403,True,,False,427332229.0,427332229.0,11.021,11.409,11.257
WASP-33,1.0,36.7127375,37.5504441,0.162,12.069999694824219,8.083327,True,,False,129979528.0,129979528.0,7.87611,8.07004,8.14
WASP-34,1.0,165.3993679,-23.8609457,0.094,10.90999984741211,10.205273,True,,False,437242640.0,437242640.0,9.7566,10.2046,10.285
WASP-35,1.0,76.0818912,-6.2297801,0.087,12.720000267028809,10.854834,True,,False,43647325.0,43647325.0,10.4408,10.8531,10.939
WASP-36,1.0,131.5803897,-8.0269855,0.006,0.04129999876022339,12.617636,True,,False,13349647.0,13349647.0,12.212,12.6284,12.836
WASP-37,1.0,221.9438866,1.0650227,0.065,5.665999889373779,12.537645,True,,False,368805700.0,368805700.0,12.1159,12.542,12.815
WASP-39,1.0,217.3266477,-3.4444994,0.085,11.210000038146973,11.880778,True,,False,181949561.0,181949561.0,11.3763,11.8867,12.095
WASP-4,1.0,353.5629149,-42.0617794,0.063,6.867000102996826,12.30534,True,,False,402026209.0,402026209.0,11.8295,12.3162,12.483
WASP-41,1.0,190.6188034,-30.6398176,0.129,25.639999389648438,11.279936,True,,False,398943781.0,398943781.0,10.7875,11.2823,11.632
WASP-42,1.0,192.981203,-42.0736165,0.074,7.984000205993652,11.961648,True,,False,248075138.0,248075138.0,11.3728,11.9686,12.169
WASP-43,1.0,154.9081869,-9.8064431,0.081,9.008999824523926,11.893576,True,,False,36734222.0,36734222.0,11.1184,11.907,12.305
WASP-44,1.0,3.9032733,-11.9382645,0.083,7.007999897003174,12.883635,True,,False,12862099.0,12862099.0,12.3993,12.8964,13.096
WASP-45,1.0,5.2377567,-35.998465,0.159,46.06999969482422,12.040077,True,,False,120610833.0,120610833.0,11.5005,12.0487,11.801
WASP-46,1.0,318.7370122,-55.8718634,0.05,2.927999973297119,12.840169,True,,False,231663901.0,231663901.0,12.4069,12.8519,13.043
WASP-47,1.0,331.203092,-12.019067,0.117,19.889999389648438,11.781729,True,,False,102264230.0,102264230.0,11.29,11.7889,11.936
WASP-48,1.0,291.1623865,55.4730273,0.089,13.149999618530273,11.518899,True,,False,284475976.0,284475976.0,11.1541,11.523,11.647
WASP-49,1.0,91.0897193,-16.9653901,0.116,27.299999237060547,11.289128,True,,False,306362738.0,306362738.0,10.8164,11.2907,11.352
WASP-5,1.0,359.3490277,-41.2772202,0.089,11.960000038146973,11.987861,True,,False,184240683.0,184240683.0,11.5464,11.996,12.147
WASP-50,1.0,43.6880738,-10.8980242,0.11,15.770000457763672,11.544436,True,,False,382391899.0,382391899.0,11.0529,11.5518,11.44
WASP-52,1.0,348.4947931,8.7610793,0.052,3.305000066757202,11.946362,True,,False,427685831.0,427685831.0,11.3819,11.9537,12.192
WASP-53,1.0,31.9091639,-20.661843,0.0,0.0,12.336133,True,,False,268766053.0,268766053.0,11.7617,12.3473,12.591
WASP-54,1.0,205.4542456,-0.1281712,0.091,10.520000457763672,10.248079,True,,False,61098812.0,61098812.0,9.87229,10.2441,10.413
WASP-55,1.0,203.7581951,-17.5034961,0.104,13.9399995803833,11.767486,True,,False,294301883.0,294301883.0,11.3473,11.7747,11.753
WASP-56,1.0,183.3660401,23.055687,0.058,3.697000026702881,11.99499,True,,False,347329162.0,347329162.0,11.5384,12.0028,12.091
WASP-57,1.0,223.8199788,-2.0576866,0.089,8.961999893188477,12.720789,True,,False,175772482.0,175772482.0,12.2688,12.7293,12.913
WASP-58,1.0,274.7012534,45.1722194,0.081,9.418000221252441,11.630608,True,,False,424435940.0,424435940.0,11.2311,11.6347,11.652
WASP-59,1.0,349.6229547,24.889277,0.055,4.692999839782715,12.30232,True,,False,91051152.0,91051152.0,11.5549,12.3142,12.659
WASP-6,1.0,348.1571282,-22.6741248,0.062,5.008999824523926,11.968609,True,,False,204376737.0,204376737.0,11.4779,11.9761,11.907
WASP-60,1.0,356.6667136,31.1559115,0.102,16.110000610351562,12.010265,True,,False,288246496.0,288246496.0,11.5639,12.0196,11.67
WASP-61,1.0,75.2996637,-26.0541438,0.05,5.25,12.060715,True,,False,13021029.0,13021029.0,11.7231,12.0702,12.489
WASP-62,1.0,87.1398205,-63.9883286,0.093,10.569999694824219,10.077329,True,,False,149603524.0,149603524.0,9.7109,10.0721,10.213
WASP-63,1.0,94.3363562,-38.3233826,0.089,12.020000457763672,10.919234,True,,False,393414358.0,393414358.0,10.439,10.9185,11.155
WASP-64,1.0,101.1149223,-32.8583878,0.055,4.2179999351501465,12.517786,True,,False,52640302.0,52640302.0,12.0506,12.5257,12.704
WASP-65,1.0,133.3242982,8.5230171,0.126,25.559999465942383,11.744914,True,,False,444013020.0,444013020.0,11.302,11.7509,11.869
WASP-66,1.0,158.2250301,-34.9899074,0.259,134.3000030517578,11.588525,True,,False,53735810.0,53735810.0,11.248,11.5904,11.605
WASP-67,1.0,295.7438485,-19.9497314,0.045,2.744999885559082,11.908618,True,,False,68952448.0,68952448.0,11.355,11.9141,12.537
WASP-68,1.0,305.0957239,-19.3147271,0.081,9.142999649047852,10.411358,True,,False,71841620.0,71841620.0,9.9543,10.4092,10.674
WASP-69,1.0,315.0259661,-5.094857,0.069,7.8480000495910645,9.491504,True,,False,248853232.0,248853232.0,8.8628,9.48466,9.873
WASP-7,1.0,311.0427558,-39.2254856,0.063,4.708000183105469,9.383677,True,,False,389352124.0,389352124.0,9.0532,9.37671,9.504
WASP-70_A,1.0,315.4771912,-13.4333821,0.147,33.11000061035156,11.031967,True,,False,442530946.0,442530946.0,10.5959,11.0323,10.786
WASP-71,1.0,29.2634506,0.7588247,0.138,19.1299991607666,10.568542,True,,False,422655579.0,422655579.0,10.1638,10.5678,10.56
WASP-72,1.0,41.0400779,-30.1690785,0.189,54.619998931884766,10.846672,True,,False,122612091.0,122612091.0,10.4614,10.8378,10.868
WASP-73,1.0,319.9496969,-58.1489328,0.084,10.15999984741211,10.264232,True,,False,231670397.0,231670397.0,9.8638,10.2607,10.468
WASP-74,1.0,304.538843,-1.0760033,0.061,4.090000152587891,9.578344,True,,False,244089109.0,244089109.0,9.13055,9.5723,9.75
WASP-75,1.0,342.3858995,-10.6754686,0.104,11.630000114440918,11.331169,True,,False,36592530.0,36592530.0,10.931,11.3347,11.591
WASP-76,1.0,26.632936,2.700389,0.598,374.0,9.414896,True,,False,293435336.0,293435336.0,9.02706,9.39507,9.518
WASP-77_A,1.0,37.1555223,-7.0606675,0.089,8.199999809265137,10.095578,True,,False,1129033.0,1129033.0,9.62713,10.0966,10.294
WASP-78,1.0,63.7562662,-22.1163901,0.08,11.84000015258789,12.176885,True,,False,139528693.0,139528693.0,11.8282,12.1879,11.965
WASP-79,1.0,66.3709016,-30.6004362,0.117,21.399999618530273,9.977599,True,,False,170634116.0,170634116.0,9.6757,9.97202,10.044
WASP-8,1.0,359.9008737,-35.0313349,0.098,12.149999618530273,9.619345,True,,False,183532609.0,183532609.0,9.1468,9.61249,9.789
WASP-80,1.0,303.1667996,-2.1444369,0.099,11.399999618530273,11.268544,True,,False,243921117.0,243921117.0,10.3622,11.273,11.841
WASP-81,1.0,304.2079924,3.2939492,0.082,8.472999572753906,12.324752,True,,False,399402994.0,399402994.0,11.8886,12.3326,12.469
WASP-82,1.0,72.6605916,1.8938365,0.122,25.260000228881836,9.90371,True,,False,452808876.0,452808876.0,9.53896,9.89796,10.073
WASP-83,1.0,190.1519558,-19.2843527,0.083,10.470000267028809,11.998551,True,,False,286865921.0,286865921.0,11.5037,12.0084,12.312
WASP-84,1.0,131.1069959,1.8598933,0.053,4.107999801635742,10.579237,True,,False,350293646.0,350293646.0,10.0471,10.5745,10.825
WASP-85_A,1.0,175.9080328,6.5637842,0.093,10.779999732971191,10.640107,True,,False,380619414.0,380619414.0,10.15,10.6241,10.72
WASP-87,1.0,185.3246821,-52.8408163,0.121,32.36000061035156,10.710564,True,,False,15445551.0,15445551.0,10.349,10.7091,10.727
WASP-88,1.0,309.5112337,-48.4620833,0.13,28.110000610351562,11.472745,True,,False,100566492.0,100566492.0,11.117,11.478,11.388
WASP-89,1.0,313.9000261,-18.9714084,0.148,28.829999923706055,12.981015,True,,False,77202722.0,77202722.0,12.4035,12.989,13.21
WASP-90,1.0,315.5319489,7.0562793,0.194,46.84000015258789,11.453518,True,,False,459730973.0,459730973.0,11.07,11.4559,11.618
WASP-91,1.0,357.846434,-70.1528621,0.077,8.996999740600586,11.617521,True,,False,238176110.0,238176110.0,11.0443,11.6236,11.98
WASP-92,1.0,246.6920395,51.0411328,0.062,4.204999923706055,12.810718,True,,False,162689341.0,162689341.0,12.423,12.8183,12.951
WASP-93,1.0,9.4587443,51.288778,0.153,47.189998626708984,10.984386,True,,False,240681314.0,240681314.0,10.6496,10.978,10.966
WASP-94_A,1.0,313.7832393,-34.1357512,0.141,27.3700008392334,10.03342,True,,False,92352620.0,92352620.0,9.6433,10.0285,10.051
WASP-94_B,1.0,313.7882932,-34.135724,0.056,4.270999908447266,10.407358,True,,False,92352621.0,92352621.0,10.0103,10.4055,10.589
WASP-95,1.0,337.4578243,-48.0030988,0.077,7.326000213623047,9.940329,True,,False,144065872.0,144065872.0,9.4995,9.93697,10.092
WASP-96,1.0,1.0465696,-47.3606352,0.083,13.020000457763672,12.372176,True,,False,160148385.0,160148385.0,11.9116,12.3833,12.569
WASP-97,1.0,24.6051389,-55.7720006,0.095,13.930000305175781,10.425592,True,,False,230982885.0,230982885.0,9.9696,10.4238,10.57
WASP-98,1.0,58.4290113,-34.3282716,0.077,8.102999687194824,12.857579,True,,False,166833457.0,166833457.0,12.3943,12.8678,13.252
WASP-99,1.0,39.8976689,-50.0081934,0.067,5.453000068664551,9.331878,True,,False,166836920.0,166836920.0,8.93,9.3251,9.475
WD_0806-661,1.0,121.7275683,-66.3058835,0.101,6.920000076293945,13.664935,True,,False,,,,,
WD_1856534,1.0,284.415675,53.5090244,0.163,1.055999994277954,16.942257,True,,False,267574918.0,267574918.0,16.338,16.958,17.244
WISPIT_1,1.0,117.798555,-50.1376852,0.137,22.739999771118164,12.722928,True,,False,268764100.0,268764100.0,12.0077,12.7244,13.182
WISPIT_2,1.0,290.8209991,-7.6820823,0.137,23.84000015258789,11.186381,True,,False,98898373.0,98898373.0,10.4615,11.1586,11.598
WTS-1,1.0,293.9850284,36.2962939,0.189,2.5840001106262207,16.419178,True,,False,138488806.0,138488806.0,16.0005,16.4299,16.644
WTS-2,1.0,293.7327826,36.8154936,0.719,76.20999908447266,15.611387,True,,False,138359318.0,138359318.0,14.956,15.5965,15.954
Wendelstein-1,1.0,299.0506412,17.5699627,0.0,0.0,15.017479,True,,False,75262942.0,75262942.0,14.1959,15.0324,15.564
Wendelstein-2,1.0,297.7909214,16.9125679,0.0,0.0,15.922019,True,,False,209752908.0,209752908.0,15.1403,15.9359,16.186
Wolf_1061,1.0,247.5748276,-12.6676866,0.179,48.720001220703125,8.801877,True,,False,,,,,
Wolf_1069,1.0,306.5242477,58.5753044,0.315,139.8000030517578,12.352267,True,,False,,,,,
Wolf_327,1.0,148.3783199,35.570548,0.171,36.470001220703125,11.943314,True,,False,4918918.0,4918918.0,10.7818,11.9522,13.018
Wolf_503,1.0,206.8461979,-6.1393369,0.068,5.659999847412109,9.901058,True,,False,,,,,
XO-1,1.0,240.5492745,28.1696248,0.112,24.850000381469727,11.003223,True,,False,236312126.0,236312126.0,10.5484,11.004,11.251
XO-2_N,1.0,117.0267691,50.2251472,0.057,4.046000003814697,10.970856,True,,False,356473034.0,356473034.0,10.4467,10.9718,11.246
XO-2_S,1.0,117.0309753,50.2169068,0.077,8.774999618530273,10.927114,True,,False,356473029.0,356473029.0,10.4164,10.9278,11.196
XO-3,1.0,65.4695814,57.8172095,0.21,84.11000061035156,9.74296,True,,False,8400842.0,8400842.0,9.441,9.73889,9.854
XO-4,1.0,110.3880285,58.2681094,0.091,11.819999694824219,10.515098,True,,False,51234631.0,51234631.0,10.1653,10.5131,10.814
XO-5,1.0,116.7163868,39.0944695,0.094,12.100000381469727,11.943119,True,,False,9155187.0,9155187.0,11.4556,11.9498,12.198
XO-6,1.0,94.7929552,73.8275672,0.2,61.310001373291016,10.195438,True,,False,138168780.0,138168780.0,9.88278,10.191,10.247
XO-7,1.0,277.4780753,85.2333208,0.111,16.520000457763672,10.459597,True,,False,268403451.0,268403451.0,10.0521,10.4575,10.521
YZ_Cet,1.0,18.1330792,-16.9962434,0.224,62.22999954223633,10.436525,True,,False,,,,,
ZTF_J1230-2655,1.0,187.5689308,-26.9309608,0.769,2.815000057220459,18.851288,True,,False,951438622.0,951438622.0,18.8086,18.8866,18.9116
b_Cen_A,1.0,220.4897992,-37.7936323,1.609,3389.0,3.986582,True,,False,159589603.0,159589603.0,4.2009,4.01093,4.01
bet_Cnc,1.0,124.1286379,9.1853306,1.294,2138.0,3.000183,True,,False,458582777.0,458582777.0,2.2206,3.04628,3.51012
bet_Pic,1.0,86.8212337,-51.066148,1.386,2613.0,3.823242,True,,False,270577175.0,270577175.0,3.6957,3.82015,3.85
eps_CrB,1.0,239.3965057,26.8776171,0.843,1914.0,3.756233,True,,False,356000102.0,356000102.0,3.0741,3.75773,4.12577
eps_Eri,1.0,53.2284306,-9.4581715,1.001,1969.0,3.465752,True,,False,,,,,
eps_Ind_A,1.0,330.8714021,-56.7969023,0.833,1229.0,4.322904,True,,False,,,,,
eps_Tau,1.0,67.1546573,19.1802782,0.995,1489.0,3.280453,True,,False,17554529.0,17554529.0,2.6539,3.27298,3.523
gam_Cep,1.0,354.8358233,77.6331009,1.235,2468.0,2.942957,True,,True,367912480.0,367912480.0,2.2213,2.92627,3.23006
gam_Lib,1.0,233.8818636,-14.789502,1.025,1538.0,3.625443,True,,False,386935627.0,386935627.0,3.0514,3.64937,3.90672
gam_Psc,1.0,349.2946794,3.2823664,1.325,1967.0,3.449239,True,,False,,,,,
iot_Dra,1.0,231.2323227,58.9661403,1.059,1753.0,2.97292,True,,False,165722603.0,165722603.0,2.2711,2.96828,3.29668
kap_And,1.0,355.1025974,44.3338511,1.381,3225.0,4.147998,True,,False,176945734.0,176945734.0,4.2242,4.13478,4.13791
kap_CrB,1.0,237.8080012,35.6558818,0.773,1155.0,4.511343,True,,False,,,,,
mu2_Sco,1.0,253.0838724,-38.0176339,1.78,4002.0,3.542674,True,,False,338105219.0,338105219.0,3.8076,3.53617,3.56
mu_Leo,1.0,148.1898673,26.0067142,0.908,1366.0,3.530155,True,,False,840317207.0,840317207.0,7.9719,8.40188,
nu_Oct_A,1.0,325.3702792,-77.3910853,10.777,189800.0,3.473232,True,,True,352542468.0,352542468.0,2.8426,3.44162,3.73
nu_Oph,1.0,269.7566013,-9.7741342,1.27,1967.0,3.076987,True,,False,9815387.0,9815387.0,2.4836,3.09653,3.31216
ome_Ser,1.0,237.5732422,2.196304,0.492,430.6000061035156,4.926393,True,,False,272677041.0,272677041.0,4.325,4.92833,5.21644
omi_CrB,1.0,230.0350768,29.6160222,0.497,529.2000122070312,5.219635,True,,False,357502856.0,357502856.0,4.6169,5.22055,5.5052
omi_UMa,1.0,127.5649503,60.7177048,1.003,1777.0,3.149355,True,,False,73416947.0,73416947.0,2.607,3.14432,3.35214
psi1_Dra_B,1.0,265.4925754,72.1557114,0.357,127.5999984741211,5.656994,True,,False,441804565.0,441804565.0,5.2863,5.64766,5.808
rho_CrB,1.0,240.2600639,33.3001861,0.469,387.79998779296875,5.2328,True,,False,,,,,
tau_Boo,1.0,206.8134593,17.4571647,0.749,980.7999877929688,4.356021,True,,False,1000271584.0,1000271584.0,9.0391,9.46911,
tau_Cet,1.0,26.0093029,-15.9337987,1.107,2114.0,3.3004,True,,False,,,,,
tau_Gem,1.0,107.7847232,30.2449545,0.823,998.5999755859375,4.020316,True,,False,68984421.0,68984421.0,3.3457,4.03996,4.37799
ups_And,1.0,24.1983534,41.4038147,1.209,2365.0,3.966133,True,,False,,,,,
ups_Leo,1.0,174.2372188,-0.8235643,0.933,1195.0,4.037509,True,,False,49430557.0,49430557.0,3.4462,4.0304,4.3049
xi_Aql,1.0,298.5624491,8.4611051,0.755,877.5999755859375,4.41191,True,,False,375464367.0,375464367.0,3.8144,4.42501,4.70964
TIC_103865797,0.0,242.15444189892,19.2533763310073,0.118,2.569999933242798,15.592243,True,,False,103865797.0,103865797.0,14.2399,15.6185,
TIC_124709665,0.0,104.726972083503,-10.5804451663651,0.615,436.5,9.42573,True,,False,124709665.0,124709665.0,9.2995,9.41681,9.442
TIC_129319156,0.0,228.843132778614,-52.8859635646864,0.171,33.189998626708984,10.456176,True,,False,129319156.0,129319156.0,10.3918,10.4529,10.662
TIC_139853601,0.0,112.294007783508,-21.8329308987815,1.949,4279.0,8.390161,True,,False,139853601.0,139853601.0,8.45086,8.37646,8.359
TIC_140706664,0.0,128.382011085239,-43.8284401110045,0.133,26.09000015258789,10.727169,True,,False,140706664.0,140706664.0,10.7173,10.7256,10.622
TIC_141482386,0.0,86.8206978708729,-72.4226602877397,0.064,4.099999904632568,10.764389,True,,False,141482386.0,141482386.0,10.0814,10.7642,10.998
TIC_143257766,0.0,293.389202368697,-45.892684160079,0.629,538.2000122070312,10.643332,True,,False,143257766.0,143257766.0,10.4063,10.6413,10.562
TIC_143994283,0.0,119.300768860226,-42.9990841011793,0.062,4.933000087738037,10.923916,True,,False,143994283.0,143994283.0,10.5551,10.9234,10.898
TIC_149601557,0.0,87.2825084921527,-60.4985327637591,4.055,19360.0,10.465494,True,,False,149601557.0,149601557.0,10.0163,10.3995,10.508
TIC_155044736,0.0,122.895956710959,-27.9718190893969,0.184,64.11000061035156,11.345778,True,,False,155044736.0,155044736.0,10.7069,11.3418,11.618
TIC_155491828,0.0,123.488509579824,-24.7173169277542,0.188,57.84000015258789,11.458287,True,,False,155491828.0,155491828.0,11.1169,11.4625,11.342
TIC_156115721,0.0,124.359379848318,-27.2734917901298,25.896,875200.0,9.898281,True,,False,156115721.0,156115721.0,9.2386,9.59157,9.9
TIC_164150539,0.0,335.753529335047,30.5727100524561,0.342,216.39999389648438,10.769336,True,,False,164150539.0,164150539.0,10.3126,10.767,10.843
TIC_169904935,0.0,120.704929368031,-11.1015080634015,33.552,1134000.0,9.898108,True,,False,169904935.0,169904935.0,9.1309,9.5753,9.603
TIC_17129975,0.0,308.160544744928,40.7785083933903,0.063,4.744999885559082,12.734375,True,,False,17129975.0,17129975.0,12.367,12.7415,12.782
TIC_17150865,0.0,64.6449293274628,19.1790502206138,0.052,2.1449999809265137,13.185039,True,,False,17150865.0,17150865.0,12.5065,13.1961,13.573
TIC_172110606,0.0,97.832159981245,32.396823742594,0.069,4.681000232696533,9.410645,True,,False,172110606.0,172110606.0,8.96147,9.40402,9.529
TIC_172464366,0.0,100.15880192018,-27.5714059645256,0.146,36.66999816894531,11.486112,True,,False,172464366.0,172464366.0,11.0913,11.4937,11.66
TIC_172630205,0.0,101.01018264526,-26.0306571671152,0.0,0.0,13.243589,True,,False,172630205.0,172630205.0,12.6989,13.2558,13.463
TIC_172754786,0.0,299.809998422625,38.3936866443996,0.044,1.7269999980926514,13.108566,True,,False,172754786.0,172754786.0,12.8903,13.1228,13.121
TIC_172871230,0.0,299.878912992761,41.7421501692603,0.025,0.6746000051498413,12.71281,True,,False,172871230.0,172871230.0,12.2794,12.7221,12.814
TIC_173860688,0.0,113.103206746669,-38.5747680233396,0.079,11.479999542236328,11.511223,True,,False,173860688.0,173860688.0,10.9017,11.5153,11.778
TIC_174143743,0.0,113.883293290777,-36.3871297465231,0.124,22.170000076293945,10.46172,True,,False,174143743.0,174143743.0,10.1007,10.46,10.576
TIC_17416749,0.0,242.201042231649,35.6912507060443,0.609,442.1000061035156,8.991525,True,,False,17416749.0,17416749.0,8.63532,8.98342,9.11
TIC_175079720,0.0,115.874550524899,-38.9088333541285,0.119,14.029999732971191,12.986598,True,,False,175079720.0,175079720.0,12.4698,12.9937,13.165
TIC_175180796,0.0,116.010441169182,-36.9960910834749,0.055,4.484000205993652,11.973607,True,,False,175180796.0,175180796.0,11.143,11.9846,12.482
TIC_175310067,0.0,116.11082020711,-36.0983353226298,0.089,13.260000228881836,10.91735,True,,False,175310067.0,175310067.0,10.6257,10.9171,11.053
TIC_175476629,0.0,350.977782030175,-38.2257287324514,0.0,0.0,13.347867,True,,False,175476629.0,175476629.0,12.8509,13.3595,13.583
TIC_176772671,0.0,142.566678758766,-18.8430663544658,0.667,167.6999969482422,14.837228,True,,False,176772671.0,176772671.0,13.8995,14.8357,15.529
TIC_176778112,0.0,47.8279848849345,-35.6280615798737,0.076,9.972999572753906,10.076372,True,,False,176778112.0,176778112.0,9.6114,10.0721,10.263
TIC_176831592,0.0,48.9569288194641,-32.8024428831368,0.138,32.63999938964844,9.4621,True,,False,176831592.0,176831592.0,9.1013,9.45127,9.575
TIC_176984236,0.0,101.909535392822,-66.3283246256499,8.61,41800.0,11.177187,True,,False,176984236.0,176984236.0,10.5683,10.9205,11.03
TIC_177126182,0.0,106.405066356238,-11.9798456658964,0.111,17.610000610351562,10.438321,True,,False,177126182.0,177126182.0,10.3075,10.4363,10.581
TIC_177612321,0.0,106.179340645783,-0.029504205286487,0.329,64.52999877929688,13.692849,True,,False,177612321.0,177612321.0,13.2863,13.6994,13.773
TIC_177722855,0.0,107.421556402712,-11.3289503119142,0.089,11.520000457763672,11.000286,True,,False,177722855.0,177722855.0,10.5224,11.0007,11.168
TIC_178959058,0.0,209.699278284059,-40.6190555563242,0.85,778.0999755859375,10.088863,True,,False,178959058.0,178959058.0,9.783,10.0845,10.071
TIC_179033846,0.0,64.2625714300007,-29.5248979148904,0.244,103.69999694824219,12.119815,True,,False,179033846.0,179033846.0,11.7919,12.1296,12.252
TIC_179155220,0.0,109.106911553978,-8.32936034883502,0.101,15.34000015258789,11.192268,True,,False,179155220.0,179155220.0,10.6659,11.1934,11.468
TIC_179159972,0.0,109.056366699055,-9.89368264227858,0.119,15.130000114440918,11.005312,True,,False,179159972.0,179159972.0,10.6124,11.0083,11.099
TIC_18017227,0.0,171.711290884219,37.7052446282075,0.119,17.25,12.277662,True,,False,18017227.0,18017227.0,11.9245,12.2844,12.495
TIC_180987952,0.0,130.261521610342,-41.4428264220584,0.207,60.529998779296875,9.483788,True,,False,180987952.0,180987952.0,9.5287,9.48004,9.483
TIC_182470056,0.0,123.753501408245,-36.2480594968014,0.042,1.6679999828338623,13.440324,True,,False,182470056.0,182470056.0,12.9604,13.4499,13.514
TIC_182943944,0.0,124.726472906995,-37.7832910038609,0.068,7.297999858856201,10.872273,True,,False,182943944.0,182943944.0,10.6019,10.8696,11.201
TIC_183979262,0.0,21.6491825405389,-72.7489643001488,1.065,1072.0,8.673725,True,,False,183979262.0,183979262.0,8.3291,8.66078,8.778
TIC_184679932,0.0,32.2939970238666,40.4020050443418,0.098,12.970000267028809,9.630258,True,,False,184679932.0,184679932.0,9.25319,9.62534,9.723
TIC_184869170,0.0,110.258642272345,19.4017194125485,0.118,12.390000343322754,12.769031,True,,False,184869170.0,184869170.0,12.3467,12.7765,12.865
TIC_184952758,0.0,128.143868466686,-36.3467126788007,0.076,8.802000045776367,9.491483,True,,False,184952758.0,184952758.0,9.0349,9.48488,9.647
TIC_185226925,0.0,301.240411133842,46.7072347922187,0.052,3.1989998817443848,12.661163,True,,False,185226925.0,185226925.0,12.1624,12.67,12.831
TIC_185405474,0.0,301.717634174016,45.4991960462315,0.086,10.600000381469727,10.169968,True,,False,185405474.0,185405474.0,9.87278,10.1666,10.262
TIC_186000935,0.0,303.073214340037,44.4962031320941,0.08,9.229999542236328,10.182669,True,,False,186000935.0,186000935.0,9.76577,10.1787,10.281
TIC_186599508,0.0,45.0879538179729,39.0685716171236,0.089,8.482000350952148,10.220644,True,,False,186599508.0,186599508.0,9.76636,10.2166,10.337
TIC_187029841,0.0,34.5559221294669,38.478891398962,0.133,22.1200008392334,10.026945,True,,False,187029841.0,187029841.0,9.66027,10.0238,10.053
TIC_187532854,0.0,77.8692219840618,37.9232694472619,0.064,6.578999996185303,12.752096,True,,False,187532854.0,187532854.0,12.2059,12.766,12.982
TIC_188593930,0.0,345.522751172725,-16.3599368907356,0.13,16.469999313354492,12.759841,True,,False,188593930.0,188593930.0,12.3574,12.7675,13.001
TIC_188989177,0.0,78.7784061991806,-15.1004557536212,0.108,19.440000534057617,9.285195,True,,False,188989177.0,188989177.0,9.1414,9.27776,9.324
TIC_189013222,0.0,79.1018330778656,-15.5125678081372,0.102,18.18000030517578,10.809999,True,,False,189013222.0,189013222.0,10.2892,10.8149,10.52
TIC_189620016,0.0,144.040636064515,-24.7511248606016,0.148,36.709999084472656,12.604208,True,,False,189620016.0,189620016.0,12.2186,12.6141,12.815
TIC_190081497,0.0,132.270029609729,-36.5782133053682,0.077,9.418999671936035,10.747015,True,,False,190081497.0,190081497.0,10.3364,10.7457,10.828
TIC_190271688,0.0,221.343621701993,-54.7611388500248,0.523,352.29998779296875,10.674386,True,,False,190271688.0,190271688.0,10.163,10.6741,10.894
TIC_190430205,0.0,324.922530258349,46.220222998591,0.11,18.049999237060547,9.965878,True,,False,190430205.0,190430205.0,9.8261,9.96022,10.12
TIC_190442486,0.0,324.93546904423,41.9507858782864,0.083,11.369999885559082,10.690612,True,,False,190442486.0,190442486.0,10.4568,10.6888,10.57
TIC_190743990,0.0,325.787158692354,45.6468965066989,0.048,3.4709999561309814,10.674026,True,,False,190743990.0,190743990.0,10.2566,10.6726,10.776
TIC_191146556,0.0,8.30443446767814,46.3403344275275,0.091,16.459999084472656,10.771446,True,,False,191146556.0,191146556.0,10.3959,10.7688,10.907
TIC_19155785,0.0,81.7154947191111,18.4199616458185,0.18,53.869998931884766,10.685121,True,,False,19155785.0,19155785.0,10.2207,10.6809,10.821
TIC_192372961,0.0,45.5983085285978,43.183852930148,0.103,13.84000015258789,9.532923,True,,False,192372961.0,192372961.0,9.1222,9.52612,9.68
TIC_192520375,0.0,138.052306062944,-39.6579424669721,0.104,14.489999771118164,12.652518,True,,False,192520375.0,192520375.0,12.5405,12.6653,12.731
TIC_193628179,0.0,266.562222278062,46.4983843789533,0.083,9.081000328063965,12.40522,True,,False,193628179.0,193628179.0,11.9993,12.4119,12.449
TIC_193708920,0.0,306.256138947714,46.9229168436019,0.05,3.196000099182129,12.392543,True,,False,193708920.0,193708920.0,11.9635,12.3999,12.523
TIC_194179013,0.0,271.039742302151,-34.120348163854,0.22,16.020000457763672,14.259913,True,,False,194179013.0,194179013.0,12.7825,14.2986,
TIC_1950736,0.0,79.0438035955502,30.5853812821857,0.104,19.239999771118164,10.868885,True,,False,1950736.0,1950736.0,10.0745,10.8691,11.256
TIC_195093356,0.0,313.339716129194,37.4750897933527,0.044,3.0920000076293945,12.305641,True,,False,195093356.0,195093356.0,11.8572,12.3169,12.436
TIC_195199644,0.0,313.536466160741,37.7893576971976,0.105,19.260000228881836,10.309096,True,,False,195199644.0,195199644.0,10.0849,10.3078,10.405
TIC_196286587,0.0,125.557142784513,-25.0694388545642,0.253,102.9000015258789,10.542551,True,,False,196286587.0,196286587.0,10.1985,10.5406,10.488
TIC_197650870,0.0,336.70505077207,52.2278566903452,0.208,51.720001220703125,10.461442,True,,False,197650870.0,197650870.0,10.3209,10.4602,10.451
TIC_197959526,0.0,348.296566092459,-53.8328060406826,0.143,32.209999084472656,12.156847,True,,False,197959526.0,197959526.0,11.8199,12.1678,12.234
TIC_198616607,0.0,271.403641567177,47.5503614848219,2.627,7371.0,12.916228,True,,False,198616607.0,198616607.0,12.4627,12.8815,13.004
TIC_199162630,0.0,333.847548961,46.3022787999956,0.102,17.739999771118164,12.031893,True,,False,199162630.0,199162630.0,11.8563,12.0424,12.2
TIC_199688472,0.0,253.140304286878,57.9740047429061,1.343,2110.0,10.293613,True,,False,199688472.0,199688472.0,9.84566,10.2842,10.39
TIC_200593988,0.0,85.3353944622199,11.194576571109,0.0,0.0,13.383456,True,,False,200593988.0,200593988.0,12.3069,13.4019,14.307
TIC_201154493,0.0,56.14331970739,41.064371693896,0.167,36.130001068115234,9.911267,True,,False,201154493.0,201154493.0,9.7479,9.90609,9.926
TIC_201233610,0.0,359.516493188325,-49.3008270397653,0.0,0.0,13.386651,True,,False,201233610.0,201233610.0,12.9528,13.3962,13.615
TIC_20178111,0.0,89.8975004747849,-40.3957703973512,0.057,4.607999801635742,10.707552,True,,False,20178111.0,20178111.0,10.2767,10.7073,10.87
TIC_20182165,0.0,226.181334582728,38.605228253165,0.157,25.8700008392334,7.379332,True,,False,20182165.0,20182165.0,7.0166,7.36341,7.50661
TIC_202428245,0.0,227.190884180172,62.9592555442509,0.093,10.930000305175781,9.917332,True,,False,202428245.0,202428245.0,9.3373,9.91165,10.127
TIC_202468443,0.0,229.006270911694,62.7183462414147,0.15,2.359999895095825,15.948201,True,,False,202468443.0,202468443.0,14.5982,15.9658,
TIC_206466531,0.0,56.8151995225024,-52.9851523804976,0.125,23.670000076293945,10.37778,True,,False,206466531.0,206466531.0,10.0081,10.3761,10.54
TIC_206498307,0.0,332.188137912994,-18.9926648291467,0.079,8.222999572753906,11.801745,True,,False,206498307.0,206498307.0,11.3882,11.8087,11.61
TIC_207084429,0.0,22.7565940031505,-51.215432348134,0.128,13.869999885559082,7.626049,True,,False,207084429.0,207084429.0,7.1995,7.61358,7.76
TIC_207501148,0.0,247.657525850949,56.3993296936559,0.546,368.6000061035156,10.276337,True,,False,207501148.0,207501148.0,9.85317,10.272,10.385
TIC_20988926,0.0,285.06223193445,34.2582815524896,0.054,4.2820000648498535,12.371244,True,,False,20988926.0,20988926.0,12.0997,12.3813,12.45
TIC_210337597,0.0,311.476887199543,21.4534972002793,0.0,0.0,12.454007,True,,False,210337597.0,210337597.0,11.8096,12.4646,12.417
TIC_21755546,0.0,292.286791622682,30.2973361699528,0.254,58.459999084472656,8.323228,True,,False,21755546.0,21755546.0,8.40386,8.31597,8.35
TIC_219151731,0.0,89.8352451038926,-49.4697520323117,0.115,17.510000228881836,10.480235,True,,False,219151731.0,219151731.0,10.1217,10.4779,10.527
TIC_219164808,0.0,90.7741324972255,-52.0843601634795,0.258,85.9000015258789,9.908847,True,,False,219164808.0,219164808.0,9.6646,9.90472,10.01
TIC_219205407,0.0,92.8339939632491,-51.466674228722,0.582,601.5999755859375,11.456068,True,,False,219205407.0,219205407.0,10.8732,11.4591,11.688
TIC_219208037,0.0,93.0983884893435,-50.93099991692,0.469,352.5,11.927398,True,,False,219208037.0,219208037.0,11.1925,11.9309,12.278
TIC_219239945,0.0,64.5213440946077,-53.8014256114095,0.106,20.15999984741211,11.398623,True,,False,219239945.0,219239945.0,10.966,11.401,11.446
TIC_219366908,0.0,75.4388021029872,-49.284684007199,0.0,0.0,13.118676,True,,False,219366908.0,219366908.0,12.653,13.1318,13.352
TIC_219379012,0.0,76.8338125203579,-48.1159310261635,0.109,17.479999542236328,10.624989,True,,False,219379012.0,219379012.0,10.231,10.6236,10.637
TIC_219388773,0.0,77.0475794393205,-50.8587853578112,0.095,15.529999732971191,11.282508,True,,False,219388773.0,219388773.0,10.6793,11.2861,11.345
TIC_219466803,0.0,209.89602503779,74.0733353485393,0.089,6.422999858856201,13.440482,True,,False,219466803.0,219466803.0,12.9179,13.45,13.714
TIC_219467837,0.0,210.063684192736,75.0844745260957,0.0,0.0,13.041015,True,,False,219467837.0,219467837.0,12.64,13.0549,13.189
TIC_219766989,0.0,192.321724032745,-21.3329867479116,0.325,104.9000015258789,12.397526,True,,False,219766989.0,219766989.0,11.9951,12.4047,12.671
TIC_219821826,0.0,268.029401730099,62.7909732178155,0.146,25.1299991607666,12.625464,True,,False,219821826.0,219821826.0,12.2169,12.6294,12.725
TIC_219824469,0.0,204.440275523038,48.2500952807492,0.127,23.690000534057617,10.924597,True,,False,219824469.0,219824469.0,10.5038,10.9253,11.048
TIC_220016044,0.0,32.3217919182809,-48.484723613921,0.158,38.650001525878906,10.707337,True,,False,220016044.0,220016044.0,10.3987,10.7065,10.732
TIC_22020459,0.0,147.853642016412,-25.5939224863647,0.083,10.229999542236328,12.920686,True,,False,22020459.0,22020459.0,12.5961,12.936,13.192
TIC_220396259,0.0,68.8915559928341,-56.1387005118947,0.136,27.8700008392334,10.315067,True,,False,220396259.0,220396259.0,9.9124,10.3113,10.32
TIC_220435095,0.0,73.6414335623337,-57.5135485551435,0.119,17.209999084472656,12.317366,True,,False,220435095.0,220435095.0,11.8999,12.3213,12.568
TIC_220518305,0.0,41.467302069935,-64.3207070487896,0.109,16.780000686645508,10.69456,True,,False,220518305.0,220518305.0,10.294,10.6926,10.721
TIC_224313733,0.0,234.099272683982,57.890669129959,0.218,72.58000183105469,11.370603,True,,False,224313733.0,224313733.0,10.9374,11.3714,11.526
TIC_224418572,0.0,282.101508764303,15.4942700362511,0.083,6.960000038146973,12.43946,True,,False,224418572.0,224418572.0,11.8512,12.4469,12.592
TIC_22843856,0.0,39.0064991247602,25.5885338743248,2.766,6319.0,10.334147,True,,False,22843856.0,22843856.0,9.8203,10.2931,10.511
TIC_229091748,0.0,3.79771602867514,-46.2724286857392,0.112,13.710000038146973,13.153419,True,,False,229091748.0,229091748.0,12.7226,13.1643,13.359
TIC_229141709,0.0,26.3766982731524,-51.2968718353592,0.061,5.666999816894531,12.122728,True,,False,229141709.0,229141709.0,11.766,12.1323,12.26
TIC_229285649,0.0,98.0241531639169,11.8523363444104,0.102,14.210000038146973,11.141991,True,,False,229285649.0,229285649.0,10.7669,11.1434,10.991
TIC_229384040,0.0,98.5977992664294,8.41391712588405,0.1,12.329999923706055,9.50604,True,,False,229384040.0,229384040.0,9.11269,9.50051,9.738
TIC_229536616,0.0,195.821291226307,67.8234106712696,0.756,685.7000122070312,11.576396,True,,False,229536616.0,229536616.0,10.9873,11.3401,11.019
TIC_229770036,0.0,282.174188151223,70.8396971407243,0.615,482.29998779296875,11.354478,True,,False,229770036.0,229770036.0,10.6666,11.3571,11.579
TIC_230017325,0.0,291.469183820956,61.7761063058409,0.115,16.790000915527344,10.805934,True,,False,230017325.0,230017325.0,10.3843,10.8001,11.036
TIC_230075120,0.0,244.441326477867,69.4476688171414,0.318,160.8000030517578,11.484584,True,,False,230075120.0,230075120.0,11.1315,11.4876,11.608
TIC_230086768,0.0,246.624584445956,66.1436142706588,0.063,1.3489999771118164,14.630472,True,,False,230086768.0,230086768.0,13.4447,14.6525,15.776
TIC_230267547,0.0,264.591094914884,18.4738319582601,0.078,9.897000312805176,10.780025,True,,False,230267547.0,230267547.0,10.4288,10.7781,10.775
TIC_230386397,0.0,285.785872810861,64.2299795336882,0.067,6.328000068664551,11.93123,True,,False,230386397.0,230386397.0,11.2011,11.9398,12.224
TIC_23113034,0.0,60.8383629872961,25.3438304321308,0.168,30.65999984741211,8.565464,True,,False,23113034.0,23113034.0,8.3482,8.5537,8.639
TIC_231703293,0.0,335.467321805046,-57.7584502776254,0.081,8.314000129699707,12.824873,True,,False,231703293.0,231703293.0,12.4537,12.8373,13.037
TIC_231721005,0.0,80.7402205780908,-53.7646432395608,0.195,56.45000076293945,9.996948,True,,False,231721005.0,231721005.0,10.0039,9.99152,9.944
TIC_232679662,0.0,282.474533514233,55.2664255065119,0.346,137.3000030517578,10.548693,True,,False,232679662.0,232679662.0,10.3018,10.5325,10.791
TIC_232967666,0.0,198.153215789084,71.6181270623498,0.676,499.20001220703125,10.827764,True,,False,232967666.0,232967666.0,10.3874,10.7782,10.947
TIC_233390838,0.0,301.559289521437,59.4908638229217,0.125,20.93000030517578,9.857978,True,,False,233390838.0,233390838.0,9.53591,9.85144,10.011
TIC_233497719,0.0,249.520083226691,77.756230462633,0.007,0.041519999504089355,13.269554,True,,False,233497719.0,233497719.0,12.8746,13.282,13.435
TIC_233503636,0.0,251.235648641282,77.3440391517201,0.066,5.802000045776367,11.984156,True,,False,233503636.0,233503636.0,11.5906,11.9893,12.096
TIC_233541860,0.0,281.198194609903,62.6853996479274,0.089,10.15999984741211,10.791978,True,,False,233541860.0,233541860.0,9.9592,10.7927,11.403
TIC_233569098,0.0,281.814148514068,64.8064060906854,0.089,10.390000343322754,11.102527,True,,False,233569098.0,233569098.0,10.6746,11.0941,11.199
TIC_233681149,0.0,260.364976984549,65.0118733248139,0.126,23.290000915527344,11.217535,True,,False,233681149.0,233681149.0,10.8037,11.2205,11.297
TIC_233684822,0.0,260.903201511062,64.8622356199032,0.108,13.029999732971191,10.365379,True,,False,233684822.0,233684822.0,9.89947,10.3613,10.668
TIC_233720539,0.0,276.37927133741,63.4881004048016,0.133,23.43000030517578,11.241887,True,,False,233720539.0,233720539.0,10.8946,11.2434,11.333
TIC_233735068,0.0,277.476886968408,61.0494649270433,0.081,9.430000305175781,10.545127,True,,False,233735068.0,233735068.0,10.0194,10.545,10.689
TIC_23389848,0.0,275.117959435923,30.8558056322609,0.282,97.95999908447266,10.612597,True,,False,23389848.0,23389848.0,10.142,10.6069,10.753
TIC_235684392,0.0,288.092717430033,77.9226330474563,4.828,18260.0,13.477794,True,,False,235684392.0,235684392.0,13.0309,13.4241,13.574
TIC_23650642,0.0,126.0884701535,42.1049921927266,0.155,36.47999954223633,11.295179,True,,False,23650642.0,23650642.0,10.8219,11.2946,11.238
TIC_236775063,0.0,282.663282493031,55.8014902352629,0.0,2.112999919891105e-15,13.502719,True,,False,236775063.0,236775063.0,13.0109,13.5151,13.734
TIC_237101326,0.0,240.691844110043,71.2243165184079,0.274,55.220001220703125,13.596019,True,,False,237101326.0,237101326.0,13.0273,13.592,13.807
TIC_237185205,0.0,283.526690311777,37.7200239624014,0.176,49.45000076293945,10.089332,True,,False,237185205.0,237185205.0,9.7831,10.081,10.218
TIC_237200747,0.0,293.03270808089,74.8911328356254,0.08,8.822999954223633,12.042804,True,,False,237200747.0,237200747.0,11.463,12.0486,12.256
TIC_237235093,0.0,297.484432330141,73.0865057383707,0.342,139.1999969482422,12.419401,True,,False,237235093.0,237235093.0,11.812,12.412,12.655
TIC_237751146,0.0,104.331755328593,4.02896316519978,0.035,0.14560000598430634,15.379707,True,,False,237751146.0,237751146.0,14.1477,15.4046,16.54
TIC_237808867,0.0,104.479902816871,5.74803613131516,1.226,1875.0,10.356417,True,,False,237808867.0,237808867.0,9.792,10.3535,10.64
TIC_238162973,0.0,106.431883186481,-49.5204643865028,0.0,0.0,14.11062,True,,False,238162973.0,238162973.0,13.3872,14.1222,14.475
TIC_238197709,0.0,57.2655184938892,-72.9474079084267,0.063,5.3470001220703125,10.716778,True,,False,238197709.0,238197709.0,10.3001,10.7148,10.823
TIC_238374636,0.0,120.837849434922,-51.3457235398248,0.124,24.93000030517578,10.243991,True,,False,238374636.0,238374636.0,9.697,10.2412,10.419
TIC_238597883,0.0,122.178223906512,-48.8028512366747,0.228,69.58000183105469,9.203339,True,,False,238597883.0,238597883.0,9.1355,9.19648,9.266
TIC_239136269,0.0,112.325566357591,33.5913720522584,0.106,8.387999534606934,13.286363,True,,False,239136269.0,239136269.0,13.286,13.3076,13.429
TIC_239372503,0.0,311.435372059118,43.4451463859168,0.202,45.84000015258789,8.663766,True,,False,239372503.0,239372503.0,8.71629,8.65608,8.68
TIC_239541449,0.0,341.767494218054,29.8522427545318,,,,False,,False,239541449.0,239541449.0,10.9417,11.4208,11.7
TIC_239638934,0.0,333.59292048928,32.4901835956099,2.943,18550.0,11.005126,True,,False,239638934.0,239638934.0,10.5284,10.998,11.234
TIC_239722954,0.0,86.4583653626053,35.3315265997819,0.0,0.0,13.722843,True,,False,239722954.0,239722954.0,13.1472,13.7353,13.865
TIC_240148934,0.0,101.382073566147,31.4656551590973,0.097,11.579999923706055,10.641028,True,,False,240148934.0,240148934.0,10.3135,10.6399,10.824
TIC_241065596,0.0,21.7361909113292,49.3886564250991,0.144,32.540000915527344,10.625211,True,,False,241065596.0,241065596.0,10.2936,10.6229,10.638
TIC_241102583,0.0,328.978120526099,-0.937374732969027,0.019,0.28679999709129333,13.050888,True,,False,241102583.0,241102583.0,12.4323,13.0636,13.309
TIC_241174783,0.0,116.368484048831,44.1298964719111,0.111,14.970000267028809,9.842614,True,,False,241174783.0,241174783.0,9.54224,9.83738,9.931
TIC_242083025,0.0,201.642313975457,-39.6298999923368,0.136,30.93000030517578,11.138099,True,,False,242083025.0,242083025.0,10.7892,11.1405,11.294
TIC_242536549,0.0,215.145609264911,-41.9833016947366,0.223,56.2599983215332,9.85167,True,,False,242536549.0,242536549.0,9.5187,9.8452,9.975
TIC_243153196,0.0,15.6855189645725,20.0504303431933,0.08,7.728000164031982,11.056601,True,,False,243153196.0,243153196.0,10.7304,11.0574,11.111
TIC_243283955,0.0,288.67021947958,55.3546115855725,0.066,5.8470001220703125,12.302413,True,,False,243283955.0,243283955.0,11.9125,12.3085,12.176
TIC_243333538,0.0,289.839494332648,56.9304022917358,0.046,1.1109999418258667,14.169856,True,,False,243333538.0,243333538.0,13.7703,14.181,14.325
TIC_24364065,0.0,291.120505989471,33.2737131900044,0.093,13.529999732971191,11.040978,True,,False,24364065.0,24364065.0,10.4717,11.04,11.284
TIC_245462406,0.0,38.8216415149436,55.703249758974,0.08,12.010000228881836,10.740728,True,,False,245462406.0,245462406.0,10.2948,10.7407,11.008
TIC_247873937,0.0,87.8242304838953,13.7459027108981,0.136,23.75,12.22579,True,,False,247873937.0,247873937.0,12.1359,12.2389,12.268
TIC_249067445,0.0,79.4324546747811,-0.370101495999439,0.148,31.950000762939453,9.018002,True,,False,249067445.0,249067445.0,8.95699,9.01101,9.04
TIC_249812036,0.0,339.785506646964,49.4265782471282,0.321,162.89999389648438,9.761934,True,,False,249812036.0,249812036.0,9.624,9.75736,9.824
TIC_249862365,0.0,38.1227243886902,52.7042890462096,0.083,7.189000129699707,9.508029,True,,False,249862365.0,249862365.0,9.10226,9.50131,9.625
TIC_250386181,0.0,30.1143666735432,-4.98556606653228,0.1,10.5600004196167,10.248091,True,,False,250386181.0,250386181.0,9.89377,10.2441,10.329
TIC_250484865,0.0,94.2055541973593,-2.92887548843937,0.105,17.149999618530273,9.200586,True,,False,250484865.0,250484865.0,8.7973,9.19352,9.349
TIC_251209368,0.0,95.4753533325426,-4.32152722305112,0.0,0.0,13.553221,True,,False,251209368.0,251209368.0,13.0632,13.5661,13.699
TIC_252537013,0.0,344.83524640879,52.0668955019175,2.201,7939.0,10.988238,True,,False,252537013.0,252537013.0,10.4505,10.9398,11.033
TIC_252636888,0.0,346.518400610924,52.787090381272,0.074,8.46399974822998,10.873632,True,,False,252636888.0,252636888.0,10.4116,10.8728,11.205
TIC_253030300,0.0,98.7324481567583,49.6765785525657,0.09,10.359999656677246,12.676626,True,,False,253030300.0,253030300.0,12.2361,12.6732,12.839
TIC_253132689,0.0,194.769823126914,-57.2536270449242,0.106,20.219999313354492,10.835829,True,,False,253132689.0,253132689.0,10.3345,10.8354,10.868
TIC_253917293,0.0,337.500682825333,-31.9242380394466,0.263,85.37000274658203,11.695541,True,,False,253917293.0,253917293.0,11.2901,11.6997,11.738
TIC_253990973,0.0,284.688764545208,-41.2421740083524,0.301,87.04000091552734,10.1939,True,,False,253990973.0,253990973.0,9.7345,10.1782,10.366
TIC_254629854,0.0,236.542747415741,-43.3681428273718,0.117,18.3799991607666,11.18419,True,,False,254629854.0,254629854.0,10.7989,11.1837,11.246
TIC_255760319,0.0,99.7145804575706,-53.1075236620701,0.087,9.75,9.396531,True,,False,255760319.0,255760319.0,8.9944,9.39012,9.532
TIC_255851356,0.0,198.582684515346,-59.6921836848349,0.085,10.819999694824219,10.422411,True,,False,255851356.0,255851356.0,9.9747,10.419,10.669
TIC_255918903,0.0,266.63375811141,-70.4098106696479,0.094,9.140999794006348,13.493175,True,,False,255918903.0,255918903.0,13.0566,13.5034,13.624
TIC_256349966,0.0,322.717461395547,68.4953146613177,0.091,11.069999694824219,12.495593,True,,False,256349966.0,256349966.0,12.0913,12.5028,12.582
TIC_256621916,0.0,300.488319336005,60.2464386992078,5.499,37510.0,11.242797,True,,False,256621916.0,256621916.0,10.4243,10.8377,10.9678
TIC_256886630,0.0,329.385020396023,41.4495095019022,0.205,37.959999084472656,8.327448,True,,False,256886630.0,256886630.0,8.26618,8.31774,8.33
TIC_257052211,0.0,329.918440263856,41.5162676677572,0.103,20.93000030517578,10.83594,True,,False,257052211.0,257052211.0,10.5702,10.8347,10.893
TIC_258402425,0.0,274.416592718389,23.9177533440609,0.068,8.241999626159668,10.497726,True,,False,258402425.0,258402425.0,9.87437,10.4948,10.726
TIC_258557847,0.0,278.191585715925,18.146225556845,0.107,23.260000228881836,10.436691,True,,False,258557847.0,258557847.0,10.042,10.4347,10.646
TIC_258777137,0.0,286.74739916914,71.712302050196,0.239,75.30000305175781,10.50392,True,,False,258777137.0,258777137.0,9.9478,10.4568,10.348
TIC_258801269,0.0,287.025038796592,66.2907504591441,0.11,18.479999542236328,11.367682,True,,False,258801269.0,258801269.0,10.938,11.3466,11.55
TIC_258871793,0.0,287.894778941031,66.3281292558949,0.13,16.700000762939453,13.061029,True,,False,258871793.0,258871793.0,12.6445,13.0641,13.174
TIC_259126549,0.0,291.411839638783,69.113007299316,15.947,287100.0,11.515311,True,,False,259126549.0,259126549.0,10.9828,11.3786,11.534
TIC_259129875,0.0,291.880214020563,68.014661893269,0.081,9.069000244140625,10.848817,True,,False,259129875.0,259129875.0,10.5896,10.846,10.798
TIC_259151170,0.0,50.3450228969908,52.6925122122649,0.209,66.08999633789062,11.040459,True,,False,259151170.0,259151170.0,10.374,11.0412,11.04
TIC_259389219,0.0,68.8038391537967,-51.3965537023551,0.082,10.010000228881836,11.683435,True,,False,259389219.0,259389219.0,11.2486,11.6885,11.787
TIC_259701242,0.0,74.4662689099586,-53.8178874566177,0.102,14.65999984741211,8.640993,True,,False,259701242.0,259701242.0,8.235,8.63157,8.732
TIC_260043723,0.0,91.6085504281106,-58.953655484861,0.658,542.0999755859375,9.093423,True,,False,260043723.0,260043723.0,8.735,9.08533,9.209
TIC_260271203,0.0,94.2180798412966,-58.2298098881305,0.0,0.0,13.853211,True,,False,260271203.0,260271203.0,13.4734,13.8654,14.095
TIC_260298958,0.0,94.3157004766516,-56.5099782496915,0.027,0.065870001912117,16.129566,True,,False,260298958.0,260298958.0,15.0804,16.1564,16.544
TIC_260476837,0.0,96.248197421695,-59.8048105149775,0.422,136.60000610351562,13.407542,True,,False,260476837.0,260476837.0,12.7918,13.3747,13.687
TIC_260609205,0.0,97.4539312032295,-57.2548406463697,0.116,12.6899995803833,13.100801,True,,False,260609205.0,260609205.0,12.7222,13.108,13.292
TIC_260849386,0.0,118.937296398576,-54.2663625048108,0.159,36.349998474121094,11.247676,True,,False,260849386.0,260849386.0,10.7961,11.2494,11.163
TIC_261141602,0.0,76.241851549627,43.259040751535,0.919,1164.0,12.586916,True,,False,261141602.0,261141602.0,11.9409,12.5946,12.862
TIC_261258875,0.0,89.7308190115438,-79.7434750836885,0.812,721.2000122070312,9.62439,True,,False,261258875.0,261258875.0,9.2691,9.61574,9.736
TIC_262135904,0.0,106.486771122393,11.7724466773636,0.154,27.290000915527344,10.152296,True,,False,262135904.0,262135904.0,10.1063,10.1468,10.276
TIC_262499797,0.0,109.879727259691,-55.7280231038697,0.0,0.0,16.050207,True,,False,262499797.0,262499797.0,14.8083,16.0752,17.3643
TIC_262530873,0.0,20.4940513772815,-44.4167382092464,0.077,7.735000133514404,12.861327,True,,False,262530873.0,262530873.0,12.5145,12.8741,13.042
TIC_262531275,0.0,20.4192926448976,-42.4817207014163,0.0,3.334999953334781e-15,13.480954,True,,False,262531275.0,262531275.0,13.0261,13.4915,13.594
TIC_262781201,0.0,141.403660569031,3.66192417931803,0.121,21.280000686645508,9.663205,True,,False,262781201.0,262781201.0,9.34567,9.65737,9.725
TIC_263203229,0.0,230.412418162041,-67.2065138670649,0.0,0.0,13.148282,True,,False,263203229.0,263203229.0,12.792,13.1606,13.297
TIC_264303333,0.0,296.355298580192,67.311070289472,0.069,5.745999813079834,10.613707,True,,False,264303333.0,264303333.0,10.1583,10.6124,10.635
TIC_26433869,0.0,56.8143249074939,30.1495125156274,0.073,7.861999988555908,9.125077,True,,False,26433869.0,26433869.0,8.4107,9.11769,9.488
TIC_265077027,0.0,127.178384294059,4.03855231145254,0.109,14.960000038146973,11.078376,True,,False,265077027.0,265077027.0,10.6596,11.0764,11.459
TIC_26583436,0.0,292.031502270783,49.3886129973192,0.0,0.0,13.362496,True,,False,26583436.0,26583436.0,13.0091,13.3752,13.438
TIC_266688542,0.0,321.023884347528,46.38474180532,0.69,678.7999877929688,10.508063,True,,False,266688542.0,266688542.0,10.1894,10.5033,10.549
TIC_266843799,0.0,175.540005426308,-57.3684685035303,0.37,181.8000030517578,10.189747,True,,False,266843799.0,266843799.0,9.9747,10.1863,10.198
TIC_267484653,0.0,298.706054634283,58.3016364231628,0.244,64.83000183105469,12.844985,True,,False,267484653.0,267484653.0,12.3512,12.8483,12.948
TIC_267489265,0.0,298.781336883605,54.7815345030468,0.122,17.209999084472656,9.384594,True,,False,267489265.0,267489265.0,9.2293,9.37825,9.38
TIC_267527924,0.0,114.050739812095,-48.063509768918,6.067,40810.0,11.098309,True,,False,267527924.0,267527924.0,10.1853,10.699,10.875
TIC_267561446,0.0,311.513252413634,56.8663389739006,0.0,0.0,13.491791,True,,False,267561446.0,267561446.0,12.5313,13.5048,14.182
TIC_267867517,0.0,312.456300508085,56.8965888357519,0.0,0.0,13.772774,True,,False,267867517.0,267867517.0,13.1802,13.7831,14.151
TIC_268042363,0.0,115.628946837105,-53.0371945914887,0.24,46.52000045776367,13.347903,True,,False,268042363.0,268042363.0,12.9858,13.3564,13.461
TIC_268371979,0.0,105.063073061094,-2.3474489021969,0.128,21.579999923706055,11.281243,True,,False,268371979.0,268371979.0,10.5153,11.2858,11.622
TIC_268405086,0.0,278.550203087554,86.5567662885029,0.325,132.8000030517578,12.498076,True,,False,268405086.0,268405086.0,11.6643,12.509,14.26
TIC_268439377,0.0,116.83595053631,-49.1224630054486,0.0,0.0,13.582948,True,,False,268439377.0,268439377.0,13.1591,13.5952,13.725
TIC_268727719,0.0,347.956540155292,65.2300883136589,0.0,0.0,14.424042,True,,False,268727719.0,268727719.0,13.3892,14.4404,15.18
TIC_268914377,0.0,118.049988951791,-48.4986214768524,0.499,5.926000118255615,17.310654,True,,False,268914377.0,268914377.0,15.8953,17.3296,
TIC_269238073,0.0,350.232476239259,62.1611439302535,0.316,141.8000030517578,10.094309,True,,False,269238073.0,269238073.0,9.68805,10.0906,10.154
TIC_269269740,0.0,299.872414159848,45.499597536743,0.105,11.75,12.954371,True,,False,269269740.0,269269740.0,12.5769,12.9648,13.012
TIC_269424395,0.0,350.369482962698,60.801227942956,0.527,446.0,11.351507,True,,False,269424395.0,269424395.0,10.9518,11.3551,11.505
TIC_269450900,0.0,292.1952865287,-36.0002596509529,0.168,19.1299991607666,7.437193,True,,False,269450900.0,269450900.0,7.3163,7.42065,7.46
TIC_269509393,0.0,350.373371379001,60.1755873907281,0.064,6.151000022888184,10.671167,True,,False,269509393.0,269509393.0,10.2866,10.6694,10.868
TIC_269892793,0.0,44.2928287922689,33.3126884894496,0.707,461.79998779296875,12.553239,True,,False,269892793.0,269892793.0,11.9056,12.5561,12.852
TIC_270238522,0.0,351.648460109348,64.3047216948328,0.236,38.099998474121094,7.769032,True,,False,270238522.0,270238522.0,7.5586,7.75453,7.82
TIC_270333769,0.0,351.880333518958,61.3925367920983,0.146,26.989999771118164,10.626982,True,,False,270333769.0,270333769.0,10.4887,10.6254,10.44
TIC_270841724,0.0,132.068716998393,-47.1147574842511,0.933,1011.0,12.69051,True,,False,270841724.0,270841724.0,10.441,13.058,16.161
TIC_271042173,0.0,294.487946332758,46.0021851914145,0.15,29.31999969482422,12.444732,True,,False,271042173.0,271042173.0,12.0482,12.4518,12.094
TIC_271167979,0.0,294.55791294247,47.7830369965234,0.0,2.1330000618416736e-15,13.692174,True,,False,271167979.0,271167979.0,13.0744,13.7051,13.888
TIC_271439193,0.0,354.138365804148,60.5262577462029,0.097,9.762999534606934,12.911012,True,,False,271439193.0,271439193.0,12.2996,12.9208,13.201
TIC_271581073,0.0,319.551142428111,-77.529089392083,0.087,13.15999984741211,10.976682,True,,False,271581073.0,271581073.0,10.5891,10.9768,11.254
TIC_271596418,0.0,108.567957016195,-74.9707865532536,0.072,7.6519999504089355,11.171494,True,,False,271596418.0,271596418.0,10.7109,11.1725,11.402
TIC_271722899,0.0,110.312471646263,-73.4532654848817,0.037,1.7130000591278076,12.046062,True,,False,271722899.0,271722899.0,11.191,12.0559,12.562
TIC_271900960,0.0,112.94193348372,-75.5274303725231,0.119,12.920000076293945,8.583672,True,,False,271900960.0,271900960.0,8.2606,8.57517,8.69
TIC_272049972,0.0,355.41664622473,62.9215157985071,26.308,753800.0,10.843678,True,,False,272049972.0,272049972.0,10.1914,10.5746,10.639
TIC_272050287,0.0,355.433621156087,63.018833962515,0.098,14.010000228881836,10.596434,True,,False,272050287.0,272050287.0,10.244,10.5964,10.644
TIC_272086159,0.0,115.003255175953,-72.2077391158699,,,,False,,False,272086159.0,272086159.0,13.4004,14.7205,16.39
TIC_27244707,0.0,65.6153731390106,46.5360960642888,0.094,5.138999938964844,13.820983,True,,False,27244707.0,27244707.0,13.1464,13.8252,14.1616
TIC_272625214,0.0,356.318427044826,62.1426962140168,0.054,3.890000104904175,10.789699,True,,False,272625214.0,272625214.0,10.4641,10.7884,10.931
TIC_272828463,0.0,356.588756523235,60.48703642162,0.118,18.420000076293945,9.667135,True,,False,272828463.0,272828463.0,9.42218,9.661,9.663
TIC_273774284,0.0,297.982428577365,42.7545349802743,0.0,0.0,13.817797,True,,False,273774284.0,273774284.0,13.4177,13.8299,13.98
TIC_274122380,0.0,298.455736430043,42.9672561445715,0.029,1.281999945640564,12.26694,True,,False,274122380.0,274122380.0,11.8225,12.2745,12.397
TIC_274138511,0.0,116.68705064332,6.44569978097047,0.12,27.420000076293945,10.952574,True,,False,274138511.0,274138511.0,10.4215,10.9476,11.054
TIC_274170255,0.0,316.446220131016,46.8451392680146,0.086,9.038999557495117,9.911306,True,,False,274170255.0,274170255.0,9.32845,9.90621,10.145
TIC_274599700,0.0,255.32853187181,51.529312555504,0.052,4.033999919891357,12.329276,True,,False,274599700.0,274599700.0,11.8831,12.3357,12.411
TIC_274662200,0.0,316.867085133064,46.8649513062235,0.112,15.770000457763672,12.058487,True,,False,274662200.0,274662200.0,10.9313,12.0687,13.152
TIC_274762761,0.0,301.347533178752,38.2308079772319,0.278,0.8715999722480774,18.167313,True,,False,274762761.0,274762761.0,13.5608,15.084,17.2
TIC_274942910,0.0,322.92557537584,41.796999955107,0.999,1.8140000104904175,19.225885,True,,False,274942910.0,274942910.0,9.9809,10.707,11.033
TIC_275111900,0.0,323.206888895459,39.0722324382513,24.472,568600.0,9.144018,True,,False,275111900.0,275111900.0,8.6746,8.78305,8.81
TIC_275248683,0.0,147.970648101446,2.11637962119675,0.122,13.109999656677246,12.628302,True,,False,275248683.0,275248683.0,11.4407,12.641,13.756
TIC_275384718,0.0,178.547349916027,-46.8969324759226,0.082,11.5600004196167,10.593429,True,,False,275384718.0,275384718.0,10.2372,10.5916,10.625
TIC_275501623,0.0,320.116067590709,61.1202332587895,0.185,31.100000381469727,8.647454,True,,False,275501623.0,275501623.0,8.63701,8.63618,8.65
TIC_276380902,0.0,308.065765816156,58.3289120120211,0.254,78.08999633789062,10.466911,True,,False,276380902.0,276380902.0,10.3202,10.4645,10.48
TIC_27677846,0.0,66.370507735897,46.3658609177384,0.131,26.510000228881836,10.080694,True,,False,27677846.0,27677846.0,9.5668,10.0763,10.286
TIC_277014266,0.0,306.425922377762,53.5616323515517,0.115,18.510000228881836,11.012687,True,,False,277014266.0,277014266.0,10.6168,11.013,11.044
TIC_277103955,0.0,84.2545381214583,-66.7914260082422,0.042,1.8220000267028809,9.944897,True,,False,277103955.0,277103955.0,9.2927,9.93538,10.338
TIC_277871306,0.0,156.922428964469,0.501133410493565,0.086,7.598999977111816,10.591574,True,,False,277871306.0,277871306.0,10.1483,10.5907,10.597
TIC_277987172,0.0,302.761785838818,19.7067899532758,0.066,5.164000034332275,12.82628,True,,False,277987172.0,277987172.0,12.4276,12.8385,12.942
TIC_278199349,0.0,110.890425004523,-79.504166857761,0.069,7.123000144958496,12.300075,True,,False,278199349.0,278199349.0,11.499,12.3088,12.657
TIC_27844066,0.0,296.414376005871,51.1619981617368,3.219,10920.0,12.910633,True,,False,27844066.0,27844066.0,12.5299,12.9064,13.023
TIC_278726770,0.0,99.4119240343023,-57.0873344148339,0.074,7.760000228881836,10.813923,True,,False,278726770.0,278726770.0,10.1032,10.8144,11.062
TIC_278866211,0.0,100.807894276432,-55.2445538958194,0.07,6.691999912261963,10.656095,True,,False,278866211.0,278866211.0,10.2638,10.6511,10.741
TIC_278968371,0.0,290.079046319634,21.3714811605697,0.0,0.0,13.027292,True,,False,278968371.0,278968371.0,12.4162,13.0398,13.291
TIC_279177746,0.0,313.885159541286,46.5020713381857,0.108,14.6899995803833,10.261442,True,,False,279177746.0,279177746.0,10.1503,10.2587,10.246
TIC_279212407,0.0,25.6901823040487,65.895821555253,0.068,7.113999843597412,10.396936,True,,False,279212407.0,279212407.0,9.98272,10.3938,10.535
TIC_279251651,0.0,104.155226017859,-59.1832644919638,,,,False,,False,279251651.0,279251651.0,10.5886,11.6112,12.411
TIC_279605855,0.0,346.577972932014,71.2133203338705,0.0,2.0700000805655037e-15,13.640065,True,,False,279605855.0,279605855.0,13.1947,13.6513,13.835
TIC_279740441,0.0,51.5046869866776,-64.5485817629869,0.093,13.470000267028809,12.2168,True,,False,279740441.0,279740441.0,11.481,12.2246,12.569
TIC_279982557,0.0,297.394087222739,66.2939003589034,0.425,265.20001220703125,12.193592,True,,False,279982557.0,279982557.0,11.6685,12.2029,12.391
TIC_279989567,0.0,100.564750709759,-4.94988916880418,6.587,44110.0,12.20633,True,,False,279989567.0,279989567.0,11.4746,12.0918,12.306
TIC_279999655,0.0,114.012461322837,4.71511041203453,0.22,53.5,10.745677,True,,False,279999655.0,279999655.0,10.649,10.7435,10.847
TIC_280212554,0.0,100.8737818077,-1.87126969884931,0.067,3.0859999656677246,13.573658,True,,False,280212554.0,280212554.0,13.3574,13.5877,13.712
TIC_281979481,0.0,130.504699263504,-75.8015182650528,0.086,13.5600004196167,11.046577,True,,False,281979481.0,281979481.0,10.4929,11.0459,11.214
TIC_282498590,0.0,90.0997716111419,5.11449337484102,0.047,2.634000062942505,12.177884,True,,False,282498590.0,282498590.0,11.6749,12.1847,12.345
TIC_283015592,0.0,0.974659687603806,64.7763289622696,0.067,4.4770002365112305,13.015955,True,,False,283015592.0,283015592.0,12.5696,13.0285,13.207
TIC_284050395,0.0,8.98870094483941,65.0261782872435,0.178,41.27000045776367,10.251975,True,,False,284050395.0,284050395.0,9.74734,10.2468,10.393
TIC_284288080,0.0,106.649802114685,-53.5464178660145,0.135,24.75,11.228389,True,,False,284288080.0,284288080.0,10.8457,11.2297,11.393
TIC_284305328,0.0,9.17087332420652,65.9374947091292,0.0,0.0,13.487028,True,,False,284305328.0,284305328.0,12.6967,13.5004,13.93
TIC_284450803,0.0,290.70891245719,56.6154473137021,0.23,52.83000183105469,8.842296,True,,False,284450803.0,284450803.0,8.64028,8.82839,8.812
TIC_284528889,0.0,9.94519548091968,62.3933946873938,0.035,1.7990000247955322,12.200638,True,,False,284528889.0,284528889.0,11.6437,12.2099,12.068
TIC_284564230,0.0,291.523894439744,58.510083184476,0.077,8.604999542236328,10.541669,True,,False,284564230.0,284564230.0,10.2182,10.5398,10.491
TIC_284747017,0.0,78.0400455496301,34.7504028781731,0.054,5.067999839782715,12.42969,True,,False,284747017.0,284747017.0,11.7603,12.4433,12.677
TIC_285233023,0.0,12.4711023357541,60.9460709552391,0.13,21.020000457763672,12.932668,True,,False,285233023.0,285233023.0,12.4487,12.9448,13.082
TIC_285524410,0.0,119.998180121989,-42.9292512571966,0.0,0.0,18.776012,True,,False,285524410.0,285524410.0,18.4169,18.6105,11.716
TIC_285542903,0.0,13.2700245750259,60.618116393164,0.114,18.899999618530273,9.97992,True,,False,285542903.0,285542903.0,9.8722,9.97529,10.026
TIC_285666479,0.0,43.6106754376717,52.0710475286186,0.131,41.43000030517578,10.882032,True,,False,285666479.0,285666479.0,10.424,10.8806,11.077
TIC_285674856,0.0,53.1962904150949,51.8845657413967,0.572,421.29998779296875,9.678059,True,,False,285674856.0,285674856.0,9.4883,9.67174,9.737
TIC_285677945,0.0,53.0989729945777,50.4990306894338,0.08,9.597000122070312,10.688502,True,,False,285677945.0,285677945.0,10.2353,10.6871,10.763
TIC_286355915,0.0,37.8932605495548,34.3689159365208,0.137,26.6200008392334,11.011709,True,,False,286355915.0,286355915.0,10.6479,11.0105,11.094
TIC_28643432,0.0,282.699921709568,34.4947877409405,0.039,2.2780001163482666,12.09104,True,,False,28643432.0,28643432.0,11.649,12.0993,11.995
TIC_286561122,0.0,65.8762440795033,35.49516392675,0.107,14.170000076293945,10.803208,True,,False,286561122.0,286561122.0,10.2674,10.8012,11.345
TIC_287190564,0.0,292.505181165192,54.1085105017175,0.386,189.39999389648438,10.69775,True,,False,287190564.0,287190564.0,10.6229,10.6966,10.669
TIC_287329267,0.0,109.783582492625,-59.3020745975438,0.136,22.06999969482422,10.411534,True,,False,287329267.0,287329267.0,9.9959,10.4097,10.523
TIC_287474726,0.0,127.12809647693,-28.3592660456869,0.203,77.22000122070312,9.382271,True,,False,287474726.0,287474726.0,9.3994,9.37654,9.422
TIC_288185138,0.0,222.842563514088,82.9521365796537,0.215,54.33000183105469,10.821964,True,,False,288185138.0,288185138.0,10.402,10.8072,10.911
TIC_288391628,0.0,266.962183495169,83.4286754620552,0.602,405.0,8.756016,True,,False,288391628.0,288391628.0,8.36544,8.73673,8.86
TIC_288471040,0.0,271.49310303792,78.0491709259627,0.104,13.609999656677246,10.970231,True,,False,288471040.0,288471040.0,10.5893,10.97,11.018
TIC_28873762,0.0,49.7923163615435,27.2633464259082,0.237,25.219999313354492,13.848535,True,,False,28873762.0,28873762.0,13.3483,13.8484,14.071
TIC_289125016,0.0,314.494494490505,19.2788352858803,0.093,11.75,11.840891,True,,False,289125016.0,289125016.0,11.429,11.8485,11.943
TIC_289316336,0.0,277.979230388278,39.6693869180347,0.076,9.17300033569336,11.662208,True,,False,289316336.0,289316336.0,11.2834,11.6666,12.014
TIC_289539327,0.0,251.633706547,65.7149008137032,0.13,23.479999542236328,10.318916,True,,False,289539327.0,289539327.0,9.92402,10.3187,10.605
TIC_289988797,0.0,192.133423725304,-13.6532777089614,0.086,8.897000312805176,10.500673,True,,False,289988797.0,289988797.0,10.0415,10.4943,10.824
TIC_290302097,0.0,136.336046868016,-62.9668792617423,0.0,0.0,13.327395,True,,False,290302097.0,290302097.0,12.7858,13.3404,13.571
TIC_291147951,0.0,310.121351499186,25.3369464839949,0.0,0.0,13.849218,True,,False,291147951.0,291147951.0,13.3888,13.8613,13.932
TIC_29117085,0.0,118.426785639559,46.4720033738959,0.101,14.520000457763672,11.710159,True,,False,29117085.0,29117085.0,11.2119,11.7123,11.873
TIC_291555748,0.0,111.716073132162,-50.2666171927204,0.07,8.170999526977539,11.096068,True,,False,291555748.0,291555748.0,10.6254,11.0945,11.12
TIC_292321872,0.0,31.902207866863,45.5001720633393,0.067,4.7179999351501465,10.808712,True,,False,292321872.0,292321872.0,10.4562,10.8069,10.855
TIC_293075732,0.0,254.242210176151,-68.7097568204461,0.0,0.0,13.267287,True,,False,293075732.0,293075732.0,12.7726,13.2793,13.417
TIC_29336129,0.0,132.871697476154,-47.739211710903,0.098,9.557000160217285,12.964015,True,,False,29336129.0,29336129.0,12.5246,12.9747,13.195
TIC_293527670,0.0,352.192155643054,-76.6367363763768,0.059,4.754000186920166,10.838493,True,,False,293527670.0,293527670.0,10.3338,10.8377,11.216
TIC_293567206,0.0,145.801943227453,87.8688347325381,0.094,12.460000038146973,10.934847,True,,False,293567206.0,293567206.0,10.4929,10.9346,11.124
TIC_293708935,0.0,222.334901372966,-60.079883945964,0.063,7.296999931335449,9.018061,True,,False,293708935.0,293708935.0,8.5941,9.0087,9.18
TIC_29374525,0.0,86.3007394834299,18.4616384532755,0.062,6.453000068664551,12.466905,True,,False,29374525.0,29374525.0,11.8338,12.4772,12.659
TIC_294090620,0.0,130.396036073076,-22.1943263114806,0.219,40.439998626708984,7.798528,True,,False,294090620.0,294090620.0,7.81307,7.78543,7.8
TIC_294173437,0.0,300.768901620924,50.5077679050637,0.083,6.706999778747559,12.99842,True,,False,294173437.0,294173437.0,12.5454,13.0103,13.067
TIC_294176967,0.0,300.805155134738,52.0408651805036,0.293,114.19999694824219,10.51969,True,,False,294176967.0,294176967.0,10.349,10.5181,10.461
TIC_294179389,0.0,300.838570383818,53.295682205487,0.785,825.0999755859375,11.001137,True,,False,294179389.0,294179389.0,10.5742,11.0013,11.16
TIC_294283951,0.0,301.752487151584,50.3480134258127,0.129,23.809999465942383,11.833029,True,,False,294283951.0,294283951.0,11.7056,11.8408,11.449
TIC_294315741,0.0,93.0959005548513,12.838603408984,0.0,1.5239999957874215e-15,13.589296,True,,False,294315741.0,294315741.0,13.3162,13.6019,13.672
TIC_294500964,0.0,122.228181863014,12.2076881729238,0.147,33.4900016784668,11.239135,True,,False,294500964.0,294500964.0,10.7757,11.24,11.373
TIC_294599100,0.0,302.284223543833,49.1549264070545,0.053,2.755000114440918,13.137087,True,,False,294599100.0,294599100.0,12.6275,13.1444,13.34
TIC_294780517,0.0,71.2458494234916,-67.9811346193747,0.085,8.013999938964844,12.302205,True,,False,294780517.0,294780517.0,11.7345,12.3064,12.489
TIC_294869729,0.0,71.7991873962309,-68.9856723247407,0.53,240.0,11.901573,True,,False,294869729.0,294869729.0,11.2716,11.9062,12.14
TIC_295354126,0.0,223.152007239478,-61.5686429627049,0.218,39.09000015258789,8.16923,True,,False,295354126.0,295354126.0,8.1773,8.15734,8.19
TIC_295413003,0.0,303.36905727654,53.2768847484637,0.436,150.5,13.576159,True,,False,295413003.0,295413003.0,12.9875,13.5857,13.697
TIC_295599256,0.0,274.221544316241,-68.1977192072362,0.153,57.040000915527344,10.093844,True,,False,295599256.0,295599256.0,9.941,10.0889,10.062
TIC_295807723,0.0,304.045453723874,48.8763060031873,0.054,1.7300000190734863,13.916827,True,,False,295807723.0,295807723.0,13.4161,13.9284,14.062
TIC_296898634,0.0,312.075231129469,47.9306112067395,0.0,0.0,15.222001,True,,False,296898634.0,296898634.0,14.1736,15.241,16.04
TIC_297153209,0.0,312.029849205767,43.9387107136431,0.102,13.210000038146973,9.70772,True,,False,297153209.0,297153209.0,9.41809,9.70214,9.708
TIC_297967252,0.0,142.521291349349,-51.5171617094947,0.529,331.5,5.427502,True,,False,297967252.0,297967252.0,5.5324,5.43059,5.45
TIC_298049015,0.0,185.336380136989,81.6476687912459,0.394,15.619999885559082,15.957549,True,,False,298049015.0,298049015.0,14.9652,15.977,16.082
TIC_298495970,0.0,261.717928545154,25.8493190315745,0.139,36.11000061035156,11.148802,True,,False,298495970.0,298495970.0,10.7033,11.1496,11.331
TIC_298666530,0.0,278.399814796081,58.2049447852816,0.227,0.3138999938964844,18.633993,True,,False,298666530.0,298666530.0,18.3324,18.655,18.7415
TIC_29959761,0.0,42.2611726639902,-16.5580210546825,0.079,8.321999549865723,12.363511,True,,False,29959761.0,29959761.0,11.8012,12.372,12.632
TIC_29960109,0.0,42.2492904652083,-14.5378417949533,0.163,42.529998779296875,12.370983,True,,False,29960109.0,29960109.0,11.2003,12.385,12.659
TIC_299876474,0.0,244.021619489262,-60.0380114704271,0.0,0.0,15.416593,True,,False,299876474.0,299876474.0,14.4757,15.4352,15.827
TIC_300011941,0.0,106.913374068952,-66.4066239292311,0.478,312.8999938964844,10.942516,True,,False,300011941.0,300011941.0,10.5385,10.9443,11.128
TIC_300013921,0.0,107.133956378408,-68.3688873704801,0.126,24.670000076293945,11.371122,True,,False,300013921.0,300013921.0,10.8578,11.373,11.448
TIC_300557619,0.0,112.599541486646,-71.5956266317842,0.279,114.5,11.833015,True,,False,300557619.0,300557619.0,11.4124,11.8373,11.741
TIC_300599466,0.0,113.047629861533,-68.0122918819868,0.064,6.4029998779296875,11.97851,True,,False,300599466.0,300599466.0,11.3377,11.9829,12.201
TIC_300810086,0.0,116.814122238378,-69.0307001919633,1.012,991.4000244140625,9.644412,True,,False,300810086.0,300810086.0,9.0567,9.63736,9.917
TIC_300871545,0.0,117.657590260861,-70.5336038980861,0.095,12.550000190734863,10.384849,True,,False,300871545.0,300871545.0,10.0433,10.3833,10.405
TIC_301051430,0.0,50.0361818266079,-45.0619025860882,0.118,23.920000076293945,11.417875,True,,False,301051430.0,301051430.0,11.0264,11.4223,11.742
TIC_302659412,0.0,134.966613187832,-67.9555318249372,0.075,7.732999801635742,9.907261,True,,False,302659412.0,302659412.0,9.4845,9.90241,9.992
TIC_302766000,0.0,82.8784812637608,15.7713610318702,0.086,10.210000038146973,12.972571,True,,False,302766000.0,302766000.0,12.428,12.9845,13.246
TIC_302814895,0.0,293.330882820106,29.2999123805327,0.463,283.70001220703125,10.294836,True,,False,302814895.0,302814895.0,9.96017,10.2914,10.3
TIC_302895996,0.0,83.1166264831441,15.5561074593753,3.53,4535.0,14.937962,True,,False,302895996.0,302895996.0,13.8097,14.842,15.94
TIC_303055194,0.0,330.671125336772,11.9911068482228,0.146,25.899999618530273,10.143707,True,,False,303055194.0,303055194.0,9.78095,10.1397,10.318
TIC_30312676,0.0,74.2867684629208,-66.3903335287963,0.163,31.93000030517578,11.351287,True,,False,30312676.0,30312676.0,11.3029,11.3453,11.491
TIC_30329585,0.0,289.238736848565,31.323769293529,0.199,52.11000061035156,10.591785,True,,False,30329585.0,30329585.0,10.2026,10.5897,10.645
TIC_303364023,0.0,138.384858998098,-69.3052784385057,0.089,3.115000009536743,14.28528,True,,False,303364023.0,303364023.0,13.0055,14.3115,15.771
TIC_303867090,0.0,140.219732413346,-69.7916772606943,4.511,19330.0,13.18721,True,,False,303867090.0,303867090.0,12.4092,12.9421,13.071
TIC_303883880,0.0,177.688792595999,-62.7526522299736,0.132,12.529999732971191,13.446711,True,,False,303883880.0,303883880.0,13.3733,13.4624,13.512
TIC_304021498,0.0,140.884153582237,-67.0260188045904,0.092,11.65999984741211,10.081306,True,,False,304021498.0,304021498.0,9.7318,10.0754,10.309
TIC_304025075,0.0,140.738402397444,-68.8315745688296,0.172,16.520000457763672,14.007745,True,,False,304025075.0,304025075.0,13.417,14.0101,13.978
TIC_304042899,0.0,164.800183853393,-59.2340546066655,1.06,1197.0,9.835847,True,,False,304042899.0,304042899.0,9.5369,9.83106,9.873
TIC_304774444,0.0,281.369451666297,-52.2628204139392,8.89,76270.0,11.110338,True,,False,304774444.0,304774444.0,10.2934,10.6607,10.811
TIC_304950588,0.0,178.357142478652,-61.0977343605282,0.0,0.0,13.499777,True,,False,304950588.0,304950588.0,13.2566,13.5105,13.674
TIC_305478010,0.0,330.270570548146,38.5299173511863,0.0,0.0,14.266053,True,,False,305478010.0,305478010.0,13.2966,14.2809,15.31
TIC_305550963,0.0,315.264125886126,63.4243264101462,0.51,153.3000030517578,13.902709,True,,False,305550963.0,305550963.0,13.2445,13.907,14.234
TIC_305943739,0.0,295.468267930186,23.3779903629503,0.173,37.869998931884766,8.394667,True,,False,305943739.0,305943739.0,7.948,8.38528,8.56
TIC_306547699,0.0,179.457896814319,-62.3275490584134,0.181,11.859999656677246,14.479431,True,,False,306547699.0,306547699.0,13.1235,14.5072,16.514
TIC_306902029,0.0,98.0393891203356,17.3805669829433,0.098,12.359999656677246,10.86846,True,,False,306902029.0,306902029.0,10.4406,10.8681,11.268
TIC_307111282,0.0,14.6395381742505,50.9362061508908,0.156,35.439998626708984,10.766704,True,,False,307111282.0,307111282.0,10.2978,10.7644,11.114
TIC_307377219,0.0,98.8377223809655,14.4903218100305,0.109,11.069999694824219,12.906033,True,,False,307377219.0,307377219.0,12.4151,12.9146,13.047
TIC_307734817,0.0,171.597125764657,28.0565488346533,0.076,6.909999847412109,12.004185,True,,False,307734817.0,307734817.0,11.6735,12.0103,12.127
TIC_307956396,0.0,256.664501350063,63.7784775124589,0.05,1.3489999771118164,13.963939,True,,False,307956396.0,307956396.0,13.2653,13.9752,14.3575
TIC_308034948,0.0,180.325760409333,-60.2004328333187,0.079,6.86299991607666,9.406244,True,,False,308034948.0,308034948.0,8.6014,9.39965,9.875
TIC_308050066,0.0,155.436021375572,-17.2243916113428,0.113,13.680000305175781,10.270055,True,,False,308050066.0,308050066.0,9.99028,10.2649,10.238
TIC_308307606,0.0,120.19996219302,-60.8656819942078,0.0,0.0,13.797505,True,,False,308307606.0,308307606.0,13.2361,13.8038,14.03
TIC_308425348,0.0,167.582899682256,-58.9830034696115,0.166,26.8799991607666,12.673293,True,,False,308425348.0,308425348.0,12.2876,12.6831,12.73
TIC_308919449,0.0,122.618220317231,-65.8523450134815,0.207,55.45000076293945,10.259359,True,,False,308919449.0,308919449.0,9.8146,10.2588,10.557
TIC_309257814,0.0,124.269557113783,-63.2134863916585,0.382,217.0,12.242937,True,,False,309257814.0,309257814.0,11.6626,12.2451,12.145
TIC_309402106,0.0,124.748837421064,-65.2781441063646,0.271,86.86000061035156,8.711483,True,,False,309402106.0,309402106.0,8.4884,8.70121,8.749
TIC_309436531,0.0,138.805676095881,-79.7743740524645,0.164,34.369998931884766,12.784133,True,,False,309436531.0,309436531.0,12.3297,12.7841,12.973
TIC_309787037,0.0,126.419482028386,-60.9074711697914,0.098,12.100000381469727,10.341646,True,,False,309787037.0,309787037.0,10.0119,10.3376,10.327
TIC_310267134,0.0,251.382637976854,-76.937695524522,0.035,0.7461000084877014,14.070767,True,,False,310267134.0,310267134.0,13.5252,14.083,14.258
TIC_310483807,0.0,128.614315846209,-61.4882910887763,0.416,121.69999694824219,8.439852,True,,False,310483807.0,310483807.0,8.3854,8.4278,8.44
TIC_311121985,0.0,85.5811066446685,49.5137556318432,0.064,5.36299991607666,9.37528,True,,False,311121985.0,311121985.0,9.00007,9.36772,9.505
TIC_31114545,0.0,80.8960146426011,-24.1212954472047,0.074,11.569999694824219,10.763194,True,,False,31114545.0,31114545.0,10.3598,10.761,10.911
TIC_311183180,0.0,55.0315008726919,5.87457852235374,1.477,2151.0,9.758892,True,,False,311183180.0,311183180.0,9.1073,9.71531,10.0
TIC_311890977,0.0,263.003839417519,-76.8578344690809,0.126,31.969999313354492,11.392571,True,,False,311890977.0,311890977.0,10.5652,11.3986,11.976
TIC_312122956,0.0,88.4759611726667,30.4460595995206,0.31,137.0,10.225758,True,,False,312122956.0,312122956.0,10.1283,10.1964,10.208
TIC_312221462,0.0,88.3961731643223,33.2323819425369,0.13,22.940000534057617,10.544024,True,,False,312221462.0,312221462.0,10.3703,10.5406,10.709
TIC_312259170,0.0,11.0427713558376,59.4645016192514,0.128,25.950000762939453,10.522157,True,,False,312259170.0,312259170.0,10.4049,10.5213,10.527
TIC_312469860,0.0,12.881302986044,55.7110292146208,1.012,1612.0,10.538388,True,,False,312469860.0,312469860.0,9.9475,10.3244,10.444
TIC_312548415,0.0,12.8553024570008,59.4099173871105,0.0,0.0,13.29596,True,,False,312548415.0,312548415.0,12.9165,13.307,13.493
TIC_31268146,0.0,88.0714696123333,-70.9201313583639,0.056,2.6659998893737793,10.516191,True,,False,31268146.0,31268146.0,10.1302,10.5144,10.695
TIC_312899686,0.0,308.105326719339,35.8736264730554,0.0,0.0,13.214052,True,,False,312899686.0,312899686.0,12.7821,13.2285,13.344
TIC_313506357,0.0,347.757262335906,45.9336896123119,0.065,7.40500020980835,9.947052,True,,False,313506357.0,313506357.0,9.5621,9.94181,10.091
TIC_313675203,0.0,202.166557672444,-61.8345559069559,0.079,8.73799991607666,9.96806,True,,False,313675203.0,313675203.0,9.462,9.96247,10.157
TIC_313761775,0.0,318.347819814576,56.9438147625063,0.06,4.840000152587891,10.086597,True,,False,313761775.0,313761775.0,9.69381,10.0837,10.253
TIC_313891529,0.0,0.314970587595538,-28.4932173317833,0.153,32.65999984741211,10.639678,True,,False,313891529.0,313891529.0,10.2845,10.6379,10.812
TIC_314338017,0.0,319.144994405887,58.7728296390022,0.103,14.930000305175781,9.441001,True,,False,314338017.0,314338017.0,9.1325,9.43385,9.519
TIC_314724818,0.0,202.652125148472,-61.2180116342927,0.15,31.559999465942383,10.108454,True,,False,314724818.0,314724818.0,10.0199,10.1037,10.178
TIC_315755496,0.0,310.331527389277,82.4352660916304,0.1,14.449999809265137,11.185025,True,,False,315755496.0,315755496.0,10.5008,11.1879,11.581
TIC_316254876,0.0,51.9886684893579,54.8656863089848,0.089,12.979999542236328,10.863711,True,,False,316254876.0,316254876.0,10.3775,10.8626,11.041
TIC_316402246,0.0,321.973388718904,54.5197450689042,0.173,39.25,9.920737,True,,False,316402246.0,316402246.0,9.6788,9.9165,9.95
TIC_31656385,0.0,46.6595197819675,-66.0079828913348,0.077,8.055999755859375,12.421723,True,,False,31656385.0,31656385.0,11.9961,12.4281,12.547
TIC_316916655,0.0,74.4728292047415,-13.7036997579756,0.09,13.149999618530273,9.490891,True,,False,316916655.0,316916655.0,9.19901,9.48393,9.529
TIC_316937670,0.0,356.49036861439,-56.3446719329332,0.05,2.7119998931884766,13.31811,True,,False,316937670.0,316937670.0,12.1535,13.3363,13.82
TIC_31697707,0.0,289.140222843244,-34.7815779187741,0.053,2.9189999103546143,11.845012,True,,False,31697707.0,31697707.0,11.3612,11.8506,11.773
TIC_317397615,0.0,349.796419600302,75.0179442826832,0.07,7.776000022888184,10.912004,True,,False,317397615.0,317397615.0,10.2351,10.9102,11.12
TIC_317507345,0.0,351.174465070117,77.6271015990238,0.33,150.1999969482422,9.912401,True,,False,317507345.0,317507345.0,9.68708,9.90847,9.975
TIC_317951248,0.0,110.811433662911,5.56288020914359,1.002,1185.0,10.710634,True,,False,317951248.0,317951248.0,10.0781,10.7068,11.249
TIC_318209162,0.0,142.378707140539,50.9646476355629,0.165,48.720001220703125,11.150393,True,,False,318209162.0,318209162.0,10.5295,11.1512,11.445
TIC_31858844,0.0,289.478541051994,-32.8613271128989,0.414,5.583000183105469,16.548002,True,,False,31858844.0,31858844.0,15.7114,16.5551,17.1348
TIC_318608749,0.0,9.12614642286777,-83.5670716924338,0.083,7.982999801635742,10.959347,True,,False,318608749.0,318608749.0,10.5135,10.9582,11.049
TIC_318746829,0.0,349.718636820013,56.0086126909871,0.334,131.3000030517578,11.905427,True,,False,318746829.0,318746829.0,10.4234,11.9238,14.105
TIC_319068154,0.0,350.108866588534,55.524123797644,6.648,57930.0,9.855143,True,,False,319068154.0,319068154.0,9.7436,9.82381,9.882
TIC_319735319,0.0,99.6784473243505,2.43105521716709,0.099,10.1899995803833,12.8722,True,,False,319735319.0,319735319.0,12.4889,12.8811,12.979
TIC_319968129,0.0,95.3059626158305,20.8784997804533,0.083,7.651000022888184,10.773135,True,,False,319968129.0,319968129.0,10.3879,10.7725,10.967
TIC_320506985,0.0,8.16343300481806,54.6546004238667,0.138,40.65999984741211,10.957942,True,,False,320506985.0,320506985.0,10.4925,10.9546,11.333
TIC_320525204,0.0,264.961576963016,56.0789162515969,0.254,91.48999786376953,9.295163,True,,False,320525204.0,320525204.0,8.88797,9.28749,9.434
TIC_320536216,0.0,120.105458965063,10.3438781304272,0.142,28.510000228881836,10.303771,True,,False,320536216.0,320536216.0,10.1796,10.3004,10.256
TIC_321436679,0.0,83.1406479012501,57.6231076438858,0.0,0.0,13.277946,True,,False,321436679.0,321436679.0,12.6396,13.2893,13.618
TIC_322202434,0.0,325.32443350821,68.8070765906478,0.042,2.4079999923706055,10.745852,True,,False,322202434.0,322202434.0,10.2505,10.745,10.912
TIC_32283946,0.0,24.1726405043659,-31.6708048914868,0.171,54.209999084472656,12.174661,True,,False,32283946.0,32283946.0,11.7582,12.1853,12.476
TIC_322862882,0.0,218.476388628399,-24.6527402632762,0.278,25.739999771118164,14.317647,True,,False,322862882.0,322862882.0,13.5427,14.3346,14.722
TIC_323658120,0.0,137.037568788631,10.6369518875164,0.206,66.91999816894531,11.225379,True,,False,323658120.0,323658120.0,10.7717,11.2236,11.365
TIC_324395151,0.0,176.86640903388,-64.8829755532166,0.151,31.729999542236328,10.304688,True,,False,324395151.0,324395151.0,10.2581,10.3028,10.473
TIC_325172035,0.0,177.494920692919,-63.9490759665284,0.172,32.540000915527344,9.621643,True,,False,325172035.0,325172035.0,8.2376,9.60653,9.687
TIC_325680697,0.0,36.8533730811214,-12.0389434407674,0.147,27.799999237060547,9.557627,True,,False,325680697.0,325680697.0,9.15779,9.5525,9.581
TIC_326114850,0.0,331.569624469534,52.7019365196139,0.106,13.739999771118164,10.369481,True,,False,326114850.0,326114850.0,9.98645,10.3692,10.581
TIC_326347927,0.0,303.964012723449,21.8993731206305,0.04,2.6449999809265137,12.569412,True,,False,326347927.0,326347927.0,11.9625,12.5905,12.781
TIC_326470400,0.0,210.097751314565,-61.7413012695731,0.089,12.260000228881836,10.304281,True,,False,326470400.0,326470400.0,9.8447,10.301,10.54
TIC_326732851,0.0,359.678269310648,62.6259385384545,0.163,44.13999938964844,11.249694,True,,False,326732851.0,326732851.0,10.5365,11.251,11.462
TIC_326919774,0.0,22.973008546316,46.3998453595202,0.183,24.479999542236328,8.245685,True,,False,326919774.0,326919774.0,8.19,8.23276,8.25
TIC_327011842,0.0,23.4667796031949,45.0103238649817,0.113,16.25,10.394252,True,,False,327011842.0,327011842.0,9.7828,10.3898,10.746
TIC_327017634,0.0,210.427314177679,-63.8526639222062,0.147,28.600000381469727,9.338038,True,,False,327017634.0,327017634.0,8.386,9.33453,9.995
TIC_327210623,0.0,270.656991413047,-37.4401734065124,0.119,5.409999847412109,13.994647,True,,False,327210623.0,327210623.0,12.6827,14.0253,16.0
TIC_327577308,0.0,4.74630852497448,56.367028664475,0.154,42.27000045776367,11.334396,True,,False,327577308.0,327577308.0,10.636,11.3285,11.918
TIC_327663613,0.0,189.810269322436,-69.5420031786899,0.228,46.560001373291016,8.424763,True,,False,327663613.0,327663613.0,8.4215,8.4134,8.43
TIC_328167090,0.0,331.663480194839,55.6862952974067,0.051,3.499000072479248,10.536935,True,,False,328167090.0,328167090.0,10.0009,10.5343,10.675
TIC_32830028,0.0,86.7521702126172,-24.8422179752869,0.094,1.6180000305175781,15.581667,True,,False,32830028.0,32830028.0,14.2321,15.6092,17.6
TIC_328750515,0.0,332.287068306651,57.9389440529489,0.096,12.039999961853027,11.088489,True,,False,328750515.0,328750515.0,10.7387,11.0893,11.252
TIC_329145325,0.0,332.712691611137,59.6505933306922,0.07,6.235000133514404,10.688534,True,,False,329145325.0,329145325.0,10.4089,10.6864,10.721
TIC_329277372,0.0,332.630359354828,57.2823281652985,4.217,23810.0,11.156301,True,,False,329277372.0,329277372.0,10.5998,10.9987,11.1209
TIC_329709756,0.0,314.751922646384,47.5418188878525,0.025,0.12950000166893005,15.24552,True,,False,329709756.0,329709756.0,14.3196,15.2625,15.636
TIC_329864959,0.0,333.244967,53.984528,78.729,6570000.0,9.020963,True,,False,329864959.0,329864959.0,8.437,,8.54
TIC_330332501,0.0,315.110421332824,46.0605483420648,0.099,11.949999809265137,10.718631,True,,False,330332501.0,330332501.0,10.3599,10.7177,10.872
TIC_330468175,0.0,315.166184425348,47.7859904682691,0.253,86.3499984741211,10.142582,True,,False,330468175.0,330468175.0,10.0146,10.1395,10.144
TIC_33091633,0.0,104.875947063182,-4.81216959664422,1.434,2393.0,10.701201,True,,False,33091633.0,33091633.0,10.2763,10.6562,10.563
TIC_331034236,0.0,326.091793816103,58.5516818083159,0.099,12.90999984741211,9.643754,True,,False,331034236.0,331034236.0,9.27116,9.63807,9.772
TIC_331484419,0.0,310.911763521267,19.7279758060976,0.499,250.6999969482422,8.13462,True,,False,331484419.0,331484419.0,7.74689,8.12203,7.85
TIC_33153766,0.0,144.773750102839,-45.4262091173951,0.076,7.585999965667725,8.986851,True,,False,33153766.0,33153766.0,8.5234,8.9782,9.12
TIC_332154944,0.0,19.2781305113246,57.5143414960833,0.111,25.59000015258789,9.996298,True,,False,332154944.0,332154944.0,9.60027,9.99171,10.156
TIC_332630868,0.0,136.943623221818,-17.0509938117284,1.234,1768.0,12.834094,True,,False,332630868.0,332630868.0,12.3805,12.8406,13.033
TIC_332660287,0.0,63.1501988389345,-12.3175948850451,0.0,0.0,13.058251,True,,False,332660287.0,332660287.0,12.483,13.0694,13.289
TIC_333821572,0.0,116.274909111165,-17.1751119029455,0.133,29.43000030517578,10.540939,True,,False,333821572.0,333821572.0,10.4337,10.5393,10.497
TIC_334597566,0.0,331.313468951554,64.0981431874583,1.215,1767.0,12.607493,True,,False,334597566.0,334597566.0,12.0471,12.5979,12.787
TIC_334911765,0.0,213.978986711339,-62.9066256424196,0.911,1506.0,10.956746,True,,False,334911765.0,334911765.0,10.4877,10.9504,11.214
TIC_335483600,0.0,332.613640806413,63.5505617299023,2.593,6901.0,8.858353,True,,False,335483600.0,335483600.0,8.7514,8.84409,8.893
TIC_335489455,0.0,332.63378967586,61.8295042091088,0.0,0.0,13.052668,True,,False,335489455.0,335489455.0,12.5455,13.064,13.265
TIC_335996558,0.0,333.331858342654,62.8573797080284,0.582,455.5,10.923824,True,,False,335996558.0,335996558.0,10.5027,10.9226,10.979
TIC_336267424,0.0,281.661892224036,41.5600525413348,0.431,211.1999969482422,12.869854,True,,False,336267424.0,336267424.0,12.5466,12.8694,12.927
TIC_336456596,0.0,334.434391826832,62.4650036557965,0.155,38.790000915527344,11.208795,True,,False,336456596.0,336456596.0,10.9141,11.2115,11.254
TIC_33690636,0.0,93.1223519726476,-16.791932550199,0.136,34.119998931884766,11.744801,True,,False,33690636.0,33690636.0,11.0427,11.7496,12.088
TIC_337129672,0.0,33.6297156335956,8.08013685165808,0.129,19.790000915527344,11.324977,True,,False,337129672.0,337129672.0,10.6029,11.3298,11.655
TIC_337274055,0.0,269.063526486529,-57.1006273080537,0.0,0.0,13.604209,True,,False,337274055.0,337274055.0,13.1052,13.6145,13.828
TIC_33878688,0.0,66.2222796813898,-73.3333453194796,0.086,11.270000457763672,11.719777,True,,False,33878688.0,33878688.0,11.1762,11.7235,12.408
TIC_339250695,0.0,84.7898888833559,60.424417916589,0.0,0.0,13.667845,True,,False,339250695.0,339250695.0,13.135,13.6815,13.887
TIC_339538183,0.0,93.318952051593,63.6850052519176,1.785,7203.0,10.006834,True,,False,339538183.0,339538183.0,9.7053,9.99136,10.014
TIC_339591840,0.0,284.022777606944,14.1222349874876,0.025,0.28859999775886536,14.135717,True,,False,339591840.0,339591840.0,12.9805,14.1548,15.67
TIC_339636032,0.0,110.19457772255,-55.3797080351029,0.084,9.454000473022461,8.92485,True,,False,339636032.0,339636032.0,8.5885,8.91714,9.014
TIC_339733013,0.0,110.852069155288,-58.6967658732711,0.086,10.029999732971191,10.485572,True,,False,339733013.0,339733013.0,10.0793,10.483,10.615
TIC_340700241,0.0,116.957875792228,-56.7643075135719,0.428,121.5999984741211,13.759186,True,,False,340700241.0,340700241.0,13.3106,13.7713,13.98
TIC_341186896,0.0,118.864226168074,-58.2221132145888,0.069,6.4029998779296875,9.972751,True,,False,341186896.0,341186896.0,9.6171,9.96779,10.13
TIC_341297143,0.0,311.306189662023,12.1676180789142,0.131,24.889999389648438,11.559904,True,,False,341297143.0,341297143.0,11.1838,11.5643,11.648
TIC_341419787,0.0,120.153330307723,-54.5089530643927,0.119,20.309999465942383,11.240979,True,,False,341419787.0,341419787.0,10.7607,11.2419,11.342
TIC_341444900,0.0,325.22864340761,55.0667844139102,0.104,10.670000076293945,9.019896,True,,False,341444900.0,341444900.0,8.629,9.00866,9.155
TIC_341544930,0.0,201.614876932596,65.3062640902619,1.231,1888.0,10.360171,True,,False,341544930.0,341544930.0,10.0049,10.3533,10.377
TIC_341729521,0.0,121.319901486413,-59.5797868847329,0.186,46.880001068115234,10.235842,True,,False,341729521.0,341729521.0,9.7727,10.23,10.513
TIC_341805908,0.0,239.561408373338,-65.0844698452616,0.308,166.0,10.369699,True,,False,341805908.0,341805908.0,10.3355,10.3664,10.426
TIC_343442463,0.0,341.518612163758,55.1629431911008,0.095,10.949999809265137,9.12188,True,,False,343442463.0,343442463.0,8.95861,9.11364,9.167
TIC_343708863,0.0,206.775073581594,-70.5075207258713,0.132,23.790000915527344,9.444047,True,,False,343708863.0,343708863.0,9.4128,9.43803,9.463
TIC_344085117,0.0,108.017393795592,-50.2476878000145,0.061,5.203000068664551,12.440332,True,,False,344085117.0,344085117.0,11.9732,12.446,12.642
TIC_344416349,0.0,304.097396022687,11.82975559463,0.049,3.2360000610351562,12.284987,True,,False,344416349.0,344416349.0,11.86,12.2961,12.43
TIC_344600402,0.0,252.031137263335,-56.686707742595,0.055,3.296999931335449,10.922279,True,,False,344600402.0,344600402.0,10.4425,10.9218,10.911
TIC_34466256,0.0,82.4698581660773,-9.15852687415082,0.051,3.7950000762939453,12.353602,True,,False,34466256.0,34466256.0,12.0195,12.3638,12.11
TIC_34505005,0.0,146.921543899759,-46.8652974259638,0.0,0.0,13.284205,True,,False,34505005.0,34505005.0,12.9093,13.2963,13.408
TIC_345333936,0.0,355.781031893289,56.8100495051618,0.06,4.419000148773193,12.877657,True,,False,345333936.0,345333936.0,12.4033,12.8895,12.965
TIC_34551972,0.0,44.2333371953971,28.7714800701456,0.115,14.579999923706055,10.9695,True,,False,34551972.0,34551972.0,10.5873,10.9677,11.164
TIC_345724317,0.0,249.910133195824,20.7430936332719,0.281,171.10000610351562,10.86671,True,,False,345724317.0,345724317.0,10.4875,10.8622,11.238
TIC_345996087,0.0,327.480090524476,44.0801330685975,0.096,13.390000343322754,10.511298,True,,False,345996087.0,345996087.0,10.2835,10.5102,10.549
TIC_346418409,0.0,344.610092662214,39.6588760168157,0.118,19.600000381469727,11.503185,True,,False,346418409.0,346418409.0,10.9243,11.5051,11.741
TIC_347011522,0.0,1.18675214160815,54.1967179492196,0.013,0.24799999594688416,12.431838,True,,False,347011522.0,347011522.0,12.0205,12.4436,12.554
TIC_347098457,0.0,117.470243798966,-16.0234244159045,0.223,91.93000030517578,11.305935,True,,False,347098457.0,347098457.0,10.4856,11.2987,11.465
TIC_347442932,0.0,133.255229137679,-13.0507386541268,0.0,0.0,13.711232,True,,False,347442932.0,347442932.0,13.346,13.7246,13.882
TIC_348054109,0.0,281.676450908268,21.8285338167995,2.549,8486.0,13.409502,True,,False,348054109.0,348054109.0,12.0575,13.3809,15.23
TIC_348135793,0.0,34.3769442361314,56.4215139433971,0.087,13.920000076293945,10.504283,True,,False,348135793.0,348135793.0,10.1042,10.5022,10.597
TIC_348673213,0.0,35.8071583469788,56.5701642666199,0.0,0.0,13.914452,True,,False,348673213.0,348673213.0,12.974,13.9293,14.382
TIC_348684813,0.0,133.993491388203,-14.3552793261315,0.932,1268.0,10.236791,True,,False,348684813.0,348684813.0,9.6732,10.2272,10.505
TIC_348755723,0.0,134.087954330449,-12.9348818719441,0.149,5.171000003814697,15.190775,True,,False,348755723.0,348755723.0,13.9036,15.2201,16.677
TIC_348844154,0.0,105.956727747756,-60.2976377704726,0.054,4.355000019073486,11.718062,True,,False,348844154.0,348844154.0,11.2532,11.7222,11.959
TIC_349373192,0.0,110.261057982035,-60.1555288656174,0.162,33.790000915527344,9.835063,True,,False,349373192.0,349373192.0,9.7839,9.83,9.834
TIC_349786918,0.0,113.043324884675,-65.8116136298528,0.107,16.31999969482422,10.399224,True,,False,349786918.0,349786918.0,9.9676,10.3978,10.529
TIC_349790953,0.0,113.454794999265,-61.2924817343411,0.086,9.458999633789062,11.01216,True,,False,349790953.0,349790953.0,10.3357,11.0103,11.34
TIC_350044062,0.0,155.580390339233,10.2887532236658,0.055,3.2330000400543213,12.729566,True,,False,350044062.0,350044062.0,12.3391,12.7374,12.955
TIC_350332997,0.0,84.0815268763713,-54.1912051048702,0.07,7.2870001792907715,12.260525,True,,False,350332997.0,350332997.0,11.7611,12.2656,12.4
TIC_350445771,0.0,85.4674842822155,-56.7405377506048,0.127,23.239999771118164,11.413663,True,,False,350445771.0,350445771.0,11.0932,11.4168,11.165
TIC_350743714,0.0,88.8862032374668,-57.2905739636276,0.105,14.229999542236328,10.014816,True,,False,350743714.0,350743714.0,9.6686,10.0065,10.029
TIC_350995812,0.0,291.92138336195,36.5298717948022,0.267,74.12000274658203,8.415444,True,,False,350995812.0,350995812.0,8.5011,8.40808,7.55
TIC_352924930,0.0,21.8053029906194,67.9668739129881,0.064,6.5269999504089355,10.779028,True,,False,352924930.0,352924930.0,10.3755,10.7781,10.784
TIC_35315453,0.0,249.808260052833,-52.0998626223668,0.137,18.6299991607666,10.643679,True,,False,35315453.0,35315453.0,10.2956,10.6428,10.825
TIC_353367071,0.0,89.9348633437867,33.5069971424293,0.113,17.600000381469727,10.059814,True,,False,353367071.0,353367071.0,9.84095,10.0559,10.079
TIC_353586703,0.0,96.5183101297716,39.7945734096716,0.082,6.574999809265137,12.573735,True,,False,353586703.0,353586703.0,12.1953,12.5826,12.69
TIC_35377903,0.0,315.422944750639,-10.4081240464835,0.066,6.442999839782715,10.740878,True,,False,35377903.0,35377903.0,10.3313,10.7403,10.771
TIC_354006740,0.0,88.3692999859088,37.3390507664109,0.124,16.959999084472656,6.749423,True,,False,354006740.0,354006740.0,6.4018,6.73046,6.71538
TIC_354151219,0.0,21.1773648532257,51.6718556426014,0.089,12.109999656677246,11.985774,True,,False,354151219.0,354151219.0,11.5917,11.9933,12.405
TIC_354285962,0.0,346.441370456716,72.4105593835965,0.11,13.180000305175781,12.9725,True,,False,354285962.0,354285962.0,12.4721,12.9821,13.151
TIC_354400186,0.0,27.7379930028612,48.3523460056118,0.118,18.6299991607666,9.867827,True,,False,354400186.0,354400186.0,9.7745,9.86321,9.844
TIC_354442783,0.0,89.2436266876731,36.3581835378429,0.082,3.671999931335449,14.118349,True,,False,354442783.0,354442783.0,13.4418,14.1267,14.43
TIC_354594208,0.0,1.88782748105841,32.4377709420401,0.101,19.93000030517578,10.162364,True,,False,354594208.0,354594208.0,9.76119,10.1578,10.297
TIC_354600221,0.0,6.07465035425142,57.8817687818437,0.056,4.99399995803833,10.271118,True,,False,354600221.0,354600221.0,9.86762,10.2676,10.467
TIC_355636844,0.0,358.301530474831,-56.0131350243401,4.31,30270.0,11.464789,True,,False,355636844.0,355636844.0,10.7124,11.201,11.3778
TIC_355732304,0.0,286.03171749451,17.0032191416131,0.028,0.8730999827384949,12.789738,True,,False,355732304.0,355732304.0,12.3367,12.801,12.954
TIC_356235833,0.0,260.096611179064,20.282609317385,0.096,17.979999542236328,9.644244,True,,False,356235833.0,356235833.0,9.1597,9.63882,9.83
TIC_356453768,0.0,134.190834309243,-61.3714641058039,0.08,7.639999866485596,10.875863,True,,False,356453768.0,356453768.0,10.4879,10.8755,11.207
TIC_356461227,0.0,134.446403236718,-61.6143187182766,0.211,26.899999618530273,13.659944,True,,False,356461227.0,356461227.0,13.2464,13.6597,13.698
TIC_356868487,0.0,275.839105148544,69.8619381539732,2.828,13480.0,12.074687,True,,False,356868487.0,356868487.0,11.7167,12.0685,12.252
TIC_356919658,0.0,273.580768564375,57.9928901545085,0.122,19.649999618530273,11.604308,True,,False,356919658.0,356919658.0,11.2542,11.6087,11.745
TIC_357416482,0.0,228.950072782569,27.3617685298538,1.097,1695.0,8.601186,True,,False,357416482.0,357416482.0,8.2057,8.56964,8.7
TIC_357457104,0.0,315.540896018223,45.7757408289783,1.177,1672.0,11.953778,True,,False,357457104.0,357457104.0,9.521,12.1316,12.447
TIC_357536526,0.0,137.663018416464,-64.4714336299059,0.103,15.65999984741211,11.181478,True,,False,357536526.0,357536526.0,10.6707,11.1827,11.524
TIC_357538688,0.0,137.549124479892,-63.4066353795478,0.089,11.100000381469727,11.921542,True,,False,357538688.0,357538688.0,11.5088,11.9281,11.575
TIC_357972447,0.0,316.955917075964,50.5009324664083,1.423,2514.0,10.562738,True,,False,357972447.0,357972447.0,10.2193,10.5615,10.819
TIC_358072664,0.0,138.943334396253,-60.2918930336733,0.0,0.0,13.433515,True,,False,358072664.0,358072664.0,12.8989,13.4433,13.614
TIC_358186451,0.0,317.12480554361,49.1129172031574,0.113,15.460000038146973,11.296895,True,,False,358186451.0,358186451.0,10.9683,11.3001,11.361
TIC_358631536,0.0,317.575435638765,48.4642875765265,0.245,73.08000183105469,10.092215,True,,False,358631536.0,358631536.0,10.0062,10.0842,10.157
TIC_35883621,0.0,117.671091814365,-6.49490894610043,0.213,72.37999725341797,10.047677,True,,False,35883621.0,35883621.0,9.65609,10.0435,10.256
TIC_359496368,0.0,279.099634776572,55.3919650806154,0.092,13.850000381469727,11.071869,True,,False,359496368.0,359496368.0,10.1358,11.0724,11.714
TIC_360286627,0.0,141.975318605386,-61.3300537669485,0.166,34.189998626708984,9.758239,True,,False,360286627.0,360286627.0,9.718,9.75406,9.778
TIC_360816293,0.0,190.947676407554,-76.6966084875107,0.092,9.28499984741211,12.898771,True,,False,360816293.0,360816293.0,12.2077,12.9088,13.2607
TIC_361034196,0.0,242.016244831142,-68.5888431699852,0.09,14.359999656677246,10.275115,True,,False,361034196.0,361034196.0,10.0196,10.2705,10.394
TIC_361998994,0.0,145.233694729858,-63.487254497353,0.0,0.0,14.08077,True,,False,361998994.0,361998994.0,13.6447,14.0905,14.228
TIC_363260203,0.0,147.385360926242,-63.3065250008503,0.17,33.02000045776367,9.074029,True,,False,363260203.0,363260203.0,9.0211,9.06711,9.098
TIC_363635669,0.0,147.713200813736,-62.2031043435249,1.948,3815.0,12.818333,True,,False,363635669.0,363635669.0,12.2951,12.6997,12.837
TIC_363761216,0.0,5.8672383817121,71.1588138166366,0.367,211.60000610351562,10.927351,True,,False,363761216.0,363761216.0,10.4708,10.9201,11.013
TIC_364075352,0.0,306.22310307708,74.8373195670355,0.11,16.43000030517578,11.334739,True,,False,364075352.0,364075352.0,10.9591,11.3376,11.853
TIC_364107753,0.0,251.361963629054,-71.8398163094059,0.819,757.7999877929688,12.192918,True,,False,364107753.0,364107753.0,7.0514,7.44365,7.59
TIC_364408162,0.0,310.577830598712,51.1865466336662,7.504,59050.0,12.691795,True,,False,364408162.0,364408162.0,11.9067,12.5592,12.807
TIC_365389353,0.0,323.864565087398,51.3235584211709,0.092,12.130000114440918,10.59898,True,,False,365389353.0,365389353.0,10.3093,10.5957,10.62
TIC_365639282,0.0,81.3986111104617,8.44087077214931,1.629,1587.0,14.154759,True,,False,365639282.0,365639282.0,13.084,14.1452,14.937
TIC_365781372,0.0,81.923590093678,7.91855739428789,0.268,113.69999694824219,10.176609,True,,False,365781372.0,365781372.0,10.0267,10.1713,10.219
TIC_365952328,0.0,276.191190224707,-60.7844833167084,0.057,3.686000108718872,12.850182,True,,False,365952328.0,365952328.0,12.4154,12.8629,13.097
TIC_366074069,0.0,356.770657095579,69.0495707245207,0.095,12.729999542236328,10.194703,True,,False,366074069.0,366074069.0,9.78876,10.1862,10.309
TIC_366563452,0.0,304.444576204858,77.1661753806323,0.079,8.942000389099121,10.165308,True,,False,366563452.0,366563452.0,9.5998,10.1617,10.386
TIC_366602797,0.0,76.5751678722156,31.2738066995421,0.0,0.0,13.595025,True,,False,366602797.0,366602797.0,13.0581,13.6056,13.89
TIC_367099243,0.0,317.729555790067,72.6154154295841,0.217,58.11000061035156,10.862847,True,,False,367099243.0,367099243.0,10.4849,10.8601,11.043
TIC_367102581,0.0,314.26869916451,78.6748194386145,1.492,2571.0,9.565244,True,,False,367102581.0,367102581.0,9.39575,9.55946,9.638
TIC_367287018,0.0,342.552295460036,75.860414865131,0.248,97.26000213623047,11.843982,True,,False,367287018.0,367287018.0,11.3896,11.8495,11.993
TIC_367913453,0.0,355.512733264841,76.9187668355153,0.097,10.380000114440918,12.911204,True,,False,367913453.0,367913453.0,12.3618,12.92,13.176
TIC_368536386,0.0,89.4201944009763,36.7658133877949,0.073,6.86299991607666,10.660463,True,,False,368536386.0,368536386.0,10.3693,10.6566,10.877
TIC_369480087,0.0,23.3044232074774,5.6453500827776,0.039,0.056790001690387726,16.818254,True,,False,369480087.0,369480087.0,15.6615,16.8465,17.9008
TIC_369861731,0.0,161.043532476053,-86.3200199944674,0.07,5.340000152587891,12.884323,True,,False,369861731.0,369861731.0,12.3483,12.8913,13.089
TIC_369864738,0.0,163.629388408692,-87.2696994539127,0.094,12.489999771118164,9.872793,True,,False,369864738.0,369864738.0,9.5162,9.86639,9.908
TIC_370745311,0.0,144.581933139333,-67.5052011801051,0.179,43.83000183105469,10.723865,True,,False,370745311.0,370745311.0,10.2355,10.7123,11.095
TIC_370759867,0.0,28.1632141098184,55.1860337092149,0.126,25.469999313354492,10.200686,True,,False,370759867.0,370759867.0,9.76978,10.1955,10.322
TIC_37084932,0.0,98.123772096494,-3.5448296697337,0.426,190.0,9.567144,True,,False,37084932.0,37084932.0,9.5254,9.56393,9.549
TIC_370877263,0.0,145.174436455342,-66.6545112375011,0.16,32.83000183105469,10.290319,True,,False,370877263.0,370877263.0,9.927,10.2896,10.297
TIC_371210825,0.0,111.559569190654,32.3841468342836,1.491,2645.0,11.738928,True,,False,371210825.0,371210825.0,10.9894,11.7466,12.075
TIC_371673488,0.0,343.233179623255,59.85096045717,0.128,21.43000030517578,10.089898,True,,False,371673488.0,371673488.0,9.95717,10.0846,10.166
TIC_371711170,0.0,70.1002770977381,81.0772918736885,0.49,307.6000061035156,12.528846,True,,False,371711170.0,371711170.0,12.1158,12.5379,12.658
TIC_372505528,0.0,6.14030498761363,62.2356293029851,0.103,15.640000343322754,11.467942,True,,False,372505528.0,372505528.0,11.0986,11.4728,11.802
TIC_372596796,0.0,151.499868847761,-66.8975680416876,0.072,6.38700008392334,12.745787,True,,False,372596796.0,372596796.0,12.298,12.7513,12.9046
TIC_372913430,0.0,119.533551200625,-60.7805524462682,0.198,36.31999969482422,8.373549,True,,False,372913430.0,372913430.0,8.3502,8.36487,8.296
TIC_373424049,0.0,140.056775122065,-53.1196807073873,0.125,15.829999923706055,8.736601,True,,False,373424049.0,373424049.0,8.6333,8.72854,8.758
TIC_373453507,0.0,76.5242095189946,10.5942357313422,0.13,26.110000610351562,11.243162,True,,False,373453507.0,373453507.0,10.7302,11.247,11.418
TIC_373576942,0.0,320.428001753307,37.8228822886986,0.0,0.0,13.232507,True,,False,373576942.0,373576942.0,12.8424,13.2435,13.335
TIC_373614579,0.0,114.188412896455,44.0516609264299,0.0,0.0,13.222568,True,,False,373614579.0,373614579.0,12.7085,13.2315,13.367
TIC_373729723,0.0,193.407177130441,24.3732252891561,0.276,87.2300033569336,12.645663,True,,False,373729723.0,373729723.0,12.0633,12.6215,12.782
TIC_373785851,0.0,27.7785249222532,63.0814407790581,0.243,97.22000122070312,10.505691,True,,False,373785851.0,373785851.0,10.155,10.5039,10.627
TIC_374177909,0.0,347.593929909825,41.1437682335399,0.185,5.446000099182129,15.567741,True,,False,374177909.0,374177909.0,14.2981,15.5915,16.694
TIC_374200604,0.0,158.073449594649,2.23792936528249,0.552,314.20001220703125,12.307743,True,,False,374200604.0,374200604.0,11.869,12.3147,12.478
TIC_374400599,0.0,34.6979351824285,64.3563947888199,0.105,18.010000228881836,10.285923,True,,False,374400599.0,374400599.0,10.0188,10.2822,10.317
TIC_374778982,0.0,31.750286708573,55.1788205137458,0.0,0.0,14.094563,True,,False,374778982.0,374778982.0,13.4977,14.1105,14.152
TIC_374847873,0.0,151.064971237966,-63.3770046710977,3.176,8820.0,13.13564,True,,False,374847873.0,374847873.0,12.5964,13.0798,13.222
TIC_375199523,0.0,309.34322621705,6.15285442243255,0.035,1.9019999504089355,12.209835,True,,False,375199523.0,375199523.0,11.6866,12.2204,12.339
TIC_375225453,0.0,133.827009077003,-73.173389748593,0.096,12.229999542236328,10.47737,True,,False,375225453.0,375225453.0,10.11,10.4746,10.609
TIC_37575651,0.0,135.340487609277,-28.3245796043104,8.323,44330.0,8.575413,True,,False,37575651.0,37575651.0,8.2866,8.29812,8.31
TIC_376682699,0.0,340.352206348234,69.0744482297178,0.13,23.15999984741211,10.495239,True,,False,376682699.0,376682699.0,10.381,10.4948,10.59
TIC_376740324,0.0,153.301603134139,-62.8753700550043,0.227,65.05000305175781,12.163935,True,,False,376740324.0,376740324.0,12.1229,12.1743,12.38
TIC_376838000,0.0,340.909504329659,69.0919169036381,0.116,16.709999084472656,10.040555,True,,False,376838000.0,376838000.0,9.9272,10.0355,10.114
TIC_377024332,0.0,147.221502827425,8.97430509549269,0.065,4.964000225067139,9.478183,True,,False,377024332.0,377024332.0,9.08987,9.47153,9.57
TIC_377144784,0.0,342.443125817548,68.2510568558219,0.065,5.794000148773193,10.813538,True,,False,377144784.0,377144784.0,10.0552,10.815,11.178
TIC_377165123,0.0,285.796899525716,57.3881166586338,0.209,35.75,13.494548,True,,False,377165123.0,377165123.0,12.9474,13.5069,13.644
TIC_377290815,0.0,286.59309177295,56.6294914414925,0.129,23.700000762939453,10.284229,True,,False,377290815.0,377290815.0,9.91892,10.2799,10.448
TIC_377304435,0.0,287.050197014784,55.3036711893674,0.43,248.39999389648438,11.212977,True,,False,377304435.0,377304435.0,10.8475,11.2143,11.396
TIC_377420580,0.0,341.964758283416,60.1736346670765,3.503,13300.0,10.992636,True,,False,377420580.0,377420580.0,10.1871,10.7613,10.84
TIC_377739433,0.0,348.573826458632,65.9579463094894,0.126,20.260000228881836,10.688671,True,,False,377739433.0,377739433.0,10.1975,10.6876,10.851
TIC_378355116,0.0,358.248399741811,60.4816642209229,2.906,12290.0,11.404398,True,,False,378355116.0,378355116.0,10.7633,11.3314,11.572
TIC_379629854,0.0,34.2937157897234,70.3960117251899,0.1,15.630000114440918,11.16916,True,,False,379629854.0,379629854.0,10.702,11.1708,11.668
TIC_379723086,0.0,256.819717485982,-66.1269978093679,0.084,13.300000190734863,10.47067,True,,False,379723086.0,379723086.0,10.0288,10.4692,10.55
TIC_379931600,0.0,293.427333144702,29.5962973325973,2.846,9669.0,10.379302,True,,False,379931600.0,379931600.0,9.5967,10.1773,10.321
TIC_380517859,0.0,303.666943879232,30.7760777114236,0.0,0.0,15.9928,True,,False,380517859.0,380517859.0,14.9156,16.0101,16.557
TIC_380886535,0.0,19.461165697198,0.347114529386083,0.088,8.020999908447266,12.205065,True,,False,380886535.0,380886535.0,11.7952,12.2151,12.123
TIC_382188882,0.0,81.352982658242,-55.0199010421288,0.1,13.9399995803833,11.004495,True,,False,382188882.0,382188882.0,10.6559,11.0037,11.073
TIC_382302241,0.0,83.3488808509217,-58.7452019436756,0.088,11.34000015258789,11.57728,True,,False,382302241.0,382302241.0,11.0264,11.5802,11.794
TIC_382331352,0.0,215.805294071202,-63.0459639181508,1.319,3312.0,10.03094,True,,False,382331352.0,382331352.0,10.0067,10.0285,10.07
TIC_382437043,0.0,117.215069399442,-63.720242960986,0.37,154.60000610351562,9.684975,True,,False,382437043.0,382437043.0,9.3109,9.67974,9.761
TIC_382474101,0.0,12.274293,-52.046527,1.102,586.5999755859375,11.483406,True,,False,382474101.0,382474101.0,10.179,,10.726
TIC_383531859,0.0,216.147729524116,-60.3835916946004,1.458,3075.0,9.718576,True,,False,383531859.0,383531859.0,9.5918,9.66967,9.764
TIC_383666033,0.0,135.035038928123,-56.0691897587057,0.044,2.8429999351501465,11.631825,True,,False,383666033.0,383666033.0,11.2123,11.6359,11.814
TIC_383723559,0.0,279.715352477622,43.0939832737745,0.077,8.116999626159668,9.975324,True,,False,383723559.0,383723559.0,9.58671,9.96966,10.104
TIC_384045439,0.0,327.27468338029,53.2937244732045,0.056,4.086999893188477,10.595226,True,,False,384045439.0,384045439.0,10.0478,10.5931,10.947
TIC_384386061,0.0,249.368744779531,-80.9740732630257,38.091,747700.0,13.863693,True,,False,384386061.0,384386061.0,13.1335,13.5763,13.201
TIC_384549882,0.0,136.5277834555,-54.9039529004948,0.216,44.56999969482422,8.776053,True,,False,384549882.0,384549882.0,8.802,8.7694,8.76
TIC_384744828,0.0,258.918704757131,-79.6481301084574,0.079,9.616000175476074,10.21264,True,,False,384744828.0,384744828.0,9.8062,10.2093,10.359
TIC_385105624,0.0,50.8080008369291,46.6821828508027,0.167,46.400001525878906,10.937833,True,,False,385105624.0,385105624.0,10.4511,10.9381,11.043
TIC_385624852,0.0,138.402358607478,-55.1979711040954,0.338,87.83000183105469,8.189,True,,False,385624852.0,385624852.0,8.0981,8.178,8.211
TIC_386297468,0.0,139.190433496455,-59.5280387424007,0.052,2.628999948501587,12.698804,True,,False,386297468.0,386297468.0,12.3487,12.7078,12.862
TIC_386435344,0.0,127.995251675595,-16.8849190306067,0.157,30.950000762939453,9.115925,True,,False,386435344.0,386435344.0,8.77728,9.1051,9.22
TIC_38686737,0.0,57.8656785124239,-10.6140660020349,0.063,3.744999885559082,12.917047,True,,False,38686737.0,38686737.0,12.6038,12.9304,13.089
TIC_387079085,0.0,217.023374378845,-64.6341947345104,0.739,751.0999755859375,9.370316,True,,False,387079085.0,387079085.0,9.0039,9.36245,9.496
TIC_387413037,0.0,311.236637141177,69.1518752463244,0.084,8.732999801635742,10.640384,True,,False,387413037.0,387413037.0,10.3197,10.6386,10.901
TIC_387603144,0.0,313.098599310369,66.5994361134783,0.12,21.549999237060547,11.422515,True,,False,387603144.0,387603144.0,11.0498,11.4259,11.622
TIC_387664866,0.0,323.548625237403,50.4815000849569,0.089,11.609999656677246,9.455616,True,,False,387664866.0,387664866.0,9.08409,9.44882,9.623
TIC_387834907,0.0,315.669066292437,70.0803072311969,2.326,3727.0,9.315935,True,,False,387834907.0,387834907.0,8.4239,9.05812,9.396
TIC_388076005,0.0,318.049178756697,68.052345277889,0.088,9.812000274658203,9.799307,True,,False,388076005.0,388076005.0,9.39435,9.79419,9.92
TIC_388130235,0.0,65.4101649195172,-67.4670177139118,0.096,12.510000228881836,11.365805,True,,False,388130235.0,388130235.0,10.7891,11.3663,11.612
TIC_388624270,0.0,125.43430593661,-51.7594151051324,0.102,13.779999732971191,10.409082,True,,False,388624270.0,388624270.0,9.9138,10.4049,10.66
TIC_389182138,0.0,343.63575251486,54.1617713188769,0.107,17.540000915527344,10.984928,True,,False,389182138.0,389182138.0,10.4602,10.9844,11.141
TIC_389238529,0.0,302.999560887517,-37.5616039187078,0.122,21.969999313354492,11.319308,True,,False,389238529.0,389238529.0,10.9987,11.3247,11.239
TIC_389371332,0.0,86.0193711490542,-66.3592488735883,0.458,161.89999389648438,13.371175,True,,False,389371332.0,389371332.0,12.4375,13.3778,13.994
TIC_389525208,0.0,313.261481401366,-38.594876249717,0.285,92.16000366210938,10.47263,True,,False,389525208.0,389525208.0,10.0704,10.4693,10.493
TIC_389999924,0.0,160.108540005406,-62.6859500328522,0.094,7.909999847412109,13.105016,True,,False,389999924.0,389999924.0,12.6453,13.1171,13.392
TIC_39077574,0.0,151.25567551921,40.3410953984528,0.0,0.0,13.698471,True,,False,39077574.0,39077574.0,13.2971,13.7123,13.882
TIC_391821647,0.0,82.7647753434668,-70.3572782621111,0.0,0.0,11.264705,True,,False,391821647.0,391821647.0,10.8623,11.2653,11.331
TIC_392112968,0.0,174.287260154085,-67.5193332535255,0.353,86.0199966430664,13.630422,True,,False,392112968.0,392112968.0,13.2785,13.6316,13.562
TIC_393251073,0.0,115.508957152578,61.5748069058842,0.096,21.18000030517578,12.158008,True,,False,393251073.0,393251073.0,11.6387,12.1661,12.353
TIC_393911494,0.0,207.178626389921,44.9120268855431,0.103,19.079999923706055,10.323333,True,,False,393911494.0,393911494.0,9.85649,10.3209,10.52
TIC_394509844,0.0,154.996926285754,-79.8025502928466,0.112,17.93000030517578,10.96229,True,,False,394509844.0,394509844.0,10.5,10.9603,11.059
TIC_395773226,0.0,34.1197503509829,76.2533942594585,0.043,2.434000015258789,12.518538,True,,False,395773226.0,395773226.0,11.7899,12.5285,12.933
TIC_398733009,0.0,32.1697395593415,-9.04600635722896,0.0,0.0,15.881999,True,,False,398733009.0,398733009.0,15.61,15.9022,15.636
TIC_398912927,0.0,18.5539861439223,19.4703971838777,0.291,150.39999389648438,11.254433,True,,False,398912927.0,398912927.0,10.8154,11.2549,11.25
TIC_399144800,0.0,163.199947185889,-67.3878145539325,0.12,18.559999465942383,11.156548,True,,False,399144800.0,399144800.0,10.6392,11.1558,11.54
TIC_399444057,0.0,26.687863222166,63.6122583246663,0.067,6.827000141143799,12.103518,True,,False,399444057.0,399444057.0,11.6433,12.1124,12.043
TIC_399613138,0.0,312.40521541076,9.84566613834359,0.062,5.723999977111816,12.457296,True,,False,399613138.0,399613138.0,12.1245,12.4691,12.556
TIC_399642071,0.0,164.290162794937,-69.9793792713583,0.073,5.76200008392334,12.027676,True,,False,399642071.0,399642071.0,11.1567,12.0321,12.6681
TIC_399956873,0.0,287.537974434958,52.2880441760549,0.332,148.39999389648438,12.059459,True,,False,399956873.0,399956873.0,11.7513,12.0671,12.113
TIC_400323948,0.0,166.085896246309,-67.9918944254207,0.04,2.1019999980926514,11.733413,True,,False,400323948.0,400323948.0,11.0897,11.7387,11.989
TIC_400395395,0.0,134.00222945068,-50.3283493050128,0.076,5.921999931335449,12.955295,True,,False,400395395.0,400395395.0,12.4564,12.9652,13.149
TIC_400476523,0.0,295.558906545655,59.5891312877657,0.165,33.91999816894531,12.564779,True,,False,400476523.0,400476523.0,12.2339,12.5721,12.699
TIC_400595342,0.0,134.441783275348,-49.000595557562,0.14,23.520000457763672,9.887869,True,,False,400595342.0,400595342.0,9.8174,9.88425,9.88
TIC_400786146,0.0,167.000944014378,-67.1498188343813,0.12,19.290000915527344,11.206572,True,,False,400786146.0,400786146.0,10.7716,11.2079,11.389
TIC_402848417,0.0,17.7421782595212,82.2214801443754,0.039,1.7829999923706055,12.700118,True,,False,402848417.0,402848417.0,12.2041,12.7086,12.86
TIC_403136413,0.0,333.578780708438,-55.3789986449532,0.217,79.18000030517578,11.628209,True,,False,403136413.0,403136413.0,11.2314,11.6333,11.878
TIC_403256331,0.0,4.24933014629078,58.6792652248041,0.104,18.450000762939453,9.657857,True,,False,403256331.0,403256331.0,9.5425,9.65246,9.713
TIC_403287048,0.0,332.357804276385,-62.3339811211885,0.093,18.030000686645508,11.710824,True,,False,403287048.0,403287048.0,11.3569,11.718,11.948
TIC_403308915,0.0,5.19891993512927,55.5428476412317,0.104,17.829999923706055,10.37297,True,,False,403308915.0,403308915.0,10.1731,10.3696,10.297
TIC_403693875,0.0,105.006208021263,11.0434465831075,0.0,0.0,14.190205,True,,False,403693875.0,403693875.0,13.3675,14.2058,14.96
TIC_404610583,0.0,336.147738838414,16.879064852482,0.044,1.7929999828338623,10.92767,True,,False,404610583.0,404610583.0,10.5332,10.9274,11.013
TIC_405484221,0.0,56.7304596139665,24.1879935860014,0.303,1.559999942779541,17.19236,True,,False,405484221.0,405484221.0,15.7488,17.2288,
TIC_405794804,0.0,324.714309108999,65.0391566866985,0.229,73.83999633789062,9.976838,True,,False,405794804.0,405794804.0,9.79455,9.97226,10.018
TIC_405862830,0.0,279.062432912426,-43.6206522283363,0.077,6.565999984741211,10.918818,True,,False,405862830.0,405862830.0,10.3579,10.9183,11.002
TIC_405904232,0.0,301.562579293273,52.1641293306192,0.093,11.84000015258789,10.471091,True,,False,405904232.0,405904232.0,10.1098,10.4679,10.591
TIC_406190563,0.0,306.244063964585,30.3481953909221,0.06,6.173999786376953,10.695213,True,,False,406190563.0,406190563.0,10.351,10.6937,10.741
TIC_406855039,0.0,274.870548849208,71.2485465996544,0.086,8.524999618530273,10.005391,True,,False,406855039.0,406855039.0,9.54581,10.003,10.209
TIC_407146536,0.0,235.165543456061,-81.2032667465674,0.048,3.7160000801086426,11.871056,True,,False,407146536.0,407146536.0,11.2851,11.8771,11.99
TIC_407146538,0.0,235.152937910281,-81.2081468664684,0.038,1.9980000257492065,12.485097,True,,False,407146538.0,407146538.0,11.9139,12.4921,12.806
TIC_407394748,0.0,5.42028840715411,77.8800275441345,2.898,10580.0,9.803856,True,,False,407394748.0,407394748.0,9.5287,9.75342,9.81
TIC_40779013,0.0,293.480154084168,34.5737419077472,9.912,134900.0,12.606546,True,,False,40779013.0,40779013.0,11.8744,12.19,12.23
TIC_408159788,0.0,78.447514974169,7.05606330579472,0.128,23.93000030517578,11.095383,True,,False,408159788.0,408159788.0,10.6152,11.0963,11.314
TIC_408203470,0.0,307.211334363466,33.4144668288502,0.419,91.26000213623047,14.185194,True,,False,408203470.0,408203470.0,12.9984,14.1954,15.73
TIC_408549705,0.0,94.0842121271133,87.317522697335,0.0,0.0,13.466656,True,,False,408549705.0,408549705.0,12.9177,13.4775,13.721
TIC_408729765,0.0,24.6708454075273,80.4333370078169,0.051,2.305999994277954,13.416898,True,,False,408729765.0,408729765.0,12.9551,13.4278,13.603
TIC_409183335,0.0,81.8078344470734,38.5975260749805,7.273,28740.0,10.29623,True,,False,409183335.0,409183335.0,9.7229,10.0818,10.184
TIC_409459226,0.0,109.950325145741,-11.9426956804818,0.222,88.04000091552734,11.904795,True,,False,409459226.0,409459226.0,10.5816,11.9227,13.69
TIC_409520860,0.0,355.451893512872,37.1866353903486,0.059,4.679999828338623,10.834147,True,,False,409520860.0,409520860.0,10.3973,10.8334,11.114
TIC_40954422,0.0,301.393962424589,39.5884425771058,0.119,18.600000381469727,10.440662,True,,False,40954422.0,40954422.0,10.0768,10.4392,10.597
TIC_410245915,0.0,133.964880655368,-20.2747565892755,3.952,18460.0,10.791075,True,,False,410245915.0,410245915.0,10.2658,10.6598,10.835
TIC_410528770,0.0,328.215739125095,60.5691050899292,0.085,10.270000457763672,10.969177,True,,False,410528770.0,410528770.0,10.4824,10.9689,11.016
TIC_412014494,0.0,291.373645292933,-60.9410058550068,0.101,18.280000686645508,9.630446,True,,False,412014494.0,412014494.0,9.3871,9.62501,9.71
TIC_412257781,0.0,110.446057497621,-22.5979729334959,0.134,22.90999984741211,13.116616,True,,False,412257781.0,412257781.0,12.7797,13.1303,13.217
TIC_412259468,0.0,110.390854796914,-21.9383997586231,0.26,104.80000305175781,11.165075,True,,False,412259468.0,412259468.0,11.0285,11.167,11.287
TIC_41227743,0.0,91.519877,-69.420275,11.602,117300.0,11.627535,True,,False,41227743.0,41227743.0,10.714,,11.42
TIC_412961700,0.0,127.222621273133,-20.9503953974023,0.323,139.5,6.669934,True,,False,412961700.0,412961700.0,6.725,6.65468,6.69
TIC_41330864,0.0,301.710418910364,38.4310391908592,0.052,3.4049999713897705,10.774407,True,,False,41330864.0,41330864.0,10.381,10.7723,11.018
TIC_41422753,0.0,294.007981037856,32.2145626698162,0.034,1.4479999542236328,12.788139,True,,False,41422753.0,41422753.0,12.3924,12.7987,12.88
TIC_414870287,0.0,336.872698137609,59.4338000946197,0.272,91.12999725341797,9.46894,True,,False,414870287.0,414870287.0,7.8165,9.48127,11.571
TIC_415741431,0.0,339.144395274654,58.2760729555027,0.104,14.3100004196167,10.761068,True,,False,415741431.0,415741431.0,10.471,10.7604,10.858
TIC_415969574,0.0,342.170318820223,-18.52045037899,7.19,35770.0,13.71142,True,,False,415969574.0,415969574.0,12.8691,13.3075,13.465
TIC_416624606,0.0,310.038029472561,50.3239118248478,0.064,5.243000030517578,10.71773,True,,False,416624606.0,416624606.0,10.2732,10.7168,10.756
TIC_416987878,0.0,322.892128725359,50.3207249976799,0.232,71.16999816894531,10.656321,True,,False,416987878.0,416987878.0,10.399,10.6546,10.782
TIC_417705690,0.0,348.607456580722,76.9342762449395,0.089,11.819999694824219,10.521438,True,,False,417705690.0,417705690.0,10.0233,10.5208,10.67
TIC_41865539,0.0,21.3223255851924,-39.9478130581548,0.128,25.829999923706055,12.763973,True,,False,41865539.0,41865539.0,12.3571,12.7763,12.979
TIC_418866096,0.0,331.280802547934,4.35895736583297,0.187,29.030000686645508,12.733978,True,,False,418866096.0,418866096.0,12.2011,12.7355,12.921
TIC_418959198,0.0,344.907247913412,36.5176432825312,0.143,40.779998779296875,11.179935,True,,False,418959198.0,418959198.0,10.5152,11.169,11.308
TIC_418971787,0.0,120.497297052097,-35.0613206314721,0.0,0.0,13.649754,True,,False,418971787.0,418971787.0,13.0246,13.6631,13.777
TIC_418987806,0.0,6.51955009239365,63.319413170809,0.046,3.1710000038146973,9.673344,True,,False,418987806.0,418987806.0,9.27904,9.6675,9.818
TIC_419419534,0.0,121.093993831696,-34.2622009966483,0.135,36.84000015258789,11.332816,True,,False,419419534.0,419419534.0,10.9144,11.3372,11.64
TIC_419858461,0.0,191.643787830778,-59.5648043498403,0.039,0.8884000182151794,14.08275,True,,False,419858461.0,419858461.0,13.6313,14.0911,14.102
TIC_420112587,0.0,290.173872110355,73.1963457548915,0.101,5.888000011444092,13.830205,True,,False,420112587.0,420112587.0,12.4989,13.8554,13.99
TIC_42015200,0.0,24.2159763380362,-39.1425565144264,0.081,14.149999618530273,12.355804,True,,False,42015200.0,42015200.0,11.6818,12.3714,12.85
TIC_420288086,0.0,10.9627646131289,61.8356259954892,0.087,11.520000457763672,10.607504,True,,False,420288086.0,420288086.0,10.4397,10.6069,10.535
TIC_420645189,0.0,48.3696045166919,75.2683159329104,0.146,30.920000076293945,10.563121,True,,False,420645189.0,420645189.0,10.1374,10.5608,10.595
TIC_420803693,0.0,70.5070548145603,79.9875448606594,0.102,16.610000610351562,11.61169,True,,False,420803693.0,420803693.0,11.2063,11.6185,11.663
TIC_42123111,0.0,302.220066952828,38.245228887594,0.103,12.210000038146973,9.650527,True,,False,42123111.0,42123111.0,9.5526,9.64729,9.663
TIC_421308357,0.0,288.818115294177,57.7605582639446,0.077,7.09499979019165,10.690557,True,,False,421308357.0,421308357.0,10.364,10.6883,10.796
TIC_422653398,0.0,29.0012885396019,0.179904971276674,0.416,227.6999969482422,11.498877,True,,False,422653398.0,422653398.0,11.0208,11.5045,11.444
TIC_422838133,0.0,23.8295604657757,72.9368384125311,0.072,7.769000053405762,10.023512,True,,False,422838133.0,422838133.0,9.68129,10.0186,10.006
TIC_423903685,0.0,329.693644421868,22.9528487691219,0.072,6.317999839782715,12.765045,True,,False,423903685.0,423903685.0,12.266,12.7707,12.988
TIC_424699834,0.0,294.459234324755,58.9867775546014,0.0,2.4330000735178336e-15,13.244933,True,,False,424699834.0,424699834.0,12.8257,13.2578,13.319
TIC_424747720,0.0,290.672313206522,-51.4262458703318,0.0,2.477999969390139e-15,13.992432,True,,False,424747720.0,424747720.0,13.0123,14.0076,14.715
TIC_425163745,0.0,58.8967800557666,-2.50591779169573,0.144,36.880001068115234,11.370611,True,,False,425163745.0,425163745.0,10.855,11.3696,11.606
TIC_425220920,0.0,111.643947604912,7.01635709549961,0.158,16.510000228881836,10.656754,True,,False,425220920.0,425220920.0,10.2462,10.6559,10.798
TIC_425721385,0.0,289.761698616284,-43.0739838314753,0.109,14.1899995803833,10.121953,True,,False,425721385.0,425721385.0,9.7298,10.1188,10.27
TIC_426017070,0.0,42.8123748748616,-73.1555079009642,0.283,10.210000038146973,15.683433,True,,False,426017070.0,426017070.0,15.951,15.6997,15.54
TIC_426077080,0.0,238.001109673285,-76.4934505480874,0.142,29.65999984741211,9.668001,True,,False,426077080.0,426077080.0,9.4142,9.65864,9.74
TIC_427279997,0.0,351.380755711304,54.6011901561482,0.236,84.47000122070312,10.593114,True,,False,427279997.0,427279997.0,10.5682,10.5926,10.57
TIC_427348923,0.0,83.5319911882734,-0.207847747242717,0.053,4.678999900817871,12.354313,True,,False,427348923.0,427348923.0,11.6888,12.3663,12.635
TIC_427352241,0.0,83.6230439241413,-4.41491309044158,0.151,41.779998779296875,10.407948,True,,False,427352241.0,427352241.0,9.9955,10.4055,10.594
TIC_42755801,0.0,96.7939562067223,-4.78008192827529,0.571,280.79998779296875,9.247279,True,,False,42755801.0,42755801.0,9.1672,9.21327,9.114
TIC_427654774,0.0,349.287338823568,70.1900205123051,0.0,2.0920000673045397e-15,15.31108,True,,False,427654774.0,427654774.0,14.1431,15.335,16.502
TIC_428065977,0.0,339.120291999897,52.1157588924585,0.127,23.540000915527344,10.532504,True,,False,428065977.0,428065977.0,10.2347,10.5332,10.644
TIC_428685938,0.0,180.231715302243,-23.6347219867208,0.085,1.281000018119812,15.592386,True,,False,428685938.0,428685938.0,14.379,15.6231,18.84
TIC_429295277,0.0,184.259092752056,-51.0750413361697,0.068,6.995999813079834,10.579578,True,,False,429295277.0,429295277.0,10.186,10.5779,10.742
TIC_429414530,0.0,314.040496914827,57.7083487400051,0.323,100.0,12.894743,True,,False,429414530.0,429414530.0,12.2546,12.8335,12.678
TIC_4294779,0.0,81.312671873567,-0.770744971019803,0.249,2.246999979019165,17.192833,True,,False,4294779.0,4294779.0,15.8552,17.2297,
TIC_430528566,0.0,333.171229878408,52.9009626009804,0.206,57.58000183105469,10.541968,True,,False,430528566.0,430528566.0,10.1993,10.5357,9.787
TIC_430677414,0.0,333.669775841367,53.2396136328373,0.131,16.059999465942383,8.555567,True,,False,430677414.0,430677414.0,8.41718,8.54621,8.6
TIC_431148743,0.0,334.981358690531,53.6625080336238,0.312,115.5,10.186707,True,,False,431148743.0,431148743.0,8.7061,10.1554,12.548
TIC_431156009,0.0,340.395451549251,51.9652165892303,1.856,4739.0,9.814374,True,,False,431156009.0,431156009.0,9.44275,9.8095,9.925
TIC_431585347,0.0,357.674088151285,50.354986252243,0.178,62.900001525878906,10.107586,True,,False,431585347.0,431585347.0,10.06,10.1015,10.091
TIC_431899140,0.0,56.2225472183152,45.5071907468224,0.303,140.89999389648438,10.456705,True,,False,431899140.0,431899140.0,10.0888,10.453,10.615
TIC_431999925,0.0,120.789651095836,-20.009830270177,1.323,207.5,16.098564,True,,False,431999925.0,431999925.0,14.7095,16.1095,17.45
TIC_432008938,0.0,120.693457329638,-23.6958875461938,0.0,0.0,20.217653,True,,False,432008938.0,432008938.0,13.7006,14.9486,16.43
TIC_434100688,0.0,352.949141168374,-17.4483930216611,0.406,164.0,10.310742,True,,False,434100688.0,434100688.0,9.9309,10.3057,10.707
TIC_434234955,0.0,63.8110787317433,14.944851720163,0.067,6.35699987411499,11.986593,True,,False,434234955.0,434234955.0,11.3818,11.9924,11.987
TIC_434718964,0.0,345.488066324147,64.0673366408697,0.691,189.60000610351562,14.366138,True,,False,434718964.0,434718964.0,10.262,14.371,
TIC_435167167,0.0,346.403194318527,63.453472836041,0.483,278.3999938964844,12.632843,True,,False,435167167.0,435167167.0,12.1474,12.6421,12.839
TIC_435861696,0.0,11.8874495009665,21.9385827204724,0.0,0.0,13.748158,True,,False,435861696.0,435861696.0,13.2533,13.7629,13.967
TIC_436099179,0.0,83.8372667640459,12.1159463423537,0.09,9.461000442504883,12.965778,True,,False,436099179.0,436099179.0,12.5284,12.9799,13.036
TIC_437156845,0.0,123.436952970304,-18.8776304671137,0.0,0.0,13.121302,True,,False,437156845.0,437156845.0,12.7325,13.1342,13.183
TIC_437740083,0.0,2.95025847700393,27.4427548033575,0.141,29.43000030517578,11.566325,True,,False,437740083.0,437740083.0,11.0999,11.572,11.87
TIC_437893926,0.0,94.017994719356,15.2706855728369,0.075,5.419000148773193,12.861599,True,,False,437893926.0,437893926.0,12.4432,12.8695,12.931
TIC_438295981,0.0,96.6660548980419,13.2994421598403,0.086,7.706999778747559,9.830366,True,,False,438295981.0,438295981.0,9.52621,9.82568,10.024
TIC_438490744,0.0,100.255976035327,16.5896096817458,0.132,2.1070001125335693,15.475746,True,,False,438490744.0,438490744.0,14.1396,15.5099,17.42
TIC_439610306,0.0,143.467041798018,-55.1757793988537,0.077,7.315000057220459,9.432272,True,,False,439610306.0,439610306.0,9.0607,9.42528,9.54
TIC_440801822,0.0,109.382918119331,13.395213633674,3.433,4087.0,9.736329,True,,False,440801822.0,440801822.0,8.9362,9.26235,9.264
TIC_441334829,0.0,145.150938399275,-55.815571790669,0.102,10.149999618530273,12.8874,True,,False,441334829.0,441334829.0,12.5449,12.8975,12.986
TIC_441732151,0.0,257.876722380867,72.1355064085563,0.383,170.0,10.564861,True,,False,441732151.0,441732151.0,10.1688,10.5649,10.707
TIC_4426490,0.0,116.578643191635,30.7766794404325,0.045,2.9690001010894775,12.554035,True,,False,4426490.0,4426490.0,12.1616,12.5649,12.63
TIC_443042089,0.0,146.556019333471,-56.2994095165369,0.0,0.0,13.226471,True,,False,443042089.0,443042089.0,12.7683,13.2366,13.386
TIC_443658196,0.0,199.73429604582,-62.974400009761,0.109,14.470000267028809,11.660703,True,,False,443658196.0,443658196.0,11.5124,11.6691,11.985
TIC_444413256,0.0,6.38654842030293,63.0406409615567,0.103,17.290000915527344,12.093493,True,,False,444413256.0,444413256.0,11.9551,12.1054,12.198
TIC_444415148,0.0,6.30894695086202,62.543129745035,0.085,9.366999626159668,9.135444,True,,False,444415148.0,444415148.0,8.9676,9.12738,9.208
TIC_444977814,0.0,111.171286522819,58.5493665064639,0.092,9.939000129699707,12.883582,True,,False,444977814.0,444977814.0,12.4889,12.8957,12.501
TIC_445137888,0.0,11.3024007822468,56.0700653517351,0.327,191.6999969482422,10.422848,True,,False,445137888.0,445137888.0,10.3654,10.4202,10.457
TIC_445254275,0.0,12.2161243623275,59.3867258724838,0.163,50.209999084472656,11.290098,True,,False,445254275.0,445254275.0,10.9415,11.2915,11.696
TIC_445586472,0.0,117.0841554383,-57.2363486625471,0.088,11.09000015258789,10.916673,True,,False,445586472.0,445586472.0,10.5704,10.9143,11.134
TIC_445822015,0.0,147.005709103696,-48.3208676457946,0.077,8.435999870300293,11.316387,True,,False,445822015.0,445822015.0,10.7014,11.3168,11.652
TIC_446549905,0.0,286.791796998098,-58.6972126560873,0.135,22.920000076293945,10.004029,True,,False,446549905.0,446549905.0,9.6789,9.99935,10.136
TIC_446616059,0.0,290.805302598186,11.9794182095003,0.078,8.005999565124512,10.182631,True,,False,446616059.0,446616059.0,9.77017,10.178,10.421
TIC_447283466,0.0,157.098124365065,-51.7052632634314,0.069,5.056000232696533,8.561299,True,,False,447283466.0,447283466.0,7.9059,8.55446,8.9
TIC_44745077,0.0,61.6399332596965,-25.0937384057052,0.051,1.9259999990463257,14.206398,True,,False,44745077.0,44745077.0,13.0734,14.2292,15.271
TIC_449050247,0.0,67.5511534868788,5.29886168112547,0.12,22.139999389648438,10.540103,True,,False,449050247.0,449050247.0,10.0938,10.5359,10.674
TIC_449050248,0.0,67.5523106310041,5.29846982248588,0.079,10.40999984741211,10.312017,True,,False,449050248.0,449050248.0,9.87405,10.3067,9.83
TIC_449197624,0.0,79.6841967357695,0.292420286152942,0.142,30.530000686645508,12.655328,True,,False,449197624.0,449197624.0,12.2624,12.6672,12.767
TIC_449549170,0.0,200.464286646484,-62.5420875537191,0.078,8.586000442504883,11.76953,True,,False,449549170.0,449549170.0,11.2925,11.7759,11.941
TIC_449951606,0.0,168.212934705541,-58.9424436318369,0.09,8.291000366210938,10.565863,True,,False,449951606.0,449951606.0,10.3879,10.564,10.59
TIC_450327768,0.0,160.229483992704,35.9136652020946,0.065,5.374000072479248,10.636765,True,,False,450327768.0,450327768.0,10.1883,10.6296,10.639
TIC_451599528,0.0,279.712798585636,-85.7089561249008,1.298,1154.0,7.973751,True,,False,451599528.0,451599528.0,7.5622,7.96327,8.11
TIC_452483795,0.0,303.893847442773,24.5211997529038,0.0,0.0,13.363571,True,,False,452483795.0,452483795.0,13.0008,13.3748,13.462
TIC_452803785,0.0,338.434895537912,52.6363351543957,0.086,10.930000305175781,10.890933,True,,False,452803785.0,452803785.0,10.4935,10.8847,10.97
TIC_453209605,0.0,116.914329488846,11.9807975158447,1.253,1879.0,11.1789,True,,False,453209605.0,453209605.0,10.5766,11.1485,11.161
TIC_453230066,0.0,23.9925420449694,54.7164506959539,0.222,93.12999725341797,11.052728,True,,False,453230066.0,453230066.0,10.9469,11.0534,10.849
TIC_453464017,0.0,152.28060301077,-72.7982252972688,0.717,719.7999877929688,10.606751,True,,False,453464017.0,453464017.0,10.248,10.6075,10.822
TIC_45465399,0.0,130.64402860258,-59.6199793639336,0.316,63.75,13.73559,True,,False,45465399.0,45465399.0,13.3342,13.7452,13.827
TIC_455962313,0.0,340.036593,65.439728,131.376,18320000.0,10.694471,True,,False,455962313.0,455962313.0,9.599,,10.234
TIC_456042145,0.0,340.628485287112,64.7547490851816,0.221,27.479999542236328,14.039005,True,,False,456042145.0,456042145.0,13.4802,14.0508,14.374
TIC_456305193,0.0,117.737560342719,67.0433192862171,0.331,267.70001220703125,10.628654,True,,False,456305193.0,456305193.0,10.2003,10.6205,10.851
TIC_45684223,0.0,131.144247821916,-59.1973402663837,0.0,0.0,13.251593,True,,False,45684223.0,45684223.0,12.7818,13.2612,13.344
TIC_457138169,0.0,141.368144394114,50.9088380718979,0.097,13.670000076293945,9.590888,True,,False,457138169.0,457138169.0,9.22437,9.584,9.715
TIC_457743020,0.0,158.261736835585,-57.281521107399,0.0,0.0,13.268385,True,,False,457743020.0,457743020.0,12.9004,13.2814,13.427
TIC_457939414,0.0,158.670768829347,-59.7485151780486,0.084,8.402000427246094,10.588564,True,,False,457939414.0,457939414.0,10.1574,10.5893,10.858
TIC_458856474,0.0,161.140580262795,-59.7376206002823,0.228,31.68000030517578,7.663917,True,,True,458856474.0,458856474.0,5.666,7.6492,7.758
TIC_458857720,0.0,161.046866768482,-59.9251902612642,0.154,21.420000076293945,9.876418,True,,False,458857720.0,458857720.0,9.8678,9.87211,9.844
TIC_458876004,0.0,35.8378019086676,60.889975365258,0.019,0.683899998664856,12.447721,True,,False,458876004.0,458876004.0,11.9814,12.4591,12.586
TIC_458914949,0.0,48.4232936428732,61.9078829182162,0.209,59.38999938964844,10.473598,True,,False,458914949.0,458914949.0,10.2543,10.4709,10.446
TIC_459850897,0.0,163.714588655504,-58.5692782917568,0.145,25.510000228881836,10.400209,True,,False,459850897.0,459850897.0,10.2726,10.3951,10.154
TIC_459942762,0.0,60.2782643018641,4.54113957033093,0.094,10.399999618530273,8.635493,True,,False,459942762.0,459942762.0,8.2482,8.62496,8.77
TIC_459997997,0.0,156.250224429268,-60.5751808742302,0.068,5.552000045776367,10.662615,True,,False,459997997.0,459997997.0,10.4748,10.6603,10.518
TIC_460140752,0.0,156.738444720368,-60.6652620906713,9.819,87730.0,9.7698,True,,False,460140752.0,460140752.0,8.9301,9.48742,9.829
TIC_461080504,0.0,159.580244013615,-61.2898182274518,0.106,13.760000228881836,11.224952,True,,False,461080504.0,461080504.0,10.9572,11.2275,11.278
TIC_461271719,0.0,203.166616361905,-38.8459281424864,0.137,20.809999465942383,8.99726,True,,False,461271719.0,461271719.0,8.7823,8.98889,9.009
TIC_461387302,0.0,3.02159122553128,66.6505599504021,0.082,8.512999534606934,10.633293,True,,False,461387302.0,461387302.0,10.2763,10.6314,10.69
TIC_461538935,0.0,345.981067664179,85.4430471088924,0.096,12.649999618530273,11.949173,True,,False,461538935.0,461538935.0,11.5576,11.9551,12.1
TIC_461662295,0.0,124.446930639269,51.010580115737,0.144,28.09000015258789,10.444783,True,,False,461662295.0,461662295.0,9.92871,10.442,10.676
TIC_462162963,0.0,150.368334956976,-59.8517275497637,0.072,6.0879998207092285,12.489834,True,,False,462162963.0,462162963.0,12.3935,12.5009,12.434
TIC_462715015,0.0,270.73605187537,20.0693549294874,0.14,43.220001220703125,12.050433,True,,False,462715015.0,462715015.0,11.5578,12.0558,12.245
TIC_463203560,0.0,153.250564581853,-58.7634631504184,0.09,11.390000343322754,11.12193,True,,False,463203560.0,463203560.0,10.6758,11.1241,11.608
TIC_463681005,0.0,154.513835220797,-56.787892280585,0.0,0.0,13.937793,True,,False,463681005.0,463681005.0,13.5552,13.9502,14.051
TIC_464067218,0.0,155.307542340888,-58.5370108784252,0.571,320.20001220703125,12.727027,True,,False,464067218.0,464067218.0,11.2012,12.7856,16.565
TIC_464296022,0.0,155.831687930156,-57.5903451121075,3.401,13490.0,10.207124,True,,False,464296022.0,464296022.0,9.5706,10.1992,10.417
TIC_466318137,0.0,165.7320788246,-60.1968705366045,0.765,433.20001220703125,12.884622,True,,False,466318137.0,466318137.0,11.2789,12.8708,16.82
TIC_467006627,0.0,312.860435909622,2.61628338399798,0.137,31.489999771118164,11.913201,True,,False,467006627.0,467006627.0,11.499,11.9225,12.075
TIC_467281353,0.0,168.07666638368,-60.932638900462,0.028,0.9656000137329102,10.706378,True,,False,467281353.0,467281353.0,10.2081,10.7042,10.747
TIC_46772529,0.0,141.722812023551,-7.57910458197441,0.026,0.5418999791145325,13.474703,True,,False,46772529.0,46772529.0,12.8397,13.4919,13.697
TIC_467783290,0.0,62.6185982490234,32.3067924546702,0.112,16.989999771118164,12.923318,True,,False,467783290.0,467783290.0,12.4332,12.9346,13.127
TIC_468472950,0.0,321.283238430713,40.8878509146612,0.462,318.70001220703125,10.524948,True,,False,468472950.0,468472950.0,10.1277,10.5192,10.637
TIC_468828873,0.0,91.8722619516507,66.8578544871244,0.277,138.8000030517578,10.469319,True,,False,468828873.0,468828873.0,10.045,10.4668,10.55
TIC_468845640,0.0,337.833487802324,53.7959714414032,0.894,1182.0,10.970635,True,,False,468845640.0,468845640.0,10.3217,10.963,11.631
TIC_468977648,0.0,143.945436261923,-52.3713817755493,2.062,2345.0,13.905536,True,,False,468977648.0,468977648.0,13.0698,13.4212,13.539
TIC_469184909,0.0,148.534453307558,-57.048558405404,0.082,7.513999938964844,12.553867,True,,False,469184909.0,469184909.0,12.4794,12.5659,12.536
TIC_470315428,0.0,64.6483501895545,52.8649474940997,7.467,69760.0,10.821834,True,,False,470315428.0,470315428.0,10.2851,10.7509,11.006
TIC_470709084,0.0,357.36810493007,61.6827602624107,0.078,8.371999740600586,11.018741,True,,False,470709084.0,470709084.0,10.4433,11.0191,11.338
TIC_470852531,0.0,359.740831834192,61.5541464161755,0.132,24.31999969482422,10.641334,True,,False,470852531.0,470852531.0,10.2918,10.6406,10.86
TIC_470911286,0.0,1.12963047080263,66.4030205306954,0.036,1.0700000524520874,13.454472,True,,False,470911286.0,470911286.0,12.5225,13.4707,14.044
TIC_470974162,0.0,110.878806158611,50.349619131626,0.1,11.760000228881836,12.994365,True,,False,470974162.0,470974162.0,12.3794,13.0055,13.29
TIC_47484268,0.0,342.966435030439,-24.7874737902442,0.068,3.0950000286102295,13.666521,True,,False,47484268.0,47484268.0,12.4253,13.6902,15.46
TIC_47617038,0.0,220.350370448678,-33.9503854613498,0.089,7.561999797821045,8.28981,True,,False,47617038.0,47617038.0,7.6581,8.27918,8.43
TIC_48178229,0.0,99.1725820327704,-23.3097938660295,0.118,27.540000915527344,10.327124,True,,False,48178229.0,48178229.0,10.0386,10.3242,10.378
TIC_48188920,0.0,282.420783481483,48.0989454830443,0.102,14.880000114440918,9.924534,True,,False,48188920.0,48188920.0,9.5937,9.91996,10.074
TIC_48276576,0.0,148.086674845209,-34.9579050149223,0.0,0.0,13.971402,True,,False,48276576.0,48276576.0,13.5379,13.9845,14.206
TIC_48476907,0.0,150.152920589915,-34.6819501688162,1.145,2164.0,9.895103,True,,False,48476907.0,48476907.0,9.5359,9.88783,10.083
TIC_49617263,0.0,37.8850387049368,-40.0162555193852,0.094,15.0,10.705916,True,,False,49617263.0,49617263.0,10.2589,10.7049,10.881
TIC_49710555,0.0,352.164391769713,-10.8595861586685,0.112,10.260000228881836,12.726988,True,,False,49710555.0,49710555.0,12.3035,12.7363,12.943
TIC_49899799,0.0,48.8542647249497,-2.17528488224733,0.113,11.649999618530273,8.660398,True,,False,49899799.0,49899799.0,8.28222,8.64986,8.765
TIC_49967354,0.0,277.907750356366,13.8979606548419,0.067,6.184000015258789,11.485707,True,,False,49967354.0,49967354.0,10.879,11.4892,11.619
TIC_4999813,0.0,107.35836509691,-1.73215958679863,0.803,542.7999877929688,12.989728,True,,False,4999813.0,4999813.0,12.6063,13.0022,13.081
TIC_5024743,0.0,142.107260394161,-38.9474128610222,0.156,37.72999954223633,10.253738,True,,False,5024743.0,5024743.0,10.1015,10.2501,10.349
TIC_50309953,0.0,30.1973221665765,-77.6102326104154,0.101,17.09000015258789,10.295515,True,,False,50309953.0,50309953.0,9.7906,10.2935,10.402
TIC_50365310,0.0,112.35773412505,-12.6959595449479,0.288,109.9000015258789,9.617318,True,,False,50365310.0,50365310.0,9.604,9.61202,9.602
TIC_50943163,0.0,41.9041926959134,61.3063588865334,0.299,152.5,11.501384,True,,False,50943163.0,50943163.0,11.2351,11.5031,11.43
TIC_51024887,0.0,42.1541460591675,62.1897089490471,0.091,1.7730000019073486,15.384401,True,,False,51024887.0,51024887.0,14.9885,16.5406,15.869
TIC_5109298,0.0,107.598109268429,-5.43266157181111,0.147,27.969999313354492,10.694006,True,,False,5109298.0,5109298.0,10.6698,10.6932,10.584
TIC_51318828,0.0,305.113403397959,12.3089801440631,0.068,6.2220001220703125,11.806022,True,,False,51318828.0,51318828.0,11.3321,11.8169,11.927
TIC_52041724,0.0,14.1194913148162,65.6789897856071,0.962,1297.0,10.231548,True,,False,52041724.0,52041724.0,9.87542,10.2246,10.282
TIC_52548453,0.0,100.925707844663,-30.492008200525,0.091,11.699999809265137,10.559354,True,,False,52548453.0,52548453.0,10.1887,10.5576,10.727
TIC_53427308,0.0,118.881919084526,54.5966398602763,0.09,13.210000038146973,10.820542,True,,False,53427308.0,53427308.0,10.379,10.819,10.906
TIC_53593457,0.0,100.30600918133,-3.92555061838928,2.56,292.8999938964844,16.45481,True,,False,53593457.0,53593457.0,15.0404,16.3875,18.17
TIC_54044474,0.0,159.887880997789,-32.5119432270258,0.084,10.760000228881836,9.902565,True,,False,54044474.0,54044474.0,9.6306,9.89531,9.964
TIC_54085154,0.0,160.180151402298,-31.9271659588681,0.119,18.110000610351562,8.571823,True,,False,54085154.0,54085154.0,8.2046,8.56152,8.691
TIC_54364414,0.0,19.2341138916727,62.3517494623331,0.096,13.260000228881836,10.901004,True,,False,54364414.0,54364414.0,10.4608,10.8995,11.101
TIC_54390047,0.0,118.319562741796,-14.2188154160177,0.298,147.89999389648438,9.79049,True,,False,54390047.0,54390047.0,9.6952,9.78582,9.828
TIC_54464870,0.0,19.5954455416345,63.5450433678482,0.216,43.880001068115234,8.450657,True,,False,54464870.0,54464870.0,8.29254,8.43153,8.43
TIC_55383975,0.0,77.3835141531377,-64.026195342998,0.089,9.515000343322754,11.768436,True,,False,55383975.0,55383975.0,11.2595,11.7733,11.963
TIC_55452495,0.0,70.670393428764,-64.8851982001677,0.592,434.1000061035156,10.10766,True,,False,55452495.0,55452495.0,9.9524,10.1034,10.085
TIC_56231866,0.0,356.038422741148,26.4257029544282,0.076,8.704000473022461,9.989033,True,,False,56231866.0,56231866.0,9.3185,9.98302,10.293
TIC_5772442,0.0,111.766574949727,-7.12963746872442,1.299,3372.0,10.803038,True,,False,5772442.0,5772442.0,10.351,10.7981,10.715
TIC_5800958,0.0,78.9885131900153,22.0749728274234,0.066,6.379000186920166,12.277664,True,,False,5800958.0,5800958.0,11.9696,12.2897,12.662
TIC_58046864,0.0,275.164890026991,-39.2208899957792,0.0,0.0,13.896664,True,,False,58046864.0,58046864.0,13.4411,13.9094,14.064
TIC_58474992,0.0,65.8396589805608,24.8975566015205,0.439,211.60000610351562,13.06276,True,,False,58474992.0,58474992.0,12.1157,13.0701,13.708
TIC_59003115,0.0,57.2252994148346,13.4835342140472,0.129,31.5,11.8863,True,,False,59003115.0,59003115.0,11.3075,11.8935,12.178
TIC_59859387,0.0,110.369736758736,-45.5677871001128,0.125,24.950000762939453,10.584333,True,,False,59859387.0,59859387.0,10.2761,10.5828,10.735
TIC_60074373,0.0,111.092733911539,-44.0327384268491,1.061,172.6999969482422,15.67604,True,,False,60074373.0,60074373.0,14.6435,15.6831,16.26
TIC_61117473,0.0,226.954121924962,-28.1566060077064,0.055,3.556999921798706,12.522437,True,,False,61117473.0,61117473.0,12.123,12.5318,12.473
TIC_61733521,0.0,289.01776279374,-46.4806291302234,0.102,11.329999923706055,11.390988,True,,False,61733521.0,61733521.0,10.8911,11.3949,11.442
TIC_61980227,0.0,335.536883096737,-30.7638796051474,0.085,7.8480000495910645,12.387019,True,,False,61980227.0,61980227.0,12.0516,12.3934,12.588
TIC_62530991,0.0,132.542017665794,-2.97927601108576,0.083,10.819999694824219,10.415451,True,,False,62530991.0,62530991.0,9.8961,10.4108,10.442
TIC_63013648,0.0,117.591311319969,22.2815667386461,0.225,82.5199966430664,11.323526,True,,False,63013648.0,63013648.0,10.8481,11.3189,11.359
TIC_63303499,0.0,104.922737418747,-24.883997570481,0.128,29.260000228881836,10.607264,True,,False,63303499.0,63303499.0,10.194,10.6003,10.209
TIC_64531556,0.0,309.461456877643,37.1559582995033,0.058,5.7230000495910645,12.098536,True,,False,64531556.0,64531556.0,11.7018,12.1066,12.186
TIC_64553698,0.0,338.452566721893,57.5635114467851,0.063,4.933000087738037,10.558811,True,,False,64553698.0,64553698.0,10.1799,10.5572,10.645
TIC_64836837,0.0,338.796576800268,55.0310490269943,0.105,12.550000190734863,9.929631,True,,False,64836837.0,64836837.0,9.8115,9.92632,10.052
TIC_65347776,0.0,39.7250715107988,-27.3241619586878,0.089,12.220000267028809,11.467681,True,,False,65347776.0,65347776.0,10.9166,11.4737,11.824
TIC_66356824,0.0,12.0763061991261,-32.11934894339,0.106,10.380000114440918,12.87239,True,,False,66356824.0,66356824.0,12.4245,12.8816,13.129
TIC_6653897,0.0,81.0512825852461,20.5906686255291,0.104,16.25,11.882684,True,,False,6653897.0,6653897.0,11.4541,11.8923,12.097
TIC_66783360,0.0,341.970781874277,49.9180699092518,0.136,26.540000915527344,10.555536,True,,False,66783360.0,66783360.0,10.2107,10.5541,10.591
TIC_67247610,0.0,311.862254425266,37.117405404666,0.363,51.68000030517578,14.619705,True,,False,67247610.0,67247610.0,13.6106,14.6375,14.793
TIC_67309890,0.0,343.156375091358,48.5500847083189,0.125,23.1200008392334,10.626193,True,,False,67309890.0,67309890.0,10.2108,10.6178,10.884
TIC_67926921,0.0,127.945710888348,44.8323426867538,0.11,15.1899995803833,10.275276,True,,False,67926921.0,67926921.0,9.9841,10.2738,10.447
TIC_68152139,0.0,44.4019947421198,40.016761583546,0.104,10.829999923706055,10.568844,True,,False,68152139.0,68152139.0,10.1342,10.5674,10.781
TIC_68322189,0.0,236.159527058059,-58.1281980173188,0.099,8.12399959564209,13.075804,True,,False,68322189.0,68322189.0,12.5209,13.0881,13.279
TIC_686072378,0.0,68.2267183013898,-32.8873216012119,0.0,0.0,16.496534,True,,False,686072378.0,686072378.0,16.2463,16.5059,16.5695
TIC_69672493,0.0,77.3944841694364,24.3252941971692,0.077,8.996000289916992,12.451461,True,,False,69672493.0,69672493.0,9.6429,10.1858,10.3
TIC_69838258,0.0,337.921632736835,-21.9456793935302,0.076,7.702000141143799,12.460862,True,,False,69838258.0,69838258.0,12.0885,12.4696,12.623
TIC_69997672,0.0,294.824104710075,31.9581597894046,0.302,100.80000305175781,9.537042,True,,False,69997672.0,69997672.0,9.11458,9.48021,9.56
TIC_70887357,0.0,63.8574178579908,-16.9020120343287,0.27,101.4000015258789,9.120162,True,,False,70887357.0,70887357.0,8.64807,9.1107,9.293
TIC_71396541,0.0,116.069600762551,68.8261963741575,0.549,635.2999877929688,11.348512,True,,False,71396541.0,71396541.0,10.7386,11.3527,11.627
TIC_71401634,0.0,46.9055899584549,-17.8944181135323,0.0,0.0,13.753369,True,,False,71401634.0,71401634.0,13.1599,13.7663,13.947
TIC_71854732,0.0,26.2975525468172,54.5595890757756,1.217,1734.0,12.777065,True,,False,71854732.0,71854732.0,12.6532,12.7887,12.857
TIC_71854745,0.0,26.2994183919325,54.5684569963924,0.185,69.80000305175781,10.257111,True,,False,71854745.0,71854745.0,10.2146,10.253,10.357
TIC_73104318,0.0,61.7214769083984,58.4655166998105,0.09,11.529999732971191,10.049184,True,,False,73104318.0,73104318.0,9.46925,10.0424,10.279
TIC_73244652,0.0,122.519407670975,63.826251664912,0.072,9.994999885559082,12.209647,True,,False,73244652.0,73244652.0,11.8431,12.2222,12.152
TIC_73723286,0.0,155.636903848105,-40.5161632907814,0.081,11.890000343322754,9.581756,True,,False,73723286.0,73723286.0,9.1116,9.5754,9.756
TIC_74197917,0.0,137.285047425034,-46.1846589142603,0.744,167.0,14.808147,True,,False,74197917.0,74197917.0,13.7682,14.827,15.857
TIC_7439481,0.0,212.929133295901,-29.9740849075707,0.067,0.6739000082015991,15.249979,True,,False,7439481.0,7439481.0,14.0644,15.2735,15.544
TIC_74482749,0.0,137.518428307596,-43.9249802126936,0.173,38.88999938964844,9.241007,True,,False,74482749.0,74482749.0,9.1103,9.23309,9.247
TIC_75208638,0.0,138.741160368268,-45.1230001090478,0.061,5.13100004196167,12.047167,True,,False,75208638.0,75208638.0,11.7159,12.0552,12.366
TIC_75417968,0.0,308.688931757934,17.4036650528207,0.2,61.91999816894531,11.911634,True,,False,75417968.0,75417968.0,11.599,11.9193,11.542
TIC_75427473,0.0,85.2223069623106,25.8724361991722,0.071,8.480999946594238,9.531474,True,,False,75427473.0,75427473.0,8.96861,9.52481,9.826
TIC_7624182,0.0,64.3114247812931,-38.8441688281628,0.163,41.31999969482422,8.832299,True,,False,7624182.0,7624182.0,8.7929,8.8251,8.84
TIC_77031413,0.0,354.170176645956,-34.6118548397169,0.052,3.9590001106262207,11.985704,True,,False,77031413.0,77031413.0,11.4996,11.9905,12.1687
TIC_77228304,0.0,69.1161973183891,-41.2462372214856,0.762,12.760000228881836,17.553143,True,,False,77228304.0,77228304.0,15.7298,17.5792,
TIC_78672342,0.0,103.002808426215,-18.9544420432374,0.107,19.549999237060547,10.453693,True,,False,78672342.0,78672342.0,10.1347,10.4517,10.649
TIC_7904580,0.0,133.207398119068,-1.60655185948444,0.0,0.0,13.714927,True,,False,7904580.0,7904580.0,13.3008,13.7284,13.867
TIC_79395355,0.0,320.054167428094,-51.3099083247828,0.822,900.5999755859375,11.790538,True,,False,79395355.0,79395355.0,11.407,11.7987,11.772
TIC_80029842,0.0,121.232416703504,-47.7681484668557,0.044,2.3380000591278076,12.685099,True,,False,80029842.0,80029842.0,12.2896,12.6926,12.89
TIC_80275202,0.0,121.52625305536,-44.3751170613616,0.095,10.75,10.659812,True,,False,80275202.0,80275202.0,10.4989,10.6526,10.602
TIC_80478272,0.0,12.569587,27.568806,1.37,1928.0,12.137313,True,,False,80478272.0,80478272.0,11.224,,11.787
TIC_81212286,0.0,127.033288976573,56.4275616950096,0.0,0.0,13.620058,True,,False,81212286.0,81212286.0,12.507,13.6406,14.736
TIC_81231810,0.0,106.616458492768,-18.8080390858978,0.0,0.0,13.374836,True,,False,81231810.0,81231810.0,12.9,13.3864,13.493
TIC_81429971,0.0,123.178209190385,-42.935006425782,0.132,22.479999542236328,10.228319,True,,False,81429971.0,81429971.0,10.1356,10.2235,10.316
TIC_82010657,0.0,48.7529268505892,60.2382313407211,0.133,23.940000534057617,9.889559,True,,False,82010657.0,82010657.0,9.64805,9.88364,9.976
TIC_82302240,0.0,124.351467409355,-45.4065726073211,0.095,9.093000411987305,12.888794,True,,False,82302240.0,82302240.0,12.5225,12.898,13.065
TIC_82362447,0.0,124.249514234047,-47.6515128519381,0.189,2.7890000343322754,16.294434,True,,False,82362447.0,82362447.0,15.2474,16.3161,17.2
TIC_82707763,0.0,169.958952932394,-51.8660664715937,0.073,7.920000076293945,10.568367,True,,False,82707763.0,82707763.0,10.1405,10.5663,10.811
TIC_83053699,0.0,2.33555121818383,60.1590979440946,0.084,6.081999778747559,13.412764,True,,False,83053699.0,83053699.0,12.9214,13.4236,13.597
TIC_83210867,0.0,297.459329627337,34.8296184208155,0.08,7.605999946594238,10.359978,True,,False,83210867.0,83210867.0,9.94025,10.3579,10.527
TIC_86005116,0.0,327.043607795896,23.1124784720909,0.0,0.0,16.048231,True,,False,86005116.0,86005116.0,14.9131,16.0697,16.788
TIC_86280613,0.0,141.721201087467,61.6990820378678,0.247,92.47000122070312,9.851767,True,,False,86280613.0,86280613.0,9.5173,9.84636,9.993
TIC_86451883,0.0,298.561284366314,32.4258167574384,0.3,56.56999969482422,14.002302,True,,False,86451883.0,86451883.0,13.3911,14.0137,14.125
TIC_87044036,0.0,98.8539400366501,24.8359040868685,0.07,4.8470001220703125,12.724926,True,,False,87044036.0,87044036.0,12.3128,12.734,12.811
TIC_89510024,0.0,301.317725143665,30.6706963119813,0.965,680.5999755859375,13.772804,True,,False,89510024.0,89510024.0,9.577,13.7061,
TIC_89535068,0.0,127.28117990245,-57.1941127113009,0.308,137.8000030517578,10.771706,True,,False,89535068.0,89535068.0,10.3349,10.772,11.017
TIC_89643259,0.0,301.410842416701,33.0492279930961,1.632,3871.0,10.743698,True,,False,89643259.0,89643259.0,10.4813,10.737,10.568
TIC_89702406,0.0,127.650007025714,-58.5286330095339,6.351,52040.0,12.114202,True,,False,89702406.0,89702406.0,11.5252,12.0398,12.211
TIC_89759617,0.0,301.564677542467,35.5884050656019,0.781,783.4000244140625,10.654353,True,,False,89759617.0,89759617.0,10.4806,10.6507,10.646
TIC_89876424,0.0,301.520854611838,34.3153755579573,0.0,0.0,13.817435,True,,False,89876424.0,89876424.0,13.3403,13.8291,14.014
TIC_9032368,0.0,355.90186934398,-11.2694965396419,0.0,0.0,13.697598,True,,False,9032368.0,9032368.0,13.2889,13.7075,14.071
TIC_9033144,0.0,349.606182109168,-19.8239157912515,0.12,16.780000686645508,10.158985,True,,False,9033144.0,9033144.0,9.74346,10.1518,10.304
TIC_90448944,0.0,128.302386044535,-52.7142655398664,0.11,14.109999656677246,9.922306,True,,False,90448944.0,90448944.0,9.5719,9.91616,10.017
TIC_90504905,0.0,290.572370199919,26.3195554868421,0.0,0.0,14.986134,True,,False,90504905.0,90504905.0,13.7991,15.0096,16.27
TIC_90544017,0.0,128.45474179937,-49.940377305244,3.105,9679.0,8.90185,True,,False,90544017.0,90544017.0,8.7157,8.79233,8.813
TIC_9102327,0.0,350.779780704847,-19.4196718790123,0.171,40.11000061035156,11.689782,True,,False,9102327.0,9102327.0,11.3018,11.6947,11.906
TIC_91576611,0.0,284.157870367311,-29.398293318324,0.113,11.1899995803833,9.059047,True,,False,91576611.0,91576611.0,8.7823,9.05158,9.114
TIC_91869778,0.0,88.8416393677459,15.3785127937301,0.145,27.690000534057617,11.296749,True,,False,91869778.0,91869778.0,10.9521,11.3031,11.479
TIC_92013169,0.0,89.1652163395875,14.7856254856172,0.25,72.11000061035156,10.017469,True,,False,92013169.0,92013169.0,9.73965,10.014,10.069
TIC_92359850,0.0,52.2255918800622,-19.9797685511575,0.098,11.850000381469727,10.015845,True,,False,92359850.0,92359850.0,9.65521,10.0078,10.1
TIC_92783821,0.0,303.017381243891,35.5246644205802,0.118,19.84000015258789,10.452983,True,,False,92783821.0,92783821.0,10.2115,10.4513,10.527
TIC_93594834,0.0,114.420869114592,-7.33659433490181,0.087,11.220000267028809,10.838217,True,,False,93594834.0,93594834.0,10.3138,10.8367,10.926
TIC_93963408,0.0,115.046364890678,-9.08425868294742,0.206,59.5,9.997167,True,,False,93963408.0,93963408.0,10.0267,9.99244,10.09
TIC_95010343,0.0,114.312955429949,24.5157872229443,0.082,8.100000381469727,9.506341,True,,False,95010343.0,95010343.0,9.16636,9.50049,9.658
TIC_95122849,0.0,114.741990965063,29.4288278968643,0.09,8.670000076293945,12.519839,True,,False,95122849.0,95122849.0,12.0515,12.5258,12.611
TIC_95129101,0.0,114.932847674273,28.1201678502079,0.118,19.389999389648438,11.159177,True,,False,95129101.0,95129101.0,10.8508,11.1613,11.026
TIC_96246348,0.0,103.561670499712,-34.2228617831462,0.304,73.76000213623047,7.598622,True,,False,96246348.0,96246348.0,7.678,7.58408,7.33
TIC_96291218,0.0,73.0348393629056,30.2804024170288,0.835,1027.0,10.862293,True,,False,96291218.0,96291218.0,10.3614,10.8249,10.971
TIC_97158538,0.0,105.945537039484,-30.7264554115623,0.104,17.959999084472656,9.072933,True,,False,97158538.0,97158538.0,8.78334,9.06417,9.115
TIC_9727392,0.0,358.444730531975,-10.8849727959167,0.123,20.600000381469727,11.634248,True,,False,9727392.0,9727392.0,11.2932,11.6417,11.861
TIC_97700520,0.0,107.286083090328,-31.9335536155682,0.363,116.0999984741211,7.461679,True,,False,97700520.0,97700520.0,7.6095,7.45413,7.49
TIC_97735297,0.0,92.6749479794276,31.328409547973,0.97,1168.0,9.442479,True,,False,97735297.0,97735297.0,9.4098,9.4344,9.529
TIC_9804616,0.0,47.6431252858804,-9.27677936546685,1.401,234.39999389648438,15.366892,True,,False,9804616.0,9804616.0,14.1118,15.3981,16.79
TIC_98286422,0.0,108.496939845827,-34.9394195248833,0.0,0.0,13.666651,True,,False,98286422.0,98286422.0,13.1057,13.6782,13.868
TIC_9830791,0.0,70.2420581830836,57.5077385645896,0.0,0.0,13.66859,True,,False,9830791.0,9830791.0,13.1021,13.6806,13.854
TIC_9837861,0.0,70.5485584963089,54.2920691023376,0.093,12.289999961853027,10.514393,True,,False,9837861.0,9837861.0,9.9021,10.5118,10.938
TIC_98494121,0.0,290.986408777763,-36.9103884083648,0.083,10.140000343322754,11.557997,True,,False,98494121.0,98494121.0,10.9931,11.5621,11.513
TIC_98613492,0.0,79.7241109929486,47.547312522908,0.05,2.9560000896453857,12.300818,True,,False,98613492.0,98613492.0,11.8275,12.3107,12.453
TIC_99330090,0.0,189.829092229476,59.703471542587,0.114,21.8700008392334,11.52088,True,,False,99330090.0,99330090.0,11.1693,11.5264,11.24
TIC_100267480,0.0,306.843192294487,-53.2206074133002,0.028,0.4652999937534332,13.86376,True,,False,100267480.0,100267480.0,12.722,13.884,15.031
TIC_100589632,0.0,86.4590090257249,-32.9477780077437,0.07,8.260000228881836,11.768391,True,,False,100589632.0,100589632.0,11.1581,11.7759,11.889
TIC_101395259,0.0,148.720387015615,-23.3321502719464,0.095,12.609999656677246,10.522685,True,,False,101395259.0,101395259.0,10.1913,10.5211,10.706
TIC_101497191,0.0,149.225893138862,-33.7993136835825,12.914,137900.0,10.904787,True,,False,101497191.0,101497191.0,10.298,10.7745,11.087
TIC_101929303,0.0,299.273844172095,35.9883563002373,0.215,59.27000045776367,10.510868,True,,False,101929303.0,101929303.0,10.3075,10.5091,10.568
TIC_103245940,0.0,156.59616657314,-44.1774017174515,0.0,0.0,13.523892,True,,False,103245940.0,103245940.0,13.0742,13.5354,13.68
TIC_104022675,0.0,195.986673322544,-32.4364200848893,0.0,0.0,13.525441,True,,False,104022675.0,104022675.0,13.0326,13.5375,13.786
TIC_104195270,0.0,44.1144556560707,48.0090467781363,0.123,19.75,11.415613,True,,False,104195270.0,104195270.0,10.9988,11.4204,11.521
TIC_105387356,0.0,300.767533532161,31.0597202943504,0.252,105.4000015258789,11.840673,True,,False,105387356.0,105387356.0,11.4186,11.8482,11.889
TIC_105801221,0.0,156.685329590525,-38.0422519926111,0.106,18.899999618530273,9.975034,True,,False,105801221.0,105801221.0,9.6913,9.96976,10.053
TIC_106114491,0.0,301.080653261035,32.5015625956914,0.149,33.36000061035156,10.966994,True,,False,106114491.0,106114491.0,10.6372,10.9667,10.956
TIC_106224626,0.0,301.078804277104,34.3980330084913,0.0,1.8639999737273634e-15,14.133257,True,,False,106224626.0,106224626.0,13.4979,14.1442,14.4499
TIC_106997505,0.0,110.559949096621,-25.2070235594925,0.103,19.75,9.831047,True,,False,106997505.0,106997505.0,9.3003,9.82185,10.059
TIC_107728509,0.0,265.109381789831,-32.1240655694836,0.197,39.33000183105469,10.529609,True,,False,107728509.0,107728509.0,10.4304,10.528,10.627
TIC_108645766,0.0,112.445395367513,-28.4831777558872,0.067,1.9759999513626099,14.503422,True,,False,108645766.0,108645766.0,13.2312,14.5292,15.62
TIC_108835813,0.0,112.616718126078,-26.0806725053561,0.208,84.91000366210938,10.043402,True,,False,108835813.0,108835813.0,10.0813,10.0405,10.054
TIC_108939482,0.0,112.729885876287,-28.6842806572456,0.0,0.0,13.893455,True,,False,108939482.0,108939482.0,13.5295,13.9065,14.154
TIC_1101909431,0.0,231.127305113642,46.6953282937221,0.052,2.4639999866485596,13.192301,True,,False,1101909431.0,1101909431.0,12.5638,13.1978,13.4962
TIC_110428269,0.0,291.463077033113,25.1894565436453,0.159,37.959999084472656,8.961559,True,,False,110428269.0,110428269.0,8.90601,8.95466,8.98
TIC_110936761,0.0,297.922965779597,2.51949227131378,0.129,21.549999237060547,10.926958,True,,False,110936761.0,110936761.0,10.4519,10.9211,11.052
TIC_11111899,0.0,303.824800154918,36.6518027743854,1.277,1658.0,9.987351,True,,False,11111899.0,11111899.0,9.6996,9.89468,9.846
TIC_112395568,0.0,290.977213670598,-33.3513811723548,0.076,7.191999912261963,9.388984,True,,False,112395568.0,112395568.0,8.8849,9.38199,9.62
TIC_113295476,0.0,113.266627352599,-30.1041359924305,0.0,0.0,13.977067,True,,False,113295476.0,113295476.0,13.5689,13.9899,14.161
TIC_1133072,0.0,131.08590702365,-28.0765731074219,0.06,3.4839999675750732,13.782262,True,,False,1133072.0,1133072.0,12.625,13.8038,15.34
TIC_113553629,0.0,113.424064856761,-30.9960706905366,0.076,9.928000450134277,10.56406,True,,False,113553629.0,113553629.0,10.1989,10.5623,10.602
TIC_113919944,0.0,54.1652512229298,19.5659833329074,0.02,0.3400000035762787,13.040344,True,,False,113919944.0,113919944.0,12.55,13.0512,13.267
TIC_114103134,0.0,113.981451182456,-30.748704101866,0.141,38.38999938964844,11.915909,True,,False,114103134.0,114103134.0,11.6079,11.9259,12.014
TIC_115242351,0.0,6.1768826826106,-36.114411171627,0.0,0.0,13.702812,True,,False,115242351.0,115242351.0,13.1099,13.7111,13.985
TIC_115446313,0.0,252.471918377151,47.3167967570931,0.12,22.719999313354492,10.280415,True,,False,115446313.0,115446313.0,9.88372,10.2763,10.406
TIC_115564354,0.0,84.0062879329567,32.3168773894069,0.284,93.37999725341797,12.240053,True,,False,115564354.0,115564354.0,11.6985,12.2422,12.441
TIC_116257066,0.0,85.1510802366728,34.7966854587334,0.22,61.540000915527344,11.368562,True,,False,116257066.0,116257066.0,11.1843,11.3723,11.358
TIC_116608612,0.0,85.6632232071164,35.1857962029472,0.139,31.450000762939453,9.320524,True,,False,116608612.0,116608612.0,9.17041,9.31104,9.33
TIC_117068362,0.0,319.267295207203,33.1380384074629,0.145,37.38999938964844,12.324021,True,,False,117068362.0,117068362.0,12.1566,12.3375,12.369
TIC_117256577,0.0,300.419314956694,26.9716717535512,0.699,816.9000244140625,11.093469,True,,False,117256577.0,117256577.0,9.7032,11.0775,11.304
TIC_117322779,0.0,48.3522635163061,49.7837569501896,1.21,1031.0,13.868567,True,,False,117322779.0,117322779.0,10.485,13.9205,14.558
TIC_117689799,0.0,300.734984097719,24.4351807410053,0.062,6.380000114440918,12.033022,True,,False,117689799.0,117689799.0,11.6006,12.0567,12.238
TIC_117979694,0.0,71.9213357181593,-17.7450887445122,0.11,20.8700008392334,11.07425,True,,False,117979694.0,117979694.0,10.5094,11.0702,11.35
TIC_118021229,0.0,128.475327629083,-20.9406133593046,0.153,32.5,10.441602,True,,False,118021229.0,118021229.0,9.94733,10.4362,10.535
TIC_118301361,0.0,34.1958227656923,29.5704965679179,0.201,49.52000045776367,9.371354,True,,False,118301361.0,118301361.0,9.08054,9.36662,9.402
TIC_118308828,0.0,128.701616941442,-56.3318913366055,0.046,2.5759999752044678,12.588288,True,,False,118308828.0,118308828.0,12.1162,12.5966,12.768
TIC_119081096,0.0,136.238482652044,-18.502504731515,0.0,0.0,13.3979,True,,False,119081096.0,119081096.0,12.4268,13.416,14.128
TIC_11996814,0.0,31.1708183567759,65.2892244487907,0.048,3.678999900817871,12.549735,True,,False,11996814.0,11996814.0,11.6484,12.563,13.134
TIC_120269103,0.0,101.693876993792,-6.14477005375858,0.369,108.4000015258789,8.330964,True,,False,120269103.0,120269103.0,8.26522,8.31834,8.34
TIC_12036590,0.0,91.2337124990487,-1.13396481552769,0.131,25.40999984741211,11.684291,True,,False,12036590.0,12036590.0,10.9766,11.7016,12.046
TIC_120585579,0.0,4.45146757704489,-38.110814033556,0.217,47.86000061035156,12.948573,True,,False,120585579.0,120585579.0,12.5766,12.9547,13.046
TIC_120602501,0.0,337.686450167245,40.0039661365183,0.158,52.36000061035156,8.937259,True,,False,120602501.0,120602501.0,8.48216,8.92857,9.112
TIC_120723776,0.0,164.060269346036,-52.4821673044206,0.622,301.20001220703125,13.552477,True,,False,120723776.0,120723776.0,13.0015,13.5539,13.18
TIC_121966220,0.0,75.7977364380956,41.7858322053939,0.129,26.399999618530273,11.247412,True,,False,121966220.0,121966220.0,10.8001,11.2464,11.215
TIC_122220263,0.0,290.020842968204,36.6377054978848,0.087,10.65999984741211,9.40387,True,,False,122220263.0,122220263.0,9.03609,9.39754,9.546
TIC_122262940,0.0,133.238768908076,-57.9406159745942,0.122,16.899999618530273,10.606888,True,,False,122262940.0,122262940.0,10.2688,10.6072,10.731
TIC_122485078,0.0,76.8512664639782,36.2750884742517,0.078,9.902000427246094,10.418688,True,,False,122485078.0,122485078.0,10.0106,10.4154,10.553
TIC_123106490,0.0,113.755239134482,-43.8765534463309,0.09,12.960000038146973,11.636137,True,,False,123106490.0,123106490.0,11.3002,11.6416,11.791
TIC_124095888,0.0,196.285866811533,-31.9853172530756,0.094,11.960000038146973,11.880247,True,,False,124095888.0,124095888.0,11.5137,11.888,12.141
TIC_124543547,0.0,104.480685565259,-9.92475628910879,0.225,79.73999786376953,11.029458,True,,False,124543547.0,124543547.0,10.5672,11.0246,10.827
TIC_124702477,0.0,104.752529881028,-7.89742788470212,0.128,20.260000228881836,11.274526,True,,False,124702477.0,124702477.0,10.9539,11.2736,11.166
TIC_125894957,0.0,115.280398953454,-26.0709532660264,0.131,36.459999084472656,11.437253,True,,False,125894957.0,125894957.0,10.5484,11.4382,11.455
TIC_126733133,0.0,136.95517345269,-51.8671101651651,0.035,1.5720000267028809,10.459193,True,,False,126733133.0,126733133.0,10.027,10.4566,10.397
TIC_127315102,0.0,217.279821792518,-43.3618993982901,0.918,837.7000122070312,8.760623,True,,False,127315102.0,127315102.0,8.4672,8.75089,8.82
TIC_127425841,0.0,6.03068253198279,40.1656184459749,0.092,14.880000114440918,10.117174,True,,False,127425841.0,127425841.0,9.83204,10.1118,10.071
TIC_127476180,0.0,117.113326652269,-28.2048815662614,0.086,14.300000190734863,10.605409,True,,False,127476180.0,127476180.0,10.2957,10.6034,10.605
TIC_127793615,0.0,218.270245966655,-43.2984011025151,0.129,23.09000015258789,11.383077,True,,False,127793615.0,127793615.0,10.9805,11.3889,11.408
TIC_128463355,0.0,118.059570326815,-29.7140297228264,0.214,77.02999877929688,10.48974,True,,False,128463355.0,128463355.0,10.1078,10.479,10.511
TIC_128501004,0.0,339.033778174028,37.8407939833299,0.573,606.5,10.215477,True,,False,128501004.0,128501004.0,9.76952,10.211,10.298
TIC_129107501,0.0,341.85427078569,37.6910765859737,0.097,16.219999313354492,11.904919,True,,False,129107501.0,129107501.0,11.5102,11.9134,12.198
TIC_129432342,0.0,304.452791943679,-44.9684133504972,0.111,15.34000015258789,11.527781,True,,False,129432342.0,129432342.0,10.9198,11.5319,11.365
TIC_129539786,0.0,343.953924708849,39.6452387436646,0.188,43.08000183105469,9.602389,True,,False,129539786.0,129539786.0,9.24102,9.59614,9.713
TIC_129881395,0.0,119.489506119127,-28.1227085753389,0.0,0.0,13.894973,True,,False,129881395.0,129881395.0,13.4704,13.9075,13.924
TIC_130191319,0.0,119.754043764516,-25.6485185514658,0.059,7.309000015258789,12.501285,True,,False,130191319.0,130191319.0,12.1038,12.5139,12.622
TIC_13023738,0.0,347.084792687986,-29.5903195009421,0.023,0.5250999927520752,12.704732,True,,False,13023738.0,13023738.0,12.2524,12.7147,12.971
TIC_130611752,0.0,105.752116745477,-43.493081090639,0.158,23.68000030517578,13.286753,True,,False,130611752.0,130611752.0,12.8004,13.2976,13.424
TIC_131081852,0.0,189.762266348388,-31.9921502486101,4.492,19930.0,10.525934,True,,False,131081852.0,131081852.0,9.9575,10.423,10.434
TIC_131419878,0.0,118.037262228221,-37.7990548150213,0.528,372.0,9.161202,True,,False,131419878.0,131419878.0,8.8154,9.15315,9.284
TIC_131581522,0.0,118.347631365587,-36.8004221284355,0.063,2.5510001182556152,13.935455,True,,False,131581522.0,131581522.0,13.2864,13.9456,14.266
TIC_131581531,0.0,118.348168147743,-36.8030356441573,0.0,0.0,12.613553,True,,False,131581531.0,131581531.0,12.0536,12.6186,12.886
TIC_131979339,0.0,118.91364399241,-37.8577013661047,0.237,38.790000915527344,8.329077,True,,False,131979339.0,131979339.0,8.2268,8.31811,8.333
TIC_132320310,0.0,119.365419458173,-38.9702007265882,0.064,5.456999778747559,11.557829,True,,False,132320310.0,132320310.0,10.9602,11.5626,12.142
TIC_132534906,0.0,119.771889461326,-37.9007346183017,0.073,5.85099983215332,12.993553,True,,False,132534906.0,132534906.0,12.5874,13.0059,13.088
TIC_133505138,0.0,149.731678220905,-53.3015480617043,0.064,4.466000080108643,9.853718,True,,False,133505138.0,133505138.0,9.5115,9.84933,9.889
TIC_133654092,0.0,121.185111702167,-41.5598251598718,0.187,47.0099983215332,11.91342,True,,False,133654092.0,133654092.0,10.4527,11.929,13.743
TIC_134315574,0.0,107.356118309653,-44.6834793298872,0.0,0.0,13.638245,True,,False,134315574.0,134315574.0,13.205,13.6502,13.943
TIC_134396419,0.0,122.272949228071,-37.0618778228524,0.183,50.560001373291016,10.232407,True,,False,134396419.0,134396419.0,10.2681,10.2308,10.217
TIC_135083444,0.0,184.367060317869,19.8400051754549,0.166,31.780000686645508,10.465945,True,,False,135083444.0,135083444.0,10.0721,10.4649,10.501
TIC_136848581,0.0,317.747943046003,43.5519525010494,0.713,660.2999877929688,10.473412,True,,False,136848581.0,136848581.0,9.90482,10.4707,10.75
TIC_136971594,0.0,317.966686151483,43.592860042682,1.144,1919.0,9.596376,True,,False,136971594.0,136971594.0,9.1384,9.59026,9.784
TIC_137157546,0.0,30.021728220931,77.3690247828893,0.068,6.0920000076293945,12.671727,True,,False,137157546.0,137157546.0,12.0672,12.6801,12.909
TIC_137284119,0.0,318.235092701372,46.2680739036281,0.103,13.319999694824219,9.31966,True,,False,137284119.0,137284119.0,9.14819,9.31201,9.35
TIC_137500798,0.0,132.635180887586,82.9271966334614,0.088,11.90999984741211,10.615833,True,,False,137500798.0,137500798.0,10.3042,10.6141,10.693
TIC_137543637,0.0,136.220862748998,79.3552227994503,0.096,11.90999984741211,12.68576,True,,False,137543637.0,137543637.0,12.574,12.699,12.678
TIC_138017750,0.0,50.8005885608856,33.0783836260702,0.158,10.6899995803833,7.828032,True,,False,138017750.0,138017750.0,7.42812,7.81554,7.96
TIC_138361973,0.0,293.764996432772,37.5389307502406,0.092,11.399999618530273,10.158591,True,,False,138361973.0,138361973.0,9.7604,10.1538,10.27
TIC_138497780,0.0,96.2503020842925,33.0321570355093,0.058,3.5429999828338623,12.669417,True,,False,138497780.0,138497780.0,12.2337,12.679,12.813
TIC_138968089,0.0,295.101100622259,40.9866933589692,0.332,158.3000030517578,12.074525,True,,False,138968089.0,138968089.0,11.6459,12.0812,11.899
TIC_139118482,0.0,193.595321263145,30.2143995202047,0.114,19.989999771118164,11.702935,True,,False,139118482.0,139118482.0,11.3366,11.7079,11.838
TIC_139285736,0.0,348.03982099208,-45.0171326726725,0.126,33.83000183105469,12.603252,True,,False,139285736.0,139285736.0,11.9969,12.616,13.077
TIC_1400770435,0.0,264.961576963016,56.0789162515969,0.254,91.48999786376953,9.295163,True,,False,1400770435.0,1400770435.0,8.88797,9.28749,9.4101
TIC_1405997635,0.0,267.475228277401,-37.5313171440919,0.182,13.220000267028809,10.957169,True,,False,1405997635.0,1405997635.0,10.3147,10.5713,10.6336
TIC_140830390,0.0,75.6272819474799,-72.9141390596773,0.032,1.2649999856948853,12.199888,True,,False,140830390.0,140830390.0,11.7106,12.1984,12.388
TIC_141227133,0.0,129.315385130441,-47.3835040224418,0.244,79.29000091552734,11.733105,True,,False,141227133.0,141227133.0,10.251,11.7417,13.454
TIC_141405814,0.0,117.121122636658,-19.3402109069791,0.156,34.20000076293945,9.758553,True,,False,141405814.0,141405814.0,9.7402,9.75614,9.789
TIC_141412823,0.0,84.2373341856163,-75.6114818942467,0.119,17.079999923706055,10.82826,True,,False,141412823.0,141412823.0,10.4078,10.8263,10.966
TIC_141616639,0.0,108.817955735709,81.2214456570604,0.0,0.0,13.162569,True,,False,141616639.0,141616639.0,12.3454,13.1791,13.485
TIC_141631253,0.0,129.802705451105,-44.3700754056949,0.099,14.369999885559082,11.164138,True,,False,141631253.0,141631253.0,10.8521,11.166,11.301
TIC_141663464,0.0,228.629149075387,-43.3870185326076,0.214,34.7400016784668,7.295198,True,,False,141663464.0,141663464.0,7.185,7.27858,7.302
TIC_141776043,0.0,117.712542601315,-21.0157369961804,0.097,15.25,11.617056,True,,False,141776043.0,141776043.0,11.2295,11.6223,11.753
TIC_142087638,0.0,98.4423779664364,-74.1901230405902,0.084,9.482999801635742,11.560873,True,,False,142087638.0,142087638.0,11.1464,11.5628,11.526
TIC_142090065,0.0,79.0736590848513,79.7376706381447,0.107,15.020000457763672,9.268977,True,,False,142090065.0,142090065.0,9.01249,9.26149,9.284
TIC_142918609,0.0,119.34996570686,-19.5160313897282,2.091,6284.0,9.99447,True,,False,142918609.0,142918609.0,9.7925,9.98485,10.097
TIC_142938659,0.0,52.647164539322,-35.203695527776,0.036,0.313400000333786,15.163349,True,,False,142938659.0,142938659.0,13.8371,15.1935,
TIC_143032776,0.0,167.255487778105,-10.1883473965395,0.0,0.0,15.832112,True,,False,143032776.0,143032776.0,14.667,15.8621,16.88
TIC_143350972,0.0,82.2463667546743,-17.4292405489965,0.113,12.569999694824219,8.125704,True,,False,143350972.0,143350972.0,7.6818,8.11434,8.27
TIC_143526444,0.0,125.645063477944,-19.2546344744711,0.074,9.133999824523926,9.818235,True,,False,143526444.0,143526444.0,9.3309,9.81134,9.924
TIC_144043410,0.0,126.755133176297,-20.6801494200052,0.446,288.79998779296875,10.828034,True,,False,144043410.0,144043410.0,10.5484,10.8246,10.749
TIC_144440290,0.0,359.161503514231,-44.7190780336752,0.206,54.5099983215332,9.213936,True,,False,144440290.0,144440290.0,8.7635,9.20639,9.37
TIC_144956678,0.0,122.068644506832,-35.5594893601664,0.078,10.180000305175781,10.371299,True,,False,144956678.0,144956678.0,9.9071,10.3653,10.539
TIC_1449756,0.0,75.1748721429611,-34.8158951655001,0.103,17.729999542236328,11.160726,True,,False,1449756.0,1449756.0,10.8256,11.1627,11.457
TIC_145027461,0.0,122.257489123391,-30.7879516991902,0.342,241.6999969482422,10.979136,True,,False,145027461.0,145027461.0,10.4029,10.9761,11.232
TIC_145982812,0.0,133.145266794189,-50.0088337163671,0.08,7.651000022888184,10.705686,True,,False,145982812.0,145982812.0,10.4708,10.7047,10.7
TIC_146208651,0.0,133.457689207426,-48.8125930675627,0.083,9.371999740600586,10.389314,True,,False,146208651.0,146208651.0,9.796,10.386,10.637
TIC_146244533,0.0,133.542119164146,-48.0728168218394,0.096,11.800000190734863,10.667337,True,,False,146244533.0,146244533.0,10.5387,10.6647,10.768
TIC_146261607,0.0,123.581929843959,-34.8193425781037,0.217,65.62000274658203,10.178024,True,,False,146261607.0,146261607.0,10.1749,10.1763,10.287
TIC_146434840,0.0,75.360746856187,-22.3822436675387,0.093,19.84000015258789,9.880316,True,,False,146434840.0,146434840.0,9.49344,9.8737,9.987
TIC_146463781,0.0,123.8855590592,-31.5568183520724,0.097,1.2890000343322754,15.858409,True,,False,146463781.0,146463781.0,14.7034,15.8802,17.46
TIC_146467675,0.0,76.0819105158503,-20.7312657798347,0.085,11.930000305175781,10.09822,True,,False,146467675.0,146467675.0,9.70467,10.0934,10.198
TIC_146836153,0.0,124.319243796772,-30.6328350711632,0.888,574.7999877929688,13.771482,True,,False,146836153.0,146836153.0,13.3181,13.7718,13.969
TIC_146846569,0.0,160.891372718662,-44.6223867523195,0.0,0.0,19.544075,True,,False,146846569.0,146846569.0,15.173,16.7623,18.26
TIC_147340931,0.0,162.916876821553,-44.9847071078511,0.099,16.780000686645508,10.856915,True,,False,147340931.0,147340931.0,10.5287,10.855,10.711
TIC_147576037,0.0,144.341553043348,68.4586574715858,0.077,8.154999732971191,10.037727,True,,False,147576037.0,147576037.0,9.6043,10.0326,10.167
TIC_147660201,0.0,163.909423291787,-42.849357099734,0.369,325.70001220703125,11.73045,True,,False,147660201.0,147660201.0,11.1557,11.7345,11.964
TIC_147895461,0.0,163.757827863299,67.0436291426154,0.073,6.7129998207092285,12.78662,True,,False,147895461.0,147895461.0,12.4322,12.7976,12.941
TIC_148233571,0.0,101.346537464341,-41.249182501072,0.06,4.392000198364258,12.682095,True,,False,148233571.0,148233571.0,12.2082,12.6904,12.739
TIC_148659924,0.0,114.864448621227,-32.9037709696093,0.18,46.189998626708984,10.270162,True,,False,148659924.0,148659924.0,10.3437,10.2702,10.235
TIC_149126400,0.0,81.0241989608288,-63.0279345754661,,,,False,,False,149126400.0,149126400.0,15.764,16.7881,17.67
TIC_149282072,0.0,279.147082813179,16.4524249750558,0.103,14.819999694824219,11.050072,True,,False,149282072.0,149282072.0,10.4787,11.0489,11.249
TIC_150271680,0.0,94.7543934828676,-63.8645175687779,2.712,10140.0,9.982249,True,,False,150271680.0,150271680.0,9.5215,9.97597,10.22
TIC_151728428,0.0,304.882612620484,-8.29836151498957,0.099,12.40999984741211,11.964333,True,,False,151728428.0,151728428.0,10.9951,11.9757,12.561
TIC_151930063,0.0,119.619184652376,-35.6645727359927,0.0,0.0,13.309234,True,,False,151930063.0,151930063.0,12.8919,13.3203,13.536
TIC_151959065,0.0,168.998514235153,-36.4594031734337,0.096,13.479999542236328,12.289422,True,,False,151959065.0,151959065.0,11.955,12.2999,12.446
TIC_15247229,0.0,306.730819562258,38.9322603525069,0.14,27.040000915527344,9.997334,True,,False,15247229.0,15247229.0,9.88658,9.99318,10.02
TIC_152714791,0.0,304.628833033987,-30.6487873722408,0.085,11.279999732971191,10.977838,True,,False,152714791.0,152714791.0,10.3486,10.9765,11.487
TIC_153027658,0.0,48.726283782502,-44.9617561652522,1.883,5729.0,10.665605,True,,False,153027658.0,153027658.0,10.2413,10.6562,10.867
TIC_153651591,0.0,121.00928462032,-26.1657033615802,0.139,41.72999954223633,10.557619,True,,False,153651591.0,153651591.0,10.5259,10.5563,10.451
TIC_154459165,0.0,122.034505896816,-28.0660925452483,0.07,9.166999816894531,11.019665,True,,False,154459165.0,154459165.0,10.4259,11.0206,11.456
TIC_154867950,0.0,188.360492875814,84.6791459951992,0.087,10.649999618530273,9.200377,True,,False,154867950.0,154867950.0,8.68013,9.19298,9.41
TIC_154927364,0.0,207.874828727292,84.0715803263222,0.085,10.470000267028809,10.668459,True,,False,154927364.0,154927364.0,10.249,10.6695,10.715
TIC_155005217,0.0,345.243835423342,42.5493175561846,0.317,206.89999389648438,10.518377,True,,False,155005217.0,155005217.0,10.4216,10.5135,10.593
TIC_155114483,0.0,345.748383811547,44.5648873411419,0.118,26.860000610351562,9.370904,True,,False,155114483.0,155114483.0,9.25068,9.36369,9.389
TIC_15565627,0.0,307.016678278367,39.8771895281,0.087,11.170000076293945,10.680373,True,,False,15565627.0,15565627.0,10.3332,10.6782,10.73
TIC_155807906,0.0,123.825674674767,-29.2316279368838,0.13,16.190000534057617,13.431307,True,,False,155807906.0,155807906.0,13.0777,13.4387,13.585
TIC_155947004,0.0,227.305781603098,44.7009883915536,0.071,7.497000217437744,12.582405,True,,False,155947004.0,155947004.0,11.8993,12.5921,12.927
TIC_155995204,0.0,7.65854607582995,-52.0493754273401,0.0,0.0,13.941875,True,,False,155995204.0,155995204.0,13.5281,13.9554,14.225
TIC_156678143,0.0,71.7934551021628,37.7127859527434,0.164,43.56999969482422,11.643111,True,,False,156678143.0,156678143.0,11.0139,11.6485,11.972
TIC_156816238,0.0,140.46209946701,38.618977807114,0.0,0.0,13.150294,True,,False,156816238.0,156816238.0,12.7553,13.1624,13.269
TIC_15682927,0.0,306.988845840964,37.1463556444679,0.068,5.14300012588501,12.822803,True,,False,15682927.0,15682927.0,12.3886,12.8333,12.98
TIC_156991337,0.0,99.9538772051992,-42.045276678691,0.169,43.66999816894531,10.678822,True,,False,156991337.0,156991337.0,10.234,10.6723,10.758
TIC_157528286,0.0,106.633123962372,-38.0545131438468,0.032,0.9196000099182129,13.500184,True,,False,157528286.0,157528286.0,13.0556,13.5131,13.665
TIC_157568289,0.0,106.767428913132,-36.7708344393807,0.078,8.491999626159668,10.863708,True,,False,157568289.0,157568289.0,10.4091,10.8618,11.173
TIC_15827263,0.0,280.505821320782,17.3108212980108,1.246,2757.0,11.214829,True,,False,15827263.0,15827263.0,10.4263,11.1963,11.477
TIC_158551257,0.0,287.570603653308,43.5317498322526,0.721,162.1999969482422,14.829871,True,,False,158551257.0,158551257.0,14.2502,14.7289,14.786
TIC_158916431,0.0,269.990005810526,29.6552115296693,0.119,25.020000457763672,10.140507,True,,False,158916431.0,158916431.0,9.9094,10.137,10.222
TIC_159334269,0.0,233.694826371903,79.4498026749468,0.0,0.0,13.706521,True,,False,159334269.0,159334269.0,13.3675,13.7188,13.889
TIC_159510109,0.0,247.535191204545,80.3074790983941,0.155,24.829999923706055,9.266338,True,,False,159510109.0,159510109.0,8.8523,9.26047,9.329
TIC_160162987,0.0,242.364092361313,84.4909060089927,0.146,30.90999984741211,11.233869,True,,False,160162987.0,160162987.0,10.7791,11.2317,11.203
TIC_160268701,0.0,182.539366127525,77.3522456660139,0.65,500.1000061035156,9.006135,True,,False,160268701.0,160268701.0,8.63287,8.99679,9.077
TIC_16102323,0.0,307.336600620712,37.5085803774646,0.138,26.780000686645508,9.309411,True,,False,16102323.0,16102323.0,9.3297,9.30319,9.4
TIC_161156159,0.0,190.132458141375,-48.7409044536785,0.071,8.947999954223633,10.679991,True,,False,161156159.0,161156159.0,10.1854,10.6785,10.753
TIC_161450762,0.0,309.275852109022,32.4710192881997,0.794,345.8999938964844,14.126794,True,,False,161450762.0,161450762.0,9.711,14.1771,
TIC_16187321,0.0,307.377002279032,36.9707954129334,0.069,7.796999931335449,12.079544,True,,False,16187321.0,16187321.0,11.7211,12.0884,12.389
TIC_162246865,0.0,168.871609629255,-44.4288819440524,0.083,12.479999542236328,10.712715,True,,False,162246865.0,162246865.0,10.361,10.7111,10.845
TIC_162577466,0.0,243.935950929991,48.3254369570697,0.0,0.0,13.607489,True,,False,162577466.0,162577466.0,13.1815,13.6187,13.815
TIC_162729620,0.0,170.889883634059,-45.6470597320176,0.066,6.511000156402588,12.751051,True,,False,162729620.0,162729620.0,12.3613,12.7631,12.927
TIC_165523947,0.0,316.813887850521,40.1671873273063,0.059,5.533999919891357,10.608624,True,,False,165523947.0,165523947.0,10.2918,10.6059,10.697
TIC_166184426,0.0,206.104235507078,-40.3367126539674,0.272,100.9000015258789,12.434232,True,,False,166184426.0,166184426.0,11.1825,12.446,12.911
TIC_166190643,0.0,317.541055884345,38.2395846103521,0.106,16.559999465942383,12.194067,True,,False,166190643.0,166190643.0,11.7528,12.2037,12.274
TIC_166697854,0.0,35.737343756543,-53.0702282374256,0.144,29.3799991607666,11.181624,True,,False,166697854.0,166697854.0,10.8387,11.1839,11.439
TIC_167009792,0.0,95.1016831137145,-66.400697043063,0.105,11.930000305175781,8.93853,True,,False,167009792.0,167009792.0,8.5122,8.93262,9.094
TIC_167031605,0.0,93.9210236203322,11.8326314337029,0.354,141.8000030517578,10.004934,True,,False,167031605.0,167031605.0,9.9534,10.0043,9.91
TIC_167098530,0.0,318.626814681565,40.016684809058,0.055,4.359000205993652,9.863201,True,,False,167098530.0,167098530.0,9.3213,9.85479,10.104
TIC_167418898,0.0,99.6095152377109,-67.6561731800613,5.163,34890.0,10.711529,True,,False,167418898.0,167418898.0,10.2401,10.6234,10.75
TIC_167754523,0.0,104.181646593159,-60.6869882693656,0.054,3.571000099182129,9.754526,True,,False,167754523.0,167754523.0,9.1536,9.74846,10.05
TIC_168871868,0.0,65.1006524538832,-31.081569403312,0.1,17.239999771118164,11.845511,True,,False,168871868.0,168871868.0,11.402,11.852,12.091
TIC_169177766,0.0,297.3000296038,41.3268399234953,0.173,35.7400016784668,10.176513,True,,False,169177766.0,169177766.0,10.1617,10.1731,10.146
TIC_169187982,0.0,297.295920388111,38.8572391156711,0.0,0.0,13.722409,True,,False,169187982.0,169187982.0,13.33,13.7344,13.87
TIC_169532369,0.0,78.0988756232784,-13.6056145695827,0.129,34.38999938964844,11.875587,True,,False,169532369.0,169532369.0,11.5781,11.8831,12.03
TIC_17005768,0.0,20.6105697550288,26.9257488919661,47.341,1963000.0,10.649098,True,,False,17005768.0,17005768.0,9.9176,10.3711,10.56
TIC_170103435,0.0,101.397604517382,-46.5656822999027,0.601,480.79998779296875,10.460368,True,,False,170103435.0,170103435.0,10.0879,10.4576,10.432
Teegarden's_Star,1.0,43.2691449,16.8649024,0.561,283.0,12.263103,True,,False,,,,,
TIC_1001477809,0.0,213.806242,67.760539,0.068,2.434000015258789,13.530228,True,,False,1001477809.0,1001477809.0,13.0949,13.5249,
TIC_1100766816,0.0,238.501017,19.596887,0.54,367.8999938964844,10.700929,True,,False,1100766816.0,1100766816.0,10.0943,10.6857,10.9446
TIC_1400212743,0.0,267.354593,40.457105,0.182,46.22999954223633,10.914542,True,,False,1400212743.0,1400212743.0,10.5163,10.9027,11.0184
TIC_161687209,0.0,236.054241,58.553688,0.0,0.0,13.581508,True,,False,161687209.0,161687209.0,12.8161,13.5916,13.707
TIC_1717732429,0.0,282.474539,55.26639,0.346,137.3000030517578,10.548693,True,,False,1717732429.0,1717732429.0,10.3018,10.5325,10.5869
TIC_1965256662,0.0,308.561885,35.395204,0.05,3.765000104904175,12.397672,True,,False,1965256662.0,1965256662.0,11.9683,12.4052,12.5488
TIC_1976308113,0.0,314.895323,52.396406,0.098,4.59499979019165,13.527216,True,,False,1976308113.0,1976308113.0,13.0852,13.5152,
TIC_1979500576,0.0,314.040517,57.708367,0.323,100.0,12.894743,True,,False,1979500576.0,1979500576.0,12.2546,12.8335,13.0811
TIC_2041563029,0.0,346.517442,43.898633,12.468,136200.0,10.944324,True,,False,2041563029.0,2041563029.0,10.0526,10.5768,10.7795
TIC_258777134,0.0,286.74788,71.7136,0.239,75.30000305175781,10.50392,True,,False,258777134.0,258777134.0,10.451,,
TIC_286696848,0.0,72.799655,50.096898,0.0,0.0,13.819275,True,,False,286696848.0,286696848.0,12.8814,13.8347,13.095
TIC_365683032,0.0,312.179957,51.910696,0.181,30.1299991607666,8.823737,True,,False,365683032.0,365683032.0,8.78822,8.8117,8.8316
TIC_387664868,0.0,323.550356,50.481865,0.108,18.31999969482422,11.394627,True,,False,387664868.0,387664868.0,10.8823,11.3952,11.5934
TIC_841226527,0.0,150.891937,67.990378,0.114,24.440000534057617,11.9981,True,,False,841226527.0,841226527.0,11.4794,11.9937,12.1889
TIC_200385493,1.0,,,,,,False,,False,200385493.0,200385493.0,7.05289,8.06198,8.86
TIC_453789494,1.0,,,,,,False,,False,453789494.0,453789494.0,10.7316,11.0099,10.988
TIC_21113347,1.0,,,,,,False,,False,21113347.0,21113347.0,11.4007,11.7679,11.572
TIC_125520907,1.0,,,,,,False,,False,125520907.0,125520907.0,10.0651,10.5636,10.791
TIC_65910228,1.0,,,,,,False,,False,65910228.0,65910228.0,9.73414,10.1061,10.225
TIC_345143460,1.0,,,,,,False,,False,345143460.0,345143460.0,10.1128,10.6815,10.953
TIC_156514476,1.0,,,,,,False,,False,156514476.0,156514476.0,11.4834,11.8477,11.985
TIC_302070274,1.0,,,,,,False,,False,302070274.0,302070274.0,7.5248,8.26449,8.69
TIC_341630071,1.0,,,,,,False,,False,341630071.0,341630071.0,10.7047,11.098,11.098
TIC_30499203,0.0,,,,,,False,,False,30499203.0,30499203.0,13.5137,13.9886,14.179
TIC_229671380,1.0,,,,,,False,,False,229671380.0,229671380.0,11.0672,11.4796,11.172
TIC_314835525,1.0,,,,,,False,,False,314835525.0,314835525.0,10.6568,11.2091,11.413
TIC_73448352,1.0,,,,,,False,,False,73448352.0,73448352.0,10.1868,10.5474,10.609
TIC_379084450,1.0,,,,,,False,,False,379084450.0,379084450.0,7.7547,8.93343,9.98
TIC_291013124,0.0,,,,,,False,,False,291013124.0,291013124.0,14.5979,15.7961,17.2
TIC_100769500,0.0,,,,,,False,,False,100769500.0,100769500.0,12.2652,12.7347,12.85
TIC_144441148,0.0,,,,,,False,,False,144441148.0,144441148.0,8.70842,9.07801,9.2
TIC_65672998,1.0,,,,,,False,,False,65672998.0,65672998.0,6.6155,7.00788,7.1634
TIC_135100529,1.0,,,,,,False,,False,135100529.0,135100529.0,14.4733,15.5961,17.75
TIC_404456775,1.0,,,,,,False,,False,404456775.0,404456775.0,14.5372,15.7534,16.29
TIC_161687211,1.0,,,,,,False,,False,161687211.0,161687211.0,13.7088,14.757,15.5219
TIC_159303995,1.0,,,,,,False,,False,159303995.0,159303995.0,11.6906,12.1125,12.675
TIC_298297931,1.0,,,,,,False,,False,298297931.0,298297931.0,9.63105,10.0895,10.324
TIC_392572237,1.0,,,,,,False,,False,392572237.0,392572237.0,7.321,8.52158,9.7
TIC_262746281,1.0,,,,,,False,,False,262746281.0,262746281.0,9.74179,10.1639,10.312
TIC_165598669,1.0,,,,,,False,,False,165598669.0,165598669.0,13.4832,14.3011,14.834
TIC_283621618,1.0,,,,,,False,,False,283621618.0,283621618.0,8.2942,8.61,8.703
TIC_308396509,0.0,,,,,,False,,False,308396509.0,308396509.0,13.2317,13.6421,13.795
TIC_280830734,0.0,,,,,,False,,False,280830734.0,280830734.0,9.4668,9.81655,9.978
TIC_362709886,0.0,,,,,,False,,False,362709886.0,362709886.0,9.5502,9.94638,10.2
TIC_100099031,0.0,,,,,,False,,False,100099031.0,100099031.0,13.4735,14.0564,14.282
TIC_153896150,0.0,,,,,,False,,False,153896150.0,153896150.0,11.8522,12.3604,12.371
TIC_42763678,0.0,,,,,,False,,False,42763678.0,42763678.0,12.7993,13.2999,13.465
TIC_324609476,0.0,,,,,,False,,False,324609476.0,324609476.0,14.9276,16.1337,17.2662
TIC_123627908,0.0,,,,,,False,,False,123627908.0,123627908.0,10.1083,10.497,10.658
TIC_66497310,0.0,,,,,,False,,False,66497310.0,66497310.0,12.4115,12.8442,13.046
TIC_160222069,0.0,,,,,,False,,False,160222069.0,160222069.0,10.717,11.1332,10.981
TIC_38603673,0.0,,,,,,False,,False,38603673.0,38603673.0,9.5473,9.83389,9.863
TIC_260304296,0.0,,,,,,False,,False,260304296.0,260304296.0,9.1099,9.40301,9.486
TIC_231076038,0.0,,,,,,False,,False,231076038.0,231076038.0,12.0635,12.3314,12.625
TIC_395514100,0.0,,,,,,False,,False,395514100.0,395514100.0,12.4957,12.9208,12.496
TIC_161223358,0.0,,,,,,False,,False,161223358.0,161223358.0,14.9333,16.0593,16.9978
TIC_38680052,0.0,,,,,,False,,False,38680052.0,38680052.0,15.7438,17.0738,
TIC_219338557,0.0,,,,,,False,,False,219338557.0,219338557.0,9.9762,10.7241,11.551
TIC_2758565,0.0,,,,,,False,,False,2758565.0,2758565.0,12.3611,12.7992,13.064
TIC_410450228,0.0,,,,,,False,,False,410450228.0,410450228.0,10.6845,10.9051,10.885
TIC_31553893,0.0,,,,,,False,,False,31553893.0,31553893.0,9.3781,9.86683,10.09
TIC_70785910,0.0,,,,,,False,,False,70785910.0,70785910.0,12.2494,12.6793,12.799
TIC_251878904,0.0,,,,,,False,,False,251878904.0,251878904.0,13.5477,14.0293,14.328
TIC_9100874,0.0,,,,,,False,,False,9100874.0,9100874.0,13.1198,13.5714,13.817
