host,label,ra,dec,absb,gl,ebv_sandf,ebv_sfd
16_Cyg_B,1.0,295.4656422,50.5168243,13.204463825320884,83.33558266321069,0.1085,0.1262
2MASS_J01225093-2439505,1.0,20.7128012,-24.6646128,82.51990013924377,195.45384833562343,0.0141,0.0164
2MASS_J11550485-7919108,1.0,178.7691634,-79.3197558,16.744699062076066,300.2313739489012,0.722,0.8396
2MASS_J12073346-3932539,1.0,181.8890906,-39.5484399,22.543093032053118,293.7901063642992,0.0806,0.0937
2MASS_J19383260+4603591,1.0,294.6359173,46.0664076,11.674264607442609,79.01875704063416,0.1355,0.1576
4_UMa,1.0,130.0528099,64.3280504,35.956544639138635,151.35881566845129,0.0879,0.1022
55_Cnc_B,1.0,133.167908,28.3152863,37.71118265653761,196.81867577656413,0.0341,0.0397
BD+14_4559,1.0,318.4010002,14.6893834,22.631719345332233,64.41837001961443,0.0768,0.0894
BD+20_594,1.0,53.6511231,20.5990205,28.05347590784385,166.79659784123777,0.1775,0.2064
BD+55_362,1.0,23.9636676,56.6982282,5.64656573138883,129.03162838545882,0.4761,0.5536
BD-06_1339,1.0,88.2511811,-5.9963378,15.716019656620475,211.6579717265136,0.3539,0.4115
BD-10_3166,1.0,164.6191243,-10.7704227,43.23793062665308,263.2846732076088,0.0226,0.0262
BD-11_4672,1.0,278.3688659,-11.6370481,1.3595912064491205,20.542868360185253,3.8417,4.467
BEBOP-3,1.0,110.902655,79.1323952,28.11769000071784,135.1519304588071,0.0304,0.0353
BEBOP-4_A,1.0,192.5772651,26.1595358,88.99898217988184,288.273262810824,0.0095,0.011
Barnard's_star,1.0,269.4486144,4.7379808,14.085853198547047,31.048150976271053,0.1576,0.1832
CT_Cha,1.0,166.0375038,-76.4553693,14.909289925332299,296.65358589041017,0.6388,0.7428
CoRoT-10,1.0,291.0636813,0.7460143,6.952992480978943,37.36069392872283,0.4201,0.4885
CoRoT-11,1.0,280.6872998,5.9376586,4.6300505866817625,37.240092826787304,0.8594,0.9993
CoRoT-13,1.0,102.7211432,-5.0864557,2.4396646167745613,217.39860392559626,0.9577,1.1136
CoRoT-14,1.0,103.4242023,-5.5360385,2.020591155424803,218.11786880685298,1.2343,1.4352
CoRoT-17,1.0,278.699236,-6.612288,0.6663126417550366,25.152992742433078,6.5849,7.6568
CoRoT-21,1.0,101.0526207,-0.2991544,1.7444713586038052,212.37415072359937,0.5054,0.5876
CoRoT-32,1.0,100.1951714,9.2573953,1.8637346077367605,203.48237201432718,1.234,1.4348
CoRoT-8,1.0,291.5885696,1.4262972,7.104259598172918,38.21285736202805,0.4073,0.4736
DENIS-P_J082303.1-491201,1.0,125.7620668,-49.2003008,6.826685652422896,265.61637960993784,0.8914,1.0365
DE_CVn,1.0,201.7207198,45.5455449,70.2780311523722,104.2876138351397,0.0188,0.0218
DH_Tau,1.0,67.4231674,26.5493897,14.938875588560373,171.89958479792452,1.1648,1.3544
DMPP-7,1.0,203.5284651,0.4988127,61.4666881680952,325.7349548126152,0.0227,0.0264
DMPP-8,1.0,305.3083517,-81.6166664,30.04367653759806,311.8870577979857,0.2221,0.2582
DMPP-9,1.0,316.3060007,-66.9581622,37.70513336751204,327.3121850529704,0.0306,0.0355
EPIC_201170410,1.0,170.1408561,-4.8070039,51.24568979625453,264.99527782467885,0.0412,0.0479
EPIC_201497682,1.0,168.9366786,0.4880606,54.82399146896244,258.193865380445,0.0382,0.0445
EPIC_206042996,1.0,337.5136198,-13.6101475,54.37586258762004,48.06540721235554,0.0429,0.0499
EPIC_211945201,1.0,136.5741931,19.4020565,38.1277536008918,208.78206124757335,0.0355,0.0413
EPIC_212424622,1.0,202.3313765,-14.3594358,47.505606845472094,316.582541006627,0.0468,0.0544
EPIC_212587672,1.0,205.4445125,-10.8625468,50.09504133784858,322.4169350829328,0.0522,0.0607
EPIC_212624936,1.0,210.6376171,-10.0236852,49.04153818403157,330.23401337054565,0.0353,0.041
EPIC_220492298,1.0,16.7615005,6.588798,56.07198725196267,129.88844522969544,0.0302,0.0351
EPIC_220674823,1.0,13.0800239,10.7947051,52.076438704446474,123.28441595173582,0.0533,0.0619
GJ_1061,1.0,54.0032486,-44.5143104,52.90138479993122,251.87108930733075,0.0096,0.0111
GJ_1148,1.0,175.4326081,42.7515862,68.91636484262162,160.61794163187818,0.0195,0.0227
GJ_15_A,1.0,4.6126677,44.0247296,18.44686578554212,116.69017146636105,0.0665,0.0773
GJ_160.2,1.0,61.6454173,-20.8564724,45.260149985482364,215.8726045856241,0.0333,0.0387
GJ_163,1.0,62.3228353,-53.3711768,45.32001033713071,262.776628504108,0.0084,0.0097
GJ_2056,1.0,108.0194945,-24.8921008,6.85291591339086,237.4367020804468,0.3439,0.3999
GJ_229,1.0,92.6435993,-21.8677233,18.44090944853036,228.6150579654867,0.0582,0.0676
GJ_251,1.0,103.7002499,33.2664632,15.131885519752393,182.93672248708165,0.0934,0.1086
GJ_3021,1.0,4.0634323,-79.8514218,37.14414586419767,304.86901213691266,0.067,0.0779
GJ_3082,1.0,18.6432425,-53.9407751,62.85068846140183,295.4626469232652,0.0147,0.017
GJ_3138,1.0,32.2977385,-16.3392495,69.01004473072597,185.99826552741567,0.0227,0.0264
GJ_3378,1.0,90.2951302,59.5931917,17.174007469804852,154.06786788568976,0.0989,0.115
GJ_3470,1.0,119.7735021,15.391209,21.75666759534125,206.23529428654837,0.0267,0.031
GJ_3634,1.0,164.6433493,-31.1443383,25.808504213477057,276.2211197393411,0.0669,0.0778
GJ_3929,1.0,239.5775678,35.4081141,49.597353429063276,56.66419182494652,0.019,0.0221
GJ_3988,1.0,255.8503747,51.4089795,37.48187968466431,78.48018869388567,0.0221,0.0256
GJ_411,1.0,165.834471,35.972317,65.43126452371537,185.1125690155343,0.0166,0.0193
GJ_4274,1.0,335.7805478,-17.6104078,54.559377648968685,40.61050008310436,0.0272,0.0317
GJ_674,1.0,262.1700476,-46.8989826,6.781740415638799,343.00207778984003,0.416,0.4837
GJ_676_A,1.0,262.5448903,-51.6377777,9.542257491539123,339.1027152197894,0.1746,0.203
GJ_685,1.0,263.8960378,61.6793482,32.58910369547089,90.75761963199552,0.0291,0.0339
GJ_687,1.0,264.1041731,68.3336741,31.96608241402393,98.59611378717294,0.043,0.0501
GJ_806,1.0,311.2697002,44.5002351,1.0077351698379868,84.07014945882699,3.2414,3.7691
GJ_86,1.0,32.6224785,-50.8209945,61.95722326519124,275.9076627014033,0.0164,0.019
GJ_887,1.0,346.5027573,-35.8473489,65.98673933691988,5.0973472173457255,0.0123,0.0143
GJ_96,1.0,35.5624031,47.8802075,12.26465752660866,138.29281667125403,0.1652,0.192
GJ_9689,1.0,303.467731,13.3888921,11.487465296061709,54.62427074494443,0.1427,0.166
GJ_9773,1.0,333.1502333,8.5503355,37.53603032405206,70.11202877174578,0.0572,0.0665
GPX-1,1.0,38.3691648,56.025708,4.055170288223995,136.89330958405571,0.4261,0.4955
G_196-3,1.0,151.0884754,50.3861806,50.75922067649752,165.11108860488562,0.0089,0.0103
G_261-6,1.0,291.07432,75.5558405,24.1954648118304,107.22879105460056,0.092,0.107
G_264-012,1.0,326.6719598,66.803848,10.162347341862384,106.14832638021494,0.8132,0.9456
G_268-110,1.0,16.223688,-18.124802,80.47769870175343,142.63371581809574,0.017,0.0197
Gaia-1,1.0,90.6436658,-0.5771099,11.122065185723141,207.81493345087446,0.476,0.5535
Gl_410,1.0,165.6604212,21.9669164,64.78002916103854,218.75093181787545,0.0142,0.0165
Gl_49,1.0,15.6687321,62.3454386,0.4978648500781754,124.23545104985352,1.1931,1.3873
HAT-P-12,1.0,209.3886452,43.49331,68.87632142794251,87.99254890811467,0.0062,0.0073
HAT-P-13,1.0,129.8823772,47.3519076,37.541978774701235,172.49838821672694,0.0218,0.0253
HAT-P-15,1.0,66.248142,39.460602,6.891597467060567,161.5586310533184,0.7999,0.9301
HAT-P-19,1.0,9.5165832,34.7114025,28.079474347930283,119.81759894710638,0.0825,0.096
HAT-P-20,1.0,111.9164295,24.3361185,18.39436304842823,194.4153495174015,0.0539,0.0626
HAT-P-27,1.0,222.7673221,5.9473626,54.544002536212886,1.6833508853806436,0.0305,0.0355
HAT-P-28,1.0,13.0009159,34.728402,28.143200772350816,123.06375359579283,0.0799,0.0929
HAT-P-3,1.0,206.0940142,48.028565,66.69255366376206,100.16678315575336,0.0206,0.024
HAT-P-32,1.0,31.0427614,46.6878512,14.373055616905525,135.69850975596552,0.0982,0.1141
HAT-P-43,1.0,128.9256885,10.2065866,27.75423918184228,215.4894611667356,0.0288,0.0335
HAT-P-46,1.0,270.4441831,-2.97098,9.639764905454143,24.531289881056317,0.9061,1.0536
HAT-P-52,1.0,42.7217412,29.0222492,26.98024466733809,152.17844606127136,0.1288,0.1497
HAT-P-54,1.0,99.8979924,25.4824005,8.897766396050935,188.78408670311651,0.1383,0.1608
HAT-P-59,1.0,292.4588212,62.5291892,19.63991493949165,94.0547952064236,0.0475,0.0552
HAT-P-61,1.0,75.4801665,50.1311784,5.026007409852586,157.78135122908745,0.62,0.7209
HAT-P-64,1.0,68.9743955,2.4312732,28.450816788993418,193.55232660537234,0.191,0.2221
HAT-P-65,1.0,315.9054895,11.9893675,22.334498676036386,60.50165220714023,0.0836,0.0972
HAT-P-7,1.0,292.24719,47.9695429,13.975374942752268,80.03293767216756,0.083,0.0965
HAT-P-8,1.0,343.0414932,35.4471778,21.382562665940938,97.14496293913304,0.0953,0.1108
HAT-P-9,1.0,110.1685157,37.1405946,21.442597798493487,181.08665378945307,0.0558,0.0649
HATS-28,1.0,284.3997616,-49.1385126,21.131431046011905,347.4507848947506,0.0542,0.0631
HATS-32,1.0,346.0750861,-21.2720168,64.93107417487289,40.587134868604586,0.0297,0.0345
HATS-33,1.0,294.6336944,-55.3302692,28.57623881062336,342.28699420648655,0.0403,0.0469
HATS-34,1.0,0.7744866,-62.4693167,53.765681698038435,312.3547284611212,0.0153,0.0178
HATS-43,1.0,80.5382418,-30.9708179,31.632931020827783,234.2475403000317,0.0144,0.0167
HATS-44,1.0,84.3267559,-27.9725758,27.626758199125614,232.00020974611132,0.0262,0.0305
HATS-49,1.0,6.6135927,-56.3442798,60.44212163896996,309.9525382341212,0.0105,0.0122
HATS-56,1.0,180.165072,-45.7994559,16.165402280204574,293.75341459643283,0.0999,0.1162
HATS-65,1.0,292.9397825,-26.7402021,20.13797555706945,12.407583567997943,0.0914,0.1063
HATS-69,1.0,289.2974275,-60.8917599,26.547457061588013,335.6405683359597,0.0495,0.0575
HATS-77,1.0,149.8236672,-27.3928174,21.57896915838599,262.26930940756455,0.067,0.078
HATS-8,1.0,294.9416887,-25.7483655,21.46173188557531,14.083786418589694,0.0963,0.112
HD_102117,1.0,176.2097267,-58.7040134,3.054951599433766,294.3601943055961,0.8694,1.011
HD_102195,1.0,176.4254063,2.8209912,61.049180138570705,267.2172274865114,0.0223,0.0259
HD_102272,1.0,176.5980316,14.1240201,70.02216579762245,250.29360337176834,0.045,0.0524
HD_103720,1.0,179.1713308,-2.7791393,57.30785139878151,276.98105766418485,0.0196,0.0228
HD_103774,1.0,179.2310729,-12.1079951,48.59416369372796,282.5466402088739,0.0696,0.0809
HD_10442,1.0,25.471524,2.7044193,57.78259033263963,147.08027918880032,0.0263,0.0306
HD_104985,1.0,181.3157854,76.9053359,39.91754421013292,126.3208552359688,0.0788,0.0916
HD_105779,1.0,182.6612053,-16.9564908,44.81838752286268,289.1189953447841,0.0421,0.049
HD_106315,1.0,183.4724742,-0.3934357,61.03534321247772,283.25037182048857,0.0164,0.0191
HD_10647,1.0,25.6233526,-53.7412852,61.768704888939794,286.8963922098164,0.0288,0.0335
HD_106515_A,1.0,183.7762699,-7.2575413,54.50662129394447,287.2841085070137,0.0369,0.0429
HD_108863,1.0,187.5826081,21.9480993,82.9396588718299,258.98417027417514,0.0169,0.0196
HD_109271,1.0,188.397397,-11.6215204,51.008994725158935,295.9755573938948,0.0464,0.0539
HD_109988,1.0,189.8154662,-32.7263607,30.07541767095735,299.9727796101184,0.0772,0.0898
HD_110014,1.0,189.8111935,-7.9956702,54.75208341485375,297.6965266558478,0.0253,0.0295
HD_11112,1.0,27.0881399,-41.4944106,71.49206117899736,267.48347886245267,0.0139,0.0161
HD_111998,1.0,193.2953521,-3.5531133,59.31574823758691,303.7844485187985,0.0174,0.0202
HD_112640,1.0,194.2415171,67.2429122,49.87643540624351,122.10240548321761,0.0125,0.0145
HD_114386,1.0,197.6652124,-35.0561807,27.64977763022502,307.37225517145885,0.0505,0.0588
HD_114783,1.0,198.1818436,-2.2649921,60.16221885220365,313.668152596191,0.0246,0.0287
HD_11506,1.0,28.2106607,-19.507396,73.99474978374364,187.75856883956646,0.0158,0.0184
HD_115954,1.0,199.9853694,38.3691383,77.27191691408726,96.73653430055437,0.0099,0.0115
HD_11964,1.0,29.2884252,-10.2434693,67.09225476619417,168.57627415380927,0.0188,0.0218
HD_120084,1.0,205.661989,78.0646376,38.726764037357924,119.56431981996002,0.023,0.0267
HD_121504,1.0,209.3199062,-56.0404085,5.6569184547209,312.08414437386404,0.4303,0.5003
HD_12235,1.0,30.0391601,3.0959098,55.52893227235872,154.33808642360168,0.0265,0.0309
HD_125271,1.0,216.6474037,-81.4542756,19.26305225741071,306.57221566439205,0.2574,0.2993
HD_12648,1.0,34.7480718,85.7365329,23.161702514537513,124.65936759989248,0.1174,0.1365
HD_126525,1.0,216.8852514,-51.9329118,8.176236639557017,317.62366620485295,0.3479,0.4046
HD_126614,1.0,216.7005171,-5.1784093,50.31505052599206,342.01144824526057,0.0466,0.0542
HD_128356,1.0,219.2702793,-25.8031728,31.27472670814132,330.8714329120157,0.0763,0.0887
HD_129445,1.0,221.5104196,-68.7629901,8.170155466903429,313.0372669141871,0.1901,0.221
HD_130322,1.0,221.8857975,-0.2820782,50.89110609889583,353.21359855570967,0.0381,0.0443
HD_135344_A,1.0,228.9538416,-37.1489176,17.32856081459881,332.39696303885,0.0902,0.1049
HD_136925,1.0,230.7157509,13.3663117,52.098720423342414,19.324376869878463,0.0425,0.0495
HD_142022_A,1.0,242.5481731,-84.2317494,23.316332728354933,307.71908824265296,0.0791,0.092
HD_150010,1.0,247.8670682,72.6125804,35.99151618871829,105.31987102125787,0.0486,0.0565
HD_1502,1.0,4.8214389,14.054683,48.08434743400169,111.21656053507928,0.0498,0.0579
HD_154088,1.0,256.1164214,-28.5838342,7.672534429161679,355.2365409335753,0.3039,0.3533
HD_154857,1.0,257.816194,-56.681038,10.025807907564145,333.28825290361675,0.1753,0.2038
HD_155358,1.0,257.3930947,33.3549277,34.774956596962596,56.282605685072085,0.0271,0.0315
HD_156411,1.0,259.9639522,-48.5502313,6.463520781027003,340.79030619247715,0.317,0.3686
HD_156668,1.0,259.4183491,29.228161,32.11489839846705,51.96923176053972,0.0457,0.0531
HD_160691,1.0,266.0361585,-51.8348751,11.49849630259396,340.05993964632125,0.1899,0.2208
HD_162020,1.0,267.6599252,-40.3184646,6.726291453275763,350.7389899118693,0.2932,0.3409
HD_163607,1.0,268.4181383,56.3924701,30.173265229801498,84.61440047619827,0.0374,0.0435
HD_164604,1.0,270.7787177,-28.5608343,3.1185971520312448,2.263372821614967,0.7924,0.9214
HD_1666,1.0,5.2180424,-19.9314823,79.96179780049312,77.10962479716392,0.0165,0.0192
HD_16760,1.0,40.5892123,38.6182163,19.32424196175177,145.5915092360158,0.0479,0.0557
HD_168443,1.0,275.0159879,-9.5966905,2.5067417542920847,20.81375941906804,1.0843,1.2608
HD_168746,1.0,275.4573269,-11.9229757,1.0303110461239553,18.963578831031338,2.556,2.972
HD_169830,1.0,276.9561859,-29.8167919,8.471096170426554,3.686829028685972,0.2383,0.2771
HD_173416,1.0,280.9005676,36.556857,17.219331452913956,65.7423780900061,0.0704,0.0818
HD_177565,1.0,286.7175787,-37.8122394,19.078423679190056,359.4485673397377,0.4088,0.4754
HD_180314,1.0,288.7094401,31.8604391,9.418694729361135,64.01060056910288,0.1546,0.1798
HD_180617,1.0,289.2277322,5.1631615,3.283723074043245,40.44071694745676,0.9891,1.1501
HD_181433,1.0,291.2873731,-66.4677838,28.043556354782712,329.51487477298076,0.0724,0.0842
HD_181720,1.0,290.7212224,-32.9208401,20.487644602982666,5.515118776277073,0.0893,0.1038
HD_183263,1.0,292.1022982,8.3579183,4.309870550958139,44.60923981616935,0.5794,0.6737
HD_184010,1.0,292.8401421,26.6172796,3.8067974418316624,60.994255423920094,0.7674,0.8923
HD_189567,1.0,301.3959616,-67.3237992,31.992839944749473,328.46185396541654,0.0466,0.0542
HD_190360,1.0,300.9092476,29.894541,0.6761575584032374,67.41055927320706,2.8529,3.3173
HD_191806,1.0,302.368758,52.2767265,10.300933814343693,87.0463519818564,0.1529,0.1778
HD_196885_A,1.0,309.9664609,11.2500236,17.985468383969167,56.30997254289452,0.071,0.0826
HD_197037,1.0,309.8869681,42.247593,0.412470919682962,81.6762626455673,10.2694,11.9411
HD_199509,1.0,317.3445632,-82.0274926,31.4307081067852,310.6318200894774,0.1468,0.1708
HD_202772_A,1.0,319.6995877,-26.6163743,42.9500114965097,20.762237434070215,0.0516,0.06
HD_203387,1.0,320.561782,-16.8345229,40.769071156592055,33.62509456313073,0.0731,0.085
HD_204313,1.0,322.0510568,-21.7274194,43.72860106482005,28.026392844041915,0.0389,0.0452
HD_204941,1.0,323.0966714,-20.957957,44.423425109099135,29.458028890683067,0.0332,0.0386
HD_205739,1.0,324.5351273,-31.7378373,47.99934390720044,14.613251761272387,0.0344,0.04
HD_206255,1.0,325.5917768,-50.0935884,47.495133379579144,347.15403486248437,0.0186,0.0216
HD_207496,1.0,328.7181708,-77.3388025,35.79483192398455,313.77934315925023,0.1454,0.1691
HD_207832,1.0,328.1517893,-26.0271749,50.215555228836045,24.002894621871054,0.037,0.043
HD_209458,1.0,330.7950219,18.8842419,28.527049409988145,76.75337552799563,0.0577,0.0671
HD_210193,1.0,332.3951324,-41.225205,54.073991643513175,359.2265409338933,0.0107,0.0125
HD_210277,1.0,332.3748117,-7.5505962,46.96648231579816,52.34826826327832,0.0415,0.0482
HD_211810,1.0,334.5286724,61.1349912,3.5720895136545754,105.47532402708275,1.4762,1.7165
HD_212301,1.0,336.8803957,-77.7183219,36.78034159561502,311.90842342649916,0.1438,0.1672
HD_215497,1.0,341.652714,-56.5997984,53.10238623213441,331.29531074699963,0.0147,0.0171
HD_216435,1.0,343.4094703,-48.5986332,58.7105111536765,341.6919584683467,0.0061,0.0071
HD_216437,1.0,343.6639631,-70.0733957,43.90560792114191,316.27280019651585,0.0243,0.0282
HD_219077,1.0,348.5319387,-62.7018297,50.99818814905018,320.4016104263983,0.0197,0.0229
HD_220197,1.0,350.4946927,16.6323305,41.15454050450531,93.97097614451978,0.0203,0.0236
HD_221585,1.0,353.2293802,63.1556146,1.622366154555865,114.20277199723746,1.759,2.0453
HD_22781,1.0,55.2065581,31.8258855,18.567355992084835,160.07235193615446,2.0909,2.4313
HD_23079,1.0,54.9281897,-52.9162344,49.65309881240127,264.32031874201414,0.0156,0.0181
HD_23127,1.0,54.8491271,-60.077229,46.48356092694394,273.9419018948595,0.0418,0.0486
HD_233604,1.0,137.4535054,53.5682016,41.83188620986174,163.9354520703302,0.0145,0.0169
HD_233832,1.0,171.5196515,50.3763099,61.629125770179584,152.1670208940396,0.0114,0.0133
HD_235088,1.0,300.6154535,53.3774418,11.77419454955382,87.45783951122084,0.2237,0.2601
HD_240237,1.0,348.9259334,58.0432233,2.5029744613050684,110.52100989152218,1.2904,1.5004
HD_24040,1.0,57.5962104,17.4752873,27.78104115821105,172.29323537192764,0.3301,0.3839
HD_24064,1.0,59.1510071,74.0800789,15.653084348856634,134.81493217711605,0.2034,0.2365
HD_24085,1.0,56.2563447,-70.0245193,40.50146947555865,284.9529469579953,0.036,0.0418
HD_25912,1.0,60.9074988,-51.9315058,46.53883277552267,261.1220773277738,0.0129,0.015
HD_26161,1.0,62.4122255,31.6524346,14.608130703812142,164.95600216778683,0.2911,0.3384
HD_2638,1.0,7.4990038,-5.76496,68.03566319779472,108.54273173276624,0.0302,0.0351
HD_27442,1.0,64.1205476,-59.3028771,42.56321073496338,270.20525061329704,0.0162,0.0188
HD_28109,1.0,65.2383065,-68.1026875,38.733610171011534,280.6798771787492,0.038,0.0442
HD_28185,1.0,66.6100461,-10.5510754,36.93077572455035,205.59383300454618,0.1074,0.1249
HD_290327,1.0,80.8399887,-2.2780391,20.581364509533266,204.61307552195788,0.2284,0.2656
HD_30562,1.0,72.1529519,-5.6751152,29.823371499743004,203.39812118581924,0.1357,0.1578
HD_30856,1.0,72.5745099,-24.3689282,36.6538406026514,224.27222055400372,0.0242,0.0282
HD_31253,1.0,73.6822877,12.3520103,19.043967428971772,187.39249597615373,0.4038,0.4696
HD_32963,1.0,76.9820146,26.3276805,8.390058005769959,177.53178476511175,0.6025,0.7006
HD_330075,1.0,237.4054997,-49.9639199,3.3764461624030635,329.80572521234427,1.1358,1.3206
HD_360,1.0,2.072903,-8.8242618,69.04548892143642,91.79265195210395,0.0301,0.035
HD_37124,1.0,84.2599947,20.7289784,5.974858665393161,185.96381349426403,0.3714,0.4318
HD_38529,1.0,86.6451363,1.1675866,13.837533198063705,204.31770826123923,0.5119,0.5952
HD_40979,1.0,91.1253346,44.2597855,10.871652566296248,168.4957796041266,0.1424,0.1655
HD_4208,1.0,11.1125532,-26.5150392,88.32477534342603,54.00796652690157,0.0089,0.0104
HD_43691,1.0,94.8946124,41.0920773,11.932714113353054,172.64967949856734,0.1386,0.1612
HD_48948,1.0,102.489811,60.3373133,23.16542836828823,155.4987410966663,0.0659,0.0766
HD_4917,1.0,12.7762624,-12.9276648,75.79919870762535,122.60131069075253,0.019,0.0221
HD_51608,1.0,103.7137102,-55.2600189,21.539468203981702,265.1564674330722,0.0829,0.0964
HD_52265,1.0,105.0746449,-5.3668142,0.48126820304863377,218.71677333141406,1.0709,1.2453
HD_5319,1.0,13.7558096,0.7893425,62.06908241679265,124.84559740974935,0.0223,0.026
HD_5388,1.0,13.79903,-47.4067326,69.70813623834916,301.0981463544728,0.0124,0.0144
HD_5891,1.0,15.1383168,20.2923139,42.52808641070188,125.83275285726775,0.0274,0.0318
HD_63935,1.0,117.9246417,9.3852412,17.612936013972778,211.23645201288392,0.0162,0.0188
HD_66141,1.0,120.5662825,2.3350265,16.800473364625162,219.06694142128654,0.0316,0.0367
HD_67087,1.0,121.9155672,31.5511553,29.092338247050023,190.1176085722505,0.0364,0.0423
HD_72490,1.0,128.4028287,13.5507189,28.679815978822354,211.7964439712174,0.0516,0.06
HD_73526,1.0,129.318331,-41.3184231,0.18558854854150247,260.68042813511795,2.7068,3.1475
HD_7449,1.0,18.621465,-5.0479716,67.24672514105887,137.91735860510246,0.0621,0.0722
HD_75302,1.0,132.3015641,3.4850141,27.669911023223477,223.9736906162075,0.0289,0.0337
HD_79498,1.0,138.7885794,23.3748792,41.321220196047285,204.70286137921815,0.042,0.0488
HD_81040,1.0,140.9455027,20.3646078,42.32613681255629,209.36325791250192,0.0346,0.0402
HD_82886,1.0,143.9383526,34.7805902,47.76870730604437,190.0277309762254,0.0097,0.0113
HD_82943,1.0,143.7114034,-12.1302976,28.25069958211902,245.8432641040155,0.0313,0.0364
HD_8326,1.0,20.5314418,-26.8940678,83.16196054255735,212.7167881160173,0.0112,0.0131
HD_86065,1.0,148.9256674,-18.1069385,27.869691351067686,254.6874887551319,0.0343,0.0399
HD_8673,1.0,21.5378455,34.5793389,27.74789983924678,131.00143392850418,0.0435,0.0506
HD_86950,1.0,150.4066612,-17.3330699,29.405925507482316,255.23271557056844,0.0307,0.0357
HD_87816,1.0,151.5296524,-52.1878679,2.83644958848215,279.01783384392405,0.7559,0.8789
HD_87883,1.0,152.1794175,34.2419984,54.54018304672854,191.18697854349864,0.0097,0.0113
HD_88072,1.0,152.3467466,2.371054,44.019962611945274,238.42937018397868,0.0363,0.0423
HD_88986,1.0,154.1166869,28.6820708,55.87659586866665,201.08807148433362,0.0279,0.0325
HD_89345,1.0,154.6710977,10.1288464,50.24653415865602,230.80782516978053,0.0337,0.0392
HD_89839,1.0,155.168879,-53.6640291,2.864375529708758,281.6647347082328,0.5585,0.6494
HD_92788,1.0,160.7021351,-2.1847173,47.35154115055136,251.20809468564906,0.0561,0.0652
HD_93963_A,1.0,162.7766969,25.641065,63.07361065365814,209.2071995558494,0.0331,0.0385
HD_94834,1.0,164.3126363,24.1429374,64.14604530117433,213.12816920911027,0.0137,0.0159
HD_95872,1.0,165.8658796,-22.0943303,34.28324474342351,272.3353300519472,0.0572,0.0665
HD_96063,1.0,166.1853484,-2.5132966,50.760620327781275,257.77864220612844,0.0491,0.0571
HD_99109,1.0,171.0715576,-1.529761,54.483021288998586,263.23816252158156,0.0453,0.0526
HD_99706,1.0,172.1261621,43.9662025,66.29728858786022,162.26716764464354,0.0186,0.0217
HIP_107772,1.0,327.4977057,-41.2440371,50.42637712123542,0.05346503983622243,0.0144,0.0167
HIP_107773,1.0,327.5005089,-64.7126993,42.798181671612866,327.40194753730765,0.0355,0.0413
HIP_109384,1.0,332.408972,71.313956,12.413700085623669,110.64326282712307,0.8134,0.9459
HIP_109600,1.0,333.027079,29.0662082,22.076337061686683,85.76289564569481,0.0701,0.0815
HIP_116454,1.0,353.9543517,0.4447043,56.97306274717047,86.45884767388002,0.029,0.0337
HIP_14810,1.0,47.809275,21.0971302,31.094763223590085,161.55107546747962,0.1894,0.2202
HIP_35965,1.0,111.2025182,-51.3257507,15.979606399716133,262.9063612428709,0.1503,0.1748
HIP_39017,1.0,119.7665756,-4.3326006,12.922890192321715,224.74088252124778,0.0389,0.0452
HIP_41378,1.0,126.6158279,10.0803708,25.645772060648277,214.52629865487717,0.0231,0.0269
HIP_63242,1.0,194.3824825,-65.6463263,2.782015823518756,303.56064320441715,0.8,0.9303
HIP_65407,1.0,201.087663,48.8847322,67.33047260208397,108.7987284592008,0.0055,0.0063
HIP_66074,1.0,203.1635632,75.0071038,41.834960156176436,119.37115362825625,0.0252,0.0293
HIP_77900,1.0,238.6253901,-27.3387434,20.00443859870978,345.5676088307887,0.1057,0.1229
HIP_79431,1.0,243.1742467,-18.8764247,22.96884908362648,355.1996618126382,0.6795,0.7901
HIP_8541,1.0,27.5271962,-54.4651633,60.62926060036079,285.4707491980122,0.0229,0.0266
HIP_90988,1.0,278.3892816,-50.211692,17.81793619003392,345.0106352721484,0.0554,0.0644
HIP_9618,1.0,30.9050061,21.2813274,38.53616453499746,144.58680748292613,0.1015,0.1181
HN_Lib,1.0,218.5684823,-12.5170062,43.157215008983854,338.4202555588741,0.0706,0.0821
HR_5183,1.0,206.7357992,6.3498994,65.38752119244785,337.84348073686675,0.0236,0.0274
HR_858,1.0,42.9849779,-30.8140609,63.46852264015457,228.14044629394274,0.0139,0.0162
HR_8799,1.0,346.8701486,21.1340376,35.57552480292644,92.76460402979366,0.2041,0.2373
HU_Aqr,1.0,316.9921976,-5.2948694,32.638091163543926,44.76194521123712,0.0841,0.0978
ISO-Oph_96,1.0,246.7687845,-24.716683,16.592940288287778,352.92349556751645,3.0652,3.5642
ITG_15_A,1.0,69.9370379,26.0312128,13.563799809963683,173.81805080470556,2.1036,2.446
K2-10,1.0,172.1216476,1.6906217,57.71659297298779,261.4279278031772,0.0242,0.0281
K2-101,1.0,130.3439097,18.9338205,32.443567398143664,206.82869668823665,0.0214,0.0249
K2-102,1.0,130.0558953,19.7787519,32.484110953010564,205.77785364710863,0.0242,0.0281
K2-113,1.0,19.4493823,6.8688469,55.40924039358206,134.50969948247004,0.0355,0.0413
K2-117,1.0,133.8557342,10.4692176,32.24586785384984,217.62486950889107,0.0316,0.0367
K2-12,1.0,173.1919022,2.2446794,58.791086294617514,262.4630204679075,0.0265,0.0308
K2-123,1.0,134.4441404,21.4532748,36.91395663265791,205.51379387529624,0.0225,0.0261
K2-124,1.0,133.6410515,23.1329509,36.72574035455779,203.23146819417468,0.0241,0.028
K2-13,1.0,170.1554763,2.5027534,57.15621351852813,257.61691839777365,0.0459,0.0533
K2-131,1.0,182.751404,-9.7652392,51.82614682000299,286.68054298608376,0.0536,0.0623
K2-137,1.0,186.870426,-6.1952168,56.1761758632411,292.1921774044727,0.0368,0.0428
K2-146,1.0,130.0266951,19.0923416,32.21883876551943,206.5279656579916,0.0202,0.0234
K2-16,1.0,175.0972238,4.5574311,61.77712593746084,262.91175586177735,0.0161,0.0188
K2-160,1.0,184.0545174,-3.5530888,58.1627865530926,286.09667433900484,0.032,0.0372
K2-166,1.0,185.1880932,2.2823788,64.09009778954449,285.15814998093555,0.0172,0.02
K2-17,1.0,178.3296746,6.4123178,65.10210956293984,266.6192519377669,0.0107,0.0125
K2-174,1.0,60.7929729,16.347166,26.349168663534506,175.58217028639075,0.329,0.3825
K2-177,1.0,55.2296156,20.7360891,26.9676748530528,167.93593357338358,0.2328,0.2707
K2-185,1.0,130.2596625,14.6902225,30.78517093531126,211.4171893702113,0.0224,0.026
K2-19,1.0,174.9602543,0.603596,58.39355177475315,267.02927821842724,0.0165,0.0192
K2-193,1.0,205.2371043,-11.0093342,50.016003900696134,322.04583352065634,0.0582,0.0677
K2-194,1.0,204.6089755,-8.9271609,52.18797332998608,322.08712272763285,0.0526,0.0611
K2-197,1.0,202.3934779,-7.3739779,54.28324390912596,319.2744433028527,0.0316,0.0367
K2-203,1.0,12.7736909,-1.1958844,64.06750131095373,122.73579879813894,0.0394,0.0458
K2-205,1.0,15.2175909,0.425966,62.352581335989285,128.01884974115987,0.0229,0.0266
K2-212,1.0,18.4241015,3.0970732,59.30136086726348,133.86499019489904,0.0362,0.0421
K2-213,1.0,13.1403998,3.5077702,59.36277687630639,123.48215781136986,0.0206,0.0239
K2-215,1.0,18.4700795,6.1238647,56.30748344216885,133.02426221119617,0.0321,0.0373
K2-218,1.0,12.809613,6.8464327,56.025280573811756,122.843330165559,0.0377,0.0438
K2-22,1.0,169.4827046,2.6190363,56.81594674658978,256.5319023314273,0.0432,0.0502
K2-220,1.0,12.7700071,9.5167694,53.35487545303804,122.7840849890412,0.0611,0.0711
K2-221,1.0,16.6550286,10.1897385,52.500801984678134,129.0758506472196,0.0403,0.0468
K2-228,1.0,187.2947047,-6.8342028,55.612759793081594,293.116430224748,0.0218,0.0254
K2-230,1.0,191.363117,-6.576051,56.26457828250977,300.2545779574255,0.0219,0.0254
K2-240,1.0,227.849371,-17.8754464,33.639395212795435,343.8913002018457,0.0809,0.0941
K2-241,1.0,181.2386829,-6.8052985,54.24973483091814,282.91232425286876,0.0249,0.0289
K2-26,1.0,94.2064312,24.5958335,3.9012461367682763,187.22234162936917,0.7172,0.8339
K2-260,1.0,76.8673317,16.8676948,13.942356979511041,185.34316992467348,0.2581,0.3002
K2-265,1.0,342.0316493,-14.4947789,58.65451488385686,50.421785745047096,0.0355,0.0412
K2-268,1.0,133.7094899,11.8482712,32.70261852229894,216.0731008699025,0.0313,0.0365
K2-270,1.0,131.2665588,13.5497322,31.227956713073905,213.09100010303163,0.0232,0.027
K2-272,1.0,132.6211743,17.5423852,33.964395456426026,209.30743142698503,0.0167,0.0194
K2-280,1.0,291.5953596,-22.2477071,17.322468560796274,16.32378681418969,0.0794,0.0923
K2-282,1.0,13.4321524,7.9952914,54.872072370330265,123.9175394980579,0.0637,0.0741
K2-283,1.0,13.1943679,9.6929181,53.17739688636059,123.48271900403232,0.0576,0.067
K2-286,1.0,233.3698192,-16.7737113,31.082005064383296,349.5014497314445,0.0957,0.1113
K2-287,1.0,233.0743401,-22.3583447,27.069631967888142,345.0434660529252,0.1883,0.2189
K2-29,1.0,62.670422,24.4016558,19.5503960357242,170.51372790464663,0.3331,0.3873
K2-294,1.0,352.0516724,-7.6037856,62.246826992256956,73.80612209707405,0.0243,0.0282
K2-316,1.0,233.6247336,-23.2594663,26.05404542884109,344.8255103920661,0.2236,0.2599
K2-318,1.0,232.4461375,-17.557463,31.089394389468943,348.1232437796218,0.096,0.1117
K2-320,1.0,163.2519122,5.3064776,54.35434444492824,245.3521582338279,0.0264,0.0306
K2-323,1.0,159.4209874,6.2858689,52.01162589688767,240.0725184590257,0.0251,0.0292
K2-329,1.0,351.1353785,-5.1641451,59.82170158900832,75.7663748945293,0.0318,0.037
K2-332,1.0,135.8832666,14.2504994,35.6161992222973,214.46698898322143,0.0316,0.0367
K2-334,1.0,136.4894259,16.3255146,36.955892463901606,212.37146779998096,0.033,0.0384
K2-344,1.0,136.3614923,21.6685886,38.67455579706699,205.96370264927756,0.0309,0.036
K2-35,1.0,170.1031027,1.2858679,56.174366159218046,258.9287006879294,0.0322,0.0374
K2-357,1.0,131.9386628,16.3289144,32.90876741342955,210.36880964169103,0.0169,0.0196
K2-37,1.0,243.4509662,-24.7870527,18.770745380262817,350.7367739087185,0.2687,0.3124
K2-372,1.0,130.7988719,13.0094226,30.5930379185665,213.4521351793955,0.0441,0.0513
K2-374,1.0,137.3794986,16.3558324,37.75936676049367,212.7379769532981,0.0317,0.0369
K2-375,1.0,130.5013137,20.3593003,33.07585901768872,205.2992635500072,0.0321,0.0373
K2-377,1.0,202.897887,-12.0951142,49.584628816236446,318.17362375835097,0.0514,0.0597
K2-378,1.0,205.1596569,-11.1172332,49.93540854370693,321.8833158685551,0.0563,0.0654
K2-379,1.0,283.0317641,-27.1807287,12.161821830089195,8.435812126112635,0.2106,0.2449
K2-39,1.0,338.3682095,-9.0229405,52.74735885553391,55.42681877338429,0.0454,0.0528
K2-390,1.0,355.702386,-9.5887124,66.12882426839003,76.97926875159067,0.0257,0.0299
K2-392,1.0,354.6499065,-7.4788816,63.841314165342105,78.27990431377738,0.029,0.0337
K2-393,1.0,348.5159113,-0.0821031,54.243912367166516,78.06780298143778,0.0415,0.0483
K2-398,1.0,161.7349738,1.9367044,50.972678306693425,247.80614664452958,0.0387,0.045
K2-404,1.0,160.3249517,12.1911149,56.06699658523363,232.5926634390313,0.0218,0.0254
K2-409,1.0,228.4551125,-16.3512966,34.4750686724183,345.5811164108942,0.069,0.0802
K2-42,1.0,176.6657559,-5.1720463,54.10490846639333,274.6551107969739,0.0173,0.0201
K2-47,1.0,168.5825696,2.7805614,56.35130341896817,255.10364482744097,0.0426,0.0495
K2-48,1.0,176.1233077,3.2723812,61.27399282090821,266.1926575967977,0.0174,0.0203
K2-5,1.0,169.3034598,-1.8778254,53.17263685884862,261.1438047134755,0.041,0.0477
K2-55,1.0,333.7518786,-17.2508002,52.632201395373755,39.933204572100394,0.0216,0.0251
K2-58,1.0,333.8218395,-14.049857,51.37977088701441,44.72121932224103,0.0331,0.0385
K2-6,1.0,178.1921152,-1.1984418,58.34897081379341,274.08780093192064,0.0174,0.0202
K2-61,1.0,339.6748444,-13.5600447,56.200590165361696,49.89609022656488,0.0437,0.0508
K2-7,1.0,167.0937488,-1.065855,52.45582962793215,257.43436304550585,0.0378,0.0439
K2-72,1.0,334.6227504,-9.6120084,49.94031790865118,51.46106293728474,0.0396,0.046
K2-79,1.0,55.2559307,13.5191871,32.17089955192752,173.69036583718486,0.3359,0.3906
K2-80,1.0,59.037486,13.5590288,29.4830583335985,176.61237072873973,0.2742,0.3189
K2-89,1.0,57.0671234,20.4594885,25.997344330304326,169.55247954942783,0.202,0.2349
K2-95,1.0,129.3625717,18.9766197,31.590644849988923,206.39412387786953,0.0219,0.0255
KELT-11,1.0,161.7069053,-9.3993646,42.605799786605175,259.03087707309516,0.0285,0.0331
KELT-16,1.0,314.2685227,31.6610186,8.942303610300717,75.59226973529842,0.2215,0.2576
KELT-21,1.0,304.8000322,32.5810446,1.9864955004251383,71.48137785580357,2.2082,2.5677
KELT-4_A,1.0,157.06262,25.5731366,57.992572384409556,207.45807796901033,0.0145,0.0168
KELT-7,1.0,78.2955912,33.3179532,3.365144633678972,172.51277242662,0.6607,0.7682
KIC_10068024,1.0,288.8470423,47.0228607,15.683424617588582,78.16656815218175,0.0643,0.0748
KIC_5479689,1.0,299.3254983,40.6381229,6.058575946163166,75.89406895011254,0.2446,0.2845
KIC_7917485,1.0,299.4346094,43.6326069,7.52065535637901,78.52714831580978,0.3335,0.3878
KIC_9663113,1.0,297.0454037,46.3286653,10.323767144898028,80.05075935156638,0.1405,0.1634
KMT-2016-BLG-1397L,1.0,272.664612,-24.8577385,2.7942521152129185,6.323908845282315,1.2937,1.5043
KMT-2017-BLG-1038L,1.0,266.170917,-25.1430306,2.1561566049997674,3.128420269803176,1.2799,1.4882
KMT-2018-BLG-1292L,1.0,263.427583,-33.5206694,0.28464402651589377,354.76442754359175,7.6121,8.8512
KMT-2018-BLG-1990L,1.0,268.435375,-22.1525389,1.9134292765175362,6.76186467124682,1.7392,2.0223
KMT-2019-BLG-0253L,1.0,267.8825833,-29.5654722,1.4290470865428404,0.12563295900410257,1.0197,1.1857
KMT-2021-BLG-0192L,1.0,268.1049583,-30.0086889,1.8208886790070573,359.84241497257386,0.9406,1.0938
KMT-2021-BLG-1547L,1.0,272.3995833,-29.0839389,4.614300692862797,2.4942320021680087,0.4806,0.5588
KOI-1599,1.0,298.3738383,40.6184483,6.670326474559903,75.50722729242423,0.2334,0.2714
KOI-984,1.0,291.0489438,36.8400772,9.900630651261567,69.40594997839342,0.1655,0.1925
Kepler-1006,1.0,295.7542063,42.5373065,9.31915232362976,76.22445966507179,0.1932,0.2247
Kepler-1007,1.0,295.9065297,45.8090893,10.772009103616526,79.20377696863252,0.1321,0.1536
Kepler-1009,1.0,282.8598614,42.6658336,18.000516406455343,72.29321176603489,0.0827,0.0961
Kepler-1024,1.0,291.9510277,38.2516419,9.896626438337366,71.01226064815434,0.1338,0.1556
Kepler-1025,1.0,284.510214,43.9615628,17.342241415021967,74.01370088271027,0.0574,0.0667
Kepler-1038,1.0,298.9721472,44.1323499,8.061311886148378,78.7913835195872,0.3374,0.3924
Kepler-1039,1.0,298.3266169,45.3154212,9.049988182732996,79.5956486235843,0.3032,0.3526
Kepler-104,1.0,287.6046621,42.1665104,14.56786088040663,73.18542975152977,0.0867,0.1009
Kepler-1046,1.0,296.7558056,46.9982799,10.81846509198014,80.55238279665312,0.0894,0.104
Kepler-1048,1.0,281.8983042,42.1657112,18.491096813247147,71.5387723800096,0.0812,0.0945
Kepler-1050,1.0,282.9249847,48.6264015,19.96858524455929,78.24400812517528,0.0622,0.0723
Kepler-1059,1.0,289.2202147,41.7064385,13.283027209462476,73.25895191518488,0.0896,0.1042
Kepler-1060,1.0,286.0252285,39.6309204,14.654593889237185,70.2906939588149,0.1571,0.1827
Kepler-1061,1.0,296.2300306,50.2752091,12.660624237267294,83.34316825686372,0.102,0.1186
Kepler-1069,1.0,290.9792378,47.9889097,14.754167378526768,79.68402164288561,0.0819,0.0952
Kepler-1075,1.0,287.5011404,47.4691157,16.698475861844827,78.22874043709183,0.0575,0.0669
Kepler-1076,1.0,287.5902594,51.0606047,17.971088342002606,81.74766813679545,0.0626,0.0728
Kepler-1082,1.0,289.3586737,50.5984489,16.76237901499707,81.73422891255555,0.08,0.0931
Kepler-1083,1.0,283.1618831,45.198336,18.67704414993789,74.87448103974859,0.0438,0.0509
Kepler-1087,1.0,294.9789253,46.0056741,11.4348014509623,79.0750900578117,0.1221,0.142
Kepler-1088,1.0,281.5614578,42.4504087,18.822833114499446,71.73067872246656,0.0804,0.0935
Kepler-11,1.0,297.1150949,41.9091092,8.133275921466623,76.16130110568784,0.346,0.4024
Kepler-1102,1.0,281.3225917,48.0664955,20.80370372392506,77.31998517564476,0.0477,0.0555
Kepler-1106,1.0,291.1451576,44.0624715,12.99985340597339,76.06353423170378,0.1215,0.1413
Kepler-1112,1.0,296.9687937,47.7514799,11.05004637028483,81.29698471997202,0.0904,0.1052
Kepler-1113,1.0,289.4066969,39.338813,12.155524492309741,71.11967296524347,0.1189,0.1383
Kepler-1116,1.0,291.9336573,44.1154992,12.511865085584674,76.36320977007263,0.1233,0.1434
Kepler-1119,1.0,297.0191018,44.3274936,9.374118458645036,78.26279507642631,0.1963,0.2283
Kepler-1120,1.0,290.9144516,42.2865522,12.388897705837667,74.34554396124283,0.0826,0.096
Kepler-113,1.0,287.9978721,50.9441847,17.6898040730692,81.73181772779593,0.0575,0.0669
Kepler-1146,1.0,286.716712,47.425658,17.17442989872333,77.97968110019873,0.049,0.057
Kepler-1147,1.0,292.5474753,41.6429221,11.015348259344343,74.30084448977983,0.1095,0.1274
Kepler-1149,1.0,294.1891824,45.1515263,11.535563490029064,78.04201067942945,0.1414,0.1644
Kepler-1155,1.0,288.8206058,39.5228712,12.643559324861766,71.09401090795464,0.108,0.1256
Kepler-1157,1.0,283.1209268,43.5255701,18.124420813600068,73.21026217864726,0.0729,0.0847
Kepler-1158,1.0,292.2339048,41.5751832,11.194765289905797,74.13225821541089,0.1084,0.1261
Kepler-1160,1.0,287.8793899,43.3640752,14.861119063380407,74.40388175425998,0.0472,0.0548
Kepler-1164,1.0,287.5296372,38.8945065,13.291731692598448,70.08059715036188,0.1594,0.1853
Kepler-1167,1.0,298.3026595,47.6939654,10.236569827070488,81.68673598770211,0.1572,0.1828
Kepler-1169,1.0,294.9115874,46.4914718,11.699271868524205,79.49374319850325,0.1244,0.1446
Kepler-1175,1.0,289.1426847,46.8129656,15.414951152161377,78.04933337043282,0.0677,0.0787
Kepler-1180,1.0,295.8874773,43.1559952,9.528049211596873,76.82303346088673,0.195,0.2267
Kepler-1182,1.0,296.3079895,43.8213706,9.577883154066917,77.56358693018285,0.1935,0.225
Kepler-1185,1.0,287.2411783,39.3326977,13.675318357140826,70.39749623721475,0.2207,0.2566
Kepler-1193,1.0,288.1447323,51.2756446,17.725523877192003,82.09102225756358,0.0744,0.0865
Kepler-1203,1.0,292.7734523,44.178088,11.998076312288326,76.69173232560344,0.1239,0.1441
Kepler-1205,1.0,290.2796734,41.5150499,12.484208599542399,73.42429079002927,0.0773,0.0899
Kepler-121,1.0,286.1621273,39.6780204,14.576455023137145,70.37851667327844,0.1493,0.1736
Kepler-1217,1.0,289.1866841,50.9375614,16.9924000153302,82.01834874821418,0.0771,0.0896
Kepler-1219,1.0,297.2158443,47.3785082,10.725410302439546,81.04443185321931,0.0925,0.1076
Kepler-1223,1.0,285.2956462,44.5527542,17.03433068290818,74.80476673023719,0.0594,0.0691
Kepler-1224,1.0,286.6257591,37.537313,13.383299573680409,68.50920787592942,0.1104,0.1283
Kepler-1228,1.0,296.552761,46.9661945,10.925147302119525,80.45666078039663,0.0983,0.1143
Kepler-1229,1.0,297.4868347,46.9966782,10.380175632521215,80.79418391656563,0.1206,0.1402
Kepler-123,1.0,296.9985853,42.7819633,8.63544080641083,76.88818261659065,0.2558,0.2975
Kepler-1233,1.0,297.3750954,46.6622201,10.2855316836302,80.45897628129283,0.123,0.143
Kepler-124,1.0,286.7527322,49.0648788,17.751007137493815,79.58849976509477,0.064,0.0744
Kepler-1251,1.0,292.1151093,49.2563792,14.598444785570754,81.19830422134406,0.0742,0.0862
Kepler-1256,1.0,291.4742443,44.6834119,13.053330362648037,76.74286187204218,0.1286,0.1496
Kepler-1258,1.0,285.4049723,49.9948186,18.89696680772296,80.18130909776912,0.0446,0.0518
Kepler-1259,1.0,297.8414628,46.9676288,10.154522972978397,80.88764767925325,0.1487,0.1729
Kepler-1260,1.0,295.5912652,42.5552261,9.4332654704601,76.18254973096437,0.1698,0.1975
Kepler-1263,1.0,286.483626,46.7526182,17.073310643618917,77.26388728110213,0.0631,0.0734
Kepler-1265,1.0,284.5858364,47.0795646,18.40057645968299,77.09588262481276,0.0459,0.0534
Kepler-1269,1.0,287.8055442,45.3405371,15.688364597339515,76.26545672165011,0.056,0.0652
Kepler-1270,1.0,286.7156676,48.6452552,17.62164709219791,79.16872780298334,0.064,0.0744
Kepler-1271,1.0,286.3442954,37.4119347,13.536239324360352,68.29791489833353,0.1206,0.1402
Kepler-1276,1.0,287.8570173,40.5471909,13.7396768877364,71.73710318857557,0.0741,0.0861
Kepler-1277,1.0,295.1025166,40.5723736,8.81352553124206,74.23927913009778,0.1656,0.1925
Kepler-1281,1.0,295.3543571,48.5153932,12.359413709080053,81.47370214001482,0.0855,0.0994
Kepler-1283,1.0,295.4623336,40.7769335,8.67095334854377,74.55274089178948,0.1817,0.2112
Kepler-1284,1.0,291.2789549,47.6875766,14.44621872485702,79.48675517889367,0.0891,0.1036
Kepler-1286,1.0,280.2583709,43.8357433,20.17847290322814,72.78370146941687,0.0518,0.0603
Kepler-1292,1.0,284.9057222,43.9491434,17.072583150828603,74.11023518069108,0.0638,0.0742
Kepler-1293,1.0,290.0258783,48.3359227,15.47621469576659,79.74475436281033,0.0607,0.0705
Kepler-1302,1.0,290.9892462,50.308064,15.693677141221375,81.88151625710158,0.0787,0.0916
Kepler-1312,1.0,292.9712801,41.0357494,10.457374068220613,73.89553975056724,0.1547,0.1799
Kepler-1314,1.0,294.2373599,45.1968274,11.525925290416264,78.09895213829887,0.1393,0.162
Kepler-1324,1.0,291.1849503,40.3112023,11.34564672045519,72.61896129504638,0.084,0.0976
Kepler-1325,1.0,285.0171505,42.085312,16.30492990785615,72.33508588559002,0.0794,0.0923
Kepler-1334,1.0,289.311532,51.3209059,17.06556934794294,82.42034034668612,0.067,0.0779
Kepler-1335,1.0,284.8384394,42.0703371,16.422268503659687,72.2687532763445,0.0752,0.0874
Kepler-1338,1.0,284.0422701,41.6990348,16.83470702415295,71.6792131675032,0.091,0.1058
Kepler-1344,1.0,287.0862799,46.9457998,16.762739831614578,77.61172592548937,0.0557,0.0647
Kepler-1345,1.0,292.4779428,46.022821,12.99563901981607,78.29544859455132,0.0803,0.0933
Kepler-1352,1.0,290.6937988,48.7014417,15.21887697947426,80.27666393949997,0.0704,0.0819
Kepler-1354,1.0,291.2451266,37.7590079,10.17209980367763,70.31148713868926,0.1419,0.165
Kepler-136,1.0,296.4673039,42.5987984,8.887901122718873,76.53432756363586,0.2692,0.313
Kepler-1363,1.0,296.9964872,49.2563228,11.747364691462696,82.65748527159131,0.1383,0.1608
Kepler-1369,1.0,285.7972604,40.9361923,15.326005290282504,71.46338597909634,0.0935,0.1087
Kepler-1370,1.0,284.5656897,41.7784781,16.50142982035282,71.90739077333103,0.0841,0.0978
Kepler-1371,1.0,288.8314251,47.5519753,15.900704550244637,78.66805670835994,0.0619,0.072
Kepler-1375,1.0,296.2935173,43.4032189,9.386620788556357,77.18643990359723,0.1975,0.2297
Kepler-1378,1.0,297.373403,40.3663986,7.203088638875055,74.90403110925531,0.5156,0.5996
Kepler-1381,1.0,287.5357911,48.727783,17.1484518780134,79.45767876641673,0.0538,0.0625
Kepler-1382,1.0,295.3774182,39.0480365,7.900125611994754,72.98747028250743,0.169,0.1965
Kepler-1383,1.0,297.9447714,42.1918449,7.737477802335282,76.71692523214142,0.2208,0.2568
Kepler-1389,1.0,285.7174414,44.7583487,16.83141195210293,75.1203035214576,0.0527,0.0613
Kepler-14,1.0,287.708814,47.33305,16.516856382851902,78.15286271040877,0.0579,0.0673
Kepler-1404,1.0,296.0094827,50.4983929,12.888054207274497,83.48020498459321,0.1046,0.1216
Kepler-1410,1.0,290.5102933,38.743501,11.125257227179702,70.94994451374112,0.1346,0.1565
Kepler-1411,1.0,286.3615236,42.9638889,15.723017011210452,73.57258762507479,0.0463,0.0538
Kepler-1415,1.0,285.1568015,47.8732512,18.315917547393827,78.0214470733609,0.0493,0.0574
Kepler-1416,1.0,298.6634624,43.8940593,8.133335227893836,78.4705710720848,0.3402,0.3955
Kepler-1418,1.0,282.9975322,41.67859,17.554052113646044,71.36234588579619,0.0804,0.0935
Kepler-1422,1.0,293.8902214,48.3360926,13.146772385367095,80.86180830905118,0.0795,0.0924
Kepler-1425,1.0,294.9510368,43.0124348,10.063181525647376,76.3669412654023,0.1481,0.1722
Kepler-1429,1.0,285.3662532,49.0448172,18.593667750640478,79.23022216202978,0.0449,0.0522
Kepler-1432,1.0,295.5241011,49.8295211,12.859585235163744,82.72414368238657,0.0928,0.1079
Kepler-1433,1.0,287.3634559,49.4568649,17.522501600224086,80.123850796073,0.0668,0.0777
Kepler-1434,1.0,295.5384415,51.2030002,13.47296737579288,83.98626777790713,0.0825,0.096
Kepler-1438,1.0,289.289819,40.6816262,12.805849079239636,72.32643340481557,0.0712,0.0828
Kepler-144,1.0,281.9156128,42.7755535,18.689090470468166,72.14748144783324,0.0547,0.0637
Kepler-1440,1.0,285.3469737,48.3122283,18.350561464571694,78.50148174067937,0.0459,0.0533
Kepler-1444,1.0,285.3306799,42.0405016,16.072473226568302,72.38339539129164,0.0812,0.0944
Kepler-1445,1.0,280.2495197,43.9150665,20.209927925775876,72.8615883131921,0.055,0.0639
Kepler-1447,1.0,289.6434285,50.727016,16.645268030878388,81.93065356578614,0.0755,0.0878
Kepler-145,1.0,291.3877397,44.5290465,13.042765199246642,76.57260464119322,0.1254,0.1458
Kepler-1450,1.0,294.5536825,45.0813011,11.2746632192387,78.09809731771676,0.1421,0.1653
Kepler-1455,1.0,294.0830662,50.5027572,13.985931316438442,82.92077600983949,0.079,0.0918
Kepler-1456,1.0,286.9453381,43.8228023,15.663414374670253,74.56571469107988,0.0639,0.0743
Kepler-1458,1.0,283.2115971,41.0380135,17.172831399245162,70.7973148115328,0.1155,0.1344
Kepler-1459,1.0,282.4229401,46.0139761,19.43842919755325,75.50288561164908,0.0428,0.0498
Kepler-1460,1.0,285.5577888,44.0108221,16.659388652551385,74.35133739229276,0.0507,0.0589
Kepler-1467,1.0,295.0485389,45.3426781,11.085649079291844,78.49828060082952,0.1894,0.2203
Kepler-1477,1.0,281.2985305,42.6856727,19.08479202827222,71.89523735397083,0.0785,0.0913
Kepler-148,1.0,289.7861626,46.8588176,15.030002626277248,78.27565347884958,0.0632,0.0735
Kepler-1481,1.0,289.4390075,49.7312226,16.380198728772477,80.92024679411495,0.0741,0.0861
Kepler-1482,1.0,285.3138209,48.72527,18.515156184074744,78.90146913841009,0.0471,0.0548
Kepler-1488,1.0,286.6464265,49.9377735,18.12872652464675,80.41883430961713,0.0558,0.0649
Kepler-1489,1.0,281.2957984,44.4654063,19.67832682101662,73.67390019509298,0.0485,0.0564
Kepler-149,1.0,285.8537014,38.3840916,14.281915155968731,69.0542060066275,0.1174,0.1365
Kepler-1490,1.0,295.6935734,42.6094543,9.392771305622952,76.26720939172593,0.1882,0.2188
Kepler-15,1.0,296.2005506,49.1400304,12.152523743681837,82.30359021655576,0.0953,0.1108
Kepler-1511,1.0,288.4211892,43.179773,14.425829153811032,74.39302308367262,0.0629,0.0731
Kepler-1513,1.0,289.7917561,39.2852655,11.863380176854285,71.20067352662973,0.127,0.1476
Kepler-1514,1.0,292.6274943,37.8601653,9.24415055167841,70.90470868981093,0.1616,0.1878
Kepler-1515,1.0,290.9739057,48.1782059,14.835361538298713,79.86092231045536,0.0814,0.0946
Kepler-1523,1.0,296.0540705,45.8270447,10.689752580255801,79.269183006528,0.1279,0.1487
Kepler-1527,1.0,297.4144457,46.0608077,9.970762915427253,79.9376708027238,0.1689,0.1964
Kepler-1529,1.0,289.8707469,41.0407482,12.55983433003115,72.85056840247519,0.1088,0.1265
Kepler-1531,1.0,285.146622,39.3708055,15.176323724927462,69.76804489197252,0.1205,0.1401
Kepler-1532,1.0,296.902784,41.1981424,7.923123844883469,75.45686425663662,0.3554,0.4132
Kepler-1537,1.0,294.3853917,43.8254461,10.804392900723261,76.90536098213828,0.1107,0.1287
Kepler-1539,1.0,284.2194566,44.2685146,17.647565179972492,74.23506097541873,0.0536,0.0623
Kepler-154,1.0,289.7805393,49.8965624,16.241710518967274,81.16840675110404,0.0798,0.0927
Kepler-1549,1.0,286.0524399,39.0960281,14.423173604283203,69.79202726513547,0.1198,0.1393
Kepler-1562,1.0,294.4556567,46.7435353,12.092876653154496,79.57727745191906,0.1244,0.1446
Kepler-1563,1.0,288.5735936,51.4727698,17.54932679032762,82.3868508872497,0.0801,0.0932
Kepler-1564,1.0,290.5861316,46.6427486,14.441444366842763,78.30326935921967,0.0756,0.0879
Kepler-1567,1.0,286.695153,40.2918894,14.445846619190927,71.12808121035201,0.1411,0.1641
Kepler-1570,1.0,299.8617842,45.8274232,8.378379263790078,80.5899281126378,0.3719,0.4324
Kepler-1575,1.0,293.7432102,45.7615507,12.090158810552621,78.45373423885611,0.0989,0.115
Kepler-1581,1.0,287.3713199,39.6036225,13.693954133183501,70.6942721345038,0.2108,0.2451
Kepler-1595,1.0,285.7227502,43.0094855,16.172275449091536,73.43079770345052,0.061,0.071
Kepler-1596,1.0,285.5575066,49.3300866,18.5753190175839,79.5582398603673,0.0487,0.0567
Kepler-160,1.0,287.773573,42.8692755,14.734656686669098,73.90269669233106,0.073,0.0849
Kepler-1600,1.0,291.3993802,38.7877563,10.522930160142415,71.30223306292129,0.0973,0.1131
Kepler-1601,1.0,285.5129496,38.079839,14.406494001545013,68.65618969686457,0.0855,0.0994
Kepler-1602,1.0,293.5808607,40.4275396,9.768325176657754,73.5609495845657,0.1388,0.1614
Kepler-1605,1.0,287.1349405,47.4886251,16.935213115176072,78.150616128373,0.0512,0.0595
Kepler-1606,1.0,286.3782987,43.0732287,15.753792968682278,73.68233566865992,0.048,0.0558
Kepler-1607,1.0,296.0598685,42.6560582,9.178245591547958,76.43908996377495,0.2209,0.2568
Kepler-1614,1.0,284.8713893,49.7758867,19.146053745041627,79.84005684175591,0.0432,0.0502
Kepler-1628,1.0,281.6336936,43.4115547,19.098802841117216,72.70578193444285,0.042,0.0488
Kepler-1634,1.0,294.043399,45.1398201,11.621863035487491,77.98371224672985,0.1409,0.1638
Kepler-164,1.0,287.7808115,47.6298453,16.58455632570265,78.45856752886394,0.0544,0.0632
Kepler-1640,1.0,294.5577857,40.8504949,9.308812314379589,74.29025529652985,0.1724,0.2004
Kepler-1644,1.0,285.4750512,48.0348356,18.173145142883538,78.25959169292648,0.0456,0.053
Kepler-1646,1.0,287.5264859,42.9129356,14.918108897027022,73.86961717235104,0.0686,0.0798
Kepler-1647,1.0,298.150057,40.6561751,6.83604432217254,75.45395864023467,0.3675,0.4273
Kepler-1655,1.0,286.6895986,39.2120802,14.016850405435596,70.10576045868079,0.1622,0.1886
Kepler-166,1.0,293.1600977,48.8812074,13.819236205857552,81.14898539942091,0.0751,0.0873
Kepler-1661,1.0,285.1670927,41.9669383,16.157141679550026,72.26462289405231,0.0778,0.0904
Kepler-1666,1.0,297.9516071,46.2647024,9.745220549523282,80.30238835845698,0.1865,0.2169
Kepler-1669,1.0,297.4303826,39.8478795,6.907825301838448,74.47229806910671,0.3853,0.448
Kepler-1670,1.0,290.3264599,43.121755,13.13633356304125,74.93061452849672,0.0891,0.1036
Kepler-1673,1.0,285.6671724,48.7195865,18.294753076062964,78.98169317135658,0.0484,0.0563
Kepler-1674,1.0,294.8160447,45.3060844,11.213755358548834,78.38827550828329,0.1667,0.1938
Kepler-1676,1.0,287.2368778,43.5671665,15.369743494485283,74.40648447271806,0.0655,0.0761
Kepler-1679,1.0,293.9005786,50.4270507,14.057494270740495,82.79836867693673,0.0769,0.0894
Kepler-1681,1.0,296.6972773,46.3716969,10.555349210416521,79.97224227070024,0.1276,0.1484
Kepler-1689,1.0,291.5741663,38.6559433,10.342047466280134,71.24424848149552,0.0886,0.103
Kepler-1691,1.0,286.2543962,41.0218373,15.041643813686223,71.68459716230866,0.081,0.0942
Kepler-1694,1.0,293.7936339,40.241023,9.538273515191882,73.46925671133579,0.1317,0.1531
Kepler-1697,1.0,287.663331,43.4713782,15.047759193152636,74.4413241062452,0.0564,0.0656
Kepler-1704,1.0,291.2012559,51.1442437,15.90743032168227,82.7331572010947,0.0887,0.1032
Kepler-1709,1.0,283.3748873,43.7883708,18.044758062847123,73.53701141516717,0.055,0.064
Kepler-1710,1.0,291.6832878,37.7514726,9.85915635853113,70.46256201967888,0.1517,0.1764
Kepler-1711,1.0,298.1772916,42.2370289,7.610783216322569,76.84314472693262,0.2535,0.2948
Kepler-1714,1.0,293.7164655,46.2266878,12.314979068658232,78.87077648163626,0.1209,0.1406
Kepler-1716,1.0,297.2717207,43.3330644,8.730585518968287,77.47323721780003,0.2315,0.2692
Kepler-1718,1.0,292.2349191,42.9094618,11.786404476111874,75.35266111099394,0.1122,0.1304
Kepler-1720,1.0,296.8086813,47.1718557,10.869387679390341,80.72526900795846,0.0829,0.0964
Kepler-1726,1.0,284.3861498,45.7197342,18.053171781540023,75.70415146308441,0.0472,0.0549
Kepler-1730,1.0,281.9605834,43.7030386,18.974199264441353,73.0806178948204,0.0458,0.0532
Kepler-1731,1.0,291.2544229,36.7434302,9.710210232226661,69.39320185273726,0.1095,0.1274
Kepler-1733,1.0,291.1384628,37.8592447,10.292254571684797,70.3644033169594,0.128,0.1488
Kepler-1737,1.0,297.0148111,47.486417,10.896451290994225,81.07467929414908,0.0834,0.097
Kepler-1740,1.0,293.873663,38.9224548,8.870059230724248,72.3160179837083,0.1737,0.202
Kepler-1744,1.0,291.0206823,42.4624633,12.394009764141252,74.54269168562614,0.0921,0.107
Kepler-1745,1.0,293.4689924,42.8223582,10.938744256331551,75.68660035405131,0.1178,0.1369
Kepler-1751,1.0,284.8465476,49.6923412,19.133011861788752,79.75106909283741,0.0416,0.0484
Kepler-1760,1.0,284.1326058,48.8251452,19.28105514688201,78.7204579075372,0.0468,0.0544
Kepler-1763,1.0,294.1130368,40.3628861,9.379246123696152,73.6934325660188,0.1373,0.1596
Kepler-1765,1.0,298.0144601,42.9574314,8.073897294292411,77.41316523817694,0.2629,0.3057
Kepler-177,1.0,286.0471442,45.0532038,16.72430942566865,75.4968878234549,0.051,0.0593
Kepler-1770,1.0,299.2502851,43.4103663,7.52260902856252,78.26556949380809,0.2866,0.3332
Kepler-1788,1.0,291.2243829,45.7780993,13.678801903013305,77.68382600895445,0.1085,0.1261
Kepler-180,1.0,295.5712566,49.774514,12.807454977830213,82.6881074100031,0.0913,0.1061
Kepler-1800,1.0,297.6513317,40.3524154,7.012373620071995,74.9978890559022,0.4507,0.5241
Kepler-1808,1.0,287.2924737,39.3832039,13.659678917944147,70.46159553140762,0.202,0.2349
Kepler-1815,1.0,300.170472,43.9849048,7.245454271369305,79.10673664658607,0.647,0.7524
Kepler-1817,1.0,282.0333419,44.4779955,19.185904733284552,73.87136911717785,0.0518,0.0603
Kepler-1819,1.0,296.5600307,46.8574644,10.869242747173214,80.36155646553318,0.1032,0.12
Kepler-1829,1.0,288.664484,51.4983798,17.506271668198103,82.43381438451074,0.0795,0.0924
Kepler-1830,1.0,295.1390408,40.9790527,8.982128392677888,74.61491426938976,0.1977,0.2298
Kepler-1833,1.0,290.8714239,45.4102813,13.747662602258684,77.2333250264244,0.1124,0.1307
Kepler-1838,1.0,298.9917165,40.14226,6.023071224806916,75.3348628017804,0.2215,0.2575
Kepler-1844,1.0,292.6903973,37.9345682,9.234183594471391,70.99476078697747,0.1595,0.1855
Kepler-1848,1.0,299.3814921,45.5920846,8.547856808346973,80.21280177649136,0.3732,0.434
Kepler-1849,1.0,285.29193,41.2557275,15.800517116250656,71.61723314646933,0.0969,0.1127
Kepler-1853,1.0,284.7478834,46.3735415,18.049023867068488,76.44074936974732,0.0387,0.045
Kepler-1861,1.0,295.8465148,49.9361586,12.723367634482177,82.91864278664055,0.1156,0.1344
Kepler-1869,1.0,292.6149958,42.7643438,11.472243104658272,75.34625968941883,0.1141,0.1326
Kepler-187,1.0,299.7964955,44.0892448,7.5296869840822325,79.05756718633658,0.5104,0.5935
Kepler-1875,1.0,296.7727406,50.1883667,12.312801683090758,83.4293633927079,0.1269,0.1476
Kepler-1880,1.0,287.8264561,40.6965988,13.821837629695525,71.86779198096838,0.0737,0.0857
Kepler-1885,1.0,288.7507112,47.4909206,15.92702202970947,78.58746912709701,0.0606,0.0705
Kepler-1887,1.0,288.9555263,44.705707,14.690402160107926,75.9957662192106,0.0707,0.0822
Kepler-1892,1.0,299.081007,42.0180957,6.921635681511964,76.9934420340444,0.2797,0.3253
Kepler-1896,1.0,289.6785786,40.2496475,12.354910756961177,72.05392659857985,0.1219,0.1418
Kepler-1901,1.0,291.1643587,45.3183061,13.52225877253781,77.23693161875401,0.099,0.1151
Kepler-1910,1.0,296.6171677,41.2811677,8.151078955181516,75.42403820731735,0.2602,0.3026
Kepler-1914,1.0,291.4314024,38.6543635,10.441072475998276,71.19215023989148,0.0875,0.1017
Kepler-192,1.0,287.9179379,45.5928829,15.714096936406031,76.53877014405319,0.0622,0.0723
Kepler-1927,1.0,296.3546093,41.3355698,8.34988753102279,75.37523655019136,0.2049,0.2382
Kepler-1928,1.0,290.4406294,38.5235721,11.077840899325455,70.72417576891606,0.1407,0.1636
Kepler-1929,1.0,299.5833362,47.4481244,9.364597309489737,81.90591538074254,0.2322,0.27
Kepler-1931,1.0,290.8723061,43.3330104,12.866194978850855,75.30042662658025,0.0908,0.1056
Kepler-1933,1.0,283.995085,39.9170121,16.204482509001704,69.94017178923207,0.1041,0.121
Kepler-1934,1.0,290.9193265,37.2871677,10.192808987960024,69.76532467809794,0.1731,0.2013
Kepler-1938,1.0,299.351892,41.1957285,6.3274581139112325,76.38584032732902,0.3233,0.3759
Kepler-194,1.0,291.971429,47.8640498,14.097941455498919,79.85361870224283,0.0816,0.0949
Kepler-1946,1.0,282.3355387,42.8453417,18.423964051109248,72.32859264896312,0.0693,0.0806
Kepler-1947,1.0,296.1040313,42.3425818,8.999289314490701,76.17636442869363,0.1834,0.2132
Kepler-1955,1.0,299.5347603,40.4777528,5.839753003307731,75.83798377820818,0.2565,0.2983
Kepler-1956,1.0,294.6208506,49.894219,13.408757805211556,82.51464488329371,0.0708,0.0823
Kepler-1957,1.0,293.711436,47.8874467,13.055699333090244,80.39440824483745,0.0864,0.1005
Kepler-1964,1.0,297.0588033,49.4784362,11.81647709711099,82.87706399538547,0.132,0.1535
Kepler-1965,1.0,292.5147146,38.0219872,9.397326721675753,71.00921082976883,0.156,0.1814
Kepler-1967,1.0,299.1376276,43.4984724,7.637793087430331,78.30027286169354,0.3049,0.3545
Kepler-1969,1.0,294.7842662,49.4920557,13.13471873168154,82.19331276106813,0.0807,0.0938
Kepler-1972,1.0,288.3953074,39.8725067,13.08703783692475,71.27936752045072,0.1098,0.1277
Kepler-1976,1.0,292.16706,48.7275345,14.344946209636277,80.71767540334058,0.0686,0.0797
Kepler-1979,1.0,289.8429062,38.309622,11.406143596771672,70.31978247920851,0.1074,0.1249
Kepler-1982,1.0,287.4099905,39.6586267,13.689178267402216,70.75846340628132,0.2111,0.2455
Kepler-1983,1.0,297.042015,39.9121864,7.19857475619604,74.37983123919227,0.3854,0.4481
Kepler-1987,1.0,295.8254663,42.9433716,9.466602622366633,76.61160104916796,0.2054,0.2388
Kepler-1988,1.0,298.6738034,43.7955099,8.077428865747157,78.38824971564387,0.3618,0.4207
Kepler-203,1.0,297.089959,41.3880686,7.893786822760922,75.6936128405511,0.333,0.3872
Kepler-212,1.0,287.6208165,43.1416239,14.94551384672447,74.11519100958546,0.0501,0.0583
Kepler-218,1.0,295.4128785,46.2665801,11.288701124476194,79.45283088089049,0.1322,0.1537
Kepler-220,1.0,291.5060432,46.8956262,13.974441391791776,78.81162207609646,0.0851,0.099
Kepler-222,1.0,287.9060885,46.9377479,16.241844558230202,77.8255043296574,0.0442,0.0514
Kepler-227,1.0,291.9342748,48.141676,14.237764839073629,80.10231347321583,0.086,0.1
Kepler-233,1.0,296.3665054,51.3194548,13.06442306871542,84.33492620936276,0.0842,0.0979
Kepler-234,1.0,291.6535379,38.4946597,10.214298248920757,71.12597630903333,0.0976,0.1134
Kepler-239,1.0,294.2020505,40.6633313,9.459451037447405,73.9948416587577,0.1422,0.1654
Kepler-24,1.0,290.4132621,38.3437283,11.018310407402149,70.54989167216686,0.1415,0.1645
Kepler-242,1.0,286.5656932,41.8084168,15.135155347076394,72.52884732677875,0.0902,0.1049
Kepler-243,1.0,285.1104819,42.0339619,16.221400753606726,72.31271202584895,0.0784,0.0911
Kepler-245,1.0,291.6389972,42.4363482,11.971787084243969,74.7215411241077,0.1062,0.1235
Kepler-246,1.0,296.4834007,42.6633806,8.908738283749047,76.5973510665635,0.2752,0.32
Kepler-248,1.0,293.0613138,43.5813577,11.546334519198302,76.24057794002381,0.0898,0.1045
Kepler-26,1.0,284.9410627,46.5664505,17.992820713645937,76.67998742251886,0.0428,0.0497
Kepler-260,1.0,291.9259658,38.0140525,9.806807656033614,70.78811623043288,0.1329,0.1546
Kepler-262,1.0,290.7287168,37.2526575,10.313329928903702,69.6653711725057,0.1544,0.1796
Kepler-264,1.0,292.044628,37.3761861,9.43385523914668,70.25468956876267,0.157,0.1826
Kepler-265,1.0,290.5104788,41.244743,12.211767432011536,73.25046408211958,0.0858,0.0997
Kepler-269,1.0,290.2151459,41.775981,12.639231658942869,73.64492793054934,0.0846,0.0984
Kepler-271,1.0,283.0029316,44.284108,18.468324133750713,73.92797049420491,0.0505,0.0587
Kepler-274,1.0,292.9227926,38.4772173,9.321275310057933,71.5681508267241,0.1362,0.1584
Kepler-276,1.0,293.568197,39.0363123,9.133221703678174,72.3060680028883,0.1356,0.1577
Kepler-279,1.0,287.391295,42.194822,14.72412985209065,73.14702202132197,0.0888,0.1033
Kepler-28,1.0,292.1370409,42.4294835,11.6386875296812,74.88051184095696,0.0989,0.115
Kepler-280,1.0,291.3905325,42.1804735,12.025273319100188,74.40416563560723,0.0906,0.1053
Kepler-285,1.0,291.3908469,48.0655392,14.535359752225775,79.87396234850006,0.0866,0.1007
Kepler-289,1.0,297.4653351,42.8828517,8.38649017811458,77.14669212096888,0.3356,0.3902
Kepler-290,1.0,286.4100307,42.6815137,15.581208376446403,73.31632182910768,0.0528,0.0614
Kepler-296,1.0,286.5400278,49.4372614,18.014450758104324,79.9011677740413,0.0618,0.0718
Kepler-306,1.0,288.5387145,40.6160545,13.296169822672248,72.02081172745802,0.0778,0.0905
Kepler-31,1.0,294.0230229,45.8530535,11.957100228209429,78.62698309748698,0.1178,0.137
Kepler-311,1.0,282.0612731,47.0854984,20.02262640460347,76.49308366076303,0.0536,0.0623
Kepler-312,1.0,298.3957687,42.4597712,7.582596494411805,77.11923098687161,0.279,0.3245
Kepler-317,1.0,294.9438822,39.0320499,8.18819374640971,72.81063243061102,0.2101,0.2443
Kepler-32,1.0,297.8423073,46.5743595,9.962320946285207,80.5391890477318,0.15,0.1745
Kepler-325,1.0,289.8354219,49.825607,16.181356992969686,81.114859263147,0.0807,0.0938
Kepler-336,1.0,290.2376224,41.3313637,12.434123935593057,73.24044409326275,0.0869,0.1011
Kepler-337,1.0,290.0605123,47.1639533,14.98245865665634,78.64291846991777,0.062,0.0721
Kepler-340,1.0,295.933471,40.3005515,8.128127126850659,74.30415534600239,0.215,0.2499
Kepler-341,1.0,289.8615609,43.4727412,13.59083212589983,75.11189142125299,0.0752,0.0875
Kepler-343,1.0,291.960662,42.4329567,11.757021690603052,74.82498271846306,0.0906,0.1054
Kepler-346,1.0,288.0119248,46.1176003,15.857956538368695,77.06755326822089,0.0623,0.0724
Kepler-35,1.0,294.496955,46.6896733,12.043230564964222,79.54129579247692,0.121,0.1407
Kepler-350,1.0,285.4195845,39.7061009,15.112880086371508,70.17288804608278,0.1505,0.175
Kepler-358,1.0,293.2302333,48.2813901,13.517299386804172,80.61346530028317,0.0722,0.0839
Kepler-36,1.0,291.2501859,49.2318073,15.101994323173273,80.93277678639137,0.0706,0.0821
Kepler-360,1.0,286.2847077,44.7815817,16.466554501032178,75.29989555872743,0.0488,0.0567
Kepler-362,1.0,291.771603,47.5299192,14.078582617409602,79.48280337349759,0.0769,0.0894
Kepler-363,1.0,283.1920779,41.3054172,17.28359634252103,71.0525959576417,0.1007,0.1171
Kepler-370,1.0,292.1710683,40.9162381,10.942882780247897,73.50994692070556,0.0903,0.1051
Kepler-372,1.0,291.2562253,49.2589288,15.109525755017366,80.96007133852811,0.0698,0.0812
Kepler-377,1.0,295.4220717,38.7356737,7.7194992113050755,72.72786081553481,0.1324,0.154
Kepler-379,1.0,295.7010981,38.9458209,7.630440792053257,73.01937233332733,0.1434,0.1667
Kepler-380,1.0,282.3947017,48.7591334,20.342662932864865,78.25942449983077,0.0475,0.0552
Kepler-384,1.0,286.0261113,44.7828571,16.637169260064937,75.22927555319716,0.0504,0.0586
Kepler-39,1.0,296.9603348,46.0342954,10.234031823104518,79.75960732313965,0.1705,0.1982
Kepler-391,1.0,290.6218844,51.0573453,16.206380217052935,82.49921297324191,0.0766,0.0891
Kepler-393,1.0,290.995205,45.192188,13.576782224822008,77.06756053647234,0.0999,0.1162
Kepler-399,1.0,299.5017242,40.6707669,5.960669068593342,75.99131957298825,0.2522,0.2932
Kepler-40,1.0,296.8136883,47.5265446,11.035030608991555,81.04474090954972,0.0833,0.0969
Kepler-402,1.0,288.3701976,43.3546109,14.53038159316717,74.54274586826425,0.0579,0.0674
Kepler-406,1.0,291.8481764,44.9682807,12.93656131658822,77.12390497263834,0.1137,0.1322
Kepler-409,1.0,293.6792058,46.8527337,12.616904959221001,79.43306081937277,0.1093,0.1271
Kepler-410_A,1.0,283.1510448,45.1400838,18.664254293697212,74.81395356221995,0.0437,0.0508
Kepler-413,1.0,288.5106679,51.1624235,17.470719065743538,82.06934813482775,0.0678,0.0788
Kepler-414,1.0,297.9615616,48.2443363,10.704292267810917,82.06217317795168,0.1138,0.1324
Kepler-415,1.0,293.8045041,38.6390517,8.785331364912613,72.03694948979661,0.1799,0.2092
Kepler-416,1.0,291.5569554,39.2272923,10.60928780706944,71.75798661552555,0.1367,0.1589
Kepler-418,1.0,294.4335228,38.3554729,8.217515768878997,72.01794518740628,0.2269,0.2638
Kepler-42,1.0,292.2196,44.6173667,12.546741270030221,76.91717905911959,0.1467,0.1705
Kepler-422,1.0,282.6296334,46.3232807,19.40569265127398,75.86260064563615,0.0468,0.0544
Kepler-423,1.0,292.8557189,46.3911883,12.921014358400193,78.75259751721772,0.0829,0.0964
Kepler-427,1.0,288.2545808,43.7048379,14.747890920634994,74.8393865559318,0.0812,0.0944
Kepler-43,1.0,285.2408288,46.6682411,17.83658099845094,76.85692607577793,0.0462,0.0538
Kepler-437,1.0,297.3473326,44.0269249,9.022187273870834,78.1128804279163,0.1907,0.2217
Kepler-438,1.0,281.6457236,41.9510686,18.593019255703943,71.2580196673836,0.071,0.0825
Kepler-447,1.0,285.2685283,48.5598835,18.485728909053854,78.72697531054565,0.0485,0.0564
Kepler-449,1.0,293.732787,41.9006366,10.344522091283004,74.94273427962887,0.1267,0.1473
Kepler-450,1.0,295.4865821,51.0135237,13.416704232825717,83.7972508657781,0.0939,0.1092
Kepler-452,1.0,296.003752,44.2775861,9.987678266907231,77.86463849115086,0.1783,0.2074
Kepler-454,1.0,287.4786474,38.2290751,13.053683205922994,69.44109678810528,0.144,0.1674
Kepler-461,1.0,292.2490563,46.1647909,13.200212374308553,78.35618746672327,0.0796,0.0925
Kepler-462,1.0,299.8211502,43.8142793,7.373478751059483,78.82865358884902,0.4194,0.4877
Kepler-463,1.0,298.9368228,44.8578644,8.448302180984436,79.41201746395933,0.2958,0.344
Kepler-47,1.0,295.2978883,46.9204303,11.661151913563684,80.007090191558,0.1093,0.1271
Kepler-471,1.0,299.0975167,43.4975851,7.6624265377223475,78.28462295737951,0.3066,0.3566
Kepler-472,1.0,296.5245187,39.2498503,7.2201306549603945,73.60082219806144,0.2056,0.2391
Kepler-474,1.0,292.3215174,43.8811723,12.158437583878126,76.27254631553616,0.1132,0.1316
Kepler-48,1.0,299.1393094,40.948939,6.3388193832659185,76.08999453232333,0.2387,0.2776
Kepler-483,1.0,291.6467764,41.8846843,11.724663642837427,74.21755234032747,0.0929,0.1081
Kepler-49,1.0,292.2945208,40.5918123,10.713927438548444,73.25730099915899,0.1059,0.1232
Kepler-496,1.0,291.6408978,41.2411044,11.445231555653564,73.62572588290308,0.0928,0.1079
Kepler-501,1.0,297.2014919,41.7301534,7.98928291688109,76.03581583777625,0.2877,0.3345
Kepler-504,1.0,284.9219608,45.9723265,17.79385482533377,76.09155077834689,0.039,0.0454
Kepler-508,1.0,295.4042546,42.9812789,9.75595255527122,76.49717874502792,0.1738,0.2021
Kepler-510,1.0,287.6550196,39.2441716,13.346845029399798,70.44926751230427,0.1971,0.2292
Kepler-516,1.0,295.6087625,38.7357368,7.5919355649359,72.79873905410278,0.1299,0.1511
Kepler-517,1.0,293.6755138,41.2952061,10.10439320667916,74.37631766077511,0.144,0.1674
Kepler-519,1.0,299.3196708,41.3847447,6.4450931964807125,76.53669392706682,0.2686,0.3123
Kepler-521,1.0,298.8163801,43.9980203,8.090358268841387,78.6172377787587,0.3264,0.3795
Kepler-522,1.0,288.153973,44.0688154,14.959754669500398,75.15463589323126,0.093,0.1082
Kepler-525,1.0,296.1834239,47.3587776,11.331661754383326,80.68890456710872,0.0912,0.1061
Kepler-526,1.0,297.6509281,47.3962246,10.475813224478209,81.20459953266865,0.1228,0.1428
Kepler-528,1.0,295.6848595,47.7480914,11.810746149114658,80.88058072842905,0.095,0.1105
Kepler-529,1.0,285.8884067,47.880364,17.859506151695733,78.21118798849926,0.0466,0.0542
Kepler-531,1.0,286.5246582,48.6835481,17.753107436666784,79.15824412044317,0.0618,0.0718
Kepler-533,1.0,293.6856893,48.8249915,13.483403458218557,81.25177901200829,0.0761,0.0885
Kepler-539,1.0,299.1224639,41.8667953,6.818053745818718,76.87809984591544,0.2541,0.2955
Kepler-555,1.0,285.516872,38.9324587,14.740638656083576,69.46669054190707,0.1153,0.1341
Kepler-557,1.0,293.7084179,41.6151084,10.229551649661992,74.67646435171382,0.1301,0.1513
Kepler-558,1.0,284.6579709,42.6526751,16.762777359923437,72.78095183769432,0.0804,0.0935
Kepler-567,1.0,297.6726072,48.3023458,10.900687366249256,82.01920259681417,0.1073,0.1248
Kepler-585,1.0,286.5284924,43.8733751,15.960323924358502,74.4938977220131,0.0531,0.0618
Kepler-588,1.0,284.2572531,47.6889081,18.81940668793355,77.61856680676938,0.0533,0.0619
Kepler-597,1.0,293.4700919,39.2528182,9.301000509746595,72.4646859512883,0.1384,0.1609
Kepler-601,1.0,282.0046852,42.1764657,18.42085573792336,71.57819181526509,0.0855,0.0994
Kepler-61,1.0,295.3044942,42.4753193,9.581572742067486,76.00967381202113,0.1515,0.1762
Kepler-613,1.0,282.7868415,46.2449846,19.277210079008444,75.82257994256388,0.0436,0.0507
Kepler-615,1.0,282.4506927,46.3213671,19.521706736125328,75.81740870554005,0.0462,0.0538
Kepler-617,1.0,283.7407247,47.5161237,19.08851818343199,77.32188965589509,0.0486,0.0565
Kepler-618,1.0,286.2498525,48.0609256,17.698595863739094,78.47948183361105,0.0498,0.0579
Kepler-619,1.0,290.8490899,48.4159782,15.008636024981739,80.05007574408855,0.0746,0.0868
Kepler-624,1.0,295.1933631,39.5396946,8.26063437166297,73.35450225230365,0.1897,0.2205
Kepler-625,1.0,292.1504723,39.6375254,10.38327429524666,72.33987076845688,0.1383,0.1608
Kepler-627,1.0,292.1042198,39.7678585,10.473681669874171,72.44195390500312,0.1432,0.1665
Kepler-632,1.0,297.252613,40.288605,7.244552437512778,74.78993413948893,0.5396,0.6274
Kepler-634,1.0,291.19509,40.7027352,11.510665171071613,72.98128769591503,0.0905,0.1052
Kepler-635,1.0,289.7732613,40.8007019,12.524392334441004,72.59591121588771,0.0943,0.1096
Kepler-636,1.0,293.5920614,41.0950891,10.068143294464436,74.16649310890415,0.1369,0.1592
Kepler-644,1.0,295.4757022,43.4931119,9.951621156990159,76.98011444202973,0.1998,0.2324
Kepler-645,1.0,290.3227098,44.0358625,13.523989088798597,75.7813808672292,0.1011,0.1176
Kepler-646,1.0,290.4714596,44.3870422,13.574697387211609,76.1552748287528,0.1066,0.1239
Kepler-647,1.0,284.7882977,44.5916225,17.385004968996743,74.70456744316142,0.067,0.0779
Kepler-648,1.0,283.8996207,45.0169137,18.125766389080685,74.88554137358233,0.045,0.0523
Kepler-65,1.0,288.6887221,41.1511076,13.41465272196791,72.56960637019996,0.0732,0.0851
Kepler-652,1.0,288.0080899,46.4736108,15.99842406961895,77.40775305065581,0.0422,0.049
Kepler-654,1.0,297.0683931,46.8342497,10.552533536545488,80.50949563755445,0.1047,0.1218
Kepler-655,1.0,297.2590664,46.843165,10.442418246485866,80.58116736879542,0.1109,0.129
Kepler-657,1.0,291.1973006,47.3077545,14.338071842707958,79.1065677740151,0.0896,0.1042
Kepler-662,1.0,290.4650801,47.9291252,15.043795198519616,79.48166764758349,0.065,0.0756
Kepler-668,1.0,285.4992845,49.2772713,18.592608382626544,79.4920865971568,0.0479,0.0557
Kepler-670,1.0,297.0154644,49.2252988,11.721790342134838,82.63553346690013,0.138,0.1605
Kepler-671,1.0,294.2657519,49.3140933,13.3576178757269,81.87527997240126,0.0713,0.0829
Kepler-672,1.0,291.7219993,49.4808492,14.924722952567633,81.29888294436202,0.061,0.0709
Kepler-680,1.0,291.622381,50.6181793,15.451253492231512,82.3455848983513,0.0834,0.0969
Kepler-683,1.0,291.4399598,37.9056293,10.100133869053856,70.51465326118998,0.1229,0.1429
Kepler-684,1.0,290.8704935,38.2735978,10.665307430202047,70.64665093689214,0.1088,0.1265
Kepler-685,1.0,293.8719143,38.4229184,8.637639169779177,71.86863039371242,0.1904,0.2214
Kepler-69,1.0,293.2609013,44.8688656,11.994139123494534,77.48225654905825,0.1455,0.1692
Kepler-695,1.0,299.3160934,40.8223815,6.159219946045939,76.04945965305805,0.2502,0.2909
Kepler-697,1.0,283.8643937,41.3463859,16.828583318477495,71.28543632977902,0.1113,0.1295
Kepler-7,1.0,288.5814928,41.0897335,13.462801098763906,72.47779667371252,0.0864,0.1005
Kepler-702,1.0,293.8781041,41.6617245,10.138414771720326,74.77780709173852,0.1307,0.1519
Kepler-711,1.0,297.4600468,42.8398172,8.368686391735691,77.10689719991603,0.352,0.4093
Kepler-716,1.0,290.3931809,43.3638577,13.194667010679648,75.17703558983416,0.0795,0.0924
Kepler-719,1.0,295.5360628,43.8844116,10.09763280523644,77.35143509410777,0.1789,0.208
Kepler-721,1.0,284.4305132,44.4803776,17.58273072195001,74.49932736186686,0.0559,0.065
Kepler-723,1.0,284.8304434,44.6580932,17.381133474451644,74.78087507254169,0.0632,0.0735
Kepler-726,1.0,291.7172776,44.8873466,12.985265633631677,77.00795971127769,0.1034,0.1202
Kepler-727,1.0,294.8469333,45.0344155,11.069168527752346,78.1528120182707,0.1538,0.1788
Kepler-736,1.0,285.3913092,46.1809293,17.564850154401032,76.41856718045447,0.0394,0.0458
Kepler-739,1.0,290.067994,46.5791535,14.7398928016254,78.0923561535449,0.0678,0.0788
Kepler-740,1.0,286.4822566,46.692456,17.051933725450702,77.20505359251212,0.0637,0.074
Kepler-742,1.0,283.8659676,46.7896522,18.761999777793076,76.62996122584669,0.0511,0.0595
Kepler-748,1.0,292.2628779,37.2369732,9.215885118738864,70.2093120056943,0.1506,0.1751
Kepler-75,1.0,291.1376203,36.5773443,9.719301556747455,69.19995466122737,0.1331,0.1548
Kepler-750,1.0,289.0968274,44.004364,14.31345678987371,75.37601787193654,0.0709,0.0825
Kepler-757,1.0,296.6804876,41.3865279,8.160918314394559,75.54038666993522,0.2633,0.3062
Kepler-761,1.0,290.503599,44.1436249,13.451426083529968,75.93810922419884,0.0919,0.1069
Kepler-764,1.0,297.3931183,47.1645814,10.51709788857423,80.9124047537071,0.1061,0.1234
Kepler-765,1.0,283.1846044,47.1557114,19.323117027458768,76.82871771066743,0.0605,0.0704
Kepler-766,1.0,293.1845144,37.9698357,8.9047139299273,71.20838066295883,0.1664,0.1935
Kepler-769,1.0,292.7130925,38.3581685,9.412597690876026,71.38451894128656,0.1278,0.1486
Kepler-770,1.0,286.4904589,38.374872,13.821027635485082,69.25204213860695,0.1045,0.1215
Kepler-774,1.0,291.0318604,38.211894,10.524350604837737,70.64752714243896,0.1066,0.124
Kepler-775,1.0,291.4332781,41.7033162,11.788140916592273,73.97975305585491,0.0796,0.0925
Kepler-777,1.0,282.7241098,44.3465098,18.67711098147638,73.91733105491468,0.0495,0.0575
Kepler-78,1.0,293.7419543,44.4482521,11.499472050540515,77.25546364827247,0.1615,0.1878
Kepler-780,1.0,281.7663511,44.2924898,19.30376491391344,73.61865089620781,0.0451,0.0524
Kepler-792,1.0,292.0068239,38.8207001,10.114567376376293,71.54788620856226,0.1396,0.1623
Kepler-798,1.0,292.4782785,42.1422821,11.284891539494081,74.73250219124904,0.0938,0.1091
Kepler-8,1.0,281.2881335,42.4510975,19.012744094413385,71.65892938721844,0.07,0.0814
Kepler-804,1.0,293.3722109,44.7851812,11.886115597034467,77.44180471160502,0.1562,0.1816
Kepler-805,1.0,293.2300178,45.053364,12.095956317501534,77.6411591828427,0.1277,0.1485
Kepler-811,1.0,285.4241593,47.8345586,18.13436493654088,78.04972218011086,0.0504,0.0586
Kepler-814,1.0,284.9105256,48.4315896,18.663896281117754,78.51336799954184,0.0502,0.0583
Kepler-826,1.0,284.8601128,39.2405076,15.33019006095682,69.554485187831,0.1072,0.1246
Kepler-831,1.0,294.9855607,42.7277355,9.907501264483532,76.12355127795006,0.1392,0.1618
Kepler-839,1.0,291.074684,45.242544,13.547338335698432,77.13885411040259,0.0943,0.1096
Kepler-841,1.0,284.2513637,48.8095962,19.20216116914596,78.73264324941529,0.0472,0.0549
Kepler-844,1.0,287.8578541,48.7739646,16.96872173519714,79.58545200861688,0.0544,0.0632
Kepler-845,1.0,290.9576363,49.2037262,15.26491358662737,80.82528976837563,0.0656,0.0762
Kepler-849,1.0,290.8517961,48.5213243,15.05007862304034,80.15037531559899,0.073,0.0849
Kepler-859,1.0,286.7418337,43.1901197,15.55425715490916,73.90075618114558,0.0481,0.0559
Kepler-860,1.0,295.5772681,46.2547028,11.182549374885213,79.49597134341218,0.1437,0.1671
Kepler-862,1.0,297.7792466,46.4926688,9.960354248817497,80.44529962250917,0.1514,0.1761
Kepler-866,1.0,290.1222112,43.085407,13.256189192631279,74.83212665794149,0.0867,0.1008
Kepler-873,1.0,296.4031319,51.2712773,13.021946863230307,84.30180117378949,0.0863,0.1004
Kepler-878,1.0,285.2962562,46.6034497,17.777879294211957,76.80765647326986,0.0448,0.052
Kepler-879,1.0,295.8065515,50.9097521,13.190031089928878,83.79582280866427,0.093,0.1081
Kepler-884,1.0,292.5844328,49.9232012,14.603148610364029,81.9556941986556,0.0774,0.0899
Kepler-890,1.0,288.435718,43.7634712,14.65155493654182,74.94922299973916,0.078,0.0907
Kepler-892,1.0,283.1296399,43.8880983,18.24538906254178,73.57004017831741,0.0536,0.0623
Kepler-896,1.0,282.4391402,43.7344291,18.65971220244748,73.23628391031036,0.0472,0.0549
Kepler-9,1.0,285.5739904,38.4008192,14.48974069411666,68.98011687695563,0.1036,0.1204
Kepler-900,1.0,296.177272,46.9989635,11.166472002896255,80.3629614382633,0.0997,0.1159
Kepler-901,1.0,291.1528056,40.8876814,11.620480305413837,73.13666089773197,0.0823,0.0956
Kepler-904,1.0,288.8229001,40.38901,13.005182972287756,71.90118506268198,0.0913,0.1061
Kepler-908,1.0,295.3225434,39.3764624,8.094963264465564,73.25788694091406,0.1958,0.2276
Kepler-910,1.0,296.0472937,42.7429414,9.227978101784228,76.51186527920466,0.2214,0.2575
Kepler-919,1.0,298.1147862,48.4943834,10.736722305610135,82.33495132577,0.1171,0.1361
Kepler-926,1.0,289.6793396,40.7004265,12.546177363679252,72.4719477463677,0.0944,0.1098
Kepler-927,1.0,289.3834807,41.3926651,13.040748591483593,73.0187969559112,0.0782,0.0909
Kepler-932,1.0,296.9520797,43.2720233,8.903857711530176,77.30447038671772,0.2053,0.2387
Kepler-933,1.0,289.5685257,43.5385438,13.811492220279044,75.08255316168665,0.0801,0.0931
Kepler-938,1.0,294.7890593,46.9839352,11.99896743160324,79.90213845527407,0.0892,0.1037
Kepler-943,1.0,284.2739322,41.5349809,16.613113526035455,71.58696548566454,0.0912,0.106
Kepler-950,1.0,287.9565768,41.1302834,13.908809070800862,72.31698560385699,0.114,0.1326
Kepler-951,1.0,287.7375794,38.1146488,12.821001372775335,69.42083375316993,0.121,0.1407
Kepler-955,1.0,288.4714969,40.2698157,13.199074521975955,71.67535880915925,0.0808,0.0939
Kepler-956,1.0,292.5308289,49.0616555,14.269785286815505,81.1345656342651,0.0754,0.0877
Kepler-959,1.0,292.171185,40.8113849,10.895917901321393,73.41447128773397,0.0941,0.1094
Kepler-960,1.0,281.4572217,46.7465538,20.30578809414563,76.01081409414543,0.043,0.05
Kepler-961,1.0,282.0354942,43.6312491,18.898886317604923,73.02863113520833,0.0442,0.0514
Kepler-964,1.0,295.300065,40.5565792,8.674002913046825,74.29744119156264,0.1653,0.1923
Kepler-966,1.0,297.270576,50.1218365,11.999977142975018,83.52260132312813,0.1745,0.2029
Kepler-967,1.0,286.5580128,38.4052418,13.784883472216137,69.30269328399649,0.1107,0.1287
Kepler-974,1.0,285.0131082,40.2209547,15.599320465776279,70.54027733780921,0.1587,0.1845
Kepler-978,1.0,286.7107166,43.0433585,15.518240578577073,73.75121723561914,0.0492,0.0572
Kepler-98,1.0,285.6616933,37.9645672,14.253141217272125,68.59512262254094,0.0839,0.0976
Kepler-982,1.0,288.4176803,46.5904531,15.784248769439609,77.63359190438216,0.049,0.057
Kepler-986,1.0,293.0940391,42.8964457,11.21739084378684,75.62729305827102,0.1158,0.1346
Kepler-991,1.0,297.0905543,49.6264867,11.86822698171361,83.0203462825269,0.1319,0.1534
Kepler-992,1.0,284.4304085,47.6416613,18.693665307384485,77.61384098798032,0.0517,0.0601
Kepler-994,1.0,289.0720752,47.406918,15.694167791037843,78.59577569646461,0.0732,0.0851
LHS_1140,1.0,11.248632,-15.2741085,78.05159133197951,115.40542283239071,0.0139,0.0162
LHS_1678,1.0,68.1789866,-39.7908744,42.916862055698246,243.2983603192322,0.0229,0.0266
LP_261-75_A,1.0,147.7685281,35.9685562,50.92665082076873,188.35206224027536,0.0082,0.0095
L_363-38,1.0,10.8555443,-41.2952926,75.73754280600156,309.0535695644152,0.0112,0.013
MASCARA-1,1.0,317.5515264,10.7388967,24.375428994735802,60.44830672957422,0.0749,0.087
MASCARA-4,1.0,147.5800667,-66.1139253,9.401576859099,285.97627434483786,0.1893,0.2201
MOA-2007-BLG-400L,1.0,272.4249167,-29.2241528,4.700808913589054,2.3813169728603985,0.4632,0.5386
MOA-2009-BLG-387L,1.0,268.461625,-33.9903333,4.0963150040510445,356.55645448559574,0.6861,0.7978
MOA-2010-BLG-328L,1.0,269.496333,-30.715175,3.213849571195858,359.83600047607774,1.1574,1.3459
MOA-2012-BLG-006L,1.0,270.442963,-29.108778,3.131581309781947,1.640689335681935,0.7942,0.9235
MOA-2015-BLG-337L,1.0,271.9487,-28.1702785,3.8281389913987045,3.106921955786992,0.616,0.7163
MOA-bin-1L,1.0,261.7925,-29.7939722,2.926612569002241,357.1130551672822,1.3028,1.5149
NGC_2682_Sand_1429,1.0,133.0147781,11.6899626,32.018820370305626,215.9055629804098,0.0231,0.0269
NGC_2682_YBP_1514,1.0,132.7531307,11.8865128,31.86855429428998,215.56881687642436,0.03,0.0349
NGTS-2,1.0,215.1227617,-31.2020698,27.922210598080067,324.4475556831083,0.0662,0.077
NGTS-31,1.0,80.4212533,-38.656827,33.37401822696832,243.1282586358216,0.0286,0.0333
NGTS-33,1.0,107.8333348,-35.8505185,11.80098622940815,247.35039166515895,0.3245,0.3774
NGTS-3_A,1.0,94.4447595,-35.706364,21.8317583646692,243.0104396314203,0.0385,0.0448
NGTS-4,1.0,89.5988945,-30.8117992,24.13545746394334,236.57905098417928,0.0281,0.0327
NGTS-5,1.0,221.0582692,5.6053735,55.60335723939472,359.28428372414055,0.0308,0.0358
NGTS-9,1.0,141.9206435,-19.3476477,22.21520223551448,250.61859560524118,0.0386,0.0449
OGLE-2005-BLG-169L,1.0,271.522167,-30.7326389,4.740069348869246,0.6768890234069274,0.575,0.6686
OGLE-2005-BLG-390L,1.0,268.579958,-30.3773056,2.3616121772722507,359.7325505292224,1.0972,1.2758
OGLE-2006-BLG-109L,1.0,268.143792,-30.0877778,1.8900388292730774,359.79136612364795,0.8772,1.02
OGLE-2008-BLG-092L,1.0,267.540708,-34.6731944,3.786428381982308,355.5801939589585,0.5798,0.6742
OGLE-2008-BLG-355L,1.0,269.786708,-30.7594722,3.4524629093445607,359.92168810548236,1.0579,1.2302
OGLE-2011-BLG-0251L,1.0,264.559083,-27.1361389,2.333574616953623,0.6700373674789136,1.2499,1.4534
OGLE-2012-BLG-0026L,1.0,263.577917,-27.14275,3.066501552970007,0.19492369248254762,1.3019,1.5139
OGLE-2012-BLG-0358L,1.0,265.694875,-24.261,2.9861092697619984,3.6544924926928135,0.8595,0.9995
OGLE-2013-BLG-0132L,1.0,269.764618,-28.4210281,2.274536021855215,1.9444424056313356,0.8714,1.0133
OGLE-2013-BLG-0911L,1.0,268.88325,-29.2538333,2.0226529185551425,0.836327598914569,1.0059,1.1696
OGLE-2014-BLG-0124L,1.0,270.6217083,-28.39625,2.9175680325473428,2.3391230346854526,0.7539,0.8766
OGLE-2014-BLG-0319L,1.0,266.9611667,-33.9350444,2.99704040958763,355.9693509229891,1.3326,1.5496
OGLE-2014-BLG-0676L,1.0,268.1020833,-30.5483889,2.0931178205578047,359.3761237313039,1.3792,1.6038
OGLE-2015-BLG-0966L,1.0,268.75425,-29.0471111,1.8212027795699035,0.9582340492035553,1.0003,1.1631
OGLE-2016-BLG-1067L,1.0,273.2045,-27.0126389,4.250750679199251,4.660031756378851,0.5772,0.6712
OGLE-2016-BLG-1195L,1.0,268.847931,-30.2072506,2.47578758274403,359.9962652181442,0.934,1.0861
OGLE-2017-BLG-0173L,1.0,267.970612,-29.2713604,1.3450117430830781,0.41781325614179105,1.052,1.2232
OGLE-2017-BLG-0482L,1.0,269.048889,-30.5283604,2.786967111264285,359.8054295852089,1.1394,1.3249
OGLE-2017-BLG-1522L,1.0,270.319366,-28.4619713,2.718534292633777,2.150751632017347,0.7546,0.8774
OGLE-2017-BLG-1691L,1.0,263.5938333,-29.2848306,1.895468107119931,358.39950169585484,1.7491,2.0339
OGLE-2018-BLG-0506L,1.0,267.6298333,-31.9240556,2.4468720031968076,357.9856609325515,2.0605,2.3959
OGLE-2018-BLG-0962L,1.0,268.1747917,-32.30925,3.0402205518868324,357.8888566320892,1.2403,1.4422
OGLE-2019-BLG-0299L,1.0,266.6794583,-23.5843111,2.5704360118433622,4.702200326366366,1.0538,1.2253
OGLE-2019-BLG-1470L_A,1.0,271.9492083,-27.0335556,3.2794292117206894,4.104362201670179,0.7679,0.893
OGLE-TR-182,1.0,167.3279228,-61.0952624,0.6306883960771771,290.9066917837655,1.2752,1.4828
OGLE-TR-211,1.0,160.0598236,-62.4555353,3.3451876487083556,288.3993115400762,0.5869,0.6825
OGLE-TR-56,1.0,269.1479583,-29.5392222,2.3654037533073455,0.7052483804659351,0.9437,1.0973
PDS_70,1.0,212.0421402,-41.3980405,19.208438870323928,318.06195980131,0.0854,0.0993
PZ_Tel,1.0,283.2745823,-50.1808952,20.754010378231627,346.1505803226853,0.0475,0.0552
Pr0201,1.0,130.4324005,20.2268164,32.97008560896973,205.42171907590807,0.0295,0.0343
Proxima_Cen,1.0,217.3934657,-62.6761821,1.9180507546920174,313.92595044766296,2.0484,2.3819
Qatar-8,1.0,157.4123405,70.5270835,42.19051435030799,138.05767576429858,0.0372,0.0433
Ross_176,1.0,305.6897438,47.3086191,5.797528855275323,84.01871239232118,1.1595,1.3483
Ross_458,1.0,195.1912147,12.3755996,75.08625654426413,311.8145520266198,0.0331,0.0385
SR_12_AB,1.0,246.8312363,-24.6946687,16.564894296273035,352.9798470815566,3.3037,3.8416
TIC_142589416,1.0,168.2439697,73.8301439,41.54979041062426,131.84856652556695,0.0293,0.034
TIC_160113658,1.0,59.4555606,-41.6320332,49.46547482318479,246.2592253762919,0.0088,0.0102
TIC_206466666,1.0,56.7694828,-52.3667509,48.817299807045714,262.9069362733998,0.0104,0.0121
TIC_237913194,1.0,22.4458116,-60.7399096,55.76470299789566,294.6130220036764,0.0171,0.0199
TIC_290487717,1.0,139.0870563,2.5508053,33.07593983180147,228.83505207313885,0.0257,0.0298
TIC_34085383,1.0,59.235363,-7.3757198,41.87292835385618,197.53204837104659,0.0644,0.0749
TIC_38828280,1.0,68.3926457,-62.1697135,39.67132150390202,272.92847324256036,0.0208,0.0242
TIC_445839811,1.0,200.1188173,48.4072699,67.98542634828561,110.00078762164542,0.0064,0.0074
TIC_77319217,1.0,71.0406969,-39.8976018,40.72788213782046,243.5892887959936,0.0239,0.0278
TIC_87422071,1.0,273.0346013,-44.2434042,12.084264940559338,349.14116720040494,0.1305,0.1518
TIC_9344899,1.0,72.793934,-8.4473205,30.53218780226292,206.58461157276867,0.0542,0.063
TOI-1080,1.0,276.3683249,-52.214573,17.380907201384687,342.5677018872799,0.0781,0.0908
TOI-1136,1.0,192.1848981,64.8552755,52.27052280704815,123.40032491534608,0.0137,0.0159
TOI-1174,1.0,209.2171751,68.6182106,47.38652659724314,114.2090632598313,0.0169,0.0196
TOI-1203,1.0,168.2267358,-34.4069371,24.19214638796277,280.784720051174,0.0956,0.1111
TOI-1231,1.0,156.74726,-52.4678724,4.382373685802779,281.8255971261272,0.4857,0.5648
TOI-1235,1.0,152.2182549,69.2766204,41.71684769028938,140.9166329302559,0.0482,0.0561
TOI-1238,1.0,201.3823387,68.8360678,47.98751885519007,118.34646645541758,0.0145,0.0169
TOI-1243,1.0,135.7326412,71.6364158,35.79962099958205,141.9723574320413,0.1161,0.135
TOI-1248,1.0,259.0235918,63.1056072,34.70539314870991,92.71278364469919,0.0244,0.0283
TOI-1249,1.0,200.5615762,66.3085331,50.52803602119798,118.07243482665743,0.0204,0.0237
TOI-125,1.0,23.5934253,-66.6763495,49.90030536101712,296.35814324263964,0.0156,0.0182
TOI-1266,1.0,197.9965833,65.8336973,51.16065574380756,119.58108365335214,0.0129,0.015
TOI-1272,1.0,199.1962036,49.8610591,66.75298181357707,112.5466838845874,0.0083,0.0097
TOI-128,1.0,79.5209381,-80.964384,30.37767652751967,293.30999832822766,0.1019,0.1185
TOI-1338_A,1.0,92.1330955,-59.5409853,28.49113829219433,268.41173155420324,0.0268,0.0312
TOI-1346,1.0,256.6226752,68.8433031,34.5588331018015,99.784342634287,0.0239,0.0278
TOI-139,1.0,336.4024144,-34.9097131,57.990902159625996,9.759902045973629,0.0084,0.0098
TOI-1416,1.0,216.9234892,41.9529862,65.3935837330634,76.1888968208218,0.0076,0.0088
TOI-1431,1.0,316.2036922,55.5880221,5.723026107211003,94.60687334818361,1.0994,1.2784
TOI-1437,1.0,256.1387513,56.842549,36.91354835936508,85.26894482304199,0.0183,0.0213
TOI-1444,1.0,305.4749252,70.9437054,18.617867076539316,104.38781644758888,0.3387,0.3938
TOI-1448,1.0,316.324003,57.7710946,7.123306931332218,96.2936268919539,0.6154,0.7156
TOI-1451,1.0,186.5242821,61.2589289,55.60336665114783,128.32133379210157,0.0145,0.0168
TOI-1472,1.0,14.1142611,48.6375168,14.225894558076154,123.787307122925,0.1575,0.1832
TOI-1518,1.0,352.2675207,67.0348062,5.43872870639042,115.00858587252296,1.6679,1.9395
TOI-157,1.0,73.7014398,-76.6806061,32.93009040118843,289.0633144508355,0.0829,0.0964
TOI-1630,1.0,352.0166759,75.5526069,13.535678812248383,117.6931643088266,0.3278,0.3811
TOI-1648,1.0,45.4011794,69.2299235,9.223940438038223,134.07461170791956,1.3782,1.6025
TOI-1691,1.0,272.4041179,86.860343,27.65490409285016,119.44577697821212,0.1307,0.1519
TOI-1716,1.0,105.0833291,56.8241941,23.612829920914717,159.5703279612222,0.0426,0.0495
TOI-1728,1.0,120.6116787,64.7971531,31.879039617441844,151.45970276316166,0.05,0.0581
TOI-1742,1.0,257.3288678,71.8766724,33.55102680776029,103.24970443828752,0.0354,0.0411
TOI-1775,1.0,150.1151015,39.4577506,52.60052793374287,182.5651770317007,0.0107,0.0124
TOI-1803,1.0,178.0461054,35.1718001,75.01256742317587,176.84738874660317,0.0191,0.0222
TOI-1807,1.0,201.2826259,38.9223671,76.2686861888001,94.2393500260491,0.0084,0.0098
TOI-1811,1.0,188.9223576,27.2143766,86.49644581539792,210.6247253684271,0.0138,0.0161
TOI-1824,1.0,197.7312286,61.7448492,55.23018297378001,118.88932884594398,0.0168,0.0195
TOI-1846,1.0,257.9549645,54.5278483,36.074729927546535,82.29859804889246,0.0189,0.022
TOI-1873,1.0,212.5684755,84.3718582,32.40870718295046,120.68674431518463,0.089,0.1035
TOI-1899,1.0,299.4268472,40.1433462,5.738059426355617,75.50727193095948,0.3019,0.351
TOI-2010,1.0,292.1669417,53.4873694,16.310445722848215,85.21298384758377,0.117,0.136
TOI-2031_A,1.0,331.1178077,81.5659509,20.710913140607836,116.93955864076598,0.2133,0.2481
TOI-2046,1.0,16.1849423,74.3313055,11.483220430077553,123.84791752724074,0.267,0.3104
TOI-2068,1.0,186.27356,60.4183455,56.408463042639,128.80567605083357,0.0127,0.0148
TOI-209,1.0,19.3941777,-66.903066,50.02247848733718,298.94742048970767,0.0134,0.0156
TOI-2092,1.0,212.5474866,45.5638685,65.81875835510613,87.77533383857637,0.0048,0.0056
TOI-2093,1.0,302.7375229,70.8696532,19.367768490686565,103.86457409930813,0.294,0.3418
TOI-2095,1.0,285.6365235,75.4185135,25.495562645161236,106.7558240654444,0.107,0.1244
TOI-2104,1.0,151.6122146,83.0878397,32.221988146926186,128.313677733792,0.0228,0.0265
TOI-2107,1.0,286.7965405,-58.6968348,24.920197188051453,337.7906183841855,0.0471,0.0548
TOI-2109,1.0,253.1862971,16.5799153,33.530987606684384,35.517890521520556,0.0731,0.085
TOI-2128,1.0,256.9817998,32.1053027,34.84643131353541,54.70573620503723,0.0347,0.0403
TOI-2158,1.0,276.8100527,20.5268868,14.343035445011864,48.93330646111234,0.1328,0.1544
TOI-2196,1.0,312.3400744,-70.4850723,35.17675839638342,323.77266835517855,0.0483,0.0562
TOI-220,1.0,91.7996988,-61.9972098,28.86576541902852,271.18492266803975,0.0404,0.047
TOI-2200,1.0,98.7835071,-72.4567778,26.990577134948914,283.2125600123364,0.0897,0.1042
TOI-2266,1.0,245.2800398,31.5770413,44.52160814350597,51.677113866460815,0.0205,0.0238
TOI-2267_A,1.0,65.0614963,84.9008238,23.934946407554833,127.33878920075901,0.1024,0.1191
TOI-2274,1.0,277.459311,40.5414117,21.10258932767401,68.74327605511624,0.0742,0.0863
TOI-2322,1.0,116.9731027,-71.0019671,21.130819997704787,283.1483769735265,0.1499,0.1744
TOI-2368,1.0,134.9576234,-48.4884929,1.605498973622842,268.75991461188744,1.4308,1.6638
TOI-2411,1.0,20.9224567,-8.7017944,70.05717288133042,146.9165372079634,0.0326,0.0379
TOI-2420,1.0,14.8268138,-19.7711643,82.4252272357559,137.11831203053825,0.0149,0.0173
TOI-2431,1.0,37.7652989,8.3816255,47.06539520814836,160.64045693803055,0.1108,0.1288
TOI-2453,1.0,74.8374845,12.9363528,17.78421425232305,187.55915010906796,0.2546,0.296
TOI-2459,1.0,82.1433321,-39.3730456,32.183279977838886,244.24740711938426,0.0197,0.0229
TOI-2485,1.0,205.2043217,22.9839692,78.08112224934207,15.298488948811581,0.012,0.014
TOI-2497,1.0,90.0625878,11.8840577,5.681681510699174,196.46251815749,0.3921,0.4559
TOI-2498,1.0,95.4162204,11.2516477,1.3813050993635323,199.5373844138302,0.7718,0.8975
TOI-251,1.0,353.0620655,-37.2558629,70.48441900207109,356.733529528088,0.0145,0.0168
TOI-2518,1.0,105.4448495,-34.9196867,13.185248689853903,245.65435396210327,0.1594,0.1854
TOI-2545,1.0,135.5458029,-3.4208194,26.90831678706438,232.51708638779482,0.0166,0.0193
TOI-2589,1.0,107.4881501,-37.230948,12.632702476824416,248.51283516541454,0.3428,0.3986
TOI-262,1.0,32.534687,-31.0706272,72.38806071284444,230.54546168725517,0.0214,0.0249
TOI-270,1.0,68.4160804,-51.9573937,42.01396080461306,259.7737936505037,0.0087,0.0101
TOI-2719,1.0,71.5549449,-0.8048725,27.95549923338968,198.2151278429636,0.0356,0.0414
TOI-277,1.0,19.0766985,-20.9532772,81.61466212846064,166.84171433026629,0.0135,0.0157
TOI-2803_A,1.0,93.1147397,-23.4924956,18.658132626242526,230.3742877407466,0.0396,0.046
TOI-2886,1.0,110.0076569,-10.5698414,1.4454042860433,225.58820225969592,0.5141,0.5978
TOI-3023,1.0,165.3158231,-72.3567044,11.265874732303475,294.7156588835965,0.2441,0.2839
TOI-3082,1.0,195.9080719,-19.2189845,43.55865588134099,306.9056518545079,0.0714,0.083
TOI-3288,1.0,297.1103158,-43.0180008,28.11660134107511,356.39331190322616,0.0569,0.0661
TOI-3321,1.0,265.7603351,-65.0082516,17.621826780708716,327.99997428232683,0.0633,0.0736
TOI-3486,1.0,249.4432035,-59.3051077,8.158006171776696,328.42726288199134,0.2474,0.2876
TOI-3693,1.0,15.6543938,51.3038918,11.529149903396041,124.71484037118174,0.2259,0.2627
TOI-375,1.0,47.1499034,-77.3833275,37.27081479758802,294.036041232887,0.0921,0.1071
TOI-3819,1.0,121.8632568,29.3886446,28.44257479054758,192.4712244373753,0.044,0.0511
TOI-3837,1.0,152.6662832,24.2731213,53.82192695265749,208.2345625515646,0.0286,0.0332
TOI-3877,1.0,170.4544727,33.9913822,69.57532114507917,187.83159229445832,0.0207,0.024
TOI-3912,1.0,215.8014956,24.0765639,69.11667270859473,29.666265065276967,0.0191,0.0222
TOI-4030,1.0,277.6228367,56.7704522,25.209864789602634,85.83567308360493,0.0432,0.0502
TOI-406,1.0,49.2626428,-42.2441492,56.80726106226056,249.5626531733153,0.0141,0.0164
TOI-4087,1.0,217.9257785,83.3727061,33.09144947861282,119.58613948313432,0.0908,0.1056
TOI-4379,1.0,252.0478813,-32.4337532,8.059533004664177,349.9960261857095,0.4904,0.5702
TOI-4406,1.0,18.0485164,-56.9253875,59.974156959238464,297.2712390976701,0.0177,0.0206
TOI-4479,1.0,316.0969388,24.6536739,14.663389184804611,71.14122821105605,0.1767,0.2055
TOI-4527,1.0,19.4722574,5.4711996,56.778996049464574,135.0095052844974,0.0307,0.0357
TOI-4578,1.0,184.2109675,75.1402358,41.78827712630329,125.89662847095146,0.0323,0.0375
TOI-4600,1.0,258.4503674,64.5661727,34.73234571806478,94.51584003609943,0.0218,0.0254
TOI-4603,1.0,83.8659288,21.2942417,5.986117962376475,185.28579563323606,0.4335,0.5041
TOI-4640,1.0,38.205319,10.0724659,45.41197572565734,159.8304625137183,0.082,0.0953
TOI-4641,1.0,42.5582023,25.3335334,30.240218876156767,154.15203912527045,0.1305,0.1518
TOI-469,1.0,93.0578446,-14.6493167,15.183035908871744,221.87205362084677,0.2449,0.2848
TOI-4734,1.0,90.3581219,12.5478825,5.10509143746372,196.0228070118355,0.4264,0.4959
TOI-4940,1.0,58.2511684,-62.4079681,43.9162955229794,275.6897380980872,0.0327,0.038
TOI-4994,1.0,283.1325335,-78.4344302,26.588257986419368,315.88756860456056,0.1101,0.128
TOI-500,1.0,106.559098,-47.5878156,17.333078996555212,258.09657049878706,0.079,0.0919
TOI-5143,1.0,165.3651202,5.1394812,55.80634696591198,248.02983456999021,0.0248,0.0289
TOI-5159,1.0,142.7859562,20.0193431,43.850959878629475,210.57101725836458,0.0325,0.0377
TOI-5174,1.0,174.1094967,-2.0233506,55.70341130991616,268.17465359972925,0.0213,0.0247
TOI-5205,1.0,313.7706819,24.360977,13.203033004295763,69.53399957484294,0.1776,0.2065
TOI-532,1.0,85.0800537,11.5626373,10.069859017378798,194.28567794726877,0.3294,0.383
TOI-5335,1.0,46.9523734,15.3590831,36.15185252646115,164.95321241664467,0.168,0.1953
TOI-5380,1.0,112.7611492,73.1287844,28.73594328562686,141.9613472437499,0.0203,0.0236
TOI-5422,1.0,86.8436173,25.6260342,1.3859195583935502,183.0314961483631,1.1096,1.2903
TOI-5532,1.0,41.3804035,5.1507331,47.55176604022548,167.7291979804125,0.0434,0.0504
TOI-5542,1.0,302.7984228,-61.1354659,33.08255619619134,335.72493785087556,0.0334,0.0389
TOI-558,1.0,42.2915093,-58.0246828,52.87028600282942,277.39489135360964,0.0186,0.0217
TOI-5599,1.0,199.3262375,55.6815392,61.06633209137457,115.3901215577139,0.0139,0.0162
TOI-5777,1.0,141.002239,82.8586961,31.38463099866686,129.508360883322,0.0193,0.0224
TOI-5786,1.0,293.3223259,30.7042468,5.386007234278114,64.7998086537732,0.2593,0.3015
TOI-5800,1.0,305.0655462,-7.4119237,23.10225718384474,36.427619354166154,0.0389,0.0452
TOI-5882,1.0,311.8886385,34.7374918,5.455442218350678,76.7283000456155,0.2592,0.3014
TOI-5916,1.0,325.2995114,9.5990534,31.073341634522777,64.7684627540177,0.0484,0.0563
TOI-6000,1.0,292.6062979,68.1545924,21.5415095745761,99.7113738219281,0.0799,0.0929
TOI-6002,1.0,299.6142524,32.2871702,1.528645661151903,68.85738854327936,1.8774,2.183
TOI-6008,1.0,310.4487344,49.6468992,4.623391717164886,87.7802266845438,1.3567,1.5776
TOI-6034,1.0,317.9001392,68.4020762,13.643330306955555,104.86526679479857,0.4985,0.5797
TOI-615,1.0,133.4086892,-40.543701,2.71408901280966,261.99981052971765,1.0679,1.2418
TOI-622,1.0,125.3050544,-46.4842959,5.549217218464052,263.18581157153085,0.6765,0.7866
TOI-6223,1.0,355.9505977,33.0672361,27.697190365889945,106.95293809955373,0.0415,0.0483
TOI-6281,1.0,172.3785238,-40.6094246,19.641817090160927,286.54994361336816,0.1009,0.1173
TOI-6383_A,1.0,60.4246951,60.8913677,6.09973232577374,144.0984157572839,0.6981,0.8117
TOI-6420,1.0,125.5443036,-19.1242852,10.07298855224299,240.63518928849084,0.0861,0.1001
TOI-654,1.0,164.7245509,-5.5475446,47.48242681965002,258.9461266235777,0.0278,0.0323
TOI-6564,1.0,205.8178791,-56.1564491,5.987589822050993,310.1457362374661,0.522,0.607
TOI-6692,1.0,312.6940436,-81.2723982,31.190691031975092,311.7831072915875,0.1539,0.1789
TOI-6707,1.0,109.7634707,-58.1155263,19.309683208587572,269.17743261058183,0.1191,0.1385
TOI-6894,1.0,173.4691418,12.4510906,66.6462363964167,248.06381522071084,0.0373,0.0434
TOI-7009,1.0,299.5131334,55.6510291,13.447596317902498,89.16585392388544,0.1571,0.1826
TOI-7155,1.0,12.4454481,79.2878555,16.416365896754453,122.85169753832285,0.2375,0.2761
TOI-7166,1.0,320.6806363,8.8893975,27.951395848723408,60.86379578072171,0.0404,0.047
TOI-733,1.0,159.4093183,-40.888259,15.242045550664404,277.3436217314699,0.0806,0.0938
TOI-799,1.0,98.4691249,-52.4602958,23.770613084586408,261.3386160779091,0.0515,0.0599
TOI-824,1.0,222.1654705,-57.5888666,1.777740363185235,318.14917726119745,1.5276,1.7763
TOI-858_B,1.0,60.1998256,-54.5929177,46.14320407019558,264.9836791332919,0.0133,0.0155
TOI-883,1.0,103.3690609,-6.5078349,2.5113003607722306,218.95912408246448,0.8161,0.9489
TOI-904,1.0,89.3712733,-83.1297264,28.524947927582808,295.3239873117081,0.1206,0.1403
TOI-908,1.0,53.1594266,-81.250745,33.63672031777265,296.1454903562318,0.0503,0.0584
TOI-912,1.0,229.3285665,-80.4733446,19.34410709148121,308.9165245399928,0.2109,0.2453
TOI-929,1.0,45.9071657,-39.9307758,59.851771876626856,246.56280659850802,0.0138,0.016
TOI-938,1.0,63.0323442,-12.1188357,40.77118456477395,205.44394868540613,0.0383,0.0445
TOI-941,1.0,78.3005249,6.5459146,18.39171151357854,195.153363820886,0.1268,0.1475
TYC_3318-01333-1,1.0,45.5825716,49.7441421,7.807555282876656,143.57786589958405,0.4398,0.5113
TYC_8998-760-1,1.0,201.3001096,-64.9391566,2.3015340288118065,306.49947466865774,0.8941,1.0397
TrES-5,1.0,305.2219454,59.4489033,12.742233469015453,94.11915770165366,0.2629,0.3057
V830_Tau,1.0,68.2918259,24.5619241,15.647971763769462,173.98884626195007,1.23,1.4303
VHS_J125601.92-125723.9,1.0,194.008964,-12.956031,49.90018815515925,304.67122526526066,0.0488,0.0567
WASP-1,1.0,5.1669536,31.9899732,30.429333095259512,115.36605800763292,0.0502,0.0583
WASP-101,1.0,98.3511016,-23.486086,14.234048766297677,232.3223301280081,0.0688,0.0799
WASP-104,1.0,160.6023689,7.4350768,53.63984290479038,239.72025405093808,0.0288,0.0334
WASP-107,1.0,188.3864277,-10.1462141,52.47381639469405,295.69143499433363,0.028,0.0326
WASP-114,1.0,327.6656953,10.4629385,32.27270941805161,67.32588737801714,0.0746,0.0868
WASP-118,1.0,19.5505861,2.7027847,59.4787565343544,136.18027767143298,0.0422,0.0491
WASP-119,1.0,55.9336392,-65.19378,43.366697469948996,279.719553728773,0.0809,0.094
WASP-13,1.0,140.1029654,33.8823291,44.53646734411489,190.92868732252694,0.0135,0.0156
WASP-130,1.0,203.1060194,-42.4752733,19.75782760846984,310.94556395718445,0.0888,0.1033
WASP-132,1.0,217.6091998,-46.159516,13.352469094185766,320.2718158803631,0.1413,0.1643
WASP-133,1.0,314.5754375,-35.7966224,40.25582428393971,7.633141971811562,0.0596,0.0693
WASP-136,1.0,0.325761,-8.9262512,68.28074152132075,87.52858606471806,0.0297,0.0346
WASP-138,1.0,41.6391598,-0.4641252,51.602684009491384,173.74659530080766,0.0295,0.0343
WASP-141,1.0,71.8244347,-17.1151736,34.93993779594678,215.53570481433567,0.038,0.0442
WASP-144,1.0,320.7628761,-40.0484393,45.39233162016141,2.2617789792989846,0.0343,0.0399
WASP-147,1.0,359.1915117,-22.1532316,76.62822039533876,51.79261382328173,0.0172,0.02
WASP-15,1.0,208.9280111,-32.1597118,28.76954461268153,318.43651796694496,0.0585,0.0681
WASP-150,1.0,264.2630197,53.0212751,32.34312457838872,80.49322155004178,0.031,0.036
WASP-153,1.0,279.2624729,40.0186905,19.631906057233618,68.68937597052866,0.0582,0.0676
WASP-154,1.0,327.7191734,-8.6359458,43.560863681915656,47.670473029583725,0.0358,0.0416
WASP-162,1.0,168.2929079,-17.6577794,39.26998776033229,272.15319898382995,0.0324,0.0377
WASP-167,1.0,196.0437932,-35.5495292,27.250140648548765,305.8459157027037,0.0492,0.0572
WASP-173_A,1.0,354.1686959,-34.6113042,72.33625807339862,3.2997908549899417,0.01,0.0116
WASP-183,1.0,163.7888521,-0.7370663,50.52829133034196,253.08942792772865,0.0392,0.0456
WASP-186,1.0,18.9953122,21.6169065,40.894589985231825,130.48557174271548,0.0397,0.0461
WASP-188,1.0,278.7819771,36.6156327,18.830125337410745,65.16389754534407,0.0536,0.0623
WASP-194,1.0,295.3877064,56.2178049,15.762327324305568,88.59862234856026,0.0902,0.1049
WASP-20,1.0,5.1605621,-23.9357894,82.35676020830867,55.91523527262399,0.0134,0.0155
WASP-21,1.0,347.4928024,18.3961597,38.256411589264765,91.75433831081025,0.1599,0.1859
WASP-22,1.0,52.8180374,-23.8197924,53.92335104693778,216.79640023190962,0.0216,0.0251
WASP-24,1.0,227.2154975,2.343286,48.8296942036152,1.862512928559911,0.044,0.0512
WASP-26,1.0,4.6030424,-15.2674044,75.8715024266241,88.35289348151608,0.0184,0.0214
WASP-31,1.0,169.4388603,-19.0547781,38.539201763081806,274.2255072967897,0.0435,0.0506
WASP-35,1.0,76.0818912,-6.2297801,26.62047524498639,206.0163764794318,0.071,0.0825
WASP-41,1.0,190.6188034,-30.6398176,32.192282429325566,300.6538370891188,0.0576,0.067
WASP-44,1.0,3.9032733,-11.9382645,72.63943546074823,92.23762700421977,0.0264,0.0306
WASP-46,1.0,318.7370122,-55.8718634,42.07382745109405,340.69767884794027,0.0371,0.0431
WASP-48,1.0,291.1623865,55.4730273,17.62718958289483,86.88240007476037,0.0956,0.1112
WASP-5,1.0,359.3490277,-41.2772202,72.0181946794391,337.5932294483392,0.0113,0.0131
WASP-55,1.0,203.7581951,-17.5034961,44.13308564201056,317.48266421715005,0.0652,0.0759
WASP-60,1.0,356.6667136,31.1559115,29.70223501377348,106.98513956018894,0.077,0.0895
WASP-62,1.0,87.1398205,-63.9883286,31.033639331386524,273.4156830814035,0.0371,0.0431
WASP-63,1.0,94.3363562,-38.3233826,22.720546497173135,245.67215078333265,0.0817,0.095
WASP-71,1.0,29.2634506,0.7588247,57.95663987266175,155.0885308857257,0.0252,0.0293
WASP-78,1.0,63.7562662,-22.1163901,43.76509694533165,218.38540366265153,0.0267,0.0311
WASP-79,1.0,66.3709016,-30.6004362,43.44491495063113,230.54190357908337,0.0233,0.0271
WASP-8,1.0,359.9008737,-35.0313349,76.39545573982942,354.2513373763929,0.0127,0.0147
WASP-84,1.0,131.1069959,1.8598933,25.83571354238986,224.9110737993075,0.0668,0.0776
WASP-87,1.0,185.3246821,-52.8408163,9.760959260653946,298.32214547786964,0.1505,0.175
WASP-91,1.0,357.846434,-70.1528621,46.11618749878646,310.22074554215465,0.0277,0.0322
WASP-94_A,1.0,313.7832393,-34.1357512,39.37856110834858,9.654502373188762,0.0662,0.077
WASP-94_B,1.0,313.7882932,-34.135724,39.38268866327328,9.655382604795237,0.066,0.0767
WASP-96,1.0,1.0465696,-47.3606352,67.7483936703691,324.4134751093816,0.0099,0.0115
WASP-98,1.0,58.4290113,-34.3282716,50.50277226942641,234.9339062456772,0.0046,0.0053
WD_1856534,1.0,284.415675,53.5090244,20.622839401026777,83.49861604860483,0.0586,0.0681
WISPIT_2,1.0,290.8209991,-7.6820823,10.5514484320091,29.644240701669922,0.252,0.293
WTS-1,1.0,293.9850284,36.2962939,7.557126999940483,70.01625462717118,0.1144,0.133
Wendelstein-1,1.0,299.0506412,17.5699627,5.678239069293663,55.998448733577796,0.2692,0.313
Wendelstein-2,1.0,297.7909214,16.9125679,4.976542128831215,54.815516242125966,0.3635,0.4227
Wolf_1061,1.0,247.5748276,-12.6676866,23.67714735462687,3.3470232264100486,0.3437,0.3996
Wolf_327,1.0,148.3783199,35.570548,51.42093858864753,188.98784491814104,0.0085,0.0099
XO-1,1.0,240.5492745,28.1696248,48.02123815156189,45.85301906014897,0.0346,0.0402
XO-2_N,1.0,117.0267691,50.2251472,29.3283119729854,168.2898346371397,0.0529,0.0616
XO-3,1.0,65.4695814,57.8172095,5.62844809053803,148.09714274327536,0.7329,0.8522
XO-5,1.0,116.7163868,39.0944695,26.934479371187965,180.6256707726651,0.0436,0.0507
bet_Pic,1.0,86.8212337,-51.066148,30.611670858737657,258.3634121484047,0.0458,0.0533
kap_CrB,1.0,237.8080012,35.6558818,51.04131945261328,57.01462860389187,0.019,0.022
nu_Oct_A,1.0,325.3702792,-77.3910853,35.188440467397704,314.28748320727476,0.1201,0.1396
nu_Oph,1.0,269.7566013,-9.7741342,6.974173359001376,18.16750994921625,0.9962,1.1584
omi_CrB,1.0,230.0350768,29.6160222,57.33369897438389,46.20944904570451,0.0198,0.023
omi_UMa,1.0,127.5649503,60.7177048,35.426328540152994,155.97705935911628,0.0734,0.0853
ups_Leo,1.0,174.2372188,-0.8235643,56.79861342395497,267.26323166613366,0.016,0.0186
TIC_103865797,0.0,242.15444189892,19.2533763310073,44.29197119774113,33.950633528266444,0.0315,0.0366
TIC_124709665,0.0,104.726972083503,-10.5804451663651,3.165248108980738,223.2023869180107,0.6815,0.7924
TIC_129319156,0.0,228.843132778614,-52.8859635646864,4.067509652517556,323.7515776249944,0.6747,0.7845
TIC_139853601,0.0,112.294007783508,-21.8329308987815,1.9574848700733996,236.54795563936383,1.8525,2.1541
TIC_140706664,0.0,128.382011085239,-43.8284401110045,2.242610703671912,262.27586565284304,2.1167,2.4612
TIC_141482386,0.0,86.8206978708729,-72.4226602877397,30.594043567852605,283.22712533012157,0.0825,0.0959
TIC_143257766,0.0,293.389202368697,-45.892684160079,26.1429737102776,352.59627438039826,0.0614,0.0714
TIC_143994283,0.0,119.300768860226,-42.9990841011793,7.281668340333518,257.9274084209487,0.3904,0.4539
TIC_149601557,0.0,87.2825084921527,-60.4985327637591,30.967542259535115,269.3441125091804,0.0601,0.0699
TIC_155044736,0.0,122.895956710959,-27.9718190893969,3.1775846299099872,246.73018366306368,0.3604,0.4191
TIC_155491828,0.0,123.488509579824,-24.7173169277542,5.403182971578154,244.29001468121885,0.1243,0.1446
TIC_156115721,0.0,124.359379848318,-27.2734917901298,4.644285340883579,246.86324784986573,0.1792,0.2084
TIC_164150539,0.0,335.753529335047,30.5727100524561,22.28324844751199,88.7830720855254,0.0643,0.0747
TIC_169904935,0.0,120.704929368031,-11.1015080634015,10.360152136061984,231.20821831800788,0.0696,0.081
TIC_17129975,0.0,308.160544744928,40.7785083933903,0.5613416583763484,79.72506432147478,3.474,4.0396
TIC_17150865,0.0,64.6449293274628,19.1790502206138,21.72768330222796,175.95194440940932,0.411,0.4779
TIC_172110606,0.0,97.832159981245,32.396823742594,10.279799011010162,181.67301059968105,0.2562,0.2979
TIC_172464366,0.0,100.15880192018,-27.5714059645256,14.37256925209562,236.8595903472738,0.0788,0.0916
TIC_172630205,0.0,101.01018264526,-26.0306571671152,13.05677789903765,235.722598125271,0.0917,0.1067
TIC_172754786,0.0,299.809998422625,38.3936866443996,4.57876555483238,74.15816386225012,0.4654,0.5411
TIC_172871230,0.0,299.878912992761,41.7421501692603,6.270118582249194,77.06165971734006,0.4097,0.4764
TIC_173860688,0.0,113.103206746669,-38.5747680233396,9.240907384685158,251.7217477209084,0.3008,0.3498
TIC_174143743,0.0,113.883293290777,-36.3871297465231,7.672282336565501,250.05792293817086,0.4433,0.5155
TIC_17416749,0.0,242.201042231649,35.6912507060443,47.475084337914666,57.212819331890316,0.0186,0.0216
TIC_175079720,0.0,115.874550524899,-38.9088333541285,7.4944625052332885,253.05261223853918,0.4611,0.5362
TIC_175180796,0.0,116.010441169182,-36.9960910834749,6.4692940122359355,251.42213766494183,0.5739,0.6673
TIC_175310067,0.0,116.11082020711,-36.0983353226298,5.958903413463044,250.6747974677478,0.7051,0.8199
TIC_175476629,0.0,350.977782030175,-38.2257287324514,68.58036200438035,356.22493736360104,0.0176,0.0205
TIC_176772671,0.0,142.566678758766,-18.8430663544658,23.006608541276176,250.65232733651428,0.0501,0.0583
TIC_176778112,0.0,47.8279848849345,-35.6280615798737,59.13959794635441,237.67779324085356,0.0168,0.0195
TIC_176831592,0.0,48.9569288194641,-32.8024428831368,58.3732386440052,232.13212086221978,0.0139,0.0162
TIC_176984236,0.0,101.909535392822,-66.3283246256499,25.058407401328363,276.6268381613889,0.0547,0.0637
TIC_177126182,0.0,106.405066356238,-11.9798456658964,2.33871349795309,225.2005193892027,0.4939,0.5743
TIC_177612321,0.0,106.179340645783,-0.029504205286487,2.940822475613961,214.47335587227138,0.3888,0.4521
TIC_177722855,0.0,107.421556402712,-11.3289503119142,1.1554220038357823,225.0797928182137,1.0533,1.2247
TIC_178959058,0.0,209.699278284059,-40.6190555563242,20.47040475573124,316.5068908943062,0.0729,0.0847
TIC_179033846,0.0,64.2625714300007,-29.5248979148904,45.05774463680863,228.62492473404984,0.0348,0.0404
TIC_179155220,0.0,109.106911553978,-8.32936034883502,1.7061586624797704,223.1912290025889,0.4892,0.5689
TIC_179159972,0.0,109.056366699055,-9.89368264227858,0.9336191435607603,224.55276828897158,0.6281,0.7304
TIC_18017227,0.0,171.711290884219,37.7052446282075,69.32307526766195,176.87016792242807,0.0144,0.0167
TIC_180987952,0.0,130.261521610342,-41.4428264220584,0.3002446456494443,261.2098524671426,2.0787,2.417
TIC_182470056,0.0,123.753501408245,-36.2480594968014,0.7814581406663796,254.03719262205783,2.0603,2.3957
TIC_182943944,0.0,124.726472906995,-37.7832910038609,0.9965169473679305,255.74448426355275,1.2528,1.4568
TIC_183979262,0.0,21.6491825405389,-72.7489643001488,44.131327621095096,299.31200744048056,0.0304,0.0354
TIC_184679932,0.0,32.2939970238666,40.4020050443418,20.095105789242627,138.584483985076,0.0495,0.0576
TIC_184869170,0.0,110.258642272345,19.4017194125485,15.045028187755527,198.5262979299249,0.0841,0.0977
TIC_184952758,0.0,128.143868466686,-36.3467126788007,2.0585819407889603,256.14995677150256,0.6006,0.6983
TIC_185226925,0.0,301.240411133842,46.7072347922187,8.015898014858953,81.84811926053402,0.4347,0.5055
TIC_185405474,0.0,301.717634174016,45.4991960462315,7.099590569621788,80.98668958270977,0.7408,0.8613
TIC_186000935,0.0,303.073214340037,44.4962031320941,5.752686676312241,80.65201006478844,1.1643,1.3538
TIC_186599508,0.0,45.0879538179729,39.0685716171236,17.28563697976845,148.63022442510692,0.0775,0.0901
TIC_187029841,0.0,34.5559221294669,38.478891398962,21.323442183181026,141.0318062322348,0.052,0.0605
TIC_187532854,0.0,77.8692219840618,37.9232694472619,0.936376766174587,168.58160451253593,1.718,1.9977
TIC_188593930,0.0,345.522751172725,-16.3599368907356,62.501609690894625,50.31928465964224,0.0325,0.0378
TIC_188989177,0.0,78.7784061991806,-15.1004557536212,27.994780061516618,216.32253770365065,0.088,0.1024
TIC_189013222,0.0,79.1018330778656,-15.5125678081372,27.86824414181276,216.88975281933608,0.072,0.0837
TIC_189620016,0.0,144.040636064515,-24.7511248606016,19.95377442704176,256.2845457468543,0.0535,0.0622
TIC_190081497,0.0,132.270029609729,-36.5782133053682,4.544523195343049,258.3638020669991,0.4506,0.5239
TIC_190271688,0.0,221.343621701993,-54.7611388500248,4.526695935378858,318.9556180040998,0.6239,0.7255
TIC_190430205,0.0,324.922530258349,46.220222998591,4.779030791527285,91.90401891871291,0.3931,0.4571
TIC_190442486,0.0,324.93546904423,41.9507858782864,7.97429823000221,89.05431808775629,0.3864,0.4493
TIC_190743990,0.0,325.787158692354,45.6468965066989,5.606521037254032,91.97888812235166,0.2392,0.2782
TIC_191146556,0.0,8.30443446767814,46.3403344275275,16.41546192982119,119.65528004253137,0.066,0.0767
TIC_19155785,0.0,81.7154947191111,18.4199616458185,9.235972273682071,186.63559644859944,0.3746,0.4356
TIC_192372961,0.0,45.5983085285978,43.183852930148,13.521358245958922,146.85938647617948,0.1396,0.1623
TIC_192520375,0.0,138.052306062944,-39.6579424669721,5.962406498517466,263.6918274404157,0.3051,0.3548
TIC_193628179,0.0,266.562222278062,46.4983843789533,30.176881066756383,73.0876879697227,0.0187,0.0218
TIC_193708920,0.0,306.256138947714,46.9229168436019,5.261109755929327,83.92035765419567,1.2312,1.4317
TIC_194179013,0.0,271.039742302151,-34.120348163854,6.018986954842304,357.499493913004,0.3962,0.4607
TIC_1950736,0.0,79.0438035955502,30.5853812821857,4.436824620006744,175.1113841432889,0.3931,0.4571
TIC_195093356,0.0,313.339716129194,37.4750897933527,4.636947921466193,79.60272488340587,0.5769,0.6708
TIC_195199644,0.0,313.536466160741,37.7893576971976,4.55570987392163,79.9450632930063,0.6059,0.7045
TIC_196286587,0.0,125.557142784513,-25.0694388545642,6.7685424241462995,245.6320519437371,0.1062,0.1234
TIC_197650870,0.0,336.70505077207,52.2278566903452,4.572870660099849,101.67687561007773,0.2696,0.3135
TIC_197959526,0.0,348.296566092459,-53.8328060406826,57.7583983282203,330.3084350720897,0.008,0.0094
TIC_198616607,0.0,271.403641567177,47.5503614848219,27.113960203613473,74.92988287105088,0.0359,0.0417
TIC_199162630,0.0,333.847548961,46.3022787999956,8.515383671343274,96.84542563115306,0.157,0.1825
TIC_199688472,0.0,253.140304286878,57.9740047429061,38.357220699622054,86.96489582675119,0.0187,0.0218
TIC_200593988,0.0,85.3353944622199,11.194576571109,10.041254010478383,194.7368051801012,0.4172,0.4852
TIC_201154493,0.0,56.14331970739,41.064371693896,10.891253382973517,154.6954812874404,0.291,0.3384
TIC_201233610,0.0,359.516493188325,-49.3008270397653,65.55866171725553,324.2600588491987,0.0097,0.0112
TIC_20178111,0.0,89.8975004747849,-40.3957703973512,26.586003616399697,246.8399072441166,0.0492,0.0573
TIC_20182165,0.0,226.181334582728,38.605228253165,59.95863142101435,63.893921411544355,0.011,0.0127
TIC_202428245,0.0,227.190884180172,62.9592555442509,47.75355007711959,100.51379329689885,0.0124,0.0144
TIC_202468443,0.0,229.006270911694,62.7183462414147,47.27988795665823,99.44564881857119,0.0171,0.0199
TIC_206466531,0.0,56.8151995225024,-52.9851523804976,48.57288551110079,263.7685653707314,0.0118,0.0137
TIC_206498307,0.0,332.188137912994,-18.9926648291467,51.87552598731556,36.40256562966636,0.022,0.0255
TIC_207084429,0.0,22.7565940031505,-51.215432348134,64.77336781071712,288.2996434803044,0.0173,0.0202
TIC_207501148,0.0,247.657525850949,56.3993296936559,41.583751927110725,85.73516627137205,0.0074,0.0086
TIC_20988926,0.0,285.06223193445,34.2582815524896,13.203578590168775,64.90214695252956,0.0652,0.0759
TIC_210337597,0.0,311.476887199543,21.4534972002793,13.294667090496644,65.84298091879803,0.0979,0.1138
TIC_21755546,0.0,292.286791622682,30.2973361699528,5.979449072040344,64.01525629801081,0.2577,0.2996
TIC_219151731,0.0,89.8352451038926,-49.4697520323117,28.48424216898203,256.85027934892264,0.0374,0.0434
TIC_219164808,0.0,90.7741324972255,-52.0843601634795,28.30963924159247,259.8917286258829,0.0453,0.0526
TIC_219205407,0.0,92.8339939632491,-51.466674228722,26.949890240079466,259.44470600118825,0.0605,0.0703
TIC_219208037,0.0,93.0983884893435,-50.93099991692,26.687154066843945,258.88966240307303,0.0691,0.0804
TIC_219239945,0.0,64.5213440946077,-53.8014256114095,43.94811049582105,262.88547376960025,0.0065,0.0076
TIC_219366908,0.0,75.4388021029872,-49.284684007199,37.804413113927666,255.80777221929253,0.0089,0.0104
TIC_219379012,0.0,76.8338125203579,-48.1159310261635,36.88341437790336,254.33798323954747,0.0119,0.0139
TIC_219388773,0.0,77.0475794393205,-50.8587853578112,36.7461976405625,257.76436699506985,0.011,0.0128
TIC_219466803,0.0,209.89602503779,74.0733353485393,42.22024048435069,116.69959991436768,0.0192,0.0224
TIC_219467837,0.0,210.063684192736,75.0844745260957,41.257825832894916,117.11946289231696,0.0233,0.0271
TIC_219766989,0.0,192.321724032745,-21.3329867479116,41.53596594874021,302.2627395181974,0.0535,0.0622
TIC_219821826,0.0,268.029401730099,62.7909732178155,30.642737952976542,92.01829251733376,0.0315,0.0366
TIC_219824469,0.0,204.440275523038,48.2500952807492,67.03625318385669,102.8949523303348,0.0117,0.0136
TIC_220016044,0.0,32.3217919182809,-48.484723613921,63.84778444402473,272.86224278958315,0.018,0.021
TIC_22020459,0.0,147.853642016412,-25.5939224863647,21.74822837001804,259.5652025493474,0.0591,0.0687
TIC_220396259,0.0,68.8915559928341,-56.1387005118947,40.97353672667837,265.194456754444,0.01,0.0116
TIC_220435095,0.0,73.6414335623337,-57.5135485551435,38.16770170004093,266.33112262663263,0.0107,0.0124
TIC_220518305,0.0,41.467302069935,-64.3207070487896,48.549425451472786,284.66561892245403,0.0248,0.0288
TIC_224313733,0.0,234.099272683982,57.890669129959,47.89832036560122,91.42321597299313,0.0115,0.0134
TIC_224418572,0.0,282.101508764303,15.4942700362511,7.652114364204222,46.46604587153062,0.2625,0.3053
TIC_22843856,0.0,39.0064991247602,25.5885338743248,31.574870408540242,150.7405051170858,0.1384,0.1609
TIC_229091748,0.0,3.79771602867514,-46.2724286857392,69.55669730026436,321.09319163058245,0.0114,0.0132
TIC_229141709,0.0,26.3766982731524,-51.2968718353592,63.75733834728764,283.63084511611424,0.0182,0.0212
TIC_229285649,0.0,98.0241531639169,11.8523363444104,1.15945378574499,200.1960894473372,0.914,1.0627
TIC_229384040,0.0,98.5977992664294,8.41391712588405,0.07427402841731534,203.50750755782047,0.7952,0.9247
TIC_229536616,0.0,195.821291226307,67.8234106712696,49.26542508004336,121.21921049175377,0.0228,0.0265
TIC_229770036,0.0,282.174188151223,70.8396971407243,25.735531075342042,101.56574487720022,0.0475,0.0553
TIC_230017325,0.0,291.469183820956,61.7761063058409,19.801438929283172,93.13192984923789,0.0463,0.0538
TIC_230075120,0.0,244.441326477867,69.4476688171414,38.397335118356345,102.38578060219336,0.0261,0.0303
TIC_230086768,0.0,246.624584445956,66.1436142706588,39.03476921397616,98.09854805870967,0.023,0.0267
TIC_230267547,0.0,264.591094914884,18.4738319582601,24.148001035627853,42.166960842968045,0.0577,0.0671
TIC_230386397,0.0,285.785872810861,64.2299795336882,23.00930190875938,94.78575345330174,0.0476,0.0554
TIC_23113034,0.0,60.8383629872961,25.3438304321308,20.074364464981333,168.5608125697536,0.3062,0.356
TIC_231703293,0.0,335.467321805046,-57.7584502776254,49.72063756700309,333.004942118348,0.0202,0.0235
TIC_231721005,0.0,80.7402205780908,-53.7646432395608,34.463464658715026,261.3132529376819,0.0225,0.0262
TIC_232679662,0.0,282.474533514233,55.2664255065119,22.218456758321356,84.9475968505791,0.04,0.0466
TIC_232967666,0.0,198.153215789084,71.6181270623498,45.412339035139794,120.55660013760273,0.0122,0.0142
TIC_233390838,0.0,301.559289521437,59.4908638229217,14.35874273993099,93.17098859363581,0.1903,0.2213
TIC_233497719,0.0,249.520083226691,77.756230462633,33.321996358900925,110.69063843578236,0.0305,0.0355
TIC_233503636,0.0,251.235648641282,77.3440391517201,33.171544695671464,110.05340889112739,0.0384,0.0446
TIC_233541860,0.0,281.198194609903,62.6853996479274,24.64415942493995,92.62386594075305,0.047,0.0547
TIC_233569098,0.0,281.814148514068,64.8064060906854,24.804267161352676,94.97150467093546,0.0438,0.051
TIC_233681149,0.0,260.364976984549,65.0118733248139,33.858321403240026,94.89809837435008,0.0278,0.0323
TIC_233684822,0.0,260.903201511062,64.8622356199032,33.65251176615563,94.68288446111755,0.0262,0.0305
TIC_233720539,0.0,276.37927133741,63.4881004048016,26.927962782882176,93.09923748098691,0.0321,0.0373
TIC_233735068,0.0,277.476886968408,61.0494649270433,26.066556709076732,90.4869523456206,0.0379,0.0441
TIC_23389848,0.0,275.117959435923,30.8558056322609,19.680897495522203,58.321769384971724,0.09,0.1047
TIC_235684392,0.0,288.092717430033,77.9226330474563,25.398176957948092,109.59640529343406,0.0508,0.0591
TIC_23650642,0.0,126.0884701535,42.1049921927266,34.48282345186788,178.7338263267731,0.0417,0.0485
TIC_236775063,0.0,282.663282493031,55.8014902352629,22.262772229756024,85.535127392604,0.041,0.0476
TIC_237101326,0.0,240.691844110043,71.2243165184079,38.61006724051068,105.15604861329628,0.0237,0.0275
TIC_237185205,0.0,283.526690311777,37.7200239624014,15.710370988760635,67.68154252968758,0.0722,0.0839
TIC_237200747,0.0,293.03270808089,74.8911328356254,23.53119202274339,106.68213671818512,0.1017,0.1182
TIC_237235093,0.0,297.484432330141,73.0865057383707,21.77019814198238,105.28682199775146,0.1858,0.216
TIC_237751146,0.0,104.331755328593,4.02896316519978,3.1441333938510043,210.01309825450525,0.6207,0.7217
TIC_237808867,0.0,104.479902816871,5.74803613131516,4.054717006811782,208.5446360227877,0.2721,0.3164
TIC_238162973,0.0,106.431883186481,-49.5204643865028,18.10976798453755,259.95657132641753,0.0814,0.0946
TIC_238197709,0.0,57.2655184938892,-72.9474079084267,38.4906412900063,287.7334513962569,0.0617,0.0717
TIC_238374636,0.0,120.837849434922,-51.3457235398248,10.63238095132519,265.73905941255776,0.5519,0.6417
TIC_238597883,0.0,122.178223906512,-48.8028512366747,8.579289263885228,263.98509551881824,0.2449,0.2847
TIC_239136269,0.0,112.325566357591,33.5913720522584,21.975369260662923,185.3113082873182,0.0469,0.0546
TIC_239372503,0.0,311.435372059118,43.4451463859168,0.2571764705112114,83.31904046698804,3.4663,4.0306
TIC_239541449,0.0,341.767494218054,29.8522427545318,25.723793196627284,93.11951369468727,0.0528,0.0614
TIC_239638934,0.0,333.59292048928,32.4901835956099,19.649035397416085,88.3993766774393,0.0699,0.0813
TIC_239722954,0.0,86.4583653626053,35.3315265997819,3.364357237394631,174.55778594582605,1.1461,1.3327
TIC_240148934,0.0,101.382073566147,31.4656551590973,12.617755921608564,183.83190322779197,0.1083,0.126
TIC_241065596,0.0,21.7361909113292,49.3886564250991,13.074613716457081,128.85059002030474,0.1247,0.1451
TIC_241102583,0.0,328.978120526099,-0.937374732969027,40.45544181558562,57.309031820224334,0.1244,0.1447
TIC_241174783,0.0,116.368484048831,44.1298964719111,27.821494530673508,175.03553464205118,0.0334,0.0388
TIC_242083025,0.0,201.642313975457,-39.6298999923368,22.74159227491024,310.2577548594708,0.0867,0.1009
TIC_242536549,0.0,215.145609264911,-41.9833016947366,17.886465610846166,320.16235595418067,0.0955,0.111
TIC_243153196,0.0,15.6855189645725,20.0504303431933,42.74194258123139,126.5476374996352,0.0239,0.0278
TIC_243283955,0.0,288.67021947958,55.3546115855725,18.89939249799088,86.21922651074861,0.0743,0.0864
TIC_243333538,0.0,289.839494332648,56.9304022917358,18.850693741231346,88.02047004259593,0.0844,0.0981
TIC_24364065,0.0,291.120505989471,33.2737131900044,8.23644756710585,66.21106815249148,0.1704,0.1981
TIC_245462406,0.0,38.8216415149436,55.703249758974,4.254054548591673,137.253271417739,0.4315,0.5017
TIC_247873937,0.0,87.8242304838953,13.7459027108981,6.656285744572942,193.7486456588766,0.2532,0.2944
TIC_249067445,0.0,79.4324546747811,-0.370101495999439,20.902582070447913,202.10143499057943,0.1097,0.1276
TIC_249812036,0.0,339.785506646964,49.4265782471282,7.973720071609043,101.92907733585204,0.1579,0.1836
TIC_249862365,0.0,38.1227243886902,52.7042890462096,7.177759518248715,138.03994015616303,0.2572,0.2991
TIC_250386181,0.0,30.1143666735432,-4.98556606653228,62.417542329810566,162.5894081826004,0.0214,0.0249
TIC_250484865,0.0,94.2055541973593,-2.92887548843937,9.03495155598906,211.59481693633242,0.3383,0.3934
TIC_251209368,0.0,95.4753533325426,-4.32152722305112,8.5351843262935,213.4317472036069,0.3038,0.3532
TIC_252537013,0.0,344.83524640879,52.0668955019175,7.083461330026739,106.01083301519898,0.2553,0.2968
TIC_252636888,0.0,346.518400610924,52.787090381272,6.846872493313166,107.25122691617881,0.3134,0.3645
TIC_253030300,0.0,98.7324481567583,49.6765785525657,17.830165916952733,165.61857772328574,0.1068,0.1242
TIC_253132689,0.0,194.769823126914,-57.2536270449242,5.602716505193741,303.9700962143809,0.4633,0.5388
TIC_253917293,0.0,337.500682825333,-31.9242380394466,58.99977586602406,15.418006939710553,0.0129,0.015
TIC_253990973,0.0,284.688764545208,-41.2421740083524,18.781888220256445,355.4755413411389,0.085,0.0989
TIC_254629854,0.0,236.542747415741,-43.3681428273718,8.902947220669624,333.47666433806705,0.2112,0.2456
TIC_255760319,0.0,99.7145804575706,-53.1075236620701,23.203005154935283,262.22716291221997,0.0653,0.0759
TIC_255851356,0.0,198.582684515346,-59.6921836848349,3.0511009258077824,305.8206313920982,0.8437,0.981
TIC_255918903,0.0,266.63375811141,-70.4098106696479,20.25557577644182,323.00124040607454,0.0562,0.0653
TIC_256349966,0.0,322.717461395547,68.4953146613177,12.424486261620073,106.18493571088334,0.8595,0.9994
TIC_256621916,0.0,300.488319336005,60.2464386992078,15.195267946968539,93.58479887627036,0.1003,0.1167
TIC_256886630,0.0,329.385020396023,41.4495095019022,10.500565134623642,91.2980096869215,0.2281,0.2653
TIC_257052211,0.0,329.918440263856,41.5162676677572,10.695901823808919,91.6591215527025,0.2112,0.2455
TIC_258402425,0.0,274.416592718389,23.9177533440609,17.71709844004367,51.26507325007472,0.1229,0.1429
TIC_258557847,0.0,278.191585715925,18.146225556845,12.17147116687236,47.26045407819458,0.2397,0.2787
TIC_258777137,0.0,286.74739916914,71.712302050196,24.45746641164953,102.81558876997563,0.1265,0.1471
TIC_258801269,0.0,287.025038796592,66.2907504591441,23.048066173999324,97.09430669593394,0.0442,0.0514
TIC_258871793,0.0,287.894778941031,66.3281292558949,22.721655706406818,97.23571763982847,0.041,0.0477
TIC_259126549,0.0,291.411839638783,69.113007299316,22.261338809864483,100.53902551048651,0.1013,0.1178
TIC_259129875,0.0,291.880214020563,68.014661893269,21.75163459544083,99.47353953214896,0.0709,0.0824
TIC_259151170,0.0,50.3450228969908,52.6925122122649,3.7465231386901556,144.62498897254062,0.9321,1.0839
TIC_259389219,0.0,68.8038391537967,-51.3965537023551,41.85926008321755,258.98029051686166,0.0095,0.011
TIC_259701242,0.0,74.4662689099586,-53.8178874566177,38.16197868976011,261.593165084398,0.0085,0.0098
TIC_260043723,0.0,91.6085504281106,-58.953655484861,28.699577336036985,267.71573298477404,0.032,0.0372
TIC_260271203,0.0,94.2180798412966,-58.2298098881305,27.262502873373084,267.08759533887644,0.038,0.0441
TIC_260298958,0.0,94.3157004766516,-56.5099782496915,26.9517998612895,265.18638764916034,0.0423,0.0492
TIC_260476837,0.0,96.248197421695,-59.8048105149775,26.46493056945529,269.0083765668221,0.0428,0.0498
TIC_260609205,0.0,97.4539312032295,-57.2548406463697,25.395927622359146,266.3407108638199,0.0878,0.1021
TIC_260849386,0.0,118.937296398576,-54.2663625048108,13.073126890174251,267.7547824970688,0.3234,0.376
TIC_261141602,0.0,76.241851549627,43.259040751535,1.2659706092575032,163.56692640823977,0.6388,0.7428
TIC_261258875,0.0,89.7308190115438,-79.7434750836885,28.992257043995274,291.4975948471383,0.1007,0.1171
TIC_262135904,0.0,106.486771122393,11.7724466773636,8.51995132461543,204.01224539013631,0.0628,0.073
TIC_262499797,0.0,109.879727259691,-55.7280231038697,18.39461199778828,266.846238461648,0.1315,0.1529
TIC_262530873,0.0,20.4940513772815,-44.4167382092464,71.6562603628209,285.3829615930805,0.0116,0.0135
TIC_262531275,0.0,20.4192926448976,-42.4817207014163,73.45687856148052,283.00906893927055,0.0121,0.0141
TIC_262781201,0.0,141.403660569031,3.66192417931803,35.63069987801274,229.1281072658734,0.0274,0.0319
TIC_263203229,0.0,230.412418162041,-67.2065138670649,8.454719374974903,316.7428686059557,0.1813,0.2109
TIC_264303333,0.0,296.355298580192,67.311070289472,19.91225051153352,99.4208488576773,0.1333,0.155
TIC_26433869,0.0,56.8143249074939,30.1495125156274,18.96528006396586,162.32552850868097,0.2738,0.3183
TIC_265077027,0.0,127.178384294059,4.03855231145254,23.43536617192859,220.73915049163264,0.0328,0.0382
TIC_26583436,0.0,292.031502270783,49.3886129973192,14.703321367150021,81.2988163737074,0.0668,0.0777
TIC_266688542,0.0,321.023884347528,46.38474180532,2.8217863521766566,90.04266077297004,1.1677,1.3578
TIC_266843799,0.0,175.540005426308,-57.3684685035303,4.252002835708628,293.6685616850096,0.3733,0.434
TIC_267484653,0.0,298.706054634283,58.3016364231628,15.0859378377261,91.36321019730585,0.1222,0.1421
TIC_267489265,0.0,298.781336883605,54.7815345030468,13.398452260224252,88.17554272886537,0.2171,0.2524
TIC_267527924,0.0,114.050739812095,-48.063509768918,12.930052171855142,260.65966852726666,0.1594,0.1853
TIC_267561446,0.0,311.513252413634,56.8663389739006,8.544272844938307,93.91698103362515,0.6755,0.7855
TIC_267867517,0.0,312.456300508085,56.8965888357519,8.158103955716992,94.26310347351914,0.7733,0.8992
TIC_268042363,0.0,115.628946837105,-53.0371945914887,14.244490129264342,265.70117331867476,0.1966,0.2286
TIC_268371979,0.0,105.063073061094,-2.3474489021969,0.8889809812733622,216.02613140352895,0.735,0.8546
TIC_268405086,0.0,278.550203087554,86.5567662885029,27.33401898235981,119.06626612283729,0.1193,0.1387
TIC_268439377,0.0,116.83595053631,-49.1224630054486,11.776771420392993,262.4863753448386,0.2023,0.2353
TIC_268727719,0.0,347.956540155292,65.2300883136589,4.3482786079344145,112.74079495771791,1.3596,1.5809
TIC_268914377,0.0,118.049988951791,-48.4986214768524,10.776314504936233,262.31749319778356,0.1828,0.2125
TIC_269238073,0.0,350.232476239259,62.1611439302535,1.1223837410294846,112.57973619485908,0.9858,1.1463
TIC_269269740,0.0,299.872414159848,45.499597536743,8.204733267550074,80.30883161766332,0.4524,0.5261
TIC_269424395,0.0,350.369482962698,60.801227942956,0.17813883857799626,112.17686253762666,0.9847,1.145
TIC_269450900,0.0,292.1952865287,-36.0002596509529,22.6327620314136,2.8037356846446957,0.2048,0.2381
TIC_269509393,0.0,350.373371379001,60.1755873907281,0.7670629227003594,111.96567158266001,0.8456,0.9833
TIC_269892793,0.0,44.2928287922689,33.3126884894496,22.592416654201056,151.0986748686104,0.105,0.1221
TIC_270238522,0.0,351.648460109348,64.3047216948328,2.9319357070527237,113.89457605005346,1.2442,1.4467
TIC_270333769,0.0,351.880333518958,61.3925367920983,0.13944100679655833,113.06115090471947,0.8067,0.938
TIC_270841724,0.0,132.068716998393,-47.1147574842511,2.2088767217877425,266.45922512977216,0.9381,1.0908
TIC_271042173,0.0,294.487946332758,46.0021851914145,11.736406802440673,78.91255128510954,0.1399,0.1627
TIC_271167979,0.0,294.55791294247,47.7830369965234,12.500589205334022,80.55851481373988,0.0849,0.0987
TIC_271439193,0.0,354.138365804148,60.5262577462029,1.017449821745842,113.84422403546985,1.6274,1.8924
TIC_271581073,0.0,319.551142428111,-77.529089392083,34.059870835141695,314.99643885460756,0.0958,0.1114
TIC_271596418,0.0,108.567957016195,-74.9707865532536,24.672495580962185,286.4359798526567,0.179,0.2082
TIC_271722899,0.0,110.312471646263,-73.4532654848817,23.842426509737773,284.94868159429757,0.206,0.2395
TIC_271900960,0.0,112.94193348372,-75.5274303725231,23.739301859021293,287.33898550538356,0.1954,0.2272
TIC_272049972,0.0,355.41664622473,62.9215157985071,1.1172239365284562,115.08787955738471,1.3823,1.6073
TIC_272050287,0.0,355.433621156087,63.018833962515,1.208959551881366,115.12127674923808,1.4362,1.67
TIC_272086159,0.0,115.003255175953,-72.2077391158699,22.14583536060018,284.1163945135962,0.1436,0.167
TIC_27244707,0.0,65.6153731390106,46.5360960642888,2.2675918627918117,156.16456006475238,1.0041,1.1676
TIC_272625214,0.0,356.318427044826,62.1426962140168,0.25704023648745816,115.2869470800385,1.2147,1.4124
TIC_272828463,0.0,356.588756523235,60.48703642162,1.378064987745503,114.9962960435319,2.2137,2.5741
TIC_273774284,0.0,297.982428577365,42.7545349802743,7.993382758381109,77.2235929613511,0.2327,0.2706
TIC_274122380,0.0,298.455736430043,42.9672561445715,7.799008797429025,77.58455481757758,0.299,0.3477
TIC_274138511,0.0,116.68705064332,6.44569978097047,15.22158380260474,213.4295362498881,0.0268,0.0312
TIC_274170255,0.0,316.446220131016,46.8451392680146,0.23511892242009658,88.19650499767651,1.4723,1.712
TIC_274599700,0.0,255.32853187181,51.529312555504,37.80132562727618,78.65012510118919,0.0194,0.0226
TIC_274662200,0.0,316.867085133064,46.8649513062235,0.43464727407347054,88.4048680720277,1.4374,1.6714
TIC_274762761,0.0,301.347533178752,38.2308079772319,3.467657496374471,74.65676802922253,0.9109,1.0592
TIC_274942910,0.0,322.92557537584,41.796999955107,7.074667899410791,87.83800530299624,0.4553,0.5294
TIC_275111900,0.0,323.206888895459,39.0722324382513,9.202541372513096,86.10512370707251,0.3116,0.3624
TIC_275248683,0.0,147.970648101446,2.11637962119675,40.311704811219144,235.2821325052554,0.079,0.0919
TIC_275384718,0.0,178.547349916027,-46.8969324759226,14.853013215770691,292.8674092425024,0.0743,0.0864
TIC_275501623,0.0,320.116067590709,61.1202332587895,7.993242163489358,100.09028672935517,0.5426,0.631
TIC_276380902,0.0,308.065765816156,58.3289120120211,10.898622421755165,93.99977202815421,0.3935,0.4576
TIC_27677846,0.0,66.370507735897,46.3658609177384,2.0163372855315393,156.65124181485353,1.0986,1.2774
TIC_277014266,0.0,306.425922377762,53.5616323515517,8.945236983131696,89.48783612341819,0.2626,0.3054
TIC_277103955,0.0,84.2545381214583,-66.7914260082422,32.07168902302556,276.78014045900636,0.2282,0.2653
TIC_277871306,0.0,156.922428964469,0.501133410493565,46.431460042673635,244.55653941730927,0.0602,0.07
TIC_277987172,0.0,302.761785838818,19.7067899532758,7.554082004067309,59.68524748183247,0.319,0.371
TIC_278199349,0.0,110.890425004523,-79.504166857761,25.195256521581875,291.43341387892656,0.2785,0.3238
TIC_27844066,0.0,296.414376005871,51.1619981617368,12.965432142797273,84.20554077125081,0.0953,0.1108
TIC_278726770,0.0,99.4119240343023,-57.0873344148339,24.322897916376593,266.40445531579354,0.072,0.0837
TIC_278866211,0.0,100.807894276432,-55.2445538958194,23.128592708474496,264.652184054301,0.0926,0.1077
TIC_278968371,0.0,290.079046319634,21.3714811605697,3.5552384334693707,55.16751263179166,1.4673,1.7062
TIC_279177746,0.0,313.885159541286,46.5020713381857,0.8606486928318549,86.78058367791822,2.0982,2.4398
TIC_279212407,0.0,25.6901823040487,65.895821555253,3.5449266722291526,128.1454131357469,1.4009,1.6289
TIC_279251651,0.0,104.155226017859,-59.1832644919638,22.413825845783805,269.28892932102804,0.0918,0.1067
TIC_279605855,0.0,346.577972932014,71.2133203338705,10.061310277502185,114.60488936017008,0.3024,0.3516
TIC_279740441,0.0,51.5046869866776,-64.5485817629869,45.27147202848865,280.51459970472666,0.0441,0.0513
TIC_279982557,0.0,297.394087222739,66.2939003589034,19.129763557352245,98.60608890295221,0.1389,0.1616
TIC_279989567,0.0,100.564750709759,-4.94988916880418,4.292396110354987,216.3009979474011,0.4753,0.5527
TIC_279999655,0.0,114.012461322837,4.71511041203453,12.066666341420223,213.79580966081915,0.0747,0.0868
TIC_280212554,0.0,100.8737818077,-1.87126969884931,2.6199797861711365,213.69307363720682,0.8512,0.9897
TIC_281979481,0.0,130.504699263504,-75.8015182650528,19.923500916655474,289.56936565071527,0.0962,0.1119
TIC_282498590,0.0,90.0997716111419,5.11449337484102,8.92452564449732,202.45442006351416,0.8447,0.9822
TIC_283015592,0.0,0.974659687603806,64.7763289622696,2.370733906451143,117.89261327526125,1.1351,1.3199
TIC_284050395,0.0,8.98870094483941,65.0261782872435,2.2035779606802905,121.2974799606202,1.6021,1.8629
TIC_284288080,0.0,106.649802114685,-53.5464178660145,19.37857726454132,263.9940831823677,0.1331,0.1548
TIC_284305328,0.0,9.17087332420652,65.9374947091292,3.1088803977557222,121.42660975863983,2.0686,2.4054
TIC_284450803,0.0,290.70891245719,56.6154473137021,18.292213012436676,87.89453783405635,0.0777,0.0904
TIC_284528889,0.0,9.94519548091968,62.3933946873938,0.4477917454364828,121.58186811832996,1.3834,1.6086
TIC_284564230,0.0,291.523894439744,58.510083184476,18.590291978271,89.91994684696934,0.0576,0.067
TIC_284747017,0.0,78.0400455496301,34.7504028781731,2.6961042409855667,171.22677846707316,0.7181,0.835
TIC_285233023,0.0,12.4711023357541,60.9460709552391,1.9251074010797313,122.74321200241707,0.6039,0.7022
TIC_285524410,0.0,119.998180121989,-42.9292512571966,6.80771040588745,258.1306803119097,0.4704,0.547
TIC_285542903,0.0,13.2700245750259,60.618116393164,2.2529884400886884,123.1335055746259,0.5143,0.598
TIC_285666479,0.0,43.6106754376717,52.0710475286186,6.342649462889404,141.36702680385304,0.3647,0.424
TIC_285674856,0.0,53.1962904150949,51.8845657413967,3.43892122712827,146.52590220840472,0.9439,1.0976
TIC_285677945,0.0,53.0989729945777,50.4990306894338,4.605807547799741,147.2773011176887,0.5776,0.6717
TIC_286355915,0.0,37.8932605495548,34.3689159365208,24.09127352868653,145.4270496071051,0.0573,0.0666
TIC_28643432,0.0,282.699921709568,34.4947877409405,15.086709417594054,64.32702438443407,0.0628,0.073
TIC_286561122,0.0,65.8762440795033,35.49516392675,9.854341362263098,164.23966944408753,0.5627,0.6544
TIC_287190564,0.0,292.505181165192,54.1085105017175,16.37855856501027,85.88922344543056,0.1394,0.1621
TIC_287329267,0.0,109.783582492625,-59.3020745975438,19.713269417570118,270.3612717177858,0.1363,0.1585
TIC_287474726,0.0,127.12809647693,-28.3592660456869,6.0448000490251985,249.15657074913645,0.1337,0.1554
TIC_288185138,0.0,222.842563514088,82.9521365796537,33.16997279414449,118.73098261699933,0.0726,0.0844
TIC_288391628,0.0,266.962183495169,83.4286754620552,28.74330063633463,115.72052474207175,0.0708,0.0824
TIC_288471040,0.0,271.49310303792,78.0491709259627,28.843658203418265,109.53099985193091,0.0533,0.062
TIC_28873762,0.0,49.7923163615435,27.2633464259082,25.0555291315134,159.06132225332337,0.2659,0.3092
TIC_289125016,0.0,314.494494490505,19.2788352858803,16.862575367066217,65.81613300033654,0.1057,0.1229
TIC_289316336,0.0,277.979230388278,39.6693869180347,20.44821798559784,67.99431882271959,0.0453,0.0527
TIC_289539327,0.0,251.633706547,65.7149008137032,37.256849924118086,96.70877997955465,0.0202,0.0235
TIC_289988797,0.0,192.133423725304,-13.6532777089614,49.212379313694555,301.8518600634311,0.0438,0.051
TIC_290302097,0.0,136.336046868016,-62.9668792617423,10.546986928565174,280.2494848525883,0.1587,0.1845
TIC_291147951,0.0,310.121351499186,25.3369464839949,9.980761184279478,68.26938147195405,0.1634,0.19
TIC_29117085,0.0,118.426785639559,46.4720033738959,29.676419224107065,172.71468667674378,0.0568,0.066
TIC_291555748,0.0,111.716073132162,-50.2666171927204,15.252652636302875,262.03846057226,0.1524,0.1773
TIC_292321872,0.0,31.902207866863,45.5001720633393,15.333102454829197,136.64900952545247,0.0739,0.0859
TIC_293075732,0.0,254.242210176151,-68.7097568204461,15.669650833650033,322.2638250783476,0.0637,0.0741
TIC_29336129,0.0,132.871697476154,-47.739211710903,2.1833816732897953,267.28710983117304,0.7884,0.9168
TIC_293527670,0.0,352.192155643054,-76.6367363763768,39.50145881877941,309.00048673669085,0.0657,0.0765
TIC_293567206,0.0,145.801943227453,87.8688347325381,28.56892956431845,124.70818250588398,0.2192,0.2549
TIC_293708935,0.0,222.334901372966,-60.079883945964,0.5013391164745582,317.1397704721723,4.9055,5.7041
TIC_29374525,0.0,86.3007394834299,18.4616384532755,5.520109772174965,188.9162750797927,0.3446,0.4008
TIC_294090620,0.0,130.396036073076,-22.1943263114806,12.047434779273534,245.84377603383362,0.0803,0.0934
TIC_294173437,0.0,300.768901620924,50.5077679050637,10.243532554219899,84.98300397780879,0.1314,0.1527
TIC_294176967,0.0,300.805155134738,52.0408651805036,11.002305404514788,86.33860172012345,0.1356,0.1577
TIC_294179389,0.0,300.838570383818,53.295682205487,11.61792961588034,87.45387700856945,0.2227,0.259
TIC_294283951,0.0,301.752487151584,50.3480134258127,9.624103309888753,85.17140804657134,0.1749,0.2033
TIC_294315741,0.0,93.0959005548513,12.838603408984,2.6268774955958407,197.06276710253346,0.6334,0.7365
TIC_294500964,0.0,122.228181863014,12.2076881729238,22.637969678984902,210.4239127607964,0.0214,0.0248
TIC_294599100,0.0,302.284223543833,49.1549264070545,8.70610080508068,84.32468358439418,0.3365,0.3912
TIC_294780517,0.0,71.2458494234916,-67.9811346193747,36.70027579907804,279.46545589313405,0.1078,0.1254
TIC_294869729,0.0,71.7991873962309,-68.9856723247407,36.179674040261304,280.56275690613984,0.2931,0.3408
TIC_295354126,0.0,223.152007239478,-61.5686429627049,2.0122855820005445,316.8363492591926,1.3773,1.6015
TIC_295413003,0.0,303.36905727654,53.2768847484637,10.313531154346222,88.23438879756097,0.3109,0.3615
TIC_295599256,0.0,274.221544316241,-68.1977192072362,21.945415218415846,326.2526157995449,0.1048,0.1219
TIC_295807723,0.0,304.045453723874,48.8763060031873,7.582368293365668,84.71470343823708,0.611,0.7105
TIC_296898634,0.0,312.075231129469,47.9306112067395,2.718516015245087,87.09692299737256,2.0533,2.3875
TIC_297153209,0.0,312.029849205767,43.9387107136431,0.23142798903017361,83.9730377642971,3.022,3.514
TIC_297967252,0.0,142.521291349349,-51.5171617094947,0.1983637929472537,274.308564494087,1.0405,1.2099
TIC_298049015,0.0,185.336380136989,81.6476687912459,35.402322776932934,124.2688905202536,0.0954,0.111
TIC_298495970,0.0,261.717928545154,25.8493190315745,29.188799919337047,48.89083063270968,0.0501,0.0582
TIC_298666530,0.0,278.399814796081,58.2049447852816,25.08864196192855,87.48071864855223,0.0558,0.0648
TIC_29959761,0.0,42.2611726639902,-16.5580210546825,60.82716232487266,197.81204920447698,0.0203,0.0236
TIC_29960109,0.0,42.2492904652083,-14.5378417949533,59.891853727248304,194.1904456976061,0.0209,0.0243
TIC_299876474,0.0,244.021619489262,-60.0380114704271,6.6786945494160115,325.99051216994974,0.201,0.2338
TIC_300011941,0.0,106.913374068952,-66.4066239292311,23.121694000886002,277.20307815232167,0.1207,0.1404
TIC_300013921,0.0,107.133956378408,-68.3688873704801,23.54185239738963,279.2925935023536,0.123,0.1431
TIC_300557619,0.0,112.599541486646,-71.5956266317842,22.651432749477824,283.22684114836727,0.1657,0.1927
TIC_300599466,0.0,113.047629861533,-68.0122918819868,21.338512078643394,279.6269371748428,0.1171,0.1362
TIC_300810086,0.0,116.814122238378,-69.0307001919633,20.424823349534503,281.17895812407676,0.1241,0.1443
TIC_300871545,0.0,117.657590260861,-70.5336038980861,20.74226128476035,282.77869377056976,0.1354,0.1575
TIC_301051430,0.0,50.0361818266079,-45.0619025860882,55.45282346405258,254.11009649685673,0.0125,0.0145
TIC_302659412,0.0,134.966613187832,-67.9555318249372,14.188144030990625,283.78903884695853,0.0812,0.0944
TIC_302766000,0.0,82.8784812637608,15.7713610318702,9.714080441883258,189.5070777609436,0.6251,0.7269
TIC_302814895,0.0,293.330882820106,29.2999123805327,4.7088208837711205,63.5647155468241,0.3812,0.4432
TIC_302895996,0.0,83.1166264831441,15.5561074593753,9.633073448689087,189.81535409611024,0.5762,0.67
TIC_303055194,0.0,330.671125336772,11.9911068482228,33.38792626915285,71.04816602081863,0.0823,0.0956
TIC_30312676,0.0,74.2867684629208,-66.3903335287963,36.03598632511583,277.14939232230694,2.5307,2.9427
TIC_30329585,0.0,289.238736848565,31.323769293529,8.776549647199838,63.72607420067658,0.2176,0.2531
TIC_303364023,0.0,138.384858998098,-69.3052784385057,14.111572851627372,285.680967459595,0.0808,0.0939
TIC_303867090,0.0,140.219732413346,-69.7916772606943,13.966650259894953,286.4968850382874,0.1164,0.1354
TIC_303883880,0.0,177.688792595999,-62.7526522299736,0.6945200887720852,296.0501223982816,3.4878,4.0556
TIC_304021498,0.0,140.884153582237,-67.0260188045904,11.878297572639156,284.61968745087677,0.1319,0.1534
TIC_304025075,0.0,140.738402397444,-68.8315745688296,13.172707272944766,285.91041139907657,0.1132,0.1317
TIC_304042899,0.0,164.800183853393,-59.2340546066655,0.5693390721015156,289.008257903758,1.2676,1.474
TIC_304774444,0.0,281.369451666297,-52.2628204139392,20.269728534047385,343.6414380449925,0.0492,0.0572
TIC_304950588,0.0,178.357142478652,-61.0977343605282,0.9885076854470167,295.9792202930885,1.5356,1.7856
TIC_305478010,0.0,330.270570548146,38.5299173511863,13.210878416591653,89.9900373491692,0.1845,0.2145
TIC_305550963,0.0,315.264125886126,63.4243264101462,11.211613907515437,100.28420321626841,0.7118,0.8277
TIC_305943739,0.0,295.468267930186,23.3779903629503,0.14913896975279528,59.324000834505426,6.3409,7.3731
TIC_306547699,0.0,179.457896814319,-62.3275490584134,0.10067668626102223,296.75262800134357,1.9648,2.2846
TIC_306902029,0.0,98.0393891203356,17.3805669829433,3.7177481104763532,195.2905530901279,0.4198,0.4881
TIC_307111282,0.0,14.6395381742505,50.9362061508908,11.919692004087189,124.07830562567264,0.1582,0.184
TIC_307377219,0.0,98.8377223809655,14.4903218100305,3.076008670725587,198.21646790951786,0.5083,0.5911
TIC_307734817,0.0,171.597125764657,28.0565488346533,71.15685956448408,205.17502231353694,0.0154,0.0178
TIC_307956396,0.0,256.664501350063,63.7784775124589,35.6367377291716,93.73455571718442,0.0209,0.0243
TIC_308034948,0.0,180.325760409333,-60.2004328333187,2.066865187431092,296.7365478028408,1.0159,1.1813
TIC_308050066,0.0,155.436021375572,-17.2243916113428,32.68884357007848,259.327011815754,0.058,0.0675
TIC_308307606,0.0,120.19996219302,-60.8656819942078,15.613619373327031,274.08066763493883,0.1707,0.1984
TIC_308425348,0.0,167.582899682256,-58.9830034696115,1.3701440764395243,290.21780019264617,0.7061,0.821
TIC_308919449,0.0,122.618220317231,-65.8523450134815,17.037645474765753,279.18630798373067,0.1636,0.1902
TIC_309257814,0.0,124.269557113783,-63.2134863916585,15.108007908677052,277.1728048058559,0.1857,0.216
TIC_309402106,0.0,124.748837421064,-65.2781441063646,15.987550807877112,279.1237233160925,0.1516,0.1762
TIC_309436531,0.0,138.805676095881,-79.7743740524645,20.8543773664365,294.08507216277405,0.1404,0.1632
TIC_309787037,0.0,126.419482028386,-60.9074711697914,13.031588011573293,275.70777474963614,0.1632,0.1898
TIC_310267134,0.0,251.382637976854,-76.937695524522,19.82544240883302,314.75542684878224,0.075,0.0872
TIC_310483807,0.0,128.614315846209,-61.4882910887763,12.479260295617877,276.80741806192566,0.1837,0.2136
TIC_311121985,0.0,85.5811066446685,49.5137556318432,10.08898858613391,161.96015725547718,0.2276,0.2647
TIC_31114545,0.0,80.8960146426011,-24.1212954472047,29.350476981194756,226.74160905367953,0.0286,0.0333
TIC_311183180,0.0,55.0315008726919,5.87457852235374,37.55080018577387,180.32194339990696,0.224,0.2605
TIC_311890977,0.0,263.003839417519,-76.8578344690809,22.043535395793224,316.2712111201107,0.2157,0.2508
TIC_312122956,0.0,88.4759611726667,30.4460595995206,2.3189439664063314,179.62781871575442,0.6054,0.7039
TIC_312221462,0.0,88.3961731643223,33.2323819425369,3.6674644748508958,177.18523310914497,0.4897,0.5694
TIC_312259170,0.0,11.0427713558376,59.4645016192514,3.39420062258167,122.00740017677403,0.5159,0.5999
TIC_312469860,0.0,12.881302986044,55.7110292146208,7.160716269848174,122.9443174459199,0.3129,0.3638
TIC_312548415,0.0,12.8553024570008,59.4099173871105,3.4618301288887805,122.92979652236592,0.9306,1.0821
TIC_31268146,0.0,88.0714696123333,-70.9201313583639,30.34399038155805,281.4486999404935,0.096,0.1116
TIC_312899686,0.0,308.105326719339,35.8736264730554,2.313889529945652,75.75016811337746,2.1346,2.4821
TIC_313506357,0.0,347.757262335906,45.9336896123119,13.46649295442059,105.27045374217836,0.1501,0.1745
TIC_313675203,0.0,202.166557672444,-61.8345559069559,0.7202973146506705,307.31035667395986,2.8029,3.2592
TIC_313761775,0.0,318.347819814576,56.9438147625063,5.759461589141107,96.41986147598773,0.978,1.1372
TIC_313891529,0.0,0.314970587595538,-28.4932173317833,78.82610425683612,23.01088320373693,0.0144,0.0168
TIC_314338017,0.0,319.144994405887,58.7728296390022,6.710920545568145,98.0480792000569,1.3401,1.5582
TIC_314724818,0.0,202.652125148472,-61.2180116342927,1.2958904857600664,307.6304140617755,1.6043,1.8655
TIC_315755496,0.0,310.331527389277,82.4352660916304,23.451075314362107,115.61730457696693,0.1071,0.1245
TIC_316254876,0.0,51.9886684893579,54.8656863089848,1.398604882656323,144.234098648333,1.9755,2.2971
TIC_316402246,0.0,321.973388718904,54.5197450689042,2.603834884636814,96.13618043361113,2.146,2.4954
TIC_31656385,0.0,46.6595197819675,-66.0079828913348,45.832191364535085,283.98830113462117,0.0249,0.0289
TIC_316916655,0.0,74.4728292047415,-13.7036997579756,31.271623271535823,212.94710774767313,0.0722,0.0839
TIC_316937670,0.0,356.49036861439,-56.3446719329332,58.51641019939227,320.33311941625277,0.0101,0.0117
TIC_31697707,0.0,289.140222843244,-34.7815779187741,19.882037478081674,3.176179598739957,0.0856,0.0995
TIC_317397615,0.0,349.796419600302,75.0179442826832,13.226192201375968,116.96053838111752,0.3104,0.361
TIC_317507345,0.0,351.174465070117,77.6271015990238,15.55649112626617,118.21772398600686,0.2075,0.2413
TIC_317951248,0.0,110.811433662911,5.56288020914359,9.598659903494525,211.56687653847897,0.0745,0.0866
TIC_318209162,0.0,142.378707140539,50.9646476355629,45.30533133477079,166.62259475448147,0.0123,0.0143
TIC_31858844,0.0,289.478541051994,-32.8613271128989,19.48693022843939,5.194186342621323,0.0827,0.0961
TIC_318608749,0.0,9.12614642286777,-83.5670716924338,33.546632551835074,303.4334536973263,0.1299,0.151
TIC_318746829,0.0,349.718636820013,56.0086126909871,4.5578057541056545,110.1990015219688,0.5893,0.6853
TIC_319068154,0.0,350.108866588534,55.524123797644,5.088414168580005,110.23622548355725,0.4687,0.545
TIC_319735319,0.0,99.6784473243505,2.43105521716709,1.7191470451065685,209.31649056822113,0.9393,1.0922
TIC_319968129,0.0,95.3059626158305,20.8784997804533,3.049452218402382,190.9870715938945,0.6104,0.7098
TIC_320506985,0.0,8.16343300481806,54.6546004238667,8.117104194174948,120.1897762090195,0.2945,0.3424
TIC_320525204,0.0,264.961576963016,56.0789162515969,32.07388768287567,84.12476759711977,0.0408,0.0474
TIC_320536216,0.0,120.105458965063,10.3438781304272,19.964937425689126,211.29727065284004,0.0189,0.022
TIC_321436679,0.0,83.1406479012501,57.6231076438858,12.9616776992311,154.08089075982656,0.4654,0.5411
TIC_322202434,0.0,325.32443350821,68.8070765906478,12.000855197357255,107.11045883955597,0.7254,0.8434
TIC_32283946,0.0,24.1726405043659,-31.6708048914868,79.1554470829957,240.38532659951355,0.0149,0.0173
TIC_322862882,0.0,218.476388628399,-24.6527402632762,32.62656693157516,330.7436263794368,0.0802,0.0932
TIC_323658120,0.0,137.037568788631,10.6369518875164,35.13764749132195,219.07255626909551,0.0382,0.0444
TIC_324395151,0.0,176.86640903388,-64.8829755532166,2.8497485012778343,296.2074597132088,1.4532,1.6898
TIC_325172035,0.0,177.494920692919,-63.9490759665284,1.8779881577482835,296.2461114165217,2.2212,2.5828
TIC_325680697,0.0,36.8533730811214,-12.0389434407674,62.91194026143104,183.78418158654392,0.0172,0.02
TIC_326114850,0.0,331.569624469534,52.7019365196139,2.435018038635469,99.34022033536479,0.5539,0.644
TIC_326347927,0.0,303.964012723449,21.8993731206305,7.311438886074518,62.1578356364199,0.5445,0.6331
TIC_326470400,0.0,210.097751314565,-61.7413012695731,0.04590223708647742,310.99748555868746,16.1549,18.7848
TIC_326732851,0.0,359.678269310648,62.6259385384545,0.37191570555033365,116.91336520317915,0.6899,0.8022
TIC_326919774,0.0,22.973008546316,46.3998453595202,15.90293135054456,130.16559039660928,0.0788,0.0917
TIC_327011842,0.0,23.4667796031949,45.0103238649817,17.21535009589544,130.7623779655213,0.0993,0.1155
TIC_327017634,0.0,210.427314177679,-63.8526639222062,2.0293553322750686,310.58047786713377,2.4803,2.884
TIC_327210623,0.0,270.656991413047,-37.4401734065124,7.3451888833436465,354.41928234559253,0.1816,0.2111
TIC_327577308,0.0,4.74630852497448,56.367028664475,6.220286575332229,118.42210111165487,0.3377,0.3927
TIC_327663613,0.0,189.810269322436,-69.5420031786899,6.69566164015346,301.85928883363493,0.2362,0.2746
TIC_328167090,0.0,331.663480194839,55.6862952974067,0.05094518713510009,101.13676964805262,1.0887,1.2659
TIC_32830028,0.0,86.7521702126172,-24.8422179752869,24.55940816555842,229.4832369695455,0.0233,0.0271
TIC_328750515,0.0,332.287068306651,57.9389440529489,1.5810543992384913,102.72674345673455,1.7592,2.0456
TIC_329145325,0.0,332.712691611137,59.6505933306922,2.85210444339656,103.8950189499615,1.3429,1.5615
TIC_329277372,0.0,332.630359354828,57.2823281652985,0.9386564399168911,102.4980346437356,1.4804,1.7214
TIC_329709756,0.0,314.751922646384,47.5418188878525,1.0886315727635798,87.95472254062592,2.3255,2.7041
TIC_329864959,0.0,333.244967,53.984528,1.9662819574842254,100.8987564735279,0.5677,0.6602
TIC_330332501,0.0,315.110421332824,46.0605483420648,0.06910642063747423,86.99862798056206,2.0129,2.3405
TIC_330468175,0.0,315.166184425348,47.7859904682691,1.0386241186100418,88.32215112937386,2.0015,2.3273
TIC_33091633,0.0,104.875947063182,-4.81216959664422,0.403757575886731,218.13298147438886,3.755,4.3663
TIC_331034236,0.0,326.091793816103,58.5516818083159,4.068916813084756,100.53112373234303,1.2818,1.4905
TIC_331484419,0.0,310.911763521267,19.7279758060976,13.889817508593119,64.09003835287015,0.1033,0.1201
TIC_33153766,0.0,144.773750102839,-45.4262091173951,5.303832306739546,271.2968617568956,0.488,0.5674
TIC_332154944,0.0,19.2781305113246,57.5143414960833,5.185000402328469,126.38833420586982,0.3828,0.4451
TIC_332630868,0.0,136.943623221818,-17.0509938117284,20.067681437144525,245.4746874333144,0.0711,0.0827
TIC_332660287,0.0,63.1501988389345,-12.3175948850451,40.75248276942905,205.74623517910976,0.0396,0.046
TIC_333821572,0.0,116.274909111165,-17.1751119029455,3.590743637602043,234.31478097239378,0.2287,0.2659
TIC_334597566,0.0,331.313468951554,64.0981431874583,6.846484709250571,105.96639504567617,0.7254,0.8435
TIC_334911765,0.0,213.978986711339,-62.9066256424196,1.5950293255879178,312.3807102809401,2.6907,3.1287
TIC_335483600,0.0,332.613640806413,63.5505617299023,6.066641228593954,106.1108043240013,0.6501,0.7559
TIC_335489455,0.0,332.63378967586,61.8295042091088,4.656145081431784,105.12022751334126,0.8497,0.988
TIC_335996558,0.0,333.331858342654,62.8573797080284,5.313112880916737,105.97780443894055,0.7875,0.9157
TIC_336267424,0.0,281.661892224036,41.5600525413348,18.446571307874258,70.87545161778499,0.0662,0.077
TIC_336456596,0.0,334.434391826832,62.4650036557965,4.704028544272161,106.17690098979732,0.8328,0.9683
TIC_33690636,0.0,93.1223519726476,-16.791932550199,16.011844925400318,223.92446212524987,0.1424,0.1656
TIC_337129672,0.0,33.6297156335956,8.08013685165808,49.446074741779086,155.61687738405027,0.116,0.1349
TIC_337274055,0.0,269.063526486529,-57.1006273080537,15.52027476017842,336.12473178581,0.094,0.1093
TIC_33878688,0.0,66.2222796813898,-73.3333453194796,36.09656443735057,286.3840075224931,0.0897,0.1043
TIC_339250695,0.0,84.7898888833559,60.424417916589,15.089144190109815,152.0089103426302,0.2816,0.3275
TIC_339538183,0.0,93.318952051593,63.6850052519176,20.08036385478039,150.67251829008111,0.1432,0.1665
TIC_339591840,0.0,284.022777606944,14.1222349874876,5.378437776654488,46.05990970200505,0.808,0.9395
TIC_339636032,0.0,110.19457772255,-55.3797080351029,18.100804135593123,266.574268005985,0.1245,0.1448
TIC_339733013,0.0,110.852069155288,-58.6967658732711,18.984380166919788,269.96763346121116,0.1413,0.1643
TIC_340700241,0.0,116.957875792228,-56.7643075135719,15.222966948050702,269.5027345875764,0.1907,0.2217
TIC_341186896,0.0,118.864226168074,-58.2221132145888,14.975355339845084,271.33016772351,0.246,0.2861
TIC_341297143,0.0,311.306189662023,12.1676180789142,18.56048042443368,57.883399336879386,0.0832,0.0967
TIC_341419787,0.0,120.153330307723,-54.5089530643927,12.571781933594057,268.32477149589346,0.2761,0.3211
TIC_341444900,0.0,325.22864340761,55.0667844139102,1.7412105520259191,97.89145111003363,2.4049,2.7964
TIC_341544930,0.0,201.614876932596,65.3062640902619,51.422144731299014,117.07884441605965,0.0157,0.0183
TIC_341729521,0.0,121.319901486413,-59.5797868847329,14.508140042190092,273.18942355651194,0.2031,0.2362
TIC_341805908,0.0,239.561408373338,-65.0844698452616,8.998974235215814,321.01695457923853,0.1124,0.1307
TIC_343442463,0.0,341.518612163758,55.1629431911008,3.437328465950446,105.61505359604475,0.541,0.6291
TIC_343708863,0.0,206.775073581594,-70.5075207258713,8.13992750929092,307.5817051692321,0.2448,0.2847
TIC_344085117,0.0,108.017393795592,-50.2476878000145,17.421755633330037,261.05743558159577,0.12,0.1396
TIC_344416349,0.0,304.097396022687,11.82975559463,12.830331499473722,53.59865311236382,0.1572,0.1827
TIC_344600402,0.0,252.031137263335,-56.686707742595,7.502198102576396,331.33607527853883,0.2801,0.3257
TIC_34466256,0.0,82.4698581660773,-9.15852687415082,22.253077390253676,211.99188575018553,0.1645,0.1912
TIC_34505005,0.0,146.921543899759,-46.8652974259638,5.187735926666987,273.3722323755807,0.4144,0.4818
TIC_345333936,0.0,355.781031893289,56.8100495051618,4.825182604346444,113.64738991767527,0.5478,0.637
TIC_34551972,0.0,44.2333371953971,28.7714800701456,26.524528153151742,153.59788725850095,0.1473,0.1712
TIC_345724317,0.0,249.910133195824,20.7430936332719,37.892638497410914,38.98978422023681,0.0506,0.0589
TIC_345996087,0.0,327.480090524476,44.0801330685975,7.577426038074827,91.87969336948629,0.2722,0.3166
TIC_346418409,0.0,344.610092662214,39.6588760168157,18.21251744466337,100.37517043557175,0.1204,0.14
TIC_347011522,0.0,1.18675214160815,54.1967179492196,8.051470480104852,116.06654177466986,0.2866,0.3332
TIC_347098457,0.0,117.470243798966,-16.0234244159045,5.158607660156455,233.8888572743696,0.1278,0.1487
TIC_347442932,0.0,133.255229137679,-13.0507386541268,19.615622377310096,239.80112262140298,0.0576,0.0669
TIC_348054109,0.0,281.676450908268,21.8285338167995,10.754779719142467,52.07604774312403,0.2101,0.2443
TIC_348135793,0.0,34.3769442361314,56.4215139433971,4.475588872282459,134.67254056293476,0.37,0.4302
TIC_348673213,0.0,35.8071583469788,56.5701642666199,4.069094585435311,135.36736845494838,0.3653,0.4247
TIC_348684813,0.0,133.993491388203,-14.3552793261315,19.43513055746649,241.3690166898209,0.0385,0.0448
TIC_348755723,0.0,134.087954330449,-12.9348818719441,20.34295811807445,240.20319254158701,0.0692,0.0805
TIC_348844154,0.0,105.956727747756,-60.2976377704726,21.85419033639042,270.71806220001025,0.0967,0.1124
TIC_349373192,0.0,110.261057982035,-60.1555288656174,19.782789609166688,271.3005221714455,0.1766,0.2054
TIC_349786918,0.0,113.043324884675,-65.8116136298528,20.577558463308872,277.41567753220795,0.1182,0.1375
TIC_349790953,0.0,113.454794999265,-61.2924817343411,18.743477426643437,273.02510590235556,0.185,0.2151
TIC_350044062,0.0,155.580390339233,10.2887532236658,51.097381425107734,231.31294451625934,0.0254,0.0295
TIC_350332997,0.0,84.0815268763713,-54.1912051048702,32.507518069282746,261.8714201756598,0.0564,0.0656
TIC_350445771,0.0,85.4674842822155,-56.7405377506048,31.81562757754794,264.91476512129645,0.0516,0.06
TIC_350743714,0.0,88.8862032374668,-57.2905739636276,29.987082519518378,265.671958142734,0.0907,0.1055
TIC_350995812,0.0,291.92138336195,36.5298717948022,9.136316383088609,69.44570427714376,0.1238,0.1439
TIC_352924930,0.0,21.8053029906194,67.9668739129881,5.328787161396211,126.29069784301356,0.9496,1.1042
TIC_35315453,0.0,249.808260052833,-52.0998626223668,3.53398263170966,333.98729505664835,0.6745,0.7843
TIC_353367071,0.0,89.9348633437867,33.5069971424293,4.918503906525286,177.58830901058303,0.5494,0.6388
TIC_353586703,0.0,96.5183101297716,39.7945734096716,12.492976507085222,174.39096644495228,0.1617,0.188
TIC_35377903,0.0,315.422944750639,-10.4081240464835,33.60862434938657,38.48580327314633,0.1081,0.1257
TIC_354006740,0.0,88.3692999859088,37.3390507664109,5.711419402463436,173.61112631048638,0.5333,0.6201
TIC_354151219,0.0,21.1773648532257,51.6718556426014,10.860969350148661,128.17334711333461,0.3336,0.3879
TIC_354285962,0.0,346.441370456716,72.4105593835965,11.174731905406317,115.05474197002219,0.4015,0.4668
TIC_354400186,0.0,27.7379930028612,48.3523460056118,13.348785792842964,133.03237155929097,0.1646,0.1914
TIC_354442783,0.0,89.2436266876731,36.3581835378429,5.83102947506323,174.81609931187577,0.7068,0.8219
TIC_354594208,0.0,1.88782748105841,32.4377709420401,29.525814742407945,112.29402582650906,0.0385,0.0448
TIC_354600221,0.0,6.07465035425142,57.8817687818437,4.799419958147997,119.31801477861156,0.4729,0.5498
TIC_355636844,0.0,358.301530474831,-56.0131350243401,59.27383626046011,318.89430645159257,0.0089,0.0103
TIC_355732304,0.0,286.03171749451,17.0032191416131,4.9475710095327905,49.517605834878545,0.5386,0.6263
TIC_356235833,0.0,260.096611179064,20.282609317385,28.75516647400935,42.321411090953234,0.0534,0.0621
TIC_356453768,0.0,134.190834309243,-61.3714641058039,10.282691925854483,278.3533863007511,0.1635,0.1901
TIC_356461227,0.0,134.446403236718,-61.6143187182766,10.343042718269965,278.6227161238254,0.1603,0.1863
TIC_356868487,0.0,275.839105148544,69.8619381539732,27.746307416478967,100.22009103527913,0.0622,0.0723
TIC_356919658,0.0,273.580768564375,57.9928901545085,27.56303882272401,86.77066168217362,0.0303,0.0353
TIC_357416482,0.0,228.950072782569,27.3617685298538,58.027229230981995,41.81801782199851,0.0303,0.0352
TIC_357457104,0.0,315.540896018223,45.7757408289783,0.4820723752451447,86.9825442244769,1.9044,2.2145
TIC_357536526,0.0,137.663018416464,-64.4714336299059,11.10161312094163,281.79387828102176,0.1939,0.2255
TIC_357538688,0.0,137.549124479892,-63.4066353795478,10.42784514676682,280.9530404841083,0.1773,0.2062
TIC_357972447,0.0,316.955917075964,50.5009324664083,1.9776452911627216,91.12646235553551,3.693,4.2941
TIC_358072664,0.0,138.943334396253,-60.2918930336733,7.832551464932449,279.08598190192095,0.2029,0.236
TIC_358186451,0.0,317.12480554361,49.1129172031574,0.9584822215127706,90.17757637088522,1.7711,2.0594
TIC_358631536,0.0,317.575435638765,48.4642875765265,0.2998853587030618,89.90349450944183,2.6022,3.0259
TIC_35883621,0.0,117.671091814365,-6.49490894610043,10.04835687568499,225.6329590120697,0.1414,0.1644
TIC_359496368,0.0,279.099634776572,55.3919650806154,24.107313029341142,84.55080991171876,0.0326,0.0379
TIC_360286627,0.0,141.975318605386,-61.3300537669485,7.510009934443993,280.87945156799407,0.2012,0.234
TIC_360816293,0.0,190.947676407554,-76.6966084875107,13.831587270838371,302.47894758019913,0.533,0.6197
TIC_361034196,0.0,242.016244831142,-68.5888431699852,12.24156744886434,319.34692488390624,0.0807,0.0938
TIC_361998994,0.0,145.233694729858,-63.487254497353,8.063480899098794,283.47655009202003,0.2095,0.2436
TIC_363260203,0.0,147.385360926242,-63.3065250008503,7.298307769681344,284.09485938535636,0.2285,0.2657
TIC_363635669,0.0,147.713200813736,-62.2031043435249,6.352304488178361,283.50318005465874,0.2426,0.2821
TIC_363761216,0.0,5.8672383817121,71.1588138166366,8.410855326591042,120.65431990109536,0.5472,0.6363
TIC_364075352,0.0,306.22310307708,74.8373195670355,20.352503532314184,108.09299355541675,0.2854,0.3319
TIC_364107753,0.0,251.361963629054,-71.8398163094059,16.759008889806196,319.045466484394,0.0861,0.1002
TIC_364408162,0.0,310.577830598712,51.1865466336662,5.499443571446289,89.05398994424162,1.3181,1.5327
TIC_365389353,0.0,323.864565087398,51.3235584211709,0.5121548901425624,94.79262480211614,2.2259,2.5882
TIC_365639282,0.0,81.3986111104617,8.44087077214931,14.7828115341512,195.12662948732157,0.2208,0.2568
TIC_365781372,0.0,81.923590093678,7.91855739428789,14.605497892403674,195.86592734705184,0.3391,0.3944
TIC_365952328,0.0,276.191190224707,-60.7844833167084,20.33662776138628,334.0646056158677,0.1048,0.1219
TIC_366074069,0.0,356.770657095579,69.0495707245207,6.896625157729007,117.20359071315093,0.6505,0.7564
TIC_366563452,0.0,304.444576204858,77.1661753806323,21.83078562741293,110.07579788854592,0.206,0.2395
TIC_366602797,0.0,76.5751678722156,31.2738066995421,5.7466453587063615,173.30359567950248,0.5749,0.6685
TIC_367099243,0.0,317.729555790067,72.6154154295841,16.446922848552926,108.12302739127527,0.5279,0.6139
TIC_367102581,0.0,314.26869916451,78.6748194386145,20.856126417758386,112.5998470346602,0.3829,0.4452
TIC_367287018,0.0,342.552295460036,75.860414865131,14.742262737433736,115.60843254737715,0.227,0.264
TIC_367913453,0.0,355.512733264841,76.9187668355153,14.588769970868261,118.9334455179006,0.3055,0.3552
TIC_368536386,0.0,89.4201944009763,36.7658133877949,6.155364977081762,174.52978558408196,0.5448,0.6335
TIC_369480087,0.0,23.3044232074774,5.6453500827776,55.70425344863264,141.60586762016104,0.0212,0.0247
TIC_369861731,0.0,161.043532476053,-86.3200199944674,23.985402139950317,300.8094833885698,0.1742,0.2025
TIC_369864738,0.0,163.629388408692,-87.2696994539127,24.73803764311473,301.46435059815843,0.1836,0.2135
TIC_370745311,0.0,144.581933139333,-67.5052011801051,11.225643717459269,286.0060899085819,0.1697,0.1973
TIC_370759867,0.0,28.1632141098184,55.1860337092149,6.645255840064845,131.65760521848975,0.4089,0.4755
TIC_37084932,0.0,98.123772096494,-3.5448296697337,5.827264526278701,213.93719461309487,0.52,0.6047
TIC_370877263,0.0,145.174436455342,-66.6545112375011,10.441263972494847,285.59673457540845,0.191,0.2221
TIC_371210825,0.0,111.559569190654,32.3841468342836,20.971691668544867,186.30948681890973,0.0455,0.0529
TIC_371673488,0.0,343.233179623255,59.85096045717,0.32879671901441804,108.55573747932854,2.47,2.8721
TIC_371711170,0.0,70.1002770977381,81.0772918736885,22.072008313377843,131.02308203940157,0.0823,0.0957
TIC_372505528,0.0,6.14030498761363,62.2356293029851,0.472956144270898,119.8074040647556,1.1269,1.3104
TIC_372596796,0.0,151.499868847761,-66.8975680416876,9.050620683057202,287.7108455345377,0.1809,0.2104
TIC_372913430,0.0,119.533551200625,-60.7805524462682,15.861117851658763,273.8448071539776,0.1861,0.2164
TIC_373424049,0.0,140.056775122065,-53.1196807073873,2.39723617020375,274.3464220648571,0.7294,0.8481
TIC_373453507,0.0,76.5242095189946,10.5942357313422,17.713362377838006,190.5671058312803,0.1806,0.21
TIC_373576942,0.0,320.428001753307,37.8228822886986,8.569727927362676,83.64742370040982,0.1768,0.2056
TIC_373614579,0.0,114.188412896455,44.0516609264299,26.276377397541665,174.73770363256762,0.0442,0.0514
TIC_373729723,0.0,193.407177130441,24.3732252891561,87.20117025666556,313.20363628711436,0.0094,0.0109
TIC_373785851,0.0,27.7785249222532,63.0814407790581,0.9879423889834047,129.6262773466666,0.9785,1.1378
TIC_374177909,0.0,347.593929909825,41.1437682335399,17.823585067626595,103.19987966055555,0.1215,0.1413
TIC_374200604,0.0,158.073449594649,2.23792936528249,48.43341710406866,243.70376469432304,0.0378,0.044
TIC_374400599,0.0,34.6979351824285,64.3563947888199,3.069640291894961,132.20955912598447,0.8299,0.965
TIC_374778982,0.0,31.750286708573,55.1788205137458,6.113071589821898,133.647457592917,0.2863,0.3329
TIC_374847873,0.0,151.064971237966,-63.3770046710977,6.33272250648942,285.44509084713167,0.2391,0.278
TIC_375199523,0.0,309.34322621705,6.15285442243255,20.22609578729745,51.42057116661358,0.092,0.107
TIC_375225453,0.0,133.827009077003,-73.173389748593,17.69179145231021,287.83004530559185,0.1101,0.1281
TIC_37575651,0.0,135.340487609277,-28.3245796043104,11.792656972457184,253.59247416439933,0.1369,0.1591
TIC_376682699,0.0,340.352206348234,69.0744482297178,9.08200886245498,111.72376671564516,0.5069,0.5894
TIC_376740324,0.0,153.301603134139,-62.8753700550043,5.335758407165507,285.97669110998197,0.3377,0.3927
TIC_376838000,0.0,340.909504329659,69.0919169036381,9.001706491751687,111.90894023861216,0.5399,0.6278
TIC_377024332,0.0,147.221502827425,8.97430509549269,43.2971738098359,226.93301001186882,0.0253,0.0294
TIC_377144784,0.0,342.443125817548,68.2510568558219,7.997863847505178,112.01183529958318,0.7052,0.82
TIC_377165123,0.0,285.796899525716,57.3881166586338,21.070331512302918,87.70596497116314,0.0534,0.0621
TIC_377290815,0.0,286.59309177295,56.6294914414925,20.421797509927902,87.07983274842866,0.0573,0.0667
TIC_377304435,0.0,287.050197014784,55.3036711893674,19.74776497698752,85.83405649100851,0.0692,0.0805
TIC_377420580,0.0,341.964758283416,60.1736346670765,0.9015263668059561,108.13381022626177,1.4473,1.6829
TIC_377739433,0.0,348.573826458632,65.9579463094894,4.9292173330302544,113.24974146963328,1.0641,1.2373
TIC_378355116,0.0,358.248399741811,60.4816642209229,1.5770851280599523,115.78960674222884,6.5839,7.6557
TIC_379629854,0.0,34.2937157897234,70.3960117251899,8.719565702533922,130.05740321462747,0.9048,1.0521
TIC_379723086,0.0,256.819717485982,-66.1269978093679,15.001923947835222,325.04645509794807,0.0733,0.0852
TIC_379931600,0.0,293.427333144702,29.5962973325973,4.776923761861065,63.866181152223085,0.4114,0.4784
TIC_380517859,0.0,303.666943879232,30.7760777114236,2.195394629818447,69.44436213745735,1.3922,1.6189
TIC_380886535,0.0,19.461165697198,0.347114529386083,61.80057627421904,137.01267380276195,0.0285,0.0331
TIC_382188882,0.0,81.352982658242,-55.0199010421288,34.10159452899636,262.830673772779,0.0357,0.0415
TIC_382302241,0.0,83.3488808509217,-58.7452019436756,32.95821326897179,267.2805005007162,0.0391,0.0455
TIC_382331352,0.0,215.805294071202,-63.0459639181508,2.0035186597370496,313.1166480075864,1.5893,1.848
TIC_382437043,0.0,117.215069399442,-63.720242960986,18.12886260642352,276.10259937628666,0.1287,0.1496
TIC_382474101,0.0,12.274293,-52.046527,65.07784341787352,303.7860301038087,0.0148,0.0172
TIC_383531859,0.0,216.147729524116,-60.3835916946004,0.4342656364149118,314.1992868730936,26.9311,31.3152
TIC_383666033,0.0,135.035038928123,-56.0691897587057,6.533865713999393,274.5365391385397,0.333,0.3872
TIC_383723559,0.0,279.715352477622,43.0939832737745,20.314462485842274,71.90023604755389,0.0504,0.0586
TIC_384045439,0.0,327.27468338029,53.2937244732045,0.3853215592295115,97.65788235965067,1.5221,1.7699
TIC_384386061,0.0,249.368744779531,-80.9740732630257,21.91888294776066,311.0393626816043,0.1484,0.1725
TIC_384549882,0.0,136.5277834555,-54.9039529004948,5.129326405606802,274.2183479548758,0.4015,0.4668
TIC_384744828,0.0,258.918704757131,-79.6481301084574,22.560921719812583,313.17607122804776,0.2259,0.2627
TIC_385105624,0.0,50.8080008369291,46.6821828508027,8.61065059984631,148.18991342371854,0.3584,0.4167
TIC_385624852,0.0,138.402358607478,-55.1979711040954,4.539229468440443,275.1658043937865,0.5686,0.6611
TIC_386297468,0.0,139.190433496455,-59.5280387424007,7.216197089766196,278.6140202233822,0.2282,0.2654
TIC_386435344,0.0,127.995251675595,-16.8849190306067,13.255734961575818,240.06009029453384,0.044,0.0512
TIC_38686737,0.0,57.8656785124239,-10.6140660020349,44.625591758413414,200.52210087118812,0.0527,0.0613
TIC_387079085,0.0,217.023374378845,-64.6341947345104,3.678794249651501,313.0527882824305,0.64,0.7442
TIC_387413037,0.0,311.236637141177,69.1518752463244,15.997252129069974,103.92140564276065,0.2388,0.2776
TIC_387603144,0.0,313.098599310369,66.5994361134783,13.914341917667592,102.23106439950493,0.3581,0.4164
TIC_387664866,0.0,323.548625237403,50.4815000849569,1.0005966845199405,94.07829061093405,1.2732,1.4805
TIC_387834907,0.0,315.669066292437,70.0803072311969,15.331461240908155,105.6592761104617,0.5346,0.6217
TIC_388076005,0.0,318.049178756697,68.052345277889,13.37010640616022,104.63365776970541,0.4791,0.557
TIC_388130235,0.0,65.4101649195172,-67.4670177139118,38.94370110005394,279.905134456001,0.0352,0.0409
TIC_388624270,0.0,125.43430593661,-51.7594151051324,8.433670135031688,267.63687130287076,0.5815,0.6761
TIC_389182138,0.0,343.63575251486,54.1617713188769,4.882292310500739,106.25984419249953,0.4415,0.5134
TIC_389238529,0.0,302.999560887517,-37.5616039187078,31.391753301654045,3.6054503152390867,0.0646,0.0751
TIC_389371332,0.0,86.0193711490542,-66.3592488735883,31.406543561242735,276.20827517822164,0.3,0.3488
TIC_389525208,0.0,313.261481401366,-38.594876249717,39.52849747601597,3.8561851122822706,0.0423,0.0492
TIC_389999924,0.0,160.108540005406,-62.6859500328522,3.5361549030514445,288.53041450346797,0.6653,0.7736
TIC_39077574,0.0,151.25567551921,40.3410953984528,53.361433390083086,180.931863225295,0.013,0.0151
TIC_391821647,0.0,82.7647753434668,-70.3572782621111,32.15669047163833,281.03768601225966,0.3359,0.3906
TIC_392112968,0.0,174.287260154085,-67.5193332535255,5.667130493569182,295.90224829503,0.3047,0.3543
TIC_393251073,0.0,115.508957152578,61.5748069058842,29.589479471201408,155.21572091539204,0.05,0.0581
TIC_393911494,0.0,207.178626389921,44.9120268855431,68.84936603883774,93.89153667852808,0.0139,0.0161
TIC_394509844,0.0,154.996926285754,-79.8025502928466,18.928388035066156,296.3355594863786,0.1286,0.1495
TIC_395773226,0.0,34.1197503509829,76.2533942594585,14.230856495251501,128.03185712293876,0.7297,0.8485
TIC_398733009,0.0,32.1697395593415,-9.04600635722896,64.31169436394808,171.8157427694401,0.0177,0.0206
TIC_398912927,0.0,18.5539861439223,19.4703971838777,43.075679833875675,130.29009099743584,0.0454,0.0528
TIC_399144800,0.0,163.199947185889,-67.3878145539325,7.098318088923478,291.87796996681936,0.3222,0.3746
TIC_399444057,0.0,26.687863222166,63.6122583246663,1.3975024607024542,129.031695010945,1.1879,1.3813
TIC_399613138,0.0,312.40521541076,9.84566613834359,20.758803614422032,56.489601317370976,0.0589,0.0685
TIC_399642071,0.0,164.290162794937,-69.9793792713583,9.255280734269034,293.383410762823,0.1928,0.2242
TIC_399956873,0.0,287.537974434958,52.2880441760549,18.44072139659477,82.9419669627921,0.0754,0.0876
TIC_400323948,0.0,166.085896246309,-67.9918944254207,7.180707115994993,293.1359059982289,0.2417,0.2811
TIC_400395395,0.0,134.00222945068,-50.3283493050128,3.275834031788734,269.751462083756,1.4044,1.633
TIC_400476523,0.0,295.558906545655,59.5891312877657,17.110174395834076,91.8219717835386,0.0738,0.0858
TIC_400595342,0.0,134.441783275348,-49.000595557562,2.197738046897711,268.9249380648225,1.3858,1.6114
TIC_400786146,0.0,167.000944014378,-67.1498188343813,6.269258768957292,293.12165005229645,0.3433,0.3992
TIC_402848417,0.0,17.7421782595212,82.2214801443754,19.37627955761251,123.6316174188261,0.1861,0.2163
TIC_403136413,0.0,333.578780708438,-55.3789986449532,50.052795048518064,337.00266139104957,0.0173,0.0201
TIC_403256331,0.0,4.24933014629078,58.6792652248041,3.892995542158387,118.45809650460951,0.6544,0.7609
TIC_403287048,0.0,332.357804276385,-62.3339811211885,45.89540050011398,328.6087287911419,0.0294,0.0341
TIC_403308915,0.0,5.19891993512927,55.5428476412317,7.069363679340905,118.57325580617585,0.3977,0.4624
TIC_403693875,0.0,105.006208021263,11.0434465831075,6.895893945291898,204.02464313865158,0.12,0.1395
TIC_404610583,0.0,336.147738838414,16.879064852482,33.389626323656024,79.68714005461067,0.0498,0.0579
TIC_405484221,0.0,56.7304596139665,24.1879935860014,23.480386157182572,166.50395550763028,0.1929,0.2243
TIC_405794804,0.0,324.714309108999,65.0391566866985,9.369065198472876,104.35544018093516,0.6143,0.7144
TIC_405862830,0.0,279.062432912426,-43.6206522283363,15.777856916327568,351.5756004638042,0.0739,0.0859
TIC_405904232,0.0,301.562579293273,52.1641293306192,10.664967729870755,86.68812610992158,0.1389,0.1615
TIC_406190563,0.0,306.244063964585,30.3481953909221,4.2693822487791975,70.34351184527468,0.8578,0.9975
TIC_406855039,0.0,274.870548849208,71.2485465996544,28.134540914430126,101.77041254056331,0.0449,0.0522
TIC_407146536,0.0,235.165543456061,-81.2032667465674,20.484991958229696,309.24055841757814,0.2323,0.2701
TIC_407146538,0.0,235.152937910281,-81.2081468664684,20.487511832367304,309.2356455328447,0.232,0.2698
TIC_407394748,0.0,5.42028840715411,77.8800275441345,15.101600226299547,121.31845589241034,0.3076,0.3576
TIC_40779013,0.0,293.480154084168,34.5737419077472,7.105321038423967,68.28975644986097,0.1892,0.22
TIC_408159788,0.0,78.447514974169,7.05606330579472,18.000674748384384,194.77581149501046,0.1439,0.1673
TIC_408203470,0.0,307.211334363466,33.4144668288502,3.165047314993888,73.32586027638749,1.3974,1.6249
TIC_408549705,0.0,94.0842121271133,87.317522697335,26.68786146573611,125.89934895518289,0.251,0.2919
TIC_408729765,0.0,24.6708454075273,80.4333370078169,17.749896249391902,124.97890003058217,0.1913,0.2225
TIC_409183335,0.0,81.8078344470734,38.5975260749805,1.9833556553289247,169.80338527955774,3.09,3.593
TIC_409459226,0.0,109.950325145741,-11.9426956804818,0.7521175607248904,226.7747007968938,0.5604,0.6517
TIC_409520860,0.0,355.451893512872,37.1866353903486,23.63770544435577,107.85201929040407,0.1169,0.136
TIC_40954422,0.0,301.393962424589,39.5884425771058,4.161354901757138,75.8269552644634,0.5456,0.6344
TIC_410245915,0.0,133.964880655368,-20.2747565892755,15.85981000446687,246.3210358264857,0.1368,0.159
TIC_410528770,0.0,328.215739125095,60.5691050899292,4.933093480678364,102.65425370200168,0.9964,1.1586
TIC_412014494,0.0,291.373645292933,-60.9410058550068,27.55402457776333,335.7390028798217,0.0628,0.073
TIC_412257781,0.0,110.446057497621,-22.5979729334959,3.826694632689743,236.41364481314994,0.8569,0.9964
TIC_412259468,0.0,110.390854796914,-21.9383997586231,3.563632796401579,235.80538306023058,0.8564,0.9958
TIC_41227743,0.0,91.519877,-69.420275,29.23524663580713,279.6685998066086,0.0686,0.0798
TIC_412961700,0.0,127.222621273133,-20.9503953974023,10.359504116779581,243.0692733421525,0.0824,0.0958
TIC_41330864,0.0,301.710418910364,38.4310391908592,3.334408139585978,74.97884690161548,0.9018,1.0486
TIC_41422753,0.0,294.007981037856,32.2145626698162,5.594659490781922,66.41330964801637,0.304,0.3535
TIC_414870287,0.0,336.872698137609,59.4338000946197,1.513236752213555,105.53930782146773,2.0208,2.3498
TIC_415741431,0.0,339.144395274654,58.2760729555027,0.08097353729314852,105.96212740517014,1.3349,1.5522
TIC_415969574,0.0,342.170318820223,-18.52045037899,60.5223162224743,43.3657353183874,0.0255,0.0296
TIC_416624606,0.0,310.038029472561,50.3239118248478,5.245125641162174,88.15782576935295,1.2804,1.4888
TIC_416987878,0.0,322.892128725359,50.3207249976799,0.8349268245014667,93.66169594816579,1.7651,2.0525
TIC_417705690,0.0,348.607456580722,76.9342762449395,15.113792408232557,117.41240010060437,0.2165,0.2517
TIC_41865539,0.0,21.3223255851924,-39.9478130581548,75.38531509471929,276.37102742924355,0.0132,0.0153
TIC_418866096,0.0,331.280802547934,4.35895736583297,38.988808465944544,64.57306676058536,0.039,0.0453
TIC_418959198,0.0,344.907247913412,36.5176432825312,21.129332786765612,99.11207988759678,0.094,0.1093
TIC_418971787,0.0,120.497297052097,-35.0613206314721,2.3618168181033967,251.60518033857346,1.0665,1.2401
TIC_418987806,0.0,6.51955009239365,63.319413170809,0.5877006937940801,120.08968513769007,1.2739,1.4812
TIC_419419534,0.0,121.093993831696,-34.2622009966483,1.52148876574976,251.18862896891258,0.8408,0.9777
TIC_419858461,0.0,191.643787830778,-59.5648043498403,3.301119288562945,302.3151118775652,0.8088,0.9405
TIC_420112587,0.0,290.173872110355,73.1963457548915,23.813278196407634,104.66626934992922,0.1397,0.1624
TIC_42015200,0.0,24.2159763380362,-39.1425565144264,74.70515089744762,267.5545987775119,0.0125,0.0146
TIC_420288086,0.0,10.9627646131289,61.8356259954892,1.0229326507661427,122.03665589066955,1.9352,2.2502
TIC_420645189,0.0,48.3696045166919,75.2683159329104,14.878431004163344,131.7228378664724,0.2744,0.319
TIC_420803693,0.0,70.5070548145603,79.9875448606594,21.483689593237095,132.01350025142787,0.0896,0.1042
TIC_42123111,0.0,302.220066952828,38.245228887594,2.8975566142861346,75.03796838597596,1.2733,1.4806
TIC_421308357,0.0,288.818115294177,57.7605582639446,19.657495232582928,88.63984363501557,0.0713,0.0829
TIC_422653398,0.0,29.0012885396019,0.179904971276674,58.59064102225254,155.1717373260071,0.0278,0.0323
TIC_422838133,0.0,23.8295604657757,72.9368384125311,10.34290019407751,126.18579193876324,0.3413,0.3968
TIC_423903685,0.0,329.693644421868,22.9528487691219,24.829555511672993,78.97547435274753,0.0663,0.0771
TIC_424699834,0.0,294.459234324755,58.9867775546014,17.37335971211717,91.00489706492455,0.0598,0.0695
TIC_424747720,0.0,290.672313206522,-51.4262458703318,25.58987159035619,346.16108443755917,0.0586,0.0682
TIC_425163745,0.0,58.8967800557666,-2.50591779169573,39.58087037591786,191.84266772746403,0.2564,0.2981
TIC_425220920,0.0,111.643947604912,7.01635709549961,10.987742038448628,210.6200724560409,0.0395,0.0459
TIC_425721385,0.0,289.761698616284,-43.0739838314753,22.925752885800826,354.87258843870717,0.072,0.0837
TIC_426017070,0.0,42.8123748748616,-73.1555079009642,41.2899950707151,291.8300479525273,0.0286,0.0333
TIC_426077080,0.0,238.001109673285,-76.4934505480874,17.262838349351025,312.9155491836685,0.0743,0.0864
TIC_427279997,0.0,351.380755711304,54.6011901561482,6.202655034601014,110.61319079371236,0.3255,0.3785
TIC_427348923,0.0,83.5319911882734,-0.207847747242717,17.230048001111253,204.03686468590686,0.2688,0.3125
TIC_427352241,0.0,83.6230439241413,-4.41491309044158,19.114237243904554,207.9973412783597,0.2761,0.3211
TIC_42755801,0.0,96.7939562067223,-4.78008192827529,7.568527978387924,214.44353586006534,0.3754,0.4365
TIC_427654774,0.0,349.287338823568,70.1900205123051,8.774662667902525,115.0499468088516,0.6503,0.7562
TIC_428065977,0.0,339.120291999897,52.1157588924585,5.427142143186328,102.89672559606339,0.2643,0.3073
TIC_428685938,0.0,180.231715302243,-23.6347219867208,37.79279980573152,288.2505959258467,0.0472,0.0549
TIC_429295277,0.0,184.259092752056,-51.0750413361697,11.428913558394836,297.4312043202887,0.1405,0.1634
TIC_429414530,0.0,314.040496914827,57.7083487400051,8.007115503592066,95.44462629223933,0.7095,0.8251
TIC_4294779,0.0,81.312671873567,-0.770744971019803,19.448669236136492,203.4412776251555,0.1544,0.1795
TIC_430528566,0.0,333.171229878408,52.9009626009804,2.832809547935153,100.24612545515144,0.4393,0.5108
TIC_430677414,0.0,333.669775841367,53.2396136328373,2.7231855873794126,100.6852662349022,0.4864,0.5655
TIC_431148743,0.0,334.981358690531,53.6625080336238,2.804988009712331,101.57069859490515,0.5555,0.6459
TIC_431156009,0.0,340.395451549251,51.9652165892303,5.9416084699982115,103.51063475486521,0.2771,0.3222
TIC_431585347,0.0,357.674088151285,50.354986252243,11.35563149113282,113.11710704546398,0.1456,0.1693
TIC_431899140,0.0,56.2225472183152,45.5071907468224,7.364745994045203,151.95743430350925,0.4287,0.4985
TIC_431999925,0.0,120.789651095836,-20.009830270177,5.820994672288086,238.95311436941614,0.1397,0.1624
TIC_432008938,0.0,120.693457329638,-23.6958875461938,3.8035757066800038,242.05045918421956,0.2864,0.333
TIC_434100688,0.0,352.949141168374,-17.4483930216611,69.23022440859634,56.562262632675385,0.0231,0.0269
TIC_434234955,0.0,63.8110787317433,14.944851720163,25.094556736866675,178.88226040500638,0.5267,0.6125
TIC_434718964,0.0,345.488066324147,64.0673366408697,3.694637287090029,111.30857924319237,1.4331,1.6664
TIC_435167167,0.0,346.403194318527,63.453472836041,2.969718892938668,111.43126579550481,1.555,1.8081
TIC_435861696,0.0,11.8874495009665,21.9385827204724,40.924155723931904,121.73858514840013,0.0257,0.0298
TIC_436099179,0.0,83.8372667640459,12.1159463423537,10.830820636770495,193.16869718330037,0.2027,0.2357
TIC_437156845,0.0,123.436952970304,-18.8776304671137,8.537072653096503,239.324880781007,0.0911,0.1059
TIC_437740083,0.0,2.95025847700393,27.4427548033575,34.60464456679524,112.23883275173488,0.0388,0.0451
TIC_437893926,0.0,94.017994719356,15.2706855728369,0.6798703132273662,195.35195567649728,0.8021,0.9326
TIC_438295981,0.0,96.6660548980419,13.2994421598403,0.656229836057619,198.29906878370454,0.7271,0.8454
TIC_438490744,0.0,100.255976035327,16.5896096817458,5.246797638443907,196.96349228179355,0.3567,0.4148
TIC_439610306,0.0,143.467041798018,-55.1757793988537,2.4944221044851025,277.21329343453897,1.7246,2.0054
TIC_440801822,0.0,109.382918119331,13.395213633674,11.7707785270377,203.77540805360334,0.0933,0.1085
TIC_441334829,0.0,145.150938399275,-55.815571790669,2.3338411558164194,278.3515420570048,1.5485,1.8005
TIC_441732151,0.0,257.876722380867,72.1355064085563,33.31946147844362,103.49532445876048,0.0375,0.0436
TIC_4426490,0.0,116.578643191635,30.7766794404325,24.498566253477474,189.4567866270859,0.0351,0.0408
TIC_443042089,0.0,146.556019333471,-56.2994095165369,2.1898134760575183,279.2626433293089,1.6992,1.9758
TIC_443658196,0.0,199.73429604582,-62.974400009761,0.26924770798919073,306.0498466690996,7.94,9.2326
TIC_444413256,0.0,6.38654842030293,63.0406409615567,0.31626606395110324,120.0022857904221,1.4841,1.7257
TIC_444415148,0.0,6.30894695086202,62.543129745035,0.1751233462932129,119.91677125992622,1.3652,1.5875
TIC_444977814,0.0,111.171286522819,58.5493665064639,27.1372583595634,158.39287185892698,0.0479,0.0557
TIC_445137888,0.0,11.3024007822468,56.0700653517351,6.7910979638062345,122.05673073197345,0.4561,0.5304
TIC_445254275,0.0,12.2161243623275,59.3867258724838,3.483381677707802,122.60370206553094,0.7502,0.8723
TIC_445586472,0.0,117.0841554383,-57.2363486625471,15.372339679484407,269.9724111664115,0.2318,0.2696
TIC_445822015,0.0,147.005709103696,-48.3208676457946,4.107160208899295,274.3523328728815,0.3996,0.4647
TIC_446549905,0.0,286.791796998098,-58.6972126560873,24.917861276014087,337.78965692503726,0.047,0.0546
TIC_446616059,0.0,290.805302598186,11.9794182095003,1.4729833693495908,47.20056566052755,2.8802,3.349
TIC_447283466,0.0,157.098124365065,-51.7052632634314,5.144835632040587,281.6087404280168,0.3131,0.3641
TIC_44745077,0.0,61.6399332596965,-25.0937384057052,46.42599860703482,221.72213064816412,0.0391,0.0455
TIC_449050247,0.0,67.5511534868788,5.29886168112547,28.039697813545562,189.94992749898609,0.2729,0.3173
TIC_449050248,0.0,67.5523106310041,5.29846982248588,28.038972373772985,189.9510346126536,0.2729,0.3173
TIC_449197624,0.0,79.6841967357695,0.292420286152942,20.360078319138868,201.614110714911,0.0852,0.0991
TIC_449549170,0.0,200.464286646484,-62.5420875537191,0.12285251446914136,306.4303738882479,9.2178,10.7184
TIC_449951606,0.0,168.212934705541,-58.9424436318369,1.5297765040469982,290.50369760512365,0.8537,0.9926
TIC_450327768,0.0,160.229483992704,35.9136652020946,60.986227821120444,187.14171608174266,0.0131,0.0152
TIC_451599528,0.0,279.712798585636,-85.7089561249008,26.81108756196857,307.73370889205535,0.1252,0.1456
TIC_452483795,0.0,303.893847442773,24.5211997529038,5.818843391241226,64.32858874761149,0.5837,0.6787
TIC_452803785,0.0,338.434895537912,52.6363351543957,4.76702394762207,102.7947891375354,0.3635,0.4227
TIC_453209605,0.0,116.914329488846,11.9807975158447,17.823216744267395,208.32748761318373,0.0268,0.0312
TIC_453230066,0.0,23.9925420449694,54.7164506959539,7.5957246228042195,129.39250296903455,0.1907,0.2218
TIC_453464017,0.0,152.28060301077,-72.7982252972688,13.631809509365915,291.5147097383251,0.184,0.214
TIC_45465399,0.0,130.64402860258,-59.6199793639336,10.577256951592313,275.85674209765284,0.1851,0.2152
TIC_455962313,0.0,340.036593,65.439728,5.961661605780731,109.83930725394254,0.8115,0.9436
TIC_456042145,0.0,340.628485287112,64.7547490851816,5.241233162346903,109.72793730575661,0.9622,1.1189
TIC_456305193,0.0,117.737560342719,67.0433192862171,30.597189162814246,148.9040431194857,0.0379,0.0441
TIC_45684223,0.0,131.144247821916,-59.1973402663837,10.119577608794518,275.66942638776777,0.1654,0.1923
TIC_457138169,0.0,141.368144394114,50.9088380718979,44.694200573234,166.8878740148222,0.012,0.014
TIC_457743020,0.0,158.261736835585,-57.281521107399,0.7072676599286996,285.0574880985002,2.0406,2.3728
TIC_457939414,0.0,158.670768829347,-59.7485151780486,1.3178620726513182,286.48253244735713,2.3896,2.7785
TIC_458856474,0.0,161.140580262795,-59.7376206002823,0.7058008144833718,287.5662485960564,10.7533,12.5038
TIC_458857720,0.0,161.046866768482,-59.9251902612642,0.8935717954426767,287.61253907277296,5.4399,6.3255
TIC_458876004,0.0,35.8378019086676,60.889975365258,0.012984009647114447,133.8798469405696,0.6093,0.7085
TIC_458914949,0.0,48.4232936428732,61.9078829182162,3.5173742916007185,138.85766296476382,1.0074,1.1714
TIC_459850897,0.0,163.714588655504,-58.5692782917568,0.9318126538951454,288.21767827059966,1.3611,1.5827
TIC_459942762,0.0,60.2782643018641,4.54113957033093,34.3470189788477,185.6824281095316,0.2832,0.3293
TIC_459997997,0.0,156.250224429268,-60.5751808742302,2.6471560788499855,285.8768581550155,1.0389,1.208
TIC_460140752,0.0,156.738444720368,-60.6652620906713,2.597116163693685,286.12807859835743,0.6355,0.739
TIC_461080504,0.0,159.580244013615,-61.2898182274518,2.4361583159812934,287.63435505639796,0.6438,0.7485
TIC_461271719,0.0,203.166616361905,-38.8459281424864,23.326027214926885,311.6606600862567,0.0637,0.074
TIC_461387302,0.0,3.02159122553128,66.6505599504021,4.076701911739075,119.03909250177357,0.9899,1.151
TIC_461538935,0.0,345.981067664179,85.4430471088924,23.046105200887073,120.69483991896301,0.255,0.2965
TIC_461662295,0.0,124.446930639269,51.010580115737,34.086227607614376,167.8754244188635,0.0434,0.0504
TIC_462162963,0.0,150.368334956976,-59.8517275497637,3.709747642430334,283.0572952657253,0.9609,1.1173
TIC_462715015,0.0,270.73605187537,20.0693549294874,19.392533409966763,46.13569697015143,0.0904,0.1051
TIC_463203560,0.0,153.250564581853,-58.7634631504184,1.9666381332053737,283.61413227320963,2.2733,2.6434
TIC_463681005,0.0,154.513835220797,-56.787892280585,0.04729278904354772,283.06600367797,2.2339,2.5976
TIC_464067218,0.0,155.307542340888,-58.5370108784252,1.184170449086711,284.37874108539586,2.0839,2.4231
TIC_464296022,0.0,155.831687930156,-57.5903451121075,0.2374334349471652,284.1017275653721,11.836,13.7628
TIC_466318137,0.0,165.7320788246,-60.1968705366045,0.11410792520754401,289.83332251601166,1.6408,1.908
TIC_467006627,0.0,312.860435909622,2.61628338399798,25.070228279074325,50.167481219848796,0.0861,0.1001
TIC_467281353,0.0,168.07666638368,-60.932638900462,0.3428771317201275,291.1810385653139,3.4477,4.009
TIC_46772529,0.0,141.722812023551,-7.57910458197441,29.56533238465568,240.38538188735552,0.0377,0.0439
TIC_467783290,0.0,62.6185982490234,32.3067924546702,14.018315384707376,164.61224583813976,0.2655,0.3087
TIC_468472950,0.0,321.283238430713,40.8878509146612,6.872694698185793,86.30814712274793,0.64,0.7442
TIC_468828873,0.0,91.8722619516507,66.8578544871244,20.648136090733487,147.28093675297373,0.0903,0.1051
TIC_468845640,0.0,337.833487802324,53.7959714414032,3.585340568940539,103.0748931469417,0.4953,0.5759
TIC_468977648,0.0,143.945436261923,-52.3713817755493,0.23101469037009068,275.53298904285055,1.4575,1.6947
TIC_469184909,0.0,148.534453307558,-57.048558405404,2.081378236966042,280.57912774457105,2.0216,2.3507
TIC_470315428,0.0,64.6483501895545,52.8649474940997,1.7865012351707086,151.26371679115266,1.7942,2.0863
TIC_470709084,0.0,357.36810493007,61.6827602624107,0.3101524926315372,115.65307928669347,1.0588,1.2311
TIC_470852531,0.0,359.740831834192,61.5541464161755,0.6836058557831864,116.72502736629929,0.6215,0.7226
TIC_470911286,0.0,1.12963047080263,66.4030205306954,3.958456562214407,118.25284022546174,1.6697,1.9415
TIC_470974162,0.0,110.878806158611,50.349619131626,25.487382174209976,167.35761949439194,0.0763,0.0887
TIC_47484268,0.0,342.966435030439,-24.7874737902442,63.08360411019482,31.13016262159978,0.0199,0.0232
TIC_47617038,0.0,220.350370448678,-33.9503854613498,23.59362528423751,327.630343168681,0.0721,0.0839
TIC_48178229,0.0,99.1725820327704,-23.3097938660295,13.473323880987214,232.47081583622446,0.0878,0.1021
TIC_48188920,0.0,282.420783481483,48.0989454830443,20.117060034240456,77.59793215677671,0.0673,0.0783
TIC_48276576,0.0,148.086674845209,-34.9579050149223,14.865159098046279,266.2615500483296,0.104,0.121
TIC_48476907,0.0,150.152920589915,-34.6819501688162,16.160687747239052,267.4334438555297,0.0997,0.1159
TIC_49617263,0.0,37.8850387049368,-40.0162555193852,65.61863583560303,251.2286137382883,0.0157,0.0183
TIC_49710555,0.0,352.164391769713,-10.8595861586685,64.63003036573485,68.83324217818215,0.0263,0.0306
TIC_49899799,0.0,48.8542647249497,-2.17528488224733,47.4639271513317,183.23981046541138,0.0742,0.0863
TIC_49967354,0.0,277.907750356366,13.8979606548419,10.60843148237145,43.221054379785706,0.24,0.279
TIC_4999813,0.0,107.35836509691,-1.73215958679863,3.2099776470975607,216.5296726272822,0.2147,0.2496
TIC_5024743,0.0,142.107260394161,-38.9474128610222,8.701158767502681,265.393404449248,0.2523,0.2934
TIC_50309953,0.0,30.1973221665765,-77.6102326104154,38.876558083048785,298.22076083362157,0.0432,0.0503
TIC_50365310,0.0,112.35773412505,-12.6959595449479,2.4678007779389253,228.55184065040916,0.4236,0.4926
TIC_50943163,0.0,41.9041926959134,61.3063588865334,1.513920265678518,136.4162198714863,1.1529,1.3405
TIC_51024887,0.0,42.1541460591675,62.1897089490471,2.3610791247735223,136.13924758324958,0.8224,0.9563
TIC_5109298,0.0,107.598109268429,-5.43266157181111,1.7203601802430122,219.92879344708822,0.4022,0.4676
TIC_51318828,0.0,305.113403397959,12.3089801440631,13.420322310714097,54.55570056110482,0.1256,0.1461
TIC_52041724,0.0,14.1194913148162,65.6789897856071,2.8123264208361705,123.45145094080853,2.3541,2.7373
TIC_52548453,0.0,100.925707844663,-30.492008200525,14.907128752285413,239.90705772824427,0.0847,0.0985
TIC_53427308,0.0,118.881919084526,54.5966398602763,30.929380203025215,163.40792149077006,0.0296,0.0345
TIC_53593457,0.0,100.30600918133,-3.92555061838928,4.058454892077025,215.26816573889926,0.7437,0.8648
TIC_54044474,0.0,159.887880997789,-32.5119432270258,22.615928827174134,273.11948469944684,0.0831,0.0966
TIC_54085154,0.0,160.180151402298,-31.9271659588681,23.243577829101735,273.015567516939,0.0687,0.0799
TIC_54364414,0.0,19.2341138916727,62.3517494623331,0.3736911325371236,125.88529664432336,1.3167,1.531
TIC_54390047,0.0,118.319562741796,-14.2188154160177,6.77508324255284,232.7354821189772,0.1098,0.1277
TIC_54464870,0.0,19.5954455416345,63.5450433678482,0.8301191432242206,125.92753016640546,1.393,1.6197
TIC_55383975,0.0,77.3835141531377,-64.026195342998,35.2807653325456,273.96321006563915,0.0333,0.0387
TIC_55452495,0.0,70.670393428764,-64.8851982001677,37.88676039694389,275.85901347365456,0.0332,0.0386
TIC_56231866,0.0,356.038422741148,26.4257029544282,34.05335474043078,104.70485047912297,0.0741,0.0861
TIC_5772442,0.0,111.766574949727,-7.12963746872442,4.5965844405015135,223.36567433530038,0.2007,0.2334
TIC_5800958,0.0,78.9885131900153,22.0749728274234,9.34558809063793,182.1165074620364,0.4931,0.5734
TIC_58046864,0.0,275.164890026991,-39.2208899957792,11.303547659144293,354.4611087004757,0.0791,0.092
TIC_58474992,0.0,65.8396589805608,24.8975566015205,17.102673514525936,172.1964470982891,0.7308,0.8497
TIC_59003115,0.0,57.2252994148346,13.4835342140472,30.822945656290628,175.28617644042455,0.3215,0.3739
TIC_59859387,0.0,110.369736758736,-45.5677871001128,14.133006423035193,257.2294212790482,0.0993,0.1155
TIC_60074373,0.0,111.092733911539,-44.0327384268491,13.02120067670544,256.0194114855028,0.1614,0.1877
TIC_61117473,0.0,226.954121924962,-28.1566060077064,25.761266734708475,336.2142960358033,0.1452,0.1688
TIC_61733521,0.0,289.01776279374,-46.4806291302234,23.35307771413899,351.1525109234331,0.0525,0.0611
TIC_61980227,0.0,335.536883096737,-30.7638796051474,57.28748819931673,17.517717551356153,0.0124,0.0144
TIC_62530991,0.0,132.542017665794,-2.97927601108576,24.60885961187668,230.32351829884868,0.0176,0.0205
TIC_63013648,0.0,117.591311319969,22.2815667386461,22.476906517177145,198.50937326570525,0.0578,0.0673
TIC_63303499,0.0,104.922737418747,-24.883997570481,9.369606322750746,236.17601956017464,0.1966,0.2286
TIC_64531556,0.0,309.461456877643,37.1559582995033,2.419531186960494,77.43118660739614,1.7257,2.0066
TIC_64553698,0.0,338.452566721893,57.5635114467851,0.5155389666765889,105.28840418102564,0.7849,0.9127
TIC_64836837,0.0,338.796576800268,55.0310490269943,2.802950488583528,104.18446139021951,0.5263,0.6119
TIC_65347776,0.0,39.7250715107988,-27.3241619586878,66.15672499075592,219.62911137780642,0.0132,0.0153
TIC_66356824,0.0,12.0763061991261,-32.11934894339,84.96274300970519,310.5081317845116,0.0148,0.0172
TIC_6653897,0.0,81.0512825852461,20.5906686255291,8.577369067314471,184.44815369458345,0.4757,0.5531
TIC_66783360,0.0,341.970781874277,49.9180699092518,8.214864320603802,103.42152099936018,0.1871,0.2176
TIC_67247610,0.0,311.862254425266,37.117405404666,3.9522335589714577,78.5798030336235,0.7783,0.905
TIC_67309890,0.0,343.156375091358,48.5500847083189,9.785202344151879,103.49008429744786,0.1583,0.1841
TIC_67926921,0.0,127.945710888348,44.8323426867538,36.0919475866989,175.5707385927917,0.0205,0.0238
TIC_68152139,0.0,44.4019947421198,40.016761583546,16.71999508015911,147.6610838214687,0.092,0.107
TIC_68322189,0.0,236.159527058059,-58.1281980173188,2.5925176011165045,324.1855787250803,0.9729,1.1313
TIC_686072378,0.0,68.2267183013898,-32.8873216012119,42.24704376087809,233.96165198311826,0.0162,0.0188
TIC_69672493,0.0,77.3944841694364,24.3252941971692,9.256797941278949,179.3970528050948,0.3982,0.4631
TIC_69838258,0.0,337.921632736835,-21.9456793935302,57.9014625723361,34.45290452613462,0.0293,0.034
TIC_69997672,0.0,294.824104710075,31.9581597894046,4.865370101964258,66.52327438656008,0.3216,0.374
TIC_70887357,0.0,63.8574178579908,-16.9020120343287,41.95050207825427,211.7126870358314,0.032,0.0372
TIC_71396541,0.0,116.069600762551,68.8261963741575,29.911475977197217,146.8655464714929,0.0392,0.0456
TIC_71401634,0.0,46.9055899584549,-17.8944181135323,57.33772956460896,203.75363743787997,0.0337,0.0391
TIC_71854732,0.0,26.2975525468172,54.5595890757756,7.494856106277331,130.74353948061895,0.1767,0.2054
TIC_71854745,0.0,26.2994183919325,54.5684569963924,7.485957624608706,130.7427406160959,0.1773,0.2062
TIC_73104318,0.0,61.7214769083984,58.4655166998105,4.727849004711023,146.21281358077394,0.9385,1.0912
TIC_73244652,0.0,122.519407670975,63.826251664912,32.772325026424,152.53673139459426,0.0647,0.0752
TIC_73723286,0.0,155.636903848105,-40.5161632907814,14.035715946531159,274.63632876905456,0.0999,0.1162
TIC_74197917,0.0,137.285047425034,-46.1846589142603,1.1068371406648978,268.09881006355005,1.4215,1.6529
TIC_7439481,0.0,212.929133295901,-29.9740849075707,29.757154903435655,322.95612629753094,0.0582,0.0677
TIC_74482749,0.0,137.518428307596,-43.9249802126936,2.76356181262132,266.5523713948484,1.1549,1.343
TIC_75208638,0.0,138.741160368268,-45.1230001090478,2.5755964482222007,268.02357952205796,1.281,1.4895
TIC_75417968,0.0,308.688931757934,17.4036650528207,13.51061175662265,60.88467464899847,0.0927,0.1078
TIC_75427473,0.0,85.2223069623106,25.8724361991722,2.5017845275974717,182.0572344637667,1.071,1.2453
TIC_7624182,0.0,64.3114247812931,-38.8441688281628,45.8862449429006,241.87731588387575,0.0165,0.0191
TIC_77031413,0.0,354.170176645956,-34.6118548397169,72.33721557894711,3.2967140006026807,0.01,0.0117
TIC_77228304,0.0,69.1161973183891,-41.2462372214856,42.24734553053767,245.30247368167815,0.0229,0.0266
TIC_78672342,0.0,103.002808426215,-18.9544420432374,8.395497283572011,229.98782161054976,0.4401,0.5118
TIC_7904580,0.0,133.207398119068,-1.60655185948444,25.893860063241146,229.4150016342147,0.0132,0.0153
TIC_79395355,0.0,320.054167428094,-51.3099083247828,43.807174805201846,346.5617326013152,0.0185,0.0215
TIC_80029842,0.0,121.232416703504,-47.7681484668557,8.573306268558792,262.7603636861038,0.2873,0.3341
TIC_80275202,0.0,121.52625305536,-44.3751170613616,6.620209752165907,259.9535716920896,0.3574,0.4155
TIC_80478272,0.0,12.569587,27.568806,35.30223264857203,122.61704854585139,0.0533,0.062
TIC_81212286,0.0,127.033288976573,56.4275616950096,35.55333219984045,161.25536047561624,0.0464,0.054
TIC_81231810,0.0,106.616458492768,-18.8080390858978,5.2675221794760185,231.38636579497324,0.4162,0.4839
TIC_81429971,0.0,123.178209190385,-42.935006425782,4.838313198383994,259.3788817230466,0.7294,0.8482
TIC_82010657,0.0,48.7529268505892,60.2382313407211,2.1745461494535454,139.86389043799235,1.6492,1.9176
TIC_82302240,0.0,124.351467409355,-45.4065726073211,5.49664770843467,261.91566568808605,0.7525,0.875
TIC_82362447,0.0,124.249514234047,-47.6515128519381,6.796452899829226,263.7580135322837,0.584,0.6791
TIC_82707763,0.0,169.958952932394,-51.8660664715937,8.487306001725909,288.87117146763546,0.1952,0.227
TIC_83053699,0.0,2.33555121818383,60.1590979440946,2.2854266496968694,117.71332732644751,0.9684,1.1261
TIC_83210867,0.0,297.459329627337,34.8296184208155,4.374895046283616,70.11866416725623,0.586,0.6814
TIC_86005116,0.0,327.043607795896,23.1124784720909,23.04874179382507,77.14398677845911,0.0781,0.0909
TIC_86280613,0.0,141.721201087467,61.6990820378678,41.7764996722465,152.60342421552244,0.0238,0.0277
TIC_86451883,0.0,298.561284366314,32.4258167574384,2.3610641074630787,68.5144531805677,1.648,1.9162
TIC_87044036,0.0,98.8539400366501,24.8359040868685,7.764641506322311,188.9501496724588,0.2319,0.2697
TIC_89510024,0.0,301.317725143665,30.6706963119813,0.5595536753281386,68.25514524305989,2.3921,2.7815
TIC_89535068,0.0,127.28117990245,-57.1941127113009,10.596887344800061,272.80759869146414,0.2021,0.235
TIC_89643259,0.0,301.410842416701,33.0492279930961,0.6494521626126454,70.30505484373593,1.9606,2.2797
TIC_89702406,0.0,127.650007025714,-58.5286330095339,11.191299490876741,274.0406535437484,0.1581,0.1839
TIC_89759617,0.0,301.564677542467,35.5884050656019,1.905791882571874,72.51589032356169,1.8892,2.1967
TIC_89876424,0.0,301.520854611838,34.3153755579573,1.2521320750552014,71.42248109272269,2.8397,3.3019
TIC_9032368,0.0,355.90186934398,-11.2694965396419,67.51630725822196,74.51676601061284,0.0309,0.036
TIC_9033144,0.0,349.606182109168,-19.8239157912515,67.4991739232658,46.88745161326671,0.026,0.0303
TIC_90448944,0.0,128.302386044535,-52.7142655398664,7.537116193127548,269.4410230432633,0.6384,0.7423
TIC_90504905,0.0,290.572370199919,26.3195554868421,5.4576766434522215,59.771910909075736,0.4903,0.5702
TIC_90544017,0.0,128.45474179937,-49.940377305244,5.828447073963888,267.23874744445044,0.824,0.9582
TIC_9102327,0.0,350.779780704847,-19.4196718790123,68.34246962162496,49.072476067505676,0.0244,0.0283
TIC_91576611,0.0,284.157870367311,-29.398293318324,13.969299599494839,6.769741749959581,0.1439,0.1673
TIC_91869778,0.0,88.8416393677459,15.3785127937301,4.9872064152560425,192.82231785471237,0.2783,0.3236
TIC_92013169,0.0,89.1652163395875,14.7856254856172,5.0112473968368105,193.4946137611499,0.2906,0.3379
TIC_92359850,0.0,52.2255918800622,-19.9797685511575,53.36470870044401,210.31843875941755,0.0269,0.0313
TIC_92783821,0.0,303.017381243891,35.5246644205802,0.8789751909226092,73.1046468014607,2.0443,2.3771
TIC_93594834,0.0,114.420869114592,-7.33659433490181,6.8159785098646095,224.80492048569576,0.1271,0.1478
TIC_93963408,0.0,115.046364890678,-9.08425868294742,6.5186796439130354,226.64746075515356,0.1389,0.1615
TIC_95010343,0.0,114.312955429949,24.5157872229443,20.48744672477289,195.09641693779182,0.0543,0.0631
TIC_95122849,0.0,114.741990965063,29.4288278968643,22.560060527983364,190.2898749786935,0.0411,0.0477
TIC_95129101,0.0,114.932847674273,28.1201678502079,22.277668844834487,191.68397903729206,0.034,0.0395
TIC_96246348,0.0,103.561670499712,-34.2228617831462,14.325652094664383,244.35638089026065,0.1567,0.1823
TIC_96291218,0.0,73.0348393629056,30.2804024170288,8.761510228254975,172.223240483514,0.6041,0.7025
TIC_97158538,0.0,105.945537039484,-30.7264554115623,11.057456818695671,241.93347444877492,0.122,0.1419
TIC_9727392,0.0,358.444730531975,-10.8849727959167,68.83890649977005,80.30735342169372,0.0325,0.0378
TIC_97700520,0.0,107.286083090328,-31.9335536155682,10.538168345601077,243.54264022595237,0.1412,0.1642
TIC_97735297,0.0,92.6749479794276,31.328409547973,5.892513834144648,180.62611959462058,0.745,0.8663
TIC_9804616,0.0,47.6431252858804,-9.27677936546685,52.64620622569583,191.04895611887082,0.0837,0.0973
TIC_98286422,0.0,108.496939845827,-34.9394195248833,10.922306678012095,246.74639921095536,0.2024,0.2354
TIC_9830791,0.0,70.2420581830836,57.5077385645896,7.2906755990658425,150.0710900923862,0.5743,0.6678
TIC_9837861,0.0,70.5485584963089,54.2920691023376,5.313771331234982,152.62869644033609,1.011,1.1756
TIC_98494121,0.0,290.986408777763,-36.9103884083648,21.990093833629615,1.5428510432184792,0.2644,0.3074
TIC_98613492,0.0,79.7241109929486,47.547312522908,5.76295219795327,161.5298760117655,0.5423,0.6305
TIC_99330090,0.0,189.829092229476,59.703471542587,57.35802950442119,125.7660003015548,0.0097,0.0113
TIC_100267480,0.0,306.843192294487,-53.2206074133002,35.57845148598274,345.200221991865,0.0405,0.0471
TIC_100589632,0.0,86.4590090257249,-32.9477780077437,27.31421610866225,237.96779267460076,0.0248,0.0289
TIC_101395259,0.0,148.720387015615,-23.3321502719464,23.945880898564454,258.53096134862966,0.0429,0.0499
TIC_101497191,0.0,149.225893138862,-33.7993136835825,16.356978756788706,266.2331406819743,0.084,0.0977
TIC_101929303,0.0,299.273844172095,35.9883563002373,3.6953976402488915,71.87455332663342,0.6003,0.6981
TIC_103245940,0.0,156.59616657314,-44.1774017174515,11.355036919323796,277.294011723134,0.1032,0.12
TIC_104022675,0.0,195.986673322544,-32.4364200848893,30.36102634584746,305.99066376354097,0.0679,0.0789
TIC_104195270,0.0,44.1144556560707,48.0090467781363,9.793012330616484,143.55683749147005,0.1826,0.2123
TIC_105387356,0.0,300.767533532161,31.0597202943504,0.04747142874952104,68.3319475191451,3.2488,3.7777
TIC_105801221,0.0,156.685329590525,-38.0422519926111,16.546982429238394,273.92395745505826,0.0605,0.0704
TIC_106114491,0.0,301.080653261035,32.5015625956914,0.5907176644060117,69.69382292704667,2.1617,2.5137
TIC_106224626,0.0,301.078804277104,34.3980330084913,1.604595355131531,71.29684026887085,2.1046,2.4472
TIC_106997505,0.0,110.559949096621,-25.2070235594925,4.950876096070135,238.7773502717411,0.5628,0.6544
TIC_107728509,0.0,265.109381789831,-32.1240655694836,0.7268104786435015,356.70155879156175,6.3562,7.3909
TIC_108645766,0.0,112.445395367513,-28.4831777558872,5.002075868011356,242.47356000748866,0.373,0.4337
TIC_108835813,0.0,112.616718126078,-26.0806725053561,3.7265794676406783,240.4259328832868,0.5597,0.6508
TIC_108939482,0.0,112.729885876287,-28.6842806572456,4.877469495755998,242.7701676718968,0.3699,0.4301
TIC_1101909431,0.0,231.127305113642,46.6953282937221,54.20207247180357,76.36097397077718,0.0152,0.0177
TIC_110428269,0.0,291.463077033113,25.1894565436453,4.220411374149561,59.145301670076506,0.5947,0.6915
TIC_110936761,0.0,297.922965779597,2.51949227131378,12.182718812971661,42.20516803416328,0.1804,0.2098
TIC_11111899,0.0,303.824800154918,36.6518027743854,0.9581512738833183,74.40476372689142,3.71,4.3139
TIC_112395568,0.0,290.977213670598,-33.3513811723548,20.83413389254914,5.158632982301038,0.0971,0.1129
TIC_113295476,0.0,113.266627352599,-30.1041359924305,5.142059799570645,244.2470860478946,0.2989,0.3475
TIC_1133072,0.0,131.08590702365,-28.0765731074219,9.020167945743623,251.01353690986147,0.1379,0.1603
TIC_113553629,0.0,113.424064856761,-30.9960706905366,5.448397417566687,245.09930331368466,0.3056,0.3554
TIC_113919944,0.0,54.1652512229298,19.5659833329074,28.505729863531588,167.9852784751787,0.2072,0.2409
TIC_114103134,0.0,113.981451182456,-30.748704101866,4.9099565250548745,245.11151966289506,0.4838,0.5625
TIC_115242351,0.0,6.1768826826106,-36.114411171627,79.37079475531078,333.57302638522634,0.0107,0.0124
TIC_115446313,0.0,252.471918377151,47.3167967570931,39.822284385299426,73.34079742597372,0.0251,0.0291
TIC_115564354,0.0,84.0062879329567,32.3168773894069,0.04137083521156326,176.03954316908997,0.821,0.9547
TIC_116257066,0.0,85.1510802366728,34.7966854587334,2.172729633105682,174.45279674837408,1.2317,1.4322
TIC_116608612,0.0,85.6632232071164,35.1857962029472,2.734378971809697,174.343186335532,0.9621,1.1187
TIC_117068362,0.0,319.267295207203,33.1380384074629,11.130963673002661,79.55181494428916,0.1152,0.134
TIC_117256577,0.0,300.419314956694,26.9716717535512,1.8620831571354337,64.70387433462875,1.7664,2.054
TIC_117322779,0.0,48.3522635163061,49.7837569501896,6.8731775619312305,145.11654890754238,0.5049,0.5871
TIC_117689799,0.0,300.734984097719,24.4351807410053,3.444912565763665,62.699332571341905,1.3434,1.562
TIC_117979694,0.0,71.9213357181593,-17.7450887445122,35.08284713787741,216.2932018464718,0.0423,0.0492
TIC_118021229,0.0,128.475327629083,-20.9406133593046,11.325979956954004,243.74062035746763,0.0743,0.0864
TIC_118301361,0.0,34.1958227656923,29.5704965679179,29.73485761054089,144.30485441776,0.0846,0.0984
TIC_118308828,0.0,128.701616941442,-56.3318913366055,9.464232816079852,272.5456347708536,0.1971,0.2292
TIC_119081096,0.0,136.238482652044,-18.502504731515,18.640806740711344,246.24030723010654,0.102,0.1187
TIC_11996814,0.0,31.1708183567759,65.2892244487907,3.4983462982018767,130.49308994766608,0.6786,0.7891
TIC_120269103,0.0,101.693876993792,-6.14477005375858,3.830740586658994,217.87899849449477,0.515,0.5989
TIC_12036590,0.0,91.2337124990487,-1.13396481552769,10.855797798024689,208.59557974753307,0.3769,0.4383
TIC_120585579,0.0,4.45146757704489,-38.110814033556,76.94628824399484,333.55413043388023,0.0166,0.0193
TIC_120602501,0.0,337.686450167245,40.0039661365183,15.315433719969624,95.70602563912223,0.11,0.1279
TIC_120723776,0.0,164.060269346036,-52.4821673044206,6.5056300612956965,285.7572341489499,0.4021,0.4676
TIC_121966220,0.0,75.7977364380956,41.7858322053939,0.11079249236881994,164.53810682207265,0.5055,0.5877
TIC_122220263,0.0,290.020842968204,36.6377054978848,10.549268855537044,68.85030650608851,0.1045,0.1216
TIC_122262940,0.0,133.238768908076,-57.9406159745942,8.484424847225442,275.3520698029373,0.2021,0.235
TIC_122485078,0.0,76.8512664639782,36.2750884742517,2.5696118087422226,169.42352459197105,0.7181,0.835
TIC_123106490,0.0,113.755239134482,-43.8765534463309,11.2319251717099,256.74003462901476,0.2165,0.2518
TIC_124095888,0.0,196.285866811533,-31.9853172530756,30.796381134478054,306.31515073633994,0.063,0.0732
TIC_124543547,0.0,104.480685565259,-9.92475628910879,3.0833452800031034,222.50712396146199,1.2783,1.4864
TIC_124702477,0.0,104.752529881028,-7.89742788470212,1.9215566798067056,220.8225071031296,1.0721,1.2467
TIC_125894957,0.0,115.280398953454,-26.0709532660264,1.6300611837844075,241.58000187446936,0.7963,0.9259
TIC_126733133,0.0,136.95517345269,-51.8671101651651,2.900373071899883,272.134866461449,1.7927,2.0846
TIC_127315102,0.0,217.279821792518,-43.3618993982901,16.026496276398305,321.1557235534039,0.1402,0.163
TIC_127425841,0.0,6.03068253198279,40.1656184459749,22.406788456504284,117.29155952114425,0.0522,0.0607
TIC_127476180,0.0,117.113326652269,-28.2048815662614,1.283376261181364,244.24422763028326,0.8404,0.9772
TIC_127793615,0.0,218.270245966655,-43.2984011025151,15.804083041359771,321.87134201655766,0.1449,0.1684
TIC_128463355,0.0,118.059570326815,-29.7140297228264,1.3382184996230901,245.96511556340107,0.6733,0.7829
TIC_128501004,0.0,339.033778174028,37.8407939833299,17.70652315270827,95.44975161146664,0.1505,0.175
TIC_129107501,0.0,341.85427078569,37.6910765859737,18.9564322499217,97.40116461489826,0.1189,0.1382
TIC_129432342,0.0,304.452791943679,-44.9684133504972,33.64033005689365,355.13361520439344,0.0316,0.0368
TIC_129539786,0.0,343.953924708849,39.6452387436646,17.998429525166593,99.89351778943052,0.1196,0.1391
TIC_129881395,0.0,119.489506119127,-28.1227085753389,0.5559161825785834,245.25026662036703,0.5535,0.6436
TIC_130191319,0.0,119.754043764516,-25.6485185514658,2.050688856255922,243.26401629100837,0.2525,0.2937
TIC_13023738,0.0,347.084792687986,-29.5903195009421,67.2322163103233,20.637296842978913,0.0213,0.0247
TIC_130611752,0.0,105.752116745477,-43.493081090639,16.33519228756224,253.90560449245078,0.086,0.1
TIC_131081852,0.0,189.762266348388,-31.9921502486101,30.806019683050142,299.87364304908294,0.07,0.0814
TIC_131419878,0.0,118.037262228221,-37.7990548150213,5.471558428956989,252.92757596449846,0.6324,0.7354
TIC_131581522,0.0,118.347631365587,-36.8004221284355,4.752154073980513,252.18932821727668,1.0951,1.2733
TIC_131581531,0.0,118.348168147743,-36.8030356441573,4.753115066248859,252.19180486844058,1.0931,1.271
TIC_131979339,0.0,118.91364399241,-37.8577013661047,4.905662473833754,253.3321673394565,1.0089,1.1732
TIC_132320310,0.0,119.365419458173,-38.9702007265882,5.1742311576813655,254.47272068037495,0.7546,0.8774
TIC_132534906,0.0,119.771889461326,-37.9007346183017,4.347890886273405,253.72026165428505,0.8254,0.9598
TIC_133505138,0.0,149.731678220905,-53.3015480617043,1.2929110185920623,278.8123386056395,1.0749,1.2499
TIC_133654092,0.0,121.185111702167,-41.5598251598718,5.342877464152155,257.41849156762606,0.8497,0.9881
TIC_134315574,0.0,107.356118309653,-44.6834793298872,15.725715669936124,255.50829696110736,0.086,0.1
TIC_134396419,0.0,122.272949228071,-37.0618778228524,2.2209756787863637,254.0652359313034,0.8867,1.0311
TIC_135083444,0.0,184.367060317869,19.8400051754549,79.33974475811405,254.25990569618523,0.0214,0.0249
TIC_136848581,0.0,317.747943046003,43.5519525010494,3.1390866408727236,86.39206986754817,0.6769,0.7871
TIC_136971594,0.0,317.966686151483,43.592860042682,3.226855677970988,86.53043538596978,0.6027,0.7008
TIC_137157546,0.0,30.021728220931,77.3690247828893,15.010709916067789,126.76240081425503,0.4957,0.5764
TIC_137284119,0.0,318.235092701372,46.2680739036281,1.5297022190552483,88.60896344780129,1.1951,1.3896
TIC_137500798,0.0,132.635180887586,82.9271966334614,30.45984472993391,130.05414405808867,0.0247,0.0287
TIC_137543637,0.0,136.220862748998,79.3552227994503,32.58446873049581,133.48239909515564,0.0192,0.0224
TIC_138017750,0.0,50.8005885608856,33.0783836260702,19.831524375299306,156.13989193879334,0.3025,0.3518
TIC_138361973,0.0,293.764996432772,37.5389307502406,8.297812884375341,71.0391884818714,0.1789,0.208
TIC_138497780,0.0,96.2503020842925,33.0321570355093,9.36271323463597,180.50086617522098,0.3021,0.3513
TIC_138968089,0.0,295.101100622259,40.9866933589692,9.010969352618876,74.60798060058379,0.1948,0.2266
TIC_139118482,0.0,193.595321263145,30.2143995202047,86.84707512619438,111.29115037068308,0.0095,0.011
TIC_139285736,0.0,348.03982099208,-45.0171326726725,63.321976176843236,344.30054220166033,0.0087,0.0101
TIC_1400770435,0.0,264.961576963016,56.0789162515969,32.07388768287567,84.12476759711977,0.0408,0.0474
TIC_1405997635,0.0,267.475228277401,-37.5313171440919,5.195032413641356,353.0850005903548,0.5538,0.644
TIC_140830390,0.0,75.6272819474799,-72.9141390596773,33.74605434041775,284.620908832524,0.0976,0.1135
TIC_141227133,0.0,129.315385130441,-47.3835040224418,3.8471917798777593,265.51931935065517,0.7555,0.8785
TIC_141405814,0.0,117.121122636658,-19.3402109069791,3.202502595440287,236.59532740174336,0.4197,0.4881
TIC_141412823,0.0,84.2373341856163,-75.6114818942467,30.81731721213437,287.0174800216914,0.0732,0.0851
TIC_141616639,0.0,108.817955735709,81.2214456570604,27.69352913978088,132.80285730293826,0.0303,0.0352
TIC_141631253,0.0,129.802705451105,-44.3700754056949,1.7534818021537908,263.3229174017635,1.4392,1.6735
TIC_141663464,0.0,228.629149075387,-43.3870185326076,12.213518858584976,328.69379693465055,0.1098,0.1277
TIC_141776043,0.0,117.712542601315,-21.0157369961804,2.833751838324477,238.32386253718752,0.3565,0.4145
TIC_142087638,0.0,98.4423779664364,-74.1901230405902,27.22003627257513,285.1457721091582,0.092,0.1069
TIC_142090065,0.0,79.0736590848513,79.7376706381447,22.62763144719756,133.10474895345118,0.0864,0.1004
TIC_142918609,0.0,119.34996570686,-19.5160313897282,4.921098212451055,237.82131579233857,0.1984,0.2307
TIC_142938659,0.0,52.647164539322,-35.203695527776,55.252924108261524,236.37618984542098,0.0111,0.0129
TIC_143032776,0.0,167.255487778105,-10.1883473965395,45.1764692326619,265.8199471023832,0.0566,0.0658
TIC_143350972,0.0,82.2463667546743,-17.4292405489965,25.818372359989773,220.16993163117542,0.0551,0.064
TIC_143526444,0.0,125.645063477944,-19.2546344744711,10.08034246546289,240.79893716603578,0.0857,0.0997
TIC_144043410,0.0,126.755133176297,-20.6801494200052,10.151382404270983,242.59189609956204,0.0801,0.0931
TIC_144440290,0.0,359.161503514231,-44.7190780336752,69.26892539716249,331.31390724911023,0.0084,0.0098
TIC_144956678,0.0,122.068644506832,-35.5594893601664,1.545013596060768,252.71270402039596,1.2107,1.4078
TIC_1449756,0.0,75.1748721429611,-34.8158951655001,36.856525933568534,237.62012671142716,0.0097,0.0113
TIC_145027461,0.0,122.257489123391,-30.7879516991902,1.1764308430516588,248.78978207179082,0.4869,0.5662
TIC_145982812,0.0,133.145266794189,-50.0088337163671,3.491347096821458,269.15297378042936,1.5938,1.8533
TIC_146208651,0.0,133.457689207426,-48.8125930675627,2.5695749892807696,268.3627849258309,1.2325,1.4331
TIC_146244533,0.0,133.542119164146,-48.0728168218394,2.05140901146269,267.83139948639,0.595,0.6919
TIC_146261607,0.0,123.581929843959,-34.8193425781037,0.10492855619165699,252.77103875510244,0.7416,0.8623
TIC_146434840,0.0,75.360746856187,-22.3822436675387,33.61478776497188,222.9041897257077,0.0261,0.0303
TIC_146463781,0.0,123.8855590592,-31.5568183520724,1.9177226887856536,250.19813801660598,0.5356,0.6228
TIC_146467675,0.0,76.0819105158503,-20.7312657798347,32.43986110879279,221.30607327662574,0.0254,0.0295
TIC_146836153,0.0,124.319243796772,-30.6328350711632,2.7411117870888067,249.6375941807762,0.3866,0.4495
TIC_146846569,0.0,160.891372718662,-44.6223867523195,12.537936310054748,280.2235456351861,0.1496,0.174
TIC_147340931,0.0,162.916876821553,-44.9847071078511,12.892438361437916,281.69878050807694,0.1331,0.1548
TIC_147576037,0.0,144.341553043348,68.4586574715858,39.835714985381486,143.92288533984674,0.0915,0.1064
TIC_147660201,0.0,163.909423291787,-42.849357099734,15.120713368333485,281.36404119516726,0.2012,0.2339
TIC_147895461,0.0,163.757827863299,67.0436291426154,46.31696331513936,138.87335730092272,0.0117,0.0136
TIC_148233571,0.0,101.346537464341,-41.249182501072,18.560942731748554,250.4815827904551,0.0981,0.114
TIC_148659924,0.0,114.864448621227,-32.9037709696093,5.295063954104882,247.36963334716296,0.6755,0.7855
TIC_149126400,0.0,81.0241989608288,-63.0279345754661,33.81563233454673,272.4849662545662,0.0428,0.0498
TIC_149282072,0.0,279.147082813179,16.4524249750558,10.626677506351582,46.0907204336998,0.3009,0.3499
TIC_150271680,0.0,94.7543934828676,-63.8645175687779,27.686567099962655,273.42799650087414,0.0419,0.0487
TIC_151728428,0.0,304.882612620484,-8.29836151498957,23.331200373097143,35.47516086618214,0.0579,0.0673
TIC_151930063,0.0,119.619184652376,-35.6645727359927,3.2879589589619425,251.7430503807457,1.9369,2.2522
TIC_151959065,0.0,168.998514235153,-36.4594031734337,22.55987782895004,282.3036170957583,0.0859,0.0999
TIC_15247229,0.0,306.730819562258,38.9322603525069,0.36514050755441174,77.58620791115325,2.3837,2.7718
TIC_152714791,0.0,304.628833033987,-30.6487873722408,31.091848793654837,11.837286980024412,0.1019,0.1185
TIC_153027658,0.0,48.726283782502,-44.9617561652522,56.360610789661024,254.48218130586656,0.0141,0.0164
TIC_153651591,0.0,121.00928462032,-26.1657033615802,2.7368451214050142,244.30005828352748,0.2578,0.2997
TIC_154459165,0.0,122.034505896816,-28.0660925452483,2.487989867669046,246.3955918311835,0.4022,0.4676
TIC_154867950,0.0,188.360492875814,84.6791459951992,32.4318418611186,123.4257239583666,0.218,0.2535
TIC_154927364,0.0,207.874828727292,84.0715803263222,32.84237452592864,121.10675887092017,0.1009,0.1173
TIC_155005217,0.0,345.243835423342,42.5493175561846,15.819587694463266,102.14281051631765,0.2164,0.2516
TIC_155114483,0.0,345.748383811547,44.5648873411419,14.148540888048483,103.36937496921973,0.2018,0.2346
TIC_15565627,0.0,307.016678278367,39.8771895281,0.7357776069405456,78.48308019503884,6.9956,8.1344
TIC_155807906,0.0,123.825674674767,-29.2316279368838,3.165655677822072,248.23355528915528,0.3592,0.4176
TIC_155947004,0.0,227.305781603098,44.7009883915536,57.39587401533233,74.67457107841764,0.0155,0.018
TIC_155995204,0.0,7.65854607582995,-52.0493754273401,64.77421489821127,310.44804634445205,0.0116,0.0135
TIC_156678143,0.0,71.7934551021628,37.7127859527434,4.8406570597738146,165.77944271367224,0.6988,0.8126
TIC_156816238,0.0,140.46209946701,38.618977807114,45.14489633946895,184.28940990281387,0.0149,0.0173
TIC_15682927,0.0,306.988845840964,37.1463556444679,0.8397897542874052,76.25242269273228,3.0712,3.5712
TIC_156991337,0.0,99.9538772051992,-42.045276678691,19.808821456861477,250.90441110666927,0.0741,0.0861
TIC_157528286,0.0,106.633123962372,-38.0545131438468,13.588698761173358,248.99736935058036,0.1365,0.1588
TIC_157568289,0.0,106.767428913132,-36.7708344393807,12.965923263126461,247.83884842098476,0.3272,0.3805
TIC_15827263,0.0,280.505821320782,17.3108212980108,9.821218273709647,47.445861382143974,0.3627,0.4217
TIC_158551257,0.0,287.570603653308,43.5317498322526,15.133402721132864,74.47123221223009,0.0649,0.0755
TIC_158916431,0.0,269.990005810526,29.6552115296693,23.445400146196622,55.499538103348996,0.0466,0.0542
TIC_159334269,0.0,233.694826371903,79.4498026749468,34.859433367317635,114.54213461362106,0.0269,0.0313
TIC_159510109,0.0,247.535191204545,80.3074790983941,32.41937648688811,113.56679134063681,0.0461,0.0536
TIC_160162987,0.0,242.364092361313,84.4909060089927,30.62138476199274,118.06526072816303,0.1087,0.1264
TIC_160268701,0.0,182.539366127525,77.3522456660139,39.541382723487565,125.84755027100253,0.0733,0.0852
TIC_16102323,0.0,307.336600620712,37.5085803774646,0.8522958455853881,76.70801342614227,1.6619,1.9324
TIC_161156159,0.0,190.132458141375,-48.7409044536785,14.091576384304714,301.07813126049564,0.1258,0.1463
TIC_161450762,0.0,309.275852109022,32.4710192881997,5.119954542279913,73.59112460463109,1.0962,1.2746
TIC_16187321,0.0,307.377002279032,36.9707954129334,1.1937203565146615,76.2912012616287,1.8368,2.1359
TIC_162246865,0.0,168.871609629255,-44.4288819440524,15.157107371965427,285.42722022530256,0.0965,0.1122
TIC_162577466,0.0,243.935950929991,48.3254369570697,45.4286478665323,75.4485429552476,0.0086,0.01
TIC_162729620,0.0,170.889883634059,-45.6470597320176,14.533099284647944,287.25697374214616,0.0875,0.1017
TIC_165523947,0.0,316.813887850521,40.1671873273063,4.918497980600074,83.4225492336191,0.7511,0.8733
TIC_166184426,0.0,206.104235507078,-40.3367126539674,21.42008173173121,313.7446121657865,0.0664,0.0772
TIC_166190643,0.0,317.541055884345,38.2395846103521,6.633784444719783,82.37273068613636,0.2744,0.3191
TIC_166697854,0.0,35.737343756543,-53.0702282374256,59.00061508541902,275.9609505553869,0.0277,0.0322
TIC_167009792,0.0,95.1016831137145,-66.400697043063,27.771311274251236,276.29642495883,0.0485,0.0564
TIC_167031605,0.0,93.9210236203322,11.8326314337029,2.3980160660644683,198.33258504236994,0.6877,0.7997
TIC_167098530,0.0,318.626814681565,40.016684809058,6.038211308054564,84.2584536364267,0.5555,0.6459
TIC_167418898,0.0,99.6095152377109,-67.6561731800613,26.163199858563388,277.915385123456,0.0519,0.0603
TIC_167754523,0.0,104.181646593159,-60.6869882693656,22.801821852030027,270.8627415139522,0.1478,0.1718
TIC_168871868,0.0,65.1006524538832,-31.081569403312,44.598905315419586,230.95735956614124,0.0382,0.0444
TIC_169177766,0.0,297.3000296038,41.3268399234953,7.726399581172494,75.71819732266538,0.3688,0.4288
TIC_169187982,0.0,297.295920388111,38.8572391156711,6.505356755645788,73.55486660502334,0.3192,0.3711
TIC_169532369,0.0,78.0988756232784,-13.6056145695827,28.005477806516115,214.47264861816626,0.1072,0.1246
TIC_17005768,0.0,20.6105697550288,26.9257488919661,35.434540871220825,131.4189289228188,0.0729,0.0848
TIC_170103435,0.0,101.397604517382,-46.5656822999027,20.287368365602568,255.8140729223377,0.0762,0.0885
TIC_1001477809,0.0,213.806242,67.760539,47.446284926776286,111.39064858218083,0.0203,0.0236
TIC_1100766816,0.0,238.501017,19.596887,47.65699207885616,32.77623142714868,0.0345,0.0401
TIC_1400212743,0.0,267.354593,40.457105,28.48336079141403,66.40207080728474,0.0411,0.0478
TIC_161687209,0.0,236.054241,58.553688,46.67779504247636,91.56829896391191,0.0138,0.0161
TIC_1717732429,0.0,282.474539,55.26639,22.218443977476376,84.9475609082314,0.04,0.0466
TIC_1965256662,0.0,308.561885,35.395204,2.896628722707075,75.58570374330793,1.0877,1.2648
TIC_1976308113,0.0,314.895323,52.396406,4.1969162616569715,91.68931232280553,2.6905,3.1285
TIC_1979500576,0.0,314.040517,57.708367,8.007118927685347,95.44464739867283,0.7095,0.8251
TIC_2041563029,0.0,346.517442,43.898633,14.983028859814873,103.60308339120513,0.243,0.2825
TIC_258777134,0.0,286.74788,71.7136,24.45760495864426,102.81701617697891,0.1265,0.1471
TIC_286696848,0.0,72.799655,50.096898,3.6592889723012045,156.7354488713755,0.7628,0.887
TIC_365683032,0.0,312.179957,51.910696,5.1652418477728315,90.24454069171694,1.0975,1.2761
TIC_387664868,0.0,323.550356,50.481865,1.001070745845601,94.07934971096779,1.2735,1.4808
TIC_841226527,0.0,150.891937,67.990378,42.12440319180875,142.6800848301005,0.056,0.0651
