host,label,status,elapsed_s,multi_transit_depth_chi2red,n_transits_used,power_ratio_half_period,power_ratio_double_period
1RXS_J160929.1-210524,1,Success,28.822330236434937,4.261991792399552,2,0.42300111814241576,
14_Her,1,Success,38.57089114189148,1.7712970407272874,16,0.40720656020499263,0.277879594110041
16_Cyg_B,1,Success,42.02476525306702,1.6675004327154404,5,0.6846386056463628,0.6090395708879454
2MASS_J01033563-5515561_A,1,Success,20.95101284980774,7.515571859824137,16,,0.25420432208967286
17_Sco,1,Success,79.98336386680603,36.70691321030296,3,0.5509144235556338,
14_And,1,Success,91.50196290016174,65.76792120593443,15,0.19090276675256748,0.4564454772065087
11_Com,1,Success,94.77236771583557,41.20863594187612,9,0.13565118409235494,0.3291278558945667
18_Del,1,Success,95.11948323249817,41.72624057482191,9,0.49679186149764515,0.6973203398562872
2MASS_J0249-0557_A,1,Success,10.636977910995483,7.863326641003114,10,0.6409123929157703,0.9756756990211023
2MASS_J04414489+2301513,1,Success,13.617977857589722,,0,,
2MASS_J04372171+2651014,1,Success,22.049445867538452,2.053861316516968,12,,0.3049793975482197
2MASS_J01225093-2439505,1,Success,60.42823815345764,6.355265408407663,2,0.3743799964093046,
24_Sex,1,Success,85.53529405593872,31.80759081309585,2,0.643285653280953,
2MASS_J02192210-3925225,1,Success,53.86015486717224,1.1782182026870578,2,0.5179631304753303,
2MASS_J11011926-7732383,1,Success,30.731975078582764,0.9814553530359665,19,,0.2965847975950908
11_UMi,1,Success,151.46296191215515,840.0449600093287,4,0.190675930024888,0.45697620053491383
24_Boo,1,Success,128.34222197532654,90.60949675394862,9,0.41421931686325414,0.09342939987745418
2MASS_J16262785-2625152,1,Success,42.70590806007385,20.457940763567738,15,,0.4381804323279437
2MASS_J21252752-8138278,1,Success,35.42930483818054,180.5097422501379,31,,0.04371236420678476
2MASS_J11550485-7919108,1,Success,93.00179100036621,0.1389278603473471,2,0.22345334728062782,
2MASS_J03590986+2009361,1,Success,117.56538105010986,25.70966623184239,4,0.5907672011451887,
51_Eri,1,Success,36.028213024139404,85.8869850628299,30,,0.41607222315793096
2MASS_J22501512+2325342,1,Success,109.41115593910217,39.92104599888671,32,0.337294653137959,0.8552124259083272
55_Cnc,1,Success,48.870938777923584,1.062991862252981,34,,0.3492497761826482
47_UMa,1,Success,133.9541518688202,1.0190152624977775,10,0.9983179571584232,0.9984196396734986
2MASS_J12073346-3932539,1,Success,182.50475907325745,8.87243585143266,7,-0.025000028340330754,0.12178294806895831
4_UMa,1,Success,132.27983403205872,290.917892368691,3,0.5903449420855198,
70_Vir,1,Success,12.961652040481567,1.9285108288375998,6,,-0.031486297148763824
61_Vir,1,Success,28.147826194763184,2.1748636159195907,7,0.19135425956872404,0.26011801889570113
51_Peg,1,Success,159.87514185905457,0.5969935860817852,29,,0.33648196811671843
55_Cnc_B,1,Success,126.9079201221466,1.0575424958871447,34,0.38628246087149526,0.5157453528121226
7_CMa,1,Success,83.57652306556702,31.592583673566914,12,0.838965966104031,0.6861038327391944
AB_Aur,1,Success,13.530125856399536,133.82460484134154,3,0.9475550652028103,
75_Cet,1,Success,102.64067697525024,124.66013246350646,18,,0.6555600284371506
6_Lyn,1,Success,134.8938159942627,32.51055950092011,2,0.16271021047517317,
AF_Lep,1,Success,42.9925262928009,662.7045075085156,3,-0.09800219840678104,
AB_Pic,1,Success,50.38017797470093,342.99375145032826,7,0.40033910199666356,0.5062079910279097
2MASS_J19383260+4603591,1,Success,321.13247203826904,0.2819965077121543,205,,0.76710353546453
91_Aqr,1,Success,86.63143301010132,0.27880612653988657,2,0.07377193480050417,-0.026034393379990355
8_UMi,1,Success,137.09534811973572,63.11460760265932,21,0.469635731612423,0.7235585908099922
BD+05_4868_A,1,Success,15.185791015625,22.699711275212053,14,0.054860193457683816,0.35134018199138173
AU_Mic,1,Success,50.325947999954224,457.6507383053373,5,0.3761036172459701,0.4810198687852821
BD+14_4559,1,Success,35.22614789009094,3.1610966602092683,10,0.780106184067753,0.3953087130737692
BD+15_2940,1,Success,47.46746110916138,10.07001625994916,3,0.05677811261237994,-0.011821781351821116
BD+20_594,1,Success,40.44593000411987,2.6827848394634763,19,,-0.05756149190505894
2MASS_J22362452+4751425,1,Success,419.0518367290497,0.44866747573402554,5,-0.02444372755890661,0.4812924442405839
BD+20_2457,1,Success,114.03347826004028,254.15562980738505,5,0.414721408601804,0.6160632116656346
BD+20_274,1,Success,103.06354522705078,5.532925993986131,2,0.8032148193546228,
AT2021ueyL,1,Success,181.23059797286987,0.4962132775419284,15,,0.18439955000544025
BD+15_2375,1,Success,140.6314880847931,5.776873769340899,23,,0.2694702347042808
BD+55_362,1,Success,3.437649965286255,28.759061355242252,7,0.4125296498023401,0.25969205831806347
BD+42_2315,1,Success,71.35828518867493,5.035005940006535,3,0.0999747530036982,0.7366610555326935
BD+45_564,1,Success,41.752676248550415,0.6287660947866132,3,0.24926459508113508,
BD-06_1339,1,Success,41.149213790893555,6.110321390724281,39,,0.43094195968814436
BD-08_2823,1,Success,37.58802890777588,4.498516811400501,10,0.14036078368908092,0.5186678815165532
BD+63_1405,1,Success,61.42243313789368,14.761686448108915,38,,0.025873436234356895
BD+60_1417,1,Success,68.92830014228821,8.886812928105694,2,0.34698362834754354,
BD+48_738,1,Success,100.22302794456482,18.020443748260494,10,0.35585157819173496,0.7577303858438936
BD-14_3065_A,1,Success,16.486763954162598,3.4739691464301763,6,0.5227324018442066,0.5108329070909242
BD-10_3166,1,Success,41.71916079521179,0.9801477537672713,35,,0.0708789018072512
BD+49_828,1,Success,108.11719918251038,7.046726905091743,22,0.20848543301149172,0.42843797997687266
BEBOP-4_A,1,Success,12.520933151245117,,1,-0.10075604159399855,
BD-11_4672,1,Success,49.75040912628174,6.051495108398079,2,-0.2898097058871297,
BD-210397,1,Success,31.717323064804077,17.295315282004683,4,0.5983025040818837,
BEBOP-3,1,Success,31.48867392539978,1.5954147442402753,4,0.3349898825622878,
CI_Tau,1,Success,20.576219081878662,698.4143012591477,4,-0.0466061691268598,0.9997495022090179
CD-35_2722,1,Success,46.70431900024414,640.8846105323577,2,0.5889056160969499,
CT_Cha,1,Success,17.38327717781067,29.12346093605133,10,0.4446079329248819,-0.014942849880138559
CoRoT-1,1,Success,31.857075929641724,1.4499095495366994,13,0.480743410082263,0.5308638493084422
BD-13_2130,1,Success,119.76272583007812,2.631242678074558,24,,0.6643169731117687
COCONUTS-2_A,1,Success,66.9966459274292,70.60499697930497,4,0.2642899955930333,0.6779615228552787
CoRoT-10,1,Success,45.256967067718506,1.3156188651495078,15,,0.5701737778857384
CoRoT-11,1,Success,26.958611965179443,0.7957530836048402,5,0.21204920307322536,0.4609178327405877
CoRoT-12,1,Success,34.45917510986328,0.4423828012312922,7,0.44228864476407337,0.5020265030722473
CoRoT-13,1,Success,49.164896965026855,0.6585972217152621,5,0.7905557411539695,0.423495817883061
CoRoT-14,1,Success,35.418123960494995,0.6053540740646104,14,0.49158122246758534,0.23890122206483966
CoRoT-16,1,Success,35.4459547996521,1.3877568544022025,16,,0.4989953886387434
CoRoT-17,1,Success,33.907371044158936,5.485864540164684,9,,-0.19019921710230817
CoRoT-19,1,Success,18.80874490737915,0.3417165942052862,6,0.4305429269317051,0.32574184656095995
CoRoT-21,1,Success,18.426221132278442,0.8378591933845034,12,,0.29748263908558076
CoRoT-18,1,Success,40.81709575653076,1.5394752763729531,10,0.38960954024709893,0.7562293445635432
CoRoT-2,1,Success,38.26705193519592,5.216301126031497,7,0.28017110029358744,0.3282200015376693
CoRoT-20,1,Success,45.9166419506073,0.4588187086457345,3,0.259202153552899,
CoRoT-23,1,Success,27.445995807647705,1.3303565449108912,8,,0.07557614271561512
CoRoT-22,1,Success,39.78203296661377,4.4536344973560755,5,0.17592272623111996,0.8061793914965166
CoRoT-24,1,Success,49.469918966293335,12.371634511286356,3,0.05615680288654847,
CoRoT-28,1,Success,16.893388032913208,3.5973101998171253,10,,0.7643159548729138
CoRoT-26,1,Success,26.174454927444458,0.7679647698029304,10,,-0.024704364006758017
CD_Cet,1,Success,230.88510608673096,69.72267284364911,25,0.04569061173760281,0.7974657331814252
CoRoT-25,1,Success,37.07088804244995,0.8462479785162365,10,,0.15241834673524587
CoRoT-3,1,Success,20.065603971481323,0.5096290733177407,10,,0.4193406890790571
CoRoT-31,1,Success,20.484956979751587,1.6574288296632018,4,0.3739436164644864,
CoRoT-29,1,Success,50.51825284957886,3.7096669320413076,6,0.3077120926732714,0.7434396370902481
BD+03_2562,1,Success,527.6838369369507,2.2547117279926923,9,0.40348520320956555,0.26536143897725145
CoRoT-4,1,Success,32.52102994918823,3.1792764163371157,2,0.23276420057759556,
CoRoT-30,1,Success,57.91771221160889,0.439561262729061,4,0.3955613713201032,0.6453221141162744
CoRoT-5,1,Success,34.25910782814026,0.5631459572404327,5,0.44700605940555554,0.15319796482456416
CoRoT-32,1,Success,64.89345788955688,9.886479218932893,3,0.12915631934496585,
DENIS-P_J082303.1-491201,1,Success,15.599864959716797,0.004700903678991609,3,0.22260464381577852,
BD+37_3172,1,Success,509.109356880188,0.3886514880984226,33,,0.23785118954007606
CoRoT-7,1,Success,40.91868805885315,1.194658727773378,24,,0.31847760279581344
CoRoT-6,1,Success,46.78832006454468,2.29432281641844,8,0.10501372068093948,0.7374664908864508
CoRoT-8,1,Success,47.02308988571167,5.736155251264892,23,,0.22622579372540289
CoRoT-9,1,Success,47.4126091003418,18.6796620846695,15,,0.8325243361166708
DMPP-1,1,Success,25.960625886917114,1.8185940726676522,5,0.22402723609140138,0.8918205533268563
DMPP-4,1,Success,25.096237897872925,1.7710420360511638,6,0.16339183710057598,0.2860691864000465
DMPP-7,1,Success,18.64802598953247,1.9807796112639804,10,,0.5053955357863125
DMPP-6,1,Success,34.73570895195007,1.385004588285676,16,,0.03061106387091838
DMPP-3_A,1,Success,47.83564591407776,1.8046935241083362,35,,0.18572873166782716
DMPP-8,1,Success,28.490281105041504,0.9140215161492591,5,-0.16818487844482938,0.8344713030579081
DMPP-9,1,Success,44.97035193443298,1.6923761195745768,23,,0.2892381330229159
DE_CVn,1,Success,118.2699031829834,1.8006336084973071,54,,0.35989570089981104
DS_Tuc_A,1,Success,54.751116037368774,757.7942684129483,3,0.559044234513152,
EPIC_201427007,1,Success,34.34696888923645,1.256515932321422,5,0.24812098600538024,0.22828943114989403
DH_Tau,1,Success,158.61736607551575,,1,0.19157275009930708,
EPIC_201595106,1,Success,51.716814279556274,1.1132540095033365,7,0.7070242398242405,0.02308323034362715
EPIC_201170410,1,Success,133.35095810890198,1.666502113277722,8,0.2909463167629991,0.8549335133852561
EPIC_201497682,1,Success,87.73585915565491,3.2174323184064173,46,,0.1008590925246594
EPIC_206024342,1,Success,25.22827386856079,15.442056774376486,2,-0.06448081962311944,
EPIC_201757695,1,Success,82.1574490070343,0.12262557877277677,3,-0.08942197797114768,
EPIC_201238110,1,Success,142.12064170837402,7.389602903353582,12,,0.6366822111903224
EPIC_206032309,1,Success,50.388829946517944,1.5387781569003818,30,,0.14185945485921259
EPIC_201841433,1,Success,69.3423421382904,2.510585274631909,58,,0.3045164218578442
EPIC_206317286,1,Success,38.46776795387268,3.791919595218014,4,0.41137488806302247,-0.11044192992517506
EPIC_211945201,1,Success,28.332351207733154,1.5284600495298777,13,,-0.1956676089095687
EPIC_206042996,1,Success,55.98568415641785,0.5262868460053384,14,0.45480047336573526,0.4164709471409724
EPIC_212424622,1,Success,30.970427989959717,1.042864112600369,5,0.09364097686330548,-0.2355885166719976
Barnard's_star,1,Success,619.0265762805939,0.7599500325594171,132,,0.6388112920188881
EPIC_211822797,1,Success,82.65913915634155,3.9184627312198037,53,,0.4447629247693537
DMPP-2,1,Success,321.74510407447815,0.3603894846769835,11,-0.12000803328486971,-0.09346862763705269
EPIC_212499991,1,Success,55.56596398353577,,1,0.052971971110754815,
EPIC_212624936,1,Success,39.70017981529236,1.4007048529711645,19,,-0.1727915917748408
EPIC_212737443,1,Success,46.07077598571777,4.438608505165315,4,0.8658738315133169,
EPIC_220492298,1,Success,47.87209510803223,1.3559871568315498,21,,-0.024691161655414535
EPIC_229004835,1,Success,35.566176891326904,0.7473302322669846,37,,0.32424244446384143
EPIC_249893012,1,Success,22.540069818496704,0.4979087410884926,5,0.6278765809014872,-0.1876572010474079
FU_Tau,1,Success,11.690057277679443,67.42164661551222,3,0.5604724069786184,
EPIC_212587672,1,Success,154.83104991912842,1.4159554694861551,8,-0.042131621673374475,-0.17164036841005942
EPIC_248847494,1,Success,119.5414206981659,2.4047200132949267,30,,0.6565944263543724
EPIC_246851721,1,Success,152.38462209701538,0.18059003819129804,5,0.052368456186217785,0.44664716264790977
EPIC_228836835,1,Success,170.28692078590393,3.1407083445176607,16,,0.7860121905985231
EPIC_220674823,1,Success,188.96541285514832,0.5007058440680324,23,,-0.02942948590082319
GJ_1061,1,Success,138.56105709075928,0.9290252724916706,12,0.2002852441082339,0.10330627520911324
GJ_1148,1,Success,91.10365009307861,0.13285082293679756,6,0.22848783896802,0.6521374839560758
GJ_1252,1,Success,103.00609397888184,0.6190477273680567,45,0.6124667782830256,0.6311226259173482
EPIC_212297394,1,Success,374.5866687297821,0.5560804661046226,31,,0.02584160628406384
GJ_1132,1,Success,160.24023294448853,0.6853205186483984,14,0.513098340765784,0.37268555753502003
GJ_1151,1,Success,145.89879298210144,0.013886204654243884,2,0.20176643192314445,
GJ_143,1,Success,78.9133288860321,98.99077025017476,2,0.5184195420145129,
GJ_160.2,1,Success,57.37207913398743,0.2246038156888181,3,0.37647528123849694,
GJ_15_A,1,Success,70.63808989524841,0.25372116207457013,5,0.20994203422273688,0.07024331730040634
GJ_163,1,Success,53.922810792922974,0.2523706299875878,14,0.3155828954213769,0.6468921225748976
GJ_1289,1,Success,112.91510009765625,3.8064915813871174,4,0.22091312989770032,0.23029923134796018
GJ_2126,1,Success,3.506627082824707,5.556266311334924,2,-0.1648473715650414,
GJ_2030,1,Success,20.689385175704956,2.314412814395147,8,,-0.42990785231038886
GJ_2056,1,Success,41.618243932724,1.15148489605715,20,0.17586530645032963,0.06167505963687864
GJ_229,1,Success,63.2650420665741,5.879896623559298,4,0.8153518865870703,
GJ_180,1,Success,90.70709109306335,1.0154043224028533,20,0.15732854035251626,0.10888100951067128
GJ_179,1,Success,104.04537320137024,0.302739196182733,2,0.3726457727162406,
GJ_251,1,Success,76.5461151599884,1.6418971128511621,70,,0.6938484906914373
GJ_238,1,Success,117.92606496810913,,0,,-0.03389423319731437
GJ_3021,1,Success,50.98890805244446,91.49110605338159,3,0.5922400927484641,
GJ_27.1,1,Success,96.51743817329407,0.9433019602884231,4,0.3436057272596615,
GJ_273,1,Success,94.34832978248596,8.885415451425894,3,0.12633184387948918,
GJ_3082,1,Success,90.5818932056427,1.516710063088164,7,0.2963421726111884,0.2146595128587221
GJ_3222,1,Success,25.981031894683838,8.160458780118114,4,0.48838627198666595,0.24811047778562312
GJ_3138,1,Success,64.13916993141174,0.11944336637355661,4,0.10598168173270281,
GJ_3090,1,Success,90.56899785995483,1.663920789474134,8,0.27477334139188697,0.6025382189242007
GJ_317,1,Success,73.791344165802,11.751519747319891,4,-0.16921402056309223,
GJ_328,1,Success,36.421594858169556,13.68918321426787,41,,0.31259456953564174
GJ_3293,1,Success,92.61570382118225,4.016317638200565,3,0.9859697421470697,
GJ_3341,1,Success,102.2712950706482,0.07730700852367603,2,0.21847492144117533,
GJ_3378,1,Success,104.90875291824341,1.9801478281105909,12,0.6250740691576651,0.47918116220163065
GJ_341,1,Success,69.05534791946411,,1,0.4228240491849982,
GJ_338_B,1,Success,128.4924590587616,66.52703719106992,2,0.21173732921709595,
GJ_1002,1,Success,691.0065269470215,1.1702085822156776,22,-0.00831048061284521,0.3319772364869412
GJ_3473,1,Success,98.59298086166382,1.2651270531619978,19,0.5858808196317633,0.598091088382104
GJ_357,1,Success,76.27532505989075,0.34454289912088776,5,0.4143577209567301,0.4062048348828581
GJ_3634,1,Success,80.22076272964478,1.1042066543559372,11,0.8689034566409316,0.6496370645518961
GJ_367,1,Success,97.89686727523804,,0,,0.2888220516168189
GJ_3779,1,Success,96.56882786750793,2.5750018990958146,4,-0.024630270079556486,-0.21030498821574495
GJ_1265,1,Success,691.8694767951965,1.006966725446976,130,,-0.02085910876623316
GJ_3929,1,Success,89.03060793876648,0.4892076438275471,8,0.49970906745411675,0.4889433509845394
GJ_3942,1,Success,51.83925914764404,3.2613272669885927,2,0.059510114805046824,
GJ_411,1,Success,86.63169598579407,2.467438240852025,7,0.5397993413057425,0.47623338506461715
GJ_3323,1,Success,441.90267610549927,15.33398398480386,3,-0.018424124708649084,
GJ_3470,1,Success,323.3090476989746,0.02302330716610648,4,0.8784263797007917,
GJ_414_A,1,Success,69.23789381980896,0.8495973015699719,12,0.21961532517167595,0.8477302090920559
GJ_3512,1,Success,329.09534883499146,,0,,0.33710141618013456
GJ_433,1,Success,45.48825693130493,0.39435157595585135,8,0.09953875903534347,0.39339811421007065
GJ_422,1,Success,76.64978361129761,1.169763130553595,8,0.8583139822685893,0.48266319397265567
GJ_4276,1,Success,85.70333003997803,8.020181507238396,5,0.5387398517271996,0.8137474383976875
GJ_3988,1,Success,203.1688151359558,13.788766053031923,83,0.3564122563180646,0.34892568700591076
GJ_480,1,Success,50.756813764572144,3.613210337875839,2,0.13325329065323802,
GJ_463,1,Success,65.30613994598389,1.189919064264153,4,0.244197884079322,
GJ_436,1,Success,82.34064674377441,16.753994101684512,5,0.5116954953456799,0.10401154616013181
GJ_504,1,Success,38.0962598323822,7.519792703704097,2,-0.3832557842172331,
GJ_393,1,Success,269.9267210960388,9.205266303005322,3,0.9892221606531875,
GJ_508.2,1,Success,44.89901304244995,3.1988074034908283,4,0.11722556743384377,
GJ_486,1,Success,87.53754115104675,1.3744153809240214,13,0.3371335741666398,0.39038838177921964
GJ_514,1,Success,59.48580884933472,9.112643458632125,3,0.15479403325258953,0.5169143884592201
GJ_676_A,1,Success,34.71506690979004,1.7993431138356937,46,,0.21729232772177384
GJ_649,1,Success,70.14609885215759,12.679526006896747,3,0.3591861505000046,
GJ_674,1,Success,72.06471991539001,3.1625450599909555,2,0.01175722286981062,
GJ_625,1,Success,92.2166588306427,0.26388636281099204,7,0.4837064348813615,0.32474048818592066
GJ_685,1,Success,82.96124386787415,6.732423475497448,3,0.09553222190213102,
GJ_682,1,Success,92.46209573745728,2.1551507140640567,3,0.5835151864755698,
GJ_536,1,Success,219.6989197731018,0.30075801522297074,3,0.0868724207363176,
GJ_687,1,Success,111.95971202850342,2.918902448835189,3,0.7356901902973494,
GJ_740,1,Success,40.942877769470215,1.1010107177568464,9,0.33805467200474565,0.3915264114992875
GJ_720_A,1,Success,65.02103877067566,0.6681433474440847,8,0.5072131749298551,0.2202596962794869
GJ_724,1,Success,71.8974277973175,4.797436711665311,4,-0.10617195348190069,0.6001292098177156
GJ_581,1,Success,277.75649070739746,6.431820766335858,5,0.07216091193119459,0.19816806782079138
GJ_86,1,Success,48.44926476478577,1.0675590371207624,17,0.1823509429978823,0.5099840385271827
GJ_832,1,Success,72.05481195449829,4.0452890850563525,3,0.9046210712719912,
GJ_806,1,Success,111.68176484107971,1.0638876256769794,28,0.3413338489098616,0.3591777962131343
GJ_849,1,Success,165.95021724700928,0.6912422628950944,14,0.26220775959006576,0.09971426305637729
GJ_887,1,Success,112.5434980392456,0.9760189580217845,20,0.4394477709791256,0.07108313213262463
GJ_876,1,Success,146.3924720287323,9.784613069109634,3,0.4196704456502589,
GJ_9404,1,Success,62.74300694465637,2.807777616627244,19,0.2568676061763775,0.8636701893323889
GJ_96,1,Success,70.54780006408691,2.5594567080268846,8,0.4488225680604633,0.0505448309787898
GJ_680,1,Success,431.2494640350342,4.328831473322638,3,0.9910131841027596,
GJ_4274,1,Success,691.1773130893707,19.356358884390367,3,0.43206885511467336,
GJ_900_A,1,Success,228.40967893600464,14.955411058055214,2,0.7857097725248161,
GJ_9689,1,Success,75.20048427581787,1.201831764894001,5,0.04670763921838139,-0.13262581200835138
GQ_Lup,1,Success,13.143236875534058,38.27398393040973,2,-0.11724629187990339,
GJ_9714,1,Success,78.9762692451477,109.96515402076837,2,0.30961774927861846,
GPX-1,1,Success,42.21769309043884,1.364146906451052,16,,0.18737074182972294
GJ_9773,1,Success,101.9969551563263,1.2678559039309685,15,0.33377482029672273,0.3212424918376344
GJ_9066,1,Success,204.0110740661621,31.20454616805556,2,0.21799602672941937,
GU_Psc,1,Success,51.61047601699829,2.9560621615443017,18,0.7463948006888503,0.6532201310346432
G_196-3,1,Success,83.0368320941925,359.3995970865674,3,0.5080318148704794,
G_264-012,1,Success,99.89662194252014,73.9924849480173,44,0.26071146804008427,0.04885854342010694
G_268-110,1,Success,123.11481499671936,1.210751799793245,10,0.8832686543670673,0.4034814076903885
Gaia-1,1,Success,41.52754592895508,1.7040601165741784,6,0.564301463385319,0.41714045191498494
G_192-15,1,Success,196.24898290634155,2.2989661309138403,143,,0.5774813286593705
Gaia-2,1,Success,41.71695590019226,14.590865857452217,4,0.04958521423682157,0.2884665520080028
GJ_9827,1,Success,246.7503638267517,0.5079702790671095,14,0.2903482899341415,0.5558008464886066
G_9-40,1,Success,123.40761017799377,0.375235044723202,4,0.4220495243647714,0.36341729453156973
Gaia-4,1,Success,56.05534482002258,3.239205723937308,6,0.6013426705010296,0.9534404364141916
GJ_896_A,1,Success,505.75775718688965,135.86520436910922,6,0.28736484415045743,0.29610856092165144
Gl_378,1,Success,64.69187617301941,3.264537778508691,5,-0.13664836258059554,-0.18017051247734034
Gl_49,1,Success,57.10035586357117,25.16948971542961,4,0.6523573096819586,
Gl_410,1,Success,75.05875563621521,390.55516575358615,2,0.3267274444820027,
Gl_686,1,Success,60.746350049972534,0.7949143140360612,7,0.1336422736317823,-0.031442632917651
G_261-6,1,Success,274.42254114151,0.8951135974053288,6,0.2724690704710236,0.3196908437218546
Gl_725_A,1,Success,63.18425798416138,1.3588700578453565,67,,0.7662741017460245
HAT-P-13,1,Success,31.525163888931274,35.530866968399415,4,0.774937776849358,0.08373152220617128
HAT-P-14,1,Success,38.696088790893555,0.5867179161192517,6,0.25532823022502327,0.37252238534871523
Gaia-5,1,Success,156.89852690696716,0.9810706072176204,6,0.31952526540222204,0.1656266258856275
HAT-P-12,1,Success,60.22045016288757,,1,0.1722876174683102,0.9381662614830681
HAT-P-11,1,Success,76.86673712730408,5.331299979313817,2,0.2001366883816648,0.5345338663547908
HAT-P-15,1,Success,42.050337076187134,1.241881326600577,2,0.24383031732786736,
HAT-P-16,1,Success,35.97087597846985,0.8138368833400453,4,0.19315537724972784,0.539301218099443
HAT-P-17,1,Success,42.383540868759155,2.8881292199853905,2,0.07325891430305635,
HAT-P-18,1,Success,54.026164054870605,,1,0.1607490322938285,0.2270527673074184
HAT-P-2,1,Success,37.01058578491211,11.183117147895222,4,0.06172662813990266,0.1604011773983572
HAT-P-21,1,Success,46.009849071502686,1.9733194107959178,5,0.38507697052543705,0.32552372946712765
HAT-P-20,1,Success,76.75112771987915,135.15163305466675,4,0.29003692888453714,0.7371227254104056
HAT-P-22,1,Success,49.24225306510925,14.246721515570668,3,0.21821195716365785,
HAT-P-23,1,Success,50.64785575866699,2.3227647823407835,20,,0.2765805652169949
HAT-P-24,1,Success,33.67614221572876,4.385239340414535,7,0.3237319489268913,0.3499536461125309
HAT-P-27,1,Success,30.216845989227295,14.829484442653754,3,0.19687965724533682,0.34646870942059793
HAT-P-25,1,Success,46.750760078430176,0.6433389666662318,5,0.31655180794935406,0.2611928185826933
HAT-P-26,1,Success,46.52462601661682,0.1358483050275999,3,0.48902374297769674,0.33556877797057244
HAT-P-28,1,Success,53.50625491142273,2.7843769167003805,8,0.4554043055328158,0.4047429501868987
HAT-P-30,1,Success,33.86734986305237,2.960634610706512,4,0.3265675416792373,0.9823201800938014
HAT-P-3,1,Success,47.722996950149536,0.6332762040791401,3,0.24831174072869433,0.49946383224086505
HAT-P-31,1,Success,34.339966773986816,0.7646931753482623,5,0.4777557668211137,0.5861687156579004
HAT-P-1,1,Success,283.22991704940796,2.9874422348428613,12,-0.005668214300436131,-0.028338065581644954
Gliese_12,1,Success,313.23227882385254,1.0773052624354322,80,,0.21085596345823737
HAT-P-33,1,Success,38.85366702079773,0.1844861428800734,4,0.5964873175217028,
HAT-P-35,1,Success,29.790125846862793,1.9513827363848328,6,0.2071816351289506,0.7386086393221009
HAT-P-34,1,Success,34.223472118377686,2.90794332897295,4,0.3510418352163882,0.6242742595852094
HAT-P-39,1,Success,24.84265112876892,1.1566740408914502,7,0.45657454878537884,0.5475742637360681
HAT-P-4,1,Success,24.840699911117554,3.449993691804398,7,0.34533520882369245,0.6822379010264914
HAT-P-36,1,Success,62.063380002975464,10.34084825870142,5,0.2507930590998703,0.3300585827775757
HAT-P-37,1,Success,64.09809112548828,5.596097479501912,32,,0.4933907791453636
HAT-P-41,1,Success,21.192941904067993,4.963483818649889,2,0.21512177004433042,0.7455678969936497
HAT-P-42,1,Success,22.319276809692383,1.6683393920996628,4,0.651963911879878,0.10260794748259457
HAT-P-19,1,Success,348.97629594802856,0.19229714609408174,7,0.43837421700543316,-0.016574167377678094
HAT-P-43,1,Success,50.425337076187134,1.832562883648654,6,0.5231811951742277,0.6560440443624485
HAT-P-29,1,Success,225.429532289505,0.4570598211489574,22,,-0.1862614586123985
HAT-P-44,1,Success,60.84728717803955,2.335491755773871,6,0.40782043198850676,0.2319474372473072
HAT-P-45,1,Success,34.16289925575256,3.5955218187510494,5,0.33214558870059224,0.46560554852743
HAT-P-49,1,Success,30.69356870651245,4.179280330800767,9,0.394185091005407,0.519016537007362
HAT-P-50,1,Success,25.33073115348816,1.06665025891126,8,0.5504243111113942,0.22755160849450076
HAT-P-40,1,Success,142.75565886497498,0.9686734764535244,7,0.17162992435100774,-0.07554954503562838
HAT-P-5,1,Success,50.60272693634033,5.065225371622344,8,0.2817929753025401,0.5416642706522025
HAT-P-32,1,Success,248.43936920166016,34.793837624195604,13,0.24070027084438378,0.22382618905786775
HAT-P-51,1,Success,63.68754720687866,1.1181322971953622,6,0.5082607489264381,0.28946511709414224
HAT-P-38,1,Success,220.5228419303894,1.7864757287483386,11,-0.032948555963294136,-0.07617756508450681
HAT-P-52,1,Success,43.15819692611694,2.502121013698528,8,0.5320037100564399,0.49961943918070656
HAT-P-53,1,Success,33.829399824142456,0.6910831950164577,10,0.5245628333138065,0.4183794354332982
HAT-P-55,1,Success,43.43824315071106,0.5175965395090559,5,0.480976083461338,0.6687936428564695
HAT-P-58,1,Success,24.440269947052002,1.6844346774403527,6,0.37976792310162066,0.6252799810744508
HAT-P-46,1,Success,135.41958093643188,1.4687180783156317,6,-0.18729591632990636,0.009156432537994938
HAT-P-56,1,Success,40.72480392456055,1.2453634015511548,4,0.808130385106951,0.15734328667038963
HAT-P-59,1,Success,41.139837980270386,1.1357652871019035,5,0.19448650251957983,0.22440762430799852
HAT-P-54,1,Success,88.85418105125427,3.258626549617488,6,0.38015086440282686,0.33540279222796593
HAT-P-62,1,Success,40.61749815940857,4.0632327893354505,9,0.4826302754476151,0.27452265773959916
HAT-P-63,1,Success,48.158896923065186,0.15614773223406786,5,0.5817484098165313,0.40323779575519475
HAT-P-57,1,Success,97.7488329410553,14.28945246686883,13,,0.9287971197328252
HAT-P-61,1,Success,62.90792989730835,0.48886353516081993,11,0.4637638048600619,0.4653755651972049
HAT-P-65,1,Success,23.47279381752014,0.2029110104970789,7,0.3951406951662668,0.41960103480376615
HAT-P-67,1,Success,26.51025938987732,6.229125158353952,4,0.1960258778699546,0.8293236161180141
HAT-P-66,1,Success,29.539634943008423,1.188374911214597,8,0.24474231240855263,0.2148178446244524
HAT-P-60,1,Success,111.26546382904053,2.356748465214611,12,,0.3705728552492396
HAT-P-7,1,Success,31.778229236602783,2.6237614065116737,12,,0.5001618547579296
HAT-P-70,1,Success,37.08340406417847,3.0033060518431904,3,0.21346969799295948,0.6494149675813841
HAT-P-68,1,Success,78.57652473449707,3.3663948062443745,10,0.4483440190111976,0.47036465523833654
HAT-P-9,1,Success,44.826377868652344,3.4150195767740965,7,0.6717655285048673,0.2420709746160676
HAT-P-6,1,Success,183.66307401657104,5.326500450106268,21,,0.08384869667847202
HATS-1,1,Success,52.57192802429199,11.908478200921376,6,0.2013742230984058,0.43712082133066243
HATS-10,1,Success,45.126875162124634,1.1214193720308778,7,0.5151926497111124,0.19162544347715363
HATS-11,1,Success,29.488412141799927,0.8701368075959852,6,0.34409840696848604,0.43222962515658736
HAT-P-69,1,Success,131.8653461933136,7.830755149147514,8,-0.15786665764030985,0.1204639766514264
HATS-12,1,Success,41.31025218963623,0.9099955772438356,7,0.5645183468691581,0.5253483463598315
HATS-16,1,Success,41.33269810676575,0.7853149515213693,10,0.4843737146794348,0.4725798368579762
HATS-15,1,Success,49.944040060043335,0.5808692869509525,13,0.36686695607619224,0.439298858737216
HATS-17,1,Success,42.44463896751404,19.363757960020465,2,0.34232357343491254,
HATS-13,1,Success,71.21234679222107,4.003876030546604,9,0.6537783609068707,0.5967842339312678
HATS-14,1,Success,69.68875694274902,0.11255197548839496,10,0.5728086884517333,0.5328705573540987
HAT-P-8,1,Success,156.49842286109924,13.060855968336263,17,,0.03422453191624762
HATS-18,1,Success,41.24439811706543,0.7649160353358184,23,,0.2769109428965989
HAT-P-64,1,Success,255.98123383522034,0.2129628160765284,5,-0.05339125824393141,-0.0384911534951607
HATS-25,1,Success,32.44940996170044,0.4371945097334352,3,0.42676455450250184,0.7220931479362785
HATS-23,1,Success,40.94548487663269,1.3041487573757702,11,0.3076355444463712,0.5510252256254887
HATS-26,1,Success,13.111883878707886,1.8140470510235074,7,0.5427331087274735,0.26177088519204433
HATS-2,1,Success,53.813161849975586,1.7020934467905278,15,0.4602281414838134,0.24474399913956207
HATS-27,1,Success,23.550483226776123,1.3613119310305077,4,0.24917258359903924,0.5429957073386765
HATS-24,1,Success,48.14909505844116,6.218007178910421,19,,0.3404316388691744
HATS-22,1,Success,65.20336079597473,3.205988343885377,4,0.328952980267701,0.22015861166445946
HATS-31,1,Success,21.193420886993408,1.5633666729933708,7,0.40299517095737214,0.19185597900806778
HATS-29,1,Success,39.29931282997131,7.930611756480029,19,,0.5208172798367421
HATS-3,1,Success,40.17585778236389,3.509357940953491,8,0.3861975229101958,0.4392015324063942
HATS-28,1,Success,56.141331911087036,0.3943536219118415,8,0.5883177985109818,0.3519718449869016
HATS-30,1,Success,59.473979234695435,1.4090196426377446,8,0.7140989305196642,0.2703168182281147
HATS-37_A,1,Success,9.895086288452148,2.1125420596955236,5,0.3554469284286413,0.4864709383177773
HATS-32,1,Success,50.81553912162781,0.41910185268112193,9,0.4441691996608518,0.3992596874182767
HATS-35,1,Success,27.25503897666931,2.328245572373394,11,0.39624640137616157,0.4198241362192795
HATS-36,1,Success,36.701639890670776,1.0573952252318093,6,0.5122666272811549,0.19553101882361343
HATS-33,1,Success,57.35440993309021,1.4490495449131293,3,0.17425000699582124,0.15319590900194205
HATS-34,1,Success,64.15307402610779,2.2278813963099005,11,0.34740471212029805,0.3820410024117321
HATS-38,1,Success,35.1379451751709,2.1892610290159142,6,0.48954846040259786,0.36019596310274316
HATS-4,1,Success,43.74211812019348,1.1138645718261162,9,0.36447958283031234,0.2762041593057714
HATS-45,1,Success,31.01915693283081,4.889443155354588,5,0.5558251874455769,0.43341329721959154
HATS-44,1,Success,76.76232695579529,0.6713956531646181,8,0.5593569869065904,0.3199739783695712
HATS-43,1,Success,82.07516598701477,1.7352704655065643,6,0.4670265713186334,0.25386629310558156
HATS-39,1,Success,127.88052892684937,1.1626460661091798,20,,0.033954198074715496
HATS-40,1,Success,132.19047808647156,0.513652926284488,6,0.289681308100947,-0.1431592240739522
HATS-46,1,Success,80.88561201095581,1.1798534995443726,4,0.3218249958042963,0.4208085054150106
HATS-41,1,Success,152.50510811805725,0.13279913437749025,6,0.050717638275549974,-0.1223025282242068
HATS-48_A,1,Success,75.25177478790283,0.5772962508772135,8,0.41842078500330165,0.36143266309183597
HATS-47,1,Success,81.86640310287476,0.12034269813296064,5,0.33929366789457827,0.5693220448465823
HATS-49,1,Success,67.28500127792358,0.3654587996802016,4,0.24306342894455907,0.3496010623185429
HATS-50,1,Success,39.19030499458313,0.2609898438336242,6,0.3716661490338009,0.43674177099842215
HATS-5,1,Success,76.0000958442688,0.8276809028553999,4,0.4195496320456814,0.5839911084664512
HATS-53,1,Success,42.99973797798157,0.33184690181740706,5,0.48234322871335555,0.4106334423440867
HATS-42,1,Success,269.7672781944275,0.1463183915211947,6,-0.1154346848979652,-0.016636455058617917
HATS-56,1,Success,90.78630709648132,0.23410562023939244,6,0.37560899009948207,-0.03126089117612071
HATS-59,1,Success,47.289225816726685,0.16831450614408439,4,0.45510021014295626,0.293781859760524
HATS-51,1,Success,211.117684841156,1.610190234529254,5,-0.11456587908161561,0.1558383287829982
HATS-6,1,Success,82.09560918807983,3.2148018204782574,7,0.6473269907183905,0.3145006693006115
HATS-54,1,Success,189.88650512695312,0.19193536078015527,6,0.017578384692612622,0.004812478244386042
HATS-52,1,Success,220.68100023269653,0.5659099481223431,7,0.07487018609164267,0.5126809114371499
HATS-62,1,Success,53.06119990348816,2.956148788244898,7,0.5326667485070034,0.5106852154119703
HATS-55,1,Success,241.05793404579163,1.1820538048756293,12,0.3365705111365903,0.21435242296148127
HATS-60,1,Success,133.0930449962616,0.6983638267449077,12,,-0.05312754266273896
HATS-65,1,Success,47.03593301773071,2.6848632651170523,7,0.3843625192391831,0.48673912712057116
HATS-64,1,Success,87.84512829780579,0.4822143236159965,12,,0.09115355292449907
HATS-61,1,Success,131.4680449962616,1.2340782272156052,17,,0.44393357213020174
HATS-57,1,Success,280.5127692222595,0.5699474898866059,9,0.2518601676827313,0.011313549330189155
HATS-7,1,Success,42.889423847198486,0.4323479015158384,5,0.3928852480623122,0.45661078439622294
HATS-63,1,Success,196.3875961303711,0.29511277944554826,17,0.401272322403006,-0.015140708988395037
HATS-66,1,Success,154.56236290931702,0.04709876086924898,6,0.33448918496995234,0.06924469658828854
HATS-68,1,Success,118.78090524673462,1.3209760081826878,8,-0.31380892922114717,0.41120381017029634
HATS-67,1,Success,155.38156414031982,0.3876907488510612,16,,0.43975448202079725
HATS-72,1,Success,42.342466831207275,0.9761874237504448,2,0.10352975089492295,
HATS-74_A,1,Success,78.49064302444458,1.4003625687457069,13,0.4972712474428272,0.3615983564835191
HATS-75,1,Success,81.81881904602051,0.7584030264767115,7,0.5745868251242296,0.5729719278973668
HATS-71,1,Success,138.56218886375427,2.6355525667998756,8,0.5681081645622161,0.43342357148958405
HATS-77,1,Success,68.66258502006531,0.3499149233857665,6,0.2969618594687556,0.6024419502930805
HATS-8,1,Success,35.78348112106323,2.0005335516811806,6,0.13338905653296482,0.3208124966215208
HATS-76,1,Success,85.55192518234253,0.7465125568337772,14,0.37547844860193813,0.2815086782320282
HATS-9,1,Success,25.164410829544067,0.28234105524906505,11,,0.19145588264065194
HATS-70,1,Success,196.84635305404663,0.5733322326371865,15,,-0.029944391312481028
HD_100546,1,Success,24.05843710899353,111.12858062103902,12,,0.28996162641345596
HD_100508,1,Success,33.79792785644531,2.855324218128384,3,0.09513144192503585,
HD_10180,1,Success,34.47269606590271,1.4231943623626102,19,-0.06710561337202896,-0.051164006088391605
HD_100777,1,Success,40.99551200866699,3.817680012416732,2,0.3160651260328726,
HD_101930,1,Success,34.21044206619263,4.185580728355527,2,0.5013225640210753,
HD_102117,1,Success,31.842525959014893,1.0157579338692493,8,0.61565022282976,0.42104908238036876
HD_102195,1,Success,41.47200894355774,163.22361830791849,3,0.6238220866672602,
HD_102843,1,Success,41.868654012680054,0.646573344580899,25,,0.3491058088726843
HATS-69,1,Success,290.1837797164917,0.569114234776157,20,,0.2683476314674626
HD_103197,1,Success,34.417927742004395,1.154233239976823,12,0.31281673596330417,-0.09446584000615216
HD_100655,1,Success,130.94919300079346,27.64491252591535,13,-0.029983006808326277,0.9349288556952526
HD_102888,1,Success,94.56688618659973,18.016050365387912,16,0.6697870892520237,0.3906537040685935
HD_103720,1,Success,55.53482174873352,65.47649930731262,3,0.4963702731421199,
HD_103774,1,Success,25.982947826385498,1.5791125334052316,2,0.5691592992732946,
HD_103891,1,Success,17.661425828933716,0.5359384080728051,4,0.0323846853593968,
HD_102329,1,Success,117.18922924995422,1.8123378144102846,4,0.5115722802239789,0.21874172655033322
HD_10442,1,Success,15.840575933456421,4.009387306656105,10,,0.07631705178047053
HD_102272,1,Success,130.8382122516632,44.74656648619442,3,0.603426348267125,
HD_104067,1,Success,32.2431640625,0.48837264082629733,9,0.45067189753389136,0.4320483471008149
HD_103949,1,Success,42.728935956954956,5.877789769181054,34,,-0.029109338486820624
HD_102956,1,Success,125.20922303199768,4.789325635222792,19,0.37868586572061486,0.4712639220530627
HD_106270,1,Success,15.243299007415771,0.265878660638829,6,-0.41422505155076794,0.24253621549861015
HD_105618,1,Success,33.646557092666626,1.2593343983111156,6,-0.068872708698283,0.6623739459247484
HD_105779,1,Success,40.215749979019165,4.561604870049336,16,0.1515726800640111,0.18318151301776472
HD_106252,1,Success,38.176058769226074,5.1813833904944335,3,0.1892328054750548,
HD_106906,1,Success,17.446985244750977,0.6255028900555362,3,0.04775362103805695,
HD_106315,1,Success,31.702141761779785,4.6153388230311005,4,0.41226586510515717,0.38658871259795136
HD_10697,1,Success,16.546858072280884,2.477630250953419,3,0.21986891244610468,
HD_10647,1,Success,41.8619909286499,446.5787187517859,2,0.09610202438670945,
HD_108147,1,Success,21.905365467071533,0.8906387390243127,6,0.514265197407872,0.14660704216759043
HD_106515_A,1,Success,50.48351502418518,2.0791529439131318,18,0.28505253333814834,0.7798803579687933
HD_107148,1,Success,38.57590198516846,1.3090541316744062,11,0.7520563998446717,0.10806395552877573
HD_108236,1,Success,40.371185064315796,16.463000146154556,3,0.39686296052475184,
HD_108341,1,Success,30.508178234100342,1.4798221299621859,5,-0.10963297407515035,0.278386465811243
HD_108874,1,Success,35.513413190841675,8.566844816064714,22,,0.162104436415942
HD_108202,1,Success,62.79357600212097,28.87132112506368,5,0.11351455496216846,0.18909152714555866
HD_109271,1,Success,21.368798971176147,3.3096404772530907,4,0.9699963239189158,0.3584624784295365
HD_109246,1,Success,38.80713486671448,1.2350874329258046,7,0.3104472907417751,0.03833240738521985
HD_109286,1,Success,31.43134593963623,115.00386099310123,4,0.28781144547125104,0.2483603731680692
HD_104985,1,Success,142.98223400115967,14.422363472714144,4,-0.08787650508556259,0.2975508069718363
HD_109749,1,Success,31.323657035827637,3.074570941444728,3,-0.06736651082589418,
HD_109988,1,Success,39.977389097213745,1.116059882853515,6,0.2945665881637218,-0.08983777284756828
HD_108863,1,Success,95.94014501571655,0.2066326103562563,3,0.18914459104873235,0.3422489835672502
HD_110067,1,Success,38.55035638809204,0.08063345664478386,2,0.7827991972150888,
HD_110082,1,Success,32.83099126815796,1.20851724083035,2,0.37387670861831607,
HD_11112,1,Success,16.45759892463684,0.22655439426433235,4,0.612077760813248,
HD_111232,1,Success,25.81520986557007,,1,0.5200628356319206,
HD_110113,1,Success,37.21339011192322,1.6275217349080684,9,0.2789058774311279,0.4892049340770426
HD_111998,1,Success,22.672359943389893,3.570991205653425,6,0.08296447089409151,0.37215494624761986
HD_10975,1,Success,97.98967385292053,39.84074404106661,13,0.34871603987472644,0.28899222375169775
HD_113337,1,Success,26.587668895721436,6.44413403198341,3,0.6395386852977193,
HD_110014,1,Success,108.29688000679016,48.9840928141114,13,0.054609941351114466,0.6694488592558216
HD_113538,1,Success,50.08993196487427,0.46541337558002993,3,0.12287922804574199,0.155968453005429
HD_114082,1,Success,39.51028776168823,50.45167429196287,2,0.09132567783366201,
HD_111591,1,Success,112.5982449054718,17.863780656419138,12,0.8021176495117078,0.44129011376568256
HD_114729,1,Success,30.524172067642212,1.052390936197895,17,,0.062244207422603726
HD_114386,1,Success,45.974445104599,1.8811627759901282,18,-0.021936554872068085,0.6051629595470643
HD_112570,1,Success,117.4998528957367,35.47046224380694,27,,0.8938358071937778
HD_11506,1,Success,23.74983811378479,5.350444764563895,3,0.18735947194171546,
HD_113996,1,Success,99.3367133140564,172.17456076303057,2,0.448498158742151,
HD_112640,1,Success,139.79537892341614,38.47075033168964,2,0.376632713378976,
HD_11505,1,Success,32.43594694137573,3.9602086527260165,3,0.8398827678734242,
HD_115404_A,1,Success,40.05790996551514,75.489417476636,3,0.35746217722818713,
HD_117207,1,Success,23.79832410812378,2.9008967094228,21,,0.43733341610636706
HD_117618,1,Success,15.537890911102295,1.438549379365613,19,,0.24200830963543246
HD_115954,1,Success,44.288573265075684,1.405613312728492,19,,0.281198620452012
HD_11964,1,Success,11.199980974197388,1.5650824051632397,3,0.0917061624697492,0.20085326841235712
HD_118203,1,Success,21.84510898590088,38.18312819810281,2,0.15437930791906299,
HD_109833,1,Success,268.00921392440796,4.754840003510932,7,-0.25412055327005856,-0.037696761465344786
HD_12235,1,Success,18.054996967315674,25.079138296730292,3,0.30259843269159364,
HD_122562,1,Success,11.153346061706543,1.12584670612631,10,,-0.3209277486472929
HD_121504,1,Success,32.09824323654175,5.395119676019469,23,,-0.11525507964083219
HD_116029,1,Success,90.29779887199402,8.845955290205293,12,0.3627726578330041,0.31970376129242734
HD_11755,1,Success,106.36857604980469,9.090125343530127,31,,0.47873771942517207
HD_124330,1,Success,31.845256090164185,4.264731121806969,26,,-0.15079457667099938
HD_114783,1,Success,159.19681310653687,0.6451748232026577,45,,0.1396086571754747
HD_12484,1,Success,43.22062110900879,141.32007313313343,6,0.0650010918070106,0.08760051170147909
HD_125595,1,Success,18.852163076400757,0.6074378561992712,3,-0.06029281337757531,0.07296776331550718
HD_125271,1,Success,48.04127597808838,0.619783662419214,25,-0.10209099479813007,0.077727262366306
HD_120084,1,Success,130.80372190475464,4.79967101304209,3,0.028084562563436066,
HD_126525,1,Success,18.62315607070923,0.971452042334355,17,,0.9948573302561109
HD_125136,1,Success,93.59083914756775,15.551036397377494,7,0.053180208181620135,0.19222865970560957
HD_126614,1,Success,12.020260095596313,0.31765498647511253,5,0.19021434099933168,-0.15241158420292694
HD_12661,1,Success,19.323617935180664,3.2332786654407855,6,0.32818614236552773,0.8157685851008788
HD_11977,1,Success,154.78088212013245,149.87212465393984,14,0.03868810226094027,0.6137821532092362
HD_125390,1,Success,90.01833701133728,5.36214979693794,3,0.424100301807571,
HD_125612,1,Success,90.30528783798218,0.6883551383819777,27,,-0.0806931932667744
HD_128356,1,Success,29.2049720287323,0.594347274724902,13,0.3806300184115799,0.583125281935489
HD_127506,1,Success,37.76819610595703,1.2324097723818315,9,0.35285810698914866,0.4033727161044585
HD_128717,1,Success,28.188883066177368,0.27728386486942935,7,0.17995732206295473,0.08648561586644812
HD_129445,1,Success,27.90562105178833,1.111503940343398,3,0.37265051814210565,
HD_13167,1,Success,14.661350727081299,3.1847071534988936,5,0.02071583960665219,-0.1917020763268644
HD_130322,1,Success,25.05343008041382,0.6596536594119067,3,0.13486693069605307,0.8123342435841034
HD_127195,1,Success,75.33240699768066,4.979915025637187,11,0.02378582557343693,0.8067183976143097
HD_132406,1,Success,26.41242218017578,4.989887208647016,2,0.3013238259203347,
HD_133131_A,1,Success,24.07818913459778,0.2936518636104845,4,0.211666319173929,0.544275431631367
HD_132563,1,Success,34.94887399673462,4.429322913968119,20,,0.8094813558296265
HD_12648,1,Success,154.82452082633972,102.53218683544505,5,0.2952444837224611,0.8047310438869317
HD_131496,1,Success,61.40013575553894,2.8208256577393818,6,-0.02023516496755509,0.2984541759999869
HD_133131_B,1,Success,23.351693868637085,1.9418006359865247,25,,0.3055372998984811
HD_134606,1,Success,23.39917230606079,1.8596652449023816,13,-0.10349418571122038,-0.09176747511592498
HD_134987,1,Success,22.98700976371765,2.442188484177327,10,0.6772475485709042,-0.025452791270215148
HD_135344_A,1,Success,23.882457733154297,3.113614227814541,12,,0.3582588676108799
HD_136118,1,Success,8.86515498161316,1.3354119841620467,2,0.3922605382924101,
HD_135625,1,Success,30.031405210494995,1.5589949364586282,8,0.3201276844469927,0.6665799699164769
HD_128311,1,Success,142.7084619998932,23.6600636220608,3,0.1820713776114154,
HD_136925,1,Success,16.76740527153015,1.2806599074744502,5,-0.2892106253173586,0.09590925532907243
HD_13189,1,Success,101.04968118667603,370.8585481022819,3,0.37538593445148305,
HD_136352,1,Success,31.812201976776123,,1,0.2561968089839514,
HD_135694,1,Success,37.97323298454285,1.1703265954571607,4,-0.10494742675440527,
HD_13724,1,Success,27.21833825111389,7.176315838412764,10,0.13498903388771746,0.48060073563505556
HD_137496,1,Success,22.769354104995728,0.15196232666368864,2,0.17206121884595293,
HD_137388,1,Success,40.31552219390869,2.2060051702443513,34,,0.04068439107798071
HD_13931,1,Success,34.25745415687561,3.7128282444527327,21,,-0.10533028808962272
HD_13808,1,Success,58.91031622886658,1.8525866492816383,31,,0.8643616180863801
HD_1397,1,Success,27.15161395072937,4.337862370078251,2,0.10163819986002005,
HD_134060,1,Success,148.93112182617188,0.4995655955179842,11,0.9988166465830742,0.9998635007525278
HD_136418,1,Success,120.66363477706909,7.721807781174597,4,0.2762872361912536,-0.03814377599123661
HD_141399,1,Success,22.156949043273926,0.2031392984591893,7,0.47414414282750106,0.05828689877441614
HD_13908,1,Success,119.786052942276,0.36490741199633586,16,,0.041804643214753634
HD_142,1,Success,34.8387987613678,23.381394287276322,4,0.04554180613813581,
HD_139357,1,Success,129.90171217918396,11.056573210007766,11,0.5815223372911844,0.5129055730447941
HD_142022_A,1,Success,34.69159817695618,10.685111239560579,4,0.1375988466599104,-0.22307213390284572
HD_14067,1,Success,103.26365399360657,51.930297180424475,11,0.3472430876732018,0.4757385405908756
HD_143811_A,1,Success,18.98904514312744,0.8584509446541557,10,-0.03126844451028688,0.01685569937385096
HD_141004,1,Success,114.38076210021973,32.614083409109114,6,-0.14604288312052544,0.3675559601824405
HD_142415,1,Success,39.5126850605011,1.0429425775129282,14,-0.0532941704817821,-0.10971225085034057
HD_143361,1,Success,33.109628200531006,1.1636944940547713,24,,0.943445232441182
HD_143105,1,Success,42.40604329109192,1.4020211034297527,14,,0.6766551215078213
HD_144899,1,Success,21.186870098114014,2.548903097962766,4,0.14689759783706705,
HD_141937,1,Success,106.7472550868988,0.985631328144736,15,0.21095136085519142,0.0010528734752064124
HD_1461,1,Success,20.708701133728027,2.4796540160558873,3,-0.03929989237783345,
HD_147018,1,Success,33.81281089782715,0.6274221690332289,5,0.5655761507346175,0.06819314121381204
HD_145934,1,Success,49.70943093299866,5.37375451096117,3,0.07817681726713817,0.966036176565315
HD_147873,1,Success,16.097683906555176,2.3544509051764457,5,0.02580604750638125,-0.025494532665126784
HD_147513,1,Success,42.15621590614319,36.23882610015126,6,0.42852381502022113,0.509735651414123
HD_147379,1,Success,66.19617319107056,,1,0.16526767337217127,
HD_148156,1,Success,27.786641836166382,0.7458966008474621,10,0.3063841611027925,0.3955300169846308
HD_149026,1,Success,32.172826290130615,0.76307000398533,6,0.12165409095406737,0.18431662094508733
HD_14787,1,Success,89.45922303199768,1.9956382333358156,5,0.33619769601159416,0.40622513917875613
HD_145457,1,Success,139.61591005325317,2.3422239615181106,4,0.0387814422071409,0.2315257547917096
HD_145377,1,Success,144.44493794441223,23.91935800786296,3,-0.12441123257322877,
HD_150706,1,Success,48.08929085731506,74.29636931634454,2,0.33162990328351544,
HD_152843,1,Success,22.658323049545288,12.2450085659916,3,0.32298260451728844,
HD_152079,1,Success,25.496180057525635,0.8075231633773471,30,,0.017102101396908476
HD_1502,1,Success,82.23085403442383,4.043889174274072,3,0.164017677184619,0.6836190119013719
HD_15337,1,Success,33.70018410682678,9.694141629343775,2,-0.006693428516091818,
HD_153950,1,Success,27.331002950668335,0.8532445954388826,7,0.13773077256540683,-0.11005137946371438
HD_151450,1,Success,85.35193800926208,0.5567747730428784,23,,-0.01695963977237189
HD_153557,1,Success,66.84785890579224,27.483021998899844,3,0.4678257898696289,
HD_150010,1,Success,150.42512583732605,39.48147297329179,4,0.43196651650888424,
HD_154345,1,Success,49.45372486114502,1.7307492065350782,4,0.30922586558293935,0.020686879482915258
HD_154672,1,Success,30.917371034622192,0.8994770917863165,5,-0.17956877995758944,0.23501946560429596
HD_154857,1,Success,24.448468923568726,5.572237583586834,8,,-0.029425248042679732
HD_155358,1,Success,19.563905000686646,0.34743044610024326,10,,0.4591840151649792
HD_156098,1,Success,15.057067155838013,3.4014906902738473,6,,0.5367487267894984
HD_156411,1,Success,19.270009756088257,0.9397202331804998,4,0.013509975024587334,
HD_155918,1,Success,38.07749390602112,26.61492926613999,24,,0.31103255569108657
HD_154088,1,Success,95.34440398216248,0.1744092930791964,7,-0.07069678514003014,-0.18533615180691643
HD_158259,1,Success,19.029040098190308,1.1551741887886156,8,0.4248755346770653,0.2315449137199334
HD_156279,1,Success,49.73325061798096,0.9228880626959217,8,0.34429625408783404,0.20443952816444894
HD_156668,1,Success,43.25026202201843,3.692451245676402,4,-0.18606035473225901,
HD_159868,1,Success,15.014678955078125,1.2571814118250972,8,,-0.03320459255389233
HD_154391,1,Success,146.66805624961853,23.639156455434293,5,0.14408829333910622,0.3851652435956052
HD_158038,1,Success,75.6214530467987,0.42018391459118626,2,0.3541647864811431,
HD_15906,1,Success,55.050655126571655,0.1844448620307556,2,0.5432788642028922,
HD_160691,1,Success,32.292500019073486,1.7127950553174205,6,-0.03680942838428053,0.1382052453582502
HD_156846,1,Success,111.08082103729248,1.2011477314698666,6,0.010053650094757807,0.18377688133854647
HD_16175,1,Success,30.88754677772522,,1,-0.18607593618630205,
HD_1605,1,Success,75.66935896873474,5.720798261914632,14,0.2059310418682024,0.16102985910735879
HD_158996,1,Success,107.4341208934784,6.947128488894717,26,,0.027374322782752907
HD_163607,1,Success,18.771722078323364,0.3704997668832373,7,0.0968345248983506,0.16220496298048476
HD_16417,1,Success,17.766942977905273,1.4765818716804662,4,0.16461616534926418,
HD_140901,1,Success,538.9939367771149,0.7534891227772479,47,,0.19001070391126737
HD_162020,1,Success,50.388493061065674,93.19195924074106,2,0.21202149452716382,
HD_164595,1,Success,44.33380389213562,0.2985360669536167,6,0.5623777682366882,-0.11143346835412318
HD_164604,1,Success,48.27781581878662,8.945595774411014,2,0.3177508319723876,
HD_165155,1,Success,40.71771788597107,1.939246878146847,35,,0.4097575529606246
HD_164922,1,Success,53.92094397544861,2.074772299222638,3,0.5102144730504087,
HD_1666,1,Success,18.08215308189392,1.0829956622968422,5,0.8186155989836817,0.41170619896720234
HD_166724,1,Success,37.947407960891724,0.8674131508056949,38,,0.5615313374268208
HD_167677,1,Success,35.29346704483032,2.4781037074374854,25,,0.5079154899258851
HD_165131,1,Success,96.95446395874023,1.1325317100341519,22,,0.09255933020022436
HD_16760,1,Success,51.47348618507385,,1,-0.02530402479815701,
HD_164509,1,Success,110.5193281173706,0.8165082154470259,25,,-0.011021108508129866
HD_161178,1,Success,164.50275301933289,108.19915640438114,3,0.8613025834869763,
HD_168009,1,Success,39.07825183868408,0.07277459714336212,2,0.11381514955958501,
HD_167042,1,Success,103.95875978469849,0.5036850848798436,5,0.3543809085245771,0.18126097606208608
HD_168863,1,Success,51.71895909309387,52.7219914694833,3,0.7001397685299029,
HD_169830,1,Success,18.89751696586609,2.9168279019933046,15,,0.4506520092393199
HD_169142,1,Success,26.36580204963684,17.402178118675437,18,,0.4769255711002191
HD_167768,1,Success,108.0134449005127,12.352318958475042,21,,0.6766930062960695
HD_1690,1,Success,83.38074994087219,4.135181664821745,2,0.43888309222797267,
HD_168443,1,Success,88.94877099990845,0.6937717539751247,15,,-0.09089870409226623
HD_16905,1,Success,70.73341703414917,0.608089716739545,3,0.1793478335546202,
HD_17156,1,Success,26.210275173187256,1.1397793932938243,5,0.28631074214126845,0.6042141568913
HD_175167,1,Success,19.77340793609619,1.0890648683516482,5,0.7047336626956254,0.028987272716990996
HD_175607,1,Success,53.871548891067505,0.9092544849235393,5,0.13228431561503598,0.4143470402127967
HD_168746,1,Success,175.68365287780762,1.888821438711131,3,-0.06949240886847888,
HD_17092,1,Success,117.98486685752869,2.9970591324400173,3,0.3690707902803288,
HD_17674,1,Success,35.70351719856262,1.759886896514477,16,,0.46266933797528037
HD_174205,1,Success,128.02504920959473,2.2900147420748147,4,0.40819457771720274,
HD_175541,1,Success,106.0887987613678,4.856941151388101,11,0.9808460373868413,0.41704185658338566
HD_173416,1,Success,137.46592783927917,56.42324323655667,18,0.3726434261329462,0.18930906023426838
HD_177830,1,Success,22.34785485267639,6.421470591589295,8,,-0.0561955899651639
HD_179079,1,Success,19.390371084213257,18.486658377257193,8,,0.0786798300654197
HD_177565,1,Success,49.62470316886902,0.031646562003165596,2,0.30987653023924827,
HD_171238,1,Success,161.25179529190063,25.75340221219454,5,0.2864690349200183,-0.00884440985527669
HD_18015,1,Success,14.620486974716187,0.7590298018144398,3,-0.17300480590327735,
HD_178911_B,1,Success,50.128756046295166,12.208049416797971,7,0.3639777030363674,0.35782730327516926
HD_180617,1,Success,42.0429413318634,0.30392927727462454,3,0.4176929731608519,-0.035819761879860745
HD_181234,1,Success,24.322044849395752,0.8894119205334071,4,0.46442943495513733,-0.020833852144715635
HD_180314,1,Success,77.86846113204956,3.655834468268664,18,,0.4606053070182681
HD_18143,1,Success,33.87637186050415,1.3374280389985185,14,0.1298255924908478,-0.024077091702136545
HD_176986,1,Success,166.15668296813965,2.170710901737904,15,0.34117292367832064,0.08876350440360102
HD_179949,1,Success,118.71185684204102,6.613510485985881,17,,0.1291702234935091
HD_181433,1,Success,27.123570919036865,0.9402795473144655,29,,0.7228363352198977
HD_181720,1,Success,26.611268281936646,0.0005088755342975254,2,0.01563592575647252,
HD_180053,1,Success,121.06361985206604,4.164515151178328,43,,0.6826373867892136
HD_183263,1,Success,17.152103185653687,1.2970359017225714,10,,0.22778774027862822
HD_180902,1,Success,110.98452305793762,22.76087061777642,3,-0.09316497740227225,
HD_185269,1,Success,23.56141495704651,1.2126138699580167,14,,-0.11901706449691274
HD_183579,1,Success,34.29224896430969,34.37956878291992,3,0.5912035415678139,
HD_181342,1,Success,106.42725992202759,11.240996484181167,3,0.324233166963855,
HD_185283,1,Success,42.10156178474426,0.9571668841631926,21,0.29520048530014514,0.07090691964327742
HD_187085,1,Success,35.51451516151428,1.465873014919222,9,0.07040185678100107,0.12569026926414578
HD_187123,1,Success,39.13860011100769,0.6737222135559615,14,0.9110409634126698,0.3947162111699905
HD_18438,1,Success,79.11103796958923,67.05612214189107,31,,0.019175629160859613
HD_188641,1,Success,20.88103699684143,0.46527545368801254,4,-0.07425995768544452,
HD_18599,1,Success,71.1512188911438,19.002164357489075,7,0.25788769972029824,0.21577563030800676
HD_188015,1,Success,39.914799213409424,1.1173316141130945,16,-0.11983824273506749,0.38660282126873935
HD_190228,1,Success,16.016635179519653,2.678345635661657,5,,-0.28752394848754204
HD_189567,1,Success,36.648017168045044,5.868624122216033,2,0.3292047858751736,
HD_190007,1,Success,36.420204639434814,1.5502727382469028,2,0.4522275824374694,
HD_184010,1,Success,126.5229651927948,3.7220116174997764,4,0.569986482432482,
HD_190647,1,Success,24.891536235809326,0.2579784190024833,6,0.3743186690434756,-0.10581594313388938
HD_190360,1,Success,36.225318908691406,4.320793019036523,2,0.1385199087184377,
HD_190984,1,Success,34.67366290092468,3.8931885089000615,8,0.11969155134127248,0.4351988820459994
HD_191806,1,Success,31.667747020721436,1.4936984409600966,6,-0.36466848740033064,0.34064612248550413
HD_191939,1,Success,31.258474111557007,0.5434279037461404,2,0.6625458384939559,
HD_18742,1,Success,115.97265887260437,16.99871527124863,13,0.34290559241780344,0.715745933268157
HD_192310,1,Success,40.64132118225098,1.0155933187053836,3,0.3678866823993919,
HD_195019,1,Success,26.93913221359253,0.6978464699181941,9,-0.2237467352483685,0.49100982304238266
HD_194490,1,Success,29.91203284263611,0.9636141186314181,12,0.07740157320908451,0.19779116506046518
HD_196050,1,Success,30.410907983779907,0.7520100660675552,3,-0.15880894100628448,
HD_196067,1,Success,20.703385829925537,6.515305644281814,13,,0.4555728361576844
HD_196885_A,1,Success,27.974328994750977,0.8991245369988933,11,0.2638278406009919,-0.09519372752092771
HD_197037,1,Success,27.506700038909912,1.4297031111985803,22,,0.5116057086070694
HD_192699,1,Success,80.64377117156982,8.746917865913417,2,-0.18573009308996402,-0.0276071868741848
HD_19994,1,Success,15.199005365371704,18.74781654702677,3,0.1582957575087981,
HD_199509,1,Success,40.46357989311218,1.3916800746198892,4,-0.006695222895963966,
HD_19615,1,Success,81.2387421131134,218.38468190786577,2,0.352529848645073,
HD_20003,1,Success,48.661375999450684,0.659435658520861,14,0.5327259359352741,0.3736558367324291
HD_202772_A,1,Success,21.539562940597534,4.750179452382702,3,,0.4263318253117459
HD_203030,1,Success,38.1330361366272,5.296045191230363,5,0.13453443187004657,0.13760263334846856
HD_20329,1,Success,21.12920093536377,1.5202354650781769,21,,0.20619494412962558
HD_192263,1,Success,200.29540395736694,8.548556498854325,4,0.08244872846171206,-0.08647982511554844
HD_200964,1,Success,116.32029485702515,6.122718808904195,3,0.29130711029535405,0.7519375331152107
HD_2039,1,Success,42.155917167663574,2.352591003546262,5,0.41907288159457523,0.6857092230687583
HD_202206,1,Success,134.6004548072815,0.938201127524155,34,,-0.17322021937132043
HD_204313,1,Success,33.74035310745239,0.694400917851213,16,0.262073263336501,-0.03320256796362607
HD_205158,1,Success,27.097877979278564,0.8149748502805961,4,0.5513461210523923,-0.017239857241503963
HD_202696,1,Success,143.0423080921173,4.596586741515972,11,0.07782868614248145,0.241568632576521
HD_189733,1,Success,294.6696500778198,20.035001857382998,11,0.23000092288336313,0.06087328971059038
HD_206255,1,Success,17.044326066970825,1.2312573113229637,10,,0.08588821250564575
HD_205739,1,Success,41.21137309074402,1.2255322291975401,8,-0.032828289727333156,-0.1483943849321036
HD_204941,1,Success,63.72241997718811,2.5083642532507,14,0.5012811937976223,-0.006029358264038605
HD_20782,1,Success,32.75933599472046,3.5582406638324917,6,0.6323461918318978,0.34985483849338667
HD_207496,1,Success,44.799599170684814,0.03532318624290961,4,0.28013444585828023,
HD_20781,1,Success,46.39762783050537,0.5629841037731417,7,0.07204189558370958,0.845164321711742
HD_207897,1,Success,34.47095513343811,51.676024948625646,3,0.3504642542899796,
HD_20794,1,Success,25.974614143371582,1.93937200595978,24,,0.9521483492185221
HD_208487,1,Success,36.22557806968689,0.8733545931794238,4,0.09130970091459417,-0.09565569639558043
HD_20868,1,Success,33.802420139312744,1.4190170149084278,23,,-0.011576598312582807
HD_206610,1,Success,99.341787815094,3.259441997584687,28,,0.5956423527872536
HD_207832,1,Success,76.41343474388123,119.90960237020232,28,,0.5232350856621382
HD_210193,1,Success,50.269819021224976,12.62057423216558,5,0.16061196699767072,0.31024343523445563
HD_208527,1,Success,107.06581997871399,,1,0.4480435596371658,
HD_211403,1,Success,42.95359992980957,1.3468076835574363,13,0.01532998253940887,0.22019784131355777
HD_210277,1,Success,114.37340593338013,3.4139504427792957,4,0.1192233926785971,
HD_208897,1,Success,155.35563015937805,3.8644410874270627,6,0.3942460112093924,0.5106499721160679
HD_209458,1,Success,167.31994128227234,52.68121258748774,24,,-0.0019075449584936709
HD_210702,1,Success,148.74298477172852,10.63310778626268,10,0.7070089703275577,0.3817689471431143
HD_212301,1,Success,47.25113320350647,7.5839043681597715,2,0.2461213546195746,
HD_211970,1,Success,73.16898894309998,8.002823839800085,3,0.04931264074248379,
HD_213472,1,Success,20.821290016174316,0.5509060055195243,5,0.287106388358922,0.4735656889009848
HD_213240,1,Success,37.87421178817749,4.750390953666308,5,0.32817783513351667,0.5250085070969268
HD_213885,1,Success,36.018852949142456,1.4468368044981101,26,,0.2676735909985478
HD_211810,1,Success,162.0367510318756,0.26174671897027457,14,-0.01784240423659515,0.08275773671901351
HD_21411,1,Success,51.014371156692505,6.8586637354756,3,0.8558112298683672,
HD_214823,1,Success,36.69888782501221,1.2417663782900488,12,,0.4647538781053161
HD_215152,1,Success,35.649420976638794,5.896907866937321,5,-0.08166122329388126,-0.01791091095225942
HD_21520,1,Success,29.9778470993042,0.19893983559175643,6,0.5574815428693315,-0.24391701585570508
HD_216435,1,Success,32.44003987312317,26.737092157675352,2,0.19521912615740558,
HD_212771,1,Success,138.4960708618164,0.960494406253694,10,0.5643157085700166,0.33144954626574813
HD_216437,1,Success,37.471193075180054,0.6233120340327992,3,0.057707817932613,
HD_215497,1,Success,53.50907492637634,9.632207503979599,3,-0.0952437646617256,
HD_216520,1,Success,39.73295211791992,8.878083457786305,5,0.46160017804322884,0.45824099614562924
HD_217107,1,Success,14.982917785644531,0.3238716605862983,2,0.4128271983763389,
HD_216770,1,Success,42.463919162750244,2.4223337423856908,14,-0.00632599646106513,0.26110526769445397
HD_217786,1,Success,19.131617784500122,3.500803567291433,10,,0.40760588467561043
HD_21693,1,Success,41.51179003715515,1.4361963401150082,40,,-0.03708323060204515
HD_203387,1,Success,488.2530941963196,10.547659008511967,6,0.42766939012960437,0.1019152051572156
HD_219077,1,Success,12.229181051254272,2.44077578940001,4,0.1321184804238609,
HD_217958,1,Success,28.260924100875854,1.5267085465530135,3,0.27497378430222114,
HD_218566,1,Success,25.902992963790894,3.3169837556585513,15,,0.8124964627597667
HD_213519,1,Success,168.1181001663208,0.6017167406883608,34,,0.05240638324432496
HD_219415,1,Success,10.278614044189453,3.8436655514352585,5,,0.622493861456353
HD_219134,1,Success,37.765787839889526,1.6533731415673942,8,0.2707710733035315,0.2596605292856205
HD_219666,1,Success,44.59942984580994,0.8510752063678524,4,0.5952159816971955,0.18309273484813324
HD_220773,1,Success,13.592919111251831,0.6733568175966099,8,,-0.10314522280052194
HD_220197,1,Success,52.220739126205444,0.9964533260378485,12,-0.016488689318833193,-0.004163182608225302
HD_216536,1,Success,129.54057669639587,15.136486902187153,7,-0.0795645598351609,0.5933683718317353
HD_220689,1,Success,42.40013027191162,2.700342110658074,36,,-0.036518019768954565
HD_220842,1,Success,27.12415599822998,0.008871901309745212,3,0.11036489893339926,0.006094255442292563
HD_221416,1,Success,22.464685201644897,1.600540126363584,2,0.0985097222971404,
HD_221420,1,Success,25.08980703353882,0.05903151462913742,3,-0.21864966166305502,
HD_221287,1,Success,37.15649390220642,4.965329445229304,3,0.7246632584650832,
HD_221585,1,Success,20.44332194328308,1.6028104546269968,9,,-0.38885958963294776
HD_222155,1,Success,13.75125503540039,0.3655221991282717,5,0.3447763733913369,0.16589585864796258
HD_220074,1,Success,111.50459790229797,178.88770170914307,5,0.499726858286247,0.8975951141555798
HD_219828,1,Success,121.86202216148376,0.43901209656056883,17,,-0.3443866449518689
HD_222582,1,Success,21.623564958572388,0.9553372549645793,3,0.3699651598582255,
HD_224018,1,Success,19.20409393310547,0.948324950231167,7,-0.051019868790839994,0.4729017407361632
HD_222237,1,Success,49.64761400222778,2.078245831711449,10,0.9014783551475698,0.8635894903672372
HD_224693,1,Success,23.781825065612793,0.9282466967887965,10,,0.42377362612011776
HD_224538,1,Success,32.71829319000244,1.6848892521038261,10,0.03254184401476502,0.2931135658459592
HD_22496,1,Success,33.85824799537659,3.7167346364191203,6,0.5521024891126567,0.2971072137711638
HD_219139,1,Success,170.82615995407104,55.64656746948039,21,,0.2976086252290664
HD_22946,1,Success,22.615926027297974,7.979597493362114,4,0.10000498320758745,0.5364503324483434
HD_23079,1,Success,21.740379810333252,1.2799481625821152,4,-0.0008403422130793386,
HD_23127,1,Success,22.020353078842163,1.7105023826845933,25,,-0.06637796668177168
HD_22781,1,Success,42.42370295524597,1.020529157501964,16,0.40820067423069106,0.1444581750714088
HD_22532,1,Success,71.64379382133484,5.022252775146114,7,0.31359006788573146,0.8115253590553193
HD_231701,1,Success,37.56095886230469,8.37095668600983,5,0.14635633895214153,-0.2830123839965587
HD_222076,1,Success,130.69935989379883,9.032282168457195,4,0.27490261060995047,0.4310070685864073
HD_23596,1,Success,21.233069896697998,,1,0.18223293453153647,
HD_233832,1,Success,62.65476989746094,0.5528521764967197,8,0.1420449711982509,0.08585038846882262
HD_235088,1,Success,53.47582411766052,2.4819750666907745,4,0.47272127729857943,
HD_23472,1,Success,68.1095712184906,0.20805233945766705,6,-0.14385443467776807,0.046695460185975105
HD_24040,1,Success,20.28070092201233,2.4224967535665964,19,,0.6964823195252502
HD_238090,1,Success,65.23187923431396,7.7405386309769435,36,0.43795737940224233,0.2414813128927316
HD_24085,1,Success,39.28001523017883,1.1795865957062992,10,0.0028410236407817495,0.222965367579129
HD_25015,1,Success,44.2685010433197,99.31225003769887,3,0.3380714317265705,
HD_233604,1,Success,143.06188488006592,2.4997052990901865,34,,0.6898603754907635
HD_24064,1,Success,67.67038011550903,11.143875992650361,3,0.7841599824942365,
HD_240210,1,Success,96.41319394111633,27.80484804279579,2,0.3788068200133299,
HD_240237,1,Success,91.54145908355713,,1,0.025439987063965056,
HD_25171,1,Success,30.481833934783936,1.6688450190938233,15,0.10202373038138451,0.5904077048723217
HD_238914,1,Success,116.63738489151001,11.791801269220054,5,0.2956429242371499,0.28990777577505694
HD_25463,1,Success,23.062147855758667,0.5056391665757284,3,0.06215511509566657,
HD_25912,1,Success,23.526959896087646,2.0597083305856154,6,0.762073469008864,0.3091557154821856
HD_26161,1,Success,19.167117834091187,1.422394914780453,14,,0.2299041782041357
HD_27442,1,Success,16.543277740478516,8.663377179933379,2,-0.28771355685318606,
HD_2638,1,Success,24.96965765953064,5.560769005452311,7,0.2128202160629998,0.17695020522647434
HD_2685,1,Success,35.37881898880005,4.163933278188306,7,0.04024081569087682,0.2317143513439527
HD_27631,1,Success,31.83359408378601,2.4165451527756754,22,,0.11676153979528843
HD_260655,1,Success,69.98820209503174,1.0179128422058656,8,0.46851114104399566,0.4648481952063829
HD_27894,1,Success,54.07855486869812,3.065956384302458,4,0.12463301200341567,
HD_28109,1,Success,47.013288259506226,1.088292809170484,11,0.028583514348722354,0.03463622984651097
HD_28254,1,Success,18.717472076416016,2.0471051661437536,4,0.16461755949342843,
HD_28185,1,Success,40.009060859680176,2.9835972771768398,6,0.39484110560997576,0.8838184507382896
HD_28192,1,Success,43.325843811035156,290.53175631832636,2,0.21719656700877196,
HD_284149_A,1,Success,28.508563995361328,50.8354084232433,3,0.40976470227558554,
HD_25723,1,Success,134.16387271881104,101.03615495953888,16,0.4602176763551038,0.5657473054753858
HD_28471,1,Success,47.48754811286926,6.150005236263429,3,0.2829551288230969,
HD_27969,1,Success,110.89760303497314,0.5146229340558867,22,,0.2787789173047533
HD_290327,1,Success,34.58417201042175,6.229129416726685,4,-0.04905829331695475,
HD_29021,1,Success,64.58736205101013,73.41191503993456,39,,0.7580624327457715
HD_30177,1,Success,48.50597405433655,4.366145639683297,19,0.1648629389778709,0.5882935565563645
HD_28678,1,Success,128.0720362663269,4.815154600688477,6,0.7849403667443376,0.043729753158905454
HD_29985,1,Success,66.10490703582764,0.39366057440049745,14,0.20911448547144956,0.38885122505936864
HD_30562,1,Success,23.505789756774902,4.01236195390468,9,0.6332876264953943,0.028604248529996608
HD_2952,1,Success,105.38129305839539,6.4132715739137165,2,0.5502630067469175,
HD_307842,1,Success,32.33597779273987,1.1182360504393258,8,0.237491836391471,0.46437096940785866
HD_29399,1,Success,134.52790713310242,12.622497212974793,4,0.5760813843612367,
HD_30669,1,Success,43.95964193344116,0.4048896440846812,10,0.46524957777895587,0.4354562443833228
HD_31253,1,Success,25.278342723846436,0.6298726660635112,18,,0.10768453852932391
HD_285507,1,Success,200.03367590904236,0.7549720073830339,32,,0.4173938081115874
HD_31527,1,Success,35.215352058410645,1.4205105568312706,28,,0.3646821341526005
HD_3167,1,Success,32.88359022140503,0.4533108363500634,22,,0.24496279056070855
HD_32963,1,Success,33.29442286491394,7.117215425115482,3,0.2443886417305885,
HD_285968,1,Success,222.88137340545654,1.122554227431673,70,,0.5223441863112304
HD_330075,1,Success,35.76119899749756,,1,-0.304458940479918,
HD_332231,1,Success,26.754509210586548,4.399617924817471,3,-0.1553450304493467,
HD_33283,1,Success,22.43717312812805,0.20074220165939202,2,0.1570358173593424,
HD_33564,1,Success,20.648478984832764,1.1769604438183812,23,,0.0723222737392817
HD_30856,1,Success,103.51176881790161,3.4893761967866026,6,0.7452147537577207,0.6342856455308413
HD_34445,1,Success,23.72801184654236,1.0926259432542742,19,,-0.08960292508613586
HD_35759,1,Success,25.721914052963257,0.33860533022380435,3,-0.2099319373661837,
HD_33142,1,Success,92.42307829856873,6.626603111335291,11,0.06962217614887428,0.678764744608024
HD_35843,1,Success,43.904885053634644,3.101739416010365,38,,0.3417170647192915
HD_32518,1,Success,127.17845177650452,67.18895336882733,17,0.2620601259293107,0.22047620636871404
HD_37124,1,Success,29.732943296432495,0.4595262053892964,24,,0.03801886115690162
HD_37605,1,Success,30.08639121055603,0.7678808306731487,6,0.06422881058761803,0.4253348845483912
HD_331093,1,Success,129.94261026382446,0.5819269736055509,23,,-0.13382943549681905
HD_3651,1,Success,39.28207206726074,10.207811949938787,2,0.6569154940494223,
HD_38801,1,Success,14.137516975402832,2.5816192248890943,7,0.27870679097843676,0.1911249981581557
HD_38283,1,Success,29.920663118362427,2.817222038030585,2,0.1803972829268734,
HD_33844,1,Success,129.22229075431824,7.403507183970457,16,0.7950519009898152,0.1839917352073097
HD_39091,1,Success,29.094181060791016,1.6429379452098198,5,0.7825018715694173,0.09042774558041644
HD_360,1,Success,117.28359794616699,5.6918289015887575,4,0.34162554051822447,0.480369456691933
HD_36384,1,Success,127.78865933418274,403.95732478245117,3,0.2524285523380977,
HD_39855,1,Success,41.95235323905945,0.6059699286070009,14,0.8241447300316342,0.3602514851025731
HD_39194,1,Success,49.2016122341156,2.584525561297798,58,,0.131091445945574
HD_38529,1,Success,81.23629999160767,1.297734842318261,3,0.4908933684145078,
HD_40307,1,Success,46.44550800323486,1.1546724784392701,19,0.4139340644631821,0.4625183417166565
HD_41004_B,1,Success,25.416778087615967,2.514536338624848,3,0.7415270581508863,
HD_40979,1,Success,36.50497007369995,99.58017696440204,2,0.35062007017297125,
HD_4113,1,Success,37.5164589881897,1.3150417780653154,18,-0.1363155530945668,0.6984480303816908
HD_41004_A,1,Success,44.85909605026245,0.2056136833811248,2,0.3758339502287087,
HD_4203,1,Success,19.01527214050293,0.7497610310869791,4,-0.08932218802175977,-0.17492394124541566
HD_42012,1,Success,37.070054054260254,16.449418491162877,3,0.8180944667314708,
HD_4208,1,Success,30.2028911113739,2.231595653742942,26,,0.2360382241619051
HD_42618,1,Success,33.72461009025574,1.1453355082532046,34,,-0.23988069015824035
HD_40956,1,Success,108.35545492172241,18.90205139648749,12,-0.10924168285938284,0.4235045629825063
HD_4308,1,Success,36.414209842681885,5.694378701335779,3,0.5589068248262881,
HD_43197,1,Success,27.660606861114502,1.5573983146869506,8,-0.01697370978775725,-0.16279690152448895
HD_3765,1,Success,175.41435503959656,0.9732311164357358,40,,0.9715801277862914
HD_44219,1,Success,28.11764097213745,,1,0.39352231270796356,
HD_45364,1,Success,25.470974922180176,1.3877642625087117,23,,-0.21062974075290103
HD_45184,1,Success,31.76198124885559,9.075240546179954,30,,0.6544568041862151
HD_45350,1,Success,31.58330225944519,1.880944209851532,18,,0.6523752297040533
HD_4313,1,Success,75.1539957523346,0.07005667612645503,2,-0.009734964684380808,
HD_45652,1,Success,27.131039142608643,1.647418144651774,31,,0.21814685707306145
HD_43691,1,Success,70.79592823982239,0.6349419735167326,15,,0.060176100784157506
HD_457,1,Success,30.428219318389893,0.55504056899922,5,-0.18361411237732264,-0.19414245427271476
HD_47186,1,Success,28.493775129318237,2.607992980091537,27,,-0.03180792118463718
HD_48265,1,Success,14.113250017166138,2.3790719098607305,6,0.052663566619302785,0.30300392227217166
HD_4732,1,Success,72.984060049057,1.4550985256759823,2,0.13590852728010272,
HD_47536,1,Success,78.55021977424622,207.01134330224673,3,0.12140886424261249,
HD_48948,1,Success,65.8397569656372,2.092560644565041,21,0.10882252318186071,0.13079222300437418
HD_47366,1,Success,92.25182795524597,56.63848626462933,16,0.3070304466516096,0.24994475089068505
HD_46375,1,Success,117.14232397079468,1.2009470063548884,26,,0.04409428867058843
HD_50499,1,Success,27.927634239196777,0.7891130188646099,9,-0.0174577634432287,0.9627414722815125
HD_4760,1,Success,116.8950309753418,,1,0.10545456505726795,
HD_52265,1,Success,30.642232179641724,2.243883774524857,3,0.053229043700114755,
HD_5278,1,Success,35.085325717926025,0.6104090482982476,2,0.39561044166481596,
HD_51608,1,Success,61.190802335739136,33.71036570295882,33,,0.6287715429774715
HD_5388,1,Success,20.53301191329956,0.5650048169098422,10,,0.3237757516265073
HD_55696,1,Success,21.843468189239502,3.494924265700651,6,0.23808565584397057,-0.08492814554771962
HD_4917,1,Success,136.99890780448914,4.315070513856929,15,0.33519912909409383,0.2443550427460176
HD_49674,1,Success,127.24068784713745,1.820809731275894,4,0.683837525743678,
HD_56414,1,Success,29.774298906326294,0.7042707737511331,19,,0.046501198761422786
HD_50554,1,Success,117.60022497177124,1.3918584202643964,21,,0.16660871011297307
HD_5319,1,Success,81.25823378562927,1.8088330791297649,3,0.3406110870863856,0.8403883489857157
HD_564,1,Success,47.50408911705017,1.4466700049158008,29,,0.5388959376650406
HD_56957,1,Success,27.169158220291138,1.6229290613422747,14,,0.005229422409080301
HD_60532,1,Success,9.258945941925049,3.7006573321317373,8,,0.008203461015018594
HD_5608,1,Success,88.12451791763306,0.39973889377697636,2,0.24865596905746373,
HD_6061,1,Success,25.33787965774536,1.062690371157073,6,0.22559228125220507,0.9717880924972013
HD_62364,1,Success,32.39020013809204,1.6833899136801296,3,0.32908902128108675,
HD_5583,1,Success,104.27460408210754,19.60447225948398,5,0.6628812721551355,0.4754024166261303
HD_62549,1,Success,23.150471925735474,1.3167934433433475,14,0.22990905993578478,-0.05060433108788007
HD_63454,1,Success,25.729052305221558,4.038574753054906,7,0.5165802631219715,0.08394570692269852
HD_63433,1,Success,44.250422954559326,638.1630259720839,2,0.0676352344130598,
HD_63765,1,Success,33.917665243148804,26.451131936026837,2,0.8797515172843692,
HD_60292,1,Success,86.09109783172607,3.9624379740042044,4,0.5156802717606841,0.7709310074510883
HD_5891,1,Success,101.57408380508423,23.66198024249641,5,0.24428169855849222,0.4191453831808724
HD_63935,1,Success,32.93421483039856,0.5639220257179394,2,0.3682652361375735,
HD_59686_A,1,Success,104.64580202102661,79.05525767049431,14,0.782206020013698,0.5423630685361637
HD_64114,1,Success,40.80456304550171,0.4190106803002833,4,0.6837412628072629,
HD_6434,1,Success,30.90066885948181,1.207047306348,27,,0.3161299510192133
HD_66428,1,Success,25.913713932037354,0.15556310458674788,6,-0.016749202253185387,-0.13609397273300208
HD_67087,1,Success,21.357342958450317,1.0383841328911605,13,,-0.12874194313390355
HD_65216,1,Success,43.162290811538696,0.2847475937484894,4,0.2791665197764468,
HD_6718,1,Success,19.180227756500244,0.6924682568148098,14,-0.25453411773145035,-0.012854680375922103
HD_68475,1,Success,36.23756217956543,1.0924643576138569,5,-0.07482547693664553,0.7000046318433077
HD_69830,1,Success,24.77540612220764,1.8876358430465137,32,,0.010646990463443758
HD_68988,1,Success,36.423526763916016,2.4094731149032618,22,,0.982264660821699
HD_64121,1,Success,85.91164588928223,7.40824411816569,18,,0.3231027107235759
HD_68402,1,Success,58.028624296188354,3.0893446362965014,14,0.9581774493661727,0.3170873025724698
HD_70642,1,Success,23.543215036392212,3.1855960272360977,16,0.9488458724094136,0.514120105827323
HD_66141,1,Success,96.19241499900818,508.8192582643824,4,0.1269569333019292,0.6516463604242614
HD_70573,1,Success,36.987975120544434,686.4339346019412,2,0.09429512011667565,
HD_7199,1,Success,34.490577936172485,1.7684419562226532,12,0.048156739416893406,-0.035822302716578935
HD_72659,1,Success,26.37297821044922,1.8356986670606659,16,,0.3112360224961128
HD_72892,1,Success,22.984381914138794,0.5795998330584033,14,,0.14417718860411446
HD_73526,1,Success,20.460736989974976,7.700685717510954,4,0.7447894234828544,-0.2470455503726499
HD_73256,1,Success,36.421393156051636,4.384618263070864,4,0.37479914134093933,0.9184504664096887
HD_73534,1,Success,19.163352012634277,1.435138708595609,5,,-0.23752024221509951
HD_73267,1,Success,32.26083493232727,1.0141445891562655,6,0.4587193305953236,-0.007215030067779371
HD_69123,1,Success,106.90437006950378,51.69141360043985,24,,0.7157702320322915
HD_74698,1,Success,20.840009927749634,0.5674006948487337,16,,-0.21708153699872257
HD_74156,1,Success,25.733771800994873,1.5385091339489243,5,-0.1502976243681844,0.27349270083092553
HD_7449,1,Success,29.297663927078247,0.7206721696565227,4,-0.01774937738930518,0.3195357797872147
HD_75289,1,Success,18.393582105636597,6.6887019889023405,4,0.1620656548199963,
HD_72490,1,Success,94.43963074684143,9.69294805174482,13,-0.04596985693336828,0.16883590951581023
HD_75302,1,Success,26.12716507911682,3.3583816870420877,10,0.09848345899440725,0.2422807704901499
HD_73583,1,Success,50.72732591629028,0.02995235031839586,2,0.5018193934745251,
HD_76700,1,Success,16.845218896865845,1.2445409987216989,12,0.2512203874813908,0.22368298171794226
HD_75898,1,Success,23.121256113052368,2.234446849996987,5,-0.024828755398286842,0.19445678441125777
HD_77946,1,Success,28.34320592880249,1.3898146084157659,4,0.4443513441643967,0.35426512417858685
HD_77338,1,Success,31.668158054351807,3.090371906363103,4,0.0007544401667216207,-0.016944684364424676
HD_73344,1,Success,118.68305611610413,1.8399633300557896,8,-0.15710584121419255,-0.20311446347732826
HD_7924,1,Success,38.29549431800842,7.499570710374055,3,0.2169120782790651,
HD_80869,1,Success,3.4641129970550537,2.077809449395963,7,0.2512674178510813,0.9274985544130491
HD_75784,1,Success,89.88782691955566,2.835900749694713,23,,0.3882056428757074
HD_79498,1,Success,38.878260135650635,0.03082492089066207,2,0.10985394600729737,
HD_80653,1,Success,30.348987817764282,1.049934346056687,10,0.37889003376632435,0.2780939062506471
HD_80913,1,Success,15.803674936294556,0.40730533998995333,7,-0.09860786361199894,0.06743151826862584
HD_80606,1,Success,52.62970805168152,6.346568580215355,5,-0.02589849748580918,0.5517979162454922
HD_80883,1,Success,40.88361120223999,3.2358238670480093,3,0.3509397826344736,
HD_76920,1,Success,102.23713994026184,1.3287403306345347,6,0.2644403060831165,0.4134503336843744
HD_79181,1,Success,100.8650131225586,15.365275874442226,4,0.975875088167334,
HD_82943,1,Success,17.72940421104431,6.084510989369153,4,0.25364688458970447,0.77582441102328
HD_81040,1,Success,38.43481230735779,30.99995735297659,2,-0.03516295406979479,
HD_8326,1,Success,33.07672882080078,10.826579857897364,5,-0.03599376771516073,0.2440946993450774
HD_8535,1,Success,31.26687216758728,1.7899325378983535,8,-0.07144281537801796,0.332264807008802
HD_83443,1,Success,39.08923006057739,3.3429824830438406,32,,0.2226171344127309
HD_85390,1,Success,43.02793025970459,2.2489447931679547,3,0.031508859578742804,
HD_86081,1,Success,21.51670503616333,0.850463402122899,3,-0.14932328828479374,
HD_86065,1,Success,34.03821587562561,,1,-0.04275132499872258,
HD_86226,1,Success,26.406081914901733,0.9504878453848262,6,0.2976675600461114,0.6256649875045465
HD_86264,1,Success,15.273198127746582,0.5135557866669467,2,0.2681602903979308,
HD_81817,1,Success,100.92263793945312,7.952732149317346,27,,-0.004014153877123357
HD_8673,1,Success,19.87075686454773,0.8875665192819855,5,0.5450534200189588,0.03529973979175821
HD_82886,1,Success,112.55674862861633,4.775172377371038,15,0.29490397188606504,0.21852378339202802
HD_86728,1,Success,31.13471817970276,4.470994676190024,3,0.28180066826676803,
HD_87646,1,Success,30.414721965789795,4.397504317679952,8,0.32065948238826864,0.9721958402363681
HD_81688,1,Success,148.3297839164734,28.26446589843434,18,0.5734388126756974,0.24625817555864235
HD_88072,1,Success,24.330129861831665,0.2020428716395584,2,0.3657656625226294,
HD_88133,1,Success,14.753677129745483,0.8046468197261757,8,,-0.2203849597712818
HD_87883,1,Success,36.5147488117218,1.275630857606456,45,,0.08459060959187026
HD_89345,1,Success,16.117100954055786,0.33492416999384667,2,0.5847615628923609,
HD_88986,1,Success,30.3867347240448,0.263846761975272,3,-0.015324774570549178,
HD_89744,1,Success,18.324990034103394,1.4971701287839916,3,0.4789216737581411,
HD_8574,1,Success,127.89383602142334,0.8072086356935181,15,,0.9705482996346042
HD_9174,1,Success,13.455253839492798,0.4564026718803846,7,,-0.3787369766245646
HD_86950,1,Success,94.03443908691406,15.346391479058404,5,0.7604511416709123,0.2562845213614228
HD_89839,1,Success,32.48149299621582,,1,0.14012624536712157,
HD_90156,1,Success,31.529783964157104,0.5536068924275039,14,0.4369902498396981,-0.15566442007043702
HD_92788,1,Success,36.55612111091614,4.329685709954024,19,,0.5699341468773591
HD_93083,1,Success,33.870402097702026,2.4576154680976505,5,0.15107741941251418,0.22485150965635395
HD_93385,1,Success,25.41816234588623,1.205440296819132,8,0.27798807080301013,0.7288521731761435
HD_87816,1,Success,108.23656296730042,23.264491170916724,32,,0.6974138762219144
HD_93351,1,Success,32.93362212181091,0.8369750994064148,19,-0.13267537638455942,-0.2984958804229636
HD_94771,1,Success,15.51383113861084,1.321374444007476,4,0.025841604451361754,
HD_93963_A,1,Success,37.133299827575684,1.6889232219241777,6,0.5786012027049603,0.6641002116908356
HD_89307,1,Success,104.93773579597473,0.08734936897599854,8,-0.10685802952809871,-0.1599512530909948
HD_95086,1,Success,25.559871912002563,4.581957504157358,24,,-0.12989096652876322
HD_95544,1,Success,31.93420386314392,1.6878221491626708,28,,-0.16861572247781637
HD_95338,1,Success,36.08885192871094,233.3793698613881,2,-0.05515452770150755,
HD_95872,1,Success,36.317116260528564,0.4326701142153667,6,0.6429457412422669,0.036923077745038356
HD_94890,1,Success,107.3314459323883,12.054687465222747,4,0.49916645073417926,0.12703768382960717
HD_94834,1,Success,116.50048494338989,3.3034867078423553,2,-0.036915537179119856,
HD_95089,1,Success,109.77634882926941,1.2761872763988436,3,0.4385578186816161,
HD_96167,1,Success,24.188367128372192,1.10762295942491,8,,0.06999412562769008
HD_96700,1,Success,21.976143836975098,0.9899777617813632,28,,0.10277569163873285
HD_97037,1,Success,30.235283374786377,2.640451004320147,4,0.295679334375404,
HD_95127,1,Success,143.9637258052826,67.34548233482498,3,0.7088806706805161,
HD_96063,1,Success,99.83182001113892,1.7229095692393528,8,0.3220995066747655,0.281957148647921
HD_97048,1,Success,32.66717314720154,55.808139506442735,15,,0.1291895675077889
HD_98649,1,Success,34.67100286483765,2.4439446960246745,19,,0.4207560290106953
HD_98736,1,Success,32.080422163009644,1.601343676202496,4,0.15599356526472635,0.44453635716568257
HD_99109,1,Success,34.15054488182068,0.8067792199589837,5,-0.12820138709095893,0.05683550753207466
HD_97658,1,Success,61.89821910858154,0.3945907440908464,2,0.463984858114448,
HIP_10090,1,Success,21.457340002059937,0.7691806922977371,16,,0.4957376928524282
HD_96127,1,Success,143.8391878604889,27.674010944917967,4,0.3281791347127621,0.5198491798348439
HD_98219,1,Success,93.31973791122437,3.6070785067504145,11,0.34973674137942806,0.57417316611524
HD_99492,1,Success,50.39707589149475,207.2197904672454,2,0.051176349902973525,
HD_9446,1,Success,275.8552920818329,56.8588754908409,5,0.621287957024998,0.3285540961044755
HIP_109384,1,Success,27.325183868408203,2.0281596650276277,11,0.0925792523262659,0.058997990057955994
HIP_109600,1,Success,34.36674404144287,1.6781058501924777,4,0.20098889503761377,0.1737503882796578
HIP_107772,1,Success,70.15730309486389,1.1394219370586889,17,0.18028141880138043,0.16008677112513311
HD_99706,1,Success,111.65087699890137,7.858410016124489,5,0.5767833749886717,0.2931715442653261
HD_99283,1,Success,119.7534408569336,41.780656101746644,28,,0.3631356513168124
HIP_111909,1,Success,60.585172176361084,0.25508763934091205,4,0.20838639503471354,
HIP_116454,1,Success,34.24980807304382,2.8005232328577567,7,0.8809259067618289,0.00986615352934707
HIP_113103,1,Success,46.642017126083374,194.77829347316737,2,0.3890531591856303,
HIP_12961,1,Success,42.38868808746338,1.913318684182231,20,0.4947145151848764,0.2194163812003036
HIP_14810,1,Success,25.300552129745483,1.6960777426376414,19,,0.22422653310073234
HIP_105854,1,Success,142.76256108283997,154.6234944730849,8,0.18358777040527502,0.30759159277650894
HIP_34222,1,Success,11.0381498336792,66.09637292811593,2,0.6212133844169325,
HIP_114933,1,Success,61.12261891365051,1.2495603440134069,3,0.5364830744331103,
HIP_107773,1,Success,131.3948872089386,94.95704831246165,8,0.031561403184861614,0.5086604475557988
HIP_21152,1,Success,23.20973491668701,7.395652244726645,3,0.5549220939570227,
HIP_19976,1,Success,45.73977708816528,2.1746554297637335,11,0.023661286714251387,0.23000972262900332
HIP_35173,1,Success,34.064456939697266,0.9328430126744862,12,0.3474307625803749,0.7167135474890169
HIP_39017,1,Success,25.049466133117676,1176.5689026320183,18,,0.702533341890525
HIP_39330,1,Success,29.544943809509277,14.130160505904714,3,0.41044696028402056,
HIP_35965,1,Success,42.9865620136261,1.069661185326384,50,,0.2888606871506215
HIP_41378,1,Success,28.208683013916016,1.4759238402458918,8,0.07671789907885043,0.42749909368614214
HIP_38594,1,Success,57.427480697631836,1.8556054565764961,38,,0.552814615525618
HIP_54515,1,Success,22.96178102493286,1.0410986157976845,7,-0.16722593507892267,0.21642760268358988
HIP_4845,1,Success,44.22766590118408,0.5331751563144472,9,-0.1143549031298154,0.022854149733691168
HIP_5158,1,Success,40.27843904495239,3.935850489494997,21,,0.8528414900795014
HIP_54373,1,Success,49.564241886138916,5.795336679801977,3,0.22105887939739916,
HIP_48714,1,Success,75.73324799537659,34.02886169458843,3,0.5528236924119876,
HIP_18606,1,Success,140.89411783218384,3.784604777544346,14,0.2895441118137682,0.31692913215475604
HIP_54597,1,Success,59.52302384376526,2.3714118294189377,26,0.9138685963426126,0.9202107864238642
HIP_55507,1,Success,58.481480836868286,0.7136216640648242,3,0.1949612610952028,
HIP_57274,1,Success,40.704848289489746,5.30974556107917,26,,0.5338733805774712
HIP_5763,1,Success,36.4950270652771,1.1972432692274466,4,0.4487674366984216,0.29075555207888676
HIP_65426,1,Success,13.920034170150757,0.8605679067650986,7,0.18776249948279178,0.2859292697622292
HIP_65407,1,Success,40.22475600242615,2.1585848741178677,12,0.4548635636762146,0.6843413409650637
HIP_56640,1,Success,98.27871084213257,3.6149502991180826,6,0.5990836089253173,0.03058141210592597
HIP_67522,1,Success,19.11938977241516,6.455883066996378,11,,0.50175973379728
HIP_65891,1,Success,59.7941529750824,4.469019382989606,6,0.23822289425254684,0.33066314932651897
HIP_66074,1,Success,51.8209331035614,1.0742000873657203,12,0.45592776605692475,0.6038211428012187
HIP_63242,1,Success,86.97608304023743,44.24672992001696,3,-0.0019023600858243958,-0.03387646923168375
HIP_70849,1,Success,37.60978388786316,7.009640133006732,12,0.9646584185069257,0.08585221125515646
HIP_71135,1,Success,34.73641395568848,1.7708735444532542,3,0.5181335497407186,0.9248475831829097
HIP_65_A,1,Success,103.83288908004761,0.5626299609090125,26,0.4805307617619127,0.45444020232388094
HIP_67537,1,Success,79.71371102333069,23.69126489466014,4,0.3601898342513472,-0.0682419166544009
HIP_78530,1,Success,20.483615398406982,,1,-0.19837040385148452,
HIP_67851,1,Success,82.8263349533081,42.60610690102993,4,-0.05233410887811259,0.6628891199180759
HIP_74890,1,Success,76.47302889823914,8.163068195722918,10,0.1598350440988408,0.5863486657286611
HIP_77900,1,Success,49.22146701812744,189.2040583175283,32,,0.6307378984399127
HIP_8152,1,Success,29.493197679519653,3.5026548739761822,4,0.3422268889937008,
HIP_8923,1,Success,15.419382095336914,1.307581374193885,13,,0.18257157351648512
HIP_56998,1,Success,220.01618194580078,0.5860957733416956,59,,-0.030407582674982475
HIP_86221,1,Success,34.198036909103394,8.815357141332266,6,0.6483301966770734,0.48796233680164436
HIP_94235,1,Success,43.32764530181885,477.41949588122793,2,0.342234301956968,
HIP_91258,1,Success,50.42847800254822,8.599300183211273,3,0.3352900294226579,
HIP_90988,1,Success,65.85955095291138,2.4331248102454843,14,0.7396130852737085,0.5332750943556358
HIP_948,1,Success,44.82866597175598,0.4664658028158616,14,0.5663999637829211,0.2740990197907457
HIP_9618,1,Success,28.93092179298401,,1,0.14162589495473163,
HIP_99770,1,Success,21.32532286643982,18.871244341613092,18,,-0.04371164312249976
HIP_79098_AB,1,Success,151.36904001235962,0.7521190211694275,46,,0.0032449133326995015
HIP_97166,1,Success,55.42683410644531,0.0010501778796211585,2,0.3626069895262064,
HIP_8541,1,Success,155.7594289779663,21.858369062446734,41,,0.43062064044836307
HR_5183,1,Success,16.527973890304565,2.752998065622114,6,0.6127242500127346,-0.03252871291520255
HIP_97233,1,Success,72.25485801696777,3.0173287086322875,4,0.5568012626278683,0.30359104045674684
HR_2562,1,Success,33.340327978134155,20.257033731972633,7,0.12193710442978914,0.6494754810858635
HR_858,1,Success,25.359975814819336,4.645613695143915,4,0.1498681762683835,0.11922559125722611
HR_810,1,Success,31.565724849700928,14.300177684123218,11,0.6515898688829797,0.8021385534862426
HS_Psc,1,Success,47.72435188293457,27.67374193098376,15,0.5425327846475813,0.5411346922357184
HIP_79431,1,Success,249.70816588401794,0.5947196185406309,59,,0.18293828012061608
HU_Aqr,1,Success,57.74298620223999,55.875277751846866,27,,0.521868508479853
IRAS_04125+2902,1,Success,31.977823972702026,140.80944562115843,3,0.4492454943118949,
ISO-Oph_96,1,Success,44.4066219329834,1.1556812948512227,7,0.09326119910530012,0.1885106065707988
ITG_15_A,1,Success,48.85977602005005,0.6162362372871253,2,0.7356001630989958,
K2-10,1,Success,57.28765106201172,0.8030842461790396,12,0.5673331902003369,-0.2179693894205837
K2-100,1,Success,42.462498903274536,5.760084366964399,13,0.3228783782590468,-0.0037829249056453734
HN_Peg,1,Success,225.07202696800232,69.47242322387402,6,0.23421983088167245,0.050336115022955395
HR_8799,1,Success,210.75555300712585,331.93148874134016,4,0.5245561863282904,
IC_4651_9122,1,Success,183.77998423576355,2.4262529342890566,39,,0.5388577611306528
K2-102,1,Success,72.94521117210388,1.1568267005903412,5,0.888478458095474,0.488039085762298
K2-105,1,Success,46.71182584762573,0.9187154327787493,10,0.3622157131323307,0.12663879580682028
K2-108,1,Success,25.574533700942993,0.4503517885288623,2,0.0005440197079165782,
HN_Lib,1,Success,302.21304178237915,0.6134420052147804,56,,0.6653638879246927
K2-104,1,Success,87.17790007591248,0.27350580233920974,3,-0.14014306129707652,
K2-111,1,Success,29.318686962127686,1.2620163447516186,13,,0.3556783397400533
K2-113,1,Success,29.452488899230957,10.323695238184364,3,0.617456990563066,0.2970871249037414
K2-116,1,Success,31.693150997161865,0.6032158843513304,3,0.18844801675447062,0.4626438054339784
K2-101,1,Success,174.48955988883972,0.4729194160444489,35,,0.046357171571362155
K2-115,1,Success,50.33495211601257,55.12520768903422,3,0.2948861693054419,
K2-114,1,Success,61.834834814071655,0.986981561757531,2,0.33732623057572825,
K2-12,1,Success,35.50028586387634,0.7810381742018186,18,,0.41231309548848244
K2-11,1,Success,138.77848315238953,1.7711568713039674,8,0.2898446254667764,0.5006798350471698
K2-118,1,Success,58.97803807258606,1.4823914311221245,36,,0.25739741553625284
K2-119,1,Success,65.46559596061707,1.060565453336548,8,0.3573035173634013,0.27286676081514144
K2-110,1,Success,148.21990776062012,0.6681663776504586,28,,0.29552693005856856
K2-121,1,Success,65.8114070892334,3.1078555416531937,4,0.5597546364216271,0.35600989177911485
K2-122,1,Success,67.48388481140137,1.3424947512848724,21,-0.07771880360613827,0.0583785248246246
K2-123,1,Success,76.49532794952393,34.4181425353495,35,,0.8848181626330842
K2-127,1,Success,49.84269690513611,0.5691799721203394,5,0.6601911195058693,0.5319535472837378
K2-125,1,Success,81.23935198783875,0.1816310656571117,6,0.9005725611133779,0.35207437039246336
K2-124,1,Success,108.51353335380554,3.525327670513125,42,0.1430046520904998,0.5035710672194623
K2-13,1,Success,67.1247706413269,4.679504073816162,21,-0.018611411252704855,-0.18752807124894622
K2-129,1,Success,130.35462403297424,,0,,0.5347021723614247
K2-126,1,Success,186.82390904426575,1.0707303160918025,23,,0.21357793034877715
K2-128,1,Success,176.35098695755005,0.7016843524713132,17,0.4254717108843278,-0.13331110000047974
K2-133,1,Success,86.91021728515625,0.9231198585955989,42,,0.49737123565529523
K2-130,1,Success,218.93913912773132,0.5203347655654599,21,-0.05633556654597004,0.09046175118518737
K2-139,1,Success,53.3907310962677,1.4794709655868166,6,-0.18737180456758595,0.5317842830242926
K2-137,1,Success,150.56630897521973,1.1137168206292296,35,-0.07812455430935718,0.35127455951551917
K2-117,1,Success,493.36478900909424,0.8068486720680308,71,,0.2244186193527257
K2-140,1,Success,48.399882078170776,0.08164795278001,2,0.27458904957514585,
K2-138,1,Success,143.66461992263794,0.0793617799402442,4,0.2136223905954693,0.14706422124992927
K2-136,1,Success,236.00337386131287,0.41081929499982256,36,,0.06668670697148196
K2-14,1,Success,96.39998507499695,1.0088886719348347,46,,-0.04941160915284185
K2-148,1,Success,49.27735686302185,6.433843918590062,34,,0.9765347182960386
K2-131,1,Success,386.8440799713135,1.374992328178779,18,0.19863980809421147,-0.1993665729325384
K2-149,1,Success,47.81324100494385,4.222418214756425,6,0.4843762597678744,0.9295976878353587
K2-146,1,Success,111.71686100959778,0.3108945166024938,3,-0.03385153201960223,
K2-15,1,Success,62.39564800262451,2.032848880523321,59,,0.3721096339068165
K2-150,1,Success,94.70181608200073,1.254985793470905,3,0.7900193407272756,0.34658842413525487
K2-151,1,Success,81.46718692779541,0.5533630788671617,7,0.2684914172149669,0.699506934120735
K2-132,1,Success,457.06413412094116,0.503842215162628,34,,0.574133566263999
K2-141,1,Success,209.35630631446838,42.952514879331545,3,0.6846429625148978,
K2-152,1,Success,75.53127908706665,1.6991071334085568,36,,0.23009302365008305
K2-153,1,Success,95.48855495452881,1.0670018469279463,30,0.5452558246123346,0.6106000596718348
K2-154,1,Success,70.23871111869812,1.7145354936885895,16,0.4637978459962554,0.042639784606415106
K2-157,1,Success,50.33480978012085,1.7152844746935327,24,,0.5087981219303186
K2-156,1,Success,72.18095064163208,0.4216105372795617,13,0.47251468717185957,0.04344973634865795
K2-161,1,Success,20.214903116226196,0.47636942010577,3,-0.39703110237779804,
K2-147,1,Success,263.25205302238464,0.2520280404434547,31,0.03366568383404028,0.26187850067934326
K2-159,1,Success,51.31869292259216,0.8920618036143321,31,,0.07888490240189514
K2-164,1,Success,20.54636287689209,0.5445966387676621,6,,0.0656487931614453
K2-160,1,Success,57.33646893501282,0.4497651721232909,6,0.06479262138959062,0.9258088284675348
K2-167,1,Success,27.22364377975464,1.455254750630281,15,,0.833036184000939
K2-16,1,Success,99.92177391052246,0.4561990232983446,2,0.426058371662603,
K2-162,1,Success,73.57629489898682,1.0565203058167,38,,0.4558603345600128
K2-158,1,Success,173.19512701034546,0.9436944219335619,3,-0.17044704360953566,
K2-169,1,Success,37.02821588516235,5.524856620301619,3,-0.10558929600783745,0.021842710308505108
K2-171,1,Success,16.00822615623474,4.409553529086109,9,,-0.01298847456545725
K2-170,1,Success,34.26154327392578,1.7106890447160785,5,0.20337950824827022,0.5843894808348532
K2-17,1,Success,74.6175799369812,1.1357006505689147,43,,0.8415426023358393
K2-155,1,Success,254.00026178359985,0.7775420709539461,55,,0.08897312895917728
K2-175,1,Success,25.408896923065186,1.5596835050835935,2,0.2373024619583486,
K2-173,1,Success,57.43737077713013,1.4539395389633711,4,0.25118741046216186,0.3873024159349042
K2-168,1,Success,142.41542887687683,0.5425864376531025,8,-0.028954719256823296,0.1394220304945262
K2-166,1,Success,182.97320914268494,0.3016041524496403,15,,0.03957675603569148
K2-165,1,Success,205.76102209091187,0.5180097089157384,38,,-0.043609916510564076
K2-174,1,Success,64.43359780311584,1.6376085018969537,7,0.857749280549276,0.2219241393549137
K2-177,1,Success,27.221009969711304,0.7808958651714143,17,,0.3567349901412587
K2-176,1,Success,46.34428596496582,0.8369091489936834,12,-0.09934321404171412,0.1178176537050829
K2-178,1,Success,39.25225305557251,1.3640856387754605,25,,0.29047699054046533
K2-181,1,Success,46.84189510345459,0.8637193907612746,4,0.07613745969326738,
K2-172,1,Success,145.3146460056305,1.5538865299624478,8,0.2572164432125549,0.11368562198702288
K2-179,1,Success,58.14954376220703,1.2886738728467007,12,0.08299468086551448,0.09941194009744768
K2-183,1,Success,52.521023988723755,0.7061754878854645,5,0.7301436031855661,0.5786873158834964
K2-184,1,Success,45.413822889328,1.1147189668965025,50,,0.42957978817182435
K2-186,1,Success,47.30242705345154,1.0969206727811962,32,,0.6341785290547501
K2-185,1,Success,51.11812496185303,0.3875725617577073,5,0.06835427212024742,0.0056627429206121405
K2-18,1,Success,117.81512498855591,17.50804823417874,45,,0.24318906349374392
K2-187,1,Success,52.87628102302551,1.2749840988390586,19,0.3275519383651248,-0.01843341889723822
K2-188,1,Success,37.014382123947144,6.175286885930233,2,0.9818254758815665,
K2-189,1,Success,41.87688207626343,1.6778266067059389,6,0.7112420085134189,0.07283872136151068
K2-190,1,Success,38.68801712989807,0.8660079349758899,5,0.5308029433009761,0.6666602440489735
K2-19,1,Success,58.79443311691284,1.7724028533200358,2,0.3867085676261516,
K2-191,1,Success,37.66831731796265,1.140082026721172,19,,0.44334610695634347
K2-194,1,Success,25.517587900161743,0.26721842908730054,2,0.36182512871435385,
K2-193,1,Success,41.369495153427124,5.181244916555918,4,0.04338392559270975,0.04727037163638955
K2-182,1,Success,187.62877798080444,0.7209784566301275,36,,0.09156678205945878
K2-196,1,Success,41.037949085235596,6.858334120706918,18,,-0.043363634792017054
K2-197,1,Success,56.67538380622864,1.0167477864069807,32,,0.35487477562053815
K2-180,1,Success,257.41042613983154,2.6957071108836943,10,0.3174125013728468,0.02749330113146956
K2-200,1,Success,63.46101689338684,0.9447378889007915,34,,0.6943628031220128
K2-201,1,Success,54.90767788887024,15.72086868290822,4,0.9212464452477788,-0.01617623044096667
K2-205,1,Success,34.26507067680359,2.6633116168633895,8,0.1222408294850307,-0.019465404135171442
K2-192,1,Success,213.63941884040833,0.5953355199110466,31,,0.2767552843148829
K2-206,1,Success,40.68425107002258,5.034390378180637,2,-0.09914033843703089,
K2-207,1,Success,32.268194913864136,1.6947639887059445,20,,0.382147323505381
K2-195,1,Success,225.9617772102356,0.6296809948354687,28,,0.15544238386509057
K2-204,1,Success,150.72838497161865,0.5214362567121972,25,,0.008341009011772907
K2-209,1,Success,46.48360300064087,1.101297435966129,7,0.41588518777888434,0.3267624810435299
K2-199,1,Success,236.5616979598999,0.6617784365537043,35,,0.4008636219634835
K2-210,1,Success,50.77721285820007,5.290376015660733,22,,0.19843434303985139
K2-198,1,Success,294.1971912384033,28.316356006028176,4,0.4811176526282302,
K2-203,1,Success,233.15607810020447,0.8006932605657221,28,,0.01729897587540856
K2-212,1,Success,56.127145290374756,0.3220365011469889,3,0.6158555456086051,
K2-213,1,Success,26.146965980529785,0.9793564045803331,3,0.5623101460395366,0.10099396469931637
K2-214,1,Success,36.34589409828186,0.780042741304815,16,,-0.03206460635959851
K2-21,1,Success,130.83091568946838,0.7747541607053912,32,,-0.11446583481129506
K2-217,1,Success,23.97034978866577,,1,-0.24703280628085691,
K2-216,1,Success,33.453458309173584,1.3215222819706702,10,-0.007713666977425976,0.7371570390007088
K2-215,1,Success,48.040380239486694,5.014761811968932,23,,0.22592895079537803
K2-218,1,Success,43.85853099822998,2.072481598037614,6,-0.05062119431370908,-0.17234558549136877
K2-220,1,Success,34.29759383201599,1.103306127652303,7,-0.1624598992264842,0.029004295663639004
K2-221,1,Success,36.02176475524902,1.238124303651929,26,,0.19802575242626247
K2-208,1,Success,212.70562887191772,0.5374387240692791,35,,0.03296262449846642
K2-222,1,Success,31.255460023880005,3.4369742280786766,25,,0.18191349608511062
K2-22,1,Success,87.20827198028564,3.2066111321730006,20,0.16870635445701346,0.11504333943668825
K2-224,1,Success,59.4452908039093,1.1063737025399465,19,0.01202861716601774,0.03634715090400137
K2-219,1,Success,146.9491729736328,0.8633721690708115,18,,-0.15068546393153295
K2-227,1,Success,57.542426109313965,0.8420403840051163,6,0.03467572424725274,0.039095253944904436
K2-211,1,Success,248.86412501335144,0.49096513318141155,24,,0.17950941474205792
K2-225,1,Success,110.73269605636597,0.3912884905494212,18,,0.16763093736762402
K2-228,1,Success,72.45693707466125,2.6080331344186307,4,0.338198870077362,0.6795556283335548
K2-230,1,Success,42.15771961212158,0.47897826128204574,6,-0.018308915187798282,0.7077429304555403
K2-231,1,Success,43.674124002456665,0.053938907051132995,3,0.03873761981809805,
K2-232,1,Success,36.73316216468811,2.1244546046855297,2,-0.09816733308244086,
K2-223,1,Success,164.4242308139801,0.7241634785835841,36,,-0.13481371839074174
K2-238,1,Success,13.035045146942139,0.8389334962189107,4,0.37757179175391453,0.09656907684443737
K2-237,1,Success,34.71311807632446,1.3372544368451913,9,0.43610311996621176,0.2153702466914627
K2-226,1,Success,175.72755932807922,0.41820176218522365,26,,-0.03751792971333391
K2-241,1,Success,55.86943197250366,0.9811765206844352,7,0.25416865136069455,0.01767110142319301
K2-239,1,Success,138.90657210350037,5.8989723399500695,14,0.19413668296339506,0.9144155159530403
K2-233,1,Success,183.87395906448364,0.48345413557790534,7,-0.14311667006625103,-0.20632502692163734
K2-244,1,Success,49.9543890953064,0.068427127837441,3,0.04465759228848905,
K2-24,1,Success,191.20156478881836,0.36484721540600057,13,,-0.00210945743481697
K2-246,1,Success,58.957465171813965,0.8473512084880963,5,0.423077389942572,0.3004442036753745
K2-247,1,Success,64.54642391204834,0.9928989735073336,24,-0.03528874598867202,0.2801782523825695
K2-243,1,Success,185.12221598625183,10.120820824296608,3,-0.19655223033690947,
K2-229,1,Success,385.20411801338196,2.5266914093814496,15,-0.08368178040366014,0.23322830155943305
K2-249,1,Success,114.11648988723755,0.4243373005932588,16,,0.05228978395983767
K2-25,1,Success,131.1075439453125,1.0311530378877474,6,0.3759946539880182,0.2632258443318001
K2-253,1,Success,35.487979888916016,1.5933807848641428,5,0.2680286244278963,0.5082262441084584
K2-251,1,Success,101.12605309486389,1.5665414450710224,16,0.3132134006875816,0.5455431136352134
K2-240,1,Success,435.9331238269806,2.242029209732695,53,,0.31925139665286073
K2-248,1,Success,248.15933966636658,0.5603695098085232,26,,0.18604044706819547
K2-259,1,Success,39.274614095687866,0.9642354143297122,27,,0.2399724811351167
K2-258,1,Success,42.48060607910156,0.243009605232544,7,-0.021335446493732355,0.1372278325515288
K2-254,1,Success,72.5494110584259,1.992977638223518,54,,0.6201851423142791
K2-261,1,Success,19.754097938537598,0.09991618566859874,2,0.34407181757935335,
K2-250,1,Success,259.6786940097809,0.43717931419264927,18,0.6558356183245874,0.19410503489917105
K2-257,1,Success,105.72801685333252,1.2515972103888968,37,0.527682458681092,0.4490647047591446
K2-263,1,Success,44.49416494369507,0.9822040910419892,30,,0.1617613284416579
K2-26,1,Success,78.72753500938416,1.541203774539071,55,,-0.01491518524480341
K2-252,1,Success,239.22493314743042,0.5157125620624825,38,,0.4440240708755969
K2-264,1,Success,90.29115891456604,0.3285932974359033,23,0.17387363542087186,0.24908857732303555
K2-269,1,Success,32.874157190322876,4.157041972429124,4,-0.18091204362551383,
K2-268,1,Success,61.93340229988098,57.30476738519594,37,,0.38813888694849474
K2-242,1,Success,588.1317009925842,0.6673655730430752,88,,0.04662690154964044
K2-260,1,Success,150.89036893844604,1.166657025179225,18,,-0.0014417595500324115
K2-27,1,Success,45.29397106170654,1.3210118950643497,42,,0.3723453843664481
K2-271,1,Success,49.82128119468689,0.6175150528939409,3,0.573579167486405,
K2-270,1,Success,68.633455991745,16.492940248236877,3,0.6128031213710728,
K2-272,1,Success,59.796701192855835,0.6172819607760875,14,-0.03539408649990667,0.32176537405457983
K2-273,1,Success,64.27979302406311,0.23098972921642433,6,0.4317673896609784,0.09772833561147877
K2-265,1,Success,168.65406227111816,0.34368426260673535,17,0.1271931068635378,-0.01216140665276065
K2-266,1,Success,155.71727800369263,0.7742626978270426,25,,0.0049178468530742805
K2-274,1,Success,59.13660430908203,1.0503355895057478,47,,0.3795613838395228
K2-278,1,Success,18.926685094833374,0.9643393390558238,11,,0.2345786756121526
K2-277,1,Success,40.32021713256836,16.124091916794047,2,0.03179246605128441,
K2-276,1,Success,50.104978799819946,0.6278399161999172,19,0.3709405027120437,0.46540349108979645
K2-279,1,Success,32.83723282814026,0.7512893751269597,23,,0.027930782023127893
K2-280,1,Success,32.47225594520569,0.28209449636280676,5,0.19107450216017327,0.09969417965954094
K2-281,1,Success,51.972954988479614,1.8257506092122107,3,0.5941918180964357,
K2-282,1,Success,47.42188119888306,3.511078696232357,27,,0.5772091530240752
K2-283,1,Success,45.956066846847534,0.7982311809648883,30,,0.4917602994204083
K2-28,1,Success,78.78516507148743,2.722826117339605,6,0.4614089056984362,0.2587164491708907
K2-287,1,Success,30.69444179534912,0.9939485131137933,19,,0.3841680166431181
K2-284,1,Success,76.75270986557007,1.2481243021527164,5,0.349709299019596,0.4512582211613232
K2-286,1,Success,57.28606629371643,2.687061094646941,2,0.22166027498812316,
K2-289,1,Success,35.89741396903992,2.40396296773969,3,0.22662117732382014,0.03952394766696926
K2-290,1,Success,27.23446488380432,7.041412866476357,3,0.2031123740865347,
K2-294,1,Success,21.209132194519043,0.0695239846824415,3,0.176495817127421,-0.024861881382507257
K2-293,1,Success,31.70830202102661,,1,0.27194751867142275,
K2-291,1,Success,41.841898918151855,0.40745995015783937,4,0.271683228711336,
K2-29,1,Success,64.5463650226593,4.179879843162783,4,0.27811640287247896,0.44221765334715557
K2-288_B,1,Success,109.47467684745789,,0,,0.6059992561590714
K2-285,1,Success,140.3868019580841,0.6846154749870906,24,,0.4129591452575934
K2-275,1,Success,218.79337811470032,0.5677073871660011,39,,-0.16838010896620145
K2-295,1,Success,57.72747588157654,2.2698886606776605,4,0.42540428793583335,0.48309763273328044
K2-30,1,Success,47.06840229034424,2.3562185252720673,5,0.391835802221825,0.6099483505201553
K2-318,1,Success,64.58556532859802,6.061102615981625,3,0.39898917919370075,
K2-316,1,Success,100.1798107624054,175.30965762435585,18,0.24609116638136438,0.2989228392646563
K2-317,1,Success,89.41218519210815,1.6086645281600032,22,0.9034129564995795,0.5031752145138528
K2-319,1,Success,47.53773593902588,0.6208046114180871,24,,0.2427737226632697
K2-308,1,Success,188.3444938659668,0.5834882321226075,19,,-0.019061675738158868
K2-315,1,Success,192.31672883033752,,0,,0.36335858769538787
K2-31,1,Success,196.11930799484253,26.96500294615174,28,,0.1286313569302759
K2-321,1,Success,61.714515924453735,0.37337311591960404,8,0.2621376995071651,0.2645427524415603
K2-320,1,Success,90.7040650844574,1.625260613831662,3,0.32912470018022527,
K2-326,1,Success,39.317567348480225,0.9683106000303948,10,0.4259331866476286,0.36704728304298234
K2-322,1,Success,75.66995930671692,0.9497811695863686,40,,0.46337958939010515
K2-32,1,Success,146.42377185821533,0.5871442812136737,21,,-0.016016198323803132
K2-323,1,Success,72.90875792503357,3.509659956302143,12,-0.0319282163390594,0.23418158257975755
K2-330,1,Success,25.19507884979248,1.6171307040035612,9,0.15164045175170185,-0.12135837137469381
K2-329,1,Success,34.23851919174194,30.715941731041454,2,0.15464958962255765,-0.007537816293473643
K2-324,1,Success,89.16972637176514,0.49007880734138554,12,0.22740246368832076,0.17300242030525126
K2-3,1,Success,314.15408420562744,0.5143612761222373,48,,-0.06447750137864101
K2-325,1,Success,93.44916725158691,1.0907033029562507,5,0.10495108853044197,0.39890036871040474
K2-331,1,Success,34.74044919013977,0.7982260769118081,25,,0.23621497978515027
K2-334,1,Success,26.631592988967896,0.8565637833998005,4,0.2797974389201927,0.35182704262896075
K2-333,1,Success,42.210779905319214,1.2372992755455177,15,,-0.3443669517250684
K2-335,1,Success,40.6539249420166,0.03426913315519113,2,-0.08975485911695637,
K2-337,1,Success,29.685096979141235,0.46510472016084264,18,,0.5833575393357497
K2-34,1,Success,26.641734838485718,6.215538311527831,7,0.6593038478420532,0.35447963292503537
K2-336,1,Success,64.69996786117554,2.0261368990217767,19,0.24885466375440818,0.27596625980125966
K2-33,1,Success,116.9597282409668,1.869497915042829,7,0.688127855083653,0.5314095475035767
K2-338,1,Success,58.2522759437561,1.050720400432458,48,,0.5860291911221452
K2-340,1,Success,44.23673391342163,1.2748416121222934,22,,0.023665004386054254
K2-339,1,Success,67.00756406784058,3.6004876136245167,24,,0.5817950447675668
K2-341,1,Success,40.31388521194458,2.208285493104836,3,0.08476628108266739,
K2-342,1,Success,38.91683912277222,0.745288047453119,6,0.07281862343514645,-0.0650940597207073
K2-332,1,Success,135.5719771385193,0.8605883262597429,43,0.5815967914192335,0.6473561130955436
K2-346,1,Success,58.15939807891846,0.8026195947738565,9,-0.14350720071327178,-0.04477285882788638
K2-344,1,Success,80.80680179595947,2.391688562399618,27,0.5589176150263578,0.17665178429145523
K2-345,1,Success,74.23725581169128,0.73114296182705,53,,0.3352560320639507
K2-343,1,Success,89.22592377662659,0.7621534461679634,4,0.5108401673124127,0.4304789360404405
K2-347,1,Success,68.11874413490295,1.210038274560507,54,,0.31688166259496015
K2-349,1,Success,61.11979699134827,1.8234946696934509,4,0.3207787235431507,-0.10878734339501243
K2-351,1,Success,34.64565396308899,0.15628554048009155,2,0.2526733524261972,
K2-350,1,Success,37.45801901817322,1.8404102873979122,14,,0.7154127859406166
K2-353,1,Success,33.493561029434204,3.755612763959138,2,0.7020061818118987,
K2-355,1,Success,50.7767071723938,0.003369028067230157,4,0.14220012932155512,0.17191437262593276
K2-35,1,Success,87.9513852596283,3.808588541667624,3,0.8278200395379094,
K2-357,1,Success,42.09461498260498,1.0891696291423494,24,,0.013896767717609422
K2-356,1,Success,53.58690094947815,0.6382817294443904,10,0.5251339993512723,0.007257173066171305
K2-348,1,Success,161.60445308685303,0.7588121165865487,38,,0.32374096125273405
K2-366,1,Success,40.9038188457489,2.8542388954682463,19,,0.1431342019105962
K2-367,1,Success,47.51918697357178,2.9637074271651493,7,0.24778735025638154,0.09247877007167325
K2-358,1,Success,55.656822204589844,3.0581713452027297,4,0.2957437953643905,-0.016219840294954248
K2-369,1,Success,31.703675985336304,1.1448731447056364,15,,0.3492797061042834
K2-370,1,Success,48.86831092834473,106.52348356302622,2,-0.4838574577861346,
K2-352,1,Success,216.4967918395996,1.0026482506911016,7,-0.10282237523427412,-0.07193238810767329
K2-371,1,Success,74.41550803184509,1.9415982557735443,8,0.5673211732003332,0.5342892520357444
K2-372,1,Success,51.53443789482117,2.1807903774098127,9,0.6411606515435923,-0.14575435181029933
K2-375,1,Success,32.86871910095215,1.381263564031396,11,,0.6869206256189009
K2-374,1,Success,50.91590762138367,1.1644510491676134,14,0.559241806827037,0.41285621591734956
K2-376,1,Success,34.22626996040344,1.307957827598179,15,0.6252247164625538,0.5399099378045129
K2-373,1,Success,118.64060020446777,0.6223607459364137,20,,0.27508865346672273
K2-377,1,Success,59.596378803253174,1.472789222287793,7,0.8403509948127312,0.6413586766965584
K2-378,1,Success,57.465054750442505,0.35615689882657753,17,0.8411323827547824,0.1424135929465504
K2-37,1,Success,229.9966640472412,0.7960550410144052,32,,-0.1343951990484175
K2-38,1,Success,33.43533706665039,0.6883918477085981,5,0.24555067511302478,0.15204996622155792
K2-380,1,Success,31.37141180038452,0.7704775854369499,17,,0.8145230266021884
K2-368,1,Success,308.1413230895996,0.4280399582680316,25,-0.04848734701346411,-0.29272054171167133
K2-382,1,Success,60.26574897766113,3.5671831493531183,34,,0.4500001042635053
K2-386,1,Success,49.67395806312561,0.24727809239865509,4,0.7562449909501459,
K2-36,1,Success,465.15646171569824,6.713494588900084,7,0.16400435386991324,-0.07487794176949386
K2-379,1,Success,227.65135979652405,0.6267100723440256,31,,0.20831031633547714
K2-387,1,Success,81.64309191703796,17.096365628099214,21,,0.6120684515071411
K2-388,1,Success,32.89689588546753,6.660510907112611,2,0.5027401997343011,
K2-389,1,Success,27.720195770263672,165.62150500889334,2,0.6120732807259424,
K2-354,1,Success,594.9085087776184,1.9400534812005283,71,,0.2897369275955289
K2-381,1,Success,252.39363527297974,0.7012321763156392,44,,0.011727472747875082
K2-390,1,Success,37.133872747421265,0.8994585424857369,3,-0.06371588843814308,0.21739310225486683
K2-39,1,Success,66.64152193069458,5.24128093258717,3,0.5908387399330767,
K2-383,1,Success,246.83164501190186,0.6714164178125185,29,,0.07381278145325652
K2-392,1,Success,27.805176973342896,1.0047303819896705,16,,0.680398956871295
K2-393,1,Success,24.73949694633484,1.2333394142253107,3,0.3772148012726839,
K2-391,1,Success,74.24305200576782,2.6900271151706745,33,,0.6758147024274515
K2-398,1,Success,27.937078952789307,0.8408042031270703,20,,0.09237641451344848
K2-394,1,Success,56.68909406661987,2.0232866688789874,29,,0.34950810452457154
K2-397,1,Success,40.43072724342346,0.9463810603724758,27,,0.33665953191358094
K2-395,1,Success,55.030011892318726,1.7003687497218538,25,0.4968252463640469,0.15368167366092877
K2-396,1,Success,49.29040002822876,1.1032191374761477,39,,0.19691665842829054
K2-402,1,Success,33.00296902656555,0.6294116090694322,7,0.17984519886798356,0.6013816943142566
K2-401,1,Success,64.42975211143494,1.2666518763690926,59,,0.21633260280477334
K2-403,1,Success,53.26490497589111,6.212230151690353,2,0.24625547812616205,
K2-4,1,Success,86.44773077964783,1.4659081023774079,52,,0.014546406363986115
K2-400,1,Success,90.55180096626282,0.7670642672149918,8,0.41166362519918226,0.6930166110275527
K2-406,1,Success,27.278746843338013,,1,0.025457600466105908,
K2-411,1,Success,4.550081968307495,,0,,0.31034236099999934
K2-405,1,Success,57.60361886024475,0.46898369785359023,7,0.43769703330408516,0.36059105545781683
K2-404,1,Success,86.63350701332092,0.8785916943391768,11,0.05695728227946642,0.09377792533294649
K2-407,1,Success,40.261176109313965,0.0012948605008261586,2,0.12532770987393585,
K2-409,1,Success,24.61813187599182,0.8890218754257878,19,,0.371825498302857
K2-408,1,Success,50.91579794883728,49.286172918052976,15,,0.0900938331015974
K2-413,1,Success,52.2757203578949,2.666923735935481,19,0.2705250735235062,0.4749388177135729
K2-417,1,Success,40.73308205604553,8.491841934481247,2,0.18603086593428275,-0.02877385438342581
K2-416,1,Success,43.82843995094299,3.9435957206340837,4,0.2560271106775321,0.07418256052357936
K2-44,1,Success,26.877552032470703,1.1763737443121325,19,,0.21604958639578814
K2-419_A,1,Success,100.04425811767578,243.5659474246129,58,,0.658695841441369
K2-46,1,Success,39.73030185699463,1.1123385241835466,3,0.8857631566649002,
K2-45,1,Success,105.04523181915283,0.6247900013608273,13,0.5036060810596252,0.3563023866989798
K2-415,1,Success,206.4373071193695,7.658006725437774,2,0.16270338529613307,
K2-384,1,Success,568.4030900001526,5.732234590366942,4,0.03993020004381612,0.7441367166222554
K2-47,1,Success,65.87856602668762,1.163769043823015,26,,0.23447550068075423
K2-48,1,Success,73.66717791557312,1.6920253543914776,34,,0.6287438053724763
K2-414,1,Success,279.52215480804443,0.4845403073728955,44,,-0.15978514114411224
K2-5,1,Success,82.93429493904114,1.4158770546508297,39,,0.3954840336352848
K2-55,1,Success,35.19672393798828,0.458276720554691,5,0.5047242743996784,0.4891314237888131
K2-50,1,Success,86.87607073783875,0.5838188906021213,11,0.11403983949251509,0.28381152469748044
K2-49,1,Success,123.49895596504211,1.4792620917282366,28,0.29709329790734695,-0.12602550912582094
K2-42,1,Success,310.2376699447632,0.14689770599837115,15,-0.03634162550831017,0.0016688708827126985
K2-54,1,Success,102.33314180374146,2.393251620568279,6,0.26580953373729826,0.8158165187447962
K2-59,1,Success,42.88113498687744,0.11981720245901645,3,0.06605103864371095,-0.05408164963781392
K2-6,1,Success,47.39311099052429,1.4104990238517972,9,0.9167011772214728,0.321617189650082
K2-60,1,Success,21.145179271697998,0.8051184771410321,4,0.4347299104194075,0.2769924263951701
K2-43,1,Success,341.74567770957947,0.7747916724564651,62,,-0.11479245814869964
K2-61,1,Success,34.91881608963013,1.24531227914647,3,-0.030519787112877703,-0.09026640098266332
K2-63,1,Success,18.669092893600464,,1,0.04289184745228331,
K2-57,1,Success,112.26384902000427,4.956855149718562,32,0.7302328211277912,0.3573661285419529
K2-66,1,Success,14.893605947494507,3.1823182178158484,2,-0.23161321033018864,
K2-64,1,Success,38.2441668510437,4.94648517538904,24,,0.5939443831629506
K2-58,1,Success,120.69025492668152,1.741188957008758,15,,0.27228959998814
K2-7,1,Success,29.01471471786499,0.44014110437866144,8,-0.02378710300476652,0.19766414414779684
DP_Leo,1,Success,13688.668864011765,,0,,
K2-69,1,Success,48.46461582183838,2.817038468392141,23,0.6221473360520114,0.319429998316228
K2-65,1,Success,62.615198850631714,4.351311512514117,14,0.30983114472520756,0.29900938362378227
K2-70,1,Success,36.576571226119995,,1,-0.06019651585343838,
K2-75,1,Success,18.18235993385315,1.2596245697064279,3,-0.1999818069091263,0.1308654893743635
K2-73,1,Success,29.84113097190857,0.9177830980414654,5,-0.12136870483735891,0.5090869886547561
K2-71,1,Success,53.8271050453186,0.27587656163854063,2,-0.19980054197898114,
K2-79,1,Success,28.98539090156555,,1,-0.04120172206065306,
K2-74,1,Success,53.843777656555176,2.7294862318849553,4,0.24311379206443076,
K2-72,1,Success,71.91155672073364,0.3470084984041524,5,0.32202477387774153,0.4732640712638571
K2-77,1,Success,64.18946695327759,4.8468296609922135,3,-0.1551964760830705,
K2-84,1,Success,35.87409496307373,1.6040599440765875,6,0.19255001368366637,0.47794040062080667
K2-8,1,Success,69.14457702636719,1.0423275731894053,13,0.6368360266258152,0.20293762954655672
K2-80,1,Success,67.8608911037445,2.5602561041834204,7,0.44704742213319987,0.5765126360334395
K2-81,1,Success,52.528273820877075,0.39951403734755714,6,0.48486165166636724,-0.03210287255909011
K2-62,1,Success,193.9680848121643,0.7733802306670886,16,,0.2730181569230641
K2-85,1,Success,55.35807991027832,3.92949876989871,21,0.49978151281012323,0.5677152984816418
K2-87,1,Success,33.29760003089905,1.0866830196369324,23,,0.6113935022797333
K2-86,1,Success,45.12726020812988,0.19989302309977353,8,0.2687865549532762,-0.14006515684529675
K2-83,1,Success,90.4901831150055,1.456705253261848,67,,-0.015113589592481897
K2-90,1,Success,50.20943880081177,1.003695638858631,43,,0.21469995800834266
K2-98,1,Success,27.49434804916382,1.042005183531523,9,0.08901924830198002,0.2994924240766648
K2-88,1,Success,104.50410413742065,1.328913244061537,15,0.1839988690455988,0.9556933384698306
K2-99,1,Success,13.886705875396729,1.8569468118810886,7,,0.9923762495015042
K2-89,1,Success,112.43493676185608,1.4443536705142694,65,,0.6883782109423309
KELT-11,1,Success,14.407506942749023,23.46924885294566,3,0.24102602684426033,0.24532462345782766
K2-9,1,Success,125.7086730003357,1.164315289129444,90,,0.2145347805217488
KELT-1,1,Success,25.905142068862915,3.275850299363461,16,,0.4089115331671496
K2-95,1,Success,100.98679208755493,1.95053843232989,32,0.5295621430656605,0.19713308079506733
KELT-12,1,Success,17.049077033996582,14.251593337743122,5,0.4975961660739186,0.8561604755365034
KELT-14,1,Success,27.69353699684143,8.448403069859904,9,,0.17123328316603864
K2-68,1,Success,316.07978796958923,1.593421403802541,10,0.34216407338169336,0.20590511524844862
KELT-15,1,Success,31.39708185195923,12.337805738708274,4,0.21396364778930607,0.4119704504397481
K2-91,1,Success,135.94031620025635,0.8445812428488679,21,0.4241154993061179,0.38782473058765293
KELT-16,1,Success,27.443104028701782,9.77994992235294,20,,0.36696359530266376
KELT-17,1,Success,25.254175901412964,3.674833450637925,7,0.12460808185167539,0.13032128295457632
KELT-18,1,Success,18.503673791885376,15.668842718486417,3,0.07740552097771773,0.889429733703632
KELT-20,1,Success,22.69671082496643,9.252814340248802,4,0.2325089326707795,0.26742042873735267
KELT-19_A,1,Success,26.65792179107666,0.8360796681795065,4,0.07993644473210472,0.09349870740091341
K2-97,1,Success,145.9617269039154,1.8856118915267253,3,0.6149384435528503,
KELT-2_A,1,Success,22.253445863723755,3.1796511664518863,3,0.22710401189879537,0.4662307928931996
KELT-21,1,Success,32.557538986206055,1.755897877087017,2,0.14913249363074368,0.33974006242245075
KELT-23_A,1,Success,34.25862193107605,2.0451410513965946,5,0.11831089915774404,0.5313613248240653
KELT-24,1,Success,31.03538465499878,13.553987207235542,4,0.6382668802171001,
KELT-10,1,Success,100.9913420677185,6.755686975581016,5,0.22560252576922704,0.30256648467186703
KELT-9,1,Success,13.555675029754639,2.9923501277592424,14,,0.5319528457636324
KELT-3,1,Success,29.684462070465088,3.1270123603436497,6,0.2008412002059652,0.6809882815736521
KELT-6,1,Success,26.204612970352173,,1,0.1546353511069084,
KELT-4_A,1,Success,29.36711096763611,0.30425043696195625,3,0.10029306087979416,
KELT-7,1,Success,26.49201011657715,5.2030513323561545,6,0.1429052394852866,0.44484180972495135
KELT-8,1,Success,29.001921892166138,27.136550132444665,8,0.29653733183293546,0.7218649184745856
KIC_10068024,1,Success,27.420438051223755,3.1670792288988543,4,0.29731879121015464,
KIC_7917485,1,Success,28.071436166763306,1.068121565202697,19,,-0.01285868005793162
KIC_10525077,1,Success,42.63937211036682,0.923738016853495,10,0.11202003855251123,0.057461457397907846
KIC_3558849,1,Success,42.43846321105957,0.8459795047214251,3,-0.02079349818631581,
KIC_8121913,1,Success,18.431988954544067,0.8591443910553362,12,,0.54661871716851
KMT-2016-BLG-1107L,1,Success,3.0834717750549316,,0,,
KMT-2016-BLG-0212L,1,Success,7.090885162353516,,0,,
KIC_5437945,1,Success,48.00019693374634,1.7887727273212384,5,0.32718718865875174,0.6460629358810462
KMT-2016-BLG-1397L,1,Success,5.387826204299927,,0,,
KMT-2016-BLG-1836L,1,Success,6.376266002655029,,0,,
KMT-2017-BLG-1146L,1,Success,3.865109920501709,,0,,
KMT-2017-BLG-1038L,1,Success,5.009596109390259,,0,,
KMT-2017-BLG-0165L,1,Success,6.681811094284058,,0,,
KMT-2018-BLG-0748L,1,Success,3.069525957107544,,0,,
KMT-2017-BLG-2509L,1,Success,4.797979116439819,,0,,
KMT-2018-BLG-1990L,1,Success,1.9000482559204102,,0,,
KIC_9663113,1,Success,20.21595025062561,0.3871147687647622,5,-0.2625207176525968,0.7669250538259079
KMT-2018-BLG-0029L,1,Success,12.513875961303711,,0,,
KMT-2019-BLG-0842L,1,Success,9.437997102737427,,0,,
KMT-2019-BLG-0253L,1,Success,10.77228593826294,,0,,
KIC_5479689,1,Success,62.448028802871704,1.175688111305167,37,,0.35722614888339455
KMT-2018-BLG-1025L,1,Success,20.81747007369995,1.1527496328120024,10,0.012970132555065452,0.012970241923924824
KMT-2019-BLG-1953L,1,Success,6.78304386138916,,0,,
KMT-2019-BLG-1339L,1,Success,8.781556844711304,,0,,
KMT-2020-BLG-0414L,1,Success,8.301636934280396,,0,,
KMT-2021-BLG-0171L,1,Success,6.4485509395599365,,0,,
KMT-2021-BLG-0192L,1,Success,6.818434953689575,,0,,
KMT-2021-BLG-1554L,1,Success,1.9943139553070068,,0,,
KMT-2021-BLG-0912L,1,Success,8.21186876296997,,0,,
KMT-2018-BLG-1292L,1,Success,29.28926992416382,2.185820481358803,13,0.906931152331218,0.5358408987609473
KMT-2021-BLG-1303L,1,Success,8.711035966873169,,0,,
KMT-2019-BLG-0953L,1,Success,23.874495029449463,1.5267477967752807,20,,0.013825997586097165
KMT-2021-BLG-1547L,1,Success,8.282567024230957,,0,,
KMT-2021-BLG-2294L,1,Success,19.979705810546875,0.030754068562807286,3,-0.22778224810974756,
KOI-12,1,Success,27.23549795150757,0.6706612900627886,21,,0.14798726837726542
KIC_3526061,1,Success,120.53871607780457,1.038974923608772,8,0.11228668089201853,0.2271055773472495
KOBE-1,1,Success,35.639097690582275,8.157766491335458,5,0.5027427555172739,0.4835772028731988
KOI-13,1,Success,33.19206404685974,2.1148418594182856,16,,0.5525897981243383
KOI-134,1,Success,32.620580196380615,0.7784149177195039,8,0.41798989422949995,-0.30176526300040724
KOI-1257,1,Success,52.30957293510437,1.1685588842518013,8,0.09473437322088517,0.10654387002793314
KOI-1783,1,Success,45.50139498710632,0.3856627424248011,5,0.29844149119537255,0.17865319497985602
KOI-2513,1,Success,46.83124399185181,1.1077288260908589,19,,-0.1677128495938073
KOI-3503,1,Success,49.3221869468689,2.9287071945714342,25,,0.10363315002456383
KOI-1599,1,Success,63.1886100769043,0.5729489653379434,8,0.15803254814835482,0.2959530074144359
KOI-142,1,Success,74.95449185371399,0.47934004026478,7,0.18759919172626663,0.4350654909593333
KOI-351,1,Success,44.58404898643494,1.7164409307953268,18,,0.2689668924102331
KOI-217,1,Success,67.69154381752014,1.3405104079014032,8,0.5232207862261469,0.3691970280754475
KOI-4978,1,Success,56.704509973526,0.9281657701709535,9,0.46788098350202695,-0.1572502594643269
KOI-7892,1,Success,46.80784487724304,1.7350247964836867,8,-0.02304451968048223,0.6778473655098118
KOI-3680,1,Success,69.63712692260742,1.3338437970077313,15,-0.14431275794775025,0.30872940544979355
KOI-7368,1,Success,69.44485306739807,58.573013340526835,2,0.3263237192916776,
KOI-7913_A,1,Success,74.00877523422241,2.2825349076804318,13,0.38084117434874715,0.4343953574081669
KOI-94,1,Success,43.81190514564514,0.6384628565409564,24,,0.5619057997722876
KOI-984,1,Success,50.05173182487488,,1,-0.15237199505567484,
Kepler-10,1,Success,37.850491762161255,1.0666641579668936,20,,-0.02990407064562113
KPS-1,1,Success,61.20271420478821,2.182652545059488,15,0.4946047530520087,0.26658162684491954
KOI-4777,1,Success,137.3641800880432,1.3240143906736335,25,0.5388331524096132,0.28300046731164236
Kepler-1000,1,Success,36.76976203918457,4.7261828997752895,8,0.6091467232055856,0.1056988650112489
Kepler-1001,1,Success,42.39719915390015,0.9088179538031186,22,,0.38572076894429497
Kepler-1002,1,Success,40.796611070632935,0.7453359931448394,8,-0.0013076506582755873,0.17040561988871267
Kepler-1003,1,Success,47.0108380317688,0.760023644968182,17,0.6847277185952733,0.7286131150617958
Kepler-1005,1,Success,58.34499216079712,1.5764332401378764,3,0.044007856308403266,
KOI-55,1,Success,218.48702192306519,1.7881782908212476,11,0.12666003666245154,0.2003674201417244
Kepler-1006,1,Success,76.81861805915833,0.43936064998282853,6,0.500839164349019,0.190844866027946
Kepler-1007,1,Success,88.17370319366455,1.058151476559862,20,0.7589859694103517,0.47663159667438937
Kepler-1008,1,Success,78.40488195419312,0.8196029303947145,19,0.5077847547476968,0.3988940692239124
Kepler-101,1,Success,26.79267191886902,1.4568547066357678,14,,0.5946361055191756
Kepler-1004,1,Success,132.80370712280273,0.42394300880708075,10,-0.0010586211350694043,0.01273310420162763
KIC_10001893,1,Success,462.15533208847046,2.4400861507261564,295,,0.449996020914842
Kepler-1010,1,Success,53.332277059555054,1.8855696069599652,10,0.16888685352474817,0.12835875533396193
Kepler-1011,1,Success,48.527151107788086,0.7956449986988882,23,,0.09324651881368595
Kepler-1015,1,Success,33.31781196594238,0.9463819348631185,9,-0.21316189480894496,0.6209826333477072
Kepler-1014,1,Success,57.47085499763489,0.3978311707878056,22,0.34808166669223073,-0.09765518309897488
Kepler-1009,1,Success,110.95510721206665,0.8659999223396738,70,,0.08914375907963605
Kepler-1012,1,Success,63.84783887863159,1.0167556311939885,20,0.543036644435914,-0.0044883867298719645
Kepler-1016,1,Success,60.12558698654175,1.655737042133464,9,0.06097081211836739,0.7631343857241163
Kepler-1018,1,Success,50.05618214607239,1.1107509589227154,17,0.9386620746991,0.015608850777386482
Kepler-102,1,Success,56.78249001502991,0.04689232162070781,4,0.707698616321489,-0.2690255031545041
Kepler-1017,1,Success,89.07280588150024,0.8044005481728108,6,0.12460943338824598,0.6728729777179265
Kepler-100,1,Success,280.1877329349518,0.15807067418124612,12,0.0651488558378098,0.34182722468304083
Kepler-1021,1,Success,72.8940942287445,0.3725785232509038,5,0.09523887346651846,0.053615102021069325
Kepler-1022,1,Success,66.96329808235168,1.9442848146142673,7,-0.25853250432381353,0.356603607259658
Kepler-1019,1,Success,80.16807413101196,1.303436737233872,54,,0.2304848276652828
Kepler-1023,1,Success,55.70788598060608,1.0932313578292723,11,0.4690296306969108,0.20734620437451215
Kepler-1024,1,Success,67.64886283874512,2.8888441896539305,7,0.23886656882562599,0.4334731864863542
Kepler-1025,1,Success,53.42842698097229,1.0820059130856203,27,,0.8475934556527197
Kepler-103,1,Success,52.462140798568726,0.4443844852565373,3,-0.2766184878335895,
Kepler-1028,1,Success,55.65230679512024,0.7055513938458176,5,0.1410386203464252,0.6407077025337805
Kepler-1031,1,Success,49.43292188644409,2.097268547259818,20,,0.3836634147994375
Kepler-1026,1,Success,73.8057279586792,1.2723281295966578,22,0.8162458486111379,0.5964367804851469
Kepler-1029,1,Success,73.81287789344788,0.7262146880012146,8,0.2443896647495343,0.26365930466875154
Kepler-1027,1,Success,85.63481998443604,0.46014322311406913,4,-0.1348122454214531,0.050080053880618314
Kepler-1033,1,Success,48.4347779750824,0.9670505238631426,41,,0.0879157134428545
Kepler-1032,1,Success,64.85754871368408,1.0970659217573648,21,0.12698890598956028,0.4069034618326017
Kepler-1035,1,Success,49.98458003997803,1.0973660161101415,25,,-0.09567450331790721
Kepler-104,1,Success,27.987380981445312,10.566093333544206,5,0.38256237328402243,0.18064478091424843
Kepler-1036,1,Success,55.939972162246704,1.1692504449472456,35,,0.4281781466631292
Kepler-1034,1,Success,71.0978479385376,0.49372292881550917,3,-0.02090095473547102,
Kepler-1037,1,Success,67.92417883872986,0.9316085502315576,35,,0.31757642699613725
Kepler-1038,1,Success,66.18076872825623,2.311050043744384,19,0.4267370520584703,0.031671004969523624
Kepler-1040,1,Success,61.738088846206665,0.28025707732366784,4,0.028680405714072037,
Kepler-1039,1,Success,80.26614713668823,0.6012437936890426,5,-0.017751230452116726,0.606875594465021
Kepler-1041,1,Success,55.98587489128113,0.38745108553276125,6,-0.05715362690012764,0.13255571302815314
Kepler-1043,1,Success,55.59128785133362,7.664171076471968,3,0.9389409550054748,
Kepler-1045,1,Success,47.987587690353394,0.3612204880813635,4,0.07402020492282964,-0.07217888163187623
Kepler-1042,1,Success,69.53292989730835,1.1848108582078742,16,0.11044655758038066,0.13945790233331434
Kepler-1046,1,Success,58.0112829208374,0.33936208309095983,7,-0.007346127701285711,0.33603159829396634
Kepler-1047,1,Success,50.68058800697327,1.437259103261618,4,-0.18566666160130843,
Kepler-105,1,Success,48.579325914382935,0.2726719205790477,18,0.28549877952524755,-0.021874667220564525
Kepler-1051,1,Success,46.71650791168213,2.1536731924419175,14,,0.7522782609337535
Kepler-1050,1,Success,49.521146059036255,0.9652066409999888,11,0.7678390625733266,0.35322464650504337
Kepler-1054,1,Success,37.842859745025635,1.4004479176686246,6,-0.08521695175538256,0.3417381486134812
Kepler-1048,1,Success,75.18660497665405,2.958198861908107,42,,-0.00903550277606252
Kepler-1052,1,Success,65.40197706222534,1.014518798596544,22,0.29731463947890185,0.17130093325586063
Kepler-1055,1,Success,58.79644417762756,16.365067707354562,3,0.031726391066877684,
Kepler-1056,1,Success,54.425508975982666,0.4879943476338577,4,0.14967454076123604,
Kepler-1049,1,Success,120.75265097618103,0.09190478657984039,5,0.6383165276840539,0.2492536081947665
Kepler-1053,1,Success,92.77902626991272,1.0455821131741565,21,0.2866236990069506,0.5599169124636301
Kepler-106,1,Success,60.73020076751709,2.3426048032237285,20,0.061889266406980586,0.034225686441601295
Kepler-1059,1,Success,64.25060987472534,1.6567452386393058,9,0.46776633023355874,0.256750296692784
Kepler-1058,1,Success,77.13276696205139,0.8977706109808106,20,0.4716632776349653,0.22737159068331328
Kepler-1060,1,Success,56.04244685173035,0.8763726021575471,14,0.12058191702820624,0.020615366479042174
Kepler-1061,1,Success,56.23611783981323,1.0643532513318485,3,0.5545977123997432,
Kepler-1063,1,Success,51.3945369720459,1.9712048779364126,7,0.4325162567420836,0.6992777159555259
Kepler-1066,1,Success,51.013882875442505,5.459463681078253,3,-0.00775162517893901,
Kepler-1064,1,Success,66.7512309551239,0.6029592841145152,38,,0.6834181902778698
Kepler-1069,1,Success,47.23304295539856,0.6591606036568044,29,,0.2329102566069917
Kepler-1067,1,Success,56.91676592826843,1.4665177912401524,32,,0.3904777153094925
Kepler-107,1,Success,37.39283800125122,1.6509233216857235,8,0.015224604601754737,0.11693048488641274
Kepler-1065,1,Success,72.09532380104065,0.09351474531182218,3,0.29819791255265,
Kepler-1070,1,Success,39.5283362865448,0.8735293826867023,28,,0.3173452868250172
Kepler-1062,1,Success,94.8562958240509,2.0156694996561613,12,0.19528284854905725,0.6170788710331201
Kepler-1072,1,Success,42.302170753479004,1.173849262059346,14,,0.10317202449747317
Kepler-108,1,Success,27.65165686607361,1.3999810608000958,4,0.09503115196752193,
Kepler-1079,1,Success,40.59229898452759,2.662920684481922,12,0.45090464357161075,0.05352983035062953
Kepler-1075,1,Success,53.17490196228027,1.1516439550922866,29,,0.3690939521382055
Kepler-1077,1,Success,47.61453318595886,0.2826077305975824,11,0.943383603952503,0.26149421960411384
Kepler-1073,1,Success,62.31777906417847,1.3113991544823047,28,,0.052044159522637155
Kepler-1076,1,Success,66.44075107574463,1.3444118618558352,15,0.3955598713491439,0.44911840415629267
Kepler-1080,1,Success,42.955678939819336,0.7365383368036676,31,,0.7664599799655566
Kepler-1074,1,Success,80.0292398929596,0.9877703588998755,17,0.32252662465595555,0.16274773056639452
Kepler-1084,1,Success,33.94465613365173,1.4015997926731685,24,,0.362346258440521
Kepler-1085,1,Success,36.843629121780396,0.704305983536166,25,,-0.23366284608110197
Kepler-1082,1,Success,44.04304909706116,1.0556074168537786,30,,0.921640768567176
Kepler-1081,1,Success,69.35837626457214,0.6796378316812164,19,0.0963162749112426,-0.14622289672326497
Kepler-1083,1,Success,63.79791784286499,0.6657932636875389,4,-0.09587836847364244,0.5120291919833244
Kepler-109,1,Success,37.039791107177734,0.1815887118113972,4,0.29647038812991966,0.7103957017324897
Kepler-1087,1,Success,58.50985503196716,1.2413635296277523,15,-0.034026145116818445,0.07795868488100649
Kepler-1086,1,Success,70.62197184562683,0.8408818879908508,34,,0.49207957209655195
Kepler-1088,1,Success,67.92585515975952,1.8557509039657687,13,-0.3636377387383198,0.17775197403085688
Kepler-1089,1,Success,76.26776790618896,2.536273390038172,4,0.14061316894978743,0.0029847065494891813
Kepler-1090,1,Success,70.72954869270325,1.2436968420558558,49,,0.3639566380428729
Kepler-1092,1,Success,51.18376278877258,0.8356013469458677,15,0.3355767136406641,0.11627248629370691
Kepler-1094,1,Success,38.09494090080261,1.2834015749308394,25,,0.19122677677933542
Kepler-1091,1,Success,62.98330521583557,2.0684566195407013,20,0.0727144377945718,-0.2351296029319522
Kepler-1093,1,Success,48.78258204460144,0.6233461030890007,21,,0.12448851925262631
Kepler-1099,1,Success,37.655311822891235,1.0139593368157567,24,,0.5523422563318896
Kepler-11,1,Success,43.38418698310852,0.9605052085273248,27,,0.37577043281872263
Kepler-1095,1,Success,74.08320093154907,1.8335781605413761,24,,-0.1373221366020323
Kepler-110,1,Success,46.97475624084473,1.2389069236150907,11,0.02663927583564846,0.18192376918906195
Kepler-1100,1,Success,47.43329215049744,0.4689710205533295,11,0.08495108394973268,0.015560793237615052
Kepler-1098,1,Success,58.71262311935425,0.7584896273642218,36,,-0.1414210796756902
Kepler-1097,1,Success,63.72078800201416,0.8392165476062483,7,0.32019208313882247,0.11209568095838293
Kepler-1096,1,Success,87.56274795532227,0.5367070530368148,8,-0.07330869691390668,-0.003554532914296187
Kepler-1103,1,Success,37.9172580242157,1.223063652563666,23,,0.10432826860773659
Kepler-1104,1,Success,40.41658687591553,1.5991849856922031,6,-0.04610312478066905,0.1827485920042833
Kepler-1102,1,Success,54.15059494972229,0.7362734765567035,11,0.07860472335587564,-0.03394469173481429
Kepler-1101,1,Success,63.47019076347351,0.8819661213475654,3,0.007628292478631645,
Kepler-1106,1,Success,45.50161409378052,0.8649344980263225,3,0.19850972349081072,
Kepler-111,1,Success,46.80804085731506,0.9817666804989973,24,,0.6242610047430143
Kepler-1108,1,Success,59.12692403793335,1.5501657921615253,28,,0.5788877594036729
Kepler-1105,1,Success,70.03371524810791,0.9671110420437797,10,-0.15467801096417347,0.43818210411345937
Kepler-1112,1,Success,34.52321982383728,0.677013758353301,13,,0.15972881800692668
Kepler-1115,1,Success,31.57222294807434,1.8856056089817321,14,,0.43848967644946135
Kepler-1111,1,Success,49.57012104988098,2.340226979212714,9,-0.12656208363357294,-0.01967325008035702
Kepler-1113,1,Success,51.988099098205566,2.629782750260697,32,,0.02977805097724683
Kepler-1110,1,Success,75.28749418258667,1.507572715492303,41,,0.2231065225112465
Kepler-1114,1,Success,66.74544787406921,0.8502643263876839,21,-0.09741575219211847,0.7884395808866114
Kepler-1117,1,Success,50.43849802017212,0.5703497703385604,9,0.05648743629108944,0.19264801181828622
Kepler-1118,1,Success,50.20336103439331,0.24585735016649152,3,0.05041957304568962,0.021409222436024968
Kepler-1119,1,Success,44.02458381652832,0.9550459293456018,21,,0.3391335356355213
Kepler-1121,1,Success,30.919124841690063,0.40065526666591744,10,-0.04176889654090935,0.3369293123822425
Kepler-112,1,Success,56.53596901893616,1.2302305616520022,8,0.28859633832815595,0.8583931971055029
Kepler-1116,1,Success,77.41048002243042,92.98470953635496,27,,0.3880252454932817
Kepler-1122,1,Success,48.5871000289917,1.0529409397744578,23,,0.5355481767983497
Kepler-1123,1,Success,46.82608103752136,0.5786770876237709,6,0.13348539995985864,0.08984618621326922
Kepler-1120,1,Success,75.59044313430786,1.2292503222295919,23,0.11441934922944848,0.48336404136773553
Kepler-1125,1,Success,57.01450324058533,0.6333734984366824,35,,0.5585191197722892
Kepler-1126,1,Success,50.49529790878296,9.022546025320707,3,0.7167352265002164,
Kepler-1129,1,Success,57.06340408325195,1.8119683299115301,13,0.7924650898826826,0.7488391294717965
Kepler-1127,1,Success,61.63266086578369,1.2470667949203675,37,,0.2285402304396718
Kepler-1131,1,Success,56.07800793647766,0.9009118070010815,6,0.43885558448283335,0.43035191248828303
Kepler-1132,1,Success,44.88571381568909,1.0701563005993757,22,,0.6285166673980948
Kepler-113,1,Success,83.5743477344513,1.1046640083613104,5,0.1257494349800657,0.41892067711864717
Kepler-1137,1,Success,25.565134048461914,0.7856304288984785,7,0.31763160968422555,0.2070803421622583
Kepler-1130,1,Success,85.82026386260986,0.8890907037595414,16,0.5695793214757675,-0.15101440795974808
Kepler-1133,1,Success,67.45728802680969,4.371968452608646,46,,0.46174121880447866
Kepler-1135,1,Success,55.83964681625366,0.4386095947223087,7,0.22492589202544352,0.017410860768837005
Kepler-1124,1,Success,138.53038382530212,1.1692566775829107,25,0.133793120564733,0.06431841391474781
Kepler-1138,1,Success,39.188679933547974,1.008954682977229,21,,0.675981016389675
Kepler-1136,1,Success,70.7611072063446,1.1251112259345357,12,0.36567127663723265,0.07543609655107666
Kepler-1141,1,Success,54.122004985809326,0.03348609973016048,3,0.29255812019774574,
Kepler-1139,1,Success,65.47911882400513,0.8277565437775101,3,-0.1323223841970466,
Kepler-1142,1,Success,57.571754932403564,1.1747284359573746,20,0.07315301293768234,0.010122989728372653
Kepler-1144,1,Success,49.00205183029175,1.620530779846766,4,0.19378305037492827,0.1266943045460557
Kepler-1143,1,Success,70.6041169166565,,1,-0.12953043756553628,
Kepler-1140,1,Success,82.03100299835205,1.621153440062192,21,0.0030876650657065178,0.45108987052743177
Kepler-114,1,Success,86.1556658744812,3.5224170811899347,48,,-0.23583800377528452
Kepler-1145,1,Success,74.45884013175964,0.9412840938342444,24,0.39021403078912514,-0.02390805306775117
Kepler-1146,1,Success,51.888835191726685,1.0934615143942903,35,,0.23866507631730977
Kepler-1148,1,Success,60.62423300743103,2.3428040442289655,9,0.9178222607703752,0.24678661600056417
Kepler-1147,1,Success,66.95045709609985,9.53446898952834,28,,0.0757168716174373
Kepler-115,1,Success,52.72220802307129,2.1465328084420086,17,,0.4322982203079767
Kepler-1149,1,Success,70.9943060874939,2.2688959307086667,14,-0.032903135422159425,-0.09561871619915008
Kepler-1151,1,Success,62.441903829574585,1.1637716718349402,37,,0.18618263377670652
Kepler-1153,1,Success,56.6328330039978,2.5368177516142327,10,0.08523872105405336,0.32792428321532574
Kepler-1154,1,Success,45.89364194869995,2.0753847300195964,10,0.2976622435780997,0.16625631488912013
Kepler-1150,1,Success,90.38998889923096,0.2178446160393811,4,0.35093143087031176,0.02332190630266975
Kepler-1158,1,Success,26.789123058319092,0.3123474114194096,14,,-0.12797826463458334
Kepler-1155,1,Success,53.124168157577515,1.5480728817365428,32,,0.43348311652987614
Kepler-1156,1,Success,57.41175389289856,1.2926103904882669,12,0.9191163803280694,0.7408381185266338
Kepler-116,1,Success,38.57634782791138,1.33790387028699,7,-0.1302324005953173,-0.03970162828705213
Kepler-1159,1,Success,43.12433218955994,0.7168094646213893,8,0.6195630905995109,-0.10103032215102122
Kepler-1157,1,Success,71.7403609752655,0.8785405450768909,20,0.17222359145497076,0.37232293471226674
Kepler-1160,1,Success,41.85180687904358,1.539123460064745,30,,0.2745291483396005
Kepler-1163,1,Success,38.8417272567749,33.78748888047773,4,0.32273738326762047,0.8959895144346393
Kepler-1162,1,Success,46.70480275154114,17.084530277934,3,0.49990254348181207,
Kepler-1152,1,Success,134.64587688446045,2.8238092125200565,2,0.4463765481157316,
Kepler-1171,1,Success,28.24466896057129,82.78135943474426,2,0.4379001874868486,
Kepler-1165,1,Success,55.209617137908936,2.3074524358989033,3,-0.1358565625218862,
Kepler-117,1,Success,37.02058529853821,1.430808786694263,6,0.7238206387676385,-0.005638918202738658
Kepler-1164,1,Success,71.61589813232422,1.6574165112641221,8,-0.015904816003239123,0.5430012175883803
Kepler-1168,1,Success,54.306401014328,0.34063874030148933,6,0.5929427581929918,-0.007104611254899572
Kepler-1166,1,Success,68.24741315841675,1.0012325592960802,25,,0.14591725223387614
Kepler-1167,1,Success,88.44379305839539,1.0318783811487515,39,,0.4429376677116144
Kepler-1174,1,Success,48.66326594352722,1.164556570151945,30,,0.07282849324578573
Kepler-1175,1,Success,48.68165302276611,2.5543135302296047,14,0.06607252406324249,0.16826311368153773
Kepler-1172,1,Success,62.2677481174469,2.635427073015481,24,,0.735500400147865
Kepler-1176,1,Success,57.0165638923645,0.8336389909704405,6,-0.009521322879615941,-0.10885359587509068
Kepler-1177,1,Success,60.634018898010254,0.5557258303440838,2,0.5171425091932697,
Kepler-1173,1,Success,79.38147568702698,0.5546158337696381,4,0.17565721370221038,0.13701411757757606
Kepler-1179,1,Success,56.31795001029968,0.8715446304807702,23,0.1713034238242081,0.20315672851230226
Kepler-1180,1,Success,56.11799883842468,1.5706320811729824,17,0.48288364496212305,0.8867922073968326
Kepler-1182,1,Success,57.83993911743164,1.9258038260998593,30,,0.28590888754494687
Kepler-1178,1,Success,90.36732912063599,2.627028089610894,38,,0.8499192861339618
Kepler-1183,1,Success,62.452333211898804,1.1131025203688965,5,0.19407164196612559,0.18798235660097326
Kepler-1184,1,Success,66.97934174537659,1.3823651441944362,11,-0.05555222483863442,0.3383454957507388
Kepler-1169,1,Success,198.19633412361145,0.43714152754091884,22,,-0.1038431572788038
Kepler-1186,1,Success,46.99357891082764,2.093141550545535,3,0.01712339812565965,
Kepler-1187,1,Success,51.70149302482605,0.9906984716303798,7,-0.06251535184245063,0.12571760762732162
Kepler-1185,1,Success,79.38040685653687,1.2198490118010608,3,0.0005011213797144511,
Kepler-1188,1,Success,59.90593910217285,0.3255389420480993,3,0.17336934544601348,
Kepler-1189,1,Success,55.65280818939209,1.1828588980104497,15,0.23381738146905426,0.5168647102698264
Kepler-1191,1,Success,61.83701777458191,11.362964012126167,3,0.6749482129814339,
Kepler-1193,1,Success,40.03361678123474,0.8855666412653841,10,-0.08462888478625716,-0.1281378286060145
Kepler-1181,1,Success,164.48024225234985,0.8923205294168575,22,,0.1708589220657085
Kepler-119,1,Success,89.85531997680664,0.9161078406510201,9,-0.027313041933343336,0.5495930178082479
Kepler-1194,1,Success,52.10052704811096,0.9639744758007578,35,,0.35672698192090246
Kepler-1192,1,Success,63.59338092803955,2.4311770140269595,20,0.06477548400056572,0.36940648084580485
Kepler-1190,1,Success,90.34276676177979,0.0021602064532804527,4,-0.018878459671338894,0.08117547800714918
Kepler-1195,1,Success,66.37151908874512,0.6791840286464712,47,,0.042722445577201534
Kepler-1198,1,Success,44.1473548412323,1.0631823329848478,25,,0.5216199879454516
Kepler-12,1,Success,36.432806730270386,2.5139912983664976,6,0.2545320638975108,0.5634569847130981
Kepler-1196,1,Success,63.79796481132507,0.8951915143644548,19,0.5564876860442822,0.485328659108403
Kepler-1199,1,Success,51.3051278591156,1.373387479879013,3,0.2556153161152243,
Kepler-1201,1,Success,47.94291114807129,0.6722475029286329,15,-0.3249358288261341,0.544291488509505
Kepler-1197,1,Success,87.2196671962738,6.744264856174876,23,0.5740539779745895,0.5072529191668289
Kepler-1204,1,Success,48.68352198600769,2.1361851983322104,10,0.1619937452789259,0.39494047099031016
Kepler-1205,1,Success,63.63208293914795,1.1553327393882453,28,,0.5937012558250108
Kepler-1209,1,Success,46.15858197212219,2.261000660258389,3,0.20196991712606407,
Kepler-120,1,Success,106.60569906234741,3.6199084205915257,22,0.31189372407314664,0.4374895737871516
Kepler-1203,1,Success,87.64266109466553,1.0035519038291396,33,0.5461699889412553,0.6169700109690096
Kepler-1207,1,Success,65.25516104698181,3.9543221181211794,19,,-0.10013232032033574
Kepler-1206,1,Success,74.36716294288635,0.6890829481906231,16,0.5142546949759179,0.13954028027772172
Kepler-1210,1,Success,52.99544596672058,0.9406777091588454,7,0.12686029329618842,-0.017140850636308456
Kepler-1212,1,Success,44.99548292160034,1.025717272966006,36,,-0.06066584202630304
Kepler-1213,1,Success,48.94773721694946,0.8754757058077209,12,0.2695509623892372,0.5503817264391972
Kepler-1211,1,Success,56.88301706314087,0.8390389245385452,4,0.8788687148470383,0.06942460689733028
Kepler-1216,1,Success,42.14319181442261,1.7974287322813394,12,0.4147919370612082,0.2709391113598168
Kepler-121,1,Success,89.17403292655945,10.84975767170275,39,,0.12846615083880725
Kepler-1217,1,Success,36.198338747024536,2.212788003380086,22,,0.6219859787031603
Kepler-1214,1,Success,67.27662515640259,1.0649136729337005,23,0.4421598053750753,0.1373048068599728
Kepler-1215,1,Success,64.57576394081116,1.643800488842368,20,0.6720296524817598,0.11615638163720254
Kepler-1219,1,Success,34.89745497703552,0.5012011171312541,4,-0.30764336203550013,0.8354484356928236
Kepler-122,1,Success,42.604026079177856,2.650145767410589,11,-0.09103297450281794,0.22903950918212648
Kepler-1221,1,Success,44.41486597061157,0.9045032328024604,18,,0.1829482969279095
Kepler-1218,1,Success,62.35500884056091,1.6668553147756997,16,0.49362545296187876,0.37045070073994013
Kepler-1220,1,Success,55.99119472503662,1.719312612003773,16,0.888986539726986,0.42909120514534127
Kepler-1224,1,Success,46.05070686340332,0.5772349353005043,16,,0.05446562413596696
Kepler-1223,1,Success,59.15422987937927,1.690612176410656,41,,0.8442124019747858
Kepler-1222,1,Success,73.63774991035461,0.6155257976822197,33,,0.18684760581142063
Kepler-1226,1,Success,57.819921255111694,1.0437539950539807,41,,-0.022625494908790365
Kepler-1227,1,Success,59.96356701850891,0.9300174642638692,8,0.0285850632175834,-0.07902950983428533
Kepler-123,1,Success,50.99147391319275,1.284210961844476,11,0.44244118726393056,0.13241164369256297
Kepler-1228,1,Success,63.18470501899719,0.7310919140219749,6,0.6234444462108234,0.42798778830350614
Kepler-1230,1,Success,49.48997116088867,2.59150976009693,33,,0.19232487300244322
Kepler-1231,1,Success,38.08588123321533,4.45892870885659,19,,0.45011428803253245
Kepler-1233,1,Success,30.472373962402344,4.743906198533767,23,,0.34676309597673727
Kepler-1229,1,Success,100.39401292800903,0.8675106375842925,43,0.015441471718888742,0.4150666771619824
Kepler-1234,1,Success,51.20463490486145,0.955155949844695,23,,-0.15812289808362523
Kepler-1238,1,Success,41.9269380569458,0.9717754752557756,9,-0.1514830204194326,0.2349139853379501
Kepler-1232,1,Success,80.28748416900635,0.14054825427966766,2,0.19772334023142893,
Kepler-1235,1,Success,55.62720584869385,0.20468697144158118,5,0.26634536638019213,0.13495614763228544
Kepler-1240,1,Success,70.30793905258179,1.0404289943622922,3,0.3116565597059767,
Kepler-1244,1,Success,30.960964918136597,3.1210915216635082,4,0.5385945969072501,0.03933461787610258
Kepler-124,1,Success,109.27567076683044,1.278927123082916,11,0.2928705280742293,0.12305463780332804
Kepler-1245,1,Success,65.1464262008667,1.136422760574145,43,,0.6194563086000354
Kepler-1241,1,Success,80.89164900779724,0.7036142699042867,19,0.534025359460807,0.714179203862801
Kepler-1248,1,Success,37.98781108856201,0.5686341622311201,2,0.25508500007837254,
Kepler-1243,1,Success,86.41676497459412,1.445785490811273,26,,0.5105507421768266
Kepler-1242,1,Success,91.72629308700562,1.272207881543531,17,0.3231657598464829,0.11320341191039908
Kepler-1249,1,Success,42.424959897994995,1.0786708541517762,24,,0.8018044874697278
Kepler-1250,1,Success,52.57545185089111,83.22187635338454,13,,0.603157979531868
Kepler-1246,1,Success,100.06939911842346,1.1278037077726022,9,0.34804392424556824,0.37211240868202405
Kepler-1251,1,Success,62.476233959198,1.0301469563246544,5,0.16550123257645513,0.38909506575992703
Kepler-1252,1,Success,65.00124788284302,0.8493695587948901,25,,0.07893417732295877
Kepler-1253,1,Success,63.02222013473511,1.4344464547356506,27,,0.11903257560533874
Kepler-1239,1,Success,192.17843508720398,2.4254891088088155,3,0.05099966416177308,
Kepler-1254,1,Success,55.5527241230011,1.4632461344915062,3,-0.15887589062648588,
Kepler-1255,1,Success,48.90397000312805,0.33405454181754995,10,0.5396131730779624,0.3353738143629615
Kepler-1256,1,Success,44.38594889640808,0.5794052019490085,13,0.47624171294068074,0.27798597821292437
Kepler-1258,1,Success,57.7866690158844,1.1808897459366616,38,,0.9896324613151851
Kepler-1259,1,Success,51.68553280830383,5.8369408598250745,39,,0.3705701923830621
Kepler-125,1,Success,128.0945920944214,1.1484174002010124,11,0.05084156145428375,0.5075088340411256
Kepler-1260,1,Success,60.32211184501648,0.8615257329232803,4,0.19883536145961403,0.011874165551655831
Kepler-1261,1,Success,44.85706067085266,4.680924359578259,13,0.4747426165933733,0.13976814198419674
Kepler-1262,1,Success,54.28615212440491,0.5030146731592274,4,-0.04518447042647821,0.07072701049423714
Kepler-1263,1,Success,51.26615595817566,0.921602444449401,24,,0.24061549778717775
Kepler-1264,1,Success,46.56254005432129,0.7446228659014554,18,-0.1972632480843835,0.537658562997381
Kepler-1266,1,Success,49.513941049575806,1.82186943756635,28,,0.2428959022656196
Kepler-1268,1,Success,41.83610129356384,1.146088604301629,14,-0.03884583642019157,0.15508018668010634
Kepler-1269,1,Success,44.79296588897705,0.9624160665567508,6,0.007955419980844718,-0.0964849261783546
Kepler-1265,1,Success,62.699617862701416,0.46372096350349895,4,0.3696920471655811,-0.03061369550295356
Kepler-1274,1,Success,22.32628297805786,0.19005966325425896,6,0.7148123907554828,-0.03992513695804155
Kepler-1271,1,Success,45.94609999656677,0.7420595596831421,17,,0.4083798450057025
Kepler-1275,1,Success,39.27583312988281,0.6115133553258351,27,,0.34637375759168204
Kepler-1272,1,Success,51.15346384048462,0.5010915087320442,12,0.09277195046956915,0.34271978546093956
Kepler-1276,1,Success,44.51518177986145,1.6880022233132095,15,0.7378277006837631,0.6350163775479651
Kepler-1273,1,Success,79.99974489212036,20.60379533738484,30,,0.04944107328989466
Kepler-1279,1,Success,39.789916038513184,0.7270457321676647,9,-0.2867629547677404,0.38577702344313214
Kepler-126,1,Success,198.0404531955719,0.48108815251527387,28,,0.4671378054143505
Kepler-1278,1,Success,51.31391000747681,1.713139984172715,22,,0.07236215932113109
Kepler-1277,1,Success,69.4846260547638,0.5261969114663754,26,0.44481181693816063,0.25888507950053496
Kepler-128,1,Success,44.3906888961792,0.5053720524328292,9,0.2725327973071553,0.051984725999070544
Kepler-1282,1,Success,45.017245054244995,1.4870874267977519,30,,0.08147164277991756
Kepler-1283,1,Success,51.72406721115112,1.381077896032595,33,,-0.12427447537163333
Kepler-1281,1,Success,73.71956205368042,39.77468578391736,14,,0.9599116234618457
Kepler-1270,1,Success,176.30427074432373,2.102928903425029,22,0.5102703576580668,0.12474642663397612
Kepler-1284,1,Success,60.7547128200531,4.381612948217139,3,0.3271125711884276,
Kepler-1285,1,Success,65.36035871505737,1.9663830146360415,27,,0.7318426612877144
Kepler-1286,1,Success,62.6854681968689,1.5303831690401422,33,,0.05987758430639667
Kepler-1287,1,Success,51.872509241104126,0.3951856306315492,15,0.32299229634844234,0.6768896111160382
Kepler-1288,1,Success,62.657557010650635,0.4371442063037456,4,0.3999422915188296,0.09753987856962301
Kepler-127,1,Success,246.65256714820862,0.49666269111723754,25,,-0.09526049104138759
Kepler-1292,1,Success,47.88621807098389,0.45819269961042197,4,-0.15012780765346695,0.07651941217206222
Kepler-1293,1,Success,40.59825301170349,2.034457174068732,6,0.0321096207336917,0.25123237633358964
Kepler-1289,1,Success,74.52172899246216,0.9212732312077827,21,,-0.07187898955339903
Kepler-1290,1,Success,73.1228129863739,4.281854617403311,10,0.5733749160144487,0.03808849373502097
Kepler-1291,1,Success,63.418984174728394,0.9341737025234444,16,0.21252019354821797,0.032535976019176
Kepler-1298,1,Success,30.826087951660156,1.0994878920079374,6,0.024229156415805614,0.2999111569602422
Kepler-1300,1,Success,38.76619911193848,0.011777861363135371,3,-0.3903238128217195,
Kepler-1294,1,Success,63.410300970077515,53.00547929945605,3,0.629798890343552,
Kepler-1297,1,Success,49.98885798454285,2.0505019771684565,3,0.10503694049255899,-0.02299222176157391
Kepler-1299,1,Success,57.825124740600586,5.034710113434779,37,,0.4250178266659594
Kepler-1296,1,Success,87.07737708091736,0.6566487831472159,20,0.1475550084591355,0.24518381936584496
Kepler-1301,1,Success,57.16324496269226,6.820241809007351,2,0.30006062100903946,
Kepler-1302,1,Success,54.57269501686096,4.081184958818803,37,,0.2718380122996737
Kepler-129,1,Success,188.8098430633545,0.39182198994249123,18,,0.054738813120389515
Kepler-1304,1,Success,71.19001531600952,0.745172046227058,19,0.37967330351586764,0.42157830513424543
Kepler-1307,1,Success,63.244417905807495,0.9532034631540698,14,0.05350014274761124,-0.14016225493521167
Kepler-1303,1,Success,76.13627910614014,1.3463792446228144,14,0.10686598098357802,0.3382494625845141
Kepler-1311,1,Success,36.565110206604004,0.5777261146409386,20,,-0.12706138213729798
Kepler-1309,1,Success,79.24026489257812,1.0910428119076452,7,-0.14247563017525236,0.15393848578388747
Kepler-1312,1,Success,74.57690906524658,1.2070639727368788,8,0.5952372038097797,0.5292055740233049
Kepler-1310,1,Success,81.33236384391785,0.41081746348851544,10,0.6317427387008027,0.5475483637917217
Kepler-1315,1,Success,65.57898497581482,3.0311497529972593,2,0.3958574473542434,
Kepler-1313,1,Success,110.9981472492218,81.13186252375867,30,,0.7544485521990217
Kepler-1317,1,Success,70.93745613098145,1.5913629367147604,22,-0.10919627073638097,-0.026308724528168986
Kepler-1316,1,Success,72.8590497970581,1.2547136077957346,10,-0.22059533272949258,-0.005272302068344777
Kepler-1314,1,Success,120.25553703308105,0.9290498483180538,14,0.5066344819881626,0.7019887968755475
Kepler-1308,1,Success,211.2537441253662,1.1017875027519013,14,-0.02082082722675034,0.5550662535224392
Kepler-1318,1,Success,75.97377395629883,18.54804441151122,4,0.7145224421486462,
Kepler-1323,1,Success,59.15732002258301,0.022665684136179358,2,0.6187823361905789,
Kepler-1326,1,Success,38.4497971534729,0.7128632628421218,5,0.29292592202687934,0.2536920659173662
Kepler-1319,1,Success,113.65176200866699,0.8790513788581263,6,0.11550150303811021,0.4422554789286226
Kepler-1325,1,Success,61.78420305252075,4.895477846895608,17,0.29378146197714716,0.04041360570842697
Kepler-1324,1,Success,86.53657913208008,1.1431854718181005,52,,0.4372367473061806
Kepler-130,1,Success,363.59053015708923,0.5538550745644383,21,,-0.05725488514675364
Kepler-1327,1,Success,54.35955214500427,0.8860011132487723,8,0.04366753872363056,-0.029423605334730336
Kepler-133,1,Success,42.652090072631836,0.71036898017966,18,,0.28372244134871877
Kepler-1328,1,Success,57.206713914871216,1.2888022670584913,30,,0.3508370574670294
Kepler-1329,1,Success,71.96550989151001,0.79654744274793,10,0.2319041649039963,0.10550210579602305
Kepler-1334,1,Success,39.01763296127319,1.6928185555316382,12,0.09152514979456002,0.5697013623979456
Kepler-1333,1,Success,62.63564610481262,0.6552297409595622,34,,0.5235942436396925
Kepler-1332,1,Success,77.53613996505737,1.6059133015466869,30,,-0.09162291582479494
Kepler-131,1,Success,354.44225001335144,0.5276937461389777,43,,-0.20555196283695162
Kepler-1331,1,Success,102.793936252594,0.09801943679659603,7,0.3912207623081025,0.6733058178651248
Kepler-1336,1,Success,45.91685605049133,0.3619568262919611,10,0.5367928362426818,0.1327275764184281
Kepler-1340,1,Success,37.597172021865845,0.7786747387925806,23,,-0.22301532632541649
Kepler-132,1,Success,234.70536708831787,0.6641784031234803,32,,-0.12146145983839132
Kepler-1337,1,Success,65.18877577781677,2.2813199522806658,10,-0.03255309064955469,0.3039462860966317
Kepler-1335,1,Success,106.89232087135315,1.9015916888908846,7,0.5366465265603091,0.4355934696693519
Kepler-1338,1,Success,67.90720105171204,0.6513551044726181,4,0.04537699130096568,0.46011834495252957
Kepler-1339,1,Success,67.80386590957642,0.9926179198411925,34,,0.4911898816272728
Kepler-1345,1,Success,32.74610781669617,0.9681213196556878,16,,0.205721444402719
Kepler-1341,1,Success,85.29385089874268,1.4947454467940808,38,,0.39580807014761615
Kepler-1344,1,Success,53.65940618515015,3.1119323026618657,5,0.1431301124135575,-0.03280321131643771
Kepler-1346,1,Success,52.31279993057251,1.094359969608256,13,0.07233886508754055,-0.04303570741047873
Kepler-1343,1,Success,63.080506801605225,0.9307488730415697,25,,0.15301805340613234
Kepler-1342,1,Success,65.50634384155273,1.0946679445087337,20,-0.009137204315439525,0.43187278497107373
Kepler-1347,1,Success,78.42942190170288,1.221744238818167,45,,-0.017010185717811297
Kepler-1349,1,Success,50.68958592414856,0.38286945418913876,3,0.2228577698172514,
Kepler-1348,1,Success,60.2565438747406,1.933129271210723,28,,0.35955003437831845
Kepler-1352,1,Success,60.705862045288086,2.4802733258836627,20,,0.22452982190735157
Kepler-1354,1,Success,47.73152995109558,0.6700848303695849,7,0.20603863268680417,0.39665619431678717
Kepler-1351,1,Success,85.50899314880371,1.2967290832691742,40,,0.36568235278775885
Kepler-1355,1,Success,65.38226699829102,0.3307977858104179,5,0.35394133654670545,0.3594049770403027
Kepler-1350,1,Success,104.47206592559814,0.9855093038294638,31,0.4820675015486581,0.5227910916995101
Kepler-1357,1,Success,49.32094073295593,0.7028273660286471,16,,0.25715402745654586
Kepler-1353,1,Success,85.97996306419373,1.1173031413637204,49,,0.6161394749675225
Kepler-1360,1,Success,46.762410163879395,0.25012403655078647,3,0.7009524985534176,
Kepler-136,1,Success,51.67769908905029,2.153252342052068,2,-0.01836186107115531,
Kepler-1359,1,Success,68.95961427688599,1.0516415501149667,28,,0.4374956607297813
Kepler-1358,1,Success,81.78423690795898,0.40113506622635714,8,0.0023192940764682904,0.24746614262901653
Kepler-1364,1,Success,28.025677919387817,0.7992730713849359,17,,0.010793131885140066
Kepler-134,1,Success,294.5589439868927,0.5505376306402314,25,,0.5707874922601449
Kepler-1362,1,Success,74.94963788986206,1.1666685021147567,18,0.00748445182347344,-0.10935108044727236
Kepler-1361,1,Success,95.72671413421631,7.029264639616889,52,,0.03939853304428815
Kepler-1365,1,Success,62.64523100852966,1.1541982891467872,12,0.30039852676041656,0.4976907152375836
Kepler-1363,1,Success,82.44811391830444,1.1800827901223911,19,0.46243070083238125,0.6463857134511746
Kepler-135,1,Success,242.4142050743103,0.5760624859088196,28,,0.48343980261176056
Kepler-1369,1,Success,65.19187521934509,4.64255216526723,20,,0.8165141025391018
Kepler-1367,1,Success,66.51568698883057,1.8059708176721945,28,,0.23310583255986006
Kepler-1370,1,Success,53.04989695549011,1.4158236638388444,22,,0.6419798998877893
Kepler-1366,1,Success,100.0641930103302,1.0386145321550644,46,,0.4303722713096416
Kepler-137,1,Success,83.53277373313904,0.6254065397299147,15,0.6972425094547341,-0.16244047833070005
Kepler-1373,1,Success,46.41952419281006,1.2612349779060446,17,,0.2719848539145104
Kepler-1371,1,Success,65.91962814331055,1.979545452317209,23,,0.4888026666129412
Kepler-1372,1,Success,51.037935972213745,0.0619109995556224,4,0.2814042796651185,0.38894904293857546
Kepler-1376,1,Success,63.121803998947144,2.0990635781229687,31,,0.12889953374407007
Kepler-1378,1,Success,58.970972776412964,1.1853364327339684,4,0.922388137718332,
Kepler-1377,1,Success,63.207298040390015,1.9182987587959357,9,0.04375335200386795,0.08572736434900162
Kepler-1382,1,Success,46.28563904762268,0.6307924778229627,4,0.6550197505683153,
Kepler-1381,1,Success,50.86915993690491,1.8499047063439609,3,0.1375541257631619,
Kepler-1380,1,Success,59.1308069229126,0.4984523252683766,4,0.10800991158664336,0.3135154019159112
Kepler-1383,1,Success,48.72807216644287,0.1241054330771123,4,0.44665067164778854,
Kepler-1385,1,Success,39.71899914741516,0.6188932773330744,4,0.20506178691791002,0.23119455173575193
Kepler-1386,1,Success,52.67768907546997,0.6197541131969607,7,0.80458987340167,-0.016272539371023582
Kepler-138,1,Success,116.53328895568848,7.690398121523507,34,0.4641196146834438,0.572428644728339
Kepler-1375,1,Success,146.73331809043884,0.4934060171186144,16,,0.23702946988525633
Kepler-139,1,Success,42.306973934173584,0.8466101097891373,6,0.4982070235601035,-0.2693429445712588
Kepler-1384,1,Success,87.73172521591187,1.0512303354674704,10,0.006062977513120408,0.26031932073134095
Kepler-1387,1,Success,86.69458198547363,1.2163361971806788,41,,0.2596013507198634
Kepler-1389,1,Success,68.34446406364441,1.002270550272174,34,,0.3233438521548062
Kepler-1394,1,Success,23.39383101463318,0.1713893184476557,4,-0.13215286614707658,
Kepler-1388,1,Success,95.27465987205505,0.8441387520877441,69,,0.35041124096699094
Kepler-1390,1,Success,55.394278049468994,1.3730721389788556,10,0.8060092220847715,0.55597758397999
Kepler-1391,1,Success,55.42300891876221,0.6364244461093242,30,,0.8932668619051631
Kepler-1392,1,Success,52.810710191726685,0.8000122094999546,31,,0.49159448380655196
Kepler-14,1,Success,29.14853596687317,2.1150028669704306,4,0.08626959296648726,
Kepler-1395,1,Success,50.9114511013031,0.507076702390334,8,0.012483303796323486,0.033412605824662156
Kepler-1396,1,Success,45.0315420627594,1.9220176171804286,7,0.42402829774264705,0.03338623221040246
Kepler-1397,1,Success,51.062981843948364,0.7289099393367178,32,,-0.016516049016139654
Kepler-1393,1,Success,80.73288869857788,1.7303509431836361,6,0.38014937743319555,-0.14136513928038136
Kepler-140,1,Success,44.00645995140076,0.37827656558479045,6,0.2117838936497705,0.12299251065894914
Kepler-1400,1,Success,52.87874984741211,1.5471737254117257,17,0.31303098544918606,0.2739278067150847
Kepler-1398,1,Success,70.42475605010986,1.3320217489521637,17,0.20827401048001817,0.3761574692245088
Kepler-1401,1,Success,56.2171790599823,1.3141305942277344,12,0.2696848081195792,0.5389863246048333
Kepler-1402,1,Success,72.8719699382782,,1,-0.21290017667193353,
Kepler-1406,1,Success,58.93675899505615,2.817852903628297,3,0.2799363191253601,
Kepler-1405,1,Success,62.766873836517334,1.807989630128886,7,0.1248053094968018,0.5428685395108291
Kepler-1408,1,Success,52.8163206577301,0.18951513403319573,7,-0.025062225235361463,0.4953974018205892
Kepler-1407,1,Success,60.9230751991272,2.8699204344517626,2,-0.08437425427882228,
Kepler-1404,1,Success,80.52962708473206,0.9815797526057347,44,,0.49876150837386896
Kepler-1411,1,Success,48.61585783958435,1.1915908308792702,18,,0.17191856280581466
Kepler-1409,1,Success,77.35618615150452,1.008302056287574,26,,-0.008721724773218432
Kepler-1415,1,Success,48.68579888343811,1.385678482255777,4,0.10761823129428016,0.3171619731725529
Kepler-1412,1,Success,60.285974979400635,8.775308684220068,28,,0.39786661355751757
Kepler-1410,1,Success,87.13655304908752,0.8977684265150809,23,0.3200534329150403,0.19102534128701917
Kepler-141,1,Success,93.61618208885193,55.18784279335993,27,,0.24017309263362452
Kepler-1414,1,Success,87.86505889892578,0.22514338999770325,11,0.4494979234543903,0.31694685733248973
Kepler-1416,1,Success,52.93344473838806,0.673866651866631,3,0.47018256498242617,
Kepler-1417,1,Success,60.478967905044556,1.4731778136507725,33,,0.6644616482374349
Kepler-1419,1,Success,62.50043320655823,0.6115492164055245,15,0.07093352736419405,-0.1020223809398957
Kepler-142,1,Success,54.452473878860474,0.46980615702093337,5,0.1839436537373146,0.017173064204436015
Kepler-1422,1,Success,43.959909200668335,1.5282836013170145,9,0.697683291338075,0.16467152000256452
Kepler-1421,1,Success,61.012717962265015,2.2377008800907423,27,,0.41118806407089664
Kepler-1418,1,Success,85.55586791038513,1.1533624207323458,24,0.30016017465081074,-0.08328089870034038
Kepler-1424,1,Success,53.209372758865356,0.994314671698936,26,,0.05517740600198586
Kepler-1423,1,Success,76.10354495048523,0.44588279247876134,15,0.27945063834394945,0.308888098543841
Kepler-1428,1,Success,38.18789291381836,19.883689263251135,5,0.28991781594073873,-0.4791234169035826
Kepler-1429,1,Success,39.08357906341553,1.7702354054211504,2,0.4014554447934193,
Kepler-143,1,Success,48.31619381904602,0.841203454498464,4,0.4042302873892857,0.5418323243897538
Kepler-1425,1,Success,70.31026196479797,0.7015853007503866,28,,0.3746118231630127
Kepler-1426,1,Success,67.94857668876648,3.6735461954016517,31,,0.6604638181841684
Kepler-1403,1,Success,283.48631596565247,0.5763154233233805,23,,0.11689177453720959
Kepler-1431,1,Success,52.97956132888794,1.6813464233404214,6,0.18241873996296848,0.06265370372689529
Kepler-1433,1,Success,42.349591970443726,28.814222662550772,22,,0.5212596433247804
Kepler-1432,1,Success,54.582931995391846,0.7474925159785816,21,,-0.022409282582371987
Kepler-1434,1,Success,37.68336510658264,1.6911965065158905,5,0.7224100122558752,0.22565542267361213
Kepler-1430,1,Success,75.3846480846405,1.008863973622044,11,0.8981186371610066,0.5369947020416854
Kepler-1436,1,Success,45.214155197143555,1.2376263747322476,19,,0.21031963604835738
Kepler-1435,1,Success,52.680596113204956,0.35730570853195465,3,0.2719956497981565,
Kepler-1437,1,Success,52.975481033325195,1.2303312550618375,23,,0.9529199119830238
Kepler-1442,1,Success,26.849204063415527,1.349589115436115,23,,-0.20690802037101588
Kepler-144,1,Success,46.71043419837952,0.5303335181684242,14,0.06401274042356944,0.08768016219011783
Kepler-1438,1,Success,67.36837911605835,0.44788795630783934,7,-0.11309956678228138,0.0255534022637437
Kepler-1440,1,Success,67.8998761177063,3.217734764321613,3,-0.03122998067194001,0.17083627245189337
Kepler-1441,1,Success,66.28719902038574,14.013592482023935,3,0.046468597134520416,
Kepler-1443,1,Success,54.13337016105652,1.5514098431657086,31,,0.40921085121580214
Kepler-1444,1,Success,63.22436833381653,10.467686650869815,3,0.3676293079499676,
Kepler-1445,1,Success,49.610429763793945,3.124524662988661,26,,0.05683370020745561
Kepler-145,1,Success,30.572861194610596,1.276074963467393,16,,0.28178822450784624
Kepler-1449,1,Success,42.1491539478302,3.681000139701276,7,0.2701577043741385,0.01650847381045054
Kepler-1447,1,Success,53.919657945632935,0.6197173776523742,16,0.31304028309915494,0.32821385358143834
Kepler-1452,1,Success,24.508246898651123,0.7559472201036024,9,,-0.09962716652799011
Kepler-1446,1,Success,83.63730311393738,2.0962453385344655,10,0.2798080390630852,0.1281951545612091
Kepler-1448,1,Success,62.45152521133423,2.6495092832767893,8,0.1395781029403591,-0.2125447833954896
Kepler-1439,1,Success,138.8914840221405,1.4505859047989182,11,-0.0005245670848912428,0.18924542149982862
Kepler-1451,1,Success,52.20983290672302,0.7387438284104764,38,,0.5055024059256168
Kepler-1453,1,Success,43.756152868270874,0.3625422664244721,6,0.02395085030125957,0.26257162537547507
Kepler-1454,1,Success,48.073731899261475,2.0498017732492015,12,0.2751959594287436,0.1440317144519002
Kepler-1450,1,Success,82.7582790851593,0.8075509252580988,8,0.43386893503294915,0.25550715603566887
Kepler-1455,1,Success,64.54257678985596,1.65891811225767,43,,0.40379675014294053
Kepler-1457,1,Success,65.87500500679016,1.0516794501634568,24,,-0.0598878428843808
Kepler-1456,1,Success,74.39457488059998,1.345164105429178,19,-0.06774077645991372,-0.04243162445783676
Kepler-1458,1,Success,77.63119506835938,1.8665620690338733,6,-0.07699433024963653,0.2988468985675384
Kepler-146,1,Success,56.535022020339966,0.8065679746955823,6,-0.005567083627470633,0.16459516099532193
Kepler-1459,1,Success,72.90336918830872,2.3363716713766913,44,,0.19950847052588977
Kepler-1460,1,Success,65.00235176086426,3.1784115646856295,24,,-0.06136245103759544
Kepler-1461,1,Success,61.67128610610962,0.38320169262862386,3,0.3185781301398424,
Kepler-147,1,Success,40.64825892448425,0.6292110850410879,17,,0.20034428398541804
Kepler-1464,1,Success,62.71475100517273,1.0128176117231296,23,,0.44779411095883037
Kepler-1465,1,Success,59.560110092163086,1.6997789436790747,13,0.22699057365534808,0.30541836459121546
Kepler-1468,1,Success,53.522093057632446,0.7023619371151498,28,,0.5214831982452994
Kepler-1471,1,Success,43.93012189865112,185.00144254560772,26,,-0.134799804251948
Kepler-1472,1,Success,41.11946892738342,1.4784310253744861,13,0.8187689776787772,0.42521023453077356
Kepler-1467,1,Success,73.43349003791809,0.7178310730885665,25,0.2789151658121139,0.10750525583096512
Kepler-1470,1,Success,64.30496168136597,0.7568447979540309,41,,0.29980032686543584
Kepler-1475,1,Success,40.14116287231445,1.0511167214303805,13,-0.18893130532829142,-0.17474431739016885
Kepler-1473,1,Success,44.77961707115173,16.024532211117084,4,0.2795752219662086,
Kepler-1474,1,Success,57.72435903549194,0.9725069395143234,24,,0.5393439151853006
Kepler-1476,1,Success,48.74907207489014,0.503557995140371,4,-0.09524175833624185,
Kepler-1478,1,Success,49.85935592651367,0.6352941690324503,26,,0.3644459481933023
Kepler-148,1,Success,51.2891640663147,0.8090205097540711,31,,0.08878806894710498
Kepler-1479,1,Success,61.97811675071716,0.9159282140545597,33,,0.21469417491299195
Kepler-1477,1,Success,76.81349873542786,0.3125272154176288,6,0.8409049492319207,0.029042903329398625
Kepler-1483,1,Success,42.56867218017578,1.6676762218655667,24,,0.4845081948878465
Kepler-1480,1,Success,68.98612785339355,0.3312194423074425,11,0.34932837448289095,0.034793703772147064
Kepler-1481,1,Success,67.63570523262024,1.9818829808725964,5,-0.02947727503167263,0.4755994604614609
Kepler-1484,1,Success,55.74552869796753,1.9413397415613225,39,,0.3278275664303683
Kepler-1486,1,Success,40.757721185684204,0.4840478749325517,5,-0.1938651872217928,-0.29463750224987656
Kepler-1482,1,Success,71.07679796218872,1.3446951974925974,9,0.011125103398871595,0.2952323652291518
Kepler-1487,1,Success,37.941230058670044,0.6212419093671127,11,0.3516804240645094,0.25564759068830384
Kepler-1485,1,Success,54.939532995224,1.9801536881839914,23,,0.5762466275441183
Kepler-1488,1,Success,44.62709999084473,0.11388466011803086,3,0.27851424765074745,
Kepler-1489,1,Success,55.933866024017334,2.511925303922317,5,-0.05727970276952859,-0.09841200564418175
Kepler-149,1,Success,64.8687789440155,1.3376214040762346,10,-0.2698679175106409,0.3543340456374831
Kepler-1493,1,Success,50.68697905540466,2.2919917730600927,3,0.719927143628049,
Kepler-1490,1,Success,64.07375407218933,0.9682160911488289,20,0.32778156477494175,0.6425768508104134
Kepler-1496,1,Success,43.40280508995056,8.53514751594175,2,-0.131002398801329,
Kepler-1494,1,Success,64.07126975059509,0.22008215241649093,2,0.48074569588855726,
Kepler-1495,1,Success,69.20114803314209,8.478169488286998,32,,0.5876411553649414
Kepler-1492,1,Success,89.00558805465698,1.4720569971654065,52,,-0.09058639278104756
Kepler-1497,1,Success,59.357163190841675,0.5196961104751776,16,-0.28565719741137713,0.14032962665893078
Kepler-150,1,Success,53.02722096443176,1.3258316974362716,12,0.33584524900627954,0.19791188981668523
Kepler-1501,1,Success,41.48976802825928,0.9711951972639611,20,,0.31822509254312636
Kepler-1498,1,Success,70.03874921798706,1.4741078454320207,18,-0.04878533376802888,0.05026731942098957
Kepler-1500,1,Success,55.88471508026123,0.1479272382271355,8,0.31837075996434855,0.36734849198756914
Kepler-15,1,Success,65.34735083580017,0.5288237749506636,6,0.6119326135375069,0.5199721175595498
Kepler-1502,1,Success,43.05348825454712,0.8340483049397067,5,0.10641307137462713,0.3788187003265604
Kepler-1499,1,Success,79.34709095954895,1.252079420131202,44,,0.3233248230994998
Kepler-1504,1,Success,52.696012020111084,1.4284971940190019,13,0.6508722926048356,0.05712454074065089
Kepler-1509,1,Success,47.50503134727478,,1,0.16578526021872986,
Kepler-1511,1,Success,50.4423942565918,0.6077958282668122,10,0.6869409656469575,0.10163781228854143
Kepler-1508,1,Success,56.46610474586487,0.39466274288794617,5,0.16553869717248196,0.40577968109619816
Kepler-1506,1,Success,70.07701802253723,27.956431802177804,32,,-0.15692141136034496
Kepler-1507,1,Success,76.71076679229736,1.5162270142057128,6,0.4296527732338323,-0.02983645834116537
Kepler-151,1,Success,71.19519996643066,3.706499151140912,4,0.33208918457262887,
Kepler-1505,1,Success,101.50702214241028,2647.442232764167,40,,0.16552296142582806
Kepler-1517,1,Success,26.610894918441772,0.7289793210572537,5,0.7820570381556843,-0.022265775719137085
Kepler-1518,1,Success,27.62798523902893,1.1012455611070548,10,0.4415766313883782,0.3752810880606053
Kepler-1515,1,Success,49.24254512786865,8.038054677045404,23,,0.6588589538461082
Kepler-1514,1,Success,49.94181180000305,0.4288757827154497,10,0.070255848332747,-0.11437334741972591
Kepler-1513,1,Success,63.1202130317688,1.2331144423407823,45,,0.1448894012865289
Kepler-1516,1,Success,60.770474910736084,6.075738643773363,2,0.1851574182317479,
Kepler-1512,1,Success,102.94928097724915,1.0791403648001685,12,0.19083052827322455,-0.297236269489686
Kepler-1522,1,Success,45.151166915893555,1.6116531444210516,15,0.6865728998119348,0.30320963028524606
Kepler-152,1,Success,62.482028007507324,9.563860551885625,8,0.0751361156937346,0.6221816410153025
Kepler-1519,1,Success,70.50418519973755,1.3524464949755064,12,0.4425341897957385,0.6338633552370108
Kepler-1520,1,Success,68.90695285797119,1.0784421792083554,17,0.29450939506971846,0.14286732631203627
Kepler-1524,1,Success,51.94112420082092,0.8214134385022079,11,0.5709255962542796,-0.030244632721167324
Kepler-1523,1,Success,69.69062900543213,12.028660974937711,34,,0.2663887334996012
Kepler-1525,1,Success,54.61303901672363,1.090419483164695,23,,-0.0014662076058020905
Kepler-1521,1,Success,92.08845615386963,1.4453944314297227,27,0.6848835979232175,0.2882221121859478
Kepler-1527,1,Success,38.42304992675781,1.5567474570968507,7,0.6076034580981216,0.1371751738750715
Kepler-1528,1,Success,49.66238188743591,2.9425161020013393,5,0.43143220283386585,0.32734345713673235
Kepler-153,1,Success,56.37127113342285,0.18371622886715558,3,-0.20224570477783532,
Kepler-1531,1,Success,47.17493391036987,1.0066543904921004,10,0.5188194286060479,0.072756045464881
Kepler-1526,1,Success,80.86766290664673,1.9937378212295047,22,0.4856772881399557,0.5814354221700252
Kepler-1529,1,Success,63.261807918548584,1.0726129588684499,37,,0.41180202427335727
Kepler-1530,1,Success,59.308192014694214,0.8478940370900856,29,,0.13823703632289314
Kepler-1533,1,Success,46.38379907608032,0.23982198457680304,4,-0.022114098279984874,0.15625179354751353
Kepler-1535,1,Success,47.265405893325806,0.7519130580535793,28,,0.47052699153754357
Kepler-1538,1,Success,37.376771211624146,0.2948800066975174,13,0.47394237211148127,0.3384685371825719
Kepler-1532,1,Success,76.34943699836731,0.6539718016357587,31,,-0.1311820593147611
Kepler-154,1,Success,45.35255694389343,0.8241783916182926,3,0.05864111120182589,
Kepler-1541,1,Success,68.40633392333984,1.3886326670574347,19,0.21244506934907392,0.3809147112559181
Kepler-1537,1,Success,84.8123049736023,1.3767260509713584,25,0.2898021682930669,0.3416229886716939
Kepler-1542,1,Success,57.79166388511658,0.9628242434494527,20,0.10228666036064232,0.12590614424416935
Kepler-1539,1,Success,85.79224920272827,20.484270144653134,45,,0.5732156734276731
Kepler-1540,1,Success,96.46908497810364,1.1518976505972622,59,,0.11698043597837861
Kepler-1544,1,Success,80.89001393318176,1.4740679601549675,6,0.8382472922514683,-0.062023575397472726
Kepler-1548,1,Success,49.08397102355957,,1,0.01244264308275103,
Kepler-1547,1,Success,59.15400815010071,1.3868428094425724,36,,-0.11974127869889842
Kepler-1545,1,Success,95.7559859752655,3.4844511691756908,3,0.020478824579130684,
Kepler-1549,1,Success,62.4202880859375,1.1768464520587045,49,,0.2869474153116947
Kepler-1546,1,Success,73.84448575973511,2.054403981307976,3,0.2993167909057594,
Kepler-1550,1,Success,47.76677370071411,0.8020966813474357,8,0.09707662520779681,-0.0032181228486923242
Kepler-1555,1,Success,37.34879779815674,0.7900195541734354,22,,0.5922253915132039
Kepler-155,1,Success,79.48413586616516,1.538159467740649,21,0.7189367645728498,0.33644212838911564
Kepler-1556,1,Success,55.21791410446167,0.9579486597780227,18,0.6254208318498862,0.40533998373067703
Kepler-1543,1,Success,168.44524788856506,0.9036594106385727,18,,-0.07542153219998343
Kepler-1554,1,Success,63.84280228614807,2.028764683429582,15,0.08299376887078752,-0.0023739835019556724
Kepler-1552,1,Success,73.90673398971558,0.7126557486146505,37,,0.45214837208186387
Kepler-1558,1,Success,67.60394716262817,0.4573267123488307,13,0.054460191078477375,0.16998788734822165
Kepler-1559,1,Success,68.52309203147888,1.0626375871102787,49,,0.3686041518083947
Kepler-1560,1,Success,61.865620136260986,2.7371591306129073,9,0.16021083439987163,0.4571217556940579
Kepler-1564,1,Success,43.59133791923523,1.8676031721974464,20,,0.041458141604557235
Kepler-1563,1,Success,46.16622471809387,0.2782492843810753,2,0.3040341039748238,
Kepler-156,1,Success,71.8579421043396,1.2673412152487837,45,,0.10339930355800388
Kepler-1561,1,Success,56.072253942489624,1.256185985697057,27,,0.2560952096096803
Kepler-1562,1,Success,55.131340980529785,0.8429989969933883,8,0.7174867139589434,0.1501012159431341
Kepler-1568,1,Success,42.54959011077881,4.170624620907737,8,0.5635955951973367,0.8181004915341202
Kepler-1567,1,Success,52.04586911201477,3.1543975098996673,29,,0.49952278169133774
Kepler-1569,1,Success,40.96233320236206,0.7470461903914019,21,,0.17454890088945227
Kepler-1566,1,Success,81.94506692886353,0.7991162338603014,42,,0.5875738889679205
Kepler-1571,1,Success,49.9106330871582,0.07714012431557239,2,0.8356441150558162,
Kepler-1573,1,Success,54.30588507652283,0.5335981476754584,11,0.05028971359621183,0.580754956049885
Kepler-1572,1,Success,55.07065224647522,1.5055736128803214,31,,0.31275665745648656
Kepler-1570,1,Success,79.95934414863586,1.0092967872257448,37,,0.509016205446334
Kepler-1574,1,Success,49.151079177856445,0.6959590847623391,13,-0.01856342331812536,-0.05110723079003628
Kepler-1575,1,Success,57.15196108818054,0.4995251801087154,18,0.18990523484983224,-0.20430971231012005
Kepler-1578,1,Success,48.24252915382385,1.0578609391695617,7,0.19639879343700883,0.24027410684629033
Kepler-1580,1,Success,42.05382585525513,0.08293970010973595,5,0.4778373267776122,0.48666734514094734
Kepler-1576,1,Success,86.86997413635254,1.9163854145695074,16,0.5429937689704629,0.12023138578740875
Kepler-1577,1,Success,90.73770809173584,0.8339350644958997,7,-0.043158752752483674,0.5226826735649694
Kepler-1581,1,Success,58.774198055267334,0.7939139108482094,32,,0.18494873850190696
Kepler-1579,1,Success,87.03143906593323,1.8259977932527394,49,,0.9009982274519438
Kepler-1586,1,Success,33.88378190994263,0.8590337055578322,10,0.41886150096000546,0.013319942212270296
Kepler-1584,1,Success,43.568909645080566,0.5886824539580466,8,0.19619888216555553,0.009543084223177161
Kepler-1583,1,Success,78.26865220069885,0.6766550194900673,16,0.2617005941705248,0.2664020898052644
Kepler-158,1,Success,118.19708704948425,6.971562174656641,3,0.6322823663002726,
Kepler-1587,1,Success,47.9703369140625,0.900318423161816,3,0.6704999263065822,
Kepler-1589,1,Success,50.1845908164978,1.4510872594823587,13,-0.04545764188120149,0.18018124177670672
Kepler-1588,1,Success,59.738394260406494,0.9530966323430619,4,0.33821063638207716,
Kepler-1590,1,Success,45.7190101146698,29.26391432864769,5,0.4873119263428455,0.13566405372145643
Kepler-1592,1,Success,53.898276805877686,5.838834236196873,3,0.36271491506994824,
Kepler-159,1,Success,82.38823580741882,1.5394312602457232,41,,0.24839646050996844
Kepler-1594,1,Success,53.25452494621277,0.5045381675010332,12,0.7631616978748302,0.8821698066193758
Kepler-1591,1,Success,67.4276909828186,1.084831743456664,5,0.5630083343855735,0.26643291054300033
Kepler-1596,1,Success,48.638670921325684,3.0959676716101896,19,,-0.2283760869085225
Kepler-1597,1,Success,44.63324785232544,0.7451483658065727,6,-0.021349107054103096,0.8752365433939593
Kepler-1595,1,Success,58.11405801773071,1.0075944437290831,13,0.9846128393301093,0.4040695729335712
Kepler-1598,1,Success,58.180909156799316,2.0255966735366813,6,0.9560097916294164,0.7518014053315911
Kepler-1582,1,Success,207.32269740104675,24.537718028469925,51,-0.07903102154813609,0.6632685347644903
Kepler-1601,1,Success,48.72325301170349,1.8034425172305413,33,,0.557525316256612
Kepler-160,1,Success,58.470597982406616,3.093209933460713,3,0.042803887055249006,
Kepler-1602,1,Success,51.12648010253906,0.8612435747997134,9,0.5832875979659375,-0.17739669509337935
Kepler-1599,1,Success,69.08857607841492,7.22513427090595,2,,-0.03687617661231096
Kepler-16,1,Success,81.74261713027954,66.51996780112209,3,0.03742151887673539,0.5795919986770435
Kepler-1600,1,Success,80.13352799415588,5.338168718853234,24,-0.24797163978100098,0.36701752976816154
Kepler-1603,1,Success,47.237119913101196,1.0604853829736092,23,,-0.008236637497176607
Kepler-1607,1,Success,46.66026592254639,0.6032072112986853,9,0.2730079114321613,0.06564071291211772
Kepler-1606,1,Success,52.03003120422363,1.2499988872928522,6,-0.002827067150528213,0.45624631560457496
Kepler-1604,1,Success,75.11633372306824,727.3721724121533,35,,0.3326740534509857
Kepler-1609,1,Success,58.05790686607361,0.5817847780241084,4,0.853567448349603,-0.16306434880270473
Kepler-161,1,Success,55.99411606788635,13.514812968445105,5,0.5776217487975401,0.3247334200752174
Kepler-1605,1,Success,84.3131148815155,1.5740844680443198,4,0.314839692028396,-0.23851055833214574
Kepler-1608,1,Success,86.32438778877258,0.7224826384214281,8,0.437466632353225,0.5295047062970993
Kepler-1611,1,Success,60.19695782661438,2.423857360668273,31,,-0.25369578888190153
Kepler-1613,1,Success,65.78819608688354,1.5580628893687392,9,-0.09574848374904732,0.027010465699384895
Kepler-1615,1,Success,55.71468806266785,1.5246506836135685,6,-0.031128779275686448,0.5303274439797335
Kepler-1617,1,Success,46.20813202857971,2.170115568601019,14,0.18822267554614527,0.9888546135434331
Kepler-1614,1,Success,80.45341110229492,1.0466474188821637,31,,-0.07900181603148085
Kepler-1619,1,Success,62.14218282699585,1.7322497920892796,11,0.16018148351299819,0.20465930614734326
Kepler-1622,1,Success,37.84825801849365,0.44423616374582353,24,,0.7162772341886727
Kepler-1620,1,Success,58.13818383216858,3.523379917520636,27,,0.14020916351190588
Kepler-162,1,Success,80.59528684616089,2.3508771938638966,15,0.41253533120367947,0.40032424277992945
Kepler-1621,1,Success,49.45339322090149,0.6437524234068215,17,0.14362976551830425,0.5579474140799177
Kepler-1629,1,Success,63.10676622390747,4.519990939046543,3,0.4857394201346524,
Kepler-1624,1,Success,110.44667267799377,0.9523132883839823,8,-0.01736024031784152,0.24752814869331177
Kepler-163,1,Success,64.87510395050049,0.3185775054973026,3,0.7316214166450979,
Kepler-1627,1,Success,88.15841770172119,4.089990213755142,5,0.22041308321560757,0.8186976796623004
Kepler-1618,1,Success,176.56651997566223,0.8592511410333517,20,,0.1764493456614318
Kepler-1628,1,Success,91.94407200813293,0.9036693205079187,43,,0.5207605451540356
Kepler-1633,1,Success,36.80008506774902,4.467481383269104,6,0.6860363088277267,0.5862962692353231
Kepler-1616,1,Success,219.51076006889343,0.851971305687043,26,,0.458502696662098
Kepler-1632,1,Success,61.96669793128967,0.970082702516763,4,0.1505857961648555,
Kepler-1626,1,Success,149.9306139945984,0.3684822248192976,13,,-0.08360955261126034
Kepler-1634,1,Success,67.43857979774475,1.3290666479237907,30,,0.18054931365718785
Kepler-1635,1,Success,63.676411151885986,23.975627854913142,17,,0.35900019926542404
Kepler-1637,1,Success,58.96753191947937,0.8739786369886934,7,0.06862161603659503,0.21565596444737797
Kepler-1638,1,Success,52.652023792266846,0.3730620998503408,12,0.44150156358451653,0.1483554949385498
Kepler-1630,1,Success,107.86669611930847,1.2290039737795058,58,,0.12832072908467845
Kepler-164,1,Success,42.511985063552856,0.7547646560970088,25,,0.7598301711783184
Kepler-1639,1,Success,62.550209045410156,0.6372537825909174,11,0.1860872323426198,-0.24595751940079005
Kepler-1647,1,Success,30.79457688331604,17.66625490468093,2,0.28232362155411084,
Kepler-1641,1,Success,69.79449105262756,6.226517522652118,22,,0.45011352291588863
Kepler-1645,1,Success,62.698065757751465,1.2987957665450147,11,0.154958634188977,0.4976398015040597
Kepler-1642,1,Success,80.29188179969788,0.986499655222365,30,,0.04325746624460093
Kepler-1644,1,Success,83.8003499507904,0.9634729413460869,32,,0.3753036791431187
Kepler-165,1,Success,69.45286893844604,0.40624523335614776,6,0.37146641343910713,0.15580959592707094
Kepler-1654,1,Success,54.826061725616455,0.5996606678716901,4,0.5443159535338559,
Kepler-1651,1,Success,100.87138485908508,0.7039318673659837,9,0.4084993425534035,0.5934526084877226
Kepler-1640,1,Success,204.72499895095825,0.5346415259804417,20,,-0.2335201181520507
Kepler-1655,1,Success,62.99187707901001,0.7746219211301918,17,0.4513995509464367,0.010177189339928037
Kepler-1656,1,Success,54.933711767196655,0.5721376231871917,10,0.20572767017804994,-0.15940041774409758
Kepler-1652,1,Success,116.77763104438782,1.1358914952756607,24,0.1968115960394041,0.13058902263328476
Kepler-1650,1,Success,153.57557201385498,1.1335515669748601,78,,0.6407757245082994
Kepler-1664,1,Success,35.751620054244995,1.2632847666914988,27,,0.5570724940721902
Kepler-166,1,Success,68.55160927772522,0.7126255371743299,37,,0.16028938150237546
Kepler-1660_A,1,Success,55.434322357177734,34.73964120336115,11,0.24817787313509407,0.5699180491922267
Kepler-1646,1,Success,223.77419710159302,1.0564372984293875,16,0.22153471405768774,-0.04566177080593096
Kepler-1663,1,Success,60.79664206504822,3.9907298068141857,33,,0.23799497890860746
Kepler-1649,1,Success,225.63858675956726,0.660755921323834,28,0.31675602472641573,0.42622586608450774
Kepler-1661,1,Success,77.14861607551575,28.35278316620621,2,0.15391853978176978,
Kepler-1666,1,Success,44.15776801109314,2.937556182659213,4,-0.043152958663558394,0.22289430113183287
Kepler-1670,1,Success,27.44615912437439,1.1023302001035233,10,,0.07955139860574252
Kepler-1667,1,Success,45.286115884780884,2.942202708419461,3,0.655374858826204,
Kepler-1665,1,Success,63.64307117462158,1.0350224950742144,44,,0.49752984155933977
Kepler-1671,1,Success,60.534600019454956,0.5516447562556049,6,0.18197827145230552,0.09938347138068876
Kepler-1672,1,Success,60.908190965652466,2.4691351779717046,26,,-0.16574516957285762
Kepler-1673,1,Success,48.393056869506836,1.1395978380051455,31,,0.4317155005283556
Kepler-1669,1,Success,85.36737990379333,0.9847176882106033,47,,0.45637654427420105
Kepler-167,1,Success,89.33035612106323,1.0221939041964858,10,-0.025443317384202434,0.12773040319234347
Kepler-1675,1,Success,54.05504107475281,1.2042736193733814,6,0.424459290109058,-0.08899949118372291
Kepler-1676,1,Success,59.93994116783142,0.46177081853392016,8,0.16150125813464505,-0.10848848719483614
Kepler-1674,1,Success,70.71827602386475,12.191747738203588,37,,0.36311969086227985
Kepler-1677,1,Success,52.16003489494324,0.8469186019461838,3,0.24495144297911897,
Kepler-1679,1,Success,52.92202591896057,4.12635127766711,10,0.13983866955556537,0.39348871915026745
Kepler-1686,1,Success,46.25591969490051,0.4732188623392936,6,0.201385303164733,0.05920597947011615
Kepler-1678,1,Success,77.7270736694336,1.7874774672618368,15,0.798232068649695,0.17718599232099289
Kepler-1687,1,Success,58.19632387161255,1.706294533170258,12,0.6496444926852148,0.37929918029710974
Kepler-1680,1,Success,89.33622407913208,1.1617488043302724,5,0.5625909342110372,0.6532032380162146
Kepler-1683,1,Success,78.32379984855652,0.909403290124483,8,0.12945640018765492,-0.009068049584453616
Kepler-1681,1,Success,83.84365391731262,1.9656937607413034,7,0.9923455949206762,0.8370715726894303
Kepler-1688,1,Success,75.79382610321045,0.4758448436481926,5,0.03908692029711941,0.03180838865546676
Kepler-1689,1,Success,73.78105211257935,1.4228225170994027,46,,0.16044592764363666
Kepler-1691,1,Success,45.3552041053772,1.2919876081034853,27,,0.2324202034487233
Kepler-1690,1,Success,63.32310199737549,2.5851295654286295,3,0.14702122222612202,
Kepler-1693,1,Success,57.907222032547,2.424091870212039,6,-0.04513185772813498,0.2774641991643923
Kepler-169,1,Success,84.00339794158936,0.8836176842396838,4,0.0019959356794505717,
Kepler-1697,1,Success,94.29498291015625,0.8917130213506013,22,0.5126489567323451,0.18942397774668984
Kepler-17,1,Success,57.771766662597656,3.690864038724749,13,0.4924769688164739,0.527270417119872
Kepler-1700,1,Success,43.818363904953,4.376450642264944,3,0.40436095929363997,
Kepler-1694,1,Success,110.78613424301147,5.3118276902223185,49,,0.5255048511923526
Kepler-1699,1,Success,85.4875762462616,1.3821219102063267,4,0.2393767587346524,
Kepler-170,1,Success,73.09396004676819,1.0449811871130248,22,0.8437351735184656,0.2536781125196427
Kepler-1698,1,Success,90.39320993423462,0.7327920945685938,9,-0.09282206695069105,0.42261469226317455
Kepler-1701,1,Success,71.62290358543396,1.253241990382603,16,0.16769171178260175,0.7524367195435243
Kepler-1704,1,Success,34.811010122299194,3.774950467431916,17,,0.26940800455052333
Kepler-1705,1,Success,43.780988931655884,1.6242177525078503,3,0.09380868728512529,0.7510776456393501
Kepler-1702,1,Success,75.08423805236816,1.206053283397437,26,0.07078755230644428,0.4274653851237215
Kepler-1713,1,Success,43.037988901138306,2.6918889752305937,25,,0.5579089131178687
Kepler-1709,1,Success,63.63875198364258,1.749562366879764,26,,-0.03911762047445686
Kepler-1714,1,Success,31.947293996810913,0.88276151561556,3,0.5053455497516787,
Kepler-1711,1,Success,57.91031193733215,0.9193015344112433,12,0.3049344887189222,0.275305479887254
Kepler-171,1,Success,75.9343421459198,0.5078497571973178,18,-0.30456325293665026,0.15524600807256408
Kepler-1719,1,Success,29.54983115196228,1.5794301822137677,10,,0.4902226661389321
Kepler-1715,1,Success,40.652263164520264,1.0721446257082001,8,0.6130662312758136,0.8300455065981782
Kepler-1710,1,Success,93.26930093765259,2.467492885681525,19,0.4390703196050201,0.5182150071842332
Kepler-1717,1,Success,43.10702419281006,1.1187325741105858,19,,0.04949090512892638
Kepler-1718,1,Success,65.06799912452698,1.001983184752752,28,,0.4335523500520687
Kepler-1712,1,Success,112.41560411453247,0.7554453356270303,3,0.4049810938250302,
Kepler-172,1,Success,51.23030114173889,0.9843269927785807,22,,-0.1181381783066849
Kepler-1721,1,Success,48.378690004348755,0.5928220260391963,8,0.16738017209185568,0.26449769415501095
Kepler-1716,1,Success,95.70286321640015,1.2788202304195253,5,0.2605029229923187,0.38253582455235224
Kepler-1723,1,Success,58.06088185310364,1.4415398742588912,27,,-0.0284056448317879
Kepler-1722,1,Success,71.68507695198059,1.1948900128554814,18,0.5722225616559243,0.4987501683051809
Kepler-1725,1,Success,63.1888267993927,0.2126003749508304,4,0.19725451317200546,
Kepler-1727,1,Success,68.49463105201721,0.8663842657187738,19,0.2824339842716152,0.1942718756700088
Kepler-1720,1,Success,109.01322793960571,23.72095674246492,46,,0.41286353900461825
Kepler-1726,1,Success,85.05517625808716,0.9551825085307583,54,,0.5713441552719889
Kepler-1730,1,Success,48.26252007484436,1.3108263996649916,17,,0.10400120261234731
Kepler-173,1,Success,64.07185316085815,1.2584278084582508,20,0.22204365416982522,0.5546317601682683
Kepler-1728,1,Success,85.53811001777649,1.7892777843817935,39,,0.0590745667400328
Kepler-1732,1,Success,41.029582023620605,1.332347729620096,4,0.3985081479315127,0.06295101959233934
Kepler-1731,1,Success,52.95800304412842,2.767613137585379,12,0.22920506325436357,0.4772420502726142
Kepler-1729,1,Success,105.77213191986084,0.10014522339479748,3,0.08440924163798813,
Kepler-1734,1,Success,62.49993681907654,1.7461797831011767,9,0.146356176273772,0.11006457680778065
Kepler-1737,1,Success,53.74621105194092,1.5906096534924097,29,,0.22574787477730138
Kepler-1738,1,Success,55.482768297195435,6.63094135526922,2,0.27808342361141236,
Kepler-1739,1,Success,79.76328921318054,1.1089164269222893,32,,0.8240439422327773
Kepler-174,1,Success,86.76412296295166,1.2243693931682882,15,0.4778869754527983,0.49697527874269426
Kepler-1743,1,Success,42.98698902130127,1.7609383865382564,3,0.26431088778911177,
Kepler-1740,1,Success,71.19540977478027,0.6940821844080519,8,0.9880788724891512,0.48673535972741483
Kepler-1742,1,Success,64.89753985404968,0.2446100001433047,12,0.06350566183315334,0.45282209278999647
Kepler-1735,1,Success,128.55881690979004,2.3586487520240844,14,0.47219405791010244,0.07633679737813227
Kepler-1745,1,Success,40.21909189224243,1.247637401758815,19,,0.11918900441813655
Kepler-1746,1,Success,53.35395884513855,0.9833570897725312,3,0.4172915700532685,
Kepler-1733,1,Success,183.96533679962158,0.821485249249695,28,,-0.21286078044852227
Kepler-1747,1,Success,58.10195016860962,2.646527615840964,26,,0.044071976759636006
Kepler-1744,1,Success,70.56865906715393,1.423357810616725,37,,0.20470726107262968
Kepler-1748,1,Success,53.50966811180115,1.0960824334096868,16,-0.046423953172147765,0.17969542037055913
Kepler-1741,1,Success,141.79935693740845,1.3301030566434255,90,,0.030681263304669113
Kepler-175,1,Success,55.18138909339905,0.8812011566398066,9,0.7931613798779865,-0.11967826077396612
Kepler-1749,1,Success,92.1298348903656,1.6133850210713514,68,,0.5131845181802714
Kepler-1751,1,Success,53.754684925079346,0.7980142129061659,17,0.7836745271793187,0.28206898586091733
Kepler-1750,1,Success,63.51310086250305,1.0814935437329685,3,0.44082166864908956,
Kepler-1753,1,Success,60.04714798927307,25.930187384216634,31,,0.26583909909752623
Kepler-1752,1,Success,73.34310388565063,2.714793175511014,25,0.12333328914455012,0.4761404975063219
Kepler-1754,1,Success,69.77368402481079,0.957607131003384,44,,0.04452997613967327
Kepler-1758,1,Success,35.30437183380127,1.0538794356020775,3,0.3683927934674972,
Kepler-1755,1,Success,65.07432889938354,1.3599650976468038,44,,0.4629914808278579
Kepler-1757,1,Success,71.13618803024292,0.7461120782863079,3,-0.036158373980440146,
Kepler-1759,1,Success,69.45977091789246,0.5999132004898752,7,0.6415567848840669,-0.2134547368012514
Kepler-1763,1,Success,45.67441511154175,0.601806699895439,14,0.6263166515885595,0.26841010488265704
Kepler-1760,1,Success,67.78968381881714,1.1012368810509738,10,0.012452843461567945,0.2501836219858624
Kepler-176,1,Success,75.30460691452026,3.0017357813841854,12,-0.03501633424646093,0.22366531531166783
Kepler-1764,1,Success,56.47771692276001,1.2532263790729823,32,,0.5423532769925035
Kepler-1765,1,Success,54.56573796272278,1.4346111715538887,16,0.4997557653825293,0.23048421646649317
Kepler-1768,1,Success,40.9562668800354,1.1330043803274739,12,0.04272799109841362,0.0348757065341632
Kepler-177,1,Success,35.93525409698486,3.488318076133455,4,0.8307339814958126,0.1975198941141992
Kepler-1769,1,Success,43.55977988243103,2.9862908409597053,21,,0.16659994690240723
Kepler-1766,1,Success,73.62476801872253,0.4220431114579093,5,-0.030423475469940932,-0.08560354907796625
Kepler-1761,1,Success,105.2048351764679,1.147493956145286,40,0.1910983802338931,0.24271112732978556
Kepler-1770,1,Success,57.37760615348816,19.88115046247472,3,-0.016846426712945176,
Kepler-1771,1,Success,55.201565980911255,0.7558625158082539,11,0.5065812850310961,0.3685960392725552
Kepler-1775,1,Success,35.24659514427185,0.274120031072734,6,-0.023242718548907183,-0.07203693915270354
Kepler-1773,1,Success,39.600512981414795,0.7782128341569031,26,,0.5562960811902481
Kepler-1774,1,Success,44.85879874229431,1.1222633875286674,14,-0.06615101141862717,0.09129103264403639
Kepler-1772,1,Success,66.7317841053009,1.1662811784716225,27,,-0.18658854133411945
Kepler-1777,1,Success,51.65058088302612,0.6685901307106905,30,,0.3863043171222009
Kepler-1778,1,Success,45.082229137420654,21.090881274304813,3,0.41793442474942477,
Kepler-1776,1,Success,60.58658194541931,2.4746465690315937,5,-0.21661222778540426,-0.4103799659440118
Kepler-1783,1,Success,36.44437122344971,1.054084647289771,14,,0.7058070974875378
Kepler-178,1,Success,51.16268801689148,1.7228063327835677,6,0.12406500232509139,-0.19301568900034755
Kepler-1779,1,Success,61.121692180633545,2.4262317531197906,4,0.14893223857128077,0.7228998487859755
Kepler-1786,1,Success,35.58226418495178,0.8454179130159317,24,,0.5925991337019584
Kepler-1780,1,Success,72.68596887588501,1.316335131815388,3,0.20138550853727427,
Kepler-1782,1,Success,76.90630292892456,1.2523824437071074,6,0.3652946328278899,0.6588555492610705
Kepler-1784,1,Success,61.52545475959778,2.2273253447671384,8,0.4415226237110156,0.3823699487308713
Kepler-1787,1,Success,53.49404287338257,0.7572142932591341,17,0.11939664781035042,0.2728651143390034
Kepler-1789,1,Success,55.06213903427124,0.7848301566337739,18,-0.03586757270797499,0.585561109175878
Kepler-1790,1,Success,43.36374568939209,0.585519471525258,20,,-0.020647185209326405
Kepler-1788,1,Success,84.72957611083984,,1,0.3171741571003379,
Kepler-1791,1,Success,67.19972610473633,1.5349590479769264,7,0.0808910764420405,0.08359245497702461
Kepler-179,1,Success,89.46642208099365,1.0961037262477598,18,0.34177651927311614,0.6989536937177993
Kepler-1792,1,Success,62.95340275764465,2.049932299626413,21,,-0.13488552884298732
Kepler-1799,1,Success,43.49436283111572,1.0955265553989344,16,,0.2877712076565668
Kepler-1795,1,Success,78.00770211219788,1.3260238027018263,19,-0.048408673819844455,0.15153330666176212
Kepler-18,1,Success,60.387856245040894,0.6092975191035952,15,-0.11414564281697756,0.24928788561500148
Kepler-1800,1,Success,32.56333613395691,0.7873847193170227,5,0.3881372899945909,-0.20562461257895284
Kepler-180,1,Success,52.522639989852905,0.5202875515669362,24,,0.21076151257304757
Kepler-1807,1,Success,32.5137460231781,0.672807932229395,17,,0.04406168032868797
Kepler-1798,1,Success,113.84007906913757,14.870802945067416,38,,0.1489065050948179
Kepler-1806,1,Success,59.425373792648315,6.624419096872284,3,0.25522913700676186,
Kepler-1801,1,Success,67.42604207992554,2.6368165840726787,20,0.15163667935616948,0.43608092432093637
Kepler-1808,1,Success,59.77679896354675,0.9258639081195772,29,,0.35190991857525056
Kepler-1805,1,Success,96.47927713394165,1.6643787689473368,44,,0.30248669480455537
Kepler-1811,1,Success,42.68036508560181,1.128176009117953,5,0.2923260004091178,0.2888263257195517
Kepler-1809,1,Success,75.28498792648315,1.1154025323197154,18,0.48213477465786975,0.4242382416513624
Kepler-1810,1,Success,52.16626191139221,2.6382397831177173,25,,-0.10665851781123384
Kepler-181,1,Success,79.74653506278992,1.916668683342678,6,0.0775633436810384,0.4087319566791362
Kepler-1812,1,Success,65.2499349117279,0.3387831147194137,3,0.3992894271280208,
Kepler-1813,1,Success,71.50577998161316,2.5030623853245766,15,0.23336158168196694,0.12056701664366076
Kepler-1814,1,Success,61.129799127578735,0.7393392496180511,18,0.773337817340259,0.3099525107647573
Kepler-1815,1,Success,52.01616191864014,1.7620010043631518,17,0.1904044043347032,0.47312087190401053
Kepler-1818,1,Success,52.95706486701965,3.86286737045541,3,-0.028857933725114603,
Kepler-1817,1,Success,57.29802393913269,0.9046804907451783,8,0.9071808167767514,0.2612087823520104
Kepler-1819,1,Success,44.39132905006409,0.6047257431461949,13,0.17301679232377673,0.16436534707532072
Kepler-182,1,Success,37.45455193519592,2.4375205581224746,9,0.7746226484973027,0.5693501444991884
Kepler-1816,1,Success,91.93009400367737,1.4204372244058587,35,,0.5881865673572941
Kepler-1827,1,Success,35.936609745025635,0.6478759370287687,7,0.2941843673226609,-0.13572510009304872
Kepler-1821,1,Success,62.43766212463379,0.6954554155265567,12,-0.20954053465458908,0.26169519238297895
Kepler-1823,1,Success,60.397725105285645,0.8971394528291746,13,0.29265698709725446,0.5225314435470519
Kepler-1824,1,Success,57.32287383079529,2.3318600902554683,24,,0.28074976935639656
Kepler-1828,1,Success,70.9445059299469,1.2178508809789652,13,0.05441747429523805,0.7067506211069898
Kepler-1830,1,Success,37.689374923706055,0.40187940093758096,4,0.229764690681944,-0.12114901994399377
Kepler-1825,1,Success,79.10217905044556,2.0089968381369467,20,0.2795284480621533,0.4915698492392541
Kepler-1833,1,Success,44.643529176712036,0.13239099092266512,2,-0.04430431191366943,
Kepler-1829,1,Success,61.35319900512695,5.027147948486225,3,,0.13837464977956185
Kepler-1838,1,Success,21.36265802383423,0.5835254053286418,15,,0.6492384246730575
Kepler-1826,1,Success,107.98399305343628,1.7391627668346425,20,0.5584558991181557,0.23299603998633003
Kepler-1831,1,Success,67.61795687675476,0.7401846581520877,20,0.40268810782228887,0.5352078012156815
Kepler-1832,1,Success,71.98823595046997,0.7359729848937826,18,0.29738719012068293,0.3038210663416074
Kepler-1837,1,Success,46.975239753723145,4.303579490589758,3,0.032092457369115965,
Kepler-1835,1,Success,52.04201817512512,1.0650985619064257,21,,0.173748998321759
Kepler-1843,1,Success,33.49509811401367,1.2456357474485713,16,,0.0595504620503754
Kepler-1842,1,Success,49.08545112609863,2.425578184186418,15,,0.26755958026614646
Kepler-184,1,Success,68.50846004486084,1.114779238760529,15,-0.02764953138257513,-0.2763160392935764
Kepler-1841,1,Success,63.098472118377686,0.4908764768727941,5,0.31048890970368936,-0.15709101872283926
Kepler-1839,1,Success,74.0138258934021,0.826852780982898,25,,-0.13685031771125816
Kepler-1844,1,Success,71.94800806045532,0.6475498626907449,13,0.6847136303817895,0.12472447149291138
Kepler-1846,1,Success,72.14814901351929,1.588761401437364,28,-0.2000871864713017,0.5453443005560987
Kepler-1845,1,Success,78.01426005363464,1.263557185273353,10,0.48346891102867035,0.3405519691026313
Kepler-1851,1,Success,49.0292751789093,10.694690542167361,10,,0.3430559758178882
Kepler-185,1,Success,60.90169405937195,1.2383436115712092,18,-0.04119141855385352,0.004492011546812358
Kepler-1850,1,Success,62.14286208152771,0.8054616895060576,70,,0.7293913776847819
Kepler-1849,1,Success,72.21264386177063,2.1265085001846957,54,,0.24851261245385514
Kepler-1848,1,Success,99.92094802856445,34.61817614514159,35,,0.5066375028470875
Kepler-1853,1,Success,53.76560568809509,0.26957040268703975,3,0.11113941863002405,
Kepler-1852,1,Success,75.86594796180725,26.56025124896207,33,,0.6310977726008953
Kepler-1854,1,Success,72.83103799819946,8.857385979083274,35,,0.23284334542242688
Kepler-1857,1,Success,52.556750774383545,0.6976709399802066,19,0.6821567367135454,-0.0478910962978411
Kepler-1858,1,Success,63.49665307998657,6.503649257496982,38,,0.4615980596821889
Kepler-1861,1,Success,40.79733467102051,1.1379245166172185,15,,0.19700217992369953
Kepler-1856,1,Success,96.3943133354187,0.3464247302596316,3,-0.08342176825869753,
Kepler-1860,1,Success,71.82961297035217,0.9588580507444273,8,0.08837381254598876,0.2834852896330874
Kepler-1863,1,Success,59.346192836761475,1.1714190055667217,26,,0.046478407070115926
Kepler-186,1,Success,116.92709994316101,0.8977638945916074,35,0.22934247168032565,0.2577634850763192
Kepler-1862,1,Success,88.03465819358826,0.684012637020305,21,0.5316327607662938,0.41045436920750866
Kepler-1866,1,Success,58.548300981521606,0.4281085177324995,24,,0.5160230238131168
Kepler-1855,1,Success,149.92072987556458,0.5873002515014072,12,0.7321138230753508,0.8070263696574663
Kepler-1869,1,Success,55.120078802108765,1.0231474251223491,3,0.29830453769918996,
Kepler-1867,1,Success,79.04380178451538,1.406395797154224,32,,0.3510916180718946
Kepler-187,1,Success,42.17296290397644,0.9986990375180755,10,0.6360385812926733,0.6739827454025868
Kepler-1868,1,Success,98.89982795715332,3.646895829538302,23,0.9227978787968604,0.637441761174339
Kepler-1876,1,Success,35.99362373352051,1.3046141887790896,12,0.5830462629220241,0.4579357492095064
Kepler-1872,1,Success,72.10934710502625,1.370960982156233,18,0.7533835517291477,-0.09245888767703711
Kepler-1871,1,Success,72.7026207447052,4.549991562691925,39,,-0.3870972647067982
Kepler-1870,1,Success,82.50901293754578,1.1519732258299595,18,-0.1563971968176804,0.43069218542222376
Kepler-1874,1,Success,56.44303226470947,1.9364811590024613,4,-0.034424199767180204,
Kepler-1875,1,Success,74.52186822891235,1.208210191431236,28,,0.0995852039646002
Kepler-188,1,Success,42.76552605628967,0.9789007559754856,9,-0.012157712022235489,-0.10738110318978623
Kepler-1882,1,Success,42.42457294464111,0.2831290723017933,5,-0.24929989300228333,0.2918363939533404
Kepler-1877,1,Success,67.06878519058228,0.9110872315309556,40,,-0.09571273864165293
Kepler-1879,1,Success,57.61418604850769,2.0867642894299645,18,,0.27379411961490135
Kepler-1878,1,Success,73.47350811958313,0.2309264205165432,6,0.6488219566274174,-0.0850618339208124
Kepler-1885,1,Success,62.84594392776489,1.6996518450923166,5,0.3603889023257222,0.20291534719467072
Kepler-1884,1,Success,69.8441789150238,10.71552415657004,2,-0.21046384861861014,
Kepler-1888,1,Success,48.56331181526184,0.36030226121847486,6,0.3230681973375673,0.05380234992914667
Kepler-1880,1,Success,104.10517597198486,0.8803651762772299,51,,0.7031246214691298
Kepler-1886,1,Success,75.2724359035492,0.4741498923494511,8,0.12107997914374656,0.38221312058189144
Kepler-1887,1,Success,75.31625390052795,0.9754488498653705,19,-0.04881221928611287,-0.08278111809014828
Kepler-189,1,Success,66.61857891082764,0.666655353925625,21,0.9029265098644988,0.5855561258039217
Kepler-1890,1,Success,41.05180072784424,0.44011726430338105,12,0.2823660162974716,0.06617370267742552
Kepler-1893,1,Success,53.50178098678589,1.5763316582317195,13,0.7031095191384565,-0.23955850890955888
Kepler-1864,1,Success,323.67301416397095,0.41511335298137797,43,,-0.10113242963563905
Kepler-1892,1,Success,83.71707439422607,0.7256164634562894,50,,0.6698921138675173
Kepler-1894,1,Success,78.55827832221985,0.038003196043394485,4,0.6040898051868084,0.05744659751192965
Kepler-1895,1,Success,70.2399971485138,1.4449731560692198,48,,0.0866874063084951
Kepler-1896,1,Success,69.50650000572205,1.436672557453908,2,0.2989172657847823,
Kepler-1898,1,Success,64.00140595436096,0.26859489808360454,2,0.8699732356002021,
Kepler-1897,1,Success,75.24159002304077,1.2637907628352059,37,,0.3346930598161333
Kepler-1899,1,Success,65.4324140548706,1.254646961966347,20,0.3398452087496196,0.30682769937453663
Kepler-19,1,Success,72.52778506278992,1.2069869412039622,28,,0.16962741706237422
Kepler-1900,1,Success,64.07866215705872,1.2616915671263262,16,0.2633116069188412,0.7017587714094501
Kepler-190,1,Success,74.78804302215576,1.0150414418848683,39,,0.07022499661724073
Kepler-1901,1,Success,66.41722393035889,0.8773967721435101,30,,0.3064266192486591
Kepler-1903,1,Success,67.76541304588318,0.8958075224232076,11,0.4229162497677581,0.5567780952634277
Kepler-1906,1,Success,69.14273500442505,1.4631560878499774,43,,0.6440682823686066
Kepler-1911,1,Success,45.49299621582031,0.7276940602155841,13,0.884660568409175,0.38671451029225945
Kepler-1907,1,Success,68.05081796646118,1.0495573992919431,41,,-0.056252633145895535
Kepler-1902,1,Success,119.70931720733643,2.8227165546450856,4,0.49165026463705547,
Kepler-1904,1,Success,106.10220122337341,1.3690343402904666,9,-0.08316748118929618,0.3031902715551703
Kepler-1912,1,Success,57.289939880371094,0.7963111710825352,12,0.22905564951194057,-0.10737555088178681
Kepler-1913,1,Success,46.38535213470459,1.733455813809882,5,0.9521763473275369,0.07302005733629462
Kepler-1910,1,Success,88.49979901313782,1.2932654688646832,49,,0.43270319366633286
Kepler-1921,1,Success,27.985586166381836,1.9305951092774039,14,,0.3117738237613388
Kepler-1914,1,Success,66.59286308288574,9.219400317679671,3,0.025389398919924314,
Kepler-1916,1,Success,52.2811119556427,0.9821487356239929,13,0.10353068217456099,0.6059182303101578
Kepler-192,1,Success,54.79181718826294,1.507903469766895,29,,0.29023533072091906
Kepler-1919,1,Success,58.77188992500305,2.2017828829189146,39,,-0.009517912136625766
Kepler-1922,1,Success,57.79561996459961,1.1468433742910975,47,,0.36106089036779515
Kepler-1924,1,Success,36.023855209350586,0.917123326842152,29,,0.694634346236731
Kepler-1923,1,Success,50.55809211730957,0.9935272276657237,12,0.3661451703343949,-0.017766587107240623
Kepler-1927,1,Success,35.74522018432617,0.6220180072286753,9,,-0.05446609841683851
Kepler-1925,1,Success,43.044716119766235,25.72990055762697,3,-0.08754022925562385,
Kepler-1917,1,Success,86.0731372833252,0.396023858581476,4,-0.17287842966811284,
Kepler-1929,1,Success,39.280128955841064,0.5513776689466372,6,0.2624692155614949,-0.1569349656820778
Kepler-1931,1,Success,56.157707929611206,3.2315116656360403,2,0.08892042212202413,
Kepler-193,1,Success,66.95699095726013,1.612343887746244,37,,0.7125982915771024
Kepler-1928,1,Success,81.02845692634583,16.537699383903153,3,0.48130120923377223,
Kepler-1930,1,Success,69.92932295799255,8.7372510537913,3,0.16871482767436666,
Kepler-1933,1,Success,63.00410509109497,6.177899972438537,2,0.3865735872726389,
Kepler-1932,1,Success,69.58571815490723,0.7632205099778885,14,0.967666983736821,-0.04381554444759466
Kepler-1934,1,Success,62.9525990486145,0.5439467313777372,24,,0.09574166262082479
Kepler-1936,1,Success,29.234230041503906,16.585140031773957,5,-0.1511356589804746,-0.6456618129696844
Kepler-1935,1,Success,78.36177778244019,1.5180187151327378,4,0.29311845643170104,
Kepler-1937,1,Success,49.11798286437988,0.7227189202314406,5,0.9238399831150356,-0.033003455679112496
Kepler-194,1,Success,58.24746489524841,1.0732491792330263,24,,0.250371969581265
Kepler-1941,1,Success,61.91533279418945,2.006557253730936,36,,0.13766036747886837
Kepler-1943,1,Success,63.15229892730713,0.8025804482409085,6,0.20863075875716666,0.5584642138928182
Kepler-1938,1,Success,90.8316421508789,0.6651584504755476,12,0.8520686440574786,0.49224974853625425
Kepler-1942,1,Success,82.53489685058594,1.2085739015709211,20,0.22089378432300769,0.32574834496726585
Kepler-1939,1,Success,100.24293088912964,1.1657717820033098,10,0.24799872782129312,0.24068388058300713
Kepler-1947,1,Success,34.15549373626709,2.1212864175451855,13,,0.2003770755918254
Kepler-1944,1,Success,90.39664721488953,14.024987177330084,30,,0.34666934016635076
Kepler-1945,1,Success,91.46823120117188,0.6604262268607606,3,0.6151453748512803,
Kepler-1949,1,Success,46.11592888832092,0.7186650600862833,6,0.44778716012388653,0.07308931495609611
Kepler-1946,1,Success,71.63175392150879,1.140568031017911,2,0.41598281226504225,
Kepler-1952,1,Success,46.27943515777588,1.3558238385172556,26,,-0.09192901604205342
Kepler-195,1,Success,60.39848804473877,1.558679415729334,24,,0.22339828389278285
Kepler-1950,1,Success,68.96440482139587,1.3413770034574903,31,,0.3360781031141071
Kepler-1948,1,Success,89.26393032073975,2.711551684389947,25,0.30108853434851196,0.12540798875510697
Kepler-1955,1,Success,48.79933786392212,1.6739099942303701,10,0.4491122281530394,0.2544837542826056
Kepler-1953,1,Success,62.236873149871826,0.46972832557497757,14,0.6828614372993765,0.5604942979619632
Kepler-1959,1,Success,64.02471089363098,0.8337638445096792,32,,0.4535812070772708
Kepler-1957,1,Success,80.43834495544434,0.7237599461136309,17,0.06991555132778798,0.5070250359698069
Kepler-1958,1,Success,68.03395891189575,,1,-0.18801759596878057,
Kepler-1960,1,Success,51.280839920043945,0.29926775408202155,3,-0.28524711254144436,
Kepler-1956,1,Success,97.44860005378723,0.5069642674356172,17,-0.007145237875835337,0.45118281964175827
Kepler-1962,1,Success,54.595179080963135,0.9260677260879111,17,0.6022824762049332,0.49808645297555937
Kepler-1961,1,Success,76.23588490486145,0.8207513810441808,5,0.1530705773309656,0.01747905192524325
Kepler-196,1,Success,95.23576664924622,1.6849630973285876,12,0.11608920852669437,0.10056888160149258
Kepler-1967,1,Success,30.68340492248535,0.7483712665183376,16,,0.29684997386132267
Kepler-1963,1,Success,65.09027004241943,0.8997172086630977,34,,0.2098414586709764
Kepler-1965,1,Success,71.60043597221375,2.3324309790806006,41,,0.29103332947576543
Kepler-1966,1,Success,69.92652487754822,0.5089848937845575,48,,0.7704823981744942
Kepler-1964,1,Success,86.64871788024902,1.9645201600424196,37,,0.4101058968160638
Kepler-1969,1,Success,68.43568277359009,0.3304017440685675,6,0.2026586101198605,0.04873326814674562
Kepler-1976,1,Success,60.781697034835815,1.537171090558639,10,-0.00384833563488731,0.9542457730123772
Kepler-1981,1,Success,24.55056405067444,0.2633839951820823,4,0.6973329751561232,
Kepler-1979,1,Success,56.2608118057251,2.3854390065398916,35,,0.39035553823749203
Kepler-198,1,Success,65.98464584350586,2.1928715801579415,5,0.09237442146807708,0.7309509536769621
Kepler-1978,1,Success,93.41432881355286,1.1203913258640894,34,,0.4278955090668564
Kepler-1977,1,Success,109.29396414756775,0.9086510311322175,35,,0.4020858642252644
Kepler-1980,1,Success,82.11167478561401,4.531823981828987,23,,0.3959500808223939
Kepler-1988,1,Success,22.048530101776123,1.3251535536618617,7,0.1781737927816034,0.4858178769369207
Kepler-1983,1,Success,71.9994728565216,0.7560384808802048,6,0.003077910435580988,0.123204151557751
Kepler-199,1,Success,59.6865918636322,2.7516744685156564,12,0.05316579475414761,0.3142259297047146
Kepler-197,1,Success,198.67528009414673,0.7562427837790461,29,,0.11261368271681685
Kepler-1991,1,Success,37.63306474685669,1.543839058662859,8,0.05311836668920801,0.2607918388509109
Kepler-1990,1,Success,49.191169023513794,41.95152885460155,3,0.4536405043025948,
Kepler-1987,1,Success,89.15791082382202,0.9611250373505243,13,0.5211210375346271,0.6720384836484674
Kepler-1993,1,Success,22.82948398590088,0.9413808695651092,8,,-0.03219994442542275
Kepler-1984,1,Success,133.423593044281,1.355110316174994,89,,0.07624278055696708
Kepler-1972,1,Success,243.28540182113647,1.048087848526552,29,,0.23844052563120244
Kepler-1995,1,Success,47.120076179504395,1.5119391631111248,8,-0.2111997873534622,-0.09527149642884389
Kepler-1992,1,Success,88.10043096542358,0.9127655356894436,32,,-0.11368239556377385
Kepler-1998,1,Success,76.47770810127258,1.6824003397122065,19,0.06298277595700376,0.7352992634075846
Kepler-1982,1,Success,207.46429204940796,0.5852624394552566,30,,0.3857574047317478
Kepler-1996,1,Success,89.45995783805847,0.9802232375638363,19,-0.030703764817325164,-0.10517484115726482
Kepler-200,1,Success,75.6000189781189,2.602391991940925,7,0.09208676346220661,0.8739279987656727
Kepler-1999,1,Success,92.79238224029541,0.4783355400887579,5,0.8973921210480423,0.18762302783985274
Kepler-2000,1,Success,62.560012102127075,0.8820205398929994,15,0.35304722515303244,0.2777639268244577
Kepler-201,1,Success,50.26221299171448,1.00918508479921,19,,0.4578120455842207
Kepler-2001,1,Success,83.52674794197083,0.8149065558109638,16,0.7956658183677623,0.8338120165586873
Kepler-203,1,Success,59.705286741256714,0.32519674226826023,9,0.19339870309801538,0.40611467323684397
Kepler-204,1,Success,54.15207314491272,0.726733104414673,16,0.22306290788123664,0.027338830703944793
Kepler-202,1,Success,100.99972200393677,1.0698999587857994,31,0.10529337326029536,0.41180903037125677
Kepler-206,1,Success,65.42320609092712,2.6464079335665427,19,,0.038401504286174566
Kepler-207,1,Success,40.44580912590027,0.40830525173263865,11,0.19697134950995288,-0.10236745806433488
Kepler-21,1,Success,21.005588054656982,0.3345579584731914,4,-0.009879215053976613,-0.12905886751030188
Kepler-208,1,Success,47.86323523521423,0.8805629773923693,31,,-0.0428119814610588
Kepler-205,1,Success,118.21982979774475,1.4735651432864474,83,,0.5158419334796246
Kepler-212,1,Success,40.17264676094055,8.903992438071853,4,0.3516854185784762,
Kepler-1994,1,Success,270.211669921875,0.7683624198910303,29,,0.09531868940867
Kepler-209,1,Success,88.00714087486267,2.420515899678399,29,,-0.023230337125332224
Kepler-213,1,Success,49.41361904144287,0.8783683734140609,26,,0.7028672250860851
Kepler-211,1,Success,90.43350315093994,0.7624315558127239,27,-0.20950033348334432,0.08945667123773347
Kepler-217,1,Success,40.979711055755615,1.2854434502671446,16,,0.09878279615960965
Kepler-214,1,Success,61.69041991233826,0.18585517003547736,3,0.5442523198423405,
Kepler-210,1,Success,116.72636699676514,1.4569356165583618,14,0.897470638042097,0.12724801753619006
Kepler-216,1,Success,62.257144927978516,3.1276852982132515,28,,0.15052200849708885
Kepler-215,1,Success,68.52911400794983,0.1827394052234857,3,0.03995696616093506,
Kepler-219,1,Success,32.52466797828674,0.5541873606370886,10,0.511145239390093,-0.32523322723245024
Kepler-218,1,Success,64.01377201080322,1.246564693910711,19,0.21707090981490598,-0.177136502758325
Kepler-223,1,Success,40.046528577804565,2.376257922268117,6,0.054564502328518165,0.27815953606073196
Kepler-22,1,Success,67.0499701499939,1.0437298233656,27,,0.07640334115513656
Kepler-222,1,Success,62.34261703491211,2.9458685731590655,4,0.3539390660303609,0.639531552748774
Kepler-224,1,Success,71.64162588119507,1.527013775617342,24,0.35814575953882094,0.7479746040219194
Kepler-220,1,Success,90.51582908630371,0.6666486039371683,25,0.5046782545604335,0.2501793329859011
Kepler-221,1,Success,94.33769917488098,0.3534032286247194,3,0.7781184816502736,
Kepler-227,1,Success,50.114558935165405,7.591035267150655,4,-0.04147385774973686,
Kepler-23,1,Success,38.589231729507446,0.6366130947759102,7,-0.055878750149094436,0.09835930100440485
Kepler-226,1,Success,83.2839879989624,177.53660529756237,28,,0.22284679000070765
Kepler-229,1,Success,70.73390984535217,0.9353500345799627,46,,0.36393865103143586
Kepler-225,1,Success,120.80680394172668,0.914193716914823,37,0.32716609107198535,0.4846495334547582
Kepler-230,1,Success,67.34034085273743,1.6998074901889364,25,,0.5422067624779957
Kepler-20,1,Success,451.4409646987915,0.9072210381407602,39,,0.04427588349694108
Kepler-232,1,Success,70.33769297599792,1.3285764800337743,44,,0.14464681472944155
Kepler-234,1,Success,58.396373987197876,1.6114029272387815,32,,0.571129631754985
Kepler-238,1,Success,48.666396141052246,0.740407094131637,3,0.04188272562451363,
Kepler-233,1,Success,97.03061294555664,1.6419131928101824,4,0.41787653110120726,0.26717853016655885
Kepler-231,1,Success,128.317214012146,1.2552234566877611,21,0.0427170837514413,0.017852214682289907
Kepler-24,1,Success,53.84330081939697,7.434900342495177,3,0.7586829445570629,
Kepler-235,1,Success,110.95520496368408,0.4633975433614844,3,0.34144928107626343,
Kepler-239,1,Success,70.03051710128784,0.9147637738110751,52,,0.43331828166215636
Kepler-237,1,Success,104.6664297580719,3.0437012843274593,37,,0.6596778323400193
Kepler-242,1,Success,56.56666398048401,0.7236275537336601,6,0.5358353111981506,-0.22886623606566725
Kepler-236,1,Success,142.6768581867218,241.47178407062069,65,,0.2945261248008239
Kepler-244,1,Success,67.61606335639954,0.004898257246159346,2,0.6202881385017863,
Kepler-241,1,Success,92.61235022544861,1.2152523896442593,60,,0.5295468200994035
Kepler-243,1,Success,90.55360507965088,1.3483356208894506,20,0.16562225466935912,0.11465759148076565
Kepler-245,1,Success,77.21802401542664,0.23154426821785054,4,0.2707828918885075,0.035667974329502854
Kepler-246,1,Success,80.8854022026062,0.32103685157471606,3,0.31999231073226375,
Kepler-247,1,Success,82.26271104812622,0.23788452934486784,3,0.20901457093399597,
Kepler-25,1,Success,48.9221670627594,0.1181578619557844,2,0.38206671115760993,
Kepler-248,1,Success,80.19837832450867,0.38118217897087336,2,-0.03492452989528995,
Kepler-250,1,Success,59.98477816581726,1.2049120766439358,41,,0.33816618542344523
Kepler-251,1,Success,70.62795090675354,20.63104384978195,3,-0.018195284299608233,
Kepler-254,1,Success,50.39288592338562,1.233759253629716,2,-0.0735486342335192,
Kepler-249,1,Success,114.6843090057373,1.0378385506295056,23,0.5876426366630876,0.9323692334423722
Kepler-257,1,Success,47.669880867004395,0.9132992123334627,4,-0.1116815347916944,0.8608746148672939
Kepler-253,1,Success,82.18436098098755,1.0310911736391368,48,,0.2718216326727257
Kepler-259,1,Success,47.11430788040161,1.1846599146647656,30,,0.4485602865541721
Kepler-258,1,Success,64.87028408050537,0.5552319298415108,4,0.014483563383986158,
Kepler-252,1,Success,121.56879878044128,18.047128421625487,46,,0.9242687206110665
Kepler-264,1,Success,38.739110708236694,5.483612365193816,2,0.5389484718722498,
Kepler-260,1,Success,65.82097315788269,0.9095571670007634,23,,0.5058061879638485
Kepler-265,1,Success,48.461974143981934,0.43201294227495907,13,-0.13726933636633623,0.1244178574314261
Kepler-261,1,Success,75.62463808059692,1.7605699709777725,11,0.4915314573298887,0.05877289798694476
Kepler-26,1,Success,101.29124474525452,0.5143116986467916,2,0.8480658935446368,
Kepler-262,1,Success,79.8720178604126,1.5291045813481159,8,0.5610047076274491,0.20726221782794635
Kepler-263,1,Success,81.16400527954102,3.3343447926404983,21,-0.2283497595265928,-0.01437188794653411
Kepler-268,1,Success,40.844598054885864,0.7064894842793854,5,0.24802767386958588,-0.09741664266199475
Kepler-270,1,Success,32.91635274887085,0.604476448843125,17,,0.43815403792181823
Kepler-269,1,Success,47.805641889572144,1.0843502546756438,33,,0.25112079675299936
Kepler-267,1,Success,87.33313512802124,0.825482642435865,19,0.13809607942745453,0.3182422456630727
Kepler-275,1,Success,39.14992427825928,0.5814319302143204,26,,0.5254844839330457
Kepler-273,1,Success,56.91614818572998,3.1701512950626296,19,,-0.12177389777783233
Kepler-274,1,Success,61.52067017555237,1.4768118921967766,6,0.3543321055114824,0.7663036854814997
Kepler-276,1,Success,53.22863531112671,0.8890911634193363,28,,0.4749716146458495
Kepler-277,1,Success,26.150172233581543,0.8413345319831002,12,,-0.3115437675507674
Kepler-272,1,Success,84.18814492225647,0.8816766883664519,15,0.21716894812526746,0.17552758946673552
Kepler-271,1,Success,85.86517214775085,1.4579526526026967,20,0.5207898583159668,0.3411941371330966
Kepler-278,1,Success,29.58532404899597,1.720685499361083,4,0.273099224495322,-0.07359714937026177
Kepler-27,1,Success,127.84757709503174,3.5473441345961945,8,,0.3281093640923826
Kepler-279,1,Success,52.20576214790344,3.9328279348044415,3,-0.05328407356966242,
Kepler-282,1,Success,55.104485273361206,0.942525691226864,8,0.2341869071005443,-0.2070942154602601
Kepler-280,1,Success,70.89391899108887,0.7707414777411818,20,0.0452873564110198,0.485901036657713
Kepler-284,1,Success,66.27046990394592,0.9932244041286427,44,,0.3925852537621125
Kepler-285,1,Success,65.47337102890015,1.2811978076056458,36,,0.2701113142115646
Kepler-28,1,Success,89.69480872154236,0.948143957946046,8,0.5682969516021568,0.4366939295773156
Kepler-287,1,Success,46.34840703010559,1.6276819308775305,20,,0.13322363313405164
Kepler-286,1,Success,56.76054286956787,0.5730011888939441,5,0.26564012176767365,0.31795320279398703
Kepler-288,1,Success,50.68338584899902,1.0782035082310402,11,0.1700604112397667,0.7428981953174054
Kepler-283,1,Success,99.8681697845459,1.209247846207292,53,,0.36823731047421154
Kepler-293,1,Success,42.87971115112305,0.7776085371143246,15,0.5578114892306111,0.031067984912972645
Kepler-294,1,Success,42.45904278755188,1.3577641304224337,21,,0.6515102951939628
Kepler-290,1,Success,60.38460993766785,0.979468050567782,20,0.3061498562923268,0.38689309899537466
Kepler-291,1,Success,55.622361183166504,0.49063854807873813,3,-0.017097175641556314,
Kepler-289,1,Success,78.85066390037537,4.725843323188975,3,0.17564833593574386,
Kepler-295,1,Success,57.706475019454956,0.2724673296162582,3,0.03481071352780844,
Kepler-29,1,Success,97.2172269821167,0.018918593416936053,3,0.08529495029825634,
Kepler-299,1,Success,52.70577120780945,1.347407415452929,24,,0.28068577310646586
Kepler-297,1,Success,59.811341762542725,0.9424414647968842,36,,0.03212604000784895
Kepler-30,1,Success,63.09754681587219,1.989408031665843,3,0.1195301485433237,
Kepler-300,1,Success,65.61874508857727,0.822080114324877,42,,0.2910433240896264
Kepler-301,1,Success,71.44818711280823,0.5021274026870283,4,0.05295995174355373,-0.3193403763559184
Kepler-296,1,Success,134.34200811386108,1.9897529008429622,3,0.6787194486776941,
Kepler-298,1,Success,108.90523386001587,1.2714596938284377,49,,0.2963380238594335
Kepler-305,1,Success,76.06073689460754,0.9551418448665953,48,,0.5327226962714348
Kepler-306,1,Success,72.61850309371948,1.1806960184829691,36,,0.4423044983220309
Kepler-307,1,Success,69.90765380859375,0.9943492688155668,40,,0.04137123370862061
Kepler-31,1,Success,49.754602909088135,1.1126994838120543,27,,0.8466002070321713
Kepler-303,1,Success,130.3581259250641,1.583692768905092,10,0.5661803332105028,0.09152799120667245
Kepler-304,1,Success,113.51757192611694,3.5027893282347664,26,0.45863709015847065,0.09076051128555672
Kepler-310,1,Success,60.38870286941528,26.991229687111893,3,0.5559578826611877,
Kepler-311,1,Success,48.13709115982056,0.29652476058912675,17,-0.01700379289301885,0.14335321792213426
Kepler-309,1,Success,83.78696823120117,0.5539952095770585,17,0.2504026533629175,0.260548014549352
Kepler-313,1,Success,38.506041049957275,4.232439475419464,5,-0.22806168265697024,0.16496146973967563
Kepler-314,1,Success,59.00977301597595,4.328036484811763,10,0.8888075275537536,0.2696012842728635
Kepler-315,1,Success,51.90712094306946,0.7866229695507639,25,,0.2966083550964187
Kepler-318,1,Success,52.926254987716675,0.631910879329896,3,0.1597393559012797,
Kepler-319,1,Success,58.486258029937744,1.1208587613309877,28,,0.27087133114643136
Kepler-317,1,Success,69.95127391815186,0.5571203838970404,9,-0.1379177207935456,-0.08293004321057583
Kepler-321,1,Success,42.74394392967224,0.5969595039571157,23,,0.3911807297852686
Kepler-320,1,Success,55.28357982635498,41.09543908568851,7,0.12720462110479142,0.4957392737439851
Kepler-316,1,Success,114.32706212997437,1.2592882590388361,33,0.4963784601155525,0.46646217063977424
Kepler-322,1,Success,58.20837879180908,1.3396011993655967,29,,-0.26232272305354287
Kepler-32,1,Success,120.72647500038147,0.4656348793874939,18,0.6930202096604895,0.5744576639737885
Kepler-325,1,Success,45.87533521652222,1.37073276026493,26,,0.2210135563492007
Kepler-312,1,Success,169.2908432483673,0.4152315895379095,20,,0.15450623598168828
Kepler-33,1,Success,29.606213808059692,1.5131308082558088,6,0.18128870489640525,0.24525572948283797
Kepler-324,1,Success,102.26198697090149,21.143320220577053,40,,-0.032579459927769866
Kepler-326,1,Success,73.58706092834473,3.2481866903244563,4,0.7518924755766907,0.8340558880535041
Kepler-328,1,Success,64.41914391517639,0.6684620842648136,19,-0.033067831435254026,0.06659359694166206
Kepler-335,1,Success,31.861787796020508,0.8407127062097761,12,,-0.40671320138147277
Kepler-334,1,Success,49.91068196296692,0.9429680815461324,18,,0.7399871906697363
Kepler-329,1,Success,95.15546321868896,2.1440187160229844,2,0.6943081082364142,
Kepler-330,1,Success,96.71546983718872,0.14511406545428893,4,0.4847067482743996,
Kepler-327,1,Success,129.00734329223633,1.338465999514661,42,0.035949267643930284,0.46038518434405623
Kepler-337,1,Success,24.55731511116028,0.9669039748205812,12,,-0.06109854360191491
Kepler-338,1,Success,22.106009006500244,0.7999307664704017,16,,0.3095234769574056
Kepler-332,1,Success,88.47265577316284,9.439929126184508,21,0.007630720390572955,0.26665428446067485
Kepler-336,1,Success,42.656418800354004,0.8763220188982499,10,0.34627172873774714,-0.07511989367991893
Kepler-333,1,Success,91.4363603591919,1.0887324421469715,17,0.9137933988850067,0.5826721447446418
Kepler-323,1,Success,198.64316987991333,0.5352409998438076,18,,-0.19674582456305817
Kepler-340,1,Success,47.9254469871521,2.6514970722817073,13,,0.12790027574976529
Kepler-341,1,Success,49.8099410533905,0.4137947580514538,4,0.0878480772020387,0.7166658326603459
Kepler-34,1,Success,62.50270104408264,0.008065707758028479,2,0.08404189003133682,
Kepler-346,1,Success,40.20713782310486,1.6086676929946393,21,,0.8514817511992773
Kepler-343,1,Success,49.88313102722168,1.4223744117515538,3,-0.0994988532218053,
Kepler-339,1,Success,72.57613205909729,1.4138141148401229,4,0.19940003799662281,
Kepler-347,1,Success,42.71886372566223,1.0415480074697077,4,-0.24741354850575245,0.5608100767044958
Kepler-348,1,Success,39.215028285980225,1.2553189262240825,18,,0.021753717744907593
Kepler-350,1,Success,54.17670226097107,5.060631760458063,26,,0.6420987223903639
Kepler-345,1,Success,104.94647336006165,5.405847262749102,4,0.30084922385144675,
Kepler-35,1,Success,62.774303913116455,9.501829200164503,3,0.37527988743763185,
Kepler-351,1,Success,61.34465789794922,0.5918602071335389,24,,0.5164427514450884
Kepler-349,1,Success,71.13451790809631,0.8192192642549744,36,,0.009759745656991252
Kepler-355,1,Success,41.303175926208496,1.4325357290183096,6,0.23626706858991173,0.11616234514530166
Kepler-352,1,Success,82.18652415275574,0.9635033346657178,6,-0.011820137685846383,0.18919169048186163
Kepler-358,1,Success,54.40139889717102,0.6776472838656115,38,,0.7963745506243227
Kepler-357,1,Success,74.97887396812439,1.2979089866179883,18,0.2880470773770852,0.47296362860095986
Kepler-354,1,Success,102.09350395202637,0.8641539172064582,48,,0.6365598094954882
Kepler-36,1,Success,45.26391100883484,0.23018523987048212,2,-0.024532939569489803,
Kepler-353,1,Success,134.7833547592163,0.9311241545313109,7,0.5529297021235564,-0.026104770043331112
Kepler-359,1,Success,68.92999792098999,1.0918044395978361,5,0.4972294610122016,0.6952501268192051
Kepler-360,1,Success,56.98664093017578,0.9719986971983343,30,,0.01979831582379367
Kepler-342,1,Success,233.94649600982666,10.042933490761465,8,0.05033584499594304,-0.07932375951698226
Kepler-361,1,Success,55.30650520324707,2.457734051532627,24,,0.19294518107115888
Kepler-364,1,Success,46.48270630836487,2.5496293834606085,3,0.7020970631398882,
Kepler-368,1,Success,26.68670892715454,0.9344428166336424,16,,0.5528109812445898
Kepler-363,1,Success,68.63753509521484,1.7678686968826842,24,,0.0467732293510794
Kepler-365,1,Success,59.78594493865967,0.8109273196880226,18,0.26698352651873625,0.5459647812603736
Kepler-356,1,Success,170.72690773010254,0.3562743768681935,17,,0.08433457317074673
Kepler-362,1,Success,78.34504008293152,1.2203603673486718,12,0.06516895875326773,-0.08608499169601329
Kepler-366,1,Success,61.26058769226074,1.2243371891377424,29,,0.22934695573085387
Kepler-372,1,Success,34.94434690475464,1.12264886428815,18,,0.3828585811042557
Kepler-37,1,Success,49.6301052570343,1.066252179120123,24,0.37795800855137257,0.5547528226733198
Kepler-367,1,Success,94.25015592575073,3.9686972142062675,3,0.42150353925836775,
Kepler-371,1,Success,64.05934691429138,0.3255380395314323,5,0.7224228009360596,-0.06972343593316513
Kepler-370,1,Success,76.99163699150085,4.4325934550763515,4,0.7424952267538941,0.46468118254037083
Kepler-374,1,Success,72.89334726333618,0.8970192083044984,7,-0.16097456482099246,0.35856374407482383
Kepler-373,1,Success,80.40079998970032,16.748883080496036,40,,0.17791308894347185
Kepler-375,1,Success,52.37848401069641,0.5200276308258434,3,0.5484425736532215,
Kepler-376,1,Success,51.46613693237305,2.34043361323824,7,0.4100564421598446,-0.20464631956647458
Kepler-377,1,Success,47.180739879608154,1.075172589681961,15,-0.1870056438853767,-0.01962120232898141
Kepler-369,1,Success,107.97838115692139,,1,0.33693914824554494,
Kepler-38,1,Success,28.841978073120117,3.158018180340696,13,,0.3939691799079923
Kepler-379,1,Success,43.86480498313904,0.4928299223285108,16,,0.334015700272629
Kepler-381,1,Success,29.78294324874878,1.220741869172962,14,,-0.21568023248934617
Kepler-380,1,Success,40.431482791900635,0.716705638763676,14,0.1416444272248679,0.3183170673577341
Kepler-384,1,Success,56.8183491230011,1.4849140411202353,9,0.17135788111756334,0.7662102803167021
Kepler-382,1,Success,62.158748149871826,0.30375255346217267,9,-0.22968433011920145,-0.0123293194949981
Kepler-385,1,Success,48.44186496734619,2.0427828867514433,3,0.4443103359310212,
Kepler-387,1,Success,51.68100714683533,0.8554134781514071,5,0.32985145925765297,0.17623180184384613
Kepler-391,1,Success,21.40159797668457,2.035390594256815,8,,-0.09945259943981831
Kepler-386,1,Success,68.85742902755737,1.1547529894288018,13,0.3499865994620018,-0.07043887420638134
Kepler-383,1,Success,94.10515308380127,0.7686399059207393,31,,0.08418016002131426
Kepler-39,1,Success,44.486512184143066,0.9122308326124916,15,0.242829905697454,0.3298472224359358
Kepler-392,1,Success,51.50942015647888,0.9966757670266625,26,,-0.34762095459947717
Kepler-393,1,Success,44.979360818862915,8.79541148936127,3,-0.027610824510984063,
Kepler-390,1,Success,74.77750992774963,1.0066450315101518,28,0.0036600246604016266,0.5007252122529587
Kepler-388,1,Success,110.01139616966248,1.3128733827407544,51,,0.40841103313460475
Kepler-396,1,Success,62.06779408454895,,1,0.18728092579323935,
Kepler-394,1,Success,66.30548310279846,3.221069759382364,21,0.6275294512477716,-0.1033942947827207
Kepler-40,1,Success,32.581575870513916,0.9238402719761988,14,,-0.23810012223849378
Kepler-397,1,Success,88.94495272636414,0.604299389210947,8,0.5199522384147048,-0.28209772548501844
Kepler-4,1,Success,56.519498109817505,0.3095626427826896,8,0.21303374775621578,-0.07961071122757235
Kepler-401,1,Success,36.867618799209595,20.351305601467917,5,0.3225431747303831,-0.023530714125405694
Kepler-400,1,Success,42.25212788581848,1.0947749074299695,20,,0.25477994597061193
Kepler-402,1,Success,44.01362872123718,602.9710686474019,3,0.12784499209656602,
Kepler-399,1,Success,96.05250787734985,1.0819612976865047,48,,0.3148188060316271
Kepler-404,1,Success,46.992326736450195,1.3066751548117077,6,0.9066666618478709,0.5630923952132525
Kepler-403,1,Success,53.1585419178009,,1,-0.005650147838449721,
Kepler-398,1,Success,121.29026317596436,0.9878108063288364,6,0.026264685031971515,0.09926047489524296
Kepler-408,1,Success,36.07028818130493,0.7737476858677018,4,0.3115902046311407,
Kepler-407,1,Success,46.42843198776245,1.3463989561868792,27,,0.05527220817716421
Kepler-406,1,Success,68.48165822029114,0.6272919447131403,13,0.5735524636878766,0.256138339668062
Kepler-405,1,Success,80.21811890602112,1.3952772599048986,30,,0.17083831726655915
Kepler-410_A,1,Success,36.14764904975891,1.503188663257774,9,0.14413016751328384,0.14790115642225743
Kepler-41,1,Success,47.8638060092926,1.752979930085859,14,0.34530107326502596,0.4268728564711583
Kepler-409,1,Success,52.71180987358093,0.3981496190237853,6,0.2682996745746524,0.10427514270417163
Kepler-412,1,Success,49.22675609588623,0.5106221139014014,13,0.532187391341183,0.5997295595792204
Kepler-411,1,Success,67.00822401046753,1.5430431121577406,3,0.49619225896862995,
Kepler-413,1,Success,88.9481520652771,35.62973449996299,5,0.41983725484560785,0.9031904970975017
Kepler-414,1,Success,81.1720130443573,0.6313478513996325,35,,0.4732915442903028
Kepler-378,1,Success,397.25318932533264,0.609100274340583,61,,0.06820537968745537
Kepler-418,1,Success,55.763432025909424,1.3237986658171774,12,0.25743239583109107,0.7134193409097391
Kepler-417,1,Success,80.19154095649719,1.4145188453915711,12,-0.0315679508657419,0.5371969641090009
Kepler-419,1,Success,41.632731914520264,0.6816252914538967,6,0.14285326532028603,0.4780504308142484
Kepler-416,1,Success,88.9328088760376,1.554039072307246,19,0.41631115869838986,0.5484372465870316
Kepler-415,1,Success,106.04235029220581,1.1362278417422402,6,-0.06988181143175186,0.3226103908560837
Kepler-427,1,Success,28.349498987197876,1.7600658958574533,3,0.6789416056286665,
Kepler-422,1,Success,55.50638389587402,0.18939343682213497,3,0.2873044249883412,
Kepler-424,1,Success,58.513570070266724,0.6750401766267891,8,0.49278708866535714,0.3917139068451011
Kepler-423,1,Success,62.12316608428955,0.839615906308051,9,0.46730724215486713,0.30909780398625514
Kepler-426,1,Success,60.309816122055054,1.865119142367167,5,0.817510633608094,0.5494831360734315
Kepler-425,1,Success,76.8442280292511,0.25898876572931767,6,0.19146719195409806,0.5696233954748608
Kepler-421,1,Success,94.10250782966614,0.6714980834999392,33,,-0.20134311681198178
Kepler-430,1,Success,33.35259222984314,1.2090289878123541,24,,0.18712706943261903
Kepler-43,1,Success,40.15978503227234,0.5264052485202112,8,0.4383250792156372,0.3122110626698961
Kepler-431,1,Success,38.01907396316528,0.5093891505766421,21,,0.45766453603407875
Kepler-433,1,Success,23.772552013397217,0.6231812995281204,9,,-0.1153443803762661
Kepler-435,1,Success,19.139627933502197,0.5574454907169839,6,,0.5385623065528983
Kepler-434,1,Success,44.525904178619385,87.34161544553211,3,0.12028468283859874,
Kepler-428,1,Success,74.04358887672424,0.77536134888599,8,0.5577361963904276,0.42960416031225923
Kepler-44,1,Success,40.90947103500366,1.3740871861823132,16,,0.03164478847311426
Kepler-439,1,Success,73.39144587516785,7.148241337745635,28,,0.0827267810817127
Kepler-437,1,Success,91.73842406272888,2.3662571823268173,56,,0.5015065197220782
Kepler-440,1,Success,97.05447292327881,1.0698737969933643,83,,0.8872908069026141
Kepler-442,1,Success,73.25932097434998,1.920252127772655,51,,0.25838559945745576
Kepler-438,1,Success,131.26760077476501,0.48979715697732845,12,0.4391112449004754,0.15623410477272207
Kepler-432,1,Success,163.73471212387085,0.8771364979162195,17,0.74746748654181,0.2657201181901145
Kepler-444,1,Success,53.431556940078735,1.176078888653841,14,0.7498943408374568,0.07471253695431423
Kepler-443,1,Success,68.74979615211487,1.087712297318403,3,0.0236775541570233,
Kepler-441,1,Success,121.89505195617676,31.963742044301725,46,,0.33644568453371726
Kepler-42,1,Success,270.0486948490143,62.63103064031549,46,,0.7085862534502523
Kepler-449,1,Success,36.47310519218445,0.7522202607128133,6,0.20636344023184053,-0.2100079026724847
Kepler-450,1,Success,37.55133414268494,0.8076396697174524,6,0.3199321518362539,0.18329936599871888
Kepler-452,1,Success,46.438231229782104,1.0227233063069023,33,,0.23549688020634105
Kepler-447,1,Success,70.62582802772522,0.8537190461057621,3,0.5527297572964665,
Kepler-454,1,Success,55.05321907997131,2.2781794582937724,18,0.20494537244086972,-0.16727696654579832
Kepler-453,1,Success,73.52407813072205,122.0012231155104,2,0.005695305986529343,
Kepler-462,1,Success,39.34848165512085,0.519020577268249,10,0.1904195827995221,0.1517188542200001
Kepler-461,1,Success,57.71206879615784,0.9702878083519423,36,,0.11356399771622636
Kepler-45,1,Success,116.66390991210938,1.2007658249145456,12,0.5227480036171512,0.3968323459973199
Kepler-46,1,Success,73.74198865890503,1.5258299781774043,38,,0.07922421220643242
Kepler-464,1,Success,34.962488889694214,1.0583183107049012,20,,0.8463089857349536
Kepler-465,1,Success,38.16268610954285,1.3624025983029857,6,0.7855138387729557,0.6857198823051056
Kepler-463,1,Success,66.25004887580872,0.44385059730701243,17,0.48108201897422254,0.21109711465468678
Kepler-467,1,Success,46.84488320350647,1.2740377292436456,20,,0.14942740536489488
Kepler-466,1,Success,51.203263998031616,0.6192940031007476,25,,0.273929332807274
Kepler-468,1,Success,67.10182499885559,33.25245532267964,2,0.11306620573433511,
Kepler-471,1,Success,49.141462087631226,2.681587771580978,15,,0.9790251325111027
Kepler-446,1,Success,208.1588590145111,0.9931410035709684,39,0.3256894309562907,0.23392178557493717
Kepler-47,1,Success,73.82175183296204,5.5328957111280905,4,0.17905269578548733,
Kepler-473,1,Success,41.64382791519165,1.308364124760222,14,,0.2465038531816384
Kepler-472,1,Success,76.14544820785522,3.9089434671440713,6,0.5326620980048241,0.48557264122475674
Kepler-474,1,Success,68.55739402770996,1.2899147812802203,14,0.30008648378048147,0.6631187531796552
Kepler-445,1,Success,269.74697184562683,0.49273858182445257,8,0.21419543278592187,0.39374701333815315
Kepler-475,1,Success,79.77912497520447,1.0389528012317044,33,,0.29706907845615227
Kepler-477,1,Success,69.9115149974823,31.957841132757718,2,0.33953643555181784,
Kepler-476,1,Success,77.91522097587585,0.8174942558918303,14,-0.06861761612062357,0.32665679153153465
Kepler-48,1,Success,71.00576996803284,1.599141358953517,6,0.5974418000753502,0.14740562689341485
Kepler-479,1,Success,84.05288910865784,0.921690815829946,56,,0.008068191957193212
Kepler-481,1,Success,60.680219888687134,1.1979918454822043,19,,0.8231102996869213
Kepler-483,1,Success,48.004067182540894,1.133916735042308,10,0.524544394217097,0.6624633946852554
Kepler-485,1,Success,61.615620136260986,0.5692106463728517,8,0.49577453311472547,0.5056495112213457
Kepler-482,1,Success,95.23700308799744,0.9267620557129185,42,,0.25395142256587483
Kepler-484,1,Success,86.41404294967651,1.1101830667090076,46,,0.23327645521452173
Kepler-487,1,Success,76.4331910610199,1.241962048340229,25,,0.17434166125423844
Kepler-489,1,Success,83.08610677719116,0.2824607089174734,2,0.36044120192870227,
Kepler-490,1,Success,61.05801796913147,3.3113829802827857,6,0.4120633634615889,0.6965468926348003
Kepler-49,1,Success,83.23805904388428,1.0588022946589732,30,0.12730115096837186,0.3778254774362348
Kepler-480,1,Success,166.3126838207245,0.5359509275345737,27,,0.02393805867992781
Kepler-493,1,Success,48.13391399383545,1.1409128561109496,12,-0.08176688289350423,0.2971502527038824
Kepler-491,1,Success,71.75417113304138,0.19063210008567552,6,0.38998963605750087,0.3909221057353213
Kepler-5,1,Success,30.913245916366577,0.7700919273788193,7,0.3057083091839693,0.47212869544772995
Kepler-50,1,Success,37.39300036430359,0.8268865290923589,6,-0.21690048704120096,0.34477020813603404
Kepler-495,1,Success,74.23637509346008,0.3529347076855954,8,0.3931036110432963,0.44210211718309866
Kepler-496,1,Success,83.4745192527771,0.8730790547300186,25,0.256377589662764,0.5900194334350042
Kepler-502,1,Success,45.71225190162659,0.9090207183755897,23,,0.07173302498230817
Kepler-499,1,Success,82.58906388282776,1.8125633990398113,8,0.3500785022395839,0.3120349069477409
Kepler-500,1,Success,62.153205156326294,1.0298336776146462,20,0.09353658048426584,0.3259033566536814
Kepler-501,1,Success,64.53960299491882,0.7997901815770487,18,0.6476858812095697,0.378829571165485
Kepler-506,1,Success,49.170217990875244,1.5622182887437361,16,-0.06954106612645664,0.3080022144702841
Kepler-507,1,Success,49.01769185066223,0.19475507924941968,13,0.9688127468793988,0.41915341893581054
Kepler-508,1,Success,49.130319118499756,1.656285461617887,24,,0.8843625760353274
Kepler-509,1,Success,49.84358596801758,4.974660074920134,4,0.4303603416944766,0.09031040822015601
Kepler-505,1,Success,96.59082889556885,1.3708611223814784,9,0.9243429334658412,0.26581178193526217
Kepler-511,1,Success,36.185699701309204,1.2275096590191643,21,,-0.21970833407947557
Kepler-510,1,Success,54.696884870529175,3.19419169846217,25,,0.0213895700532277
Kepler-51,1,Success,76.4110918045044,0.6311256681964581,3,0.5687265127463321,
Kepler-516,1,Success,24.586632013320923,0.7586194687225093,8,-0.24443586195979883,0.07392316432176121
Kepler-514,1,Success,41.32530689239502,1.3304560169812258,22,,0.265355160748145
Kepler-512,1,Success,58.901267290115356,3.382967262736386,24,,-0.09494399751828525
Kepler-513,1,Success,55.68308615684509,0.480823716679024,11,0.39246201250207396,-0.0373318422084177
Kepler-504,1,Success,154.941321849823,0.8372456716658515,22,0.4186367790320295,0.18748798326719496
Kepler-515,1,Success,65.20294785499573,4.666673945205256,28,,0.6164086843061682
Kepler-517,1,Success,64.89170408248901,0.6898062635648506,5,0.3354573022510768,0.37061644277127914
Kepler-519,1,Success,53.54520392417908,1.2323992615797492,22,0.013257369278996413,0.5979826978423771
Kepler-520,1,Success,54.28519892692566,1.4114137946060865,25,,0.7158385456850975
Kepler-521,1,Success,46.28998804092407,0.9190287273567558,5,-0.38897110528358597,-0.32244966132022207
Kepler-522,1,Success,40.00256896018982,0.9008857659736135,5,-0.1424418700347553,0.062193596522600925
Kepler-518,1,Success,75.63200998306274,1.6316077412339767,36,,0.6772382333733359
Kepler-527,1,Success,33.24032258987427,1.3300344114334388,19,,-0.05166044178738008
Kepler-524,1,Success,52.32858872413635,3.294593353327741,12,0.248572945204025,0.04582136413249033
Kepler-525,1,Success,44.291971921920776,1.3641036431631806,25,,0.1344310310065405
Kepler-52,1,Success,105.21197700500488,0.7544719051994092,26,0.4908379379795155,0.7082100112906664
Kepler-526,1,Success,51.315056800842285,0.23700770388554604,5,-0.046780447156692787,0.7537840823191786
Kepler-523,1,Success,74.8326780796051,3.9030412368529674,3,0.3336117247066167,
Kepler-529,1,Success,55.70396900177002,3.438391640068517,17,,0.002669505582707981
Kepler-528,1,Success,69.56667494773865,4.317297022044009,3,0.3821253405071107,
Kepler-530,1,Success,64.21162509918213,0.8265385621871849,13,0.5013308914752498,0.15378642147321697
Kepler-53,1,Success,68.33307695388794,1.1780277683058853,26,,0.34634805295852156
Kepler-531,1,Success,70.78116512298584,1.0107393703415761,26,0.26624906375458823,0.4740191418277293
Kepler-534,1,Success,54.59961700439453,1.3098152987048592,33,,0.30933473275885864
Kepler-535,1,Success,41.5492889881134,29.68515296966929,3,0.7807269788544227,
Kepler-532,1,Success,81.64844274520874,0.9004665363541727,8,0.7937579990066299,0.4864586467057265
Kepler-533,1,Success,77.18884801864624,1.0818422671444723,42,,0.5802235380892878
Kepler-536,1,Success,66.52290487289429,1.2562081874272397,45,,0.2381901379816539
Kepler-539,1,Success,56.08994817733765,1.7538182286923454,17,0.43047887881411123,0.8774573308771142
Kepler-537,1,Success,65.35757803916931,1.4339851185901897,19,0.6116152786434089,0.7032977800899685
Kepler-541,1,Success,39.644742012023926,0.984383070010093,14,,-0.07282745379523074
Kepler-538,1,Success,78.58805704116821,12.424702621033248,46,,-0.1572459785382708
Kepler-540,1,Success,73.82469820976257,2.7045017321378495,25,,-0.035970522548088864
Kepler-542,1,Success,56.272555112838745,1.5114148990998388,29,,0.08649631126117506
Kepler-544,1,Success,46.56869077682495,1.1043776950970943,31,,0.6209952097673871
Kepler-543,1,Success,81.28357601165771,0.5832900448871065,12,0.6014675409721965,0.11179654191911349
Kepler-546,1,Success,57.086546897888184,1.5858386242148628,14,0.04944093548658518,0.01476736541821755
Kepler-54,1,Success,131.53103399276733,81.3378014122461,81,,0.29055746444836655
Kepler-548,1,Success,74.96452593803406,0.20378490967228458,4,0.4314935082873,0.4486987837960612
Kepler-55,1,Success,74.28928112983704,0.9821918847468875,29,0.16239312873057052,0.34201002053546936
Kepler-547,1,Success,92.83187794685364,1.21717867052811,56,,0.36267520495766953
Kepler-549,1,Success,86.37530708312988,1.0742869564508377,8,-0.024968091417654242,0.28490083194898946
Kepler-550,1,Success,63.589707136154175,1.6746993961126004,33,,0.3148707935949902
Kepler-552,1,Success,54.349114179611206,2.3097554248433245,12,0.15823276936224107,-0.07183489436924431
Kepler-551,1,Success,92.137371301651,0.49661952515583374,8,0.6178590792882674,0.6981676059098073
Kepler-555,1,Success,52.49675393104553,1.4703264071479913,38,,0.65433813824192
Kepler-557,1,Success,57.77688694000244,2.971280328312485,8,0.34037146588377387,0.00027091389725768933
Kepler-554,1,Success,67.66799998283386,1.8386244884153442,6,0.2791500250655165,-0.18482614837339817
Kepler-553,1,Success,93.0546522140503,14.200200562259788,46,,0.5009000857805272
Kepler-558,1,Success,72.4387698173523,1.3302847306932093,47,,0.17735904015172715
Kepler-559,1,Success,73.70026803016663,1.0515248023008958,34,,0.18704451329584956
Kepler-564,1,Success,50.2398898601532,0.1915432110319322,9,0.10365822279576467,0.14979551393229196
Kepler-562,1,Success,56.551634073257446,0.26710635651914644,5,0.5734762716785055,0.2212263344216216
Kepler-561,1,Success,78.6246771812439,1.6595375761629962,16,0.2749865227105917,0.24737624676888714
Kepler-566,1,Success,66.59551215171814,7.233600806944561,4,0.21405109457703467,
Kepler-567,1,Success,81.20240092277527,1.2549159474289664,3,0.009309684008384216,
Kepler-569,1,Success,65.88154602050781,0.6001007465410416,15,-0.04918804636443812,-0.049793993734605205
Kepler-570,1,Success,57.918818950653076,1.38402966251769,8,0.4009163145175552,0.19790428504257146
Kepler-568,1,Success,105.72201609611511,1.5380224331569308,45,,0.11660484770703022
Kepler-57,1,Success,79.03696990013123,0.8453882389044611,11,0.4551345028671219,0.14180085669417183
Kepler-560,1,Success,145.67632579803467,9.638518805262375,3,0.362069555184243,
Kepler-571,1,Success,67.90154504776001,5.42491667750262,3,0.15910335351021943,
Kepler-56,1,Success,193.8691439628601,0.8711346418159399,35,,0.17713845265123568
Kepler-573,1,Success,50.79357433319092,1.2006372130114684,13,0.36301113762004067,-0.03569374778791411
Kepler-574,1,Success,55.80344915390015,2.7849961229283644,5,0.48728690883862524,0.17153743929901236
Kepler-575,1,Success,52.85581707954407,1.3755415762336638,8,0.12876638629912154,0.055033711621857245
Kepler-576,1,Success,58.89310002326965,31.167877086112,2,0.020474263244894077,
Kepler-572,1,Success,90.97035121917725,159.7248027635736,49,,0.6723092853494058
Kepler-578,1,Success,70.92329502105713,0.4910131419724664,8,0.27689834919231276,0.3628003399986493
Kepler-579,1,Success,75.90732717514038,0.3912430519377968,9,0.3350625212959218,0.12106254612435043
Kepler-58,1,Success,61.553061962127686,1.7750649142573025,6,-0.03567088640928591,-0.008594016951759452
Kepler-577,1,Success,94.98642683029175,0.8239110174519001,40,,0.44812009597194147
Kepler-584,1,Success,44.02491903305054,1.335235180361774,15,,0.6682238317662417
Kepler-581,1,Success,58.756795167922974,1.251707918150936,40,,0.15342633469542372
Kepler-583,1,Success,57.878413677215576,1.1542479792029205,29,,0.0027366613081949726
Kepler-585,1,Success,49.880622148513794,0.7975786438358258,13,0.21299563222984771,0.1563346516876919
Kepler-588,1,Success,39.95775508880615,1.2093787016155815,20,,0.30689727803591316
Kepler-587,1,Success,50.09259915351868,3.438550458671406,13,0.39863844021133404,0.6453422765602798
Kepler-586,1,Success,63.56908082962036,0.9664066635635077,39,,0.050905065386685815
Kepler-580,1,Success,110.42661595344543,0.6892636657698162,36,,0.6578428607921161
Kepler-589,1,Success,65.75884103775024,1.5107435816306365,8,0.20977287988184193,0.1507201347638562
Kepler-591,1,Success,52.95500898361206,1.0392860005719144,39,,0.12355648189836521
Kepler-59,1,Success,60.677497148513794,3.7403660465577957,29,,0.6388100987354658
Kepler-592,1,Success,37.24751591682434,1.5742685824961145,4,0.6309120663995212,
Kepler-594,1,Success,54.629607915878296,3.8131993049263118,3,0.49136109709423076,
Kepler-596,1,Success,42.572800159454346,0.025089911339001115,2,0.3078164056308329,
Kepler-593,1,Success,70.71050810813904,19.944283201618397,33,,0.5303345473998077
Kepler-6,1,Success,39.934200048446655,0.6322023964224001,8,0.5124645478189297,0.30592519758668496
Kepler-595,1,Success,72.02046823501587,2.0640041237710243,28,,0.6590368833123614
Kepler-60,1,Success,35.25574326515198,1.152493970340673,26,,0.48018185438618344
Kepler-598,1,Success,81.29967188835144,1.3983389198252438,16,0.34883089761502634,0.42934617577700757
Kepler-597,1,Success,85.92330121994019,3.4628341789539054,46,,0.0014545965844098962
Kepler-599,1,Success,95.83437991142273,10.424905904694365,42,,0.6330404685420218
Kepler-602,1,Success,57.5426971912384,0.06269414832229284,3,0.40774366092999087,
Kepler-600,1,Success,88.71068596839905,2.3924789467738705,4,0.23194267839923216,0.483658627105652
Kepler-601,1,Success,85.7806613445282,1.9404470566074905,14,0.21524830653899985,0.12667352128291795
Kepler-604,1,Success,60.269607067108154,3.9139257290139273,30,,0.5188978577761137
Kepler-603,1,Success,71.02629590034485,2.500693544430174,2,0.6887434846344451,
Kepler-606,1,Success,66.10799884796143,2.827174417754884,18,,-0.04027674271448036
Kepler-605,1,Success,82.79334092140198,3.0066010539488013,8,-0.14356706097612948,0.1872446661394091
Kepler-608,1,Success,68.14222192764282,9.576645635974295,33,,-0.174608460483601
Kepler-610,1,Success,42.18529987335205,0.7369714187778418,9,0.17780770019696923,0.12268543165364307
Kepler-609,1,Success,50.98013186454773,0.2935043217377693,7,0.41730609543269925,-0.15100264452568155
Kepler-611,1,Success,54.79751706123352,3.4984321433617067,6,0.3647811962362596,0.4033843904527997
Kepler-607,1,Success,103.92927098274231,2.356115081903784,51,,0.7465673010223737
Kepler-613,1,Success,57.27233695983887,7.033292906453276,3,0.7427613895066201,
Kepler-618,1,Success,38.98018193244934,3.6528511005096456,3,0.17030773106190417,
Kepler-61,1,Success,101.81557202339172,1.5312827471684458,59,,0.7023850097949508
Kepler-616,1,Success,62.19804501533508,0.7292624490511782,15,-0.0718063458825671,0.11052249514442251
Kepler-615,1,Success,74.43038272857666,1.2166330539588965,43,,0.043726262577312346
Kepler-619,1,Success,44.27199578285217,8.532395531863951,2,0.013148864242482938,
Kepler-614,1,Success,90.14216494560242,1.138150014522121,5,0.11415266326218948,-0.07243954396334795
Kepler-620,1,Success,50.69894289970398,0.8270307240951219,11,-0.03263633705973317,0.35888631585061154
Kepler-623,1,Success,61.322741985321045,1.0235720075792543,3,0.23806042789507179,0.8858913882626713
Kepler-624,1,Success,61.34604477882385,0.7932807818977498,6,0.09568736993311212,0.4278005077578653
Kepler-62,1,Success,101.7395191192627,0.5394895932358337,24,0.9606283500990602,0.3694147876365354
Kepler-617,1,Success,140.55507612228394,1.0624853152237501,89,,0.9195911769772601
Kepler-626,1,Success,53.72717595100403,0.7992712702827562,11,0.10313829413363657,0.2924455379047177
Kepler-621,1,Success,103.55774188041687,4.018755782805495,21,,0.3465278760351959
Kepler-627,1,Success,33.63300108909607,0.6946667452537277,8,-0.028427651308495706,0.23317534382393074
Kepler-622,1,Success,104.7969880104065,0.9128429472833589,33,0.21542504618561206,0.47173346702036667
Kepler-625,1,Success,83.78066802024841,0.3966409206878026,7,0.8265270038743134,0.4767319833502365
Kepler-63,1,Success,60.89178514480591,2.1129618555445426,3,0.41453166570914407,
Kepler-635,1,Success,33.86567211151123,1.2544887069514827,12,0.21224562539277556,0.30670740149846465
Kepler-631,1,Success,44.91310501098633,1.540627253150264,28,,0.4755192892176179
Kepler-630,1,Success,64.59041213989258,0.04684994049168589,5,0.07107712774857301,-0.02933126210004993
Kepler-629,1,Success,73.68104910850525,0.933796990393701,7,0.2030380749991724,0.42541441696497595
Kepler-633,1,Success,56.15294003486633,1.8669490714267236,34,,0.464079398504031
Kepler-634,1,Success,55.22972583770752,0.8715964964010846,3,-0.1773869681434398,
Kepler-632,1,Success,76.45930695533752,0.9336603644783894,4,0.3473707819156028,0.11095246603755564
Kepler-637,1,Success,35.63339185714722,0.398830745920577,3,-0.03786879530764287,
Kepler-639,1,Success,43.961426973342896,0.6363802138958282,28,,0.4496596900752504
Kepler-643,1,Success,27.02591109275818,3.3912544692117748,5,0.47331492020681415,-0.09985205501915323
Kepler-636,1,Success,76.38477826118469,11.902527208996755,3,0.4332564178710813,
Kepler-641,1,Success,56.15337896347046,2.5048932721016604,11,-0.031555649066771364,0.3329994429133706
Kepler-638,1,Success,76.62395596504211,0.42335676346172646,16,0.71271663505432,0.9237400435429086
Kepler-640,1,Success,73.98688316345215,0.17568591012863805,9,0.17209456813238866,0.08095856830857491
Kepler-647,1,Success,34.33096694946289,0.4232129249263713,10,,0.412053023607914
Kepler-645,1,Success,61.25910496711731,1.4729416324392346,22,,0.09797469768242718
Kepler-648,1,Success,50.358060121536255,3.975957079700593,3,0.4320700017542478,-0.024175997381833177
Kepler-646,1,Success,68.07856607437134,0.906753062374547,22,-0.02569583474485036,0.2965479951627003
Kepler-65,1,Success,50.60422396659851,1.7686148437293532,6,0.6843724447379387,-0.03284009650072706
Kepler-649,1,Success,60.83468413352966,0.4894366032032862,13,0.5198624159415214,0.03642171172985238
Kepler-650,1,Success,30.525004148483276,0.6435822151360039,21,,0.7544323617648765
Kepler-653,1,Success,46.08912897109985,0.9927588062543589,17,,0.2631040283673749
Kepler-651,1,Success,64.29043793678284,0.40435724039135246,10,0.6258431590963637,0.24459721802032103
Kepler-642,1,Success,169.39796781539917,0.40568066230790206,12,,-0.13125049332218497
Kepler-654,1,Success,57.141828298568726,0.59268696185538,4,0.24604160030863634,0.361500345199961
Kepler-656,1,Success,50.58465003967285,0.7140398436843467,18,,0.24239796408170225
Kepler-652,1,Success,64.74754810333252,3.677059771773344,3,0.2543001083475873,
Kepler-655,1,Success,76.02023434638977,1.6621141909933397,10,0.3157267730069404,-0.027987002347492854
Kepler-657,1,Success,55.441543102264404,1.5651353434317299,10,0.46656586627905033,0.7900823882102651
Kepler-658,1,Success,77.03040504455566,0.9775609859946686,39,,0.7755720200530307
Kepler-659,1,Success,62.96367621421814,33.3565313991062,20,,0.603412369007966
Kepler-660,1,Success,66.40958786010742,1.2898969161073455,31,,0.47581488073162176
Kepler-644,1,Success,222.45159602165222,3.922100496730095,3,0.1567307766622848,
Kepler-661,1,Success,72.11540198326111,3.985834318912648,3,0.4712669513692297,
Kepler-662,1,Success,77.27702593803406,1.9306755355704883,17,0.44603666062936265,-0.18739079814303589
Kepler-664,1,Success,42.67888784408569,0.4093558742516456,14,-0.021619171121871218,0.3375970629663954
Kepler-663,1,Success,77.01932716369629,1.0980283539097384,27,-0.05488843269816826,0.44869440844543446
Kepler-669,1,Success,37.35668611526489,0.901194696994163,30,,0.5601372847861731
Kepler-666,1,Success,50.72748589515686,0.8703305250601909,32,,0.49303210923112123
Kepler-668,1,Success,46.02649688720703,1.5012256928211296,18,,0.4924985017864138
Kepler-667,1,Success,69.0275890827179,0.5221380724320379,8,0.6215514504105543,0.6491990555123898
Kepler-671,1,Success,52.03966689109802,0.6152889629695858,14,0.4713950372775016,0.3504092043120937
Kepler-670,1,Success,58.987415075302124,0.5211160265357312,10,0.41041435422676104,0.37364871255782695
Kepler-665,1,Success,76.92631006240845,1.8028735928836852,32,,0.7675125313607603
Kepler-672,1,Success,51.556556940078735,0.4998432807883392,26,,0.43459732795049144
Kepler-673,1,Success,47.00769090652466,0.3385786373824731,8,-0.08940282829111755,0.40263664289962603
Kepler-675,1,Success,63.39166307449341,1.3814329773524872,18,-0.05685368016433417,0.712534190222126
Kepler-677,1,Success,50.02744483947754,14.484620170933098,4,0.4952674565674664,-0.029670971977879494
Kepler-68,1,Success,38.02465200424194,1.2892783107272991,14,0.2921156511989455,-0.27928035356755176
Kepler-678,1,Success,64.23493313789368,0.8633697920261919,27,,0.01667462931839997
Kepler-680,1,Success,47.610170125961304,0.1765177231088158,5,0.1644636175711835,-0.0007668196732428635
Kepler-674,1,Success,96.98838973045349,1.499271928228689,25,0.12561110104853512,0.0359168693339879
Kepler-679,1,Success,71.72297716140747,0.7863344504376618,29,,0.3847713451216948
Kepler-681,1,Success,44.37927985191345,3.60240516695496,3,0.45981695163608,
Kepler-682,1,Success,43.58955407142639,14.965877914784251,2,0.22481457903878374,
Kepler-683,1,Success,56.119394063949585,0.8833686672947078,41,,0.4943722315952958
Kepler-676,1,Success,124.20222997665405,0.7017742378537989,4,0.2160632100488367,
Kepler-685,1,Success,55.923465967178345,0.6068624441191707,18,0.5754024810055564,0.35378553067222657
Kepler-684,1,Success,71.80668711662292,1.8004552700634509,7,0.15468397797779285,0.6315722233152778
Kepler-686,1,Success,71.72689723968506,0.9570760409873726,17,0.42055946417097484,0.4252954772034373
Kepler-687,1,Success,80.68581509590149,1.099040814439345,41,,0.15873248351711958
Kepler-69,1,Success,67.01003313064575,1.180994881834107,37,,-0.13670057479848674
Kepler-688,1,Success,82.30016493797302,0.27960804935087213,5,-0.07324603807240337,0.3917418388475326
Kepler-7,1,Success,27.951828956604004,1.15006780100683,6,0.2347546832243646,0.7340107524288235
Kepler-694,1,Success,72.16054701805115,1.1642417487086236,13,0.09562823168530947,-0.22809363363970891
Kepler-693,1,Success,78.44686388969421,0.21713354188370684,3,0.374243681836167,
Kepler-696,1,Success,58.59595322608948,0.8285740455248506,11,0.27004083750109625,0.3734508339948665
Kepler-697,1,Success,50.32456421852112,0.7871453786330093,44,,0.5011285578907635
Kepler-695,1,Success,76.1639289855957,0.8081620594622253,46,,0.49398155580531
Kepler-698,1,Success,56.6128408908844,0.5054295885388975,19,,-0.07800581528120805
Kepler-691,1,Success,118.21532106399536,1.3634489778182926,43,,0.2292571332068261
Kepler-701,1,Success,51.47769594192505,,1,0.11527760006358272,
Kepler-703,1,Success,44.04501724243164,0.9707826023076366,26,,0.6718679671881296
Kepler-700,1,Success,56.411394119262695,2.8694285520237943,29,,0.2103348831116919
Kepler-702,1,Success,63.383657932281494,1.369002255402436,24,0.4240806135843682,-0.03429662150296097
Kepler-704,1,Success,70.43747782707214,1.9586472385039626,12,0.11967513389986252,0.29399489260633443
Kepler-707,1,Success,79.80133581161499,0.976183675496987,3,0.49268241010125513,
Kepler-709,1,Success,73.35572671890259,1.3757843451192555,27,,0.3742147720334053
Kepler-713,1,Success,61.13789391517639,0.8678153721626083,35,,0.28271269141930183
Kepler-705,1,Success,101.27068710327148,5.3312944508260705,34,0.4664456983345569,0.3729891840115828
Kepler-714,1,Success,51.75156307220459,1.4637927141037355,37,,0.5484745902079089
Kepler-715,1,Success,48.39299273490906,0.567271056872595,13,0.395779683588308,-0.06584709866902069
Kepler-710,1,Success,83.65535283088684,9.696796145489037,29,,-0.27708567885306457
Kepler-711,1,Success,87.57488822937012,1.301786098967089,9,0.06815262711175811,0.5268923164415894
Kepler-718,1,Success,37.03673601150513,0.6416858875083878,13,0.2903951963366264,0.21243320547221026
Kepler-716,1,Success,70.64838790893555,5.674948473412958,31,,0.0886111371684018
Kepler-719,1,Success,59.89890503883362,0.7676739011773567,41,,0.2077220807347936
Kepler-725,1,Success,52.08148694038391,0.7661392561376446,46,,0.43903620405752086
Kepler-720,1,Success,74.80590009689331,1.4863973242505613,3,0.18549377577954237,
Kepler-723,1,Success,72.65551400184631,0.16498578038198444,7,0.33039765299297175,0.5282865262867609
Kepler-721,1,Success,82.8864119052887,0.15805223570231833,3,-0.17298275173502559,
Kepler-724,1,Success,68.63981699943542,0.7732707751695602,19,0.3688154166476734,0.060510451578054285
Kepler-726,1,Success,67.9250340461731,1.2156118939367113,14,0.6649285746718973,0.027023642124420204
Kepler-729,1,Success,47.888571977615356,,1,0.04487939492792239,
Kepler-730,1,Success,41.760459899902344,0.8519831655751109,24,,0.3465745316290832
Kepler-727,1,Success,69.2024130821228,0.6919678358239529,22,0.794230397244283,-0.07491606335724897
Kepler-731,1,Success,61.71113610267639,1.164504478947406,20,,0.3511091537939266
Kepler-735,1,Success,47.58978199958801,0.5713288267279439,31,,0.6643562569904792
Kepler-736,1,Success,42.42952299118042,1.576766450006772,21,,0.042445357221925356
Kepler-738,1,Success,43.232917070388794,1.4985862562872385,12,0.3109591058928272,-0.1992778548455014
Kepler-733,1,Success,81.64208912849426,60.61533138083424,41,,0.4472786160437381
Kepler-734,1,Success,90.44771909713745,2.7391383655594197,34,,0.8570816028011742
Kepler-739,1,Success,46.66152811050415,1.5695704132336554,9,-0.003869356115064351,-0.1500712515763014
Kepler-740,1,Success,46.69925665855408,10.463783618583895,3,0.03322895410030776,
Kepler-741,1,Success,35.61164093017578,0.9401405185836906,5,0.11682657694442684,0.5293948140287855
Kepler-74,1,Success,64.92607474327087,0.0061774999748286635,2,0.05990559824318503,
Kepler-737,1,Success,95.53223180770874,0.8356326191327312,21,0.4070240337331204,0.07041887174112557
Kepler-732,1,Success,140.92614793777466,0.8985606042352137,35,0.665699112973087,0.31060908069074494
Kepler-742,1,Success,60.372661113739014,0.826844904613928,15,-0.15504113405795467,0.37600425907723684
Kepler-743,1,Success,75.49937319755554,0.7955169720093553,10,0.3107634670565046,0.299225815757633
Kepler-748,1,Success,47.57774806022644,1.1096054900599792,25,,0.4071638186278447
Kepler-744,1,Success,77.46763324737549,7.613057087120269,27,,0.4852543326072013
Kepler-745,1,Success,65.84656000137329,2.7787514893462966,3,-0.17765389182446695,0.6431954792711743
Kepler-746,1,Success,65.37204194068909,1.042808513722878,21,,0.1039337821366838
Kepler-750,1,Success,42.218783140182495,0.5128696331890066,16,,0.2804824188907919
Kepler-747,1,Success,69.59939789772034,1.1661440252964066,20,0.42516769150756534,0.11398739746820528
Kepler-75,1,Success,74.13147902488708,1.061489678578308,26,0.9166968908133063,-0.027809543052701002
Kepler-754,1,Success,57.173187017440796,0.7864971458243268,11,0.2215852946031654,0.30145512594148854
Kepler-751,1,Success,70.40551590919495,0.8247213879493251,27,,0.48351131092300825
Kepler-757,1,Success,54.61559295654297,1.8903987650580119,32,,0.18568472258768354
Kepler-758,1,Success,33.6683247089386,5.390227499610867,20,,0.35035123359403203
Kepler-752,1,Success,76.80581402778625,1.6157338026787786,38,,0.23755844594665948
Kepler-755,1,Success,69.80377221107483,0.6267494001050673,38,,0.6518658405106126
Kepler-753,1,Success,79.25661897659302,1.138706919327327,12,0.523698729116152,0.3430972233912681
Kepler-756,1,Success,87.45845079421997,3.2463166469527267,25,0.544099404496432,-0.24897700718148502
Kepler-759,1,Success,47.709450006484985,1.6097172773862645,27,,0.09306223686950389
Kepler-76,1,Success,48.748913049697876,1.9264840812662674,17,,0.09739863178445902
Kepler-760,1,Success,52.443989992141724,1.821217462296563,32,,0.6985222643259348
Kepler-762,1,Success,52.67505192756653,1.7569409416101383,4,0.4835950389350226,
Kepler-764,1,Success,51.25841975212097,0.7367190197273255,6,0.09954984483863152,0.37858389003494375
Kepler-761,1,Success,61.22924304008484,1.311174911076532,28,,0.5474198630863865
Kepler-763,1,Success,59.646398067474365,1.8515594790878491,37,,0.6553635682864407
Kepler-765,1,Success,63.83960223197937,0.7711781096284507,14,0.6569361285199543,0.20162289634896755
Kepler-766,1,Success,57.97337317466736,0.6436081008352326,3,-0.026468726471097357,
Kepler-769,1,Success,50.841463804244995,1.8910465308041342,13,0.5083350870204417,0.27038921348266565
Kepler-767,1,Success,80.28208589553833,8.232489779514557,32,,0.18478004104306953
Kepler-774,1,Success,22.318615913391113,0.505665039988551,9,,0.34341671845837096
Kepler-77,1,Success,71.37238311767578,0.6546115807950417,6,0.49407199176495653,0.3866621327147442
Kepler-771,1,Success,68.12114191055298,0.13998799599855621,4,-0.2053367285832498,
Kepler-768,1,Success,83.77368903160095,0.9020983800978375,24,0.23875754328863025,0.4039241695815901
Kepler-770,1,Success,75.78965210914612,1.2374635746655673,14,0.20589658570394034,0.08674822445874497
Kepler-772,1,Success,52.61184215545654,0.7049911656116048,10,0.11093183525641416,0.7212906867890406
Kepler-773,1,Success,50.35730290412903,1.0490764770568786,17,0.5605416007611282,0.37166085013951417
Kepler-780,1,Success,47.74897217750549,0.3575576278067173,5,0.134401232692128,-0.07250055916683308
Kepler-778,1,Success,66.501797914505,0.6450427479021803,3,0.5321234280152185,
Kepler-776,1,Success,70.53656506538391,0.5590272143334065,5,0.8052525336819423,0.012125037434258287
Kepler-781,1,Success,58.629723072052,0.3521364979873314,4,-0.1294152455837955,-0.04357320893915322
Kepler-78,1,Success,75.27903628349304,5.903222380457582,6,0.3087191171731221,0.6684017994146436
Kepler-775,1,Success,97.28775691986084,10.17932317448372,38,,0.20663437523529551
Kepler-777,1,Success,91.64506101608276,1.3045812539496577,34,0.32560542925078745,0.6175168620618746
Kepler-779,1,Success,91.22096085548401,0.0014323822631976612,2,0.21136618951828787,
Kepler-784,1,Success,39.13959813117981,1.2262989800989188,20,,0.1857430349573613
Kepler-782,1,Success,50.2609326839447,,1,0.15495798581095038,
Kepler-788,1,Success,44.0631799697876,0.8236439606546734,10,0.3084122301966642,0.18731938386926436
Kepler-783,1,Success,72.62927627563477,,1,-0.05687907035098057,
Kepler-785,1,Success,81.87317895889282,0.5424119014857937,13,0.34709371227896973,0.4230744609584292
Kepler-79,1,Success,51.27285099029541,0.8131395470490069,7,-0.17418648554715835,-0.13408102872809818
Kepler-786,1,Success,79.68903708457947,0.9600348338889569,18,0.22092172122532963,0.3100165028455526
Kepler-789,1,Success,69.78346490859985,1.9413853627264073,30,,-0.08646910404215957
Kepler-787,1,Success,86.08411598205566,0.8330326975536012,39,,0.658954955717665
Kepler-790,1,Success,63.81748008728027,0.893857304730673,20,0.407157908779647,0.08520798137339979
Kepler-791,1,Success,47.75318622589111,0.8389108216773561,11,0.20714225116543072,-0.10516672230155447
Kepler-792,1,Success,46.52366518974304,0.755971092467171,19,,0.3856727368450223
Kepler-796,1,Success,45.22842717170715,1.2569455847034756,23,,0.3712368324057471
Kepler-793,1,Success,56.73856782913208,1.0569876778986833,24,,0.38728714968051375
Kepler-794,1,Success,57.23811411857605,0.38421817439361455,7,0.26341794175496663,-0.07016023101255471
Kepler-798,1,Success,49.41378402709961,1.2483697636867535,22,,0.9557832869268007
Kepler-795,1,Success,62.14985203742981,1.530649777827961,9,0.43806100952605076,0.6648908504804254
Kepler-8,1,Success,43.641181230545044,0.9636800427032162,8,0.5065203905855544,0.48181046491934076
Kepler-797,1,Success,58.52220702171326,1.3121392422099725,12,0.08569832728863153,0.3774919512464444
Kepler-799,1,Success,66.47041893005371,17.489562791693654,27,,0.023592128468386202
Kepler-802,1,Success,44.4574921131134,1.8099501696597895,2,0.47375999785323114,
Kepler-805,1,Success,46.23928999900818,1.1421813908223497,10,0.11109774284122444,-0.2409126100716355
Kepler-803,1,Success,61.34648418426514,1.7885025604544407,4,-0.14877290429577153,
Kepler-800,1,Success,75.64696192741394,0.21972870367245942,4,0.5317583349161568,0.43100392118227027
Kepler-804,1,Success,58.21884512901306,1.2000653494951365,8,0.509479678432048,0.8318352646476876
Kepler-801,1,Success,81.3036789894104,1.3201296490215175,7,0.39241076495279253,0.090325374530059
Kepler-806,1,Success,51.94427490234375,1.7925112235341119,16,0.06419131520905423,0.1847388594011109
Kepler-812,1,Success,27.034595012664795,0.616445860190295,15,,-0.09199092881621185
Kepler-811,1,Success,33.59215784072876,1.7474990882084371,27,,0.03184746892937266
Kepler-809,1,Success,48.720635175704956,8.44889698611871,14,0.34159197645558653,0.3537177493464332
Kepler-80,1,Success,118.86694812774658,1.306473393801085,42,,0.45359233398710425
Kepler-814,1,Success,31.344868183135986,0.13865880498638186,3,0.8565917945050002,
Kepler-808,1,Success,76.25586915016174,3.8380617789730564,23,0.12040683884227463,0.0885597514062732
Kepler-813,1,Success,54.762197971343994,1.4874719047292493,10,0.884847806563926,0.9180777638653151
Kepler-817,1,Success,59.90251970291138,1.3750543634908423,11,0.9050741171177986,0.43581271562248114
Kepler-81,1,Success,96.90236401557922,0.9676746134904224,61,,0.8372898474679942
Kepler-818,1,Success,70.58967971801758,0.3318258950883258,6,0.28900886302578693,-0.03114608963278308
Kepler-821,1,Success,64.4944851398468,0.7539306679442876,11,0.22714766827333038,-0.059836911015285786
Kepler-82,1,Success,74.33302783966064,1.994332915786028,46,,0.6197715750334849
Kepler-819,1,Success,84.04998087882996,7.027496050797367,4,0.28516320954991226,
Kepler-823,1,Success,64.36363911628723,1.7073291130522217,20,0.279841109585239,0.0832937154997523
Kepler-826,1,Success,49.39270281791687,1.6496244591036986,7,0.3012440744021449,-0.17021082674387394
Kepler-829,1,Success,44.74314093589783,1.5981785944689648,23,,0.12295072195458122
Kepler-828,1,Success,60.612058877944946,0.9841349227634252,8,0.1957861751688253,0.37964154730546656
Kepler-830,1,Success,44.81883788108826,1.875919631054408,9,0.6856172042851865,0.31676627952160685
Kepler-815,1,Success,140.97300481796265,0.6821735078889919,2,-0.1234353005253022,
Kepler-831,1,Success,66.40765070915222,2.2964557038427844,4,0.26978743208416706,
Kepler-835,1,Success,39.10806918144226,4.827931678432344,3,-0.019563546219331415,0.5620963044226447
Kepler-833,1,Success,69.2421019077301,0.7272569602720373,3,0.12404029354658115,
Kepler-836,1,Success,50.459248781204224,0.9534071661208039,15,0.07976184755355754,0.3655049377328274
Kepler-83,1,Success,88.27793192863464,0.45615543149433274,23,0.032176005887023906,0.08121854702466468
Kepler-838,1,Success,39.543233156204224,1.244843337259858,11,0.33975306402275357,-0.04650372427578448
Kepler-834,1,Success,68.59410500526428,0.4743957774804237,10,0.1941495329426793,0.3002699919234467
Kepler-837,1,Success,48.45164394378662,13.925085196603726,25,,-0.032648432214023276
Kepler-839,1,Success,36.12061595916748,0.7494899296556115,26,,0.032174344519842815
Kepler-841,1,Success,49.41296172142029,1.328405967922562,28,,0.6811737780615674
Kepler-84,1,Success,56.672065019607544,4.0910590433899605,3,-0.05361137590407266,
Kepler-846,1,Success,48.35942196846008,4.025273293150323,10,,0.22307856590257447
Kepler-843,1,Success,57.97286295890808,0.4121045408598309,13,-0.07754344137852683,0.32986179830733603
Kepler-845,1,Success,61.33741283416748,1.5304149208246707,38,,0.184344409073941
Kepler-844,1,Success,65.40373802185059,2.268013899453246,42,,0.9101129085020883
Kepler-842,1,Success,72.51583409309387,2.2249952443721477,44,,0.3960818195401885
Kepler-849,1,Success,28.435846090316772,1.2328043989494994,15,,0.672047497725775
Kepler-847,1,Success,66.635812997818,1.1118421081169119,46,,0.6272086588831045
Kepler-848,1,Success,53.774314165115356,0.11434730063897416,6,0.06331474219840068,-0.05483111896788315
Kepler-85,1,Success,51.73492908477783,1.3843738382062118,40,,0.09041822444615043
Kepler-850,1,Success,48.93310284614563,1.4321432113179446,23,,0.37076671277682843
Kepler-853,1,Success,45.81046104431152,1.4696835404716757,6,0.1651357504206376,-0.013595624159486548
Kepler-851,1,Success,57.98474097251892,1.1663376753203514,36,,0.5168481767839738
Kepler-852,1,Success,55.561907052993774,1.710635346030182,4,0.2327931813863784,-0.20173004939500802
Kepler-855,1,Success,61.553611040115356,0.63327606370402,3,0.5185815511440582,
Kepler-856,1,Success,55.42319202423096,1.664504162672538,20,0.9677694995175736,0.21842529421156714
Kepler-857,1,Success,63.66274309158325,1.025344315676912,15,0.2126153273556,0.28445197666896466
Kepler-859,1,Success,51.562744140625,0.9296213553161837,8,0.3180415373501467,0.40785945979093136
Kepler-858,1,Success,55.860549211502075,0.4892433529695114,30,,0.49323489669411197
Kepler-860,1,Success,46.76498103141785,0.896678136327395,30,,0.4029139165488907
Kepler-862,1,Success,59.63056492805481,0.888528562001686,29,,0.3065785480543705
Kepler-863,1,Success,66.93858695030212,0.9442435876941621,42,,0.5007176327744295
Kepler-865,1,Success,60.39270997047424,0.6628129798214805,42,,0.23606776795812143
Kepler-87,1,Success,29.86312985420227,0.7452619878407718,17,,0.02621006051979229
Kepler-867,1,Success,55.343022108078,1.2128568852519752,35,,0.5531896129867285
Kepler-869,1,Success,56.794341802597046,1.9461681392582242,26,,0.30281897621887854
Kepler-868,1,Success,69.45970892906189,2.281402739913145,24,,0.12151070897405564
Kepler-866,1,Success,74.45622706413269,4.024303583079175,5,0.36975478136042494,0.17851894746170757
Kepler-872,1,Success,52.717801094055176,0.6815117126293587,33,,0.3688180749002946
Kepler-873,1,Success,55.82900309562683,1.050947638169268,14,-0.11225523404442181,0.4264652658039703
Kepler-874,1,Success,51.88337802886963,0.5247705899799097,12,-0.11862408434943167,-0.1536839575910579
Kepler-870,1,Success,83.07938480377197,9.552960169390948,32,,0.4871216320466278
Kepler-875,1,Success,55.22969079017639,1.8990574387619814,3,0.4104945768453982,
Kepler-877,1,Success,64.73458313941956,1.1658991141611743,11,0.49131657739577833,0.3686486345648094
Kepler-880,1,Success,36.98262596130371,1.4791524643412868,8,0.10635381935712683,0.424418203503091
Kepler-881,1,Success,34.95028305053711,1.7210066676531401,18,,0.02799331107759011
Kepler-876,1,Success,75.46045899391174,0.4200636008747887,11,0.35341193643832763,0.4006422303584812
Kepler-878,1,Success,54.68794107437134,1.8701382680651264,8,0.43667931990901127,0.5457814704072146
Kepler-879,1,Success,52.10375475883484,3.0792351707715317,21,,0.4634557253894847
Kepler-882,1,Success,66.64997100830078,0.5559337721674839,16,-0.0030048147799503102,-0.05044824983524443
Kepler-887,1,Success,42.54749393463135,1.1673019494847119,9,0.054851285646087204,0.6667055273088909
Kepler-886,1,Success,45.80645489692688,0.877103874477437,3,-0.14045596205073468,
Kepler-884,1,Success,59.38792014122009,12.116981355935133,3,0.2691587394132862,
Kepler-885,1,Success,55.958592891693115,0.8722187697108037,9,-0.14243066988139966,0.8509724210184628
Kepler-883,1,Success,65.62388515472412,0.8165969025952792,23,,-0.09017857326231099
Kepler-864,1,Success,251.4601378440857,0.3082134023583472,22,,0.09181870409609742
Kepler-888,1,Success,65.65187621116638,4.56301520250002,3,0.26691483226588136,
Kepler-889,1,Success,44.90178203582764,1.3914708742971216,8,-0.1568524455605517,0.2520054815655579
Kepler-890,1,Success,47.11608910560608,0.7794332399592735,5,0.32691286351193855,-0.15950859646691248
Kepler-891,1,Success,49.73392701148987,1.5484549549300737,20,0.32372682649515455,0.2736736663936349
Kepler-893,1,Success,42.29988098144531,30.147516248285843,18,,0.10551005119620262
Kepler-894,1,Success,46.10529184341431,0.6195964866247883,18,,0.23399665790982893
Kepler-897,1,Success,42.47406792640686,0.6649581145422844,12,0.6208401027670096,0.5116836238408905
Kepler-892,1,Success,80.37060189247131,1.0472792614140571,10,0.28855573539858337,-0.1585166844736809
Kepler-896,1,Success,63.105494022369385,1.4679291200349798,16,-0.02638896826930474,0.0925935657278938
Kepler-895,1,Success,70.08595991134644,0.09397991007522197,3,0.6123897269172963,0.40451758712329405
Kepler-9,1,Success,56.94345188140869,1.7004249305618568,38,,0.6061037743447547
Kepler-898,1,Success,62.047714710235596,,1,0.2830834117192138,
Kepler-900,1,Success,72.84454488754272,1.0998492393819925,25,,0.040189334184552776
Kepler-902,1,Success,51.79150700569153,1.3278044649520555,4,-0.33214217361062826,-0.0844448523292053
Kepler-904,1,Success,43.26737570762634,1.1824986963266941,24,,-0.15986713571924174
Kepler-903,1,Success,57.29213500022888,0.9581368913653471,18,0.2589340318094249,0.5753133180003006
Kepler-907,1,Success,50.78376603126526,1.0323701483023502,5,0.06667921052640773,-0.054376121291484975
Kepler-905,1,Success,62.66959571838379,1.7965851864115616,8,0.394920487216809,0.7131512339700586
Kepler-909,1,Success,40.17715406417847,0.7364100810351197,28,,0.5977452568913312
Kepler-901,1,Success,113.24329781532288,24.541885927186236,30,,0.38869370329007075
Kepler-908,1,Success,46.18503665924072,0.8783871683668797,26,,0.48674541120875703
Kepler-906,1,Success,66.2695939540863,1.8020218781888642,19,-0.17919096042867277,0.3801622982332814
Kepler-911,1,Success,24.055347204208374,0.37348291109500525,10,,0.08927163748944196
Kepler-910,1,Success,42.02470922470093,3.4976590473329328,7,0.30141700781264147,0.31178024974552626
Kepler-915,1,Success,43.240678787231445,0.2499853470641403,3,0.4594444783378616,
Kepler-912,1,Success,53.08489394187927,1.4782612449293904,19,0.16324349944409025,-0.017770616366419086
Kepler-916,1,Success,46.24057197570801,1.1576148006181164,38,,0.362142834280624
Kepler-914,1,Success,58.0854070186615,4.076937246325302,27,,0.4650732935443179
Kepler-918,1,Success,54.02419090270996,2.582111735230591,17,0.1563413218134449,0.1426408424771025
Kepler-919,1,Success,52.40244913101196,0.24053793746302934,3,0.09085458533536864,
Kepler-917,1,Success,73.01969408988953,1.1146795290891385,44,,-0.11517544523104759
Kepler-92,1,Success,38.07519197463989,1.0111384060314215,4,0.17748945778022332,0.7755332367922706
Kepler-921,1,Success,49.36707878112793,1.7411940451948227,21,,0.06436310871455843
Kepler-923,1,Success,37.765536308288574,0.4886501562482749,8,0.9921071601438431,0.16715132217107986
Kepler-920,1,Success,60.01161217689514,0.7909866221706722,30,,0.9864032049565871
Kepler-91,1,Success,152.76357102394104,0.9354589832494525,29,,0.2624326532994054
Kepler-926,1,Success,53.88896203041077,0.8860105743534129,39,,0.4075515201693273
Kepler-922,1,Success,79.44366431236267,1.561640510888576,44,,0.35450707296720124
Kepler-927,1,Success,55.805248975753784,2.6990633140954507,39,,0.8873972364231443
Kepler-93,1,Success,34.675066232681274,1.9926779842583615,14,0.1353216351140333,0.41654110932939975
Kepler-925,1,Success,69.41147184371948,1.3289660289581617,25,0.15340413221397114,0.04791152379489326
Kepler-930,1,Success,37.29991912841797,0.8178027956765749,13,0.9073197155718465,0.33447211813837896
Kepler-928,1,Success,68.80126190185547,1.3258821583545033,9,0.24248787269487548,0.4354203582341278
Kepler-933,1,Success,55.80374097824097,0.5568764130921733,5,0.4318791465470866,0.307274886205515
Kepler-932,1,Success,70.30423498153687,1.0253271197619036,32,,0.07787173266311337
Kepler-934,1,Success,72.32320499420166,2.1092901354818574,7,0.10806978085193793,0.3595850987659727
Kepler-938,1,Success,67.97200274467468,1.626886136434644,7,-0.13460175440704117,0.3803880648945164
Kepler-931,1,Success,89.71525287628174,1.3090937166034404,15,0.20529123296034366,0.12559660289474067
Kepler-935,1,Success,78.97334909439087,2.9025423042621874,3,0.060952951633691695,
Kepler-94,1,Success,75.51594877243042,1.6756119429208112,52,,0.7076896001886944
Kepler-95,1,Success,39.6074640750885,0.9718278137201143,13,0.18756715692048606,0.04457990596721438
Kepler-943,1,Success,61.01214098930359,0.8017794222622978,6,-0.07737033187933312,0.4072979621677468
Kepler-942,1,Success,94.27203297615051,1.0915314882082885,13,0.2469921918555341,0.389075442856903
Kepler-946,1,Success,59.92765522003174,0.9340552937918851,30,,0.8448930141947757
Kepler-948,1,Success,54.200106143951416,1.320059383477574,23,,-0.11982686803147145
Kepler-949,1,Success,63.15913391113281,1.1997985236397872,7,0.03420407943808725,0.3913321378531148
Kepler-950,1,Success,54.03332304954529,0.4039450493182766,17,0.20647560452076155,0.2737843019379662
Kepler-952,1,Success,53.946577072143555,1.203192967399796,7,0.21136375468177135,0.9038547630396983
Kepler-951,1,Success,92.35529398918152,1.7096769010854935,18,0.1010276712244441,0.180225429231436
Kepler-955,1,Success,59.740748167037964,0.9473184518869406,47,,0.5704656795503821
Kepler-956,1,Success,56.69210076332092,1.2733792341997914,3,0.02674693219025117,
Kepler-959,1,Success,28.670209169387817,0.35953812330480767,8,0.3330723234987921,0.5740026762751352
Kepler-957,1,Success,62.97766613960266,0.49707083204123875,8,0.15827557666288142,0.1374782109801038
Kepler-958,1,Success,67.14341306686401,1.5056034745962426,40,,-0.026083984558685304
Kepler-96,1,Success,34.520987033843994,7.594147028618904,3,0.4065662434452785,
Kepler-954,1,Success,88.56816530227661,1.0839613882091101,26,0.3984302411321726,0.6351118210899943
Kepler-961,1,Success,61.53162693977356,1.6443761264531238,23,,-0.16500475053555652
Kepler-963,1,Success,58.57335305213928,1.3354523379499723,27,,0.3902207956873164
Kepler-962,1,Success,66.08910202980042,1.599418965929343,13,0.38773933824161483,0.5896869623486543
Kepler-965,1,Success,56.38718819618225,1.1531229299635721,33,,0.2808037295299825
Kepler-966,1,Success,60.49190306663513,0.9177485690597399,33,,0.45683168567004706
Kepler-960,1,Success,101.3037359714508,4.003430200377882,59,,0.011365738503406352
Kepler-964,1,Success,99.31194496154785,16.8264638042403,39,,0.1518602108199476
Kepler-967,1,Success,70.26160311698914,2.6617342698261575,10,0.5743595925009276,0.6774207835652165
Kepler-970,1,Success,49.41830086708069,1.5895471001826371,5,0.34610717631836596,-0.3860889951064641
Kepler-97,1,Success,57.669761180877686,1.0878574073570964,40,,0.21404077220527468
Kepler-969,1,Success,73.74119400978088,2.4514967309473574,14,0.06532593399523466,0.6241894219915695
Kepler-968,1,Success,100.58050298690796,1.1780561247986925,6,0.4119028990053745,0.4937413841201465
Kepler-972,1,Success,62.328469038009644,2.292114864818448,13,0.20705244474679596,0.002050512360316089
Kepler-971,1,Success,81.41247940063477,2.020040200414187,27,,0.4568108335521612
Kepler-953,1,Success,271.59231209754944,0.4395226062863048,34,,-0.13641734803982705
Kepler-973,1,Success,72.22450613975525,4.497833103775543,3,0.36540688578742575,
Kepler-976,1,Success,59.383474826812744,1.3218726097379851,8,0.5241572362122793,0.18576155816901996
Kepler-975,1,Success,78.1162621974945,0.9162781600320792,29,,0.46193724329023184
Kepler-978,1,Success,50.87796998023987,1.2046581817075435,7,0.9730161464932788,0.21036887821207856
Kepler-977,1,Success,78.75385594367981,1.8148755642426486,5,0.6080333795963224,0.34657385304964156
Kepler-982,1,Success,35.89683675765991,0.9223276563086973,9,0.07177595359072157,0.2938595993101509
Kepler-979,1,Success,72.79773807525635,1.1093493227289253,14,-0.031400068072834054,0.19075104299447315
Kepler-981,1,Success,45.42131805419922,0.4453179271183318,11,0.008859423211941896,0.5036750212633418
Kepler-974,1,Success,121.66107487678528,0.5833567766385783,16,0.232075293524781,0.17033826733845456
Kepler-98,1,Success,58.47258114814758,2.087274223146079,12,0.7329213624090289,0.46047238048318595
Kepler-980,1,Success,58.650346994400024,0.9567103538131339,20,0.1691213174779796,0.26701440093227696
Kepler-983,1,Success,38.49462890625,15.55710670286462,5,0.6763645311972907,0.2826698912992961
Kepler-987,1,Success,50.715680837631226,1.1895043223607116,31,,0.5202574215816488
Kepler-984,1,Success,56.007152795791626,0.10583943528818883,7,0.14922110744045403,0.2492701792739796
Kepler-986,1,Success,60.16538095474243,0.6100176397212177,29,,0.3495640487943199
Kepler-985,1,Success,63.23755431175232,0.8222460810212743,4,-0.018763708069018833,0.1254515382772693
Kepler-990,1,Success,59.449702978134155,1.2705068010428453,16,0.3051376326723585,0.46803896260006805
Kepler-99,1,Success,74.81180000305176,0.5803512339891144,2,0.18524213732245567,
Kepler-989,1,Success,79.79399800300598,1.1210197593283124,20,0.3541445787218456,-0.08503664691629444
Kepler-988,1,Success,94.29043221473694,0.9042235838689286,13,0.9341527074206253,0.18129712994610056
Kepler-997,1,Success,34.5601761341095,1.331522470623444,14,,0.1371706087715288
Kepler-992,1,Success,75.62873888015747,0.7538441205028809,43,,0.28218510074880454
Kepler-995,1,Success,62.52033805847168,1.0753108798429478,22,,0.14565498454685025
Kepler-996,1,Success,59.425376892089844,0.7186191253086426,26,,0.2704227547438613
Kepler-991,1,Success,101.42208623886108,0.9538316857907807,35,0.09401050194644418,0.6796949185766452
Kepler-994,1,Success,92.83568120002747,1.6601301245325193,7,0.5859731958315687,0.3967253302001115
Kepler-998,1,Success,59.093852043151855,0.9197034798745182,7,0.1787816950612022,0.8618409553506843
Kepler-999,1,Success,44.2111132144928,0.7609210125862196,14,,0.25027213019838357
Kepler-993,1,Success,119.8944640159607,0.9303997657183591,53,,0.06565246691955504
LHS_1903,1,Success,74.4413070678711,3.636374279392345,3,0.42263789613884384,-0.00947574553820628
LHS_1140,1,Success,100.8443431854248,0.5169724118590489,5,0.5870922251893199,0.3069700408958311
LHS_1815,1,Success,92.36981415748596,0.4780676503975941,6,0.15422568389259234,0.5415922761189146
LHS_1678,1,Success,115.7344970703125,1.555504792254999,24,0.5814023617679475,0.7083887799765919
LHS_1478,1,Success,124.89149689674377,0.8580623126264366,10,0.4345134538994128,0.680159930199044
LHS_475,1,Success,99.87131595611572,1.7207588589981044,10,0.3901934216559404,0.6141523064238625
LP_714-47,1,Success,77.38318371772766,1.9860566055556563,6,0.44301931720611404,0.1712393419832839
LSPM_J21160234,1,Success,88.2952880859375,0.08317290397959243,3,0.5591129135221631,0.3888996774211737
LP_261-75_A,1,Success,124.2031991481781,3.5841836852936058,12,0.21050150807280407,0.2384730060493011
LTT_1445_A,1,Success,106.69862985610962,0.7087324692111577,4,0.4677684380350617,0.3313829618007771
LTT_3780,1,Success,90.75416111946106,0.6838887369259573,28,0.5035937429553726,0.2825799073026782
LHS_3154,1,Success,257.42485094070435,0.6345838068582068,12,0.8609718476870579,0.1713316419736653
LTT_9779,1,Success,65.6252691745758,0.8345430656026341,33,,0.3053796860201726
LHS_3844,1,Success,252.3350419998169,1.396201269775942,57,0.5337262664213104,0.4592034541797222
LP_791-18,1,Success,183.9791841506958,1.4065169714405785,4,0.6259362857349937,0.3413334117407992
L_168-9,1,Success,76.97895407676697,1.2375280982710886,18,0.27682858333290117,0.6258273913249212
LkCa_15,1,Success,27.579851150512695,199.05356613844094,2,0.35581287949397866,
Lupus-TR-3,1,Success,28.355695009231567,2.6465656315430244,3,-0.009846918233345492,
Luhman_16_A,1,Success,32.43284296989441,,0,,
MOA-2007-BLG-192L,1,Success,8.285072088241577,,0,,
MASCARA-4,1,Success,21.207087993621826,3.472698783904932,4,0.8677097919934281,0.7136490267132636
MOA-2008-BLG-310L,1,Success,5.284096002578735,,0,,
MOA-2007-BLG-400L,1,Success,9.42452096939087,,0,,
MOA-2009-BLG-387L,1,Success,3.6597020626068115,,0,,
MOA-2008-BLG-379L,1,Success,6.55720329284668,,0,,
MOA-2009-BLG-319L,1,Success,6.586118221282959,,0,,
MOA-2010-BLG-328L,1,Success,3.1967906951904297,,0,,
MOA-2010-BLG-477L,1,Success,9.597154140472412,,0,,
MOA-2010-BLG-117L,1,Success,12.525405883789062,,0,,
MOA-2011-BLG-262L,1,Success,2.0554349422454834,,0,,
MOA-2011-BLG-291L,1,Success,3.4367258548736572,,0,,
MOA-2011-BLG-028L,1,Success,13.746265172958374,,0,,
MOA-2012-BLG-505L,1,Success,3.637115001678467,,0,,
MOA-2011-BLG-322L,1,Success,8.91140627861023,,0,,
MOA-2010-BLG-353L,1,Success,21.41525387763977,1.2481613864922474,4,0.846300763487925,0.5383884594355751
MOA-2012-BLG-006L,1,Success,11.579431056976318,,0,,
MOA-2016-BLG-227L,1,Success,7.2756853103637695,,0,,
MOA-2016-BLG-319L,1,Success,4.058200836181641,,0,,
MOA-2020-BLG-135L,1,Success,7.30249810218811,,0,,
MOA-2015-BLG-337L,1,Success,15.75114393234253,,0,,
MOA-2013-BLG-605L,1,Success,23.9308979511261,,0,,
MOA-2019-BLG-008L,1,Success,15.676909923553467,,0,,
MOA-bin-1L,1,Success,10.561593055725098,,0,,
NGC_2682_Sand_1429,1,Success,3.3506388664245605,1.3936346765033174,3,0.1576153594013181,
LP_890-9,1,Success,254.79487705230713,1.184534716110576,6,0.08445340178431668,0.11301475529875743
L_363-38,1,Success,135.05352592468262,13.912744852327132,35,,0.431664947511008
MWC_758,1,Success,25.381006956100464,26.195434960693746,7,0.20513218526545815,-0.049396405558779215
MASCARA-1,1,Success,98.31870174407959,17.569499929148623,2,,0.04674636834744748
L_98-59,1,Success,139.12502908706665,0.31848199909527575,6,0.3743799333232087,0.2956795939845441
MOA-bin-29,1,Success,54.87233209609985,0.04995058772426634,4,-0.0034727518927257714,-0.0030798901326046365
MXB_1658-298,1,Success,48.86010694503784,,0,,
NGC_2682_YBP_401,1,Success,38.08864879608154,0.8702945457218405,14,0.49950112086646614,0.27583904373070806
NGC_2682_YBP_1194,1,Success,55.10139179229736,34.427447001076615,3,0.7403318896103978,
NGC_2682_YBP_1514,1,Success,49.74671292304993,0.5791239423236414,12,0.06437698238602757,0.08439277164878242
NGTS-12,1,Success,31.161879062652588,0.41495468784679373,3,-0.02076376181333161,
NGTS-13,1,Success,28.552239894866943,0.0646087993150787,6,0.4010236707188842,0.2684981532812865
NGC_2682_Sand_978,1,Success,113.86344385147095,11.201514134545164,3,0.6811918461567128,
NGTS-14_A,1,Success,56.487329721450806,1.2787213573159701,6,0.7026649250702006,0.3408839872875106
NGTS-18,1,Success,38.4127140045166,0.7329547098535392,8,0.4779078629691143,0.30948173575909055
NGTS-1,1,Success,116.23254728317261,0.6622189515950154,8,0.48097016907812923,0.4073171966295072
NGTS-21,1,Success,55.64115905761719,1.1584381770347003,15,0.3207550886791451,0.47254471907035034
NGTS-24,1,Success,38.71930694580078,0.3354177978144655,8,0.42949693953429613,0.30727597261054646
NGTS-20,1,Success,135.96115589141846,0.30498781778389517,18,,0.12674352575402997
NGTS-27,1,Success,26.216304779052734,0.5192091109830591,7,0.5024703115440214,0.26358532915063343
NGTS-10,1,Success,270.01828813552856,1.1899699574287572,26,,0.13216450406597136
NGTS-2,1,Success,189.48693799972534,0.38345630658507884,4,-0.01735150674164969,-0.10296129982295192
NGTS-11,1,Success,268.941260099411,0.5803574317081984,36,,0.1405030593194114
NGTS-34,1,Success,2.110267162322998,14.637926618203245,3,0.5120385630944977,
NGTS-30,1,Success,62.4893057346344,0.7481247144212739,13,0.03962854671575962,0.6362264100010723
NGTS-33,1,Success,43.58039402961731,28.1069769484772,9,0.5038150795780596,0.11032223959223017
NGTS-35,1,Success,79.09480905532837,,1,0.0402492564859403,
NGTS-26,1,Success,180.35616207122803,0.26919505962517837,15,,0.31226714337190375
NGTS-31,1,Success,106.89281296730042,1.7329505411193762,9,0.16985621439957896,0.08308182443906753
NGTS-4,1,Success,66.92836403846741,0.8083131770778493,18,0.4954001086529801,0.45346308296600546
NGTS-5,1,Success,34.358603954315186,0.04501216062053581,2,0.3492714988237983,-0.005876699183186522
NGTS-9,1,Success,35.1208610534668,2.036815511562811,4,0.4928736573735534,0.42600270113308764
NGTS-8,1,Success,53.674233198165894,1.6259298324117941,9,0.343803140376486,0.5329832966413133
NN_Ser,1,Success,53.807767152786255,0.9447063832745031,12,,-0.018918706316330823
OGLE-2003-BLG-235L,1,Success,11.143373012542725,,0,,
NGTS-6,1,Success,93.22208714485168,1.1033994211493487,28,,0.41773630556190167
OGLE-2005-BLG-071L,1,Success,12.949281930923462,,0,,
OGLE-2005-BLG-169L,1,Success,14.68835997581482,,0,,
OGLE-2006-BLG-109L,1,Success,13.3000648021698,,0,,
OGLE-2007-BLG-349L_A,1,Success,9.91110897064209,,0,,
OGLE-2005-BLG-390L,1,Success,28.771207809448242,3.8839896470739963,13,,-0.03061492760914954
OGLE-2007-BLG-368L,1,Success,10.628231048583984,,0,,
OGLE-2008-BLG-355L,1,Success,7.0055251121521,,0,,
OGLE-2008-BLG-092L,1,Success,15.350395202636719,,0,,
OGLE-2011-BLG-0173L,1,Success,33.71530508995056,0.9296852555122621,7,-0.05373963174137114,-0.05363219186791274
OGLE-2011-BLG-0251L,1,Success,39.04702281951904,0.6265006718147355,2,-0.06373959031405513,
OGLE-2011-BLG-0265L,1,Success,7.789819955825806,,0,,
OGLE-2012-BLG-0358L,1,Success,4.114736080169678,,0,,
OGLE-2012-BLG-0026L,1,Success,14.257027864456177,,0,,
OGLE-2012-BLG-0406L,1,Success,11.420005798339844,,0,,
OGLE-2012-BLG-0563L,1,Success,5.6164000034332275,,0,,
OGLE-2012-BLG-0724L,1,Success,8.087510108947754,,0,,
OGLE-2012-BLG-0838L,1,Success,10.586080074310303,,0,,
OGLE-2013-BLG-0102L,1,Success,4.065306901931763,,0,,
OGLE-2012-BLG-0950L,1,Success,9.601589918136597,,0,,
OGLE-2013-BLG-0341L_B,1,Success,4.170241832733154,,0,,
OGLE-2013-BLG-0911L,1,Success,26.30610418319702,2.7529141096397667,4,-0.013936180463714117,
OGLE-2013-BLG-1721L,1,Success,8.82333517074585,,0,,
OGLE-2013-BLG-0132L,1,Success,44.794119119644165,39.728818827765366,19,,-0.20373974247109544
OGLE-2013-BLG-1761L,1,Success,11.016165733337402,,0,,
OGLE-2014-BLG-0124L,1,Success,8.902769804000854,,0,,
OGLE-2014-BLG-0319L,1,Success,10.657474994659424,,0,,
OGLE-2014-BLG-1722L,1,Success,10.157964944839478,,0,,
OGLE-2015-BLG-0051L,1,Success,5.805168151855469,,0,,
OGLE-2014-BLG-0676L,1,Success,38.011199951171875,4.578059567884675,13,0.009289805773681872,0.009267756793994409
OGLE-2015-BLG-0966L,1,Success,6.036927938461304,,0,,
OGLE-2015-BLG-0954L,1,Success,24.944478034973145,0.173962365744641,4,-0.005443799147549171,
OGLE-2015-BLG-1649L,1,Success,6.046831846237183,,0,,
OGLE-2015-BLG-1771L,1,Success,2.315439224243164,,0,,
OGLE-2016-BLG-0263L,1,Success,5.343077898025513,,0,,
OGLE-2015-BLG-1670L,1,Success,8.626224994659424,,0,,
OGLE-2016-BLG-1067L,1,Success,6.171107292175293,,0,,
OGLE-2016-BLG-1093L,1,Success,7.715768098831177,,0,,
NGTS-17,1,Success,675.8239350318909,0.6589995959837188,30,,-0.15376215533628018
OGLE-2016-BLG-1195L,1,Success,3.894508123397827,,0,,
OGLE-2016-BLG-1190L,1,Success,11.446241855621338,,0,,
OGLE-2016-BLG-1227L,1,Success,4.577877044677734,,0,,
OGLE-2016-BLG-0613L_AB,1,Success,32.85700988769531,2.436113509300082,7,0.17515573232890166,0.649670138082209
OGLE-2017-BLG-0173L,1,Success,8.144558906555176,,0,,
OGLE-2017-BLG-0373L,1,Success,8.115869045257568,,0,,
OGLE-2017-BLG-0482L,1,Success,6.138016939163208,,0,,
OGLE-2017-BLG-0406L,1,Success,9.235345840454102,,0,,
OGLE-2017-BLG-1099L,1,Success,9.620748043060303,,0,,
OGLE-2017-BLG-1522L,1,Success,2.201220989227295,,0,,
OGLE-2017-BLG-1140L,1,Success,6.673006057739258,,0,,
OGLE-2017-BLG-1434L,1,Success,5.992495059967041,,0,,
NGTS-3_A,1,Success,441.38677406311035,0.3626233085513269,15,0.2199390216903149,-0.03625516260714882
OGLE-2018-BLG-0532L,1,Success,5.15378999710083,,0,,
OGLE-2018-BLG-0506L,1,Success,8.47606110572815,,0,,
OGLE-2018-BLG-0516L,1,Success,9.166739225387573,,0,,
OGLE-2017-BLG-1691L,1,Success,12.325304746627808,,0,,
OGLE-2018-BLG-0567L,1,Success,7.441447973251343,,0,,
OGLE-2018-BLG-0596L,1,Success,7.783881187438965,,0,,
OGLE-2018-BLG-0799L,1,Success,4.105409145355225,,0,,
OGLE-2018-BLG-1011L,1,Success,4.24643087387085,,0,,
OGLE-2018-BLG-0740L,1,Success,15.06604814529419,,0,,
OGLE-2018-BLG-0962L,1,Success,12.942162036895752,,0,,
OGLE-2018-BLG-1185L,1,Success,6.67648983001709,,0,,
OGLE-2018-BLG-0677L,1,Success,20.592233896255493,1.3239977945444465,11,,0.7317695777589069
OGLE-2018-BLG-1428L,1,Success,7.316649913787842,,0,,
OGLE-2019-BLG-0299L,1,Success,6.215787172317505,,0,,
OGLE-2018-BLG-1700L,1,Success,8.995228052139282,,0,,
OGLE-2019-BLG-0468L,1,Success,10.961936950683594,,0,,
OGLE-2019-BLG-1053L,1,Success,8.600650787353516,,0,,
OGLE-2019-BLG-1470L_A,1,Success,10.572565078735352,,0,,
OGLE-2019-BLG-1492L,1,Success,14.519057035446167,,0,,
OGLE-2018-BLG-1269L,1,Success,36.853795766830444,0.10025709915482182,5,0.0036282202254184696,0.0035718250815389395
OGLE-2019-BLG-0954L,1,Success,35.20282816886902,0.6887467205360309,7,0.014536396910701493,0.014598122897149539
OGLE-TR-111,1,Success,48.98782706260681,1.6607835005193472,15,0.5558131242783745,0.633011846865742
OGLE-TR-132,1,Success,40.388246059417725,1.5456214124866232,9,0.3355955131825371,0.1390108302877311
OGLE-TR-113,1,Success,81.52012801170349,1.121222269874704,18,0.42360537100122136,0.593627357930752
OGLE-TR-211,1,Success,32.21888089179993,1.4519253849870821,6,0.9847228580655071,0.9882052404542839
OGLE-TR-182,1,Success,43.77070713043213,45.84835954280008,29,,0.030126006021104042
OGLE2-TR-L9,1,Success,34.93080186843872,2.2755295816553764,20,,0.570105949771051
PDS_70,1,Success,29.259507417678833,292.7734690748151,2,0.4081045573193693,
PH1,1,Success,33.97753286361694,0.07092716728130657,2,0.8002632118772641,
OGLE-TR-56,1,Success,75.79624199867249,,0,,
PH2,1,Success,59.64666390419006,0.22929244868467358,5,0.6423437946094168,-0.061354939026222605
POTS-1,1,Success,38.62904906272888,0.8276208515919194,8,0.01089742797614201,0.010951277898352487
OGLE-TR-10,1,Success,197.73463821411133,0.2348238361281613,2,0.9958382357858192,
PZ_Tel,1,Success,47.93605923652649,109.99275496940882,26,,0.561668139576331
NGTS-23,1,Success,915.5728340148926,0.7658606257017138,40,,0.31143181496741174
Pr0201,1,Success,37.094948053359985,0.7209811097114859,7,0.10070098264248048,0.0021412419895488898
NY_Vir,1,Success,628.6814730167389,0.39459717189477606,193,,0.2197536623191741
Pr0211,1,Success,58.8989839553833,2.1134084210330397,8,0.8065288573331777,0.09541925877081069
Qatar-10,1,Success,52.21748208999634,1.1033721758981136,15,0.40356169421852783,0.26811941972729847
NGTS-15,1,Success,1041.0426979064941,0.4826029410315197,63,,0.32695400591344415
Qatar-1,1,Success,58.86458706855774,4.677912969583398,8,0.19788425844662566,0.21105247701138524
Qatar-3,1,Success,44.25108194351196,1.8804265333171604,10,0.3945185757328242,0.46113027601332074
Qatar-5,1,Success,33.37260627746582,0.2501429768574791,6,0.4154801617191646,0.3595195846035277
Qatar-7,1,Success,38.42754769325256,0.8385329592419034,12,0.5554734157450181,0.5540259439966566
Qatar-6,1,Success,60.18332624435425,5.102524637197591,3,0.2947375037556761,0.7219354176730676
Qatar-4,1,Success,81.85045289993286,1.3936080329091636,13,0.4231572666670055,0.5010372162818217
ROXs_12,1,Success,37.98253798484802,32.41469809676113,2,0.5554137514695284,
Qatar-8,1,Success,52.361928939819336,,1,0.14098174032500096,0.22572253505545575
ROXs_42_B,1,Success,30.5632061958313,573.9452716983334,4,0.4064125873162828,-0.08372426048056729
Proxima_Cen,1,Success,168.44993114471436,,0,,0.02071680396708119
Qatar-2,1,Success,150.45863676071167,0.15338445015834207,11,0.6418129627237135,0.20051742216029136
Qatar-9,1,Success,101.73011302947998,2.556747382503077,17,0.324199477937334,0.5925991677607988
SR_12_AB,1,Success,30.07439923286438,37.835643999985265,2,0.4994031981866174,
SWEEPS-11,1,Success,7.748462200164795,,0,,
SWEEPS-4,1,Success,9.890467166900635,,0,,
Ross_458,1,Success,61.5843620300293,620.4182297798051,2,0.4877773316064931,
Ross_176,1,Success,90.14785170555115,0.11784170954854656,5,0.5710371279580091,0.30166468421160025
TIC_117642575,1,Success,31.547851085662842,1.6183650269139938,31,,0.2964839576882308
TIC_142589416,1,Success,5.709872722625732,,0,,0.13753674361600043
TAP_26,1,Success,41.71178197860718,75.35838486867483,15,,0.41737078177938336
TIC_139270665,1,Success,44.2229540348053,86.52429416656241,3,0.23904897608042322,
RR_Cae,1,Success,132.22050976753235,52.38541206270198,121,,-0.0044597831256763315
TIC_153919886,1,Success,5.806391954421997,4.869253721327052,11,0.5174568290063216,0.47487547964325477
TIC_139702105,1,Success,33.761961936950684,,1,0.0676220054023887,
TIC_147027702,1,Success,21.476521968841553,0.967539215397623,6,-0.12998571196009376,0.15746985071738162
TIC_154870955,1,Success,4.972203016281128,4.725432080469683,16,0.06460384316717835,0.630071187991323
TIC_160113658,1,Success,3.9381439685821533,2.4977918068366294,3,0.3264427181013976,
TIC_188624430,1,Success,3.4679741859436035,2.7344629099603432,3,0.31224526307554334,
TIC_18942729,1,Success,9.872530937194824,3.399704475705031,5,0.6861212582150763,0.2652920907659988
TIC_150070085,1,Success,47.04440236091614,3.346063523186558,3,0.1982483707993112,
TIC_206466666,1,Success,3.8613247871398926,0.07592401765518975,3,0.8363983648455026,
TIC_161045582,1,Success,33.42612385749817,1.1245513958817086,14,0.11721410793661742,0.28801387847177673
TIC_172900988_Aa,1,Success,35.732439041137695,10.794846243860492,3,0.4190732916890296,
TIC_178172313,1,Success,58.93501114845276,0.42884193555530203,5,0.3854278435999052,0.14902655344999644
TIC_241249530,1,Success,25.419991970062256,0.708875728091166,20,,-0.16063601505130432
TIC_24750448,1,Success,6.199105978012085,3.1312778576459883,8,-0.04172229513392214,0.7596230038620186
TIC_249022743,1,Success,2.812836170196533,2.640297346237854,10,0.39309177646977417,0.7776442696319882
TIC_198190129,1,Success,59.072604179382324,1.1177130916495237,33,,0.20542213523365427
TIC_260969020,1,Success,6.319035053253174,6.8221516872065955,2,0.29708143946327537,
TIC_245076932,1,Success,38.8415470123291,37.464661788109346,3,0.30594217710725496,
TIC_257060897,1,Success,28.86287784576416,9.360586644983075,7,0.3275937755789021,0.4573472395560118
TIC_290487717,1,Success,3.0489470958709717,18.531243000778208,5,0.4362892848657626,0.33139378255557117
TIC_294329732,1,Success,4.94368839263916,0.5113579804633639,3,0.4924115354563623,
TIC_32032563,1,Success,4.392106056213379,3.9570344004582676,3,-0.014985476561472526,0.2566746378340023
TIC_270471727,1,Success,34.33846306800842,2.2877417173133585,25,,0.4369307727656072
TIC_320419023,1,Success,3.728847026824951,8.883916638299972,23,,0.17387672915779281
TIC_34085383,1,Success,4.468208074569702,1.2591214637930561,7,0.4836928231403337,0.5382167234477275
TIC_349520724,1,Success,5.328186988830566,3.9681672090441276,3,0.4497320274758223,
TIC_231949697,1,Success,91.85591578483582,0.8107802051142745,24,0.22098333904060605,0.5416958108343168
TIC_356227008,1,Success,3.2102038860321045,6.63033407962594,8,0.37473305128103973,0.9633957152066948
TIC_38825265,1,Success,7.099021911621094,41.923534111354684,2,0.40576407237747786,
TIC_38828280,1,Success,6.944562911987305,2.3111855303039555,2,0.597292250219958,
TIC_390586021,1,Success,4.730555057525635,23.41238809716428,3,0.11173350532240957,
TIC_423703298,1,Success,3.412094831466675,5.14849585584218,6,0.41552660375768596,0.2423750287215107
TIC_434398831,1,Success,8.990777969360352,2773.189997605489,38,,0.010528871443923957
TIC_365102760,1,Success,28.833450078964233,0.20097652870905994,3,0.12225325395959515,
TIC_279401253,1,Success,50.99760389328003,216.78759675617482,2,0.002348953797517364,
TIC_445839811,1,Success,4.0825889110565186,,0,,0.027555696543163682
TIC_437041147,1,Success,10.242862939834595,4.009158195391742,14,-0.080020477701036,0.327849351997996
TIC_393818343,1,Success,37.972569942474365,22.176025959194142,6,-0.1825745475537164,0.6465312309078158
TIC_62895484,1,Success,10.60011100769043,0.5781011248485047,8,0.18551220426321163,0.5200147539351799
TIC_65612701,1,Success,1.4871480464935303,,1,0.15486998479923667,
TIC_67686059,1,Success,3.4196279048919678,0.6277092902403963,4,0.23354843441120923,0.27274075232105954
TIC_77319217,1,Success,2.8194360733032227,3.6438743675530345,2,0.13285584653090496,
TIC_77552382,1,Success,3.5377869606018066,2.328310967990176,5,0.5036884863117068,0.6015024441316751
TIC_52059926,1,Success,77.70414614677429,1.4016552292827749,4,-0.013505765049026711,
TIC_86380416,1,Success,73.48157787322998,1.0768170088346076,4,-0.044231270282679105,
TIC_87422071,1,Success,37.86251974105835,1.590697148828452,2,0.4524116035248275,
TIC_88692598,1,Success,10.06579303741455,9.535996091832855,24,0.2932180771521703,0.8065503161307179
TIC_88785435,1,Success,2.544160842895508,16.080200531010853,2,0.43328023869405374,
TIC_237913194,1,Success,254.4097888469696,0.3520874093215672,31,,0.7242161696498204
Ross_508,1,Success,413.6284170150757,0.8140452308173066,75,,0.6567137451616829
TIC_4672985,1,Success,164.85925126075745,0.43213274843451,14,0.06893181206886702,0.23472026643105046
TOI-1052,1,Success,47.155279874801636,2.1474349703296975,3,0.3079808884529655,
TOI-1054,1,Success,39.04380202293396,2.2152762628143576,4,0.9936875114165448,
TOI-1062,1,Success,68.33994269371033,1.6790182052201017,7,0.43409979623234174,0.6535761175565978
TOI-1064,1,Success,69.73692584037781,0.09148881148391905,2,-0.1035365408693359,
TIC_9344899,1,Success,174.7091372013092,1.2310255827306564,5,0.44599843849431436,0.4382892016380495
TOI-1036,1,Success,159.54042863845825,0.7301292856994559,24,,0.4137659460930178
TOI-1011,1,Success,172.77435994148254,0.7962989782144525,26,,0.5482948659441268
TOI-1075,1,Success,76.12496376037598,1.2721023500933324,33,,0.7042841516499613
Ross_128,1,Success,638.7763731479645,0.6166791049498441,96,,0.31141923188468207
TOI-1135,1,Success,57.311070919036865,8.496723144114663,4,0.3732455325963812,
TOI-1107,1,Success,158.55224990844727,2.484197027964252,8,-0.04155688455373514,-0.11583526040110213
TOI-1136,1,Success,60.375396966934204,0.6122407314836603,2,0.43232985768512217,
TOI-1117,1,Success,211.1405770778656,0.45392836999767255,37,,-0.1206836514051809
TOI-1080,1,Success,232.4657847881317,1.308778560372421,7,0.3885509606679051,0.5272117508310186
TOI-1173,1,Success,75.91682887077332,1.6613780435793413,3,0.16581969653593467,
TOI-1105,1,Success,240.72661876678467,1.0089304563080579,42,,0.7041659577540064
TOI-1181,1,Success,30.115177154541016,5.057691129126834,12,,0.4000610126492531
TOI-1174,1,Success,78.61741089820862,2.048099469614736,3,0.33761809567334716,
TOI-1130,1,Success,210.71915292739868,72.70771938191847,6,0.3283098052445857,0.026828660650807093
TOI-1199,1,Success,37.31240200996399,2.1375301558145123,8,0.3572046228158091,0.5587311879552714
TOI-1180,1,Success,77.39007210731506,0.09956893473466154,2,0.20080551820083586,
TOI-1184,1,Success,58.327011823654175,1.3599026675871346,4,0.6769969396539023,0.07185479094802677
TOI-1203,1,Success,30.92030382156372,0.6113616591972288,2,0.13767623651813868,
NSVS_14256825,1,Success,1609.0038659572601,4.864283659896816,113,,0.15915976554799727
TOI-1194,1,Success,71.60957312583923,0.6665552267380774,10,0.360800615519083,0.537184877195473
TOI-1230,1,Success,20.81966996192932,1.166562058376704,11,0.7650101099476215,0.8163218997079997
TOI-1221,1,Success,48.07937216758728,1.0039316118107418,15,0.07687893850945074,-0.16127424810896754
TOI-1227,1,Success,41.448501110076904,2.4481310059803905,9,0.5374222105589586,0.30624590840992705
TOI-1226,1,Success,56.50800585746765,0.19524941114761257,3,0.13217864791672912,
TOI-1201,1,Success,88.64177298545837,1.6003067629664527,8,0.34749157310666856,0.46451828455564076
TOI-1232,1,Success,47.56277799606323,0.6999666060634184,16,0.4543229158330791,0.47541842344924357
TOI-1224,1,Success,121.98851871490479,31.46943846991071,6,0.1443506419830331,0.6520251550133137
TOI-1238,1,Success,69.67533898353577,0.23609490022417892,8,0.25850344063938596,0.4540852155187137
TOI-1235,1,Success,78.95471000671387,0.7902362052005675,8,0.2878315251615089,0.4252156778375667
TOI-1231,1,Success,89.56119275093079,131.87682619872155,2,0.11118036577969394,
TOI-1244,1,Success,60.50773525238037,0.34043946995041674,4,0.33789810079998334,0.5219833835672816
TOI-1243,1,Success,112.15377902984619,0.9555684591858318,6,0.8962236886127081,0.4006551903334675
TOI-1249,1,Success,41.75733399391174,1.7891744692029576,4,-0.06030783659468221,
TOI-1246,1,Success,59.72379016876221,0.8053294932980778,4,0.04158979704521563,
TOI-122,1,Success,200.87375688552856,2.008731309905395,4,0.3293626484464074,0.5702179200905722
TOI-125,1,Success,63.79365873336792,0.948331948519542,6,0.4226420776127755,0.4429362917939414
TOI-1248,1,Success,72.72909617424011,0.05977317093866129,6,0.44086884677966354,0.3924829036494799
TOI-1268,1,Success,44.88542294502258,3.6608394738780357,3,0.43072271742572726,
TOI-1259_A,1,Success,74.66371989250183,2.970432680702297,5,0.0930551027630145,0.4044656135968663
TOI-1269,1,Success,49.17519807815552,0.3439442185157117,5,0.33856854328041186,0.51363858654743
TOI-1273,1,Success,41.70397090911865,0.3168390844072903,6,0.5045316326636022,0.1312466485704937
TOI-1260,1,Success,73.0517029762268,0.6352017240452378,8,0.38577654225947533,0.9394862742902625
TOI-1272,1,Success,49.441920042037964,1.215943838347242,6,0.5754060463894728,0.31007371267845935
TOI-1266,1,Success,94.35977292060852,0.4201290694389942,2,0.41965724841130014,
TOI-1279,1,Success,44.511759996414185,1.8824024010346303,5,0.39490721102089754,0.14388069347297783
TOI-128,1,Success,38.86595702171326,1.9590153765960898,6,0.5874278669346982,0.6088781631576913
TOI-1294,1,Success,32.91753697395325,3.9896383508782294,6,0.09319417835741194,0.02240569380842267
TOI-1291,1,Success,36.09349012374878,0.991319738998109,8,0.5495205981424098,0.168885274143262
TOI-1288,1,Success,44.513381004333496,1.6789459905751578,8,0.47855105593274055,0.5339798263161509
TOI-1295,1,Success,24.013538122177124,1.9894127130192338,7,0.4010838195255968,0.5092621842505876
TOI-1296,1,Success,19.54931092262268,9.527337257399605,6,0.47110409913163503,0.4130547997739912
TOI-1278,1,Success,68.65980982780457,24.1864814264967,4,0.5465882139787028,
TOI-1298,1,Success,26.841820001602173,3.3708155133231803,4,0.42484918294189733,0.2832742402660311
TOI-1338_A,1,Success,39.10015320777893,9.338720932969343,5,0.2928687581631749,-0.041412336838514065
TOI-132,1,Success,62.63439106941223,0.5062947445431569,12,0.45593155328064894,0.42697833152111725
TOI-1347,1,Success,62.140005111694336,1.35200434545255,31,,-0.003357299876841581
TOI-1301,1,Success,86.19499397277832,,1,-0.0484436402379954,
TOI-1408,1,Success,21.69955611228943,32.82901375790184,9,0.7852230760046977,0.33649050522654306
TOI-1346,1,Success,73.20113205909729,30.363787688679484,3,0.3299129796288689,
TOI-1410,1,Success,47.15993785858154,1.2835871675434476,16,0.29455568630628026,0.25824594713760024
TOI-1416,1,Success,41.631710052490234,0.9712046529967562,20,0.1386182581852288,0.5874615886364993
TOI-1411,1,Success,46.84363293647766,0.966341640253042,14,0.3127503182020746,0.3013062613060032
TOI-139,1,Success,91.63253593444824,24.807320198977038,4,0.3807520280838693,
TOI-1420,1,Success,59.071486949920654,69.06629747521995,2,0.17136474408680552,
TOI-1431,1,Success,32.908453941345215,0.17054082997943745,5,0.7034818014111217,0.3710459697145047
TOI-1422,1,Success,39.10032629966736,0.00018445734491020815,2,-0.19669258975116902,
TOI-1333,1,Success,160.03149795532227,4.423200390592305,12,,0.38153145093999713
TOI-1439,1,Success,30.32307195663452,1.151989222275594,15,,0.1993807178254435
TOI-1437,1,Success,51.00914001464844,1.099620343450906,28,,0.18429650229782293
TOI-1438,1,Success,69.24977803230286,0.7649415562513435,6,-0.13029985746169656,0.27368726688430156
TOI-1444,1,Success,47.8260657787323,0.9370327683388795,13,0.8444874100087876,0.7706624807475965
TOI-1443,1,Success,72.47194695472717,6.919263102603012,36,,0.6116076553348152
TOI-1451,1,Success,43.237751960754395,0.9198340868780507,5,0.0066741817928393475,0.08675590192532709
TOI-1450_A,1,Success,93.70155501365662,1.8529257676536834,23,-0.07745266995501039,0.14302668582519323
TOI-1386,1,Success,264.4722807407379,0.5430479729692698,22,0.4016095361717628,0.0003728821750390885
TOI-1466,1,Success,43.84936189651489,2.1747239958132085,10,0.34278981567876987,0.5268835520188295
TOI-1453,1,Success,73.31217932701111,0.7605212390102697,4,0.12766931101978457,0.016201327323936872
TOI-1442,1,Success,160.2813777923584,1.7154474338454018,64,0.33305179399966395,0.45059317638426116
TOI-1467,1,Success,53.6240451335907,1.244339071905215,3,0.4108064123349827,
TOI-1448,1,Success,156.6347348690033,1.136776055708977,7,0.1393517884689874,0.30202713685817506
TOI-1472,1,Success,32.36171889305115,2.5843250226832133,30,,0.6635349250339687
TOI-150,1,Success,25.130293130874634,1.1244294288914871,4,0.4273074205966223,0.3556351030952054
TOI-1468,1,Success,87.16846895217896,1.6128902725491323,2,0.38029116170680183,
TOI-1470,1,Success,78.14444994926453,0.43739171079605527,7,0.38319930585465595,0.35575954540838756
TOI-1601,1,Success,14.332344055175781,16.59839399801676,3,0.2519911106228592,-0.011023486498569749
TOI-1516,1,Success,64.32670783996582,12.181685235791383,10,0.2487118512180334,0.1108678225269522
TOI-157,1,Success,43.062716245651245,1.0427444376326789,11,0.5800461370520406,0.4770997401682526
TOI-1452,1,Success,187.52784609794617,2.3758316426725083,4,0.6431091070666792,
TOI-159,1,Success,37.66485595703125,,1,0.16624959186555385,0.432287007134645
TOI-163,1,Success,25.224948167800903,0.9689811845260432,5,0.3419670948666529,0.39352481554791713
TOI-1630,1,Success,50.49089694023132,1.8737772295037742,6,0.73777683006234,0.14529159666684158
TOI-1669,1,Success,38.3478307723999,2.0399691583793063,10,0.4033756219068748,0.5463846477585648
TOI-1634,1,Success,71.56950688362122,0.9280122344792957,20,0.3884954922076267,0.4681847595096949
TOI-1659,1,Success,69.53943872451782,70.07897580479742,3,0.8231760001782625,
TOI-1518,1,Success,145.1575710773468,2.1089284907516768,13,,0.029580344409645628
TOI-1670,1,Success,44.591553926467896,0.07399497801007461,4,0.27272974764920527,0.3582147927977324
TOI-1478,1,Success,209.76045274734497,2.623575487078156,7,0.3286266755247911,-0.30652445763403324
TOI-1683,1,Success,62.00952482223511,1.4901985119699306,8,0.20953164347638872,0.2929823821405924
TOI-169,1,Success,45.04557919502258,0.11484218772740819,4,0.7144028695922578,0.46081617699528427
TOI-1691,1,Success,43.37898111343384,12.517340757524323,3,0.2688594949320836,
TOI-1685,1,Success,86.19370698928833,0.9071703060127649,36,0.45995845541966734,0.6951711413276588
TOI-1694,1,Success,51.29461121559143,1.5845019786775545,6,0.4531377247111215,0.6366955340581956
TOI-1695,1,Success,71.2263081073761,0.8668036932947147,8,0.44281122781765286,0.08655054068318306
TOI-1716,1,Success,30.303133249282837,2.2632502423211918,6,0.0867368811839705,0.8691432083320121
TOI-1710,1,Success,49.078866720199585,204.3143617140048,2,0.40988481999198806,
TOI-1693,1,Success,92.65605306625366,1.4479094161797246,13,0.5551650150340468,0.48764772561118896
TOI-1648,1,Success,228.09073996543884,0.3645148993484124,23,,0.34418474178748404
TOI-1718,1,Success,47.57312798500061,0.49795108110702585,4,0.4566600080952702,0.31944208308795813
TOI-1722,1,Success,42.74205684661865,0.740385339517174,3,0.4044944063260549,
TOI-1723,1,Success,52.9578320980072,1.3919579119228556,5,0.45385862831578794,0.6948522900625256
TOI-1736,1,Success,30.437658071517944,8.30602178299485,3,0.12829869690686221,
TOI-1696,1,Success,157.58467817306519,0.533951331392558,10,0.8235061742233366,0.48272837663261137
TOI-172,1,Success,83.01426100730896,0.3133970779190053,8,,-0.06097527874832733
TOI-1728,1,Success,91.52290105819702,2.7357694555490113,8,0.4671810154987243,0.5886172050714776
TOI-1680,1,Success,268.8407492637634,0.4556701863350973,20,0.8736728226682292,0.4033618334107527
TOI-1732,1,Success,73.88338303565979,0.6662883610122186,6,0.5042529299945788,0.7791612988190204
TOI-1742,1,Success,37.18016219139099,1.1983236724415653,7,0.3593380291442218,0.42694928952892547
TOI-1744,1,Success,43.06967616081238,0.9374779766692973,12,0.303023647164166,0.2792999521074374
TOI-1739,1,Success,74.08807897567749,13.972781936917958,2,0.1857285881921687,
TOI-1751,1,Success,25.766452074050903,0.13114082579048872,4,0.6707378740936748,
TOI-1753,1,Success,46.361117124557495,0.9568488896890367,6,0.7137033587468682,0.31172309727597336
TOI-1750,1,Success,66.39305400848389,17.529898490645795,40,,0.17348689196358014
TOI-1758,1,Success,41.39007115364075,6.674370684084175,3,0.45341772078139186,
TOI-1749,1,Success,93.46502089500427,1.2938671458286637,11,0.5005095128008962,0.847845017868469
TOI-1743,1,Success,129.4132330417633,0.8606841626909361,11,-0.02888027946783548,0.40241740290130534
TOI-1768,1,Success,33.308104038238525,0.9553922556201421,4,0.27537028709648353,
TOI-1756,1,Success,78.04121112823486,1.8977816856307486,14,0.5149610826343286,0.11184011577163903
TOI-1772,1,Success,36.2457001209259,0.35405155600068167,4,0.3205783269765151,
TOI-1752,1,Success,104.77603888511658,0.6982549522114678,10,0.6903862334552126,0.577135766683028
TOI-1759,1,Success,57.73838782310486,14.122954465566377,3,0.2212645979672853,
TOI-1774,1,Success,40.62037396430969,1.489305626972563,14,0.15862568319013234,0.058686701887808064
TOI-1789,1,Success,18.516979932785034,0.6456856085059498,6,0.48271413875566316,0.07669728952397119
TOI-1776,1,Success,46.260430097579956,0.9418272281015088,10,0.36428477418850524,0.41944189669191734
TOI-1777,1,Success,55.10921597480774,4.359712966355453,3,0.08307810869536181,
TOI-1794,1,Success,30.78543734550476,1.2925786428537642,17,,-0.2853311635349346
TOI-1775,1,Success,77.49415993690491,0.0002551431650603433,2,0.46881591711624665,
TOI-1798,1,Success,41.209336042404175,1.0295658904855138,23,,0.4460694373168088
TOI-1799,1,Success,40.5168559551239,2.0587946964180834,4,0.20086307096852227,
TOI-178,1,Success,87.90146088600159,0.5084169789836942,4,0.2821078697195511,0.02914472893812247
TOI-1782,1,Success,104.6418559551239,3.411792677067688,15,0.312374618706875,0.6114920602648184
TOI-1801,1,Success,68.20538902282715,1.1403478768278614,2,0.29457488021165096,
TOI-1807,1,Success,52.03798484802246,2.933713122770887,43,,0.5772506118018471
TOI-1814,1,Success,31.421780824661255,0.1610809855429164,3,-0.2875500221898947,
TOI-1803,1,Success,82.83916306495667,0.010710113936906195,2,0.41694282023121615,
TOI-1820,1,Success,24.738990783691406,8.150101742282382,4,0.33168917734111675,0.6052772053017142
TOI-1836,1,Success,21.545763969421387,0.12830468401587897,2,0.5723898779272489,
TOI-181,1,Success,83.01283621788025,3.422185153414154,6,0.3009385570384213,0.293136503097049
TOI-1811,1,Success,78.37875485420227,0.2898909739054431,4,0.8700686940609693,
TOI-1823,1,Success,50.64836812019348,2.69499070073076,4,0.6147930860172716,0.6648612022699071
TOI-1842,1,Success,21.42161512374878,47.154368205589115,4,0.3415972819887547,0.870894235914277
TOI-1839,1,Success,39.071045875549316,0.9435756673340748,13,0.2533375382384035,0.48752559980451354
TOI-1806,1,Success,126.94606304168701,49.49368059820942,31,0.09377025404032988,0.4563864018844966
TOI-1824,1,Success,57.02056288719177,16.44285329210317,2,0.42389509516893287,
TOI-1853,1,Success,41.3669548034668,1.2260288442768463,12,0.43044452543032563,0.6425872537739924
TOI-1855,1,Success,33.841874837875366,7.681843184356768,11,0.7670159863555908,0.2078520176533944
TOI-1859,1,Success,38.199244022369385,1.020777809230287,22,,0.260610171462562
TOI-1860,1,Success,50.68764901161194,272.19156260933687,3,0.6163207961789312,
TOI-1898,1,Success,31.75032091140747,,1,-0.03892375162646678,
TOI-1846,1,Success,82.20139694213867,2.7542086527766636,10,0.44853820607617323,0.9423626779040962
TOI-1873,1,Success,53.463958740234375,0.8542300914502258,35,,0.7276353043549373
TOI-1994,1,Success,16.518715143203735,1.5019742331149748,5,0.2225400424823331,0.4390964099707058
TOI-1883,1,Success,76.00516200065613,1.404304571093321,5,0.5890399168704195,0.18398508859550397
TOI-1937_A,1,Success,55.41112494468689,1.879002559186219,24,,0.3650208685006537
TOI-1899,1,Success,69.27986693382263,0.3489450987467352,5,0.16464488220705514,0.8255688263902135
TOI-2005,1,Success,24.84637212753296,,1,0.10668132962929679,
TOI-199,1,Success,63.00369191169739,3.0539268446704684,2,0.43330081740037424,
TOI-201,1,Success,41.18224310874939,1.484692736796876,22,,-0.06854845257497723
TOI-2019,1,Success,22.265159845352173,0.9486514341975008,8,0.08396409538907852,-0.054533202474782515
TOI-2010,1,Success,56.81626272201538,0.20807044456146653,8,0.8326845987155798,0.07790573737195584
TOI-2025,1,Success,42.037559032440186,6.657185507642435,4,0.37614643767817324,
TOI-2018,1,Success,70.8281888961792,0.5730622427490628,4,0.4178195451890327,
TOI-2031_A,1,Success,47.13424825668335,4.565018783293875,4,0.13532033130876966,0.6380989014253713
TOI-198,1,Success,139.87362003326416,1.4053129199608223,3,0.7050989176906831,
TOI-2046,1,Success,60.0542631149292,15.420668211003603,17,,0.6499530214986838
TOI-2015,1,Success,121.53032279014587,1.2735058392939933,8,0.6519075352509369,0.5435096220086776
TOI-205,1,Success,53.28461813926697,0.6050051661413127,13,,0.09861817120774322
TOI-2048,1,Success,55.640997886657715,18.94100154425322,3,0.14200018856079707,
TOI-2000,1,Success,170.22196888923645,0.8579181341856443,18,,0.057565560169886204
TOI-2076,1,Success,54.0500431060791,240.78026853676536,4,0.4109529889926129,0.016499478077197136
TOI-2071,1,Success,61.8517107963562,1.8232426721557733,34,,0.4275016901984461
TOI-2068,1,Success,96.89019274711609,1.1732185184078565,4,0.15953198781608577,0.7785082975427282
TOI-2084,1,Success,71.5982449054718,1.8172141600272564,73,,0.6481303581639755
TOI-2092,1,Success,30.798301935195923,1.6499046883281483,4,0.26588986592430097,0.588457558197305
TOI-2081,1,Success,78.53331708908081,0.9312634127257352,22,0.471306360508079,0.275212466978478
TOI-206,1,Success,120.5359411239624,0.8110485606548469,31,0.10759864143093592,0.2936572477808921
TOI-2088,1,Success,77.86275482177734,118.54657692137941,44,,0.6681539589718771
TOI-2093,1,Success,58.04142689704895,1.4682858908654994,38,,0.03238943671347779
TOI-209,1,Success,84.1697428226471,0.32717135787835727,6,0.05452415340264207,0.18557358574367286
TOI-2107,1,Success,48.19757890701294,3.220475860739022,8,0.5326890449666319,0.6087885086912869
TOI-2109,1,Success,22.381591081619263,4.188412850983937,8,,0.2726441566771742
TOI-2104,1,Success,67.88027715682983,1.9348840445125646,39,,0.0598585606276253
TOI-2128,1,Success,36.83607602119446,1.368169958063119,5,-0.07595092903565355,0.6028914375459892
TOI-2095,1,Success,102.6799669265747,0.34960659132391936,12,0.7215231773873787,0.41399869312427684
TOI-2133,1,Success,48.45324993133545,0.9522442254319983,5,0.22260910084028224,0.2626933716097799
TOI-2145,1,Success,11.420033931732178,0.48205316770947704,3,0.699181627426849,
TOI-2134,1,Success,52.302884101867676,0.8598830424121601,3,0.501033948040713,
TOI-2094,1,Success,141.72528100013733,1.8927924730240855,3,0.4890537475323502,
TOI-2141,1,Success,51.13621282577515,2.1523111741056296,13,0.21248025487918618,0.2282933960870601
TOI-2152,1,Success,37.12422704696655,2.0804433826444986,8,0.44506105618920966,0.3543130032591386
TOI-2154,1,Success,48.28030276298523,5.380344169761358,5,0.19555213887390804,0.1139650150694837
TOI-2158,1,Success,40.72640299797058,0.4370033385820996,3,0.34039074972560907,
TOI-2169_A,1,Success,32.07175588607788,8.376360608908469,3,0.4665215924749052,
TOI-2180,1,Success,24.23909282684326,1.6300595262437683,3,0.30010902083368457,0.36576527963656763
TOI-2120,1,Success,149.46524310112,0.5068310366914508,3,0.2360965652222754,0.31404035827056603
TOI-2136,1,Success,112.95156979560852,0.6466995352221155,3,0.5018874668414031,
TOI-216,1,Success,75.20857071876526,6.15954196587812,2,0.5620980854273974,
TOI-2193_A,1,Success,35.50553607940674,0.7825862466781347,8,0.41394400866631625,0.14781015089148136
TOI-2196,1,Success,30.846509218215942,1.4622036657933821,14,,0.5613546161808376
TOI-2184,1,Success,72.9105920791626,0.5797206095653115,8,,0.2539024014200233
TOI-2207,1,Success,22.9375479221344,0.0833737457783095,3,0.30657578484078146,
TOI-2194,1,Success,66.92155599594116,6.18807511382481,5,0.6091238031999674,0.3736354932903792
TOI-2096,1,Success,270.63788175582886,0.5476105375690379,4,-0.15821003075581164,0.32315671944138863
TOI-220,1,Success,69.34760928153992,0.06788192351597393,2,-0.08533714691635119,
TOI-2200,1,Success,53.233782052993774,1.1712036267340606,8,0.531751176545087,0.3804735201958661
TIC_46432937,1,Success,2471.0651049613953,1.0216244908611603,28,0.44393333354336034,0.510855460032599
TOI-2227,1,Success,35.88147592544556,0.3204322666128957,6,0.285030113885468,0.31994442514273047
TOI-2236,1,Success,28.712398767471313,3.643734907572056,6,0.49681705628724676,0.7160538357498216
TOI-2211,1,Success,45.20519304275513,0.9563547873343381,8,0.2956059298851903,0.4764648627287396
TOI-2260,1,Success,32.85749292373657,25.267190116813016,4,0.2975088630072628,
TOI-2295,1,Success,25.209602117538452,2.9482506128913393,4,0.07701810322812301,-0.1526561031187271
TOI-2274,1,Success,91.40542602539062,4.345282259697949,5,0.4484108668969298,0.5485235445224103
TOI-2322,1,Success,49.168437242507935,2.0977155134505634,12,0.2720576274776525,0.2965885300277537
TOI-2285,1,Success,101.92426800727844,2.207691428130209,31,-0.019249123550739617,0.2703297470153855
TOI-2337,1,Success,26.616495847702026,0.037359587850186726,2,0.3302073262504454,
TOI-2328,1,Success,55.739396810531616,0.23679057113280516,6,0.6281862554912522,0.3454015620275653
TOI-2266,1,Success,179.72627305984497,8.300120265547712,2,0.37755748469604455,
TOI-2257,1,Success,196.64396500587463,0.7595095776506335,8,0.40126738146523927,0.44025672291372764
TOI-2345,1,Success,59.20439410209656,0.7957057914211214,21,0.22163957799947875,0.19490254126346615
TOI-2267_A,1,Success,188.84264492988586,1.2557741084888931,48,0.3155914659680963,0.7952205074950115
TOI-2346,1,Success,35.13286280632019,4.770365393085778,8,0.5614423330352962,0.4773257185580303
TOI-2364,1,Success,45.77259397506714,32.27736370409652,5,0.42110531729383777,0.2972100561190624
TOI-2374,1,Success,67.19711208343506,1.5493502700700195,4,0.16439173061569773,0.34976741936895306
TOI-2368,1,Success,76.56342697143555,4.8027140929727175,4,0.20295161580599183,0.048430297115935064
TOI-2202,1,Success,332.85588002204895,0.6907062395627892,44,,0.2955868472862545
TOI-2379,1,Success,64.81693530082703,0.06419925413633636,3,0.3086188077026775,
TOI-2382,1,Success,30.869389057159424,6.020316000344202,4,0.3875755060749673,0.26722552116931686
TOI-2267_B,1,Success,311.23290395736694,1.2877707755862353,48,0.20928581843918997,0.7751584275598572
TOI-238,1,Success,63.31583380699158,1.4343500944493028,21,0.4646587470017175,0.38320435756504045
TOI-2373,1,Success,168.077152967453,0.5709977673370804,33,,-0.10883613654002777
TOI-2420,1,Success,0.5956861972808838,,0,0.01955041708608139,
TOI-2384,1,Success,85.21829795837402,2.012378270672794,10,0.46465854253262273,0.3827530411588733
TOI-2411,1,Success,49.029940128326416,1.5747783426247604,28,,0.4342667508484179
TOI-2338,1,Success,262.2727701663971,0.6587740978566292,27,,-0.08164705647227802
TOI-2407,1,Success,86.10532999038696,1.8287742162372993,9,0.5149804054562752,0.5558558017496825
TOI-2427,1,Success,55.87272596359253,1.700809792904373,19,0.5904196298594371,0.6773399180346029
TOI-2431,1,Success,61.4505181312561,1.8682651934693393,51,,0.5814829406517226
TOI-2443,1,Success,61.38698172569275,26.846235136891114,3,0.4337199697960412,
TOI-237,1,Success,288.66094970703125,0.49549477066809056,5,0.25374204202901907,0.34748081696913297
TOI-2447,1,Success,61.00935077667236,1.1358441312879286,8,0.6238044918711354,-0.07199607657298696
TOI-2449,1,Success,49.4641318321228,1.747787058134638,6,0.3917234808222283,0.8624730811537781
TOI-2406,1,Success,220.47180914878845,0.974868173410467,8,0.4427194107689192,0.5026220758680942
TOI-2458,1,Success,26.470887899398804,1.2495681027499952,7,0.6098862351010184,0.5434555831183568
TOI-2416,1,Success,196.9494171142578,0.33549648337969834,20,,-0.08832634315461735
TOI-244,1,Success,147.00517010688782,0.5740015275798368,4,-0.1462934741790052,
TOI-2485,1,Success,20.006164073944092,0.0903876238001895,2,-0.08061460982312259,
TOI-2497,1,Success,19.918765783309937,2.6981061738574237,3,0.482087130156158,
TOI-2459,1,Success,66.75810217857361,45.927047897147276,3,0.6976715477603578,
TOI-2498,1,Success,37.89722418785095,0.6009592275420244,7,0.3364836903525137,0.590683809849795
TOI-2518,1,Success,44.62949585914612,1.4460278348221958,8,-0.07816311060365294,0.3574689213011617
TOI-2524,1,Success,38.60200500488281,3.4869896031524266,4,0.9582326066568368,
TOI-2453,1,Success,101.29107809066772,0.7761888280308703,4,0.12234497118201433,0.11132649369686257
TOI-2445,1,Success,159.91021609306335,1.5432065033224798,57,0.18109863506961074,0.48053784880920386
TOI-2529,1,Success,22.72129201889038,1.1775604529007748,13,,0.02409653017800766
TOI-257,1,Success,12.32715892791748,288.6025072214027,2,0.34545768194763543,
TOI-2545,1,Success,21.942214965820312,1.5828193924867906,7,0.04006029699959233,-0.027206736305702812
TOI-251,1,Success,75.91287398338318,92.06177461638696,3,0.34972121726831956,
TOI-2567,1,Success,30.135677099227905,1.0702078316511603,5,0.5823593609625175,0.2773982472877796
TOI-2580,1,Success,27.072758674621582,5.173082519790656,7,0.37526415929374835,0.589608820276791
TOI-2587_A,1,Success,25.606853246688843,0.5195657272259729,4,0.43862405403811533,0.07422466540672693
TOI-2570,1,Success,45.70738410949707,1.6455306887993786,7,0.48254587045939884,0.4892749331964241
TOI-2537,1,Success,55.477832078933716,1.0812980600679796,19,0.5463807549261056,0.2676133716047025
TOI-2583_A,1,Success,37.433676958084106,0.4704617490026378,6,0.49435634623561375,0.36164688374967563
TOI-261,1,Success,13.425199031829834,0.9812516294314275,6,0.6397863299908795,0.16389051879068328
TOI-262,1,Success,34.69608402252197,0.7973752391645159,2,0.35737201000463,
TOI-2641,1,Success,34.329946756362915,1.289951105834148,4,0.40106595847345783,-0.053126480408404175
TOI-260,1,Success,49.731078147888184,12.870116332964939,3,0.802002699979134,
TOI-2714,1,Success,2.7734341621398926,0.013875465797401306,3,0.22958259290471206,0.2674331909445233
TOI-269,1,Success,87.25344204902649,0.2961724515057649,5,0.10665418473054442,0.15856880710218932
TOI-2421,1,Success,392.62478590011597,0.33592439273164293,20,,-0.1541050113517368
TOI-2768,1,Success,4.134235858917236,3.0639986138122373,14,0.5611056150578306,0.5656856415519668
TOI-2719,1,Success,81.5749979019165,1.6232438751904166,11,0.2274746344073154,0.0864660472735526
TOI-270,1,Success,90.77095079421997,28.318081429578882,2,0.299638764804215,
TOI-2818,1,Success,40.19264507293701,9.8025501613439,5,0.3336882630368787,0.521614291793221
TOI-277,1,Success,61.08746600151062,0.9506251513001679,5,0.3894236461177099,0.47080276737473686
TOI-2842,1,Success,39.75997996330261,1.1365370282837008,6,0.3875254877781396,0.44845859012442707
TOI-2589,1,Success,248.65542030334473,0.9732348360253058,20,,-0.24796369355010295
TOI-283,1,Success,81.05503106117249,1.3460098275469017,3,0.2580125507874227,
TOI-2525,1,Success,319.765328168869,0.5306717924584203,29,,0.32413674952869986
TOI-2654,1,Success,271.7995238304138,1.1625318066791024,15,0.5616686932693394,0.639388019767482
TOI-2803_A,1,Success,160.40144681930542,3.607115521605248,20,,0.014269764473830599
TOI-2886,1,Success,44.431527853012085,5.350699165110606,14,0.37954847615599135,0.5095691526117391
TOI-286,1,Success,74.32949709892273,0.8884962382306995,6,0.609181630321323,0.21938257000825134
TOI-2876,1,Success,71.38092708587646,0.6640307744958033,3,0.42791589433804755,
TOI-2986,1,Success,28.225461959838867,0.36052067598890414,8,0.6671287970557447,0.49363858642095787
TOI-2977,1,Success,53.64461803436279,2.057569574279853,11,0.32976761689113626,0.3731690844850656
TOI-2992,1,Success,33.65781283378601,0.7808517564362119,8,0.532888648161664,0.3503047129726053
TOI-2981,1,Success,49.29753804206848,2.966110520068369,7,0.2674262013442945,0.24905884543353224
TOI-3023,1,Success,30.76087975502014,1.1623126207218084,7,0.4561054192121088,0.39497497351564337
TOI-2969,1,Success,105.77806687355042,9.019849654583616,13,0.16885821471778,0.5288813204456119
TOI-3071,1,Success,46.079339027404785,0.7851172795850188,21,,0.427688548152068
TOI-2989,1,Success,88.5254693031311,1.4014097987949574,7,0.2783183378085457,0.3929903673802882
TOI-3160_A,1,Success,38.98057699203491,2.0717002451877695,6,0.2452314252614472,0.6761514829914136
TOI-3082,1,Success,70.47957992553711,0.9182533498203603,12,0.5055751873364934,0.3908471084845253
TOI-329,1,Success,23.06334900856018,1.515672661210529,6,0.26279561338424196,0.9595172669860542
TOI-3135,1,Success,79.64152908325195,1.3444790641682653,8,0.6793781673568065,0.11043661735021901
TOI-3261,1,Success,55.264719009399414,0.7149094717892389,28,,0.46228066873389345
TOI-3321,1,Success,33.35437202453613,1.9904299397669618,4,0.2230381962699175,0.1247912268431404
TOI-3288,1,Success,69.15022897720337,1.5747217242453335,14,0.31233754501078154,0.5126934790571182
TOI-333,1,Success,42.311939001083374,0.9145492802217057,5,0.4213848209661608,0.442925033435341
TOI-3364,1,Success,34.741769790649414,13.841915770355802,4,0.47059085178132276,0.3429979253042982
TOI-3331_A,1,Success,62.639310121536255,0.8279448198951226,12,0.28415506490049763,0.6305001055060607
TOI-3362,1,Success,42.64466905593872,,1,0.028565828010282387,
TOI-3353,1,Success,67.80152010917664,109.25126851086266,3,0.1880251178922737,
TOI-3235,1,Success,164.1367049217224,1.2711964798208883,10,0.27754182208245604,0.39151720376211147
TOI-2669,1,Success,511.65782594680786,1.1187913409746348,14,-0.2733495593163656,0.43723932433312823
TOI-3464,1,Success,37.23592925071716,0.864678621899839,6,0.28472017956772194,0.14577456004223244
TOI-3457,1,Success,47.961023807525635,7.2863523634161265,6,0.3204136981901765,-0.22121817862964566
TOI-3474,1,Success,41.263530015945435,2.2132509052442737,6,0.4237729279246729,0.19601675625749673
TOI-3493,1,Success,29.767128229141235,0.3368653799258362,2,0.27080223714605706,
TOI-3523_A,1,Success,45.50828981399536,1.9709127842883227,12,0.2958900434152102,0.5677324057513794
TOI-3486,1,Success,73.64727091789246,2.573068531745001,9,0.2371146400524589,0.3995671673123052
TOI-332,1,Success,185.6274209022522,1.0286255621728855,29,,0.422107934640513
TOI-3540_A,1,Success,59.503278970718384,1.1675931318740786,5,0.8317650025537144,0.038272876904151154
TOI-3682,1,Success,19.471383094787598,0.332942460324264,6,0.45191550514331297,0.42518577594786716
TOI-3568,1,Success,78.65072417259216,0.9076849066999003,4,0.2824519782648213,0.5356206765603644
TOI-3593,1,Success,89.68869400024414,0.9247096941340773,7,0.3128616484340368,0.2831615951658673
TOI-375,1,Success,17.68745183944702,1.1905522871877157,3,0.3592897260985419,
TOI-3688_A,1,Success,51.28544211387634,3.263136023995404,9,0.2980940441061065,0.38794624574094794
TOI-3629,1,Success,116.91715812683105,1.926717619788132,6,0.4258441552060625,0.5515777938584382
TOI-3807,1,Success,36.35064220428467,11.281473568075286,15,,0.7024197735065264
TOI-3693,1,Success,94.44280576705933,0.03594708650313466,2,0.028414079928178574,
TOI-3819,1,Success,29.2412166595459,3.2234798214892613,6,0.4671296174621695,0.3676077022982826
TOI-2796,1,Success,585.6109278202057,0.34058861983773003,6,-0.0031411996651345138,0.1587832694447275
TOI-3877,1,Success,2.1208629608154297,,1,0.08063938461488798,0.43317630434749743
TOI-3837,1,Success,45.91025996208191,0.9028466242826505,2,0.4290947163513047,
TOI-3757,1,Success,94.29456210136414,3.207697499276675,8,0.6125800937093597,0.4782589613321652
TOI-3714,1,Success,126.91776418685913,5.254385474898679,10,0.21250396538325428,0.7403203486558294
TOI-3856,1,Success,52.53369092941284,7.48291950130384,10,0.3558990733159449,0.38394102646139555
TOI-3894,1,Success,22.803081035614014,2.1157592865134682,5,0.4851506300486681,0.20342314901927452
TOI-3862,1,Success,52.887163162231445,0.821014928580034,13,0.43283971682223144,0.3925262972601593
TOI-3976_A,1,Success,1.8707730770111084,,0,-0.07948935758320204,0.7506719806631826
TOI-3785,1,Success,114.96868777275085,0.806905387629525,5,0.5076693902166138,0.6134439192400524
TOI-3912,1,Success,25.892353773117065,1.7880186558530984,4,0.40585322241085575,0.4158583270874835
TOI-3919,1,Success,29.75148606300354,0.42493438686105844,2,0.3521291624304927,
TOI-4029,1,Success,15.214914083480835,,1,0.03494578948839208,
TOI-3984_A,1,Success,28.54060697555542,,0,,
TOI-3896,1,Success,55.71121096611023,0.7839843916883833,6,0.4849824020922852,0.6972639177365891
TOI-3980,1,Success,37.845858097076416,0.9355574894461989,4,0.7182893794735862,
TOI-4034,1,Success,23.35246706008911,0.7702146256669207,13,,0.2896587139908001
TOI-4010,1,Success,60.398386001586914,2.6852863315235425,4,0.8822853961860633,0.5555912718442896
TOI-4030,1,Success,48.752618074417114,0.4266552656465668,9,0.4203219705014883,0.3086666960653936
TOI-4137,1,Success,34.926275968551636,4.379606010165334,6,0.4948961642793387,0.6255917551655896
TOI-4127,1,Success,49.10757899284363,1.0550978860675386,14,0.5459897681157445,0.010244141304241448
TOI-3664,1,Success,273.245906829834,0.5790899895925556,37,,-0.14354389008319082
TOI-406,1,Success,72.05230522155762,1.0315876093040934,2,0.03413436927399031,
TOI-4087,1,Success,69.41386580467224,3.4960337039063885,5,0.1747515395612477,0.37612200059054823
TOI-4153,1,Success,32.49995708465576,2.2037941413449698,5,0.38845574780200964,0.5073194865029859
TOI-4214,1,Success,28.692069053649902,8.709714288180786,6,0.36221929671741504,0.44362187419048593
TOI-4156,1,Success,53.58636713027954,0.9666798135931846,4,0.2603597311959916,0.26838686991108607
TOI-4155,1,Success,57.072482109069824,1.3123670094494182,32,,0.43305983185977215
TOI-3884,1,Success,183.32861614227295,1.5444885332320915,4,0.26784624837144677,0.21728133355149826
TOI-421,1,Success,54.46831798553467,120.74912381944291,3,0.6929585227512864,
TOI-4329,1,Success,11.818394899368286,1.1285192753306497,7,,0.4513420921866505
TOI-4311,1,Success,30.171372175216675,0.5372266624880159,17,,0.4003845254221845
TOI-4201,1,Success,73.93105721473694,2.361478002177594,6,0.5373593866647293,0.6459240651685635
TOI-4308,1,Success,54.19169092178345,0.12239921884881375,3,-0.06720927063652872,
TOI-431,1,Success,62.06836986541748,0.21830215449771617,2,0.4551780002284454,
TOI-4379,1,Success,25.096572875976562,0.3400358198251536,8,0.49845054502345165,0.45898725686462055
TOI-4363,1,Success,57.15733003616333,1.3751620514089942,19,-0.10276717139040607,0.8727035718865637
TOI-4342,1,Success,71.2726948261261,2.8905178253704915,5,0.4056504352887944,0.228446624033742
TOI-4364,1,Success,109.85261392593384,0.5022001231566475,4,0.2709393799096282,0.2867350956356129
TOI-4405,1,Success,57.75710701942444,1.2918488085607627,34,,0.28543385225710977
TOI-4336_A,1,Success,129.74774765968323,21.310631622304463,4,0.32194618376043216,0.013087428032639074
TOI-4377,1,Success,125.86145997047424,2.750520422483951,6,0.3309472632503293,0.35825159944306756
TOI-4443,1,Success,35.39070224761963,2.582874854220048,12,0.36206236615925685,0.47501003969453104
TOI-4184,1,Success,250.22410011291504,1.7761713311969818,6,0.7994185037572364,0.8000627260620929
TOI-4145_A,1,Success,285.9152648448944,15.361713612837132,6,0.6522829037198321,0.45466497153092034
TOI-444,1,Success,71.05570602416992,65.16115520516226,6,0.07504123775954774,0.3782462666303646
TOI-4465,1,Success,45.46449589729309,1.0034155762868304,35,,0.879883141988518
TOI-4487_A,1,Success,33.026692152023315,0.5352974260714307,7,0.4626046893511342,0.38249817066783554
TOI-4495,1,Success,30.12052297592163,2.349630755823612,3,0.05088332661186973,0.6323142036852443
TOI-4438,1,Success,152.18481826782227,0.10787625100839249,4,0.5243486543427853,
TOI-4406,1,Success,159.22385907173157,0.7828113278602824,24,,-0.003378060066691172
TOI-4507,1,Success,63.10571002960205,1.0342418528935253,26,,0.7034513178774031
TOI-4511,1,Success,44.52009701728821,12.024109958300272,19,,-0.06922613565366109
TOI-4513,1,Success,46.34377193450928,5.701164359877321,7,0.17141978938046964,0.1359518888018558
TOI-451,1,Success,57.28656005859375,10.63740850278642,3,0.3741392096894969,
TOI-4463_A,1,Success,159.3014430999756,0.6091012248314869,6,0.23999451215868647,0.6507819916988601
TOI-4515,1,Success,58.33977699279785,,1,0.03655878007808624,
TOI-4479,1,Success,128.53949689865112,0.9692272612935772,22,0.39315265700250573,0.30856710993167163
TOI-4527,1,Success,58.539368867874146,1.7023907910866705,46,,0.6117833443833476
TOI-4529,1,Success,78.1282708644867,2.4069753745908598,3,0.440108215392813,0.42725965021447665
TOI-4559,1,Success,75.22301578521729,1.0018975666099903,4,-0.07906362776618023,0.4543035609376832
TOI-4561,1,Success,77.44756293296814,0.15217540300872737,4,0.6057527664334947,
TOI-4578,1,Success,56.89535403251648,2.921750939655771,52,,0.0809017043641507
TOI-4582,1,Success,35.43134593963623,0.32072763439077934,8,,-0.06640262459898962
TOI-4504,1,Success,187.3299970626831,0.5600028491848903,32,,-0.22523767390715815
TOI-4603,1,Success,14.759225130081177,0.9652916781089912,4,0.10836668429569302,
TOI-4588,1,Success,35.01168203353882,0.825506562285355,25,,-0.023905373065514986
TOI-4552,1,Success,122.92092609405518,1.4560978021624829,68,,0.5604039919602501
TOI-4562,1,Success,111.15159916877747,0.6050102047340515,28,,0.14240234609580768
TOI-4602,1,Success,25.20722198486328,1.0971319691608061,5,0.1943783545997513,0.4340575909564618
TOI-4641,1,Success,20.23458480834961,318.01071358524985,2,0.6636218898414467,
TOI-4633,1,Success,40.79891395568848,1.2130352315805772,26,,-0.16559619037893342
TOI-4640,1,Success,27.84674596786499,0.7940661971406785,7,0.2852786883628693,0.7267705355471906
TOI-4638,1,Success,41.46166968345642,2.7439904942567006,29,,0.5526741890033645
TOI-4734,1,Success,17.422528982162476,1.2893588442147577,10,,0.2007807256462831
TOI-469,1,Success,29.03007197380066,23.29190772812708,3,0.4230926531239314,
TOI-4600,1,Success,85.90276408195496,0.5122707964159616,5,0.07988909364536279,0.46614939273511513
TOI-470,1,Success,42.1103310585022,14.21298368623957,5,0.3959044099503459,0.026941652571871904
TOI-4662,1,Success,71.03883099555969,0.976304713788428,6,0.3714899005178035,0.32346492066593274
TOI-4773,1,Success,31.99341893196106,2.6534461223279595,13,,0.09180166450266918
TOI-4791,1,Success,31.71879291534424,1.9457497067882166,6,0.6846320091422197,0.4241660279707808
TOI-4747,1,Success,44.399391174316406,0.4808028786224012,4,0.5676702999832176,0.245634071575811
TOI-4794,1,Success,29.194819688796997,4.463953028935264,7,0.7294055132647128,0.4739079528945566
TOI-480,1,Success,20.557475090026855,0.906243895094121,3,0.25797923244839877,
TOI-481,1,Success,24.052988052368164,11.561476492434753,2,0.29934913524101886,
TOI-4940,1,Success,36.17431306838989,0.8498616349064744,22,,0.29138488214188796
TOI-4930,1,Success,50.86700224876404,0.869669523637627,16,-0.03554269295602339,0.9641701474103093
TOI-4914,1,Success,63.88496804237366,3.7152150502481582,2,0.3553141058594068,
TOI-4898,1,Success,77.26708316802979,0.6427136829387486,9,0.5313287161028245,0.42410442622524336
TOI-4961,1,Success,70.05236792564392,0.31767661866496083,4,0.5286106664177774,
TOI-4994,1,Success,51.888664960861206,1.274884176330037,2,-0.028222976179643474,
TOI-500,1,Success,44.51202201843262,0.5295335830189455,38,,0.5138680573399907
TOI-5005,1,Success,65.5730049610138,0.8872180456657303,4,0.23911148237482824,0.3323092811668518
TOI-5027,1,Success,51.81155204772949,0.32848368818062196,2,0.37959046870414165,
TOI-5082,1,Success,46.18006491661072,0.6030750279126166,5,0.3911536829382997,0.22721503125009018
TOI-4860,1,Success,155.34515023231506,0.9397714872809343,16,0.3187478175675894,0.4664179074019731
TOI-5110,1,Success,15.913377046585083,27.98447593004505,3,0.39802101608577356,
TOI-512,1,Success,33.00539207458496,0.8480142496107792,9,0.30104820979608177,0.2020334449608425
TOI-5007,1,Success,106.9032690525055,0.9517613620075895,11,0.5177004158791396,0.35619066149464645
TOI-5126,1,Success,39.911648988723755,4.663644605933944,2,0.3030169131166206,
TOI-4551,1,Success,400.94793009757996,0.7827111354769098,40,,0.28601830706651726
TOI-5153,1,Success,35.608481884002686,6.150923675499006,6,0.1397035193333392,0.21278341081978416
TOI-5143,1,Success,65.18128681182861,3.7712047370289117,5,0.4111330659993083,0.5701115318497493
TOI-5160,1,Success,42.96816802024841,0.872143562678443,10,0.3544789322620606,0.1401830204921058
TOI-5159,1,Success,49.67911338806152,5.140974226487661,3,0.06241393643637558,
TOI-5181_A,1,Success,23.619035005569458,1.584391686223585,4,0.5115764156937229,0.39653737959067437
TOI-5108,1,Success,112.59941506385803,1.0971493944501267,10,0.028439234697236512,0.06817710173178852
TOI-5174,1,Success,53.55801796913147,1.5242938536330888,4,0.15085085402033616,
TOI-5076,1,Success,153.0734338760376,0.6921032955487565,37,,0.36954704533809457
TOI-5232,1,Success,23.023385763168335,0.5039320492161247,5,0.2819589668114381,0.05154243976330024
TOI-5210,1,Success,43.509095907211304,0.230079388839304,6,0.44532191238209967,0.4110291197603314
TOI-4666,1,Success,386.3152229785919,3.7897022400889364,14,0.4896868407089827,0.2615474386372359
TOI-5261,1,Success,47.1203191280365,0.4895944663500022,4,0.3552336602020303,0.18089553268934896
TOI-521,1,Success,101.45008492469788,1.1018672247667904,15,0.6396479359597361,0.40324598878724377
TOI-5218,1,Success,93.61100506782532,0.3689391293458208,7,0.46411274710648986,0.6086869434049695
TOI-5292_A,1,Success,63.197346925735474,0.8635599406352567,8,0.5219680169696409,0.45460868848377695
TOI-5301,1,Success,17.231398105621338,0.9324087406224706,4,0.5119628427914865,0.5283775553147905
TOI-519,1,Success,151.7491340637207,0.6862844607745605,18,0.5092079396852527,0.5080424132089181
TOI-530,1,Success,70.0261778831482,3.9014967261662705,4,0.6878106739317977,
TOI-5293_A,1,Success,85.13251399993896,0.4126243033251041,7,0.35110255462381956,0.5356717396905881
TOI-5205,1,Success,165.35550498962402,2.676602384551754,15,0.2365384579064429,0.47141060643926336
TOI-5322,1,Success,31.93232798576355,0.17608253870582796,5,0.3284167247305532,0.19413935943565697
TOI-5300,1,Success,69.3082230091095,2.403298637423592,7,0.4261489834896957,0.60721422546658
TOI-5350,1,Success,6.934869050979614,,1,0.014274248978862477,
TOI-5340,1,Success,20.41022491455078,0.7018198542605559,5,0.24739592765062468,0.6841839215979642
TOI-532,1,Success,65.17463397979736,0.513213284333694,8,0.3976903342755539,0.423343950017713
TOI-5380,1,Success,22.61440420150757,1.3848352295036357,2,0.07700387022163045,
TOI-5335,1,Success,52.56076383590698,3.4742262674658577,6,0.08822158934947019,0.3933991836145034
TOI-5386_A,1,Success,38.902647972106934,1.2942029904373262,7,0.2678879287527436,0.4441834619682854
TOI-5319,1,Success,125.04332900047302,0.5765317514334988,7,0.6179243547700648,0.5215145714905417
TOI-5349,1,Success,74.7164671421051,0.7026420836759547,7,0.4844791457753914,0.45976090419843985
TOI-5398,1,Success,46.4835991859436,0.8799642921720741,2,0.47044832038866596,
TOI-5344,1,Success,83.00382614135742,2.02229517407021,6,0.4516201944181378,0.4861199541862589
TOI-5422,1,Success,31.863847255706787,,1,0.19711136931874093,
TOI-544,1,Success,47.51637887954712,0.9618163152183117,13,0.5201010747743053,0.5471222578533371
TOI-5502,1,Success,34.143500089645386,3.4868064787946143,22,,0.36186373930222465
TOI-5486,1,Success,50.79312515258789,0.4282265807202861,7,0.4412475987546555,0.3379943431406324
TOI-5238,1,Success,281.50312328338623,3.78949593913614,4,0.3396129944603027,0.11718610256002994
TOI-5388,1,Success,115.17034602165222,0.5490149039613496,10,0.49353004040572246,0.6332217701984391
TOI-5515,1,Success,55.08589005470276,1.3094443296428608,15,0.4029956678315329,-0.023647610797236186
TOI-5542,1,Success,31.141597032546997,1.6697989455525841,13,0.21397943013224044,0.7407242908516833
TOI-558,1,Success,25.70490288734436,49.36718891375233,4,0.36023476336013677,-0.00723816888857558
TOI-5592,1,Success,26.276578664779663,3.146531577211156,7,0.8918282462153515,0.007993519296333485
TOI-5599,1,Success,16.250579833984375,0.6281038517015944,3,0.5151138425854791,
TOI-5489,1,Success,91.77152729034424,0.28690807728846696,7,0.1434600837081684,0.7463559863775553
TOI-559,1,Success,40.33771896362305,0.4034905514951978,3,0.13061965577061524,
TOI-5532,1,Success,70.03246283531189,0.07559986530144408,2,0.34985026336217145,
TOI-5595,1,Success,44.349130392074585,3.930920522649712,3,0.31398883973109776,
TOI-5573,1,Success,63.28105092048645,1.8598528979316111,3,0.8569583460073181,
TOI-540,1,Success,168.31481099128723,0.6103675372658391,13,0.7565740908889844,0.4192421312318977
TOI-561,1,Success,37.820860862731934,0.01338353244160144,2,-0.0006108484348160917,
TOI-5614,1,Success,51.87568998336792,1.994863224285789,20,0.640571580506622,0.509601591551945
TOI-564,1,Success,34.37107300758362,0.4968095885246349,6,0.6552340060381803,0.36037836826016095
TOI-5630,1,Success,39.81994605064392,4.281377379564136,3,0.46251729533989905,0.2927736087797139
TOI-5605,1,Success,70.20011901855469,0.2450279210244685,4,0.19243170182468336,0.3437372199977162
TOI-5616,1,Success,63.327898025512695,1.763583858860988,7,0.4699181750070021,0.3854330186884537
TOI-5624,1,Success,54.82428789138794,4.28949895213017,2,0.2064826903923812,
TOI-5678,1,Success,44.0718560218811,0.553041989446145,4,0.3020428126742751,0.4860568619212505
TOI-5726,1,Success,33.202613830566406,1.2843474332906077,5,0.3856884908771424,0.167599648519358
TOI-5704,1,Success,63.658859729766846,2.4190155187964413,6,0.1370737912047497,0.4162725380821576
TOI-5688_A,1,Success,81.81154084205627,1.28585878609123,7,0.4860086969130301,0.6314801799890057
TOI-5713,1,Success,108.09359192848206,1.6513341415299403,12,-0.054252207479149314,0.24635619861141533
TOI-5736,1,Success,79.25336289405823,1.53378359736642,10,-0.028524848707019677,-0.04237510562860812
TOI-5777,1,Success,63.94194984436035,0.814929561587911,24,,0.36309043204293434
TOI-5720,1,Success,121.88318014144897,1.3200202275767825,16,0.4718628848602991,0.3899549382555579
TOI-5788,1,Success,29.57794713973999,0.3985853183713175,12,0.6052842389286203,0.2990832822882443
TOI-5728,1,Success,129.8933539390564,0.9336910517489639,80,,0.3264807585197383
TOI-5734,1,Success,122.32968211174011,4.0182922169974065,4,0.6974913210504597,0.6424031479254969
TOI-5795,1,Success,27.153203010559082,5.635912284452206,5,0.5479182053326388,0.9657809636660306
TOI-5817,1,Success,25.179279804229736,0.5847015730533783,6,0.48459210341461845,0.42644716922097653
TOI-5800,1,Success,40.459078311920166,2.183415202715894,7,0.503883665919541,0.4420629421272804
TOI-5882,1,Success,25.70698094367981,1.0869036896221964,4,0.07867116285105961,0.7577309748393113
TOI-5803,1,Success,54.59233474731445,5.611928851943593,4,0.706085702610853,0.39506284479093734
TOI-5926,1,Success,56.571035861968994,1.1121821615627958,6,0.715045251494592,0.3099755746063664
TOI-5716,1,Success,232.82339906692505,0.3107368282376387,2,0.325092378361955,
TOI-5799,1,Success,146.28826189041138,0.47723026326675655,6,0.4078970651706725,0.3813443155556095
TOI-5916,1,Success,116.77215099334717,1.0567163767919467,10,0.5125584952491412,0.541908650110475
TOI-5786,1,Success,233.78726887702942,15.50420715870444,5,-0.26774890541498975,-0.1907250251342409
TOI-5789,1,Success,183.6221568584442,1.1796225395610118,36,,0.4472608284342567
TOI-6029,1,Success,26.19427180290222,0.4332599268010195,4,0.5678757566582154,0.2689188610625248
TOI-6016,1,Success,37.717206716537476,0.6392953328456213,7,0.580212466857146,0.32916074330773515
TOI-6038_A,1,Success,18.0001699924469,0.3522490789653528,4,0.5308171584178816,0.3973993951078184
TOI-6000,1,Success,147.24494314193726,1.1183207238561095,21,0.13546000693864446,0.26695310111579984
TOI-6041,1,Success,43.64106607437134,33.51581788263439,4,0.3992266280172341,-0.01139718242645998
TOI-5938,1,Success,214.56032419204712,1.219914376104226,42,,0.06788917603361885
TOI-6002,1,Success,161.1338930130005,1.0916509698577732,3,0.1262459648608251,
TOI-6109,1,Success,45.627187967300415,49.440099909019146,2,0.3765999282406976,
TOI-6080,1,Success,87.31762719154358,3.077539356095908,28,,-0.11457557091157707
TOI-6008,1,Success,178.37109899520874,1.2420146320477945,76,,0.47308651261405643
TOI-615,1,Success,27.450281858444214,40.36413712365724,3,0.11237560069895365,0.9203303146343063
TOI-6054,1,Success,108.71327495574951,0.6170505492615341,15,,0.07285336277091606
TOI-6130,1,Success,52.61672019958496,10.85348968541213,6,0.3929554106570713,0.05939520440707323
TOI-622,1,Success,42.46883511543274,56.483639293003684,2,0.021464780298097383,
TOI-6034,1,Success,173.31425285339355,0.768034647135517,11,0.37525292131051036,0.42927128705458906
TOI-620,1,Success,86.77794313430786,12.908908437893865,4,0.25128772002980126,0.721438388232447
TOI-6086,1,Success,166.79630994796753,0.8891821053932352,14,0.30428092212186636,0.7623695403943983
TOI-6255,1,Success,89.08425283432007,1.515862393678413,81,,0.42097105192645806
TOI-6223,1,Success,116.09691905975342,1.7635826699977784,6,0.33329831101803076,0.65896753704586
TOI-6303,1,Success,101.44045901298523,0.10509599644870618,2,0.17767993623435818,0.8025133357723506
TOI-640,1,Success,42.94165897369385,,1,0.08132275538367596,0.07555122015059855
TOI-6330,1,Success,111.3194329738617,6.385591484820095,3,0.3946579315456259,
TOI-628,1,Success,178.61283993721008,0.8784047641681338,6,-0.009196036607831703,-0.031878296132466705
TOI-6420,1,Success,55.202597856521606,1.5600605486577785,4,0.4595031037934452,
TOI-6324,1,Success,143.4113278388977,1.396136511128864,72,,0.4773893029570145
TOI-6628,1,Success,2.4039509296417236,,0,0.5892111073326195,0.0043875070670439794
TOI-6383_A,1,Success,117.84972715377808,1.0259872561000165,9,0.38570361244198276,0.3291941592264563
TOI-6564,1,Success,31.753870964050293,5.69536545164687,2,0.5674988134537865,0.2860203199512646
TOI-6677,1,Success,34.833871841430664,0.7963104451618409,8,0.5041022194277606,0.9255022610113117
TOI-654,1,Success,114.570228099823,0.9701111894678742,14,0.3843123715694962,0.3865648511283992
TOI-663,1,Success,101.58927178382874,0.5644084484764863,8,0.825761472427624,0.5330637413130229
TOI-669,1,Success,44.0224289894104,0.7496671143629445,5,0.2721244059606595,0.45877961378356386
TOI-6651,1,Success,108.93141603469849,0.1413410625658417,5,-0.06512552333440783,-0.05067517646062384
TOI-6281,1,Success,295.6855499744415,0.6809962865740402,15,0.17478876935089158,0.24853624478066558
TOI-6692,1,Success,55.905659914016724,5.757925632665983,2,0.8623362606784517,
TOI-6393,1,Success,261.62511682510376,0.9048650306905875,40,,0.7107481300104924
TOI-6707,1,Success,35.68041276931763,1.2979430793056426,3,0.05840864044699134,
TOI-6478,1,Success,175.74012207984924,97.04568660895848,2,0.31137556287912965,
TOI-6699,1,Success,73.22174620628357,0.4355165290859192,5,0.26265502877640334,0.5074749450476527
TOI-677,1,Success,48.96289086341858,1.1430474221007345,18,,0.26692213560717915
TOI-682,1,Success,46.511621713638306,0.15327492413768987,4,0.833954033405407,
TOI-6954,1,Success,3.5991051197052,1.6166748253304917,6,0.45801687445789385,0.24269483821916726
TOI-6448,1,Success,266.71782970428467,0.7301786902485966,31,,0.004727366310398213
TOI-7008,1,Success,4.824968338012695,2.784444262636927,27,,0.3752365641768333
TOI-697,1,Success,61.76616287231445,1.6483737801552745,22,,0.3704828818738101
TOI-672,1,Success,115.06228303909302,1.4679778743994736,6,0.3984652188349439,0.29945270590229384
TOI-6695,1,Success,178.9280390739441,0.6473192310415189,16,,0.29016008824672096
TOI-674,1,Success,155.0739986896515,2.8952853924463615,12,0.43873979049582673,0.2986186538676757
TOI-7009,1,Success,94.94544005393982,4.325451950038682,3,0.30520507558069376,0.5658364290548593
TOI-7155,1,Success,4.226085186004639,,1,0.2869111723922753,
TOI-712,1,Success,47.16342496871948,9.702070544023481,3,0.6151102859285227,
TOI-707,1,Success,64.2360770702362,1.5883042260528795,2,-0.13198133683908472,
TOI-6716,1,Success,222.1939399242401,5.1211534556036025,4,0.6017194917663778,
TOI-733,1,Success,30.83809804916382,2.707823967971986,5,0.4480749113677349,0.22483170274997497
TOI-7041,1,Success,97.39943599700928,0.6947958410247952,3,0.7073393478628053,
TOI-700,1,Success,166.41753697395325,10.388301368555018,4,0.4034294226355283,0.6068519007520938
TOI-6894,1,Success,214.10695219039917,1.0487414729811277,6,0.34281906495392483,0.569497341349472
TOI-7510,1,Success,45.2935049533844,17.70817316924044,2,0.49132929933315445,
TOI-757,1,Success,48.74483585357666,10.937423876376952,4,0.3713996103210481,0.14826268417708377
TOI-7333,1,Success,94.18673992156982,0.9114155499483957,56,,0.5209618532225052
TOI-763,1,Success,51.06903386116028,0.1291279232683106,4,0.17521675218824725,0.1717513403599243
TOI-756,1,Success,98.72973275184631,0.9479200569722129,18,0.45134724584250896,0.5244805887953999
TOI-778,1,Success,29.56625008583069,22.216756154391085,3,0.01839558488432739,0.48758052326472184
TOI-7384,1,Success,145.26531100273132,0.05389311466816211,4,0.43199636865720564,
TOI-776,1,Success,74.76831412315369,5.243458881099263,3,0.702088222119404,
TOI-762_A,1,Success,130.98505187034607,0.2565755265333254,6,0.49626679607304064,0.3761546382059163
TOI-813,1,Success,22.647300004959106,3.05227060276522,5,-0.0682423700774754,-0.36042397293473477
TOI-715,1,Success,224.59771418571472,1.0472905036027707,39,0.21432613455503818,0.8642927977698943
TOI-808,1,Success,59.64966583251953,1.3674602680738968,4,0.5258930310625847,0.5362167327373918
TOI-799,1,Success,77.09375715255737,0.7495578417673727,5,0.2573611478332656,-0.15366220965938268
TOI-782,1,Success,107.39620780944824,0.1919261330489367,2,0.07576580610769193,
TOI-815,1,Success,56.717341899871826,1.690444699458293,2,0.5567651736501993,
TOI-7166,1,Success,254.21887612342834,0.02363162740141294,2,0.8441384940102021,
TOI-824,1,Success,56.725175857543945,1.7357827979980305,12,0.3649793559482235,0.5260001439852308
TOI-836,1,Success,56.04047703742981,0.25800330172742025,2,0.6429824499466118,
TOI-833,1,Success,84.19466495513916,2.2136808257003366,22,0.41680954135120035,0.5319033237122144
TOI-858_B,1,Success,41.588135957717896,23.13183319395108,7,0.33471594432197815,0.650940438921524
TOI-837,1,Success,64.81824922561646,5.2186586569450295,2,0.07945279769804779,
TOI-771,1,Success,206.9036819934845,0.834453670470756,10,0.41143353608807026,0.48806219853028004
TOI-871,1,Success,61.848373889923096,2.081901697037893,19,0.12898957769267952,0.38443144889206005
TOI-907,1,Success,16.382460832595825,0.14709893133049534,4,0.5621105491362413,0.5693794317389347
TOI-880,1,Success,75.20107579231262,0.37348322833502046,4,0.43461833825368223,0.38397697104110606
TOI-892,1,Success,46.75280714035034,0.6134215599122514,2,0.3519073033791032,
TOI-883,1,Success,82.26910495758057,2.6540241974944245,2,0.16213531480877758,
TOI-908,1,Success,47.981801986694336,0.38680271715103637,6,0.7714541354937735,0.5315682066612595
TOI-905,1,Success,65.67506909370422,0.42184965431621446,4,0.18278951205584618,0.28418424693937594
TOI-904,1,Success,84.33440709114075,0.004418733364565703,2,0.547264926508283,
TOI-913,1,Success,62.46854114532471,0.7101692757691599,2,0.35733837693121157,
TOI-941,1,Success,43.632776975631714,0.057555129404612354,3,0.3805315565953164,
TOI-912,1,Success,92.38639903068542,0.3285500718698174,4,0.561024321271559,0.3843793990010841
TOI-954,1,Success,20.335417985916138,0.5388556876752709,6,0.3510412733631508,0.30285502989574864
TOI-938,1,Success,68.4579758644104,0.029175933931718284,3,0.5309674011559853,
TOI-929,1,Success,74.1829092502594,0.0007954887281974092,4,0.04328123594034902,0.39797884536764605
TOI-942,1,Success,63.8348708152771,35.53804780138735,2,0.23750602612728922,
TOI-969,1,Success,79.41185212135315,0.8865309790321246,13,0.5739486839967485,0.39541198103288966
TYC_0434-04538-1,1,Success,102.67089200019836,3.5589934539246726,6,0.11682007920574464,0.27236158691616796
TYC_2187-512-1,1,Success,121.58381080627441,1.2796129117340866,84,,0.44886897687021177
TYC_1422-614-1,1,Success,165.84026789665222,6.161124652718784,8,0.31256811530782347,0.27855437349192275
TOI-921,1,Success,294.8825578689575,0.6156020445042975,29,,0.5065302728490069
TWA_7,1,Success,224.8404359817505,76.89810873598813,3,0.7946265303052159,
TYC_8998-760-1,1,Success,41.686403036117554,99.08549605711681,2,0.6608465752854367,
TYC_3318-01333-1,1,Success,164.5161793231964,6.359316217203159,6,0.34413278984982976,0.49995568059230683
TYC_3667-1280-1,1,Success,145.25557804107666,9.25807173209337,25,,0.25479906171222205
TrES-2,1,Success,65.17247986793518,4.571125823652279,5,0.16123995552365517,0.5914326847996495
TrES-1,1,Success,74.34841275215149,78.87106673306768,5,0.21721803190151512,0.17921973810440334
TrES-4,1,Success,36.35623812675476,1.4283016651100353,6,0.515188891082094,0.2965817375792566
TrES-3,1,Success,99.57129764556885,11.92268997457151,16,0.401239565115485,0.3260467458595876
UKIRT-2017-BLG-001L,1,Success,13.95755910873413,,0,,
TYC_4282-00605-1,1,Success,206.14669513702393,5.948612342618441,5,0.4424738074008308,0.44510523793573764
UCAC4_328-061594,1,Success,63.6340548992157,24.020151380272466,3,0.35113748177267645,
TrES-5,1,Success,90.58773803710938,1.0793349279344802,17,0.39527689270818717,0.3462042195809761
USco1556_A,1,Success,46.37046504020691,7.569968834265442,2,0.5836015430683347,
USco1621_A,1,Success,50.019214153289795,5.784096652253496,3,0.21850615794774045,
UCAC3_113-933,1,Success,123.64106512069702,1.1756969012989282,3,0.22783855872170247,
UZ_For,1,Success,78.20745897293091,0.4393407215777893,29,,0.43751567419409854
VHS_J125601.92-125723.9,1,Success,26.399381160736084,14.092431848246003,3,0.2849512938211085,
WASP-10,1,Success,138.92715191841125,0.4624520569886707,9,0.17828556281675498,0.4706306130151936
V830_Tau,1,Success,199.86633801460266,10.581641829148154,6,0.4412659549976892,-0.16789250345302384
Teegardens_Star,1,Success,384.97318387031555,1.4485424060755392,4,0.4451556923928126,0.96012430406182
WASP-100,1,Success,40.70940685272217,6.904784166088445,6,0.17108941009630607,0.44086753245221977
WASP-102,1,Success,40.220438957214355,1.0742496041471483,9,0.3576595760369322,0.40058640703577636
WASP-101,1,Success,45.90187191963196,38.43076299673188,3,0.6236211741200366,
V1298_Tau,1,Success,273.73663997650146,16.10228240258631,9,0.4381597521368626,-0.5348240201280051
WASP-106,1,Success,33.721455812454224,0.029000246628690166,3,0.4751084121071384,
WASP-104,1,Success,72.12116813659668,2.028735016083948,13,0.3387296682871489,0.5573530471791767
WASP-108,1,Success,36.64140486717224,0.3203093377113372,3,0.092950209739069,0.7740041342455791
WASP-1,1,Success,295.7872588634491,1.2419448837463363,9,0.4783956604590786,-0.0643514102905332
WASP-105,1,Success,104.86976480484009,22.426954694372334,2,0.4275593662364956,
WASP-11,1,Success,67.99663996696472,0.04190165244753846,2,0.1110287952486763,0.7467736839983493
WASP-116,1,Success,2.1817448139190674,8.45251919753153,16,,0.17324603052637397
WASP-113,1,Success,32.005078077316284,1.3119194952566648,4,0.42421738039149753,0.2591317316999476
WASP-110,1,Success,61.69179391860962,1.9740928327941325,3,0.8762479049828862,
TOI-849,1,Success,955.1663513183594,0.6218384364232635,55,,0.9079413221984957
WASP-114,1,Success,36.83670902252197,0.3392529629357667,10,,0.5204979562302295
WASP-118,1,Success,26.260766983032227,3.0411809234740486,5,0.4236100406609761,0.11564944270143906
WASP-120,1,Success,33.447936058044434,8.742319806356255,6,0.45086069889246894,0.10759109647120021
WASP-117,1,Success,61.74258518218994,,1,0.08279944197004271,
WASP-12,1,Success,51.72471594810486,0.1327586471332789,5,0.16365352916842132,0.04931136855502273
WASP-121,1,Success,42.5328688621521,4.608101081082486,6,,0.73617813379175
WASP-119,1,Success,71.25019121170044,8.653038973546154,9,0.2226264446649453,0.469719689813794
WASP-123,1,Success,60.082170248031616,,1,0.33562061976703117,0.6048313010403462
WASP-127,1,Success,40.755950927734375,0.9116813148150529,4,0.1873294904755995,0.30572988354126823
WASP-126,1,Success,64.70986008644104,2.5431508079924363,8,0.36484274627491997,0.622177939088733
WASP-124,1,Success,84.94865202903748,0.16286784000668572,8,0.41075596240265155,0.40827479649008824
WASP-13,1,Success,52.331514835357666,,1,0.17149630927533957,0.3595573981896444
WASP-130,1,Success,57.598902225494385,,1,0.2572182417386691,
WASP-131,1,Success,39.67651104927063,5.849212076629492,3,0.1712452747419179,0.4893296811381216
WASP-129,1,Success,102.80799889564514,3.3108905494826417,3,0.19807094197984776,0.3650090813880227
WASP-107,1,Success,286.0189371109009,135.6460274345356,2,0.20815975199432452,
WASP-133,1,Success,45.10323691368103,0.7286205539374012,10,0.5256534791024927,0.33309301086217113
WASP-132,1,Success,77.55994176864624,3.2369280533971763,2,0.006091399426719049,
WASP-138,1,Success,45.48891091346741,2.114577420018774,5,0.36053731185313487,0.3993098206558346
WASP-14,1,Success,38.698997020721436,1.7820428066785983,3,0.5487821818363844,0.1437427736234459
WASP-139,1,Success,65.04558825492859,4.304373737984357,4,0.44191424540040214,
WASP-135,1,Success,90.40105700492859,1.8323246485431957,18,0.5543641111675883,0.2956699121265879
WASP-142,1,Success,33.76286697387695,0.720922019546149,10,,0.32649366485457926
WASP-141,1,Success,55.42175507545471,0.9920484810640661,8,0.4831860559482693,0.3811737607205925
WASP-136,1,Success,125.09591484069824,0.11283332674103513,4,-0.06581982859389864,-0.18569018943041693
WASP-140,1,Success,85.37357473373413,6.7401743161663115,8,0.10153702548396777,0.11063094791029317
WASP-148,1,Success,46.04166913032532,25.305518198046276,4,0.44704682047142463,-0.01010715981739976
WASP-15,1,Success,26.014709949493408,0.4110803961734629,2,0.08124824235083325,0.26636741711371476
WASP-149,1,Success,58.46867036819458,9.648690876562252,10,0.18558132491946458,0.12389826399601599
WASP-145_A,1,Success,99.10109877586365,5.554492030176614,12,0.3153907426210387,0.22302100954920573
WASP-151,1,Success,28.624139070510864,0.17742273196777558,3,0.3537013052418995,-0.024566238827422534
WASP-150,1,Success,41.78088188171387,2.3367016185928366,4,0.3119483847146407,0.03910683415776378
WASP-153,1,Success,41.582573652267456,2.809212218343528,8,0.4240585686795321,0.11943812329137893
WASP-155,1,Success,60.241435050964355,0.4700771736100894,8,0.4574590537497303,0.42742911237535114
WASP-147,1,Success,145.1347372531891,0.5590817849276177,8,-0.2403835377431109,-0.08868272666603468
WASP-158,1,Success,35.02864384651184,0.2612427892210265,5,0.46538496594584133,0.47165008907412803
WASP-154,1,Success,95.5071108341217,0.7906465556983073,6,0.5389544011007552,0.6259027820637876
WASP-156,1,Success,87.76600217819214,1.0673024507774351,6,0.522452061600939,0.299864394545152
WASP-16,1,Success,51.35357403755188,0.8718026374475107,3,0.32624703237372527,0.12627758894795624
WASP-163,1,Success,97.05004692077637,16.160460610292628,10,0.42948564218954177,0.5059740881470641
WASP-159,1,Success,195.5638599395752,0.35661310996702955,14,,-0.27910654041370386
WASP-144,1,Success,391.4569239616394,0.502999924660295,9,0.38781205280387204,0.32798792952113015
WASP-161,1,Success,218.75342297554016,0.43220273824958916,4,0.0522344523791209,0.002651351837904045
WASP-166,1,Success,36.81739687919617,10.61386798633997,4,0.4937332531004012,0.4700036128353311
WASP-167,1,Success,24.828885078430176,5.038056211200227,10,,0.42065066917520705
WASP-165,1,Success,106.01053595542908,0.31796593253863387,14,,-0.008982980849792105
WASP-164,1,Success,167.3569688796997,0.32540779804005054,10,0.31340270890304694,0.729225000108263
WASP-162,1,Success,297.65437412261963,7.017495993617148,8,0.044484187556734875,-0.027417996122619123
WASP-17,1,Success,35.83413505554199,0.08245430848921946,5,0.07190747747873057,0.19101966939382017
TRAPPIST-1,1,Success,1561.1987659931183,0.8503009735994543,13,0.3857041062827239,0.7036114950808511
WASP-160_B,1,Success,361.17971301078796,1.7339061134850642,32,,-0.002457390359471821
WASP-173_A,1,Success,53.84996724128723,2.6376084360317127,18,0.4357056997010677,0.30335574229328155
WASP-169,1,Success,128.44168996810913,0.4061176506227885,16,,0.10264398310892207
WASP-175,1,Success,34.72586226463318,2.9712402697990625,8,0.7273330418504116,0.25446776342275973
WASP-176,1,Success,18.153502941131592,0.0036674680545804327,4,0.48328661658521505,0.319703375586347
WASP-178,1,Success,29.507644176483154,1.1752020232126383,26,,0.5480715974577028
WASP-177,1,Success,30.6613712310791,2.07692137510087,3,0.2581007714757614,0.7864762200368847
WASP-168,1,Success,183.332270860672,3.165768417271246,6,-0.01647139893946148,0.7034742836392498
WASP-18,1,Success,38.26007294654846,15.497776349590508,25,,0.6382710943834211
WASP-181,1,Success,38.577115297317505,0.6872292642282226,3,0.3555971995845791,0.4251924663227169
WASP-171,1,Success,142.51584815979004,0.34200368987034185,13,,0.04011633180023216
WASP-184,1,Success,22.651795864105225,8.793924141686285,5,0.2939356500099549,0.539283754595809
WASP-185,1,Success,17.5662841796875,8.144789153816129,2,0.4278066067435771,
WASP-170,1,Success,201.65470790863037,0.3917642122507423,5,0.31594830210275265,0.8579788547806926
WASP-186,1,Success,26.433955907821655,1.8584980832919664,4,0.11636423326655841,0.3670001291591382
WASP-189,1,Success,9.162328004837036,,1,0.050541523760892146,-0.006481960538675644
WASP-188,1,Success,21.53247094154358,1.7365451678345991,5,0.6594924147169892,0.44677729584153264
WASP-174,1,Success,181.2403130531311,1.0193012725659552,14,0.35568540746289634,0.11629336188553119
WASP-182,1,Success,125.5244460105896,0.45597889241373124,26,,0.2198716210741298
WASP-19,1,Success,50.41795301437378,8.564613905549155,16,,0.382990385033916
WASP-180_A,1,Success,159.5494999885559,0.25813056547487834,8,0.7314540523377957,-0.039473251611008814
WASP-187,1,Success,96.21023178100586,0.5207204135668119,6,-0.23523525862395792,0.10603528839905037
WASP-183,1,Success,145.6277220249176,0.4884873607683309,19,,-0.042168390590127156
WASP-197,1,Success,13.086872100830078,0.13637906416075604,4,0.28961965080480945,0.19292987800803738
WASP-193,1,Success,41.652304887771606,1.3247866023210564,4,0.34061674431740363,0.276146881620658
WASP-195,1,Success,19.794260025024414,0.5216846687625217,4,0.5140553092287076,0.3757912534991833
WASP-194,1,Success,39.567437171936035,0.44460343563333526,9,0.37245518147369566,0.2646251270331987
WASP-2,1,Success,29.715599060058594,3.5960801015717467,5,0.2938644840805315,0.35007495307133574
WASP-24,1,Success,14.347671747207642,0.823503124064914,4,0.1743039185277976,0.4570465418631915
WASP-20,1,Success,41.68106389045715,0.23609626387309207,6,0.07325910282374345,0.38043514379847543
WASP-22,1,Success,36.75533390045166,1.1139413171961003,6,0.25503474588402125,0.2807169755623972
WASP-190,1,Success,112.51330423355103,0.539763480648384,14,,-0.10514987292668936
WASP-23,1,Success,44.22984194755554,2.726419915456834,7,0.08821755435859988,0.1347371930309516
WASP-25,1,Success,37.54986214637756,6.482557457307446,4,0.16144708067795463,0.10305939013544513
WASP-28,1,Success,28.272456407546997,23.08528637565486,5,0.5114296912132442,0.23907515016464198
WASP-192,1,Success,131.1310431957245,0.2024485571222674,11,-0.17469351722855397,-0.20096911717945418
WASP-3,1,Success,29.857431888580322,2.3561369907329466,10,0.3158865969573598,0.34778026281996294
WASP-32,1,Success,26.59309411048889,0.7797741152841888,2,0.23601617245319081,0.26891225207261765
WASP-33,1,Success,27.552361965179443,26.346663114628388,7,,0.9835120433958198
WASP-31,1,Success,30.67824912071228,5.099816697156189,2,0.20226584878405782,0.2847188551119051
WASP-29,1,Success,69.88484811782837,11.982197117248539,5,0.19053055585686623,0.5622338730747378
WASP-37,1,Success,21.279552936553955,4.642210316495132,4,0.659240268161345,0.22738826774212412
WASP-34,1,Success,38.262020111083984,1.4060246948588653,4,0.19205650795656576,0.1616006297340546
WASP-26,1,Success,87.81328988075256,1.9815157317931122,22,,0.005394311873600882
WASP-36,1,Success,38.86546206474304,4.211015887856348,12,0.307424683577947,0.48630647374729474
WASP-35,1,Success,41.7818660736084,5.861552313028292,8,0.02884526073962544,0.12893763259591912
WASP-39,1,Success,23.667524814605713,12.343310805500368,2,0.049678811089709056,0.5624645108214856
WASP-41,1,Success,40.224425315856934,4.454045585650136,6,0.18854112837727519,0.3555563762564489
WASP-44,1,Success,30.68194603919983,1.2841569165349183,8,0.4395184827375076,0.323313341138336
WASP-42,1,Success,46.289687156677246,8.622333225413023,3,0.32794144794777375,0.35825334725410685
WASP-4,1,Success,54.592817068099976,15.59584267033311,11,0.14588776109663693,0.5858172087096245
WASP-21,1,Success,189.4239330291748,4.02888210234388,17,0.6039709308963964,0.07496235556506213
WASP-48,1,Success,20.53223490715027,3.700109508506832,10,,0.3060250518625975
WASP-43,1,Success,60.61129713058472,6.455216515795057,13,0.3901396285221303,0.6655453402746887
WASP-45,1,Success,62.82452893257141,3.30415247890935,8,0.4166901001662368,0.35291770560654656
WASP-49,1,Success,33.52626323699951,1.0107498669064936,7,0.16198233583753013,0.5597054907353558
WASP-54,1,Success,17.403491020202637,0.5747033991611307,2,0.40920389645203353,
WASP-46,1,Success,66.58468198776245,4.329561318407379,18,0.32271893567497756,0.22368804482441992
WASP-53,1,Success,41.307767152786255,,1,0.4208496108297889,
WASP-50,1,Success,48.96172380447388,2.5663584921075926,6,0.4337351779353013,0.9188253868702231
WASP-5,1,Success,58.38229417800903,3.964791539750821,15,0.26574335066401106,0.32768583780956323
WASP-55,1,Success,33.881824016571045,4.789797339272271,2,0.3091928236314762,0.6416762579157336
WASP-57,1,Success,21.910681009292603,0.723995698372331,3,0.3628230628814314,0.15451772965778796
WASP-47,1,Success,96.92829394340515,2.7617554463513785,4,0.6427018117579483,0.28726507614200875
WASP-56,1,Success,36.52974200248718,3.517686471510062,6,0.3799752199652873,0.30922481792026146
WASP-58,1,Success,41.88084125518799,,1,0.20087753209659648,0.9501064780498044
WASP-61,1,Success,28.822073221206665,0.5126576170082747,6,0.4749898507405573,0.7014529328310052
WASP-63,1,Success,14.626555919647217,2.7238460281967027,5,0.37753520166468585,0.5907225304513797
WASP-62,1,Success,36.66009593009949,3.559075522459556,2,-0.12155568034855703,0.3035485737246564
WASP-60,1,Success,41.78469395637512,1.4942180957114817,7,0.5182179149493706,0.4239085392890832
WASP-66,1,Success,16.054840087890625,0.4018034721984947,4,0.304135892045413,0.41373881949304564
WASP-6,1,Success,62.18180203437805,0.3934983112293929,7,0.17706405426975014,0.3557296685854488
WASP-64,1,Success,32.155194997787476,3.5609171313131056,13,0.430351928043547,0.5341315900993056
WASP-59,1,Success,89.34669995307922,25.69291453659572,3,0.24959901313531266,
WASP-68,1,Success,20.57830500602722,7.710253509448123,5,0.4610546208161963,0.6246390477576025
WASP-71,1,Success,12.674177885055542,0.6231873053456223,8,,0.20277717556233876
WASP-72,1,Success,12.003631830215454,16.572764724790197,9,,0.6133730572237989
WASP-70_A,1,Success,38.7206928730011,13.467244068231572,5,0.16328774429188347,0.6610548779007159
WASP-73,1,Success,15.824774980545044,27.332726133388523,7,0.40407753856336504,0.3516944861963176
WASP-75,1,Success,21.426676988601685,3.390145400324966,5,0.21504123073534528,0.4427095157347766
V0391_Peg,1,Success,1829.562754869461,0.6571827428516203,83,0.1336091999954627,-2.2356925067719682e-05
WASP-52,1,Success,218.7177951335907,15.831369202435866,14,0.3074658668608753,0.08342554914158246
WASP-76,1,Success,19.57108497619629,2.0017484822806986,5,,0.30321259442996706
WASP-78,1,Success,22.820486307144165,0.34870257785094355,10,,0.4596337145556846
WASP-7,1,Success,112.68178462982178,10.38473391584745,8,0.010161904246244823,-0.06020369416519874
WASP-79,1,Success,45.649266958236694,2.6583320787701075,2,0.19333247682380764,0.13906098328782207
WASP-77_A,1,Success,82.14276790618896,3.7040954187511526,8,0.1665148707909146,0.5697426953657251
WASP-74,1,Success,126.8767900466919,3.0935243992172734,10,0.43483862565290937,0.034068282284547675
WASP-81,1,Success,44.006115674972534,2.950149909136138,6,0.62261519050237,0.3295565286090667
WASP-67,1,Success,211.51250910758972,3.2965079666936763,10,0.4362352467212368,0.22948475050085199
WASP-82,1,Success,51.72647285461426,,0,0.01682908389241558,
WASP-8,1,Success,124.49763083457947,22.989785597642573,2,0.08154523290490567,
WASP-65,1,Success,268.2835841178894,5.022751168789373,20,,0.24307534081996443
WASP-83,1,Success,76.29906296730042,1.9855603113349307,4,0.3681655923979228,0.4285322147534713
WASP-87,1,Success,43.66723704338074,16.692601014661676,13,,0.29199122441331676
WASP-90,1,Success,32.93851089477539,5.797459765960914,5,0.4540178036457541,0.769725022710049
WASP-85_A,1,Success,96.13041996955872,13.995399942966634,6,0.29439290817768815,0.3753747469246186
WASP-69,1,Success,298.7891058921814,0.12357940403323918,7,0.12316783981560869,0.3198980620830685
WASP-93,1,Success,44.61872315406799,5.33835430885941,6,0.23863344718127483,0.3598878296246206
WASP-89,1,Success,99.13512802124023,1.1338004499329937,6,0.31627841981422483,0.17436877274013426
WASP-92,1,Success,56.40342593193054,4.2935015583999085,11,0.6654821925599148,0.27460594970509367
WASP-94_A,1,Success,73.75343179702759,1.2583025451930983,7,0.18490672826661925,0.2888486748371057
WASP-91,1,Success,114.24540424346924,1.8485564158199899,9,0.14635093350517223,0.3911809368788675
WASP-94_B,1,Success,69.88488388061523,2.8693472543830874,3,0.17033298915773354,0.9274899980541508
WASP-88,1,Success,174.73975825309753,1.2664709918951167,5,-0.0005306750739552564,0.017127333086167526
WASP-95,1,Success,72.00321984291077,61.872946031366226,9,0.21256180826008755,0.7118961548474156
WASP-99,1,Success,29.50216007232666,4.720434014710398,3,0.16299028552999434,
WISPIT_1,1,Success,2.966366767883301,55.65863997109834,3,0.2091753004208764,
WASP-96,1,Success,93.27199101448059,2.106514782914443,7,0.32292679315737044,0.3755932950465412
WASP-97,1,Success,78.89209508895874,2.808818591401727,12,0.1809741311677684,0.28944922535831413
WISPIT_2,1,Success,39.20876169204712,88.77970203273142,2,0.24452728692323447,
WASP-98,1,Success,103.33962321281433,1.818079321666412,7,0.26108198535021054,0.49826508498219146
WD_0806-661,1,Success,83.63427305221558,0.18750399621799832,3,0.26047467692353055,
WTS-1,1,Success,85.74655604362488,5.749016785918717,3,0.5373357951357419,
WASP-80,1,Success,432.05733704566956,9.468220786097575,3,0.21148395698880937,
WTS-2,1,Success,131.34693598747253,1.0498074832749966,27,0.40847294656308664,0.7581742817687225
WASP-84,1,Success,393.7077679634094,5.952682994927864,3,0.5303952893592645,
Wendelstein-1,1,Success,128.2596778869629,0.7105224423180462,10,0.5089423552848381,0.4952112798315298
Wendelstein-2,1,Success,124.67831420898438,0.5375992310934502,16,0.446451949882221,0.5254436635128716
Wolf_503,1,Success,56.30488300323486,0.8692724957293481,3,0.9333220680716504,
XO-1,1,Success,67.14413809776306,17.021012976952726,6,0.2917013253442804,0.029235749874870483
XO-2_S,1,Success,58.140389919281006,1.168517959087652,9,0.5501990243253805,0.625228568488674
XO-3,1,Success,38.08642387390137,6.536581361798476,6,0.2171902728753587,0.20977716111310243
XO-2_N,1,Success,72.78976202011108,3.9714915020961175,9,0.31764399544718375,0.33828879093193626
Wolf_327,1,Success,135.56407284736633,0.9918784369293947,7,0.4820373545051226,0.5675942219121586
XO-4,1,Success,45.807937145233154,,1,0.0788229925022759,0.8264992203495752
XO-6,1,Success,35.55382585525513,1.978159951379315,6,0.0367326627294162,0.3230605870922459
XO-7,1,Success,46.7623770236969,19.452316931244123,4,0.34809474185038747,0.4871376628007721
XO-5,1,Success,68.82475185394287,2.103105869197657,5,0.4461038550284977,0.8161077246780112
bet_Pic,1,Success,35.35469198226929,111.2901460333714,2,0.2793658536546654,
b_Cen_A,1,Success,76.7968819141388,21.328718989751614,6,0.3558303641530411,0.10776897375012463
Wolf_1069,1,Success,303.4347229003906,2.9410547939407503,104,,0.4999814530246578
eps_Eri,1,Success,55.47373294830322,394.7505320332972,3,0.488298794816838,
YZ_Cet,1,Success,162.72433423995972,7.073735945721177,6,0.6049524822483434,0.23671003090904882
Wolf_1061,1,Success,360.6496169567108,0.8569479831448036,59,,0.3922398557876446
bet_Cnc,1,Success,143.49805116653442,353.7440368999356,3,0.16171347909442926,
eps_CrB,1,Success,153.60292887687683,294.3584267431419,2,0.3969209662172644,
eps_Ind_A,1,Success,103.69855523109436,174.8290795012933,3,0.24150092552914243,
gam_Cep,1,Success,126.52660489082336,28.060675995103427,12,0.44596201340083186,0.4032367331381957
gam_Psc,1,Success,105.1318588256836,55.09774444981249,16,,0.797697071203158
eps_Tau,1,Success,135.87717127799988,35.990194460271056,3,0.41851475578889324,
mu2_Sco,1,Success,15.282165050506592,37.03872662687847,8,,-0.1366176958371054
kap_And,1,Success,135.24690079689026,0.6021597345730897,21,,0.09419328327274004
iot_Dra,1,Success,144.464910030365,49.24862157758363,8,0.7193436212364768,0.5557194009675136
ome_Ser,1,Success,54.32077407836914,98.45283996441857,2,0.3461960905763059,
kap_CrB,1,Success,161.01527404785156,39.82824790900742,12,0.5339042068950288,0.3030268135291045
nu_Oct_A,1,Success,151.25525093078613,0.20067375857115255,3,0.09998669657839913,
mu_Leo,1,Success,177.02460384368896,146.1471101708006,7,-0.12855079968399225,0.39574324226411495
psi1_Dra_B,1,Success,37.23602890968323,0.22439402602069217,10,-0.025699500302617213,0.004556883087966004
rho_CrB,1,Success,25.606544733047485,0.016463372261846052,2,-0.17248708250554096,
tau_Boo,1,Success,26.514852046966553,3.2372132392723327,2,0.7265080199667177,
nu_Oph,1,Success,139.25184512138367,37.55479786233203,3,0.23566939923155786,-0.007432831937928405
tau_Cet,1,Success,32.64128828048706,4.7721268021595495,7,0.9292482325472979,0.9208655356119486
ups_And,1,Success,25.842720985412598,31.116241585903868,3,0.3010126064620083,
omi_UMa,1,Success,155.34259295463562,102.55995410930038,8,0.45884001662580465,0.1400383573484627
gam_Lib,1,Success,432.5741319656372,1.2739131485683033,28,,0.04030803574319193
omi_CrB,1,Success,199.9471571445465,8.09924013306237,12,0.11746998285421227,0.5851911280883901
xi_Aql,1,Success,103.81888198852539,1.1097555603699152,2,-0.022576555609912667,0.897057448941588
ups_Leo,1,Success,128.2672209739685,8.377184913726289,2,-0.16417435815985124,
tau_Gem,1,Success,145.37746906280518,32.59892938791434,2,0.5589013154884478,
TIC_129319156,0,Success,168.93349719047546,0.25378096128238603,5,-0.027745394811028345,-0.044401867096428675
TIC_140706664,0,Success,197.00749325752258,1.2149003262267246,27,,0.09697940826634713
TIC_139853601,0,Success,208.40109205245972,0.4975984901679098,35,,0.5931657499112735
TIC_143257766,0,Success,85.33293128013611,5.688962757162941,10,,-0.16504799099550765
TIC_103865797,0,Success,353.3980209827423,1.173577966507548,5,0.42616478576923483,0.5549538449068452
TIC_149601557,0,Success,106.72455501556396,0.3292604892151788,3,0.21039084343233996,
TIC_143994283,0,Success,264.29389214515686,0.7181437357911737,28,,-0.13931674531934687
TIC_155491828,0,Success,174.87290287017822,1.241251575773171,17,,-0.07834253812508447
TIC_124709665,0,Success,631.2243130207062,0.3490707766703114,13,0.1648419277268801,0.3521483121180199
TIC_156115721,0,Success,315.4494528770447,13.030936983325777,3,0.1263077701574537,
TIC_17129975,0,Success,52.86812615394592,1.1334457039371229,17,,0.5809263488208358
TIC_172110606,0,Success,21.00687885284424,1.3686508826676098,12,,0.28510163257742843
TIC_164150539,0,Success,199.95358204841614,0.34384631126260373,19,,-0.09468049646650237
TIC_17150865,0,Success,38.12222099304199,0.7645974310604516,12,,0.049658840693763404
TIC_172464366,0,Success,32.78233981132507,4.09067529222349,7,0.21513446323245228,0.23429841674776236
TIC_169904935,0,Success,216.08675003051758,0.4772742924320782,6,-0.04155879990332758,-0.013934300373579732
TIC_172754786,0,Success,39.28425598144531,0.6974505918504035,6,0.37238739144312255,0.7681264028043568
TIC_174143743,0,Success,30.345371961593628,10.481352917235064,4,0.16123396792098382,0.2841154756003953
TIC_141482386,0,Success,724.9392409324646,0.22625914991739535,13,0.13890691326749258,0.040651757296168385
TIC_172871230,0,Success,52.286354780197144,0.800371187198896,8,0.4257514012301744,0.4117866270501464
TIC_17416749,0,Success,14.251820087432861,0.11507246071808708,7,,0.38153478316436634
TIC_172630205,0,Success,109.29483008384705,1.0681224644455785,4,0.3012399476393132,0.061725253280697695
TIC_173860688,0,Success,80.4808702468872,0.5088639107863983,25,,0.5581292243314743
TIC_175476629,0,Success,3.4789512157440186,2.249583870321848,3,0.032624937737657254,
TIC_176778112,0,Success,31.108378171920776,1.8884501845738522,16,0.6430616650351848,0.33285540493563087
TIC_175180796,0,Success,67.40518593788147,1.3701591537606235,65,,0.5958236044890515
TIC_176831592,0,Success,18.846564054489136,3.590749257898086,16,,0.7543147919162271
TIC_176984236,0,Success,23.690505266189575,0.1880124108673364,12,,0.43606359364660974
TIC_175310067,0,Success,91.32153701782227,0.1148671364389095,10,0.566325584355616,0.11561189950036929
TIC_177612321,0,Success,9.540432929992676,0.3316260653796149,6,,0.53492009767852
TIC_176772671,0,Success,69.32486486434937,1.1628692504317284,14,0.5084197084560066,0.4289647034274498
TIC_179033846,0,Success,1.5481560230255127,0.46146254766886335,13,,0.20390577790850342
TIC_177722855,0,Success,726.7320840358734,0.8122139772806658,10,0.42077882541950845,0.781677886130867
TIC_178959058,0,Success,724.0714299678802,0.1816402732857407,4,0.45028163481945344,0.40245240241357066
TIC_155044736,0,Success,1335.5210828781128,0.9499984003524021,37,,0.4145691053551957
TIC_18017227,0,Success,16.509955883026123,1.831182035567208,11,,-0.12417125792522399
TIC_180987952,0,Success,13.298675060272217,0.25651999996660657,7,,0.5705924126283111
TIC_175079720,0,Success,866.0995097160339,0.5320606306794491,35,,0.35675031696857207
TIC_179159972,0,Success,34.72569394111633,2.2652447398229656,32,,0.5945770348590607
TIC_182470056,0,Success,30.22543215751648,1.1352315916546671,9,,0.3407774389590207
TIC_182943944,0,Success,27.489761114120483,1.465282228778626,10,,0.27754127895564046
TIC_183979262,0,Success,27.798309803009033,0.3976855383166507,4,0.27367347131131764,0.20295852609327428
TIC_179155220,0,Success,784.1389861106873,2.394265292852089,41,,0.4303766286903059
TIC_185405474,0,Success,0.8801412582397461,8.765257264113139,12,,0.5388666476799506
TIC_184679932,0,Success,32.89321804046631,10.828302168731986,7,0.20443213324051943,0.40877712687898926
TIC_185226925,0,Success,12.379677295684814,0.3894958083047995,9,,0.18407494533876864
TIC_187029841,0,Success,0.8896570205688477,1.817604723729083,12,,0.12735655434083537
TIC_184952758,0,Success,29.571118116378784,7.973277774183945,3,0.5881897696539667,
TIC_186599508,0,Success,19.745669841766357,0.042018751570708564,4,0.7389683750722816,0.4215464365165314
TIC_187532854,0,Success,21.881865978240967,1.8849627731242824,9,,0.34241942172183576
TIC_186000935,0,Success,37.61673593521118,0.2370893705000332,3,0.42586953677111905,
TIC_177126182,0,Success,850.6223938465118,0.8493867513705474,4,0.5766134802358596,0.4155759400645352
TIC_189620016,0,Success,14.554137945175171,1.1201247769771296,4,0.1223106256277343,
TIC_188593930,0,Success,50.03489398956299,2.1696977935644868,15,0.5335004340891697,0.6480257390523175
TIC_190430205,0,Success,7.785860776901245,7.433688255400421,16,,0.5828338049168027
TIC_190442486,0,Success,1.2654621601104736,5.514503160287245,4,0.6609507639454433,0.3287783574632949
TIC_190081497,0,Success,27.318230867385864,3.097931397625196,3,0.5610540854035194,
TIC_191146556,0,Success,1.1467211246490479,0.3514021569762799,3,0.05609192836605776,0.3862837439286179
TIC_184869170,0,Success,98.56743097305298,3.6504786759354078,5,0.45574992488081917,0.3706622464116055
TIC_189013222,0,Success,63.847522020339966,,1,-0.00703289243458996,
TIC_190271688,0,Success,49.82610511779785,21.247773455498674,2,0.144882250459705,
TIC_19155785,0,Success,36.25233006477356,0.11193852537752155,2,0.22707334876985147,
TIC_192520375,0,Success,17.842516899108887,1.697629376490468,13,,0.32358352092636833
TIC_193628179,0,Success,27.959596633911133,0.5421306070696749,7,0.4635023171175721,0.2947820814528344
TIC_194179013,0,Success,40.68622708320618,2.8208485313791565,6,0.5170270328727999,0.6353531321385762
TIC_193708920,0,Success,62.07893991470337,0.5878843738134005,20,0.4666893783070715,0.4790806195347997
TIC_1950736,0,Success,48.71577596664429,0.2858930784203431,7,0.3931762984128932,0.20102582048937892
TIC_188989177,0,Success,163.0562560558319,0.35475725944518127,21,,0.45592409006371226
TIC_196286587,0,Success,21.122446060180664,0.18948492428811858,2,0.3258875390717554,
TIC_192372961,0,Success,126.71375703811646,1.1263938489898309,13,0.5962979170071686,0.5059325799967871
TIC_195093356,0,Success,55.103293895721436,14.508111225074936,4,0.5401591619891343,
TIC_197959526,0,Success,22.539419174194336,1.9128218622707447,13,,0.4184996525570486
TIC_198616607,0,Success,14.49209189414978,4.378210258371687,5,0.37319600436179007,0.38774087731999135
TIC_190743990,0,Success,150.9679012298584,0.3731372803602908,25,,0.10835411110437952
TIC_201154493,0,Success,6.921947956085205,3.6691534043284246,12,0.2940401980384019,0.5584111710958106
TIC_199162630,0,Success,24.835593938827515,1.960436259937967,9,,0.6341526311950428
TIC_201233610,0,Success,19.67480492591858,14.422551598419206,4,0.819089053178162,0.40650050701092083
TIC_199688472,0,Success,32.78863978385925,2.9811209546843673,16,,0.2547536131007607
TIC_20178111,0,Success,30.168909072875977,0.2204718550936401,12,0.7914618627261466,0.3574123800736935
TIC_195199644,0,Success,102.51030611991882,0.615160584995945,2,0.23215528427207893,
TIC_20182165,0,Success,31.080085039138794,,1,0.11164968589781016,
TIC_206466531,0,Success,14.090754985809326,0.5716397436587879,14,,0.5262928842588435
TIC_206498307,0,Success,15.80945897102356,0.16346895529369532,2,0.35158482237155075,
TIC_207084429,0,Success,16.327508211135864,2.1546540139907857,6,0.5412784518596925,0.09755210010532245
TIC_200593988,0,Success,87.41314482688904,0.8555738275329346,3,0.5051445839993045,
TIC_207468071,0,Success,18.87706208229065,0.21305674422087928,2,0.4117282467300473,
TIC_20988926,0,Success,11.569093942642212,0.0789922162547228,4,0.20374973886555575,0.431673473360417
TIC_202428245,0,Success,70.55228590965271,0.3017591484736815,2,0.14065011072959743,
TIC_219151731,0,Success,1.673048734664917,2.5557917817648885,16,,0.47599958745496795
TIC_207501148,0,Success,23.29242992401123,0.5825198722336341,24,,0.09050887856483543
TIC_21755546,0,Success,17.25210690498352,397.97683318428756,3,0.5833961421002464,
TIC_197650870,0,Success,154.1722068786621,178.5568771555663,3,0.27467277779527516,
TIC_219164808,0,Success,13.923571109771729,0.49707216085013706,8,,0.33341839226872905
TIC_219366908,0,Success,3.851973056793213,97.88234269150817,11,,0.5184757593276688
TIC_219239945,0,Success,20.939844846725464,0.7483505717451513,17,,0.2836353235992285
TIC_219208037,0,Success,25.211376905441284,1.2247100300377427,17,,0.13192802888970898
TIC_219205407,0,Success,36.88084626197815,,1,-0.01455950828984541,
TIC_210337597,0,Success,51.89191389083862,1.3224060741745216,34,,0.7755156401876658
TIC_219766989,0,Success,1.4968791007995605,,1,,0.49107119325170917
TIC_219379012,0,Success,27.523780822753906,1.1110927970869722,14,0.18343988929480834,0.15256702799630426
TIC_219824469,0,Success,14.28936219215393,0.9811407555832722,3,0.426667249972745,0.6344438304350614
TIC_219467837,0,Success,19.877137899398804,0.6866209324677841,2,0.1437528336053694,
TIC_219466803,0,Success,27.73405885696411,0.8459216975142356,20,,-0.007684460851689456
TIC_219388773,0,Success,32.051427125930786,1.1120360976946129,13,0.7330912018102668,0.36218100600689945
TIC_220016044,0,Success,16.979727029800415,1.2639577690406774,4,-0.15719233138753613,
TIC_22020459,0,Success,17.24665904045105,0.7775701846458054,16,,0.43731322376157405
TIC_220396259,0,Success,13.409502983093262,0.378535944983159,10,,0.12493865974723033
TIC_220435095,0,Success,12.468164205551147,1.4686561902691881,6,,-0.1027130004016021
TIC_219821826,0,Success,48.67547416687012,0.5587303780617461,3,0.1685885185633417,
TIC_224418572,0,Success,16.307767152786255,0.5061992628992353,5,,0.2720715836887909
TIC_220518305,0,Success,29.429277181625366,57.36908947056416,2,0.07630360926154273,
TIC_224313733,0,Success,30.188060760498047,1.0170479800704595,20,,0.17007512627268317
TIC_22843856,0,Success,30.931771278381348,0.6242392477981413,12,0.38384738836798465,0.1617827174175184
TIC_229384040,0,Success,15.047404050827026,0.6471716792081293,19,,0.6796840696484053
TIC_229091748,0,Success,39.30495309829712,0.8436330925346328,22,,0.3615943168524657
TIC_229141709,0,Success,36.726889848709106,3.2551551629705053,2,0.007443911481692256,
TIC_229285649,0,Success,30.40938091278076,12.013246208711765,2,0.04232515761114718,
TIC_229536616,0,Success,33.70498728752136,3.4479656563579737,7,0.3502460535469616,0.35590249172653726
TIC_230267547,0,Success,9.584408044815063,3.169540522411525,6,,0.26836556247247745
TIC_230075120,0,Success,33.098949909210205,0.7156320821272192,12,,-0.047308802420943784
TIC_23113034,0,Success,8.663433074951172,2.1063983176113408,8,,0.43647067752338453
TIC_229770036,0,Success,51.94224190711975,1.6001464451570124,13,0.3519289981522377,0.496724169940284
TIC_231703293,0,Success,3.0411038398742676,5.999794703417519,28,,0.833034681516846
TIC_231721005,0,Success,30.98340916633606,0.6027283490473603,3,-0.20284344711385402,
TIC_230386397,0,Success,76.7297260761261,0.8533014491486332,42,,0.5909775938999733
TIC_232679662,0,Success,55.80505108833313,8.9762025447282,4,0.6000151719638068,
TIC_233390838,0,Success,16.794004917144775,152.99296603638047,3,0.20601493353619313,0.18085063173148275
TIC_232967666,0,Success,47.9126410484314,10.135889484832978,29,,0.5081738511989415
TIC_233503636,0,Success,24.189135789871216,0.9448280364275441,18,,0.16584575046085784
TIC_230017325,0,Success,153.3834240436554,1.4871181967928817,3,0.40153451032344806,
TIC_233497719,0,Success,53.753730058670044,1.0400233286690919,7,0.5407964872762475,0.40881216609258425
TIC_230086768,0,Success,150.78043699264526,19.02029782934161,4,0.6290312914421226,
TIC_233720539,0,Success,12.25762391090393,0.37849639371187294,10,,0.5941388631028884
TIC_233541860,0,Success,57.42402410507202,0.9836458241250923,39,,0.6062150142392835
TIC_233684822,0,Success,26.324594020843506,0.9528995092787836,6,0.2554976691134032,0.007986451287159463
TIC_233569098,0,Success,47.29571723937988,8.344892458845749,6,0.07210760788424393,0.483675216393937
TIC_233681149,0,Success,43.85724401473999,0.2698142566453978,4,0.7455678047499273,
TIC_23389848,0,Success,34.83028602600098,58.72113583823163,8,,0.007174860719280107
TIC_235684392,0,Success,43.82682800292969,12.170692959785622,2,0.2940454731837073,
TIC_23650642,0,Success,37.805593967437744,0.8383602313742642,21,,0.6761940840697834
TIC_236775063,0,Success,55.67978382110596,0.6484968909939226,30,,0.45592589748504736
TIC_237185205,0,Success,29.828202962875366,43.02377698076014,4,-0.039712510077561415,0.15962375401905166
TIC_237101326,0,Success,45.20820474624634,1.473106932147655,16,0.34366198482676474,0.7149323153883609
TIC_233735068,0,Success,104.40333008766174,2.410619537959406,3,0.6235524464217679,
TIC_237235093,0,Success,41.184247970581055,0.6347958153190156,36,,0.4062684022984289
TIC_237200747,0,Success,75.10274386405945,0.5965289717046459,3,0.30703653062410935,
TIC_238197709,0,Success,16.828778982162476,72.7943971418922,3,0.3859342576498278,
TIC_238162973,0,Success,68.23135495185852,0.04576699989787936,2,0.34438566848961255,
TIC_237751146,0,Success,98.34110999107361,1.3001201673258527,13,0.5298461984546694,0.5214146697558529
TIC_237808867,0,Success,106.1004228591919,0.869776040001725,21,,0.5062954929970764
TIC_239136269,0,Success,27.676100254058838,2.27662160725714,21,,0.719419074068362
TIC_239372503,0,Success,25.847594022750854,1.3981126240592188,3,0.1674576472208845,
TIC_238597883,0,Success,79.17961382865906,0.5225146799866613,10,,0.5430315576740016
TIC_239722954,0,Success,29.148931980133057,0.5223321197375073,15,,0.4280543746428613
TIC_239638934,0,Success,41.17926907539368,1.381659367867078,4,0.4936906947133112,0.3886254783951014
TIC_240148934,0,Success,21.580419778823853,0.6313361993205623,11,,0.5432339744482453
TIC_241065596,0,Success,7.169914722442627,2.390304326234849,8,0.46232549340287876,0.44305726586472843
TIC_241174783,0,Success,14.948096990585327,3.4662404913206637,5,,-0.2125832451663877
TIC_238374636,0,Success,133.15788102149963,1.0707471047145591,18,0.3649365265853452,0.5157124948605813
TIC_242083025,0,Success,21.176047801971436,0.16928648140596747,10,,0.6491475612589523
TIC_243283955,0,Success,2.391772985458374,2.0652006897996347,8,0.0330958854610457,0.7813432299141243
TIC_242536549,0,Success,22.00073504447937,0.8842133751840022,10,,0.4813825497512104
TIC_243153196,0,Success,26.754140853881836,,1,-0.16624545224969609,
TIC_245462406,0,Success,8.374420881271362,9.030319363599933,9,0.26806594756572766,0.5255075063258361
TIC_247873937,0,Success,15.175165891647339,0.14493162968744328,4,0.3337707144967629,0.24848266212507092
TIC_241102583,0,Success,81.80251693725586,1.470798833470322,14,0.3737544915958621,0.5546752990771002
TIC_243333538,0,Success,53.9457368850708,1.0924584778885875,9,0.5839756443728464,0.2961626509786187
TIC_249862365,0,Success,1.0290148258209229,5.856681432435158,10,,0.15172070500944274
TIC_249067445,0,Success,14.733989000320435,1.2247555180305338,15,,0.51854752921353
TIC_249812036,0,Success,21.36057186126709,48.14740826569174,3,0.333303033184468,
TIC_250484865,0,Success,27.367918252944946,2.1274877731495505,32,,0.60422651110585
TIC_250386181,0,Success,37.73798990249634,1.4874009611789678,14,0.5992435384188,0.6671398874800974
TIC_251209368,0,Success,18.72092604637146,0.4751922870935572,7,0.259199753575048,0.16042032444442714
TIC_202468443,0,Success,740.3548130989075,0.3401114325940612,9,0.6818997816034693,0.4816909266988939
TIC_252537013,0,Success,29.08454179763794,1.0797134355424978,13,,-0.030263385756634495
TIC_253917293,0,Success,2.2133591175079346,9.617666057341,3,0.06165349147537164,
TIC_253030300,0,Success,30.286247968673706,0.9832357448625041,6,0.11899353543353602,0.44184749908275134
TIC_254629854,0,Success,0.6760499477386475,3.3747340716934815,10,,0.6564785525008351
TIC_253132689,0,Success,19.92023801803589,0.645842468344442,7,0.04039305521105595,0.004334959194349922
TIC_255760319,0,Success,9.143699169158936,1.7338984495999843,6,,0.5156222530588226
TIC_255851356,0,Success,4.829550266265869,2.0415053993041212,11,,0.3768035682105517
TIC_253990973,0,Success,25.359463930130005,0.8915911601840075,22,,0.13222769743416252
TIC_24364065,0,Success,144.14266538619995,1.173093975243495,7,0.36990801746169805,0.6745056741780417
TIC_256349966,0,Success,22.54885196685791,4.976129256057337,2,0.571219042398703,
TIC_257052211,0,Success,0.8984251022338867,0.4606843822317754,7,,0.36011515086580786
TIC_255918903,0,Success,26.462405920028687,1.2263222303220402,11,0.48588777642224373,0.526067359520654
TIC_256886630,0,Success,10.966610193252563,0.23517119385864946,4,0.36739164115563316,-0.16286476573914652
TIC_258557847,0,Success,9.400359869003296,7.335453880776664,2,0.411198953417201,
TIC_258402425,0,Success,19.175854921340942,0.7696605014654866,4,0.5319778438362909,0.050599461848955626
TIC_256621916,0,Success,50.784152030944824,2.1044186444326574,19,0.5751219151440088,0.6098262409727581
TIC_258801269,0,Success,27.732470750808716,1.3076216355437744,10,0.33899224135940764,0.4943940400121037
TIC_258871793,0,Success,23.120403051376343,0.047820478295613186,3,0.6673435687439424,
TIC_259129875,0,Success,13.259752035140991,3.020827595608102,10,,0.48856652510011955
TIC_258777137,0,Success,51.91560077667236,9.701773925466705,5,0.41595552629202515,0.5953450245297953
TIC_259126549,0,Success,24.842915058135986,,1,0.1199668621187992,
TIC_259389219,0,Success,16.008009910583496,1.1436416913843714,9,,0.03515452346576388
TIC_260043723,0,Success,20.603436946868896,2.332985463607734,9,0.2269992202796102,0.4240385169168663
TIC_252636888,0,Success,150.72203588485718,1.0232698838224552,39,,0.5212612777140905
TIC_259701242,0,Success,28.26798725128174,4.525265040029414,17,,0.35637144447539765
TIC_260609205,0,Success,14.851449966430664,1.1013473207490072,6,0.5523891238105023,0.46038991359166864
TIC_260271203,0,Success,46.51829504966736,4.304944933494552,5,0.36419174984735325,0.12717256380814507
TIC_260849386,0,Success,17.655359029769897,1.0573805074250615,11,,0.5450972275176152
TIC_260476837,0,Success,42.15804600715637,2.1839442897727346,7,0.46470582175364755,0.6173354114732322
TIC_259151170,0,Success,86.33504724502563,47.739776409668245,6,-0.11902550392285893,0.17474207896534139
TIC_262135904,0,Success,2.6878268718719482,1.0973758679691725,12,,0.6238785588088837
TIC_262530873,0,Success,13.166635036468506,0.5717591436675528,8,,0.4228813211431002
TIC_261141602,0,Success,34.613815784454346,3.2839746295323016,10,0.48984620921113275,0.24842675835203645
TIC_239541449,0,Success,387.13020420074463,2.711651431300623,28,0.4690550270292428,0.7731152321298908
TIC_262531275,0,Success,15.634061813354492,1.004344556181794,8,,0.11523264020147547
TIC_262781201,0,Success,15.170066833496094,0.563689541112016,15,,0.21809575708949552
TIC_260298958,0,Success,90.49962902069092,1.1158496004415133,27,0.5659122206390632,0.5647689588840606
TIC_263203229,0,Success,23.8552188873291,2.157279083273956,5,0.6760185448637503,0.29350839111872545
TIC_265077027,0,Success,35.032788038253784,1.015251813848015,6,0.2378384121833271,0.05324824798119191
TIC_264303333,0,Success,48.284284353256226,0.30816964671250935,6,0.09146378164890026,0.17991669694830678
TIC_261258875,0,Success,91.54210209846497,1.0114661268941052,4,-0.036225667563656416,
TIC_266843799,0,Success,7.299535274505615,1.8990242735651899,26,,0.47316864584626406
TIC_26583436,0,Success,36.25307893753052,0.13161283839197757,7,0.1516058387944299,0.00933875740219716
TIC_267489265,0,Success,13.591089248657227,1.5608389893770829,14,,0.42892147127209235
TIC_266688542,0,Success,21.23586678504944,0.494554087421909,9,0.4648635183181739,0.43334947672293855
TIC_267484653,0,Success,22.730260848999023,2.2051295598226357,12,,0.77854699628984
TIC_267527924,0,Success,38.399526834487915,0.759764485282842,13,0.42837867305644445,0.5285648020059214
TIC_267867517,0,Success,26.911945819854736,0.90972366354469,3,0.22021930941397133,
TIC_26433869,0,Success,93.85740995407104,4.3602282137182495,27,,0.7101142529271517
TIC_268042363,0,Success,35.96206593513489,1.5501948287376568,4,0.10057978358435633,0.9898044313362091
TIC_262499797,0,Success,144.30060625076294,1.083915880354138,13,0.4753615657809989,0.3699339021536679
TIC_268439377,0,Success,25.273328065872192,0.622139095506713,14,,0.6874873359165489
TIC_268405086,0,Success,44.71758532524109,1.0777521064019149,15,0.6443615412246926,0.10428668625950044
TIC_269269740,0,Success,22.051030158996582,0.3722973228737579,13,,0.3998477744692874
TIC_269424395,0,Success,0.7568881511688232,3.578359945791325,9,,0.22674973997323433
TIC_268371979,0,Success,72.59613990783691,1.5061790555355705,9,0.6475461161398146,0.4954996250381248
TIC_269509393,0,Success,1.3587520122528076,1.8283712981755456,12,,0.37751862314233314
TIC_267561446,0,Success,111.6553840637207,0.5855315581437828,19,0.5648654463642211,0.39775366906225995
TIC_270238522,0,Success,8.838948726654053,16.547034873961564,15,0.04826533120624562,0.5195865979562082
TIC_270333769,0,Success,0.6384036540985107,3.937406257888351,3,0.9336291490656581,
TIC_269450900,0,Success,38.42614793777466,2.155628775481844,2,0.21013192620190876,0.6063145434586297
TIC_268727719,0,Success,102.60029196739197,1.2753074636916315,38,0.3600361917682085,0.39645696282608917
TIC_270841724,0,Success,44.384052991867065,,1,-0.06774032499842693,
TIC_268914377,0,Success,122.9264087677002,1.8349444154962264,12,0.49303868702792963,0.6552787344848992
TIC_269892793,0,Success,78.13937091827393,5.964136688055169,10,0.22913264461734648,0.5872705295782965
TIC_271439193,0,Success,48.70949196815491,2.4572885045079293,4,-0.06219162370271387,-0.4207827787877219
TIC_271596418,0,Success,47.18915891647339,1.124813582746719,31,,0.3999076062705863
TIC_269238073,0,Success,174.98750734329224,1.9894719828037852,8,-0.005521447978195034,-0.21977060167484078
TIC_271167979,0,Success,99.79847407341003,0.9185413480381416,40,,0.5246652164479297
TIC_272049972,0,Success,21.350654125213623,1.5509208645990047,13,,0.4010342701811439
TIC_271900960,0,Success,25.545982122421265,2.6008174495457004,17,,0.5048552260429936
TIC_272050287,0,Success,27.11787509918213,13.965241998138985,2,0.1865107447401782,
TIC_271042173,0,Success,144.00597596168518,0.7549445693134309,26,,0.4731466032289726
TIC_272828463,0,Success,10.181535005569458,5.9735399526851465,26,,0.3645929999114928
TIC_271581073,0,Success,126.96705508232117,0.4534632747059093,13,,0.262246616265118
TIC_27244707,0,Success,49.71995496749878,0.846379585919657,14,0.4215888541508318,0.418759407390537
TIC_272625214,0,Success,33.48611879348755,0.5049054116106361,5,0.2945519468889231,0.6522354078057826
TIC_273774284,0,Success,36.7842960357666,0.5911620852202725,12,0.3855904884926826,-0.25757143281304234
TIC_274138511,0,Success,36.939417123794556,0.23608827123103548,8,0.5978890936230341,0.27931342795004666
TIC_274122380,0,Success,45.89645290374756,0.48675499145863893,9,0.14830262342991588,0.1653023201448905
TIC_271722899,0,Success,131.70334315299988,0.4054332618887774,29,,0.186973064759411
TIC_274599700,0,Success,34.15920281410217,12.528384030870686,3,0.44636054013991494,
TIC_275111900,0,Success,52.68647503852844,144.46495356333378,3,0.6224351947837662,
TIC_274942910,0,Success,65.1817398071289,1.451725676085509,18,0.8830813756362773,0.5370420729754206
TIC_275384718,0,Success,10.076526165008545,325.14456410582864,2,0.06672489429759394,
TIC_274170255,0,Success,119.74163603782654,0.8810855958513618,18,0.5530774781679332,0.4439266453494032
TIC_274662200,0,Success,89.5721640586853,1.2875548847019591,15,0.758739333397516,0.5324225988669967
TIC_27677846,0,Success,4.001235008239746,8.751866107863664,4,0.47504182392207667,0.3711003019077804
TIC_275501623,0,Success,11.404625177383423,1.5233980139867855,9,,0.7442272515489222
TIC_275248683,0,Success,28.522114038467407,1.146862457698012,23,,0.5148811484697138
TIC_277014266,0,Success,13.921257019042969,2.4279411223652834,10,,0.36273058999518987
TIC_277987172,0,Success,24.621737241744995,0.10263963690858459,3,0.9604968873794636,0.36631195249322546
TIC_277871306,0,Success,38.486499071121216,3.2914609113176523,6,0.46377908293502057,0.08565846495773341
TIC_272086159,0,Success,231.37501001358032,46.98018214197208,4,0.5040406051506927,
TIC_277103955,0,Success,56.780425786972046,0.4875558829733599,20,0.21488620022653573,0.4344449365044462
TIC_27844066,0,Success,51.02579188346863,0.8490707134573896,14,0.6606779419006257,0.4811818653885376
TIC_278866211,0,Success,55.4193480014801,0.9906915316860473,12,0.25509612433646855,0.26226965397453406
TIC_278968371,0,Success,18.2486789226532,0.9353874412105956,14,,0.611761332124914
TIC_279177746,0,Success,22.30188798904419,2.1810480723486285,7,0.15142882198265115,0.6021929045085455
TIC_279212407,0,Success,19.936975240707397,1.2253406571273469,6,0.14877099718211836,-0.012983810258851055
TIC_278726770,0,Success,101.26460313796997,0.4690967104938591,5,0.17033314223839446,0.8050830494172496
TIC_276380902,0,Success,169.50279116630554,0.44901688135835355,3,0.7380024801749054,
TIC_279605855,0,Success,28.466915130615234,0.2716460493638512,7,0.19151777347629928,0.05838734785782059
TIC_279989567,0,Success,30.16625690460205,1.2170679826886968,25,,0.4703376356599066
TIC_278199349,0,Success,161.81213808059692,0.37539897271300554,18,-0.013349800545101697,0.47629842161911284
TIC_279982557,0,Success,53.832984924316406,11.544498183128566,25,,0.513353165678335
TIC_280212554,0,Success,15.51059603691101,2.8724326233858295,7,,0.6187075987245623
TIC_279251651,0,Success,100.28022193908691,1.1179782671571306,61,,0.786383051931584
TIC_279740441,0,Success,83.74996185302734,0.8853297674533384,35,0.6394078608714225,0.5567928574453181
TIC_279999655,0,Success,44.40022110939026,0.6455615024476863,16,0.32638681462564045,0.4116292797282202
TIC_281979481,0,Success,36.05060386657715,1.2519450900726232,32,,0.47963039747164077
TIC_283015592,0,Success,21.79646587371826,1.1483410056576597,7,0.5277537819685848,0.6061998290292608
TIC_284288080,0,Success,19.275793075561523,0.9257688410874767,13,,0.24247592903783008
TIC_284050395,0,Success,22.00305485725403,3.6527881760250462,12,0.38919819901721114,0.6305581269062516
TIC_284450803,0,Success,14.738497972488403,10.39867496968907,8,,0.6155373243803534
TIC_284305328,0,Success,22.402040243148804,1.142931111789873,12,,0.7946864713899622
TIC_284564230,0,Success,27.27583622932434,3.224178751728447,3,0.3193050730671845,
TIC_285233023,0,Success,14.903001070022583,1.58883141709288,6,0.27010934544128506,0.7863600708538897
TIC_284528889,0,Success,33.27093815803528,1.243834898539212,13,,0.3405522838881053
TIC_285524410,0,Success,33.802847146987915,1.381167997557535,8,0.47474909223198863,0.45508102229626884
TIC_285674856,0,Success,0.9972250461578369,7.882974958300661,12,,0.5094353806271248
TIC_284747017,0,Success,48.88265800476074,0.5691921911366016,12,0.6224987368836977,0.4911114982862946
TIC_286355915,0,Success,20.48164200782776,0.5700226274267918,2,0.09810766667862131,0.20211548450236042
TIC_28643432,0,Success,17.78139591217041,1.1226463117993546,8,,0.35799277504596877
TIC_282498590,0,Success,145.17176008224487,2.452620650807629,8,-0.02470711156712957,0.0327166047589999
TIC_287190564,0,Success,40.618958711624146,1.0206549170387498,14,0.4166589720043489,0.5274461968503101
TIC_285666479,0,Success,117.53706908226013,1.1137685757740436,5,0.6528315052172511,0.5404167475104996
TIC_274762761,0,Success,522.9887020587921,1.5382678627937618,19,0.43815480622021774,0.6732078719389936
TIC_286561122,0,Success,81.61391615867615,0.7887236030131969,30,,0.44231914944894857
TIC_288391628,0,Success,20.274195909500122,14.371192636009422,3,0.2730117349937892,
TIC_288185138,0,Success,34.89135003089905,1.0522919916091624,33,,0.8917419754686225
TIC_285677945,0,Success,146.98918986320496,6.957887980333222,12,,-0.4142360067824968
TIC_288471040,0,Success,17.361892223358154,0.7867238667019212,6,-0.14320248148646708,-0.1559770630120082
TIC_289125016,0,Success,11.788666009902954,4.993355957755519,8,,0.9653959040096782
TIC_28873762,0,Success,18.76866364479065,1.3802760507189855,6,0.6443462390212479,0.5050637427523252
TIC_287474726,0,Success,81.7016110420227,0.836018253831275,6,0.3406241821081071,0.7689595225889706
TIC_289539327,0,Success,19.7771418094635,108.19734492943914,2,0.3489483873564783,
TIC_289316336,0,Success,28.975330114364624,1.6166814718656828,8,0.11574312752694689,0.8000227669292986
TIC_289988797,0,Success,29.679643869400024,1.0148375957292182,9,0.1310498210900597,-0.030524275466720777
TIC_290302097,0,Success,38.86149787902832,0.7029104967059617,7,0.542066472677766,0.4276627826914125
TIC_291555748,0,Success,16.964613914489746,6.108309502451209,6,0.4326891012474671,0.3791008070386605
TIC_291147951,0,Success,34.48611521720886,1.650458694513916,11,0.5387954550802412,0.6138794600388039
TIC_292321872,0,Success,13.448871850967407,6.655290806338163,6,,0.003442722361163515
TIC_293527670,0,Success,1.3239071369171143,2.0884102600135463,3,0.8507398055134546,0.7861379942196488
TIC_293075732,0,Success,16.93076181411743,2.3468560862340215,14,,0.2694371721670227
TIC_29336129,0,Success,17.945372819900513,0.7607744479685451,13,,0.5806617433746765
TIC_293708935,0,Success,11.678616046905518,0.272692165255619,6,0.3104103067696939,0.3107838582347409
TIC_29117085,0,Success,54.819246768951416,1.0216730363035644,2,0.711110787148277,
TIC_293567206,0,Success,34.72109079360962,1.033872262999769,39,,0.44251997109650526
TIC_294090620,0,Success,19.5401451587677,1.0093170175999135,2,0.25599834367292784,
TIC_294173437,0,Success,18.178504943847656,0.1771559847952431,7,0.02988044915439211,0.02463297766123347
TIC_29374525,0,Success,50.71949601173401,0.6144282013203601,6,0.7551949468063421,0.5662592899258073
TIC_294283951,0,Success,24.492938995361328,1.272940661202227,6,0.09550692452439581,-0.10631632567691245
TIC_294179389,0,Success,33.142555236816406,12.006456266065632,10,0.39826249342219344,0.16967269689189082
TIC_294315741,0,Success,21.301357984542847,7.754445753906142,12,,0.553015818481471
TIC_294500964,0,Success,48.121843099594116,3.228538579391559,4,0.08445572720612628,0.03790388678759793
TIC_294599100,0,Success,43.20912504196167,1.2219575637355538,4,0.6311782507868346,0.45461770496402476
TIC_294780517,0,Success,55.50201606750488,25.70945401701981,22,,-0.03736925716902958
TIC_295354126,0,Success,34.86189007759094,4.606414972741428,12,0.48124575961895266,0.7326250478395724
TIC_294176967,0,Success,115.42705607414246,1.7146887846758365,29,,0.5022180978126026
TIC_295599256,0,Success,18.21426796913147,6.585675316747303,4,0.3203106581964846,
TIC_295807723,0,Success,21.89198088645935,1.4247454512087716,20,,0.05095278454427879
TIC_295413003,0,Success,44.750717878341675,0.8320402542041165,9,0.3305703779025848,0.45759904474625124
TIC_297967252,0,Success,38.79457497596741,0.4732651804763579,3,0.2682327632707735,
TIC_297153209,0,Success,76.8561429977417,0.8092555745507742,12,,-0.07834842885092638
TIC_285542903,0,Success,505.2183041572571,0.6345717384292444,42,,0.5208603463688987
TIC_287329267,0,Success,409.802442073822,0.43735237117092396,24,,0.18192654289967555
TIC_29959761,0,Success,3.2093000411987305,,1,0.1211732652498722,0.6064499651188802
TIC_298666530,0,Success,21.398895978927612,1.155210616949705,4,-0.007307608235450603,-0.006906188067207548
TIC_298049015,0,Success,63.04998970031738,1.427559003293751,11,0.5882588578363362,0.4740936546099546
TIC_296898634,0,Success,120.23029923439026,1.7190026038109458,106,,0.10801543435122458
TIC_298495970,0,Success,42.67402005195618,6.075489340444065,2,0.23486724345348425,
TIC_300011941,0,Success,37.94707775115967,2.9552897517658088,3,0.22449041955514526,
TIC_300013921,0,Success,54.75160789489746,0.955983993220588,27,-0.03649808733066776,0.11819477574615618
TIC_299876474,0,Success,70.56659579277039,0.8423678248869276,9,0.5551189704943426,0.5213502511958654
TIC_29960109,0,Success,96.6084668636322,1.0654763795562896,8,0.3912762406494645,0.4614047621465495
TIC_300871545,0,Success,29.5416841506958,4.594635349963958,5,0.3621349153248149,0.29228562380454476
TIC_302659412,0,Success,12.410602331161499,1.5908864132108769,10,,0.16155018748756433
TIC_301051430,0,Success,25.415878295898438,0.8967215448949959,8,0.27595651650635833,0.12936888378326483
TIC_300557619,0,Success,122.8041570186615,0.6644924279937603,9,0.6777467301107893,0.14197239597720948
TIC_302766000,0,Success,31.87680983543396,1.100011322427261,20,,0.41352775900515193
TIC_300810086,0,Success,75.5871753692627,3.2378774774603456,32,,0.8404196287964735
TIC_30312676,0,Success,13.499595165252686,1.6266636365143752,12,,-0.10732264431979716
TIC_294869729,0,Success,343.14569091796875,0.5707502632200134,30,,0.12002219992268416
TIC_30329585,0,Success,31.122369050979614,0.17595801852590795,4,0.8420223206857212,
TIC_303055194,0,Success,74.93448758125305,0.28503538799116435,10,,-0.12848874945363686
TIC_302814895,0,Success,99.14222574234009,2.2566409360035404,5,-0.0932668938879119,-0.023972862419643394
TIC_303867090,0,Success,45.284833908081055,2.3351933451148703,20,0.38156363410956623,0.3826593233662481
TIC_302895996,0,Success,106.24187803268433,1.1631953536605375,37,0.36192035544972145,0.6409511801645957
TIC_303883880,0,Success,42.60984206199646,1.4326640548104697,30,,0.5927989703273635
TIC_304042899,0,Success,20.248191118240356,10.158672571455085,2,0.26065001137943805,
TIC_304774444,0,Success,11.543183088302612,2.07952916292709,5,0.8095451300791147,0.42530681784417024
TIC_304025075,0,Success,45.23471188545227,1.7344197210635997,8,0.6128600101904467,0.4027984913534071
TIC_304021498,0,Success,67.96006488800049,0.40808448943575093,10,,-0.05488140728476708
TIC_305550963,0,Success,18.248446226119995,1.7699448862204274,4,0.44842084124187337,0.1553983843636386
TIC_305943739,0,Success,20.323872089385986,0.8210031724646941,5,0.7860687511204448,0.24979970527847215
TIC_304950588,0,Success,44.32271409034729,0.6322519710513411,4,0.7556492083407961,
TIC_306547699,0,Success,38.720420837402344,2.446610952969731,10,0.4669751690274403,0.4765430078103619
TIC_307111282,0,Success,23.443526029586792,6.625558554874906,4,0.2505842818415044,
TIC_307377219,0,Success,13.089582920074463,1.5732403382668663,6,0.8579878407874794,-0.175928713867786
TIC_305478010,0,Success,79.40200781822205,0.37088242556802903,8,0.5932165272027138,0.458013473977243
TIC_307734817,0,Success,16.985184907913208,0.5052100677298023,11,,0.17917162131521125
TIC_308050066,0,Success,17.532447814941406,4.184330788619068,2,0.258894206999985,
TIC_308034948,0,Success,22.34143328666687,1.3866975424685293,26,,0.39572913932580456
TIC_306902029,0,Success,86.67702507972717,,1,0.1676065265438092,
TIC_307956396,0,Success,46.67429494857788,0.3870054079454447,3,0.31597020557291045,0.4209989831344907
TIC_303364023,0,Success,226.99163699150085,0.3591207695976047,18,0.983519970808092,0.3472908345488903
TIC_308307606,0,Success,48.03651213645935,1.962680353917858,2,0.2407150766520339,
TIC_309257814,0,Success,30.9822678565979,4.161782193749198,18,,0.5633492030281634
TIC_300599466,0,Success,381.1493411064148,0.7048032418044471,22,,0.49695599289331327
TIC_308919449,0,Success,44.56187891960144,20.565798408205897,3,0.34356803659712043,
TIC_309402106,0,Success,34.95807218551636,158.25712235951144,4,-0.2402770477767941,0.7169767300374342
TIC_309436531,0,Success,27.086289882659912,2.1676086005353183,6,0.44417997731225084,0.8044859270433219
TIC_31114545,0,Success,0.6629540920257568,15.693853942462685,8,,0.49217495313685833
TIC_311121985,0,Success,11.691924810409546,0.9774167349036803,9,,0.11854852496815392
TIC_311890977,0,Success,4.634746074676514,16.11269585469157,2,-0.005382677016628167,
TIC_310267134,0,Success,33.43992590904236,1.1299553036839993,20,,0.49695459729030705
TIC_312221462,0,Success,26.331918001174927,2.5517029173978605,12,,-0.13225505859152514
TIC_309787037,0,Success,62.92262077331543,0.8218996455262767,7,0.6523064716615636,-0.15925217458479216
TIC_312259170,0,Success,2.6626031398773193,1.6095524807169477,2,,0.33073080760849416
TIC_312122956,0,Success,37.858816623687744,0.9824404807328124,5,0.78807515194801,0.3536511324368634
TIC_312469860,0,Success,10.734863042831421,0.915823804267055,16,,0.32908303197147143
TIC_312548415,0,Success,21.102001190185547,0.29502047063573666,4,-0.0843752538460357,
TIC_311183180,0,Success,68.39528703689575,688.53821608133,4,0.4958870560996554,
TIC_31268146,0,Success,19.114572048187256,1.0918365631753562,4,0.018740243491254912,0.45808172549215004
TIC_313761775,0,Success,0.578787088394165,3.6630056692148734,11,,0.9483553853112142
TIC_313506357,0,Success,12.304197788238525,0.537403293617998,12,,0.5095263829997505
TIC_313891529,0,Success,10.602479219436646,,1,0.0388826538995863,
TIC_312899686,0,Success,42.22988700866699,4.002801721067043,4,0.5580140004944995,0.2850314178409056
TIC_313675203,0,Success,28.211123943328857,1.0944926429547672,10,0.0647262810353544,-0.06605256637506382
TIC_316254876,0,Success,1.8608977794647217,5.872745999481394,9,,0.5574255506303567
TIC_316402246,0,Success,2.0526010990142822,,0,,0.26335548935823816
TIC_31656385,0,Success,21.583293914794922,1.3264810896930508,11,,0.3372482792472076
TIC_316916655,0,Success,28.509950160980225,3.7338960559493732,9,0.3594132526929217,0.44101997166860957
TIC_314338017,0,Success,84.0021960735321,1.1290383335410685,19,0.14815695936824924,0.8226291974028171
TIC_31697707,0,Success,21.790557146072388,0.971418441146621,6,0.28176047275278626,0.45538818417952265
TIC_308425348,0,Success,293.2272801399231,0.7918331774684889,30,,0.14652730230413133
TIC_314724818,0,Success,158.67825889587402,1.059717255806819,6,0.5476940488203498,0.4412310681784185
TIC_310483807,0,Success,249.71452522277832,0.9280825399454669,20,,0.33763407888020824
TIC_317507345,0,Success,21.518079042434692,46.15810966969346,9,,0.3414531996491961
TIC_315755496,0,Success,177.8879919052124,0.9251649324145543,6,0.6696674152009511,0.4219921669485637
TIC_317951248,0,Success,43.50220608711243,3.184403896900617,8,0.4550123452952951,0.5292277948030206
TIC_31858844,0,Success,41.57674598693848,,1,0.0863860379536061,0.3087124635608751
TIC_316937670,0,Success,134.89154982566833,1.6988211247256957,44,0.3681613785430674,0.5821910076930348
TIC_317397615,0,Success,110.09963488578796,110.61387373446163,26,,0.08291123915547612
TIC_319068154,0,Success,18.906511068344116,9.094700805999196,5,,0.06828598745704842
TIC_320506985,0,Success,0.9575579166412354,3.2673938473438717,3,0.7901539332393297,
TIC_319735319,0,Success,24.059486865997314,1.076519695123859,7,0.5977320027857245,0.2941530515516607
TIC_319968129,0,Success,19.30644202232361,14.05285502947399,3,0.23049444685650472,
TIC_318746829,0,Success,36.33918595314026,0.8213540436219782,5,0.8070956837330912,0.25028193550471245
TIC_321436679,0,Success,13.38060712814331,1.565721587874174,11,,0.2848503310197812
TIC_320536216,0,Success,24.61347198486328,4.047764241685121,15,,0.6102685225655838
TIC_318209162,0,Success,92.57747197151184,55.412697216975275,3,0.47078170485548365,
TIC_320525204,0,Success,42.36021399497986,0.18176720733763913,2,0.11786322038286332,
TIC_322202434,0,Success,28.871703147888184,1.4477263030978356,29,,0.6798816828606202
TIC_32283946,0,Success,32.79360008239746,16.011645174330877,8,0.08406003579946399,-0.03682909656048542
TIC_323658120,0,Success,24.457884073257446,,1,-0.010449795858717473,
TIC_326114850,0,Success,1.2042250633239746,6.9740491833108615,15,,-0.02655453669768538
TIC_324395151,0,Success,37.316389083862305,0.6941920846733686,6,0.5097675004544947,0.5515815533961113
TIC_325680697,0,Success,30.83116865158081,7.477856427952409,11,0.1418418842216133,0.15672287492385756
TIC_325172035,0,Success,45.70856189727783,3.011569085160187,9,0.5791220154156441,0.2912078908600807
TIC_326347927,0,Success,37.29236602783203,2.464445250669646,6,0.47602516809000717,0.8171057072930329
TIC_318608749,0,Success,129.25544905662537,0.8192010086235394,31,,-0.12167139785248715
TIC_322862882,0,Success,71.04580307006836,2.7853132925997532,13,0.48336520788635023,0.37991899053776895
TIC_326470400,0,Success,29.042829036712646,0.9132397597259791,20,,0.6720929402512709
TIC_327577308,0,Success,3.8190901279449463,0.047441460014399306,2,0.15957961857767203,
TIC_327210623,0,Success,40.88029479980469,4.034191431529214,11,0.3790465234817229,0.47313441618232055
TIC_328167090,0,Success,1.0335910320281982,0.7669098539573422,9,,0.35304592012376135
TIC_327663613,0,Success,40.654741048812866,1.3879681255075897,19,0.20821575058179065,0.6156988752623357
TIC_326919774,0,Success,67.37111806869507,2.237873061010112,6,0.07940996344241304,0.6816067301408978
TIC_327017634,0,Success,57.92451095581055,57.94458418926676,3,0.4633807637132775,
TIC_329145325,0,Success,1.358025074005127,1.5942273484899092,10,,0.4417547760179199
TIC_328750515,0,Success,16.847243070602417,1.1507238829720956,12,,0.4945948474457133
TIC_329277372,0,Success,37.01859664916992,96.21485363320737,7,0.2855136573434385,0.4103397470487088
TIC_329864959,0,Success,35.34503126144409,61.44374746116442,26,,0.5421919119207487
TIC_326732851,0,Success,120.28783369064331,0.6931631249848481,12,0.16406887800125108,0.4196727256832951
TIC_330332501,0,Success,19.582818746566772,0.9854216935442992,12,,-0.16523799038525927
TIC_330468175,0,Success,15.494181871414185,0.5528537136263519,10,,-0.026778648847770942
TIC_327011842,0,Success,136.41798996925354,1.1589134834338066,34,,0.417349057028591
TIC_329709756,0,Success,126.43838000297546,0.15637849300749693,2,0.4262130304410812,
TIC_332154944,0,Success,2.178417205810547,31.313182831096906,4,-0.02109023314911761,0.2853126337101562
TIC_33153766,0,Success,83.80229187011719,1.2668988618266852,32,,0.49583420705650955
TIC_332660287,0,Success,5.7793660163879395,3.9173374433108106,15,0.2644455266751389,0.3624693879257366
TIC_331034236,0,Success,112.85789489746094,1.1635127368925435,8,0.14907571932557462,-0.3659741509603702
TIC_33091633,0,Success,120.75374007225037,15.310704522031244,4,0.49527199053682996,
TIC_333821572,0,Success,15.380960941314697,0.9185914012962202,8,,0.17052543457411598
TIC_332630868,0,Success,56.71427893638611,37.416231944159136,3,0.00915169318031297,
TIC_334597566,0,Success,34.46403908729553,0.3900053621791258,3,0.42367540694636957,
TIC_335996558,0,Success,1.8130407333374023,1.7335253911248438,14,,0.4752749108625507
TIC_334911765,0,Success,42.27502202987671,4.5806083258251915,29,,0.49083291917295585
TIC_336456596,0,Success,0.7630751132965088,0.7732057191958263,9,,0.20372450537052408
TIC_335489455,0,Success,34.28888702392578,0.9125649791889282,8,0.9012664448144974,0.2873622572256834
TIC_336267424,0,Success,41.554121017456055,1.1223277383733574,18,,0.36897943549327955
TIC_33690636,0,Success,65.19207215309143,97.93054668265601,3,0.33511804508829224,
TIC_337129672,0,Success,59.43995809555054,7.708854309148528,9,0.027401781663311375,0.03559140101534505
TIC_337274055,0,Success,38.418434143066406,0.46567911708839355,5,0.4381661156635691,0.48742149076766245
TIC_339538183,0,Success,16.919193029403687,3.247728728673197,4,0.5708635437834707,
TIC_339250695,0,Success,36.198529958724976,5.901732701370188,10,0.5042235527297447,0.8400000130728319
TIC_339636032,0,Success,12.496701955795288,0.14341144674084025,6,,-0.2823510645714568
TIC_33878688,0,Success,76.42692708969116,1.3177436536779594,30,0.13735424779672276,0.39616676708152637
TIC_339733013,0,Success,27.154054164886475,0.8991381310009622,4,0.3499275715904017,0.745932376435767
TIC_341186896,0,Success,15.995284080505371,1.4556233618610335,10,,0.2491713900873109
TIC_335483600,0,Success,198.57864212989807,0.08105466919330627,7,0.42825721838277964,0.3663609974977469
TIC_340700241,0,Success,27.458224773406982,0.7452740586153221,3,0.8273314630670074,
TIC_341419787,0,Success,17.527899026870728,22.058651023123176,4,0.1501124975456274,0.2923472061103947
TIC_341297143,0,Success,30.616179943084717,3.2155791153821007,6,0.9643190369725267,0.6101903479537979
TIC_341544930,0,Success,25.355124950408936,1.0696779774875935,4,0.6187709718825969,
TIC_331484419,0,Success,393.09849405288696,0.46254116135375845,28,,-0.09154687223410296
TIC_341729521,0,Success,58.78123903274536,2.0080633575829028,3,0.08546455154348218,
TIC_339591840,0,Success,159.0351791381836,52.26759105484727,27,0.26938010301699344,0.7959038355979265
TIC_32830028,0,Success,478.7551691532135,1.6978951495012824,40,0.8169965267053357,0.46088320692358997
TIC_344416349,0,Success,2.78605318069458,0.4907587544210135,3,0.35007406094297433,
TIC_343708863,0,Success,6.89545202255249,0.033881758210098374,2,0.24473640167710972,
TIC_34466256,0,Success,1.18790602684021,5.170929374971163,14,,0.29570836461958117
TIC_344600402,0,Success,2.250417947769165,7.579002305452133,15,,0.5475379252893071
TIC_343442463,0,Success,16.639737844467163,1.6188835452707224,11,,0.523093923730808
TIC_344085117,0,Success,26.463711977005005,0.5637697601464505,16,,0.14942316224851518
TIC_34551972,0,Success,14.679528951644897,1.2693437279702076,4,0.2929442584424166,0.27296916500599205
TIC_345724317,0,Success,2.8784759044647217,45.0770073118966,4,0.2113347279265119,0.6179055454538713
TIC_345333936,0,Success,29.020442962646484,0.7886115210876418,12,,0.38305922707257406
TIC_341444900,0,Success,125.62273621559143,2.174422007439577,27,,-0.1558331970435928
TIC_345996087,0,Success,25.642586946487427,,1,0.018841692960848925,
TIC_34505005,0,Success,45.46846389770508,0.12881339745172657,4,0.38487457512974116,0.29977531681376257
TIC_347011522,0,Success,28.290110111236572,1.109365544611118,16,,0.7035867745101747
TIC_348135793,0,Success,0.8191781044006348,3.6341495760791416,11,,0.46965025823111145
TIC_346418409,0,Success,52.00439190864563,2.3926648077536807,7,0.4893975068942503,0.6501205476922286
TIC_347442932,0,Success,42.86646604537964,4.107917548863098,35,,0.9373476390473096
TIC_341805908,0,Success,157.26674914360046,2.2886290847736976,19,0.4980285656541207,0.8054933993915407
TIC_348844154,0,Success,11.016207218170166,1.7080050392409356,9,,0.4708649876339234
TIC_348673213,0,Success,67.63039207458496,0.6823649096542682,23,0.2578673311079599,0.548278998948111
TIC_348755723,0,Success,39.37626910209656,4.426111048332498,4,0.4942067252272955,-0.11563485522960527
TIC_349373192,0,Success,27.12427806854248,2.570271191020372,3,-0.13831910256441157,
TIC_349786918,0,Success,19.264538049697876,0.5774013832596776,6,0.41099213381600264,0.19673617662403403
TIC_347098457,0,Success,109.26602482795715,1.0144453546668617,8,0.7210655762045964,0.4959104026582905
TIC_350332997,0,Success,13.285327196121216,0.0729878007239057,3,0.5548851243179169,
TIC_350044062,0,Success,21.52900004386902,0.3327020845297571,3,0.5677885313750487,
TIC_350445771,0,Success,22.412811994552612,2.135074698566591,7,,0.440430980825536
TIC_350743714,0,Success,14.288872957229614,1.978863118153583,2,0.12003902924853967,
TIC_352924930,0,Success,11.695348024368286,1.876443249130665,6,,-0.09407993674028492
TIC_35315453,0,Success,16.88044309616089,16.680991637912786,5,0.5775853352444879,0.530153641922768
TIC_353367071,0,Success,9.86048674583435,1.1504443411106768,9,,0.05095396952355535
TIC_348054109,0,Success,152.68761229515076,3.036813320738346,42,0.5315691427572403,0.3449836746834792
TIC_35377903,0,Success,11.870923042297363,1.7863521656581292,7,,0.6239350995025099
TIC_354006740,0,Success,7.389121770858765,0.7815474163506947,13,,0.48327875717863944
TIC_354151219,0,Success,11.786189794540405,1.1791202420493023,7,,0.7827621981216935
TIC_353586703,0,Success,26.52712607383728,0.9077364124593993,7,0.5966941122308204,0.1844929126843329
TIC_354285962,0,Success,11.343054056167603,3.6801010266281975,3,0.8407208938511597,0.3364608569002418
TIC_354400186,0,Success,2.304683208465576,4.45382846030024,5,0.7486979082813531,-0.04199729071928458
TIC_354600221,0,Success,0.8420286178588867,5.128696457756511,13,,0.20094325541396996
TIC_350995812,0,Success,52.32947301864624,2.175814553870524,8,0.24888092085452915,0.18133636917305013
TIC_355732304,0,Success,10.909008026123047,0.8631952634692223,7,,0.15706370246720644
TIC_354594208,0,Success,14.35513710975647,1.400137891723134,21,,0.3548409091268865
TIC_356453768,0,Success,13.013666152954102,0.3801810685019366,8,,0.4951371728275104
TIC_356235833,0,Success,31.724305868148804,1.4000848536440142,19,0.377992850051416,0.6867567653474294
TIC_354442783,0,Success,51.66964101791382,4.574329612498289,15,0.8699311436174467,0.6097440750666333
TIC_349790953,0,Success,143.88896894454956,1.995081297350471,18,0.44184730519339027,0.5587168836566002
TIC_356461227,0,Success,45.31353187561035,1.7764441238704969,12,0.7310965809177699,0.5906165586608455
TIC_356919658,0,Success,34.68083381652832,1.1422776345947208,18,,0.5129066567776178
TIC_357416482,0,Success,38.830178022384644,13.444301983901893,4,0.06637234215867117,0.12013980221268072
TIC_356868487,0,Success,51.56116509437561,2.610332549083303,3,0.4225971522548363,
TIC_355636844,0,Success,104.35420393943787,0.34203384280726123,19,,0.26489145828127575
TIC_357536526,0,Success,19.659045934677124,1.477286646636594,14,,0.47547912996426683
TIC_357457104,0,Success,38.28332996368408,0.4506645356298361,10,0.5271666955626455,0.6736649651702556
TIC_357538688,0,Success,21.19529700279236,1.333865208179531,5,,0.6612370330948363
TIC_35883621,0,Success,0.8955891132354736,1.9339969042210619,7,,0.7515967323545375
TIC_357972447,0,Success,35.381194829940796,0.4623550613728363,16,,0.3676298809999413
TIC_358072664,0,Success,30.7463800907135,2.269938385711807,20,,0.3560693724070553
TIC_358186451,0,Success,35.796359062194824,0.8209606772146636,6,0.14480497841911716,0.16290234199836667
TIC_358631536,0,Success,38.211986780166626,0.598339277026456,6,0.286023720489386,-0.08705164685895539
TIC_361034196,0,Success,8.294292211532593,0.7814196901858894,3,0.3366863079657203,0.3045793242230374
TIC_360816293,0,Success,44.49785590171814,4.430013084633251,7,0.5522810878549759,0.22316755869687338
TIC_361998994,0,Success,40.45774531364441,0.6738349967983657,14,,0.44504596234493365
TIC_359496368,0,Success,78.91019535064697,1.9212144258220716,8,0.4422845388978273,0.4378514873067267
TIC_348684813,0,Success,348.7289369106293,1.517032039457913,28,,0.735760244905477
TIC_363761216,0,Success,33.56159782409668,0.3597859155660465,3,0.2979514764704624,
TIC_364107753,0,Success,18.106175899505615,0.5125110805361415,5,0.7009519077446121,0.2724562568015086
TIC_365389353,0,Success,0.8930978775024414,2.205002009451472,8,,0.36584562838069506
TIC_363635669,0,Success,60.87556290626526,1.2915458056532394,34,,0.837580128257578
TIC_364075352,0,Success,48.44333100318909,68.0288098260643,2,-0.11127734717309887,
TIC_363260203,0,Success,97.38635301589966,0.6717227335656776,8,-0.09288376906903803,-0.07134462997485777
TIC_365781372,0,Success,12.08056902885437,5.388672315616725,8,,0.5405711851501779
TIC_365952328,0,Success,17.078861951828003,0.9142840150542755,4,0.816866763588619,0.13054667442078488
TIC_366074069,0,Success,16.100385665893555,1.5200336598392568,7,,0.31582745244659793
TIC_364408162,0,Success,51.874191999435425,0.7044819185976029,8,0.42046895952674024,0.5526801059396562
TIC_366602797,0,Success,27.934523105621338,0.6095679526476097,15,,0.5048545288398836
TIC_366563452,0,Success,39.02822399139404,2.6785640230311527,9,0.2992652738712416,0.1187749408768521
TIC_367099243,0,Success,29.723850965499878,1.193260950276752,11,0.2737854504951138,0.41842034223495383
TIC_368536386,0,Success,1.235072135925293,1.473830546693208,14,,0.9201487490097231
TIC_367287018,0,Success,22.41768717765808,0.23221939297816233,6,,-0.21607094898941479
TIC_367913453,0,Success,24.563053846359253,0.571142284554162,14,,0.14384625942078194
TIC_365639282,0,Success,94.64543986320496,35.68710235204106,3,-0.021440936247250818,
TIC_369861731,0,Success,33.940590143203735,1.0444298749570313,5,0.3984468377594742,0.40290143123416017
TIC_367102581,0,Success,110.42743492126465,2.332930862329923,10,,-0.04677420185964864
TIC_369864738,0,Success,112.57297110557556,0.16113794152200714,4,0.007712523192486972,
TIC_37084932,0,Success,49.46102499961853,49.81769231629127,4,0.42661232366121615,
TIC_369480087,0,Success,156.32078409194946,1.1341193054846834,51,0.7900190439882062,0.4504386566222005
TIC_371673488,0,Success,1.1459388732910156,1.095990497874222,6,-0.07667794016980164,0.7144859932581527
TIC_360286627,0,Success,334.75310802459717,4.250362083790712,8,0.35487666254647265,0.37810892000856167
TIC_372505528,0,Success,1.4823851585388184,1.067135364908505,5,0.714850926311289,0.40867477211248754
TIC_371210825,0,Success,39.023293018341064,1.0621598003328367,28,,0.4824005083343252
TIC_370745311,0,Success,260.9740421772003,0.8677041764092579,36,,0.20880413983241822
TIC_372596796,0,Success,134.06211400032043,0.6596984134482397,7,0.45757754305335413,0.18511773538945084
TIC_373453507,0,Success,3.282947063446045,0.811704673405394,4,0.09052469665348759,0.6476721498648752
TIC_373424049,0,Success,64.48046898841858,2.5726011856930984,12,,0.44612667490919355
TIC_373576942,0,Success,46.507166147232056,1.190500238816306,11,,0.37159236892530045
TIC_373729723,0,Success,3.4929749965667725,5.670573588137736,4,0.23837475957476004,-0.15141182289602725
TIC_370759867,0,Success,313.21296405792236,0.6514123389922083,18,,-0.08807668530334947
TIC_374177909,0,Success,16.939791917800903,,0,,0.6263919512180496
TIC_373785851,0,Success,18.587049961090088,8.285265944789261,2,-0.26104510898526423,-0.3350051794914469
TIC_371711170,0,Success,234.89854311943054,1.4142706973430177,12,0.6232585369915327,0.27164331052631563
TIC_370877263,0,Success,259.001895904541,0.7184894200177036,19,,-0.17052862522959228
TIC_374400599,0,Success,19.70287585258484,1.0169450521505459,12,,0.25837276287208133
TIC_374200604,0,Success,29.79922103881836,0.6569890740307164,8,0.934757716580018,0.6230053775752562
TIC_375199523,0,Success,15.062589168548584,4.264211457729745,6,,-0.17879870939965695
TIC_373614579,0,Success,84.25530099868774,2.3437542344694227,4,0.360448293001087,
TIC_376682699,0,Success,14.225368976593018,0.8988455258138508,8,,0.28321015726730603
TIC_37575651,0,Success,40.313552141189575,11.232846095492851,3,0.6062182292959613,0.2274501567024239
TIC_376838000,0,Success,0.9365723133087158,11.182996602497294,2,0.30410124754030177,
TIC_374847873,0,Success,65.50618886947632,0.5867046405095213,14,0.9071499189014507,0.6707221862272403
TIC_377024332,0,Success,5.228421926498413,0.06005341859509775,2,0.6999451906789574,
TIC_374778982,0,Success,70.7896420955658,0.44406956073906484,12,0.5638690678464207,0.5584288662305179
TIC_377290815,0,Success,40.23703098297119,1.3251900890032087,13,,0.11700306753776582
TIC_376740324,0,Success,94.46810293197632,7.2429235453704575,5,0.19791303683373634,0.5196036685007943
TIC_377304435,0,Success,40.97377681732178,12.346147148178389,2,0.5556591906373577,
TIC_377739433,0,Success,11.971215963363647,0.004311311087681806,2,-0.12471096080021372,
TIC_377165123,0,Success,116.02802205085754,5.683060862408994,27,,0.5493453895669135
TIC_377420580,0,Success,53.79229211807251,3.5988225464802626,6,0.37415605040356165,0.7055568365061871
TIC_379723086,0,Success,2.281637191772461,,1,0.7460045786265846,
TIC_379629854,0,Success,26.698023080825806,0.5702907370703719,15,,0.5480437949956936
TIC_378355116,0,Success,47.86678385734558,17.56230968382196,3,0.39922123183563574,
TIC_380886535,0,Success,43.82959318161011,1.5572442769291415,5,0.7111757571998972,0.43245588793312917
TIC_377144784,0,Success,200.65415978431702,0.8904155800888621,10,0.9511521853042126,0.5040504907320807
TIC_379931600,0,Success,66.19766902923584,3.7822393023077225,8,0.21324374592838516,0.5042624289784396
TIC_382188882,0,Success,29.624767065048218,34.62959023359778,7,0.2959627103683914,0.36692426529834127
TIC_382437043,0,Success,53.42638421058655,7.3735880741586,10,,0.06618574718899828
TIC_382302241,0,Success,80.6263439655304,0.7666956329916341,14,0.37343793785987,0.47251017563274417
TIC_372913430,0,Success,586.1489551067352,1.5037203356600957,35,,0.86370703600669
TIC_383666033,0,Success,3.2289938926696777,2.636083703787158,4,0.7303395830967531,0.4933981446979211
TIC_383723559,0,Success,1.4901702404022217,1.797214109069282,9,,0.7355628510725882
TIC_383531859,0,Success,32.085583209991455,23.40471618913253,4,0.5294146831559923,0.17943268682814292
TIC_382474101,0,Success,84.06988310813904,1.433182550624129,2,0.150345352757471,0.6289426697140053
TIC_384386061,0,Success,54.16363310813904,4.014703671485145,4,0.4357391415906581,0.24262880179790097
TIC_380517859,0,Success,223.97348713874817,0.7297167331085909,24,0.3859680907631355,0.7005184542749235
TIC_385105624,0,Success,1.941107988357544,80.95317730833398,3,0.8203432145493911,
TIC_384744828,0,Success,25.601502418518066,1.2871671414503438,8,,0.291514551865097
TIC_384045439,0,Success,95.92367911338806,2.2257186933369946,17,0.5168850958018836,0.4208351352140129
TIC_386297468,0,Success,31.89420986175537,0.7420255768448881,12,,0.5136470131778573
TIC_386435344,0,Success,32.04546403884888,30.263658063685792,5,-0.1308235202000069,-0.04347741388588739
TIC_384549882,0,Success,86.09395003318787,2.6617448752823933,9,,-0.05584264960594316
TIC_382331352,0,Success,239.50711011886597,0.5676682742950021,34,,0.27385018186609267
TIC_387603144,0,Success,3.6900811195373535,1.6204039451828636,8,0.332228048808018,0.3513772527272853
TIC_387413037,0,Success,38.87576603889465,0.1661740823517146,3,-0.5265842667061276,
TIC_38686737,0,Success,59.05301308631897,1.8984799389314897,10,0.4312569874088268,0.6020903361246486
TIC_388076005,0,Success,50.550025939941406,0.6744240560325004,13,0.5059982395801437,0.6276147535532053
TIC_387834907,0,Success,59.51455998420715,,1,-0.11880544944860429,
TIC_387079085,0,Success,142.9786171913147,0.9108179928880672,13,,-0.3283847979032627
TIC_388130235,0,Success,96.81674575805664,,1,0.028054859489066258,
TIC_389238529,0,Success,6.967793941497803,1.2476257952401937,16,,0.3428492890934672
TIC_389182138,0,Success,75.01886010169983,1.3019698447030965,5,0.11054852605690366,0.6196946655596561
TIC_387664866,0,Success,216.17055702209473,1.964111915015223,10,0.6266660916020439,0.6906053376482144
TIC_389525208,0,Success,35.54882311820984,20.66837809712107,7,,-0.6816404612014996
TIC_375225453,0,Success,755.879476070404,0.5071814884437045,35,,0.30284364465250485
TIC_389999924,0,Success,61.66523003578186,0.61121279143131,6,0.8088230242977335,0.443555301579897
TIC_389371332,0,Success,105.3689079284668,1.2343636327628447,12,0.24438009802232613,0.6694790950659557
TIC_39077574,0,Success,63.947662115097046,0.5047932072638422,4,0.7258878392856674,
TIC_392112968,0,Success,40.13167691230774,1.5455514157825776,23,,0.503116495893936
TIC_385624852,0,Success,401.70081520080566,6.707908099394269,2,0.048862311900449346,
TIC_391821647,0,Success,96.79759621620178,1.3324255977389072,13,-0.2083905879034744,0.11452808647980507
TIC_395773226,0,Success,32.097360134124756,1.3301087071504454,6,0.8941404269266592,0.0307457499055237
TIC_394509844,0,Success,40.573866844177246,0.6280226502110533,4,0.5706545827718784,
TIC_388624270,0,Success,276.0632860660553,0.9690180387957702,30,,0.15913085837512814
TIC_393911494,0,Success,63.27799987792969,1.3472093328872634,37,,0.8684660604607511
TIC_399613138,0,Success,6.825354099273682,0.864307018820581,2,0.4583492447528276,
TIC_398912927,0,Success,28.59734296798706,25.662932049541404,2,-0.17904921271600732,
TIC_393251073,0,Success,91.26795291900635,13.502734145321819,4,0.33211241867999197,0.007037919606226564
TIC_399444057,0,Success,28.17070484161377,0.7009820189893549,6,,-0.14583969499975707
TIC_400323948,0,Success,13.528649091720581,0.8759439790538582,6,,0.055507347181625866
TIC_399144800,0,Success,59.03787422180176,41.67349755102042,2,-0.05462746417632861,
TIC_399956873,0,Success,36.150017976760864,6.856966504425803,8,0.31556574512433827,0.7778792406609446
TIC_400395395,0,Success,43.37966704368591,0.2818763893010875,8,0.49213608231806083,0.21520332499216374
TIC_402848417,0,Success,1.644394874572754,7.362438757844005,3,0.6318337749260994,
TIC_400476523,0,Success,45.04408097267151,35.11297502325276,2,0.3791691586056128,
TIC_403256331,0,Success,11.489951848983765,9.222284348704024,2,0.3448027965614146,
TIC_400786146,0,Success,38.41931414604187,1.7621602166516313,2,0.7314517039962529,
TIC_403308915,0,Success,1.0975420475006104,1.0666255688306103,5,0.529625169064797,0.30915843925481207
TIC_403287048,0,Success,3.2208480834960938,31.761873930919,3,0.05992803337657131,0.8625007747424215
TIC_399642071,0,Success,89.76650023460388,0.2918948610677623,10,0.7820953529574225,0.6358017339502064
TIC_400595342,0,Success,93.87219214439392,0.1579219243071738,5,0.03489362336724366,-0.4274793262672888
TIC_405794804,0,Success,1.8232197761535645,3.737501352767683,4,,0.23685457037152807
TIC_405862830,0,Success,7.012212038040161,5.531109523424911,2,-0.043186617166290256,
TIC_403136413,0,Success,97.60580611228943,0.025985420482291313,4,0.28025018150515996,
TIC_404610583,0,Success,82.2740569114685,4.1233013221439725,8,0.6004025985765965,0.11801503365893701
TIC_405904232,0,Success,29.41779112815857,1.0555055255343193,2,0.4718371022677314,
TIC_403693875,0,Success,104.38035488128662,0.6111563189901071,6,0.5016225714559525,0.4115923642327484
TIC_407146536,0,Success,22.047860145568848,0.32044622384298027,6,,0.35838734031796393
TIC_406855039,0,Success,36.7320671081543,3.90176941027973,3,0.138097544087573,
TIC_407394748,0,Success,21.78594183921814,0.8345107435994622,15,,0.056981095720315414
TIC_407146538,0,Success,34.705745220184326,0.571805037563788,12,,0.4955671067556552
TIC_40779013,0,Success,72.30496382713318,0.43825483323090464,14,0.5846625085153905,0.4527861667786252
TIC_408159788,0,Success,82.99458289146423,30.449147778732126,44,,-0.08857248747627966
TIC_406190563,0,Success,169.3035409450531,0.8227676385715554,4,0.9140952022402251,0.18274247148047024
TIC_405484221,0,Success,248.47212290763855,3.929464916020951,5,0.5409188967882479,0.9046124910827315
TIC_408549705,0,Success,73.25669980049133,0.6207574773789146,2,0.797983699553672,
TIC_409520860,0,Success,2.3131730556488037,0.2952535363810517,4,-0.05465321293327398,0.296799635273484
TIC_409183335,0,Success,21.880491018295288,7.461424536911762,6,0.4061038896075104,0.40056912810542444
TIC_408729765,0,Success,69.0297040939331,3.2971711262945376,3,0.20771750086161447,
TIC_410528770,0,Success,1.5503628253936768,5.890696528630748,8,,0.2755435317892505
TIC_40954422,0,Success,29.28200387954712,2.416580973136296,8,,0.9066289436427992
TIC_410245915,0,Success,37.1368088722229,0.4687785476869282,9,,0.015048739093818528
TIC_408203470,0,Success,195.23754286766052,1.789468534330789,66,0.1565684061478953,0.9665921334458223
TIC_412257781,0,Success,39.12346386909485,0.7408736952129985,18,,0.4620560897297136
TIC_412259468,0,Success,34.853100061416626,0.2049419789517193,10,,0.46082914010768006
TIC_41330864,0,Success,56.22980213165283,14.34051154221858,13,,0.13913938929794445
TIC_41227743,0,Success,70.09266018867493,1.2767906224287418,25,,-0.07854618281924881
TIC_412014494,0,Success,136.6670961380005,9.044411920300737,3,-0.07218346878671059,0.28393616302136077
TIC_414870287,0,Success,59.75335502624512,,1,0.11803146455965464,
TIC_41422753,0,Success,72.34774279594421,0.5969048927482663,6,0.3806700766437899,0.2866388433166858
TIC_409459226,0,Success,216.68198084831238,1.1060009788848808,19,0.24810587985652163,0.6548040545799303
TIC_416987878,0,Success,0.7828519344329834,4.162467444173921,6,,0.47982273699008454
TIC_412961700,0,Success,149.01946306228638,0.7651539059157764,10,0.810341657930329,0.47151328896864875
TIC_41865539,0,Success,4.672156810760498,39.3640111052179,11,0.00901315435401011,0.3394160179574576
TIC_416624606,0,Success,28.00987482070923,1.0130461805710729,5,0.7585757161724891,-0.037467082907681984
TIC_418866096,0,Success,9.283492088317871,2.5534103210321843,10,0.4389073903257961,0.24393119475688732
TIC_415969574,0,Success,37.56666398048401,1.2102392632871584,2,0.12285008480125989,0.8455656089417143
TIC_418987806,0,Success,14.430785179138184,2.86288078711075,25,,0.3333627387547959
TIC_417705690,0,Success,48.62417507171631,0.6873880525036794,10,0.2208822648800139,0.6451533456045413
TIC_419419534,0,Success,26.157716989517212,1.7540336894369934,5,,-0.037099078748947065
TIC_398733009,0,Success,670.5119030475616,1.509247793729758,26,0.6619327517098591,0.4858772806587252
TIC_418959198,0,Success,70.16906189918518,0.2168949868366601,4,0.6273258856067003,0.41205180224129834
TIC_420288086,0,Success,9.614298820495605,,0,0.10947262242199983,
TIC_419858461,0,Success,65.5749020576477,0.7756239938756038,10,0.7003405312867637,0.5492261055675604
TIC_418971787,0,Success,121.91915392875671,0.40493505059609697,24,0.24373040908253832,0.5464946291922846
TIC_415741431,0,Success,204.76429915428162,1.1023964668478192,40,,0.9128744129865064
TIC_420645189,0,Success,69.31837010383606,59.1427022112852,2,0.06216861549090684,
TIC_420803693,0,Success,61.612422943115234,0.6536715509956758,24,,0.478779075936122
TIC_421308357,0,Success,45.70787286758423,78.38621923993331,2,0.19384137257176542,
TIC_422838133,0,Success,37.39718198776245,0.5724899859063717,15,,0.13521287455971953
TIC_422653398,0,Success,56.1339750289917,36.915253996805326,5,0.4062782515971273,0.5586971946716074
TIC_423903685,0,Success,44.58446383476257,0.6674528610603303,5,0.2881688249624045,0.15172911308796438
TIC_425163745,0,Success,2.163888931274414,,0,0.03340192285594771,0.103852092595995
TIC_425220920,0,Success,2.7653560638427734,0.4998207569072881,3,0.38213813458220075,-0.0387846511683776
TIC_424699834,0,Success,47.23381495475769,1.4072686331704152,12,0.6135293839954702,0.7566679051856989
TIC_42015200,0,Success,179.73898696899414,334.4648830991796,4,0.4160500092461006,
TIC_42123111,0,Success,223.82009196281433,4.317162470136408,4,-0.12351251511467871,0.43392030954386107
TIC_427279997,0,Success,10.861607074737549,51.76909287682498,12,0.010303258730839062,0.8684336421273758
TIC_425721385,0,Success,144.06517696380615,0.19029973308495682,4,0.0622021733139506,
TIC_427352241,0,Success,32.41362690925598,1.9404351084682012,7,,0.4939718226771462
TIC_424747720,0,Success,204.74756407737732,0.8958611510618457,2,0.143615836653401,
TIC_427348923,0,Success,58.90150713920593,1.5927825389832544,4,0.34287606592968584,0.4532532777284253
TIC_428065977,0,Success,2.0735232830047607,1.5148377105372106,12,,0.43062050181634043
TIC_420112587,0,Success,451.56923604011536,0.9449747630370171,27,0.04724748536528695,0.8348312192548105
TIC_429295277,0,Success,27.97413206100464,0.5574531804174493,20,,0.3866103395690282
TIC_42755801,0,Success,186.1591260433197,0.5106641929831082,6,0.5266514263679545,0.48896791082073393
TIC_429414530,0,Success,114.08571910858154,0.23820866437432617,10,0.8539460481006702,0.24226298923820253
TIC_427654774,0,Success,236.77908301353455,0.31955843629965974,4,0.395909216111177,0.2829113785855512
TIC_430677414,0,Success,26.532965183258057,1.1035650682157505,10,,0.22909089079608405
TIC_428685938,0,Success,279.3718614578247,46.23809798802298,5,0.46980532773457506,0.035005158629564694
TIC_431148743,0,Success,61.58795523643494,412.20315219904865,3,0.7443900026392656,
TIC_431585347,0,Success,0.8685510158538818,2.227330160519053,4,0.5593554701415215,0.31225692116895626
TIC_4294779,0,Success,169.29183387756348,1.0192953367733943,70,,0.7310657625026905
TIC_431156009,0,Success,200.5963649749756,0.8065525869710485,15,,0.7418360930466972
TIC_431899140,0,Success,174.9722707271576,0.31981947406598793,11,0.37564999374231156,0.4515265609096312
TIC_434100688,0,Success,1.7550232410430908,3.1672099981429755,4,,-0.26110806541331394
TIC_430528566,0,Success,297.2364637851715,0.3097034252637863,24,,0.3312502863244947
TIC_434718964,0,Success,84.27285814285278,0.7699153740033698,16,0.34992680403029697,0.37547985977932663
TIC_435167167,0,Success,1.5207901000976562,1.9276938778901567,6,,0.4084955946943949
TIC_426077080,0,Success,807.0843598842621,0.6794326787315554,36,,0.11246376180049576
TIC_436099179,0,Success,33.58872199058533,0.9010247413979761,13,,0.36001513494401
TIC_431999925,0,Success,356.014582157135,2.7913299364701065,92,0.41808240635891164,0.4547597058080898
TIC_434234955,0,Success,218.35820412635803,0.29062545826268754,4,0.49585815032472286,0.6097857868944321
TIC_435861696,0,Success,117.87091898918152,6.445612508184628,5,0.4787563547153011,0.581482203855777
TIC_437156845,0,Success,59.87125778198242,0.08627976016861001,7,0.7932916607533862,0.4470000604946991
TIC_437893926,0,Success,18.779553174972534,0.25676556543478785,5,0.5409671497715538,0.43899917102764163
TIC_437740083,0,Success,40.683934926986694,15.186085938978781,3,0.35637636303126496,0.14319352586680667
TIC_439610306,0,Success,15.981048822402954,1.233168354345684,9,,-0.019238836290239158
TIC_438295981,0,Success,28.903631925582886,1.847981939970877,6,0.01782636944218792,-0.11262550132759896
TIC_441334829,0,Success,48.70103597640991,0.8546971260001757,6,0.35510150809842445,0.5320154987013622
TIC_426017070,0,Success,983.9445810317993,0.42420756488556144,22,0.9203654699094406,0.7954820988101836
TIC_432008938,0,Success,328.6298429965973,41.11476091399744,3,0.29282576941444804,
TIC_441732151,0,Success,69.54357314109802,1.050596971448787,12,0.33903124092736525,0.3350267446103782
TIC_443042089,0,Success,35.962931871414185,0.8340890693811853,10,,0.10423512133428518
TIC_4426490,0,Success,43.684571981430054,0.5414336185822035,8,0.4524842556584301,0.31505179353675233
TIC_443658196,0,Success,42.79867720603943,0.32296990614451954,4,0.16425162784900266,0.31229903744968907
TIC_440801822,0,Success,139.11318516731262,0.5748335865756998,13,,0.43790784880041145
TIC_445137888,0,Success,18.75270390510559,0.4219001917696718,6,,0.3221716029493449
TIC_444977814,0,Success,41.98316693305969,9.256393139981315,2,0.763106406885397,
TIC_445254275,0,Success,9.58797311782837,1.6870625589495671,6,0.46264618423198345,0.2910325961724471
TIC_444413256,0,Success,74.7953290939331,0.9668112533527071,7,0.6664994846905241,0.42992687019853276
TIC_445586472,0,Success,15.840838193893433,104.10803095450942,2,0.11328895524723437,
TIC_441738827,0,Success,130.8014121055603,2.136759665300837,73,,0.9283409029168044
TIC_444415148,0,Success,85.33672499656677,4.480608465340198,10,0.285181972419022,0.9058346262778301
TIC_446616059,0,Success,36.20547318458557,0.6925420798971306,7,0.7315513514047278,0.39475218677460766
TIC_445822015,0,Success,85.42227721214294,1.0322800621335644,14,0.4343155942277045,0.4619127512662015
TIC_44745077,0,Success,62.41223692893982,1.2817481912432374,11,0.16019444552635004,0.5479410344098792
TIC_449197624,0,Success,1.480290174484253,8.17413923863853,6,0.47694710982882893,0.6215663915360471
TIC_449050247,0,Success,44.826826095581055,16.06216445725399,5,0.24395673358638026,0.17052487958424212
TIC_449951606,0,Success,12.549314975738525,1.376678817317398,4,0.2400508741436229,0.6247679972582437
TIC_447283466,0,Success,93.50497603416443,85.6923176702733,3,0.15831425054117854,
TIC_449549170,0,Success,33.01845097541809,1.2839828311428836,18,,0.412865960476829
TIC_446549905,0,Success,117.90597701072693,2.097303716005032,15,,-0.05079769781646239
TIC_449050248,0,Success,49.95916795730591,0.7066593522882934,4,0.2582333795655092,0.49001880976791673
TIC_452803785,0,Success,4.865163087844849,260.2772929688192,6,0.03858614365344811,0.7714796774560416
TIC_451599528,0,Success,44.77660894393921,,1,0.02247003355649148,
TIC_450327768,0,Success,66.26307320594788,1.8437437602634439,4,0.7113318056979608,0.42673065339664495
TIC_452483795,0,Success,56.91318321228027,2.1849347896386826,21,,0.9863281072882213
TIC_453230066,0,Success,62.30760097503662,1.1185675286834622,19,,-0.19377688608426089
TIC_453464017,0,Success,39.65072798728943,3.894083522953338,5,0.8465447375127029,-0.07723869896324084
TIC_453209605,0,Success,73.89994597434998,1.7053135434994589,8,0.4875657996693603,0.43502562330579697
TIC_45465399,0,Success,33.8413450717926,1.1314022543078803,13,,0.3550355919194784
TIC_455962313,0,Success,34.11108994483948,1.3711113215765152,11,0.42949055571488187,0.7122118020327938
TIC_456305193,0,Success,29.262623071670532,2.5922330186058993,10,,0.17652447372040903
TIC_457138169,0,Success,31.72608995437622,0.5823631721206189,24,,0.5016662638098577
TIC_456042145,0,Success,47.20947194099426,0.4168360735654293,8,0.3131448711378419,0.4077215999917364
TIC_457743020,0,Success,40.36968803405762,0.41374538459139576,8,0.39820306791487536,0.4650935685151373
TIC_457939414,0,Success,50.395737171173096,3.530470735339212,6,0.8298196525182281,0.3215624926190097
TIC_458914949,0,Success,0.7393600940704346,0.2380348021267041,2,0.2944587783523524,
TIC_45684223,0,Success,85.05168414115906,0.7098066004379495,5,0.38453733995303074,0.18331784856008232
TIC_458857720,0,Success,57.23464918136597,1.4354760985743447,17,0.401076439195101,0.4410072128703693
TIC_458876004,0,Success,51.87697410583496,1.2008679326222451,4,0.6671275133870693,0.027035550790250787
TIC_458856474,0,Success,67.87613797187805,13.440831340603296,3,0.1696341845588269,0.18932962809892778
TIC_459850897,0,Success,28.50018310546875,4.256803999096391,10,,0.4750807636729493
TIC_459997997,0,Success,17.478811025619507,1.7076551353834875,5,0.5857233688576243,0.494126350156401
TIC_461387302,0,Success,2.0788800716400146,2.0059067576182437,3,0.08377255473747322,
TIC_461080504,0,Success,22.90296196937561,0.7920176526483096,4,0.5908247357812683,
TIC_459942762,0,Success,45.86915874481201,0.9807772197855877,21,,0.4501501105617953
TIC_460140752,0,Success,55.28190088272095,0.004854875384744026,2,0.4268188650332965,
TIC_461538935,0,Success,52.26762771606445,1.157226154106302,4,0.2698717684230119,0.14543932215478106
TIC_461662295,0,Success,64.62505602836609,3.337829190204199,2,0.5980802687207085,
TIC_461271719,0,Success,90.31237196922302,0.3375341079912895,2,0.6487783637084792,
TIC_462715015,0,Success,44.15899205207825,11.25350010549143,9,0.56977809629422,0.4956391329566321
TIC_462162963,0,Success,74.44887495040894,0.826686110316155,20,0.5576689199911883,0.473201408018966
TIC_438490744,0,Success,603.8548927307129,2.808341824319083,13,0.3309711440261799,0.7936120850789224
TIC_463681005,0,Success,33.227543115615845,0.5117796584276044,15,,0.3610615655338354
TIC_467006627,0,Success,5.115600109100342,0.2375017336783158,2,0.34481403590926657,
TIC_463203560,0,Success,65.5238389968872,0.5892452727682034,14,0.7477085931609806,0.6191418539305813
TIC_467281353,0,Success,29.61814785003662,1.0517034400270586,9,0.4045183486643077,0.12968688095167585
TIC_464067218,0,Success,64.47664308547974,0.7148319295868736,18,0.49997479158865904,0.4049821969530443
TIC_468828873,0,Success,1.3417677879333496,2.6721820156882,5,0.7991410094223712,0.7297917375187445
TIC_467783290,0,Success,26.645509004592896,1.4707195908133692,5,0.09005922792036336,0.40058497671536514
TIC_466318137,0,Success,68.75051283836365,3.4739547661254018,24,,0.2553118225881796
TIC_468977648,0,Success,20.826299905776978,0.5909611339586424,12,,0.3948898168474019
TIC_470315428,0,Success,33.709264039993286,1.9094101902975547,22,,0.4259029449128063
TIC_468845640,0,Success,73.550283908844,0.62920902688818,7,0.4599987625522538,0.34923157560453577
TIC_470852531,0,Success,2.0618896484375,17.372946480606124,14,,0.6422466040007027
TIC_470709084,0,Success,23.633272886276245,1.342270826046266,8,,0.025991448170485393
TIC_469184909,0,Success,65.48773407936096,1.7166796432273261,21,0.45863209138278455,0.46099385124590514
TIC_46772529,0,Success,122.16922497749329,3.9850244588210044,2,0.20408698220221463,
TIC_468472950,0,Success,161.9223930835724,0.37691413040954297,15,,0.15758196373588887
TIC_48178229,0,Success,0.9219839572906494,4.381497679598663,8,,0.536541454043069
TIC_470974162,0,Success,85.58440208435059,0.9112684327001107,8,0.2796790412416375,0.3855854854633574
TIC_48188920,0,Success,29.79726791381836,2.7575248962492993,12,,0.15872296545845105
TIC_464296022,0,Success,252.7566361427307,5.803395162009598,4,0.21373514386727596,
TIC_49617263,0,Success,0.9886250495910645,0.04597655710759512,2,,0.26480186683637513
TIC_48276576,0,Success,34.62115001678467,1.9329483580371547,14,,0.10265205103213558
TIC_48476907,0,Success,30.169692039489746,0.45189719859266175,5,0.019838239799610493,0.32563272852072467
TIC_49899799,0,Success,27.940492153167725,0.023768756037040567,2,0.04640084459622323,
TIC_49710555,0,Success,42.37586188316345,1.5381488805817651,9,0.8401741691369796,-0.2904195788197359
TIC_5024743,0,Success,0.6778707504272461,21.600102071993597,2,0.6441375134677427,
TIC_4999813,0,Success,54.23401713371277,1.0955637660345898,20,,0.4175812703762011
TIC_470911286,0,Success,219.38437509536743,1.606493004270594,32,,0.20392309726813818
TIC_50943163,0,Success,0.7411129474639893,28.31839596181092,9,,0.7285703240548652
TIC_50309953,0,Success,81.2348780632019,3.1780883877921786,8,0.4755193474241776,0.9960807640347142
TIC_5109298,0,Success,23.754008054733276,0.8813904943867765,7,,0.5750514281175423
TIC_51318828,0,Success,8.916122198104858,3.4744400860369975,2,0.20443257250731023,
TIC_52041724,0,Success,40.455052852630615,4.657878141335978,3,-0.04406352960845964,-0.4433048115723755
TIC_47484268,0,Success,314.538183927536,39.322747870955645,2,0.6309657137683772,
TIC_50365310,0,Success,122.38035202026367,0.5755746214113917,7,0.44774320441240056,0.3626203578068768
TIC_52548453,0,Success,20.650198221206665,3.2242774418775126,5,0.3810315661237327,0.3072855230703537
TIC_49967354,0,Success,207.1074230670929,1.1761892980006563,26,,0.6285428527699698
TIC_54044474,0,Success,21.140109062194824,4.629056649809759,6,0.6344115722499026,0.5834101334827398
TIC_53427308,0,Success,36.309953927993774,5.898597369435692,7,0.047872654627445645,0.052829371853114815
TIC_54364414,0,Success,3.3262040615081787,1.7364763547583706,15,0.3950070007718902,0.5373925949756514
TIC_54464870,0,Success,1.0177719593048096,10.161009232750564,6,0.5713615398068544,0.2929232436732905
TIC_54085154,0,Success,29.87540292739868,0.546320149427845,23,,0.6459363662082174
TIC_54390047,0,Success,21.85820508003235,2.6936956735256756,9,,0.16749236260396422
TIC_55383975,0,Success,68.19239711761475,0.8123074486857286,20,,0.3773634364555762
TIC_5772442,0,Success,17.879008054733276,0.4264710193513821,8,,0.6200008567985822
TIC_5800958,0,Success,4.771576166152954,1.832779511431669,2,0.39478252002548203,
TIC_58046864,0,Success,32.61447811126709,0.9491644138851792,9,0.509750680552424,0.3179406683923072
TIC_47617038,0,Success,496.4155242443085,0.16340885283956413,15,0.07690737475796992,-0.0723030396624343
TIC_55452495,0,Success,145.94581770896912,27.101151006165463,3,0.6721614301958894,
TIC_56231866,0,Success,164.0689251422882,2.2255723851048734,9,0.5633360249996908,0.7729621513392666
TIC_59859387,0,Success,30.795594930648804,1.3524922732993234,21,,0.49226310760251096
TIC_58474992,0,Success,74.60072112083435,,1,-0.022567615693484134,
TIC_61733521,0,Success,4.750266075134277,2.5853623850065337,7,0.1734020579497946,0.4367909036156083
TIC_61980227,0,Success,28.44742727279663,35.789636071186386,11,,0.6797891695216444
TIC_61117473,0,Success,42.97520899772644,2.386102175990105,4,0.6273139544850707,0.5217651520897936
TIC_59003115,0,Success,109.29857897758484,0.6205917067360396,10,0.5116957013757517,0.5661326004770558
TIC_63013648,0,Success,56.22389507293701,104.99740815094569,2,0.2862270708216744,
TIC_63303499,0,Success,36.77838206291199,0.7490408562742575,14,0.7711075388012787,0.2648779625402169
TIC_62530991,0,Success,63.49432992935181,2.2826219951831797,34,,0.5850647853334648
TIC_64553698,0,Success,2.48721981048584,117.61015374580703,2,-0.02795308597675107,
TIC_64531556,0,Success,17.76421093940735,1.6203765140514825,3,0.5536225011373764,
TIC_60074373,0,Success,133.6519329547882,0.6090200777682728,8,0.3385107873906442,0.5066026582692582
TIC_66356824,0,Success,34.389248847961426,0.9303388211663366,11,,0.5333270129964158
TIC_65347776,0,Success,59.98275685310364,1.499758064852363,24,,0.7200397527180463
TIC_6653897,0,Success,52.82926392555237,0.8632362699726414,12,0.7736351799986448,0.398933603340519
TIC_66783360,0,Success,41.44879102706909,1.0076681767087823,18,,0.6017141166479767
TIC_67309890,0,Success,23.03073024749756,0.39723521736617656,8,,0.4868480608556921
TIC_68152139,0,Success,2.2569379806518555,3.197842728830138,15,,0.6809469314451255
TIC_67247610,0,Success,64.8798279762268,0.5648934021602995,10,0.3551741667365807,0.8541280842960052
TIC_53593457,0,Success,485.077023267746,0.5889918535164231,39,0.7550310049099914,0.49424017635977874
TIC_51024887,0,Success,610.6998269557953,0.8027024976074915,2,0.3665319497686616,
TIC_69838258,0,Success,2.168092966079712,3.900757727411667,5,0.08949052290769179,0.5209060373269067
TIC_68322189,0,Success,86.28388810157776,1.1447366490296897,20,0.5973903808144606,0.4037723319253198
TIC_686072378,0,Success,76.19375419616699,1.5508253818597821,12,0.33659643818228036,0.19180559571303418
TIC_69997672,0,Success,27.665539979934692,3.765329264278235,6,,-0.24314422865610177
TIC_70887357,0,Success,21.86459994316101,270.2974605265376,2,0.5807572678707831,
TIC_71401634,0,Success,16.446772813796997,12.229957869323094,46,,0.3761498645465513
TIC_69672493,0,Success,63.67341113090515,0.6013400411741906,13,0.5339551549646131,0.4037829495943892
TIC_71854745,0,Success,3.535790205001831,4.596765168376139,8,0.4804109566471439,0.5597208811907196
TIC_73104318,0,Success,12.363962888717651,0.05851787046535275,3,0.08042546720347542,
TIC_67926921,0,Success,154.84303212165833,4.748060970071944,7,0.46602222345994476,0.44854127894954327
TIC_73244652,0,Success,25.087599992752075,3.392167115388803,2,0.1789252792861316,
TIC_71396541,0,Success,53.31906270980835,2.5986962110240888,6,0.7732889527860077,0.6772514598868019
TIC_73723286,0,Success,29.346497058868408,7.63543516745543,3,0.34356593589319645,
TIC_71854732,0,Success,74.43989181518555,0.8181377587179073,8,0.6798941323483124,0.3350015753332558
TIC_75417968,0,Success,5.593841791152954,13.426065203420327,7,0.6373857564778296,0.6644062764414712
TIC_75427473,0,Success,12.674347162246704,1.2383819061777157,5,,0.1096333571664227
TIC_74197917,0,Success,55.381752014160156,1.1975552629398,16,0.548251595762433,0.5305367360332166
TIC_75208638,0,Success,48.0836968421936,0.9306615728406339,6,0.2888657051986057,0.3966428790684514
TIC_77031413,0,Success,62.033843994140625,2.185004465204918,15,0.4122015961882829,0.2967304600169127
TIC_78672342,0,Success,9.173744201660156,2.281412385750921,7,0.8258077354504625,0.5677369937504112
TIC_77228304,0,Success,60.65201783180237,1.2079286848131932,31,,0.7646620941220873
TIC_79395355,0,Success,3.2850661277770996,1.5324218114946992,4,0.683179308188778,
TIC_74482749,0,Success,169.83266711235046,4.437197895198623,15,0.40948526041076033,0.38299040404005097
TIC_80029842,0,Success,51.77154994010925,0.9665016143819788,12,0.26796834476014797,0.7425516823519729
TIC_7904580,0,Success,62.69130301475525,12.834907044714067,4,0.44823024399823364,0.09405662398142615
TIC_7624182,0,Success,148.66657376289368,0.6106906473135827,19,,0.5469521779670958
TIC_80275202,0,Success,33.53952407836914,2.8826584172833947,20,,0.46486492991325823
TIC_80478272,0,Success,45.30257606506348,1.5989304989982158,5,0.19531829739989248,0.39604540582440423
TIC_81231810,0,Success,25.22232484817505,0.3033019630378683,4,0.4477877796037017,0.27724622747635724
TIC_82010657,0,Success,1.500878095626831,5.234122768630413,4,0.7375616602137516,0.39588700136574007
TIC_82302240,0,Success,23.698139905929565,1.8621593805893426,4,0.9150766337416686,0.5081188003566135
TIC_7439481,0,Success,252.25560092926025,1.0022095575379246,20,0.4794587676443236,0.4900440560186077
TIC_82707763,0,Success,25.591421842575073,0.1558734819095855,2,0.1492680995259208,
TIC_83053699,0,Success,22.927011013031006,0.7899010459197786,7,,0.11975533591572071
TIC_83210867,0,Success,1.5730969905853271,2.1088921331516675,6,0.6344045181472611,0.9088806759375033
TIC_86280613,0,Success,43.62506103515625,70.44372858234266,4,0.08198467521726556,0.9579241313627885
TIC_81429971,0,Success,154.75618815422058,1.5946570060271863,8,0.5191592925914763,0.6919999467432435
TIC_82362447,0,Success,153.1083390712738,1.3412702932756473,6,0.38700807594060443,0.4753455962833
TIC_86451883,0,Success,73.34323692321777,0.8690346956031247,11,0.8139238196053034,0.5212785748466617
TIC_81212286,0,Success,214.17489910125732,0.9715886081456042,36,0.46311465011867536,0.6776573670024625
TIC_87044036,0,Success,37.601561069488525,0.8440204476555629,9,0.8912202853598455,0.32806721902965963
TIC_89643259,0,Success,22.52271604537964,3.3084577171094955,10,,0.3043676186739651
TIC_89535068,0,Success,43.64825510978699,0.006738430548428183,3,0.5173701584425905,
TIC_89510024,0,Success,68.70465517044067,5.4318590505985105,12,0.6280137030759234,0.46192885992889604
TIC_89702406,0,Success,44.4072208404541,25.288288725894446,3,0.6769444146698886,0.40097403798214704
TIC_89759617,0,Success,27.4740207195282,1.7176365353439471,12,,-0.1783500435003996
TIC_86005116,0,Success,190.11425399780273,0.9450602272251174,52,0.436651206654666,0.46304461086892945
TIC_89876424,0,Success,29.964626789093018,0.6798928214447277,6,0.49710299181116574,0.4728008410986122
TIC_9032368,0,Success,67.47844672203064,1.9213415585801907,9,-0.05861724330559739,-0.035571440462133716
TIC_9102327,0,Success,4.923161029815674,3.4163961345662943,8,0.3884767232573823,0.3320437765544343
TIC_91576611,0,Success,1.1955928802490234,13.628041698387715,6,,0.4236703073513284
TIC_9033144,0,Success,76.16387510299683,217.95478982028337,4,0.19523032164225698,0.9900234646889374
TIC_92013169,0,Success,21.765603065490723,1.0194601132108545,11,,0.2375216689687581
TIC_91869778,0,Success,27.197351932525635,6.8093557707431005,5,0.4338832154755007,0.5826865522653966
TIC_90544017,0,Success,106.88277673721313,3.5870971931208833,5,-0.2814666921288694,-0.13499095277251574
TIC_92783821,0,Success,37.084264039993286,0.5798349257375494,4,0.568263859982316,
TIC_92359850,0,Success,43.459325313568115,69.79915929203719,3,0.2620438536773769,
TIC_90504905,0,Success,126.84130907058716,1.5689617363291886,3,0.7126125286071595,0.6224792405729073
TIC_93963408,0,Success,20.9661922454834,0.6918516525756934,10,,0.41155204538336987
TIC_93594834,0,Success,35.16602110862732,1.3478858300518393,8,,0.7980161107087567
TIC_90448944,0,Success,171.31294584274292,2.3515398271518704,3,-0.12416266878066137,
TIC_95122849,0,Success,32.04295015335083,,1,0.09238838954713158,
TIC_95129101,0,Success,37.77342700958252,1.9276484907347111,6,0.5058227846863547,0.47990375391602996
TIC_97158538,0,Success,23.857858180999756,0.5215900143736817,9,,0.2856249724179613
TIC_96291218,0,Success,34.99217891693115,0.09354494514746453,2,0.13698354332491866,
TIC_64836837,0,Success,927.4232649803162,0.6513044406404729,40,,0.008516984389277725
TIC_9727392,0,Success,62.822627782821655,19.68818952530488,4,0.6246961077167166,0.38468948674341014
TIC_95010343,0,Success,136.44584894180298,0.7290338684246255,21,,-0.006551360774276203
TIC_98286422,0,Success,88.5955822467804,2.1268594269230965,7,0.4354983993020741,0.4160583591311059
TIC_9830791,0,Success,76.27092599868774,1.1315292309356375,3,0.8202206405954141,
TIC_9837861,0,Success,9.515676021575928,0.30524214609454225,5,,0.5561061454319213
TIC_98494121,0,Success,8.1473867893219,0.918199990983204,7,0.3804513534294641,0.3049692262435717
TIC_96246348,0,Success,229.34782528877258,29.939478999320034,34,,0.26622376087145566
TIC_98613492,0,Success,48.83550572395325,1.1751438847096551,17,,0.6687003268986977
TIC_99330090,0,Success,65.2634391784668,16.72724199034055,2,0.4144532950065854,
TIC_101395259,0,Success,30.61543917655945,0.48595535925670924,2,0.24887104782118893,
TIC_100589632,0,Success,62.2593731880188,1.9335535819484677,5,0.5613094544815724,0.41938557937501997
TIC_100267480,0,Success,103.11214900016785,2.1924766439354046,22,0.3450433847590506,0.36236767901400085
TIC_101929303,0,Success,37.36476492881775,0.002252137364791535,2,0.38475601765362233,
TIC_101497191,0,Success,51.710378885269165,0.3180678785287374,6,0.672154692585438,0.3229562506111266
TIC_97700520,0,Success,343.6921548843384,86.43891541914032,4,-0.008587511641952515,
TIC_104195270,0,Success,37.65403389930725,0.06501990282039363,2,0.3789513289559358,0.3432227959406395
TIC_104022675,0,Success,53.58603119850159,1.1698837071903894,34,,0.48251937141456447
TIC_103245940,0,Success,74.58469796180725,0.6821188269595071,7,0.45301150241515237,0.4524966596023676
TIC_105801221,0,Success,21.603485822677612,1.055678837263746,8,0.2552978044924198,0.12682709925954025
TIC_106114491,0,Success,41.19822812080383,0.26553509463005187,2,0.5208878911568906,
TIC_106997505,0,Success,36.550747871398926,0.5236793839484251,8,0.470830810178451,0.45753722102824884
TIC_9804616,0,Success,376.6024250984192,1.1244905128352725,41,0.5655322167327737,0.4731873088463093
TIC_107728509,0,Success,40.484835147857666,0.7956812648081869,6,-0.10321708574973253,0.5849085744463822
TIC_97735297,0,Success,444.20468401908875,0.6149024375381121,18,0.2000730349701506,0.33887868567112917
TIC_108835813,0,Success,45.42141795158386,2.472813506729441,38,,0.4360872986136715
TIC_106224626,0,Success,93.14008927345276,1.3214072076112464,8,0.6023406027058613,0.6056456782570296
TIC_108939482,0,Success,34.96159219741821,1.5482731640243719,18,,0.48428971935368603
TIC_11111899,0,Success,24.52700185775757,0.738061790109128,11,,0.519994147763477
TIC_110936761,0,Success,40.29922890663147,1.5582888315630332,8,0.5469135273817759,0.7843552710689132
TIC_1101909431,0,Success,64.08012223243713,0.60762307605822,7,0.2912100832634836,0.45616346664738816
TIC_113295476,0,Success,18.628193616867065,0.8427244528283276,14,,0.3285863138457754
TIC_110428269,0,Success,73.46696209907532,1.7010744214342426,24,,0.5221080613747378
TIC_105387356,0,Success,195.92487502098083,1.3553404249798404,18,0.3995688752822411,0.6082585009272301
TIC_113919944,0,Success,29.26600980758667,1.5750289602897398,17,,0.8331882440329607
TIC_114103134,0,Success,22.074599027633667,1.3002267930034106,7,0.5515166993796085,0.6495811536284845
TIC_115242351,0,Success,48.237483978271484,23.216799967930264,3,0.2456474825851365,
TIC_115446313,0,Success,55.33582615852356,1.5392221114983127,20,,-0.1765966752975625
TIC_112395568,0,Success,128.29310011863708,0.35962713536623214,5,0.599898139729111,0.4243805561733983
TIC_108645766,0,Success,233.4388952255249,0.7824981785176492,8,0.8579746788563498,0.4079741312210009
TIC_116608612,0,Success,24.199750900268555,12.304319606810521,6,0.375726286590751,0.39266040308370354
TIC_113553629,0,Success,143.2376687526703,1.338850686063242,3,0.5487096980311356,
TIC_116257066,0,Success,47.47516584396362,0.738595283672948,4,0.3680343462507351,
TIC_117068362,0,Success,28.85915493965149,1.1607325562655566,7,0.47152301044941736,0.3254067185398419
TIC_115564354,0,Success,70.5815680027008,0.7133427035668458,15,0.3285878522021901,0.45251686363565824
TIC_118021229,0,Success,16.64923596382141,0.4688893802987482,7,,-0.04614612753869263
TIC_1133072,0,Success,183.9078106880188,0.6098006171614414,21,0.444949327941321,0.5647733318196049
TIC_118301361,0,Success,9.652551889419556,12.377398054614568,7,0.5577168456999244,0.7409866902091
TIC_117322779,0,Success,49.93370604515076,4.263519899990433,2,0.10380836981055153,
TIC_117256577,0,Success,61.25050616264343,1.66832957157765,16,0.45189081711082457,0.5273320127927499
TIC_117689799,0,Success,52.412590980529785,2.6472480181025286,9,0.4216924438705184,0.5251729232866833
TIC_118308828,0,Success,27.541773080825806,1.0539864102021643,6,0.8224455943128043,0.42542059801422955
TIC_117979694,0,Success,77.53821802139282,9.670650926294735,25,0.3244185943138197,0.9262880938925737
TIC_120602501,0,Success,14.386009931564331,36.89032381786441,4,0.6857251682218123,-0.15785482282844895
TIC_12036590,0,Success,45.71893310546875,25.65929375152574,3,0.6790753308861439,
TIC_120585579,0,Success,39.17485070228577,3.7123039235508397,4,0.2565630575478271,0.2378799819140582
TIC_121966220,0,Success,8.70670199394226,13.034167503553698,4,0.3018453442834153,
TIC_122262940,0,Success,0.4605598449707031,3.511861579089806,3,,-0.21250163370223135
TIC_119081096,0,Success,76.71341896057129,0.68760978996921,22,0.33517734890610773,0.46487534682859233
TIC_120723776,0,Success,20.104058265686035,1.1518175237033765,8,0.426037407181591,0.41443959154351484
TIC_122220263,0,Success,12.778090000152588,273.71639877691337,2,-0.107238682645012,
TIC_11996814,0,Success,68.33748984336853,1.032868775749134,45,,0.547890694562541
TIC_124702477,0,Success,0.7750499248504639,2.0150512130660743,9,,0.7761272687451971
TIC_124543547,0,Success,8.344856023788452,32.14371631934772,3,0.3886149042171538,
TIC_123106490,0,Success,18.664042949676514,0.4325500716421626,7,0.6611748326843343,0.6288439745480277
TIC_124095888,0,Success,19.23638105392456,1.0841525779554495,22,,0.6308347356627837
TIC_127425841,0,Success,0.5566730499267578,,1,,0.6178707163072082
TIC_126733133,0,Success,13.770480155944824,1.2760391816550722,12,,0.4090753826692464
TIC_127315102,0,Success,7.149884223937988,,1,0.17609521271900053,
TIC_120269103,0,Success,91.82201194763184,299.07192524304367,3,0.3797730292532937,
TIC_128463355,0,Success,10.364635944366455,145.8550915874857,4,0.474458382714899,0.22052262934592043
TIC_127476180,0,Success,17.513318061828613,1.1506872930269871,8,0.8053418200732791,0.7235884388052803
TIC_127793615,0,Success,23.10785722732544,44.87795312594525,3,-0.06347093117806824,
TIC_129539786,0,Success,0.7712829113006592,2.7967348777654895,10,,0.2855107125538474
TIC_122485078,0,Success,66.07969093322754,2.86846288834962,3,0.4641272221105893,-0.017352478075077084
TIC_129107501,0,Success,26.007885217666626,4.345199115243957,7,0.1231595695755439,0.2797738254431597
TIC_129881395,0,Success,15.196968078613281,4.340988073650466,20,,0.29245230278860257
TIC_128501004,0,Success,44.023224115371704,1.2139309672293337,35,,0.25386575512781806
TIC_13023738,0,Success,14.198981046676636,0.5388144106242055,8,,-0.16760908396931587
TIC_125894957,0,Success,76.83229494094849,1.059201897285312,8,0.35499462699504053,0.45671685607015217
TIC_130191319,0,Success,20.80663800239563,1.2148986951999294,12,0.511062922551694,0.7148943612950333
TIC_130611752,0,Success,18.859451055526733,1.739401847309556,11,0.45928604712277743,0.8511756247143025
TIC_131419878,0,Success,11.578274011611938,0.6047580093375327,6,0.08535864160024238,0.2603762239630664
TIC_129432342,0,Success,49.04098200798035,2.7154855105716065,10,0.5636878293976039,0.5903339602940674
TIC_131979339,0,Success,6.990764141082764,4.018020857797316,10,,-0.010137118809036961
TIC_131081852,0,Success,19.508359909057617,,1,-0.1083547341176419,
TIC_132320310,0,Success,7.152077913284302,3.8648745271877787,16,0.3446765857948333,0.44424381073551167
TIC_131581531,0,Success,19.405838012695312,0.4452477323720217,9,0.7758889359537436,0.24170523262509327
TIC_133505138,0,Success,16.21233892440796,0.8682267911772154,9,0.8510246615090336,0.41313093627836933
TIC_134315574,0,Success,13.04154896736145,0.3747320970073278,8,,0.5594626642146585
TIC_131581522,0,Success,35.10672903060913,0.18405070282674343,7,0.3605937260472429,0.36376395338045237
TIC_136848581,0,Success,20.530417919158936,2.6263376414128583,5,,0.10179677100766783
TIC_132534906,0,Success,42.74278807640076,5.064105336720625,14,0.2788344679029405,0.8124316733891984
TIC_133654092,0,Success,41.53140997886658,1.1530861527121923,12,0.9260168254062898,0.547178993475455
TIC_136971594,0,Success,26.27859115600586,1.0116743384918663,13,,0.3211292980159958
TIC_135083444,0,Success,42.38002920150757,0.7203070597380136,7,0.23665944605094524,0.2342840488557978
TIC_134396419,0,Success,50.60742712020874,0.8726485588334307,6,0.36951060003657576,0.8079630855945593
TIC_138017750,0,Success,17.001407146453857,6.729001266864671,8,,0.8823741127250722
TIC_137543637,0,Success,32.061490058898926,2.0879056673749075,14,,0.42107988342038427
TIC_137500798,0,Success,49.51335620880127,1.1011363939137875,18,,-0.05423295744833509
TIC_138497780,0,Success,34.10782313346863,3.109062275317015,7,0.14468563483142222,0.20468497146333264
TIC_137157546,0,Success,72.81563329696655,1.1019031511830444,6,0.31084548652853355,0.6938999542441766
TIC_138361973,0,Success,52.05905222892761,2.0445466623451045,15,0.4154146194518914,0.659446130007249
TIC_139285736,0,Success,6.7614240646362305,,1,0.379093612787626,0.17545688771676302
TIC_138968089,0,Success,34.26354098320007,1.8872753038250902,7,0.12674726111850837,0.6749928788507754
TIC_140830390,0,Success,14.719571113586426,14.51616717603747,3,0.7562603900799022,
TIC_139118482,0,Success,46.985836029052734,2.6256939361158684,2,0.06785492224105746,
TIC_1400770435,0,Success,37.10255718231201,,0,0.2845815004173642,
TIC_1405997635,0,Success,48.02622628211975,1.800654571153949,12,0.592001165071228,0.4495698096114022
TIC_141412823,0,Success,22.304961919784546,,1,0.12352261357036673,
TIC_141227133,0,Success,45.265547037124634,2.615229308006473,8,0.5393647857127666,0.5175880380575313
TIC_137284119,0,Success,137.0295102596283,1.821388907505605,10,0.5033715055455986,0.4850818703646828
TIC_141631253,0,Success,24.659368991851807,0.7089845523406026,14,,0.398715375332245
TIC_141405814,0,Success,62.98002624511719,3.008229608874474,20,,0.6376621568402175
TIC_141776043,0,Success,39.237059116363525,1.3783550810759906,6,0.5879891640472361,0.4991951052382404
TIC_142090065,0,Success,24.676495790481567,1.9731412522171288,3,0.08824707501337226,
TIC_142087638,0,Success,33.154128074645996,0.9824156442110247,4,0.09330145423912682,0.6934374317018346
TIC_142918609,0,Success,19.805145025253296,32.454637376352174,2,-0.053824104190454074,
TIC_141616639,0,Success,83.87431979179382,360.9987921824679,42,0.409421025122104,0.07773805683486455
TIC_143350972,0,Success,25.26813006401062,0.824685397200099,23,,0.4433702539647108
TIC_144043410,0,Success,12.748848915100098,14.371615532562522,4,0.23335278881263263,
TIC_144440290,0,Success,39.90481209754944,91.2242400140743,2,0.449215489308432,
TIC_1449756,0,Success,1.0139100551605225,1.614032777462677,2,0.32780556769245783,
TIC_143526444,0,Success,84.40621399879456,1.4175383621825675,2,-0.026591139037810338,
TIC_145982812,0,Success,8.004869937896729,0.9286324769834989,6,,-0.18004407526232036
TIC_141663464,0,Success,145.16851115226746,13.608619703280198,15,0.36859563843222765,0.4061568211435347
TIC_146208651,0,Success,6.766457796096802,1.5638436198646142,4,0.9830082287155427,
TIC_143032776,0,Success,109.85688281059265,59.60987711410309,3,0.43981954014486,
TIC_146261607,0,Success,9.051139831542969,7.033325387859053,22,,0.40426692797085145
TIC_146434840,0,Success,1.224912166595459,5.9228406675809575,3,0.11899959976605035,
TIC_146244533,0,Success,17.237969875335693,0.5273062208392378,2,0.44131725016568046,
TIC_146467675,0,Success,14.092607975006104,1.0157895900165799,15,,0.10119174510614526
TIC_144956678,0,Success,107.38418221473694,2.155385462008012,15,0.6045401547749703,0.5484928492789993
TIC_146836153,0,Success,30.94699215888977,0.35775490445671265,8,0.7188595084333746,0.46149846047022103
TIC_145027461,0,Success,87.79217004776001,0.9539255572235673,22,,0.6522319699474531
TIC_147340931,0,Success,17.47649383544922,13.695475955719076,6,0.7826045648866349,-0.06897572771770127
TIC_147895461,0,Success,17.48338794708252,2.296498845218721,5,0.4033790950733975,-0.13448451830460295
TIC_147660201,0,Success,30.737555027008057,0.8839074863632629,39,,0.2701631753470664
ZTF_J1230-2655,1,Success,13243.596424341202,,0,-0.003463662379185206,-0.0032444174033552805
TIC_148233571,0,Success,30.51709294319153,0.5529943960867981,23,,0.3435334024124232
TIC_148659924,0,Success,35.079153299331665,0.2247500674695844,3,0.4598396505385797,
TIC_150271680,0,Success,31.739293098449707,2.393535245821084,9,0.006555879813261958,0.09904336353817891
TIC_149282072,0,Success,52.82704305648804,5.9433983161722335,3,0.3981815475988754,
TIC_147576037,0,Success,127.04071807861328,0.03565772889159641,2,0.36095660481227054,
TIC_151930063,0,Success,12.093693017959595,3.197203785267621,9,,0.2989381988238643
TIC_151959065,0,Success,18.77579689025879,0.6548317641407854,2,0.3087368914204834,
TIC_146463781,0,Success,185.32211685180664,0.6380556932713276,54,0.31953377844576153,0.6031992062385851
TIC_153027658,0,Success,22.1834077835083,0.8045263033924263,10,0.27314685951724377,-0.006674261905790644
TIC_151728428,0,Success,68.76903104782104,,1,0.22269801195748298,
TIC_15247229,0,Success,52.99521207809448,0.49366686971485385,3,0.42034321926880064,
TIC_153651591,0,Success,10.501044988632202,1.7832767758175774,4,-0.11886377682050389,
TIC_152714791,0,Success,49.449265003204346,1.4078895004160799,30,,0.7550222652954844
TIC_154867950,0,Success,17.862852096557617,0.8195290135608125,9,,0.48552765255665986
TIC_154927364,0,Success,24.626749992370605,1.752217336191617,4,0.3218739277858994,0.3853170625706725
TIC_15565627,0,Success,0.640233039855957,1.455599330902295,7,,0.6898878899742616
TIC_155005217,0,Success,17.91773796081543,7.265952374529449,3,0.1582634477371804,
TIC_155114483,0,Success,17.191296100616455,3.080174344383609,2,0.4013387308875461,
TIC_149126400,0,Success,173.22413611412048,0.9254341314841483,29,0.06588004264127494,0.5441777877779181
TIC_156678143,0,Success,0.7540409564971924,4.203434890473696,3,0.12719396791957652,
TIC_154459165,0,Success,50.539835929870605,6.771257402241638,8,0.5239335761875082,0.8213002413868068
TIC_155807906,0,Success,21.46156597137451,0.5675320452818023,13,,0.5995237233319811
TIC_155995204,0,Success,23.913519144058228,0.21216533352783815,2,-0.040397477679767736,
TIC_15682927,0,Success,14.593222856521606,3.2004106896365756,11,,0.06514991873512173
TIC_156816238,0,Success,24.568302869796753,29.782041356927728,21,,0.8165625285340254
TIC_157568289,0,Success,9.658536195755005,0.35618157283351237,5,0.5404276915388291,0.15500448788136567
TIC_156991337,0,Success,26.453343868255615,295.50193512114447,2,0.18122808161005616,
TIC_157528286,0,Success,25.9652419090271,0.6883750660952398,13,,0.43943301108035643
TIC_155947004,0,Success,54.346887826919556,1.6133128228064133,2,0.9094181375616882,
TIC_15827263,0,Success,31.215693950653076,2.1220113645462195,2,0.6209410401616001,
TIC_158555987,0,Success,18.084944009780884,0.8372214713928828,5,0.7912902977875643,-0.17510401152189556
TIC_158916431,0,Success,16.26383090019226,42.671442128257326,10,,0.5606053930267416
TIC_142938659,0,Success,440.3762140274048,1.446345350305704,84,0.1649152552397713,0.6846129015682032
TIC_159334269,0,Success,29.14064311981201,1.5284916982542602,19,,0.5950003494853879
TIC_160268701,0,Success,23.20404314994812,4.4807207789327546,2,0.17556215735157163,
TIC_158551257,0,Success,54.20417904853821,1.349739040140491,30,,0.5960863406508804
TIC_161156159,0,Success,9.58463191986084,0.27843758246264555,10,,0.3554436885852248
TIC_160162987,0,Success,38.3727171421051,22.039563926134,3,0.3726866906509169,
TIC_159510109,0,Success,41.27440118789673,82.15540337005372,4,0.40601761598971564,-0.11523036338745218
TIC_16102323,0,Success,27.92522692680359,7.065280591214669,6,0.25780338177312523,0.47369437562215766
TIC_146846569,0,Success,342.11827874183655,0.85937473681481,5,0.5365105921193227,0.47540040040772197
TIC_162246865,0,Success,19.570080041885376,0.7183526492398308,19,,0.21167743533630418
TIC_16187321,0,Success,23.86353302001953,1.359911883491909,4,0.31150330446430685,0.42586152278922695
TIC_166697854,0,Success,1.132457971572876,3.0196786620418474,9,,0.31991263897456795
TIC_162577466,0,Success,23.77172017097473,0.5101357278027915,5,0.5319151050931457,0.48408679166223756
TIC_166190643,0,Success,15.571245908737183,0.43449977377666893,5,0.48929477594398774,0.15650511691574406
TIC_167009792,0,Success,12.902421951293945,0.4745003230129361,12,,-0.09968664493085098
TIC_162729620,0,Success,29.422919034957886,0.44318161939822875,7,0.690850050546159,-0.16107462295097286
TIC_161450762,0,Success,40.27147889137268,5.808073164375728,4,0.4883930900429924,
TIC_167418898,0,Success,37.95581102371216,0.004489355245848292,2,0.13631437933954874,
TIC_169177766,0,Success,0.7375040054321289,0.41143351000563416,6,,0.27075081473014945
TIC_168871868,0,Success,38.630703926086426,0.719006392032411,2,0.38584319018273283,
TIC_167098530,0,Success,45.32469320297241,1.7142838903979913,12,0.7705357581777562,0.4416536609079077
TIC_167754523,0,Success,55.27624702453613,0.71461971571553,16,0.837087141991822,0.4629111220055238
TIC_169532369,0,Success,21.374783039093018,3.7869774414183253,6,0.49633335452261484,0.6914700423503591
TIC_17005768,0,Success,23.136911153793335,4.283009809461749,4,0.4095071920326937,
TIC_165523947,0,Success,99.91165494918823,8.728700980661408,2,0.05888282624606068,
TIC_169187982,0,Success,34.45988392829895,0.3731009241788866,14,0.34567530062582275,0.5550176041932341
TIC_170103435,0,Success,19.328563928604126,0.6448086439459338,11,0.903055423700985,0.3266485563549478
TIC_1100766816,0,Success,13.280492067337036,2.4912514438363207,6,0.23199769342021304,0.7875080404432466
TIC_166184426,0,Success,117.43664288520813,8.608746067244471,3,0.42108853539812013,
TIC_167031605,0,Success,117.00012707710266,3.1465320610423513,8,0.8460900660137894,0.4936363611061843
TIC_1400212743,0,Success,23.95042610168457,0.8932110394183851,4,-0.009751556769875377,0.30549657687644344
TIC_1001477809,0,Success,42.91764688491821,0.6543864798914418,2,0.5036875251636438,
LSPM_J2116+0234,1,Success,73.35243511199951,0.08315588136137174,3,0.5591814944155574,0.3888572908564039
TIC_1965256662,0,Success,26.138960123062134,0.4139814960303119,6,0.4899075940692407,0.4074445602934672
TIC_161687209,0,Success,52.488243103027344,2.744111884250571,14,0.5823486402708636,0.3987434274050387
TIC_1717732429,0,Success,46.185566902160645,8.97612591819474,4,0.6000142995600289,
TIC_1976308113,0,Success,48.32095384597778,0.2708218117443066,10,0.517663311584023,0.30395411034139524
TIC_1979500576,0,Success,43.856847047805786,0.4696464005853408,10,0.960501731804401,0.34822789372430263
TIC_365683032,0,Success,15.161454677581787,0.9506373808603992,19,,0.6093338951621355
TIC_258777134,0,Success,45.58784484863281,8.022358875453342,5,0.6245239354559105,0.5955999684364416
TIC_387664868,0,Success,40.544214963912964,1.9642080355213514,10,0.5804199993140928,0.6666148153031981
TIC_2041563029,0,Success,88.29782104492188,0.46245225296419384,2,0.20297218133563688,
TIC_286696848,0,Success,71.95230793952942,7.094251247618133,2,0.20199967699831334,
TIC_841226527,0,Success,53.962928771972656,,1,0.46263484618049444,
TIC_139034625,1,Success,51.34522104263306,0.5848909278303646,9,0.04310909562025391,0.7213344172717956
TIC_281837575,1,Success,48.96848273277283,4.964443569406256,5,0.2112905130142853,0.25960156668470097
TIC_271040560,1,Success,45.3656268119812,1.0175211711159415,19,,0.7839855060463937
Teegarden's_Star,1,Success,220.00284600257874,1.4485469942402391,4,0.4451969038791495,0.96021300273526
TIC_24133681,1,Success,41.24912405014038,189.2040583175283,32,,0.6307378984399127
TIC_120610833,1,Success,61.271743059158325,2.602576731573714,8,0.41915483762903455,0.3474067833970868
TIC_417931300,1,Success,67.52694892883301,5.3054494933383305,5,0.5799707811647543,0.7316992242959038
TIC_26583108,1,Success,31.01571011543274,0.7951434224043953,10,0.270423350463381,0.608001885470127
TIC_190496853,1,Success,22.444738149642944,42.87188163042669,3,0.20782468269452414,0.5457465579025133
TIC_458350670,1,Success,35.081905126571655,0.91220034008551,36,,0.27528829554622125
TIC_158588995,1,Success,74.51108026504517,0.8763679693489085,12,0.49407418500051536,0.3905344547065731
TIC_441712711,1,Success,76.96907591819763,90.60949675394862,9,0.41421931686325414,0.09342939987745418
WD_1856534,1,Success,15787.104622125626,,0,0.12578978503011623,0.12021299971631204
WD_1856+534,1,Success,5756.578115701675,,0,0.12578995677463203,0.1202130425598832
