host,label,APOGEE_DR17,GALAH_DR3,LAMOST_DR7,GaiaESO_DR5,any_survey
11_Com,1.0,False,False,False,False,False
11_UMi,1.0,True,False,False,False,True
14_And,1.0,False,False,False,False,False
14_Her,1.0,False,False,False,False,False
16_Cyg_B,1.0,False,False,False,False,False
17_Sco,1.0,True,False,False,False,True
18_Del,1.0,False,False,False,False,False
1RXS_J160929.1-210524,1.0,True,False,False,False,True
24_Boo,1.0,False,False,False,False,False
24_Sex,1.0,False,False,False,False,False
2MASS_J01033563-5515561_A,1.0,False,False,False,False,False
2MASS_J01225093-2439505,1.0,False,False,False,False,False
2MASS_J02192210-3925225,1.0,False,False,False,False,False
2MASS_J0249-0557_A,1.0,False,False,False,False,False
2MASS_J03590986+2009361,1.0,False,False,False,False,False
2MASS_J04372171+2651014,1.0,False,False,False,False,False
2MASS_J04414489+2301513,1.0,False,False,False,False,False
2MASS_J11011926-7732383,1.0,False,False,False,False,False
2MASS_J11550485-7919108,1.0,False,False,False,False,False
2MASS_J12073346-3932539,1.0,False,False,False,False,False
2MASS_J16262785-2625152,1.0,False,False,False,False,False
2MASS_J19383260+4603591,1.0,False,False,False,False,False
2MASS_J21252752-8138278,1.0,False,False,False,False,False
2MASS_J22362452+4751425,1.0,False,False,False,False,False
2MASS_J22501512+2325342,1.0,False,False,False,False,False
47_UMa,1.0,False,False,False,False,False
4_UMa,1.0,True,False,False,False,True
51_Eri,1.0,False,False,False,False,False
51_Peg,1.0,False,False,False,False,False
55_Cnc,1.0,False,False,False,False,False
55_Cnc_B,1.0,False,False,False,False,False
61_Vir,1.0,False,False,False,False,False
6_Lyn,1.0,False,False,False,False,False
70_Vir,1.0,False,False,False,False,False
75_Cet,1.0,False,False,False,False,False
7_CMa,1.0,False,False,False,False,False
8_UMi,1.0,False,False,False,False,False
91_Aqr,1.0,False,False,False,False,False
AB_Aur,1.0,False,False,False,False,False
AB_Pic,1.0,True,False,False,False,True
AF_Lep,1.0,False,False,False,False,False
AT2021ueyL,1.0,False,False,False,False,False
AU_Mic,1.0,False,False,False,False,False
BD+03_2562,1.0,False,False,False,False,False
BD+05_4868_A,1.0,False,False,False,False,False
BD+14_4559,1.0,False,False,False,False,False
BD+15_2375,1.0,False,False,False,False,False
BD+15_2940,1.0,False,False,False,False,False
BD+20_2457,1.0,False,False,False,False,False
BD+20_274,1.0,False,False,False,False,False
BD+20_594,1.0,False,False,False,False,False
BD+37_3172,1.0,False,False,False,False,False
BD+42_2315,1.0,True,False,False,False,True
BD+45_564,1.0,False,False,False,False,False
BD+48_738,1.0,False,False,False,False,False
BD+49_828,1.0,False,False,False,False,False
BD+55_362,1.0,False,False,False,False,False
BD+60_1417,1.0,False,False,False,False,False
BD+63_1405,1.0,True,False,False,False,True
BD-06_1339,1.0,False,False,False,False,False
BD-08_2823,1.0,False,False,False,False,False
BD-10_3166,1.0,False,False,False,False,False
BD-11_4672,1.0,False,False,False,False,False
BD-13_2130,1.0,False,False,False,False,False
BD-14_3065_A,1.0,False,False,False,False,False
BD-210397,1.0,False,False,False,False,False
BEBOP-3,1.0,False,False,False,False,False
BEBOP-4_A,1.0,True,False,False,False,True
Barnard's_star,1.0,False,False,False,False,False
CD-35_2722,1.0,False,False,False,False,False
CD_Cet,1.0,False,False,False,False,False
CI_Tau,1.0,True,False,False,False,True
COCONUTS-2_A,1.0,False,False,False,False,False
CT_Cha,1.0,False,False,False,False,False
CoRoT-1,1.0,False,False,False,False,False
CoRoT-10,1.0,False,False,False,False,False
CoRoT-11,1.0,False,False,False,False,False
CoRoT-12,1.0,False,False,False,False,False
CoRoT-13,1.0,False,False,False,False,False
CoRoT-14,1.0,False,False,False,False,False
CoRoT-16,1.0,False,False,False,False,False
CoRoT-17,1.0,False,False,False,False,False
CoRoT-18,1.0,False,False,False,False,False
CoRoT-19,1.0,False,False,False,False,False
CoRoT-2,1.0,False,False,False,False,False
CoRoT-20,1.0,False,False,False,False,False
CoRoT-21,1.0,False,False,False,False,False
CoRoT-22,1.0,False,False,False,False,False
CoRoT-23,1.0,False,False,False,False,False
CoRoT-24,1.0,False,False,False,False,False
CoRoT-25,1.0,False,False,False,False,False
CoRoT-26,1.0,False,False,False,False,False
CoRoT-28,1.0,False,False,False,False,False
CoRoT-29,1.0,False,False,False,False,False
CoRoT-3,1.0,False,False,False,False,False
CoRoT-30,1.0,False,False,False,False,False
CoRoT-31,1.0,False,False,False,False,False
CoRoT-32,1.0,False,False,False,True,True
CoRoT-4,1.0,False,False,False,False,False
CoRoT-5,1.0,False,False,False,False,False
CoRoT-6,1.0,False,False,False,False,False
CoRoT-7,1.0,True,False,False,False,True
CoRoT-8,1.0,False,False,False,False,False
CoRoT-9,1.0,True,False,False,False,True
DENIS-P_J082303.1-491201,1.0,False,False,False,False,False
DE_CVn,1.0,False,False,False,False,False
DH_Tau,1.0,True,False,False,False,True
DMPP-1,1.0,False,False,False,False,False
DMPP-2,1.0,False,False,False,False,False
DMPP-3_A,1.0,False,False,False,False,False
DMPP-4,1.0,True,False,False,False,True
DMPP-6,1.0,False,False,False,False,False
DMPP-7,1.0,False,False,False,False,False
DMPP-8,1.0,False,False,False,False,False
DMPP-9,1.0,False,False,False,False,False
DP_Leo,1.0,False,False,False,False,False
DS_Tuc_A,1.0,False,False,False,False,False
EPIC_201170410,1.0,True,False,False,False,True
EPIC_201238110,1.0,False,False,False,False,False
EPIC_201427007,1.0,True,False,False,False,True
EPIC_201497682,1.0,True,False,False,False,True
EPIC_201595106,1.0,False,False,False,False,False
EPIC_201757695,1.0,False,False,False,False,False
EPIC_201841433,1.0,False,False,False,False,False
EPIC_206024342,1.0,True,False,False,False,True
EPIC_206032309,1.0,True,False,False,False,True
EPIC_206042996,1.0,True,False,False,False,True
EPIC_206317286,1.0,True,False,False,False,True
EPIC_211822797,1.0,False,False,False,False,False
EPIC_211945201,1.0,False,False,False,False,False
EPIC_212297394,1.0,False,False,False,False,False
EPIC_212424622,1.0,False,False,False,False,False
EPIC_212499991,1.0,False,False,False,False,False
EPIC_212587672,1.0,False,False,False,False,False
EPIC_212624936,1.0,False,False,False,False,False
EPIC_212737443,1.0,False,False,False,False,False
EPIC_220492298,1.0,False,False,False,False,False
EPIC_220674823,1.0,True,False,False,False,True
EPIC_228836835,1.0,False,False,False,False,False
EPIC_229004835,1.0,False,False,False,False,False
EPIC_246851721,1.0,False,False,False,False,False
EPIC_248847494,1.0,False,False,False,False,False
EPIC_249893012,1.0,False,False,False,False,False
FU_Tau,1.0,True,False,False,False,True
GJ_1002,1.0,False,False,False,False,False
GJ_1061,1.0,False,False,False,False,False
GJ_1132,1.0,False,False,False,False,False
GJ_1148,1.0,False,False,False,False,False
GJ_1151,1.0,False,False,False,False,False
GJ_1252,1.0,False,False,False,False,False
GJ_1265,1.0,False,False,False,False,False
GJ_1289,1.0,False,False,False,False,False
GJ_143,1.0,False,False,False,False,False
GJ_15_A,1.0,False,False,False,False,False
GJ_160.2,1.0,False,False,False,False,False
GJ_163,1.0,False,False,False,False,False
GJ_179,1.0,False,False,False,False,False
GJ_180,1.0,False,False,False,False,False
GJ_2030,1.0,True,False,False,False,True
GJ_2056,1.0,False,False,False,False,False
GJ_2126,1.0,False,False,False,False,False
GJ_229,1.0,False,False,False,False,False
GJ_238,1.0,False,False,False,False,False
GJ_251,1.0,False,False,False,False,False
GJ_27.1,1.0,False,False,False,False,False
GJ_273,1.0,True,False,False,False,True
GJ_3021,1.0,False,False,False,False,False
GJ_3082,1.0,False,False,False,False,False
GJ_3090,1.0,False,False,False,False,False
GJ_3138,1.0,False,False,False,False,False
GJ_317,1.0,False,False,False,False,False
GJ_3222,1.0,False,False,False,False,False
GJ_328,1.0,False,False,False,False,False
GJ_3293,1.0,False,False,False,False,False
GJ_3323,1.0,False,False,False,False,False
GJ_3341,1.0,False,False,False,False,False
GJ_3378,1.0,False,False,False,False,False
GJ_338_B,1.0,False,False,False,False,False
GJ_341,1.0,False,False,False,False,False
GJ_3470,1.0,True,False,False,False,True
GJ_3473,1.0,False,False,False,False,False
GJ_3512,1.0,False,False,False,False,False
GJ_357,1.0,False,False,False,False,False
GJ_3634,1.0,False,False,False,False,False
GJ_367,1.0,False,False,False,False,False
GJ_3779,1.0,False,False,False,False,False
GJ_3929,1.0,False,False,False,False,False
GJ_393,1.0,False,False,False,False,False
GJ_3942,1.0,False,False,False,False,False
GJ_3988,1.0,False,False,False,False,False
GJ_411,1.0,False,False,False,False,False
GJ_414_A,1.0,False,False,False,False,False
GJ_422,1.0,False,False,False,False,False
GJ_4274,1.0,False,False,False,False,False
GJ_4276,1.0,False,False,False,False,False
GJ_433,1.0,False,False,False,False,False
GJ_436,1.0,False,False,False,False,False
GJ_463,1.0,False,False,False,False,False
GJ_480,1.0,False,False,False,False,False
GJ_486,1.0,False,False,False,False,False
GJ_504,1.0,False,False,False,False,False
GJ_508.2,1.0,False,False,False,False,False
GJ_514,1.0,False,False,False,False,False
GJ_536,1.0,False,False,False,False,False
GJ_581,1.0,False,False,False,False,False
GJ_625,1.0,False,False,False,False,False
GJ_649,1.0,False,False,False,False,False
GJ_674,1.0,False,False,False,False,False
GJ_676_A,1.0,False,False,False,False,False
GJ_680,1.0,False,False,False,False,False
GJ_682,1.0,False,False,False,False,False
GJ_685,1.0,False,False,False,False,False
GJ_687,1.0,False,False,False,False,False
GJ_720_A,1.0,False,False,False,False,False
GJ_724,1.0,False,False,False,False,False
GJ_740,1.0,False,False,False,False,False
GJ_806,1.0,False,False,False,False,False
GJ_832,1.0,False,False,False,False,False
GJ_849,1.0,False,False,False,False,False
GJ_86,1.0,False,False,False,False,False
GJ_876,1.0,False,False,False,False,False
GJ_887,1.0,False,False,False,False,False
GJ_896_A,1.0,True,False,False,False,True
GJ_900_A,1.0,False,False,False,False,False
GJ_9066,1.0,False,False,False,False,False
GJ_9404,1.0,False,False,False,False,False
GJ_96,1.0,False,False,False,False,False
GJ_9689,1.0,False,False,False,False,False
GJ_9714,1.0,False,False,False,False,False
GJ_9773,1.0,False,False,False,False,False
GJ_9827,1.0,False,False,False,False,False
GPX-1,1.0,False,False,False,False,False
GQ_Lup,1.0,False,False,False,False,False
GU_Psc,1.0,False,False,False,False,False
G_192-15,1.0,False,False,False,False,False
G_196-3,1.0,False,False,False,False,False
G_261-6,1.0,False,False,False,False,False
G_264-012,1.0,False,False,False,False,False
G_268-110,1.0,False,False,False,False,False
G_9-40,1.0,False,False,False,False,False
Gaia-1,1.0,False,False,False,False,False
Gaia-2,1.0,False,False,False,False,False
Gaia-4,1.0,True,False,False,False,True
Gaia-5,1.0,False,False,False,False,False
Gl_378,1.0,False,False,False,False,False
Gl_410,1.0,False,False,False,False,False
Gl_49,1.0,False,False,False,False,False
Gl_686,1.0,False,False,False,False,False
Gl_725_A,1.0,False,False,False,False,False
Gliese_12,1.0,False,False,False,False,False
HAT-P-1,1.0,False,False,False,False,False
HAT-P-11,1.0,True,False,False,False,True
HAT-P-12,1.0,True,False,False,False,True
HAT-P-13,1.0,False,False,False,False,False
HAT-P-14,1.0,False,False,False,False,False
HAT-P-15,1.0,False,False,False,False,False
HAT-P-16,1.0,False,False,False,False,False
HAT-P-17,1.0,False,False,False,False,False
HAT-P-18,1.0,True,False,False,False,True
HAT-P-19,1.0,False,False,False,False,False
HAT-P-2,1.0,True,False,False,False,True
HAT-P-20,1.0,True,False,False,False,True
HAT-P-21,1.0,False,False,False,False,False
HAT-P-22,1.0,False,False,False,False,False
HAT-P-23,1.0,True,False,False,False,True
HAT-P-24,1.0,False,False,False,False,False
HAT-P-25,1.0,False,False,False,False,False
HAT-P-26,1.0,False,False,False,False,False
HAT-P-27,1.0,False,False,False,False,False
HAT-P-28,1.0,False,False,False,False,False
HAT-P-29,1.0,False,False,False,False,False
HAT-P-3,1.0,False,False,False,False,False
HAT-P-30,1.0,False,False,False,False,False
HAT-P-31,1.0,False,False,False,False,False
HAT-P-32,1.0,False,False,False,False,False
HAT-P-33,1.0,False,False,False,False,False
HAT-P-34,1.0,False,False,False,False,False
HAT-P-35,1.0,False,False,False,False,False
HAT-P-36,1.0,True,False,False,False,True
HAT-P-37,1.0,False,False,False,False,False
HAT-P-38,1.0,False,False,False,False,False
HAT-P-39,1.0,False,False,False,False,False
HAT-P-4,1.0,False,False,False,False,False
HAT-P-40,1.0,False,False,False,False,False
HAT-P-41,1.0,False,False,False,False,False
HAT-P-42,1.0,False,False,False,False,False
HAT-P-43,1.0,False,False,False,False,False
HAT-P-44,1.0,True,False,False,False,True
HAT-P-45,1.0,False,False,False,False,False
HAT-P-46,1.0,False,False,False,False,False
HAT-P-49,1.0,False,False,False,False,False
HAT-P-5,1.0,False,False,False,False,False
HAT-P-50,1.0,False,False,False,False,False
HAT-P-51,1.0,False,False,False,False,False
HAT-P-52,1.0,False,False,False,False,False
HAT-P-53,1.0,False,False,False,False,False
HAT-P-54,1.0,False,False,False,False,False
HAT-P-55,1.0,False,False,False,False,False
HAT-P-56,1.0,False,False,False,False,False
HAT-P-57,1.0,False,False,False,False,False
HAT-P-58,1.0,False,False,False,False,False
HAT-P-59,1.0,False,False,False,False,False
HAT-P-6,1.0,False,False,False,False,False
HAT-P-60,1.0,False,False,False,False,False
HAT-P-61,1.0,False,False,False,False,False
HAT-P-62,1.0,False,False,False,False,False
HAT-P-63,1.0,False,False,False,False,False
HAT-P-64,1.0,False,False,False,False,False
HAT-P-65,1.0,False,False,False,False,False
HAT-P-66,1.0,False,False,False,False,False
HAT-P-67,1.0,False,False,False,False,False
HAT-P-68,1.0,False,False,False,False,False
HAT-P-69,1.0,True,False,False,False,True
HAT-P-7,1.0,True,False,False,False,True
HAT-P-70,1.0,True,False,False,False,True
HAT-P-8,1.0,False,False,False,False,False
HAT-P-9,1.0,False,False,False,False,False
HATS-1,1.0,False,False,False,False,False
HATS-10,1.0,False,False,False,False,False
HATS-11,1.0,False,False,False,False,False
HATS-12,1.0,False,False,False,False,False
HATS-13,1.0,False,False,False,False,False
HATS-14,1.0,False,False,False,False,False
HATS-15,1.0,False,False,False,False,False
HATS-16,1.0,False,False,False,False,False
HATS-17,1.0,False,False,False,False,False
HATS-18,1.0,False,False,False,False,False
HATS-2,1.0,False,False,False,False,False
HATS-22,1.0,False,False,False,False,False
HATS-23,1.0,False,False,False,False,False
HATS-24,1.0,False,False,False,False,False
HATS-25,1.0,False,False,False,False,False
HATS-26,1.0,False,False,False,False,False
HATS-27,1.0,False,False,False,False,False
HATS-28,1.0,False,False,False,False,False
HATS-29,1.0,False,False,False,False,False
HATS-3,1.0,False,False,False,False,False
HATS-30,1.0,False,False,False,False,False
HATS-31,1.0,False,False,False,False,False
HATS-32,1.0,False,False,False,False,False
HATS-33,1.0,False,False,False,False,False
HATS-34,1.0,False,False,False,False,False
HATS-35,1.0,False,False,False,False,False
HATS-36,1.0,False,False,False,False,False
HATS-37_A,1.0,False,False,False,False,False
HATS-38,1.0,False,False,False,False,False
HATS-39,1.0,False,False,False,False,False
HATS-4,1.0,False,False,False,False,False
HATS-40,1.0,False,False,False,False,False
HATS-41,1.0,False,False,False,False,False
HATS-42,1.0,False,False,False,False,False
HATS-43,1.0,False,False,False,False,False
HATS-44,1.0,False,False,False,False,False
HATS-45,1.0,False,False,False,False,False
HATS-46,1.0,False,False,False,False,False
HATS-47,1.0,False,False,False,False,False
HATS-48_A,1.0,False,False,False,False,False
HATS-49,1.0,False,False,False,False,False
HATS-5,1.0,False,False,False,False,False
HATS-50,1.0,False,False,False,False,False
HATS-51,1.0,False,False,False,False,False
HATS-52,1.0,False,False,False,False,False
HATS-53,1.0,False,False,False,False,False
HATS-54,1.0,False,False,False,False,False
HATS-55,1.0,False,False,False,False,False
HATS-56,1.0,False,False,False,False,False
HATS-57,1.0,False,False,False,False,False
HATS-59,1.0,False,False,False,False,False
HATS-6,1.0,False,False,False,False,False
HATS-60,1.0,False,False,False,False,False
HATS-61,1.0,False,False,False,False,False
HATS-62,1.0,False,False,False,False,False
HATS-63,1.0,False,False,False,False,False
HATS-64,1.0,False,False,False,False,False
HATS-65,1.0,False,False,False,False,False
HATS-66,1.0,False,False,False,False,False
HATS-67,1.0,False,False,False,False,False
HATS-68,1.0,False,False,False,False,False
HATS-69,1.0,False,False,False,False,False
HATS-7,1.0,False,False,False,False,False
HATS-70,1.0,False,False,False,False,False
HATS-71,1.0,False,False,False,False,False
HATS-72,1.0,False,False,False,False,False
HATS-74_A,1.0,False,False,False,False,False
HATS-75,1.0,False,False,False,False,False
HATS-76,1.0,False,False,False,False,False
HATS-77,1.0,False,False,False,False,False
HATS-8,1.0,False,False,False,False,False
HATS-9,1.0,False,False,False,False,False
HD_100508,1.0,False,False,False,False,False
HD_100546,1.0,False,False,False,False,False
HD_100655,1.0,False,False,False,False,False
HD_100777,1.0,False,False,False,False,False
HD_10180,1.0,False,False,False,False,False
HD_101930,1.0,False,False,False,False,False
HD_102117,1.0,False,False,False,False,False
HD_102195,1.0,False,False,False,False,False
HD_102272,1.0,False,False,False,False,False
HD_102329,1.0,False,False,False,False,False
HD_102843,1.0,False,False,False,False,False
HD_102888,1.0,False,False,False,False,False
HD_102956,1.0,False,False,False,False,False
HD_103197,1.0,False,False,False,False,False
HD_103720,1.0,False,False,False,False,False
HD_103774,1.0,False,False,False,False,False
HD_103891,1.0,False,False,False,False,False
HD_103949,1.0,False,False,False,False,False
HD_104067,1.0,False,False,False,False,False
HD_10442,1.0,False,False,False,False,False
HD_104985,1.0,True,False,False,False,True
HD_105618,1.0,False,False,False,False,False
HD_105779,1.0,False,False,False,False,False
HD_106252,1.0,False,False,False,False,False
HD_106270,1.0,False,False,False,False,False
HD_106315,1.0,True,False,False,False,True
HD_10647,1.0,False,False,False,False,False
HD_106515_A,1.0,False,False,False,False,False
HD_106906,1.0,False,False,False,False,False
HD_10697,1.0,True,False,False,False,True
HD_107148,1.0,False,False,False,False,False
HD_108147,1.0,False,False,False,False,False
HD_108202,1.0,False,False,False,False,False
HD_108236,1.0,False,False,False,False,False
HD_108341,1.0,False,False,False,False,False
HD_108863,1.0,False,False,False,False,False
HD_108874,1.0,False,False,False,False,False
HD_109246,1.0,False,False,False,False,False
HD_109271,1.0,False,False,False,False,False
HD_109286,1.0,False,False,False,False,False
HD_109749,1.0,False,False,False,False,False
HD_10975,1.0,False,False,False,False,False
HD_109833,1.0,False,False,False,False,False
HD_109988,1.0,False,False,False,False,False
HD_110014,1.0,False,False,False,False,False
HD_110067,1.0,False,False,False,False,False
HD_110082,1.0,False,False,False,False,False
HD_110113,1.0,False,False,False,False,False
HD_11112,1.0,False,False,False,False,False
HD_111232,1.0,False,False,False,False,False
HD_111591,1.0,False,False,False,False,False
HD_111998,1.0,False,False,False,False,False
HD_112570,1.0,False,False,False,False,False
HD_112640,1.0,False,False,False,False,False
HD_113337,1.0,False,False,False,False,False
HD_113538,1.0,False,False,False,False,False
HD_113996,1.0,False,False,False,False,False
HD_114082,1.0,False,False,False,False,False
HD_114386,1.0,False,False,False,False,False
HD_114729,1.0,False,False,False,False,False
HD_114783,1.0,False,False,False,False,False
HD_11505,1.0,False,False,False,False,False
HD_11506,1.0,False,False,False,False,False
HD_115404_A,1.0,True,False,False,False,True
HD_115954,1.0,False,False,False,False,False
HD_116029,1.0,False,False,False,False,False
HD_117207,1.0,False,False,False,False,False
HD_11755,1.0,False,False,False,False,False
HD_117618,1.0,False,False,False,False,False
HD_118203,1.0,False,False,False,False,False
HD_11964,1.0,False,False,False,False,False
HD_11977,1.0,False,False,False,False,False
HD_120084,1.0,False,False,False,False,False
HD_121504,1.0,False,False,False,False,False
HD_12235,1.0,False,False,False,False,False
HD_122562,1.0,False,False,False,False,False
HD_124330,1.0,False,False,False,False,False
HD_12484,1.0,False,False,False,False,False
HD_125136,1.0,False,False,False,False,False
HD_125271,1.0,False,False,False,False,False
HD_125390,1.0,False,False,False,False,False
HD_125595,1.0,False,False,False,False,False
HD_125612,1.0,False,False,False,False,False
HD_12648,1.0,False,False,False,False,False
HD_126525,1.0,False,False,False,False,False
HD_12661,1.0,False,False,False,False,False
HD_126614,1.0,True,False,False,False,True
HD_127195,1.0,False,False,False,False,False
HD_127506,1.0,False,False,False,False,False
HD_128311,1.0,False,False,False,False,False
HD_128356,1.0,False,False,False,False,False
HD_128717,1.0,True,False,False,False,True
HD_129445,1.0,False,False,False,False,False
HD_130322,1.0,False,False,False,False,False
HD_131496,1.0,False,False,False,False,False
HD_13167,1.0,False,False,False,False,False
HD_13189,1.0,False,False,False,False,False
HD_132406,1.0,False,False,False,False,False
HD_132563,1.0,False,False,False,False,False
HD_133131_A,1.0,False,False,False,False,False
HD_133131_B,1.0,False,False,False,False,False
HD_134060,1.0,False,False,False,False,False
HD_134606,1.0,False,False,False,False,False
HD_134987,1.0,False,False,False,False,False
HD_135344_A,1.0,False,False,False,False,False
HD_135625,1.0,False,False,False,False,False
HD_135694,1.0,False,False,False,False,False
HD_136118,1.0,False,False,False,False,False
HD_136352,1.0,False,False,False,False,False
HD_136418,1.0,False,False,False,False,False
HD_136925,1.0,False,False,False,False,False
HD_13724,1.0,False,False,False,False,False
HD_137388,1.0,False,False,False,False,False
HD_137496,1.0,False,False,False,False,False
HD_13808,1.0,False,False,False,False,False
HD_13908,1.0,False,False,False,False,False
HD_13931,1.0,False,False,False,False,False
HD_139357,1.0,True,False,False,False,True
HD_1397,1.0,False,False,False,False,False
HD_14067,1.0,False,False,False,False,False
HD_140901,1.0,False,False,False,False,False
HD_141004,1.0,False,False,False,False,False
HD_141399,1.0,False,False,False,False,False
HD_141937,1.0,False,False,False,False,False
HD_142,1.0,False,False,False,False,False
HD_142022_A,1.0,False,False,False,False,False
HD_142415,1.0,False,False,False,False,False
HD_143105,1.0,False,False,False,False,False
HD_143361,1.0,False,False,False,False,False
HD_143811_A,1.0,False,False,False,False,False
HD_144899,1.0,False,False,False,False,False
HD_145377,1.0,False,False,False,False,False
HD_145457,1.0,True,False,False,False,True
HD_145934,1.0,False,False,False,False,False
HD_1461,1.0,False,False,False,False,False
HD_147018,1.0,False,False,False,False,False
HD_147379,1.0,False,False,False,False,False
HD_147513,1.0,False,False,False,False,False
HD_14787,1.0,False,False,False,False,False
HD_147873,1.0,False,False,False,False,False
HD_148156,1.0,False,False,False,False,False
HD_149026,1.0,False,False,False,False,False
HD_150010,1.0,True,False,False,False,True
HD_1502,1.0,False,False,False,False,False
HD_150706,1.0,False,False,False,False,False
HD_151450,1.0,False,False,False,False,False
HD_152079,1.0,False,False,False,False,False
HD_152843,1.0,True,False,False,False,True
HD_15337,1.0,False,False,False,False,False
HD_153557,1.0,False,False,False,False,False
HD_153950,1.0,False,False,False,False,False
HD_154088,1.0,False,False,False,False,False
HD_154345,1.0,False,False,False,False,False
HD_154391,1.0,False,False,False,False,False
HD_154672,1.0,False,False,False,False,False
HD_154857,1.0,False,False,False,False,False
HD_155358,1.0,False,False,False,False,False
HD_155918,1.0,False,False,False,False,False
HD_156098,1.0,False,False,False,False,False
HD_156279,1.0,False,False,False,False,False
HD_156411,1.0,False,False,False,False,False
HD_156668,1.0,False,False,False,False,False
HD_156846,1.0,False,False,False,False,False
HD_158038,1.0,True,False,False,False,True
HD_158259,1.0,False,False,False,False,False
HD_158996,1.0,True,False,False,False,True
HD_15906,1.0,False,False,False,False,False
HD_159868,1.0,False,False,False,False,False
HD_1605,1.0,False,False,False,False,False
HD_160691,1.0,False,False,False,False,False
HD_161178,1.0,False,False,False,False,False
HD_16175,1.0,False,False,False,False,False
HD_162020,1.0,False,False,False,False,False
HD_163607,1.0,False,False,False,False,False
HD_16417,1.0,False,False,False,False,False
HD_164509,1.0,False,False,False,False,False
HD_164595,1.0,False,False,False,False,False
HD_164604,1.0,False,False,False,False,False
HD_164922,1.0,False,False,False,False,False
HD_165131,1.0,False,False,False,False,False
HD_165155,1.0,False,False,False,False,False
HD_1666,1.0,False,False,False,False,False
HD_166724,1.0,False,False,False,False,False
HD_167042,1.0,True,False,False,False,True
HD_16760,1.0,False,False,False,False,False
HD_167677,1.0,False,False,False,False,False
HD_167768,1.0,False,False,False,False,False
HD_168009,1.0,False,False,False,False,False
HD_168443,1.0,False,False,False,False,False
HD_168746,1.0,False,False,False,False,False
HD_168863,1.0,False,False,False,False,False
HD_1690,1.0,False,False,False,False,False
HD_16905,1.0,False,False,False,False,False
HD_169142,1.0,False,False,False,False,False
HD_169830,1.0,False,False,False,False,False
HD_17092,1.0,False,False,False,False,False
HD_171238,1.0,False,False,False,False,False
HD_17156,1.0,False,False,False,False,False
HD_173416,1.0,False,False,False,False,False
HD_174205,1.0,False,False,False,False,False
HD_175167,1.0,False,False,False,False,False
HD_175541,1.0,False,False,False,False,False
HD_175607,1.0,False,False,False,False,False
HD_17674,1.0,False,False,False,False,False
HD_176986,1.0,False,False,False,False,False
HD_177565,1.0,False,False,False,False,False
HD_177830,1.0,True,False,False,False,True
HD_178911_B,1.0,False,False,False,False,False
HD_179079,1.0,False,False,False,False,False
HD_179949,1.0,False,False,False,False,False
HD_180053,1.0,False,False,False,False,False
HD_18015,1.0,False,False,False,False,False
HD_180314,1.0,False,False,False,False,False
HD_180617,1.0,False,False,False,False,False
HD_180902,1.0,False,False,False,False,False
HD_181234,1.0,False,False,False,False,False
HD_181342,1.0,False,False,False,False,False
HD_18143,1.0,False,False,False,False,False
HD_181433,1.0,False,False,False,False,False
HD_181720,1.0,False,False,False,False,False
HD_183263,1.0,False,False,False,False,False
HD_183579,1.0,False,False,False,False,False
HD_184010,1.0,False,False,False,False,False
HD_18438,1.0,False,False,False,False,False
HD_185269,1.0,False,False,False,False,False
HD_185283,1.0,False,False,False,False,False
HD_18599,1.0,False,False,False,False,False
HD_187085,1.0,False,False,False,False,False
HD_187123,1.0,False,False,False,False,False
HD_18742,1.0,False,False,False,False,False
HD_188015,1.0,False,False,False,False,False
HD_188641,1.0,False,False,False,False,False
HD_189567,1.0,False,False,False,False,False
HD_189733,1.0,False,False,False,False,False
HD_190007,1.0,False,False,False,False,False
HD_190228,1.0,False,False,False,False,False
HD_190360,1.0,False,False,False,False,False
HD_190647,1.0,False,False,False,False,False
HD_190984,1.0,False,False,False,False,False
HD_191806,1.0,False,False,False,False,False
HD_191939,1.0,False,False,False,False,False
HD_192263,1.0,False,False,False,False,False
HD_192310,1.0,False,False,False,False,False
HD_192699,1.0,False,False,False,False,False
HD_194490,1.0,False,False,False,False,False
HD_195019,1.0,False,False,False,False,False
HD_196050,1.0,False,False,False,False,False
HD_196067,1.0,False,False,False,False,False
HD_19615,1.0,False,False,False,False,False
HD_196885_A,1.0,False,False,False,False,False
HD_197037,1.0,False,False,False,False,False
HD_199509,1.0,False,False,False,False,False
HD_19994,1.0,False,False,False,False,False
HD_20003,1.0,False,False,False,False,False
HD_200964,1.0,False,False,False,False,False
HD_202206,1.0,False,False,False,False,False
HD_202696,1.0,False,False,False,False,False
HD_202772_A,1.0,False,False,False,False,False
HD_203030,1.0,False,False,False,False,False
HD_20329,1.0,False,False,False,False,False
HD_203387,1.0,False,False,False,False,False
HD_2039,1.0,False,False,False,False,False
HD_204313,1.0,False,False,False,False,False
HD_204941,1.0,False,False,False,False,False
HD_205158,1.0,False,False,False,False,False
HD_205739,1.0,False,False,False,False,False
HD_206255,1.0,False,False,False,False,False
HD_206610,1.0,False,False,False,False,False
HD_207496,1.0,False,False,False,False,False
HD_20781,1.0,False,False,False,False,False
HD_20782,1.0,False,False,False,False,False
HD_207832,1.0,False,False,False,False,False
HD_207897,1.0,False,False,False,False,False
HD_20794,1.0,False,False,False,False,False
HD_208487,1.0,False,False,False,False,False
HD_208527,1.0,True,False,False,False,True
HD_20868,1.0,False,False,False,False,False
HD_208897,1.0,True,False,False,False,True
HD_209458,1.0,False,False,False,False,False
HD_210193,1.0,False,False,False,False,False
HD_210277,1.0,False,False,False,False,False
HD_210702,1.0,False,False,False,False,False
HD_211403,1.0,False,False,False,False,False
HD_211810,1.0,False,False,False,False,False
HD_211970,1.0,False,False,False,False,False
HD_212301,1.0,False,False,False,False,False
HD_212771,1.0,False,False,False,False,False
HD_213240,1.0,False,False,False,False,False
HD_213472,1.0,False,False,False,False,False
HD_213519,1.0,False,False,False,False,False
HD_213885,1.0,False,False,False,False,False
HD_21411,1.0,False,False,False,False,False
HD_214823,1.0,False,False,False,False,False
HD_215152,1.0,False,False,False,False,False
HD_21520,1.0,False,False,False,False,False
HD_215497,1.0,False,False,False,False,False
HD_216435,1.0,False,False,False,False,False
HD_216437,1.0,False,False,False,False,False
HD_216520,1.0,False,False,False,False,False
HD_216536,1.0,False,False,False,False,False
HD_216770,1.0,False,False,False,False,False
HD_21693,1.0,False,False,False,False,False
HD_217107,1.0,False,False,False,False,False
HD_217786,1.0,False,False,False,False,False
HD_217958,1.0,False,False,False,False,False
HD_218566,1.0,False,False,False,False,False
HD_219077,1.0,False,False,False,False,False
HD_219134,1.0,False,False,False,False,False
HD_219139,1.0,False,False,False,False,False
HD_219415,1.0,False,False,False,False,False
HD_219666,1.0,False,False,False,False,False
HD_219828,1.0,False,False,False,False,False
HD_220074,1.0,False,False,False,False,False
HD_220197,1.0,False,False,False,False,False
HD_220689,1.0,False,False,False,False,False
HD_220773,1.0,False,False,False,False,False
HD_220842,1.0,False,False,False,False,False
HD_221287,1.0,False,False,False,False,False
HD_221416,1.0,False,False,False,False,False
HD_221420,1.0,False,False,False,False,False
HD_221585,1.0,False,False,False,False,False
HD_222076,1.0,False,False,False,False,False
HD_222155,1.0,False,False,False,False,False
HD_222237,1.0,False,False,False,False,False
HD_222582,1.0,False,False,False,False,False
HD_224018,1.0,True,False,False,False,True
HD_224538,1.0,False,False,False,False,False
HD_224693,1.0,False,False,False,False,False
HD_22496,1.0,False,False,False,False,False
HD_22532,1.0,False,False,False,False,False
HD_22781,1.0,False,False,False,False,False
HD_22946,1.0,False,False,False,False,False
HD_23079,1.0,False,False,False,False,False
HD_23127,1.0,False,False,False,False,False
HD_231701,1.0,False,False,False,False,False
HD_233604,1.0,False,False,False,False,False
HD_233832,1.0,False,False,False,False,False
HD_23472,1.0,False,False,False,False,False
HD_235088,1.0,False,False,False,False,False
HD_23596,1.0,False,False,False,False,False
HD_238090,1.0,False,False,False,False,False
HD_238914,1.0,False,False,False,False,False
HD_240210,1.0,False,False,False,False,False
HD_240237,1.0,False,False,False,False,False
HD_24040,1.0,False,False,False,False,False
HD_24064,1.0,False,False,False,False,False
HD_24085,1.0,False,False,False,False,False
HD_25015,1.0,False,False,False,False,False
HD_25171,1.0,False,False,False,False,False
HD_25463,1.0,False,False,False,False,False
HD_25723,1.0,False,False,False,False,False
HD_25912,1.0,False,False,False,False,False
HD_260655,1.0,False,False,False,False,False
HD_26161,1.0,False,False,False,False,False
HD_2638,1.0,False,False,False,False,False
HD_2685,1.0,False,False,False,False,False
HD_27442,1.0,False,False,False,False,False
HD_27631,1.0,False,False,False,False,False
HD_27894,1.0,False,False,False,False,False
HD_27969,1.0,False,False,False,False,False
HD_28109,1.0,True,False,False,False,True
HD_28185,1.0,False,False,False,False,False
HD_28192,1.0,False,False,False,False,False
HD_28254,1.0,False,False,False,False,False
HD_284149_A,1.0,False,False,False,False,False
HD_28471,1.0,False,False,False,False,False
HD_285507,1.0,False,False,False,False,False
HD_285968,1.0,False,False,False,False,False
HD_28678,1.0,False,False,False,False,False
HD_29021,1.0,False,False,False,False,False
HD_290327,1.0,False,False,False,False,False
HD_29399,1.0,False,False,False,False,False
HD_2952,1.0,False,False,False,False,False
HD_29985,1.0,False,False,False,False,False
HD_30177,1.0,False,False,False,False,False
HD_30562,1.0,False,False,False,False,False
HD_30669,1.0,False,False,False,False,False
HD_307842,1.0,False,False,False,False,False
HD_30856,1.0,False,False,False,False,False
HD_31253,1.0,False,False,False,False,False
HD_31527,1.0,False,False,False,False,False
HD_3167,1.0,True,False,False,False,True
HD_32518,1.0,True,False,False,False,True
HD_32963,1.0,False,False,False,False,False
HD_330075,1.0,False,False,False,False,False
HD_331093,1.0,False,False,False,False,False
HD_33142,1.0,True,False,False,False,True
HD_332231,1.0,False,False,False,False,False
HD_33283,1.0,False,False,False,False,False
HD_33564,1.0,False,False,False,False,False
HD_33844,1.0,False,False,False,False,False
HD_34445,1.0,False,False,False,False,False
HD_35759,1.0,False,False,False,False,False
HD_35843,1.0,False,False,False,False,False
HD_360,1.0,False,False,False,False,False
HD_36384,1.0,False,False,False,False,False
HD_3651,1.0,False,False,False,False,False
HD_37124,1.0,False,False,False,False,False
HD_37605,1.0,False,False,False,False,False
HD_3765,1.0,False,False,False,False,False
HD_38283,1.0,False,False,False,False,False
HD_38529,1.0,False,False,False,False,False
HD_38801,1.0,True,False,False,False,True
HD_39091,1.0,False,False,False,False,False
HD_39194,1.0,False,False,False,False,False
HD_39855,1.0,False,False,False,False,False
HD_40307,1.0,False,False,False,False,False
HD_40956,1.0,False,False,False,False,False
HD_40979,1.0,False,False,False,False,False
HD_41004_A,1.0,False,False,False,False,False
HD_41004_B,1.0,False,False,False,False,False
HD_4113,1.0,False,False,False,False,False
HD_42012,1.0,False,False,False,False,False
HD_4203,1.0,False,False,False,False,False
HD_4208,1.0,False,False,False,False,False
HD_42618,1.0,False,False,False,False,False
HD_4308,1.0,False,False,False,False,False
HD_4313,1.0,False,False,False,False,False
HD_43197,1.0,False,False,False,False,False
HD_43691,1.0,False,False,False,False,False
HD_44219,1.0,False,False,False,False,False
HD_45184,1.0,False,False,False,False,False
HD_45350,1.0,False,False,False,False,False
HD_45364,1.0,False,False,False,False,False
HD_45652,1.0,False,False,False,False,False
HD_457,1.0,False,False,False,False,False
HD_46375,1.0,False,False,False,False,False
HD_47186,1.0,False,False,False,False,False
HD_4732,1.0,False,False,False,False,False
HD_47366,1.0,False,False,False,False,False
HD_47536,1.0,False,False,False,False,False
HD_4760,1.0,False,False,False,False,False
HD_48265,1.0,False,False,False,False,False
HD_48948,1.0,False,False,False,False,False
HD_4917,1.0,False,False,False,False,False
HD_49674,1.0,False,False,False,False,False
HD_50499,1.0,False,False,False,False,False
HD_50554,1.0,False,False,False,False,False
HD_51608,1.0,False,False,False,False,False
HD_52265,1.0,False,False,False,False,False
HD_5278,1.0,False,False,False,False,False
HD_5319,1.0,False,False,False,False,False
HD_5388,1.0,False,False,False,False,False
HD_55696,1.0,False,False,False,False,False
HD_5583,1.0,False,False,False,False,False
HD_5608,1.0,False,False,False,False,False
HD_564,1.0,False,False,False,False,False
HD_56414,1.0,True,False,False,False,True
HD_56957,1.0,False,False,False,False,False
HD_5891,1.0,False,False,False,False,False
HD_59686_A,1.0,False,False,False,False,False
HD_60292,1.0,False,False,False,False,False
HD_60532,1.0,False,False,False,False,False
HD_6061,1.0,False,False,False,False,False
HD_62364,1.0,False,False,False,False,False
HD_62549,1.0,False,False,False,False,False
HD_63433,1.0,False,False,False,False,False
HD_63454,1.0,False,False,False,False,False
HD_63765,1.0,False,False,False,False,False
HD_63935,1.0,False,False,False,False,False
HD_64114,1.0,False,False,False,False,False
HD_64121,1.0,False,False,False,False,False
HD_6434,1.0,False,False,False,False,False
HD_65216,1.0,False,False,False,False,False
HD_66141,1.0,True,False,False,False,True
HD_66428,1.0,False,False,False,False,False
HD_67087,1.0,False,False,False,False,False
HD_6718,1.0,False,False,False,False,False
HD_68402,1.0,False,False,False,False,False
HD_68475,1.0,False,False,False,False,False
HD_68988,1.0,False,False,False,False,False
HD_69123,1.0,False,False,False,False,False
HD_69830,1.0,False,False,False,False,False
HD_70573,1.0,False,False,False,False,False
HD_70642,1.0,False,False,False,False,False
HD_7199,1.0,False,False,False,False,False
HD_72490,1.0,False,False,False,False,False
HD_72659,1.0,False,False,False,False,False
HD_72892,1.0,False,False,False,False,False
HD_73256,1.0,False,False,False,False,False
HD_73267,1.0,False,False,False,False,False
HD_73344,1.0,False,False,False,False,False
HD_73526,1.0,False,False,False,False,False
HD_73534,1.0,False,False,False,False,False
HD_73583,1.0,False,False,False,False,False
HD_74156,1.0,False,False,False,False,False
HD_7449,1.0,False,False,False,False,False
HD_74698,1.0,False,False,False,False,False
HD_75289,1.0,False,False,False,False,False
HD_75302,1.0,False,False,False,False,False
HD_75784,1.0,True,False,False,False,True
HD_75898,1.0,False,False,False,False,False
HD_76700,1.0,False,False,False,False,False
HD_76920,1.0,False,False,False,False,False
HD_77338,1.0,False,False,False,False,False
HD_77946,1.0,False,False,False,False,False
HD_79181,1.0,False,False,False,False,False
HD_7924,1.0,False,False,False,False,False
HD_79498,1.0,False,False,False,False,False
HD_80606,1.0,False,False,False,False,False
HD_80653,1.0,False,False,False,False,False
HD_80869,1.0,False,False,False,False,False
HD_80883,1.0,False,False,False,False,False
HD_80913,1.0,False,False,False,False,False
HD_81040,1.0,False,False,False,False,False
HD_81688,1.0,False,False,False,False,False
HD_81817,1.0,False,False,False,False,False
HD_82886,1.0,False,False,False,False,False
HD_82943,1.0,False,False,False,False,False
HD_8326,1.0,False,False,False,False,False
HD_83443,1.0,False,False,False,False,False
HD_8535,1.0,False,False,False,False,False
HD_85390,1.0,False,False,False,False,False
HD_8574,1.0,False,False,False,False,False
HD_86065,1.0,False,False,False,False,False
HD_86081,1.0,False,False,False,False,False
HD_86226,1.0,False,False,False,False,False
HD_86264,1.0,False,False,False,False,False
HD_86728,1.0,False,False,False,False,False
HD_8673,1.0,False,False,False,False,False
HD_86950,1.0,False,False,False,False,False
HD_87646,1.0,False,False,False,False,False
HD_87816,1.0,False,False,False,False,False
HD_87883,1.0,False,False,False,False,False
HD_88072,1.0,False,False,False,False,False
HD_88133,1.0,False,False,False,False,False
HD_88986,1.0,False,False,False,False,False
HD_89307,1.0,False,False,False,False,False
HD_89345,1.0,True,False,False,False,True
HD_89744,1.0,False,False,False,False,False
HD_89839,1.0,False,False,False,False,False
HD_90156,1.0,False,False,False,False,False
HD_9174,1.0,False,False,False,False,False
HD_92788,1.0,False,False,False,False,False
HD_93083,1.0,False,False,False,False,False
HD_93351,1.0,False,False,False,False,False
HD_93385,1.0,False,False,False,False,False
HD_93963_A,1.0,False,False,False,False,False
HD_9446,1.0,False,False,False,False,False
HD_94771,1.0,False,False,False,False,False
HD_94834,1.0,False,False,False,False,False
HD_94890,1.0,False,False,False,False,False
HD_95086,1.0,False,False,False,False,False
HD_95089,1.0,False,False,False,False,False
HD_95127,1.0,False,False,False,False,False
HD_95338,1.0,False,False,False,False,False
HD_95544,1.0,False,False,False,False,False
HD_95872,1.0,False,False,False,False,False
HD_96063,1.0,False,False,False,False,False
HD_96127,1.0,False,False,False,False,False
HD_96167,1.0,False,False,False,False,False
HD_96700,1.0,False,False,False,False,False
HD_97037,1.0,False,False,False,False,False
HD_97048,1.0,False,False,False,False,False
HD_97658,1.0,False,False,False,False,False
HD_98219,1.0,False,False,False,False,False
HD_98649,1.0,False,False,False,False,False
HD_98736,1.0,False,False,False,False,False
HD_99109,1.0,False,False,False,False,False
HD_99283,1.0,False,False,False,False,False
HD_99492,1.0,False,False,False,False,False
HD_99706,1.0,False,False,False,False,False
HIP_10090,1.0,False,False,False,False,False
HIP_105854,1.0,False,False,False,False,False
HIP_107772,1.0,False,False,False,False,False
HIP_107773,1.0,False,False,False,False,False
HIP_109384,1.0,False,False,False,False,False
HIP_109600,1.0,False,False,False,False,False
HIP_111909,1.0,False,False,False,False,False
HIP_113103,1.0,False,False,False,False,False
HIP_114933,1.0,False,False,False,False,False
HIP_116454,1.0,True,False,False,False,True
HIP_12961,1.0,False,False,False,False,False
HIP_14810,1.0,False,False,False,False,False
HIP_18606,1.0,False,False,False,False,False
HIP_19976,1.0,False,False,False,False,False
HIP_21152,1.0,False,False,False,False,False
HIP_34222,1.0,False,False,False,False,False
HIP_35173,1.0,False,False,False,False,False
HIP_35965,1.0,False,False,False,False,False
HIP_38594,1.0,False,False,False,False,False
HIP_39017,1.0,False,False,False,False,False
HIP_39330,1.0,False,False,False,False,False
HIP_41378,1.0,False,False,False,False,False
HIP_4845,1.0,False,False,False,False,False
HIP_48714,1.0,False,False,False,False,False
HIP_5158,1.0,False,False,False,False,False
HIP_54373,1.0,False,False,False,False,False
HIP_54515,1.0,False,False,False,False,False
HIP_54597,1.0,False,False,False,False,False
HIP_55507,1.0,False,False,False,False,False
HIP_56640,1.0,False,False,False,False,False
HIP_56998,1.0,False,False,False,False,False
HIP_57274,1.0,False,False,False,False,False
HIP_5763,1.0,False,False,False,False,False
HIP_63242,1.0,False,False,False,False,False
HIP_65407,1.0,False,False,False,False,False
HIP_65426,1.0,False,False,False,False,False
HIP_65891,1.0,False,False,False,False,False
HIP_65_A,1.0,False,False,False,False,False
HIP_66074,1.0,False,False,False,False,False
HIP_67522,1.0,False,False,False,False,False
HIP_67537,1.0,False,False,False,False,False
HIP_67851,1.0,False,False,False,False,False
HIP_70849,1.0,False,False,False,False,False
HIP_71135,1.0,False,False,False,False,False
HIP_74890,1.0,False,False,False,False,False
HIP_77900,1.0,False,False,False,False,False
HIP_78530,1.0,True,False,False,False,True
HIP_79098_AB,1.0,False,False,False,False,False
HIP_79431,1.0,False,False,False,False,False
HIP_8152,1.0,False,False,False,False,False
HIP_8541,1.0,False,False,False,False,False
HIP_86221,1.0,False,False,False,False,False
HIP_8923,1.0,False,False,False,False,False
HIP_90988,1.0,False,False,False,False,False
HIP_91258,1.0,False,False,False,False,False
HIP_94235,1.0,False,False,False,False,False
HIP_948,1.0,False,False,False,False,False
HIP_9618,1.0,False,False,False,False,False
HIP_97166,1.0,False,False,False,False,False
HIP_97233,1.0,False,False,False,False,False
HIP_99770,1.0,False,False,False,False,False
HN_Lib,1.0,False,False,False,False,False
HN_Peg,1.0,False,False,False,False,False
HR_2562,1.0,False,False,False,False,False
HR_5183,1.0,False,False,False,False,False
HR_810,1.0,False,False,False,False,False
HR_858,1.0,False,False,False,False,False
HR_8799,1.0,False,False,False,False,False
HS_Psc,1.0,False,False,False,False,False
HU_Aqr,1.0,False,False,False,False,False
IC_4651_9122,1.0,False,False,False,False,False
IRAS_04125+2902,1.0,True,False,False,False,True
ISO-Oph_96,1.0,True,False,False,True,True
ITG_15_A,1.0,True,False,False,False,True
K2-10,1.0,False,False,False,False,False
K2-100,1.0,True,False,False,False,True
K2-101,1.0,True,False,False,False,True
K2-102,1.0,True,False,False,False,True
K2-104,1.0,True,False,False,False,True
K2-105,1.0,True,False,False,False,True
K2-108,1.0,False,False,False,False,False
K2-11,1.0,True,False,False,False,True
K2-110,1.0,True,False,False,False,True
K2-111,1.0,True,False,False,False,True
K2-113,1.0,True,False,False,False,True
K2-114,1.0,True,False,False,False,True
K2-115,1.0,True,False,False,False,True
K2-116,1.0,True,False,False,False,True
K2-117,1.0,True,False,False,False,True
K2-118,1.0,True,False,False,False,True
K2-119,1.0,True,False,False,False,True
K2-12,1.0,False,False,False,False,False
K2-121,1.0,True,False,False,False,True
K2-122,1.0,True,False,False,False,True
K2-123,1.0,False,False,False,False,False
K2-124,1.0,False,False,False,False,False
K2-125,1.0,False,False,False,False,False
K2-126,1.0,True,False,False,False,True
K2-127,1.0,False,False,False,False,False
K2-128,1.0,False,False,False,False,False
K2-129,1.0,False,False,False,False,False
K2-13,1.0,True,False,False,False,True
K2-130,1.0,False,False,False,False,False
K2-131,1.0,False,False,False,False,False
K2-132,1.0,False,False,False,False,False
K2-133,1.0,True,False,False,False,True
K2-136,1.0,True,False,False,False,True
K2-137,1.0,False,False,False,False,False
K2-138,1.0,True,False,False,False,True
K2-139,1.0,False,False,False,False,False
K2-14,1.0,False,False,False,False,False
K2-140,1.0,True,False,False,False,True
K2-141,1.0,True,False,False,False,True
K2-146,1.0,True,False,False,False,True
K2-147,1.0,False,False,False,False,False
K2-148,1.0,True,False,False,False,True
K2-149,1.0,True,False,False,False,True
K2-15,1.0,False,False,False,False,False
K2-150,1.0,True,False,False,False,True
K2-151,1.0,True,False,False,False,True
K2-152,1.0,False,False,False,False,False
K2-153,1.0,False,False,False,False,False
K2-154,1.0,False,False,False,False,False
K2-155,1.0,True,False,False,False,True
K2-156,1.0,False,False,False,False,False
K2-157,1.0,False,False,False,False,False
K2-158,1.0,True,False,False,False,True
K2-159,1.0,True,False,False,False,True
K2-16,1.0,False,False,False,False,False
K2-160,1.0,False,False,False,False,False
K2-161,1.0,False,False,False,False,False
K2-162,1.0,True,False,False,False,True
K2-164,1.0,False,False,False,False,False
K2-165,1.0,False,False,False,False,False
K2-166,1.0,False,False,False,False,False
K2-167,1.0,True,False,False,False,True
K2-168,1.0,True,False,False,False,True
K2-169,1.0,True,False,False,False,True
K2-17,1.0,True,False,False,False,True
K2-170,1.0,True,False,False,False,True
K2-171,1.0,True,False,False,False,True
K2-172,1.0,True,False,False,False,True
K2-173,1.0,True,False,False,False,True
K2-174,1.0,True,False,False,False,True
K2-175,1.0,False,False,False,False,False
K2-176,1.0,True,False,False,False,True
K2-177,1.0,False,False,False,False,False
K2-178,1.0,False,False,False,False,False
K2-179,1.0,True,False,False,False,True
K2-18,1.0,True,False,False,False,True
K2-180,1.0,True,False,False,False,True
K2-181,1.0,True,False,False,False,True
K2-182,1.0,True,False,False,False,True
K2-183,1.0,True,False,False,False,True
K2-184,1.0,True,False,False,False,True
K2-185,1.0,True,False,False,False,True
K2-186,1.0,False,False,False,False,False
K2-187,1.0,False,False,False,False,False
K2-188,1.0,True,False,False,False,True
K2-189,1.0,False,False,False,False,False
K2-19,1.0,False,False,False,False,False
K2-190,1.0,True,False,False,False,True
K2-191,1.0,True,False,False,False,True
K2-192,1.0,False,False,False,False,False
K2-193,1.0,False,False,False,False,False
K2-194,1.0,False,False,False,False,False
K2-195,1.0,False,False,False,False,False
K2-196,1.0,False,False,False,False,False
K2-197,1.0,False,False,False,False,False
K2-198,1.0,False,False,False,False,False
K2-199,1.0,False,False,False,False,False
K2-200,1.0,False,False,False,False,False
K2-201,1.0,False,False,False,False,False
K2-203,1.0,True,False,False,False,True
K2-204,1.0,True,False,False,False,True
K2-205,1.0,True,False,False,False,True
K2-206,1.0,True,False,False,False,True
K2-207,1.0,True,False,False,False,True
K2-208,1.0,True,False,False,False,True
K2-209,1.0,True,False,False,False,True
K2-21,1.0,True,False,False,False,True
K2-210,1.0,False,False,False,False,False
K2-211,1.0,True,False,False,False,True
K2-212,1.0,True,False,False,False,True
K2-213,1.0,False,False,False,False,False
K2-214,1.0,True,False,False,False,True
K2-215,1.0,True,False,False,False,True
K2-216,1.0,True,False,False,False,True
K2-217,1.0,True,False,False,False,True
K2-218,1.0,True,False,False,False,True
K2-219,1.0,False,False,False,False,False
K2-22,1.0,True,False,False,False,True
K2-220,1.0,True,False,False,False,True
K2-221,1.0,True,False,False,False,True
K2-222,1.0,True,False,False,False,True
K2-223,1.0,False,False,False,False,False
K2-224,1.0,False,False,False,False,False
K2-225,1.0,False,False,False,False,False
K2-226,1.0,False,False,False,False,False
K2-227,1.0,True,False,False,False,True
K2-228,1.0,False,False,False,False,False
K2-229,1.0,False,False,False,False,False
K2-230,1.0,False,False,False,False,False
K2-231,1.0,True,False,False,False,True
K2-232,1.0,True,False,False,False,True
K2-233,1.0,False,False,False,False,False
K2-237,1.0,False,False,False,False,False
K2-238,1.0,False,False,False,False,False
K2-239,1.0,True,False,False,False,True
K2-24,1.0,True,False,False,False,True
K2-240,1.0,False,False,False,False,False
K2-241,1.0,False,False,False,False,False
K2-242,1.0,False,False,False,False,False
K2-243,1.0,False,False,False,False,False
K2-244,1.0,False,False,False,False,False
K2-246,1.0,False,False,False,False,False
K2-247,1.0,True,False,False,False,True
K2-248,1.0,False,False,False,False,False
K2-249,1.0,False,False,False,False,False
K2-25,1.0,True,False,False,False,True
K2-250,1.0,False,False,False,False,False
K2-251,1.0,False,False,False,False,False
K2-252,1.0,False,False,False,False,False
K2-253,1.0,False,False,False,False,False
K2-254,1.0,False,False,False,False,False
K2-257,1.0,False,False,False,False,False
K2-258,1.0,False,False,False,False,False
K2-259,1.0,False,False,False,False,False
K2-26,1.0,False,False,False,False,False
K2-260,1.0,False,False,False,False,False
K2-261,1.0,False,False,False,False,False
K2-263,1.0,False,False,False,False,False
K2-264,1.0,True,False,False,False,True
K2-265,1.0,True,False,False,False,True
K2-266,1.0,False,False,False,False,False
K2-268,1.0,True,False,False,False,True
K2-269,1.0,False,False,False,False,False
K2-27,1.0,False,False,False,False,False
K2-270,1.0,False,False,False,False,False
K2-271,1.0,False,False,False,False,False
K2-272,1.0,False,False,False,False,False
K2-273,1.0,False,False,False,False,False
K2-274,1.0,False,False,False,False,False
K2-275,1.0,False,False,False,False,False
K2-276,1.0,False,False,False,False,False
K2-277,1.0,False,False,False,False,False
K2-278,1.0,False,False,False,False,False
K2-279,1.0,False,False,False,False,False
K2-28,1.0,False,False,False,False,False
K2-280,1.0,False,False,False,False,False
K2-281,1.0,False,False,False,False,False
K2-282,1.0,False,False,False,False,False
K2-283,1.0,True,False,False,False,True
K2-284,1.0,False,False,False,False,False
K2-285,1.0,True,False,False,False,True
K2-286,1.0,False,False,False,False,False
K2-287,1.0,False,False,False,False,False
K2-288_B,1.0,True,False,False,False,True
K2-289,1.0,False,False,False,False,False
K2-29,1.0,False,False,False,False,False
K2-290,1.0,False,False,False,False,False
K2-291,1.0,False,False,False,False,False
K2-293,1.0,False,False,False,False,False
K2-294,1.0,True,False,False,False,True
K2-295,1.0,True,False,False,False,True
K2-3,1.0,False,False,False,False,False
K2-30,1.0,True,False,False,False,True
K2-308,1.0,True,False,False,False,True
K2-31,1.0,True,False,False,False,True
K2-315,1.0,False,False,False,False,False
K2-316,1.0,False,False,False,False,False
K2-317,1.0,False,False,False,False,False
K2-318,1.0,False,False,False,False,False
K2-319,1.0,True,False,False,False,True
K2-32,1.0,True,False,False,False,True
K2-320,1.0,False,False,False,False,False
K2-321,1.0,False,False,False,False,False
K2-322,1.0,False,False,False,False,False
K2-323,1.0,True,False,False,False,True
K2-324,1.0,True,False,False,False,True
K2-325,1.0,False,False,False,False,False
K2-326,1.0,False,False,False,False,False
K2-329,1.0,False,False,False,False,False
K2-33,1.0,True,False,False,False,True
K2-330,1.0,False,False,False,False,False
K2-331,1.0,False,False,False,False,False
K2-332,1.0,False,False,False,False,False
K2-333,1.0,False,False,False,False,False
K2-334,1.0,True,False,False,False,True
K2-335,1.0,False,False,False,False,False
K2-336,1.0,False,False,False,False,False
K2-337,1.0,True,False,False,False,True
K2-338,1.0,False,False,False,False,False
K2-339,1.0,True,False,False,False,True
K2-34,1.0,False,False,False,False,False
K2-340,1.0,False,False,False,False,False
K2-341,1.0,False,False,False,False,False
K2-342,1.0,False,False,False,False,False
K2-343,1.0,False,False,False,False,False
K2-344,1.0,True,False,False,False,True
K2-345,1.0,False,False,False,False,False
K2-346,1.0,True,False,False,False,True
K2-347,1.0,False,False,False,False,False
K2-348,1.0,True,False,False,False,True
K2-349,1.0,False,False,False,False,False
K2-35,1.0,True,False,False,False,True
K2-350,1.0,True,False,False,False,True
K2-351,1.0,False,False,False,False,False
K2-352,1.0,False,False,False,False,False
K2-353,1.0,False,False,False,False,False
K2-354,1.0,True,False,False,False,True
K2-355,1.0,False,False,False,False,False
K2-356,1.0,False,False,False,False,False
K2-357,1.0,False,False,False,False,False
K2-358,1.0,False,False,False,False,False
K2-36,1.0,False,False,False,False,False
K2-366,1.0,True,False,False,False,True
K2-367,1.0,True,False,False,False,True
K2-368,1.0,True,False,False,False,True
K2-369,1.0,True,False,False,False,True
K2-37,1.0,True,False,False,False,True
K2-370,1.0,False,False,False,False,False
K2-371,1.0,True,False,False,False,True
K2-372,1.0,True,False,False,False,True
K2-373,1.0,False,False,False,False,False
K2-374,1.0,False,False,False,False,False
K2-375,1.0,False,False,False,False,False
K2-376,1.0,False,False,False,False,False
K2-377,1.0,False,False,False,False,False
K2-378,1.0,False,False,False,False,False
K2-379,1.0,True,False,False,False,True
K2-38,1.0,True,False,False,False,True
K2-380,1.0,False,False,False,False,False
K2-381,1.0,False,False,False,False,False
K2-382,1.0,False,False,False,False,False
K2-383,1.0,False,False,False,False,False
K2-384,1.0,False,False,False,False,False
K2-386,1.0,True,False,False,False,True
K2-387,1.0,False,False,False,False,False
K2-388,1.0,False,False,False,False,False
K2-389,1.0,True,False,False,False,True
K2-39,1.0,True,False,False,False,True
K2-390,1.0,True,False,False,False,True
K2-391,1.0,True,False,False,False,True
K2-392,1.0,True,False,False,False,True
K2-393,1.0,True,False,False,False,True
K2-394,1.0,False,False,False,False,False
K2-395,1.0,False,False,False,False,False
K2-396,1.0,False,False,False,False,False
K2-397,1.0,False,False,False,False,False
K2-398,1.0,False,False,False,False,False
K2-4,1.0,True,False,False,False,True
K2-400,1.0,False,False,False,False,False
K2-401,1.0,True,False,False,False,True
K2-402,1.0,False,False,False,False,False
K2-403,1.0,False,False,False,False,False
K2-404,1.0,False,False,False,False,False
K2-405,1.0,True,False,False,False,True
K2-406,1.0,False,False,False,False,False
K2-407,1.0,False,False,False,False,False
K2-408,1.0,False,False,False,False,False
K2-409,1.0,False,False,False,False,False
K2-411,1.0,False,False,False,False,False
K2-413,1.0,False,False,False,False,False
K2-414,1.0,False,False,False,False,False
K2-415,1.0,False,False,False,False,False
K2-416,1.0,False,False,False,False,False
K2-417,1.0,False,False,False,False,False
K2-419_A,1.0,True,False,False,False,True
K2-42,1.0,True,False,False,False,True
K2-43,1.0,True,False,False,False,True
K2-44,1.0,False,False,False,False,False
K2-45,1.0,False,False,False,False,False
K2-46,1.0,True,False,False,False,True
K2-47,1.0,True,False,False,False,True
K2-48,1.0,False,False,False,False,False
K2-49,1.0,False,False,False,False,False
K2-5,1.0,False,False,False,False,False
K2-50,1.0,False,False,False,False,False
K2-54,1.0,True,False,False,False,True
K2-55,1.0,True,False,False,False,True
K2-57,1.0,False,False,False,False,False
K2-58,1.0,False,False,False,False,False
K2-59,1.0,True,False,False,False,True
K2-6,1.0,True,False,False,False,True
K2-60,1.0,True,False,False,False,True
K2-61,1.0,False,False,False,False,False
K2-62,1.0,True,False,False,False,True
K2-63,1.0,True,False,False,False,True
K2-64,1.0,False,False,False,False,False
K2-65,1.0,True,False,False,False,True
K2-66,1.0,True,False,False,False,True
K2-68,1.0,True,False,False,False,True
K2-69,1.0,False,False,False,False,False
K2-7,1.0,True,False,False,False,True
K2-70,1.0,False,False,False,False,False
K2-71,1.0,True,False,False,False,True
K2-72,1.0,True,False,False,False,True
K2-73,1.0,True,False,False,False,True
K2-74,1.0,False,False,False,False,False
K2-75,1.0,True,False,False,False,True
K2-77,1.0,True,False,False,False,True
K2-79,1.0,False,False,False,False,False
K2-8,1.0,False,False,False,False,False
K2-80,1.0,True,False,False,False,True
K2-81,1.0,True,False,False,False,True
K2-83,1.0,True,False,False,False,True
K2-84,1.0,False,False,False,False,False
K2-85,1.0,True,False,False,False,True
K2-86,1.0,True,False,False,False,True
K2-87,1.0,True,False,False,False,True
K2-88,1.0,False,False,False,False,False
K2-89,1.0,True,False,False,False,True
K2-9,1.0,True,False,False,False,True
K2-90,1.0,True,False,False,False,True
K2-91,1.0,True,False,False,False,True
K2-95,1.0,True,False,False,False,True
K2-97,1.0,True,False,False,False,True
K2-98,1.0,True,False,False,False,True
K2-99,1.0,False,False,False,False,False
KELT-1,1.0,False,False,False,False,False
KELT-10,1.0,False,False,False,False,False
KELT-11,1.0,False,False,False,False,False
KELT-12,1.0,False,False,False,False,False
KELT-14,1.0,False,False,False,False,False
KELT-15,1.0,False,False,False,False,False
KELT-16,1.0,False,False,False,False,False
KELT-17,1.0,False,False,False,False,False
KELT-18,1.0,False,False,False,False,False
KELT-19_A,1.0,False,False,False,False,False
KELT-20,1.0,False,False,False,False,False
KELT-21,1.0,False,False,False,False,False
KELT-23_A,1.0,False,False,False,False,False
KELT-24,1.0,False,False,False,False,False
KELT-2_A,1.0,False,False,False,False,False
KELT-3,1.0,False,False,False,False,False
KELT-4_A,1.0,False,False,False,False,False
KELT-6,1.0,True,False,False,False,True
KELT-7,1.0,False,False,False,False,False
KELT-8,1.0,False,False,False,False,False
KELT-9,1.0,True,False,False,False,True
KIC_10001893,1.0,False,False,False,False,False
KIC_10068024,1.0,False,False,False,False,False
KIC_10525077,1.0,True,False,False,False,True
KIC_3526061,1.0,True,False,False,False,True
KIC_3558849,1.0,False,False,False,False,False
KIC_5437945,1.0,False,False,False,False,False
KIC_5479689,1.0,False,False,False,False,False
KIC_7917485,1.0,False,False,False,False,False
KIC_8121913,1.0,True,False,False,False,True
KIC_9663113,1.0,False,False,False,False,False
KMT-2016-BLG-0212L,1.0,False,False,False,False,False
KMT-2016-BLG-1107L,1.0,False,False,False,False,False
KMT-2016-BLG-1397L,1.0,False,False,False,False,False
KMT-2016-BLG-1836L,1.0,False,False,False,False,False
KMT-2017-BLG-0165L,1.0,False,False,False,False,False
KMT-2017-BLG-1038L,1.0,False,False,False,False,False
KMT-2017-BLG-1146L,1.0,False,False,False,False,False
KMT-2017-BLG-2509L,1.0,False,False,False,False,False
KMT-2018-BLG-0029L,1.0,False,False,False,False,False
KMT-2018-BLG-0748L,1.0,False,False,False,False,False
KMT-2018-BLG-1025L,1.0,False,False,False,False,False
KMT-2018-BLG-1292L,1.0,False,False,False,False,False
KMT-2018-BLG-1990L,1.0,False,False,False,False,False
KMT-2019-BLG-0253L,1.0,False,False,False,False,False
KMT-2019-BLG-0842L,1.0,False,False,False,False,False
KMT-2019-BLG-0953L,1.0,False,False,False,False,False
KMT-2019-BLG-1339L,1.0,False,False,False,False,False
KMT-2019-BLG-1953L,1.0,False,False,False,False,False
KMT-2020-BLG-0414L,1.0,False,False,False,False,False
KMT-2021-BLG-0171L,1.0,False,False,False,False,False
KMT-2021-BLG-0192L,1.0,False,False,False,False,False
KMT-2021-BLG-0912L,1.0,False,False,False,False,False
KMT-2021-BLG-1303L,1.0,False,False,False,False,False
KMT-2021-BLG-1547L,1.0,False,False,False,False,False
KMT-2021-BLG-1554L,1.0,False,False,False,False,False
KMT-2021-BLG-2294L,1.0,False,False,False,False,False
KOBE-1,1.0,False,False,False,False,False
KOI-12,1.0,True,False,False,False,True
KOI-1257,1.0,False,False,False,False,False
KOI-13,1.0,True,False,False,False,True
KOI-134,1.0,False,False,False,False,False
KOI-142,1.0,False,False,False,False,False
KOI-1599,1.0,True,False,False,False,True
KOI-1783,1.0,True,False,False,False,True
KOI-217,1.0,True,False,False,False,True
KOI-2513,1.0,True,False,False,False,True
KOI-3503,1.0,True,False,False,False,True
KOI-351,1.0,False,False,False,False,False
KOI-3680,1.0,True,False,False,False,True
KOI-4777,1.0,False,False,False,False,False
KOI-4978,1.0,True,False,False,False,True
KOI-55,1.0,False,False,False,False,False
KOI-7368,1.0,True,False,False,False,True
KOI-7892,1.0,False,False,False,False,False
KOI-7913_A,1.0,False,False,False,False,False
KOI-94,1.0,True,False,False,False,True
KOI-984,1.0,True,False,False,False,True
KPS-1,1.0,False,False,False,False,False
Kepler-10,1.0,True,False,False,False,True
Kepler-100,1.0,True,False,False,False,True
Kepler-1000,1.0,True,False,False,False,True
Kepler-1001,1.0,False,False,False,False,False
Kepler-1002,1.0,True,False,False,False,True
Kepler-1003,1.0,False,False,False,False,False
Kepler-1004,1.0,True,False,False,False,True
Kepler-1005,1.0,False,False,False,False,False
Kepler-1006,1.0,False,False,False,False,False
Kepler-1007,1.0,True,False,False,False,True
Kepler-1008,1.0,False,False,False,False,False
Kepler-1009,1.0,False,False,False,False,False
Kepler-101,1.0,False,False,False,False,False
Kepler-1010,1.0,False,False,False,False,False
Kepler-1011,1.0,False,False,False,False,False
Kepler-1012,1.0,True,False,False,False,True
Kepler-1014,1.0,True,False,False,False,True
Kepler-1015,1.0,True,False,False,False,True
Kepler-1016,1.0,True,False,False,False,True
Kepler-1017,1.0,False,False,False,False,False
Kepler-1018,1.0,True,False,False,False,True
Kepler-1019,1.0,False,False,False,False,False
Kepler-102,1.0,True,False,False,False,True
Kepler-1021,1.0,False,False,False,False,False
Kepler-1022,1.0,False,False,False,False,False
Kepler-1023,1.0,False,False,False,False,False
Kepler-1024,1.0,False,False,False,False,False
Kepler-1025,1.0,True,False,False,False,True
Kepler-1026,1.0,False,False,False,False,False
Kepler-1027,1.0,False,False,False,False,False
Kepler-1028,1.0,False,False,False,False,False
Kepler-1029,1.0,True,False,False,False,True
Kepler-103,1.0,True,False,False,False,True
Kepler-1031,1.0,True,False,False,False,True
Kepler-1032,1.0,False,False,False,False,False
Kepler-1033,1.0,True,False,False,False,True
Kepler-1034,1.0,True,False,False,False,True
Kepler-1035,1.0,False,False,False,False,False
Kepler-1036,1.0,True,False,False,False,True
Kepler-1037,1.0,False,False,False,False,False
Kepler-1038,1.0,False,False,False,False,False
Kepler-1039,1.0,False,False,False,False,False
Kepler-104,1.0,False,False,False,False,False
Kepler-1040,1.0,False,False,False,False,False
Kepler-1041,1.0,True,False,False,False,True
Kepler-1042,1.0,False,False,False,False,False
Kepler-1043,1.0,False,False,False,False,False
Kepler-1045,1.0,True,False,False,False,True
Kepler-1046,1.0,False,False,False,False,False
Kepler-1047,1.0,False,False,False,False,False
Kepler-1048,1.0,False,False,False,False,False
Kepler-1049,1.0,True,False,False,False,True
Kepler-105,1.0,False,False,False,False,False
Kepler-1050,1.0,False,False,False,False,False
Kepler-1051,1.0,False,False,False,False,False
Kepler-1052,1.0,True,False,False,False,True
Kepler-1053,1.0,True,False,False,False,True
Kepler-1054,1.0,False,False,False,False,False
Kepler-1055,1.0,False,False,False,False,False
Kepler-1056,1.0,False,False,False,False,False
Kepler-1058,1.0,True,False,False,False,True
Kepler-1059,1.0,False,False,False,False,False
Kepler-106,1.0,False,False,False,False,False
Kepler-1060,1.0,True,False,False,False,True
Kepler-1061,1.0,True,False,False,False,True
Kepler-1062,1.0,False,False,False,False,False
Kepler-1063,1.0,True,False,False,False,True
Kepler-1064,1.0,True,False,False,False,True
Kepler-1065,1.0,False,False,False,False,False
Kepler-1066,1.0,False,False,False,False,False
Kepler-1067,1.0,True,False,False,False,True
Kepler-1069,1.0,False,False,False,False,False
Kepler-107,1.0,False,False,False,False,False
Kepler-1070,1.0,False,False,False,False,False
Kepler-1072,1.0,True,False,False,False,True
Kepler-1073,1.0,False,False,False,False,False
Kepler-1074,1.0,True,False,False,False,True
Kepler-1075,1.0,True,False,False,False,True
Kepler-1076,1.0,True,False,False,False,True
Kepler-1077,1.0,True,False,False,False,True
Kepler-1079,1.0,False,False,False,False,False
Kepler-108,1.0,True,False,False,False,True
Kepler-1080,1.0,True,False,False,False,True
Kepler-1081,1.0,False,False,False,False,False
Kepler-1082,1.0,False,False,False,False,False
Kepler-1083,1.0,True,False,False,False,True
Kepler-1084,1.0,True,False,False,False,True
Kepler-1085,1.0,True,False,False,False,True
Kepler-1086,1.0,True,False,False,False,True
Kepler-1087,1.0,True,False,False,False,True
Kepler-1088,1.0,True,False,False,False,True
Kepler-1089,1.0,False,False,False,False,False
Kepler-109,1.0,False,False,False,False,False
Kepler-1090,1.0,False,False,False,False,False
Kepler-1091,1.0,False,False,False,False,False
Kepler-1092,1.0,False,False,False,False,False
Kepler-1093,1.0,False,False,False,False,False
Kepler-1094,1.0,True,False,False,False,True
Kepler-1095,1.0,True,False,False,False,True
Kepler-1096,1.0,True,False,False,False,True
Kepler-1097,1.0,False,False,False,False,False
Kepler-1098,1.0,False,False,False,False,False
Kepler-1099,1.0,True,False,False,False,True
Kepler-11,1.0,True,False,False,False,True
Kepler-110,1.0,False,False,False,False,False
Kepler-1100,1.0,False,False,False,False,False
Kepler-1101,1.0,True,False,False,False,True
Kepler-1102,1.0,False,False,False,False,False
Kepler-1103,1.0,False,False,False,False,False
Kepler-1104,1.0,True,False,False,False,True
Kepler-1105,1.0,False,False,False,False,False
Kepler-1106,1.0,False,False,False,False,False
Kepler-1108,1.0,False,False,False,False,False
Kepler-111,1.0,False,False,False,False,False
Kepler-1110,1.0,True,False,False,False,True
Kepler-1111,1.0,True,False,False,False,True
Kepler-1112,1.0,False,False,False,False,False
Kepler-1113,1.0,False,False,False,False,False
Kepler-1114,1.0,False,False,False,False,False
Kepler-1115,1.0,False,False,False,False,False
Kepler-1116,1.0,False,False,False,False,False
Kepler-1117,1.0,False,False,False,False,False
Kepler-1118,1.0,False,False,False,False,False
Kepler-1119,1.0,False,False,False,False,False
Kepler-112,1.0,False,False,False,False,False
Kepler-1120,1.0,True,False,False,False,True
Kepler-1121,1.0,True,False,False,False,True
Kepler-1122,1.0,True,False,False,False,True
Kepler-1123,1.0,True,False,False,False,True
Kepler-1124,1.0,True,False,False,False,True
Kepler-1125,1.0,False,False,False,False,False
Kepler-1126,1.0,True,False,False,False,True
Kepler-1127,1.0,True,False,False,False,True
Kepler-1129,1.0,True,False,False,False,True
Kepler-113,1.0,False,False,False,False,False
Kepler-1130,1.0,True,False,False,False,True
Kepler-1131,1.0,True,False,False,False,True
Kepler-1132,1.0,False,False,False,False,False
Kepler-1133,1.0,True,False,False,False,True
Kepler-1135,1.0,True,False,False,False,True
Kepler-1136,1.0,True,False,False,False,True
Kepler-1137,1.0,False,False,False,False,False
Kepler-1138,1.0,False,False,False,False,False
Kepler-1139,1.0,True,False,False,False,True
Kepler-114,1.0,True,False,False,False,True
Kepler-1140,1.0,False,False,False,False,False
Kepler-1141,1.0,False,False,False,False,False
Kepler-1142,1.0,False,False,False,False,False
Kepler-1143,1.0,True,False,False,False,True
Kepler-1144,1.0,True,False,False,False,True
Kepler-1145,1.0,False,False,False,False,False
Kepler-1146,1.0,True,False,False,False,True
Kepler-1147,1.0,True,False,False,False,True
Kepler-1148,1.0,False,False,False,False,False
Kepler-1149,1.0,True,False,False,False,True
Kepler-115,1.0,False,False,False,False,False
Kepler-1150,1.0,True,False,False,False,True
Kepler-1151,1.0,False,False,False,False,False
Kepler-1152,1.0,False,False,False,False,False
Kepler-1153,1.0,True,False,False,False,True
Kepler-1154,1.0,True,False,False,False,True
Kepler-1155,1.0,False,False,False,False,False
Kepler-1156,1.0,True,False,False,False,True
Kepler-1157,1.0,False,False,False,False,False
Kepler-1158,1.0,True,False,False,False,True
Kepler-1159,1.0,True,False,False,False,True
Kepler-116,1.0,False,False,False,False,False
Kepler-1160,1.0,False,False,False,False,False
Kepler-1162,1.0,True,False,False,False,True
Kepler-1163,1.0,True,False,False,False,True
Kepler-1164,1.0,True,False,False,False,True
Kepler-1165,1.0,True,False,False,False,True
Kepler-1166,1.0,False,False,False,False,False
Kepler-1167,1.0,False,False,False,False,False
Kepler-1168,1.0,True,False,False,False,True
Kepler-1169,1.0,True,False,False,False,True
Kepler-117,1.0,True,False,False,False,True
Kepler-1171,1.0,False,False,False,False,False
Kepler-1172,1.0,False,False,False,False,False
Kepler-1173,1.0,True,False,False,False,True
Kepler-1174,1.0,False,False,False,False,False
Kepler-1175,1.0,True,False,False,False,True
Kepler-1176,1.0,False,False,False,False,False
Kepler-1177,1.0,False,False,False,False,False
Kepler-1178,1.0,True,False,False,False,True
Kepler-1179,1.0,False,False,False,False,False
Kepler-1180,1.0,False,False,False,False,False
Kepler-1181,1.0,False,False,False,False,False
Kepler-1182,1.0,False,False,False,False,False
Kepler-1183,1.0,False,False,False,False,False
Kepler-1184,1.0,False,False,False,False,False
Kepler-1185,1.0,True,False,False,False,True
Kepler-1186,1.0,True,False,False,False,True
Kepler-1187,1.0,True,False,False,False,True
Kepler-1188,1.0,False,False,False,False,False
Kepler-1189,1.0,False,False,False,False,False
Kepler-119,1.0,False,False,False,False,False
Kepler-1190,1.0,False,False,False,False,False
Kepler-1191,1.0,False,False,False,False,False
Kepler-1192,1.0,False,False,False,False,False
Kepler-1193,1.0,False,False,False,False,False
Kepler-1194,1.0,True,False,False,False,True
Kepler-1195,1.0,False,False,False,False,False
Kepler-1196,1.0,False,False,False,False,False
Kepler-1197,1.0,True,False,False,False,True
Kepler-1198,1.0,False,False,False,False,False
Kepler-1199,1.0,True,False,False,False,True
Kepler-12,1.0,False,False,False,False,False
Kepler-120,1.0,True,False,False,False,True
Kepler-1201,1.0,False,False,False,False,False
Kepler-1203,1.0,False,False,False,False,False
Kepler-1204,1.0,False,False,False,False,False
Kepler-1205,1.0,False,False,False,False,False
Kepler-1206,1.0,True,False,False,False,True
Kepler-1207,1.0,True,False,False,False,True
Kepler-1209,1.0,False,False,False,False,False
Kepler-121,1.0,True,False,False,False,True
Kepler-1210,1.0,False,False,False,False,False
Kepler-1211,1.0,False,False,False,False,False
Kepler-1212,1.0,True,False,False,False,True
Kepler-1213,1.0,False,False,False,False,False
Kepler-1214,1.0,False,False,False,False,False
Kepler-1215,1.0,False,False,False,False,False
Kepler-1216,1.0,True,False,False,False,True
Kepler-1217,1.0,False,False,False,False,False
Kepler-1218,1.0,False,False,False,False,False
Kepler-1219,1.0,True,False,False,False,True
Kepler-122,1.0,False,False,False,False,False
Kepler-1220,1.0,False,False,False,False,False
Kepler-1221,1.0,True,False,False,False,True
Kepler-1222,1.0,True,False,False,False,True
Kepler-1223,1.0,True,False,False,False,True
Kepler-1224,1.0,True,False,False,False,True
Kepler-1226,1.0,True,False,False,False,True
Kepler-1227,1.0,False,False,False,False,False
Kepler-1228,1.0,False,False,False,False,False
Kepler-1229,1.0,False,False,False,False,False
Kepler-123,1.0,False,False,False,False,False
Kepler-1230,1.0,False,False,False,False,False
Kepler-1231,1.0,False,False,False,False,False
Kepler-1232,1.0,True,False,False,False,True
Kepler-1233,1.0,False,False,False,False,False
Kepler-1234,1.0,False,False,False,False,False
Kepler-1235,1.0,True,False,False,False,True
Kepler-1238,1.0,True,False,False,False,True
Kepler-1239,1.0,False,False,False,False,False
Kepler-124,1.0,False,False,False,False,False
Kepler-1240,1.0,False,False,False,False,False
Kepler-1241,1.0,False,False,False,False,False
Kepler-1242,1.0,False,False,False,False,False
Kepler-1243,1.0,True,False,False,False,True
Kepler-1244,1.0,False,False,False,False,False
Kepler-1245,1.0,False,False,False,False,False
Kepler-1246,1.0,False,False,False,False,False
Kepler-1248,1.0,False,False,False,False,False
Kepler-1249,1.0,False,False,False,False,False
Kepler-125,1.0,False,False,False,False,False
Kepler-1250,1.0,True,False,False,False,True
Kepler-1251,1.0,False,False,False,False,False
Kepler-1252,1.0,False,False,False,False,False
Kepler-1253,1.0,False,False,False,False,False
Kepler-1254,1.0,False,False,False,False,False
Kepler-1255,1.0,False,False,False,False,False
Kepler-1256,1.0,False,False,False,False,False
Kepler-1258,1.0,False,False,False,False,False
Kepler-1259,1.0,False,False,False,False,False
Kepler-126,1.0,True,False,False,False,True
Kepler-1260,1.0,False,False,False,False,False
Kepler-1261,1.0,False,False,False,False,False
Kepler-1262,1.0,False,False,False,False,False
Kepler-1263,1.0,True,False,False,False,True
Kepler-1264,1.0,False,False,False,False,False
Kepler-1265,1.0,False,False,False,False,False
Kepler-1266,1.0,False,False,False,False,False
Kepler-1268,1.0,False,False,False,False,False
Kepler-1269,1.0,False,False,False,False,False
Kepler-127,1.0,True,False,False,False,True
Kepler-1270,1.0,False,False,False,False,False
Kepler-1271,1.0,False,False,False,False,False
Kepler-1272,1.0,True,False,False,False,True
Kepler-1273,1.0,True,False,False,False,True
Kepler-1274,1.0,True,False,False,False,True
Kepler-1275,1.0,True,False,False,False,True
Kepler-1276,1.0,False,False,False,False,False
Kepler-1277,1.0,False,False,False,False,False
Kepler-1278,1.0,False,False,False,False,False
Kepler-1279,1.0,False,False,False,False,False
Kepler-128,1.0,True,False,False,False,True
Kepler-1281,1.0,False,False,False,False,False
Kepler-1282,1.0,True,False,False,False,True
Kepler-1283,1.0,False,False,False,False,False
Kepler-1284,1.0,False,False,False,False,False
Kepler-1285,1.0,True,False,False,False,True
Kepler-1286,1.0,False,False,False,False,False
Kepler-1287,1.0,True,False,False,False,True
Kepler-1288,1.0,False,False,False,False,False
Kepler-1289,1.0,True,False,False,False,True
Kepler-129,1.0,True,False,False,False,True
Kepler-1290,1.0,False,False,False,False,False
Kepler-1291,1.0,False,False,False,False,False
Kepler-1292,1.0,False,False,False,False,False
Kepler-1293,1.0,False,False,False,False,False
Kepler-1294,1.0,False,False,False,False,False
Kepler-1296,1.0,True,False,False,False,True
Kepler-1297,1.0,True,False,False,False,True
Kepler-1298,1.0,True,False,False,False,True
Kepler-1299,1.0,False,False,False,False,False
Kepler-130,1.0,True,False,False,False,True
Kepler-1300,1.0,False,False,False,False,False
Kepler-1301,1.0,False,False,False,False,False
Kepler-1302,1.0,False,False,False,False,False
Kepler-1303,1.0,False,False,False,False,False
Kepler-1304,1.0,True,False,False,False,True
Kepler-1307,1.0,True,False,False,False,True
Kepler-1308,1.0,True,False,False,False,True
Kepler-1309,1.0,True,False,False,False,True
Kepler-131,1.0,True,False,False,False,True
Kepler-1310,1.0,False,False,False,False,False
Kepler-1311,1.0,False,False,False,False,False
Kepler-1312,1.0,True,False,False,False,True
Kepler-1313,1.0,True,False,False,False,True
Kepler-1314,1.0,True,False,False,False,True
Kepler-1315,1.0,True,False,False,False,True
Kepler-1316,1.0,True,False,False,False,True
Kepler-1317,1.0,True,False,False,False,True
Kepler-1318,1.0,False,False,False,False,False
Kepler-1319,1.0,True,False,False,False,True
Kepler-132,1.0,True,False,False,False,True
Kepler-1323,1.0,True,False,False,False,True
Kepler-1324,1.0,False,False,False,False,False
Kepler-1325,1.0,False,False,False,False,False
Kepler-1326,1.0,False,False,False,False,False
Kepler-1327,1.0,False,False,False,False,False
Kepler-1328,1.0,True,False,False,False,True
Kepler-1329,1.0,False,False,False,False,False
Kepler-133,1.0,False,False,False,False,False
Kepler-1331,1.0,True,False,False,False,True
Kepler-1332,1.0,False,False,False,False,False
Kepler-1333,1.0,True,False,False,False,True
Kepler-1334,1.0,False,False,False,False,False
Kepler-1335,1.0,False,False,False,False,False
Kepler-1336,1.0,False,False,False,False,False
Kepler-1337,1.0,True,False,False,False,True
Kepler-1338,1.0,False,False,False,False,False
Kepler-1339,1.0,True,False,False,False,True
Kepler-134,1.0,True,False,False,False,True
Kepler-1340,1.0,False,False,False,False,False
Kepler-1341,1.0,False,False,False,False,False
Kepler-1342,1.0,False,False,False,False,False
Kepler-1343,1.0,False,False,False,False,False
Kepler-1344,1.0,True,False,False,False,True
Kepler-1345,1.0,True,False,False,False,True
Kepler-1346,1.0,False,False,False,False,False
Kepler-1347,1.0,True,False,False,False,True
Kepler-1348,1.0,False,False,False,False,False
Kepler-1349,1.0,True,False,False,False,True
Kepler-135,1.0,True,False,False,False,True
Kepler-1350,1.0,True,False,False,False,True
Kepler-1351,1.0,True,False,False,False,True
Kepler-1352,1.0,False,False,False,False,False
Kepler-1353,1.0,False,False,False,False,False
Kepler-1354,1.0,True,False,False,False,True
Kepler-1355,1.0,False,False,False,False,False
Kepler-1357,1.0,False,False,False,False,False
Kepler-1358,1.0,False,False,False,False,False
Kepler-1359,1.0,False,False,False,False,False
Kepler-136,1.0,True,False,False,False,True
Kepler-1360,1.0,False,False,False,False,False
Kepler-1361,1.0,True,False,False,False,True
Kepler-1362,1.0,False,False,False,False,False
Kepler-1363,1.0,True,False,False,False,True
Kepler-1364,1.0,True,False,False,False,True
Kepler-1365,1.0,True,False,False,False,True
Kepler-1366,1.0,False,False,False,False,False
Kepler-1367,1.0,True,False,False,False,True
Kepler-1369,1.0,False,False,False,False,False
Kepler-137,1.0,False,False,False,False,False
Kepler-1370,1.0,False,False,False,False,False
Kepler-1371,1.0,True,False,False,False,True
Kepler-1372,1.0,False,False,False,False,False
Kepler-1373,1.0,True,False,False,False,True
Kepler-1375,1.0,False,False,False,False,False
Kepler-1376,1.0,False,False,False,False,False
Kepler-1377,1.0,True,False,False,False,True
Kepler-1378,1.0,True,False,False,False,True
Kepler-138,1.0,True,False,False,False,True
Kepler-1380,1.0,False,False,False,False,False
Kepler-1381,1.0,False,False,False,False,False
Kepler-1382,1.0,False,False,False,False,False
Kepler-1383,1.0,True,False,False,False,True
Kepler-1384,1.0,False,False,False,False,False
Kepler-1385,1.0,True,False,False,False,True
Kepler-1386,1.0,False,False,False,False,False
Kepler-1387,1.0,True,False,False,False,True
Kepler-1388,1.0,False,False,False,False,False
Kepler-1389,1.0,True,False,False,False,True
Kepler-139,1.0,True,False,False,False,True
Kepler-1390,1.0,False,False,False,False,False
Kepler-1391,1.0,True,False,False,False,True
Kepler-1392,1.0,True,False,False,False,True
Kepler-1393,1.0,False,False,False,False,False
Kepler-1394,1.0,True,False,False,False,True
Kepler-1395,1.0,False,False,False,False,False
Kepler-1396,1.0,True,False,False,False,True
Kepler-1397,1.0,False,False,False,False,False
Kepler-1398,1.0,True,False,False,False,True
Kepler-14,1.0,True,False,False,False,True
Kepler-140,1.0,False,False,False,False,False
Kepler-1400,1.0,True,False,False,False,True
Kepler-1401,1.0,False,False,False,False,False
Kepler-1402,1.0,False,False,False,False,False
Kepler-1403,1.0,False,False,False,False,False
Kepler-1404,1.0,True,False,False,False,True
Kepler-1405,1.0,False,False,False,False,False
Kepler-1406,1.0,False,False,False,False,False
Kepler-1407,1.0,False,False,False,False,False
Kepler-1408,1.0,False,False,False,False,False
Kepler-1409,1.0,False,False,False,False,False
Kepler-141,1.0,False,False,False,False,False
Kepler-1410,1.0,True,False,False,False,True
Kepler-1411,1.0,False,False,False,False,False
Kepler-1412,1.0,False,False,False,False,False
Kepler-1414,1.0,False,False,False,False,False
Kepler-1415,1.0,False,False,False,False,False
Kepler-1416,1.0,False,False,False,False,False
Kepler-1417,1.0,False,False,False,False,False
Kepler-1418,1.0,False,False,False,False,False
Kepler-1419,1.0,False,False,False,False,False
Kepler-142,1.0,False,False,False,False,False
Kepler-1421,1.0,False,False,False,False,False
Kepler-1422,1.0,False,False,False,False,False
Kepler-1423,1.0,False,False,False,False,False
Kepler-1424,1.0,False,False,False,False,False
Kepler-1425,1.0,False,False,False,False,False
Kepler-1426,1.0,False,False,False,False,False
Kepler-1428,1.0,True,False,False,False,True
Kepler-1429,1.0,False,False,False,False,False
Kepler-143,1.0,False,False,False,False,False
Kepler-1430,1.0,False,False,False,False,False
Kepler-1431,1.0,False,False,False,False,False
Kepler-1432,1.0,True,False,False,False,True
Kepler-1433,1.0,False,False,False,False,False
Kepler-1434,1.0,True,False,False,False,True
Kepler-1435,1.0,False,False,False,False,False
Kepler-1436,1.0,False,False,False,False,False
Kepler-1437,1.0,False,False,False,False,False
Kepler-1438,1.0,False,False,False,False,False
Kepler-1439,1.0,False,False,False,False,False
Kepler-144,1.0,True,False,False,False,True
Kepler-1440,1.0,False,False,False,False,False
Kepler-1441,1.0,True,False,False,False,True
Kepler-1442,1.0,False,False,False,False,False
Kepler-1443,1.0,False,False,False,False,False
Kepler-1444,1.0,True,False,False,False,True
Kepler-1445,1.0,False,False,False,False,False
Kepler-1446,1.0,True,False,False,False,True
Kepler-1447,1.0,False,False,False,False,False
Kepler-1448,1.0,False,False,False,False,False
Kepler-1449,1.0,False,False,False,False,False
Kepler-145,1.0,True,False,False,False,True
Kepler-1450,1.0,True,False,False,False,True
Kepler-1451,1.0,False,False,False,False,False
Kepler-1452,1.0,True,False,False,False,True
Kepler-1453,1.0,False,False,False,False,False
Kepler-1454,1.0,False,False,False,False,False
Kepler-1455,1.0,True,False,False,False,True
Kepler-1456,1.0,False,False,False,False,False
Kepler-1457,1.0,False,False,False,False,False
Kepler-1458,1.0,False,False,False,False,False
Kepler-1459,1.0,False,False,False,False,False
Kepler-146,1.0,False,False,False,False,False
Kepler-1460,1.0,True,False,False,False,True
Kepler-1461,1.0,False,False,False,False,False
Kepler-1464,1.0,True,False,False,False,True
Kepler-1465,1.0,False,False,False,False,False
Kepler-1467,1.0,True,False,False,False,True
Kepler-1468,1.0,True,False,False,False,True
Kepler-147,1.0,True,False,False,False,True
Kepler-1470,1.0,False,False,False,False,False
Kepler-1471,1.0,False,False,False,False,False
Kepler-1472,1.0,True,False,False,False,True
Kepler-1473,1.0,False,False,False,False,False
Kepler-1474,1.0,True,False,False,False,True
Kepler-1475,1.0,False,False,False,False,False
Kepler-1476,1.0,True,False,False,False,True
Kepler-1477,1.0,False,False,False,False,False
Kepler-1478,1.0,False,False,False,False,False
Kepler-1479,1.0,False,False,False,False,False
Kepler-148,1.0,True,False,False,False,True
Kepler-1480,1.0,False,False,False,False,False
Kepler-1481,1.0,False,False,False,False,False
Kepler-1482,1.0,False,False,False,False,False
Kepler-1483,1.0,False,False,False,False,False
Kepler-1484,1.0,True,False,False,False,True
Kepler-1485,1.0,False,False,False,False,False
Kepler-1486,1.0,False,False,False,False,False
Kepler-1487,1.0,False,False,False,False,False
Kepler-1488,1.0,False,False,False,False,False
Kepler-1489,1.0,False,False,False,False,False
Kepler-149,1.0,True,False,False,False,True
Kepler-1490,1.0,False,False,False,False,False
Kepler-1492,1.0,False,False,False,False,False
Kepler-1493,1.0,False,False,False,False,False
Kepler-1494,1.0,False,False,False,False,False
Kepler-1495,1.0,True,False,False,False,True
Kepler-1496,1.0,True,False,False,False,True
Kepler-1497,1.0,False,False,False,False,False
Kepler-1498,1.0,True,False,False,False,True
Kepler-1499,1.0,False,False,False,False,False
Kepler-15,1.0,True,False,False,False,True
Kepler-150,1.0,False,False,False,False,False
Kepler-1500,1.0,False,False,False,False,False
Kepler-1501,1.0,False,False,False,False,False
Kepler-1502,1.0,False,False,False,False,False
Kepler-1504,1.0,False,False,False,False,False
Kepler-1505,1.0,True,False,False,False,True
Kepler-1506,1.0,False,False,False,False,False
Kepler-1507,1.0,True,False,False,False,True
Kepler-1508,1.0,True,False,False,False,True
Kepler-1509,1.0,False,False,False,False,False
Kepler-151,1.0,True,False,False,False,True
Kepler-1511,1.0,False,False,False,False,False
Kepler-1512,1.0,True,False,False,False,True
Kepler-1513,1.0,False,False,False,False,False
Kepler-1514,1.0,True,False,False,False,True
Kepler-1515,1.0,False,False,False,False,False
Kepler-1516,1.0,False,False,False,False,False
Kepler-1517,1.0,False,False,False,False,False
Kepler-1518,1.0,False,False,False,False,False
Kepler-1519,1.0,True,False,False,False,True
Kepler-152,1.0,False,False,False,False,False
Kepler-1520,1.0,False,False,False,False,False
Kepler-1521,1.0,True,False,False,False,True
Kepler-1522,1.0,False,False,False,False,False
Kepler-1523,1.0,True,False,False,False,True
Kepler-1524,1.0,False,False,False,False,False
Kepler-1525,1.0,False,False,False,False,False
Kepler-1526,1.0,True,False,False,False,True
Kepler-1527,1.0,False,False,False,False,False
Kepler-1528,1.0,True,False,False,False,True
Kepler-1529,1.0,False,False,False,False,False
Kepler-153,1.0,False,False,False,False,False
Kepler-1530,1.0,True,False,False,False,True
Kepler-1531,1.0,True,False,False,False,True
Kepler-1532,1.0,True,False,False,False,True
Kepler-1533,1.0,False,False,False,False,False
Kepler-1535,1.0,True,False,False,False,True
Kepler-1537,1.0,False,False,False,False,False
Kepler-1538,1.0,True,False,False,False,True
Kepler-1539,1.0,True,False,False,False,True
Kepler-154,1.0,False,False,False,False,False
Kepler-1540,1.0,False,False,False,False,False
Kepler-1541,1.0,False,False,False,False,False
Kepler-1542,1.0,False,False,False,False,False
Kepler-1543,1.0,False,False,False,False,False
Kepler-1544,1.0,True,False,False,False,True
Kepler-1545,1.0,False,False,False,False,False
Kepler-1546,1.0,True,False,False,False,True
Kepler-1547,1.0,False,False,False,False,False
Kepler-1548,1.0,True,False,False,False,True
Kepler-1549,1.0,True,False,False,False,True
Kepler-155,1.0,False,False,False,False,False
Kepler-1550,1.0,True,False,False,False,True
Kepler-1552,1.0,True,False,False,False,True
Kepler-1554,1.0,False,False,False,False,False
Kepler-1555,1.0,True,False,False,False,True
Kepler-1556,1.0,False,False,False,False,False
Kepler-1558,1.0,True,False,False,False,True
Kepler-1559,1.0,True,False,False,False,True
Kepler-156,1.0,True,False,False,False,True
Kepler-1560,1.0,True,False,False,False,True
Kepler-1561,1.0,False,False,False,False,False
Kepler-1562,1.0,True,False,False,False,True
Kepler-1563,1.0,False,False,False,False,False
Kepler-1564,1.0,False,False,False,False,False
Kepler-1566,1.0,False,False,False,False,False
Kepler-1567,1.0,True,False,False,False,True
Kepler-1568,1.0,True,False,False,False,True
Kepler-1569,1.0,True,False,False,False,True
Kepler-1570,1.0,False,False,False,False,False
Kepler-1571,1.0,False,False,False,False,False
Kepler-1572,1.0,False,False,False,False,False
Kepler-1573,1.0,False,False,False,False,False
Kepler-1574,1.0,False,False,False,False,False
Kepler-1575,1.0,False,False,False,False,False
Kepler-1576,1.0,False,False,False,False,False
Kepler-1577,1.0,False,False,False,False,False
Kepler-1578,1.0,True,False,False,False,True
Kepler-1579,1.0,True,False,False,False,True
Kepler-158,1.0,False,False,False,False,False
Kepler-1580,1.0,False,False,False,False,False
Kepler-1581,1.0,True,False,False,False,True
Kepler-1582,1.0,False,False,False,False,False
Kepler-1583,1.0,True,False,False,False,True
Kepler-1584,1.0,False,False,False,False,False
Kepler-1586,1.0,False,False,False,False,False
Kepler-1587,1.0,False,False,False,False,False
Kepler-1588,1.0,True,False,False,False,True
Kepler-1589,1.0,False,False,False,False,False
Kepler-159,1.0,True,False,False,False,True
Kepler-1590,1.0,False,False,False,False,False
Kepler-1591,1.0,False,False,False,False,False
Kepler-1592,1.0,False,False,False,False,False
Kepler-1594,1.0,False,False,False,False,False
Kepler-1595,1.0,False,False,False,False,False
Kepler-1596,1.0,False,False,False,False,False
Kepler-1597,1.0,False,False,False,False,False
Kepler-1598,1.0,True,False,False,False,True
Kepler-1599,1.0,False,False,False,False,False
Kepler-16,1.0,False,False,False,False,False
Kepler-160,1.0,False,False,False,False,False
Kepler-1600,1.0,True,False,False,False,True
Kepler-1601,1.0,True,False,False,False,True
Kepler-1602,1.0,False,False,False,False,False
Kepler-1603,1.0,False,False,False,False,False
Kepler-1604,1.0,True,False,False,False,True
Kepler-1605,1.0,True,False,False,False,True
Kepler-1606,1.0,False,False,False,False,False
Kepler-1607,1.0,False,False,False,False,False
Kepler-1608,1.0,False,False,False,False,False
Kepler-1609,1.0,False,False,False,False,False
Kepler-161,1.0,False,False,False,False,False
Kepler-1611,1.0,True,False,False,False,True
Kepler-1613,1.0,False,False,False,False,False
Kepler-1614,1.0,False,False,False,False,False
Kepler-1615,1.0,False,False,False,False,False
Kepler-1616,1.0,True,False,False,False,True
Kepler-1617,1.0,True,False,False,False,True
Kepler-1618,1.0,True,False,False,False,True
Kepler-1619,1.0,True,False,False,False,True
Kepler-162,1.0,False,False,False,False,False
Kepler-1620,1.0,False,False,False,False,False
Kepler-1621,1.0,False,False,False,False,False
Kepler-1622,1.0,False,False,False,False,False
Kepler-1624,1.0,True,False,False,False,True
Kepler-1626,1.0,True,False,False,False,True
Kepler-1627,1.0,False,False,False,False,False
Kepler-1628,1.0,False,False,False,False,False
Kepler-1629,1.0,False,False,False,False,False
Kepler-163,1.0,True,False,False,False,True
Kepler-1630,1.0,False,False,False,False,False
Kepler-1632,1.0,False,False,False,False,False
Kepler-1633,1.0,False,False,False,False,False
Kepler-1634,1.0,True,False,False,False,True
Kepler-1635,1.0,True,False,False,False,True
Kepler-1637,1.0,False,False,False,False,False
Kepler-1638,1.0,True,False,False,False,True
Kepler-1639,1.0,False,False,False,False,False
Kepler-164,1.0,True,False,False,False,True
Kepler-1640,1.0,False,False,False,False,False
Kepler-1641,1.0,True,False,False,False,True
Kepler-1642,1.0,False,False,False,False,False
Kepler-1644,1.0,False,False,False,False,False
Kepler-1645,1.0,False,False,False,False,False
Kepler-1646,1.0,False,False,False,False,False
Kepler-1647,1.0,False,False,False,False,False
Kepler-1649,1.0,False,False,False,False,False
Kepler-165,1.0,False,False,False,False,False
Kepler-1650,1.0,True,False,False,False,True
Kepler-1651,1.0,True,False,False,False,True
Kepler-1652,1.0,True,False,False,False,True
Kepler-1654,1.0,False,False,False,False,False
Kepler-1655,1.0,True,False,False,False,True
Kepler-1656,1.0,True,False,False,False,True
Kepler-166,1.0,False,False,False,False,False
Kepler-1660_A,1.0,False,False,False,False,False
Kepler-1661,1.0,False,False,False,False,False
Kepler-1663,1.0,False,False,False,False,False
Kepler-1664,1.0,False,False,False,False,False
Kepler-1665,1.0,False,False,False,False,False
Kepler-1666,1.0,False,False,False,False,False
Kepler-1667,1.0,False,False,False,False,False
Kepler-1669,1.0,True,False,False,False,True
Kepler-167,1.0,True,False,False,False,True
Kepler-1670,1.0,False,False,False,False,False
Kepler-1671,1.0,True,False,False,False,True
Kepler-1672,1.0,True,False,False,False,True
Kepler-1673,1.0,False,False,False,False,False
Kepler-1674,1.0,True,False,False,False,True
Kepler-1675,1.0,False,False,False,False,False
Kepler-1676,1.0,False,False,False,False,False
Kepler-1677,1.0,False,False,False,False,False
Kepler-1678,1.0,True,False,False,False,True
Kepler-1679,1.0,True,False,False,False,True
Kepler-1680,1.0,True,False,False,False,True
Kepler-1681,1.0,False,False,False,False,False
Kepler-1683,1.0,False,False,False,False,False
Kepler-1686,1.0,True,False,False,False,True
Kepler-1687,1.0,False,False,False,False,False
Kepler-1688,1.0,False,False,False,False,False
Kepler-1689,1.0,True,False,False,False,True
Kepler-169,1.0,False,False,False,False,False
Kepler-1690,1.0,False,False,False,False,False
Kepler-1691,1.0,False,False,False,False,False
Kepler-1693,1.0,False,False,False,False,False
Kepler-1694,1.0,False,False,False,False,False
Kepler-1697,1.0,False,False,False,False,False
Kepler-1698,1.0,False,False,False,False,False
Kepler-1699,1.0,False,False,False,False,False
Kepler-17,1.0,False,False,False,False,False
Kepler-170,1.0,False,False,False,False,False
Kepler-1700,1.0,True,False,False,False,True
Kepler-1701,1.0,False,False,False,False,False
Kepler-1702,1.0,True,False,False,False,True
Kepler-1704,1.0,False,False,False,False,False
Kepler-1705,1.0,False,False,False,False,False
Kepler-1709,1.0,True,False,False,False,True
Kepler-171,1.0,True,False,False,False,True
Kepler-1710,1.0,True,False,False,False,True
Kepler-1711,1.0,True,False,False,False,True
Kepler-1712,1.0,False,False,False,False,False
Kepler-1713,1.0,True,False,False,False,True
Kepler-1714,1.0,True,False,False,False,True
Kepler-1715,1.0,True,False,False,False,True
Kepler-1716,1.0,True,False,False,False,True
Kepler-1717,1.0,True,False,False,False,True
Kepler-1718,1.0,True,False,False,False,True
Kepler-1719,1.0,True,False,False,False,True
Kepler-172,1.0,False,False,False,False,False
Kepler-1720,1.0,False,False,False,False,False
Kepler-1721,1.0,True,False,False,False,True
Kepler-1722,1.0,True,False,False,False,True
Kepler-1723,1.0,True,False,False,False,True
Kepler-1725,1.0,False,False,False,False,False
Kepler-1726,1.0,True,False,False,False,True
Kepler-1727,1.0,True,False,False,False,True
Kepler-1728,1.0,True,False,False,False,True
Kepler-1729,1.0,False,False,False,False,False
Kepler-173,1.0,True,False,False,False,True
Kepler-1730,1.0,False,False,False,False,False
Kepler-1731,1.0,True,False,False,False,True
Kepler-1732,1.0,True,False,False,False,True
Kepler-1733,1.0,False,False,False,False,False
Kepler-1734,1.0,True,False,False,False,True
Kepler-1735,1.0,False,False,False,False,False
Kepler-1737,1.0,False,False,False,False,False
Kepler-1738,1.0,False,False,False,False,False
Kepler-1739,1.0,False,False,False,False,False
Kepler-174,1.0,False,False,False,False,False
Kepler-1740,1.0,False,False,False,False,False
Kepler-1741,1.0,True,False,False,False,True
Kepler-1742,1.0,True,False,False,False,True
Kepler-1743,1.0,True,False,False,False,True
Kepler-1744,1.0,True,False,False,False,True
Kepler-1745,1.0,True,False,False,False,True
Kepler-1746,1.0,False,False,False,False,False
Kepler-1747,1.0,True,False,False,False,True
Kepler-1748,1.0,True,False,False,False,True
Kepler-1749,1.0,True,False,False,False,True
Kepler-175,1.0,False,False,False,False,False
Kepler-1750,1.0,False,False,False,False,False
Kepler-1751,1.0,False,False,False,False,False
Kepler-1752,1.0,False,False,False,False,False
Kepler-1753,1.0,False,False,False,False,False
Kepler-1754,1.0,True,False,False,False,True
Kepler-1755,1.0,True,False,False,False,True
Kepler-1757,1.0,False,False,False,False,False
Kepler-1758,1.0,True,False,False,False,True
Kepler-1759,1.0,False,False,False,False,False
Kepler-176,1.0,False,False,False,False,False
Kepler-1760,1.0,False,False,False,False,False
Kepler-1761,1.0,False,False,False,False,False
Kepler-1763,1.0,False,False,False,False,False
Kepler-1764,1.0,True,False,False,False,True
Kepler-1765,1.0,False,False,False,False,False
Kepler-1766,1.0,True,False,False,False,True
Kepler-1768,1.0,False,False,False,False,False
Kepler-1769,1.0,False,False,False,False,False
Kepler-177,1.0,True,False,False,False,True
Kepler-1770,1.0,False,False,False,False,False
Kepler-1771,1.0,False,False,False,False,False
Kepler-1772,1.0,False,False,False,False,False
Kepler-1773,1.0,True,False,False,False,True
Kepler-1774,1.0,False,False,False,False,False
Kepler-1775,1.0,True,False,False,False,True
Kepler-1776,1.0,False,False,False,False,False
Kepler-1777,1.0,True,False,False,False,True
Kepler-1778,1.0,False,False,False,False,False
Kepler-1779,1.0,False,False,False,False,False
Kepler-178,1.0,True,False,False,False,True
Kepler-1780,1.0,True,False,False,False,True
Kepler-1782,1.0,False,False,False,False,False
Kepler-1783,1.0,True,False,False,False,True
Kepler-1784,1.0,False,False,False,False,False
Kepler-1786,1.0,True,False,False,False,True
Kepler-1787,1.0,True,False,False,False,True
Kepler-1788,1.0,False,False,False,False,False
Kepler-1789,1.0,False,False,False,False,False
Kepler-179,1.0,False,False,False,False,False
Kepler-1790,1.0,False,False,False,False,False
Kepler-1791,1.0,False,False,False,False,False
Kepler-1792,1.0,False,False,False,False,False
Kepler-1795,1.0,True,False,False,False,True
Kepler-1798,1.0,True,False,False,False,True
Kepler-1799,1.0,False,False,False,False,False
Kepler-18,1.0,True,False,False,False,True
Kepler-180,1.0,True,False,False,False,True
Kepler-1800,1.0,True,False,False,False,True
Kepler-1801,1.0,False,False,False,False,False
Kepler-1805,1.0,False,False,False,False,False
Kepler-1806,1.0,False,False,False,False,False
Kepler-1807,1.0,False,False,False,False,False
Kepler-1808,1.0,True,False,False,False,True
Kepler-1809,1.0,False,False,False,False,False
Kepler-181,1.0,True,False,False,False,True
Kepler-1810,1.0,True,False,False,False,True
Kepler-1811,1.0,False,False,False,False,False
Kepler-1812,1.0,True,False,False,False,True
Kepler-1813,1.0,False,False,False,False,False
Kepler-1814,1.0,False,False,False,False,False
Kepler-1815,1.0,False,False,False,False,False
Kepler-1816,1.0,True,False,False,False,True
Kepler-1817,1.0,False,False,False,False,False
Kepler-1818,1.0,False,False,False,False,False
Kepler-1819,1.0,False,False,False,False,False
Kepler-182,1.0,False,False,False,False,False
Kepler-1821,1.0,True,False,False,False,True
Kepler-1823,1.0,True,False,False,False,True
Kepler-1824,1.0,True,False,False,False,True
Kepler-1825,1.0,True,False,False,False,True
Kepler-1826,1.0,False,False,False,False,False
Kepler-1827,1.0,True,False,False,False,True
Kepler-1828,1.0,True,False,False,False,True
Kepler-1829,1.0,False,False,False,False,False
Kepler-1830,1.0,False,False,False,False,False
Kepler-1831,1.0,True,False,False,False,True
Kepler-1832,1.0,False,False,False,False,False
Kepler-1833,1.0,False,False,False,False,False
Kepler-1835,1.0,False,False,False,False,False
Kepler-1837,1.0,True,False,False,False,True
Kepler-1838,1.0,True,False,False,False,True
Kepler-1839,1.0,True,False,False,False,True
Kepler-184,1.0,True,False,False,False,True
Kepler-1841,1.0,False,False,False,False,False
Kepler-1842,1.0,False,False,False,False,False
Kepler-1843,1.0,True,False,False,False,True
Kepler-1844,1.0,False,False,False,False,False
Kepler-1845,1.0,True,False,False,False,True
Kepler-1846,1.0,True,False,False,False,True
Kepler-1848,1.0,False,False,False,False,False
Kepler-1849,1.0,False,False,False,False,False
Kepler-185,1.0,False,False,False,False,False
Kepler-1850,1.0,False,False,False,False,False
Kepler-1851,1.0,True,False,False,False,True
Kepler-1852,1.0,False,False,False,False,False
Kepler-1853,1.0,True,False,False,False,True
Kepler-1854,1.0,False,False,False,False,False
Kepler-1855,1.0,False,False,False,False,False
Kepler-1856,1.0,True,False,False,False,True
Kepler-1857,1.0,False,False,False,False,False
Kepler-1858,1.0,True,False,False,False,True
Kepler-186,1.0,True,False,False,False,True
Kepler-1860,1.0,True,False,False,False,True
Kepler-1861,1.0,True,False,False,False,True
Kepler-1862,1.0,False,False,False,False,False
Kepler-1863,1.0,False,False,False,False,False
Kepler-1864,1.0,True,False,False,False,True
Kepler-1866,1.0,True,False,False,False,True
Kepler-1867,1.0,False,False,False,False,False
Kepler-1868,1.0,False,False,False,False,False
Kepler-1869,1.0,True,False,False,False,True
Kepler-187,1.0,False,False,False,False,False
Kepler-1870,1.0,False,False,False,False,False
Kepler-1871,1.0,True,False,False,False,True
Kepler-1872,1.0,False,False,False,False,False
Kepler-1874,1.0,False,False,False,False,False
Kepler-1875,1.0,True,False,False,False,True
Kepler-1876,1.0,True,False,False,False,True
Kepler-1877,1.0,True,False,False,False,True
Kepler-1878,1.0,False,False,False,False,False
Kepler-1879,1.0,False,False,False,False,False
Kepler-188,1.0,False,False,False,False,False
Kepler-1880,1.0,False,False,False,False,False
Kepler-1882,1.0,True,False,False,False,True
Kepler-1884,1.0,False,False,False,False,False
Kepler-1885,1.0,True,False,False,False,True
Kepler-1886,1.0,False,False,False,False,False
Kepler-1887,1.0,False,False,False,False,False
Kepler-1888,1.0,True,False,False,False,True
Kepler-189,1.0,False,False,False,False,False
Kepler-1890,1.0,True,False,False,False,True
Kepler-1892,1.0,False,False,False,False,False
Kepler-1893,1.0,False,False,False,False,False
Kepler-1894,1.0,True,False,False,False,True
Kepler-1895,1.0,False,False,False,False,False
Kepler-1896,1.0,False,False,False,False,False
Kepler-1897,1.0,False,False,False,False,False
Kepler-1898,1.0,True,False,False,False,True
Kepler-1899,1.0,True,False,False,False,True
Kepler-19,1.0,True,False,False,False,True
Kepler-190,1.0,False,False,False,False,False
Kepler-1900,1.0,False,False,False,False,False
Kepler-1901,1.0,False,False,False,False,False
Kepler-1902,1.0,False,False,False,False,False
Kepler-1903,1.0,False,False,False,False,False
Kepler-1904,1.0,False,False,False,False,False
Kepler-1906,1.0,False,False,False,False,False
Kepler-1907,1.0,False,False,False,False,False
Kepler-1910,1.0,True,False,False,False,True
Kepler-1911,1.0,True,False,False,False,True
Kepler-1912,1.0,True,False,False,False,True
Kepler-1913,1.0,False,False,False,False,False
Kepler-1914,1.0,False,False,False,False,False
Kepler-1916,1.0,False,False,False,False,False
Kepler-1917,1.0,True,False,False,False,True
Kepler-1919,1.0,False,False,False,False,False
Kepler-192,1.0,True,False,False,False,True
Kepler-1921,1.0,False,False,False,False,False
Kepler-1922,1.0,True,False,False,False,True
Kepler-1923,1.0,True,False,False,False,True
Kepler-1924,1.0,True,False,False,False,True
Kepler-1925,1.0,False,False,False,False,False
Kepler-1927,1.0,True,False,False,False,True
Kepler-1928,1.0,True,False,False,False,True
Kepler-1929,1.0,True,False,False,False,True
Kepler-193,1.0,False,False,False,False,False
Kepler-1930,1.0,False,False,False,False,False
Kepler-1931,1.0,False,False,False,False,False
Kepler-1932,1.0,False,False,False,False,False
Kepler-1933,1.0,False,False,False,False,False
Kepler-1934,1.0,True,False,False,False,True
Kepler-1935,1.0,False,False,False,False,False
Kepler-1936,1.0,False,False,False,False,False
Kepler-1937,1.0,False,False,False,False,False
Kepler-1938,1.0,True,False,False,False,True
Kepler-1939,1.0,True,False,False,False,True
Kepler-194,1.0,False,False,False,False,False
Kepler-1941,1.0,True,False,False,False,True
Kepler-1942,1.0,False,False,False,False,False
Kepler-1943,1.0,True,False,False,False,True
Kepler-1944,1.0,False,False,False,False,False
Kepler-1945,1.0,False,False,False,False,False
Kepler-1946,1.0,False,False,False,False,False
Kepler-1947,1.0,False,False,False,False,False
Kepler-1948,1.0,False,False,False,False,False
Kepler-1949,1.0,True,False,False,False,True
Kepler-195,1.0,True,False,False,False,True
Kepler-1950,1.0,False,False,False,False,False
Kepler-1952,1.0,False,False,False,False,False
Kepler-1953,1.0,True,False,False,False,True
Kepler-1955,1.0,True,False,False,False,True
Kepler-1956,1.0,True,False,False,False,True
Kepler-1957,1.0,False,False,False,False,False
Kepler-1958,1.0,False,False,False,False,False
Kepler-1959,1.0,False,False,False,False,False
Kepler-196,1.0,False,False,False,False,False
Kepler-1960,1.0,True,False,False,False,True
Kepler-1961,1.0,True,False,False,False,True
Kepler-1962,1.0,False,False,False,False,False
Kepler-1963,1.0,False,False,False,False,False
Kepler-1964,1.0,False,False,False,False,False
Kepler-1965,1.0,True,False,False,False,True
Kepler-1966,1.0,True,False,False,False,True
Kepler-1967,1.0,False,False,False,False,False
Kepler-1969,1.0,False,False,False,False,False
Kepler-197,1.0,True,False,False,False,True
Kepler-1972,1.0,True,False,False,False,True
Kepler-1976,1.0,False,False,False,False,False
Kepler-1977,1.0,True,False,False,False,True
Kepler-1978,1.0,True,False,False,False,True
Kepler-1979,1.0,True,False,False,False,True
Kepler-198,1.0,True,False,False,False,True
Kepler-1980,1.0,False,False,False,False,False
Kepler-1981,1.0,False,False,False,False,False
Kepler-1982,1.0,True,False,False,False,True
Kepler-1983,1.0,True,False,False,False,True
Kepler-1984,1.0,False,False,False,False,False
Kepler-1987,1.0,False,False,False,False,False
Kepler-1988,1.0,True,False,False,False,True
Kepler-199,1.0,False,False,False,False,False
Kepler-1990,1.0,False,False,False,False,False
Kepler-1991,1.0,True,False,False,False,True
Kepler-1992,1.0,True,False,False,False,True
Kepler-1993,1.0,True,False,False,False,True
Kepler-1994,1.0,True,False,False,False,True
Kepler-1995,1.0,True,False,False,False,True
Kepler-1996,1.0,True,False,False,False,True
Kepler-1998,1.0,False,False,False,False,False
Kepler-1999,1.0,False,False,False,False,False
Kepler-20,1.0,True,False,False,False,True
Kepler-200,1.0,False,False,False,False,False
Kepler-2000,1.0,False,False,False,False,False
Kepler-2001,1.0,False,False,False,False,False
Kepler-201,1.0,True,False,False,False,True
Kepler-202,1.0,False,False,False,False,False
Kepler-203,1.0,True,False,False,False,True
Kepler-204,1.0,False,False,False,False,False
Kepler-205,1.0,True,False,False,False,True
Kepler-206,1.0,True,False,False,False,True
Kepler-207,1.0,False,False,False,False,False
Kepler-208,1.0,True,False,False,False,True
Kepler-209,1.0,True,False,False,False,True
Kepler-21,1.0,True,False,False,False,True
Kepler-210,1.0,True,False,False,False,True
Kepler-211,1.0,False,False,False,False,False
Kepler-212,1.0,False,False,False,False,False
Kepler-213,1.0,False,False,False,False,False
Kepler-214,1.0,True,False,False,False,True
Kepler-215,1.0,True,False,False,False,True
Kepler-216,1.0,True,False,False,False,True
Kepler-217,1.0,True,False,False,False,True
Kepler-218,1.0,True,False,False,False,True
Kepler-219,1.0,True,False,False,False,True
Kepler-22,1.0,True,False,False,False,True
Kepler-220,1.0,False,False,False,False,False
Kepler-221,1.0,False,False,False,False,False
Kepler-222,1.0,True,False,False,False,True
Kepler-223,1.0,False,False,False,False,False
Kepler-224,1.0,False,False,False,False,False
Kepler-225,1.0,False,False,False,False,False
Kepler-226,1.0,False,False,False,False,False
Kepler-227,1.0,False,False,False,False,False
Kepler-229,1.0,False,False,False,False,False
Kepler-23,1.0,True,False,False,False,True
Kepler-230,1.0,False,False,False,False,False
Kepler-231,1.0,True,False,False,False,True
Kepler-232,1.0,True,False,False,False,True
Kepler-233,1.0,True,False,False,False,True
Kepler-234,1.0,False,False,False,False,False
Kepler-235,1.0,True,False,False,False,True
Kepler-236,1.0,False,False,False,False,False
Kepler-237,1.0,False,False,False,False,False
Kepler-238,1.0,False,False,False,False,False
Kepler-239,1.0,False,False,False,False,False
Kepler-24,1.0,True,False,False,False,True
Kepler-241,1.0,True,False,False,False,True
Kepler-242,1.0,False,False,False,False,False
Kepler-243,1.0,False,False,False,False,False
Kepler-244,1.0,False,False,False,False,False
Kepler-245,1.0,True,False,False,False,True
Kepler-246,1.0,False,False,False,False,False
Kepler-247,1.0,False,False,False,False,False
Kepler-248,1.0,False,False,False,False,False
Kepler-249,1.0,True,False,False,False,True
Kepler-25,1.0,True,False,False,False,True
Kepler-250,1.0,False,False,False,False,False
Kepler-251,1.0,False,False,False,False,False
Kepler-252,1.0,False,False,False,False,False
Kepler-253,1.0,False,False,False,False,False
Kepler-254,1.0,True,False,False,False,True
Kepler-257,1.0,False,False,False,False,False
Kepler-258,1.0,True,False,False,False,True
Kepler-259,1.0,True,False,False,False,True
Kepler-26,1.0,True,False,False,False,True
Kepler-260,1.0,True,False,False,False,True
Kepler-261,1.0,True,False,False,False,True
Kepler-262,1.0,True,False,False,False,True
Kepler-263,1.0,True,False,False,False,True
Kepler-264,1.0,True,False,False,False,True
Kepler-265,1.0,False,False,False,False,False
Kepler-267,1.0,False,False,False,False,False
Kepler-268,1.0,True,False,False,False,True
Kepler-269,1.0,False,False,False,False,False
Kepler-27,1.0,False,False,False,False,False
Kepler-270,1.0,False,False,False,False,False
Kepler-271,1.0,False,False,False,False,False
Kepler-272,1.0,False,False,False,False,False
Kepler-273,1.0,False,False,False,False,False
Kepler-274,1.0,True,False,False,False,True
Kepler-275,1.0,False,False,False,False,False
Kepler-276,1.0,False,False,False,False,False
Kepler-277,1.0,True,False,False,False,True
Kepler-278,1.0,True,False,False,False,True
Kepler-279,1.0,False,False,False,False,False
Kepler-28,1.0,True,False,False,False,True
Kepler-280,1.0,True,False,False,False,True
Kepler-282,1.0,True,False,False,False,True
Kepler-283,1.0,False,False,False,False,False
Kepler-284,1.0,False,False,False,False,False
Kepler-285,1.0,False,False,False,False,False
Kepler-286,1.0,False,False,False,False,False
Kepler-287,1.0,False,False,False,False,False
Kepler-288,1.0,False,False,False,False,False
Kepler-289,1.0,False,False,False,False,False
Kepler-29,1.0,False,False,False,False,False
Kepler-290,1.0,False,False,False,False,False
Kepler-291,1.0,False,False,False,False,False
Kepler-293,1.0,False,False,False,False,False
Kepler-294,1.0,True,False,False,False,True
Kepler-295,1.0,True,False,False,False,True
Kepler-296,1.0,False,False,False,False,False
Kepler-297,1.0,False,False,False,False,False
Kepler-298,1.0,False,False,False,False,False
Kepler-299,1.0,False,False,False,False,False
Kepler-30,1.0,True,False,False,False,True
Kepler-300,1.0,True,False,False,False,True
Kepler-301,1.0,False,False,False,False,False
Kepler-303,1.0,True,False,False,False,True
Kepler-304,1.0,False,False,False,False,False
Kepler-305,1.0,True,False,False,False,True
Kepler-306,1.0,False,False,False,False,False
Kepler-307,1.0,True,False,False,False,True
Kepler-309,1.0,False,False,False,False,False
Kepler-31,1.0,True,False,False,False,True
Kepler-310,1.0,True,False,False,False,True
Kepler-311,1.0,False,False,False,False,False
Kepler-312,1.0,False,False,False,False,False
Kepler-313,1.0,False,False,False,False,False
Kepler-314,1.0,True,False,False,False,True
Kepler-315,1.0,False,False,False,False,False
Kepler-316,1.0,False,False,False,False,False
Kepler-317,1.0,False,False,False,False,False
Kepler-318,1.0,False,False,False,False,False
Kepler-319,1.0,False,False,False,False,False
Kepler-32,1.0,False,False,False,False,False
Kepler-320,1.0,True,False,False,False,True
Kepler-321,1.0,False,False,False,False,False
Kepler-322,1.0,False,False,False,False,False
Kepler-323,1.0,True,False,False,False,True
Kepler-324,1.0,False,False,False,False,False
Kepler-325,1.0,False,False,False,False,False
Kepler-326,1.0,True,False,False,False,True
Kepler-327,1.0,False,False,False,False,False
Kepler-328,1.0,False,False,False,False,False
Kepler-329,1.0,False,False,False,False,False
Kepler-33,1.0,True,False,False,False,True
Kepler-330,1.0,False,False,False,False,False
Kepler-332,1.0,True,False,False,False,True
Kepler-333,1.0,True,False,False,False,True
Kepler-334,1.0,True,False,False,False,True
Kepler-335,1.0,True,False,False,False,True
Kepler-336,1.0,False,False,False,False,False
Kepler-337,1.0,True,False,False,False,True
Kepler-338,1.0,True,False,False,False,True
Kepler-339,1.0,False,False,False,False,False
Kepler-34,1.0,False,False,False,False,False
Kepler-340,1.0,False,False,False,False,False
Kepler-341,1.0,False,False,False,False,False
Kepler-342,1.0,True,False,False,False,True
Kepler-343,1.0,True,False,False,False,True
Kepler-345,1.0,True,False,False,False,True
Kepler-346,1.0,True,False,False,False,True
Kepler-347,1.0,False,False,False,False,False
Kepler-348,1.0,True,False,False,False,True
Kepler-349,1.0,True,False,False,False,True
Kepler-35,1.0,False,False,False,False,False
Kepler-350,1.0,True,False,False,False,True
Kepler-351,1.0,False,False,False,False,False
Kepler-352,1.0,False,False,False,False,False
Kepler-353,1.0,True,False,False,False,True
Kepler-354,1.0,False,False,False,False,False
Kepler-355,1.0,False,False,False,False,False
Kepler-356,1.0,True,False,False,False,True
Kepler-357,1.0,False,False,False,False,False
Kepler-358,1.0,False,False,False,False,False
Kepler-359,1.0,False,False,False,False,False
Kepler-36,1.0,True,False,False,False,True
Kepler-360,1.0,True,False,False,False,True
Kepler-361,1.0,False,False,False,False,False
Kepler-362,1.0,False,False,False,False,False
Kepler-363,1.0,False,False,False,False,False
Kepler-364,1.0,False,False,False,False,False
Kepler-365,1.0,True,False,False,False,True
Kepler-366,1.0,True,False,False,False,True
Kepler-367,1.0,True,False,False,False,True
Kepler-368,1.0,False,False,False,False,False
Kepler-369,1.0,False,False,False,False,False
Kepler-37,1.0,True,False,False,False,True
Kepler-370,1.0,True,False,False,False,True
Kepler-371,1.0,True,False,False,False,True
Kepler-372,1.0,False,False,False,False,False
Kepler-373,1.0,False,False,False,False,False
Kepler-374,1.0,True,False,False,False,True
Kepler-375,1.0,True,False,False,False,True
Kepler-376,1.0,True,False,False,False,True
Kepler-377,1.0,False,False,False,False,False
Kepler-378,1.0,True,False,False,False,True
Kepler-379,1.0,False,False,False,False,False
Kepler-38,1.0,False,False,False,False,False
Kepler-380,1.0,False,False,False,False,False
Kepler-381,1.0,True,False,False,False,True
Kepler-382,1.0,False,False,False,False,False
Kepler-383,1.0,True,False,False,False,True
Kepler-384,1.0,True,False,False,False,True
Kepler-385,1.0,True,False,False,False,True
Kepler-386,1.0,False,False,False,False,False
Kepler-387,1.0,True,False,False,False,True
Kepler-388,1.0,True,False,False,False,True
Kepler-39,1.0,False,False,False,False,False
Kepler-390,1.0,True,False,False,False,True
Kepler-391,1.0,False,False,False,False,False
Kepler-392,1.0,False,False,False,False,False
Kepler-393,1.0,False,False,False,False,False
Kepler-394,1.0,True,False,False,False,True
Kepler-396,1.0,True,False,False,False,True
Kepler-397,1.0,False,False,False,False,False
Kepler-398,1.0,True,False,False,False,True
Kepler-399,1.0,True,False,False,False,True
Kepler-4,1.0,True,False,False,False,True
Kepler-40,1.0,False,False,False,False,False
Kepler-400,1.0,False,False,False,False,False
Kepler-401,1.0,False,False,False,False,False
Kepler-402,1.0,False,False,False,False,False
Kepler-403,1.0,True,False,False,False,True
Kepler-404,1.0,True,False,False,False,True
Kepler-405,1.0,False,False,False,False,False
Kepler-406,1.0,False,False,False,False,False
Kepler-407,1.0,True,False,False,False,True
Kepler-408,1.0,True,False,False,False,True
Kepler-409,1.0,True,False,False,False,True
Kepler-41,1.0,True,False,False,False,True
Kepler-410_A,1.0,True,False,False,False,True
Kepler-411,1.0,True,False,False,False,True
Kepler-412,1.0,False,False,False,False,False
Kepler-413,1.0,False,False,False,False,False
Kepler-414,1.0,False,False,False,False,False
Kepler-415,1.0,False,False,False,False,False
Kepler-416,1.0,True,False,False,False,True
Kepler-417,1.0,True,False,False,False,True
Kepler-418,1.0,False,False,False,False,False
Kepler-419,1.0,True,False,False,False,True
Kepler-42,1.0,False,False,False,False,False
Kepler-421,1.0,True,False,False,False,True
Kepler-422,1.0,True,False,False,False,True
Kepler-423,1.0,True,False,False,False,True
Kepler-424,1.0,False,False,False,False,False
Kepler-425,1.0,False,False,False,False,False
Kepler-426,1.0,False,False,False,False,False
Kepler-427,1.0,False,False,False,False,False
Kepler-428,1.0,False,False,False,False,False
Kepler-43,1.0,True,False,False,False,True
Kepler-430,1.0,False,False,False,False,False
Kepler-431,1.0,True,False,False,False,True
Kepler-432,1.0,True,False,False,False,True
Kepler-433,1.0,True,False,False,False,True
Kepler-434,1.0,True,False,False,False,True
Kepler-435,1.0,True,False,False,False,True
Kepler-437,1.0,False,False,False,False,False
Kepler-438,1.0,False,False,False,False,False
Kepler-439,1.0,False,False,False,False,False
Kepler-44,1.0,False,False,False,False,False
Kepler-440,1.0,False,False,False,False,False
Kepler-441,1.0,False,False,False,False,False
Kepler-442,1.0,True,False,False,False,True
Kepler-443,1.0,False,False,False,False,False
Kepler-444,1.0,False,False,False,False,False
Kepler-445,1.0,False,False,False,False,False
Kepler-446,1.0,False,False,False,False,False
Kepler-447,1.0,True,False,False,False,True
Kepler-449,1.0,True,False,False,False,True
Kepler-45,1.0,True,False,False,False,True
Kepler-450,1.0,True,False,False,False,True
Kepler-452,1.0,False,False,False,False,False
Kepler-453,1.0,False,False,False,False,False
Kepler-454,1.0,True,False,False,False,True
Kepler-46,1.0,False,False,False,False,False
Kepler-461,1.0,True,False,False,False,True
Kepler-462,1.0,True,False,False,False,True
Kepler-463,1.0,False,False,False,False,False
Kepler-464,1.0,True,False,False,False,True
Kepler-465,1.0,True,False,False,False,True
Kepler-466,1.0,True,False,False,False,True
Kepler-467,1.0,True,False,False,False,True
Kepler-468,1.0,False,False,False,False,False
Kepler-47,1.0,True,False,False,False,True
Kepler-471,1.0,False,False,False,False,False
Kepler-472,1.0,False,False,False,False,False
Kepler-473,1.0,True,False,False,False,True
Kepler-474,1.0,False,False,False,False,False
Kepler-475,1.0,True,False,False,False,True
Kepler-476,1.0,False,False,False,False,False
Kepler-477,1.0,False,False,False,False,False
Kepler-479,1.0,True,False,False,False,True
Kepler-48,1.0,True,False,False,False,True
Kepler-480,1.0,True,False,False,False,True
Kepler-481,1.0,False,False,False,False,False
Kepler-482,1.0,False,False,False,False,False
Kepler-483,1.0,True,False,False,False,True
Kepler-484,1.0,True,False,False,False,True
Kepler-485,1.0,True,False,False,False,True
Kepler-487,1.0,False,False,False,False,False
Kepler-489,1.0,True,False,False,False,True
Kepler-49,1.0,False,False,False,False,False
Kepler-490,1.0,True,False,False,False,True
Kepler-491,1.0,False,False,False,False,False
Kepler-493,1.0,False,False,False,False,False
Kepler-495,1.0,True,False,False,False,True
Kepler-496,1.0,True,False,False,False,True
Kepler-499,1.0,False,False,False,False,False
Kepler-5,1.0,False,False,False,False,False
Kepler-50,1.0,True,False,False,False,True
Kepler-500,1.0,False,False,False,False,False
Kepler-501,1.0,True,False,False,False,True
Kepler-502,1.0,False,False,False,False,False
Kepler-504,1.0,True,False,False,False,True
Kepler-505,1.0,False,False,False,False,False
Kepler-506,1.0,True,False,False,False,True
Kepler-507,1.0,True,False,False,False,True
Kepler-508,1.0,True,False,False,False,True
Kepler-509,1.0,False,False,False,False,False
Kepler-51,1.0,True,False,False,False,True
Kepler-510,1.0,True,False,False,False,True
Kepler-511,1.0,True,False,False,False,True
Kepler-512,1.0,False,False,False,False,False
Kepler-513,1.0,False,False,False,False,False
Kepler-514,1.0,True,False,False,False,True
Kepler-515,1.0,False,False,False,False,False
Kepler-516,1.0,False,False,False,False,False
Kepler-517,1.0,True,False,False,False,True
Kepler-518,1.0,False,False,False,False,False
Kepler-519,1.0,True,False,False,False,True
Kepler-52,1.0,False,False,False,False,False
Kepler-520,1.0,True,False,False,False,True
Kepler-521,1.0,False,False,False,False,False
Kepler-522,1.0,False,False,False,False,False
Kepler-523,1.0,True,False,False,False,True
Kepler-524,1.0,True,False,False,False,True
Kepler-525,1.0,False,False,False,False,False
Kepler-526,1.0,False,False,False,False,False
Kepler-527,1.0,False,False,False,False,False
Kepler-528,1.0,False,False,False,False,False
Kepler-529,1.0,False,False,False,False,False
Kepler-53,1.0,False,False,False,False,False
Kepler-530,1.0,False,False,False,False,False
Kepler-531,1.0,False,False,False,False,False
Kepler-532,1.0,False,False,False,False,False
Kepler-533,1.0,False,False,False,False,False
Kepler-534,1.0,True,False,False,False,True
Kepler-535,1.0,True,False,False,False,True
Kepler-536,1.0,True,False,False,False,True
Kepler-537,1.0,False,False,False,False,False
Kepler-538,1.0,True,False,False,False,True
Kepler-539,1.0,True,False,False,False,True
Kepler-54,1.0,False,False,False,False,False
Kepler-540,1.0,True,False,False,False,True
Kepler-541,1.0,False,False,False,False,False
Kepler-542,1.0,True,False,False,False,True
Kepler-543,1.0,True,False,False,False,True
Kepler-544,1.0,False,False,False,False,False
Kepler-546,1.0,False,False,False,False,False
Kepler-547,1.0,True,False,False,False,True
Kepler-548,1.0,False,False,False,False,False
Kepler-549,1.0,False,False,False,False,False
Kepler-55,1.0,True,False,False,False,True
Kepler-550,1.0,False,False,False,False,False
Kepler-551,1.0,False,False,False,False,False
Kepler-552,1.0,False,False,False,False,False
Kepler-553,1.0,False,False,False,False,False
Kepler-554,1.0,False,False,False,False,False
Kepler-555,1.0,True,False,False,False,True
Kepler-557,1.0,True,False,False,False,True
Kepler-558,1.0,False,False,False,False,False
Kepler-559,1.0,False,False,False,False,False
Kepler-56,1.0,True,False,False,False,True
Kepler-560,1.0,True,False,False,False,True
Kepler-561,1.0,True,False,False,False,True
Kepler-562,1.0,True,False,False,False,True
Kepler-564,1.0,False,False,False,False,False
Kepler-566,1.0,False,False,False,False,False
Kepler-567,1.0,False,False,False,False,False
Kepler-568,1.0,False,False,False,False,False
Kepler-569,1.0,False,False,False,False,False
Kepler-57,1.0,True,False,False,False,True
Kepler-570,1.0,False,False,False,False,False
Kepler-571,1.0,False,False,False,False,False
Kepler-572,1.0,False,False,False,False,False
Kepler-573,1.0,False,False,False,False,False
Kepler-574,1.0,False,False,False,False,False
Kepler-575,1.0,True,False,False,False,True
Kepler-576,1.0,False,False,False,False,False
Kepler-577,1.0,False,False,False,False,False
Kepler-578,1.0,False,False,False,False,False
Kepler-579,1.0,False,False,False,False,False
Kepler-58,1.0,False,False,False,False,False
Kepler-580,1.0,False,False,False,False,False
Kepler-581,1.0,False,False,False,False,False
Kepler-583,1.0,False,False,False,False,False
Kepler-584,1.0,False,False,False,False,False
Kepler-585,1.0,False,False,False,False,False
Kepler-586,1.0,True,False,False,False,True
Kepler-587,1.0,True,False,False,False,True
Kepler-588,1.0,False,False,False,False,False
Kepler-589,1.0,False,False,False,False,False
Kepler-59,1.0,True,False,False,False,True
Kepler-591,1.0,False,False,False,False,False
Kepler-592,1.0,False,False,False,False,False
Kepler-593,1.0,True,False,False,False,True
Kepler-594,1.0,False,False,False,False,False
Kepler-595,1.0,True,False,False,False,True
Kepler-596,1.0,False,False,False,False,False
Kepler-597,1.0,False,False,False,False,False
Kepler-598,1.0,True,False,False,False,True
Kepler-599,1.0,False,False,False,False,False
Kepler-6,1.0,False,False,False,False,False
Kepler-60,1.0,False,False,False,False,False
Kepler-600,1.0,False,False,False,False,False
Kepler-601,1.0,True,False,False,False,True
Kepler-602,1.0,False,False,False,False,False
Kepler-603,1.0,True,False,False,False,True
Kepler-604,1.0,False,False,False,False,False
Kepler-605,1.0,False,False,False,False,False
Kepler-606,1.0,False,False,False,False,False
Kepler-607,1.0,False,False,False,False,False
Kepler-608,1.0,True,False,False,False,True
Kepler-609,1.0,False,False,False,False,False
Kepler-61,1.0,True,False,False,False,True
Kepler-610,1.0,True,False,False,False,True
Kepler-611,1.0,True,False,False,False,True
Kepler-613,1.0,False,False,False,False,False
Kepler-614,1.0,False,False,False,False,False
Kepler-615,1.0,False,False,False,False,False
Kepler-616,1.0,True,False,False,False,True
Kepler-617,1.0,True,False,False,False,True
Kepler-618,1.0,False,False,False,False,False
Kepler-619,1.0,False,False,False,False,False
Kepler-62,1.0,True,False,False,False,True
Kepler-620,1.0,False,False,False,False,False
Kepler-621,1.0,False,False,False,False,False
Kepler-622,1.0,False,False,False,False,False
Kepler-623,1.0,False,False,False,False,False
Kepler-624,1.0,False,False,False,False,False
Kepler-625,1.0,False,False,False,False,False
Kepler-626,1.0,False,False,False,False,False
Kepler-627,1.0,False,False,False,False,False
Kepler-629,1.0,False,False,False,False,False
Kepler-63,1.0,True,False,False,False,True
Kepler-630,1.0,False,False,False,False,False
Kepler-631,1.0,True,False,False,False,True
Kepler-632,1.0,True,False,False,False,True
Kepler-633,1.0,False,False,False,False,False
Kepler-634,1.0,False,False,False,False,False
Kepler-635,1.0,False,False,False,False,False
Kepler-636,1.0,True,False,False,False,True
Kepler-637,1.0,True,False,False,False,True
Kepler-638,1.0,False,False,False,False,False
Kepler-639,1.0,True,False,False,False,True
Kepler-640,1.0,False,False,False,False,False
Kepler-641,1.0,True,False,False,False,True
Kepler-642,1.0,True,False,False,False,True
Kepler-643,1.0,False,False,False,False,False
Kepler-644,1.0,False,False,False,False,False
Kepler-645,1.0,False,False,False,False,False
Kepler-646,1.0,False,False,False,False,False
Kepler-647,1.0,True,False,False,False,True
Kepler-648,1.0,True,False,False,False,True
Kepler-649,1.0,True,False,False,False,True
Kepler-65,1.0,True,False,False,False,True
Kepler-650,1.0,False,False,False,False,False
Kepler-651,1.0,True,False,False,False,True
Kepler-652,1.0,True,False,False,False,True
Kepler-653,1.0,False,False,False,False,False
Kepler-654,1.0,False,False,False,False,False
Kepler-655,1.0,False,False,False,False,False
Kepler-656,1.0,True,False,False,False,True
Kepler-657,1.0,False,False,False,False,False
Kepler-658,1.0,False,False,False,False,False
Kepler-659,1.0,True,False,False,False,True
Kepler-660,1.0,True,False,False,False,True
Kepler-661,1.0,False,False,False,False,False
Kepler-662,1.0,False,False,False,False,False
Kepler-663,1.0,False,False,False,False,False
Kepler-664,1.0,True,False,False,False,True
Kepler-665,1.0,False,False,False,False,False
Kepler-666,1.0,False,False,False,False,False
Kepler-667,1.0,True,False,False,False,True
Kepler-668,1.0,False,False,False,False,False
Kepler-669,1.0,False,False,False,False,False
Kepler-670,1.0,True,False,False,False,True
Kepler-671,1.0,True,False,False,False,True
Kepler-672,1.0,False,False,False,False,False
Kepler-673,1.0,False,False,False,False,False
Kepler-674,1.0,False,False,False,False,False
Kepler-675,1.0,True,False,False,False,True
Kepler-676,1.0,False,False,False,False,False
Kepler-677,1.0,False,False,False,False,False
Kepler-678,1.0,True,False,False,False,True
Kepler-679,1.0,True,False,False,False,True
Kepler-68,1.0,True,False,False,False,True
Kepler-680,1.0,False,False,False,False,False
Kepler-681,1.0,False,False,False,False,False
Kepler-682,1.0,False,False,False,False,False
Kepler-683,1.0,True,False,False,False,True
Kepler-684,1.0,True,False,False,False,True
Kepler-685,1.0,False,False,False,False,False
Kepler-686,1.0,True,False,False,False,True
Kepler-687,1.0,False,False,False,False,False
Kepler-688,1.0,False,False,False,False,False
Kepler-69,1.0,True,False,False,False,True
Kepler-691,1.0,False,False,False,False,False
Kepler-693,1.0,False,False,False,False,False
Kepler-694,1.0,False,False,False,False,False
Kepler-695,1.0,True,False,False,False,True
Kepler-696,1.0,True,False,False,False,True
Kepler-697,1.0,False,False,False,False,False
Kepler-698,1.0,False,False,False,False,False
Kepler-7,1.0,False,False,False,False,False
Kepler-700,1.0,False,False,False,False,False
Kepler-701,1.0,False,False,False,False,False
Kepler-702,1.0,True,False,False,False,True
Kepler-703,1.0,True,False,False,False,True
Kepler-704,1.0,False,False,False,False,False
Kepler-705,1.0,False,False,False,False,False
Kepler-707,1.0,False,False,False,False,False
Kepler-709,1.0,True,False,False,False,True
Kepler-710,1.0,True,False,False,False,True
Kepler-711,1.0,False,False,False,False,False
Kepler-713,1.0,False,False,False,False,False
Kepler-714,1.0,False,False,False,False,False
Kepler-715,1.0,False,False,False,False,False
Kepler-716,1.0,False,False,False,False,False
Kepler-718,1.0,False,False,False,False,False
Kepler-719,1.0,False,False,False,False,False
Kepler-720,1.0,False,False,False,False,False
Kepler-721,1.0,True,False,False,False,True
Kepler-723,1.0,True,False,False,False,True
Kepler-724,1.0,True,False,False,False,True
Kepler-725,1.0,True,False,False,False,True
Kepler-726,1.0,False,False,False,False,False
Kepler-727,1.0,True,False,False,False,True
Kepler-729,1.0,True,False,False,False,True
Kepler-730,1.0,True,False,False,False,True
Kepler-731,1.0,False,False,False,False,False
Kepler-732,1.0,True,False,False,False,True
Kepler-733,1.0,True,False,False,False,True
Kepler-734,1.0,False,False,False,False,False
Kepler-735,1.0,True,False,False,False,True
Kepler-736,1.0,True,False,False,False,True
Kepler-737,1.0,False,False,False,False,False
Kepler-738,1.0,True,False,False,False,True
Kepler-739,1.0,True,False,False,False,True
Kepler-74,1.0,True,False,False,False,True
Kepler-740,1.0,True,False,False,False,True
Kepler-741,1.0,True,False,False,False,True
Kepler-742,1.0,False,False,False,False,False
Kepler-743,1.0,True,False,False,False,True
Kepler-744,1.0,False,False,False,False,False
Kepler-745,1.0,True,False,False,False,True
Kepler-746,1.0,True,False,False,False,True
Kepler-747,1.0,False,False,False,False,False
Kepler-748,1.0,True,False,False,False,True
Kepler-75,1.0,False,False,False,False,False
Kepler-750,1.0,False,False,False,False,False
Kepler-751,1.0,False,False,False,False,False
Kepler-752,1.0,False,False,False,False,False
Kepler-753,1.0,True,False,False,False,True
Kepler-754,1.0,True,False,False,False,True
Kepler-755,1.0,True,False,False,False,True
Kepler-756,1.0,False,False,False,False,False
Kepler-757,1.0,True,False,False,False,True
Kepler-758,1.0,False,False,False,False,False
Kepler-759,1.0,False,False,False,False,False
Kepler-76,1.0,True,False,False,False,True
Kepler-760,1.0,False,False,False,False,False
Kepler-761,1.0,False,False,False,False,False
Kepler-762,1.0,False,False,False,False,False
Kepler-763,1.0,False,False,False,False,False
Kepler-764,1.0,False,False,False,False,False
Kepler-765,1.0,False,False,False,False,False
Kepler-766,1.0,False,False,False,False,False
Kepler-767,1.0,True,False,False,False,True
Kepler-768,1.0,False,False,False,False,False
Kepler-769,1.0,False,False,False,False,False
Kepler-77,1.0,False,False,False,False,False
Kepler-770,1.0,True,False,False,False,True
Kepler-771,1.0,True,False,False,False,True
Kepler-772,1.0,True,False,False,False,True
Kepler-773,1.0,True,False,False,False,True
Kepler-774,1.0,True,False,False,False,True
Kepler-775,1.0,True,False,False,False,True
Kepler-776,1.0,False,False,False,False,False
Kepler-777,1.0,False,False,False,False,False
Kepler-778,1.0,False,False,False,False,False
Kepler-779,1.0,True,False,False,False,True
Kepler-78,1.0,False,False,False,False,False
Kepler-780,1.0,False,False,False,False,False
Kepler-781,1.0,True,False,False,False,True
Kepler-782,1.0,True,False,False,False,True
Kepler-783,1.0,False,False,False,False,False
Kepler-784,1.0,False,False,False,False,False
Kepler-785,1.0,True,False,False,False,True
Kepler-786,1.0,False,False,False,False,False
Kepler-787,1.0,True,False,False,False,True
Kepler-788,1.0,True,False,False,False,True
Kepler-789,1.0,False,False,False,False,False
Kepler-79,1.0,False,False,False,False,False
Kepler-790,1.0,True,False,False,False,True
Kepler-791,1.0,False,False,False,False,False
Kepler-792,1.0,True,False,False,False,True
Kepler-793,1.0,False,False,False,False,False
Kepler-794,1.0,True,False,False,False,True
Kepler-795,1.0,True,False,False,False,True
Kepler-796,1.0,True,False,False,False,True
Kepler-797,1.0,True,False,False,False,True
Kepler-798,1.0,True,False,False,False,True
Kepler-799,1.0,False,False,False,False,False
Kepler-8,1.0,False,False,False,False,False
Kepler-80,1.0,False,False,False,False,False
Kepler-800,1.0,True,False,False,False,True
Kepler-801,1.0,True,False,False,False,True
Kepler-802,1.0,True,False,False,False,True
Kepler-803,1.0,False,False,False,False,False
Kepler-804,1.0,True,False,False,False,True
Kepler-805,1.0,True,False,False,False,True
Kepler-806,1.0,True,False,False,False,True
Kepler-808,1.0,False,False,False,False,False
Kepler-809,1.0,True,False,False,False,True
Kepler-81,1.0,True,False,False,False,True
Kepler-811,1.0,False,False,False,False,False
Kepler-812,1.0,True,False,False,False,True
Kepler-813,1.0,False,False,False,False,False
Kepler-814,1.0,False,False,False,False,False
Kepler-815,1.0,False,False,False,False,False
Kepler-817,1.0,False,False,False,False,False
Kepler-818,1.0,False,False,False,False,False
Kepler-819,1.0,False,False,False,False,False
Kepler-82,1.0,True,False,False,False,True
Kepler-821,1.0,True,False,False,False,True
Kepler-823,1.0,False,False,False,False,False
Kepler-826,1.0,True,False,False,False,True
Kepler-828,1.0,False,False,False,False,False
Kepler-829,1.0,False,False,False,False,False
Kepler-83,1.0,False,False,False,False,False
Kepler-830,1.0,False,False,False,False,False
Kepler-831,1.0,False,False,False,False,False
Kepler-833,1.0,False,False,False,False,False
Kepler-834,1.0,True,False,False,False,True
Kepler-835,1.0,True,False,False,False,True
Kepler-836,1.0,True,False,False,False,True
Kepler-837,1.0,True,False,False,False,True
Kepler-838,1.0,True,False,False,False,True
Kepler-839,1.0,False,False,False,False,False
Kepler-84,1.0,True,False,False,False,True
Kepler-841,1.0,False,False,False,False,False
Kepler-842,1.0,False,False,False,False,False
Kepler-843,1.0,True,False,False,False,True
Kepler-844,1.0,False,False,False,False,False
Kepler-845,1.0,False,False,False,False,False
Kepler-846,1.0,False,False,False,False,False
Kepler-847,1.0,False,False,False,False,False
Kepler-848,1.0,False,False,False,False,False
Kepler-849,1.0,False,False,False,False,False
Kepler-85,1.0,False,False,False,False,False
Kepler-850,1.0,False,False,False,False,False
Kepler-851,1.0,True,False,False,False,True
Kepler-852,1.0,False,False,False,False,False
Kepler-853,1.0,False,False,False,False,False
Kepler-855,1.0,False,False,False,False,False
Kepler-856,1.0,True,False,False,False,True
Kepler-857,1.0,False,False,False,False,False
Kepler-858,1.0,True,False,False,False,True
Kepler-859,1.0,False,False,False,False,False
Kepler-860,1.0,True,False,False,False,True
Kepler-862,1.0,False,False,False,False,False
Kepler-863,1.0,False,False,False,False,False
Kepler-864,1.0,True,False,False,False,True
Kepler-865,1.0,False,False,False,False,False
Kepler-866,1.0,False,False,False,False,False
Kepler-867,1.0,False,False,False,False,False
Kepler-868,1.0,False,False,False,False,False
Kepler-869,1.0,False,False,False,False,False
Kepler-87,1.0,False,False,False,False,False
Kepler-870,1.0,True,False,False,False,True
Kepler-872,1.0,False,False,False,False,False
Kepler-873,1.0,True,False,False,False,True
Kepler-874,1.0,False,False,False,False,False
Kepler-875,1.0,False,False,False,False,False
Kepler-876,1.0,False,False,False,False,False
Kepler-877,1.0,True,False,False,False,True
Kepler-878,1.0,True,False,False,False,True
Kepler-879,1.0,True,False,False,False,True
Kepler-880,1.0,False,False,False,False,False
Kepler-881,1.0,True,False,False,False,True
Kepler-882,1.0,False,False,False,False,False
Kepler-883,1.0,False,False,False,False,False
Kepler-884,1.0,False,False,False,False,False
Kepler-885,1.0,False,False,False,False,False
Kepler-886,1.0,False,False,False,False,False
Kepler-887,1.0,False,False,False,False,False
Kepler-888,1.0,True,False,False,False,True
Kepler-889,1.0,False,False,False,False,False
Kepler-890,1.0,False,False,False,False,False
Kepler-891,1.0,False,False,False,False,False
Kepler-892,1.0,False,False,False,False,False
Kepler-893,1.0,True,False,False,False,True
Kepler-894,1.0,True,False,False,False,True
Kepler-895,1.0,False,False,False,False,False
Kepler-896,1.0,False,False,False,False,False
Kepler-897,1.0,False,False,False,False,False
Kepler-898,1.0,True,False,False,False,True
Kepler-9,1.0,True,False,False,False,True
Kepler-900,1.0,False,False,False,False,False
Kepler-901,1.0,True,False,False,False,True
Kepler-902,1.0,True,False,False,False,True
Kepler-903,1.0,False,False,False,False,False
Kepler-904,1.0,False,False,False,False,False
Kepler-905,1.0,True,False,False,False,True
Kepler-906,1.0,False,False,False,False,False
Kepler-907,1.0,True,False,False,False,True
Kepler-908,1.0,True,False,False,False,True
Kepler-909,1.0,True,False,False,False,True
Kepler-91,1.0,True,False,False,False,True
Kepler-910,1.0,True,False,False,False,True
Kepler-911,1.0,True,False,False,False,True
Kepler-912,1.0,True,False,False,False,True
Kepler-914,1.0,False,False,False,False,False
Kepler-915,1.0,False,False,False,False,False
Kepler-916,1.0,False,False,False,False,False
Kepler-917,1.0,False,False,False,False,False
Kepler-918,1.0,False,False,False,False,False
Kepler-919,1.0,False,False,False,False,False
Kepler-92,1.0,True,False,False,False,True
Kepler-920,1.0,False,False,False,False,False
Kepler-921,1.0,False,False,False,False,False
Kepler-922,1.0,False,False,False,False,False
Kepler-923,1.0,False,False,False,False,False
Kepler-925,1.0,False,False,False,False,False
Kepler-926,1.0,False,False,False,False,False
Kepler-927,1.0,False,False,False,False,False
Kepler-928,1.0,False,False,False,False,False
Kepler-93,1.0,True,False,False,False,True
Kepler-930,1.0,True,False,False,False,True
Kepler-931,1.0,False,False,False,False,False
Kepler-932,1.0,False,False,False,False,False
Kepler-933,1.0,False,False,False,False,False
Kepler-934,1.0,False,False,False,False,False
Kepler-935,1.0,True,False,False,False,True
Kepler-938,1.0,True,False,False,False,True
Kepler-94,1.0,True,False,False,False,True
Kepler-942,1.0,True,False,False,False,True
Kepler-943,1.0,False,False,False,False,False
Kepler-946,1.0,False,False,False,False,False
Kepler-948,1.0,True,False,False,False,True
Kepler-949,1.0,False,False,False,False,False
Kepler-95,1.0,True,False,False,False,True
Kepler-950,1.0,False,False,False,False,False
Kepler-951,1.0,True,False,False,False,True
Kepler-952,1.0,False,False,False,False,False
Kepler-953,1.0,True,False,False,False,True
Kepler-954,1.0,True,False,False,False,True
Kepler-955,1.0,False,False,False,False,False
Kepler-956,1.0,False,False,False,False,False
Kepler-957,1.0,False,False,False,False,False
Kepler-958,1.0,True,False,False,False,True
Kepler-959,1.0,True,False,False,False,True
Kepler-96,1.0,True,False,False,False,True
Kepler-960,1.0,False,False,False,False,False
Kepler-961,1.0,False,False,False,False,False
Kepler-962,1.0,True,False,False,False,True
Kepler-963,1.0,False,False,False,False,False
Kepler-964,1.0,False,False,False,False,False
Kepler-965,1.0,True,False,False,False,True
Kepler-966,1.0,True,False,False,False,True
Kepler-967,1.0,True,False,False,False,True
Kepler-968,1.0,False,False,False,False,False
Kepler-969,1.0,True,False,False,False,True
Kepler-97,1.0,False,False,False,False,False
Kepler-970,1.0,False,False,False,False,False
Kepler-971,1.0,False,False,False,False,False
Kepler-972,1.0,False,False,False,False,False
Kepler-973,1.0,False,False,False,False,False
Kepler-974,1.0,True,False,False,False,True
Kepler-975,1.0,True,False,False,False,True
Kepler-976,1.0,True,False,False,False,True
Kepler-977,1.0,True,False,False,False,True
Kepler-978,1.0,False,False,False,False,False
Kepler-979,1.0,False,False,False,False,False
Kepler-98,1.0,True,False,False,False,True
Kepler-980,1.0,True,False,False,False,True
Kepler-981,1.0,True,False,False,False,True
Kepler-982,1.0,True,False,False,False,True
Kepler-983,1.0,True,False,False,False,True
Kepler-984,1.0,False,False,False,False,False
Kepler-985,1.0,False,False,False,False,False
Kepler-986,1.0,True,False,False,False,True
Kepler-987,1.0,True,False,False,False,True
Kepler-988,1.0,False,False,False,False,False
Kepler-989,1.0,False,False,False,False,False
Kepler-99,1.0,True,False,False,False,True
Kepler-990,1.0,False,False,False,False,False
Kepler-991,1.0,True,False,False,False,True
Kepler-992,1.0,False,False,False,False,False
Kepler-993,1.0,False,False,False,False,False
Kepler-994,1.0,True,False,False,False,True
Kepler-995,1.0,True,False,False,False,True
Kepler-996,1.0,True,False,False,False,True
Kepler-997,1.0,True,False,False,False,True
Kepler-998,1.0,True,False,False,False,True
Kepler-999,1.0,True,False,False,False,True
LHS_1140,1.0,False,False,False,False,False
LHS_1478,1.0,False,False,False,False,False
LHS_1678,1.0,False,False,False,False,False
LHS_1815,1.0,False,False,False,False,False
LHS_1903,1.0,False,False,False,False,False
LHS_3154,1.0,False,False,False,False,False
LHS_3844,1.0,False,False,False,False,False
LHS_475,1.0,False,False,False,False,False
LP_261-75_A,1.0,False,False,False,False,False
LP_714-47,1.0,False,False,False,False,False
LP_791-18,1.0,False,False,False,False,False
LP_890-9,1.0,False,False,False,False,False
LSPM_J21160234,1.0,False,False,False,False,False
LTT_1445_A,1.0,False,False,False,False,False
LTT_3780,1.0,False,False,False,False,False
LTT_9779,1.0,False,False,False,False,False
L_168-9,1.0,False,False,False,False,False
L_363-38,1.0,False,False,False,False,False
L_98-59,1.0,False,False,False,False,False
LkCa_15,1.0,False,False,False,False,False
Luhman_16_A,1.0,False,False,False,False,False
Lupus-TR-3,1.0,False,False,False,False,False
MASCARA-1,1.0,True,False,False,False,True
MASCARA-4,1.0,False,False,False,False,False
MOA-2007-BLG-192L,1.0,False,False,False,False,False
MOA-2007-BLG-400L,1.0,False,False,False,False,False
MOA-2008-BLG-310L,1.0,False,False,False,False,False
MOA-2008-BLG-379L,1.0,False,False,False,False,False
MOA-2009-BLG-319L,1.0,False,False,False,False,False
MOA-2009-BLG-387L,1.0,False,False,False,False,False
MOA-2010-BLG-117L,1.0,False,False,False,False,False
MOA-2010-BLG-328L,1.0,False,False,False,False,False
MOA-2010-BLG-353L,1.0,False,False,False,False,False
MOA-2010-BLG-477L,1.0,False,False,False,False,False
MOA-2011-BLG-028L,1.0,False,False,False,False,False
MOA-2011-BLG-262L,1.0,False,False,False,False,False
MOA-2011-BLG-291L,1.0,False,False,False,False,False
MOA-2011-BLG-322L,1.0,False,False,False,False,False
MOA-2012-BLG-006L,1.0,False,False,False,False,False
MOA-2012-BLG-505L,1.0,False,False,False,False,False
MOA-2013-BLG-605L,1.0,False,False,False,False,False
MOA-2015-BLG-337L,1.0,False,False,False,False,False
MOA-2016-BLG-227L,1.0,False,False,False,False,False
MOA-2016-BLG-319L,1.0,False,False,False,False,False
MOA-2019-BLG-008L,1.0,False,False,False,False,False
MOA-2020-BLG-135L,1.0,False,False,False,False,False
MOA-bin-1L,1.0,False,False,False,False,False
MOA-bin-29,1.0,False,False,False,False,False
MWC_758,1.0,False,False,False,False,False
MXB_1658-298,1.0,False,False,False,False,False
NGC_2682_Sand_1429,1.0,True,False,False,False,True
NGC_2682_Sand_978,1.0,False,False,False,False,False
NGC_2682_YBP_1194,1.0,False,False,False,True,True
NGC_2682_YBP_1514,1.0,True,False,False,True,True
NGC_2682_YBP_401,1.0,False,False,False,True,True
NGTS-1,1.0,False,False,False,False,False
NGTS-10,1.0,False,False,False,False,False
NGTS-11,1.0,False,False,False,False,False
NGTS-12,1.0,False,False,False,False,False
NGTS-13,1.0,False,False,False,False,False
NGTS-14_A,1.0,False,False,False,False,False
NGTS-15,1.0,False,False,False,False,False
NGTS-17,1.0,False,False,False,False,False
NGTS-18,1.0,False,False,False,False,False
NGTS-2,1.0,False,False,False,False,False
NGTS-20,1.0,False,False,False,False,False
NGTS-21,1.0,False,False,False,False,False
NGTS-23,1.0,False,False,False,False,False
NGTS-24,1.0,False,False,False,False,False
NGTS-26,1.0,False,False,False,False,False
NGTS-27,1.0,False,False,False,False,False
NGTS-30,1.0,False,False,False,False,False
NGTS-31,1.0,False,False,False,False,False
NGTS-33,1.0,False,False,False,False,False
NGTS-34,1.0,False,False,False,False,False
NGTS-35,1.0,False,False,False,False,False
NGTS-3_A,1.0,False,False,False,False,False
NGTS-4,1.0,False,False,False,False,False
NGTS-5,1.0,False,False,False,False,False
NGTS-6,1.0,False,False,False,False,False
NGTS-8,1.0,False,False,False,False,False
NGTS-9,1.0,False,False,False,False,False
NN_Ser,1.0,False,False,False,False,False
NSVS_14256825,1.0,False,False,False,False,False
NY_Vir,1.0,False,False,False,False,False
OGLE-2003-BLG-235L,1.0,False,False,False,False,False
OGLE-2005-BLG-071L,1.0,False,False,False,False,False
OGLE-2005-BLG-169L,1.0,False,False,False,False,False
OGLE-2005-BLG-390L,1.0,False,False,False,False,False
OGLE-2006-BLG-109L,1.0,False,False,False,False,False
OGLE-2007-BLG-349L_A,1.0,False,False,False,False,False
OGLE-2007-BLG-368L,1.0,False,False,False,False,False
OGLE-2008-BLG-092L,1.0,False,False,False,False,False
OGLE-2008-BLG-355L,1.0,False,False,False,False,False
OGLE-2011-BLG-0173L,1.0,False,False,False,False,False
OGLE-2011-BLG-0251L,1.0,False,False,False,False,False
OGLE-2011-BLG-0265L,1.0,False,False,False,False,False
OGLE-2012-BLG-0026L,1.0,False,False,False,False,False
OGLE-2012-BLG-0358L,1.0,False,False,False,False,False
OGLE-2012-BLG-0406L,1.0,False,False,False,False,False
OGLE-2012-BLG-0563L,1.0,False,False,False,False,False
OGLE-2012-BLG-0724L,1.0,False,False,False,False,False
OGLE-2012-BLG-0838L,1.0,False,False,False,False,False
OGLE-2013-BLG-0102L,1.0,False,False,False,False,False
OGLE-2013-BLG-0132L,1.0,False,False,False,False,False
OGLE-2013-BLG-0341L_B,1.0,False,False,False,False,False
OGLE-2013-BLG-0911L,1.0,False,False,False,False,False
OGLE-2013-BLG-1721L,1.0,False,False,False,False,False
OGLE-2013-BLG-1761L,1.0,False,False,False,False,False
OGLE-2014-BLG-0124L,1.0,False,False,False,False,False
OGLE-2014-BLG-0319L,1.0,False,False,False,False,False
OGLE-2014-BLG-0676L,1.0,False,False,False,False,False
OGLE-2014-BLG-1722L,1.0,False,False,False,False,False
OGLE-2015-BLG-0051L,1.0,False,False,False,False,False
OGLE-2015-BLG-0954L,1.0,False,False,False,False,False
OGLE-2015-BLG-0966L,1.0,False,False,False,False,False
OGLE-2015-BLG-1649L,1.0,False,False,False,False,False
OGLE-2015-BLG-1670L,1.0,False,False,False,False,False
OGLE-2015-BLG-1771L,1.0,False,False,False,False,False
OGLE-2016-BLG-0263L,1.0,False,False,False,False,False
OGLE-2016-BLG-0613L_AB,1.0,False,False,False,False,False
OGLE-2016-BLG-1067L,1.0,False,False,False,False,False
OGLE-2016-BLG-1093L,1.0,False,False,False,False,False
OGLE-2016-BLG-1190L,1.0,False,False,False,False,False
OGLE-2016-BLG-1195L,1.0,False,False,False,False,False
OGLE-2016-BLG-1227L,1.0,False,False,False,False,False
OGLE-2017-BLG-0173L,1.0,False,False,False,False,False
OGLE-2017-BLG-0373L,1.0,False,False,False,False,False
OGLE-2017-BLG-0406L,1.0,False,False,False,False,False
OGLE-2017-BLG-0482L,1.0,False,False,False,False,False
OGLE-2017-BLG-1099L,1.0,False,False,False,False,False
OGLE-2017-BLG-1140L,1.0,False,False,False,False,False
OGLE-2017-BLG-1434L,1.0,False,False,False,False,False
OGLE-2017-BLG-1522L,1.0,False,False,False,False,False
OGLE-2017-BLG-1691L,1.0,False,False,False,False,False
OGLE-2018-BLG-0506L,1.0,False,False,False,False,False
OGLE-2018-BLG-0516L,1.0,False,False,False,False,False
OGLE-2018-BLG-0532L,1.0,False,False,False,False,False
OGLE-2018-BLG-0567L,1.0,False,False,False,False,False
OGLE-2018-BLG-0596L,1.0,False,False,False,False,False
OGLE-2018-BLG-0677L,1.0,False,False,False,False,False
OGLE-2018-BLG-0740L,1.0,False,False,False,False,False
OGLE-2018-BLG-0799L,1.0,False,False,False,False,False
OGLE-2018-BLG-0962L,1.0,False,False,False,False,False
OGLE-2018-BLG-1011L,1.0,False,False,False,False,False
OGLE-2018-BLG-1185L,1.0,False,False,False,False,False
OGLE-2018-BLG-1269L,1.0,False,False,False,False,False
OGLE-2018-BLG-1428L,1.0,False,False,False,False,False
OGLE-2018-BLG-1700L,1.0,False,False,False,False,False
OGLE-2019-BLG-0299L,1.0,False,False,False,False,False
OGLE-2019-BLG-0468L,1.0,False,False,False,False,False
OGLE-2019-BLG-0954L,1.0,False,False,False,False,False
OGLE-2019-BLG-1053L,1.0,False,False,False,False,False
OGLE-2019-BLG-1470L_A,1.0,False,False,False,False,False
OGLE-2019-BLG-1492L,1.0,False,False,False,False,False
OGLE-TR-10,1.0,False,False,False,False,False
OGLE-TR-111,1.0,False,False,False,False,False
OGLE-TR-113,1.0,False,False,False,False,False
OGLE-TR-132,1.0,False,False,False,False,False
OGLE-TR-182,1.0,False,False,False,False,False
OGLE-TR-211,1.0,False,False,False,False,False
OGLE-TR-56,1.0,False,False,False,False,False
OGLE2-TR-L9,1.0,False,False,False,False,False
PDS_70,1.0,False,False,False,False,False
PH1,1.0,False,False,False,False,False
PH2,1.0,False,False,False,False,False
POTS-1,1.0,False,False,False,False,False
PZ_Tel,1.0,False,False,False,False,False
Pr0201,1.0,True,False,False,False,True
Pr0211,1.0,True,False,False,False,True
Proxima_Cen,1.0,False,False,False,False,False
Qatar-1,1.0,False,False,False,False,False
Qatar-10,1.0,False,False,False,False,False
Qatar-2,1.0,False,False,False,False,False
Qatar-3,1.0,False,False,False,False,False
Qatar-4,1.0,False,False,False,False,False
Qatar-5,1.0,False,False,False,False,False
Qatar-6,1.0,False,False,False,False,False
Qatar-7,1.0,False,False,False,False,False
Qatar-8,1.0,False,False,False,False,False
Qatar-9,1.0,False,False,False,False,False
ROXs_12,1.0,False,False,False,False,False
ROXs_42_B,1.0,False,False,False,False,False
RR_Cae,1.0,False,False,False,False,False
Ross_128,1.0,False,False,False,False,False
Ross_176,1.0,False,False,False,False,False
Ross_458,1.0,False,False,False,False,False
Ross_508,1.0,False,False,False,False,False
SR_12_AB,1.0,True,False,False,False,True
SWEEPS-11,1.0,False,False,False,False,False
SWEEPS-4,1.0,False,False,False,False,False
TAP_26,1.0,False,False,False,False,False
TIC_117642575,1.0,False,False,False,False,False
TIC_139270665,1.0,False,False,False,False,False
TIC_139702105,1.0,False,False,False,False,False
TIC_142589416,1.0,False,False,False,False,False
TIC_147027702,1.0,False,False,False,False,False
TIC_150070085,1.0,False,False,False,False,False
TIC_153919886,1.0,False,False,False,False,False
TIC_154870955,1.0,False,False,False,False,False
TIC_160113658,1.0,False,False,False,False,False
TIC_161045582,1.0,True,False,False,False,True
TIC_172900988_Aa,1.0,False,False,False,False,False
TIC_178172313,1.0,False,False,False,False,False
TIC_188624430,1.0,False,False,False,False,False
TIC_18942729,1.0,True,False,False,False,True
TIC_198190129,1.0,False,False,False,False,False
TIC_206466666,1.0,False,False,False,False,False
TIC_231949697,1.0,False,False,False,False,False
TIC_237913194,1.0,False,False,False,False,False
TIC_241249530,1.0,False,False,False,False,False
TIC_245076932,1.0,False,False,False,False,False
TIC_24750448,1.0,False,False,False,False,False
TIC_249022743,1.0,False,False,False,False,False
TIC_257060897,1.0,False,False,False,False,False
TIC_260969020,1.0,False,False,False,False,False
TIC_270471727,1.0,True,False,False,False,True
TIC_279401253,1.0,False,False,False,False,False
TIC_290487717,1.0,False,False,False,False,False
TIC_294329732,1.0,True,False,False,False,True
TIC_32032563,1.0,False,False,False,False,False
TIC_320419023,1.0,False,False,False,False,False
TIC_34085383,1.0,False,False,False,False,False
TIC_349520724,1.0,False,False,False,False,False
TIC_356227008,1.0,False,False,False,False,False
TIC_365102760,1.0,False,False,False,False,False
TIC_38825265,1.0,True,False,False,False,True
TIC_38828280,1.0,True,False,False,False,True
TIC_390586021,1.0,False,False,False,False,False
TIC_393818343,1.0,False,False,False,False,False
TIC_423703298,1.0,False,False,False,False,False
TIC_434398831,1.0,False,False,False,False,False
TIC_437041147,1.0,False,False,False,False,False
TIC_445839811,1.0,False,False,False,False,False
TIC_46432937,1.0,False,False,False,False,False
TIC_4672985,1.0,False,False,False,False,False
TIC_52059926,1.0,False,False,False,False,False
TIC_62895484,1.0,False,False,False,False,False
TIC_65612701,1.0,False,False,False,False,False
TIC_67686059,1.0,False,False,False,False,False
TIC_77319217,1.0,False,False,False,False,False
TIC_77552382,1.0,False,False,False,False,False
TIC_86380416,1.0,False,False,False,False,False
TIC_87422071,1.0,False,False,False,False,False
TIC_88692598,1.0,False,False,False,False,False
TIC_88785435,1.0,False,False,False,False,False
TIC_9344899,1.0,False,False,False,False,False
TOI-1011,1.0,False,False,False,False,False
TOI-1036,1.0,False,False,False,False,False
TOI-1052,1.0,False,False,False,False,False
TOI-1054,1.0,False,False,False,False,False
TOI-1062,1.0,False,False,False,False,False
TOI-1064,1.0,False,False,False,False,False
TOI-1075,1.0,False,False,False,False,False
TOI-1080,1.0,False,False,False,False,False
TOI-1105,1.0,False,False,False,False,False
TOI-1107,1.0,False,False,False,False,False
TOI-1117,1.0,False,False,False,False,False
TOI-1130,1.0,False,False,False,False,False
TOI-1135,1.0,False,False,False,False,False
TOI-1136,1.0,False,False,False,False,False
TOI-1173,1.0,False,False,False,False,False
TOI-1174,1.0,False,False,False,False,False
TOI-1180,1.0,False,False,False,False,False
TOI-1181,1.0,False,False,False,False,False
TOI-1184,1.0,True,False,False,False,True
TOI-1194,1.0,False,False,False,False,False
TOI-1199,1.0,False,False,False,False,False
TOI-1201,1.0,False,False,False,False,False
TOI-1203,1.0,False,False,False,False,False
TOI-122,1.0,False,False,False,False,False
TOI-1221,1.0,True,False,False,False,True
TOI-1224,1.0,False,False,False,False,False
TOI-1226,1.0,True,False,False,False,True
TOI-1227,1.0,False,False,False,False,False
TOI-1230,1.0,False,False,False,False,False
TOI-1231,1.0,False,False,False,False,False
TOI-1232,1.0,True,False,False,False,True
TOI-1235,1.0,False,False,False,False,False
TOI-1238,1.0,False,False,False,False,False
TOI-1243,1.0,False,False,False,False,False
TOI-1244,1.0,True,False,False,False,True
TOI-1246,1.0,True,False,False,False,True
TOI-1248,1.0,True,False,False,False,True
TOI-1249,1.0,False,False,False,False,False
TOI-125,1.0,False,False,False,False,False
TOI-1259_A,1.0,False,False,False,False,False
TOI-1260,1.0,False,False,False,False,False
TOI-1266,1.0,False,False,False,False,False
TOI-1268,1.0,False,False,False,False,False
TOI-1269,1.0,True,False,False,False,True
TOI-1272,1.0,False,False,False,False,False
TOI-1273,1.0,False,False,False,False,False
TOI-1278,1.0,False,False,False,False,False
TOI-1279,1.0,False,False,False,False,False
TOI-128,1.0,False,False,False,False,False
TOI-1288,1.0,False,False,False,False,False
TOI-1291,1.0,False,False,False,False,False
TOI-1294,1.0,False,False,False,False,False
TOI-1295,1.0,False,False,False,False,False
TOI-1296,1.0,False,False,False,False,False
TOI-1298,1.0,False,False,False,False,False
TOI-1301,1.0,True,False,False,False,True
TOI-132,1.0,False,False,False,False,False
TOI-1333,1.0,False,False,False,False,False
TOI-1338_A,1.0,True,False,False,False,True
TOI-1346,1.0,False,False,False,False,False
TOI-1347,1.0,True,False,False,False,True
TOI-1386,1.0,False,False,False,False,False
TOI-139,1.0,False,False,False,False,False
TOI-1408,1.0,False,False,False,False,False
TOI-1410,1.0,False,False,False,False,False
TOI-1411,1.0,False,False,False,False,False
TOI-1416,1.0,False,False,False,False,False
TOI-1420,1.0,False,False,False,False,False
TOI-1422,1.0,False,False,False,False,False
TOI-1431,1.0,False,False,False,False,False
TOI-1437,1.0,True,False,False,False,True
TOI-1438,1.0,True,False,False,False,True
TOI-1439,1.0,True,False,False,False,True
TOI-1442,1.0,False,False,False,False,False
TOI-1443,1.0,False,False,False,False,False
TOI-1444,1.0,False,False,False,False,False
TOI-1448,1.0,False,False,False,False,False
TOI-1450_A,1.0,False,False,False,False,False
TOI-1451,1.0,False,False,False,False,False
TOI-1452,1.0,True,False,False,False,True
TOI-1453,1.0,False,False,False,False,False
TOI-1466,1.0,False,False,False,False,False
TOI-1467,1.0,False,False,False,False,False
TOI-1468,1.0,False,False,False,False,False
TOI-1470,1.0,False,False,False,False,False
TOI-1472,1.0,False,False,False,False,False
TOI-1478,1.0,False,False,False,False,False
TOI-150,1.0,True,False,False,False,True
TOI-1516,1.0,False,False,False,False,False
TOI-1518,1.0,False,False,False,False,False
TOI-157,1.0,True,False,False,False,True
TOI-159,1.0,False,False,False,False,False
TOI-1601,1.0,False,False,False,False,False
TOI-163,1.0,True,False,False,False,True
TOI-1630,1.0,False,False,False,False,False
TOI-1634,1.0,False,False,False,False,False
TOI-1648,1.0,False,False,False,False,False
TOI-1659,1.0,False,False,False,False,False
TOI-1669,1.0,False,False,False,False,False
TOI-1670,1.0,True,False,False,False,True
TOI-1680,1.0,False,False,False,False,False
TOI-1683,1.0,False,False,False,False,False
TOI-1685,1.0,True,False,False,False,True
TOI-169,1.0,False,False,False,False,False
TOI-1691,1.0,False,False,False,False,False
TOI-1693,1.0,False,False,False,False,False
TOI-1694,1.0,False,False,False,False,False
TOI-1695,1.0,False,False,False,False,False
TOI-1696,1.0,False,False,False,False,False
TOI-1710,1.0,False,False,False,False,False
TOI-1716,1.0,False,False,False,False,False
TOI-1718,1.0,False,False,False,False,False
TOI-172,1.0,False,False,False,False,False
TOI-1722,1.0,False,False,False,False,False
TOI-1723,1.0,False,False,False,False,False
TOI-1728,1.0,False,False,False,False,False
TOI-1732,1.0,False,False,False,False,False
TOI-1736,1.0,False,False,False,False,False
TOI-1739,1.0,False,False,False,False,False
TOI-1742,1.0,False,False,False,False,False
TOI-1743,1.0,True,False,False,False,True
TOI-1744,1.0,False,False,False,False,False
TOI-1749,1.0,True,False,False,False,True
TOI-1750,1.0,False,False,False,False,False
TOI-1751,1.0,False,False,False,False,False
TOI-1752,1.0,True,False,False,False,True
TOI-1753,1.0,True,False,False,False,True
TOI-1756,1.0,False,False,False,False,False
TOI-1758,1.0,False,False,False,False,False
TOI-1759,1.0,False,False,False,False,False
TOI-1768,1.0,False,False,False,False,False
TOI-1772,1.0,True,False,False,False,True
TOI-1774,1.0,False,False,False,False,False
TOI-1775,1.0,False,False,False,False,False
TOI-1776,1.0,False,False,False,False,False
TOI-1777,1.0,False,False,False,False,False
TOI-178,1.0,False,False,False,False,False
TOI-1782,1.0,False,False,False,False,False
TOI-1789,1.0,False,False,False,False,False
TOI-1794,1.0,False,False,False,False,False
TOI-1798,1.0,True,False,False,False,True
TOI-1799,1.0,False,False,False,False,False
TOI-1801,1.0,False,False,False,False,False
TOI-1803,1.0,True,False,False,False,True
TOI-1806,1.0,False,False,False,False,False
TOI-1807,1.0,False,False,False,False,False
TOI-181,1.0,False,False,False,False,False
TOI-1811,1.0,False,False,False,False,False
TOI-1814,1.0,False,False,False,False,False
TOI-1820,1.0,False,False,False,False,False
TOI-1823,1.0,False,False,False,False,False
TOI-1824,1.0,False,False,False,False,False
TOI-1836,1.0,False,False,False,False,False
TOI-1839,1.0,False,False,False,False,False
TOI-1842,1.0,False,False,False,False,False
TOI-1846,1.0,False,False,False,False,False
TOI-1853,1.0,False,False,False,False,False
TOI-1855,1.0,False,False,False,False,False
TOI-1859,1.0,True,False,False,False,True
TOI-1860,1.0,False,False,False,False,False
TOI-1873,1.0,False,False,False,False,False
TOI-1883,1.0,False,False,False,False,False
TOI-1898,1.0,False,False,False,False,False
TOI-1899,1.0,False,False,False,False,False
TOI-1937_A,1.0,False,False,False,False,False
TOI-198,1.0,False,False,False,False,False
TOI-199,1.0,True,False,False,False,True
TOI-1994,1.0,False,False,False,False,False
TOI-2000,1.0,False,False,False,False,False
TOI-2005,1.0,False,False,False,False,False
TOI-201,1.0,True,False,False,False,True
TOI-2010,1.0,False,False,False,False,False
TOI-2015,1.0,False,False,False,False,False
TOI-2018,1.0,False,False,False,False,False
TOI-2019,1.0,False,False,False,False,False
TOI-2025,1.0,False,False,False,False,False
TOI-2031_A,1.0,False,False,False,False,False
TOI-2046,1.0,False,False,False,False,False
TOI-2048,1.0,True,False,False,False,True
TOI-205,1.0,False,False,False,False,False
TOI-206,1.0,True,False,False,False,True
TOI-2068,1.0,False,False,False,False,False
TOI-2071,1.0,True,False,False,False,True
TOI-2076,1.0,True,False,False,False,True
TOI-2081,1.0,False,False,False,False,False
TOI-2084,1.0,False,False,False,False,False
TOI-2088,1.0,False,False,False,False,False
TOI-209,1.0,False,False,False,False,False
TOI-2092,1.0,True,False,False,False,True
TOI-2093,1.0,False,False,False,False,False
TOI-2094,1.0,True,False,False,False,True
TOI-2095,1.0,True,False,False,False,True
TOI-2096,1.0,False,False,False,False,False
TOI-2104,1.0,False,False,False,False,False
TOI-2107,1.0,False,False,False,False,False
TOI-2109,1.0,False,False,False,False,False
TOI-2120,1.0,False,False,False,False,False
TOI-2128,1.0,False,False,False,False,False
TOI-2133,1.0,False,False,False,False,False
TOI-2134,1.0,False,False,False,False,False
TOI-2136,1.0,False,False,False,False,False
TOI-2141,1.0,False,False,False,False,False
TOI-2145,1.0,False,False,False,False,False
TOI-2152,1.0,False,False,False,False,False
TOI-2154,1.0,False,False,False,False,False
TOI-2158,1.0,False,False,False,False,False
TOI-216,1.0,False,False,False,False,False
TOI-2169_A,1.0,False,False,False,False,False
TOI-2180,1.0,False,False,False,False,False
TOI-2184,1.0,True,False,False,False,True
TOI-2193_A,1.0,False,False,False,False,False
TOI-2194,1.0,False,False,False,False,False
TOI-2196,1.0,False,False,False,False,False
TOI-220,1.0,True,False,False,False,True
TOI-2200,1.0,False,False,False,False,False
TOI-2202,1.0,False,False,False,False,False
TOI-2207,1.0,False,False,False,False,False
TOI-2211,1.0,False,False,False,False,False
TOI-2227,1.0,False,False,False,False,False
TOI-2236,1.0,False,False,False,False,False
TOI-2257,1.0,False,False,False,False,False
TOI-2260,1.0,False,False,False,False,False
TOI-2266,1.0,True,False,False,False,True
TOI-2267_A,1.0,False,False,False,False,False
TOI-2274,1.0,False,False,False,False,False
TOI-2285,1.0,False,False,False,False,False
TOI-2295,1.0,False,False,False,False,False
TOI-2322,1.0,False,False,False,False,False
TOI-2328,1.0,False,False,False,False,False
TOI-2337,1.0,True,False,False,False,True
TOI-2338,1.0,False,False,False,False,False
TOI-2345,1.0,False,False,False,False,False
TOI-2346,1.0,False,False,False,False,False
TOI-2364,1.0,False,False,False,False,False
TOI-2368,1.0,False,False,False,False,False
TOI-237,1.0,False,False,False,False,False
TOI-2373,1.0,False,False,False,False,False
TOI-2374,1.0,False,False,False,False,False
TOI-2379,1.0,False,False,False,False,False
TOI-238,1.0,False,False,False,False,False
TOI-2382,1.0,False,False,False,False,False
TOI-2384,1.0,False,False,False,False,False
TOI-2406,1.0,False,False,False,False,False
TOI-2407,1.0,False,False,False,False,False
TOI-2411,1.0,False,False,False,False,False
TOI-2416,1.0,False,False,False,False,False
TOI-2420,1.0,False,False,False,False,False
TOI-2421,1.0,False,False,False,False,False
TOI-2427,1.0,False,False,False,False,False
TOI-2431,1.0,False,False,False,False,False
TOI-244,1.0,False,False,False,False,False
TOI-2443,1.0,False,False,False,False,False
TOI-2445,1.0,True,False,False,False,True
TOI-2447,1.0,False,False,False,False,False
TOI-2449,1.0,False,False,False,False,False
TOI-2453,1.0,False,False,False,False,False
TOI-2458,1.0,False,False,False,False,False
TOI-2459,1.0,False,False,False,False,False
TOI-2485,1.0,True,False,False,False,True
TOI-2497,1.0,False,False,False,False,False
TOI-2498,1.0,False,False,False,False,False
TOI-251,1.0,False,False,False,False,False
TOI-2518,1.0,False,False,False,False,False
TOI-2524,1.0,False,False,False,False,False
TOI-2525,1.0,False,False,False,False,False
TOI-2529,1.0,False,False,False,False,False
TOI-2537,1.0,False,False,False,False,False
TOI-2545,1.0,False,False,False,False,False
TOI-2567,1.0,True,False,False,False,True
TOI-257,1.0,False,False,False,False,False
TOI-2570,1.0,False,False,False,False,False
TOI-2580,1.0,False,False,False,False,False
TOI-2583_A,1.0,False,False,False,False,False
TOI-2587_A,1.0,False,False,False,False,False
TOI-2589,1.0,False,False,False,False,False
TOI-260,1.0,False,False,False,False,False
TOI-261,1.0,False,False,False,False,False
TOI-262,1.0,False,False,False,False,False
TOI-2641,1.0,False,False,False,False,False
TOI-2654,1.0,False,False,False,False,False
TOI-2669,1.0,False,False,False,False,False
TOI-269,1.0,False,False,False,False,False
TOI-270,1.0,False,False,False,False,False
TOI-2714,1.0,False,False,False,False,False
TOI-2719,1.0,False,False,False,False,False
TOI-2768,1.0,False,False,False,False,False
TOI-277,1.0,False,False,False,False,False
TOI-2796,1.0,False,False,False,False,False
TOI-2803_A,1.0,False,False,False,False,False
TOI-2818,1.0,False,False,False,False,False
TOI-283,1.0,False,False,False,False,False
TOI-2842,1.0,False,False,False,False,False
TOI-286,1.0,True,False,False,False,True
TOI-2876,1.0,False,False,False,False,False
TOI-2886,1.0,False,False,False,False,False
TOI-2969,1.0,False,False,False,False,False
TOI-2977,1.0,False,False,False,False,False
TOI-2981,1.0,False,False,False,False,False
TOI-2986,1.0,False,False,False,False,False
TOI-2989,1.0,False,False,False,False,False
TOI-2992,1.0,False,False,False,False,False
TOI-3023,1.0,False,False,False,False,False
TOI-3071,1.0,False,False,False,False,False
TOI-3082,1.0,False,False,False,False,False
TOI-3135,1.0,False,False,False,False,False
TOI-3160_A,1.0,False,False,False,False,False
TOI-3235,1.0,False,False,False,False,False
TOI-3261,1.0,False,False,False,False,False
TOI-3288,1.0,False,False,False,False,False
TOI-329,1.0,False,False,False,False,False
TOI-332,1.0,False,False,False,False,False
TOI-3321,1.0,False,False,False,False,False
TOI-333,1.0,False,False,False,False,False
TOI-3331_A,1.0,False,False,False,False,False
TOI-3353,1.0,True,False,False,False,True
TOI-3362,1.0,False,False,False,False,False
TOI-3364,1.0,False,False,False,False,False
TOI-3457,1.0,False,False,False,False,False
TOI-3464,1.0,False,False,False,False,False
TOI-3474,1.0,False,False,False,False,False
TOI-3486,1.0,False,False,False,False,False
TOI-3493,1.0,False,False,False,False,False
TOI-3523_A,1.0,False,False,False,False,False
TOI-3540_A,1.0,False,False,False,False,False
TOI-3568,1.0,False,False,False,False,False
TOI-3593,1.0,False,False,False,False,False
TOI-3629,1.0,False,False,False,False,False
TOI-3664,1.0,False,False,False,False,False
TOI-3682,1.0,False,False,False,False,False
TOI-3688_A,1.0,False,False,False,False,False
TOI-3693,1.0,False,False,False,False,False
TOI-3714,1.0,False,False,False,False,False
TOI-375,1.0,False,False,False,False,False
TOI-3757,1.0,False,False,False,False,False
TOI-3785,1.0,False,False,False,False,False
TOI-3807,1.0,False,False,False,False,False
TOI-3819,1.0,False,False,False,False,False
TOI-3837,1.0,False,False,False,False,False
TOI-3856,1.0,False,False,False,False,False
TOI-3862,1.0,True,False,False,False,True
TOI-3877,1.0,False,False,False,False,False
TOI-3884,1.0,False,False,False,False,False
TOI-3894,1.0,False,False,False,False,False
TOI-3896,1.0,False,False,False,False,False
TOI-3912,1.0,False,False,False,False,False
TOI-3919,1.0,False,False,False,False,False
TOI-3976_A,1.0,False,False,False,False,False
TOI-3980,1.0,False,False,False,False,False
TOI-3984_A,1.0,False,False,False,False,False
TOI-4010,1.0,False,False,False,False,False
TOI-4029,1.0,False,False,False,False,False
TOI-4030,1.0,False,False,False,False,False
TOI-4034,1.0,False,False,False,False,False
TOI-406,1.0,False,False,False,False,False
TOI-4087,1.0,False,False,False,False,False
TOI-4127,1.0,False,False,False,False,False
TOI-4137,1.0,False,False,False,False,False
TOI-4145_A,1.0,False,False,False,False,False
TOI-4153,1.0,False,False,False,False,False
TOI-4155,1.0,False,False,False,False,False
TOI-4156,1.0,False,False,False,False,False
TOI-4184,1.0,False,False,False,False,False
TOI-4201,1.0,False,False,False,False,False
TOI-421,1.0,False,False,False,False,False
TOI-4214,1.0,False,False,False,False,False
TOI-4308,1.0,False,False,False,False,False
TOI-431,1.0,False,False,False,False,False
TOI-4311,1.0,False,False,False,False,False
TOI-4329,1.0,False,False,False,False,False
TOI-4336_A,1.0,False,False,False,False,False
TOI-4342,1.0,False,False,False,False,False
TOI-4363,1.0,False,False,False,False,False
TOI-4364,1.0,False,False,False,False,False
TOI-4377,1.0,False,False,False,False,False
TOI-4379,1.0,False,False,False,False,False
TOI-4405,1.0,True,False,False,False,True
TOI-4406,1.0,False,False,False,False,False
TOI-4438,1.0,False,False,False,False,False
TOI-444,1.0,False,False,False,False,False
TOI-4443,1.0,False,False,False,False,False
TOI-4463_A,1.0,False,False,False,False,False
TOI-4465,1.0,False,False,False,False,False
TOI-4479,1.0,False,False,False,False,False
TOI-4487_A,1.0,False,False,False,False,False
TOI-4495,1.0,False,False,False,False,False
TOI-4504,1.0,False,False,False,False,False
TOI-4507,1.0,True,False,False,False,True
TOI-451,1.0,False,False,False,False,False
TOI-4511,1.0,False,False,False,False,False
TOI-4513,1.0,True,False,False,False,True
TOI-4515,1.0,False,False,False,False,False
TOI-4527,1.0,False,False,False,False,False
TOI-4529,1.0,False,False,False,False,False
TOI-4551,1.0,False,False,False,False,False
TOI-4552,1.0,False,False,False,False,False
TOI-4559,1.0,False,False,False,False,False
TOI-4561,1.0,False,False,False,False,False
TOI-4562,1.0,False,False,False,False,False
TOI-4578,1.0,False,False,False,False,False
TOI-4582,1.0,False,False,False,False,False
TOI-4588,1.0,True,False,False,False,True
TOI-4600,1.0,True,False,False,False,True
TOI-4602,1.0,False,False,False,False,False
TOI-4603,1.0,False,False,False,False,False
TOI-4633,1.0,True,False,False,False,True
TOI-4638,1.0,False,False,False,False,False
TOI-4640,1.0,False,False,False,False,False
TOI-4641,1.0,False,False,False,False,False
TOI-4662,1.0,False,False,False,False,False
TOI-4666,1.0,False,False,False,False,False
TOI-469,1.0,False,False,False,False,False
TOI-470,1.0,False,False,False,False,False
TOI-4734,1.0,False,False,False,False,False
TOI-4747,1.0,False,False,False,False,False
TOI-4773,1.0,False,False,False,False,False
TOI-4791,1.0,False,False,False,False,False
TOI-4794,1.0,False,False,False,False,False
TOI-480,1.0,False,False,False,False,False
TOI-481,1.0,False,False,False,False,False
TOI-4860,1.0,False,False,False,False,False
TOI-4898,1.0,False,False,False,False,False
TOI-4914,1.0,False,False,False,False,False
TOI-4930,1.0,False,False,False,False,False
TOI-4940,1.0,False,False,False,False,False
TOI-4961,1.0,False,False,False,False,False
TOI-4994,1.0,False,False,False,False,False
TOI-500,1.0,False,False,False,False,False
TOI-5005,1.0,False,False,False,False,False
TOI-5007,1.0,False,False,False,False,False
TOI-5027,1.0,False,False,False,False,False
TOI-5076,1.0,False,False,False,False,False
TOI-5082,1.0,False,False,False,False,False
TOI-5108,1.0,False,False,False,False,False
TOI-5110,1.0,False,False,False,False,False
TOI-512,1.0,False,False,False,False,False
TOI-5126,1.0,False,False,False,False,False
TOI-5143,1.0,False,False,False,False,False
TOI-5153,1.0,False,False,False,False,False
TOI-5159,1.0,False,False,False,False,False
TOI-5160,1.0,False,False,False,False,False
TOI-5174,1.0,False,False,False,False,False
TOI-5181_A,1.0,False,False,False,False,False
TOI-519,1.0,False,False,False,False,False
TOI-5205,1.0,False,False,False,False,False
TOI-521,1.0,False,False,False,False,False
TOI-5210,1.0,False,False,False,False,False
TOI-5218,1.0,False,False,False,False,False
TOI-5232,1.0,False,False,False,False,False
TOI-5238,1.0,False,False,False,False,False
TOI-5261,1.0,False,False,False,False,False
TOI-5292_A,1.0,False,False,False,False,False
TOI-5293_A,1.0,False,False,False,False,False
TOI-530,1.0,False,False,False,False,False
TOI-5300,1.0,False,False,False,False,False
TOI-5301,1.0,False,False,False,False,False
TOI-5319,1.0,False,False,False,False,False
TOI-532,1.0,False,False,False,False,False
TOI-5322,1.0,True,False,False,False,True
TOI-5335,1.0,False,False,False,False,False
TOI-5340,1.0,False,False,False,False,False
TOI-5344,1.0,False,False,False,False,False
TOI-5349,1.0,False,False,False,False,False
TOI-5350,1.0,False,False,False,False,False
TOI-5380,1.0,False,False,False,False,False
TOI-5386_A,1.0,False,False,False,False,False
TOI-5388,1.0,False,False,False,False,False
TOI-5398,1.0,False,False,False,False,False
TOI-540,1.0,False,False,False,False,False
TOI-5422,1.0,False,False,False,False,False
TOI-544,1.0,False,False,False,False,False
TOI-5486,1.0,False,False,False,False,False
TOI-5489,1.0,False,False,False,False,False
TOI-5502,1.0,False,False,False,False,False
TOI-5515,1.0,False,False,False,False,False
TOI-5532,1.0,False,False,False,False,False
TOI-5542,1.0,False,False,False,False,False
TOI-5573,1.0,False,False,False,False,False
TOI-558,1.0,False,False,False,False,False
TOI-559,1.0,False,False,False,False,False
TOI-5592,1.0,False,False,False,False,False
TOI-5595,1.0,False,False,False,False,False
TOI-5599,1.0,False,False,False,False,False
TOI-5605,1.0,False,False,False,False,False
TOI-561,1.0,True,False,False,False,True
TOI-5614,1.0,False,False,False,False,False
TOI-5616,1.0,False,False,False,False,False
TOI-5624,1.0,False,False,False,False,False
TOI-5630,1.0,False,False,False,False,False
TOI-564,1.0,False,False,False,False,False
TOI-5678,1.0,False,False,False,False,False
TOI-5688_A,1.0,False,False,False,False,False
TOI-5704,1.0,False,False,False,False,False
TOI-5713,1.0,True,False,False,False,True
TOI-5716,1.0,True,False,False,False,True
TOI-5720,1.0,False,False,False,False,False
TOI-5726,1.0,False,False,False,False,False
TOI-5728,1.0,True,False,False,False,True
TOI-5734,1.0,False,False,False,False,False
TOI-5736,1.0,True,False,False,False,True
TOI-5777,1.0,False,False,False,False,False
TOI-5786,1.0,False,False,False,False,False
TOI-5788,1.0,False,False,False,False,False
TOI-5789,1.0,False,False,False,False,False
TOI-5795,1.0,False,False,False,False,False
TOI-5799,1.0,False,False,False,False,False
TOI-5800,1.0,False,False,False,False,False
TOI-5803,1.0,False,False,False,False,False
TOI-5817,1.0,False,False,False,False,False
TOI-5882,1.0,False,False,False,False,False
TOI-5916,1.0,False,False,False,False,False
TOI-5926,1.0,False,False,False,False,False
TOI-5938,1.0,False,False,False,False,False
TOI-6000,1.0,True,False,False,False,True
TOI-6002,1.0,False,False,False,False,False
TOI-6008,1.0,False,False,False,False,False
TOI-6016,1.0,False,False,False,False,False
TOI-6029,1.0,False,False,False,False,False
TOI-6034,1.0,False,False,False,False,False
TOI-6038_A,1.0,False,False,False,False,False
TOI-6041,1.0,False,False,False,False,False
TOI-6054,1.0,False,False,False,False,False
TOI-6080,1.0,False,False,False,False,False
TOI-6086,1.0,False,False,False,False,False
TOI-6109,1.0,False,False,False,False,False
TOI-6130,1.0,False,False,False,False,False
TOI-615,1.0,False,False,False,False,False
TOI-620,1.0,False,False,False,False,False
TOI-622,1.0,False,False,False,False,False
TOI-6223,1.0,False,False,False,False,False
TOI-6255,1.0,False,False,False,False,False
TOI-628,1.0,False,False,False,False,False
TOI-6281,1.0,False,False,False,False,False
TOI-6303,1.0,False,False,False,False,False
TOI-6324,1.0,False,False,False,False,False
TOI-6330,1.0,False,False,False,False,False
TOI-6383_A,1.0,False,False,False,False,False
TOI-6393,1.0,False,False,False,False,False
TOI-640,1.0,False,False,False,False,False
TOI-6420,1.0,False,False,False,False,False
TOI-6448,1.0,False,False,False,False,False
TOI-6478,1.0,False,False,False,False,False
TOI-654,1.0,False,False,False,False,False
TOI-6564,1.0,False,False,False,False,False
TOI-6628,1.0,False,False,False,False,False
TOI-663,1.0,False,False,False,False,False
TOI-6651,1.0,False,False,False,False,False
TOI-6677,1.0,False,False,False,False,False
TOI-669,1.0,False,False,False,False,False
TOI-6692,1.0,False,False,False,False,False
TOI-6695,1.0,False,False,False,False,False
TOI-6699,1.0,False,False,False,False,False
TOI-6707,1.0,False,False,False,False,False
TOI-6716,1.0,False,False,False,False,False
TOI-672,1.0,False,False,False,False,False
TOI-674,1.0,False,False,False,False,False
TOI-677,1.0,False,False,False,False,False
TOI-682,1.0,False,False,False,False,False
TOI-6894,1.0,False,False,False,False,False
TOI-6954,1.0,False,False,False,False,False
TOI-697,1.0,False,False,False,False,False
TOI-700,1.0,True,False,False,False,True
TOI-7008,1.0,False,False,False,False,False
TOI-7009,1.0,False,False,False,False,False
TOI-7041,1.0,False,False,False,False,False
TOI-707,1.0,True,False,False,False,True
TOI-712,1.0,True,False,False,False,True
TOI-715,1.0,False,False,False,False,False
TOI-7155,1.0,False,False,False,False,False
TOI-7166,1.0,False,False,False,False,False
TOI-733,1.0,False,False,False,False,False
TOI-7333,1.0,False,False,False,False,False
TOI-7384,1.0,False,False,False,False,False
TOI-7510,1.0,False,False,False,False,False
TOI-756,1.0,False,False,False,False,False
TOI-757,1.0,False,False,False,False,False
TOI-762_A,1.0,False,False,False,False,False
TOI-763,1.0,False,False,False,False,False
TOI-771,1.0,False,False,False,False,False
TOI-776,1.0,False,False,False,False,False
TOI-778,1.0,False,False,False,False,False
TOI-782,1.0,False,False,False,False,False
TOI-799,1.0,False,False,False,False,False
TOI-808,1.0,False,False,False,False,False
TOI-813,1.0,True,False,False,False,True
TOI-815,1.0,False,False,False,False,False
TOI-824,1.0,False,False,False,False,False
TOI-833,1.0,False,False,False,False,False
TOI-836,1.0,False,False,False,False,False
TOI-837,1.0,False,False,False,False,False
TOI-849,1.0,False,False,False,False,False
TOI-858_B,1.0,False,False,False,False,False
TOI-871,1.0,False,False,False,False,False
TOI-880,1.0,False,False,False,False,False
TOI-883,1.0,False,False,False,False,False
TOI-892,1.0,False,False,False,False,False
TOI-904,1.0,False,False,False,False,False
TOI-905,1.0,False,False,False,False,False
TOI-907,1.0,False,False,False,False,False
TOI-908,1.0,False,False,False,False,False
TOI-912,1.0,False,False,False,False,False
TOI-913,1.0,False,False,False,False,False
TOI-921,1.0,True,False,False,False,True
TOI-929,1.0,False,False,False,False,False
TOI-938,1.0,False,False,False,False,False
TOI-941,1.0,False,False,False,False,False
TOI-942,1.0,False,False,False,False,False
TOI-954,1.0,False,False,False,False,False
TOI-969,1.0,False,False,False,False,False
TRAPPIST-1,1.0,False,False,False,False,False
TWA_7,1.0,False,False,False,False,False
TYC_0434-04538-1,1.0,False,False,False,False,False
TYC_1422-614-1,1.0,False,False,False,False,False
TYC_2187-512-1,1.0,False,False,False,False,False
TYC_3318-01333-1,1.0,False,False,False,False,False
TYC_3667-1280-1,1.0,False,False,False,False,False
TYC_4282-00605-1,1.0,False,False,False,False,False
TYC_8998-760-1,1.0,False,False,False,False,False
Teegardens_Star,1.0,False,False,False,False,False
TrES-1,1.0,False,False,False,False,False
TrES-2,1.0,True,False,False,False,True
TrES-3,1.0,False,False,False,False,False
TrES-4,1.0,False,False,False,False,False
TrES-5,1.0,False,False,False,False,False
UCAC3_113-933,1.0,False,False,False,False,False
UCAC4_328-061594,1.0,False,False,False,False,False
UKIRT-2017-BLG-001L,1.0,False,False,False,False,False
USco1556_A,1.0,True,False,False,False,True
USco1621_A,1.0,True,False,False,False,True
UZ_For,1.0,False,False,False,False,False
V0391_Peg,1.0,False,False,False,False,False
V1298_Tau,1.0,True,False,False,False,True
V830_Tau,1.0,True,False,False,False,True
VHS_J125601.92-125723.9,1.0,False,False,False,False,False
WASP-1,1.0,False,False,False,False,False
WASP-10,1.0,False,False,False,False,False
WASP-100,1.0,False,False,False,False,False
WASP-101,1.0,False,False,False,False,False
WASP-102,1.0,False,False,False,False,False
WASP-104,1.0,True,False,False,False,True
WASP-105,1.0,False,False,False,False,False
WASP-106,1.0,False,False,False,False,False
WASP-107,1.0,False,False,False,False,False
WASP-108,1.0,False,False,False,False,False
WASP-11,1.0,False,False,False,False,False
WASP-110,1.0,False,False,False,False,False
WASP-113,1.0,True,False,False,False,True
WASP-114,1.0,False,False,False,False,False
WASP-116,1.0,False,False,False,False,False
WASP-117,1.0,False,False,False,False,False
WASP-118,1.0,False,False,False,False,False
WASP-119,1.0,False,False,False,False,False
WASP-12,1.0,False,False,False,False,False
WASP-120,1.0,False,False,False,False,False
WASP-121,1.0,False,False,False,False,False
WASP-123,1.0,False,False,False,False,False
WASP-124,1.0,False,False,False,False,False
WASP-126,1.0,True,False,False,False,True
WASP-127,1.0,False,False,False,False,False
WASP-129,1.0,False,False,False,False,False
WASP-13,1.0,True,False,False,False,True
WASP-130,1.0,False,False,False,False,False
WASP-131,1.0,False,False,False,False,False
WASP-132,1.0,False,False,False,False,False
WASP-133,1.0,False,False,False,False,False
WASP-135,1.0,False,False,False,False,False
WASP-136,1.0,False,False,False,False,False
WASP-138,1.0,False,False,False,False,False
WASP-139,1.0,False,False,False,False,False
WASP-14,1.0,False,False,False,False,False
WASP-140,1.0,False,False,False,False,False
WASP-141,1.0,False,False,False,False,False
WASP-142,1.0,False,False,False,False,False
WASP-144,1.0,False,False,False,False,False
WASP-145_A,1.0,False,False,False,False,False
WASP-147,1.0,False,False,False,False,False
WASP-148,1.0,False,False,False,False,False
WASP-149,1.0,False,False,False,False,False
WASP-15,1.0,False,False,False,False,False
WASP-150,1.0,False,False,False,False,False
WASP-151,1.0,False,False,False,False,False
WASP-153,1.0,False,False,False,False,False
WASP-154,1.0,False,False,False,False,False
WASP-155,1.0,False,False,False,False,False
WASP-156,1.0,False,False,False,False,False
WASP-158,1.0,False,False,False,False,False
WASP-159,1.0,False,False,False,False,False
WASP-16,1.0,False,False,False,False,False
WASP-160_B,1.0,False,False,False,False,False
WASP-161,1.0,False,False,False,False,False
WASP-162,1.0,False,False,False,False,False
WASP-163,1.0,False,False,False,False,False
WASP-164,1.0,False,False,False,False,False
WASP-165,1.0,False,False,False,False,False
WASP-166,1.0,False,False,False,False,False
WASP-167,1.0,False,False,False,False,False
WASP-168,1.0,False,False,False,False,False
WASP-169,1.0,False,False,False,False,False
WASP-17,1.0,False,False,False,False,False
WASP-170,1.0,False,False,False,False,False
WASP-171,1.0,False,False,False,False,False
WASP-173_A,1.0,False,False,False,False,False
WASP-174,1.0,False,False,False,False,False
WASP-175,1.0,False,False,False,False,False
WASP-176,1.0,False,False,False,False,False
WASP-177,1.0,False,False,False,False,False
WASP-178,1.0,False,False,False,False,False
WASP-18,1.0,False,False,False,False,False
WASP-180_A,1.0,False,False,False,False,False
WASP-181,1.0,False,False,False,False,False
WASP-182,1.0,False,False,False,False,False
WASP-183,1.0,False,False,False,False,False
WASP-184,1.0,False,False,False,False,False
WASP-185,1.0,False,False,False,False,False
WASP-186,1.0,False,False,False,False,False
WASP-187,1.0,False,False,False,False,False
WASP-188,1.0,False,False,False,False,False
WASP-189,1.0,False,False,False,False,False
WASP-19,1.0,False,False,False,False,False
WASP-190,1.0,False,False,False,False,False
WASP-192,1.0,False,False,False,False,False
WASP-193,1.0,False,False,False,False,False
WASP-194,1.0,False,False,False,False,False
WASP-195,1.0,False,False,False,False,False
WASP-197,1.0,False,False,False,False,False
WASP-2,1.0,False,False,False,False,False
WASP-20,1.0,False,False,False,False,False
WASP-21,1.0,False,False,False,False,False
WASP-22,1.0,False,False,False,False,False
WASP-23,1.0,False,False,False,False,False
WASP-24,1.0,False,False,False,False,False
WASP-25,1.0,False,False,False,False,False
WASP-26,1.0,False,False,False,False,False
WASP-28,1.0,True,False,False,False,True
WASP-29,1.0,False,False,False,False,False
WASP-3,1.0,False,False,False,False,False
WASP-31,1.0,False,False,False,False,False
WASP-32,1.0,False,False,False,False,False
WASP-33,1.0,False,False,False,False,False
WASP-34,1.0,False,False,False,False,False
WASP-35,1.0,False,False,False,False,False
WASP-36,1.0,False,False,False,False,False
WASP-37,1.0,False,False,False,False,False
WASP-39,1.0,False,False,False,False,False
WASP-4,1.0,False,False,False,False,False
WASP-41,1.0,False,False,False,False,False
WASP-42,1.0,False,False,False,False,False
WASP-43,1.0,False,False,False,False,False
WASP-44,1.0,False,False,False,False,False
WASP-45,1.0,False,False,False,False,False
WASP-46,1.0,False,False,False,False,False
WASP-47,1.0,True,False,False,False,True
WASP-48,1.0,False,False,False,False,False
WASP-49,1.0,False,False,False,False,False
WASP-5,1.0,False,False,False,False,False
WASP-50,1.0,False,False,False,False,False
WASP-52,1.0,False,False,False,False,False
WASP-53,1.0,False,False,False,False,False
WASP-54,1.0,True,False,False,False,True
WASP-55,1.0,False,False,False,False,False
WASP-56,1.0,False,False,False,False,False
WASP-57,1.0,False,False,False,False,False
WASP-58,1.0,False,False,False,False,False
WASP-59,1.0,False,False,False,False,False
WASP-6,1.0,False,False,False,False,False
WASP-60,1.0,False,False,False,False,False
WASP-61,1.0,False,False,False,False,False
WASP-62,1.0,True,False,False,False,True
WASP-63,1.0,False,False,False,False,False
WASP-64,1.0,False,False,False,False,False
WASP-65,1.0,False,False,False,False,False
WASP-66,1.0,False,False,False,False,False
WASP-67,1.0,False,False,False,False,False
WASP-68,1.0,False,False,False,False,False
WASP-69,1.0,True,False,False,False,True
WASP-7,1.0,False,False,False,False,False
WASP-70_A,1.0,False,False,False,False,False
WASP-71,1.0,True,False,False,False,True
WASP-72,1.0,False,False,False,False,False
WASP-73,1.0,False,False,False,False,False
WASP-74,1.0,False,False,False,False,False
WASP-75,1.0,True,False,False,False,True
WASP-76,1.0,False,False,False,False,False
WASP-77_A,1.0,False,False,False,False,False
WASP-78,1.0,False,False,False,False,False
WASP-79,1.0,False,False,False,False,False
WASP-8,1.0,False,False,False,False,False
WASP-80,1.0,False,False,False,False,False
WASP-81,1.0,False,False,False,False,False
WASP-82,1.0,False,False,False,False,False
WASP-83,1.0,False,False,False,False,False
WASP-84,1.0,False,False,False,False,False
WASP-85_A,1.0,False,False,False,False,False
WASP-87,1.0,False,False,False,False,False
WASP-88,1.0,False,False,False,False,False
WASP-89,1.0,False,False,False,False,False
WASP-90,1.0,False,False,False,False,False
WASP-91,1.0,False,False,False,False,False
WASP-92,1.0,False,False,False,False,False
WASP-93,1.0,False,False,False,False,False
WASP-94_A,1.0,False,False,False,False,False
WASP-94_B,1.0,False,False,False,False,False
WASP-95,1.0,False,False,False,False,False
WASP-96,1.0,False,False,False,False,False
WASP-97,1.0,False,False,False,False,False
WASP-98,1.0,False,False,False,False,False
WASP-99,1.0,False,False,False,False,False
WD_0806-661,1.0,False,False,False,False,False
WD_1856534,1.0,False,False,False,False,False
WISPIT_1,1.0,False,False,False,False,False
WISPIT_2,1.0,False,False,False,False,False
WTS-1,1.0,False,False,False,False,False
WTS-2,1.0,False,False,False,False,False
Wendelstein-1,1.0,False,False,False,False,False
Wendelstein-2,1.0,False,False,False,False,False
Wolf_1061,1.0,False,False,False,False,False
Wolf_1069,1.0,False,False,False,False,False
Wolf_327,1.0,True,False,False,False,True
Wolf_503,1.0,False,False,False,False,False
XO-1,1.0,False,False,False,False,False
XO-2_N,1.0,True,False,False,False,True
XO-2_S,1.0,False,False,False,False,False
XO-3,1.0,False,False,False,False,False
XO-4,1.0,False,False,False,False,False
XO-5,1.0,False,False,False,False,False
XO-6,1.0,False,False,False,False,False
XO-7,1.0,False,False,False,False,False
YZ_Cet,1.0,False,False,False,False,False
ZTF_J1230-2655,1.0,False,False,False,False,False
b_Cen_A,1.0,False,False,False,False,False
bet_Cnc,1.0,False,False,False,False,False
bet_Pic,1.0,False,False,False,False,False
eps_CrB,1.0,False,False,False,False,False
eps_Eri,1.0,False,False,False,False,False
eps_Ind_A,1.0,False,False,False,False,False
eps_Tau,1.0,False,False,False,False,False
gam_Cep,1.0,False,False,False,False,False
gam_Lib,1.0,False,False,False,False,False
gam_Psc,1.0,False,False,False,False,False
iot_Dra,1.0,False,False,False,False,False
kap_And,1.0,False,False,False,False,False
kap_CrB,1.0,False,False,False,False,False
mu2_Sco,1.0,False,False,False,False,False
mu_Leo,1.0,True,False,False,False,True
nu_Oct_A,1.0,False,False,False,False,False
nu_Oph,1.0,False,False,False,False,False
ome_Ser,1.0,False,False,False,False,False
omi_CrB,1.0,False,False,False,False,False
omi_UMa,1.0,False,False,False,False,False
psi1_Dra_B,1.0,False,False,False,False,False
rho_CrB,1.0,False,False,False,False,False
tau_Boo,1.0,False,False,False,False,False
tau_Cet,1.0,False,False,False,False,False
tau_Gem,1.0,False,False,False,False,False
ups_And,1.0,False,False,False,False,False
ups_Leo,1.0,False,False,False,False,False
xi_Aql,1.0,False,False,False,False,False
TIC_103865797,0.0,False,False,False,False,False
TIC_124709665,0.0,False,False,False,False,False
TIC_129319156,0.0,False,False,False,False,False
TIC_139853601,0.0,False,False,False,False,False
TIC_140706664,0.0,False,False,False,False,False
TIC_141482386,0.0,False,False,False,False,False
TIC_143257766,0.0,False,False,False,False,False
TIC_143994283,0.0,False,False,False,False,False
TIC_149601557,0.0,True,False,False,False,True
TIC_155044736,0.0,False,False,False,False,False
TIC_155491828,0.0,False,False,False,False,False
TIC_156115721,0.0,False,False,False,False,False
TIC_164150539,0.0,False,False,False,False,False
TIC_169904935,0.0,False,False,False,False,False
TIC_17129975,0.0,False,False,False,False,False
TIC_17150865,0.0,True,False,False,False,True
TIC_172110606,0.0,False,False,False,False,False
TIC_172464366,0.0,False,False,False,False,False
TIC_172630205,0.0,False,False,False,False,False
TIC_172754786,0.0,False,False,False,False,False
TIC_172871230,0.0,False,False,False,False,False
TIC_173860688,0.0,False,False,False,False,False
TIC_174143743,0.0,False,False,False,False,False
TIC_17416749,0.0,False,False,False,False,False
TIC_175079720,0.0,False,False,False,False,False
TIC_175180796,0.0,False,False,False,False,False
TIC_175310067,0.0,False,False,False,False,False
TIC_175476629,0.0,False,False,False,False,False
TIC_176772671,0.0,False,False,False,False,False
TIC_176778112,0.0,False,False,False,False,False
TIC_176831592,0.0,False,False,False,False,False
TIC_176984236,0.0,True,False,False,False,True
TIC_177126182,0.0,False,False,False,False,False
TIC_177612321,0.0,False,False,False,False,False
TIC_177722855,0.0,False,False,False,False,False
TIC_178959058,0.0,False,False,False,False,False
TIC_179033846,0.0,False,False,False,False,False
TIC_179155220,0.0,False,False,False,False,False
TIC_179159972,0.0,False,False,False,False,False
TIC_18017227,0.0,False,False,False,False,False
TIC_180987952,0.0,False,False,False,False,False
TIC_182470056,0.0,False,False,False,False,False
TIC_182943944,0.0,False,False,False,False,False
TIC_183979262,0.0,False,False,False,False,False
TIC_184679932,0.0,False,False,False,False,False
TIC_184869170,0.0,False,False,False,False,False
TIC_184952758,0.0,False,False,False,False,False
TIC_185226925,0.0,False,False,False,False,False
TIC_185405474,0.0,False,False,False,False,False
TIC_186000935,0.0,False,False,False,False,False
TIC_186599508,0.0,False,False,False,False,False
TIC_187029841,0.0,False,False,False,False,False
TIC_187532854,0.0,False,False,False,False,False
TIC_188593930,0.0,False,False,False,False,False
TIC_188989177,0.0,False,False,False,False,False
TIC_189013222,0.0,False,False,False,False,False
TIC_189620016,0.0,False,False,False,False,False
TIC_190081497,0.0,False,False,False,False,False
TIC_190271688,0.0,False,False,False,False,False
TIC_190430205,0.0,False,False,False,False,False
TIC_190442486,0.0,False,False,False,False,False
TIC_190743990,0.0,False,False,False,False,False
TIC_191146556,0.0,False,False,False,False,False
TIC_19155785,0.0,False,False,False,False,False
TIC_192372961,0.0,False,False,False,False,False
TIC_192520375,0.0,False,False,False,False,False
TIC_193628179,0.0,False,False,False,False,False
TIC_193708920,0.0,False,False,False,False,False
TIC_194179013,0.0,False,False,False,False,False
TIC_1950736,0.0,False,False,False,False,False
TIC_195093356,0.0,False,False,False,False,False
TIC_195199644,0.0,False,False,False,False,False
TIC_196286587,0.0,False,False,False,False,False
TIC_197650870,0.0,False,False,False,False,False
TIC_197959526,0.0,False,False,False,False,False
TIC_198616607,0.0,False,False,False,False,False
TIC_199162630,0.0,False,False,False,False,False
TIC_199688472,0.0,False,False,False,False,False
TIC_200593988,0.0,False,False,False,False,False
TIC_201154493,0.0,False,False,False,False,False
TIC_201233610,0.0,False,False,False,False,False
TIC_20178111,0.0,False,False,False,False,False
TIC_20182165,0.0,False,False,False,False,False
TIC_202428245,0.0,False,False,False,False,False
TIC_202468443,0.0,False,False,False,False,False
TIC_206466531,0.0,False,False,False,False,False
TIC_206498307,0.0,False,False,False,False,False
TIC_207084429,0.0,False,False,False,False,False
TIC_207501148,0.0,False,False,False,False,False
TIC_20988926,0.0,False,False,False,False,False
TIC_210337597,0.0,False,False,False,False,False
TIC_21755546,0.0,False,False,False,False,False
TIC_219151731,0.0,False,False,False,False,False
TIC_219164808,0.0,False,False,False,False,False
TIC_219205407,0.0,False,False,False,False,False
TIC_219208037,0.0,False,False,False,False,False
TIC_219239945,0.0,False,False,False,False,False
TIC_219366908,0.0,False,False,False,False,False
TIC_219379012,0.0,False,False,False,False,False
TIC_219388773,0.0,False,False,False,False,False
TIC_219466803,0.0,False,False,False,False,False
TIC_219467837,0.0,False,False,False,False,False
TIC_219766989,0.0,False,False,False,False,False
TIC_219821826,0.0,False,False,False,False,False
TIC_219824469,0.0,False,False,False,False,False
TIC_220016044,0.0,False,False,False,False,False
TIC_22020459,0.0,False,False,False,False,False
TIC_220396259,0.0,False,False,False,False,False
TIC_220435095,0.0,True,False,False,False,True
TIC_220518305,0.0,False,False,False,False,False
TIC_224313733,0.0,True,False,False,False,True
TIC_224418572,0.0,False,False,False,False,False
TIC_22843856,0.0,False,False,False,False,False
TIC_229091748,0.0,False,False,False,False,False
TIC_229141709,0.0,False,False,False,False,False
TIC_229285649,0.0,False,False,False,False,False
TIC_229384040,0.0,False,False,False,False,False
TIC_229536616,0.0,False,False,False,False,False
TIC_229770036,0.0,True,False,False,False,True
TIC_230017325,0.0,True,False,False,False,True
TIC_230075120,0.0,False,False,False,False,False
TIC_230086768,0.0,True,False,False,False,True
TIC_230267547,0.0,False,False,False,False,False
TIC_230386397,0.0,True,False,False,False,True
TIC_23113034,0.0,False,False,False,False,False
TIC_231703293,0.0,False,False,False,False,False
TIC_231721005,0.0,False,False,False,False,False
TIC_232679662,0.0,False,False,False,False,False
TIC_232967666,0.0,False,False,False,False,False
TIC_233390838,0.0,False,False,False,False,False
TIC_233497719,0.0,False,False,False,False,False
TIC_233503636,0.0,True,False,False,False,True
TIC_233541860,0.0,True,False,False,False,True
TIC_233569098,0.0,False,False,False,False,False
TIC_233681149,0.0,True,False,False,False,True
TIC_233684822,0.0,True,False,False,False,True
TIC_233720539,0.0,False,False,False,False,False
TIC_233735068,0.0,True,False,False,False,True
TIC_23389848,0.0,False,False,False,False,False
TIC_235684392,0.0,False,False,False,False,False
TIC_23650642,0.0,True,False,False,False,True
TIC_236775063,0.0,False,False,False,False,False
TIC_237101326,0.0,False,False,False,False,False
TIC_237185205,0.0,False,False,False,False,False
TIC_237200747,0.0,True,False,False,False,True
TIC_237235093,0.0,False,False,False,False,False
TIC_237751146,0.0,False,False,False,False,False
TIC_237808867,0.0,False,False,False,False,False
TIC_238162973,0.0,False,False,False,False,False
TIC_238197709,0.0,False,False,False,False,False
TIC_238374636,0.0,False,False,False,False,False
TIC_238597883,0.0,False,False,False,False,False
TIC_239136269,0.0,False,False,False,False,False
TIC_239372503,0.0,True,False,False,False,True
TIC_239541449,0.0,False,False,False,False,False
TIC_239638934,0.0,False,False,False,False,False
TIC_239722954,0.0,False,False,False,False,False
TIC_240148934,0.0,False,False,False,False,False
TIC_241065596,0.0,False,False,False,False,False
TIC_241102583,0.0,False,False,False,False,False
TIC_241174783,0.0,False,False,False,False,False
TIC_242083025,0.0,False,False,False,False,False
TIC_242536549,0.0,False,False,False,False,False
TIC_243153196,0.0,False,False,False,False,False
TIC_243283955,0.0,False,False,False,False,False
TIC_243333538,0.0,False,False,False,False,False
TIC_24364065,0.0,False,False,False,False,False
TIC_245462406,0.0,False,False,False,False,False
TIC_247873937,0.0,False,False,False,False,False
TIC_249067445,0.0,False,False,False,False,False
TIC_249812036,0.0,False,False,False,False,False
TIC_249862365,0.0,False,False,False,False,False
TIC_250386181,0.0,False,False,False,False,False
TIC_250484865,0.0,False,False,False,False,False
TIC_251209368,0.0,False,False,False,False,False
TIC_252537013,0.0,False,False,False,False,False
TIC_252636888,0.0,False,False,False,False,False
TIC_253030300,0.0,False,False,False,False,False
TIC_253132689,0.0,False,False,False,False,False
TIC_253917293,0.0,False,False,False,False,False
TIC_253990973,0.0,False,False,False,False,False
TIC_254629854,0.0,False,False,False,False,False
TIC_255760319,0.0,False,False,False,False,False
TIC_255851356,0.0,False,False,False,False,False
TIC_255918903,0.0,False,False,False,False,False
TIC_256349966,0.0,False,False,False,False,False
TIC_256621916,0.0,False,False,False,False,False
TIC_256886630,0.0,False,False,False,False,False
TIC_257052211,0.0,False,False,False,False,False
TIC_258402425,0.0,False,False,False,False,False
TIC_258557847,0.0,False,False,False,False,False
TIC_258777137,0.0,True,False,False,False,True
TIC_258801269,0.0,False,False,False,False,False
TIC_258871793,0.0,False,False,False,False,False
TIC_259126549,0.0,False,False,False,False,False
TIC_259129875,0.0,False,False,False,False,False
TIC_259151170,0.0,False,False,False,False,False
TIC_259389219,0.0,False,False,False,False,False
TIC_259701242,0.0,False,False,False,False,False
TIC_260043723,0.0,True,False,False,False,True
TIC_260271203,0.0,False,False,False,False,False
TIC_260298958,0.0,False,False,False,False,False
TIC_260476837,0.0,False,False,False,False,False
TIC_260609205,0.0,False,False,False,False,False
TIC_260849386,0.0,False,False,False,False,False
TIC_261141602,0.0,False,False,False,False,False
TIC_261258875,0.0,True,False,False,False,True
TIC_262135904,0.0,False,False,False,False,False
TIC_262499797,0.0,False,False,False,False,False
TIC_262530873,0.0,False,False,False,False,False
TIC_262531275,0.0,False,False,False,False,False
TIC_262781201,0.0,False,False,False,False,False
TIC_263203229,0.0,False,False,False,False,False
TIC_264303333,0.0,True,False,False,False,True
TIC_26433869,0.0,False,False,False,False,False
TIC_265077027,0.0,False,False,False,False,False
TIC_26583436,0.0,False,False,False,False,False
TIC_266688542,0.0,False,False,False,False,False
TIC_266843799,0.0,False,False,False,False,False
TIC_267484653,0.0,False,False,False,False,False
TIC_267489265,0.0,False,False,False,False,False
TIC_267527924,0.0,False,False,False,False,False
TIC_267561446,0.0,False,False,False,False,False
TIC_267867517,0.0,False,False,False,False,False
TIC_268042363,0.0,False,False,False,False,False
TIC_268371979,0.0,False,False,False,False,False
TIC_268405086,0.0,False,False,False,False,False
TIC_268439377,0.0,False,False,False,False,False
TIC_268727719,0.0,False,False,False,False,False
TIC_268914377,0.0,False,False,False,False,False
TIC_269238073,0.0,False,False,False,False,False
TIC_269269740,0.0,False,False,False,False,False
TIC_269424395,0.0,False,False,False,False,False
TIC_269450900,0.0,False,False,False,False,False
TIC_269509393,0.0,False,False,False,False,False
TIC_269892793,0.0,False,False,False,False,False
TIC_270238522,0.0,False,False,False,False,False
TIC_270333769,0.0,False,False,False,False,False
TIC_270841724,0.0,False,False,False,False,False
TIC_271042173,0.0,True,False,False,False,True
TIC_271167979,0.0,False,False,False,False,False
TIC_271439193,0.0,False,False,False,False,False
TIC_271581073,0.0,False,False,False,False,False
TIC_271596418,0.0,True,False,False,False,True
TIC_271722899,0.0,True,False,False,False,True
TIC_271900960,0.0,True,False,False,False,True
TIC_272049972,0.0,False,False,False,False,False
TIC_272050287,0.0,False,False,False,False,False
TIC_272086159,0.0,True,False,False,False,True
TIC_27244707,0.0,False,False,False,False,False
TIC_272625214,0.0,False,False,False,False,False
TIC_272828463,0.0,False,False,False,False,False
TIC_273774284,0.0,False,False,False,False,False
TIC_274122380,0.0,False,False,False,False,False
TIC_274138511,0.0,False,False,False,False,False
TIC_274170255,0.0,False,False,False,False,False
TIC_274599700,0.0,False,False,False,False,False
TIC_274662200,0.0,False,False,False,False,False
TIC_274762761,0.0,False,False,False,False,False
TIC_274942910,0.0,False,False,False,False,False
TIC_275111900,0.0,False,False,False,False,False
TIC_275248683,0.0,True,False,False,False,True
TIC_275384718,0.0,False,False,False,False,False
TIC_275501623,0.0,False,False,False,False,False
TIC_276380902,0.0,False,False,False,False,False
TIC_27677846,0.0,False,False,False,False,False
TIC_277014266,0.0,False,False,False,False,False
TIC_277103955,0.0,True,False,False,False,True
TIC_277871306,0.0,False,False,False,False,False
TIC_277987172,0.0,False,False,False,False,False
TIC_278199349,0.0,False,False,False,False,False
TIC_27844066,0.0,True,False,False,False,True
TIC_278726770,0.0,True,False,False,False,True
TIC_278866211,0.0,False,False,False,False,False
TIC_278968371,0.0,False,False,False,False,False
TIC_279177746,0.0,False,False,False,False,False
TIC_279212407,0.0,False,False,False,False,False
TIC_279251651,0.0,True,False,False,False,True
TIC_279605855,0.0,False,False,False,False,False
TIC_279740441,0.0,False,False,False,False,False
TIC_279982557,0.0,True,False,False,False,True
TIC_279989567,0.0,False,False,False,False,False
TIC_279999655,0.0,False,False,False,False,False
TIC_280212554,0.0,False,False,False,False,False
TIC_281979481,0.0,False,False,False,False,False
TIC_282498590,0.0,False,False,False,False,False
TIC_283015592,0.0,False,False,False,False,False
TIC_284050395,0.0,False,False,False,False,False
TIC_284288080,0.0,False,False,False,False,False
TIC_284305328,0.0,False,False,False,False,False
TIC_284450803,0.0,False,False,False,False,False
TIC_284528889,0.0,False,False,False,False,False
TIC_284564230,0.0,False,False,False,False,False
TIC_284747017,0.0,False,False,False,False,False
TIC_285233023,0.0,False,False,False,False,False
TIC_285524410,0.0,False,False,False,False,False
TIC_285542903,0.0,False,False,False,False,False
TIC_285666479,0.0,False,False,False,False,False
TIC_285674856,0.0,True,False,False,False,True
TIC_285677945,0.0,False,False,False,False,False
TIC_286355915,0.0,False,False,False,False,False
TIC_28643432,0.0,False,False,False,False,False
TIC_286561122,0.0,True,False,False,False,True
TIC_287190564,0.0,False,False,False,False,False
TIC_287329267,0.0,False,False,False,False,False
TIC_287474726,0.0,False,False,False,False,False
TIC_288185138,0.0,False,False,False,False,False
TIC_288391628,0.0,False,False,False,False,False
TIC_288471040,0.0,False,False,False,False,False
TIC_28873762,0.0,False,False,False,False,False
TIC_289125016,0.0,False,False,False,False,False
TIC_289316336,0.0,False,False,False,False,False
TIC_289539327,0.0,True,False,False,False,True
TIC_289988797,0.0,False,False,False,False,False
TIC_290302097,0.0,False,False,False,False,False
TIC_291147951,0.0,False,False,False,False,False
TIC_29117085,0.0,True,False,False,False,True
TIC_291555748,0.0,False,False,False,False,False
TIC_292321872,0.0,False,False,False,False,False
TIC_293075732,0.0,False,False,False,False,False
TIC_29336129,0.0,False,False,False,False,False
TIC_293527670,0.0,False,False,False,False,False
TIC_293567206,0.0,False,False,False,False,False
TIC_293708935,0.0,False,False,False,False,False
TIC_29374525,0.0,False,False,False,False,False
TIC_294090620,0.0,False,False,False,False,False
TIC_294173437,0.0,False,False,False,False,False
TIC_294176967,0.0,False,False,False,False,False
TIC_294179389,0.0,False,False,False,False,False
TIC_294283951,0.0,False,False,False,False,False
TIC_294315741,0.0,False,False,False,False,False
TIC_294500964,0.0,False,False,False,False,False
TIC_294599100,0.0,False,False,False,False,False
TIC_294780517,0.0,True,False,False,False,True
TIC_294869729,0.0,True,False,False,False,True
TIC_295354126,0.0,False,False,False,False,False
TIC_295413003,0.0,False,False,False,False,False
TIC_295599256,0.0,False,False,False,False,False
TIC_295807723,0.0,False,False,False,False,False
TIC_296898634,0.0,False,False,False,False,False
TIC_297153209,0.0,False,False,False,False,False
TIC_297967252,0.0,False,False,False,False,False
TIC_298049015,0.0,False,False,False,False,False
TIC_298495970,0.0,False,False,False,False,False
TIC_298666530,0.0,False,False,False,False,False
TIC_29959761,0.0,False,False,False,False,False
TIC_29960109,0.0,False,False,False,False,False
TIC_299876474,0.0,False,False,False,False,False
TIC_300011941,0.0,True,False,False,False,True
TIC_300013921,0.0,True,False,False,False,True
TIC_300557619,0.0,True,False,False,False,True
TIC_300599466,0.0,True,False,False,False,True
TIC_300810086,0.0,True,False,False,False,True
TIC_300871545,0.0,False,False,False,False,False
TIC_301051430,0.0,False,False,False,False,False
TIC_302659412,0.0,False,False,False,False,False
TIC_302766000,0.0,False,False,False,False,False
TIC_302814895,0.0,False,False,False,False,False
TIC_302895996,0.0,False,False,False,False,False
TIC_303055194,0.0,False,False,False,False,False
TIC_30312676,0.0,True,False,False,False,True
TIC_30329585,0.0,False,False,False,False,False
TIC_303364023,0.0,False,False,False,False,False
TIC_303867090,0.0,False,False,False,False,False
TIC_303883880,0.0,False,False,False,False,False
TIC_304021498,0.0,False,False,False,False,False
TIC_304025075,0.0,False,False,False,False,False
TIC_304042899,0.0,False,False,False,False,False
TIC_304774444,0.0,False,False,False,False,False
TIC_304950588,0.0,False,False,False,False,False
TIC_305478010,0.0,False,False,False,False,False
TIC_305550963,0.0,False,False,False,False,False
TIC_305943739,0.0,True,False,False,False,True
TIC_306547699,0.0,False,False,False,False,False
TIC_306902029,0.0,False,False,False,False,False
TIC_307111282,0.0,False,False,False,False,False
TIC_307377219,0.0,False,False,False,False,False
TIC_307734817,0.0,False,False,False,False,False
TIC_307956396,0.0,False,False,False,False,False
TIC_308034948,0.0,False,False,False,False,False
TIC_308050066,0.0,False,False,False,False,False
TIC_308307606,0.0,False,False,False,True,True
TIC_308425348,0.0,False,False,False,False,False
TIC_308919449,0.0,False,False,False,False,False
TIC_309257814,0.0,False,False,False,False,False
TIC_309402106,0.0,False,False,False,False,False
TIC_309436531,0.0,False,False,False,False,False
TIC_309787037,0.0,False,False,False,False,False
TIC_310267134,0.0,False,False,False,False,False
TIC_310483807,0.0,False,False,False,False,False
TIC_311121985,0.0,False,False,False,False,False
TIC_31114545,0.0,True,False,False,False,True
TIC_311183180,0.0,False,False,False,False,False
TIC_311890977,0.0,False,False,False,False,False
TIC_312122956,0.0,False,False,False,False,False
TIC_312221462,0.0,False,False,False,False,False
TIC_312259170,0.0,False,False,False,False,False
TIC_312469860,0.0,False,False,False,False,False
TIC_312548415,0.0,False,False,False,False,False
TIC_31268146,0.0,True,False,False,False,True
TIC_312899686,0.0,False,False,False,False,False
TIC_313506357,0.0,False,False,False,False,False
TIC_313675203,0.0,False,False,False,False,False
TIC_313761775,0.0,False,False,False,False,False
TIC_313891529,0.0,False,False,False,False,False
TIC_314338017,0.0,False,False,False,False,False
TIC_314724818,0.0,False,False,False,False,False
TIC_315755496,0.0,False,False,False,False,False
TIC_316254876,0.0,False,False,False,False,False
TIC_316402246,0.0,False,False,False,False,False
TIC_31656385,0.0,False,False,False,False,False
TIC_316916655,0.0,False,False,False,False,False
TIC_316937670,0.0,False,False,False,False,False
TIC_31697707,0.0,False,False,False,False,False
TIC_317397615,0.0,False,False,False,False,False
TIC_317507345,0.0,False,False,False,False,False
TIC_317951248,0.0,False,False,False,False,False
TIC_318209162,0.0,True,False,False,False,True
TIC_31858844,0.0,False,False,False,False,False
TIC_318608749,0.0,False,False,False,False,False
TIC_318746829,0.0,False,False,False,False,False
TIC_319068154,0.0,False,False,False,False,False
TIC_319735319,0.0,False,False,False,False,False
TIC_319968129,0.0,False,False,False,False,False
TIC_320506985,0.0,False,False,False,False,False
TIC_320525204,0.0,False,False,False,False,False
TIC_320536216,0.0,False,False,False,False,False
TIC_321436679,0.0,False,False,False,False,False
TIC_322202434,0.0,False,False,False,False,False
TIC_32283946,0.0,False,False,False,False,False
TIC_322862882,0.0,False,False,False,False,False
TIC_323658120,0.0,False,False,False,False,False
TIC_324395151,0.0,False,False,False,False,False
TIC_325172035,0.0,False,False,False,False,False
TIC_325680697,0.0,False,False,False,False,False
TIC_326114850,0.0,False,False,False,False,False
TIC_326347927,0.0,False,False,False,False,False
TIC_326470400,0.0,False,False,False,False,False
TIC_326732851,0.0,False,False,False,False,False
TIC_326919774,0.0,False,False,False,False,False
TIC_327011842,0.0,False,False,False,False,False
TIC_327017634,0.0,False,False,False,False,False
TIC_327210623,0.0,False,False,False,False,False
TIC_327577308,0.0,False,False,False,False,False
TIC_327663613,0.0,False,False,False,False,False
TIC_328167090,0.0,False,False,False,False,False
TIC_32830028,0.0,False,False,False,False,False
TIC_328750515,0.0,False,False,False,False,False
TIC_329145325,0.0,False,False,False,False,False
TIC_329277372,0.0,False,False,False,False,False
TIC_329709756,0.0,False,False,False,False,False
TIC_329864959,0.0,True,False,False,False,True
TIC_330332501,0.0,False,False,False,False,False
TIC_330468175,0.0,False,False,False,False,False
TIC_33091633,0.0,False,False,False,False,False
TIC_331034236,0.0,False,False,False,False,False
TIC_331484419,0.0,False,False,False,False,False
TIC_33153766,0.0,False,False,False,False,False
TIC_332154944,0.0,False,False,False,False,False
TIC_332630868,0.0,False,False,False,False,False
TIC_332660287,0.0,False,False,False,False,False
TIC_333821572,0.0,False,False,False,False,False
TIC_334597566,0.0,False,False,False,False,False
TIC_334911765,0.0,False,False,False,False,False
TIC_335483600,0.0,True,False,False,False,True
TIC_335489455,0.0,False,False,False,False,False
TIC_335996558,0.0,False,False,False,False,False
TIC_336267424,0.0,False,False,False,False,False
TIC_336456596,0.0,False,False,False,False,False
TIC_33690636,0.0,False,False,False,False,False
TIC_337129672,0.0,False,False,False,False,False
TIC_337274055,0.0,False,False,False,False,False
TIC_33878688,0.0,True,False,False,False,True
TIC_339250695,0.0,False,False,False,False,False
TIC_339538183,0.0,False,False,False,False,False
TIC_339591840,0.0,False,False,False,False,False
TIC_339636032,0.0,False,False,False,False,False
TIC_339733013,0.0,False,False,False,False,False
TIC_340700241,0.0,False,False,False,False,False
TIC_341186896,0.0,False,False,False,False,False
TIC_341297143,0.0,False,False,False,False,False
TIC_341419787,0.0,False,False,False,False,False
TIC_341444900,0.0,False,False,False,False,False
TIC_341544930,0.0,False,False,False,False,False
TIC_341729521,0.0,False,False,False,False,False
TIC_341805908,0.0,False,False,False,False,False
TIC_343442463,0.0,False,False,False,False,False
TIC_343708863,0.0,False,False,False,False,False
TIC_344085117,0.0,False,False,False,False,False
TIC_344416349,0.0,False,False,False,False,False
TIC_344600402,0.0,False,False,False,False,False
TIC_34466256,0.0,False,False,False,False,False
TIC_34505005,0.0,False,False,False,False,False
TIC_345333936,0.0,False,False,False,False,False
TIC_34551972,0.0,False,False,False,False,False
TIC_345724317,0.0,False,False,False,False,False
TIC_345996087,0.0,False,False,False,False,False
TIC_346418409,0.0,False,False,False,False,False
TIC_347011522,0.0,False,False,False,False,False
TIC_347098457,0.0,False,False,False,False,False
TIC_347442932,0.0,False,False,False,False,False
TIC_348054109,0.0,False,False,False,False,False
TIC_348135793,0.0,False,False,False,False,False
TIC_348673213,0.0,False,False,False,False,False
TIC_348684813,0.0,False,False,False,False,False
TIC_348755723,0.0,False,False,False,False,False
TIC_348844154,0.0,True,False,False,False,True
TIC_349373192,0.0,True,False,False,False,True
TIC_349786918,0.0,False,False,False,False,False
TIC_349790953,0.0,False,False,False,False,False
TIC_350044062,0.0,False,False,False,False,False
TIC_350332997,0.0,False,False,False,False,False
TIC_350445771,0.0,False,False,False,False,False
TIC_350743714,0.0,True,False,False,False,True
TIC_350995812,0.0,True,False,False,False,True
TIC_352924930,0.0,False,False,False,False,False
TIC_35315453,0.0,False,False,False,False,False
TIC_353367071,0.0,False,False,False,False,False
TIC_353586703,0.0,False,False,False,False,False
TIC_35377903,0.0,False,False,False,False,False
TIC_354006740,0.0,False,False,False,False,False
TIC_354151219,0.0,False,False,False,False,False
TIC_354285962,0.0,False,False,False,False,False
TIC_354400186,0.0,False,False,False,False,False
TIC_354442783,0.0,False,False,False,False,False
TIC_354594208,0.0,False,False,False,False,False
TIC_354600221,0.0,False,False,False,False,False
TIC_355636844,0.0,False,False,False,False,False
TIC_355732304,0.0,False,False,False,False,False
TIC_356235833,0.0,False,False,False,False,False
TIC_356453768,0.0,False,False,False,False,False
TIC_356461227,0.0,False,False,False,False,False
TIC_356868487,0.0,False,False,False,False,False
TIC_356919658,0.0,False,False,False,False,False
TIC_357416482,0.0,False,False,False,False,False
TIC_357457104,0.0,False,False,False,False,False
TIC_357536526,0.0,True,False,False,False,True
TIC_357538688,0.0,False,False,False,False,False
TIC_357972447,0.0,False,False,False,False,False
TIC_358072664,0.0,False,False,False,False,False
TIC_358186451,0.0,False,False,False,False,False
TIC_358631536,0.0,True,False,False,False,True
TIC_35883621,0.0,False,False,False,False,False
TIC_359496368,0.0,False,False,False,False,False
TIC_360286627,0.0,False,False,False,False,False
TIC_360816293,0.0,False,False,False,False,False
TIC_361034196,0.0,False,False,False,False,False
TIC_361998994,0.0,False,False,False,False,False
TIC_363260203,0.0,False,False,False,False,False
TIC_363635669,0.0,False,False,False,False,False
TIC_363761216,0.0,False,False,False,False,False
TIC_364075352,0.0,False,False,False,False,False
TIC_364107753,0.0,False,False,False,False,False
TIC_364408162,0.0,False,False,False,False,False
TIC_365389353,0.0,False,False,False,False,False
TIC_365639282,0.0,False,False,False,False,False
TIC_365781372,0.0,False,False,False,False,False
TIC_365952328,0.0,False,False,False,False,False
TIC_366074069,0.0,False,False,False,False,False
TIC_366563452,0.0,False,False,False,False,False
TIC_366602797,0.0,False,False,False,False,False
TIC_367099243,0.0,False,False,False,False,False
TIC_367102581,0.0,False,False,False,False,False
TIC_367287018,0.0,False,False,False,False,False
TIC_367913453,0.0,False,False,False,False,False
TIC_368536386,0.0,False,False,False,False,False
TIC_369480087,0.0,True,False,False,False,True
TIC_369861731,0.0,False,False,False,False,False
TIC_369864738,0.0,False,False,False,False,False
TIC_370745311,0.0,False,False,False,False,False
TIC_370759867,0.0,False,False,False,False,False
TIC_37084932,0.0,False,False,False,False,False
TIC_370877263,0.0,False,False,False,False,False
TIC_371210825,0.0,False,False,False,False,False
TIC_371673488,0.0,True,False,False,False,True
TIC_371711170,0.0,False,False,False,False,False
TIC_372505528,0.0,False,False,False,False,False
TIC_372596796,0.0,False,False,False,False,False
TIC_372913430,0.0,False,False,False,False,False
TIC_373424049,0.0,False,False,False,False,False
TIC_373453507,0.0,False,False,False,False,False
TIC_373576942,0.0,False,False,False,False,False
TIC_373614579,0.0,True,False,False,False,True
TIC_373729723,0.0,True,False,False,False,True
TIC_373785851,0.0,False,False,False,False,False
TIC_374177909,0.0,False,False,False,False,False
TIC_374200604,0.0,False,False,False,False,False
TIC_374400599,0.0,False,False,False,False,False
TIC_374778982,0.0,False,False,False,False,False
TIC_374847873,0.0,False,False,False,False,False
TIC_375199523,0.0,False,False,False,False,False
TIC_375225453,0.0,False,False,False,False,False
TIC_37575651,0.0,False,False,False,False,False
TIC_376682699,0.0,False,False,False,False,False
TIC_376740324,0.0,False,False,False,False,False
TIC_376838000,0.0,False,False,False,False,False
TIC_377024332,0.0,False,False,False,False,False
TIC_377144784,0.0,False,False,False,False,False
TIC_377165123,0.0,False,False,False,False,False
TIC_377290815,0.0,False,False,False,False,False
TIC_377304435,0.0,False,False,False,False,False
TIC_377420580,0.0,False,False,False,False,False
TIC_377739433,0.0,False,False,False,False,False
TIC_378355116,0.0,False,False,False,False,False
TIC_379629854,0.0,False,False,False,False,False
TIC_379723086,0.0,False,False,False,False,False
TIC_379931600,0.0,False,False,False,False,False
TIC_380517859,0.0,False,False,False,False,False
TIC_380886535,0.0,False,False,False,False,False
TIC_382188882,0.0,False,False,False,False,False
TIC_382302241,0.0,False,False,False,False,False
TIC_382331352,0.0,False,False,False,False,False
TIC_382437043,0.0,False,False,False,False,False
TIC_382474101,0.0,False,False,False,False,False
TIC_383531859,0.0,False,False,False,False,False
TIC_383666033,0.0,False,False,False,False,False
TIC_383723559,0.0,False,False,False,False,False
TIC_384045439,0.0,False,False,False,False,False
TIC_384386061,0.0,False,False,False,False,False
TIC_384549882,0.0,False,False,False,False,False
TIC_384744828,0.0,False,False,False,False,False
TIC_385105624,0.0,False,False,False,False,False
TIC_385624852,0.0,False,False,False,False,False
TIC_386297468,0.0,False,False,False,False,False
TIC_386435344,0.0,False,False,False,False,False
TIC_38686737,0.0,False,False,False,False,False
TIC_387079085,0.0,False,False,False,False,False
TIC_387413037,0.0,False,False,False,False,False
TIC_387603144,0.0,False,False,False,False,False
TIC_387664866,0.0,False,False,False,False,False
TIC_387834907,0.0,False,False,False,False,False
TIC_388076005,0.0,False,False,False,False,False
TIC_388130235,0.0,False,False,False,False,False
TIC_388624270,0.0,False,False,False,False,False
TIC_389182138,0.0,False,False,False,False,False
TIC_389238529,0.0,False,False,False,False,False
TIC_389371332,0.0,True,False,False,False,True
TIC_389525208,0.0,False,False,False,False,False
TIC_389999924,0.0,False,False,False,False,False
TIC_39077574,0.0,False,False,False,False,False
TIC_391821647,0.0,True,False,False,False,True
TIC_392112968,0.0,False,False,False,False,False
TIC_393251073,0.0,False,False,False,False,False
TIC_393911494,0.0,False,False,False,False,False
TIC_394509844,0.0,False,False,False,False,False
TIC_395773226,0.0,False,False,False,False,False
TIC_398733009,0.0,False,False,False,False,False
TIC_398912927,0.0,False,False,False,False,False
TIC_399144800,0.0,False,False,False,False,False
TIC_399444057,0.0,False,False,False,False,False
TIC_399613138,0.0,False,False,False,False,False
TIC_399642071,0.0,False,False,False,False,False
TIC_399956873,0.0,False,False,False,False,False
TIC_400323948,0.0,False,False,False,False,False
TIC_400395395,0.0,False,False,False,False,False
TIC_400476523,0.0,False,False,False,False,False
TIC_400595342,0.0,False,False,False,False,False
TIC_400786146,0.0,False,False,False,False,False
TIC_402848417,0.0,False,False,False,False,False
TIC_403136413,0.0,False,False,False,False,False
TIC_403256331,0.0,False,False,False,False,False
TIC_403287048,0.0,False,False,False,False,False
TIC_403308915,0.0,False,False,False,False,False
TIC_403693875,0.0,False,False,False,False,False
TIC_404610583,0.0,False,False,False,False,False
TIC_405484221,0.0,False,False,False,False,False
TIC_405794804,0.0,False,False,False,False,False
TIC_405862830,0.0,False,False,False,False,False
TIC_405904232,0.0,False,False,False,False,False
TIC_406190563,0.0,False,False,False,False,False
TIC_406855039,0.0,True,False,False,False,True
TIC_407146536,0.0,False,False,False,False,False
TIC_407146538,0.0,False,False,False,False,False
TIC_407394748,0.0,False,False,False,False,False
TIC_40779013,0.0,False,False,False,False,False
TIC_408159788,0.0,False,False,False,False,False
TIC_408203470,0.0,False,False,False,False,False
TIC_408549705,0.0,False,False,False,False,False
TIC_408729765,0.0,False,False,False,False,False
TIC_409183335,0.0,False,False,False,False,False
TIC_409459226,0.0,False,False,False,False,False
TIC_409520860,0.0,False,False,False,False,False
TIC_40954422,0.0,False,False,False,False,False
TIC_410245915,0.0,False,False,False,False,False
TIC_410528770,0.0,False,False,False,False,False
TIC_412014494,0.0,False,False,False,False,False
TIC_412257781,0.0,False,False,False,False,False
TIC_412259468,0.0,False,False,False,False,False
TIC_41227743,0.0,True,False,False,False,True
TIC_412961700,0.0,False,False,False,False,False
TIC_41330864,0.0,False,False,False,False,False
TIC_41422753,0.0,False,False,False,False,False
TIC_414870287,0.0,False,False,False,False,False
TIC_415741431,0.0,False,False,False,False,False
TIC_415969574,0.0,False,False,False,False,False
TIC_416624606,0.0,False,False,False,False,False
TIC_416987878,0.0,False,False,False,False,False
TIC_417705690,0.0,False,False,False,False,False
TIC_41865539,0.0,False,False,False,False,False
TIC_418866096,0.0,False,False,False,False,False
TIC_418959198,0.0,False,False,False,False,False
TIC_418971787,0.0,False,False,False,False,False
TIC_418987806,0.0,False,False,False,False,False
TIC_419419534,0.0,False,False,False,False,False
TIC_419858461,0.0,False,False,False,False,False
TIC_420112587,0.0,True,False,False,False,True
TIC_42015200,0.0,False,False,False,False,False
TIC_420288086,0.0,False,False,False,False,False
TIC_420645189,0.0,False,False,False,False,False
TIC_420803693,0.0,False,False,False,False,False
TIC_42123111,0.0,False,False,False,False,False
TIC_421308357,0.0,True,False,False,False,True
TIC_422653398,0.0,True,False,False,False,True
TIC_422838133,0.0,False,False,False,False,False
TIC_423903685,0.0,False,False,False,False,False
TIC_424699834,0.0,False,False,False,False,False
TIC_424747720,0.0,False,False,False,False,False
TIC_425163745,0.0,False,False,False,False,False
TIC_425220920,0.0,False,False,False,False,False
TIC_425721385,0.0,False,False,False,False,False
TIC_426017070,0.0,False,False,False,False,False
TIC_426077080,0.0,False,False,False,False,False
TIC_427279997,0.0,False,False,False,False,False
TIC_427348923,0.0,True,False,False,False,True
TIC_427352241,0.0,False,False,False,False,False
TIC_42755801,0.0,False,False,False,False,False
TIC_427654774,0.0,False,False,False,False,False
TIC_428065977,0.0,False,False,False,False,False
TIC_428685938,0.0,False,False,False,False,False
TIC_429295277,0.0,False,False,False,False,False
TIC_429414530,0.0,False,False,False,False,False
TIC_4294779,0.0,False,False,False,False,False
TIC_430528566,0.0,False,False,False,False,False
TIC_430677414,0.0,True,False,False,False,True
TIC_431148743,0.0,False,False,False,False,False
TIC_431156009,0.0,False,False,False,False,False
TIC_431585347,0.0,False,False,False,False,False
TIC_431899140,0.0,False,False,False,False,False
TIC_431999925,0.0,False,False,False,False,False
TIC_432008938,0.0,False,False,False,False,False
TIC_434100688,0.0,False,False,False,False,False
TIC_434234955,0.0,False,False,False,False,False
TIC_434718964,0.0,False,False,False,False,False
TIC_435167167,0.0,False,False,False,False,False
TIC_435861696,0.0,False,False,False,False,False
TIC_436099179,0.0,False,False,False,False,False
TIC_437156845,0.0,False,False,False,False,False
TIC_437740083,0.0,False,False,False,False,False
TIC_437893926,0.0,False,False,False,False,False
TIC_438295981,0.0,False,False,False,False,False
TIC_438490744,0.0,False,False,False,False,False
TIC_439610306,0.0,False,False,False,False,False
TIC_440801822,0.0,False,False,False,False,False
TIC_441334829,0.0,False,False,False,False,False
TIC_441732151,0.0,True,False,False,False,True
TIC_4426490,0.0,False,False,False,False,False
TIC_443042089,0.0,False,False,False,False,False
TIC_443658196,0.0,False,False,False,False,False
TIC_444413256,0.0,False,False,False,False,False
TIC_444415148,0.0,False,False,False,False,False
TIC_444977814,0.0,False,False,False,False,False
TIC_445137888,0.0,False,False,False,False,False
TIC_445254275,0.0,False,False,False,False,False
TIC_445586472,0.0,False,False,False,False,False
TIC_445822015,0.0,False,False,False,False,False
TIC_446549905,0.0,False,False,False,False,False
TIC_446616059,0.0,False,False,False,False,False
TIC_447283466,0.0,False,False,False,False,False
TIC_44745077,0.0,False,False,False,False,False
TIC_449050247,0.0,False,False,False,False,False
TIC_449050248,0.0,False,False,False,False,False
TIC_449197624,0.0,False,False,False,False,False
TIC_449549170,0.0,False,False,False,False,False
TIC_449951606,0.0,False,False,False,False,False
TIC_450327768,0.0,False,False,False,False,False
TIC_451599528,0.0,False,False,False,False,False
TIC_452483795,0.0,False,False,False,False,False
TIC_452803785,0.0,False,False,False,False,False
TIC_453209605,0.0,False,False,False,False,False
TIC_453230066,0.0,False,False,False,False,False
TIC_453464017,0.0,False,False,False,False,False
TIC_45465399,0.0,False,False,False,False,False
TIC_455962313,0.0,False,False,False,False,False
TIC_456042145,0.0,False,False,False,False,False
TIC_456305193,0.0,False,False,False,False,False
TIC_45684223,0.0,False,False,False,False,False
TIC_457138169,0.0,False,False,False,False,False
TIC_457743020,0.0,False,False,False,False,False
TIC_457939414,0.0,False,False,False,False,False
TIC_458856474,0.0,True,False,False,False,True
TIC_458857720,0.0,False,False,False,False,False
TIC_458876004,0.0,False,False,False,False,False
TIC_458914949,0.0,False,False,False,False,False
TIC_459850897,0.0,False,False,False,False,False
TIC_459942762,0.0,False,False,False,False,False
TIC_459997997,0.0,False,False,False,False,False
TIC_460140752,0.0,False,False,False,False,False
TIC_461080504,0.0,False,False,False,False,False
TIC_461271719,0.0,False,False,False,False,False
TIC_461387302,0.0,False,False,False,False,False
TIC_461538935,0.0,False,False,False,False,False
TIC_461662295,0.0,True,False,False,False,True
TIC_462162963,0.0,False,False,False,False,False
TIC_462715015,0.0,False,False,False,False,False
TIC_463203560,0.0,False,False,False,False,False
TIC_463681005,0.0,False,False,False,False,False
TIC_464067218,0.0,False,False,False,False,False
TIC_464296022,0.0,False,False,False,False,False
TIC_466318137,0.0,False,False,False,False,False
TIC_467006627,0.0,False,False,False,False,False
TIC_467281353,0.0,False,False,False,False,False
TIC_46772529,0.0,False,False,False,False,False
TIC_467783290,0.0,False,False,False,False,False
TIC_468472950,0.0,False,False,False,False,False
TIC_468828873,0.0,False,False,False,False,False
TIC_468845640,0.0,False,False,False,False,False
TIC_468977648,0.0,False,False,False,False,False
TIC_469184909,0.0,False,False,False,False,False
TIC_470315428,0.0,False,False,False,False,False
TIC_470709084,0.0,False,False,False,False,False
TIC_470852531,0.0,False,False,False,False,False
TIC_470911286,0.0,False,False,False,False,False
TIC_470974162,0.0,False,False,False,False,False
TIC_47484268,0.0,True,False,False,False,True
TIC_47617038,0.0,False,False,False,False,False
TIC_48178229,0.0,False,False,False,False,False
TIC_48188920,0.0,True,False,False,False,True
TIC_48276576,0.0,False,False,False,False,False
TIC_48476907,0.0,False,False,False,False,False
TIC_49617263,0.0,False,False,False,False,False
TIC_49710555,0.0,False,False,False,False,False
TIC_49899799,0.0,False,False,False,False,False
TIC_49967354,0.0,False,False,False,False,False
TIC_4999813,0.0,False,False,False,False,False
TIC_5024743,0.0,False,False,False,False,False
TIC_50309953,0.0,False,False,False,False,False
TIC_50365310,0.0,False,False,False,False,False
TIC_50943163,0.0,False,False,False,False,False
TIC_51024887,0.0,False,False,False,False,False
TIC_5109298,0.0,False,False,False,False,False
TIC_51318828,0.0,False,False,False,False,False
TIC_52041724,0.0,False,False,False,False,False
TIC_52548453,0.0,False,False,False,False,False
TIC_53427308,0.0,False,False,False,False,False
TIC_53593457,0.0,False,False,False,False,False
TIC_54044474,0.0,False,False,False,False,False
TIC_54085154,0.0,False,False,False,False,False
TIC_54364414,0.0,False,False,False,False,False
TIC_54390047,0.0,False,False,False,False,False
TIC_54464870,0.0,True,False,False,False,True
TIC_55383975,0.0,True,False,False,False,True
TIC_55452495,0.0,True,False,False,False,True
TIC_56231866,0.0,False,False,False,False,False
TIC_5772442,0.0,False,False,False,False,False
TIC_5800958,0.0,False,False,False,False,False
TIC_58046864,0.0,False,False,False,False,False
TIC_58474992,0.0,True,False,False,False,True
TIC_59003115,0.0,False,False,False,False,False
TIC_59859387,0.0,False,False,False,False,False
TIC_60074373,0.0,False,False,False,False,False
TIC_61117473,0.0,False,False,False,False,False
TIC_61733521,0.0,False,False,False,False,False
TIC_61980227,0.0,False,False,False,False,False
TIC_62530991,0.0,False,False,False,False,False
TIC_63013648,0.0,True,False,False,False,True
TIC_63303499,0.0,False,False,False,False,False
TIC_64531556,0.0,False,False,False,False,False
TIC_64553698,0.0,False,False,False,False,False
TIC_64836837,0.0,False,False,False,False,False
TIC_65347776,0.0,False,False,False,False,False
TIC_66356824,0.0,False,False,False,False,False
TIC_6653897,0.0,False,False,False,False,False
TIC_66783360,0.0,False,False,False,False,False
TIC_67247610,0.0,False,False,False,False,False
TIC_67309890,0.0,False,False,False,False,False
TIC_67926921,0.0,True,False,False,False,True
TIC_68152139,0.0,False,False,False,False,False
TIC_68322189,0.0,False,False,False,False,False
TIC_686072378,0.0,False,False,False,False,False
TIC_69672493,0.0,False,False,False,False,False
TIC_69838258,0.0,False,False,False,False,False
TIC_69997672,0.0,False,False,False,False,False
TIC_70887357,0.0,False,False,False,False,False
TIC_71396541,0.0,False,False,False,False,False
TIC_71401634,0.0,False,False,False,False,False
TIC_71854732,0.0,False,False,False,False,False
TIC_71854745,0.0,False,False,False,False,False
TIC_73104318,0.0,False,False,False,False,False
TIC_73244652,0.0,False,False,False,False,False
TIC_73723286,0.0,False,False,False,False,False
TIC_74197917,0.0,False,False,False,False,False
TIC_7439481,0.0,False,False,False,False,False
TIC_74482749,0.0,False,False,False,False,False
TIC_75208638,0.0,False,False,False,False,False
TIC_75417968,0.0,False,False,False,False,False
TIC_75427473,0.0,False,False,False,False,False
TIC_7624182,0.0,False,False,False,False,False
TIC_77031413,0.0,False,False,False,False,False
TIC_77228304,0.0,False,False,False,False,False
TIC_78672342,0.0,False,False,False,False,False
TIC_7904580,0.0,False,False,False,False,False
TIC_79395355,0.0,False,False,False,False,False
TIC_80029842,0.0,False,False,False,False,False
TIC_80275202,0.0,False,False,False,False,False
TIC_80478272,0.0,False,False,False,False,False
TIC_81212286,0.0,False,False,False,False,False
TIC_81231810,0.0,False,False,False,False,False
TIC_81429971,0.0,False,False,False,False,False
TIC_82010657,0.0,False,False,False,False,False
TIC_82302240,0.0,False,False,False,False,False
TIC_82362447,0.0,False,False,False,False,False
TIC_82707763,0.0,False,False,False,False,False
TIC_83053699,0.0,False,False,False,False,False
TIC_83210867,0.0,False,False,False,False,False
TIC_86005116,0.0,False,False,False,False,False
TIC_86280613,0.0,False,False,False,False,False
TIC_86451883,0.0,False,False,False,False,False
TIC_87044036,0.0,False,False,False,False,False
TIC_89510024,0.0,False,False,False,False,False
TIC_89535068,0.0,False,False,False,False,False
TIC_89643259,0.0,False,False,False,False,False
TIC_89702406,0.0,False,False,False,False,False
TIC_89759617,0.0,False,False,False,False,False
TIC_89876424,0.0,False,False,False,False,False
TIC_9032368,0.0,False,False,False,False,False
TIC_9033144,0.0,False,False,False,False,False
TIC_90448944,0.0,False,False,False,False,False
TIC_90504905,0.0,False,False,False,False,False
TIC_90544017,0.0,False,False,False,False,False
TIC_9102327,0.0,False,False,False,False,False
TIC_91576611,0.0,True,False,False,False,True
TIC_91869778,0.0,False,False,False,False,False
TIC_92013169,0.0,False,False,False,False,False
TIC_92359850,0.0,False,False,False,False,False
TIC_92783821,0.0,False,False,False,False,False
TIC_93594834,0.0,False,False,False,False,False
TIC_93963408,0.0,False,False,False,False,False
TIC_95010343,0.0,False,False,False,False,False
TIC_95122849,0.0,False,False,False,False,False
TIC_95129101,0.0,False,False,False,False,False
TIC_96246348,0.0,False,False,False,False,False
TIC_96291218,0.0,False,False,False,False,False
TIC_97158538,0.0,False,False,False,False,False
TIC_9727392,0.0,False,False,False,False,False
TIC_97700520,0.0,False,False,False,False,False
TIC_97735297,0.0,False,False,False,False,False
TIC_9804616,0.0,False,False,False,False,False
TIC_98286422,0.0,False,False,False,False,False
TIC_9830791,0.0,False,False,False,False,False
TIC_9837861,0.0,False,False,False,False,False
TIC_98494121,0.0,False,False,False,False,False
TIC_98613492,0.0,False,False,False,False,False
TIC_99330090,0.0,False,False,False,False,False
TIC_100267480,0.0,False,False,False,False,False
TIC_100589632,0.0,False,False,False,False,False
TIC_101395259,0.0,False,False,False,False,False
TIC_101497191,0.0,False,False,False,False,False
TIC_101929303,0.0,False,False,False,False,False
TIC_103245940,0.0,False,False,False,False,False
TIC_104022675,0.0,False,False,False,False,False
TIC_104195270,0.0,False,False,False,False,False
TIC_105387356,0.0,False,False,False,False,False
TIC_105801221,0.0,False,False,False,False,False
TIC_106114491,0.0,False,False,False,False,False
TIC_106224626,0.0,False,False,False,False,False
TIC_106997505,0.0,False,False,False,False,False
TIC_107728509,0.0,False,False,False,False,False
TIC_108645766,0.0,False,False,False,False,False
TIC_108835813,0.0,True,False,False,False,True
TIC_108939482,0.0,False,False,False,False,False
TIC_1101909431,0.0,False,False,False,False,False
TIC_110428269,0.0,True,False,False,False,True
TIC_110936761,0.0,False,False,False,False,False
TIC_11111899,0.0,False,False,False,False,False
TIC_112395568,0.0,False,False,False,False,False
TIC_113295476,0.0,False,False,False,False,False
TIC_1133072,0.0,False,False,False,False,False
TIC_113553629,0.0,False,False,False,False,False
TIC_113919944,0.0,False,False,False,False,False
TIC_114103134,0.0,False,False,False,False,False
TIC_115242351,0.0,False,False,False,False,False
TIC_115446313,0.0,False,False,False,False,False
TIC_115564354,0.0,False,False,False,False,False
TIC_116257066,0.0,False,False,False,False,False
TIC_116608612,0.0,False,False,False,False,False
TIC_117068362,0.0,False,False,False,False,False
TIC_117256577,0.0,False,False,False,False,False
TIC_117322779,0.0,False,False,False,False,False
TIC_117689799,0.0,False,False,False,False,False
TIC_117979694,0.0,False,False,False,False,False
TIC_118021229,0.0,False,False,False,False,False
TIC_118301361,0.0,False,False,False,False,False
TIC_118308828,0.0,False,False,False,False,False
TIC_119081096,0.0,False,False,False,False,False
TIC_11996814,0.0,False,False,False,False,False
TIC_120269103,0.0,False,False,False,False,False
TIC_12036590,0.0,False,False,False,False,False
TIC_120585579,0.0,False,False,False,False,False
TIC_120602501,0.0,False,False,False,False,False
TIC_120723776,0.0,False,False,False,False,False
TIC_121966220,0.0,False,False,False,False,False
TIC_122220263,0.0,False,False,False,False,False
TIC_122262940,0.0,False,False,False,False,False
TIC_122485078,0.0,False,False,False,False,False
TIC_123106490,0.0,False,False,False,False,False
TIC_124095888,0.0,False,False,False,False,False
TIC_124543547,0.0,False,False,False,False,False
TIC_124702477,0.0,False,False,False,False,False
TIC_125894957,0.0,False,False,False,False,False
TIC_126733133,0.0,False,False,False,False,False
TIC_127315102,0.0,False,False,False,False,False
TIC_127425841,0.0,False,False,False,False,False
TIC_127476180,0.0,False,False,False,False,False
TIC_127793615,0.0,False,False,False,False,False
TIC_128463355,0.0,False,False,False,False,False
TIC_128501004,0.0,False,False,False,False,False
TIC_129107501,0.0,False,False,False,False,False
TIC_129432342,0.0,False,False,False,False,False
TIC_129539786,0.0,False,False,False,False,False
TIC_129881395,0.0,False,False,False,False,False
TIC_130191319,0.0,False,False,False,False,False
TIC_13023738,0.0,False,False,False,False,False
TIC_130611752,0.0,False,False,False,False,False
TIC_131081852,0.0,False,False,False,False,False
TIC_131419878,0.0,False,False,False,False,False
TIC_131581522,0.0,False,False,False,False,False
TIC_131581531,0.0,False,False,False,False,False
TIC_131979339,0.0,False,False,False,False,False
TIC_132320310,0.0,False,False,False,False,False
TIC_132534906,0.0,False,False,False,False,False
TIC_133505138,0.0,False,False,False,False,False
TIC_133654092,0.0,False,False,False,False,False
TIC_134315574,0.0,False,False,False,False,False
TIC_134396419,0.0,False,False,False,False,False
TIC_135083444,0.0,False,False,False,False,False
TIC_136848581,0.0,False,False,False,False,False
TIC_136971594,0.0,False,False,False,False,False
TIC_137157546,0.0,False,False,False,False,False
TIC_137284119,0.0,False,False,False,False,False
TIC_137500798,0.0,False,False,False,False,False
TIC_137543637,0.0,False,False,False,False,False
TIC_138017750,0.0,False,False,False,False,False
TIC_138361973,0.0,False,False,False,False,False
TIC_138497780,0.0,False,False,False,False,False
TIC_138968089,0.0,False,False,False,False,False
TIC_139118482,0.0,False,False,False,False,False
TIC_139285736,0.0,False,False,False,False,False
TIC_1400770435,0.0,False,False,False,False,False
TIC_1405997635,0.0,False,False,False,False,False
TIC_140830390,0.0,True,False,False,False,True
TIC_141227133,0.0,False,False,False,False,False
TIC_141405814,0.0,False,False,False,False,False
TIC_141412823,0.0,False,False,False,False,False
TIC_141616639,0.0,False,False,False,False,False
TIC_141631253,0.0,False,False,False,False,False
TIC_141663464,0.0,False,False,False,False,False
TIC_141776043,0.0,False,False,False,False,False
TIC_142087638,0.0,True,False,False,False,True
TIC_142090065,0.0,False,False,False,False,False
TIC_142918609,0.0,False,False,False,False,False
TIC_142938659,0.0,False,False,False,False,False
TIC_143032776,0.0,False,False,False,False,False
TIC_143350972,0.0,False,False,False,False,False
TIC_143526444,0.0,False,False,False,False,False
TIC_144043410,0.0,False,False,False,False,False
TIC_144440290,0.0,False,False,False,False,False
TIC_144956678,0.0,False,False,False,False,False
TIC_1449756,0.0,False,False,False,False,False
TIC_145027461,0.0,False,False,False,False,False
TIC_145982812,0.0,False,False,False,False,False
TIC_146208651,0.0,False,False,False,False,False
TIC_146244533,0.0,False,False,False,False,False
TIC_146261607,0.0,False,False,False,False,False
TIC_146434840,0.0,False,False,False,False,False
TIC_146463781,0.0,False,False,False,False,False
TIC_146467675,0.0,False,False,False,False,False
TIC_146836153,0.0,False,False,False,False,False
TIC_146846569,0.0,False,False,False,False,False
TIC_147340931,0.0,False,False,False,False,False
TIC_147576037,0.0,False,False,False,False,False
TIC_147660201,0.0,False,False,False,False,False
TIC_147895461,0.0,False,False,False,False,False
TIC_148233571,0.0,False,False,False,False,False
TIC_148659924,0.0,False,False,False,False,False
TIC_149126400,0.0,False,False,False,False,False
TIC_149282072,0.0,False,False,False,False,False
TIC_150271680,0.0,True,False,False,False,True
TIC_151728428,0.0,False,False,False,False,False
TIC_151930063,0.0,False,False,False,False,False
TIC_151959065,0.0,False,False,False,False,False
TIC_15247229,0.0,False,False,False,False,False
TIC_152714791,0.0,False,False,False,False,False
TIC_153027658,0.0,False,False,False,False,False
TIC_153651591,0.0,False,False,False,False,False
TIC_154459165,0.0,False,False,False,False,False
TIC_154867950,0.0,False,False,False,False,False
TIC_154927364,0.0,False,False,False,False,False
TIC_155005217,0.0,False,False,False,False,False
TIC_155114483,0.0,False,False,False,False,False
TIC_15565627,0.0,False,False,False,False,False
TIC_155807906,0.0,False,False,False,False,False
TIC_155947004,0.0,False,False,False,False,False
TIC_155995204,0.0,False,False,False,False,False
TIC_156678143,0.0,False,False,False,False,False
TIC_156816238,0.0,False,False,False,False,False
TIC_15682927,0.0,False,False,False,False,False
TIC_156991337,0.0,False,False,False,False,False
TIC_157528286,0.0,False,False,False,False,False
TIC_157568289,0.0,False,False,False,False,False
TIC_15827263,0.0,False,False,False,False,False
TIC_158551257,0.0,False,False,False,False,False
TIC_158916431,0.0,False,False,False,False,False
TIC_159334269,0.0,False,False,False,False,False
TIC_159510109,0.0,False,False,False,False,False
TIC_160162987,0.0,False,False,False,False,False
TIC_160268701,0.0,False,False,False,False,False
TIC_16102323,0.0,False,False,False,False,False
TIC_161156159,0.0,False,False,False,False,False
TIC_161450762,0.0,False,False,False,False,False
TIC_16187321,0.0,False,False,False,False,False
TIC_162246865,0.0,False,False,False,False,False
TIC_162577466,0.0,False,False,False,False,False
TIC_162729620,0.0,False,False,False,False,False
TIC_165523947,0.0,False,False,False,False,False
TIC_166184426,0.0,False,False,False,False,False
TIC_166190643,0.0,False,False,False,False,False
TIC_166697854,0.0,False,False,False,False,False
TIC_167009792,0.0,True,False,False,False,True
TIC_167031605,0.0,False,False,False,False,False
TIC_167098530,0.0,False,False,False,False,False
TIC_167418898,0.0,False,False,False,False,False
TIC_167754523,0.0,True,False,False,False,True
TIC_168871868,0.0,False,False,False,False,False
TIC_169177766,0.0,True,False,False,False,True
TIC_169187982,0.0,False,False,False,False,False
TIC_169532369,0.0,False,False,False,False,False
TIC_17005768,0.0,False,False,False,False,False
TIC_170103435,0.0,False,False,False,False,False
Teegarden's_Star,1.0,False,False,False,False,False
TIC_1001477809,0.0,False,False,False,False,False
TIC_1100766816,0.0,False,False,False,False,False
TIC_1400212743,0.0,False,False,False,False,False
TIC_161687209,0.0,False,False,False,False,False
TIC_1717732429,0.0,False,False,False,False,False
TIC_1965256662,0.0,False,False,False,False,False
TIC_1976308113,0.0,False,False,False,False,False
TIC_1979500576,0.0,False,False,False,False,False
TIC_2041563029,0.0,False,False,False,False,False
TIC_258777134,0.0,True,False,False,False,True
TIC_286696848,0.0,False,False,False,False,False
TIC_365683032,0.0,False,False,False,False,False
TIC_387664868,0.0,False,False,False,False,False
TIC_841226527,0.0,False,False,False,False,False
TIC_200385493,1.0,False,False,False,False,False
TIC_453789494,1.0,False,False,False,False,False
TIC_21113347,1.0,False,False,False,False,False
TIC_125520907,1.0,False,False,False,False,False
TIC_65910228,1.0,False,False,False,False,False
TIC_345143460,1.0,False,False,False,False,False
TIC_156514476,1.0,False,False,False,False,False
TIC_302070274,1.0,False,False,False,False,False
TIC_341630071,1.0,False,False,False,False,False
TIC_30499203,0.0,False,False,False,False,False
TIC_229671380,1.0,False,False,False,False,False
TIC_314835525,1.0,False,False,False,False,False
TIC_73448352,1.0,False,False,False,False,False
TIC_379084450,1.0,False,False,False,False,False
TIC_291013124,0.0,False,False,False,False,False
TIC_100769500,0.0,False,False,False,False,False
TIC_144441148,0.0,False,False,False,False,False
TIC_65672998,1.0,False,False,False,False,False
TIC_135100529,1.0,False,False,False,False,False
TIC_404456775,1.0,False,False,False,False,False
TIC_161687211,1.0,False,False,False,False,False
TIC_159303995,1.0,False,False,False,False,False
TIC_298297931,1.0,False,False,False,False,False
TIC_392572237,1.0,False,False,False,False,False
TIC_262746281,1.0,False,False,False,False,False
TIC_165598669,1.0,False,False,False,False,False
TIC_283621618,1.0,False,False,False,False,False
TIC_308396509,0.0,False,False,False,False,False
TIC_280830734,0.0,False,False,False,False,False
TIC_362709886,0.0,False,False,False,False,False
TIC_100099031,0.0,False,False,False,False,False
TIC_153896150,0.0,False,False,False,False,False
TIC_42763678,0.0,False,False,False,False,False
TIC_324609476,0.0,False,False,False,False,False
TIC_123627908,0.0,False,False,False,False,False
TIC_66497310,0.0,False,False,False,False,False
TIC_160222069,0.0,False,False,False,False,False
TIC_38603673,0.0,False,False,False,False,False
TIC_260304296,0.0,False,False,False,False,False
TIC_231076038,0.0,False,False,False,False,False
TIC_395514100,0.0,False,False,False,False,False
TIC_161223358,0.0,False,False,False,False,False
TIC_38680052,0.0,False,False,False,False,False
TIC_219338557,0.0,False,False,False,False,False
TIC_2758565,0.0,False,False,False,False,False
TIC_410450228,0.0,False,False,False,False,False
TIC_31553893,0.0,False,False,False,False,False
TIC_70785910,0.0,False,False,False,False,False
TIC_251878904,0.0,False,False,False,False,False
TIC_9100874,0.0,False,False,False,False,False
