host,var_status,var_oot_rms,var_excess,var_ls_amp,var_ls_power,var_ls_period
11_Com,ok,0.00040739167045649854,8.282787685010199,0.00022377644515298264,0.14852224234100347,2.4208556838645108
11_UMi,ok,0.0009961541580914225,20.203831322213215,0.0006532445705027367,0.18766973279198756,2.054769731279682
14_And,ok,0.0005924471301498116,9.614768403337683,0.00034416005167967067,0.13376929160762474,2.607201090205923
14_Her,ok,0.00019355937879267973,1.4960677727163807,3.373530235308639e-05,0.04999272912967919,9.333982277753432
16_Cyg_B,ok,0.001391765830507505,9.26473340964205,0.0004180685641103236,0.08803395090312469,3.502379724902708
17_Sco,ok,0.0009374985781772614,17.32637995061223,0.0005067276890527269,0.19869253727635644,2.538977062487978
18_Del,ok,0.00021512591437097237,2.9060828420447304,6.722219926267868e-05,0.05913257773298985,0.9738117523672473
1RXS_J160929.1-210524,ok,0.00857361407978355,4.3910906752128955,0.010875795352270014,0.5065711427964428,4.011789534104082
24_Boo,ok,0.0006432023261755385,8.320112190126219,0.0002870580400870178,0.1124979703311611,5.758780564979044
24_Sex,ok,0.00045040775362965266,3.9403225140156883,0.0002755606911371267,0.15725601922194027,3.8955797932982428
2MASS_J01033563-5515561_A,ok,0.012047309191870612,1.6669716209609746,0.0013818871830492414,0.009964850607202069,1.6803137671041535
2MASS_J01225093-2439505,ok,0.00834956364047386,3.075183622843222,0.008542341665952179,0.844355597067597,1.4898810716915234
2MASS_J02192210-3925225,ok,0.009399433054646321,0.976251502481878,0.003332357147436569,0.18280683224091893,1.6340183494916376
2MASS_J0249-0557_A,ok,0.008680865082457911,1.2576267981947384,0.006627841778942723,0.29132995622550184,1.1050641824166554
2MASS_J03590986+2009361,ok,0.07022024823530588,0.9266280771932907,0.003984575624166645,0.006914251871841998,0.7438650121209776
2MASS_J04372171+2651014,ok,0.00941715436147144,1.244245230321976,0.006308360696186572,0.41421884668819586,1.8371288905769478
2MASS_J04414489+2301513,ok,0.8336849962298009,2.238179373203509,0.8260531204317981,0.697741484412327,2.5895960630098016
2MASS_J11011926-7732383,ok,0.10576959900488861,0.9603265737230307,0.008372258259973567,0.014799455588697337,2.0126635393478005
2MASS_J11550485-7919108,ok,0.014766401667146717,1.6286459475815207,0.013888373932263769,0.7359530338047588,2.2588941088982906
2MASS_J12073346-3932539,ok,0.05699466925183846,0.9707153593735005,0.011358956541946146,0.07717238233816703,0.9774600633038003
2MASS_J16262785-2625152,ok,0.02855613473929333,3.532313376837232,0.026609560220953028,0.4182553340995561,0.5992824165118302
2MASS_J19383260+4603591,ok,0.06340644807917635,12.685979714547301,0.001969118095012354,0.000924942710039335,1.144053374136559
2MASS_J21252752-8138278,ok,0.027105507448523445,30.254857379237883,0.02803667280064352,0.9555672797519474,0.5416519364487323
2MASS_J22362452+4751425,ok,0.006809198394776498,1.3927235104366174,0.004884960583041987,0.4282072783409062,10.956424627730176
2MASS_J22501512+2325342,ok,0.022437453720779682,5.331289756921766,0.02611654087930732,0.8540096823907662,0.7385398181210017
47_UMa,ok,0.00017082054580315223,1.1792432136144653,2.7113994225734455e-05,0.10612751992814619,3.7262647237353472
4_UMa,ok,0.0007056527700602821,15.976964298742114,0.0003248613874824968,0.09551704245889969,3.279229176706134
51_Eri,ok,0.0024793776550062446,29.621182085273404,0.001651991952015122,0.22267575101590353,1.8356170012215216
51_Peg,ok,0.00022779434532463493,1.3388016007193204,4.386234569255839e-05,0.14651268612340304,6.134609068821791
55_Cnc,ok,0.00017411588842995384,1.8432104789701287,5.546926485335482e-05,0.13635013332005894,10.114395882330642
55_Cnc_B,ok,0.00017422657875925442,1.8443803642799572,5.57670843444583e-05,0.13481304413649284,10.114395882330642
61_Vir,ok,0.00010498911960157233,1.9136069945190177,2.3685596155935216e-05,0.0751472491592858,3.0491654505445354
6_Lyn,ok,0.00022101813943468373,2.530052959300955,5.112023752554706e-05,0.0356635112883052,0.6607254118793042
70_Vir,ok,0.00011680803087477517,1.9257757413413632,1.4670505414413851e-05,0.01558249680839773,2.9620938063071987
75_Cet,ok,0.00032882503102014715,4.897260493095778,0.00014700895106258696,0.10310671368373778,2.562619765916452
7_CMa,ok,0.0002020388116121416,5.77865402527822,5.456370794550295e-05,0.04102783751732346,2.6547476078993757
8_UMi,ok,0.00043457610464706553,3.245456593166608,0.00015537061215628695,0.07047897937378492,1.8059662163600472
91_Aqr,ok,0.000567668190209252,14.54839411751691,0.00039167302341822124,0.23388144016514095,1.2637470958390824
AB_Aur,ok,0.0053224543712577605,25.285933691390017,0.003981176495220051,0.31689400086744934,11.0505633991114
AB_Pic,ok,0.0074078383145986994,17.586121901608657,0.007378427854578287,0.6037188895298493,3.795514977037583
AF_Lep,ok,0.020805174333690186,168.6607365706366,0.020810239852279887,0.8872033257293576,1.0047392221625362
AT2021ueyL,ok,0.06750150588320258,1.0291592764471373,0.004272541323027674,0.04699578410106648,7.180900769761695
AU_Mic,ok,0.01113028897797023,53.724012053976416,0.016668276035968647,0.6573052981630358,4.7668089327997745
BD+03_2562,ok,0.0019465968139105762,2.199334719874108,0.001431367029203243,0.3384018721383817,3.229691844495335
BD+05_4868_A,ok,0.0009683738071912715,3.2979883136513974,0.0007792951125954945,0.23829107011124637,1.2725220136469368
BD+14_4559,ok,0.0005185495046649392,0.9849820508656706,7.934534219692177e-05,0.052079674918478834,10.769871543627685
BD+15_2375,ok,0.0009236379378641028,1.1439423686792687,0.0002715635142196941,0.08066062964651932,1.4391718614001163
BD+15_2940,ok,0.0007132320208759752,1.879988776757804,0.0003940750935065988,0.20727022940326478,3.290024591260903
BD+20_2457,ok,0.0013878836622872779,3.062226937305589,0.0008234956348864282,0.20192237247908898,6.403591938318473
BD+20_274,ok,0.0012032803577108591,3.0828207037508903,0.000942998438676982,0.43919547946889154,2.2575062651917643
BD+20_594,ok,0.001333063297119619,1.0495808149931707,0.0002633053615241178,0.06505499585237198,5.86623650253255
BD+37_3172,ok,0.0010251361178625217,1.1777656394726974,0.00019811171769495352,0.06986950053313218,2.243455108112435
BD+42_2315,ok,0.0007087164187847084,1.7357901391847774,0.0002974420919987117,0.12511539652078016,5.326509664963427
BD+45_564,ok,0.0005530278103701717,1.0075510119649767,3.908992203906203e-05,0.011161902420863573,2.3181981290053284
BD+48_738,ok,0.0006469121747413175,2.4327317319490582,0.0003983948837903141,0.20220497570561444,1.3114422654146214
BD+49_828,ok,0.0004699287478171251,1.4496542834395023,0.0001195332897851816,0.049978150436144266,3.0348111339102766
BD+55_362,ok,0.00024359716607009986,1.8087844392840247,0.00013618994863205056,0.14364422648136668,4.539225328398577
BD+60_1417,ok,0.006714129134123053,13.707023808216128,0.008153984809612562,0.8606065534026632,7.651857742520855
BD+63_1405,ok,0.0004117017719270329,1.086189828975584,3.828876005462924e-05,0.018830171815336617,4.9122549019125
BD-06_1339,ok,0.0004185569940464415,1.032206421940757,5.326838865252378e-05,0.033382517333210404,3.4014377123634882
BD-08_2823,ok,0.000634284659442583,1.165996694889632,0.0003197114849215753,0.3123226459628613,6.364507105458571
BD-10_3166,ok,0.0008848149730090285,1.19456951479211,0.00023068518648390452,0.10513467634941961,9.265330383429605
BD-11_4672,ok,0.0006094207141538054,1.0355136105658365,0.00011694630709679297,0.07292786267519616,9.33044154721814
BD-13_2130,ok,0.0008963891514096148,1.2635116554817045,0.00023805310460188925,0.076167415518358,3.7046480614314574
BD-14_3065_A,ok,0.0014790494987565908,1.1202331092567768,0.0007388550770619775,0.3221138737370422,4.522412915117306
BD-210397,ok,0.000816339488992864,1.8061904063843603,0.000683390465772773,0.575646441229639,10.037649038418408
BEBOP-3,ok,0.0008545620338890348,1.6850074620613926,0.0007352117896727325,0.5921765632940322,11.338574597412244
BEBOP-4_A,ok,0.0006555894808891173,1.0290571416514527,0.00014159111367354214,0.04750235721875096,1.926397074844015
Barnard's_star,ok,0.0005289983524566356,1.0845247320417097,5.8029310132974636e-05,0.047312553751092584,10.863686798922526
CD-35_2722,ok,0.0194325312386738,28.056230920059427,0.01915586871788408,0.9626328234918852,1.7007350841029023
CD_Cet,ok,0.0016029441502241053,0.9748573437490817,0.00015474198218369556,0.019369242677753168,3.3659051330178467
CI_Tau,ok,0.03550921957052947,16.4977373432727,0.040343014893871126,0.4152820694919551,6.6143738913540835
COCONUTS-2_A,ok,0.006292184887567457,10.245042532782902,0.00725640392889594,0.78185370031692,2.814091282950465
CT_Cha,ok,0.030829584093704673,20.643995766437314,0.03268206283629375,0.6976124200797813,7.332448703779435
CoRoT-1,ok,0.007707981128998893,0.9612652520861407,0.0004377145397913032,0.0073150519883169885,0.4285241988122208
CoRoT-10,ok,0.01721562728668062,0.9227147593202121,0.001522565186382584,0.01788801117910751,1.0649599222467778
CoRoT-11,ok,0.007915792603152547,1.0739411520544073,0.001856386929397689,0.08488640889004666,1.5523656369052747
CoRoT-12,ok,0.04324343783318333,0.941976720786304,0.002298946143901141,0.006648964587962053,0.23758435747452805
CoRoT-13,ok,0.02470248067026645,0.9509017887345802,0.0011043607202932074,0.004784169863988551,0.2841913245643564
CoRoT-14,ok,0.04624204227449201,0.9360170925960344,0.0023435887792204162,0.006237574824240648,0.36772098526011465
CoRoT-16,ok,0.04060667551241775,0.9659735681290608,0.006934270687807822,0.06274787882832417,4.866223675404584
CoRoT-17,ok,0.05171412337880329,0.9635133308440125,0.0047955653758024784,0.02006686719997631,5.0521663835628745
CoRoT-18,ok,0.02219209966403164,1.0488267025651077,0.012584337766805181,0.43770860377800713,5.41687133446885
CoRoT-19,ok,0.007485812025605417,0.9363607672727159,0.0008019091687006749,0.02623547484491094,0.22395919180844392
CoRoT-2,ok,0.015010003542844116,4.743174097590693,0.014752944489909381,0.7243833482874716,4.358080022325506
CoRoT-20,ok,0.01217798797010425,0.9208427749689543,0.0007281526961335189,0.008292226964965378,0.23817132570028157
CoRoT-21,ok,0.06925349186270366,0.9310309765092717,0.0027739300813221976,0.0038006358649516937,0.3915285421866552
CoRoT-22,ok,0.01024358639324288,0.952157600427684,0.0005160446858977676,0.006019018883396568,0.2675507214089227
CoRoT-23,ok,0.03516083985638734,0.96548298846644,0.002491303116607897,0.011477087870615143,6.554917856721366
CoRoT-24,ok,0.024846807567404997,0.9508548241498745,0.002019543809313938,0.014275421979635473,2.7211279976795595
CoRoT-25,ok,0.043495768987184984,0.9697835716102132,0.0063358728875122835,0.047402884070780096,6.245296973685962
CoRoT-26,ok,0.05191137047371735,0.9606730958444174,0.004176786196855747,0.015140085082693504,3.3753904883573087
CoRoT-28,ok,0.007248107560745559,0.9838607011144886,0.0006131362284462747,0.01673798566866781,0.23108258943593615
CoRoT-29,ok,0.04477691543226138,1.00208791264679,0.004579591367806498,0.023703910154582845,13.0
CoRoT-3,ok,0.0070925792010582,0.996136258639395,0.0012807169130029056,0.05826126961200348,0.6424588357114726
CoRoT-30,ok,0.06687926532498388,0.9554090306862251,0.007456136748681275,0.027183385747080558,4.241761250992246
CoRoT-31,ok,0.037550525054682427,0.9525812839223045,0.003309335434276913,0.017410294303604603,6.683148058566263
CoRoT-32,ok,0.00811987863335702,0.9892780080538864,0.002319122330762536,0.13464406910814197,9.89497219812506
CoRoT-4,ok,0.008801565372922695,0.9454828873429053,0.0005232122998337469,0.008472094060369998,4.535214752109672
CoRoT-5,ok,0.012652547596210189,0.9477476041598429,0.0006701340487323634,0.006866228805822314,2.0931724977632133
CoRoT-6,ok,0.011882486764302369,0.9673885195953893,0.001436367716584257,0.031606351911022325,8.71535240805577
CoRoT-7,ok,0.0018089934115780347,0.9623377594128592,0.000242082828137894,0.03959037539900115,5.442246064759615
CoRoT-8,ok,0.013094802999383216,0.9651610817396978,0.0017908976461941948,0.038039321811544284,6.527799372532101
CoRoT-9,ok,0.00949886413798419,0.9972374568732045,0.001112855715076513,0.028371669344109677,1.08222321048564
DENIS-P_J082303.1-491201,ok,0.3125761825988676,0.9768459895453173,0.10175917263061737,0.20377935895897126,0.5336242074550663
DE_CVn,ok,0.014041340835910155,7.779976926139692,0.004499298601050087,0.08103893158866322,0.3635995133380888
DH_Tau,ok,0.06962051361322981,19.412041355742954,0.07203170637743761,0.4866467013525891,4.019795483898028
DMPP-1,ok,0.0002956620861132221,1.0716372315036735,5.416694679310089e-05,0.06214010919989275,6.046987573815841
DMPP-2,ok,0.0008560297369386072,1.0310628164663502,5.97874186496756e-05,0.043202720026046665,4.282815101443376
DMPP-3_A,ok,0.0004383343878392675,1.0453860420805496,5.1862128128414724e-05,0.027634410878734045,6.134125005125111
DMPP-4,ok,0.00013287144194795285,1.3896224631508294,1.4497178469750084e-05,0.02138477131372246,6.294373244718247
DMPP-6,ok,0.00026763963601755515,1.116431258607939,3.470894532925449e-05,0.029203458805272683,2.258104236350982
DMPP-7,ok,0.000437013903428291,1.0323930848999705,5.807253322340439e-05,0.02999604540259635,5.229973176537517
DMPP-8,ok,0.0003958554410438295,1.0690326252900066,1.9891169944421874e-05,0.0051104731032431605,0.4556091705885003
DMPP-9,ok,0.0005627030675032571,1.0430368637846736,0.00010153372585307695,0.059716014667025905,4.367515971237693
DP_Leo,ok,1.601939988912669,0.7833042724001682,0.06044037708378166,0.002704295701691992,0.5629512049389445
DS_Tuc_A,ok,0.01321566321489983,33.78788166157938,0.015597877045240223,0.6206669480396342,2.8607117933977966
EPIC_201170410,ok,0.052360017194614805,0.8890445713958083,0.002737398453654022,0.0064271163817351444,5.476659929782955
EPIC_201238110,ok,0.016760448826706333,0.9087547143215994,0.0006510942416687483,0.003542571232579003,0.5459664890025433
EPIC_201427007,ok,0.011735061282822238,0.9331833835271394,0.001030288099941916,0.017289342570935843,7.358834006272161
EPIC_201497682,ok,0.007580892860574595,0.9433193449111673,0.00033330947043640495,0.00456793962061431,0.41390103307699805
EPIC_201595106,ok,0.0020490649925680505,0.968218028401512,8.962359779302628e-05,0.004612581724865001,0.4330207122856278
EPIC_201757695,ok,0.0173066586106501,0.9214480271713714,0.0008240241892121094,0.005322835934559466,4.4660697560497855
EPIC_201841433,ok,0.019984702969685256,0.9007515543985635,0.0007972124921929506,0.0036232670864528088,1.62960490472132
EPIC_206024342,ok,0.005156105998746626,0.9681267301164121,0.00048389149005729956,0.019954131181802368,2.605059280272041
EPIC_206032309,ok,0.027129656059648746,0.9268810376081366,0.0018743479124459722,0.010458271161311197,1.43810785388562
EPIC_206042996,ok,0.03607111398264341,0.9294988526603638,0.002176037216601353,0.008287681400057584,0.2349985686171676
EPIC_206317286,ok,0.006742762726400984,0.9782123181888442,0.0006868724081007815,0.02084157696249081,4.986376833219706
EPIC_211822797,ok,0.010353065893600905,0.9172749235076113,0.0006202310496999795,0.008223501853862366,3.5395643542165085
EPIC_211945201,ok,0.0009382573568849616,1.031890485303776,7.073052135528052e-05,0.012065628891308737,5.232392316827174
EPIC_212297394,ok,0.02462322814049216,1.0196096267604762,0.0010261866912744824,0.0225360784231748,3.589229424136754
EPIC_212424622,ok,0.005167704247181849,0.9386833968457616,0.00039611455096549283,0.013007888348325449,1.3648907920479287
EPIC_212499991,ok,0.009091215619681715,1.4186267289703143,0.004629755526865795,0.2706974908801165,6.2486615528484295
EPIC_212587672,ok,0.007235611331348024,1.05932415059688,0.0006138328575091713,0.07800896199525227,3.5038592760261453
EPIC_212624936,ok,0.008476202642708555,0.9849085089535428,0.002025060031665293,0.07998375527674303,6.984897057337575
EPIC_212737443,ok,0.016594842667386825,1.0200374123992886,0.005762247425872285,0.15763791238539915,5.38046894339738
EPIC_220492298,ok,0.008701062796021281,0.9598772093835165,0.0005928160103900887,0.011472947278771961,1.9818295320926986
EPIC_220674823,ok,0.00525753842704377,1.005042272110303,0.00020128111174806432,0.017180809221352327,3.837021281278574
EPIC_228836835,ok,0.018179673827146442,0.9134849946046459,0.00070410455443296,0.0034507350568605782,0.6650318141754616
EPIC_229004835,ok,0.0008995018114593536,1.048416266453576,5.510365192977102e-05,0.008759888199788304,9.719972563554201
EPIC_246851721,ok,0.0038476987261156117,1.0480892463880496,0.00045157287455950334,0.055079815705334455,5.407473052011084
EPIC_248847494,ok,0.0026220215540458617,0.9800787080633226,0.0003124755793361854,0.029291945994969086,5.697982756673809
EPIC_249893012,ok,0.0017471838728129467,0.9714636273407904,0.00013653684438002403,0.013921413922392552,1.9268144803398473
FU_Tau,ok,0.025056620013541826,2.5509665676438704,0.025657714526027966,0.6452301841470757,3.9202523132001024
GJ_1002,ok,0.002839296311853339,1.0227149414703656,0.00010116151539088062,0.01482953884894153,5.046647353483027
GJ_1061,ok,0.0008478463906640409,1.0187982716689743,9.207246976362185e-05,0.025940042749158804,1.7171281161110057
GJ_1132,ok,0.0018744552377120268,0.981810480170099,0.00011589468051245693,0.009214584614000331,3.8954241211911635
GJ_1148,ok,0.0008241061955659517,0.9569684216228241,9.773018696211793e-05,0.024660334555313898,6.195461373333086
GJ_1151,ok,0.001353324181440022,0.9717471582538436,0.0001886026245097677,0.040283575938867215,5.331903535003102
GJ_1252,ok,0.001245241626275235,1.0157187588843086,0.00015103421650681855,0.030877495326858205,7.036568318564743
GJ_1265,ok,0.0074307095636025715,1.0299642852124744,0.0004831784242196411,0.03614041781382335,2.7272083534180207
GJ_1289,ok,0.001068065869756435,1.0418349060933614,0.0001952235310377062,0.05376924328466808,5.217538436291007
GJ_143,ok,0.0005045516044887533,2.166499965158462,0.0002723742452106898,0.2471761955085164,8.335297042170227
GJ_15_A,ok,0.0004879684381116489,2.9637949171676423,0.0001000633944733679,0.06855633303291549,10.593709792789344
GJ_160.2,ok,0.00047456528958935497,1.0601170152061452,4.945769820697909e-05,0.024616960883611004,6.396074110378264
GJ_163,ok,0.0007771615429064882,0.9920949845760948,8.732966010443185e-05,0.02690551107089237,5.628335277253692
GJ_179,ok,0.001331650757126492,1.564434527910823,0.00021186941673802362,0.050516283145688595,8.55309152345626
GJ_180,ok,0.0006331385129516001,1.1004169477243815,3.465889477251054e-05,0.006865092674818459,4.148647824251069
GJ_2030,ok,0.00018001257236777488,1.6361080088615798,6.307375720790105e-05,0.12715981968653142,2.7179644887946246
GJ_2056,ok,0.0006116962112711888,0.9805157022106998,4.696730699450483e-05,0.014298606380761338,5.615960808554914
GJ_2126,ok,0.0007110498516102229,3.4385214967685958,0.0007643770826017726,0.6636868191812828,5.803620463708241
GJ_229,ok,0.00021637225180538364,1.339692233850895,2.779438130483399e-05,0.031087953437048482,9.053219324216002
GJ_238,ok,0.0008094919353083653,1.021267688062422,6.548951603245702e-05,0.014072302425113904,2.414633895439352
GJ_251,ok,0.00039594911846306324,1.0304406938863235,9.695311852089471e-05,0.09136320230016866,0.3311951005872035
GJ_27.1,ok,0.0008287080001491533,1.0062425605087655,0.00010713773312600347,0.033451787051299045,4.975063516781064
GJ_273,ok,0.0003656110082999017,1.256451928983944,3.8988566701751064e-05,0.02192440880621819,7.189663666565593
GJ_3021,ok,0.004943504089278609,38.50632080256116,0.005245858052072868,0.8561763403182755,7.067234951252626
GJ_3082,ok,0.0007102779426894633,1.0053374440133664,0.00012101175273254704,0.05497681265752493,7.390244552901761
GJ_3090,ok,0.000994126626061007,1.210169575859124,0.0005532410710574765,0.3393465489486682,13.0
GJ_3138,ok,0.0008226436487873357,0.9815488828598692,4.760654679477443e-05,0.007818583686196945,5.628375911562482
GJ_317,ok,0.0009966020543342017,1.1945611299962604,0.00043275435636548463,0.2116198016150762,5.732766621058978
GJ_3222,ok,0.0009742596254752152,3.331979339450783,0.00024060689540952716,0.07866559324861201,4.052570723848703
GJ_328,ok,0.00045614647241072327,1.0264292002377227,4.059149240834894e-05,0.014892844223851833,0.8468169483966718
GJ_3293,ok,0.0010473953754801875,1.0382314386714189,0.00015995753120558618,0.04835719909973015,5.798875582304699
GJ_3323,ok,0.0015443191621077475,1.039290133955275,0.00019414486021592417,0.02259081513068449,3.5570871058097793
GJ_3341,ok,0.0012390857947935862,1.0911529769381823,7.088515657398432e-05,0.008044859712611539,5.847658851362521
GJ_3378,ok,0.0007291423147167045,1.061325114663471,5.657950898235667e-05,0.012472546579147514,4.441784945113747
GJ_338_B,ok,0.020609834761842985,100.8860161783971,0.007649339051072322,0.11625845246158657,13.0
GJ_341,ok,0.0004117581048233176,1.2830968789387531,0.00011846199381431122,0.1237409242780244,11.072088294063281
GJ_3470,ok,0.002856682375557872,1.0682797215525148,0.0004418781691677048,0.05760811917068366,6.652610841011892
GJ_3473,ok,0.0020154353653897557,1.0121827099567087,9.704468630310159e-05,0.005719548826183299,3.820328063153866
GJ_3512,ok,0.002658533747962643,0.711951016706278,0.00022531881230609878,0.011916789655540647,7.260585138330349
GJ_357,ok,0.0005683193601332099,1.0389957921287956,8.768126157699498e-05,0.0421504643039966,6.041746947758611
GJ_3634,ok,0.0009919696957776721,1.0129300850736576,8.553935343218732e-05,0.017172612455474235,8.618401279347347
GJ_367,ok,0.00051765005875735,1.2805710598670341,0.00013059338447925592,0.07661844660444497,6.4601684291765675
GJ_3779,ok,0.0013115235691149862,0.788118191180755,7.631905139737914e-05,0.006749453419036044,2.1229528909406845
GJ_3929,ok,0.0012936974590006152,0.9441140972934738,0.0001122388101189264,0.01607358553212199,6.249736537076533
GJ_393,ok,0.0007078468053141079,1.0760253653383363,0.00021142805344486943,0.28456986368424925,6.0777543783387955
GJ_3942,ok,0.0009283232270330797,1.86764053721871,0.0006770730209550345,0.4136284597695372,5.522301003156233
GJ_3988,ok,0.0016149969250443602,0.9530490960733998,0.00020276392366038105,0.031454386652800134,13.0
GJ_411,ok,0.0015430146879694528,6.744279753107095,0.0004569913953897004,0.11586694405243614,13.0
GJ_414_A,ok,0.0010331310569354837,4.399162294042951,0.0003663306686184635,0.1915456902439616,13.0
GJ_422,ok,0.000904890497966668,1.0246041931591576,0.0001918214858623119,0.08204049997797035,2.695442217781637
GJ_4274,ok,0.006568368342369599,1.3254236085123967,0.004421968478202443,0.5536125867108295,4.5772961442014095
GJ_4276,ok,0.0014018988097313245,1.0171541474857386,0.00022123903575447347,0.04667896770112363,4.400392686345977
GJ_433,ok,0.0003803767524107375,1.1218841779837787,4.593238160860125e-05,0.028495903320891004,4.553948971429699
GJ_436,ok,0.0005510838419534246,1.1431231209474282,5.97339566730845e-05,0.02250849862702166,11.841503638817404
GJ_463,ok,0.0008591213491333725,1.1272398142735043,0.00028349636081146507,0.1706865756666547,12.56196908384561
GJ_480,ok,0.0008716584088846436,1.03907237354029,0.00045250147843367696,0.24776576388896393,4.70416710549348
GJ_486,ok,0.0006561310414097448,0.7739770516620396,0.00010489517485147225,0.04671591432890075,3.857170636834439
GJ_504,ok,0.0014614964313707807,20.524657854945175,0.0014878200314997394,0.7679340432661013,3.3921835550610635
GJ_508.2,ok,0.0006459192587779447,1.0796742949828517,0.00019974384502340265,0.10151335069595978,11.757133069026393
GJ_514,ok,0.0003868927828666998,1.5618406012761537,7.713269917163519e-05,0.05120715380532015,2.7045286085812292
GJ_536,ok,0.0008222758659613117,1.0959501557029856,0.00014796590244009337,0.1406751037698946,2.046710242308862
GJ_581,ok,0.001005715564955719,1.0682420344759178,0.00024000504327538206,0.18248702505172415,8.1941379116538
GJ_625,ok,0.00046118583618305213,1.2419722951422354,6.385600671661288e-05,0.037135907696417954,11.882096805114202
GJ_649,ok,0.000526495012070632,1.4905813581870666,0.00033928878350999726,0.31833728064572453,9.849397154395442
GJ_674,ok,0.0003840143966268337,1.4683303118600588,0.00020430673152052007,0.21949532690211535,8.72706637532425
GJ_676_A,ok,0.00044374846614518554,1.2140111298968086,7.800711176625692e-05,0.05358617929110679,5.090789927475706
GJ_680,ok,0.0013996846396506814,1.3759439439421932,0.0003632401488619296,0.19341930967119578,8.87231038711017
GJ_682,ok,0.0009082770567158493,1.2925334629166594,0.0003221510718738602,0.1877956186898062,12.21792379815713
GJ_685,ok,0.000650718899002287,1.6474758491987866,0.0004841953915581088,0.4860741557621977,6.012388333263252
GJ_687,ok,0.00034497908083157833,1.6179651437441616,0.00010882723882680632,0.1254343263511737,5.5180799525667785
GJ_720_A,ok,0.00044700861193642887,1.1049777160341678,5.252241111426055e-05,0.027176207749925838,13.0
GJ_724,ok,0.0007611847721997484,1.1800221728071076,0.00019003204542214957,0.09117584095974277,6.245372514215412
GJ_740,ok,0.00039738682536661615,1.3226967712521116,0.00018769529388885193,0.22362057742168961,4.357973550061129
GJ_806,ok,0.0006456866133474952,1.0764034814237597,0.00010536435062166398,0.04616451202213806,2.7562519982872367
GJ_832,ok,0.00025353865627137805,1.3019986874404108,0.00014893443397465171,0.4033209719621567,8.865481225825313
GJ_849,ok,0.0008969796340659777,1.070915423454288,0.0001949910425577171,0.1293032515560409,2.1424367111201468
GJ_86,ok,0.00031425395914823844,3.1554980346840398,0.00029064556458579984,0.7413743407274166,9.423481028618871
GJ_876,ok,0.0003432023838217054,1.120874447882186,7.072108862923193e-05,0.07659096303800066,6.356152830648233
GJ_887,ok,0.01072121022353317,1.028359260955967,0.0011956366350361488,0.027249061944992357,2.512132164499147
GJ_896_A,ok,0.015274669233317325,11.757630530018176,0.016219314350852505,0.8787461332891383,1.0663377400533671
GJ_900_A,ok,0.003258299943200876,3.658260525028401,0.002965760270024581,0.3296203129937676,5.664107234772799
GJ_9066,ok,0.00241752157581523,3.089119048054396,0.002443534647846701,0.8138201047306304,1.95386783611173
GJ_9404,ok,0.0006167445676805569,1.057032130295778,0.00010222570166668793,0.05281460882716961,13.0
GJ_96,ok,0.0004795750557181898,1.5170341705841413,0.00035609173977555543,0.5181224179077358,9.852383971835932
GJ_9689,ok,0.0008937496981423548,1.0284777534703595,0.00023220361800754423,0.1283567068266501,8.151427065725946
GJ_9714,ok,0.000744213277874144,1.972829575783393,0.0006528240416559543,0.5782990654565502,11.886006713054385
GJ_9773,ok,0.0009383229351268608,1.018096378884997,0.0001028301794900778,0.02468241130951867,5.134828271852618
GJ_9827,ok,0.001421841912878501,1.015477411458227,7.925739957290827e-05,0.027851552087772166,1.2137294043609193
GPX-1,ok,0.005456518016484165,1.1900569732027637,0.0004994397673922886,0.016451950574457266,2.3622930309187957
GQ_Lup,ok,0.20805062448667913,150.7559735458573,0.23239076187929378,0.625670311604362,10.842281777078144
GU_Psc,ok,0.005846476458090507,1.951136740579144,0.005052402905754161,0.496027227430862,0.5201941428629806
G_192-15,ok,0.0026358527275147587,1.0402260209213656,0.0002533407039590289,0.014458886150311311,5.655086747199944
G_196-3,ok,0.0132280986699438,13.739587078009372,0.013206537081882906,0.8876358482384462,1.307981241612684
G_261-6,ok,0.0033990513848181822,0.988636403549045,0.00013407617449755658,0.0037241507306152383,0.3921163087940009
G_264-012,ok,0.001460492485068412,0.9658697663931225,0.0001314138336440759,0.0177215366764956,3.424172919597414
G_268-110,ok,0.007395835830320745,1.4078707205163152,0.0012618629419224154,0.06191132429213305,6.7541125398351305
G_9-40,ok,0.0026190622265603878,0.9617360843460522,0.0001998881814751809,0.013409447639581797,5.471651776289883
Gaia-1,ok,0.0047158737560547915,0.9930830276039222,0.0008404112276912732,0.05104776220321872,6.054722063172688
Gaia-2,ok,0.001551653099944927,0.9986763602799112,0.00021351861718385396,0.036074738114431425,6.805263570897033
Gaia-4,ok,0.0022511408159054855,1.1495280380870783,0.0015323589057272206,0.498760345920408,6.472320943851113
Gaia-5,ok,0.004816811115255978,0.9834265003873125,0.0002878782583119984,0.00842351698038912,5.980692254861817
Gl_378,ok,0.000489741475350805,1.0524404351194865,5.358852303234229e-05,0.024820581373238493,5.81332811127195
Gl_410,ok,0.01083654655302384,25.620849454522727,0.011739022572671804,0.892509601416031,13.0
Gl_49,ok,0.0008633048424088059,2.806753364853955,0.0007464469823971178,0.5910544429252408,9.843670732032592
Gl_686,ok,0.0003646872470998773,0.8894311805805993,2.8537107346041454e-05,0.01306181428679662,5.919252695134402
Gl_725_A,ok,0.00038981410204181596,1.5172781046181651,7.21235720620156e-05,0.05717443357768087,6.070682687155257
Gliese_12,ok,0.0029313351188822463,1.044357105422235,0.0001274481319696139,0.017917694046077806,5.229968610955004
HAT-P-1,ok,0.0038160740009442655,1.3082188530769072,0.00044086351122890616,0.03205620702564771,1.7485025729890429
HAT-P-11,ok,0.0006148851458447999,1.304910268270332,0.0002997675149719088,0.23719330496572658,10.890535314672292
HAT-P-12,ok,0.0028815080470073044,0.7806335482071948,0.0002319832966680567,0.009649313887274545,3.034071909687671
HAT-P-13,ok,0.0009409911517439497,0.9953919980888293,8.866139758453318e-05,0.012382577575040469,0.5832425943621274
HAT-P-14,ok,0.0008614717421288521,0.9895295928973014,0.00018013620540341616,0.0599199990967585,3.3772154156939322
HAT-P-15,ok,0.001875473811060766,0.9940255740103876,0.000351420106829013,0.05964242150157563,12.090107304782123
HAT-P-16,ok,0.0013973181520162655,1.0668925200132329,0.00018644744673696362,0.02781231152536811,4.609724423512125
HAT-P-17,ok,0.0009757813297388946,1.0874039465993934,0.00039997186496726556,0.24887688574960082,10.003581183932695
HAT-P-18,ok,0.0029417100108716774,0.9098909872739537,0.0006088373253216056,0.05840407374108586,4.581986768438153
HAT-P-19,ok,0.007557152877755044,1.043144458223646,0.0007941546855200841,0.033345677220707214,1.3429648604944386
HAT-P-2,ok,0.0005325230535107187,1.2320499217238994,0.00023506331131258092,0.20188990067288376,3.378819372294437
HAT-P-20,ok,0.003589830222381446,2.6742298499275448,0.0029600732022214355,0.47017454693831023,10.987487420779459
HAT-P-21,ok,0.0020514398015084845,0.9261254203250447,0.0007297329431136959,0.19265293135922817,6.852515666854931
HAT-P-22,ok,0.0007044023870681896,1.0866810120974286,0.00012203399701209783,0.04466405809113343,5.813258146206993
HAT-P-23,ok,0.0044379319064032086,1.3577038950770508,0.0024342569028403815,0.2440034581754957,6.528236104853435
HAT-P-24,ok,0.0022069197888428395,0.9443701922780287,0.00020982373549485497,0.021085848238606972,6.7301918968103625
HAT-P-25,ok,0.0037124785131494205,0.9447297069195408,0.00031950196893704505,0.013516815111312926,0.9069124964650026
HAT-P-26,ok,0.0016548307227253881,0.9647731390371168,0.00011796503941832647,0.011086705010174702,4.35931344073136
HAT-P-27,ok,0.0025019933532774447,1.001119531260552,0.0005996775778403782,0.07957955698903822,4.726184909148095
HAT-P-28,ok,0.0037221680704077474,0.9650123597784847,0.0002931714189062607,0.014352194114020533,6.5176462692103625
HAT-P-29,ok,0.005290753466761397,1.0652967234712871,0.000424670919824787,0.03596916551489154,2.847799828206051
HAT-P-3,ok,0.0015890046998735515,1.040915037448624,0.0002353889538446339,0.039712130697705864,6.599080209268043
HAT-P-30,ok,0.0009915975873454664,1.0147214494204329,9.120933295193478e-05,0.014800510180370624,6.791727249194727
HAT-P-31,ok,0.0020300892056555517,0.9502029288036395,0.0003562939196591073,0.060291129430596536,12.430570489284605
HAT-P-32,ok,0.0037150597465841827,1.066137146986276,0.0008751151925961571,0.05361777665295347,1.0770375467590854
HAT-P-33,ok,0.0015933096764397874,0.9378095918404226,0.00024413102450572237,0.03026621912590952,4.508583555358854
HAT-P-34,ok,0.0011355009203721721,1.067717920627214,0.0001905883125364075,0.029820101226076232,6.294362210068446
HAT-P-35,ok,0.0029402711123483576,0.9752118056508235,0.000140618326339342,0.005428056995422182,5.821475773453758
HAT-P-36,ok,0.0026523461861536336,0.9188107050743973,0.0006754650338766175,0.04892325027762803,0.6631778522270694
HAT-P-37,ok,0.033136267525187,4.1408450306348525,0.04444965289734696,0.9099051330165178,0.21792949348678234
HAT-P-38,ok,0.006334757837048929,1.0606166743057452,0.0010223980704132545,0.10404840232836246,4.680865679864518
HAT-P-39,ok,0.0032387339756548375,0.9577367913005751,0.00021526866656583913,0.009904083333141602,3.1512568095913713
HAT-P-4,ok,0.0015896190299603036,0.9376579469868608,0.00031218870650716606,0.05530071932594351,3.873055368146522
HAT-P-40,ok,0.004376795847553901,1.060224185036455,0.0006710953694545618,0.08266386984191414,1.4873196373970698
HAT-P-41,ok,0.0017325889022155026,1.1323796911840744,0.0006550383625903377,0.07799962802658497,0.8976291815280972
HAT-P-42,ok,0.002469859349071139,0.9791715023313257,0.00032620830902864613,0.03593848599808586,5.989830757269827
HAT-P-43,ok,0.0053496305041573775,0.9594899732743559,0.00036763180497762903,0.011436988387576737,3.3041056847290795
HAT-P-44,ok,0.00423281572533202,0.7521294904907301,0.0005543444099440269,0.03330649661110226,5.094547993905326
HAT-P-45,ok,0.0028539402483165723,0.9860949880084704,0.000505205669689491,0.04661038994848358,9.330426264093257
HAT-P-46,ok,0.004605233453070349,1.0515316285671195,0.0006569824309992719,0.08894691231979951,2.234496983653401
HAT-P-49,ok,0.001362645014671853,1.2132567643260923,0.00019562466283448016,0.02735724813278386,4.397672147637155
HAT-P-5,ok,0.0027010297847053486,0.9170890759775103,0.0007934073390126004,0.1283748770077531,5.63591844566004
HAT-P-50,ok,0.0021355356324837624,0.9701731423993896,0.00012454962461905985,0.00696859428083036,0.7147677752693946
HAT-P-51,ok,0.005441238508616367,0.9404918075679297,0.00025796627287366614,0.005352715575429391,2.872151890052908
HAT-P-52,ok,0.007174958936652904,0.9497399209225691,0.00036478322845936425,0.006158647630702424,2.4840159605330334
HAT-P-53,ok,0.0066280279558600715,0.96194826729417,0.0006636213421170687,0.021228430452660187,4.550759504658198
HAT-P-54,ok,0.004675427544920164,0.9972547510345463,0.0014509026071859226,0.16039818911854425,8.590872696101021
HAT-P-55,ok,0.005829331872533152,0.8285237977534311,0.0005437830110142089,0.019053131246694353,6.414873629620388
HAT-P-56,ok,0.001957413568103244,1.1761946053916144,0.00030789649807507743,0.02935731171810315,1.4061453524507321
HAT-P-57,ok,0.0029547313753581785,1.17859872976161,0.0010354525463742508,0.08497161615141738,0.8152950466219686
HAT-P-58,ok,0.003923272785234459,0.9821251445852188,0.00022096321911246254,0.007076095847986922,4.004463661853547
HAT-P-59,ok,0.002030993330839539,0.7689802832349635,0.0001344657166691947,0.009092123039398523,8.256848500958085
HAT-P-6,ok,0.0023234248341809692,1.0616652643961564,0.0004177782742948117,0.052234002738263154,0.5507442105515323
HAT-P-60,ok,0.0016517839783311285,1.1324794676151777,0.0004649163040639203,0.07683826529289463,0.6837641369435475
HAT-P-61,ok,0.0045369946165211405,0.9881152265646609,0.0007273968071699242,0.05467032640752741,9.694722917384016
HAT-P-62,ok,0.003309688197092626,0.9767612104403619,0.00040684933383778595,0.03479147555578185,7.888452774946444
HAT-P-63,ok,0.006466268487803319,1.0085958022692636,0.0014758638741119935,0.0873552237446832,3.5570310128085696
HAT-P-64,ok,0.008561619681865616,1.0705689592419514,0.000953322907581889,0.05897851879252174,1.0016371388425682
HAT-P-65,ok,0.0045640614666156085,0.9740058227859937,0.0004390595530741713,0.021997763088525614,4.318370171896748
HAT-P-66,ok,0.004260104666940755,0.7066963786357958,0.0002384561117748855,0.006852977740366266,2.086586689688836
HAT-P-67,ok,0.0011003833925528972,1.0835094562338294,0.0005518008395989653,0.14344667115705362,5.474507597459934
HAT-P-68,ok,0.00584079848565866,0.9477437996984783,0.0007043925148491325,0.03152797876021587,7.991062396651463
HAT-P-69,ok,0.001945058362879288,1.0709949658499285,0.0004919499158397272,0.07019318372200944,0.9611915955444182
HAT-P-7,ok,0.0011222465907343453,1.0506564038848982,0.00028248773264860383,0.04772047199494688,1.1063594054280839
HAT-P-70,ok,0.001157888349767106,1.468024687428529,0.00022882467184152857,0.048533486413830575,2.816886427197005
HAT-P-8,ok,0.0021111363976265445,1.0652436537806003,0.0006552591776837983,0.08174596297762272,3.0486969854901154
HAT-P-9,ok,0.0029549862666467036,0.8464143580947397,0.000291975258112765,0.020240441240394504,4.851091829506144
HATS-1,ok,0.0023059137550574186,1.0066286724649547,0.0002845384757049116,0.022146478134315205,5.966717520922657
HATS-10,ok,0.00453114214379881,0.9602954384628154,0.00021931809042415737,0.0055230553607967395,3.5812321097403452
HATS-11,ok,0.011269836228482858,0.9821535934073137,0.0014914758852899116,0.03558581925065177,6.560787670898901
HATS-12,ok,0.004900768567772344,0.9291901490303547,0.0005996734049138814,0.03352264957746766,4.616336512975033
HATS-13,ok,0.008519904496763937,1.0072854173765335,0.0011931553237680304,0.033491945925393916,1.8828233194253738
HATS-14,ok,0.007633616847839893,0.9207945530440736,0.00043484726637995453,0.006862011741970876,13.0
HATS-15,ok,0.01960924477817497,0.9356008269588667,0.0015171773146724216,0.013821568971178384,10.355978566281578
HATS-16,ok,0.009041692358824146,1.0258150364256378,0.003872089803290659,0.2910070223986459,5.8204707808220295
HATS-17,ok,0.0032076728121962213,0.9774004361956048,0.00044892349802989,0.035398512417926783,4.679175120862607
HATS-18,ok,0.009479368760397412,0.9742525411395493,0.0027756526803510108,0.16731892081711366,5.84520813056531
HATS-2,ok,0.005155640367951848,0.9669594336952531,0.0006037495625448576,0.030868521305628976,7.438655757992977
HATS-22,ok,0.0042502875002700434,0.9596164013960412,0.00039545884304973056,0.015358102307666344,1.53634013460356
HATS-23,ok,0.010495620221913181,0.9576107326467597,0.000994058216573421,0.019826128760188064,4.178234634645984
HATS-24,ok,0.004258244009272071,0.9550440947342467,0.00036524120714722736,0.015691287031246164,3.5008069164826834
HATS-25,ok,0.004610051154144637,0.9504346131044492,0.00027250978002271725,0.007565516810832482,11.270596892145136
HATS-26,ok,0.004773871241390364,0.9553369298978711,0.00042534909467465624,0.018014031474156717,5.443279666242182
HATS-27,ok,0.005195833931781185,0.9847350062399837,0.0005170152610931328,0.02286937108451477,10.066749184626739
HATS-28,ok,0.008696367124710142,0.9497640994327345,0.0007398386846874326,0.01524623798165237,4.367562102089746
HATS-29,ok,0.008904878843213197,2.5568808596612618,0.009370470695872655,0.6464481415404929,0.6320810943595632
HATS-3,ok,0.0022770508858473964,0.9269651782626499,0.00022105835097660213,0.019487870200702882,8.320407700071385
HATS-30,ok,0.005893556514450876,1.9789027043220524,0.0018893828484527271,0.10217385930816128,2.4572198586444336
HATS-31,ok,0.004540947332630172,0.9449455278940123,0.0005472972317995112,0.03424547126315269,0.6197495149710562
HATS-32,ok,0.009801395348243222,0.9336164325396045,0.000502308074782497,0.005714426132721646,0.3273547930646873
HATS-33,ok,0.002325962613330054,1.0629221194496916,0.0008752804163788065,0.134218431880093,2.8785665322395846
HATS-34,ok,0.006996537431062914,0.9351215800556271,0.00040972769139218084,0.007820009663645152,4.852713673982776
HATS-35,ok,0.003252263130930091,0.9762928860900567,0.0002742930574042301,0.012937461454325614,8.024942977474288
HATS-36,ok,0.013718125434718351,0.9555889003938709,0.0006698476452349898,0.005899675184853996,0.4002877207527094
HATS-37_A,ok,0.0011321712177882175,1.0936844963939947,0.00017234109867887574,0.011227702298139802,3.909063815627457
HATS-38,ok,0.0027855313164758776,0.9549196675630027,0.00024210563316901968,0.018063767333301072,4.509712478901815
HATS-39,ok,0.014702342919647135,1.0922282979254527,0.001997912533558749,0.08837342878174678,6.928608398206708
HATS-4,ok,0.00518090933578385,0.9515525071091429,0.0003751591565216352,0.011685472048623413,6.046875628468721
HATS-40,ok,0.015176639099318982,1.0240462199740055,0.0005861072935408617,0.018267148685845166,0.8124945433975493
HATS-41,ok,0.009140382064574694,1.029989720653366,0.00028915871821533575,0.012027404565524966,6.799301424923909
HATS-42,ok,0.01642475067327514,1.0303404583459406,0.0010383213391651624,0.03854433878646242,1.143249834129193
HATS-43,ok,0.005303503869871104,0.9578039054966263,0.0013086113463721585,0.11736843933848011,12.793872548226998
HATS-44,ok,0.010936529625737464,0.9408012705298308,0.00043578652632487693,0.003927873277989543,0.260548511436633
HATS-45,ok,0.006398332948896749,0.9563887192234924,0.00027539875530714343,0.004472642809965397,1.5950982782975716
HATS-46,ok,0.009136645552672814,0.9673638797952966,0.0012410515357649818,0.036533515433828205,8.335302004244296
HATS-47,ok,0.01635827926223984,1.0619428218717413,0.004910531163770706,0.13053280022533734,4.648918749538611
HATS-48_A,ok,0.007292595489852792,0.9859720428498676,0.0004725668340854856,0.009845036489516007,3.416943483013274
HATS-49,ok,0.011305986360191998,0.9264195899344707,0.00043935271247125355,0.00359702862983312,0.507824345022982
HATS-5,ok,0.0027267552151107066,0.980312392471882,0.00020095350301122642,0.008938103577807709,0.5296466275122514
HATS-50,ok,0.008973270086205685,0.941221054033585,0.0008337182991801404,0.020292477125003875,12.50346116586843
HATS-51,ok,0.007256040411610759,1.0467624616914561,0.0007581556647480018,0.050246979288338725,0.5568427744453406
HATS-52,ok,0.01577401475238862,1.0298452983391413,0.0016058740886065463,0.05356614784277505,0.6822120587986772
HATS-53,ok,0.007712306402951564,0.9421338558743383,0.0003965670707315426,0.006476579462019276,0.932526349754692
HATS-54,ok,0.02218144972688443,1.0736634586693545,0.0006873458844150101,0.009826171507891408,0.28217413834955485
HATS-55,ok,0.02603113696406201,1.0585863430505014,0.0038964409980726863,0.13276522719251524,7.807678251313631
HATS-56,ok,0.004826674851398638,1.0547884946450585,0.0005630099401874341,0.06509904642476014,0.8670244687683474
HATS-57,ok,0.00695276117450581,1.133095772571547,0.0018384462741769358,0.1325202089563869,3.027106132117134
HATS-59,ok,0.007320611650892461,0.9278872120856196,0.0004503690249100201,0.009535401253689721,9.134103157211763
HATS-6,ok,0.007801860227314792,0.9416128546307312,0.0005485492416733691,0.010680078216191293,3.4014416466047592
HATS-60,ok,0.008231461423618613,1.046275458159229,0.0007468520786372397,0.06151076919575281,9.35788465502443
HATS-61,ok,0.01104710529222062,1.0129998526993058,0.00046715270617073834,0.01926955170003285,4.7088233496705705
HATS-62,ok,0.009109501595180087,0.947285540728191,0.000556722825201674,0.008356703809063936,0.8869355058111359
HATS-63,ok,0.02134627805426849,1.0818546913849647,0.00079477904152361,0.014960447301602566,0.4369026391854546
HATS-64,ok,0.009402652268515218,1.018061497234354,0.0005651634534528675,0.034389251730258086,1.6100011799100382
HATS-65,ok,0.0032783551453584065,0.9642088797880695,0.0003592256153230472,0.02643883871077048,9.654578787666685
HATS-66,ok,0.02245488959134452,1.012803721678827,0.0006255324216991231,0.010371556265969958,0.6260112077450672
HATS-67,ok,0.016049742239770654,1.0208168684541636,0.0011807071575609665,0.03824588289332127,0.8025138937364017
HATS-68,ok,0.006202044197183811,1.0479998539900581,0.0004157203607912169,0.03812990201040565,0.8953759425031264
HATS-69,ok,0.018042743583977,1.0264359726768908,0.0012521853294714552,0.04064520919002459,0.5553387163124626
HATS-7,ok,0.0044636376038830515,0.9705219886737609,0.0006311951799660097,0.04701828485742006,7.513728778976808
HATS-70,ok,0.012161041083261341,1.0206758269718026,0.0008727032180147819,0.0511724173569577,1.899873203049618
HATS-71,ok,0.014604304648744045,0.9222647329204026,0.0008701843475345942,0.008051233883875299,4.689461826185805
HATS-72,ok,0.0022829977312347934,0.9867476202010622,0.00030349283381100786,0.027728870036232974,1.6318774888093233
HATS-74_A,ok,0.021955252785771488,0.9274684461837287,0.0011709724626309517,0.006736061740917482,3.074113305990114
HATS-75,ok,0.013042831993028064,0.9181670990077319,0.0006238043406287237,0.005136686294004857,5.535708449389423
HATS-76,ok,0.030935611816128257,0.919824044395657,0.001450219314671692,0.005101441772576618,4.714736162183803
HATS-77,ok,0.02638916189861542,0.9507987417264798,0.0012452743969424205,0.005447291213278342,5.951144759835927
HATS-8,ok,0.013257891715847956,0.9350273431995896,0.000667596947108306,0.005924749551342949,0.8975401978947763
HATS-9,ok,0.005658368688432818,0.9858533198258808,0.0013037446987624356,0.1076625216806942,6.808959404189636
HD_100508,ok,0.0002689383048476871,1.1758253743099083,0.00012078526634524775,0.27671409353168497,6.199591941811093
HD_100546,ok,0.00552686652976139,29.80244732492014,0.003289472870816002,0.1510789788587886,12.659927621246425
HD_100655,ok,0.0003276485176894947,2.9106993721333683,0.00011291864041317298,0.07271000118568424,4.264012231318611
HD_100777,ok,0.0017561175384326754,1.2121953199955346,0.00023220081456233615,0.029778382480952964,7.138332028166254
HD_10180,ok,0.00020917994189279142,1.0793598690082322,2.494734709777369e-05,0.024416664779276467,2.594453783015845
HD_101930,ok,0.00032575907265420005,1.1238623992313592,3.696576050855243e-05,0.024921929162771,1.7578082340933994
HD_102117,ok,0.00023527625218121634,1.1357879593516023,4.005873676200507e-05,0.05747391032553187,5.350006806423835
HD_102195,ok,0.0008234547598555692,3.1094066920120857,0.0007360051626978024,0.4734898590476775,9.185643493698569
HD_102272,ok,0.0007601988348553333,2.2337944789101476,0.0003013367640701737,0.10092887351467582,2.411790597363795
HD_102329,ok,0.0004000887998008883,1.8156216979860278,0.00011119448796686481,0.060403350937028075,1.9768943783439128
HD_102843,ok,0.0005165790423327999,1.069456463937025,0.0001690841930269904,0.1818316161949779,5.838335115377773
HD_102888,ok,0.0003227523255302451,2.847255232078569,0.0001108545376713676,0.0772909298112556,1.1787686203715497
HD_102956,ok,0.00029753804927576773,1.3108040135473518,4.177848269270068e-05,0.02396048372553628,2.086573516759182
HD_103197,ok,0.0005249533658960856,1.0542615466230894,4.860084412875014e-05,0.017715790015295434,4.921978528703766
HD_103720,ok,0.004494948631741907,9.034362973430813,0.003559132843765312,0.21212638123331715,5.953635378132926
HD_103774,ok,0.0002608984201879163,1.394548082701302,6.939329878921424e-05,0.0998618946248757,3.9145083085778025
HD_103891,ok,0.00021664600456026552,1.560743816948325,2.1807621388338902e-05,0.01656534356954115,1.3048709296413228
HD_103949,ok,0.0003386828053528621,1.0843873277103238,3.9471840521091206e-05,0.02736277248882696,4.453124685616314
HD_104067,ok,0.0003042035270949024,1.386897674979483,0.0001287845543541639,0.21576174450536764,8.015603945074872
HD_10442,ok,0.00037059133272005423,1.685908697742151,0.00010819156342905486,0.07761968585685103,6.484309786920789
HD_104985,ok,0.0008332764127538957,10.303073732348533,0.0004739300567924048,0.18288316642389094,9.370011186904883
HD_105618,ok,0.00041770563595466863,1.1439602234228494,2.0996487799268074e-05,0.0058267081948856865,2.6766223303079073
HD_105779,ok,0.00038997826954372374,1.0665369118697423,4.7629650844489543e-05,0.029269586007582137,3.19357283842949
HD_106252,ok,0.0002700194659141961,1.3080429303559606,1.6759172385881638e-05,0.008286605146926881,12.847788681764085
HD_106270,ok,0.0002708721521898125,1.2650244503681167,5.013951567239268e-05,0.05062293140704699,6.741957461681902
HD_106315,ok,0.0005557605058422075,1.1352553381981563,7.927199232727979e-05,0.04241778896238464,4.869339667504321
HD_10647,ok,0.000793139932328229,9.448078537551485,0.0011782214360813066,0.5403135785628775,9.423459144151053
HD_106515_A,ok,0.0004325458025580987,1.2724202315350008,3.554962968336435e-05,0.014552083213401835,4.63059788684758
HD_106906,ok,0.00033374793011979565,1.2488962208502399,9.881463111434045e-05,0.1028311500523978,0.8203380941619114
HD_10697,ok,0.0001964420680176029,1.7191609577456035,2.9949988737264626e-05,0.03444142289634468,3.1116975740739283
HD_107148,ok,0.00036480556402028686,1.3275703481462922,2.3850204455554057e-05,0.009336357480579118,0.4433553776340325
HD_108147,ok,0.00029132627643853223,1.5515964772335464,0.00010415437048456823,0.1661182430492197,3.3141190049200437
HD_108202,ok,0.0011525508119976475,1.8083133515803052,0.0008623378675820257,0.32630120287595216,4.6810158515712725
HD_108236,ok,0.0005509770051193969,1.0956708504918475,0.00010850584311404221,0.0640390841802415,5.5932069777601745
HD_108341,ok,0.0005177413119159275,1.0283638959904515,4.814380575635364e-05,0.018451430129851402,7.51392345247829
HD_108863,ok,0.0003874537116237781,1.9127078699016482,8.553221334451474e-05,0.05452408529676558,0.6144305189398871
HD_108874,ok,0.0004413972458134239,1.201771924784513,3.112341254161134e-05,0.011263571856004328,5.043446956422505
HD_109246,ok,0.0004322847285990065,1.1133682106315177,3.605064314663956e-05,0.015632675980844956,10.073184393093559
HD_109271,ok,0.0002981573335638626,1.1052466404245478,3.0143235996578666e-05,0.021155795936755817,11.032394395168488
HD_109286,ok,0.0019457710914738695,4.437939903100436,0.0020579232845525865,0.511777130833196,4.937621487381103
HD_109749,ok,0.0003459867066739823,1.1062678018390815,8.744479671563038e-05,0.1141112565086568,12.283821683436258
HD_10975,ok,0.0003599919572930954,4.100575407685793,0.0001533727896774007,0.08483611093137734,1.8972351189693686
HD_109833,ok,0.004331645972949975,3.7422279166940835,0.005083167320110363,0.8393690416381132,5.08120278876094
HD_109988,ok,0.0003985382809426019,1.0632757571922704,9.997167461819446e-05,0.10417165835246951,5.813198736784236
HD_110014,ok,0.0004355020408020633,9.483993330818107,0.00031853780129366855,0.23290979066238168,4.863446894552139
HD_110067,ok,0.0005116305124785238,1.6483227882364673,0.00026358321077520384,0.21844450925994194,6.494487939590594
HD_110082,ok,0.0018409387960180376,3.600972576080141,0.0013945505320798323,0.3716210516170001,2.2214177396848838
HD_110113,ok,0.0008342901707632077,1.0348800028532676,0.00010310929518604804,0.033735267538185496,8.189240407082934
HD_11112,ok,0.0002153371160316258,1.2258906212841936,9.884544492956671e-05,0.2596577270091075,4.605069705205035
HD_111232,ok,0.0003520958121539184,1.5913234851307263,0.00013739549578228915,0.15775565868533473,10.246247899837664
HD_111591,ok,0.0005306935541838747,3.052461980132954,0.00015174339527128527,0.056839792201853145,0.659869302583819
HD_111998,ok,0.0003955508589144826,3.3976248792088235,0.00026374441552811534,0.29850657472990866,2.48777770919484
HD_112570,ok,0.0005225833911092135,5.525233249864144,0.00025605097440154536,0.13987062414533596,1.013611841263819
HD_112640,ok,0.0010155527713101937,10.2207136196066,0.0007035432094688263,0.22689967762690696,2.416602360100373
HD_113337,ok,0.000242247222053302,2.143593329461723,0.0001360019645459055,0.23727884761509288,4.912209417226865
HD_113538,ok,0.0005364491204597206,1.8014602208716126,0.0001556856760676423,0.0829625316277636,5.635530726229433
HD_113996,ok,0.0013733730758418176,32.94875202695635,0.0012106320255874429,0.4296517886409416,2.3678907139390266
HD_114082,ok,0.0004909947119691383,1.3937352985504834,0.00019270019797913113,0.13206705095400564,11.846135777521383
HD_114386,ok,0.00035264021718547564,1.0934411451891053,6.718564886484526e-05,0.06947902629577954,5.8132673750732184
HD_114729,ok,0.00020002389131624585,1.4064012680299198,2.67380568698977e-05,0.031324112548907934,3.4879564827954255
HD_114783,ok,0.0004458431226587994,1.0309748308227065,3.676405524070259e-05,0.059178345922165906,3.004350100971636
HD_11505,ok,0.00024924777336672826,1.2327803423057593,8.867831189121757e-05,0.16454259956866507,11.789674396132298
HD_11506,ok,0.00023362084566948241,1.0856425267871475,7.290481837110746e-05,0.15804535123456073,3.7522192100390033
HD_115404_A,ok,0.004918200279815683,38.21208012307376,0.0054466187750234875,0.758257044376895,9.492096581583295
HD_115954,ok,0.00041011962526271034,1.2543223116023596,0.00010258688556704097,0.10429517323467193,3.97495153188181
HD_116029,ok,0.00032161093648054736,1.3553786635815057,5.659288500800527e-05,0.03083938710162632,1.6867281004622268
HD_117207,ok,0.00023736371320214986,1.3141921875102787,3.288819457968185e-05,0.03664799007996214,3.5220665243344484
HD_11755,ok,0.0013991953679936917,11.66621921801385,0.0011521000939073614,0.3878205912352818,1.6873188905927758
HD_117618,ok,0.0002403727799740901,1.3003002994723667,2.0476443420247516e-05,0.014929374627718395,8.050770998386431
HD_118203,ok,0.0004860610390505853,1.7763015928030041,0.00024150907261203143,0.15860844973798016,5.792084497587828
HD_11964,ok,0.0001560175201074479,1.3122038674499665,1.4865258175304132e-05,0.011504344693336352,0.8074583979482487
HD_11977,ok,0.0003233961938815926,6.508354517483335,0.00010407411837001012,0.0500166526820918,1.2045213228293694
HD_120084,ok,0.0003091832395021949,3.5105432395057656,8.920183669026835e-05,0.051673091777521114,0.5236563172874492
HD_121504,ok,0.00033825719561793885,1.4767773645345237,0.00013701844984477163,0.2280753126561983,6.629927034210756
HD_12235,ok,0.00016931576806172985,1.7211578804675949,7.176362708140649e-05,0.11295319943665244,9.152113866039631
HD_122562,ok,0.00027004350544822643,1.2742868895052333,2.9837797606953116e-05,0.01827594781353402,2.629240923208025
HD_124330,ok,0.0003015842693019434,1.1936094816266556,2.0132871753474058e-05,0.009011347598573721,6.447073047227928
HD_12484,ok,0.006100769672621235,20.627889493711173,0.006035628995084019,0.8904538182535935,4.004052911075355
HD_125136,ok,0.00027286946203562966,1.8708797941985646,7.552909665312364e-05,0.04917759698415004,2.2931476470178374
HD_125271,ok,0.0005772478721244149,1.1244869834040114,4.167995406798057e-05,0.012378809520848855,5.736335596495607
HD_125390,ok,0.00038636711177537133,1.492241341804406,6.984297379101057e-05,0.0355765143454698,0.3902908782328048
HD_125595,ok,0.0003827572493386744,1.0517237206692562,7.69073184616275e-05,0.07802689349637915,6.261764960701979
HD_125612,ok,0.000726209305285298,1.0461062914818375,0.000142268124537137,0.20475196258721587,7.156597700805057
HD_12648,ok,0.0005374504293528107,3.6467273157845783,0.00020072422452569857,0.07880664658402266,1.8835752962366235
HD_126525,ok,0.0002765132586193733,1.1052714419202163,3.70756597786943e-05,0.03959680470919569,0.46382409598979596
HD_12661,ok,0.00025709496407458235,1.2971970539616735,2.55832720726003e-05,0.01878567687303132,2.677534985893153
HD_126614,ok,0.0004250297003429847,1.1133708275419945,8.136052789136528e-05,0.06826394872858896,4.726164106947846
HD_127195,ok,0.000238963863006827,1.9233596605489203,5.481717437780979e-05,0.03696289512046537,2.437352107190236
HD_127506,ok,0.00039850738112817084,1.2624897954634973,0.00015047391227644217,0.16469921398709894,7.698955430173058
HD_128311,ok,0.0046515863464150296,11.89083579578456,0.004777267806250773,0.6998748633141904,5.343916595077881
HD_128356,ok,0.0006596051951285266,1.274712947900198,0.0002734526809188335,0.22385452820974505,7.514094708924632
HD_128717,ok,0.0004001763061444253,1.2321887912127394,0.00016167477140951436,0.1902387438468576,4.899786213056541
HD_129445,ok,0.0004301977960767391,1.0450223500048288,5.743087277964834e-05,0.03715101113403913,5.552816771361015
HD_130322,ok,0.0003594715740454187,1.365151176405573,0.0001899927338730879,0.2125057255188624,12.288099798947314
HD_131496,ok,0.0003140931265778002,1.4685452984074692,6.65141280468756e-05,0.04133509477172291,0.5559877444887009
HD_13167,ok,0.0003229305700023072,1.0430529591186501,3.5998047678256176e-05,0.02387290283033026,6.331878323655075
HD_13189,ok,0.0011420299368977047,9.847105435792884,0.001373863037601052,0.5090253261587324,3.8855775863918516
HD_132406,ok,0.00036832680095133275,1.1178315367919525,2.3117027052988348e-05,0.008179938843977767,0.9114401121352683
HD_132563,ok,0.0006304358039285705,1.0760357690976456,4.227706277655496e-05,0.009667677752612892,11.932778693449109
HD_133131_A,ok,0.0005249698863922865,1.1457584530840224,7.654794286025908e-05,0.04232055637178117,4.174413088878358
HD_133131_B,ok,0.0004942593402438843,1.0847370095260294,4.741155945195341e-05,0.018222518729922463,2.683551275512958
HD_134060,ok,0.00030710619333973406,1.1284945141097553,4.545023353034558e-05,0.10034674519166105,4.721685229408317
HD_134606,ok,0.00022523770905368983,1.4535218923456683,1.7750685808093967e-05,0.011509020664556429,3.214805351728746
HD_134987,ok,0.00015906157929045914,1.2651524782326744,2.629737907189362e-05,0.04399194464423716,3.314983431137715
HD_135344_A,ok,0.0024167586300873167,6.35843257920089,0.002803419978495985,0.37012034830950624,6.261670478925225
HD_135625,ok,0.00026344811809883757,1.1005531835673292,3.175294004972277e-05,0.029498428950771042,4.847755593193514
HD_135694,ok,0.0005038326781986823,1.1079780117259115,6.997132582126974e-05,0.033763922689607075,7.747552834545513
HD_136118,ok,0.0002445628141661512,1.4670722586148846,5.743220598266965e-05,0.10310261819127538,2.9093073002604792
HD_136352,ok,0.00015995530704778413,1.8317546205846773,2.562099166040818e-05,0.034633732886708395,2.908590668700819
HD_136418,ok,0.000469164418609167,1.3147848893855343,6.491074585028438e-05,0.02101021771139725,4.24774843703771
HD_136925,ok,0.0003145906081932133,1.2198910108948315,3.3400236646180406e-05,0.022190186894765478,1.9199759927417048
HD_13724,ok,0.00037802632491886384,1.527088991724774,0.00019222855913606123,0.20526268264369985,10.13117676650711
HD_137388,ok,0.0007335062392058872,1.9282716734097567,0.00019662466273619048,0.13059582766481148,5.817979478865384
HD_137496,ok,0.0007277317677218618,1.0180336958126497,8.578160934653685e-05,0.02837863672356633,6.396070913180642
HD_13808,ok,0.00028738612352282504,1.0134132678383987,2.1881421308751767e-05,0.012867089968866164,6.078737070665428
HD_13908,ok,0.0005135549518748431,1.0495065279698876,8.188472842365336e-05,0.17621380269035986,5.61945105023616
HD_13931,ok,0.0002599325908107833,1.1690280586234727,4.7196972325066165e-05,0.052170645065243264,3.501601420174371
HD_139357,ok,0.0004528168018739722,5.356989649039947,0.00016784140741164493,0.07281910878307049,5.139889549901434
HD_1397,ok,0.00027702009389084817,1.2098567401374143,9.032440225470699e-05,0.11975485766552862,11.890896975278652
HD_14067,ok,0.0004930194676577455,4.2700148854088456,0.00022790904098845467,0.13822196309863327,4.738585299475744
HD_140901,ok,0.0007815435436045977,3.5277602438874527,0.0005584249954134319,0.2754102604197199,10.15858406279364
HD_141004,ok,0.0001490282750530614,1.3842892541323872,6.478472942247391e-05,0.1407769270687443,8.194108648420297
HD_141399,ok,0.00024530552108335466,1.3842445444300966,2.937119673868081e-05,0.023917188228248214,5.792382500699102
HD_141937,ok,0.00044935629001425674,1.0925047063390212,0.00010774646973956003,0.32583594438562113,4.5061102873203
HD_142,ok,0.00013601720369798613,1.4306328633577199,4.34074757835968e-05,0.12415080245178173,2.4628880368362798
HD_142022_A,ok,0.00027319416275696707,1.1753646396962922,2.1950573071806353e-05,0.01277443159041153,8.14520340072992
HD_142415,ok,0.0017126186232554739,8.399343645778254,0.0016399687906809015,0.7334387142427218,6.108132776604862
HD_143105,ok,0.0002644467591056629,1.7303292512205888,0.00010283164954812207,0.1700083800492922,10.073254850201446
HD_143361,ok,0.0005202663667278097,1.0737078293329625,6.361754722978694e-05,0.0284852174165461,3.0540471406471568
HD_143811_A,ok,0.0005087897137678192,1.1334955088224092,0.000122831218559935,0.09613314698036624,4.362901738980928
HD_144899,ok,0.0004980486892916245,1.0905865127975638,8.165154411072468e-05,0.04575355304262462,4.969726557558781
HD_145377,ok,0.001204923656149994,1.8831297499658295,0.000898462959445057,0.47250644484135446,4.672269380016062
HD_145457,ok,0.0005799956974965477,4.990784057799252,0.0001823335650943274,0.058705867561309535,1.630829490272049
HD_145934,ok,0.0004212042224499953,1.392707519008675,0.00011273864231266832,0.07444213203548608,1.6450225287700628
HD_1461,ok,0.0001719978835249514,1.3637141038135419,6.430866068873332e-05,0.1713139519454961,7.7928506980739405
HD_147018,ok,0.00044720819576149213,1.457153699287422,0.00016024938837401354,0.1750047847300925,7.186896190034184
HD_147379,ok,0.0004165636321508347,1.850532429774177,0.00027500402012818024,0.27156192738817536,8.754406218420886
HD_147513,ok,0.0012770509519755844,16.568698026656786,0.0012586835026972725,0.6992523246958358,6.108123848568312
HD_14787,ok,0.0003189711722677374,1.600040389807716,6.0575527527886644e-05,0.03728383580007288,0.5091223920334332
HD_147873,ok,0.0003630934788009581,1.318830351025033,5.957675859849246e-05,0.04580182372043143,3.3016847864546803
HD_148156,ok,0.00034666266688741,1.3829641963663275,0.0001385600530770478,0.2336961895987757,5.311430658627574
HD_149026,ok,0.0003399952336111867,1.1455961396076941,7.577675152279415e-05,0.07458951498836115,5.968041736833281
HD_150010,ok,0.0008135792102943278,9.089174210931445,0.00047002790044106067,0.15590925672808895,1.178021038520892
HD_1502,ok,0.00036360235032770573,1.2737588077563737,5.645411385834123e-05,0.03135677444914508,0.783460083148817
HD_150706,ok,0.002315649263469931,13.910843636693016,0.002103072239650943,0.5392280270529427,9.37008768472747
HD_151450,ok,0.00048269963226089594,1.0461297573727903,7.602159420526614e-05,0.19708224244607983,4.345207651115369
HD_152079,ok,0.0005576137273653908,1.0973148514144362,9.735801038762823e-05,0.05878102431786971,6.430404444519724
HD_152843,ok,0.0005089401234138094,1.033457056933288,4.388269525328134e-05,0.0151024856110405,10.694203760632018
HD_15337,ok,0.00043522549442623094,1.0191395878470701,8.034203035193846e-05,0.06845221013764904,8.442537381538765
HD_153557,ok,0.0014000724008472528,5.209372137838829,0.0013144210896617273,0.4314722614950556,6.559387798530873
HD_153950,ok,0.0003155775271859145,1.4698553806560621,5.5013416094746505e-05,0.04879547351548598,12.217803337984833
HD_154088,ok,0.00031793054314251465,1.0976267144853078,3.936084148561161e-05,0.08364259256012303,2.8294088010602003
HD_154345,ok,0.00019536022121718053,1.3321093184050692,5.4305834660135186e-05,0.12653986061199288,9.334008619490378
HD_154391,ok,0.0003049004542496513,3.1109070756161827,8.31140511437117e-05,0.04833956039603357,1.3934793802042211
HD_154672,ok,0.0007947218046154838,2.519445192283899,0.0002587954613079252,0.14714863956320834,12.217835284677449
HD_154857,ok,0.00026076364364882023,1.4167688179422768,1.7508111766158017e-05,0.007613958386704581,7.186963973266193
HD_155358,ok,0.00028302676415631664,1.4631860619577701,4.863368339260739e-05,0.04956682606146716,11.663254280195732
HD_155918,ok,0.00020054168669381955,1.2065933184323836,3.656372721622799e-05,0.058074379082484154,6.7707213810040745
HD_156098,ok,0.00018406928563425494,2.0856134945950493,7.893328394454272e-05,0.16580957977772542,3.2152211963642987
HD_156279,ok,0.000351756408486325,1.3540125620299783,4.068846374499529e-05,0.02721167424851588,10.073217797144805
HD_156411,ok,0.0002042338932035311,1.4052187615494456,4.0154388945217385e-05,0.054767996490663606,11.107147782163441
HD_156668,ok,0.0003686906098958823,1.3053127861922027,0.00013135772255507187,0.1880899662898764,12.829637961534331
HD_156846,ok,0.00032009175080456614,1.0593503466670058,2.316280926672804e-05,0.03860149418571427,4.866663848352527
HD_158038,ok,0.0003739522582128273,2.061259190692483,6.956681767664787e-05,0.04494948091729539,0.5682869027739502
HD_158259,ok,0.0001971477674781279,1.5291634754260495,3.318539746040441e-05,0.04998040729362235,11.381401293403087
HD_158996,ok,0.0024558909394537887,38.52723140877214,0.0016557219488393632,0.1979154758799948,4.426340731617099
HD_15906,ok,0.00127534395279843,2.334208596505848,0.0013647968638295588,0.8362069414891121,11.638435160167237
HD_159868,ok,0.00023052069118240323,1.2498563224222436,3.097701957829009e-05,0.029293133123876238,10.181609733477329
HD_1605,ok,0.00030067385924004207,1.604972927652053,5.963024180114166e-05,0.04686442827017312,5.337830704871438
HD_160691,ok,0.00010717099001127315,1.584556717426127,2.8516330058134113e-05,0.08769227624282655,6.411652992898809
HD_161178,ok,0.00048653146311648007,5.786294526991978,0.0002194921874236618,0.11722889973630664,2.9614691781569933
HD_16175,ok,0.0007999390523335873,4.06867709010288,0.0005366311531579408,0.3328059301450276,10.823183634982714
HD_162020,ok,0.0005739922527067208,1.3188167909887467,0.00032758598027588225,0.3234593074843953,7.862538903570424
HD_163607,ok,0.0002884642731093552,1.1244666909325183,2.8039745403226018e-05,0.017210218319776833,1.7137207687339897
HD_16417,ok,0.00014085849967506738,1.5373190985809757,4.823205698911353e-05,0.1432889658353885,10.131010439330566
HD_164509,ok,0.0006748045971377487,1.0677783452458973,0.00011592625806683446,0.15403670271056155,4.53251484411452
HD_164595,ok,0.00022595013007096535,1.3303002427217256,1.2558560216619551e-05,0.006625322489203586,4.045760595467622
HD_164604,ok,0.000907925133575521,1.109848289422483,0.00017717033453149334,0.06167773294386688,13.0
HD_164922,ok,0.0001998357428987467,1.2770771226603297,2.0356148498115117e-05,0.020338029491289294,2.8282283191076565
HD_165131,ok,0.0008535812261677185,1.0868989094931774,8.663399903845415e-05,0.06597418528454776,5.289876165636839
HD_165155,ok,0.0008465649728189692,1.097883413609205,0.00025481412154999323,0.12587375824414965,0.7046732244062841
HD_1666,ok,0.0003630063060240956,1.186985925514649,5.0512985576965845e-05,0.03293430810308085,2.4303812192551866
HD_166724,ok,0.0005811902633787527,1.1882687936414729,0.0002423344597987981,0.24397072267324818,11.514339542185946
HD_167042,ok,0.00023405130383568094,2.5710155345033905,4.196848992644685e-05,0.029979400536638896,5.5180481638675545
HD_16760,ok,0.00348254615819511,8.200871924732109,0.003368106573874924,0.6248895091350681,9.158074438166924
HD_167677,ok,0.0004388336076434962,1.0415158911509348,7.049931459836596e-05,0.04478883656002073,4.69345955917201
HD_167768,ok,0.0005898112353602015,6.345272114169483,0.00030026906003602176,0.1344516437371506,1.8069769505595417
HD_168009,ok,0.00017950010383424234,1.502047535101279,4.5186388072661677e-05,0.0978001607040239,10.07319820619351
HD_168443,ok,0.00037765764745834377,1.0771206215717304,5.004735615083104e-05,0.08798694958412334,3.2114473629020988
HD_168746,ok,0.0006479414779385067,1.0984989340316105,0.00015503359872838217,0.197901683738617,5.706248465016513
HD_168863,ok,0.0008296686884412327,1.496510056250344,0.00031629286292410346,0.11643676084398562,2.7153407647207017
HD_1690,ok,0.0013939485502470687,3.8829612006838388,0.0009361558245374332,0.28543551561977526,2.202329213551628
HD_16905,ok,0.00047811040220005713,1.0351063765479687,6.800676747519353e-05,0.040189146486269395,6.078713351724143
HD_169142,ok,0.0007847956394843905,2.142287313004734,0.0003426110787560599,0.11851235899282507,0.6321389120619361
HD_169830,ok,0.00015862064196151365,1.5088862649109152,5.87945626530461e-05,0.1695554214816535,9.04702432862775
HD_17092,ok,0.0005245675684952408,3.6450155733129694,0.00019400378810620396,0.07123221304371424,5.619296896511902
HD_171238,ok,0.0010099370848978878,1.2503138482811063,0.0004042366699764352,0.17539450559647524,9.027705424208534
HD_17156,ok,0.00038340997645545645,1.2752739576028904,0.00017111451153247492,0.25347651860736653,6.498171961421931
HD_173416,ok,0.0005361539133580688,5.868238449815945,0.00023464726978554117,0.11351070861316552,1.7508065296061899
HD_174205,ok,0.0007016215215897878,7.591448213193393,0.0004996089966024969,0.26646438247501963,1.8059821622635635
HD_175167,ok,0.00030320412430745344,1.1527649079308293,2.2031333621986065e-05,0.009438839868346566,0.6631358540970621
HD_175541,ok,0.0003045240195103077,1.2526315081071355,4.407144758536664e-05,0.027898394486638892,0.6774402823314575
HD_175607,ok,0.00039849971990841036,1.1392721443847713,2.8218038650934365e-05,0.010059462387487382,3.6188298481517576
HD_17674,ok,0.0003399155567725319,1.5633195955008803,7.241469722681119e-05,0.07146318691194257,4.241291138936681
HD_176986,ok,0.000788419531149187,1.1971248302723152,0.00042146775813552985,0.43207307258303085,6.89690126485443
HD_177565,ok,0.0002545870208527001,2.357338584502825,8.841885314995215e-05,0.09953965126798772,10.554704749985527
HD_177830,ok,0.00028233330958200316,1.7994502676112256,4.5276196674989023e-05,0.02834352532147983,4.426976934661372
HD_178911_B,ok,0.003776717965321014,9.542494050208797,0.0011499677157121497,0.12237584797423626,11.852116828519506
HD_179079,ok,0.000294982133994849,1.0954988384779347,6.007025130065057e-05,0.06902514227499282,0.5799379774122768
HD_179949,ok,0.0005514249993410707,2.050459116412406,0.0004441647947711576,0.49557921266751165,8.448184549150332
HD_180053,ok,0.0002953293647693253,1.2217285104283269,4.39621970397845e-05,0.030351089334128823,4.7236635502625175
HD_18015,ok,0.00035177417278612385,1.424403384909303,0.00015723975878596897,0.25413378338730835,11.638540792424589
HD_180314,ok,0.0004920489138788321,4.052718256295103,0.00030900174628026804,0.18569957363431996,5.990912713050549
HD_180617,ok,0.00025963392850791606,1.1115787521468004,6.341669605195223e-05,0.07753787194738661,5.4437049380631946
HD_180902,ok,0.0003041966930411435,1.3814675012866826,3.164768841622623e-05,0.013682076859886372,0.2778596777081467
HD_181234,ok,0.0004188725093669637,1.1815826202849733,4.981498266206752e-05,0.02882542724691273,1.3232562406539872
HD_181342,ok,0.0002780524064704972,1.4354861464842037,6.011431157815884e-05,0.04602943862284719,5.971671953713256
HD_18143,ok,0.00030558127451514957,1.4013336023702183,6.411927320060802e-05,0.07467882985148441,3.3930323898149637
HD_181433,ok,0.0002952075892725431,1.0544500118125155,1.7470415721251454e-05,0.007468409533349916,2.3340309764950358
HD_181720,ok,0.00029000105056086226,1.1579716119721668,4.534748936020465e-05,0.04640920067578193,3.618779882020232
HD_183263,ok,0.0002751782157612519,1.0584395911278917,6.0964464563151e-05,0.0963482214344809,3.629308690040874
HD_183579,ok,0.0004874615793154686,1.299921570921934,0.00029220412154880564,0.41155416679183743,9.046914685276143
HD_184010,ok,0.0009738507339203774,10.871211328053713,0.00018981186859396681,0.03897972213817136,4.027888721882962
HD_18438,ok,0.0035250548211021404,71.5334355535854,0.004135156366994592,0.38163626758148167,9.637256724503318
HD_185269,ok,0.00020281839163057233,1.3732861604623459,3.594998605109094e-05,0.04697058483311208,5.062981111640748
HD_185283,ok,0.0004102569579842781,1.086971119327671,7.39363235933805e-05,0.05972443307128752,12.66569559926836
HD_18599,ok,0.0018533575449251696,4.7087453522247555,0.0017816554118458786,0.5437445220705934,4.344122019425025
HD_187085,ok,0.0002433640297727109,1.2842433918811007,3.93823768712203e-05,0.0429890596786896,11.514383517956771
HD_187123,ok,0.00038558667578087407,1.4979424322632622,4.2082439379533396e-05,0.025390050789395154,0.8789536172352287
HD_18742,ok,0.0003664099964886287,1.675598839496656,0.00011052238576981488,0.08192696564138627,2.783119216046964
HD_188015,ok,0.0003525652716995649,1.1232392138021756,1.3339723269549667e-05,0.0032888028889477548,0.587553765863004
HD_188641,ok,0.000293999464181801,1.5095484091725233,4.505103290259547e-05,0.03794624542174989,6.089822416618007
HD_189567,ok,0.00019565650892440525,1.8495740810853574,5.704583692717344e-05,0.09463175342736216,6.332841912697575
HD_189733,ok,0.0027925818688662426,6.065828560778607,0.002826428858274262,0.43764474160801425,5.981167201796091
HD_190007,ok,0.00031929652879322037,1.9694597573318184,0.0002082924012851616,0.35203940642325515,5.444097918680525
HD_190228,ok,0.0003194366820742003,1.753963612487686,5.628913716995338e-05,0.04578951605439305,2.89753940774768
HD_190360,ok,0.00014488901596986444,1.6175602359002776,5.7083935930729784e-05,0.18079448135256357,8.691715607160031
HD_190647,ok,0.00033295330970836164,1.4251683127541137,2.1498709208663605e-05,0.008520065185922384,3.2917151706305336
HD_190984,ok,0.002333731248981332,5.289243177615269,0.0013102496245918861,0.20495068083173743,12.665716499543807
HD_191806,ok,0.0003276197410675044,1.1341818221427848,5.432639282514747e-05,0.051055270105828096,5.300241522960177
HD_191939,ok,0.00047001847955806296,1.1140251997166621,6.541420375648652e-05,0.03473102508201189,1.7128465406356668
HD_192263,ok,0.0015968474989706968,3.411626780849714,0.0010415757834445895,0.37753057531703,6.870204145743569
HD_192310,ok,0.0001328008379261129,1.625086860567028,2.3811799223973284e-05,0.05644800175781046,4.3497928136942425
HD_192699,ok,0.00019935871982418134,1.7220020004280823,3.980193420360741e-05,0.032990579162122176,0.5201909297863527
HD_194490,ok,0.0004717423142785126,1.0527136653347207,2.13558595458379e-05,0.004615917598443057,0.24655232098948285
HD_195019,ok,0.0001992262306102415,1.230425225621328,1.2104625474590984e-05,0.007365825554589352,3.2764141397689914
HD_196050,ok,0.00024933168053896854,1.164637608552836,2.2522722290072407e-05,0.014874534522803939,3.5182805095908525
HD_196067,ok,0.0004566680039429929,2.8569785008223683,0.00011092526033881,0.08817333969148866,7.450392806772203
HD_19615,ok,0.0024327312932763577,25.689075289456976,0.0017207800329582512,0.2831831848591734,12.474907114464258
HD_196885_A,ok,0.0002061083867151671,1.600466230346804,8.7856757120164e-05,0.2146455513189143,6.331968155234558
HD_197037,ok,0.00032980117739224397,2.0848424609118528,3.018981354100684e-05,0.01563402205217985,7.189212599641905
HD_199509,ok,0.00024309367116869817,1.4950201793474667,1.9487118229455467e-05,0.012930302352397411,3.518322783321885
HD_19994,ok,0.00022169241026418352,3.239239296454718,0.00018978515207399442,0.4363645389043758,3.972367096428222
HD_20003,ok,0.0003348878675913528,1.0893690518948114,8.730995594248033e-05,0.1263431153016028,8.33525371083275
HD_200964,ok,0.00022120638244299906,1.894561683582677,5.7264396456754015e-05,0.04609367793382317,3.7259217256724315
HD_202206,ok,0.0006608713690397716,1.0998818438527,0.0002160807900831001,0.26839868328419086,5.509877699472801
HD_202696,ok,0.0003589940807220831,1.3502005019338956,6.536290750033683e-05,0.03546227614026269,0.9880438048622067
HD_202772_A,ok,0.00043874336281176046,1.173906441744692,9.79305308392865e-05,0.060825310624824325,5.839340760458687
HD_203030,ok,0.003039658936596068,9.498484171324865,0.004822221022622668,0.851932173705409,6.505101438463471
HD_20329,ok,0.00043053301619144573,1.1066373328014247,4.700791729770958e-05,0.024557373002806117,9.936384473540063
HD_203387,ok,0.0013047662650866982,13.933561752217297,0.001098591992252168,0.32450512813488247,9.74821966332019
HD_2039,ok,0.00048306740496490514,1.0406645552289295,0.0001326517110545169,0.11529913470812438,9.46771078156951
HD_204313,ok,0.00026762312002288056,1.0089710909766427,3.80810616995433e-05,0.036733876485159224,5.868334754362754
HD_204941,ok,0.00043827945942792845,1.4190864351894754,0.00016592632550312887,0.15095694476552673,13.0
HD_205158,ok,0.00026900018585972765,1.06749999494282,3.61264722833192e-05,0.03273152391005977,7.444734710219227
HD_205739,ok,0.00038476857549086667,1.0500017219009317,5.8116542058491935e-05,0.039202889651729765,11.886376590388544
HD_206255,ok,0.00024205562398684852,1.1069218136815873,5.348899307058992e-05,0.0688294489635345,5.418739292799148
HD_206610,ok,0.000414110203575159,1.4965555176635925,8.297215075451521e-05,0.045287156015564836,9.00012402888917
HD_207496,ok,0.0023841344412784135,8.643453371167249,0.0032035029618032065,0.7960772681071633,12.665713571395827
HD_20781,ok,0.0007541773168885421,1.2144438565779345,4.643313429318226e-05,0.00835808090418308,0.4163372775828331
HD_20782,ok,0.00029743109137416975,1.522214167508741,8.065867685895582e-05,0.08560126004587285,2.719479564611805
HD_207832,ok,0.0005852775104123895,1.508113933493633,0.00045191098765538383,0.4396251379751946,5.6307431682526685
HD_207897,ok,0.00032719697029437726,1.1389316357903012,5.529400069841606e-05,0.05366197961695968,3.0937925338856513
HD_20794,ok,6.327338163269162e-05,1.4460023343167527,8.364759568381714e-06,0.022452524667989054,10.131036668598995
HD_208487,ok,0.00023491461505762448,1.0974338820508776,2.7035876558269628e-05,0.023211530383007165,5.397223937406739
HD_208527,ok,0.0029059805300182197,38.3833792681153,0.002950612692418211,0.3989891365050292,7.444717808476335
HD_20868,ok,0.0005889538939884184,0.9755956175138022,3.7949252929726946e-05,0.008757932210886377,3.112362982272444
HD_208897,ok,0.00025285349831176326,2.1734837394513633,5.102370692932539e-05,0.038756630039840714,4.689352711218612
HD_209458,ok,0.0006312329519135544,1.2350990802592732,0.00023688713103804586,0.18010967445160123,9.467677119583257
HD_210193,ok,0.00027772731084820115,1.1316469196705117,8.416477045127544e-05,0.1393171797490236,7.042119637195311
HD_210277,ok,0.00030938253934642394,1.1081684463264048,3.8264261869624955e-05,0.08143890420807949,2.9484969162660377
HD_210702,ok,0.00019586580230881542,2.1987219000812317,5.175997351078279e-05,0.04954493723626012,5.215917897669381
HD_211403,ok,0.0009746001995598238,2.6001490954464357,0.000829266950327396,0.47990312516937855,2.9166141000935246
HD_211810,ok,0.0009107484131731175,1.1648476295185068,0.00010480277752800539,0.07999613837003432,2.0762989691525036
HD_211970,ok,0.0004331440969074684,1.4635604742741912,0.0003180826429568241,0.4266807256914078,11.890916070545904
HD_212301,ok,0.0003608867570400015,1.4669415084600037,0.00024448025263379354,0.4151908616634112,8.335190489526868
HD_212771,ok,0.00025582070237597354,1.276401436190105,3.934933047837576e-05,0.0247654625291723,0.6665847682983479
HD_213240,ok,0.00019776458818477997,1.289775744807316,2.379636994512729e-05,0.02007536873039206,5.215913519127691
HD_213472,ok,0.00036437206367458206,1.262336402303204,4.147158404281609e-05,0.023937405361232882,4.145821750857976
HD_213519,ok,0.0005616006976225793,1.0896654489198594,4.767448646271592e-05,0.0496367701089595,4.689847122543641
HD_213885,ok,0.0002883987089543135,1.0986799381978933,3.139535603314181e-05,0.020539827983482046,11.890914552142721
HD_21411,ok,0.000740376731624441,3.0463370546142357,0.0007498972537254457,0.7268008257826969,11.619292078801934
HD_214823,ok,0.0003346186434004568,1.1678296116673572,3.7072770513199285e-05,0.025100741432124787,8.865447858094637
HD_215152,ok,0.00037817361962400443,1.5615898935096988,2.8394121095428264e-05,0.010766806616593336,3.5678128904702078
HD_21520,ok,0.00047925888778638286,1.0109525998454068,6.133432622060188e-05,0.0339828627943592,3.3770151762376295
HD_215497,ok,0.00039248837306271877,1.0419012076733798,6.279119582665214e-05,0.04384567744156563,2.4146260949128564
HD_216435,ok,0.00015565179039248337,1.4668264276184337,6.935405730347705e-05,0.1773664331119283,5.875585759676372
HD_216437,ok,0.00013439633944032606,1.2986695970669258,2.033193511143607e-05,0.03162437527929185,5.875522119160848
HD_216520,ok,0.00024500366602815086,1.279965165280278,6.845375228486421e-05,0.12660187923247587,4.695339203477214
HD_216536,ok,0.0008147397897577581,2.0468408409346206,0.00024655202400241966,0.06311705916679396,3.6640570243042365
HD_216770,ok,0.0003284715351882666,1.2379169573770452,0.00012378891256274767,0.18047804553542973,6.0747128892608195
HD_21693,ok,0.00027153569865999856,1.1000195640119255,6.598898742829403e-05,0.10909360157483762,6.078742096819499
HD_217107,ok,0.00016333963779984598,1.5120341553830634,2.6666539665394327e-05,0.050835483806722453,5.189432169863204
HD_217786,ok,0.0002857650498681437,1.1654649315370333,3.25854873359604e-05,0.01873617969918738,0.7766521888864183
HD_217958,ok,0.00037203792691837856,1.375053081318988,7.683118744612272e-05,0.07480811396624726,2.528894922348949
HD_218566,ok,0.0003444200049306793,1.130642535929572,5.539196755042665e-05,0.04853725786574081,2.1955386315785903
HD_219077,ok,0.00014393025105820636,1.3916491470109749,1.946999153523328e-05,0.021948411083121826,1.9930453322816695
HD_219134,ok,0.00016635190093893998,2.338207872550266,0.00012442528898532376,0.42975186336347587,6.57057504059796
HD_219139,ok,0.00046355437627686945,5.489436098279556,0.00018732056599851484,0.08065858150361224,5.02782029313869
HD_219415,ok,0.0004419066786067496,1.1714183803381542,6.383380306458197e-05,0.026899774657014167,3.2782455045386656
HD_219666,ok,0.0006474353558271216,0.9721783513712017,3.999443449283376e-05,0.008143407795771936,5.027766490113405
HD_219828,ok,0.0006340548743587311,1.0684204431512285,8.666704416588884e-05,0.10769727290737745,3.509200695949936
HD_220074,ok,0.0009701737255184012,12.907535200810601,0.0008094564931099723,0.33619290573744165,6.489216533985756
HD_220197,ok,0.00045182117748434367,1.0811800240062708,5.428612745137975e-05,0.030839855106865828,2.9831363224849623
HD_220689,ok,0.0002648200550509889,1.092580450891907,2.8623557646423487e-05,0.022961051610338817,2.60779580689943
HD_220773,ok,0.00022892048810373858,1.2907756011500005,1.4956026291255636e-05,0.008601418574994087,2.2011814861993684
HD_220842,ok,0.00030178933595137203,1.060075998572575,2.916282822432819e-05,0.01852736953774223,5.23608410337991
HD_221287,ok,0.0005915341055259188,2.3309157900875523,0.0004016610509746292,0.31117866615572926,5.875578486694147
HD_221416,ok,0.0003378283003063679,1.3080339832260752,5.714859800350334e-05,0.03438046520690934,2.301153962311539
HD_221420,ok,0.0001421123599902631,1.536995494930682,3.7030888155368847e-05,0.0663406091532288,7.444739950078726
HD_221585,ok,0.00028940589865217786,1.45620789357632,3.075065959558945e-05,0.019609111396828128,4.171652786528211
HD_222076,ok,0.00026897915627323467,1.5157834639482082,6.047636599063729e-05,0.04122963304562909,3.048411931967084
HD_222155,ok,0.0002537293105981321,1.470443808162676,4.0262266564930924e-05,0.04067624456815689,7.267949469569146
HD_222237,ok,0.00016214317565048844,1.1437408835125036,3.9523118193035506e-05,0.0865769359422531,6.134203175237614
HD_222582,ok,0.0002783806981391384,1.2071205242703513,3.2252714672483765e-05,0.02666232200970637,2.0138722104113955
HD_224018,ok,0.000660562078861326,1.0464471892155671,4.43931778744772e-05,0.009865704596054885,2.2902989316194446
HD_224538,ok,0.0003108666634454674,1.0963586629333606,0.00013331260049687937,0.26510323910595335,4.852715366984525
HD_224693,ok,0.00034782901531511996,1.155534933526585,6.478746805071006e-05,0.06167038199348111,10.119481703249345
HD_22496,ok,0.0003080020985950459,1.2722124410231406,8.874603133521764e-05,0.12355511517011963,9.210005552076009
HD_22532,ok,0.00032425356459740847,1.4675635397193352,8.644651652612472e-05,0.06556218569983913,0.6412021697675628
HD_22781,ok,0.0003928358727324512,1.1117950813448338,5.820451842837135e-05,0.043641387853512945,4.882872311833732
HD_22946,ok,0.0003145414725121654,1.008941546527416,4.488686724665011e-05,0.040146275796807566,3.752253470977688
HD_23079,ok,0.00019400793359602408,1.1102995185871842,1.239797802468032e-05,0.009442126725380995,5.065479600139611
HD_23127,ok,0.0003603326646025063,1.0388779144292057,4.8971573785253864e-05,0.03823730576402806,6.078735679668558
HD_231701,ok,0.000526896584850833,1.1025529992634882,9.732001299587245e-05,0.05801178544778055,10.182930521181357
HD_233604,ok,0.0010384484826766079,1.0352687585719442,0.00020420088606558262,0.04322875821045382,1.1152268723552832
HD_233832,ok,0.0008058546750189055,0.9532950983057749,4.911346769779819e-05,0.008287842663216494,1.2834144128855691
HD_23472,ok,0.0005270542737535629,0.9992071601974585,4.504680377579563e-05,0.013668482476888939,5.637936557709015
HD_235088,ok,0.0008561308601820839,1.8781907478184479,0.0005986949869609538,0.3798292477925055,10.065683624787981
HD_23596,ok,0.0004230716394593304,2.2125248032275238,0.00018698621758870575,0.13257812724204127,4.726331824754606
HD_238090,ok,0.00043248501347581414,1.058819541229837,4.7872907905490614e-05,0.025781700189223305,5.421482755503884
HD_238914,ok,0.0006639760088616658,1.9213199149711422,0.00026619186160562646,0.11553811042486944,2.1883149343710215
HD_240210,ok,0.0009423495717829494,4.655393655378853,0.0007241375713782711,0.28096583662201624,1.9271470799461974
HD_240237,ok,0.0005940294003197019,3.17072726866648,0.00036464962564080656,0.2524320580515419,2.199037921150885
HD_24040,ok,0.0003097904245114524,1.460925908405762,3.227889084192084e-05,0.023618805494055053,4.258466660201634
HD_24064,ok,0.00204666627947574,20.205836301618053,0.0019320583876677247,0.36697408384472063,12.475312521710066
HD_24085,ok,0.00033551614321160713,1.4763220232019372,0.00013784152963213886,0.2169303233943434,5.215840895363299
HD_25015,ok,0.0015934699264467435,4.264656258287646,0.0014391736857147118,0.48575567053597407,6.071359486427787
HD_25171,ok,0.00026658133147809145,1.0727284422579655,1.8890624629212432e-05,0.009685110213497015,2.0281441017944157
HD_25463,ok,0.00022508924188133805,1.3513178495022258,4.853428478547434e-05,0.07757665775111937,5.793499551636811
HD_25723,ok,0.0003947040941038732,5.291827063298298,0.00018013910019258595,0.11479362183286851,1.066013128910631
HD_25912,ok,0.0003835302622261807,1.3291050558448396,0.0002278167510427543,0.34979840246803745,8.442511579469947
HD_260655,ok,0.00038355187541643844,1.059908947573888,5.5596529186718474e-05,0.03814733282400302,8.672722144678541
HD_26161,ok,0.0003227127899700816,1.97819090558843,5.3194348975126194e-05,0.049597717715267754,5.012112026293152
HD_2638,ok,0.0005602610402126441,1.149375878225853,0.00019813322027218533,0.14997324489624375,10.131112620034969
HD_2685,ok,0.0007018378062351396,1.0584725962703283,0.0001519455160620754,0.06213599333839189,5.875525648173101
HD_27442,ok,0.00015663915280939746,3.642626694088201,2.6617809950798365e-05,0.01679680172394788,3.8550823139222388
HD_27631,ok,0.0003557365376283431,1.213279711962017,0.00013039049771400597,0.17863339556458316,11.688210418854043
HD_27894,ok,0.0005363090653645395,1.0194898818694496,7.254567767491013e-05,0.03881734905105077,5.156833462841957
HD_27969,ok,0.0005341304242507202,1.0513117783889816,3.055327719883367e-05,0.032507749222161514,3.4828346993219834
HD_28109,ok,0.0005701648657211461,0.9945149837149581,4.281599459242122e-05,0.011256822331844748,1.9165773042361407
HD_28185,ok,0.00026102414462482324,1.0885529548828716,2.269360875743475e-05,0.0164859867772212,7.518540730060561
HD_28192,ok,0.0026488579637181544,9.555736058284113,0.004417841809023818,0.6322472298424285,9.86588565978545
HD_28254,ok,0.00024666361173006037,1.0766291836327828,1.566547754346609e-05,0.008301456174500833,4.605030107834151
HD_284149_A,ok,0.006179897643055953,9.722549017245056,0.008049303381075299,0.6543287169277451,1.079703850310656
HD_28471,ok,0.00027647303235029335,1.0975267914127786,2.139361211684421e-05,0.012513469592549821,10.157700241162425
HD_285507,ok,0.0024793819148970215,1.5443273796977475,0.0021112985517680984,0.6799008856878961,6.089557787836043
HD_285968,ok,0.0008441931142261136,1.0854799224001341,0.000276133943480669,0.2907230750505022,5.803461419132939
HD_28678,ok,0.0003814741722640416,1.4365671572181367,6.571641783490697e-05,0.03384774129761271,1.4143395367492242
HD_29021,ok,0.0003899710875880489,1.6633927373453203,4.169112527271144e-05,0.0191483741534141,4.996098180127728
HD_290327,ok,0.00042398900688089656,1.0191149962743156,2.4748953253629255e-05,0.007418036916353068,0.2726849532630171
HD_29399,ok,0.00022952873832444512,2.7687042226311176,5.095648988334867e-05,0.02905162717464599,2.3337883481127646
HD_2952,ok,0.0004596780565008935,5.319399404090657,0.0002319594945431104,0.14225759093722318,1.620711649800854
HD_29985,ok,0.0005457496867720621,1.054362296437647,8.813050948302872e-05,0.054604815902701075,12.805132060822304
HD_30177,ok,0.00032941907482877253,1.055957924626037,2.870315576303834e-05,0.015559683154658683,2.5590704510035276
HD_30562,ok,0.00019151886049772327,2.0744305276264448,0.00015368693284332043,0.4469472438729548,5.586681866410523
HD_30669,ok,0.00045758281594962487,1.0343704731117478,2.269392573997623e-05,0.0056604492046080845,2.6149324823662408
HD_307842,ok,0.0006019400854115453,1.0540994777159483,8.0840257307448e-05,0.03740124829415166,2.6954441922601573
HD_30856,ok,0.00034545678722000105,1.5252322500967943,4.8225054007519546e-05,0.02073986900799952,1.0565599069770186
HD_31253,ok,0.000217862801430843,1.2066162917548617,5.656983541966393e-05,0.11208618211369353,6.435321687811154
HD_31527,ok,0.0002734297422249454,1.2983456458968001,1.4692629536662416e-05,0.006106062106367431,10.653382518540772
HD_3167,ok,0.0005245635710950688,1.2743824069757237,0.0001014913252731357,0.06860422493542866,6.705619927183509
HD_32518,ok,0.000623394363481824,5.7931311894586415,0.00024443867844638466,0.08557878481560631,1.4480858403488863
HD_32963,ok,0.00026139571459313113,1.155694413117614,2.8322339798911388e-05,0.02562573997482281,4.855451479830572
HD_330075,ok,0.0006383359541451057,1.247220320541455,0.00011378008806066303,0.053214558599988325,6.427009737869088
HD_331093,ok,0.0007507783770310329,1.0487262905132846,4.0113512640435615e-05,0.02740738952896874,2.763374155556955
HD_33142,ok,0.0003101501906635464,1.3099753727342613,4.3284347419833314e-05,0.025647114020426593,1.8372709637713212
HD_332231,ok,0.0004555384166657325,1.195812246030469,6.65282434096403e-05,0.040241841639259514,3.7998358436361173
HD_33283,ok,0.00029693514238988484,1.0757086614788478,1.6775714563963194e-05,0.006443420045027001,3.652601394841765
HD_33564,ok,0.0001811688626500552,2.538051650964546,0.00011084576812391765,0.33654739359113367,5.422745130314
HD_33844,ok,0.00027624272449862933,1.6467892054046749,4.494418599881806e-05,0.02311298552484501,0.5381137714859399
HD_34445,ok,0.00025085939562076383,1.3047688687481696,5.415226952259311e-05,0.0770246186546504,5.623399935072741
HD_35759,ok,0.00033174329786682985,1.3758397087037082,2.635557644739655e-05,0.011715725013386982,1.639725711593874
HD_35843,ok,0.0005397510795349862,1.0401105151100047,5.797084793285078e-05,0.023164012373804024,2.8548744376632085
HD_360,ok,0.0005624340025987098,6.178448901966219,0.0001821070494837789,0.07513350985931842,1.0480026888713752
HD_36384,ok,0.002936936389934483,40.78376950783473,0.0025533219158016254,0.5488745391250566,5.660721735050113
HD_3651,ok,0.0004996943723757451,5.579274586324873,0.00013343094703046617,0.09367796033250377,9.783403814312237
HD_37124,ok,0.00028382935589137045,1.2485659145150305,4.114309691938571e-05,0.04092350648019173,6.088430937744761
HD_37605,ok,0.00045186088050299934,1.289334683287791,5.074809111577113e-05,0.027958341037025825,4.732405017286274
HD_3765,ok,0.00039235623649994664,1.0243053679940213,4.295174111161239e-05,0.08589637529667526,6.235017213374568
HD_38283,ok,0.0001867807944392761,1.2742650605059136,5.013660723282261e-05,0.09365561033354147,2.3734917191268665
HD_38529,ok,0.00016092728266098785,1.697056538886373,5.3112728068240044e-05,0.10014808514420984,4.732419467262271
HD_38801,ok,0.00032196891835371334,1.144721587170973,3.429633512461138e-05,0.02025037193845945,4.353831702521347
HD_39091,ok,0.00012243628031744945,1.3740756842306125,2.4998229302348783e-05,0.05630501428857921,5.027699091555221
HD_39194,ok,0.00030661120597623903,1.157640772392047,2.7462738105074096e-05,0.0149993747259762,2.3337565138042415
HD_39855,ok,0.00028463171191288865,1.3243884201017606,5.5072325954502854e-05,0.06837421542171995,5.439012860549042
HD_40307,ok,0.0001919362266913682,1.2508338419622487,1.738519125884759e-05,0.015347734089569225,3.599475867317917
HD_40956,ok,0.00033413624436998043,3.0255753204176625,0.00012473808049743331,0.08014048704619559,0.7552727481232578
HD_40979,ok,0.000867170392853577,5.808380977193577,0.0008005953732878794,0.45156830496929334,7.338783290249132
HD_41004_A,ok,0.000748540353825112,1.1916472024571036,0.00019287231701758118,0.07813033626922117,1.3244363804102768
HD_41004_B,ok,0.0007493371667721296,1.192910122318628,0.00018783119573929406,0.0726741812493639,1.3244363804102768
HD_4113,ok,0.0002626497287896506,1.0469053685273009,1.5264527598187864e-05,0.00718871977177632,13.0
HD_42012,ok,0.0004289650494280486,1.3051224757949758,0.00013469148772820284,0.14164620172924572,6.637984914064848
HD_4203,ok,0.0004369300016093907,1.1975313151009028,4.168213023970948e-05,0.017219594069901277,3.261138889462498
HD_4208,ok,0.00024765607651598795,1.049658622173179,1.3412987005552617e-05,0.0065404879147975955,0.3822903073995254
HD_42618,ok,0.00021624281723417674,1.404653290962544,2.326140778850288e-05,0.022712203594342114,4.613104306500548
HD_4308,ok,0.00014698023047072443,1.1259583278038865,2.3172852558684228e-05,0.03803860930997105,5.2159248339308455
HD_4313,ok,0.0003069020165659204,1.3921870440614812,5.516799856028404e-05,0.035637593304706824,0.5095987510942671
HD_43197,ok,0.00041635002919878224,1.0006836509806365,2.1646210657906913e-05,0.006113513857103231,3.2983989343430298
HD_43691,ok,0.0006687244791871268,1.0721776587268554,8.321609492425952e-05,0.10733592288280108,4.1983459943939545
HD_44219,ok,0.00031516947969878885,1.3431266425453041,8.605683354039527e-05,0.06571078769426215,1.6245351980646843
HD_45184,ok,0.00014342647076270052,1.1683918575628245,3.257877869860342e-05,0.0939017500055312,4.732354372188479
HD_45350,ok,0.00029842718322750834,0.9917569281791024,9.792750792547058e-05,0.17304099041348373,10.027502976210085
HD_45364,ok,0.00027447326494004734,1.0499615203799406,2.6102863856892657e-05,0.019437835803459445,4.732356366742391
HD_45652,ok,0.000399483013942001,1.4912349635155617,3.822216889931652e-05,0.019334345900788093,10.884413632763085
HD_457,ok,0.00034888728281756286,1.4541322469312394,8.308167355648777e-05,0.09730573059397031,5.074918670533842
HD_46375,ok,0.0005930609814470245,1.0828673934525923,9.008209530427307e-05,0.09412532897369477,5.177979905516109
HD_47186,ok,0.0002327992478049351,1.0627589863054665,2.0543857791017412e-05,0.017182738024741216,3.298322119630457
HD_4732,ok,0.0002054693180502045,2.34897249977361,3.764301953886459e-05,0.022985699448166776,0.26800858591040044
HD_47366,ok,0.00028070210608428716,2.914395715097657,7.272261087968872e-05,0.037918604162285485,5.164892599832618
HD_47536,ok,0.0010899795606442782,18.592489836332177,0.0009230573625186331,0.41453365248141427,1.9436551606176522
HD_4760,ok,0.0011323863697631728,7.595810438007553,0.0009401062653748383,0.3788349275029607,7.117527411781151
HD_48265,ok,0.0003010248000928537,1.1347229441565558,4.253550959182005e-05,0.036201635169473695,9.894970270901137
HD_48948,ok,0.00039961911440686005,1.4771207707881682,0.00019432631824193452,0.2794716642930277,11.830970881430078
HD_4917,ok,0.00038218816758728253,1.6309139628170122,8.550834030173178e-05,0.043278959336800794,5.910854307444988
HD_49674,ok,0.0006278636092632627,1.0548593265325346,7.600096317236054e-05,0.09235390534406371,7.356638552090828
HD_50499,ok,0.00022196677911322376,1.1990703397909257,7.741312570918294e-05,0.18183629702968787,4.73240196948876
HD_50554,ok,0.00037245654684785044,1.0802914658003913,6.676362696406046e-05,0.12577941300921566,5.773702435395816
HD_51608,ok,0.0002892418461979459,1.0659517983459579,6.317410432440558e-05,0.08762461274589112,3.8551858810169084
HD_52265,ok,0.00027120295175148785,2.2104158773809477,4.727369198223103e-05,0.059162540801602985,4.527818633081744
HD_5278,ok,0.0002722938901824486,1.0174892532751436,1.8783642436175187e-05,0.009520513469462323,9.467618120297328
HD_5319,ok,0.00033250085863322816,1.3783171889771466,4.946886928843612e-05,0.024697212947183002,0.42151407130008317
HD_5388,ok,0.0001722432340278713,1.1410715728809904,1.2546255444079734e-05,0.009413189594335705,1.6017123256221941
HD_55696,ok,0.000322976224788725,1.2087865526499197,0.00011368534028774193,0.16820305816766096,9.404107193986507
HD_5583,ok,0.0008950023285066641,6.113778455058367,0.0005754638278558323,0.2595754494015967,11.009120596872837
HD_5608,ok,0.0002352133125788287,2.6258342893958386,6.440345572344857e-05,0.0515446178658966,0.8949180362471307
HD_564,ok,0.0003186005365919809,1.0102429916782505,2.063443598975419e-05,0.0089545628475365,2.559069913860419
HD_56414,ok,0.0006369996081723859,1.0229680101056715,3.23248122605106e-05,0.005569636273797411,1.6450860378252903
HD_56957,ok,0.000269390410836663,1.257539586284326,3.6442114550154546e-05,0.03251014601388897,5.093760626842491
HD_5891,ok,0.0006755569158615673,3.6354952551322905,0.00024832607769900255,0.07414944212192087,1.3272704618855027
HD_59686_A,ok,0.0004932364051113279,7.34251944383422,0.0002492234327630697,0.14383726334833358,2.7866881693227885
HD_60292,ok,0.0014619610760666078,11.621059727782287,0.0008777530542803799,0.2090353781786388,11.83097974860795
HD_60532,ok,0.00011613778892008404,2.2285468015458263,1.7278560228159808e-05,0.022109291508726436,3.1346186796878768
HD_6061,ok,0.0005162755168327357,1.2677534683382425,0.00023734475819491384,0.2448716514816956,4.822065899755519
HD_62364,ok,0.00023459111986917465,1.168710772765039,2.0478034465178252e-05,0.013943364232455461,8.335192087325517
HD_62549,ok,0.0002810287755485366,1.1917002951461215,2.8607805654289856e-05,0.01967020483974883,4.366192044176793
HD_63433,ok,0.004308060337705346,27.395269517609837,0.005036192942509645,0.4928899109200901,6.229274253180428
HD_63454,ok,0.0006252214030950351,1.392663513959161,0.0004164329174409526,0.3454122230726012,5.628168903792306
HD_63765,ok,0.00037535000775210336,1.403566586308246,0.00020592652526890367,0.27426625800751886,6.434308966876009
HD_63935,ok,0.00037449490824998576,1.091880034055217,4.7060565484321566e-05,0.03310604249906047,5.555698928040752
HD_64114,ok,0.0002803717437329472,1.2271192003018152,6.262185594809544e-05,0.09614421722973063,8.732182244696837
HD_64121,ok,0.0003060170003189932,1.6839791408460734,7.375200873785832e-05,0.052092736131076914,1.7260466455580856
HD_6434,ok,0.000254764732892281,1.0922376565803207,1.7596238186124655e-05,0.01043075330839889,6.357546671659079
HD_65216,ok,0.0002880113648355654,1.1151862556408483,9.023327433211265e-05,0.15826944463248818,10.157641697580418
HD_66141,ok,0.0012077890936796007,31.482630666874737,0.0007943996647551087,0.21653530822383096,5.230602442831459
HD_66428,ok,0.00034398915338847423,1.1733444136999767,3.394675925494226e-05,0.020594583740176614,10.187562250795754
HD_67087,ok,0.00033850152343704827,1.145437847374664,9.15014789153274e-05,0.12153725199292977,4.851148098837016
HD_6718,ok,0.000337727435324386,1.0243946692801613,2.3101289164259406e-05,0.010103697513010785,2.302556152568927
HD_68402,ok,0.0007047272077057909,1.438552071037282,0.00019397199287216017,0.08224361934312426,5.042380854691969
HD_68475,ok,0.0003862590455017924,1.0847631604405137,0.0001054732841255448,0.11773265526343586,11.11385708038907
HD_68988,ok,0.0003665749271526618,1.2085575386754737,3.857738990293509e-05,0.022045381402169904,3.1235164668600577
HD_69123,ok,0.0002827126132077257,3.422611357808071,7.583752218063972e-05,0.040804447773721574,5.093850931931219
HD_69830,ok,0.00015234007071456514,1.568666976405546,2.5318769289198367e-05,0.05248897804578993,5.556907830586149
HD_70573,ok,0.017062056514947608,45.34945984707806,0.019925880184622366,0.9310883925519092,3.3958786453084775
HD_70642,ok,0.00020340969037047128,1.1602118048796224,2.5681575574656252e-05,0.02851003113777354,5.76751828365808
HD_7199,ok,0.000298118838603907,1.1749450788449405,5.6501250733814136e-05,0.056275791521281746,5.418715873803911
HD_72490,ok,0.00035488265440933016,1.5875454146224226,5.218201696268698e-05,0.02454648863743786,5.014381552699944
HD_72659,ok,0.00024522181068368175,1.179746841071673,1.7874867078331988e-05,0.01073752953822122,8.15015718230537
HD_72892,ok,0.000532254719284981,1.313406130231385,0.00011544136416967697,0.07732201507044177,2.617110794005295
HD_73256,ok,0.001171672380658008,4.389800033595486,0.0011340482433275277,0.4403652007916229,7.070643580970802
HD_73267,ok,0.00044813425455740515,1.1103296918001204,5.6403738704888785e-05,0.031976119332132444,6.32638469599442
HD_73344,ok,0.0007907570512977512,2.219705268393982,0.0006192706959873874,0.47972295529607833,8.700067190917316
HD_73526,ok,0.00044614601745071093,1.0572696344323624,4.530485533265052e-05,0.02033751175286477,0.8063640857345725
HD_73534,ok,0.00035184101411956173,1.3232795947955895,3.088540701218209e-05,0.013091444196746642,1.3224738806707885
HD_73583,ok,0.0008483768296965124,1.7472327778177985,0.0006183340282182019,0.3655103143963918,7.524198985455186
HD_74156,ok,0.00025211489271846236,1.1117198290365955,1.9884006254165234e-05,0.013117264948960004,8.73232290849858
HD_7449,ok,0.0002809814914010112,1.3216220651821913,0.0001519272885118522,0.34212198229385293,5.332078013662244
HD_74698,ok,0.0002837612547413909,1.1838100005587189,4.395571826942189e-05,0.042793775641644764,6.044554923768486
HD_75289,ok,0.00015359689153556668,1.2327074328995988,3.052894811291088e-05,0.05399305667683887,2.3874782989857932
HD_75302,ok,0.0004948513946484674,2.4750384194139263,0.0004441521916025932,0.5265394239176152,6.012379291593562
HD_75784,ok,0.00034701508397816074,1.5853271579677093,5.654933449912741e-05,0.03999539893633584,5.470229859372776
HD_75898,ok,0.000355314307259109,1.2146079185763865,3.9649674312694284e-05,0.023921402360715605,4.078714788326998
HD_76700,ok,0.00029226194690707455,1.0557658103545173,2.964913337673691e-05,0.020474995734312558,3.1071477378308234
HD_76920,ok,0.00043445536752902727,2.133296344301931,0.00014792559677149282,0.08200026468462537,0.20745995412707582
HD_77338,ok,0.0003955379706133637,1.1674669777026223,7.900347063943948e-05,0.06137348878865137,3.1798319707196834
HD_77946,ok,0.0004803228567546536,1.0312774800486102,2.4835024747603105e-05,0.005725844061629362,0.9656957608647221
HD_79181,ok,0.0005367696698756128,6.691401249704639,0.0002767443003290485,0.10342916027686828,6.359667782924493
HD_7924,ok,0.0004663748289941852,2.870782235913527,0.0004285049059927831,0.382099731705526,11.809146481839434
HD_79498,ok,0.0004204867548852337,1.42721541468864,7.63454227244833e-05,0.05059397739062568,3.643862793790738
HD_80606,ok,0.0019114957958420587,3.2620740746293624,0.0005544153386483244,0.07583008030445564,6.353667577314519
HD_80653,ok,0.00064376540748053,1.1318892819515458,6.869057953869714e-05,0.02490140529098453,6.039654973869575
HD_80869,ok,0.00020450065574293885,2.271810342093621,5.914616953835474e-05,0.04200724362279622,5.351968504735002
HD_80883,ok,0.00052620449248756,1.5916201054394588,0.0002983703141885584,0.26015782239745405,7.553854647235028
HD_80913,ok,0.0002552158146538943,1.2018287811267316,2.1005153610538355e-05,0.01429975222912003,3.415446490230145
HD_81040,ok,0.00039311332012364553,1.6712511986138594,0.00022554238576590546,0.26526040434767567,3.7617525730713908
HD_81688,ok,0.0005819689037708796,8.349104185062306,0.00021477248462409173,0.06530027908732557,1.2830322333756754
HD_81817,ok,0.0015932395063222586,46.08271675445526,0.001146510904754169,0.23568974680402974,6.945828586332925
HD_82886,ok,0.00033927782748687744,1.681454986732696,4.707282179395861e-05,0.021942307525080883,1.0679378401164406
HD_82943,ok,0.00018381499243559345,1.3792316963827915,7.426178553954139e-05,0.18022380939558572,6.364449359635656
HD_8326,ok,0.00042480279346344746,1.2591570750910681,0.00022555500554099182,0.29492032682720487,10.129321366680074
HD_83443,ok,0.0003344436215444115,1.1460821189520227,9.155578394262475e-05,0.11135030520840548,10.927361564891436
HD_8535,ok,0.0002467991532107904,1.0356526451581665,1.3471079881981664e-05,0.0062591918103939385,1.7900730679764096
HD_85390,ok,0.0003471363081792754,1.0633884441613848,2.7821999892543573e-05,0.01307485537415821,1.6140680926096556
HD_8574,ok,0.00042084505027617985,1.0650214383216694,3.606078811198948e-05,0.07192608380469107,11.009182095643961
HD_86065,ok,0.0005042655145387989,1.1214525077320063,0.00012636706527194047,0.10166047482388939,5.496632854443378
HD_86081,ok,0.00043248003150353676,1.1248489309573224,0.00011702254167131622,0.12487060986818839,5.25051418313677
HD_86226,ok,0.00028721280559408787,1.0999099146836981,5.939899407768311e-05,0.08128459001376825,6.058761307850489
HD_86264,ok,0.0005072355736928058,2.326738145021188,0.0003761696142452155,0.3346559054615507,2.68724110099063
HD_86728,ok,0.00012411464003797982,1.6437469957976258,1.663735949585618e-05,0.026463534025058907,2.938108687743237
HD_8673,ok,0.0003527524946293849,2.778207181678218,0.0002494850137620528,0.3074297506492423,2.822689510146852
HD_86950,ok,0.0004349207592718181,2.427716818425536,0.00018020606851137117,0.12145149207788161,1.9823960177485167
HD_87646,ok,0.00032594532265155674,1.163174793095673,5.6796872733312365e-05,0.058146441167142335,3.1197004381363347
HD_87816,ok,0.0002889175663655365,2.4812784543025668,8.173040350546367e-05,0.05178868265264673,1.3510161630879238
HD_87883,ok,0.00027566503392860913,1.4635646875002426,3.373263030868855e-05,0.028323851813346332,3.209023542405419
HD_88072,ok,0.0002456184360530171,1.1592708407576713,3.251424057294786e-05,0.03415925282150542,6.355897662859709
HD_88133,ok,0.0003099963751860591,1.212036498291732,2.411844310114843e-05,0.011587932615965415,4.195458833415332
HD_88986,ok,0.00018919487995149817,1.4799756079266262,2.8040810890789743e-05,0.03481433492698593,3.2927623832257478
HD_89307,ok,0.00039092759568346957,1.0295857595413287,2.2594692069309644e-05,0.037209362536765746,8.684991427800405
HD_89345,ok,0.0005686942039445358,1.0635231194537158,2.9777365935887887e-05,0.005968552790348618,11.964384297742301
HD_89744,ok,0.00016030608427970917,1.7090337205775017,4.720330308055434e-05,0.1102791851749198,5.356576140926864
HD_89839,ok,0.000273691725493019,1.1181303423205704,3.114383860747973e-05,0.02595272986943973,5.8314465250862755
HD_90156,ok,0.0002601329273762175,1.6588950328249046,9.303467428135489e-05,0.18089053521702197,5.508041413106844
HD_9174,ok,0.000319329552753465,1.01757856389149,1.553768597264043e-05,0.005112420022365225,1.7773520114340964
HD_92788,ok,0.0002180435656566415,1.1695700783727827,1.718873411537249e-05,0.013236545749010748,8.029970786572221
HD_93083,ok,0.00034096119216671925,1.2436692308625288,5.796192290642423e-05,0.05326660251165673,4.339074168646481
HD_93351,ok,0.0005518625881791553,1.0651410600636386,2.5307564335366866e-05,0.004957083213986223,0.3318173702517393
HD_93385,ok,0.00023697166562882934,1.1136747304707306,2.952670737635968e-05,0.030927643865281407,4.830347572880373
HD_93963_A,ok,0.0007139876167246396,0.973878627497029,0.00043938887671365976,0.3852988170689219,6.239351875439927
HD_9446,ok,0.0032276460369764595,4.632487640597531,0.003477906128344925,0.6425528096764557,6.8271617823177415
HD_94771,ok,0.000271653423058772,1.3907551141662176,4.483000375520111e-05,0.039338722756613195,4.499802386742978
HD_94834,ok,0.0003311305383383925,1.6789466151802621,4.617340213035222e-05,0.01896872726125742,1.021851831091548
HD_94890,ok,0.00034247924478170415,7.193736156913511,0.0001369649191645152,0.07536453946398892,2.429897191418081
HD_95086,ok,0.0009880100971293216,4.123324944039236,6.970490617154361e-05,0.0035255727745262954,5.166310883582858
HD_95089,ok,0.00039025426226917944,1.6818678879113378,4.377357578820109e-05,0.017077512100938913,1.0662580768173904
HD_95127,ok,0.0012500993877597097,5.496943354872119,0.0007454558147447053,0.21208824860917064,2.418866086877355
HD_95338,ok,0.0003792165713177398,1.0925246522587762,6.542445915065526e-05,0.04820210333318705,12.398984714928702
HD_95544,ok,0.0003437731317825098,1.0781103914112,1.583884333614468e-05,0.004307320783841278,0.20865186619250448
HD_95872,ok,0.0006298350960044024,1.0156700211245382,3.2955884333665126e-05,0.00643163558519831,1.6618267012612182
HD_96063,ok,0.00034804841682238737,1.3051665472178962,3.266482361166866e-05,0.013094174452202467,3.7640823334303164
HD_96127,ok,0.0013451753334053733,9.233708566661862,0.0012943457669850643,0.3591768468524938,4.95947796996114
HD_96167,ok,0.000440181095601312,1.5969608457968139,8.282313258605578e-05,0.055194103526559686,1.524700125692452
HD_96700,ok,0.00016362682760545576,1.2311650835634471,1.9016975818023454e-05,0.02495167016791156,5.062281579100774
HD_97037,ok,0.00022401560411518313,1.4877349214024587,3.222287430435832e-05,0.037278421972078916,3.1697711311879497
HD_97048,ok,0.004455714752673231,12.406116418797303,0.0033293037972977053,0.15076387652456671,9.376735061726922
HD_97658,ok,0.000383476306541059,1.7436922251971485,8.576658833783143e-05,0.0845676436476918,11.832406101896753
HD_98219,ok,0.0003218812133148969,1.3357218604234318,3.6291317543987384e-05,0.015250317348231967,2.2889460123315075
HD_98649,ok,0.0002879893251617336,1.1022788329190911,2.2341085403293244e-05,0.01319579828411276,4.852429748603436
HD_98736,ok,0.00037174406453381994,1.3682954739525368,2.7935341004671958e-05,0.01231025208878864,2.0600176366767284
HD_99109,ok,0.0004768490524769779,1.07327422091451,4.612092544214295e-05,0.021334597303726454,4.819465312963349
HD_99283,ok,0.0004195705738148646,5.209332348631013,0.00015072307667291545,0.07696669618994671,0.3004822576677384
HD_99492,ok,0.0022471986195149118,8.523371375584263,0.00076652432036963,0.15532283703038452,7.0873553323321286
HD_99706,ok,0.00032507067840757713,1.6027092528938522,6.650228498970147e-05,0.039385869076756105,0.9266075923479865
HIP_10090,ok,0.0008942463569346988,1.011588158958096,4.993091755218132e-05,0.006953190327887866,0.3808631448542566
HIP_105854,ok,0.0006148930869315053,8.659389588564764,0.00023510369268962025,0.06986775367516203,2.0831355425318403
HIP_107772,ok,0.0006228727769300485,0.999015201938877,8.023421333169576e-05,0.03218385214531675,4.382138596370298
HIP_107773,ok,0.00037128757385942096,4.8528897834242,0.0001669211102771388,0.11751719356200603,2.747831891787697
HIP_109384,ok,0.0005785165360101569,1.04737383523752,3.1807830150225494e-05,0.006720222542795146,0.8231215863567628
HIP_109600,ok,0.000508412360214324,1.0616209188133379,6.881589392151384e-05,0.03586583874131883,3.5175229468426013
HIP_111909,ok,0.0003126061937185681,2.3268916383760825,5.54286409633938e-05,0.02968570879559902,6.74738174254685
HIP_113103,ok,0.002068972498677384,3.4473078615925297,0.0020676934772599887,0.44650695059821965,5.5440287862737545
HIP_114933,ok,0.0002620330868004092,2.0765585294012294,6.812252946327987e-05,0.04476320800072313,1.6259920853192582
HIP_116454,ok,0.0007686748275205587,1.0279693527653695,0.00013354203191728812,0.05900630341639997,6.140129188443816
HIP_12961,ok,0.0005982440162482065,1.1405784304878417,0.00019929165791706906,0.15156307333982352,6.096317897566093
HIP_14810,ok,0.00044488160063862613,1.3198738339086753,3.276461405240314e-05,0.012572789537018833,4.393833975881569
HIP_18606,ok,0.00023037525509046744,2.806073092657058,5.026188759248726e-05,0.03193336534745221,4.43730748144464
HIP_19976,ok,0.0006839622784263702,1.0620516311964787,0.0001593374416943164,0.10776362547941605,7.477565777909977
HIP_21152,ok,0.00035017754858238304,2.657590821222764,0.00020040025523133758,0.22344376487665876,1.1491514621567944
HIP_34222,ok,0.0004982224568607565,2.0872708764254,0.00041290911424970967,0.3049081896076488,7.114638453466502
HIP_35173,ok,0.0004077039613203458,1.0818064434722698,5.5577558228358503e-05,0.03823852544618928,7.191285064351538
HIP_35965,ok,0.0006868357139788098,1.02388657389845,3.328780676571137e-05,0.005372408915282157,0.8260205184910006
HIP_38594,ok,0.0005003692126349956,1.1846183564473494,9.780887621903493e-05,0.0704351649255508,6.112560915453116
HIP_39017,ok,0.015658834754727596,83.63035428889008,0.01701324394793872,0.622276661465273,0.642857923304327
HIP_39330,ok,0.0003771148955853445,1.7928282902426407,0.00017940528754824912,0.2028524485624409,2.9992140068517017
HIP_41378,ok,0.00045780941448102653,1.023533077236753,4.9122494153817984e-05,0.02439561047339088,6.112572290859872
HIP_4845,ok,0.0005157664653669039,1.0994454114913494,0.00018589617047773516,0.20082426367166775,10.131210537241486
HIP_48714,ok,0.0006934856974881128,2.6496123431674525,0.0004423325250170195,0.29968885412998353,6.071315283063667
HIP_5158,ok,0.0006203359832690777,0.9931249927169691,3.7696444369429037e-05,0.00800846316259326,3.49349809856633
HIP_54373,ok,0.0006211241098991345,1.2210124123498551,0.0001978577775607851,0.12619096211528782,12.131329684211664
HIP_54515,ok,0.0002450648154196133,1.328331788639301,2.626405579987527e-05,0.022067252173652803,8.603129122920611
HIP_54597,ok,0.0005572797480763086,1.0261312215944116,4.0949824799500465e-05,0.011027549056022969,2.5849958537004896
HIP_55507,ok,0.0005183710762882918,1.037903999196903,0.00013567881971068054,0.12240275379437852,10.114467905002432
HIP_56640,ok,0.0003191563659121775,1.81658678686957,5.9826059015035954e-05,0.02475493547002977,0.7360012618272758
HIP_56998,ok,0.0005293338540994471,1.2387809413017072,0.00023800928160484891,0.30496189116593037,11.839540492238013
HIP_57274,ok,0.0003861108406988169,1.0827801567147999,4.6278555068463096e-05,0.03029277238605345,13.0
HIP_5763,ok,0.0005395516970434379,1.0751889564636359,0.00012037516489193298,0.0926030197259104,9.030919515463175
HIP_63242,ok,0.0007084840087480557,5.091988113964706,0.0004068314293469912,0.17954552772200824,2.748988272188515
HIP_65407,ok,0.0008983905670204521,1.8152872921862384,0.0006236197948411747,0.37773024457887827,8.108879416052787
HIP_65426,ok,0.0003490935368746021,1.5997828675967252,7.418631600478188e-05,0.06457412273566039,0.3266985472181481
HIP_65891,ok,0.00040215877470106,2.982903718307966,0.00011362220560469331,0.08603536530301212,3.635866120075918
HIP_65_A,ok,0.002410176359431841,2.404574125154704,0.0022694697193608943,0.4942482687099494,6.134201314223498
HIP_66074,ok,0.0007172102419683242,1.2002816014704385,0.00029987686678977583,0.21169666276352286,7.227241642055522
HIP_67522,ok,0.0052547462669091,8.485238807549877,0.004279274319165934,0.33999654582868416,0.7044422168228907
HIP_67537,ok,0.00026536126240919586,2.3933041589234127,0.00011056659330429497,0.10853343133008471,5.932141220817979
HIP_67851,ok,0.0002595669408305939,2.7014885536539253,7.05984185444334e-05,0.04475311679537963,0.42693343484536894
HIP_70849,ok,0.0006970880840593636,1.2548899556050293,0.0004906592978908899,0.5521156159114289,6.261608903420779
HIP_71135,ok,0.0007113526196292236,1.013676291054209,5.606142037752173e-05,0.013832943567364201,3.5221702270473543
HIP_74890,ok,0.0003782791231897255,2.5818146229436127,0.00013007828292981244,0.0847329992758703,11.271032956233853
HIP_77900,ok,0.0006772218437859487,4.567534047461731,0.000563328450002743,0.3716559009181858,0.39870944420780735
HIP_78530,ok,0.00033587472413319444,1.4835521062002237,5.6913921627912864e-05,0.056529397192203644,5.240305994056954
HIP_79098_AB,ok,0.00034527128589998773,1.2789639055440536,0.00018576322040808182,0.34588591395800367,5.289788212188915
HIP_79431,ok,0.0015326605128557762,1.0240667455912704,0.00015668684411868121,0.11005479490766194,12.166559118610621
HIP_8152,ok,0.0006993145510445421,0.9465740193244918,3.481031042934429e-05,0.005652700661631662,0.6331856690064797
HIP_8541,ok,0.0004327826976255471,2.06957801970794,0.00010424039520129372,0.033723565957999926,0.7079160185788643
HIP_86221,ok,0.0004997873547024731,1.2858396033572492,0.00014374662205030186,0.12693418144872723,4.77068058912395
HIP_8923,ok,0.000314958639350149,1.0504649218800064,0.0001081914328145891,0.19400053192554753,5.628366897291307
HIP_90988,ok,0.0002392741404463932,1.5016295815490963,3.3459356246415294e-05,0.014681841083092438,2.1798620497264976
HIP_91258,ok,0.0004663594740585918,1.2542796541583248,0.00023469195600217985,0.29466792106644046,5.518085551569914
HIP_94235,ok,0.006236858887594443,19.508359618651482,0.007469010492798268,0.6380769709605058,2.2094885239963458
HIP_948,ok,0.0005919662637608332,1.060119734028821,3.319957643765396e-05,0.006964554069430718,3.211885825350368
HIP_9618,ok,0.0005348843808389683,1.1300160079868682,8.934804895351495e-05,0.04323843665713907,2.558526837114515
HIP_97166,ok,0.0007199506136382138,1.110530871792593,0.00016914068540850642,0.08467397412928605,13.0
HIP_97233,ok,0.0002654734773589553,1.5164752588500476,3.55325323588932e-05,0.02107245648506073,0.7800633191960531
HIP_99770,ok,0.006083089374123921,79.88447925415831,0.00023677564270491215,0.0010839689820419847,0.7127584131438259
HN_Lib,ok,0.0011816259369121253,1.0240800824785763,0.00010812933573736451,0.07961395387715528,7.150605062280485
HN_Peg,ok,0.0028875425185352485,13.015415470553574,0.003032242642634495,0.637116766028367,2.363871157969751
HR_2562,ok,0.0002527470035687188,2.1866907574676855,0.00015068961821791061,0.19506618197829856,1.8944980793098787
HR_5183,ok,0.00019590512049503172,1.6146407649133143,3.853370022787414e-05,0.05182309484256254,3.8036204500327018
HR_810,ok,0.0009562016887813787,12.083759916867441,0.0008315445547972138,0.4275801456493045,8.2839677617359
HR_858,ok,0.00019290258401748,1.4878364966400404,6.177193345827961e-05,0.11538606652775019,3.1174176502771314
HR_8799,ok,0.007159270798219871,27.847902000289935,0.007812554346379558,0.5261585053439604,0.5055596059517055
HS_Psc,ok,0.048567182523048646,62.55916966946673,0.04667618920608967,0.9583365725353545,1.088741393166559
HU_Aqr,ok,0.271025061725912,3.7284702053889,0.08398014211958038,0.04604827256076778,4.060044137229706
IC_4651_9122,ok,0.0015526806143852,1.1068060616983137,0.0006952348127122116,0.27915693112202405,0.22029929218283148
IRAS_04125+2902,ok,0.014705716642389887,2.4936785479084,0.015000638170289267,0.5871693694186204,10.118043423700366
ISO-Oph_96,ok,0.01698719573737688,1.004341481265102,0.005980374046002346,0.2102185686538401,1.7671001669174478
ITG_15_A,ok,0.019265300876757166,2.098020522136508,0.018137971039024547,0.6866300519197787,3.415582299602322
K2-10,ok,0.0033446904030843866,0.947618100654399,0.00019053192514544576,0.008272462879476482,4.6339701743302335
K2-100,ok,0.004368824454655138,4.24378986602,0.004147043748340208,0.5226834930182022,4.149954550803708
K2-101,ok,0.00874301238362146,1.063740274070688,0.0025255200739530558,0.3961670706147332,5.315451727725841
K2-102,ok,0.003939277589827884,1.0233333070550896,0.0009178154590535277,0.10113359384709555,6.017491618531836
K2-104,ok,0.016377661722851083,0.9424384269352079,0.0007070566379347447,0.004624126158719087,2.4560246758064563
K2-105,ok,0.0020400885177978864,0.9606225509003194,0.00012000030948067836,0.007552087107732673,7.488801270178129
K2-108,ok,0.0027678869587670677,0.9399226710235262,0.00029899758106052853,0.026141389707450682,9.999058961522374
K2-11,ok,0.005806988030935433,0.9335598106042927,0.0002728587578536702,0.005299756672012286,0.4715308839065306
K2-110,ok,0.0044428471614920365,1.0394502676596662,0.00017257992000072552,0.018191897685717922,1.380782188667359
K2-111,ok,0.00131645740701741,1.0232596036445403,6.969215651160479e-05,0.00664750480515772,6.616443622390684
K2-113,ok,0.006773247779437011,0.9480372900549735,0.0003769336348884337,0.0076759869230315905,3.613966372413002
K2-114,ok,0.010988915351091002,0.934069709994911,0.0004755556274868177,0.004475074531980641,0.8373398255320484
K2-115,ok,0.005329342603280432,0.9464683230873884,0.00032123525866590695,0.00893501239629706,9.403948264439787
K2-116,ok,0.0008978131901268881,1.0708065228424075,0.0001796649364267223,0.07304230332186533,7.167450171676535
K2-117,ok,0.01298039482154152,1.017922396154043,0.0006219169604204786,0.028893376765002782,5.440103088149539
K2-118,ok,0.0077196352737025084,0.9378653111474398,0.00040231537716315735,0.00613370338285556,2.6140092464369564
K2-119,ok,0.013109087678581802,0.9178450163722198,0.0006138060569467117,0.00532999538357393,0.640133765091462
K2-12,ok,0.003081484393316869,0.9526661097698637,0.00014546232331252544,0.005347529991179822,1.3691663119378072
K2-121,ok,0.005193906902161041,1.3424898123877778,0.00411638306275702,0.5814736805602747,5.454769118508693
K2-122,ok,0.002323890460424017,0.9656725378165686,0.00013684437970847571,0.007991964906684372,4.808531364926604
K2-123,ok,0.007430382013166834,0.9183207050985743,0.0003020616321093027,0.003775239572144818,8.598310415758144
K2-124,ok,0.018692842131199844,0.914287379488833,0.000790975145564998,0.004109909198529453,0.2754528197906553
K2-125,ok,0.014767968198672722,0.9185484656734293,0.0010173771836026046,0.011410524509358155,2.4645410289222034
K2-126,ok,0.005862874130115516,1.0480167120826023,0.0009738026881973025,0.14324620715282776,2.8321964976325513
K2-127,ok,0.017990035657030203,0.9372387194862684,0.0015042831237903403,0.01675024207903454,7.409265940884069
K2-128,ok,0.006054437889935623,1.0493042256551028,0.0010790525632886569,0.17646582061005214,3.145575943179653
K2-129,ok,0.002340054127088174,1.0127868945778762,0.00036349717831892127,0.04779963636057648,7.380845776410084
K2-13,ok,0.004676054331286602,0.9369006437332124,0.0002731747682094023,0.008161648008697831,1.825505997262691
K2-130,ok,0.006629017814769214,1.054749193805716,0.0005284750133609771,0.06251467311293654,4.117570780342628
K2-131,ok,0.008572326583352047,1.7848470910934389,0.007648153994444247,0.6615753963940492,9.214000763749587
K2-132,ok,0.004078049447872566,1.0292485531300624,0.0004495671379223845,0.10040876817443503,3.524118102855763
K2-133,ok,0.004333551964261713,0.9323251475320892,0.00024950267745267243,0.008025938454005916,0.2555872773832202
K2-136,ok,0.002979805772227531,1.193557523818263,0.0015967240658977956,0.38307454785033157,6.660496531118269
K2-137,ok,0.008612486207560178,0.9407339042673902,0.0005572915529665094,0.010394797020786006,4.630595331805125
K2-138,ok,0.005509410000721139,1.0232236410355378,0.0008496763814502331,0.17496556868018373,3.4914501408875505
K2-139,ok,0.003551377073150951,1.5570297195760807,0.0017805648532402071,0.3060691000393989,7.771402636013249
K2-14,ok,0.02849842027438869,0.9159120365493454,0.0014773414426802315,0.006209518011236688,2.0722276147325975
K2-140,ok,0.0034627756262414627,0.9540734057304089,0.00037871601870348816,0.02796128163365555,12.378620605946026
K2-141,ok,0.00264481633930884,1.161441557461258,0.0015611988380100877,0.316761987509084,4.853456942365047
K2-146,ok,0.013492419668933006,0.9435959095667602,0.000698344306929183,0.006336297009344412,0.9427930695465367
K2-147,ok,0.009609427210745597,1.0300020150612694,0.0015683125284792327,0.17954266531115673,6.410373766276626
K2-148,ok,0.004633297131669536,0.9620318786440036,0.0008160643668797908,0.066436069575516,5.441258985233184
K2-149,ok,0.0063740433301672506,0.9813597649327235,0.000991034643032898,0.038492451995733507,3.484011250566112
K2-15,ok,0.0144868214853926,0.936716707427547,0.0006511585021986014,0.005013190882882688,0.2344490896694027
K2-150,ok,0.010338617484490976,0.9677381449986062,0.0007384769273204013,0.011838683815537722,1.5687649076186232
K2-151,ok,0.009276788485440857,1.5595252429429574,0.0015548256473448844,0.058352852393481584,10.851381357376795
K2-152,ok,0.0038261074306668954,0.9693776479417574,0.0010758476252172783,0.14970116757059243,8.230906027957491
K2-153,ok,0.009177382797894006,0.9219791207058466,0.0004134864224024365,0.004815469396924459,0.44214911328686357
K2-154,ok,0.004577002182782449,0.9670896139129699,0.00041318147641276903,0.01912714031712847,12.659217536778215
K2-155,ok,0.005231853545320676,1.0145174763397498,0.00010068122792055043,0.004820771054386526,3.2060668980573395
K2-156,ok,0.003769640417744998,0.9354537571392143,0.0001475391948240625,0.0036847297199506758,2.8841665747674154
K2-157,ok,0.0034819694963694513,0.9350922065680236,0.0002554773205635703,0.012532833335593947,4.624168970006024
K2-158,ok,0.004250083887239487,1.0078618437316484,0.00022327459380557646,0.02816954767848306,1.7835512690154962
K2-159,ok,0.0019246709446173237,0.9771752637208057,0.00026650025606585437,0.040993688267298586,7.322214556179728
K2-16,ok,0.014084262158341587,0.9178420366725647,0.0007453598504457414,0.006794156750941328,4.638105017314554
K2-160,ok,0.003921796317758593,0.9885454617158472,0.0011379665756994337,0.15525324510439922,5.420976193933869
K2-161,ok,0.0029346576914404585,0.9520590531766991,0.00033747280044786214,0.029998706874686105,4.78252399180974
K2-162,ok,0.0022099928422995535,0.9662720233383268,0.00020027641133522285,0.01780615954744146,8.412402438840672
K2-164,ok,0.0016534703419548043,0.9560135823010807,8.16092739613316e-05,0.005915318948940109,5.020276602251765
K2-165,ok,0.0038966063659135078,1.0399403974469097,0.0004384478098538218,0.07407537008547431,2.9875502923882133
K2-166,ok,0.0058244119467267185,1.0037282192978594,0.0003414361583997656,0.03629881485434773,2.4251272704701967
K2-167,ok,0.00031824661869130755,1.0135346850288263,2.067270056761858e-05,0.008567852640102324,3.3796743641982094
K2-168,ok,0.00622432888045601,1.0440236945799313,0.0003516471301351002,0.0369018124774068,6.052953947035731
K2-169,ok,0.002510707389028797,0.9880830553223089,0.00020033656637387433,0.014530203267064461,6.7478747311203255
K2-17,ok,0.004022375662034022,1.0030931562920067,0.001260357009537152,0.17632330503630778,4.938659452310066
K2-170,ok,0.0033052038757726008,0.958483619624609,0.0002718003830351133,0.014256039473231409,4.098277980542012
K2-171,ok,0.0031486872806717908,0.9873547037194093,0.00018060397744467386,0.007954814596852053,0.4414981060729744
K2-172,ok,0.006703581866567197,1.0301868322385117,0.0001871037719910678,0.009775247344288699,1.3788290509575956
K2-173,ok,0.0026485943057863153,0.9541119032543502,0.00014095504859996317,0.006879776658439607,0.35173190966272744
K2-174,ok,0.002110179688337932,0.9450386263076451,0.00011258519074652751,0.006484639664580844,5.961857232990381
K2-175,ok,0.001191701079430695,1.0382014211965516,5.536743883417896e-05,0.005218433760609923,6.004949996594237
K2-176,ok,0.003706043980324793,0.9594834074432486,0.00041610268143445173,0.029200468644783064,11.413595345606382
K2-177,ok,0.0030214461633176525,0.9345386493330791,0.00015533765978055953,0.006598276522667957,4.3109081667534195
K2-178,ok,0.0028925667073670326,1.118933506652879,0.0011510983123844843,0.19891999341675012,5.5810837930146135
K2-179,ok,0.003755600191027086,0.9601370322247269,0.00047273292595265934,0.03721854753893282,4.395054855967215
K2-18,ok,0.002301502133892724,0.9515199938262219,0.000227958793047604,0.02154280959417686,8.613643357863014
K2-180,ok,0.009914289444084803,1.134205650047037,0.002277295292675848,0.19560282916237767,5.4317675015484035
K2-181,ok,0.0034391493443799532,0.9476328636122734,0.0001364576634424929,0.003964200897205439,0.2171431569005317
K2-182,ok,0.004675756970693787,1.0250783782383561,0.0008170557089264809,0.21397871538904772,8.342238837449713
K2-183,ok,0.003652691130011779,0.9485531744683443,0.00033261078948529973,0.020144861752414374,10.868179278175543
K2-184,ok,0.0008694958390443896,1.0405953235148775,0.0001184496653957194,0.03933496996319419,6.678125789802355
K2-185,ok,0.0026328074762462395,0.939374906537709,0.00011781254512958128,0.00482854428008204,4.009421552087133
K2-186,ok,0.0029998017517374083,0.9354379388907793,0.00011242971856506165,0.003310608209661553,1.2034506595870198
K2-187,ok,0.004249266667668633,0.9278617324794995,0.0002307723598636053,0.006496495448905989,5.732208723333574
K2-188,ok,0.003492850633109537,1.006837447495555,0.00019450363232184105,0.007429477627538511,0.2964081523061917
K2-189,ok,0.002673565513734041,0.9635058647784066,0.000204739044508335,0.012802526412448813,2.4183523471636974
K2-19,ok,0.0051661033027563755,0.9182620964923444,0.00027638936397627294,0.006617235284738609,6.024321319727051
K2-190,ok,0.0013668963995221454,1.0093052100444249,0.00014104520680258598,0.023080387822463647,7.402092023538387
K2-191,ok,0.004312283073400684,0.9687537139515762,0.000606572169165684,0.03691113364198846,1.6948726993562429
K2-192,ok,0.00761222890435987,1.037715569289748,0.0008355447470172082,0.10132523746361966,3.4902950699662436
K2-193,ok,0.005198481584094107,0.9540260422058984,0.0003386193650883828,0.00997371632310034,0.7068201253212876
K2-194,ok,0.0046998002508486635,0.9526508008593931,0.00032631521016200714,0.011315642622371119,6.59697273157336
K2-195,ok,0.009103635548428978,1.0112937910854707,0.00034708891502652233,0.014661651618269315,4.698576082297745
K2-196,ok,0.0029293888822591557,0.9382580018182668,0.00011203086275837816,0.0038049419263530304,1.071600448839937
K2-197,ok,0.0030030277108146694,0.9831014579380926,0.0003134035510814984,0.026151010561174116,4.3750284715128895
K2-198,ok,0.01217454132454184,3.7078356679124163,0.012668550737712987,0.735731555883212,7.04275147061177
K2-199,ok,0.00474752024570014,1.0307192730581087,0.00041480825963592974,0.057312722365088345,1.695827460890346
K2-200,ok,0.0032496702987681817,0.9415265686371393,0.00034296263340963186,0.02537978822717511,9.759685821643764
K2-201,ok,0.003586128444014602,1.489450715784392,0.0028575809130950308,0.4843891257325553,6.577079499210963
K2-203,ok,0.005868433352817327,1.0416298902714234,0.0004371967526480921,0.052520649599726216,4.831625225664338
K2-204,ok,0.011314357616723395,1.0254512950786383,0.0005618152850701221,0.028581976191251853,4.071267813255564
K2-205,ok,0.0029667650059367026,0.9339366843509438,0.00014797765375275761,0.0058507172883102134,0.3412262409135348
K2-206,ok,0.004210127577910684,0.960638284775346,0.0006970345233858695,0.04662087021221751,5.055489338483313
K2-207,ok,0.004687987514959359,0.962244075215247,0.00044449176763821394,0.020095612395427447,1.6396857195420849
K2-208,ok,0.0067756972967390194,1.021862652726391,0.0004964894724048637,0.03816890867588696,5.92256681755876
K2-209,ok,0.0011021802086614047,1.0019895022695176,8.880032468488426e-05,0.014084533342840872,10.38881769252095
K2-21,ok,0.005214322584521909,1.0184739203192035,0.0003126382349028124,0.036903161238792635,2.0697981166063903
K2-210,ok,0.0018874217507848852,0.9809794617451881,8.532837819840747e-05,0.005069571326057224,0.3382806065070474
K2-211,ok,0.009827091979644383,1.011641120097652,0.0005426583064334129,0.01959916550058579,6.85467531828737
K2-212,ok,0.002891954790758293,0.9617210357438577,0.0002461418854597108,0.016058528140324112,4.418341399758378
K2-213,ok,0.0028298317739806657,0.9812246396310087,0.00019874636673709273,0.011285349228710188,1.2507915812388601
K2-214,ok,0.0020969810553189395,0.9785576285188793,0.00012059319877202248,0.007946356217262944,0.7274706238422368
K2-215,ok,0.0041672881412240315,0.9902197082056083,0.0006674814277401519,0.05330351513254179,5.176038604033199
K2-216,ok,0.002379862003707193,0.9771248217577431,0.00022080139082373307,0.021324482615974593,5.154785709402797
K2-217,ok,0.002733066021128931,0.962781925367419,0.00026558609892290297,0.01910568525500671,5.337252551288374
K2-218,ok,0.003630429090180799,0.9616015967018573,0.00016493143784391523,0.0047732244119613985,0.3435768414938358
K2-219,ok,0.005678714614785225,1.0512174965359293,0.0002676183537669452,0.029264537890654987,5.171653755636647
K2-22,ok,0.015939618483776032,0.9348328995601781,0.002301628183044003,0.03894233257447311,5.737802991164981
K2-220,ok,0.002069297536656835,0.957017342026873,0.00012277935913584622,0.008419796328967192,0.3895571687511325
K2-221,ok,0.003158430395935146,0.9675231837830051,0.00019805099206556535,0.009654925830792504,0.40196921466675833
K2-222,ok,0.0006333947951077396,1.0842050875505242,2.8916693950183693e-05,0.0044762269807184915,0.2700720552208707
K2-223,ok,0.003863367813736301,1.0688810315109223,0.000495903078151866,0.11499075597279838,3.620294331850952
K2-224,ok,0.0036499903511541336,0.9277860494793176,0.00016048456966356284,0.004621783999306431,5.401179438916622
K2-225,ok,0.004582869263074329,1.0436421417143398,0.0002203833261858991,0.02728491758434433,9.196013369737557
K2-226,ok,0.005452790159434157,1.0179611204814922,0.0005706162776496336,0.10283269481968084,3.618283820988477
K2-227,ok,0.0019521470492121493,0.9576069724644922,0.0002003136980837356,0.023496598982210865,5.251657648417923
K2-228,ok,0.009512017264164691,1.7097660473954914,0.0025682741663424964,0.10449273197786815,8.291315226888248
K2-229,ok,0.003166969911181861,1.1678890990697288,0.001870200380807088,0.3871513856226609,8.37030797255496
K2-230,ok,0.0038699975971691228,0.957869158236519,0.00014757224079535238,0.003587621037936204,1.3168214424702995
K2-231,ok,0.004435953110996032,0.9511361228015536,0.0005305194213317757,0.031543578008659354,2.1821381091046854
K2-232,ok,0.0007180870371514828,1.0197053838071994,0.0001863748613881306,0.13720959829114715,11.03509192971077
K2-233,ok,0.004223333341741144,2.0157042658652435,0.003239933138601667,0.4037281554568097,6.384494567695057
K2-237,ok,0.005794972700597345,1.7876276407430898,0.002797474496474647,0.19949169481450174,4.886400256864635
K2-238,ok,0.0077799673365407775,0.9622193521359278,0.000741651893314389,0.019581138127420992,5.26426860364836
K2-239,ok,0.004771340478102598,1.0417073798669356,0.0009678912313986884,0.07612485160522899,7.477725013946639
K2-24,ok,0.0028991260173342123,1.0157268696183903,0.00012295748594056612,0.02018657255398989,3.512863997723477
K2-240,ok,0.008242769365688601,1.2703840851478367,0.005251117181967904,0.3087182368524336,4.332710304323979
K2-241,ok,0.0019929530870796915,0.9673515065078834,0.00010417578932194729,0.006767774931677002,0.4691513876429787
K2-242,ok,0.04307499287588497,1.0020535967520543,0.00300500998739145,0.04936002371043396,3.528992794531138
K2-243,ok,0.003791390299519951,1.261709708305632,0.001059417562430484,0.26346675529466873,12.377795771695446
K2-244,ok,0.0020238553273620873,0.9638144289526354,0.00013984444493591718,0.011370636000632147,6.206863640963547
K2-246,ok,0.013585629852429462,0.9244515443958784,0.0008907200638421375,0.010033941275416585,1.487623223851745
K2-247,ok,0.009906912832291202,0.9270521954323308,0.0007564209689201387,0.013496905378958866,4.589559622790552
K2-248,ok,0.012233578420429093,1.0098817094017087,0.0011676220569363654,0.09503444770413931,3.7432787336322804
K2-249,ok,0.007108183304232232,1.0198116751694293,0.0004658885526356269,0.051442450031346405,3.624523437604859
K2-25,ok,0.00991033967604082,1.3465238839235731,0.008740679631637056,0.6958259089666712,1.865267167591355
K2-250,ok,0.018923281819466238,1.0145229947834424,0.0007434877022860954,0.01641185746513715,4.125907980977947
K2-251,ok,0.0126770685348121,0.9293960110095782,0.0005844771615922452,0.005317510233182628,8.395476487582073
K2-252,ok,0.00777624400069097,1.0208069226874887,0.0007468031460265784,0.08253201969003085,3.7419598761200485
K2-253,ok,0.015329186855824021,0.9089982046781095,0.0008113562852501708,0.006547516351779633,4.808696073801177
K2-254,ok,0.0073951243082939835,0.9203532009686274,0.0004654243283614061,0.008619148760496558,5.001046478953686
K2-257,ok,0.0032410851231094583,0.9721938625029678,0.00016577945769452186,0.006044328259223704,9.74293835677302
K2-258,ok,0.005817017531150152,0.9425175233960811,0.00025200893989739593,0.004532695985871997,4.367525429193486
K2-259,ok,0.0036174950958321786,0.9693565038765047,0.00016473789923234384,0.004922228040912936,4.517557366776016
K2-26,ok,0.0059291520345054975,0.9231459432775263,0.0002117319229049685,0.003097919036335037,0.26850326457349766
K2-260,ok,0.010239220617925988,1.2164235523703069,0.0014541395653916178,0.0838169034146705,2.548966346691941
K2-261,ok,0.0009682447611204052,0.9929771135983014,7.169687582860856e-05,0.012380165633322787,6.339462234864605
K2-263,ok,0.0017405147618790183,0.9981676992763888,6.689181391786676e-05,0.0035490574099716105,5.728903837752265
K2-264,ok,0.020640744141329475,0.9121102120058604,0.0009452009367116052,0.004825782579802211,1.3836371317941631
K2-265,ok,0.002795665215743917,0.9991328377457205,0.00018043802542167613,0.044403180511314415,4.064598430943609
K2-266,ok,0.004125715005733445,1.2894006088644394,0.001644386373145446,0.3386072764767536,8.061776888671222
K2-268,ok,0.006875320156374931,0.9334423516218829,0.00025262956468971587,0.003237411131176896,0.8595575557581338
K2-269,ok,0.0018271586320798292,0.9671783670571671,7.018620593493732e-05,0.0036950416070289684,1.5411943805725645
K2-27,ok,0.004744845478515663,1.0899333773648852,0.00041628651268182335,0.016419331809949457,0.48864004592476745
K2-270,ok,0.006427289291435741,0.9244109594317598,0.0008669255511746916,0.04025876571440809,5.467391063239637
K2-271,ok,0.007618975083452668,0.9316178287704436,0.0003365837252912399,0.004803242114639415,0.6122699602933236
K2-272,ok,0.007679752151785027,0.9389313326197963,0.0003386670978074177,0.004497639960526509,0.4972939621597358
K2-273,ok,0.005438318943030116,0.9528450423652547,0.00022433499815841445,0.004312940435931573,0.5197688585263475
K2-274,ok,0.004054925283714848,0.9549406150925348,0.00018285136436028748,0.004873366676786477,1.6045565469235044
K2-275,ok,0.0049670869328546285,1.0527453999887864,0.001235130515086323,0.28667793240212397,4.459491387386875
K2-276,ok,0.011658091868295504,0.9297253331033164,0.0006542715562578717,0.007714660322335143,1.2393120749867035
K2-277,ok,0.0010959080447310997,1.2778590406077888,0.0005524398066618443,0.25859044946729115,5.807947140578152
K2-278,ok,0.005354779388287898,0.9693969496861866,0.0005375681010979309,0.023123419766964762,4.936452551583462
K2-279,ok,0.0018714072574596563,0.9873780667043072,0.000277804226597653,0.045450332858649176,3.0424372861677553
K2-28,ok,0.008142736467817798,0.9683072721216398,0.0005434103852215675,0.008740352860830247,0.3224256411685915
K2-280,ok,0.0031909883821612016,0.9667798253584312,0.00024521277598261955,0.013622703095552545,4.272113468676033
K2-281,ok,0.015961002273615653,0.9708256635648533,0.0009810498538342096,0.00872519729045352,7.427952011657481
K2-282,ok,0.008424881710400622,0.93540805617892,0.0004709449697638749,0.007271894723251526,1.4185638674661862
K2-283,ok,0.010739271655375894,0.9708685441660103,0.0009492345754325445,0.01898666631994403,5.40071162728447
K2-284,ok,0.0043225185371249895,1.2291370409221885,0.0029881230820282593,0.4460296531923312,5.5268756697587795
K2-285,ok,0.004727869829994455,1.004187997600633,0.00019996100681088925,0.020099466988747015,5.2902306360551234
K2-286,ok,0.0023284106057870867,1.0277158650859353,0.000744392255683955,0.18208269383972403,12.132077821025176
K2-287,ok,0.0013313303723855132,0.9867120233709566,8.1172740838046e-05,0.008439843763733064,3.188911105833624
K2-288_B,ok,0.02943370905498132,0.9447696992032717,0.0029770075743124824,0.022405373028179663,5.077188470233048
K2-289,ok,0.006271946871780886,0.9357837647882551,0.0004178983368034952,0.010326712952708508,5.803243897113199
K2-29,ok,0.003669346296937014,1.3537169368074833,0.002555211755213699,0.3721068800044175,5.525240391901785
K2-290,ok,0.0014403417514788949,1.0783094141985528,0.0002360598921631378,0.03831148306948312,2.4278129167374116
K2-291,ok,0.0007839447812404708,1.0591164494495147,0.0001771504512424303,0.09358375744264495,12.176821619834755
K2-293,ok,0.005396682966884636,0.979902091040472,0.0004281859888640795,0.012283623160221677,0.7379718047421091
K2-294,ok,0.0029742966489399738,0.9460591281427801,0.00016911770091696912,0.00754488416874853,0.28284370499483175
K2-295,ok,0.005878273186784071,0.9790981762320619,0.00032485928252528305,0.006379791012320408,8.518884459766696
K2-3,ok,0.0036628933601013003,1.0027471905037493,0.0003786835964214036,0.10245699798862139,8.612849259378176
K2-30,ok,0.005707467357379081,1.0853633310775204,0.0011721156867928835,0.0700391666242056,6.23071928624654
K2-308,ok,0.05003844723103066,0.995241756691523,0.0017883107402841738,0.016477151718619156,1.7567163895915423
K2-31,ok,0.0024283965318388995,1.0366749408406817,0.00031719101806117905,0.07758022945454875,3.825903566904461
K2-315,ok,0.022611028423964345,0.9549479114045994,0.005044623653922565,0.10208662616388006,6.068951584259365
K2-316,ok,0.018385054323211584,0.9555582893355358,0.0015223941664033232,0.016249567302956937,2.129658973991003
K2-317,ok,0.052762880425621404,0.9237295147929193,0.0025884570095521557,0.005770939323953409,5.0550064233087255
K2-318,ok,0.010441155981989098,1.056434784872246,0.002823704006270208,0.11462440810917326,4.336477012190179
K2-319,ok,0.0025667624831865426,0.9517941688473992,0.00013865178617765292,0.006674083147018012,2.0416244863330792
K2-32,ok,0.005155927348715318,1.042058924010857,0.00041124285462354693,0.06550834008339652,4.195378821673173
K2-320,ok,0.035915946738667,0.9232936987397191,0.0016188384805411581,0.005002632950718055,5.697310420752857
K2-321,ok,0.0031109500988364355,0.9743634406974693,0.0005171855415932973,0.058558322681770206,5.47027975813819
K2-322,ok,0.009283172108411638,1.307214204213485,0.002974220823715851,0.16394729995526464,6.6005725931788435
K2-323,ok,0.007268445991640559,0.940066465665346,0.00037487781741349276,0.006411190150408215,5.201899298439971
K2-324,ok,0.01053403544146765,0.9397273483786741,0.0010390316035667646,0.021906012976510757,6.999669271662349
K2-325,ok,0.030946966796453434,0.9326521698605486,0.002135085240738787,0.011098666141681883,2.2038524120309275
K2-326,ok,0.01577389016300974,0.9134370188828461,0.0008858258487349178,0.007562375547673904,0.21022814896286032
K2-329,ok,0.003218624707635484,0.9708325972652214,0.0004004253222714353,0.030453115770626413,2.9885344264580214
K2-33,ok,0.01434825946261813,1.033836000251718,0.0034291504117609103,0.3115006174290593,3.1196255549186898
K2-330,ok,0.0006274098578004867,0.9895676933741016,3.460365883588727e-05,0.0067890344666570335,7.640714184093582
K2-331,ok,0.00153593647586779,0.9380835888943576,6.952242081167786e-05,0.004741692400505937,4.010576160307285
K2-332,ok,0.04827445071057283,0.9007610226950094,0.002079373973225563,0.004389256902909326,1.1458781878093196
K2-333,ok,0.0027352332647436906,0.940903257482218,0.00013796970589773465,0.005817671734187199,0.4178644920589076
K2-334,ok,0.0019101903389561034,0.9564713470318076,0.00021352159184172883,0.027209650984381394,4.296919630460902
K2-335,ok,0.0036382807395342136,0.9456091535796649,0.00030729083836013006,0.01832693413559511,5.231040927417029
K2-336,ok,0.003534478091230174,0.928779469581867,0.00018294402496505088,0.006357568130589483,1.3831971608014906
K2-337,ok,0.003127458919672636,0.9423204201983789,0.00018540220551100487,0.00859734601984546,3.386114156235749
K2-338,ok,0.004101314965311561,0.963193518395854,0.00022216851606286816,0.006730752521464604,3.428712073091317
K2-339,ok,0.013597948545285302,0.9578286525985702,0.0022136989718082325,0.05833690934368024,5.843928711237253
K2-34,ok,0.0018536370302620136,0.9843928717899241,0.00014228991230316943,0.010676235298736517,8.014217684511095
K2-340,ok,0.012443565950902047,0.9158235361190972,0.0005453432158454846,0.0047503906965255215,1.1603248373912938
K2-341,ok,0.00366150876594095,0.994204437416949,0.00014792646035927047,0.004034919307801268,1.3836373268493882
K2-342,ok,0.0015746376646103896,0.9854558874070009,6.948236897444675e-05,0.0045289001884305955,0.5521852512029228
K2-343,ok,0.015445132988076166,0.9063864378634239,0.0007015988936202892,0.004969819115235691,0.5302923033823871
K2-344,ok,0.0030237630617050404,0.9347771195484263,0.0001930062170013903,0.009207257521065658,6.018640376733742
K2-345,ok,0.011083379127139198,0.9052265505585053,0.0005172096620428295,0.004864027938194814,0.20483364614283472
K2-346,ok,0.001832515625373261,0.9879870996656298,0.00034754486060578014,0.07852943617941174,10.928479166653812
K2-347,ok,0.01378917168445038,0.9268677381522424,0.0006326324406615608,0.004780865148409471,0.48040855799995363
K2-348,ok,0.006663510645483092,0.9991393763046278,0.0003464768586287935,0.02911376737265542,8.5952965325006
K2-349,ok,0.010734594993286948,0.9809571466470511,0.0012150650652330173,0.026828554947836758,2.2562466947116575
K2-35,ok,0.009662917860665561,0.9498968069551479,0.0005494262689167487,0.008037115556376411,7.529775538722844
K2-350,ok,0.005519564129533554,0.9446070643332153,0.00039578545210969436,0.01143546740407735,4.562070881688669
K2-351,ok,0.010632118044114234,0.9594494106522384,0.0006378815684801079,0.008557466992090462,0.8061432227102506
K2-352,ok,0.003863016199892543,1.0377830663146363,0.0004450007377431247,0.09166016412641281,7.083194883102004
K2-353,ok,0.0025528128032127413,0.9801186082858468,0.00030892079297031665,0.03262863411062523,5.383113175102959
K2-354,ok,0.020809410418648176,1.048374498905165,0.002132224739771151,0.07828506807530346,3.90734288631549
K2-355,ok,0.007285819780509937,0.8982850586131113,0.00046634186611214825,0.009412211665335237,10.792097797102748
K2-356,ok,0.005513878298750383,0.9477382668269886,0.00034131661823162023,0.009258491982320592,2.783648172178995
K2-357,ok,0.007451729588349172,0.9654285331094015,0.0012326057581371849,0.04539928356871214,3.655608476541801
K2-358,ok,0.008602706197988481,0.9545153892697192,0.0007113675554635058,0.013584042723263185,3.2522293626380536
K2-36,ok,0.011834608487183438,3.106719021070484,0.0041410632706775224,0.30848289371324245,10.046030012526899
K2-366,ok,0.0024094564443153696,0.9683252718850724,0.0001180793289412898,0.005734741633786361,2.9016965692398156
K2-367,ok,0.004694281391435216,0.9290988465070769,0.0002823901767325918,0.008498723665134449,0.2297557874404075
K2-368,ok,0.01298267227651959,1.0317919873652384,0.0008170080915357026,0.04488439611915957,4.283818720116257
K2-369,ok,0.0017183838614932595,0.9767796760379049,0.00010740491756779996,0.008509156869944627,0.22729162857687327
K2-37,ok,0.006147182192438655,1.025789636326268,0.00039173549814800005,0.04175205408147757,4.779087841432101
K2-370,ok,0.0030965356118493187,2.385261623595376,0.002607665673830905,0.4323707244621363,6.379392542427301
K2-371,ok,0.011747756042932267,0.9387517152366615,0.0007295539186517811,0.008091659980412063,4.701987161380867
K2-372,ok,0.006525565687776159,0.9250519340077465,0.00043957117389194943,0.01111648041088897,4.146478445206946
K2-373,ok,0.002243959400226887,0.9997137427177184,0.0001026604648368115,0.02373296302617504,2.981658333850473
K2-374,ok,0.004566463900262492,0.9321426115970569,0.00024150430198107694,0.006822591751033244,6.3339456640560945
K2-375,ok,0.004600229533270716,0.9568708104153458,0.0002991289820873814,0.010121012710630048,6.335602459840438
K2-376,ok,0.0010265270484550973,0.854278957576003,0.0001391393435681621,0.03673941809469694,5.155495055017972
K2-377,ok,0.0057528400726489185,0.9253123030498729,0.0003847278495943414,0.010483032351347813,0.7329964757876737
K2-378,ok,0.03441260178374497,0.9338686098926213,0.002709226763841433,0.01425013950809838,6.249777613144081
K2-379,ok,0.01033422212901318,1.0423381909637583,0.0010835446431415989,0.09537666073294199,5.661204419261076
K2-38,ok,0.001508051397719173,1.0005454302400227,9.516429816792346e-05,0.009403341370098184,5.478500228403556
K2-380,ok,0.0018278659318477863,0.9689594371340641,8.824727680489347e-05,0.005589091281826072,8.95769089704085
K2-381,ok,0.008565388070423187,1.0390612410375675,0.000525583798137645,0.04200858209737138,3.3808503277738375
K2-382,ok,0.005814329212373504,1.136790210145562,0.004013495474453641,0.48529607161965527,0.639111708851267
K2-383,ok,0.011861024605992695,1.0788884908422305,0.0008161341700871747,0.0476619308248,2.4070340079846524
K2-384,ok,0.030724088571896138,0.9905304211263601,0.0024195066190575896,0.024045629645349814,8.67874297402605
K2-386,ok,0.004642328971846487,0.953927378327479,0.0002667525056118945,0.008507614422302868,2.126059566324768
K2-387,ok,0.01990265848449657,0.9304827169080155,0.0009996810547480328,0.005965335881239681,1.6346656156701698
K2-388,ok,0.0034353125598340323,0.9803479538873292,0.00030775849981192876,0.01804508657157508,3.9200750718386788
K2-389,ok,0.0020381028527207716,1.0834582324235786,0.0008474701200147261,0.194354947254059,8.971058343717617
K2-39,ok,0.0010827696088963495,1.0808445428966718,9.979192760162268e-05,0.01658116165865378,1.1478741819132663
K2-390,ok,0.005534493468395215,0.9549533157260353,0.0003928472006660007,0.011897297993086767,1.1798417871941043
K2-391,ok,0.0028242297414228547,0.9906696945800256,0.00019478463140419484,0.010552176609292488,6.86432190366585
K2-392,ok,0.003548218134550199,0.9358410892643328,0.000255428875827592,0.01152213632645644,5.558307774966427
K2-393,ok,0.0020637888925276898,0.9511642709375285,0.00012169082458464188,0.008638153304124714,4.944066424189892
K2-394,ok,0.0025577315990603436,1.000697530259141,0.0006660345063533175,0.12940129743116516,12.179550305829252
K2-395,ok,0.009061269660433902,0.9495762197225206,0.00036342451293412535,0.003875546952530956,1.281691872138804
K2-396,ok,0.005399874195784076,0.9611681189499697,0.000530375184257748,0.020958704620161334,2.1283003838647216
K2-397,ok,0.0020848502251058546,1.0049175797080092,9.86955028185891e-05,0.005333087833307176,0.6016106156646018
K2-398,ok,0.005106265650041255,0.9486049418473064,0.0003077938444094902,0.008691197669468572,0.6342403748257108
K2-4,ok,0.010091632616353957,0.9089899257474108,0.00041020638716607246,0.0036653307159391214,0.21125547196596986
K2-400,ok,0.005636287924047325,0.9490247794713076,0.0005283595296949094,0.019682082096408957,2.87529488867706
K2-401,ok,0.006426900889312216,0.9371349816088203,0.00037456500670742936,0.008393572437174422,0.4514991127880111
K2-402,ok,0.004646795723483081,0.9454837549254402,0.00018327186128792562,0.0038193702330119057,0.8928628186221255
K2-403,ok,0.0027818066189266937,0.9985675417620462,0.00017273231020528535,0.008931018036586772,4.155575379654928
K2-404,ok,0.006331453100101471,0.9466228642220641,0.000289004376423819,0.0049036048998776175,0.34215142348536765
K2-405,ok,0.0033945939897833616,0.9544189610176576,0.00039576396806994467,0.030480069585792167,6.342720565063893
K2-406,ok,0.0006917882694291115,1.1046062115283826,0.00024637687020302533,0.19990904601176138,11.270986223770933
K2-407,ok,0.004041104749981985,1.307061094393928,0.0007163810046079649,0.05768725920917537,4.8554759057306
K2-408,ok,0.002194121993298615,1.000246508767974,0.0002663848840839371,0.03398575525161896,7.140547293535266
K2-409,ok,0.0037058315230955557,0.9492395457093565,0.0002227701870646359,0.007878769558502209,6.387267319568142
K2-411,ok,0.0010898878968601804,0.9262079991737865,0.00015415714918073247,0.009552652857107376,0.5675296391045301
K2-413,ok,0.01134982753260748,0.9374664224707977,0.0010399773724204915,0.018758300247873314,1.7534501248955319
K2-414,ok,0.02082382503161145,1.0160371804021178,0.0020445568852164296,0.09916981059776982,8.816424541445746
K2-415,ok,0.0058044526970973355,0.9818530075837418,0.0020284448574857364,0.20179186816345968,4.298031398036447
K2-416,ok,0.006878448007683247,0.9746002953439171,0.0018228667532199801,0.142753737905831,10.138392178478377
K2-417,ok,0.0038987954724566164,0.9761458850399894,0.00033219302295635144,0.015125352048654629,4.862223221649283
K2-419_A,ok,0.02437356598526739,0.9011305846321792,0.0016141933223273249,0.010025252811775857,6.015166415443332
K2-42,ok,0.035508320884730646,1.0231453933845007,0.0012783603163558303,0.014945466281567043,2.2209227096376947
K2-43,ok,0.035176787587662156,1.0270802953339613,0.008513401668789687,0.3061625883775112,5.987367121052898
K2-44,ok,0.002889904974554896,0.9420524471457125,0.00013898670593538246,0.005295089072665619,7.530397338008186
K2-45,ok,0.027326178791046568,0.9227610456680814,0.0013923283959162353,0.006043942747002756,6.024336011820878
K2-46,ok,0.002845827894890674,0.9460158798817897,0.00013869160949719344,0.005672343703714468,7.530401055022082
K2-47,ok,0.0082675460153564,0.9190654051382909,0.0003880934564932438,0.005093685556064331,7.08746950297743
K2-48,ok,0.011266588328398035,0.9203354258876004,0.0005013418814960847,0.004536904365729833,2.8044325893564173
K2-49,ok,0.023763549140284144,0.9219985605253485,0.001131283794428404,0.005683847101071403,3.1333584031452717
K2-5,ok,0.012249574312499742,0.9276043845278502,0.0005021247122446394,0.0041013228437328545,5.476196337883619
K2-50,ok,0.010055822647751822,0.9424910854738717,0.0011817289528225931,0.03148143454322853,5.742437715440636
K2-54,ok,0.007760353631426577,0.9265785113079241,0.00034543815265747693,0.004455939358201904,10.926501546578008
K2-55,ok,0.004064878491787885,0.954609247045045,0.00022512880525094283,0.007393338900183103,0.21617608560333437
K2-57,ok,0.008716831329979888,0.9170976888100569,0.0006252587734836227,0.012101350138137313,10.119494503135064
K2-58,ok,0.005773509535416483,1.0281180634094431,0.0004975354989429796,0.059379744139425344,2.670929528697364
K2-59,ok,0.007714792842486504,0.9334043016028929,0.0005438556282106765,0.011926475460467543,3.682874894292611
K2-6,ok,0.004191041807462511,0.9347442391508057,0.0003623946590726919,0.016826114271929152,8.811424579168943
K2-60,ok,0.0036319299877422204,0.977132414926945,0.00033617349967847546,0.01958131126393825,7.1485881960092
K2-61,ok,0.004163910772410359,0.9524736338662081,0.0002853347834096292,0.011725862128802228,3.07993199998433
K2-62,ok,0.005318814343285857,1.0468119263221793,0.0002722378772863754,0.024338518989084512,3.8110543874799228
K2-63,ok,0.004190191351592466,0.9917726001327887,0.0008724690434089956,0.05622209693999108,3.9404292503585063
K2-64,ok,0.0093396218295722,0.9516247467796474,0.0004910260143889961,0.006702681297470205,1.9131609245757772
K2-65,ok,0.001073540972376878,1.1169668062925786,0.0004936672628514638,0.25021944680666747,12.45537642120371
K2-66,ok,0.0026094445367045626,0.9961723625311731,0.0003485510521790595,0.033141124561361916,4.782608437304248
K2-68,ok,0.008399123134942595,1.021855791583733,0.0007637008579319433,0.07515717602832353,4.468832270139111
K2-69,ok,0.014131658534965034,0.9423318202128917,0.0010413442650536015,0.012827816734535653,0.2010338305308244
K2-7,ok,0.0051422980630111215,0.9411996568890265,0.00035279742882974967,0.010531749963705275,5.735747091565817
K2-70,ok,0.007591167794985679,1.7098459117605422,0.0015404921419892204,0.04412406405486757,7.155474693162347
K2-71,ok,0.013463342656197745,0.9578345801174893,0.0013275217876417605,0.02331536506145869,4.738417009048798
K2-72,ok,0.007033698747788046,0.9589390450835603,0.0004998148655860838,0.01153997497748614,0.4905266291035025
K2-73,ok,0.002086178185292981,0.9878097978654294,0.00018304341982184504,0.015620705586161179,0.5124256368405206
K2-74,ok,0.0035242474685054613,0.9452526962913013,0.0003861056396278937,0.02652004298178093,7.749441303516705
K2-75,ok,0.0034919800644018107,0.9824273045343875,0.00023078890002832186,0.010037504607894274,0.6094458324305089
K2-77,ok,0.0023237280182331487,1.0541445746645635,0.0010843518315290213,0.31406929563249586,9.750882703020457
K2-79,ok,0.0020926898963030613,0.9807089765680781,0.0003406767408797252,0.04295283587671108,10.176149266631208
K2-8,ok,0.01407064886250358,0.908930962969536,0.0008643731188927066,0.008878984834033953,5.0188356392576825
K2-80,ok,0.0028008707819594113,0.9411752492553673,0.0001441693747161766,0.0061386747535863845,6.404609792652934
K2-81,ok,0.007831662192076747,0.9381238480213495,0.0010783567177145425,0.035879918032911184,3.49067554053903
K2-83,ok,0.007145877239194576,0.9428255366489657,0.0004699673571590613,0.009718182759038125,1.3705414058681944
K2-84,ok,0.004782528511100346,0.9140628358405732,0.0007375885378829602,0.05461461510654378,9.99937481878698
K2-85,ok,0.002338038725359154,0.9782747777124118,0.00033809165938278676,0.04152790478718911,6.795384492771813
K2-86,ok,0.0038546075332269855,0.9638773201685943,0.00019616571972034107,0.006379518642111351,1.3981237731038838
K2-87,ok,0.0045706164406407734,0.9317303546811477,0.0002523439285741951,0.006997157449548713,1.5778315932491207
K2-88,ok,0.0094261440982699,0.9233044350020791,0.000630230303121984,0.010453248221655621,4.8562894531352425
K2-89,ok,0.003926825215942216,0.9701451380761482,0.0003261275422079155,0.015168787711372462,5.994366390489404
K2-9,ok,0.012486816003895836,0.9238608546708071,0.0006078409020131305,0.005458854972446764,2.1056293189834845
K2-90,ok,0.0045302054683325765,0.9321089397951516,0.0002713639095252109,0.00842972367391984,2.240616470738034
K2-91,ok,0.006530577534377459,0.9411560822962366,0.00028435738746269523,0.004495571452416653,1.0129611743180362
K2-95,ok,0.03448459140792108,0.949960121456313,0.0017691895755928507,0.005965323761626951,0.5439439991404745
K2-97,ok,0.002504350226979497,0.9421799123103913,0.0001273310208399281,0.006095612604994097,0.43046353103890606
K2-98,ok,0.002526279512392839,0.9261074412491609,0.00014186261000669056,0.00719774006066461,0.4319835737321152
K2-99,ok,0.0015619090733896758,1.087756292672238,0.0004869083486136414,0.10160381493170668,2.7561257799700187
KELT-1,ok,0.0012758015707115351,1.1083817068816215,0.0004999815406930686,0.19009144736041467,0.6082375111871337
KELT-10,ok,0.00282806664302237,1.0994115498030201,0.000886404341173707,0.07466309566650836,0.8370865240499211
KELT-11,ok,0.00036217768206412077,1.4270080495609432,8.684669308490781e-05,0.035919876338565124,2.4019933515140113
KELT-12,ok,0.0011814482395761643,0.8796997872128736,0.00023445810590675193,0.04077338996369751,2.467990810916595
KELT-14,ok,0.0012835971438324536,1.0341381728150774,0.00020994325526813826,0.03919574201375631,5.093757795059114
KELT-15,ok,0.0014715465892446533,1.0148415945592983,0.0002170489941399818,0.02665929423437457,3.1346634070356076
KELT-16,ok,0.002790247526275635,1.0543760284743164,0.0004771319675317148,0.039254577140523564,1.0013760164325962
KELT-17,ok,0.0006601539470351874,1.0724742674296195,0.00018357170040693438,0.10607153687894938,5.714352301474828
KELT-18,ok,0.000950176223866472,0.8776884734413428,0.0001566827495434669,0.030501112529549613,11.760581929325099
KELT-19_A,ok,0.0009072499586448719,1.0929464445414039,0.00027814072951595504,0.1457099023978324,4.485409053831215
KELT-20,ok,0.00048426044325987073,1.6348496940607453,0.00031981980110164666,0.36023967060832063,13.0
KELT-21,ok,0.001419576737190944,1.045088610842767,0.00017568227538910578,0.02119287559286536,6.262471122815904
KELT-23_A,ok,0.0009085866238803813,1.0360950893564427,0.00014760143750598668,0.04541123126948523,6.780569359927868
KELT-24,ok,0.0004913405152741038,1.4157700661105808,0.00013440000865925326,0.07688115895155093,10.8904853163307
KELT-2_A,ok,0.0004616398892560769,1.115757366775747,8.153333201335196e-05,0.05529881461088138,6.046420456746205
KELT-3,ok,0.0008206714173708129,1.0158054719750724,0.00018990521079631078,0.07282517392913866,6.070376957329257
KELT-4_A,ok,0.0008914027523399727,1.023451937355782,0.00011905837168936292,0.02983869406767692,6.857510541068034
KELT-6,ok,0.000980269653586845,0.8101003499979221,0.00012273799891293808,0.017440386203085058,4.075319142363962
KELT-7,ok,0.0005247606702711575,1.3457888560976485,0.00016945464755532632,0.11831543340490445,8.898823993901681
KELT-8,ok,0.0031253464988044107,1.9699129118907661,0.0004490692730196848,0.017039181259255822,0.1998519913964958
KELT-9,ok,0.00042380249138450983,1.4650672715221853,0.00019010924089970542,0.20267063679957245,0.49317824198910865
KIC_10001893,ok,0.09628012605862984,0.9452839377637173,0.004790690055920302,0.004717673042351739,1.5731763094405533
KIC_10068024,ok,0.006192149448529885,0.9897296830078295,0.0014746893553478388,0.07816814515951448,13.0
KIC_10525077,ok,0.035185250913585785,1.0202613590352463,0.004327154448712683,0.03196819532225383,7.276451642181033
KIC_3526061,ok,0.0008292686517602346,1.1135841091096579,0.00014338559989631163,0.04710430195777923,2.272917795415792
KIC_3558849,ok,0.02306044845369487,1.1017425094672237,0.007862513458176448,0.136220623387426,2.4800209038284216
KIC_5437945,ok,0.00850162464993798,1.004009997172301,0.002159908642195753,0.10561935024776094,6.586321970065786
KIC_5479689,ok,0.011311474658970278,0.9731648550874665,0.004531725631243595,0.2743048875508812,1.7056229452548184
KIC_7917485,ok,0.007843081259265328,1.0562393696899894,0.001064856210548376,0.024986867585790464,4.717773686261472
KIC_8121913,ok,0.00349366723932792,0.9593876778625013,0.0003107156116016676,0.017037945457440477,6.586276322214635
KIC_9663113,ok,0.010704824170854218,0.9303265980921948,0.0009943682044945418,0.019855677402149052,8.7430247661526
KMT-2016-BLG-0212L,ok,6.46068171932168,0.9598359811363014,0.5567562931301634,0.016168225329296564,0.36688271300429603
KMT-2016-BLG-1107L,ok,3.4178027052339965,0.969264741869126,0.2591581279890395,0.012498145146440806,3.2102154649294903
KMT-2016-BLG-1397L,ok,13.08053002509144,0.9312188751951413,0.9197172747961272,0.01174349949273463,4.411995113807107
KMT-2016-BLG-1836L,ok,14.899897058674231,0.9517540347504564,0.8100864389046641,0.00708299899005334,10.700742471796806
KMT-2017-BLG-0165L,ok,22.766278187106348,0.977733375432746,2.933000094771221,0.03483734355482154,3.7767399341129586
KMT-2017-BLG-1038L,ok,10.415004792404552,0.9734704588156157,0.9062599923030935,0.01735670795093483,10.688272074324345
KMT-2017-BLG-1146L,ok,21.431502982863137,0.9571368104851237,3.0427629186687244,0.04396805312036193,7.133833641334047
KMT-2017-BLG-2509L,ok,22.56693272114906,0.9956828837839395,5.3194956378616185,0.08240429889147992,4.421532509730022
KMT-2018-BLG-0029L,ok,2.369784710823025,0.9440768804532652,0.1278808278223017,0.006861194851887896,4.738757978525343
KMT-2018-BLG-0748L,ok,2.0237369952834694,1.0358339290088097,0.6267676443283683,0.15586943354720717,8.025444103884212
KMT-2018-BLG-1025L,ok,0.8266982105709083,0.9746779739937041,0.09852684867986129,0.02853440117034276,7.133844210551893
KMT-2018-BLG-1292L,ok,0.4543884815681973,1.1022754013249765,0.15619811883043713,0.13441479399914472,0.9287320582275834
KMT-2018-BLG-1990L,ok,73.62156088278891,0.9712565352057225,7.9828657665709715,0.024807804829484918,7.50199530297403
KMT-2019-BLG-0253L,ok,2.2479161663755844,0.9690104030457057,0.4331632877386437,0.07324254126581121,7.553461957715011
KMT-2019-BLG-0842L,ok,3.55878896852641,0.9820776737676208,0.5087532097421515,0.04394351402900436,8.025559088235923
KMT-2019-BLG-0953L,ok,0.7190205385286476,0.9579246467624519,0.08130286618052882,0.028014166398357125,7.1338389848491115
KMT-2019-BLG-1339L,ok,3.247657839615803,0.9480145756212942,0.27724351438889056,0.01706318579394114,8.546445968656522
KMT-2019-BLG-1953L,ok,3.1163570696188785,0.9459402331296584,0.24488604516436852,0.01337947465192973,0.5418104170776651
KMT-2020-BLG-0414L,ok,4.802828419866688,0.9432358832888054,0.3041942059012909,0.008897803572007354,5.583022772591844
KMT-2021-BLG-0171L,ok,16.011423340452286,0.9707339261412188,2.539956320278445,0.05091657550858582,6.758372178367631
KMT-2021-BLG-0192L,ok,2.3224230556083185,0.976719025459764,0.3299588892722776,0.037428116645605934,6.758362423793067
KMT-2021-BLG-0912L,ok,9.499028337239276,0.9492619071668604,0.922675627535645,0.02061759198227286,5.83046567776085
KMT-2021-BLG-1303L,ok,5.831154642184723,0.9596217891344755,0.47812156379654075,0.013764023420348475,5.134713472668682
KMT-2021-BLG-1547L,ok,5.866910940100136,0.9662501361039711,1.0161839990153958,0.05094993220840209,5.342586946889961
KMT-2021-BLG-1554L,ok,9.118936910360812,0.9520918237676825,0.8482615751095312,0.01950054473211631,12.802338910203162
KMT-2021-BLG-2294L,ok,0.3982742808876071,1.0115142266872372,0.06693368990246475,0.0538955601646505,9.8776324067806
KOBE-1,ok,0.0007017773027560032,1.4289527934771615,0.0003231378373460583,0.2695850616689861,6.336227438256275
KOI-12,ok,0.002058223116345124,1.0359573518002227,0.00023871591670443016,0.023083625658792233,1.1344121459123735
KOI-1257,ok,0.017273364215056364,0.9274232659104649,0.0021712772260939492,0.03342810054188251,6.928112691212491
KOI-13,ok,0.0015729844868939285,1.044671431291323,0.00017133792964260685,0.019427323514929547,0.8812183373437315
KOI-134,ok,0.008771575889725502,0.9094291676225928,0.0006969114263474985,0.014022489085462189,2.4154194049532443
KOI-142,ok,0.006386860568166899,1.0940054981342264,0.0005855608172227802,0.01872328029555274,3.5381382640080576
KOI-1599,ok,0.046473270348223426,0.9195654646590756,0.0042993664389241746,0.018242241955920516,0.6767287099947258
KOI-1783,ok,0.009625272209285225,0.9831155569146703,0.0009575351540209628,0.022681877329885473,9.370126969198754
KOI-217,ok,0.03558386684864367,0.9848956533009662,0.0021613703908307173,0.008561861515802615,2.395729118430098
KOI-2513,ok,0.02246222431317581,0.9872009508550313,0.0024927843633021605,0.027767435287958383,6.918211696885103
KOI-3503,ok,0.01258475562640684,0.9230952290784975,0.0017852475567651908,0.04079998550282231,6.276636313760235
KOI-351,ok,0.007935980984687032,0.9429682411870328,0.0008106532760087444,0.023164769223520218,13.0
KOI-3680,ok,0.01719574787485765,0.9212685806884582,0.002929377241709411,0.057165070358731765,2.8242204416027676
KOI-4777,ok,0.02376589898783283,0.9103665186129491,0.00106893223563847,0.004835602579290794,0.7971625212637925
KOI-4978,ok,0.035892676135209536,0.9448040949711385,0.0030430838664742303,0.01581600564097972,6.89688661870308
KOI-55,ok,0.06134244985142275,0.9718857290331862,0.011768228781226506,0.07436357741503223,11.852132655706146
KOI-7368,ok,0.025216688918151552,5.442205092441761,0.02801293617641732,0.7502543184016,2.6181953393880986
KOI-7892,ok,0.012988379674180529,0.9299838340854362,0.000570160957860492,0.0047193024450184005,0.37211280510845673
KOI-7913_A,ok,0.017379375678916356,1.675838812064822,0.01567860887499696,0.6571520110048236,3.215333968006785
KOI-94,ok,0.0038786813821798747,1.0833517320449533,0.0005065280393179473,0.033593093188236084,4.912276902531974
KOI-984,ok,0.0072839737632332795,1.9156011040718577,0.006150678609043528,0.5453406604209332,8.222205830853223
KPS-1,ok,0.004037690747840027,0.8260363259659078,0.001020498728450757,0.12310573560585816,10.110531930736654
Kepler-10,ok,0.0013469929120648694,1.0321541699362373,0.00013478585118293742,0.021994564322793734,6.602681317006133
Kepler-100,ok,0.0035048966362090377,1.0539774262530803,0.00017554171434861084,0.029075605941102884,3.725452649191821
Kepler-1000,ok,0.006153917001058751,1.0536416070307715,0.001713152206078516,0.0822565420327681,6.928128019693654
Kepler-1001,ok,0.029817457850945733,0.9841126251281845,0.0020561782018920513,0.011458942235038785,2.396513515353698
Kepler-1002,ok,0.0023820501779908275,0.9858819646393352,0.0001187362276150636,0.005849102088482202,5.454784894630234
Kepler-1003,ok,0.01189669445729989,0.9395523788039042,0.0008849663435776783,0.01245577047403975,9.355767498685136
Kepler-1004,ok,0.005643322374982352,0.9466560230188247,0.0006116677190876164,0.02553550712109952,6.276615437240068
Kepler-1005,ok,0.005783315240563273,0.9629339303496379,0.000461190293658737,0.014456140015552798,2.8242407178673945
Kepler-1006,ok,0.021288016379122976,0.8812361734054736,0.002201783086360717,0.02423404377543071,7.307321401267627
Kepler-1007,ok,0.017167191657970475,0.9072012352084653,0.0021039364005558084,0.03405273834256126,9.35575467894511
Kepler-1008,ok,0.0065476092246974,0.9190160398228799,0.0012768890455006553,0.07463644560930281,10.878031437311966
Kepler-1009,ok,0.026522932511426678,0.9803288382323452,0.0020341937818491884,0.01334733007815499,3.4514873477219963
Kepler-101,ok,0.006035514651912293,0.9751723144470098,0.0009349067619804629,0.048667798351838466,13.0
Kepler-1010,ok,0.01589250310101234,0.9365561540863224,0.001123111638150069,0.011377020877389331,6.928121459562563
Kepler-1011,ok,0.028874186761109814,1.0089191999445248,0.005281713101079444,0.06569460738633989,8.189749441666164
Kepler-1012,ok,0.005947809098881342,0.9287436772611057,0.0003434473938205186,0.007907679443489846,3.8836703234298415
Kepler-1014,ok,0.01605749215553276,0.9584705445048527,0.0032927655182631976,0.082148490063544,4.717669965398334
Kepler-1015,ok,0.005085602983351951,0.9022119320240132,0.0004476690186744699,0.016633306466344366,4.2693408539666615
Kepler-1016,ok,0.027692410275240012,0.9688339779204902,0.001923645701283799,0.011320560180397869,7.720895386579824
Kepler-1017,ok,0.009690055391030463,0.923535455230339,0.0003756644998232224,0.003714583479640053,0.33026765065870967
Kepler-1018,ok,0.02400481307628259,0.9761683096923759,0.0027971822810568354,0.02913494452089793,13.0
Kepler-1019,ok,0.005159050347581675,0.952399865512389,0.0006588424971000924,0.034214294940001985,10.182910960069187
Kepler-102,ok,0.0019306814862851626,1.0842266245520806,0.0006259087006035676,0.16312726989560172,6.414596288735825
Kepler-1021,ok,0.03946410995428922,0.970149679699062,0.0037393074121003034,0.021472368278488863,8.196382621990802
Kepler-1022,ok,0.029225332630452405,1.027248593955973,0.00469951373280767,0.053962999178187115,11.836227681046848
Kepler-1023,ok,0.01321572980124751,0.9579676282273248,0.0016678235976539401,0.035640065947472495,4.561078982151218
Kepler-1024,ok,0.0683700294501381,0.9663053628402976,0.00728699866572491,0.021219191405179635,1.7056381240957386
Kepler-1025,ok,0.00792755319321451,0.9580252893847341,0.0010102024158050028,0.033633827777747816,3.32444618128096
Kepler-1026,ok,0.010832867525008888,0.9294918639774927,0.00038292864295275683,0.0030478438082382664,1.440790611610013
Kepler-1027,ok,0.003975309599630908,0.9444854804153809,0.000389880057778876,0.022331186386539532,4.570516669200148
Kepler-1028,ok,0.01292698325529704,0.9512485089733365,0.0015316010656372058,0.031437963072761664,7.730484005553558
Kepler-1029,ok,0.013664420911937956,0.9094460984361216,0.00130735445585502,0.019550994351962243,7.730481370732734
Kepler-103,ok,0.0030082370112632173,0.9491545266014824,0.00013681221585307434,0.005089600285093932,0.66861607219237
Kepler-1031,ok,0.012566085181901745,0.9525359037544647,0.0028831549430203495,0.09348716450201441,4.893275820063744
Kepler-1032,ok,0.07508069196033405,1.0068858094933164,0.008281238475339752,0.026750149845456705,3.655390528430356
Kepler-1033,ok,0.04323894674171178,0.9606404273889091,0.0032674492957782478,0.01272069264137338,10.875453747370344
Kepler-1034,ok,0.024968566717399065,0.9542439331487079,0.0030446232810555224,0.03100767192425601,4.382321188140895
Kepler-1035,ok,0.004713467006527874,0.9471497502778212,0.0005461360855382536,0.029744876941334895,9.355778630610146
Kepler-1036,ok,0.007946851338883338,0.9492596325503,0.0015068294995159535,0.07092828926800596,9.355755164879833
Kepler-1037,ok,0.012781021066863265,0.9496232019692732,0.0021680809986542415,0.06185031871777432,10.050901514024682
Kepler-1038,ok,0.024822558923033963,0.9844360720455976,0.003814509860840195,0.051598441271753226,3.1510057712812753
Kepler-1039,ok,0.011368747606466246,0.9230500206362791,0.0007736903783516117,0.010982859153971177,5.27561806194213
Kepler-104,ok,0.012169384939486752,2.9124392973922495,0.001507047855674623,0.02552853310685825,7.727481722828881
Kepler-1040,ok,0.005494361873356696,0.9734995553444328,0.0005510706156001988,0.022591519718341526,6.395324185350468
Kepler-1041,ok,0.015952636820389214,0.9478213409638283,0.0017283351119061826,0.025557707026619306,4.895585658481998
Kepler-1042,ok,0.05692192588188472,0.9687036679281993,0.004875540475555325,0.0163908357322115,10.038852505796893
Kepler-1043,ok,0.02400265563480261,1.0565497926593421,0.005188839170738328,0.0842824997997029,7.3072875420724195
Kepler-1045,ok,0.03383444445277728,1.0039643286574758,0.005770611932429353,0.059389592402483066,4.866181499939396
Kepler-1046,ok,0.005740603781529103,0.9467632949001292,0.0008185032669089393,0.04356613976960543,4.882277206425689
Kepler-1047,ok,0.005563286863619179,0.9342748304808922,0.0006196766632792519,0.02827336874532672,2.824229068204276
Kepler-1048,ok,0.015378646509846928,0.9664345805007228,0.0014333462414906706,0.018735300445659887,6.928069062142015
Kepler-1049,ok,0.009504631223730905,0.9810992144134784,0.0007668733283976214,0.014046743633333223,0.9869051558546845
Kepler-105,ok,0.004418566925099617,0.9537075581648168,0.0004005779439067128,0.019015864588543326,0.993863266119622
Kepler-1050,ok,0.00539660817654921,0.971276535069989,0.0007124527473496804,0.03529518883943378,13.0
Kepler-1051,ok,0.009739670042516406,0.9890529305627667,0.0021484076771598483,0.07617229405529381,7.730469556826705
Kepler-1052,ok,0.02535288890945053,0.9294236858566518,0.0021443107178784624,0.016402701339748988,3.6292367347746213
Kepler-1053,ok,0.004595809344950462,0.9462158826693251,0.00049114516135647,0.024911151333711974,13.0
Kepler-1054,ok,0.01155545262336173,0.9423711615983101,0.0015562175910913592,0.038389487075058674,6.586309409740231
Kepler-1055,ok,0.006001693824681779,1.1257531523894189,0.0034928141235048868,0.311211469591887,13.0
Kepler-1056,ok,0.01772810742180379,0.9408263744332794,0.0013231168678519256,0.012901905221442928,6.276608272953416
Kepler-1058,ok,0.03151800904066571,0.9549506265593526,0.0027762762801437973,0.017063212002262202,5.98490841163651
Kepler-1059,ok,0.04073568253385252,1.024705948786437,0.004687509130246441,0.030766321099854527,6.245341711684992
Kepler-106,ok,0.004830612034851575,0.9407475172791783,0.00047413204570431554,0.020722428188885526,6.586268641401244
Kepler-1060,ok,0.017990225212245137,0.95256818352441,0.0013822467459741977,0.012565437544518944,3.1352924373917515
Kepler-1061,ok,0.00645352713106898,0.990189857267047,0.001097940502826329,0.0573196037233846,6.928090486140729
Kepler-1062,ok,0.016702901277930275,0.9155350972775766,0.0010498510244889082,0.009240542500066545,3.9329489270116667
Kepler-1063,ok,0.007143906690583511,1.1431517844947614,0.00210307028002985,0.14945461050964018,10.878121899202606
Kepler-1064,ok,0.009925108951454558,0.9873404871198238,0.0013752174232262986,0.04252787424449149,10.060850627765108
Kepler-1065,ok,0.06185844011617278,1.0172681288233185,0.012374898954264786,0.06878981937213643,13.0
Kepler-1066,ok,0.007202581401618592,1.2408856812426134,0.0034559860157575718,0.24077336101758456,4.882283183038323
Kepler-1067,ok,0.01360512108653143,0.9757577777079576,0.0025376797458555498,0.06094801488096486,10.880873211905582
Kepler-1069,ok,0.0053772985506452,0.97706587872728,0.0003946107148334595,0.011956764498576383,3.451513050132358
Kepler-107,ok,0.0038440667537857653,0.9914325148337889,0.0010934380127457651,0.1705188663492545,0.490063326800738
Kepler-1070,ok,0.010038306081010046,0.9328346924424696,0.0009216736222265273,0.019000215760008776,6.9281019106752515
Kepler-1072,ok,0.012792303865891632,0.9216743203488048,0.0016062179608672352,0.03335635517816064,4.561071466618117
Kepler-1073,ok,0.02227519082424011,0.8916777289978944,0.001388375791862634,0.008634193278370056,6.276634612785613
Kepler-1074,ok,0.014658114158219038,0.9588968711634862,0.0022337605680624708,0.04557536384306696,8.20566786811648
Kepler-1075,ok,0.022404565812249203,1.0127594322652935,0.00644726910848715,0.1385867093094511,7.70022737349766
Kepler-1076,ok,0.0040191322729140585,0.9988435707221373,0.0008226438436440634,0.07810618179269663,7.104049694219206
Kepler-1077,ok,0.022734594337896315,0.9593574685155082,0.0014930261787936712,0.010385580679866158,6.266778803566236
Kepler-1079,ok,0.005304212528203764,0.953750891604331,0.000268024914474776,0.006060943624325304,3.7851159437873942
Kepler-108,ok,0.009508814174822031,0.9372052226304505,0.0007261246143192366,0.013407069579834112,3.4884068287479093
Kepler-1080,ok,0.007942971190259624,0.9489239743794162,0.0008289278637346995,0.02458988611005196,3.4883999269704966
Kepler-1081,ok,0.01203059438074216,0.9584463548473662,0.0006531709151518629,0.006926080155329987,6.928123240177765
Kepler-1082,ok,0.0058186189974942576,0.9446331302062799,0.0006346401498753632,0.02541367734965527,8.205646553332866
Kepler-1083,ok,0.04857365964654643,0.9817424442763631,0.00827894552511854,0.05766974973914332,4.722370921853848
Kepler-1084,ok,0.002833113201354993,0.9809155980274734,0.00017924327162343635,0.009066727614724773,3.9078112655562403
Kepler-1085,ok,0.031714014926413216,1.0204065374140567,0.00831853488959322,0.1240371042958089,13.0
Kepler-1086,ok,0.032455281088977134,0.971535461551905,0.0017823411241919328,0.007074934498102949,2.7030285234151745
Kepler-1087,ok,0.004517777662127027,0.9335823200590494,0.00034869482070549546,0.013592065608677349,5.500746846187805
Kepler-1088,ok,0.002282123426627257,0.9503168149191723,0.0002239301855436813,0.021135385185850182,4.570494572741367
Kepler-1089,ok,0.06527880604277636,1.3174754391238483,0.020566057719264348,0.1580391918869512,4.109891430132989
Kepler-109,ok,0.0030172451130476836,0.941428644408028,0.0001409018647145621,0.005234937674541259,0.7484980455171117
Kepler-1090,ok,0.02533063495568699,0.9930039470884064,0.0023311027699898634,0.017877161106692744,4.401484407035954
Kepler-1091,ok,0.02265913046000032,1.0125826187471654,0.0025434938231205387,0.026473327758874555,13.0
Kepler-1092,ok,0.022973745590910238,0.9494482279316867,0.0017135918892002323,0.012677089340792869,2.824208098628764
Kepler-1093,ok,0.009888773528759009,0.9350976419479891,0.0004150763243216807,0.004308371394964867,3.6292035674416088
Kepler-1094,ok,0.02788284386319897,0.9437662228119732,0.002785825475674593,0.021766206638630794,4.895599452260527
Kepler-1095,ok,0.02050054638572264,0.8972425538450146,0.0017148767077594922,0.015356606249896794,7.307332368875181
Kepler-1096,ok,0.01806045304492977,0.9672948629883665,0.0011478051425569636,0.009193404611758188,3.3076146207157744
Kepler-1097,ok,0.024797008034988643,0.9415106375887121,0.0012046309465294767,0.005260478335086114,5.283033241788188
Kepler-1098,ok,0.020650733235969665,0.9312074092337306,0.000817880468890046,0.0038578592637297706,0.9223438335469961
Kepler-1099,ok,0.02992477159600236,1.0776905755941963,0.003329978361902864,0.019415355131723655,7.686925194106211
Kepler-11,ok,0.00936241572418322,0.9549096292920659,0.00040978376413462406,0.004578479131939164,0.23912999965576504
Kepler-110,ok,0.004281247178875158,0.9438554090194171,0.0002597060370555683,0.008495078568048058,5.08195262099899
Kepler-1100,ok,0.008905399308087827,0.9008975154637334,0.0007668584520622197,0.01660304711956492,4.895596624135899
Kepler-1101,ok,0.02860911849217644,0.9878081339139246,0.003539380503645485,0.031151685639434875,4.886266665391897
Kepler-1102,ok,0.02320666083159907,0.9540596101181487,0.0033318308950524463,0.044610304637408754,6.928062412529318
Kepler-1103,ok,0.009806445814960011,0.936901473335884,0.0007711614850701307,0.014590454800213863,8.205654220798602
Kepler-1104,ok,0.004402819149670038,1.289876489055339,0.0009219029594966835,0.07639932400105875,5.912325060318253
Kepler-1105,ok,0.017767522217559076,0.9694650106305054,0.0032304926901462125,0.07014630909913952,4.895559814156857
Kepler-1106,ok,0.016046736192140077,0.984804758433304,0.0015336764332205676,0.02119721338751288,10.053873637148373
Kepler-1108,ok,0.022453470415559187,0.9850655582101373,0.003230845825207253,0.04045797208394309,8.196390123296391
Kepler-111,ok,0.007591482215852937,0.9574961920699429,0.0014102549798729288,0.0677475883726321,4.722418767922769
Kepler-1110,ok,0.06137914445357985,0.9434375930285833,0.007510994141878187,0.03129441028285645,4.895601194632436
Kepler-1111,ok,0.019050383327063727,0.9834651782910624,0.0017700786170902298,0.02063173073784547,11.843187967225253
Kepler-1112,ok,0.022239207431326027,0.9756622735482765,0.003035914585405488,0.039578018115113,7.844462653663785
Kepler-1113,ok,0.022245657714460028,0.9924489517090451,0.002750729591635909,0.031071948445793748,3.4638598567020007
Kepler-1114,ok,0.009142244748527904,0.9407231817333385,0.0006896094775876562,0.013605478844416373,3.3995594766439265
Kepler-1115,ok,0.004016076857592929,1.0422492911959023,0.00039408777668370004,0.02269476493651879,5.062984618357238
Kepler-1116,ok,0.025045653303337048,0.963682042280926,0.0019247404246376784,0.012267612440742684,3.5740766057865527
Kepler-1117,ok,0.011919181119949879,0.937044202125583,0.0015426595549171893,0.03651908706969833,4.895592075779644
Kepler-1118,ok,0.032452717343206025,0.9833466613407268,0.005129281375571861,0.04913638119872027,7.72091247645695
Kepler-1119,ok,0.03317813804289396,0.9494168864078213,0.001129553968975816,0.0026169144018948418,1.4587299956328725
Kepler-112,ok,0.01046443195830319,0.8802798489685386,0.0008395227190473061,0.014116712978651713,6.276619622234811
Kepler-1120,ok,0.028909438287385496,0.9767469218860502,0.0027890768796472493,0.020021129224373928,3.391961120747228
Kepler-1121,ok,0.002685016918848555,0.9468080704656558,0.00010706063524546994,0.003963861611498819,0.2739293562163898
Kepler-1122,ok,0.028789562256378638,1.0189524800941594,0.004145218755013395,0.03974890895331667,3.759316421018796
Kepler-1123,ok,0.026269608964131035,0.9835952400197628,0.004437107965764572,0.06026578349210328,3.434717760071726
Kepler-1124,ok,0.04186352946049622,0.9291825096815749,0.0019466133461649344,0.004807643743637292,2.618175514042633
Kepler-1125,ok,0.03263322555172571,0.9651616250413478,0.0020770380343352263,0.008865774203481655,0.7032996737755077
Kepler-1126,ok,0.010376954224586298,0.9682998411354354,0.0019651153896706386,0.06722941423310386,13.0
Kepler-1127,ok,0.02850199072360903,0.9522945489671114,0.0013419951034514838,0.005234571898938885,2.1046073555356473
Kepler-1129,ok,0.044858093819810464,1.0913216162708237,0.005229650961992921,0.029118467074212322,5.500779987024407
Kepler-113,ok,0.005034695689394446,0.9530148003245177,0.00018698998614516052,0.003365865156143262,0.21395847346520222
Kepler-1130,ok,0.003016542608974027,0.9504773971013573,0.00024204359217775968,0.014723079646709667,0.9223334058410636
Kepler-1131,ok,0.03365329272655907,0.9885206298861327,0.006296963681401958,0.06649311994858634,10.905486367005848
Kepler-1132,ok,0.029391628573125324,0.9892689167411529,0.004467227785422621,0.04671803937479035,3.759310084429095
Kepler-1133,ok,0.019576157572887366,0.9614528801800195,0.0016126536162188584,0.01521834374910395,4.260571723716565
Kepler-1135,ok,0.012637106711954631,0.9677557783396659,0.001684780177910187,0.037840365068437166,3.3996002258751283
Kepler-1136,ok,0.03192089050374355,1.020652848345369,0.0042434104692938195,0.03671203139571349,3.6553708180299047
Kepler-1137,ok,0.004302753037676825,0.9632517360960385,0.0004504869832063137,0.02555849851218236,5.737171150191215
Kepler-1138,ok,0.029616521387174435,0.963801817623597,0.0036087195001606137,0.03209142066917082,5.2528445600584615
Kepler-1139,ok,0.009344638596750672,0.9485765282029007,0.0012019914249412433,0.03725407035835819,13.0
Kepler-114,ok,0.007124898773351069,0.9561444269784322,0.00041609171439376685,0.008033778561794916,0.9869120477607243
Kepler-1140,ok,0.025731973296421306,0.9058837832752374,0.0010876349503399245,0.00427725628709011,0.48470195323293214
Kepler-1141,ok,0.003048910116474089,0.9589293456636983,0.00020401465834163563,0.010193692973500526,2.01840931610317
Kepler-1142,ok,0.01587783396245384,0.9119497424642654,0.0018830880468539847,0.030673215966959613,6.9281074553655975
Kepler-1143,ok,0.038680700561773466,0.9671766727233759,0.004549357139874172,0.030062899071741502,2.395439113873815
Kepler-1144,ok,0.02407484607613534,1.0139751919431947,0.0026451138895073893,0.025414916194944407,3.0626763402989154
Kepler-1145,ok,0.03901290105270119,0.9536320139849535,0.00169504138649281,0.0044400927193407125,0.4617401965053715
Kepler-1146,ok,0.03844507156063014,0.9645852891394667,0.006858447607049763,0.0636571805855224,13.0
Kepler-1147,ok,0.03648101116105192,0.9645387391363637,0.0023578135486786913,0.009718312007894388,4.88625354601673
Kepler-1148,ok,0.032027104872476245,1.0046551311034277,0.004177438545920772,0.035277389021273774,8.1764284584108
Kepler-1149,ok,0.02074999445497827,0.9800475949076807,0.004314839288959573,0.09335945319827563,0.718486957048612
Kepler-115,ok,0.006704925804721212,0.9178836595727208,0.0007201875008942485,0.026057255883792884,4.561051917731202
Kepler-1150,ok,0.018273767834504167,1.0004282382704344,0.00471991233356686,0.11072274388413743,7.307314336811963
Kepler-1151,ok,0.018808881912510605,0.9538186925073587,0.0012842885582410714,0.010792253631786574,2.2853011003516737
Kepler-1152,ok,0.010907719226887625,0.9511994171450298,0.0005990821959902044,0.006961241217067205,0.9284128626794732
Kepler-1153,ok,0.05255602502215515,0.9896017883786227,0.007895255868996889,0.04380914374851836,6.5549661518092615
Kepler-1154,ok,0.02819432801188538,0.96344674524231,0.0032344024578242433,0.03069138388877457,6.7049022192708385
Kepler-1155,ok,0.025983732306549663,0.9862108338900843,0.0038781649405005667,0.038402309793555696,5.470182378663182
Kepler-1156,ok,0.011114815587513165,0.9542710704370944,0.0021729813161055593,0.07508230990859847,13.0
Kepler-1157,ok,0.010188021900624986,0.9511313801242501,0.0007076450392796715,0.011383889086449363,4.8955507744718
Kepler-1158,ok,0.008138149763331338,0.9418198310016622,0.0005133873708444357,0.009466960422662193,13.0
Kepler-1159,ok,0.02931127497410005,0.931071068989975,0.0031091924068903853,0.02449939296718682,3.7851332221534912
Kepler-116,ok,0.010999382053034596,0.8953620311642709,0.0014298236519172684,0.035415078234362365,6.276628526097104
Kepler-1160,ok,0.06019562566379098,1.0034940079931034,0.007633366526684775,0.034580570437771185,8.176418342983924
Kepler-1162,ok,0.06030102563965172,1.1288280866776776,0.015437836202510626,0.08924418268714579,7.276436951262226
Kepler-1163,ok,0.0043516581888032105,1.3179309355748514,0.0031380576603597748,0.3936759116066353,10.182927497399817
Kepler-1164,ok,0.014063300779754111,1.0032431510012194,0.0023091233091797237,0.05700296153538075,5.706260377667513
Kepler-1165,ok,0.017176402178022333,1.1036851602344824,0.002399195177492903,0.03847251702582783,3.8957293068208934
Kepler-1166,ok,0.014165714251501663,0.9388194716404029,0.0013601797989614796,0.02005103573417324,7.730480445802562
Kepler-1167,ok,0.07151471784019292,0.9555826987998625,0.006263698577625257,0.017510768701163065,2.4429844443870032
Kepler-1168,ok,0.03951242392133871,0.9813948169351471,0.0057722946818168155,0.047298613741463574,10.038847052659987
Kepler-1169,ok,0.009967598850035727,1.005616563105386,0.0007175982124151697,0.045017413709527644,2.7096175612445474
Kepler-117,ok,0.013108158445025914,0.9423829613410823,0.000946741437849018,0.011823334563703514,5.081967703876648
Kepler-1171,ok,0.007734588578921401,3.125431863526091,0.007988733431713439,0.4197021179545884,3.718322754994888
Kepler-1172,ok,0.08768418915635193,1.2347938735119397,0.011935233789518577,0.02147227566985783,4.722429060065706
Kepler-1173,ok,0.007840206646044182,0.9503590896266848,0.0003405056934519277,0.004540395574494651,4.045854011609729
Kepler-1174,ok,0.010666172063847104,0.9482884813916628,0.0009633415199334199,0.017593346673045667,5.5007192609701505
Kepler-1175,ok,0.09629700492825267,1.0097178861860645,0.007854087873658183,0.014405011217603745,4.693458126202058
Kepler-1176,ok,0.032739529540477534,0.9957106860740096,0.0029697926793557992,0.017374204227880632,1.3411369940903168
Kepler-1177,ok,0.014215372086624526,0.9559936454468313,0.0010929044175170379,0.013573364435109191,4.8956103998924325
Kepler-1178,ok,0.008748327309462442,0.9657274565076925,0.001051628313139462,0.02950000085794451,13.0
Kepler-1179,ok,0.009841757992996898,0.9836388297121784,0.0024610561184463995,0.09646637767915664,13.0
Kepler-1180,ok,0.03058658573533333,0.9460152961556378,0.0011373384697589107,0.0030898579212584325,0.25339202139103134
Kepler-1181,ok,0.017993478948869723,1.0532132002784296,0.0022391681107153507,0.10636227720393186,8.205709295679698
Kepler-1182,ok,0.030986148867527177,0.9620070008727444,0.002505914880903558,0.014498096492920637,4.401485722771854
Kepler-1183,ok,0.06472065648668987,0.9360922030693546,0.005636348878764705,0.015722046115696733,2.110013945539669
Kepler-1184,ok,0.02797472627272949,1.0016835344222121,0.0020656514231170223,0.013072020686430466,4.615510576083384
Kepler-1185,ok,0.0035179501023865608,0.9802038845509995,0.000859133396474421,0.1232513368108753,5.674320474481809
Kepler-1186,ok,0.03774868495130413,1.010927483329733,0.005686558644813134,0.05001530870817315,13.0
Kepler-1187,ok,0.021233990286069707,0.9748824846643209,0.0015133167783548888,0.011872903694462793,13.0
Kepler-1188,ok,0.02337588722718061,0.9548572066035628,0.0021892990360544116,0.01998985967304362,11.846390098622411
Kepler-1189,ok,0.015074733871627576,0.955649923574395,0.0017523914907577453,0.028836822664994172,4.410364941231822
Kepler-119,ok,0.014777271223502041,0.8735877573782177,0.0017080666002658284,0.028125900111119338,6.276624135948247
Kepler-1190,ok,0.012043498318595454,0.9451935457380002,0.0012443185868952504,0.023171997366923314,3.4514966431793197
Kepler-1191,ok,0.031104966831471816,0.9691880070159665,0.00245099543084317,0.014490166664036882,2.817465531250501
Kepler-1192,ok,0.03665633948469406,1.0697278269458281,0.015945744398333,0.23387041299924194,7.727255999139794
Kepler-1193,ok,0.0058148278291924515,0.9792798038917722,0.0004570239696442573,0.014173449629283715,6.586312147635219
Kepler-1194,ok,0.01334218365804597,0.9953135322003013,0.0012292202168924038,0.013593922464382908,2.939566086920843
Kepler-1195,ok,0.04579219382778293,0.9715175973120566,0.0032865682139607334,0.011474505976820823,4.72237196897842
Kepler-1196,ok,0.023804235046610087,0.9683227053220298,0.001533290066911507,0.009817093523179315,4.886256370955829
Kepler-1197,ok,0.020466473104209938,0.9532250013084625,0.003575712933512074,0.06507488619596011,9.347729789674135
Kepler-1198,ok,0.021818991085130707,1.0436748813080894,0.0029220081657397824,0.034442209982090626,13.0
Kepler-1199,ok,0.00512570982484289,0.9301750672955161,0.00037693034401347275,0.012754077519289588,4.7224095669565385
Kepler-12,ok,0.006598565376811207,0.9599993254115069,0.0006532883696276475,0.021349562751063755,4.570514511193604
Kepler-120,ok,0.014406837542416678,0.9576014354084211,0.0020311210244509975,0.04107240990317544,7.307356720199594
Kepler-1201,ok,0.02097018239211913,0.9452591913007208,0.0008592858536686096,0.004091180442770722,0.7032989934634315
Kepler-1203,ok,0.015039839932026256,0.9047886780457467,0.0018603698354473124,0.03273375348299362,4.7224150017243725
Kepler-1204,ok,0.03719498643011348,1.0100592648937485,0.004155091425230669,0.027041748084140147,4.241740530192219
Kepler-1205,ok,0.05277478995056255,1.208703873000091,0.010973165861137212,0.08302304849859389,10.863139578915597
Kepler-1206,ok,0.043970006568890774,0.9394944571284422,0.0025236127292027266,0.007844309040749516,2.8551829307856806
Kepler-1207,ok,0.015017806749729402,0.9524147599968525,0.0018655753437319508,0.032885952454710835,6.928095105209548
Kepler-1209,ok,0.0034446366102980886,0.9720261402231556,0.0002129341035367286,0.008962401868230073,7.097534587807797
Kepler-121,ok,0.022629585198514778,1.043851233519009,0.008213657905325009,0.17253935552737446,7.70022406503451
Kepler-1210,ok,0.03419413181942305,0.981344634708829,0.0034513092337923575,0.023640405269592504,7.297546035638988
Kepler-1211,ok,0.06948050178533866,0.9758684990143462,0.00504162251882722,0.011018378341642078,13.0
Kepler-1212,ok,0.026351233874738606,0.9405566300574344,0.001464052619748949,0.007324807671506602,4.764748383450788
Kepler-1213,ok,0.005794671024141697,0.9527938712426532,0.0007553648622758492,0.03641914815978604,4.722421234514714
Kepler-1214,ok,0.03468732883887202,1.0819256921854825,0.003077716074609295,0.01745629641679531,6.170144838245132
Kepler-1215,ok,0.019805901253971546,0.9570224340919672,0.0018611461148088006,0.019580044411803468,3.488397345202183
Kepler-1216,ok,0.02509947648047925,1.0511710309935678,0.009978084431427827,0.21870320913347252,4.866192879095862
Kepler-1217,ok,0.03472487910488155,1.0291190301190476,0.0058599428426929084,0.052234835747482396,3.868691291382119
Kepler-1218,ok,0.013137946937430577,0.9979205392143081,0.0017181170639961536,0.035831689916251,6.586305538352169
Kepler-1219,ok,0.003918685362618422,1.0833490327075073,0.0003860284910470869,0.02303596102187622,2.809744181818486
Kepler-122,ok,0.015524856533203886,0.9799098541190665,0.002196283219361879,0.04243359312617623,13.0
Kepler-1220,ok,0.03273774124644381,0.9900606032103154,0.010649939491863089,0.20328067035805814,0.7108139915368898
Kepler-1221,ok,0.03007374997376724,0.996598386343281,0.0062523461745132335,0.08292285211947041,5.04660901401038
Kepler-1222,ok,0.010406005264453068,0.9304502581576827,0.0015887030760145524,0.05012184388376949,6.2766245566841095
Kepler-1223,ok,0.015971824442102343,0.9641529224793884,0.002652434057477108,0.05007054916155795,7.3073612148128975
Kepler-1224,ok,0.005058289672714345,0.9819607301401407,0.0004930936943206771,0.02235620743896706,8.715381166727724
Kepler-1226,ok,0.013364018773593209,0.9507849334610615,0.0019541485976935394,0.04341584570515079,4.8947829375684195
Kepler-1227,ok,0.010403216731432392,0.9602831085020371,0.000955583520291329,0.01888871781871876,3.5820343567051744
Kepler-1228,ok,0.02108406720967607,1.0111062475282988,0.0036471482905155094,0.06028687008437756,3.6727225290329018
Kepler-1229,ok,0.03735575235759761,0.9397191532142457,0.005023350287555653,0.04146402687254105,0.2025534424907272
Kepler-123,ok,0.014464740050805912,0.8920620239321524,0.0010585053852691423,0.012410298411563388,3.582001025879445
Kepler-1230,ok,0.030451788590940974,0.9474101939695606,0.0025287067631640683,0.015120696100180457,4.561031019046038
Kepler-1231,ok,0.02133681839001872,1.0431885941086276,0.005688170302708527,0.12451652404163006,0.5415605993248914
Kepler-1232,ok,0.022064002164292634,1.120311576410243,0.011013836868026955,0.17835831290126272,13.0
Kepler-1233,ok,0.16077805576937726,4.996783761844086,0.01043537323087976,0.0034135840795581425,4.713237359037513
Kepler-1234,ok,0.06376396789619007,0.9714181121226642,0.012773066041092053,0.0816156998562136,8.74305229552633
Kepler-1235,ok,0.008129424593015215,0.9540300817709559,0.0010525332000409916,0.034606538455739494,11.84641476420666
Kepler-1238,ok,0.02642400236888921,0.9584110330318206,0.0020226127041250313,0.013776458951684065,5.007517110953624
Kepler-1239,ok,0.10181260141552442,0.9880019026363596,0.009394979973381845,0.07093291820552704,4.722480131121552
Kepler-124,ok,0.00936751006063165,0.9570493294499215,0.0009191372460983855,0.021298860028113317,3.4515013641264694
Kepler-1240,ok,0.009605181891587171,0.935569822737922,0.00046468174563017386,0.005636443102950301,2.047710770245181
Kepler-1241,ok,0.07767839605230892,0.8936480819188319,0.013404905140108848,0.05578898244621552,13.0
Kepler-1242,ok,0.06580645545752717,1.191206641748462,0.00693178977248818,0.02373211861386973,4.165367279678604
Kepler-1243,ok,0.02390646058018346,0.9243469471011238,0.0010975672442204442,0.004918738735751071,1.0009263452232113
Kepler-1244,ok,0.0033396215941673157,0.9883372120085476,0.000300196884479458,0.01909731883042174,10.890504762630878
Kepler-1245,ok,0.03557156388204281,0.9958558809124732,0.0050807826041412195,0.04251434785517687,13.0
Kepler-1246,ok,0.020231671267659332,0.9620305693253893,0.0023673465988235188,0.03018580746881447,4.7236650786315275
Kepler-1248,ok,0.004783106009707871,0.9217207977157061,0.00028417155376078885,0.008816015838721717,1.05420232137439
Kepler-1249,ok,0.05322643457533692,0.9759663656026184,0.006578839942141341,0.03305994607216215,1.0189613299635867
Kepler-125,ok,0.017737319866912453,0.91449834123722,0.0008294740156527093,0.005338856801205551,7.7167983003839105
Kepler-1250,ok,0.04267800817140844,0.9935570780373018,0.004183547317598378,0.0212945795160544,10.038848692449298
Kepler-1251,ok,0.0190206869971458,0.9520669734498171,0.0012013599787767482,0.00923809264916906,2.0092901257899687
Kepler-1252,ok,0.0200526676820802,0.9335948204613601,0.0009267461365745506,0.005132171353998624,13.0
Kepler-1253,ok,0.0032688539693475406,0.9841525323413424,0.00016310567938388634,0.006138039752801765,1.8835564304468142
Kepler-1254,ok,0.02427780201462676,0.9696442169332767,0.005143145520940317,0.07637367219266468,3.759306479493914
Kepler-1255,ok,0.02447617156953065,0.9481803199885579,0.0012438987230130592,0.006206775045420099,0.7682558922614925
Kepler-1256,ok,0.011072279688726266,1.0409010250998807,0.0019578622826316905,0.0636676020835819,4.722419429530958
Kepler-1258,ok,0.008094596350175414,0.9408877012794814,0.0005245618158118583,0.009628290093523565,0.8710440114630945
Kepler-1259,ok,0.032411722192821874,0.9922165294823553,0.0044648778163758705,0.039880022832262364,8.196397469031055
Kepler-126,ok,0.0028226881062739864,1.1382313022089665,0.00018242559913945623,0.048919868951843484,5.05903318657898
Kepler-1260,ok,0.02624429549226862,0.9488726832260626,0.0015704567197973884,0.00821612608140738,2.935376978386818
Kepler-1261,ok,0.03304031861730968,0.9883789740648203,0.0028801310269778013,0.017307913168614887,2.9933261024410114
Kepler-1262,ok,0.035050392775212935,1.0075499606231615,0.004390282622860708,0.03492280905812336,4.866198993606543
Kepler-1263,ok,0.01950216799541322,1.0269234133685887,0.006409307034628279,0.19760422343758063,7.700223942029355
Kepler-1264,ok,0.014057427720364009,0.942764367709797,0.001790488023787891,0.033085375786708934,3.3151663944855128
Kepler-1265,ok,0.027932694858743185,0.9802701066439237,0.0040395176875469225,0.044210949729102694,8.176405800636369
Kepler-1266,ok,0.08059225523729281,1.1467323257317537,0.038781969839403505,0.31037716063330867,8.176411024294795
Kepler-1268,ok,0.04411825787184078,1.0109121572955246,0.004513194301850955,0.023741419580685878,5.963640684105263
Kepler-1269,ok,0.007068255179298833,0.947086995324594,0.00032943643546202517,0.005362558723034796,1.79750561413197
Kepler-127,ok,0.00439167603980554,1.089143278181927,0.0003276663525191904,0.05429518376575055,5.063343927585905
Kepler-1270,ok,0.005204263884432756,0.9638327700861247,0.00046545098847951234,0.017343713675924844,4.723661860464669
Kepler-1271,ok,0.011011547359339704,0.9645087323053791,0.0009779619103358205,0.017330685291802487,5.700281098391085
Kepler-1272,ok,0.011950122085792991,0.958287776664333,0.0011455596974436792,0.02124269570632153,4.895548506810183
Kepler-1273,ok,0.043180875996392594,0.9729890550156437,0.004071126076971708,0.020828949523558554,7.297598851216397
Kepler-1274,ok,0.0022059723430415783,0.7896988480433201,0.00010111317165463797,0.004999774024138,2.0378286417012648
Kepler-1275,ok,0.019304991562972783,0.8853853397149004,0.0017823248540031283,0.01908970363757245,8.743037663582118
Kepler-1276,ok,0.00470411953606124,0.9774859749959334,0.000631819609833849,0.037836740004298146,6.928130700322017
Kepler-1277,ok,0.012822691924443562,0.9590139885200608,0.0005719723932675996,0.004738002172436845,1.6048280968232695
Kepler-1278,ok,0.007685840350692702,0.9650817065804504,0.0007216437176533596,0.020572328732089695,11.846390436826885
Kepler-1279,ok,0.01138013913747749,0.9494292332345892,0.001110836926897619,0.020824606533127007,13.0
Kepler-128,ok,0.0017128021174184146,0.976295528675583,6.741421151850047e-05,0.0036246453456252347,3.3690023747592526
Kepler-1281,ok,0.06501238942242565,0.9658576375136535,0.004431186002680558,0.010440037877494429,2.0400949709125005
Kepler-1282,ok,0.04020646082006931,0.9984865729686563,0.0031469496931154847,0.013013133305459761,3.9859881316104997
Kepler-1283,ok,0.0448070402342963,0.9415610468590397,0.0033879653839029656,0.012644330961547432,3.574083415100253
Kepler-1284,ok,0.047000947868944924,1.0204750162009382,0.00863503269233112,0.06524436839639497,3.985991089816097
Kepler-1285,ok,0.002484398210342182,0.9990535180523744,0.00010513349256423438,0.004407332227245982,3.2153194105759515
Kepler-1286,ok,0.027558158161026133,0.9796296936578294,0.003778860477319266,0.038432750305868096,3.581986655486109
Kepler-1287,ok,0.027915069640572696,0.9835602326306659,0.0028067891244263955,0.02313855647459589,7.700233326676497
Kepler-1288,ok,0.005988699896945142,0.9681635233931091,0.0003151327202710316,0.006749818525945921,1.9352731730901864
Kepler-1289,ok,0.021853124940194542,0.8637552193646023,0.0013279967817901312,0.008002256292155632,4.410374878600843
Kepler-129,ok,0.004485413272920669,1.000196547381089,0.0002766408265279662,0.04275628242554862,10.975948506689189
Kepler-1290,ok,0.06912894164022709,1.0090713154434794,0.008571854992383915,0.03150550314444233,3.135305263286204
Kepler-1291,ok,0.06595119695472475,1.0074652249551552,0.0057811641230624804,0.01702803287920467,6.554969309962537
Kepler-1292,ok,0.05783878091656959,1.0043711892237102,0.006304592328358694,0.02302800340348877,10.863690211684318
Kepler-1293,ok,0.0059214989886666606,0.9362963289561147,0.000665858592680097,0.027130397527561287,2.8242272540326727
Kepler-1294,ok,0.19583008856878278,4.259909876954582,0.1993082521683977,0.8528803073522836,1.207303821170208
Kepler-1296,ok,0.01826394260763621,0.9190083447003832,0.001519708072302177,0.014805952078251982,3.3151620207005346
Kepler-1297,ok,0.021939835518492056,1.004663439463232,0.0026472955678792987,0.02869525728478855,1.7133148851267292
Kepler-1298,ok,0.0016919146611794789,0.9709769195443665,0.00011621098012885949,0.010674092730761515,6.763220127049597
Kepler-1299,ok,0.07992206986665466,1.2147799861077377,0.012254796671241446,0.02481509359110128,0.21285135950003473
Kepler-130,ok,0.006115943795926037,1.1168188637064125,0.0008101603832106675,0.13950713912118864,13.0
Kepler-1300,ok,0.004264400251687457,0.9703572186897239,0.0004343005995292369,0.022342523940412643,7.7304953060502815
Kepler-1301,ok,0.0357294616054964,1.0362130434662906,0.008731402098996654,0.09829696555434544,13.0
Kepler-1302,ok,0.01789767204244788,1.0145273142003877,0.0024981813133307454,0.040029423275004875,4.866203071154384
Kepler-1303,ok,0.01477047412744255,0.9020594711434061,0.0006432519326432433,0.004278666285098076,0.5383852473256642
Kepler-1304,ok,0.025125266595718457,0.9437076114717987,0.0025675163779253414,0.02157168757249682,2.353847182894752
Kepler-1307,ok,0.033075975976588096,0.98348888675096,0.004653430960962488,0.04161185968668435,10.053881191518313
Kepler-1308,ok,0.010964562997323268,0.9362400713399348,0.0007969424306158799,0.01258461443709343,0.9938601803336781
Kepler-1309,ok,0.09133806784781544,0.9759677445692849,0.012871273155546195,0.042691961684796505,3.677530124315476
Kepler-131,ok,0.004199049332605137,1.0126409021534803,0.00038501373413093185,0.06252648570080138,5.251987859617326
Kepler-1310,ok,0.010670334599839466,0.9209840559015919,0.0005375217035966344,0.00596505430964383,8.369289610314098
Kepler-1311,ok,0.0056468068765805545,0.9464592613821952,0.0008902502209448102,0.05296900183186868,10.060852857622834
Kepler-1312,ok,0.004196161298124818,1.1740267680118062,0.0021157118437373024,0.27686659940905617,5.912320138249595
Kepler-1313,ok,0.004277245585844493,1.9997767652478555,0.0038397191994153763,0.5446033653196575,6.170888950163937
Kepler-1314,ok,0.08791829559277381,0.9416522680537899,0.008405761392031154,0.020741813874921692,3.825306730624657
Kepler-1315,ok,0.03380628536848384,1.0416319515133068,0.0073521762995837955,0.09153396095386214,9.347746759322732
Kepler-1316,ok,0.0154378821617062,0.9238725694352854,0.0015547237727059193,0.023307057880572482,6.586278219375302
Kepler-1317,ok,0.02749369635646589,0.9441825533122428,0.00206082386719632,0.013124819348490118,6.266696105326164
Kepler-1318,ok,0.19194177522217848,2.4286116976865824,0.11262850359328172,0.20500295097603702,7.699374671585373
Kepler-1319,ok,0.008078898491905306,0.9700429079615294,0.0010006415018796694,0.03375978802515428,4.723675969219451
Kepler-132,ok,0.005249510359224238,1.0327874529880046,0.00013513390036383086,0.008816379958069219,8.369678961794088
Kepler-1323,ok,0.0033908836345005727,0.9686060651342459,0.0001333600651324612,0.003815489026771522,0.8931242789605114
Kepler-1324,ok,0.023630495071191783,0.9401407265704175,0.003270587695209137,0.04121751383788343,6.26677604824076
Kepler-1325,ok,0.027531584969574304,1.046405806202813,0.004112832315261015,0.04311265524335103,13.0
Kepler-1326,ok,0.005812828146779296,0.9064243256639576,0.000541359211553739,0.01964463332592895,9.349812371082368
Kepler-1327,ok,0.008820571271941606,0.9479505717213355,0.0013763195851306791,0.05168397169488148,6.928115789047348
Kepler-1328,ok,0.008628205027438184,0.9463612266562658,0.0003860413425000308,0.005008545157415433,1.544512323514009
Kepler-1329,ok,0.041982038785974396,0.9743171200092828,0.005758098510614294,0.03990053662999416,5.081912022134211
Kepler-133,ok,0.004239242440660527,0.9667615212077331,0.0001665411023520244,0.003874557083189204,0.2279005706309039
Kepler-1331,ok,0.026199761056205233,0.932630252476922,0.002297987048920935,0.017091763085075345,5.727360434243502
Kepler-1332,ok,0.008282556403095463,0.9265042748148876,0.0005140914880912482,0.008619206619610522,3.5820197899286947
Kepler-1333,ok,0.036069881718152015,0.9570022516390275,0.0016567245368509303,0.004708917365665133,0.4374557852564483
Kepler-1334,ok,0.029557267458579516,0.9695282642547023,0.00893927088158023,0.1469157861823036,6.294285850713647
Kepler-1335,ok,0.025142924633075832,0.9195264193714922,0.0021526451456006855,0.016152517124170547,10.975721560575987
Kepler-1336,ok,0.013031206440372749,0.9366677543570276,0.0008041449473125638,0.009230144519043807,8.74302713429828
Kepler-1337,ok,0.049228716969313656,1.2053330586327617,0.03232293323134595,0.36440653782939497,7.700225821395059
Kepler-1338,ok,0.007509110269063214,0.9620411854493517,0.0006169052497747502,0.014719978640791076,2.946507773467922
Kepler-1339,ok,0.0025990801120451584,0.9813107869113091,0.00016864966669651802,0.009618532201240306,4.570505704180541
Kepler-134,ok,0.006576790632025768,1.005505392563555,0.0006923993528126022,0.09928039747758634,7.104448376842634
Kepler-1340,ok,0.038923135900665436,0.995131379777038,0.0027383963888429905,0.011090628157029379,2.7030278399768206
Kepler-1341,ok,0.016184749464623616,0.9303324678689405,0.002309021239946268,0.04095913626186013,6.928071525629237
Kepler-1342,ok,0.059756744959617386,0.9853344994993078,0.003346512664059974,0.007278035814000894,0.7184886890638457
Kepler-1343,ok,0.057915402234630084,0.9966345762263592,0.006622768805265578,0.027983143089532536,13.0
Kepler-1344,ok,0.01056584055030887,0.9672141192942199,0.0021931097010982254,0.08225195490505414,13.0
Kepler-1345,ok,0.009393910234130413,0.9057302219885593,0.0007912248148884511,0.015325970067562176,5.5007563191632896
Kepler-1346,ok,0.01646481079893617,0.9408051338732542,0.0022102370779049853,0.03779288718563387,3.5820163562721694
Kepler-1347,ok,0.009798052941746085,0.937384812479503,0.00061543783344334,0.009331472045856977,6.928080742719196
Kepler-1348,ok,0.018860792609419638,1.0078632250949404,0.002108118281028901,0.026424002715516953,3.078117403956122
Kepler-1349,ok,0.0015019857571739012,0.9991661723353134,6.125230261387449e-05,0.004105423267248089,0.8656957631308284
Kepler-135,ok,0.009927671871304626,1.0272642719112526,0.0008124413679852663,0.05967212642306191,5.006761870657881
Kepler-1350,ok,0.05186630714269301,0.9732588104831974,0.008042279378587784,0.04708683676813904,10.973580361471313
Kepler-1351,ok,0.010671968668046877,0.8766301054053327,0.0010081457470280325,0.01871844048631429,6.276634068367633
Kepler-1352,ok,0.005419942389652899,0.9759436262742164,0.0012111041201214672,0.08829652514837484,6.586305422188353
Kepler-1353,ok,0.036683729970208134,0.9619543173515308,0.0036876039211797386,0.022252661781889317,11.843186807347367
Kepler-1354,ok,0.013668127080375495,0.9420585793546062,0.0015201379778832806,0.027093861910473013,7.307343879639222
Kepler-1355,ok,0.03211409872687807,0.9663918735529304,0.0029239246779911637,0.018746989238232304,11.884245704122593
Kepler-1357,ok,0.030111411470263062,1.0192106939815038,0.003778319023245082,0.03331501101836553,6.245345961754851
Kepler-1358,ok,0.012434617596444729,0.969373279526974,0.0020849888353122845,0.05832022352889467,5.081982721501957
Kepler-1359,ok,0.0713438532391533,1.583536274167275,0.020808044127306084,0.07513383368933077,0.7505085437883239
Kepler-136,ok,0.002550594994728488,0.9546270295005929,0.0001937133276849302,0.013703422052000456,0.23164877033031198
Kepler-1360,ok,0.010842413066139695,0.9349201283469721,0.0007279659244905746,0.011228814105345111,3.4883893161466117
Kepler-1361,ok,0.008198561636993937,0.9518709292084366,0.0005407195085179047,0.010255693987568692,4.669853104401817
Kepler-1362,ok,0.050707523592024496,0.9961092272259852,0.006022866620991882,0.030536349334829058,3.5570448247190725
Kepler-1363,ok,0.029111285192898424,0.9357968662680418,0.0023897118514739093,0.015333314266030218,8.782883213396607
Kepler-1364,ok,0.005632186622499728,0.9538332338894341,0.0006138706920382512,0.027481954113153878,4.895581388190587
Kepler-1365,ok,0.006973012104118693,0.9358241952758186,0.0006682357937928616,0.020873985604668313,3.3995829574961696
Kepler-1366,ok,0.06257493056537643,1.1201370744844217,0.007444513299374916,0.027605603534536775,0.9104196983714623
Kepler-1367,ok,0.03148672219332543,0.9840349652044069,0.006601517511407406,0.08708100589884671,3.9859821898639147
Kepler-1369,ok,0.03456700736167192,0.9874218769532963,0.004356406862599941,0.029845729392565367,2.1614478579449514
Kepler-137,ok,0.004335089347567674,0.9466265333888056,0.0001719952355128488,0.003906454648633362,0.6297805747421408
Kepler-1370,ok,0.026549871305956933,1.660558763582652,0.014196705116422119,0.2642772695947173,4.887416378659878
Kepler-1371,ok,0.008633714508369772,0.947281050732981,0.0016929741116581951,0.07086627354794908,10.182923836784498
Kepler-1372,ok,0.03651719958835688,1.0314244673610717,0.004586474771027902,0.03342781209758664,11.836227405202914
Kepler-1373,ok,0.014402290612978893,0.9508681191676263,0.001141822733079828,0.013821538985781586,3.8693256513997616
Kepler-1375,ok,0.04455632434156674,1.336084329485895,0.006022862795862639,0.02403537662716844,7.307388115157445
Kepler-1376,ok,0.016761932317473555,0.9363766770623282,0.000928483838994317,0.007027984775293349,3.6776257686409544
Kepler-1377,ok,0.049519275129373305,1.004483292729541,0.00427737778984434,0.01725067357338485,4.109886667840879
Kepler-1378,ok,0.4567237344082801,2.37912174023738,0.184885158807543,0.16537960610333724,3.67224152314608
Kepler-138,ok,0.002741991619560783,0.9828902403041061,0.0002504912532643831,0.01849407608120651,13.0
Kepler-1380,ok,0.048675871778462804,1.0162210770364108,0.007695927206526684,0.05024109829567977,13.0
Kepler-1381,ok,0.03759699407692704,0.998633832037199,0.005955224041015272,0.05348572351363857,7.70022707362084
Kepler-1382,ok,0.005486749463849109,0.9125776939139417,0.0008695267356702587,0.05070375545285816,10.880853710487616
Kepler-1383,ok,0.011520563367415542,0.9149670278756885,0.0009484023186739657,0.015568027883607838,11.846398068295974
Kepler-1384,ok,0.04845414855956816,0.9525021287088127,0.0020494286565144737,0.004327473454630076,0.4693085815906363
Kepler-1385,ok,0.0042165047102597,0.9471692105897612,0.0004086541073968634,0.018783375172865234,3.0155785991870383
Kepler-1386,ok,0.014435442624549053,0.9741064622381747,0.0009960992732844008,0.011169284841753696,6.586266422456178
Kepler-1387,ok,0.017182777304734786,0.9422425970560828,0.001965238178805304,0.027530730224163635,10.18293280547426
Kepler-1388,ok,0.04975694437853804,0.9370674923219198,0.0033713203193577565,0.009926365435265441,4.832841829688041
Kepler-1389,ok,0.017217010992353607,0.9696782406411156,0.002978514943473417,0.0635763722377024,6.922490403120759
Kepler-139,ok,0.005007742216908582,1.0744992147227352,0.0007161671545842675,0.04321268638434882,7.307290163782781
Kepler-1390,ok,0.015017200732114825,0.9367730807420627,0.0008991275042652811,0.008305435594841426,4.410364074979458
Kepler-1391,ok,0.009606243212261055,0.9187196722810179,0.0007142179014383255,0.012418945753565351,4.895584018742146
Kepler-1392,ok,0.04649275095653861,1.0892394956380946,0.007140775232727516,0.035452522070958475,0.5201913557504763
Kepler-1393,ok,0.005674170033677595,0.9271452737068789,0.00025858513532833613,0.005200956245103757,0.2531641627172402
Kepler-1394,ok,0.0023366122568825413,0.7729574950639917,0.00011275297782428088,0.005468973732423352,0.9417229662816918
Kepler-1395,ok,0.0035610358985792416,0.9436076297931106,0.0002984520501992128,0.016407219725115708,6.928106235996438
Kepler-1396,ok,0.027445598908608263,0.8847206372619261,0.0014197086608217042,0.005985245468882209,3.38911573640829
Kepler-1397,ok,0.012889865494030659,0.9549770896067363,0.0011454482138747427,0.018022537400324407,4.7217630256369425
Kepler-1398,ok,0.008708052526231011,0.9465313310010329,0.0007015588772118675,0.014944322514165156,4.722404841620306
Kepler-14,ok,0.0027624936759967486,0.9981286244365436,0.0002773045787117001,0.022214537338669627,2.3014304713462264
Kepler-140,ok,0.004747805664215622,0.9691836966449279,0.0006477138464130468,0.03652229072884873,3.782292188282328
Kepler-1400,ok,0.03801420588456537,0.9931273210629453,0.004408764481065451,0.029617590487692674,11.835444399047761
Kepler-1401,ok,0.027417964677791982,0.978326439692408,0.0030845823071774946,0.025529999284524815,10.863696181138694
Kepler-1402,ok,0.01670545980040438,0.9466727026277594,0.0023004473645566004,0.041173278434122045,6.586300962022642
Kepler-1403,ok,0.1270174977865709,1.0238381812276396,0.006615679676385535,0.029214449140021432,4.669848415490148
Kepler-1404,ok,0.04779172544783738,0.9785103787096547,0.005703750199489525,0.0299332983817748,0.38663851165165364
Kepler-1405,ok,0.11592557110411902,0.8559908045061522,0.008726780788707188,0.01167534715079395,4.895584916508299
Kepler-1406,ok,0.007140430190781469,0.9449517073490988,0.0009158817388231951,0.032700938987489075,13.0
Kepler-1407,ok,0.021903428772014625,0.9531685323719605,0.0015103178060659028,0.010576494070551744,3.315123655273945
Kepler-1408,ok,0.00250302493710363,0.9704012236387678,9.324426573798955e-05,0.0034473143603672295,1.858601305673425
Kepler-1409,ok,0.03218092162269412,1.0054399803407021,0.004287236854351128,0.040354169932704784,3.5241365480905813
Kepler-141,ok,0.0058468901175443505,0.9261231774088403,0.0002839290628172705,0.005548027807453306,2.594802800846477
Kepler-1410,ok,0.04346511230270683,0.9571759978357721,0.0031672323053154906,0.012028597493912394,2.1439035395582713
Kepler-1411,ok,0.04920180016824713,1.0209194747926658,0.008514476549202487,0.05448272568760775,4.532552479991472
Kepler-1412,ok,0.005717963834713418,0.9621346635822902,0.0005710636346588578,0.022832415102396825,6.928105679505328
Kepler-1414,ok,0.017809303540915627,0.9404199564390352,0.0008734634475963794,0.005774277251423044,2.141013905832743
Kepler-1415,ok,0.0418036063403523,0.9608678107034774,0.005185000421629908,0.0318406289862789,10.038841454606892
Kepler-1416,ok,0.014950885356596631,0.9248764215076338,0.0011333007946418682,0.013557385160378166,4.561048946607851
Kepler-1417,ok,0.009068348592405805,0.946373752865007,0.0007842366219949377,0.015695580702351192,5.737164215359095
Kepler-1418,ok,0.017851743000147347,0.9510799402730409,0.0014289671647840754,0.01499053943446515,10.060814442339
Kepler-1419,ok,0.06954840884604704,0.9422485842214393,0.0037670546771218466,0.006902228458398882,2.6038820311742104
Kepler-142,ok,0.00536847840202247,0.941476503539532,0.00017247575784265978,0.002483919773415058,0.20316713240303508
Kepler-1421,ok,0.004127418513182546,0.9526774856825541,0.0002066998873805624,0.005583382222062897,2.8861919805660006
Kepler-1422,ok,0.03812411884122713,0.9802469483571874,0.004401478146566657,0.027834488701652577,3.1509962528973374
Kepler-1423,ok,0.013634777847279594,0.9552418222835253,0.0017887766980585335,0.034046046707365656,4.89561326701505
Kepler-1424,ok,0.007066744347673573,0.9597458640651206,0.0013740664815349681,0.062368022841322084,6.928117759848753
Kepler-1425,ok,0.008504467205356093,0.8759066773044263,0.0008726823671800818,0.02301270296938781,4.722407581611254
Kepler-1426,ok,0.027701366085879708,0.974270220806034,0.001803962540759261,0.010093123509603829,7.297546937149973
Kepler-1428,ok,0.027748148400470213,2.6480031541316555,0.003686712402319879,0.02775028148187871,5.501065604990721
Kepler-1429,ok,0.020354776896599716,1.0459990140000404,0.007671583661478687,0.20844193425461183,8.715374969194581
Kepler-143,ok,0.008797012407957041,0.9573520086717903,0.0006858996496032307,0.014161933226840388,3.4883952790049433
Kepler-1430,ok,0.03692126741549697,0.9984652684702187,0.005454505180258448,0.04572357480721734,6.8968979261952565
Kepler-1431,ok,0.031226437615427472,0.9515371369169758,0.0020335011529810116,0.010393899218772224,10.05388415390507
Kepler-1432,ok,0.05777457101397559,0.978152324435867,0.006599007923350916,0.026523145680968856,8.247778242868398
Kepler-1433,ok,0.03146804881202309,1.005730183069362,0.003801261137989018,0.03285901086234408,3.759312744519925
Kepler-1434,ok,0.003025214637339041,1.0326453270544098,0.00016145032800206704,0.007009757114088122,3.8262406665972346
Kepler-1435,ok,0.005116303181023757,0.9489762032654049,0.0006337693803738164,0.03398615023659336,4.722420347629086
Kepler-1436,ok,0.025936714354303995,0.9985601253090896,0.0049619528833914255,0.0685212032303543,13.0
Kepler-1437,ok,0.033222453201758984,0.9485233565725725,0.003686559869703474,0.0281101548240712,5.49105447382623
Kepler-1438,ok,0.02874551632046226,0.9839139291501685,0.002000339862459342,0.011284601062132707,0.23027564762910496
Kepler-1439,ok,0.03265823189642593,0.9185863609162432,0.004157107762060406,0.03709643815787573,4.887420487436208
Kepler-144,ok,0.0025665872188214644,0.9445909678527946,0.00011961670600443414,0.005294046307833046,0.4966550822898807
Kepler-1440,ok,0.009405786774604269,0.9500453397377998,0.0012588070024303162,0.03545302981105084,6.453609788898605
Kepler-1441,ok,0.10859800783308575,2.1562055693047197,0.05901048323352391,0.2498270120441482,10.060841719880942
Kepler-1442,ok,0.003064413717294801,1.0397025270415847,0.0004262562346969314,0.03716447890473255,8.897544881777865
Kepler-1443,ok,0.0029431493411138923,0.9651702930173205,0.00015018490397859728,0.006320463855046211,3.9329503395492296
Kepler-1444,ok,0.0032761188748780153,1.120222037318981,0.0012891319368979642,0.1805433555715307,10.182913316521107
Kepler-1445,ok,0.003401609653499975,0.9590763168277829,0.0002081675251443088,0.008634693379052559,4.722383208249174
Kepler-1446,ok,0.0032503385360879095,1.0752773707437713,0.001348314763786206,0.22841344299850702,10.182925211272533
Kepler-1447,ok,0.014676077399281482,0.9312520269195544,0.000631850557607963,0.004585303832135471,0.2525915001304355
Kepler-1448,ok,0.01418615414013492,0.9475976261577796,0.0017781016910943192,0.03490037359956457,4.722426829318663
Kepler-1449,ok,0.031561774044317925,1.0119271494586164,0.004699484693271996,0.049080788032053714,6.245334480287443
Kepler-145,ok,0.0026227607528006053,1.006248200108225,0.00023625258869456404,0.018855830190495592,5.062970957062647
Kepler-1450,ok,0.029213420341373766,0.9597460016860295,0.002302532747859821,0.014495497092817857,7.297547426115436
Kepler-1451,ok,0.03749169891298093,0.9641599146725705,0.003944310563033495,0.024717367921293254,8.196373095542931
Kepler-1452,ok,0.005566086034534902,0.9721467177805401,0.0008618536352352146,0.04672062379399984,7.2974173319193385
Kepler-1453,ok,0.038479077826395744,0.9743386180557929,0.005016167005047213,0.03705926946319549,7.700222376168146
Kepler-1454,ok,0.01733591555317972,0.9755998025816521,0.0019229830616204091,0.02901003821775906,13.0
Kepler-1455,ok,0.06441783683166065,0.9938705826078535,0.010201986516875313,0.05037289920289894,13.0
Kepler-1456,ok,0.03061026779701142,0.9869793100307589,0.0022328692092003495,0.01213516513054472,5.963637008713083
Kepler-1457,ok,0.010807775968223968,0.9611350015303401,0.0008136775350940715,0.013427056739043732,3.5381148246160032
Kepler-1458,ok,0.011252754053636401,0.9185481716793045,0.0010387708875408074,0.0192725484518404,5.251544301988561
Kepler-1459,ok,0.012017908454773072,0.9431640496835528,0.0022298373901809515,0.06981757222995404,7.3072870036393045
Kepler-146,ok,0.013618585159360394,0.9309419845373598,0.002029330997842377,0.04239538875002097,4.723687128150365
Kepler-1460,ok,0.04246727046375908,1.0323280301097575,0.008054017674112256,0.07066918697590964,10.038842980811738
Kepler-1461,ok,0.04679807481871625,1.0277462584940464,0.005548198825037398,0.029633339292651405,3.7593093419428265
Kepler-1464,ok,0.011458535263370756,0.9546674304912366,0.0009905169547899514,0.016583130756992283,5.0521355064217515
Kepler-1465,ok,0.013523563091266814,0.9321063255309185,0.0008604716732406199,0.009860134087228266,1.8059341039319965
Kepler-1467,ok,0.03500856628128642,1.008346283563109,0.006123726435874002,0.06116368679042475,10.05388529484487
Kepler-1468,ok,0.02630247225051059,0.9740646768749107,0.0035445475669419638,0.04383455428755499,0.2949455600811718
Kepler-147,ok,0.010174527583167248,0.950872303015398,0.0005914764251895799,0.00801883572294186,3.582483333415585
Kepler-1470,ok,0.025502780678651644,0.9778131126503304,0.0023354982458982684,0.018536843934874613,5.470181763693919
Kepler-1471,ok,0.03517777798345848,1.01351722435758,0.004338859121241863,0.03250529536251767,2.9933368912752742
Kepler-1472,ok,0.017605839661262945,0.9666151577012303,0.0019207054285178137,0.02545320903480522,3.67752224938965
Kepler-1473,ok,0.024962815625804605,1.5131175448251624,0.01170404860436373,0.22078588079294162,4.685773161297202
Kepler-1474,ok,0.03299434578209225,0.9641282584829807,0.003836090129930979,0.032123399286308585,1.3547847637625556
Kepler-1475,ok,0.03142843592226567,0.9939205476507532,0.004842974980011201,0.0500403623385469,10.875431958190266
Kepler-1476,ok,0.03500982587599477,1.0025240606312398,0.004315866017877488,0.03213440539960087,5.252840252982236
Kepler-1477,ok,0.013936840976695048,0.9438677611202788,0.0012532186970472669,0.019139024883280523,4.7223811294937015
Kepler-1478,ok,0.042465673226775934,0.9419896047747092,0.0018130073751848016,0.004259091195438176,0.2644685220860242
Kepler-1479,ok,0.008070279766896832,0.9403151278635382,0.0004600937920446827,0.007464991065960973,0.8604116522165397
Kepler-148,ok,0.03028319888219632,1.0205133253725835,0.006023568466541109,0.08377072604855254,13.0
Kepler-1480,ok,0.015522274801765549,1.0487653328327926,0.00568820084133221,0.20788185427298653,11.846404215648944
Kepler-1481,ok,0.015798186048223903,1.0060381311362023,0.005163230424600419,0.17121721043845037,10.874504539100284
Kepler-1482,ok,0.007094385365424987,0.942270132083932,0.00036334293018732734,0.0061612446873546564,3.538122297666143
Kepler-1483,ok,0.023630065676746484,0.8766156048451301,0.002922660177252754,0.03110718765921824,6.586291662741827
Kepler-1484,ok,0.034237700345843364,0.9394959576297754,0.004688470468625191,0.03157736015608835,2.603880736221868
Kepler-1485,ok,0.00726210110713263,0.9270865207259115,0.0007238754321014831,0.02243923130406459,3.581996817461446
Kepler-1486,ok,0.03870926094667332,1.002056350668219,0.005070775751353303,0.035135052665954125,2.802967609921255
Kepler-1487,ok,0.009703282878001965,0.9015118582960284,0.001824310032594416,0.06724643058245162,11.846402052976952
Kepler-1488,ok,0.004780636251802558,0.9660193574386905,0.0005351192414486625,0.026672161922188596,4.57051576254888
Kepler-1489,ok,0.01815115540045374,0.967267151966241,0.002629330871492624,0.04287981290044185,3.6807442047734615
Kepler-149,ok,0.011012543985588562,0.9786939095654879,0.0015166995757182095,0.038406754776544524,5.252846015798513
Kepler-1490,ok,0.05491540662285664,0.9660804816249249,0.005633509264432641,0.022785130702550508,3.0781189986968944
Kepler-1492,ok,0.0123405834888111,0.9529348631969852,0.0012074786389678674,0.021358829516911218,10.060857866362012
Kepler-1493,ok,0.009879618887690804,1.024576324514793,0.0031686347029799794,0.17489119254203594,10.14314538088048
Kepler-1494,ok,0.03266255810753933,0.9750256745933542,0.0037260961294310474,0.030716761597884272,5.50071478165123
Kepler-1495,ok,0.0628176634924329,1.0197696230211406,0.011704486536369534,0.05415150602975958,1.9981246804947375
Kepler-1496,ok,0.024922349908172242,1.110445668388034,0.0033582428732513744,0.03726170575036251,5.702779266077337
Kepler-1497,ok,0.03197120308135109,0.978228916416878,0.003481325799713595,0.025115462336180373,11.843188766090314
Kepler-1498,ok,0.019285353282997304,0.9602764070369649,0.001403505465515463,0.012605781785801627,3.3919473527030815
Kepler-1499,ok,0.0063440128603133765,0.9555075738543775,0.0015324736750881801,0.10837705062215308,4.887564344113218
Kepler-15,ok,0.008548959399410255,0.963295424286026,0.00047573601534408526,0.0074331732018815145,0.34230169467163923
Kepler-150,ok,0.02814353910355557,0.9923769592176562,0.003118270803435496,0.026858309019410276,5.252855243077159
Kepler-1500,ok,0.017747111724844045,0.9758040665145983,0.002902613521840629,0.052430923622618544,4.705898970156005
Kepler-1501,ok,0.0084517903830319,0.9531084952141925,0.0008712666031580226,0.024076899569795484,4.561082669795284
Kepler-1502,ok,0.01857459945777196,0.8847177762426,0.0017011778048896446,0.018123060893556385,4.722405153351563
Kepler-1504,ok,0.04114638305699364,0.9942903284631608,0.00587447595738549,0.04317638543414516,10.038852307738228
Kepler-1505,ok,0.004396960199069896,0.9536993040030805,0.00017177681528804785,0.003641570676080706,2.828300737323634
Kepler-1506,ok,0.063701496951582,0.9882500110565546,0.009445560504589683,0.04566091744805722,5.052146189452966
Kepler-1507,ok,0.0049288957947109585,1.0008574667691676,0.0012049493452416817,0.10560456142504812,5.454768375658233
Kepler-1508,ok,0.02369445682992018,0.9499279269637143,0.00561623848810574,0.10372043380777031,11.846398093540843
Kepler-1509,ok,0.027934242106854777,0.9891163065095918,0.0024346687564646623,0.01675071789736696,8.715370158178477
Kepler-151,ok,0.02464365926135244,0.9435334714445498,0.005584367579361514,0.09566182404996852,6.276641011045032
Kepler-1511,ok,0.0070502770604450584,0.9223466770435329,0.00030825828294004347,0.004400020867282505,0.21300138794696458
Kepler-1512,ok,0.004763143041299391,1.0497655964134616,0.0019891779641209423,0.24543158385063463,4.723669605882053
Kepler-1513,ok,0.004564448923590443,0.9418871408353506,0.00027588532989588905,0.00844490353412686,8.31569660598873
Kepler-1514,ok,0.0026015792573947575,0.9482319984152736,0.00016602277545231837,0.009127551751085199,4.045852098532407
Kepler-1515,ok,0.0025603846810941713,0.965611482816645,0.00025055754221676627,0.02090912642554846,0.9938665734884229
Kepler-1516,ok,0.015605111502596726,0.9271117967723981,0.0011406012310157987,0.011947274628771955,4.13704026608972
Kepler-1517,ok,0.0033819732375848627,1.0156808889059612,0.0006629666232565145,0.0711464474157394,0.6569509523123154
Kepler-1518,ok,0.006372283469848029,0.945957258272391,0.00040159850622043186,0.00897745371046139,2.765692051983787
Kepler-1519,ok,0.024853680447007927,0.9239204970254837,0.002827597382161131,0.029419478004869618,3.6183279798612684
Kepler-152,ok,0.07606631578574442,5.108508670345478,0.00923640726265133,0.021125814804496983,7.72846379540525
Kepler-1520,ok,0.037182140204592255,0.9656311836647284,0.004229924769181501,0.02921466520079083,2.9489979303091602
Kepler-1521,ok,0.005396376869929452,1.048541553574403,0.0019306036964734546,0.17006783371648743,4.045852326271657
Kepler-1522,ok,0.019861125585403913,0.9610712816385646,0.0023170473876990734,0.02938884608114293,4.574877749601573
Kepler-1523,ok,0.019846430656329562,0.9749937211726492,0.0018227812458845708,0.01895248553802759,9.347747198368195
Kepler-1524,ok,0.005406785235934977,0.9811616739716186,0.0013846245110726624,0.11992711450816998,9.489812302101653
Kepler-1525,ok,0.003488014573154812,0.9512568678718045,0.0004663371248212927,0.03550559480751273,6.9281109408433315
Kepler-1526,ok,0.03449322946939624,0.9784505830210092,0.00492068362239768,0.038590743444250314,4.722371337382224
Kepler-1527,ok,0.030833794633013268,0.9982384532437846,0.004606789351447286,0.0431504320622651,5.727368031757204
Kepler-1528,ok,0.019583253501184648,0.9807314444242328,0.0037813168504676163,0.06452647753426312,11.840142941700178
Kepler-1529,ok,0.03789382098439972,1.0530914959684883,0.012530221802640273,0.17839042237154393,6.554970955491754
Kepler-153,ok,0.009975631508970512,1.01001241029715,0.0016877385315919502,0.05836414794909925,10.94488045812019
Kepler-1530,ok,0.01023843780075277,0.9776503490150978,0.0016109145414488005,0.05068677794023745,9.49693260529448
Kepler-1531,ok,0.005900567782189652,0.9257632135166197,0.0002681741371576253,0.0050546854023257705,0.9902427520473723
Kepler-1532,ok,0.026346067388758197,0.9490057776655432,0.0033786540151441993,0.035947630272043445,3.3076158862622194
Kepler-1533,ok,0.006801104379301523,0.9021014707890717,0.0005697135697859,0.015333094137157794,4.7224028579465855
Kepler-1535,ok,0.013412408959393272,0.9688425660336805,0.0013685291073433482,0.022524212085223334,2.2729212775115553
Kepler-1537,ok,0.019901059292387512,0.8730496614487755,0.0029275126175496847,0.043894051195696115,6.276629783035327
Kepler-1538,ok,0.02694115899924297,1.0007679383968573,0.004147682876888962,0.05031074914083542,7.2764371579827305
Kepler-1539,ok,0.026148157654753226,0.9646454806335759,0.0034878652191956384,0.04031838462804363,8.734322919197702
Kepler-154,ok,0.017868980946923723,0.9527998124236057,0.0012143608080563656,0.01081836565901901,4.306594992816953
Kepler-1540,ok,0.008852737386526609,0.9395869072678589,0.00047915523258298774,0.0068121385422253,3.4514881417081846
Kepler-1541,ok,0.007761566729513045,0.9934824240194715,0.0022960617936033344,0.15016822004505695,10.880874407524187
Kepler-1542,ok,0.0033866889664144386,0.9456424788063246,0.00020611909599828733,0.008178843733485328,4.570509897510974
Kepler-1543,ok,0.020078403136507335,1.0339882011353998,0.00183790844009315,0.08200645170396086,4.561118361417847
Kepler-1544,ok,0.010211912668122337,0.9490589559563404,0.000659440044050471,0.009778374709692898,7.730457437840105
Kepler-1545,ok,0.02560242365929302,0.9262846471189492,0.0011983106215083317,0.005416417813431159,1.8956394405140877
Kepler-1546,ok,0.04049915696833145,0.9563923052612473,0.0018650864170917244,0.005262159274461021,10.050956007750855
Kepler-1547,ok,0.0064494315328430946,0.9359217106375338,0.0002702458090407585,0.004312449871311175,0.5734240151424118
Kepler-1548,ok,0.03177072795929736,1.018232089152217,0.007668019650219127,0.10645430416959716,4.693452623526687
Kepler-1549,ok,0.027798719295501477,0.9930184471505727,0.0070924718342838975,0.09753063947943734,7.70022369413313
Kepler-155,ok,0.010831786542275117,0.9648008726311884,0.0011290326401347907,0.024053102884857243,5.0629617867302885
Kepler-1550,ok,0.022793808214388495,0.9836578357746385,0.004234045820473017,0.07231112208426356,6.586327586845578
Kepler-1552,ok,0.024714963891603384,0.9758990869886159,0.002482080315089029,0.021533142496095878,0.21911311128440247
Kepler-1554,ok,0.04955107655677293,1.0071195889183104,0.008161167697370306,0.052002602845599086,8.715380361328927
Kepler-1555,ok,0.04104142070502489,1.013598902839818,0.004941124380814003,0.02622670777887204,0.7547910658219399
Kepler-1556,ok,0.04461572731750526,0.9865304823812815,0.005203482183838545,0.028133948231210505,6.896893810621765
Kepler-1558,ok,0.006642705620950193,0.9853144333538172,0.0026842369028795983,0.26554506719545684,13.0
Kepler-1559,ok,0.015708385333312227,0.9322081526591901,0.0022931965784498483,0.042636920608199194,8.743043893663847
Kepler-156,ok,0.017363320890335595,0.9609563865449285,0.001460669124454414,0.015751590903091216,6.276651991897284
Kepler-1560,ok,0.006548658824839397,0.954867749045034,0.002652766357633777,0.2575186229905885,5.081956889988488
Kepler-1561,ok,0.03146495673128178,0.8819715149798972,0.00797641867864861,0.1186299162296702,5.994765900742613
Kepler-1562,ok,0.02732018208396544,0.9753411175924569,0.002072634619641052,0.013100878223960817,5.491059431534634
Kepler-1563,ok,0.007982088111870412,0.9492555304915309,0.0005157167250432471,0.009293537173501058,2.02376405213205
Kepler-1564,ok,0.024428655655602472,1.0382737207527117,0.0025566128189107775,0.02386019187955397,2.534332346842957
Kepler-1566,ok,0.012372888239322387,0.9081198122045286,0.0009012901779131552,0.012139077817782902,0.3339313500138411
Kepler-1567,ok,0.049008237297067,1.0680948052875803,0.007745587463512063,0.04923736131608768,3.759312646700695
Kepler-1568,ok,0.009937261723385623,0.9659846489892208,0.0017423557135735161,0.05690404202881747,3.785147584510851
Kepler-1569,ok,0.011598993410994619,0.9850150659672722,0.0021529080068679357,0.058959485317591286,4.722422418826231
Kepler-1570,ok,0.010949607883747022,0.9366262280473314,0.0006160402690426277,0.007341827284854132,3.578615132626547
Kepler-1571,ok,0.016424522309024633,1.047715156946933,0.0038233814672080017,0.10166243915924322,4.715339926053693
Kepler-1572,ok,0.00814771092389632,0.9860709991658207,0.0013158566085809387,0.056663105814779346,7.307287932607755
Kepler-1573,ok,0.024220282652708463,0.9586712413564944,0.0023923622426358375,0.021796409728954188,4.886266843737663
Kepler-1574,ok,0.021744574116095854,0.9801710775167125,0.0022112065063491708,0.023173164534117618,13.0
Kepler-1575,ok,0.043356174446572096,1.0292851453076166,0.016722625171917842,0.23957375908551204,0.9100993237982019
Kepler-1576,ok,0.006775017437709308,1.0782938215992166,0.002959284737954258,0.2404789346286441,3.629216773914103
Kepler-1577,ok,0.018373276955064816,0.9432582118375696,0.0008185486341179095,0.004973923289336028,4.786465538172284
Kepler-1578,ok,0.032846555170368934,1.0162836501829424,0.003506692720573006,0.025545226777028616,3.2114512965589896
Kepler-1579,ok,0.02378717162963184,0.9628413468504515,0.0011808838664493192,0.005844328100565603,11.843184198306405
Kepler-158,ok,0.013699952636742008,0.9490905307550506,0.0006550213880655527,0.005480683124086735,6.171093545351655
Kepler-1580,ok,0.0034391888420495544,0.9374219078402191,0.00016002257882040687,0.005297665547417641,3.3690119042862645
Kepler-1581,ok,0.003021250826491764,0.9473564677555278,0.00014012442271928513,0.00498818097353899,1.1475802573550593
Kepler-1582,ok,0.03964294399745172,0.9158691895081412,0.0023084522965357594,0.007404875046627951,6.1711161751972154
Kepler-1583,ok,0.0053840702417842085,1.0319784869938733,0.0003169483947692753,0.00828155314255499,4.42245359560656
Kepler-1584,ok,0.024800989380083984,1.009163469768022,0.002950475863291714,0.029285448322777977,3.2913963211720603
Kepler-1586,ok,0.005668482294409383,0.9195331312452439,0.0003092905670406324,0.0068583272156249745,2.4599214147803137
Kepler-1587,ok,0.013406153142156598,1.0433433633567322,0.0032072871904997727,0.09003561288214404,4.895589762473047
Kepler-1588,ok,0.009024726605117344,0.9515282245070594,0.0016858606684700772,0.07196904701293372,9.355776943192467
Kepler-1589,ok,0.03780328370719966,0.9518847035833742,0.002127723295844754,0.007044641700455701,7.720886928134057
Kepler-159,ok,0.028247075816252798,0.8773932790507964,0.0027104151122226043,0.018728182764017835,5.283054517801214
Kepler-1590,ok,0.0404772018853001,1.8868332818949658,0.019168370804328518,0.17656257523144656,6.276596094572933
Kepler-1591,ok,0.020082179085685888,0.9466163120536883,0.0027209333124982617,0.039488204735204875,2.3607876507767034
Kepler-1592,ok,0.033417104824873645,1.0613420977223376,0.011591927005580382,0.11480654382764488,4.7224148186674295
Kepler-1594,ok,0.01837772481026074,0.9747386646066057,0.0023414870328497075,0.03442685604360824,3.2274055595805096
Kepler-1595,ok,0.036734343698031156,1.0153988925247592,0.00440368206689738,0.029815998107038177,11.836223532698735
Kepler-1596,ok,0.029716317771870775,0.9755092716479145,0.004463411374354865,0.04907647166755227,4.866185678902204
Kepler-1597,ok,0.012760732143726193,0.9596823512371914,0.001650097844164167,0.03580291654072484,6.586321311538287
Kepler-1598,ok,0.008717026416753955,0.9869849924899932,0.002230862839877066,0.11396678819960715,10.18292280745192
Kepler-1599,ok,0.020535672302472385,1.0075804532875148,0.003169926584610213,0.0409690423259096,1.758893703699561
Kepler-16,ok,0.0024145328528287118,1.3281882596011791,0.0012064184672523873,0.22929104076440152,13.0
Kepler-160,ok,0.016082047226478748,0.9430781355786603,0.001493858726660235,0.01901149079459622,3.4884302138203456
Kepler-1600,ok,0.04914908052708174,0.9635457591734029,0.005234266621280072,0.024174497102284493,6.276646197237657
Kepler-1601,ok,0.018753012527890276,1.8838099304490163,0.019952794768846167,0.884091563583333,0.3772704469469986
Kepler-1602,ok,0.009044117104606706,0.9991510605018258,0.0010434734033691138,0.030814798331451856,5.674346630007634
Kepler-1603,ok,0.04259182668278347,0.9499737135110525,0.0026509497836850904,0.009317031469028271,13.0
Kepler-1604,ok,0.014935230163553049,0.973873022286254,0.0013469293309649694,0.019556015834160074,4.713271767989733
Kepler-1605,ok,0.0031667642135093143,0.9550094735823115,0.00032003238780714744,0.022182412155938237,0.9869049118653737
Kepler-1606,ok,0.03209476191404558,0.9968480409375151,0.006187316694244602,0.06902193590622616,3.1352930761427387
Kepler-1607,ok,0.01107551729533046,0.889791648770298,0.0018702933599574676,0.05674275778815353,4.890021225307524
Kepler-1608,ok,0.14624833708484497,0.9852089752830445,0.02023656718959837,0.03607928447171526,5.0075274213920915
Kepler-1609,ok,0.034182260594950685,1.0342317813086632,0.003978366902426964,0.03140939058257056,5.470187708388721
Kepler-161,ok,0.0519205821857176,4.24346089074289,0.006849480347055391,0.02763980729089944,7.727469311148376
Kepler-1611,ok,0.014622369611686059,0.9389914767509938,0.0011657063051812174,0.013899960433289985,9.355751376158029
Kepler-1613,ok,0.009696827867914697,0.9343765952356958,0.0006731946319510567,0.01115560826603254,2.437134379920701
Kepler-1614,ok,0.053270792923085133,1.032524159339784,0.00809510328302195,0.04943062837441581,3.406208989340685
Kepler-1615,ok,0.014762190438864764,0.9583078938879971,0.001962610394480173,0.03906076788997149,4.895619425964414
Kepler-1616,ok,0.016428913245318227,1.012947493481725,0.0007620346146090369,0.02514544285924459,1.7056768081337566
Kepler-1617,ok,0.007955648651354487,0.9779885979935891,0.001667669366881335,0.07378113292032525,6.58386614635536
Kepler-1618,ok,0.024664187931440814,1.0214680935253628,0.0037104292078182404,0.12030137211630157,10.060885711696
Kepler-1619,ok,0.006115529595221838,0.9822408170621525,0.0009259320830287976,0.05052948525493189,13.0
Kepler-162,ok,0.015225457163829,0.9158834312960029,0.0024153450439222232,0.05044106812960188,10.060831364021071
Kepler-1620,ok,0.00816578116001968,0.9589013464169656,0.0009892296545201545,0.033812880890610596,6.5862818490334
Kepler-1621,ok,0.044540647053522675,0.9772608063391767,0.0019267866099094162,0.004428710147366726,4.713234724657668
Kepler-1622,ok,0.00848303205049425,0.9554042972022643,0.0014945775016328112,0.06793656925395793,0.22169010993151278
Kepler-1624,ok,0.04202579799998252,0.9530559657771179,0.004921857517005763,0.03099648978385919,1.9899221478012026
Kepler-1626,ok,0.0444894505948603,1.014241844083095,0.006106701493605841,0.13862098938016557,7.3073849924251455
Kepler-1627,ok,0.011291565412783571,2.277826065495925,0.011523491259802633,0.6621998732858,2.618169915198598
Kepler-1628,ok,0.07834026082274385,0.9444268901080474,0.010771568813336076,0.03792280154136085,4.46036730366643
Kepler-1629,ok,0.004067578559846075,1.0574595784903988,0.001682335502548079,0.24387371203571634,7.307298816766435
Kepler-163,ok,0.014475499837685913,0.9110530784474896,0.0012641433103844414,0.017938638947300772,5.081946165919292
Kepler-1630,ok,0.01186504182435299,0.9072653741407724,0.0008719339886079337,0.012311864063435374,10.060830720482597
Kepler-1632,ok,0.005909045171720906,0.8780175281338984,0.00046877992170353826,0.014202534353260417,3.4884080801962685
Kepler-1633,ok,0.029221128132199254,3.641301239961257,0.004143312099450723,0.031130890030891235,5.280066162429555
Kepler-1634,ok,0.01718974006454483,0.8998307856267992,0.0024591439597645187,0.042859080887611034,6.586295315164621
Kepler-1635,ok,0.03847997491651376,1.0028685474714096,0.013200968604433677,0.19443171339511653,7.700220046830593
Kepler-1637,ok,0.006742303243139338,1.0079539647898215,0.0006713388895558364,0.020364966291515497,3.101079950333195
Kepler-1638,ok,0.016972824305866423,0.9579890215990526,0.0019075263527907837,0.029562677536617923,4.401488868075865
Kepler-1639,ok,0.01438149781265124,0.9323489080160424,0.0006784382184135653,0.005508759852953722,3.4514910004441353
Kepler-164,ok,0.012718852336705142,0.9448463994975373,0.0012430195495858466,0.018879781503751213,3.785152124373074
Kepler-1640,ok,0.08687004870492697,0.9541310300677068,0.006073962102580627,0.040445704307588315,4.722472131262324
Kepler-1641,ok,0.01905932520361566,0.9277303651198849,0.0007389439350129653,0.003528483231411544,2.257526450345393
Kepler-1642,ok,0.012043636870969193,0.9633816904963213,0.002821327719797352,0.10291475007411878,6.9139738156957
Kepler-1644,ok,0.011729447283546223,0.9862571249637856,0.004777740325967933,0.27314121411835934,1.4407951920949489
Kepler-1645,ok,0.020697084935206375,0.9734345040194707,0.005645470922132017,0.12333036288381719,6.5862804960289605
Kepler-1646,ok,0.026281380518759143,0.9682957488326817,0.0032845694747569818,0.03292348950804487,4.723662837860416
Kepler-1647,ok,0.013046222156188636,1.4232750608038065,0.007914638609145392,0.2193702996341574,6.294372183505854
Kepler-1649,ok,0.03909511155916216,0.9228899090711166,0.0019391942825175226,0.005805949339092534,3.5381427203162255
Kepler-165,ok,0.015499994203601108,0.9602713243643394,0.0015299967862249556,0.021576983061491778,2.0118995959663413
Kepler-1650,ok,0.047368064098064634,1.007107860171203,0.007426494735396236,0.05536459523241339,10.050124197268529
Kepler-1651,ok,0.0036244946727242377,1.0244844016778962,0.0007474158387676099,0.07930477169497692,2.2625824983574683
Kepler-1652,ok,0.030035026040099173,0.9626539322686601,0.001803089138166366,0.008557143295579644,1.5989280546247862
Kepler-1654,ok,0.006028399953991115,0.934829287240772,0.0006267819624078603,0.025170164081966765,3.7250948167168416
Kepler-1655,ok,0.0013897959242020145,0.9782015575130029,5.7895976071943764e-05,0.004106668086325281,0.6686141370181365
Kepler-1656,ok,0.0014298075448487557,0.9791630333880401,6.961760208424975e-05,0.005560812128554981,11.902404685051383
Kepler-166,ok,0.016891801947468144,0.9371906854714431,0.0021247629816431666,0.03305921583843534,4.895588612793331
Kepler-1660_A,ok,0.007716945925243928,0.9752694342468348,0.0009709220303684278,0.029493701455559955,4.912328273324266
Kepler-1661,ok,0.01612334582838736,0.9427040707442884,0.0009957368772578585,0.008751610677702899,4.027816249850559
Kepler-1663,ok,0.03226322714675417,1.0014939467990138,0.003825883298940923,0.031756866537810825,13.0
Kepler-1664,ok,0.006868463366181541,0.9656001023304731,0.0005363835724434188,0.01382031702051294,10.877772103042625
Kepler-1665,ok,0.0069879244013858945,1.0241055639185264,0.001197881584213067,0.04261641182164006,13.0
Kepler-1666,ok,0.039492542001119346,1.036669752717351,0.011506911791290248,0.12973675391566095,9.347753323473942
Kepler-1667,ok,0.006826295654742756,1.0053565200968795,0.001208790117860577,0.05188631684922652,4.012712269370722
Kepler-1669,ok,0.06514099160669382,0.9592724018076547,0.005830421085367156,0.01774314328451382,13.0
Kepler-167,ok,0.012464973088645916,0.9387995139918516,0.0016449573455772223,0.03976022477615545,4.887446900415771
Kepler-1670,ok,0.048342086391224205,1.0052965379824192,0.0065087725541948995,0.036768728078274096,3.6553907998504886
Kepler-1671,ok,0.006526501099778853,0.9646733600778276,0.0010628672513028948,0.05261852485274778,4.517497116964735
Kepler-1672,ok,0.00412915352745727,0.9230831960049872,0.00019742469762628766,0.005422264620271513,0.942815472717946
Kepler-1673,ok,0.007591727372841744,0.9605023166968258,0.000603409109549706,0.013909328128164507,0.9163390034706743
Kepler-1674,ok,0.04183676782514385,0.9701010214065984,0.003172331033169168,0.012745184456709345,3.078119403563741
Kepler-1675,ok,0.007117963921808244,0.9333825882292982,0.0007095351537747405,0.022667545391166864,5.062941075144228
Kepler-1676,ok,0.007955800550496751,0.9574342827306606,0.0007841616141078505,0.02173273360900033,8.205660835269613
Kepler-1677,ok,0.008733509818324225,0.9323140064863036,0.0007564384175392479,0.017096184458822026,3.488394616437676
Kepler-1678,ok,0.04444384056079076,1.2600454728104415,0.008971540825394576,0.06471748101874415,5.500778235961648
Kepler-1679,ok,0.07060764771724466,1.196477363139753,0.023701869496291286,0.1899966438720838,5.125202163955488
Kepler-1680,ok,0.009148613141305889,0.9660265194125215,0.0015507074415917628,0.060391350477171306,11.884215397817083
Kepler-1681,ok,0.01797395653942643,0.9103942222678151,0.001671277266353215,0.01955688199599005,3.488400206956252
Kepler-1683,ok,0.03418121185412262,0.9683530163664608,0.0028163044742343596,0.016664496381244242,4.8862785761373155
Kepler-1686,ok,0.009787004367568224,0.9409199452901261,0.0008160191931088548,0.015518460743475555,5.493244997089043
Kepler-1687,ok,0.026076053090444654,0.9775171524272729,0.0018682750458886342,0.012147820284876749,2.0604054240621417
Kepler-1688,ok,0.00886441382720605,0.9802771450979035,0.001965825364646344,0.0962918044760055,5.994797784963092
Kepler-1689,ok,0.003030758172239539,0.9572792314926147,0.00027110301669194565,0.017341524165669094,5.251576987413146
Kepler-169,ok,0.013922249081384102,1.1252667017211,0.0020902792265294757,0.04267304191062411,8.897525676628137
Kepler-1690,ok,0.04805056858604253,1.6887770974840208,0.017592499187011917,0.14482910791580814,4.8956922121333015
Kepler-1691,ok,0.025878438485509036,1.0094556853645849,0.0038503560246697962,0.04385876793018225,10.038845289590707
Kepler-1693,ok,0.020252523617492642,1.0053045687385578,0.002585690276188098,0.03584423039803132,13.0
Kepler-1694,ok,0.021436940002046174,0.9441037219856264,0.0011651988903402355,0.007151466281890875,3.82623669197865
Kepler-1697,ok,0.005134199129060772,0.9221104544709617,0.0002861093925905318,0.007116895342997575,10.182920048673614
Kepler-1698,ok,0.0049591233180134265,1.10049563294861,0.002178681114805536,0.2560313347109187,4.723684172829651
Kepler-1699,ok,0.018797308170937655,1.1463701271212723,0.013668489121313411,0.6119944387764688,4.269339319281586
Kepler-17,ok,0.014647507093962942,1.0318687521996177,0.003948506966917886,0.09403604752828888,10.050907396176704
Kepler-170,ok,0.012584908544136143,0.9252102530060269,0.0008768434971196437,0.011533992415413802,3.7251009750945405
Kepler-1700,ok,0.017065680751714694,1.2643280859195916,0.003953340071264894,0.07962996974426016,4.544346543678357
Kepler-1701,ok,0.013411070967318714,0.9666333984993271,0.0015932434281806685,0.02970099978683486,2.949016359252117
Kepler-1702,ok,0.06927573417285811,1.0224808065585314,0.007328876381376674,0.024230652413944866,5.491104776300293
Kepler-1704,ok,0.005839794444744571,0.964832563921194,0.0008820017331000517,0.045281150588748695,3.629224497895663
Kepler-1705,ok,0.05955196196950507,0.9866790640634591,0.007079092572777281,0.03109814693329567,5.07252041852891
Kepler-1709,ok,0.0021139502312483545,0.9681839927483257,0.00021817555037669114,0.022939070048218387,5.912282871969211
Kepler-171,ok,0.03507870341952106,0.8763127672762125,0.00380565679077315,0.02581704175796541,10.88084961179992
Kepler-1710,ok,0.003928892854407748,0.9459881788686255,0.0002329085450253902,0.008038098027488332,2.01841103738281
Kepler-1711,ok,0.007090303347233288,0.9204410741458988,0.000840570096676893,0.03168903320608454,6.5862801714978385
Kepler-1712,ok,0.009788846069968918,1.0036699307994152,0.0009452481620830533,0.019336323596503672,5.912292265005829
Kepler-1713,ok,0.0013281789185003445,0.9615277898862198,6.005909921140355e-05,0.004486217088851035,0.32569123856455545
Kepler-1714,ok,0.001444268122346684,1.0030421178639533,0.0001117508911268008,0.013949308572551432,0.6092331817264962
Kepler-1715,ok,0.003772870577790825,0.9736538610390295,0.0003682357278474311,0.023790318920654297,5.204765775724693
Kepler-1716,ok,0.004522886702735075,0.98328436366883,0.00033910732406293036,0.012995203536254052,5.098877471941017
Kepler-1717,ok,0.008682594753773022,1.0137647013539093,0.00044730897014763036,0.005958954676367368,0.9938707789565265
Kepler-1718,ok,0.004223995466877265,0.9740287519602576,0.00021354301774905357,0.005927592931254737,2.0779139339416086
Kepler-1719,ok,0.005559598479888259,0.9768742661754055,0.0006301937238164908,0.02926605747757719,7.307287457391973
Kepler-172,ok,0.01729360538862022,0.9238250623533737,0.0006490991915357071,0.003397669842994495,0.433970724072793
Kepler-1720,ok,0.02023188761790536,0.9434067231285629,0.0010512205849314163,0.006337231446789883,0.6699372770058817
Kepler-1721,ok,0.017478604126339073,1.0031560406508993,0.0021985488586596168,0.03386581476476433,7.700213389015521
Kepler-1722,ok,0.03366856595429384,0.9593624590604494,0.002698485284145761,0.015262721415960646,3.008539132486282
Kepler-1723,ok,0.014371709407833963,0.8984812766565243,0.0008669638256121307,0.008086613106834874,1.3032233251214895
Kepler-1725,ok,0.006075235079551208,0.8984243676428914,0.0005914733760342422,0.020392043543109903,3.578567587367793
Kepler-1726,ok,0.0065568300865707614,0.9472228604387352,0.00032518974180554405,0.005861494924180211,4.045825602090701
Kepler-1727,ok,0.02792053761847366,0.9684647481471109,0.0021106887852213392,0.013030799719208532,4.722428781427829
Kepler-1728,ok,0.02415355286395635,0.9545115457761943,0.0031363333278368976,0.0368377665470365,4.382324763689807
Kepler-1729,ok,0.055991952039472846,0.9648472431184315,0.0038951607924814736,0.010461182439293594,2.759064688017742
Kepler-173,ok,0.015658740623725347,0.8480642350973576,0.0019782619757457514,0.03183171705544967,2.7613460675727453
Kepler-1730,ok,0.03419843937405547,0.9772010569079642,0.0032288930158672156,0.020122379092389824,7.730437523895628
Kepler-1731,ok,0.008130444389446177,1.3918112452292444,0.003288431072825333,0.22775970665002002,4.9123244634559295
Kepler-1732,ok,0.023322141650383103,0.9581071204965459,0.002391603444829511,0.02423075966867561,3.7851447603711144
Kepler-1733,ok,0.09342025556520607,1.0168315449893353,0.008269880678394726,0.06112338097084841,8.743106856889852
Kepler-1734,ok,0.04919372030181347,0.9481394632740249,0.0020648895494505084,0.004221651599750078,0.2812342920589785
Kepler-1735,ok,0.017626208543287905,0.9259691283626238,0.0011722870152740287,0.01030434885468376,4.840709594593281
Kepler-1737,ok,0.036287701074308135,0.9866413686957454,0.008051307364371006,0.1017701500537666,4.552033622158843
Kepler-1738,ok,0.034067424043161425,0.9933478835579703,0.006397940794090056,0.06380407820700915,13.0
Kepler-1739,ok,0.020503585630808223,0.9265935762824428,0.0007712585223649351,0.0033347577961920978,0.5011113860467499
Kepler-174,ok,0.0105812627380826,0.9465441856603399,0.0008682882941662157,0.015238397000034667,7.730497798157744
Kepler-1740,ok,0.04730824568338563,0.9116764318447954,0.00501706737999433,0.02441173549461297,10.8808573250905
Kepler-1741,ok,0.046000318574291356,0.9230558347197166,0.002312782459184699,0.005868866578881529,0.2994077987272643
Kepler-1742,ok,0.013912275082910298,0.9865691044613302,0.0024701959943577625,0.05686137955400401,4.895614097660159
Kepler-1743,ok,0.0023601225427414456,0.9813639264110864,0.0003071846103680719,0.03267459581610718,13.0
Kepler-1744,ok,0.030671415484627762,0.9908858018913238,0.0036551906836922985,0.029733964660186223,7.297697096598229
Kepler-1745,ok,0.03812681774394972,1.184836378970609,0.00652397941581966,0.055240465890349866,10.053878423371662
Kepler-1746,ok,0.007115274074088203,0.9680477920724799,0.0006929843459243084,0.022899857642596964,3.5820298807499307
Kepler-1747,ok,0.048064059630827646,0.9905720936391172,0.0034982830460440705,0.012052005538307247,3.6553710774671226
Kepler-1748,ok,0.05261688075270265,1.0028482562446341,0.012771749798139675,0.11928135755557562,8.17641086415661
Kepler-1749,ok,0.013153448187767322,0.9335945053845455,0.0023310785486589606,0.056892555989910235,6.928115775932984
Kepler-175,ok,0.03050039504651899,1.0028379840851465,0.004329544740990564,0.03968501480226726,5.706266933115826
Kepler-1750,ok,0.031242363298975402,0.9747582129850396,0.004688980951141497,0.05198340500215686,13.0
Kepler-1751,ok,0.027591471830998884,0.9735871249811023,0.004279710901181395,0.04678730666201752,2.2829985078549675
Kepler-1752,ok,0.06726793480750519,0.9768592882670007,0.0058016339918670785,0.017577579368828016,5.125203699630039
Kepler-1753,ok,0.03818226436466213,0.9920270507467598,0.00588488139139801,0.04730951279772876,13.0
Kepler-1754,ok,0.058066926025059376,0.9493605640730512,0.007882360682441249,0.04188887025080109,3.6183276429903515
Kepler-1755,ok,0.0343601203772888,1.0747974174358867,0.010587637188760794,0.14792079938133032,8.742506806919785
Kepler-1757,ok,0.03540202577917123,0.9808416255657193,0.0041247250859515255,0.0298643711576951,13.0
Kepler-1758,ok,0.031250503152760165,0.9540084960057678,0.001732031905393611,0.0073902791374268655,8.315592561922754
Kepler-1759,ok,0.011687348773240559,0.9251686882461526,0.0009985953387567084,0.015985994026353544,2.824205886841081
Kepler-176,ok,0.02071212138363213,0.9023464242504251,0.005557430359425595,0.12401977621344518,4.722408160011382
Kepler-1760,ok,0.01068785842417352,0.9379672314636556,0.00041569805792468175,0.003640160983754125,0.48139308057748803
Kepler-1761,ok,0.01149170759834717,0.9375359604292466,0.0010843230393058072,0.019468200520103486,3.629204259481183
Kepler-1763,ok,0.009115132791556336,0.8961608739106641,0.0010770089314201573,0.029432546574773955,4.8955905655770335
Kepler-1764,ok,0.032977430401476306,0.9723418478394511,0.0034475200546686927,0.02465122384111535,4.552014901670617
Kepler-1765,ok,0.02576841848015338,0.9498131036212425,0.0015487639084174913,0.008356765892857282,1.6796451963949781
Kepler-1766,ok,0.004489413136810096,0.9493880413512643,0.00017178243894094513,0.0035110293127896346,6.453642244089757
Kepler-1768,ok,0.007664816581002994,0.9421759708342828,0.0007882358818573246,0.022585328286139003,8.205612637195713
Kepler-1769,ok,0.0038969252007833915,0.9921597006898771,0.0016269001094075361,0.2480007637297412,4.722408105072806
Kepler-177,ok,0.020067209509464452,0.9640533886558957,0.002183235946308641,0.023627741754331435,13.0
Kepler-1770,ok,0.047700921366294925,1.3298408143249965,0.012911932150820676,0.10427426174883309,3.1478212931565883
Kepler-1771,ok,0.0076317084298973175,0.964865308455438,0.0007320077480062228,0.01919636985778898,10.060843353137292
Kepler-1772,ok,0.007479859390628905,0.9627992057432695,0.0005594827644647834,0.013619865018155103,3.492129291266833
Kepler-1773,ok,0.005356804404390578,1.0208822761284295,0.0025646937819992417,0.3529212481082375,0.2465745269801036
Kepler-1774,ok,0.009831060937822935,0.9717901614520562,0.0014559544315739155,0.045504335703627566,8.20565833005117
Kepler-1775,ok,0.007066432793918617,0.9594019219094496,0.0007757569128185233,0.024626747289591557,2.4866595036802512
Kepler-1776,ok,0.0074521281264521635,0.9306060990104851,0.000851341875634278,0.026025558270064073,3.0156142634317002
Kepler-1777,ok,0.013585683667299835,0.9518141661956021,0.001579695631883254,0.028273465244344168,5.251571703678132
Kepler-1778,ok,0.029389144390639946,1.1090718774020758,0.01094430618938199,0.16436745650566245,4.532555905773916
Kepler-1779,ok,0.030066697079712268,0.9791715856421812,0.003821334244825005,0.03578814137763663,13.0
Kepler-178,ok,0.01534745803844972,0.9563531181236405,0.0025602288878073015,0.053173274310868324,2.949010939446118
Kepler-1780,ok,0.019663329297908403,0.9534333632200702,0.0011694979154591237,0.00820248615576297,3.8872517349363367
Kepler-1782,ok,0.006808448038529453,1.006732224654956,0.0012555620312187524,0.07327951458242496,7.724566206907886
Kepler-1783,ok,0.006248494224335555,0.9355854217534368,0.0011381070658004128,0.062259955267088815,13.0
Kepler-1784,ok,0.04895697219005797,1.2070532560362477,0.019166399195577905,0.18328483388349084,4.549408743187713
Kepler-1786,ok,0.014813210420140869,0.9599603948828912,0.0023743721751990476,0.053399069899138646,0.2565954781975748
Kepler-1787,ok,0.016379073019161923,0.9436082819334676,0.0025034376806832856,0.04250437947463262,8.20565067498619
Kepler-1788,ok,0.03102141289308259,0.9746130983581681,0.005451771010250706,0.053843554214200645,11.902413593149035
Kepler-1789,ok,0.012548001047985867,0.9524176821978543,0.001335695106729557,0.024440698563344878,10.880834969614048
Kepler-179,ok,0.015233332075636097,0.9548408634223132,0.0019400291888688097,0.03563656843197027,6.273401451948595
Kepler-1790,ok,0.01374382056010151,0.9170491615651114,0.0009495300878725828,0.010176695542070504,2.8852556369397
Kepler-1791,ok,0.0065001441353489545,0.9659212883122504,0.0004848482643714437,0.01365984436538678,5.007631501281582
Kepler-1792,ok,0.034631820761763736,0.8628932110579386,0.002141855563206446,0.008225169720071155,4.722410372339128
Kepler-1795,ok,0.043333723678303473,0.9390077391029321,0.004862619255855874,0.026590251926426497,13.0
Kepler-1798,ok,0.03926705342081283,0.9635154441328089,0.003314107879582726,0.015782618194464266,6.586310916207637
Kepler-1799,ok,0.06288754551615158,0.9455051497338635,0.006099409881843132,0.02175209585227176,8.222083578248407
Kepler-18,ok,0.007554193786899196,0.9745800442187764,0.00035913000249636855,0.005368748574828555,1.262446058191536
Kepler-180,ok,0.015109419540310365,0.9351929721575188,0.0020893474099253776,0.036094963231418656,6.276621888011587
Kepler-1800,ok,0.0062753289039526585,0.9690125014654578,0.0017173065880742844,0.12685470601342444,11.846398739740525
Kepler-1801,ok,0.051193500461570667,0.8589829935359189,0.004732520410418313,0.017691109031087136,8.20563352456314
Kepler-1805,ok,0.01483001701473743,0.9266028231666252,0.0022870865243345383,0.051826563077461266,8.92077609486559
Kepler-1806,ok,0.0660755666138293,1.0667059401696444,0.016573268607858134,0.11510981314274363,8.176415116891445
Kepler-1807,ok,0.011472042697875148,0.9544259442584219,0.0011355894546755515,0.02298719443097605,6.92811174432923
Kepler-1808,ok,0.036133304418685085,0.974145589773169,0.004607210904760882,0.034527285949125706,4.866194027609113
Kepler-1809,ok,0.01026067999674741,0.9531226821385076,0.0010724901478835862,0.0248155832235832,3.399590250817585
Kepler-181,ok,0.01470798605354051,0.9444726602729433,0.002329398172509493,0.04882971163655495,9.355752298416824
Kepler-1810,ok,0.03238614558577132,0.9415280804881865,0.0037359874267588735,0.02705020222634732,6.586310043254199
Kepler-1811,ok,0.05459724248850431,1.0615744500355933,0.008285704745680326,0.04442571227350306,2.927073454082446
Kepler-1812,ok,0.05526087371989127,0.963781740633599,0.003647429531785273,0.009931007714950157,6.3952177287215894
Kepler-1813,ok,0.03523209450000769,0.9574499381905315,0.004868163191559754,0.03594195360762421,3.143649097153014
Kepler-1814,ok,0.04115229675966078,0.9974947732556221,0.0045470588590523775,0.026111899062290087,3.9859730620039406
Kepler-1815,ok,0.03866186112127314,1.0539142902053962,0.011623360041392332,0.124246575225574,7.297566989912758
Kepler-1816,ok,0.01207028974302494,0.9245511346977136,0.0012423891304245243,0.022196881234276634,10.060830488121834
Kepler-1817,ok,0.022186371646137355,0.9569091386357343,0.0016969522560694814,0.014229148034548613,7.730436141641761
Kepler-1818,ok,0.01148009456793393,0.9607632657934946,0.0009218408339791301,0.015028895389985319,1.7735941067660372
Kepler-1819,ok,0.037622806084637556,0.9941843841807129,0.007005427020133476,0.06612033285497723,13.0
Kepler-182,ok,0.021469607765082038,1.0237494551921031,0.004213073072187047,0.07489958217943964,8.17642220168186
Kepler-1821,ok,0.019056015087577288,0.9374179605157722,0.0020220004216149425,0.023964378822648996,3.7851301086589526
Kepler-1823,ok,0.0060591783781024765,0.9402882830415022,0.000305351905136109,0.005900799275360729,1.455669556213845
Kepler-1824,ok,0.0225449799772497,0.964750268942815,0.001122286237421967,0.005896661575266464,7.297550169148859
Kepler-1825,ok,0.012976045359402397,0.9018935234465113,0.0009525990595765527,0.011532798218833122,7.307334457063736
Kepler-1826,ok,0.03598188354503112,0.9688775013322943,0.003589595560520931,0.021355050244966037,10.975738267339715
Kepler-1827,ok,0.005447915288508227,0.9252547500788705,0.0003588284466441991,0.009883678718863281,2.372503171116716
Kepler-1828,ok,0.028548021909827397,0.996844157880906,0.006739474540200523,0.08866667241955563,1.773619075363523
Kepler-1829,ok,0.030783209284854576,0.9617279188449617,0.0018870177595044137,0.009415030987376664,0.23169434775639391
Kepler-1830,ok,0.01071118649146071,0.9207310871116076,0.0030139001335130595,0.13505378506686688,10.880853593544273
Kepler-1831,ok,0.03540546068889191,0.9655067132864452,0.0068124703280375495,0.06414946458120944,3.4347204906765194
Kepler-1832,ok,0.016825996820153673,0.9247830035154644,0.0014654217981716932,0.01608049087265217,13.0
Kepler-1833,ok,0.00371350786861126,0.950117172876423,0.0002963734508877436,0.01386435134849488,8.205645657356245
Kepler-1835,ok,0.03435645799554835,0.9560627798743226,0.004254280554094499,0.03438206183353877,3.581986288225421
Kepler-1837,ok,0.04288112183076839,1.0213620572789106,0.00828441116791064,0.07199163196278704,13.0
Kepler-1838,ok,0.0029237621953563907,1.0160625179730303,0.00038507326501175185,0.04008704225948316,3.9873940809021393
Kepler-1839,ok,0.016646736301845218,0.9336798517951537,0.0010044626286626844,0.00824632214296586,0.9800510798576151
Kepler-184,ok,0.013145953023974562,0.9292389773886388,0.0013740283386442786,0.022385384061860664,2.8242252275351225
Kepler-1841,ok,0.01635537080313534,0.9977863341024137,0.003193746194216879,0.07428148388599853,3.680795718779046
Kepler-1842,ok,0.019944105788450284,1.0762201154532063,0.00585228922268752,0.12088260439251816,7.276448740709197
Kepler-1843,ok,0.004319381213924602,0.9465861507708514,0.00016597667722867459,0.003471549898104249,6.171130444791132
Kepler-1844,ok,0.06745250653294664,0.9142624317813751,0.004786039551434899,0.010428699384550705,6.922299645753591
Kepler-1845,ok,0.06010785121586824,0.9165947039963225,0.00750166312750392,0.0312943826759353,2.8852642084542133
Kepler-1846,ok,0.0123408203069127,0.8949011864997352,0.0008248710308717632,0.010452123119063125,6.276629160341022
Kepler-1848,ok,0.0076822835205888245,0.9357661261997554,0.0011858742090275945,0.04761454484422908,6.586274170391515
Kepler-1849,ok,0.035209095704414294,0.9090835425147474,0.0020495134237626064,0.007626454036835482,5.026366158613792
Kepler-185,ok,0.01242258495265031,0.9494299337791441,0.001042988603753894,0.01608131172236565,3.4883795527314194
Kepler-1850,ok,0.013904166946418422,1.3580973329831496,0.006105762630690534,0.17826134640852384,0.39285444520596796
Kepler-1851,ok,0.0407502538401465,0.9788361208513867,0.006819085189296318,0.05637754448144133,13.0
Kepler-1852,ok,0.03899063211653703,1.031786278849537,0.007155848243137442,0.05772368642896002,2.744773812775031
Kepler-1853,ok,0.03914285579732296,1.3478478962197455,0.010986342942686094,0.1073516141313899,13.0
Kepler-1854,ok,0.011442865013756295,0.9758532716235879,0.0008910576790130835,0.013764843120399717,2.353849864054915
Kepler-1855,ok,0.023786766030449314,0.9161758087159879,0.0008542498863127777,0.00319657443568726,4.165363162794372
Kepler-1856,ok,0.03563289993622389,0.9547780142635997,0.0033906391292930303,0.02113059019564543,3.6183222312499903
Kepler-1857,ok,0.021490203518591582,1.013931640473355,0.0020484219010535147,0.02213177764596436,0.5723759605326819
Kepler-1858,ok,0.3639676012941196,8.727642360165616,0.414338251173548,0.9521545500002505,0.2291512518866218
Kepler-186,ok,0.012814816046081905,0.9336061622153013,0.00047894479618310304,0.003358051087530654,0.31762638816267846
Kepler-1860,ok,0.0063885355931482144,0.9451276290192929,0.000620724886741691,0.021000046240190525,2.7657058094360996
Kepler-1861,ok,0.007467524435982785,0.9389065671057462,0.0006521995906897886,0.01663286312201122,2.709567599635641
Kepler-1862,ok,0.06624298133900328,0.9299038253496826,0.004372799818908301,0.010263918832430895,2.7396199339009555
Kepler-1863,ok,0.006637182465740254,0.9548469925589068,0.0006397846004216204,0.021468569685230664,4.8955544552738015
Kepler-1864,ok,0.005949506743288411,0.9992840089429039,0.0005023797783867106,0.0687713068338102,5.455184685927509
Kepler-1866,ok,0.014828198425729043,0.9714716866411377,0.003394560209149985,0.11297635664401288,0.5757678678589717
Kepler-1867,ok,0.006492976113500307,0.8839945966343117,0.000496537203380489,0.012474792239404777,4.410378791913282
Kepler-1868,ok,0.007868757372948463,0.9347969482704369,0.0002674813021653259,0.002927228711570498,0.43666435801394915
Kepler-1869,ok,0.002148184062877009,2.449401549764548,0.00190428978600004,0.6163048117662173,6.847055454551568
Kepler-187,ok,0.01708093347819877,0.9361587004404,0.001534070280517405,0.018267833879600764,8.205613400164006
Kepler-1870,ok,0.006751167790139939,1.0001989934108921,0.00272776164153957,0.25553879024382403,6.171134697194188
Kepler-1871,ok,0.017595386616515753,0.9338560962758725,0.0014760994882752222,0.013885451778863534,9.355770336164554
Kepler-1872,ok,0.0511287285674165,1.0535573473306723,0.010672262118872533,0.09165570483103372,5.081921390402232
Kepler-1874,ok,0.01804872462639701,1.0665844006128546,0.005399939948908031,0.1262766683737658,1.9395034079998352
Kepler-1875,ok,0.027273797833693592,0.9293441783610571,0.0016156344715155782,0.008310911586658868,3.6183251497711555
Kepler-1876,ok,0.0013946457102729294,0.9885703161804715,7.082129775691102e-05,0.006206479767412246,4.548150907575098
Kepler-1877,ok,0.0028412725645008984,0.9584680754978787,0.00017778366559721736,0.008589052565374936,0.5241256576006417
Kepler-1878,ok,0.0459366091299004,0.9891342310553756,0.005054071023028937,0.023546848345968263,2.071861108235418
Kepler-1879,ok,0.004008396279842655,0.9368272594792364,0.00016254649023223237,0.004144589339974041,0.4407579958198646
Kepler-188,ok,0.02935828958009426,1.064049800133925,0.00444392345015176,0.05025048734082158,4.895556513519013
Kepler-1880,ok,0.04047566627557783,0.9035740143692844,0.0018175116886558647,0.004760895734592448,1.1475809981428104
Kepler-1882,ok,0.0037119933054534015,0.9718650157723255,0.0005775743069309564,0.05107093989356585,6.9281161738647175
Kepler-1884,ok,0.05464990318037036,1.0871156603435381,0.02329133087726,0.2794215289392176,10.044764683130758
Kepler-1885,ok,0.025842249076548383,1.0017684125305895,0.0032146679334034978,0.03406802774661443,8.715386223678427
Kepler-1886,ok,0.0545912936497319,0.9571525596651921,0.0058322815195598005,0.025286056464724156,6.395227005062085
Kepler-1887,ok,0.06074063008140825,0.9377344833994078,0.0037650523001681547,0.0092703819911288,4.786433526693077
Kepler-1888,ok,0.0021771427070836416,0.9569468337026911,0.00011852409210621022,0.007089969154719879,1.0532688796811112
Kepler-189,ok,0.014471516358053865,0.9572170758960689,0.0007247537521731228,0.005860110859852937,6.266769435340063
Kepler-1890,ok,0.004831560391860991,0.9272169017977501,0.0005119185546353685,0.02461654795059614,6.928110669010796
Kepler-1892,ok,0.059105514595276215,0.9701375785590926,0.0026965416492600266,0.004804890645944944,4.886278263899042
Kepler-1893,ok,0.02916538004835578,0.9996615484232482,0.004018854075218897,0.03943514818970257,8.196396932445895
Kepler-1894,ok,0.04616513260043298,0.9770419094313038,0.007949576671854223,0.0596928041191948,3.618328958883698
Kepler-1895,ok,0.025669094573754273,0.9579486604674026,0.0027707145957304503,0.025893164134491248,10.053880539993441
Kepler-1896,ok,0.06428203887748103,1.0022114078812037,0.008301664145821088,0.035366629535846385,5.2528610574713515
Kepler-1897,ok,0.0977625475492747,0.8569147292058145,0.005435010038190648,0.006702767351804062,4.895590673285706
Kepler-1898,ok,0.005752427813274375,0.9351598177102662,0.0002807544705832244,0.0055027952313067025,2.1740360081406997
Kepler-1899,ok,0.05008835739955702,0.9663140588567939,0.006042532480841296,0.03040320617209528,5.994790231100168
Kepler-19,ok,0.002505425516542625,0.9585098517007006,0.00016533294196296097,0.010288230369650892,5.0629662076540525
Kepler-190,ok,0.008751398151221059,0.9574050530103129,0.0003840005925245299,0.004567717688266477,0.5028547397845603
Kepler-1900,ok,0.030364030750933378,0.9801152378707538,0.0032779933256185537,0.024510320035332583,3.887246951305227
Kepler-1901,ok,0.024491613378463055,0.9430744260644194,0.0018369923892773564,0.0129263204623246,4.42700194465785
Kepler-1902,ok,0.06250680823923942,1.1878854807904253,0.008198883974954855,0.032913702317292175,3.075078006367667
Kepler-1903,ok,0.04157917080648109,0.9862411348676796,0.004754714609557004,0.029283184482357803,3.6183298584152266
Kepler-1904,ok,0.03201904047219542,0.9450763550542587,0.003248794342219807,0.021942291244523522,2.946523016291914
Kepler-1906,ok,0.035039467396428124,0.945835735539438,0.009020171198790894,0.10273051867163328,13.0
Kepler-1907,ok,0.007354299990665499,0.9718500519159071,0.0012046009797394566,0.05286173524521849,7.307291378095106
Kepler-1910,ok,0.04673300152688018,0.9531730253702881,0.003607099326419711,0.013956481933960582,3.7769431402568756
Kepler-1911,ok,0.003518249688214479,1.0114001281903882,0.0009252291353118897,0.129036597596359,3.718351892335917
Kepler-1912,ok,0.0031093312184078416,1.0069945771162592,0.001008637833840195,0.17192242799036767,10.182906493056903
Kepler-1913,ok,0.025337942638931205,1.0414830979858176,0.00390744779734311,0.046503410920709864,3.9859890664956446
Kepler-1914,ok,0.09377389310954574,1.1517934705562118,0.03807969577021305,0.20947900989945017,6.92820143942964
Kepler-1916,ok,0.04598388870425652,0.9636698804879483,0.003889953059851029,0.016047300188173973,4.260578559080645
Kepler-1917,ok,0.038401076131159784,1.016313786696696,0.007602606245618521,0.07580267309836826,4.713224032291557
Kepler-1919,ok,0.04245068244452638,0.9680519780520179,0.004861700135176053,0.028688643209182192,6.928061564466121
Kepler-192,ok,0.011053040969334554,0.9620796007036695,0.001877984608534933,0.06016023409517132,3.582028322326292
Kepler-1921,ok,0.006316465226957887,0.966895224300261,0.00048762582735105344,0.013541127248845163,2.8242016336292157
Kepler-1922,ok,0.03558541743474684,0.9440251565185804,0.002395125776647645,0.009555856105704183,3.4884187116682406
Kepler-1923,ok,0.024607792506922584,0.9297457425808902,0.004355089576567096,0.06241758422364503,7.730457891473946
Kepler-1924,ok,0.026360673738369523,0.9547820772764288,0.0014114775315996885,0.0066866504897969675,5.49105111959703
Kepler-1925,ok,0.035694860030642414,1.0338768040353075,0.009668852438296335,0.11924496402279586,8.715390711146329
Kepler-1927,ok,0.006826466928349587,0.8822121676908599,0.00029541273149467136,0.004434976670155927,2.045347898174148
Kepler-1928,ok,0.014101481846916385,3.6551196089514555,0.01470229857651044,0.8860674173273382,4.72367277330473
Kepler-1929,ok,0.0026655135739177323,0.9698170488700859,0.00012167051229992081,0.004901893910314724,2.3227396964910842
Kepler-193,ok,0.018590620651453164,0.9384957080104726,0.0019466015654990157,0.023377882451441442,6.928091126363115
Kepler-1930,ok,0.008255171501802029,1.1449282319424896,0.00366738869622623,0.23004299304577783,3.582388024533028
Kepler-1931,ok,0.004639319740208366,1.0844777603985265,0.00045651156304355996,0.022200358394020975,5.08198031150881
Kepler-1932,ok,0.02624012771868969,0.9953159643408922,0.003117846513657563,0.0283081617918071,2.1973688055466227
Kepler-1933,ok,0.004071740259359355,1.1562954961927598,0.001927706953136486,0.2700595164824098,6.928063569322554
Kepler-1934,ok,0.0047414777060158855,0.9762304950850087,0.0013007850126286738,0.12002828466177441,6.171121743662495
Kepler-1935,ok,0.019688532754460603,0.9725390338127247,0.0017563846280253563,0.019554683086709577,6.395225598747898
Kepler-1936,ok,0.0392717699922729,4.564780508444536,0.0056163931376993145,0.02945786015877819,7.305258369990814
Kepler-1937,ok,0.011498036955462638,0.9511814934667352,0.0011663423566778432,0.023304303659959592,4.895604024625664
Kepler-1938,ok,0.03440036760785656,0.9589043942985782,0.007349063634746691,0.08483679469548924,7.307307301219569
Kepler-1939,ok,0.005006302820824055,0.9684380057254439,0.0009565165764700045,0.06562648956968212,4.292193591605465
Kepler-194,ok,0.01738335198539826,0.9695036667783844,0.0014606971347590632,0.01643069721155045,4.886261088777667
Kepler-1941,ok,0.021271047972364142,0.9277116816890038,0.0010836790424565569,0.006087094164385359,2.1347843329267358
Kepler-1942,ok,0.018607420518270457,0.9329888959615792,0.0010054255872063806,0.007010369793741509,0.29954049954830214
Kepler-1943,ok,0.011543508229664625,0.9306505020242124,0.001391668506282869,0.030661950416496383,3.399579903327903
Kepler-1944,ok,0.05818567876966913,0.8767770565164158,0.0038229233158912496,0.009408101143425303,6.276623727410602
Kepler-1945,ok,0.006713331187393837,0.9480876955669028,0.0006171038380329381,0.020566216991520593,3.5330320072300996
Kepler-1946,ok,0.03425988219430742,0.9518671215059221,0.0023650156612441938,0.010963542462573563,2.9489684014620905
Kepler-1947,ok,0.005974702785320972,0.892923650061241,0.0004929464082377267,0.015876198816367395,2.8852528749798165
Kepler-1948,ok,0.006099375050709482,0.9565087530235392,0.0004626466231935118,0.013060596499894994,4.723663769022508
Kepler-1949,ok,0.03047925823877161,0.9622593398315347,0.001643670165263773,0.007018474532641406,4.552016009042439
Kepler-195,ok,0.021830737255679206,0.9589641527343222,0.003256227084551966,0.049710439225429386,6.928458332968048
Kepler-1950,ok,0.014193165747192704,0.9528408380923409,0.0017349995653565807,0.03168816744894738,5.994806475838294
Kepler-1952,ok,0.009461830279000967,0.9387788894085346,0.0003837633254113896,0.00395661035208579,1.7880046712354787
Kepler-1953,ok,0.03339524165447161,0.9978210032693061,0.005282243526834163,0.05117663972974348,13.0
Kepler-1955,ok,0.004724553937104832,0.9497410211020277,0.0006402325692080093,0.04087894128005244,6.586275184849961
Kepler-1956,ok,0.03840789841371738,0.9339622300042878,0.001696519680574237,0.0044669297556933244,3.9337589311927883
Kepler-1957,ok,0.01971920121293944,0.9494770028210094,0.001923390752867384,0.021386535205806242,6.586294809639983
Kepler-1958,ok,0.04385033446255736,0.9887387710367598,0.006515264720710455,0.04241960185992365,6.896896220622197
Kepler-1959,ok,0.016935585963125884,0.8953795646575647,0.004162623354220786,0.12138259639595594,0.20624798857196636
Kepler-196,ok,0.00994013645659332,0.9333345760981024,0.0006424739854349486,0.009639956525143628,3.826207152267481
Kepler-1960,ok,0.02742845026681066,0.9689696977109102,0.002134772869138008,0.01386784198516853,13.0
Kepler-1961,ok,0.054299610147473344,0.9855232146027485,0.006990869978042704,0.0324736583864616,3.6553785115283186
Kepler-1962,ok,0.028136801331903525,0.9857140996611277,0.003277088925581665,0.030177833263345468,4.5325649296277755
Kepler-1963,ok,0.010896150385474247,0.9216775771843239,0.000541872905425519,0.00571480842613104,10.060832162488893
Kepler-1964,ok,0.1642169385493076,1.3356979153552486,0.03838233362380314,0.07094941365721308,8.247776886218166
Kepler-1965,ok,0.009443917615940267,0.9509454779376242,0.0013080781854847062,0.04206720059553927,6.276641974999572
Kepler-1966,ok,0.019567349757440712,0.9497916068066294,0.0027554716468097622,0.04010604874094168,0.2659494919289697
Kepler-1967,ok,0.008108524476848615,0.9371777783583394,0.0008895032699640828,0.02701413066452808,4.561047331941678
Kepler-1969,ok,0.059574132312728977,0.9243629011467823,0.004431463960440002,0.01289908832919419,2.855185423362003
Kepler-197,ok,0.006176963719780625,1.0606961578925644,0.0004525197632775699,0.05010097124247864,4.709761303971642
Kepler-1972,ok,0.0036055958464066284,1.0719348353296674,0.00021018991865028727,0.030075704372809032,5.450513561327837
Kepler-1976,ok,0.0417454479457136,0.9225377881961496,0.00341879947022951,0.01450178911873492,4.722414008627027
Kepler-1977,ok,0.04734074750494851,0.9185513275547159,0.0029686726085210776,0.008954034208382904,2.141025913160197
Kepler-1978,ok,0.034813063913281275,0.9479655223745367,0.0025271799870132767,0.011725316014042511,2.946512138592056
Kepler-1979,ok,0.032752841543513454,0.9706160329381993,0.0031898398929676016,0.020073593416215244,5.079717991091576
Kepler-198,ok,0.008897955449475038,0.964445195589349,0.0022141974119337677,0.1094360064764756,7.730489808498706
Kepler-1980,ok,0.07231539485109667,0.9307186987760566,0.007013167363912907,0.020456384735296516,4.561110976465988
Kepler-1981,ok,0.006860677334416654,0.9789781610696355,0.0007587182435084802,0.027556189234651234,5.47017912134397
Kepler-1982,ok,0.010445662311374497,1.1258762926402952,0.0020798684013815915,0.17660581618252758,4.722495179490507
Kepler-1983,ok,0.014038995907953501,0.9616291843475819,0.0008286168209982957,0.008299231470449616,4.66975674385218
Kepler-1984,ok,0.032638340387204035,0.9133769429082178,0.0019362629781527081,0.007666272777924503,0.9284136353993171
Kepler-1987,ok,0.042042427619699334,0.9648858252744458,0.007213443060876266,0.06564265372361625,4.004210575004255
Kepler-1988,ok,0.003365625200498494,1.0155749973766728,0.00042047219111873555,0.03160095054458709,3.7183569800034157
Kepler-199,ok,0.015441549914936667,0.9510710906544034,0.0017689254103874094,0.02931535046801597,10.836089433859671
Kepler-1990,ok,0.012993609508397824,1.6160110277974056,0.004298696095170325,0.1391035855613067,4.962412169173962
Kepler-1991,ok,0.018626358938815472,0.9908427874447276,0.0026211899006674394,0.041619069998697016,6.554950708841565
Kepler-1992,ok,0.008237539595624312,0.9540860821221122,0.0005141010117049724,0.00915510254286265,0.9869132068213451
Kepler-1993,ok,0.005384592921078296,0.9081017304792622,0.0004320076494265856,0.01431979923242692,3.4884096238784257
Kepler-1994,ok,0.005156146344465077,1.0065203768437945,0.00014589199104334677,0.009836742052798147,5.981186826166323
Kepler-1995,ok,0.027980650481038347,1.004229154341618,0.005033188788491863,0.07057472895235256,5.470163623857174
Kepler-1996,ok,0.017557958817337408,0.9537268509264094,0.001957994342217458,0.026896213624935696,11.846413241259064
Kepler-1998,ok,0.00404148235908689,1.0329612526556793,0.0006653092167535872,0.05660024039680016,3.0750533349077407
Kepler-1999,ok,0.07604177761706202,0.9781928787382677,0.006258097721510875,0.015618845349247103,3.7779616049257387
Kepler-20,ok,0.010480207311597782,1.2035695693134547,0.0016746032614738864,0.18491132356566536,13.0
Kepler-200,ok,0.008713572389931071,0.903182874742456,0.00044584550063220897,0.00620239582503876,1.129192404360459
Kepler-2000,ok,0.019593540907031283,0.9664036185451564,0.003402931944529567,0.058668872616727874,5.19799196342594
Kepler-2001,ok,0.06462783087259867,1.0071751089564152,0.008399222129244986,0.036734840415905905,3.524136814246399
Kepler-201,ok,0.0056051470265652955,0.900244333915757,0.00063828117601137,0.026450627029133044,5.5007552162754045
Kepler-202,ok,0.008245713509615563,0.9202316730055893,0.00030880633939090536,0.0034866833366637806,1.1113861683929025
Kepler-203,ok,0.012858335843190252,0.8886254343598182,0.0007193938139394235,0.007247181383993585,10.88084898921931
Kepler-204,ok,0.009313944818730402,0.9440817065414456,0.0005210533161476516,0.0077414099400548554,3.8262082902343715
Kepler-205,ok,0.005147689227344836,0.932870453889056,0.0007188333347274214,0.03976483543514992,2.9465113731455688
Kepler-206,ok,0.007037915875819519,0.9311959520255023,0.0006094469033608174,0.01759224941870259,5.283075894450727
Kepler-207,ok,0.005755327010803454,0.9575134404899209,0.000795870610191474,0.04282758165424834,7.307344961636768
Kepler-208,ok,0.006865511371124,0.9357593064914229,0.0003437790509832619,0.005863518272856847,3.6292326996209354
Kepler-209,ok,0.010189697205420822,0.95874817154422,0.001340758977395202,0.037319165765214636,6.276643770664136
Kepler-21,ok,0.0004520139252271794,1.3826213416071913,0.00013411534320822418,0.135085460489663,3.9104743673178817
Kepler-210,ok,0.008162522702571425,0.9766049267816619,0.0018284719626936456,0.10625668142288823,6.17112897842866
Kepler-211,ok,0.005567488800987933,0.9860080476125508,0.0012670563830663038,0.0916174255743926,13.0
Kepler-212,ok,0.009335434920813191,1.3833288031144522,0.0029304718138953457,0.11262895564006573,4.692175371528941
Kepler-213,ok,0.0066715668728274564,0.9527599421821378,0.0006045312253418387,0.016566786558471283,3.58201992892668
Kepler-214,ok,0.008890442872549186,0.9169720152960293,0.0004040901501124357,0.004978088499199097,0.7310212664423733
Kepler-215,ok,0.008417008133973424,0.9030438644341823,0.0007053596301338044,0.015629424507680414,4.8955842913564265
Kepler-216,ok,0.012173273794067038,0.9079058566926334,0.001066771346791702,0.017230008514399237,3.4884093272818744
Kepler-217,ok,0.007042315657892381,0.9185771574375297,0.0005769000475572497,0.015072452767271852,4.561068005668694
Kepler-218,ok,0.010226565565991007,0.9100449558503615,0.0007037405201352306,0.011518176774919122,3.3989830689956078
Kepler-219,ok,0.007534768478350205,0.9353709587189146,0.0007921180360081453,0.02368657868900887,10.880865082259373
Kepler-22,ok,0.00209422408064396,1.0032882560250802,0.00020535556809183825,0.020752905351481696,9.496935573742345
Kepler-220,ok,0.004426917025741548,1.0441481433313489,0.001021268159017487,0.1011914264160695,8.897545613226669
Kepler-221,ok,0.008713684732275278,0.9588411559868052,0.0018685638727955927,0.09358272206618488,9.344305025676109
Kepler-222,ok,0.026397466395607895,0.9507104518627786,0.004698259531924278,0.06496351063124081,10.06085542134252
Kepler-223,ok,0.03982451145806809,0.932164831420992,0.0020900106434089995,0.0063882776003030255,8.205617866271156
Kepler-224,ok,0.04236074293559337,1.046145509486157,0.005383452447744735,0.034320230016070576,8.715393322608632
Kepler-225,ok,0.033298608029531176,0.9396256825092066,0.0012784607854608497,0.0036133006637896585,0.25490033170402915
Kepler-226,ok,0.025860739569062006,0.9697755063311612,0.0027719052806284626,0.026250432093997966,6.918209447409344
Kepler-227,ok,0.02804980850971471,0.9608767140480194,0.007946259207095368,0.1265470059782534,6.586301277004709
Kepler-229,ok,0.04668615066134227,0.9616794004604433,0.008660672545788018,0.05940624299503177,3.5820286588567263
Kepler-23,ok,0.006352962639684023,0.946839664613806,0.0005364797260425309,0.01569364744565704,4.5610620759692315
Kepler-230,ok,0.024558869644019883,0.9515279984649252,0.0034848424127561298,0.04351912409060306,4.722436184583525
Kepler-231,ok,0.02359259939494755,0.943032561254227,0.0035872587552489518,0.04835787971652225,4.895584872483491
Kepler-232,ok,0.044712975057945935,0.9585873025870069,0.00796535276061486,0.06162787067610207,2.7962038678461876
Kepler-233,ok,0.03654347586572137,0.9746361565786734,0.007422183868382637,0.0730553185687689,4.72239867697285
Kepler-234,ok,0.044769415420116025,0.9678068370916635,0.003517890168572539,0.013221953103342636,3.3151654405837148
Kepler-235,ok,0.11459662811121368,1.3489514177309692,0.030773937397360222,0.11613704507070248,11.836224184450513
Kepler-236,ok,0.019736521340920753,0.9310587812733193,0.0014025130782466168,0.011197131240156819,1.0611904267736025
Kepler-237,ok,0.03845078834031846,1.0046985120746013,0.004975320626646572,0.033434645224820286,5.67430452946996
Kepler-238,ok,0.019233207958483167,0.9525402592683198,0.0019599972307964594,0.021913914058450553,6.928130432368851
Kepler-239,ok,0.0488623148347659,0.9695528378286118,0.003353384337410529,0.010533822297291778,1.4683012472418693
Kepler-24,ok,0.023561829012667013,0.971662710132132,0.0032807831271777412,0.04160323902294295,8.205653449526283
Kepler-241,ok,0.03406423570048059,0.9514011658989612,0.002994567625059608,0.017697862001038393,10.048873272586068
Kepler-242,ok,0.03087402447269319,1.023161445448957,0.003316453534572632,0.023720191061095578,4.866190761583069
Kepler-243,ok,0.032664800594348044,1.0464304731431306,0.0035074550299509727,0.02572723491052955,3.5381191160049767
Kepler-244,ok,0.04821580369941259,1.1254789146709971,0.019378008747327227,0.213254779318504,4.6934527769110135
Kepler-245,ok,0.03965151390964441,0.9112918472864608,0.0017967463376544247,0.004822981511255776,2.459938627304866
Kepler-246,ok,0.03940640242109272,1.0110751952357977,0.004761100020667149,0.03388941790234257,4.401484899010898
Kepler-247,ok,0.02046008554469971,0.9417356031312926,0.0012957002193833991,0.009213761248959108,6.928124795362821
Kepler-248,ok,0.03113934250521149,0.9557118536441758,0.002131195317004053,0.010691646360994478,3.77693450616936
Kepler-249,ok,0.03134407219781442,0.9180298990495172,0.0012944910263082145,0.004179326860973946,8.730527814663649
Kepler-25,ok,0.0012954066539266247,1.0218727873140352,0.0001151693477948173,0.016954324324865024,1.054212676006878
Kepler-250,ok,0.027740019361150763,0.9538703435590213,0.00302756653681313,0.02644309888398423,11.84320751455581
Kepler-251,ok,0.2763073599346985,2.1436940112140666,0.2566617594622444,0.33276122772261957,8.731744733273986
Kepler-252,ok,0.022056091380856235,0.9937039014187734,0.003335035732728619,0.047404634223812046,10.875431037039741
Kepler-253,ok,0.03728180077380156,0.9972423500273299,0.004287972851669072,0.029609997924956343,10.875423639701445
Kepler-254,ok,0.05527412277927544,1.025575441533436,0.012020460512534099,0.09004363495804164,7.700230314462489
Kepler-257,ok,0.034530544130984754,0.9783162859908354,0.0041616324342014475,0.03296188101281595,11.843190279496195
Kepler-258,ok,0.022074153494799208,0.9690018228828065,0.0014824300693762496,0.011120764436602579,8.734283451128727
Kepler-259,ok,0.03967389974610688,0.9905873455617067,0.004984167024518215,0.03170734770060757,11.836226352831162
Kepler-26,ok,0.024742387375791347,0.9704007103842364,0.005720968758167055,0.09091792798029935,13.0
Kepler-260,ok,0.012921810616001455,0.9746545404706555,0.002413399296027502,0.07334548098754841,0.2353359871396802
Kepler-261,ok,0.007288530563560865,0.9617934401587177,0.002043043641334623,0.14888315110579442,10.06085184444108
Kepler-262,ok,0.03943281440379462,1.3413227263652485,0.005550821499927331,0.03367906262585988,3.2153443201389367
Kepler-263,ok,0.043689026170597736,0.9738162838428077,0.005320574663773959,0.02985660435332802,6.276642551210415
Kepler-264,ok,0.0054252157251252035,0.9715478318435388,0.0011219474978799463,0.08556645387753223,6.2766445984583825
Kepler-265,ok,0.040610508410553824,0.9919214854419899,0.004773963206495057,0.029015532797112376,5.2528639463684215
Kepler-267,ok,0.027865505821395187,0.9398391825305731,0.0016750375296421503,0.00860085665381429,0.21746094324625279
Kepler-268,ok,0.01209586247808311,1.0712602024827114,0.0036025742004909237,0.15436716153655658,10.880862237112213
Kepler-269,ok,0.05310572330268217,1.0162640386508834,0.006706794223023851,0.033719561504370985,4.866204574874216
Kepler-27,ok,0.058907430198883504,0.9034473892248243,0.0032870290783271797,0.0070993427703586395,4.722419294857259
Kepler-270,ok,0.009441813891269135,0.9710056852708093,0.0011447478390070587,0.031286496398785245,4.561031378523004
Kepler-271,ok,0.005742182876272381,0.9295867966539679,0.0002522764173051234,0.004698536690537798,3.725097329996933
Kepler-272,ok,0.018754394277553932,0.9271199238537813,0.0009226495157890787,0.005415367214122603,4.410362676170942
Kepler-273,ok,0.022751813622821904,1.004750020657369,0.002157853648570629,0.01874225416703664,1.5343713052330963
Kepler-274,ok,0.032780157782855326,0.9542614969559005,0.005962154170677754,0.061838240374000694,4.561073820765315
Kepler-275,ok,0.042129404815658224,0.9660023107027819,0.008036319417923859,0.06640084946655365,0.24709671178548337
Kepler-276,ok,0.043407913831399976,0.8795379780090469,0.004268398999750669,0.019450982192297465,7.307332809696584
Kepler-277,ok,0.0062700020624382605,0.9779181041445902,0.00047998694393179645,0.013337857423354993,3.6808011076002494
Kepler-278,ok,0.001979537084567825,0.9819410877021397,0.00013185852826053002,0.010095108189114643,0.7752460893064842
Kepler-279,ok,0.008988658451689405,1.0331325052016547,0.000988500303826465,0.024794464666611355,6.928271075925667
Kepler-28,ok,0.02080146140724815,0.9217803582290616,0.0028778004882527106,0.04150524602478927,6.582330378090053
Kepler-280,ok,0.015879884118051878,0.9381118504619063,0.001760879082426742,0.026478334827665963,7.307339405777587
Kepler-282,ok,0.02925568600607847,0.9521030960741158,0.00519560756923266,0.06200578618837505,4.722444167471528
Kepler-283,ok,0.051747022995545636,0.9381056146636133,0.0077784192155657215,0.045923964383735055,6.928101336429334
Kepler-284,ok,0.03633352094344748,0.9528388320813592,0.0014226069648150897,0.003737208391224209,0.28769508365021423
Kepler-285,ok,0.020394924336821864,0.9479419541599495,0.0016143080587643001,0.014625029175551089,13.0
Kepler-286,ok,0.04717868689170017,1.0264806712826795,0.008915453395552678,0.07984744590044011,13.0
Kepler-287,ok,0.01902888675340803,0.9741041111851121,0.0014557524414690111,0.013964127809973016,6.896899963758525
Kepler-288,ok,0.050916099328364016,0.9923074341767996,0.008191131019567623,0.04879944483680658,5.470182746862864
Kepler-289,ok,0.015091034369417873,1.0313680106367038,0.0025374662785977247,0.05797915126106113,8.222161346755406
Kepler-29,ok,0.0327737837837405,0.9289297015764248,0.0027704170862017665,0.016624332588457514,3.4883949287636415
Kepler-290,ok,0.04337353272944534,0.9831303858890752,0.00432400416509749,0.021363490786677812,1.99812495176345
Kepler-291,ok,0.20505673018093076,1.0001536847790644,0.025059699466966158,0.030730016019852452,8.715384988682814
Kepler-293,ok,0.03280356029893352,1.0194817857463672,0.004794546670946639,0.04071823201563149,3.375419485828702
Kepler-294,ok,0.05372831448772853,1.0708647818972612,0.02120648592765634,0.20972800353058446,4.6934523546629086
Kepler-295,ok,0.013881987073948717,0.9763545273580148,0.002393922867518857,0.06171785504575799,9.355788256847656
Kepler-296,ok,0.027045329856187503,0.935478380228721,0.002127508749002639,0.014185489461536705,10.975726688537288
Kepler-297,ok,0.010415288607611857,0.9731949057874708,0.0008822012307730081,0.015980716794504097,6.945744814747559
Kepler-298,ok,0.030399069156159492,0.9607003792387088,0.005283972129800813,0.05529064929588404,7.0462014946693445
Kepler-299,ok,0.02123043462581061,0.948778770471894,0.0028322105720264596,0.03728929861420467,13.0
Kepler-30,ok,0.0342333106455687,0.9394225567788902,0.003943821904954521,0.02802901588909653,5.289588201240056
Kepler-300,ok,0.014561746942850324,0.9326588821861661,0.00119862850317519,0.01472014060438771,3.4884035357685024
Kepler-301,ok,0.010607034287770234,0.9747284467673643,0.0012050698399458288,0.027407551944798127,3.233016073754693
Kepler-303,ok,0.011455568802728817,0.929060928205318,0.00046915762089221123,0.0039720438345024625,0.2465231902825974
Kepler-304,ok,0.0313735877484064,0.9306967279108995,0.0017651326821521557,0.007543999524372201,5.062982452480343
Kepler-305,ok,0.08333803038479998,0.916696467182413,0.007773306889116194,0.018083937815978016,5.994757801686433
Kepler-306,ok,0.046227428884053,0.9823879383095266,0.004270509682481855,0.018856458883557553,3.5572484499204955
Kepler-307,ok,0.015907538091191196,0.9390922012072811,0.0016897219418136554,0.02541878394602434,6.586282584221008
Kepler-309,ok,0.026404792102118227,0.9282129199414781,0.0017278178218172859,0.010135746906722407,3.3958409395421096
Kepler-31,ok,0.042888984971513854,0.8940359594253128,0.003321535050907698,0.012712001479796366,5.994776074178932
Kepler-310,ok,0.016348015831153435,1.112986485339046,0.006484263452665345,0.1490024066774152,6.2588719156282275
Kepler-311,ok,0.007320417352338078,0.9281592891000187,0.00033020865040834726,0.004770057299976066,2.437117143564958
Kepler-312,ok,0.012919125278578978,1.0095857220276292,0.0015868212334206524,0.1224525851905011,5.500817717178085
Kepler-313,ok,0.017775159316539835,1.0885516996377163,0.0031792818214889697,0.05426056733025946,6.927971357730086
Kepler-314,ok,0.004354805702302521,1.093376239644159,0.0019484864590779817,0.22550399417310538,11.819822949239153
Kepler-315,ok,0.045032104538711724,0.8911740306483751,0.004360579745103003,0.020836910746304824,4.722395839475158
Kepler-316,ok,0.02060388263090492,0.9656630733181092,0.0017247355043114138,0.016106801748415146,9.347729392850724
Kepler-317,ok,0.058858743054090626,0.8723967451276926,0.006642068226929174,0.02685976686637959,4.7224099890190665
Kepler-318,ok,0.006969337217161334,0.9905876813415389,0.0011689915276561498,0.06003489108434931,3.7734414760928385
Kepler-319,ok,0.008008449706761865,0.9538129562442896,0.0013047423436750242,0.05299840277335891,10.060858156991868
Kepler-32,ok,0.0423654847377824,0.9376033704605856,0.001974408154091562,0.005351485414673119,1.1636490572531597
Kepler-320,ok,0.00946262321975281,1.0226812417665736,0.00326878506561145,0.07682067213308985,2.4154247012960965
Kepler-321,ok,0.004276586230990207,0.9140157438997771,0.000744397545267022,0.05980691653227317,0.44908205536653983
Kepler-322,ok,0.006221554459416262,0.9511910546163227,0.0006641721972081535,0.02399010404419325,4.561034587026199
Kepler-323,ok,0.009453073764930339,1.038896204679553,0.0009313668282479099,0.08593804865926163,2.7657574774052915
Kepler-324,ok,0.01194754784764113,1.012056288929498,0.001098109506396971,0.018382773118784345,5.062954729401877
Kepler-325,ok,0.024968723871942818,1.0298457969643122,0.005588251576243761,0.08903820538953588,10.863699219527115
Kepler-326,ok,0.009107378373482071,1.0411847311257396,0.0037849136823518287,0.2540567394946466,9.355759553258979
Kepler-327,ok,0.019630531293463392,0.9145357814467624,0.00203220928594417,0.023311639947657812,3.488413837587497
Kepler-328,ok,0.0628458341628506,0.9844899943633901,0.00808570157011451,0.03409432478676807,4.552020066515443
Kepler-329,ok,0.03700411686390447,0.9775502806825085,0.003519639776776391,0.019812827339723397,2.32524041674585
Kepler-33,ok,0.009931502047731834,0.925381893585938,0.0008243165186702795,0.01524016707963519,2.765721145914027
Kepler-330,ok,0.024023891903334177,0.9414420753320849,0.0009498337119182585,0.003856842145255715,0.32967771225893516
Kepler-332,ok,0.010347026025818785,0.9669926905823208,0.0017448666448710343,0.05552208397695049,10.880868989240737
Kepler-333,ok,0.01600128143494317,0.9223700182733027,0.0020474668782988537,0.035691378559831795,10.880860196243535
Kepler-334,ok,0.0038904882384606476,0.9591380299140557,0.0003565708592668905,0.018948610483486894,2.8852746942605045
Kepler-335,ok,0.012165373311509617,0.921463715104433,0.0013998878658281904,0.029455840634112693,10.060834171068013
Kepler-336,ok,0.007356931205042794,0.9588112909793602,0.001090425724154309,0.04420028235152198,13.0
Kepler-337,ok,0.0039445447058516015,0.9688716509935286,0.0007440781767386046,0.07196843227241277,4.561077741434795
Kepler-338,ok,0.0030076180535682827,0.8240344227861803,0.00015610267874797924,0.0063137459441615735,1.4454359477521217
Kepler-339,ok,0.015534635401219082,0.9384035486368185,0.0012727437143110663,0.014553595276626044,2.2911629026042313
Kepler-34,ok,0.02686022824949727,1.066073877563756,0.00969890370689297,0.14462059998127497,11.852134630802414
Kepler-340,ok,0.004351955904917599,0.9544753230313807,0.0005970258191772993,0.033927765144471496,5.994771734964781
Kepler-341,ok,0.019537083130782548,0.9491853331381634,0.0027549867805354957,0.042445633814530065,10.880864436087514
Kepler-342,ok,0.02430150736754983,1.3383627733652008,0.008070280320625017,0.23786135683557266,4.895649943682979
Kepler-343,ok,0.013681586262900986,0.9693577091290014,0.0015693176249453463,0.027681723731635605,4.887731242065222
Kepler-345,ok,0.010814130418425933,0.972768707800387,0.002972130726962136,0.11888727200316426,6.586290168922318
Kepler-346,ok,0.03117928047995712,1.010455041597614,0.006298184782578312,0.07708469677727803,13.0
Kepler-347,ok,0.013177922058088728,0.9288724447824611,0.0018713040003285448,0.041516005286477135,6.586310344539596
Kepler-348,ok,0.0049465326015909385,0.9465872735361701,0.0002555441326902668,0.006335634551773179,1.5057720729186874
Kepler-349,ok,0.019258901749875667,0.978477768057069,0.0030917605182459633,0.05460731802314749,8.196380048219746
Kepler-35,ok,0.054228148022018224,0.986013235760923,0.008371227271908156,0.034176262994900314,2.5652888955811077
Kepler-350,ok,0.009966418497104241,0.9750535536348733,0.000532147453696533,0.00641141503281334,2.6889452672985805
Kepler-351,ok,0.09372368348814163,1.0629126230141703,0.016397968276659198,0.055682121637369346,8.714625258332275
Kepler-352,ok,0.005750615888936156,1.0659392548625075,0.002255427255796979,0.20569561169863418,10.06082357105845
Kepler-353,ok,0.051179080096321786,0.9456083535428795,0.002593601864662499,0.006041995513273877,2.7590643246829027
Kepler-354,ok,0.03717218924705936,0.9300866013226359,0.002161511103651669,0.007628023887332321,4.292193960490471
Kepler-355,ok,0.028104681065195862,1.0041937186116496,0.00311880669696771,0.02691497279121329,3.7593092918900726
Kepler-356,ok,0.01245163839457297,1.0141089030421413,0.000547252926428388,0.021334714124534256,10.060905611106026
Kepler-357,ok,0.03140934328837065,0.9517698767122651,0.002885525197575412,0.01916594139415862,13.0
Kepler-358,ok,0.03436191532038105,0.9476321494774552,0.004159890295697032,0.027471460564892806,6.586296347938041
Kepler-359,ok,0.08912534660414954,0.8698347844669884,0.006551492527772387,0.012463553673746802,6.92810650799631
Kepler-36,ok,0.0032141176037725006,1.050645609106045,0.00035046850968227766,0.025673201066625646,6.943930685451162
Kepler-360,ok,0.020825189987134562,0.9815322854904354,0.004393607401115735,0.09845751698471918,10.053921427033185
Kepler-361,ok,0.01376411393880601,1.1612317949048914,0.005888277650641519,0.23723457749477736,3.4883997578427994
Kepler-362,ok,0.014784340409028434,0.915858965831245,0.001019288855945108,0.010284518555515904,8.743041860387462
Kepler-363,ok,0.005563547951377899,0.9133532529835575,0.00020790041608506965,0.0031875138440902962,0.37810115065317335
Kepler-364,ok,0.007976895278519146,0.970119968960161,0.0009270229920581861,0.03159845980475942,3.399545234729053
Kepler-365,ok,0.028939728552452235,0.9402213508936376,0.0023484758940768955,0.015870465202395437,2.855185433961653
Kepler-366,ok,0.023591570338346288,0.924986023874958,0.0017053167472587348,0.011648605871765942,7.351932558893482
Kepler-367,ok,0.00367110611969142,0.9704559331863023,0.0007654113992736262,0.08850070638654974,13.0
Kepler-368,ok,0.00440827716798864,0.9534224069577746,0.00029302514013944587,0.010129731600183718,4.895595604720142
Kepler-369,ok,0.02484531605278071,0.9913323962231847,0.002612552338285968,0.026230748664292886,10.875429940889623
Kepler-37,ok,0.000727581621561494,1.0550816595099717,9.22285196255743e-05,0.03176386034745091,8.222118443389013
Kepler-370,ok,0.033585054056274335,0.9932753849761569,0.004869386285546191,0.04030380540743143,3.078107090999056
Kepler-371,ok,0.011370899121391899,0.9611825909063461,0.0019124835080191515,0.058745380813179565,6.928113385218692
Kepler-372,ok,0.027930758478279694,1.036443936679689,0.0039587056786011205,0.04383912796802588,3.7596047851756644
Kepler-373,ok,0.014451443157433876,0.9710522528337074,0.0027297538756495348,0.06795139914103952,9.355771487979675
Kepler-374,ok,0.020030400654457617,0.9500937770768283,0.0014703034932577613,0.012065258491547286,3.6775401317391148
Kepler-375,ok,0.060862984046922815,1.1139048552576305,0.022571910118149123,0.18212229854624434,4.866196332891302
Kepler-376,ok,0.013229993955883028,0.9815832449920453,0.002845997943262399,0.07962500202360287,4.717728819171554
Kepler-377,ok,0.014886399780112651,0.9007548800795595,0.00297420968353014,0.07826147891370908,6.92809987534957
Kepler-378,ok,0.007168250245713893,1.0178461878248468,0.0002701790143252238,0.017109345307143524,3.3694218766226784
Kepler-379,ok,0.008472475466441488,0.979293746434228,0.0003030353513844793,0.0032668343186740252,2.93910051149165
Kepler-38,ok,0.010803927693748239,0.9950122490319041,0.0011127597989261874,0.018135740092962,1.1949953889160796
Kepler-380,ok,0.0071974437964810924,0.9511242827662182,0.0011495235376963021,0.04946741714249877,2.4018050502220794
Kepler-381,ok,0.0011749733357451673,0.9987060798278792,6.155863448425208e-05,0.006216666907813443,2.3830889802693638
Kepler-382,ok,0.022064929181739513,0.9218044403573018,0.0016976576853575433,0.013302391446923936,3.7851172442443333
Kepler-383,ok,0.029702001268670595,0.9579258165193433,0.002805064922788459,0.01950211811329386,4.895603321922622
Kepler-384,ok,0.00853363381515241,1.0875696535628943,0.0011016946914485632,0.03306626638915223,8.205506579584531
Kepler-385,ok,0.057180589174516835,1.0282149143533712,0.011884464711745195,0.06960181467884102,2.7878134671343746
Kepler-386,ok,0.04493203014753142,1.0332030378036245,0.007980177560723792,0.06445046159262438,5.470182641789952
Kepler-387,ok,0.010864747864612927,0.9657859966143542,0.0013033408559764241,0.0338058179331202,4.722431940889009
Kepler-388,ok,0.015601037228290296,0.947755500817945,0.000928809351021409,0.007903454355132735,2.878437088124998
Kepler-39,ok,0.01372191153490261,0.9407841719795146,0.002059277393110646,0.04494797803826586,10.880848080083947
Kepler-390,ok,0.010395074183060342,0.9463639657083629,0.0007757120333950067,0.012780387945239806,6.9281142129739
Kepler-391,ok,0.003940951769471915,0.9548277620056342,0.0005371969728488804,0.04126606215017725,2.7657142212892527
Kepler-392,ok,0.006600559335267199,0.9272921413090875,0.0003096732001120715,0.00523850525337101,0.980045252858238
Kepler-393,ok,0.008046820268229213,1.113762145407236,0.0013345796138165885,0.05359298012903714,4.558944964000748
Kepler-394,ok,0.02243874303302137,0.9266709049849449,0.0012233694775541331,0.006866977670085479,2.855179667977631
Kepler-396,ok,0.0033558336986317452,1.4298967105872822,0.002101761816052306,0.34124956199695805,10.065020078582592
Kepler-397,ok,0.10754546220130289,0.8841147084461881,0.015943491548169663,0.044657627500741114,4.561059859815782
Kepler-398,ok,0.004736600918731442,0.9303517408229733,0.00032365259608303646,0.010836617865100873,3.725123907724862
Kepler-399,ok,0.023791505705667963,0.9369239162753341,0.002405449854344568,0.022567922489229793,6.276610250636794
Kepler-4,ok,0.0027933977172313156,0.9725698103486348,0.0002188593661228961,0.013041971532336476,4.723658787499689
Kepler-40,ok,0.019633707476922894,0.9312457699927034,0.0009381937834936673,0.005335481225665699,1.8927475969738714
Kepler-400,ok,0.007738091427137217,0.9607727340995658,0.0012937853352128295,0.05690783431325751,4.895603142160343
Kepler-401,ok,0.026470248559812844,4.085038224525298,0.0028191375938283643,0.01882325861356619,7.304255904418722
Kepler-402,ok,0.06153752854957595,7.365494913114275,0.053441824264085294,0.2525582861001855,8.137969827357956
Kepler-403,ok,0.010886182029283329,1.9121905043727974,0.00678051480677183,0.38149915927375994,10.974890537353874
Kepler-404,ok,0.022564464218690215,1.0204536106916644,0.006879538566103684,0.15890080084730282,7.700223963021079
Kepler-405,ok,0.060667454476929616,0.9551818769719713,0.00533854339384538,0.01742840408367199,4.561079966796376
Kepler-406,ok,0.003388903469483922,0.9432738469730672,0.00047309379559924534,0.041732539272624006,8.743043400057807
Kepler-407,ok,0.003820667771533327,0.822176774911574,0.0002764156702750628,0.011838058310025311,0.8675703082807847
Kepler-408,ok,0.0004895371422042568,1.1560298876438162,5.140829186525704e-05,0.020344217834672742,2.3415231968186356
Kepler-409,ok,0.0006181890218657139,1.0711521443579497,0.00012499418547045666,0.07083298382884758,4.738848844498146
Kepler-41,ok,0.016807027205624877,0.9435246535098594,0.0007639985783299744,0.0052236765888315885,2.772680356316595
Kepler-410_A,ok,0.0006939037055118803,1.051273912070489,3.5841765308370304e-05,0.005516798506900616,1.5371032369261195
Kepler-411,ok,0.0041099035080634375,1.5897616600994078,0.0033269109750359584,0.5424702481540851,9.370126650413699
Kepler-412,ok,0.014001877961097836,0.9662568132938509,0.0020179574434792892,0.04061415031041221,11.852121829728
Kepler-413,ok,0.02606195872054913,0.9301421926942595,0.0020031452209624844,0.013066915873298503,10.073241488824976
Kepler-414,ok,0.016272496256401578,2.350410125984227,0.003901481000409849,0.04645758565134774,0.7467993794978888
Kepler-415,ok,0.07524580496828033,0.9079099119095119,0.00550116290507209,0.011710827662226508,2.395726947634971
Kepler-416,ok,0.0271980520251589,1.0506029767308305,0.0033069377994708687,0.03139085223409191,1.8800386360235346
Kepler-417,ok,0.05567597615796903,0.864973730964553,0.007887831770468883,0.040918440263406484,4.722411995143733
Kepler-418,ok,0.029357144534538967,0.913020975939198,0.007039795523350072,0.11668019648933065,3.085304772718779
Kepler-419,ok,0.005139292124056078,0.9673709439211281,0.000386613725713775,0.01315402790764981,9.467621212550808
Kepler-42,ok,0.013417776601763059,0.9515516224918276,0.0007018685261355962,0.005986811527722709,0.7127689831098712
Kepler-421,ok,0.00558966238341296,0.9311639393157021,0.00022599327558561855,0.0038394154491757804,0.38639214536800937
Kepler-422,ok,0.006575958749983139,0.9452645904637432,0.0004647034532521665,0.011525081677266694,11.902403633985353
Kepler-423,ok,0.022431610642546146,1.1499908687362372,0.004760532070389868,0.0724610337585697,10.975738516407331
Kepler-424,ok,0.011412748800936198,0.9220072592261338,0.0004918266984802767,0.0044248044613707386,1.1338711473819718
Kepler-425,ok,0.016506940638215523,0.9210230349779097,0.0007500722785154081,0.0049474074408550886,0.339006881193547
Kepler-426,ok,0.01829484140536489,0.9557640079305991,0.0038877434390691976,0.08828584636556427,4.8874363184961185
Kepler-427,ok,0.018600180316455887,1.0497633604527328,0.006175427268181727,0.1687316851137429,7.276456244868481
Kepler-428,ok,0.026347101884671622,0.9100755669562317,0.0014313050279439043,0.006840627659359261,1.206513627890776
Kepler-43,ok,0.00874745407991192,0.9187502002488203,0.0005386642801175974,0.008908792878671882,4.292194438427504
Kepler-430,ok,0.008573516380932795,0.9433197439280704,0.0007458670620930593,0.01593856963085092,4.722411272239295
Kepler-431,ok,0.002544470648096,0.7183291911104278,0.00019084081682578687,0.013343504790650074,0.9276652257514216
Kepler-432,ok,0.002691971564967379,0.9700304171598029,0.00022922184892859904,0.01679076471703846,5.0629776234124995
Kepler-433,ok,0.023833553964427275,0.9308198178057473,0.0014405882841007286,0.00890994929522379,1.1394276135584926
Kepler-434,ok,0.019808821862017018,2.0235597100254386,0.01817282326185161,0.32198980741959843,10.877020516485466
Kepler-435,ok,0.008318409432472544,0.9372719700946932,0.000456175228474947,0.007077037871870702,5.454781856499916
Kepler-437,ok,0.015311842661145618,0.9359320972310027,0.003023952826905145,0.07383388839075528,6.586282777635151
Kepler-438,ok,0.01040071219017469,0.908601101938027,0.00048480136000554456,0.005163240093783797,2.946501088346515
Kepler-439,ok,0.014894696749657143,0.9551883834421561,0.0015087304682890263,0.02129417846298738,4.895558679729907
Kepler-44,ok,0.023778069246990288,1.0002808677882256,0.0014070333296390132,0.00865659331768879,3.4772900228195764
Kepler-440,ok,0.01690733255780802,0.903912687026292,0.0007808565863153342,0.004830277042988168,0.6717994972152518
Kepler-441,ok,0.022999370892677024,0.9786093397628122,0.0022878704471890965,0.02114522746231379,9.496922674334497
Kepler-442,ok,0.01796172081540536,0.9552541033631063,0.002506868323884605,0.03563046790981208,13.0
Kepler-443,ok,0.05146017287690785,1.0249084782823963,0.008337267410098903,0.05574564723832158,7.70023025506675
Kepler-444,ok,0.0004345980577182823,1.1019978473865648,4.575797125018224e-05,0.0217190192924456,4.577307562504833
Kepler-445,ok,0.0734089692091455,0.9153390287981003,0.0031409118348109818,0.004497920833802067,2.7002304420417493
Kepler-446,ok,0.04148103155465291,0.9065502071173165,0.00193168688123713,0.005165337233140137,3.3690021450592433
Kepler-447,ok,0.0037845051032318077,1.1883244007135907,0.001990524278698963,0.28001967400767486,3.290378159337525
Kepler-449,ok,0.0025116799956085784,1.187528758965585,0.0009502848934823164,0.23890492457854312,5.912323190667295
Kepler-45,ok,0.05246164145768194,0.9444213994781843,0.0031043639700732146,0.008514093211486277,2.886207705100457
Kepler-450,ok,0.0021484847814706286,0.990207698577152,0.0001694489193763468,0.014415952443394425,6.453645515004503
Kepler-452,ok,0.0062356851313611125,0.9279834420951665,0.0007888796295568737,0.03467826739022474,2.81978433907047
Kepler-453,ok,0.006887610298928086,1.0971792051279012,0.002948051842313419,0.1397393244994317,6.604009132224398
Kepler-454,ok,0.0021269794314820916,0.9840180142701126,0.00022640629507147316,0.024572450578780176,1.6232933938745828
Kepler-46,ok,0.030663933000470673,0.940573966517489,0.0022718025618969477,0.012390535089154976,6.92812268840687
Kepler-461,ok,0.006777770901440965,1.0051047558233124,0.0020558481927779354,0.14243521274207335,8.20564008179492
Kepler-462,ok,0.0024322601808008672,0.9779271117186887,0.00017273224536525466,0.011805179078369693,4.285029276977892
Kepler-463,ok,0.0048837341919931825,0.9410841446862339,0.0003741925739584704,0.013623284569283568,11.846396445132807
Kepler-464,ok,0.003757878569714559,0.9451079047151925,0.00041169253525603086,0.02736966476324701,6.2766249709940585
Kepler-465,ok,0.003962963276741864,0.9891149569004162,0.001027639523400923,0.1199703567114789,4.72244307535625
Kepler-466,ok,0.00422175497731233,0.9522408353365827,0.00024029213392668482,0.008017659705609081,3.78226533184419
Kepler-467,ok,0.0031656922115699026,0.9644102360042034,0.0002593337913245591,0.014805454131595848,2.1089884595817843
Kepler-468,ok,0.00838934269571438,0.999472961541018,0.0018500407930199553,0.07693740403290075,10.975731072678599
Kepler-47,ok,0.032567769482146514,0.9560535991601331,0.005419232323800203,0.04632620941662781,7.747586579445274
Kepler-471,ok,0.011335894218983301,0.9312186797487809,0.0006441627084725273,0.007714108299373325,4.548154879935389
Kepler-472,ok,0.012215544623653752,1.0134852400632732,0.0010285237750601842,0.016048349445936607,8.730593010439826
Kepler-473,ok,0.00573918340311026,0.9740259150091888,0.0006482108785659719,0.029651806930414047,8.743067765403964
Kepler-474,ok,0.007486596390482503,0.9203484410590745,0.0006200179837806317,0.014965065868685325,6.58630308833707
Kepler-475,ok,0.005577620717801577,0.9561981910014353,0.0003688554568230458,0.009939012981221507,8.369301250782135
Kepler-476,ok,0.00970228394629074,0.8823984726103203,0.0004877378208950984,0.005599256337726497,2.215034511889063
Kepler-477,ok,0.022934108726088153,1.2054047660827043,0.007674529853002428,0.14812804913346103,6.2767412219938885
Kepler-479,ok,0.007688966589534461,0.9255652870798515,0.0007350511371965333,0.019884031593175134,5.060683860593987
Kepler-48,ok,0.0069547479094412435,0.9434957049467093,0.0006127106301098052,0.017453920455681546,5.492470345380835
Kepler-480,ok,0.012399462339164391,1.019454781511997,0.000904711287213765,0.04741008093365692,7.730525926188829
Kepler-481,ok,0.010059427811286993,1.0170166739989919,0.0018129084014557421,0.05878315681148802,4.561116083144588
Kepler-482,ok,0.007029561017469072,0.9203515137170054,0.0002493715841173739,0.0029600586824139923,1.0786589430668814
Kepler-483,ok,0.0070790601640181895,0.9379869048342689,0.0008287413740741098,0.029354234912428296,9.355770712993424
Kepler-484,ok,0.004745174388227511,0.9860980953899768,0.0009860777441637733,0.07663783078969315,8.897522512022363
Kepler-485,ok,0.019612158110925745,0.9393560810043753,0.0007477663609062334,0.0036135202952255296,4.397675472731427
Kepler-487,ok,0.030773994954533326,0.9524471198627982,0.0015789531899089925,0.0061366731087369964,5.273481588707169
Kepler-489,ok,0.011022670092908552,0.9822066485125673,0.0009591716927738627,0.016694750207872307,10.060853115858936
Kepler-49,ok,0.022210447028183738,0.9289190876954126,0.002012274235162115,0.01846769671748378,8.205644033648976
Kepler-490,ok,0.029243588435957417,1.0061671651600508,0.002812276176724198,0.01927496584004378,6.453644946178216
Kepler-491,ok,0.00928091962918163,0.9220225812312973,0.00047403510578673466,0.006157954692908699,1.2833958776312617
Kepler-493,ok,0.04796063946590991,0.9694009886192685,0.005073219045897894,0.02656268742121409,3.0055578362883386
Kepler-495,ok,0.014647130349015299,0.9205378477541644,0.001235052347251046,0.01627835915999121,1.0611928937954964
Kepler-496,ok,0.022825763109959055,0.9695819091741597,0.0014674879224149907,0.00987761817143464,3.0756536922634474
Kepler-499,ok,0.015364578778272249,0.8988987222694984,0.0024364040173273454,0.050122484883057254,6.58629183016165
Kepler-5,ok,0.0060593978310411805,0.9385568524160641,0.0002547850610258172,0.00428843752552255,0.582047895556634
Kepler-50,ok,0.0011112413816303627,0.9412848569326193,6.52199668943569e-05,0.00814912774250548,7.312227566500536
Kepler-500,ok,0.015498593507715227,0.8804161249078455,0.0008252717685085373,0.006196670104004501,3.5820039848878173
Kepler-501,ok,0.02479147367203376,0.949446599048778,0.001884388004027349,0.01295952934958024,3.7769455617628234
Kepler-502,ok,0.02053048492150759,0.9643799937549293,0.0018398921258740706,0.01859831832708482,10.05387322282581
Kepler-504,ok,0.011665914429057145,1.011390872213451,0.0009080347389060127,0.014169732322475892,3.215329056256829
Kepler-505,ok,0.021109690586447034,1.0511018597861368,0.012785504010111595,0.48381061099131323,1.1052322732567657
Kepler-506,ok,0.0012976007519258648,0.9936027820450618,0.00025671508468434956,0.07791182540651098,3.9287603674922367
Kepler-507,ok,0.003050896339646484,1.1224221549846847,0.0005386799166123085,0.0659186454345544,5.068457978171088
Kepler-508,ok,0.002232495206895733,1.0011149454506099,0.0001017947958365095,0.005012953767934648,4.91227159691686
Kepler-509,ok,0.0024263123988225036,0.9927021165175831,0.0005044017974632248,0.08431566262152163,7.481046396810833
Kepler-51,ok,0.023735491387109457,0.9770327072447401,0.0026076751548218652,0.024994661891376897,8.222168446227121
Kepler-510,ok,0.0023128730113198587,0.9526883900589715,0.00022152247940599083,0.021407157487935476,5.912297922320794
Kepler-511,ok,0.0036982689387844896,0.9560235606489978,0.000332263109284384,0.018218594031179838,4.517498567233331
Kepler-512,ok,0.004439685105139284,1.0191976089847188,0.0005237655632491131,0.030614560266484327,2.7002325257892488
Kepler-513,ok,0.004368894044021284,0.962690514944836,0.0002822855191380044,0.009388445969367476,1.0611934171346111
Kepler-514,ok,0.0031295972998076575,0.9695234064832412,0.0005286900407367371,0.05851154147130806,4.723660861999579
Kepler-515,ok,0.0059360267353801,0.9886786281848448,0.0010600867626667737,0.061483748710979495,7.481049494740914
Kepler-516,ok,0.0031344889346028968,0.9830446019966764,0.0003106922116017983,0.023283510910089903,5.269445741631814
Kepler-517,ok,0.0028840984059859795,0.9782703937469754,0.00012378711439398526,0.004485778166624778,0.8682483785762234
Kepler-518,ok,0.00342937523856196,0.9573713455310657,0.0005285446314057139,0.050603089020507544,8.897529702843801
Kepler-519,ok,0.004604492153507262,0.9941469097813955,0.0011117869045844146,0.09653981144422948,13.0
Kepler-52,ok,0.017591963428804265,0.9440107810492511,0.0016489923876182682,0.018251183545654723,3.7172490597558645
Kepler-520,ok,0.00485454730517643,0.9049720533769543,0.0003895796791478139,0.014003975505332,3.680776334697355
Kepler-521,ok,0.0057530379261640716,0.9486795385299961,0.0008615442953810322,0.04975456935422863,3.3995612040513565
Kepler-522,ok,0.003052870484905667,1.0204551757357798,0.0010762550694695453,0.2061816249037188,4.570482640764945
Kepler-523,ok,0.005174153927721329,1.3985047152802896,0.003270629906583586,0.3554814797348776,3.7251012621499573
Kepler-524,ok,0.009210916918567014,0.9452144074751854,0.0007699499349003595,0.016095445820790345,4.895575737454488
Kepler-525,ok,0.007396100402181687,0.9572328307502634,0.00028881140600432937,0.003791384018014241,1.3813228891156315
Kepler-526,ok,0.005021294857623806,0.9487239538279402,0.0001789110878892963,0.003065546194240904,3.3043913947307924
Kepler-527,ok,0.005779192215968867,0.9272134361711557,0.000826225550750472,0.04077108092740054,4.722419161387543
Kepler-528,ok,0.01599978379739395,1.0188098759035384,0.000954519914892431,0.008085614228020276,2.437147662611714
Kepler-529,ok,0.009663325780852638,0.9734231990927802,0.0015126942881695427,0.05130736899880492,4.722436306161285
Kepler-53,ok,0.036310282401847846,0.9414581887980993,0.005018635439458419,0.0405469235499359,9.355775685176404
Kepler-530,ok,0.005844620437407363,0.9507637629912786,0.0003974620549444937,0.010541141784198947,6.276667512265355
Kepler-531,ok,0.005142258678317437,0.982646708304362,0.0004908303122080493,0.01897200118602923,4.570514962178476
Kepler-532,ok,0.007016423786756775,0.9880782197896082,0.0015188659539191497,0.09760145452333183,5.2693943871717055
Kepler-533,ok,0.007840205992022014,0.9600700512097532,0.001636308379048139,0.07699706975647619,6.586294307022105
Kepler-534,ok,0.006119154607204746,0.9638840847227291,0.00037513187483974027,0.009077971744983496,5.283053083411238
Kepler-535,ok,0.012075964204154221,1.2478926476007328,0.0028534687514547106,0.0874965983862898,4.5610542270323275
Kepler-536,ok,0.008277322859394046,0.9373788971235268,0.0006202309978646719,0.012290148203408527,2.7095631800935274
Kepler-537,ok,0.005137043088895521,1.0067694692668134,0.0007677847659448557,0.046441521549191754,9.35572866151772
Kepler-538,ok,0.0015502092316319925,0.9992595834632116,0.0001297696036765937,0.015470931083612055,3.5023839414778877
Kepler-539,ok,0.00479461241281554,1.0910713226506181,0.0016631099713782784,0.1637514720863954,5.723163605322787
Kepler-54,ok,0.03778177727388831,0.9479512236210714,0.0020952827954421123,0.0070443634968168165,2.047736389718515
Kepler-540,ok,0.002773951302167926,0.9487188437948203,0.00014032324163377883,0.005924720365450966,8.897542600439742
Kepler-541,ok,0.007244850361243969,0.9217313359611284,0.0004472570448164868,0.008820138039691453,4.895591699711187
Kepler-542,ok,0.006505979577642087,0.9619242808453607,0.0007849563983649316,0.030735895586936596,6.92482986261772
Kepler-543,ok,0.005873786582317056,0.983503334133415,0.0024342823944777307,0.27845514393428356,10.182917640857193
Kepler-544,ok,0.011351676278869965,1.0715668059443912,0.003562349157931269,0.10380006055827759,3.629233221594573
Kepler-546,ok,0.011753046243284163,0.9340726249348902,0.00048747337771120735,0.004091002160677545,3.4514877592209365
Kepler-547,ok,0.01575954393088743,1.0427722757407571,0.0010972735418767283,0.011093837624443074,2.570437585675308
Kepler-548,ok,0.031039912574141987,0.9347929992589487,0.0011008349615348884,0.0033238722964800335,0.2978710123952448
Kepler-549,ok,0.01638034845862109,0.9455107126343503,0.0008236500769887291,0.006049916965737655,2.968133564725078
Kepler-55,ok,0.03433785730797719,0.9354914887150796,0.0018810995998146253,0.0067215983489910605,2.045370928185738
Kepler-550,ok,0.013782054958967036,0.9390368505215753,0.0005152420480766711,0.003366184918248634,0.3068091129667089
Kepler-551,ok,0.01269063405149698,0.9376864930133612,0.0006054140746439481,0.005571171638698645,1.8835594280655115
Kepler-552,ok,0.012337894944390668,1.0133201880561202,0.004387834183250452,0.16433255616124431,4.722419232884858
Kepler-553,ok,0.021218664124561065,0.9496243669582084,0.0010899861623328154,0.006306138993364672,8.782883986857852
Kepler-554,ok,0.013191502420818872,0.9710233517733061,0.0011121458181760902,0.015833270851731533,4.895576441424372
Kepler-555,ok,0.013039897364053052,0.9605147875199193,0.0016967317740663947,0.03553327304993292,8.17641011812301
Kepler-557,ok,0.01882712077394114,0.9454566670361879,0.002808452398362843,0.04401229118736877,3.246422975438156
Kepler-558,ok,0.019552698183471055,0.9224144306790303,0.0012802538876178174,0.009373671541283142,0.9800407341243564
Kepler-559,ok,0.022735601762388827,0.9719085060144584,0.0030698682946645713,0.039763356970915396,4.6697481682031325
Kepler-56,ok,0.0030530010733473066,0.9618563697794502,0.0001315999148390048,0.004516273667094084,0.7752495426173934
Kepler-560,ok,0.03530306444630348,1.4188201407422947,0.008999996338244018,0.08804837482540369,11.841809936653569
Kepler-561,ok,0.014388026778851789,0.887333089061549,0.0011252492237101876,0.01381409523784818,2.823241743030723
Kepler-562,ok,0.0198906718341272,1.0079968540726656,0.002000649392845808,0.022868342629764067,11.83622871700155
Kepler-564,ok,0.01838406876819931,1.0004223379169932,0.003577802724004109,0.07709345906177302,8.196393654222238
Kepler-566,ok,0.02319691367458527,1.0734471737869327,0.005320064443516186,0.09185849090165628,2.7030217643268224
Kepler-567,ok,0.018143779281933305,0.9340662977727405,0.00268036541625789,0.04674364116018337,6.928086014472986
Kepler-568,ok,0.007631556720155277,0.957738019194512,0.00027259768336305643,0.0030235654033132675,0.5333237464094273
Kepler-569,ok,0.012267188490073343,0.9744796112916602,0.002444309044234755,0.07254567992406064,4.895622196719415
Kepler-57,ok,0.021937312206927774,0.8733938577448946,0.0023034642138473663,0.02246734700791645,13.0
Kepler-570,ok,0.012712352122856726,0.9677099163122258,0.0015794285747248384,0.03390042708447911,7.730481898655741
Kepler-571,ok,0.020594554220402315,1.001130678910122,0.005253908250154629,0.11658892421232236,4.561087464488297
Kepler-572,ok,0.014705210278847197,1.0262594323418224,0.0046234942947710935,0.12775106549497672,6.928108063324027
Kepler-573,ok,0.009799559123418405,0.9605182490872829,0.0006718548730011771,0.010899264321072058,4.722420869882834
Kepler-574,ok,0.014506365665067085,0.9711971009219498,0.0024647050766469928,0.06422674655488617,8.737899117156017
Kepler-575,ok,0.017467157244692888,0.9767572923688188,0.0017597076370012724,0.02285430635604941,3.488437388177739
Kepler-576,ok,0.10492448149889834,4.170750113363792,0.1302756122862082,0.48140153470645114,4.887456885515105
Kepler-577,ok,0.030980817054656898,0.9348754366959233,0.0033272411856663142,0.025618300123516013,3.6292355163724905
Kepler-578,ok,0.012558820594922733,0.983549036291665,0.0031223555501913953,0.11265686150313022,9.355782366658335
Kepler-579,ok,0.024152095045316135,1.0208608726479316,0.003683573728838551,0.04559055623520716,3.6292364448852568
Kepler-58,ok,0.041595779910130914,0.980511458815054,0.012881848260284554,0.15238254086339487,10.877154366186936
Kepler-580,ok,0.018743104140017904,0.9207006652465295,0.0008410693042363799,0.0049161988419609455,0.9938576224725925
Kepler-581,ok,0.02706791811268931,0.8961099428340495,0.002888359749126135,0.02443588589126445,4.561062555877879
Kepler-583,ok,0.01826350381156877,0.9714262672790502,0.0016592132997723789,0.017873096766228544,4.722378554398433
Kepler-584,ok,0.02908220935690821,1.0845916966609894,0.008810742976770964,0.1371319529206362,4.69345640365853
Kepler-585,ok,0.010335976889495207,0.9860276883859621,0.002879556908691891,0.13375933877049948,4.7171169250979315
Kepler-586,ok,0.01504897579580597,0.8992066874758373,0.0011447936998232342,0.012635427173880925,2.0771784142428658
Kepler-587,ok,0.019960848368888656,0.9699309549932753,0.0019735861848088477,0.0210506423301734,13.0
Kepler-588,ok,0.016741626937903743,0.9863650525029596,0.003114561191375959,0.06814399085914856,3.6553710323225217
Kepler-589,ok,0.013495268812164984,0.9278232207175129,0.0006020480604509398,0.004601672789305697,3.0094017175880015
Kepler-59,ok,0.013682503763449828,0.975827561904327,0.001847968470718094,0.03337081880474784,10.880868693302126
Kepler-591,ok,0.013700799202921944,0.9225881055026748,0.00191779084621669,0.04062938727828299,4.895613687753632
Kepler-592,ok,0.016181552943637503,0.9829872501186296,0.0025692924627915264,0.05337938525401399,5.252844097776702
Kepler-593,ok,0.01756155129780793,0.9214436270920897,0.002430557502714684,0.03912376625473921,2.045348719569112
Kepler-594,ok,0.019756589939342446,0.9972532134290868,0.0030444330703365535,0.04656634889410815,2.7447737800701075
Kepler-595,ok,0.016901753127749563,0.9835677020924121,0.0027975362134266667,0.05456422160171439,4.517384012824028
Kepler-596,ok,0.012171362823411217,0.9918774620695956,0.0015967636954854932,0.035442159361550735,2.828295055296863
Kepler-597,ok,0.016861547681325653,1.01785234621095,0.0014196225088415081,0.015516387947655422,4.723684655644269
Kepler-598,ok,0.028859732840278794,0.9434199636573766,0.0018571188240505017,0.009862885734402832,3.324431574201634
Kepler-599,ok,0.0178332369518027,0.9106377140068695,0.0018667583276100502,0.023789790780978263,0.7752423536181842
Kepler-6,ok,0.005349881434532159,0.9569842913069482,0.00025454299287117245,0.005571837897631839,3.570699093809861
Kepler-60,ok,0.009566278639176985,0.9506604306427324,0.0009447034400989197,0.0221250151973323,9.35386845643693
Kepler-600,ok,0.01868155621310867,0.9170395782415939,0.0013079051829975497,0.011367786649517165,13.0
Kepler-601,ok,0.009035065943540067,0.9707008266359104,0.000477560229165563,0.006915779629038778,6.9280686161150165
Kepler-602,ok,0.020804810927532825,0.868259090827068,0.0011226671764303486,0.0067099899817581726,11.846400636792866
Kepler-603,ok,0.023944791714051807,0.8447498400844727,0.0011741763719752961,0.005354369502410839,1.6841151868306152
Kepler-604,ok,0.03100878641738888,1.640870248912132,0.03004471731820793,0.8135796635102379,0.30100864556702644
Kepler-605,ok,0.018517940494235073,0.9962565697717268,0.004158632880958863,0.0875142463008862,4.8956146937667855
Kepler-606,ok,0.034188810095857794,1.0311528493441247,0.006595162473593256,0.07040912590505954,5.072487420616755
Kepler-607,ok,0.013216087951269672,0.9384432378386218,0.000971198457372912,0.011953365451451417,3.629223819168796
Kepler-608,ok,0.021790428949070524,0.966928865683094,0.0015096317062277336,0.011227213793902315,2.245914400647159
Kepler-609,ok,0.019574040245830787,0.9468305763944357,0.0010751575563876154,0.00703217074277803,8.196375094657615
Kepler-61,ok,0.022609195006426202,0.9447026568966357,0.0015232095436677523,0.009869212281612279,3.8872552986761946
Kepler-610,ok,0.01587068682532296,0.985289822967445,0.0027080305998177616,0.06378415921713697,10.053880104236331
Kepler-611,ok,0.015526861732628267,0.9534503497656941,0.0021254223551515025,0.03848950593439543,11.846412746495146
Kepler-613,ok,0.01452944882883055,0.9505903186966307,0.001287033323045363,0.01769131887180828,3.1582636501663823
Kepler-614,ok,0.01713813468449554,0.9671571901626035,0.003368294780990411,0.07488941023573581,6.928084021708795
Kepler-615,ok,0.010918354977065586,0.9619511005645294,0.001150457975602049,0.02487198335051461,11.846389456009716
Kepler-616,ok,0.02135073203334223,0.9917778917701897,0.0025688264210035616,0.03261090611882167,7.297551543299358
Kepler-617,ok,0.010782837229930502,0.932785553971407,0.0006319101392093129,0.007957006962399357,3.629202395045757
Kepler-618,ok,0.018471597618283906,1.0070453250524438,0.004136089819243404,0.10501312453861693,4.866188297026615
Kepler-619,ok,0.021629373430600656,1.0474304459606056,0.005494155900360783,0.09489302153387524,13.0
Kepler-62,ok,0.006901369787767924,0.9366676997768775,0.0005756196577095877,0.015807912991957607,5.053718170264711
Kepler-620,ok,0.022682265337308882,0.9780820352489583,0.0019331132608341307,0.017057238470719063,4.451130560009095
Kepler-621,ok,0.0185561035678015,0.9542549125322788,0.0017739967655179744,0.02023704543623407,4.410396445776175
Kepler-622,ok,0.014575435455910028,0.9612142837916507,0.0008260012926841517,0.0074064557161500205,0.8156078583003282
Kepler-623,ok,0.0218546122211091,0.9833494450915073,0.0016098735083552693,0.012747866184626548,5.727368308902177
Kepler-624,ok,0.009011292804729325,0.9438678138797661,0.00035741977430017274,0.0037512733251160954,0.3770952859309159
Kepler-625,ok,0.013493822984482708,1.1608006797550414,0.0022285661085388164,0.04441326067552157,9.449408677256523
Kepler-626,ok,0.008970674025072078,0.9699761419537754,0.001005086188373231,0.02864880411684147,6.586322014581561
Kepler-627,ok,0.012956881447218275,0.9700820553372341,0.003024758353530806,0.10560995787690439,9.355770594886586
Kepler-629,ok,0.0055436170280985355,0.9855346278975283,0.0009518354162025875,0.06206718294819279,6.928124722781377
Kepler-63,ok,0.009303892743764797,4.816832565889601,0.009566512887631318,0.9426572049859183,5.5181657635790815
Kepler-630,ok,0.010043028864401261,0.9178564339637507,0.0004144080691082997,0.003997647742402465,1.7880145901186926
Kepler-631,ok,0.009519908953102313,0.8986669007877358,0.0004937870752810341,0.005809854310764073,3.0852962479385546
Kepler-632,ok,0.006833715995677188,0.9119017098875666,0.0003732676108051612,0.007098072705319961,3.3151461101176665
Kepler-633,ok,0.010723860962262872,0.9524381393135969,0.0005761133596592632,0.006840549070337317,11.902418470806689
Kepler-634,ok,0.00766908018071031,0.9525002647589819,0.0007257051098608201,0.02127817809328416,4.72242366991473
Kepler-635,ok,0.005953465189831435,0.9664085397038593,0.0006186049243018384,0.02408874118877226,11.846409450023941
Kepler-636,ok,0.016710257742710444,1.0083864192334508,0.002968217254907152,0.05746961262065814,5.977937040280212
Kepler-637,ok,0.007388470996775535,0.9317920133770172,0.0006581509563866814,0.018268052214130612,3.399582648917702
Kepler-638,ok,0.0065369446579811325,0.9593871875044421,0.0004979455500256014,0.013150546726379863,3.53811832999781
Kepler-639,ok,0.006327648595303929,0.9235445228982928,0.00034067443055628595,0.006900234432127487,6.5863053676130345
Kepler-640,ok,0.009960629576028267,0.8643234891664912,0.0006758978229572026,0.010219019539692764,10.880851178462196
Kepler-641,ok,0.0103168985996191,0.947528069123902,0.00073418743596858,0.011970471917222973,5.081961172892356
Kepler-642,ok,0.016144154888855327,0.9667823147561171,0.0007284321110354713,0.021563068964455204,4.01274282359154
Kepler-643,ok,0.007892638766274787,0.9494358905604187,0.0010723613800590938,0.03898384251881472,3.5820227936336098
Kepler-644,ok,0.06775377466808151,1.5588163687546195,0.02076443414828448,0.17572681053674818,4.137066398516922
Kepler-645,ok,0.01261070643408541,0.9657345256893202,0.002343782670600756,0.06765785527939115,4.722424211261654
Kepler-646,ok,0.00855322823765323,0.9536733913057904,0.0006597626327631849,0.013425005912901581,0.9223386666865733
Kepler-647,ok,0.010185125022006889,0.9561983117639462,0.0012099104925663688,0.03027016078826653,6.586332391646869
Kepler-648,ok,0.008526243265838446,0.9829927667570342,0.0011181550517348707,0.03446209586925942,13.0
Kepler-649,ok,0.0065149075698823,0.9631726421585916,0.00119925471520799,0.06648678559606017,13.0
Kepler-65,ok,0.0015095062325956943,1.018210760402466,0.00018984801885540812,0.034519999556966385,9.370115202759347
Kepler-650,ok,0.01462910053061728,0.9456214914187642,0.0018768428996860343,0.035367275948185804,3.576555006884201
Kepler-651,ok,0.010469605224625202,0.9906406338319362,0.002546047360330899,0.10340834375595927,4.561088127465081
Kepler-652,ok,0.013669858355242911,1.2984651932785083,0.005360492658903552,0.18762037216669744,4.561131700745325
Kepler-653,ok,0.005711230762073183,0.9759565303706874,0.0006093566879115626,0.025530632816455033,3.315123227278408
Kepler-654,ok,0.00848335022015284,0.9387683800425316,0.000494928816092981,0.008309688294651172,10.880847666294521
Kepler-655,ok,0.007826358767250343,0.9553407315813122,0.00122981049386058,0.05352373382152781,6.586281928618229
Kepler-656,ok,0.03205580260391993,1.0012360483442924,0.0035784130797645035,0.02719369584769309,5.706260965124563
Kepler-657,ok,0.03881433786405884,1.0120940801561509,0.003386422261831804,0.01643784574916037,1.499566639963024
Kepler-658,ok,0.022552630057194004,0.9773241453455226,0.00349499605219188,0.04581409362495271,2.0598921798777616
Kepler-659,ok,0.039890505500361946,1.1367942691080573,0.009545676435177775,0.09647631242650952,11.83622552086682
Kepler-660,ok,0.030363273944207705,0.988121181138545,0.0030818781279029414,0.022866498654350944,13.0
Kepler-661,ok,0.03857186146797624,0.9747144149001451,0.006501361610675034,0.05593731629583947,6.896874118210598
Kepler-662,ok,0.035556467824274664,1.0269051688094273,0.0035062042102738723,0.021423083803771725,2.3126851489643108
Kepler-663,ok,0.07214472563863451,0.9278554359232675,0.004747832444310939,0.01050270463676551,3.618331569906112
Kepler-664,ok,0.03685423020187084,1.0111008281423957,0.004727242249211991,0.03557575300032443,5.252854530149619
Kepler-665,ok,0.03089644410348998,0.9262113700217948,0.0010963349811110757,0.002812389147130188,0.5699110115618199
Kepler-666,ok,0.03679944299408213,0.9300513768935679,0.004224933976172361,0.029729854192749934,0.28061790025770916
Kepler-667,ok,0.039240057747505774,0.9339210558919635,0.003431805375538813,0.016320993000807398,8.247781651578936
Kepler-668,ok,0.025590309872903675,0.9636648897383441,0.00346528889265063,0.03778764565838421,5.052126959877793
Kepler-669,ok,0.03418038825098109,0.9790313851850042,0.00419133419288278,0.025201145138064786,0.7467040260809126
Kepler-670,ok,0.026752896285553347,0.91154542134153,0.001084053669489617,0.003989803540247811,0.23228162437985
Kepler-671,ok,0.03530790466644868,1.0864078793061542,0.019855598817269685,0.4669401483784853,3.6727186567942987
Kepler-672,ok,0.023065566605631093,0.9613383068861732,0.001415850171965006,0.009257938660046162,10.05388148712092
Kepler-673,ok,0.036847712991890866,0.9943096096221818,0.0033566820887985242,0.018732976221851074,5.052144273877623
Kepler-674,ok,0.01569726072482753,0.9319812667915328,0.0006940165899744628,0.004451062415974128,0.5110615187275821
Kepler-675,ok,0.03889913775257262,0.981709152555465,0.005434314322375026,0.039192986170667056,4.9382432477001545
Kepler-676,ok,0.04110805142892533,1.013168407585907,0.0039011615487293916,0.021088726106388955,3.7008457679753834
Kepler-677,ok,0.051117871513701,1.1038267526940804,0.017309895456521392,0.13828212159571676,4.382331338881554
Kepler-678,ok,0.027073914636018766,1.2200885244281312,0.006525668935687651,0.08628910608306352,8.783027078279588
Kepler-679,ok,0.043140960356395454,0.9316870120984192,0.002087470708780119,0.005573667386569896,4.602455901654265
Kepler-68,ok,0.0008653499148507975,1.0684384359082937,4.468741040181003e-05,0.005935337416884965,0.3369842072240543
Kepler-680,ok,0.04800634255694513,0.9999069746850971,0.005183602532571111,0.026321757475386367,13.0
Kepler-681,ok,0.033478912466398614,1.0419869812050808,0.013202022790112788,0.19543710891261465,11.852106760546432
Kepler-682,ok,0.029131534390171448,0.96168431147727,0.006440573008993985,0.08989971212081005,7.747505217551607
Kepler-683,ok,0.023053803237869933,0.9577440286545567,0.001243044410135257,0.006915062053554579,8.20564962539114
Kepler-684,ok,0.043479792323328346,0.9491462935276822,0.004611472603580674,0.025555959395491514,4.722427006553961
Kepler-685,ok,0.036938392154414496,0.9213499480816355,0.009993853154837137,0.13462287483437255,5.062980228121352
Kepler-686,ok,0.045821384745722206,0.9261249508090204,0.004660694087480239,0.0232220222513745,1.0532634066512967
Kepler-687,ok,0.029874315336618135,0.9846082210126257,0.003726222464709164,0.031163111828032705,7.276461957415875
Kepler-688,ok,0.06629393655283591,0.9782780740302274,0.012062604123293661,0.057973901054659285,3.629235318834023
Kepler-69,ok,0.009951128339526782,0.9177091915824868,0.0007366680722058561,0.012520795791455305,4.56106812282386
Kepler-691,ok,0.03967313320489006,0.9991343823504857,0.0036303026481157076,0.016904880286255627,5.252857678571652
Kepler-693,ok,0.058957742602151385,0.9588524356187994,0.004315064603493588,0.012766532555759085,8.2056011548962
Kepler-694,ok,0.030106440022391497,0.9646622719459143,0.002092891171046893,0.011546153509367277,4.0042638049058095
Kepler-695,ok,0.04420513203957569,1.0262754587733995,0.0029363783918657624,0.01008519945330039,0.2750835144021939
Kepler-696,ok,0.043096456283788595,1.000083168385402,0.003462838559218166,0.014821276032379744,4.395848132518702
Kepler-697,ok,0.034491946187561656,0.9520652729427467,0.003304736234566882,0.018560143071436067,4.7186175004237585
Kepler-698,ok,0.04828279107956044,1.0226710264941825,0.007009149212687213,0.04121800825201781,7.2764580091936
Kepler-7,ok,0.004241359899860969,0.9624917227724568,0.00023847319783089143,0.007133531399482414,1.1665748022858708
Kepler-700,ok,0.0367907266799174,1.0508993253656385,0.010972800621240956,0.13434582794512134,4.532555649117008
Kepler-701,ok,0.02552386739212446,1.0198065701657595,0.004794952582293294,0.06773889124547441,13.0
Kepler-702,ok,0.03940837129979298,0.9539972297070771,0.0016045703227442452,0.004120575885874801,3.0085316851493658
Kepler-703,ok,0.04364808262238672,0.9517158133405771,0.005448624104081019,0.034593177451060116,0.2437838826035721
Kepler-704,ok,0.0265424600345379,0.9676346936989955,0.0029812344658231597,0.02838325002077219,5.283027548096217
Kepler-705,ok,0.06369439249880857,1.0037457534574958,0.007799634514903819,0.030182040638022774,5.706267571718953
Kepler-707,ok,0.02748210277463389,1.0023060101380699,0.004604642126645778,0.05439531264533157,13.0
Kepler-709,ok,0.025471568792377063,0.9415187799633838,0.001352300145225991,0.00656678938982455,5.273471263681513
Kepler-710,ok,0.026422359347913343,0.971504478787717,0.002106528201464352,0.014635243426450176,5.491044115083357
Kepler-711,ok,0.03833936540628413,0.9572108234452823,0.001708396386910246,0.004739599715939144,0.30934356859918155
Kepler-713,ok,0.02321160363998109,0.9744304762993372,0.0015398214984642911,0.00964790514759835,2.942033062109681
Kepler-714,ok,0.033073919705136984,0.9176686009332067,0.0017937839798639217,0.00699035720295113,3.7250958182058618
Kepler-715,ok,0.02455864237995465,0.9817705431321044,0.002159753637057581,0.01762697572251564,4.41034427149918
Kepler-716,ok,0.029151617429856575,0.9854307746657588,0.002379652212007272,0.013399128406125149,9.33042736367468
Kepler-718,ok,0.0799303809346756,0.9312813906527024,0.0029478972245365375,0.003308181801076834,1.2876521641366123
Kepler-719,ok,0.0635550741721168,0.933379692933703,0.0024734754728628822,0.0036615561521799057,0.7125551891315088
Kepler-720,ok,0.03188250937965185,0.9300251509934158,0.001353241722359077,0.004592490372692085,0.314058052602422
Kepler-721,ok,0.03172346875930595,0.9491663338392505,0.001187488366497512,0.0033823351562754936,0.24912658955996478
Kepler-723,ok,0.02371831607875672,0.9191240049194117,0.0018136300081989679,0.013212915746541308,2.9465111067126086
Kepler-724,ok,0.026266682719985363,0.9973296257963549,0.004965737321087433,0.0699354915409258,9.347738154908436
Kepler-725,ok,0.020999952950401413,0.96659365612127,0.0009730563584408321,0.005115548314613284,3.6923768163231734
Kepler-726,ok,0.021763373727668442,0.9608662729196754,0.0020942015912424937,0.020540966141112452,10.053876113319644
Kepler-727,ok,0.029384826645134393,0.9778900252030343,0.002180463640385448,0.012671819150194573,4.88626675202392
Kepler-729,ok,0.04388345331361002,1.0317615492958152,0.010321362217521949,0.09419983443341896,8.71537891992589
Kepler-730,ok,0.0443656650365597,0.9633067302431016,0.016855511530200144,0.24823927831531958,5.912292187645719
Kepler-731,ok,0.043153493537345676,0.9470462348370948,0.0022735662217453047,0.0064801235935778275,1.1523943022604648
Kepler-732,ok,0.012788910251952692,0.9106874157110739,0.0006005511868850733,0.004958219994761993,3.4514915813447664
Kepler-733,ok,0.03500784969845067,0.9874982862941621,0.003928832004650766,0.027884718848558556,9.34773827414376
Kepler-734,ok,0.015281526695288629,0.9391208979711969,0.0017849480404038994,0.031546943661949454,4.722398389279854
Kepler-735,ok,0.027769568229613094,1.011664850753099,0.011338614594845694,0.27189166434832307,0.26647433642773005
Kepler-736,ok,0.03913702107792759,0.9786959541545448,0.005800092336689295,0.0455224683177095,5.252843166081681
Kepler-737,ok,0.01846534809586544,0.8951201769432483,0.0007932768740499586,0.004225237340034739,0.31515716376672387
Kepler-738,ok,0.041326501876318464,1.0088225186688053,0.006347457593173561,0.0512228167653364,10.863695503858201
Kepler-739,ok,0.0414862617056987,0.9895529413050655,0.003480576310691748,0.015764110659934272,2.486667001038348
Kepler-74,ok,0.016827431764718657,0.9337616011976939,0.0017604756294018382,0.025198899195574463,3.7251293989801884
Kepler-740,ok,0.05107163554786559,1.1075774757888168,0.02246444674971563,0.2118812561708073,4.6934490408992575
Kepler-741,ok,0.02735633033699701,1.013955234640907,0.004422942171775792,0.05259245419762897,11.836227830088488
Kepler-742,ok,0.018775166808118273,0.9712760564973204,0.002371740734472187,0.03181889198283595,5.703048440576303
Kepler-743,ok,0.003150595629529072,0.950454835397954,0.0002661996583005516,0.01653630463423028,5.9123303565326415
Kepler-744,ok,0.0071348035556396735,0.919493782744479,0.00030837854608943625,0.004597957573202448,0.30539871516549444
Kepler-745,ok,0.03456148083614996,0.9641317754315011,0.002424635524752177,0.011394395249170033,3.68078529794673
Kepler-746,ok,0.007670619403127964,0.9433709651082053,0.0007265607856598056,0.019687062888859467,6.586400218684742
Kepler-747,ok,0.05276028069433277,1.036221533172598,0.010899218704062906,0.08235962432495103,10.863698281549118
Kepler-748,ok,0.03798346700581373,1.0034400798837046,0.004121433422265351,0.019704512321548046,6.276643748305889
Kepler-75,ok,0.030730001976361346,0.913224469786765,0.0017893818233920202,0.007893265626252444,10.182928587448526
Kepler-750,ok,0.016100866026676344,0.9382235521455596,0.0015243675210614965,0.02048194266516606,11.846409324083218
Kepler-751,ok,0.02558863293958151,1.002103419379441,0.005262150920901143,0.08369753890989039,0.4865502111489796
Kepler-752,ok,0.05608399692749302,0.9525765503432906,0.009043962846810331,0.050680991712821324,6.276643115763125
Kepler-753,ok,0.014187721145049965,0.9660925774980033,0.0016143840754573194,0.02790276293646982,11.846407338961301
Kepler-754,ok,0.0370453742073049,0.9174273983652381,0.0025029112341790043,0.01013514969765492,3.488415607924306
Kepler-755,ok,0.013638502990643172,0.9199960375353602,0.0015803398418784127,0.030149342770091517,0.21947175767968966
Kepler-756,ok,0.04613136817586492,1.0359526349436268,0.007413535925159255,0.046778570467562834,1.9504327342563037
Kepler-757,ok,0.022328844802602523,0.9637469824640981,0.0011296183905560335,0.006133954468169674,9.347744195436594
Kepler-758,ok,0.03505160590346759,1.3598806670906418,0.008516927206184716,0.05958684855478749,6.276653926676473
Kepler-759,ok,0.02530392644026286,0.9751255914588995,0.0024805381125251854,0.01962119688671264,5.963650419185208
Kepler-76,ok,0.009432015534683712,1.0204081424220375,0.000824208882051494,0.016667209081328134,4.887452977032389
Kepler-760,ok,0.03914379865649289,0.9917179366297482,0.0056360475692925705,0.04165812350400603,10.03884855047795
Kepler-761,ok,0.015890986144502888,0.964019166134918,0.0016270341526632161,0.021500824536432504,9.347728361857369
Kepler-762,ok,0.04546685516089952,1.0046618395414324,0.01542579831854325,0.18514591739938366,4.165391511621003
Kepler-763,ok,0.04677163555936487,1.2474830714500285,0.038430079728742295,0.7059711517204806,0.3483407536181295
Kepler-764,ok,0.03500687303097069,0.988356604921492,0.006283943423806337,0.06419681788123315,10.875436645121002
Kepler-765,ok,0.016650504810024412,0.9290141426635482,0.0015214147930662576,0.018916647879456343,4.517499316974165
Kepler-766,ok,0.05828003631114541,0.9149169368070793,0.006366828300043253,0.025292896321203046,4.7224178320286345
Kepler-767,ok,0.03693837680315438,0.9494524021538555,0.0025649832275171742,0.010384733515517436,2.8242292297389846
Kepler-768,ok,0.07142808139346518,0.8761016799836608,0.006263975420993939,0.016287918254534194,11.846404064834505
Kepler-769,ok,0.02427586316602787,0.945939176998516,0.0030656165144968234,0.03287891813294958,4.72241946153872
Kepler-77,ok,0.01036372394062527,0.9739854177573316,0.0005329901134339842,0.006219031943226945,6.453624494049801
Kepler-770,ok,0.019068204903894406,0.9556650306472823,0.002402026584218887,0.032553022786147745,4.887422288526759
Kepler-771,ok,0.02497441026276834,0.9356428955054894,0.0015127893649634898,0.008386761494847827,3.7251095701156336
Kepler-772,ok,0.011155691914874359,0.9425790893876788,0.001095920391719639,0.021433450397137392,4.545032011477664
Kepler-773,ok,0.006951448078344294,0.9590186702003833,0.0008477427516219198,0.03221093409147702,10.88086485735393
Kepler-774,ok,0.004230181972186533,0.9642010769630139,0.000422442057946916,0.02145461353351006,2.5540684771662545
Kepler-775,ok,0.006672854254079439,0.9350108737174505,0.00043464807346920743,0.009756007450377246,4.268601082901524
Kepler-776,ok,0.03460364220760433,1.0182681188121172,0.007327324382482597,0.07968667285461822,4.382324935044725
Kepler-777,ok,0.03560847457174662,0.9585408360694699,0.0038502287575890555,0.026206106588369738,4.7223736194097965
Kepler-778,ok,0.03423638802961294,0.9628112644699851,0.003055128641377465,0.01878676986078841,13.0
Kepler-779,ok,0.02920290080246274,0.9473544529712252,0.0029781268464183475,0.023137559297141404,11.353714899595285
Kepler-78,ok,0.0023099489088695005,1.248383284612029,0.001114689802325869,0.22966500787210303,4.5772494517295526
Kepler-780,ok,0.005744673436457434,0.9420166452522112,0.00045775818538526574,0.013934501190506071,10.88083538398593
Kepler-781,ok,0.0573516326132475,1.0173637927895791,0.006352746652921275,0.027969285119394366,13.0
Kepler-782,ok,0.02514313724459049,4.706223606912041,0.02134354723497182,0.22097717488503188,8.136911160705356
Kepler-783,ok,0.013623482255792225,1.054540567900157,0.003046344211161342,0.07783563700728342,4.895596945178691
Kepler-784,ok,0.006125287150295193,0.9553077414796307,0.00026164974581421353,0.004380430782741932,3.538152591795894
Kepler-785,ok,0.08870888904283065,1.037493573595444,0.027733730023172833,0.1703425930774029,5.251579019597189
Kepler-786,ok,0.02260538001178154,0.9318541085899275,0.00077245470795499,0.002673291153701537,0.3371664270464522
Kepler-787,ok,0.04762690911540651,0.9586707625555919,0.007765789848152163,0.05241643502498348,0.6172811497558705
Kepler-788,ok,0.027713199091960454,0.9424366411780034,0.0027361970233786767,0.02161717522125933,11.846409849988815
Kepler-789,ok,0.030472541280939115,0.9070012359978732,0.0027345183737409336,0.017696275164162684,10.880990715104923
Kepler-79,ok,0.01173084740201078,1.0279617574514164,0.0015517610657130127,0.03758806462019019,4.9122918668941775
Kepler-790,ok,0.03532732962597598,0.9612364550616576,0.002865522522055364,0.014984542931205413,10.03584181137881
Kepler-791,ok,0.022594658642187775,0.922012527806629,0.001970850567376808,0.017081539031389918,4.722415409250856
Kepler-792,ok,0.02663450970061374,0.9343380149452836,0.003531659725027404,0.03557207772161065,6.276643525643025
Kepler-793,ok,0.026982949368147765,0.889238124233624,0.001928627459683096,0.011385130300642265,6.928100741353613
Kepler-794,ok,0.0066224159510454034,0.9749749882658525,0.0008815043955628244,0.04156377269423547,4.517510102783482
Kepler-795,ok,0.006311888582608044,0.9789520802114948,0.001573070641992301,0.11670030930829363,4.722426173139553
Kepler-796,ok,0.004078272409804309,0.9845337856151196,0.0005363550397761078,0.0392766005548488,7.307359410061339
Kepler-797,ok,0.02306407401483848,0.8705016417517,0.0020039192447805043,0.01641101249203469,2.8242110472764312
Kepler-798,ok,0.013176961064538662,0.887342228995111,0.0010251030268902594,0.013334952511548561,0.24801460790263635
Kepler-799,ok,0.02711118839622908,0.9781198323457502,0.0030595308151029617,0.029567241008530656,4.886319460151928
Kepler-8,ok,0.007435359618110857,0.9222510952070495,0.00024622071292515235,0.002756686914566969,1.3575403457546338
Kepler-80,ok,0.023875514673776996,0.9458371671817386,0.0011521793848396685,0.0052920258878688155,0.4611672892561089
Kepler-800,ok,0.035133802997640094,0.9622381509189207,0.0018004726400302126,0.00639581753560512,4.886317257097195
Kepler-801,ok,0.019509609082647275,0.9481834188849525,0.0014727820791508577,0.0134840523578505,13.0
Kepler-802,ok,0.016349928982287276,0.9633075623848617,0.003127732733224087,0.07089069075645332,13.0
Kepler-803,ok,0.009044169101316954,0.9231858025321852,0.0007418468918851612,0.015540063320569026,6.928081271424409
Kepler-804,ok,0.009659625160953717,0.9485525685823006,0.0023176265309209176,0.10290961302517096,4.722412381964187
Kepler-805,ok,0.004086843835009746,0.9379231301826516,0.000423888873252301,0.022030362687137713,13.0
Kepler-806,ok,0.0019589444088824433,0.9593003903375767,0.00010961302791334985,0.007433576313207136,2.6464586378008867
Kepler-808,ok,0.011298085340975043,0.9356051396091765,0.0009782947333885903,0.015644184567205965,3.488414361114824
Kepler-809,ok,0.019141062025092567,0.985199434003554,0.0011578039864034797,0.00854303291113814,6.2453386150819545
Kepler-81,ok,0.022902439172088215,0.8459243434027642,0.0021587041710064417,0.018227159511920256,3.3989248871500237
Kepler-811,ok,0.00921549111266963,0.9391681013921397,0.0011705080922588128,0.03344924446721745,7.7305007603619
Kepler-812,ok,0.007931513065596337,0.92725250774163,0.0006713349114962253,0.01574002686377963,10.88086405269748
Kepler-813,ok,0.012624865183042499,0.9632558705047993,0.0020884908555813247,0.04573071244301398,8.740304206810144
Kepler-814,ok,0.016413964992059583,0.9922075078666566,0.003615818879096395,0.09373253293630547,8.176406728336403
Kepler-815,ok,0.004956263845152567,0.9990188858996766,0.0009483194560133769,0.06365348277751438,11.846412752866168
Kepler-817,ok,0.06591139157476124,0.9902587746791741,0.0039000136983864267,0.008730783569040283,6.914044697575828
Kepler-818,ok,0.04731209273720413,0.9991336850364056,0.004535306246964821,0.02095138871611475,6.586340529219078
Kepler-819,ok,0.06122331074808302,1.3026524875568428,0.03534535240794829,0.3277862090853994,11.843386718307796
Kepler-82,ok,0.03322886735117906,0.927162847242085,0.0012020429900096337,0.003093102583480021,0.5019668777751861
Kepler-821,ok,0.02320428585444314,0.9366714580896912,0.00210590957500744,0.017872612251821223,4.241727412314847
Kepler-823,ok,0.01579537899632577,0.9421876078722906,0.0007950147488201287,0.005832176793817523,3.680739308649129
Kepler-826,ok,0.0060690422952538025,0.9632379112676803,0.0005624136617987924,0.019261050391951643,8.742999682547534
Kepler-828,ok,0.027139149638609892,1.0000723987766822,0.003955859664513084,0.040443484532890345,10.038846899231062
Kepler-829,ok,0.01762055184481051,0.9549683075656481,0.0016633008590553262,0.019997289084122183,7.307292437310105
Kepler-83,ok,0.03386625659364905,0.939110757178781,0.002127472976395838,0.008705215299571285,6.9457288448251004
Kepler-830,ok,0.02018855576076691,0.9694018450404965,0.0008785722209384021,0.004421245842094308,1.3829384917554735
Kepler-831,ok,0.011424856044290162,0.9519670940751359,0.001617239919486638,0.04337832734809379,3.4884070993592524
Kepler-833,ok,0.035707257812121,0.9958102743671685,0.0038316276805600027,0.025678765124773132,2.993340612452377
Kepler-834,ok,0.045128047805269564,0.9926404104625276,0.005763721024515427,0.033970482411089735,13.0
Kepler-835,ok,0.04920284782518416,1.0135109194801741,0.005158963964265178,0.021103073656549884,1.2222975264723885
Kepler-836,ok,0.017643575215323212,0.941969702803319,0.003047652308227707,0.06290155777190604,13.0
Kepler-837,ok,0.027111438786036765,0.9804051701439942,0.0031167679450844975,0.02647588829077897,5.252842676217121
Kepler-838,ok,0.02892740459292044,0.9580900494969039,0.0045113092381919686,0.04699948209702775,4.866185881674592
Kepler-839,ok,0.00825379571492926,0.9414627010494409,0.0011487157460827178,0.04025534366081597,6.276641897936799
Kepler-84,ok,0.03453254492159319,0.9283625920996595,0.003685292476086419,0.024966796739350653,3.0155978397125023
Kepler-841,ok,0.040105358534344646,0.992634127407397,0.008501900772926282,0.08040617918126279,8.176404455343604
Kepler-842,ok,0.020057202773254512,0.9621451526010663,0.0011901267748483566,0.008074201890335643,7.720893053540594
Kepler-843,ok,0.0312649103373459,0.9269884452757123,0.0028112528377798054,0.018516532777773872,4.935022414142526
Kepler-844,ok,0.03555993290130503,0.9923262831499203,0.004523367535732141,0.03206932143448024,9.330417799398097
Kepler-845,ok,0.015241148536687232,0.9525391675586371,0.0013141975080003746,0.01681674828383661,13.0
Kepler-846,ok,0.04705088095481436,0.9916732902673919,0.008990477944250806,0.06405919065154406,13.0
Kepler-847,ok,0.01616846684968994,1.0295658080972574,0.004025375996146631,0.10034071880321874,13.0
Kepler-848,ok,0.010237677462677446,0.9393547726621466,0.0008559096569018649,0.01570967809165145,6.928101905095096
Kepler-849,ok,0.0046196859737743365,0.9588858094042003,0.0005077096698771363,0.027102340536691694,7.307336151915465
Kepler-85,ok,0.02098889134693057,0.9327729144435688,0.002124630882493911,0.02197861756329892,7.30733841534906
Kepler-850,ok,0.03422099026620938,0.9673120277821006,0.0027395427134186603,0.013960690757739083,4.886265817456349
Kepler-851,ok,0.022843057591477558,0.9728821924492779,0.0020624873439393063,0.016829081515588984,3.879434881212084
Kepler-852,ok,0.010361164792808863,0.9337140267391676,0.0015137755878577434,0.04240295465975351,5.277499534344635
Kepler-853,ok,0.0029669212851795752,0.9671032084043686,0.00023697526580164773,0.014071766571544535,1.1569957957402528
Kepler-855,ok,0.025559410598955876,0.9496723931720756,0.001621475793674676,0.010073787304806885,3.622078652536432
Kepler-856,ok,0.035370638009954145,0.9527951891368571,0.0044145319577285295,0.031100345076939952,10.179006934767239
Kepler-857,ok,0.025251719581906775,0.9653752376467848,0.001846677741100779,0.012079855553233404,2.8784023733742514
Kepler-858,ok,0.006753549590145851,1.6629787495889568,0.0046086785931273,0.39318281855719117,10.182924356261148
Kepler-859,ok,0.0621938924065411,1.0219847561676505,0.014308426408510879,0.10352936428304853,8.176414186183184
Kepler-860,ok,0.03602314523250488,0.9897434204851571,0.010842117154824043,0.16102690369046097,0.2001431193049142
Kepler-862,ok,0.058787132115418604,1.0000267725267862,0.0043385176371171855,0.01167436877569008,0.296541405864214
Kepler-863,ok,0.038221022045479135,0.9664658953362887,0.0047499799933067395,0.03215562499259598,0.3079123333689808
Kepler-864,ok,0.13507885575345502,1.006741321808828,0.00884061202078688,0.04973871421032906,9.355833657962817
Kepler-865,ok,0.023771240870768415,0.899734248573432,0.0015784353379636523,0.009827920754224043,3.7851225560701556
Kepler-866,ok,0.05354181149878059,1.1090913444643553,0.014230731899949509,0.09471878547601593,10.86370162150845
Kepler-867,ok,0.021461758902969863,0.9700237737661179,0.0022435726994829873,0.024822060004520217,2.885271173157322
Kepler-868,ok,0.03662866791765726,0.9545474817329892,0.0034517578365191918,0.020930902658113447,2.0771544782529023
Kepler-869,ok,0.025175865615564095,1.0304983342032228,0.004239412086378409,0.05140937304338618,2.927068539981405
Kepler-87,ok,0.01792268386961347,0.9657549524054305,0.0008339783158257927,0.00541063731135841,7.864822863812439
Kepler-870,ok,0.01862877051134312,0.95736503049714,0.001223172672659599,0.00968565931353892,4.764439494497473
Kepler-872,ok,0.029965908618807127,0.9648145217592691,0.002985287171090221,0.022143179341450495,10.875429963768001
Kepler-873,ok,0.024407925320109464,0.9300852868155957,0.002363462338172105,0.022261264332073823,4.764434307885407
Kepler-874,ok,0.02089585101722574,0.9750871057813247,0.0019791551826798446,0.020607369484913346,6.266710479459267
Kepler-875,ok,0.047946444382654156,0.9704846223081535,0.01220600080074985,0.13013153256354784,0.9841279108962299
Kepler-876,ok,0.029430183337982464,0.985191971696206,0.004507538363676691,0.05107972079424381,4.895549619784059
Kepler-877,ok,0.016880089897630086,0.9227861592541213,0.0026551285988148468,0.05437090408628632,4.895602050727768
Kepler-878,ok,0.0179391775522125,0.962787013565387,0.0028632142174488872,0.054268671772707104,8.176408343864125
Kepler-879,ok,0.017218104835896975,1.1915839106321204,0.004112118268303804,0.05983877320709549,0.27623918839881595
Kepler-880,ok,0.0028140569668417257,0.9638144668608649,0.00023014653053453213,0.015318262338104812,2.3556665942242714
Kepler-881,ok,0.03661645444240178,0.9926765303376004,0.0050337306725113445,0.03968079401183321,7.7002329845128425
Kepler-882,ok,0.011860619059236374,0.8650573037234861,0.0008862713504540353,0.011664395468123178,4.269334122634439
Kepler-883,ok,0.005049612267424986,0.9755604644242217,0.0004565904413393448,0.016789054828485382,4.570515202228927
Kepler-884,ok,0.00907789110537656,1.157976432212543,0.002193042469480968,0.08105556427201151,11.846448951545534
Kepler-885,ok,0.005586754997490086,1.1751572201240608,0.0008518853647029214,0.038603245719025917,13.0
Kepler-886,ok,0.009040119335191174,0.9518093247302994,0.0010158588825217197,0.029777258050297326,9.342780468406357
Kepler-887,ok,0.006872126688986002,0.9654115412320025,0.0005373988844918257,0.014367983612192768,4.722428784771013
Kepler-888,ok,0.0053572488997999075,0.9644791787252859,0.0008148481286110458,0.04993078275070452,8.737062905087837
Kepler-889,ok,0.00439173449932802,0.9733042578684254,0.0007940008060539261,0.06391224869618552,5.0819561503556425
Kepler-890,ok,0.04178534303755153,1.009751595792794,0.005668730568358919,0.03882909393906095,10.86369784078839
Kepler-891,ok,0.03224519982425005,0.9601709636289989,0.0015895616657043803,0.005855740993184889,5.072556758367091
Kepler-892,ok,0.038392845750977164,1.041216151114261,0.012041613932733,0.15884220442946817,7.307287290868108
Kepler-893,ok,0.038164051462264405,1.0203518054770684,0.008809649465795585,0.09511773488713939,3.6553735561710385
Kepler-894,ok,0.05813510779683256,1.0683839083396083,0.008456319825871755,0.045642695839125634,6.896892785551054
Kepler-895,ok,0.055695680006820326,0.9934956809890378,0.016400624009258458,0.14176631794609906,6.012348379775541
Kepler-896,ok,0.035076417595624625,0.9486980994703187,0.005252859343013713,0.046527233577922045,6.9280646121311245
Kepler-897,ok,0.02273469481768851,0.9685797731926408,0.0015135874634186258,0.010391807769555826,4.722417070085662
Kepler-898,ok,0.04874150529942636,1.004071734728372,0.012702384086279035,0.10952487069697467,8.176412783605146
Kepler-9,ok,0.03408873310655172,1.9946302020137454,0.007663551735148263,0.0744188374508192,3.3202933565005748
Kepler-900,ok,0.02173707333584012,0.9758363877821987,0.0035463301451866183,0.05549540476285878,11.843189350191473
Kepler-901,ok,0.013355016565104233,0.9322950570986107,0.0006218573062207395,0.0048261228404881664,6.586310424851049
Kepler-902,ok,0.021075115421315346,0.9719746113062042,0.0018579845690100425,0.017932613999283573,13.0
Kepler-903,ok,0.016368207793665056,0.9544967668279528,0.0022046036867571428,0.03929854294162289,4.895611625188259
Kepler-904,ok,0.014814915294873046,0.9509645908807596,0.0013582480031242598,0.018494866916276498,4.8956116881754115
Kepler-905,ok,0.011654852890236652,1.001294699965978,0.004326339853713169,0.1741990219353781,6.586309598685067
Kepler-906,ok,0.010760748170774343,0.9576721609275503,0.0015415388384416538,0.038879225796766,5.081964795386994
Kepler-907,ok,0.0018204420399370964,0.9569383764797862,9.051888914695901e-05,0.005850529503788945,0.37810222291478174
Kepler-908,ok,0.002640204056795593,1.2207426616528372,0.0009583047508731226,0.1610500467399451,4.124788142038848
Kepler-909,ok,0.0020044848391435246,0.9721650089142154,0.00020764510877999313,0.021568138733990626,3.725118205218255
Kepler-91,ok,0.003043656936428171,0.9720285452163344,0.00016873435929697013,0.006504903699873043,0.42568157134437623
Kepler-910,ok,0.003036383758384385,1.1682795889988695,0.00024121111573617018,0.014397540960523385,5.227105596264295
Kepler-911,ok,0.0026732722478487177,0.9938677757401497,0.00020135799432457774,0.01401171926286917,3.773431900620761
Kepler-912,ok,0.05955345095477621,0.9491405373363154,0.003484705791509222,0.007999091863647164,0.7343465030446196
Kepler-914,ok,0.0068391928822704,0.9508626067466258,0.0008232164798840291,0.02996615401339705,4.722423151428471
Kepler-915,ok,0.00614209388830038,0.9501916086393983,0.0007250451687432047,0.030071335497818864,8.205646406265963
Kepler-916,ok,0.036793405305527875,0.9923801997619596,0.0035292169095056205,0.0205896335222228,6.554972981471698
Kepler-917,ok,0.05236521239573856,0.9303051007780889,0.003287092271985096,0.009086341024614234,8.782884523411003
Kepler-918,ok,0.026561350557568683,0.9212656092771127,0.001660267933316052,0.008845333010630115,8.247779725662886
Kepler-919,ok,0.024190099498976436,1.0371992754764745,0.004975781129866163,0.07895873418195914,8.782884174006602
Kepler-92,ok,0.002237091375597653,0.9562722921009974,0.0002051635252316583,0.019378125142644628,5.251567639885618
Kepler-920,ok,0.028098586653456093,0.9725367371209404,0.003929046917655538,0.040043995296580065,4.374763093488547
Kepler-921,ok,0.017465483151009608,0.988074050131787,0.004670623681052018,0.1379415960017971,5.052123983828318
Kepler-922,ok,0.007825338691086092,0.9310641442212453,0.0004259781135566664,0.0065398256136176,6.453608163515908
Kepler-923,ok,0.015299873359234295,0.8733252764157762,0.0011621135266219492,0.012527211515101914,7.30732951575915
Kepler-925,ok,0.06629033139018202,1.00046282666909,0.004262252962561863,0.008919869674056767,4.382335593479741
Kepler-926,ok,0.012424277263190113,0.9490416608822039,0.0010835096997561403,0.01570549441352544,8.205811675547215
Kepler-927,ok,0.019055121860735096,0.9798092235701152,0.004918928111118581,0.11802424957127036,6.276652339409871
Kepler-928,ok,0.03445036983146229,0.994969374719489,0.004134198772200989,0.029992236712710615,2.86367598356087
Kepler-93,ok,0.0007961258218685882,1.0494617838888138,0.00012268770283355333,0.04500255271332114,11.85215200857384
Kepler-930,ok,0.012323658677422555,0.9233064540844834,0.0009366323402510567,0.013883040203699687,3.785121007105926
Kepler-931,ok,0.017640664922057743,0.8743203063983929,0.0012153485111323767,0.01068647767943545,3.4884001630537207
Kepler-932,ok,0.013699035301004041,0.8845601510584051,0.0013576996870381755,0.021413621273668002,4.895577829897436
Kepler-933,ok,0.049630212663921536,1.0194537621781756,0.007144292965754139,0.04789652482269188,4.86620148072869
Kepler-934,ok,0.036438664699471095,1.1661051226570875,0.014972491262055002,0.18611688867599627,13.0
Kepler-935,ok,0.019651606628649204,0.9851572585302291,0.0024116296916527,0.03168312480596882,5.984911043240167
Kepler-938,ok,0.026200405879518905,0.9629961268373776,0.0013838505643152814,0.006318766616948753,2.649223802494529
Kepler-94,ok,0.003600401500598554,0.9634656943372251,0.00028376072171858174,0.013858574230816866,10.18290478996832
Kepler-942,ok,0.004102076590906627,0.9409464171322797,0.00017365441561097904,0.004294801379993948,0.9163479290685124
Kepler-943,ok,0.038569888498283716,0.9691936705717511,0.006002562599639594,0.049706891662810615,4.561027449857914
Kepler-946,ok,0.05275270885077556,0.9973123782272162,0.005219646124366132,0.02080840665760388,1.25277306480259
Kepler-948,ok,0.027024732956270812,0.9864343049463062,0.0010440196315204425,0.0035941166771228496,1.6796359474441975
Kepler-949,ok,0.015276686798542985,0.9491066113421446,0.0011286811994201573,0.013407201519742873,10.880844524969595
Kepler-95,ok,0.002892090993071914,0.9614009733319654,0.00011415110103332947,0.0037544705942631307,2.437121731757262
Kepler-950,ok,0.061508137691656806,0.9952518980750131,0.004656270620027414,0.01228447836678624,2.028788380603167
Kepler-951,ok,0.019476481533939962,0.9824878157764357,0.0021361764588728655,0.02498865129388196,6.453615012704514
Kepler-952,ok,0.02908509851826618,1.0131938362286397,0.0019893711677005143,0.010554219717192975,1.2815369274529298
Kepler-953,ok,0.006774559931164455,1.02767631457158,0.00036950305877058245,0.03496113406070594,6.76364959566157
Kepler-954,ok,0.007731993543725861,1.3599380635509173,0.0030145974357941386,0.18378796208403145,10.182941152156607
Kepler-955,ok,0.015550477463863323,0.9744417528912082,0.003271677234586849,0.08499872258845435,8.743059504959971
Kepler-956,ok,0.0068455712203439,0.9515749087110239,0.0011648967197865838,0.06273572863184607,11.84640364492723
Kepler-957,ok,0.044843996207090946,1.0972745160628705,0.0205908388047486,0.31417616451613584,4.866201167609739
Kepler-958,ok,0.008650273584421051,0.9505282912569356,0.0013335920793833373,0.04807956283356591,4.722433464157437
Kepler-959,ok,0.004053037981984836,0.936797228827989,0.00044177414905711136,0.02538967039737723,2.82422587363582
Kepler-96,ok,0.001444087271845581,1.3434387623255684,0.0008266261835542041,0.3007067463144286,6.945777931570636
Kepler-960,ok,0.008285174893203866,0.9755446730314818,0.001133411813054669,0.04094125541203274,8.897513295626501
Kepler-961,ok,0.009880294751035905,0.9769759471547274,0.0019963304684330334,0.08015714255283181,8.205601414882322
Kepler-962,ok,0.008600522282616244,0.9829310456733396,0.0027881561497146907,0.18390625151098222,10.880851505688467
Kepler-963,ok,0.024724245065485463,0.9969314447729543,0.005482757186835236,0.09906902725620653,9.347748437254646
Kepler-964,ok,0.012336647017707753,0.9738877913985681,0.0023801499169414683,0.0779423983748778,6.453646993939437
Kepler-965,ok,0.008903119058185575,0.9212247563989947,0.0006922356165809572,0.014168904539757126,6.925643423232435
Kepler-966,ok,0.015279690468449335,0.9519362237993,0.0025678056877285684,0.053764373007210466,6.928086841525512
Kepler-967,ok,0.015262967676768787,0.9408745375462721,0.0016807555592137555,0.02695446893078714,3.985978142793949
Kepler-968,ok,0.010182416723343878,1.0467102616359658,0.004167642682580328,0.23917923564335872,5.248395484892728
Kepler-969,ok,0.006880967633374526,1.0029597838258244,0.002168398563800761,0.15671400244584974,10.060853460849073
Kepler-97,ok,0.004096928544473076,0.9617633525826269,0.0003725547916531752,0.017864247734860752,10.182920328334992
Kepler-970,ok,0.19809040211512144,7.120294110064359,0.024733773271618645,0.030023904957378892,7.7303836096406
Kepler-971,ok,0.008932558860111484,1.574722348337407,0.0062240094171344485,0.3377269391775289,6.171094625870129
Kepler-972,ok,0.028015560841871352,0.9603256981650458,0.0034034624172678187,0.03294532003385194,2.759063185133903
Kepler-973,ok,0.005220633870280988,0.9892886051245282,0.001269827040164729,0.1014297664571567,10.975733447019735
Kepler-974,ok,0.009028159623872687,0.9054001492291925,0.001024233772310128,0.02764182602636914,1.0532633448500037
Kepler-975,ok,0.010894956581986547,0.9276421617356089,0.0009778842225979779,0.01738885642483498,6.928121263550576
Kepler-976,ok,0.05109230340136572,0.9976034322382529,0.00861494026294299,0.05740260517218595,5.052142896655325
Kepler-977,ok,0.0203017513297959,0.9610865415723019,0.001015976246107609,0.005932710676353903,2.49992523233967
Kepler-978,ok,0.0064402281453449315,0.9619965391588763,0.0007471174158377312,0.027913918630271914,13.0
Kepler-979,ok,0.02173343868078879,0.9442484539098257,0.00218666560311546,0.022785671191250287,6.586270156884555
Kepler-98,ok,0.005129034017174657,1.0876383749036065,0.0023130157452544327,0.23808722660690765,10.880905092216885
Kepler-980,ok,0.013535960818272541,0.8925562696827283,0.0016287527914712293,0.029608616173459678,3.4884071450126104
Kepler-981,ok,0.020519464338793134,0.9980524360162378,0.00215279512541359,0.024758209864508423,5.0521403176502675
Kepler-982,ok,0.005208491498489302,0.9786646724428657,0.001215352954296926,0.08756119636335565,6.928122012537633
Kepler-983,ok,0.07252485286321278,4.661241395956086,0.010589823997007251,0.030157532892038208,5.498721565961891
Kepler-984,ok,0.0070890266134231664,0.9226070622039654,0.000271239737563648,0.003458725685383828,0.6352843012376559
Kepler-985,ok,0.020776549110804263,0.9959040975771101,0.0015375173274412915,0.012678858556081361,4.382334368550866
Kepler-986,ok,0.009511847856262762,0.9124852008697081,0.001018675456257523,0.025084887581871898,7.307331928676969
Kepler-987,ok,0.02504817136032392,1.0001364911031572,0.003553732337789798,0.03990553926938,8.176422873445429
Kepler-988,ok,0.020295481014607146,0.9863404663844901,0.0018815281675131131,0.018535516992018164,13.0
Kepler-989,ok,0.010662490155999764,0.9362821244057008,0.00034468676462320956,0.00254013550201251,1.111385749212665
Kepler-99,ok,0.006234695987327538,0.9873481426172764,0.0006922499013113644,0.02909482318933181,7.674373715713973
Kepler-990,ok,0.0207194909847599,1.175127105479342,0.005330644194774565,0.10638219482518883,4.722473109590988
Kepler-991,ok,0.021180783373899593,0.9200022619273627,0.0009740936242903873,0.005049424703997183,0.9439412166818065
Kepler-992,ok,0.005357077611786974,0.9622359552653937,0.0006120501130709833,0.029647977115194523,10.97572227783943
Kepler-993,ok,0.03557582214288852,0.9585899704421478,0.0023809084001745165,0.010337967987408048,3.887249122535252
Kepler-994,ok,0.009609094485844988,0.9634267259745298,0.0019270994126452227,0.0807362644503394,3.629218135197926
Kepler-995,ok,0.017423295000740694,0.9607441514833751,0.0018906461506352703,0.025162467150817304,6.5853258715104115
Kepler-996,ok,0.01814896707961232,0.9476314213537822,0.0018649838402544185,0.022518528966012922,4.6698446836182494
Kepler-997,ok,0.0025144101741813997,1.0140528192047464,0.0003804860958763373,0.047032209451119265,3.6292189644541835
Kepler-998,ok,0.015653801139509354,0.9522503205198001,0.0011998587237090086,0.013471231486153408,2.8852488545132613
Kepler-999,ok,0.003266730037330624,0.959473793508257,0.00012362761937879767,0.003697603227710677,0.27392962217528016
LHS_1140,ok,0.0020722479575939986,0.9372044083092267,0.0001397984256946049,0.008977360290041337,0.342267250251584
LHS_1478,ok,0.00201745189994291,1.0083516868452491,0.00034216754721971983,0.05332070469591904,0.8019067240425101
LHS_1678,ok,0.0012829830068009048,0.9943275302277994,9.175480033955818e-05,0.010370183461108413,1.1011271437553696
LHS_1815,ok,0.0011224315598925647,0.966857674506705,0.00011033054413652692,0.02044589162496711,7.864933467846755
LHS_1903,ok,0.001360374031975551,0.8521037979684105,0.00010756073249824315,0.014194380415464836,11.830978249194485
LHS_3154,ok,0.008218028439736005,0.849118260982146,0.0021885648056934486,0.11699532882786012,3.873014054365154
LHS_3844,ok,0.0032304223775463494,0.9482736190365654,0.00016397267754945949,0.005091599990126591,10.95614004900789
LHS_475,ok,0.001281690996651004,1.071867487355535,0.000233041170898833,0.06091592468223644,7.187010653276503
LP_261-75_A,ok,0.005850940657664198,1.0578832732251302,0.004268886850775892,0.5304571429298206,1.1064252330694178
LP_714-47,ok,0.0014908378028045347,0.9927721387637096,0.0001961723328122129,0.03652005266946061,3.3441712733320776
LP_791-18,ok,0.008796402523654615,0.9708923433766221,0.0005138291592690607,0.008147040799019949,2.7404587086514263
LP_890-9,ok,0.02183496066071784,0.949222997222432,0.0011961752167043884,0.007001404557692386,10.625178054871185
LSPM_J21160234,ok,0.0009149375144498494,0.9938955010476397,0.00012104317828852605,0.03871120080425595,8.257119929324974
LTT_1445_A,ok,0.0029436466008691394,3.139143031523325,0.0029468140118136176,0.7632936374079752,1.3915636287809285
LTT_3780,ok,0.0018183364528486508,1.094169189863939,0.00024844740355485864,0.03847937055596045,2.5510779635172596
LTT_9779,ok,0.0006267031155482471,0.984595949672087,3.0059415354817155e-05,0.005258962916943561,6.078772459305613
L_168-9,ok,0.0007612556796810546,1.0407624713880868,0.00022124098436201344,0.13323366486987667,5.4187000606170965
L_363-38,ok,0.0014099318928423796,0.9904478871990011,5.931515063441734e-05,0.004133539066636546,0.569593552520029
L_98-59,ok,0.0007805470685469772,1.0188585666337366,0.00012653322641877573,0.05010665891556261,13.0
LkCa_15,ok,0.11486514970389994,54.564825515002674,0.10156271048075441,0.2808021328554021,5.686352249869222
Luhman_16_A,ok,4.58356782145893,0.9302758059761028,0.19962824126900483,0.004563531570685185,0.8516862057538988
Lupus-TR-3,ok,1.1263043260290366,0.9988074854457968,0.19303445484007825,0.058949234813217274,11.887597685282799
MASCARA-1,ok,0.0008965376872192152,1.1040883125280228,0.00020442424360434368,0.04588510330265244,0.537913014449189
MASCARA-4,ok,0.0004532703379536581,1.2019110387312002,0.00016135431320500016,0.14430620259712035,3.453231986324681
MOA-2007-BLG-192L,ok,2.201607484211147,0.9611909750057616,0.4737391671512642,0.08789187334353453,12.840955514866437
MOA-2007-BLG-400L,ok,11.667541679213588,0.953087887897495,1.0299039224158073,0.01766040651242992,5.573514686257311
MOA-2008-BLG-310L,ok,6.590776196644494,1.0075074377493252,1.4303662896485732,0.08839677127343389,4.586031797669778
MOA-2008-BLG-379L,ok,16.049732882205802,0.9572324456093931,2.0893542278728816,0.03496423058547579,5.1363658170162125
MOA-2009-BLG-319L,ok,10.55619611888986,1.2206634033515456,7.909154281665806,0.507191247606531,12.84095134309996
MOA-2009-BLG-387L,ok,42.543013969195414,0.9866045435778656,9.147541985645898,0.08898318755123322,0.6758362599543465
MOA-2010-BLG-117L,ok,1.1679094646496433,0.9771568318280205,0.19410411932989138,0.04783046831884416,6.758397893948456
MOA-2010-BLG-328L,ok,5.136144016980533,0.9305744851805378,0.4232436004803296,0.014898037716091753,0.308675732772223
MOA-2010-BLG-353L,ok,0.4527739732130085,0.9670861044078239,0.056698437705379405,0.03170375130759239,5.350393224715428
MOA-2010-BLG-477L,ok,9.016156133320628,2.420532325122111,9.802007540878462,0.8527075906997255,0.6895704665029498
MOA-2011-BLG-028L,ok,1.7968640102052085,0.9732453468611412,0.471785873723601,0.13794416589520936,8.025583964385845
MOA-2011-BLG-262L,ok,41.31340713301653,0.9924048838175535,5.2224709073505,0.032786542457011514,7.553481989285662
MOA-2011-BLG-291L,ok,8.996207596544703,0.9570599594677074,1.0756313417552725,0.03350262373767627,6.758369450254265
MOA-2011-BLG-322L,ok,2.407984201829279,0.9767389356632576,0.4670864017776007,0.07874573498633891,5.350392704300097
MOA-2012-BLG-006L,ok,1.2907872444162145,1.003428643229922,0.2577023244977079,0.0615574436438242,6.758383056166359
MOA-2012-BLG-505L,ok,2.6322636657678657,0.9642348520395391,0.3749790885446302,0.041335845932816195,5.35036954036741
MOA-2013-BLG-605L,ok,13.012528131137145,0.9675742479723437,1.527798754995342,0.028991765822165567,6.755837384907504
MOA-2015-BLG-337L,ok,16.922684886038308,0.9462630444466215,2.257930250472599,0.03499671481681385,1.7590346984763516
MOA-2016-BLG-227L,ok,1.9382722162732005,1.1218783234350724,0.33282202521611887,0.04137753663780896,6.420299441582415
MOA-2016-BLG-319L,ok,5.869280902212377,0.9752675288013736,0.6589853112020176,0.02699416408423494,3.3791840360096987
MOA-2019-BLG-008L,ok,1.9228426701734174,0.947439562103895,0.10364942799017103,0.006912613425282579,3.3791806871084575
MOA-2020-BLG-135L,ok,1.923067279983752,0.9434213173437382,0.18654152018234982,0.02014152216192443,8.025558773914554
MOA-bin-1L,ok,5.328958942847766,0.9777569590181319,1.6266989243489736,0.15599314812252632,2.790719478927327
MOA-bin-29,ok,0.7846633485152953,0.9857193845094436,0.20897960238438482,0.11981353749191163,8.00082717474723
MWC_758,ok,0.004363090785581576,12.034188941600107,0.0025999128809970616,0.18783394543210727,2.367067820891372
MXB_1658-298,ok,12.536159060158194,1.0088694029743799,0.5566418441191324,0.02324741449928362,3.80206088149869
NGC_2682_Sand_1429,ok,0.0018805519886512492,0.9761582497526402,0.0001781942138608272,0.004890903831594501,0.7379721317477176
NGC_2682_Sand_978,ok,0.0010803132342812145,2.1259421991593093,0.0006322333880069456,0.21464092797181009,1.2780127675259647
NGC_2682_YBP_1194,ok,0.020190568770582302,0.9209116819302902,0.002607809980641067,0.033644388110336675,6.017251443891496
NGC_2682_YBP_1514,ok,0.02472616221135556,0.921223054949195,0.0008946951996023652,0.0030827884269870025,0.2825000726532545
NGC_2682_YBP_401,ok,0.009215623927106668,0.9338987021171966,0.00041818501514282364,0.004944643437097432,0.733789939728323
NGTS-1,ok,0.01066219462470188,0.9271459293328018,0.0005875606890775556,0.006749780865578579,0.5282709287497849
NGTS-10,ok,0.053335512351884155,1.1763706794833422,0.013796863593241676,0.17479295058489464,4.365683494010884
NGTS-11,ok,0.005828442631475765,1.0369106769038545,0.0004244719920314693,0.04363847122242765,4.166462351772606
NGTS-12,ok,0.0026040178461581394,0.9613217004499653,0.00014981653597627797,0.00782976121834248,6.5651877114650325
NGTS-13,ok,0.003553291872185394,0.9668219394105985,0.000495128908096041,0.04360900106085425,4.620486256868778
NGTS-14_A,ok,0.004388624861207009,0.9815849273126295,0.000551108623919742,0.02918532290972069,5.7060300474221375
NGTS-15,ok,0.031188363573843185,1.0565378675837653,0.002545730137617414,0.055396530634415554,3.5837693967353754
NGTS-17,ok,0.02494495053604446,1.0548704467246548,0.0010660835637547753,0.02087242684216018,3.6755712880779545
NGTS-18,ok,0.014137273126172011,0.9383855274562896,0.0009891577044145081,0.010708714386567451,1.8369771730712094
NGTS-2,ok,0.003310747526479013,1.060320970408846,0.0005438683480053941,0.04920772282367686,0.8987641174107207
NGTS-20,ok,0.003154452565701468,1.014147881865385,6.818629301047123e-05,0.006233477257387577,3.6324936528813594
NGTS-21,ok,0.024696937209516944,0.9399661870023877,0.002555512272478569,0.02444738195222738,7.937580095224652
NGTS-23,ok,0.023115901430359947,1.0658656000458844,0.0016919716789036514,0.044065520712018816,4.154466796942761
NGTS-24,ok,0.004418408038438301,0.9730808924295856,0.00026090011836111203,0.007924885280502586,2.590357728140442
NGTS-26,ok,0.04414616803524703,1.0161703099706711,0.0021314398090011614,0.026698141134115443,5.702205156665601
NGTS-27,ok,0.005266103691400705,0.9581180781446104,0.00024334520787372112,0.0049657058102987334,4.253886605126809
NGTS-30,ok,0.002417375683938484,0.9552613727638669,0.00011444469153176924,0.005087094838175881,8.168090507252147
NGTS-31,ok,0.005394494158495963,1.0062454446679643,0.0006768617522606783,0.024895145516058228,4.0939326929132
NGTS-33,ok,0.002416595033929477,1.2629345837840242,0.0010035960993897584,0.14329361013317865,0.6657241927573962
NGTS-34,ok,0.00017135010853042848,1.2084354678874532,4.822267731542112e-05,0.03392431637215454,2.4761722979137346
NGTS-35,ok,0.003349157888898892,0.9903767999999802,0.0005951867213159808,0.06131615703267011,4.575076363729697
NGTS-3_A,ok,0.029509322154824682,1.0361003407857945,0.0016454535519252083,0.027968561690930194,0.4194358688516564
NGTS-4,ok,0.003993672758155585,0.9630328049668725,0.00018491219640274112,0.0053816091116776306,0.44824050531971155
NGTS-5,ok,0.006963958462067854,0.9073572309520581,0.0011014597997599715,0.035486499576234,2.8576857634680723
NGTS-6,ok,0.008105218757761122,1.0227539122219396,0.003338424491109212,0.24773556080425405,9.8066524630445
NGTS-8,ok,0.0062450533042539445,0.9537018754433028,0.0005612566124019242,0.018433868015864194,5.7167795390661125
NGTS-9,ok,0.003768650009881564,0.9647124305727057,0.0003466170755427539,0.018620071684203467,2.6790834326234796
NN_Ser,ok,0.610051742785681,1.5975594760790082,0.040995704127943566,0.004226869090990818,3.406321418121284
NSVS_14256825,ok,0.07106099914929467,2.9101506688163954,0.007880128361210097,0.004346267500880989,1.0400204903148247
NY_Vir,ok,0.1065925334899467,6.878518670163775,0.009057457610236238,0.0032017302667662457,0.22210362355117189
OGLE-2003-BLG-235L,ok,5.012779237053058,1.019673193341314,2.007647957290576,0.2602015458911524,0.40894720479834096
OGLE-2005-BLG-071L,ok,1.3879627440242297,0.9752482564309145,0.2056705909172891,0.042229965105784126,11.673521164284466
OGLE-2005-BLG-169L,ok,3.620920028863648,0.9599310665085166,0.5622600280747532,0.05194934176992999,5.578187544315074
OGLE-2005-BLG-390L,ok,0.7640569251430228,1.0527810266453732,0.37519472138433496,0.3255130596252569,1.1445553924106175
OGLE-2006-BLG-109L,ok,2.2854844449997893,1.0100832819503747,0.44251274032731913,0.06901573404951511,0.5115892099400433
OGLE-2007-BLG-349L_A,ok,7.190890019263066,0.9701664674007304,0.9538441256311357,0.035814471446588364,7.133858480509238
OGLE-2007-BLG-368L,ok,10.127673017596585,1.0039663872967077,1.9017803896555652,0.06444021411091573,0.49578772494733553
OGLE-2008-BLG-092L,ok,1.3879627440242297,0.9752482564309145,0.2056705909172891,0.042229965105784126,11.673521164284466
OGLE-2008-BLG-355L,ok,14.597323059517914,1.0401518733546566,4.15792423262537,0.1316920875774175,8.025571944940424
OGLE-2011-BLG-0173L,ok,0.8725651889376741,0.9750729988372965,0.09884270621939245,0.026060313362303498,8.0168876735695
OGLE-2011-BLG-0251L,ok,0.24928060856828319,0.9942376354021402,0.04879774321979772,0.07495090797283846,4.416736974624592
OGLE-2011-BLG-0265L,ok,3.015452782434595,0.9361531860772304,0.20158784761681162,0.010236284607831199,5.350380416100222
OGLE-2012-BLG-0026L,ok,5.288009775766871,0.9369327868132143,0.4121031416284861,0.014320292593857049,1.1443309280629015
OGLE-2012-BLG-0358L,ok,5.412100500806244,,0.44261745561608823,0.015128772144538094,4.586017409018756
OGLE-2012-BLG-0406L,ok,3.4389362634232303,0.975193905045521,0.3288365374688852,0.019800977769630357,7.553465739103745
OGLE-2012-BLG-0563L,ok,10.271862271362835,1.017270206267779,2.7753662885289376,0.1322069242634568,5.35039432771176
OGLE-2012-BLG-0724L,ok,10.78427797444308,0.9704433335487629,1.8150680796714318,0.057622234283588446,0.47558899924144027
OGLE-2012-BLG-0838L,ok,3.2191278404677455,0.9625215202199692,0.2217721199987869,0.011243082391128277,5.350984109228041
OGLE-2013-BLG-0102L,ok,2.397151334714405,0.9656882462184755,0.25186798867944965,0.024658445335577383,4.142221133595871
OGLE-2013-BLG-0132L,ok,0.5164810961940829,0.9610838787922549,0.09140991868409575,0.05664709025702908,7.553480833733454
OGLE-2013-BLG-0341L_B,ok,9.034270193091237,0.9840736514660957,1.3322087421846835,0.04706268840744208,5.836767060316209
OGLE-2013-BLG-0911L,ok,1.15776784156137,0.9696290695478461,0.14515111113794738,0.03432868577964446,4.938808511758364
OGLE-2013-BLG-1721L,ok,21.68559306691269,0.9580437943668348,2.355709096438104,0.025172583947640968,8.025555426741278
OGLE-2013-BLG-1761L,ok,1.9940374035327546,0.9368252475378022,0.16441344208669134,0.015476781615535581,7.553467425948115
OGLE-2014-BLG-0124L,ok,19.111211721480064,0.9596935920983083,1.2941904538424769,0.01106716788420149,3.776744559321113
OGLE-2014-BLG-0319L,ok,9.06520695792862,0.9470728993521664,0.8118353326338413,0.019343016186048532,5.136346112912725
OGLE-2014-BLG-0676L,ok,0.7891470545423487,0.9506245447045097,0.10602879317580091,0.037464412629212455,3.4705571964710122
OGLE-2014-BLG-1722L,ok,6.2716704925393305,0.9587958061664614,0.869224550738128,0.03689372664866634,8.560598318952847
OGLE-2015-BLG-0051L,ok,1.393443733190933,1.059846736610753,0.34820840628377836,0.09125317936805473,2.918350558788606
OGLE-2015-BLG-0954L,ok,1.0751151588398844,0.9688476936127279,0.14010672159104215,0.03530230622457655,7.1338466997441525
OGLE-2015-BLG-0966L,ok,19.221577915180436,0.9465207874417033,1.0683508203401069,0.007556085151365572,0.6653316154021894
OGLE-2015-BLG-1649L,ok,10.521015425905436,1.0207958221064073,2.8946908332213908,0.11186384590541248,8.53261278508929
OGLE-2015-BLG-1670L,ok,108.31745517165369,1.3069458816839261,105.8315827631914,0.516158949055547,0.5890316831373262
OGLE-2015-BLG-1771L,ok,15.092175635538332,0.948582995002501,1.32461689239256,0.017226797668055627,7.553471238618386
OGLE-2016-BLG-0263L,ok,1.7802853649640977,0.9516020586070665,0.17990518680794695,0.02215847100940869,8.025572040866678
OGLE-2016-BLG-0613L_AB,ok,0.5842108352637542,0.9723778619318726,0.07119242450291671,0.028418695470421456,8.02556834072206
OGLE-2016-BLG-1067L,ok,17.50889976058293,0.986209045446329,4.954554691677218,0.1484709508294421,0.8677272868135332
OGLE-2016-BLG-1093L,ok,16.77289601179575,0.9688010049817127,2.027535123479231,0.03151784642268432,4.280299890875085
OGLE-2016-BLG-1190L,ok,20.333616136353776,0.946582172680103,1.0908157443083237,0.006093960642517168,0.6551488428773639
OGLE-2016-BLG-1195L,ok,3.458124804180956,1.0325225042137234,0.8412560132540458,0.07977021260469726,1.7590274765290803
OGLE-2016-BLG-1227L,ok,4.20385090636463,0.9741992826754751,0.7369558534469476,0.05819201634147038,4.419495685709489
OGLE-2017-BLG-0173L,ok,18.398549404421832,0.9728109038239141,1.7878759154723307,0.01992536588434505,3.379180796110021
OGLE-2017-BLG-0373L,ok,6.106304934769672,0.9858193181303787,1.0070654596940423,0.05183439446158936,4.427958503248301
OGLE-2017-BLG-0406L,ok,4.872092897915258,0.9870010141154785,0.9714417939679174,0.06416928588908992,0.6585078683698763
OGLE-2017-BLG-0482L,ok,5.245873330106011,0.9622634740768853,0.5249245608935896,0.021949278814270258,9.877618044568653
OGLE-2017-BLG-1099L,ok,13.200163714730428,0.9776601388274855,2.865437791476262,0.07716609775943103,1.1780568176885344
OGLE-2017-BLG-1140L,ok,3.8382699664551576,0.9841784696845568,0.779939009467309,0.07681810160443717,10.68336321096505
OGLE-2017-BLG-1434L,ok,3.946766516182486,0.9568811915220651,0.5683821928411517,0.033204810287356744,7.133828466802344
OGLE-2017-BLG-1522L,ok,3.479610901175944,0.965789832633219,0.34084058326133027,0.017854888456190106,6.114726900560157
OGLE-2017-BLG-1691L,ok,2.1083671089935754,0.9631156610209172,0.29828768260696836,0.04198796366890507,6.758322615389955
OGLE-2018-BLG-0506L,ok,28.069652894206534,0.9329643133886487,1.6842770405516998,0.008693731935610531,4.252282902657346
OGLE-2018-BLG-0516L,ok,6.0698678739743865,0.955764402097263,0.6064195195011551,0.022672267677366614,5.35038002467303
OGLE-2018-BLG-0532L,ok,18.84616293717043,0.9894036895954578,4.096547863179342,0.08040239668019834,4.427903602151971
OGLE-2018-BLG-0567L,ok,4.5701307333097185,0.961325703801959,0.4247216702994831,0.018161707644425294,3.379185636303742
OGLE-2018-BLG-0596L,ok,1.6235720597003236,1.0505681305510843,0.2985970107293476,0.04304653127726252,0.37656612969387604
OGLE-2018-BLG-0677L,ok,0.6427542113359521,1.0486580755067119,0.2580694716448797,0.230001703302731,0.6687967034345732
OGLE-2018-BLG-0740L,ok,2.7263792975544088,0.9670171850407989,0.5943264841288479,0.08044354446132668,8.55554366758391
OGLE-2018-BLG-0799L,ok,2.043273104697757,1.275476488386925,0.7517471312550046,0.15010665023225195,7.134649710693566
OGLE-2018-BLG-0962L,ok,1.7375300172924368,0.9635774456946561,0.2308624398858193,0.03951062236818427,1.5470948235328668
OGLE-2018-BLG-1011L,ok,10.850618903525575,0.9878434149541476,1.819840120088478,0.045493104309982185,3.776736602210616
OGLE-2018-BLG-1185L,ok,18.522686849609435,1.0949915320124797,8.660299306298123,0.2816724437167986,10.700765323503559
OGLE-2018-BLG-1269L,ok,1.0579262165352048,0.9594722926636711,0.10445928795045455,0.021084213263918246,3.4705180839372396
OGLE-2018-BLG-1428L,ok,10.22648215266478,0.9483042538070321,0.6310156662181309,0.008829493998078957,4.132015727950383
OGLE-2018-BLG-1700L,ok,7.607606316223813,0.9489191715590793,0.9481651144845629,0.03471451677160559,7.13384470500652
OGLE-2019-BLG-0299L,ok,16.382583688314476,1.0501681915687628,6.8618026600633115,0.23185529060931398,8.560577215493746
OGLE-2019-BLG-0468L,ok,8.100044804194413,0.9590829759891605,1.1419443934115177,0.04264517449334869,5.128010994052603
OGLE-2019-BLG-0954L,ok,0.845244234751083,0.9833774814915163,0.11985093550312108,0.039031212693359595,5.836766269051891
OGLE-2019-BLG-1053L,ok,11.578659804465465,0.9495923881804096,0.9756901300197336,0.015822807998063404,5.836784066795687
OGLE-2019-BLG-1470L_A,ok,3.302869396771757,0.9587882023728261,0.45091394979135113,0.03785128055564692,3.47052825360219
OGLE-2019-BLG-1492L,ok,2.0951834512134564,0.992129287290131,0.3241548609344811,0.036465605892038185,0.27854495998463075
OGLE-TR-10,ok,0.4454177504043094,1.0965515180475474,0.12021782867501131,0.09509754241616249,13.0
OGLE-TR-111,ok,0.3732943893519167,1.1021077982157168,0.09511249816562614,0.09941117901454204,12.366747602013788
OGLE-TR-113,ok,0.10808772473933852,0.9454168557636742,0.007880098430727428,0.011467742725673963,6.255563376656455
OGLE-TR-132,ok,0.24686396490606405,0.9756214533136432,0.04043878632325483,0.05417152705227367,6.888356497038835
OGLE-TR-182,ok,0.6984908671951757,2.0939161018227543,0.48809878377043725,0.35323363023012405,5.904317231471568
OGLE-TR-211,ok,0.05564598078056577,1.1601666657038598,0.032927123670808855,0.2487545016651067,2.952150062294658
OGLE-TR-56,ok,1.327194301211081,1.0852483675974745,0.2705353304608751,0.08210326895145148,13.0
OGLE2-TR-L9,ok,0.056293941550744055,0.9682262377708009,0.00315626010040505,0.007323593791710276,0.7749415034315065
PDS_70,ok,0.07281787684854858,45.773874474094626,0.07098993785584043,0.8565121635798373,3.0462539264741477
PH1,ok,0.013618363957691865,0.9950475319663674,0.003186461577396047,0.1041444828707739,13.0
PH2,ok,0.0036868161321606165,0.9802085776007478,0.000449016125735043,0.03202445076445765,6.453626176699733
POTS-1,ok,0.7886097631969108,0.9329306678096723,0.12345832714926701,0.05476590970999887,5.123461908026508
PZ_Tel,ok,0.004962404563411724,16.9846433782556,0.004720829191653852,0.4953327787343873,0.47260868033819875
Pr0201,ok,0.002736645554820792,2.6701046781087587,0.002869537085533475,0.6478931746326281,5.471656738835587
Pr0211,ok,0.0035259466760455813,1.5055064522466575,0.0025235226874070586,0.44974651035238694,5.232701665203145
Proxima_Cen,ok,0.0006481309243716561,2.035070598331619,0.00030839759518446825,0.11228672959631683,7.513997114676688
Qatar-1,ok,0.002930605318545588,1.017564198761525,0.0006636237837878623,0.0766826894434011,8.872795732689662
Qatar-10,ok,0.003778710668301915,0.7697895310436522,0.0003024371993625114,0.01480133384627783,7.2807790576948275
Qatar-2,ok,0.009819550981042669,1.0340116897642027,0.0012537871889840761,0.04361200549395927,0.4457509250182431
Qatar-3,ok,0.005171459493312998,1.0216894221091155,0.0010786077605707876,0.08791439054357843,11.922054560980621
Qatar-4,ok,0.007555860394927757,1.3426078909602672,0.005381063574681598,0.4188795610624179,3.5890832823707086
Qatar-5,ok,0.0036709963297702655,1.0827733518146703,0.0016787379254632987,0.29209014413554335,8.760661823782462
Qatar-6,ok,0.0025939043064979396,1.8995308295145228,0.0024880411357769807,0.6449436249850067,5.938044235645613
Qatar-7,ok,0.004193809149735534,0.9644577902772753,0.00033227855507902726,0.0117721441471463,1.9679684572633953
Qatar-8,ok,0.001706557651445016,0.9831571573864002,0.00023449919225225442,0.019866619838518146,0.7425582794471149
Qatar-9,ok,0.006887241603810992,0.9315761877789467,0.000340933123173592,0.0054430240303433896,3.139513496159489
ROXs_12,ok,0.009660056686700147,2.2924103529003257,0.007246844871814275,0.3632592893959809,4.4132031691428555
ROXs_42_B,ok,0.06841204626821064,18.70838534100173,0.06530503892854446,0.9832867092358697,0.8007250535717039
RR_Cae,ok,0.01084150375002178,2.395112084055999,0.01013161064865877,0.510604169286294,0.3042368761714715
Ross_128,ok,0.0009810222348885077,1.0280443202983622,3.136800721801944e-05,0.010348320492509142,3.5885327043614432
Ross_176,ok,0.001389884505054361,0.991254077845905,0.00012696011231033775,0.019059257848966643,5.215850597750515
Ross_458,ok,0.02704669592726055,77.58841552245859,0.025856945512981067,0.9632171129344317,2.8707042526234225
Ross_508,ok,0.004071202233000433,1.0240166142100138,0.0002450472223680944,0.036571302597528346,2.194843668915902
SR_12_AB,ok,0.04044137979198933,20.885174714164602,0.0409470822063108,0.8393129395514367,3.7544847121839373
SWEEPS-11,ok,6.074420577527811,0.9224344429403785,0.7640022183276162,0.033566090151228925,3.8911868497885647
SWEEPS-4,ok,14.42303300706935,1.033348114988251,7.40158869472551,0.3382609935911714,2.8535368911581522
TAP_26,ok,0.034966266245362684,19.070129940007405,0.04126721550725111,0.973479693390297,0.714035682522595
TIC_117642575,ok,0.0012728282631081032,1.0034957649358778,8.924541340812416e-05,0.010934516187392818,11.088134990034591
TIC_139270665,ok,0.0009596727214836164,1.0519444028237175,9.614418117334349e-05,0.021074982534635293,6.9190685946964114
TIC_139702105,ok,0.0006282529947580414,1.0514304955303209,6.870105683605496e-05,0.024412758325398035,12.792256211427457
TIC_142589416,ok,0.001406812112362188,0.8641002045766644,0.00022673857723255346,0.012842795422295203,2.020360218386501
TIC_147027702,ok,0.0014156611407910838,0.9956494396288704,0.0002166947601128453,0.04059279353388626,2.568038746952747
TIC_150070085,ok,0.004676359387772354,3.393444779084797,0.005678404748895014,0.747951482301342,2.89365472388352
TIC_153919886,ok,0.0015422980860667426,0.979692881971109,0.0005810597426012266,0.07027416548786902,9.599325240288163
TIC_154870955,ok,0.0011668824981959519,0.8479372341400544,0.00036134915597350046,0.048008533044837896,4.900045151526274
TIC_160113658,ok,0.0008897222672517083,1.0201468004081675,0.00014674041505667706,0.014285690960095507,0.5398132633116498
TIC_161045582,ok,0.0011046361873262454,1.017826774195876,5.0675898857285666e-05,0.0051095196081792195,7.911491604491326
TIC_172900988_Aa,ok,0.001196736345128111,1.4376596422452144,0.0006921803213627419,0.2981867858108725,8.586643656154495
TIC_178172313,ok,0.0024701112157977214,1.1858027747134539,0.0011050433140078694,0.23575467608197562,3.630810541017192
TIC_188624430,ok,0.0010105505058447867,0.6302493883544988,0.00017811922171064154,0.014521110734985977,0.3477514468065797
TIC_18942729,ok,0.0010378935329269745,0.9431826789920825,0.0001360191050973618,0.00815494220678155,6.607517513842316
TIC_198190129,ok,0.0039323282742679145,0.9687869797068432,0.00019547729564063198,0.005677782412043132,1.0009033430838723
TIC_206466666,ok,0.0005948732030571684,1.0176917269363512,0.00010680077798711953,0.01838461071365929,0.3942023481090161
TIC_231949697,ok,0.0020556350595551352,0.9864626353070263,0.00016599173097655827,0.015142894642331517,12.117320986039203
TIC_237913194,ok,0.0049884044212967415,1.027268064146083,0.00020118201762425145,0.01655327275700738,4.101729005868492
TIC_241249530,ok,0.001770214028843147,0.9655488865286443,0.0002217528236409036,0.03549120693087885,11.82235750277141
TIC_245076932,ok,0.0030574418232373647,1.3064022253870144,0.002097506493495171,0.2512320960830459,12.620714700724422
TIC_24750448,ok,0.001391567540649961,1.303550510598034,0.0007967557530261175,0.17161720181567333,6.40928100900216
TIC_249022743,ok,0.0008171795336628733,0.9382872860107797,0.000127278763318334,0.011955665213769008,0.8147692271778892
TIC_257060897,ok,0.001932518665575617,0.9660611871359714,0.00024220561922965486,0.031869496742840224,13.0
TIC_260969020,ok,0.0006422209730446279,1.1311378676396835,0.00032901741607505074,0.10787035086322692,4.682653685931214
TIC_270471727,ok,0.001965989350348184,0.9523746516676416,0.00012382765712959818,0.008914353473574405,4.312782835137467
TIC_279401253,ok,0.002014032382421011,0.9654106810355625,0.00013761971203127916,0.011206700294151958,12.7081429703112
TIC_290487717,ok,0.001317886192463445,0.9625113189554011,0.00020657119865784068,0.012947083586140233,0.30050880982265304
TIC_294329732,ok,0.0005900359270183422,1.0080084864665928,0.00010095844485361298,0.01567760180565836,0.6914207893150016
TIC_32032563,ok,0.0012954984766453176,0.9525242340972161,0.0002059349406734214,0.012140410347774085,1.9952510898832567
TIC_320419023,ok,0.0007161155186777754,1.0101889372607529,0.00023417303702443065,0.052983523639448596,5.549224684302461
TIC_34085383,ok,0.0006687127462053468,1.0669058729377756,0.00020207275575263685,0.04470523409310884,5.334106802427244
TIC_349520724,ok,0.0009711372358409378,0.9906336733580198,0.00020193205658184358,0.021455519500941156,2.542389304113628
TIC_356227008,ok,0.0014200062387418892,0.8031613077140002,0.000311611273130059,0.024986666400803086,1.547191646717723
TIC_365102760,ok,0.0021884097270527363,0.975962710450734,0.0001423087556904873,0.010394070547432658,4.133140071965961
TIC_38825265,ok,0.0015306788349960805,1.1383873960281656,0.0008357711526678581,0.1263634665454528,3.1272810179120296
TIC_38828280,ok,0.0013070903263698757,0.9619909806255641,0.0003009073732396093,0.024719482548289474,9.226322447215612
TIC_390586021,ok,0.0015674849748277453,2.138893704563958,0.001267992053763953,0.41153374097496226,4.835165180072351
TIC_393818343,ok,0.0007525099995084444,1.1420963085427107,0.0003504744657590258,0.29132511006911854,8.257079975086763
TIC_423703298,ok,0.0008227605280575393,1.0887398364752605,0.0004086674161603565,0.1067270147197402,5.949771873962792
TIC_434398831,ok,0.023574705266572234,21.4320730035929,0.02720331685712476,0.7609719160119542,1.7740498016934558
TIC_437041147,ok,0.0011422273061465276,0.9814470843973738,0.00013697122365841544,0.007212265679432241,1.7817666072391407
TIC_445839811,ok,0.0007276462330717216,0.8383607857689932,0.00013737686430199432,0.01740906181045151,0.7297846228128891
TIC_46432937,ok,0.010311102592171804,1.0573425440492847,0.0014020584751452143,0.03331424277909088,1.4415179013689046
TIC_4672985,ok,0.0037973782703603493,1.023242570550947,0.00012355927086975436,0.012989529977017293,2.5942710493620544
TIC_52059926,ok,0.004698940090564637,0.9543684834794554,0.0004015240932186985,0.016945641640246832,7.227552861168613
TIC_62895484,ok,0.0015788779836605617,0.9743812219782994,0.0002752461109710078,0.014857733176756299,7.996153822765639
TIC_65612701,ok,0.00018996502166038272,1.1822340293762048,4.663772307535542e-05,0.028304816560851154,3.7944222932188394
TIC_67686059,ok,0.0008738355323833685,0.9779603275396447,0.00017936069578346553,0.024448381645833493,0.5557385257729586
TIC_77319217,ok,0.00043534180780430273,1.073368514486574,8.369285989991773e-05,0.019815229598365996,0.4718437332120696
TIC_77552382,ok,0.001556058414854889,0.8894701977993753,0.00035435979968448513,0.021927688943658933,3.6332718790976233
TIC_86380416,ok,0.0019020511303802442,0.9733528507349724,0.00012079256244582427,0.009694506269430199,4.867932330247106
TIC_87422071,ok,0.0025377832832822714,0.9905214481780136,0.0004441710675321625,0.05861430827062154,4.366123260198427
TIC_88692598,ok,0.0009274613771692493,0.7441776505087822,0.00014081454791617376,0.011297872629685986,1.3854066400814844
TIC_88785435,ok,0.019900664167814025,27.099056534003065,0.02264095223595587,0.5524209023937255,8.349417485022917
TIC_9344899,ok,0.00568920245922366,1.0920438513382065,0.0014143737682983746,0.08831953715801542,7.7389684345225715
TOI-1011,ok,0.0009271424818656994,1.0040785330061168,2.686568057590235e-05,0.010254604410477075,7.840484731692784
TOI-1036,ok,0.002997581644035364,1.046708193903722,0.00015526735679707426,0.02518317613692978,0.3156031785412877
TOI-1052,ok,0.0005896371808750584,0.9812894029346344,5.178756883414513e-05,0.01654106872262507,5.418634035948943
TOI-1054,ok,0.0004630981435294123,1.0218706659910086,4.4644668640581096e-05,0.018876687628408776,3.166446637935508
TOI-1062,ok,0.0007546420922813836,0.979886683434447,7.551600412010115e-05,0.021321841413370714,5.027722663725658
TOI-1064,ok,0.0012943522602883346,1.234526724610705,0.0007931794512075261,0.42717719127130815,9.37214893803282
TOI-1075,ok,0.0020935361419698933,1.0082709694620735,0.0002918197523415745,0.0397272167008939,6.651304130438814
TOI-1080,ok,0.005588246397581901,0.9465976474693093,0.0005060439946274808,0.018434795081457407,4.6644236773292285
TOI-1105,ok,0.004322540958675262,1.5623769215530183,0.0037868969312979577,0.8029875149841258,8.313051097291497
TOI-1107,ok,0.002316098964416565,1.0787032786837916,0.000505249757024076,0.08342461368548926,2.0341916732655547
TOI-1117,ok,0.0030359052458458075,1.0219021174734995,0.0002241280276819888,0.04946187485177841,9.473956829566747
TOI-1130,ok,0.0025516269900659155,1.0443085185737513,0.000262143987558025,0.026289845342081578,1.3814225161633384
TOI-1135,ok,0.005711616385220779,9.384931895887453,0.00542623668202718,0.8970208238147583,5.098912204216928
TOI-1136,ok,0.00846225036071796,14.53828145021156,0.009822161814059524,0.8731512600162131,8.692700097490196
TOI-1173,ok,0.0012095697059260906,1.0377859475667202,0.00017671289902500864,0.041940425584397395,6.9457446469419795
TOI-1174,ok,0.0011582196464613656,1.042472190098657,0.0002538148757709427,0.09441346990374742,10.073214392260814
TOI-1180,ok,0.0010621002888312678,1.0135009835828732,0.0001864558045554392,0.06184526031796004,10.073265584234367
TOI-1181,ok,0.0011259998043782007,0.781116443969245,0.00021515038467987695,0.033347962867323624,6.559384988051961
TOI-1184,ok,0.0011707098893338505,1.138917113404837,0.0006166688859091807,0.3808937338586611,13.0
TOI-1194,ok,0.001372520954093703,1.0302644780194554,9.357277913008147e-05,0.009233609592617969,6.945686584691039
TOI-1199,ok,0.0013270511209794618,0.9907422312676191,8.269586735280706e-05,0.009539964896221926,1.1636436618600954
TOI-1201,ok,0.0026772410388956765,1.2280419661312907,0.0017331619380807897,0.49980982830370946,11.621755832650148
TOI-1203,ok,0.0003796171879798669,1.058812244481144,2.4347193003655293e-05,0.008513963505744432,0.9134983855067601
TOI-122,ok,0.006316305102987002,0.9482290788832848,0.0003833986471044651,0.008563153389900971,8.865489051659994
TOI-1221,ok,0.0010369939096038093,0.9831047633268286,7.645124691174392e-05,0.01133788722758504,5.637855875224415
TOI-1224,ok,0.007238983755541817,2.8412811245079364,0.0073288397978837705,0.7066663335651411,1.225570724011586
TOI-1226,ok,0.002298389824698678,0.9807242608147237,9.467190520782303e-05,0.004125946661614223,4.2253668601885765
TOI-1227,ok,0.019438776187307015,1.0009892092444206,0.007775703490024363,0.2797074234675599,1.6574850898901243
TOI-1230,ok,0.0008138963904602085,1.0206116844455149,5.164952311063389e-05,0.009321643035628805,0.9314892755050237
TOI-1231,ok,0.0013776710477268915,1.0041283426445136,0.00011768120359559195,0.012563787556900881,0.3884532473904301
TOI-1232,ok,0.0030280789392257918,1.0871037854652685,0.0012422491607298244,0.2145701949839156,1.3561161514688935
TOI-1235,ok,0.0011130008544785806,1.0121415141989023,0.00018509441526773417,0.05395313422561095,0.9992675280539103
TOI-1238,ok,0.0020010498966064614,0.9752414498976512,0.00010641073684631565,0.0065303433529519785,0.7724224053360929
TOI-1243,ok,0.0021952959523049015,0.9664242233044633,0.0004243109348747966,0.07576046555367885,10.073281492543646
TOI-1244,ok,0.0018131976998718884,1.0361098423565207,0.0001490720104877122,0.014470433808606464,6.012408601777281
TOI-1246,ok,0.001956370840033381,1.0189688826735723,0.00012234780507086793,0.008608347709031624,3.5023535472595575
TOI-1248,ok,0.0018851293617433626,1.0022941256497506,0.00014130297336464737,0.012919994010104234,3.502336567578526
TOI-1249,ok,0.0011295953410225777,1.0156863880411098,8.710978305491145e-05,0.013538703488472715,12.694254204433491
TOI-125,ok,0.0010841302761602477,0.9926910340398979,8.178239310210327e-05,0.011452645188218879,4.689446198424321
TOI-1259_A,ok,0.002026058472851131,1.0049926154342794,0.0004947273336119074,0.11294071330126042,13.0
TOI-1260,ok,0.0018152489752958812,1.006558153936953,0.00020468225542958165,0.02591788351669976,11.85210478265855
TOI-1266,ok,0.0018439733125240883,1.0120988527208727,0.00020380046062491516,0.027907328162859,4.510223642516523
TOI-1268,ok,0.002015068833692433,1.8848609057844807,0.0015618741804624484,0.3918251660639795,10.131951317607768
TOI-1269,ok,0.0017306179703141511,0.9954481875620759,0.00014905161879735887,0.017342536555908866,7.881628422772805
TOI-1272,ok,0.001799572963746043,1.0113997058462583,0.0002465544583488525,0.0392071911020719,11.057591434652482
TOI-1273,ok,0.0012858697354512741,1.0128807885136308,6.787004446880812e-05,0.006381854672791991,0.20659469205290576
TOI-1278,ok,0.0032160777153483104,1.0169671914975469,0.00037548578602965543,0.030005989762042825,7.651941250677568
TOI-1279,ok,0.0010524597733194397,1.006540810855872,0.00015861716838252535,0.045754477524360584,9.480914957465151
TOI-128,ok,0.0005585645463054599,1.4964076749026325,0.00033396786022610656,0.3129263774045083,4.689372788501228
TOI-1288,ok,0.0010432531558080607,1.0252112118875463,0.00014923776246503646,0.042798353484620334,4.819564114675679
TOI-1291,ok,0.0016321552176493794,1.0009913014558653,0.00010249535710031591,0.009320386410898817,1.4407617948359264
TOI-1294,ok,0.0016532988070339409,0.9691869177447372,7.581994956829833e-05,0.004849924895988353,3.1435692636981756
TOI-1295,ok,0.0016020918425494384,0.8175298188575177,0.00023482374335271881,0.035591099073816995,3.7899634374321414
TOI-1296,ok,0.0015817427145657522,0.8208068175205249,0.00016149838730889363,0.021564451962503017,6.043431669029575
TOI-1298,ok,0.0016613311500498188,0.4674965360805093,0.00012374275599640755,0.011553444979339366,5.473960161364719
TOI-1301,ok,0.0023856050132123894,1.7803105881468915,0.001647931192901333,0.32784678604090994,11.851324615482717
TOI-132,ok,0.0015591502726434875,0.9737107973290723,8.007097553123493e-05,0.006099852300527771,2.414642266246884
TOI-1333,ok,0.002907365082847668,1.661435357427374,0.0025703099773109923,0.7078968964061964,5.419136567219248
TOI-1338_A,ok,0.002281729058233329,1.0273092161249437,0.0006240030338948133,0.10347557599564529,12.691104163649811
TOI-1346,ok,0.0029805679079703998,1.763059998735431,0.0025901361016269627,0.6461848018442174,10.073232555813155
TOI-1347,ok,0.0017903419359962846,1.193835885260526,0.0010865668093892231,0.3938157997790845,5.30022230953308
TOI-1386,ok,0.003045759198857855,1.0639212004158412,0.0003084640308756034,0.07131146983688559,5.413953417078739
TOI-139,ok,0.0014836701646740564,2.0427324185646967,0.0012139641620976507,0.4405904122836863,7.4153472818706545
TOI-1408,ok,0.0005929358211512168,1.081015853625375,0.0001367938084379328,0.099626527682847,2.558989880133298
TOI-1410,ok,0.001189973088621064,1.0467103541396776,0.00010888507088898401,0.01849440392630788,4.110970855280535
TOI-1411,ok,0.0006529476409403374,1.0569080558170347,0.00012353511445957726,0.06566367401236317,11.93969440245803
TOI-1416,ok,0.0006526717380707664,1.0586247183159962,0.00011956261456497808,0.07076256759430066,8.523451151229763
TOI-1420,ok,0.002193606314078736,0.9960737077028787,0.0003762154087984342,0.04964752611825586,6.81544522646043
TOI-1422,ok,0.0011030113821429157,1.0208085026371458,0.00010477113041143059,0.01851278418357992,2.126962297922706
TOI-1431,ok,0.0003782478954667199,1.156561905165201,6.765584076529277e-05,0.04512684208584662,3.6151834463463124
TOI-1437,ok,0.0005606987511192417,1.1127207588855035,7.236553993903462e-05,0.03539570555469155,6.012354706669095
TOI-1438,ok,0.0012862731677998635,1.0433798678261281,0.00031677174183055047,0.1079586629268243,10.073269129815984
TOI-1439,ok,0.0010171960292397065,1.0345863974533784,7.630582837072601e-05,0.012027202675203649,8.945344140788459
TOI-1442,ok,0.0047543229727858224,0.9710318037849597,0.0002865360077425594,0.00800292415753309,3.5023992788847123
TOI-1443,ok,0.0009964527798845852,1.0287138179423052,4.804981067816531e-05,0.005277874271691651,6.012481124999736
TOI-1444,ok,0.001247196529778957,1.0115162059230538,0.0001818064301523633,0.03905886056008457,7.6519913845112955
TOI-1448,ok,0.010359318357810296,0.9752702474843844,0.0014499767744456304,0.04675902638340109,7.65197857442197
TOI-1450_A,ok,0.0013033960569304507,0.997558053212807,0.00013053918837543642,0.01988706490348577,6.604050038505403
TOI-1451,ok,0.0006500907258197395,1.1039450222512766,0.00011748593171215402,0.056306274072699856,11.47295248275689
TOI-1452,ok,0.005624500723588943,1.039950558341994,0.001395286700806697,0.1220019728928767,0.9365479773455939
TOI-1453,ok,0.0010962136928317793,1.0271641407418584,7.947985821615021e-05,0.012090935044378196,5.743712152337136
TOI-1466,ok,0.0017976768061250354,1.0445918367346914,0.00047540469340803977,0.12450092066237287,5.8263101576017675
TOI-1467,ok,0.0015586770168260903,1.0651453471675134,0.00026713927847189014,0.061971680541968985,9.145984710535515
TOI-1468,ok,0.0018741930034732422,1.0495275280939216,0.00023121210664281907,0.031078670174897825,9.652124971893935
TOI-1470,ok,0.002855683981423423,1.0171117238651906,0.0006800054675845711,0.1053590681640113,10.461024333616871
TOI-1472,ok,0.0015894387416644194,1.154105476549607,0.0003147075170101555,0.05181369934922566,0.5687781214187894
TOI-1478,ok,0.00262577848005939,1.0484602965711092,0.0003280198715893742,0.039536275284051736,2.0104021661513944
TOI-150,ok,0.001626807061487209,1.00679458586206,0.00017826041799749896,0.02646202941140688,6.321003333981109
TOI-1516,ok,0.0012817641966700718,1.026538343603797,0.000302807573659567,0.08353017165172044,9.547133652944371
TOI-1518,ok,0.0011961362760437473,1.0559157767470393,0.00029309915819735187,0.09167400170255692,1.8903454304903557
TOI-157,ok,0.0030158048617781657,0.9771082340011752,0.00033171400069380617,0.027215930098533094,4.619335377450136
TOI-159,ok,0.0014997177620673747,1.0705818201417487,0.0005178280156809717,0.12330948494909197,0.9106768977518912
TOI-1601,ok,0.0011354326471293406,1.060332423412972,0.00032330916663742167,0.12091924061436332,7.495528170067488
TOI-163,ok,0.0016922801985011858,1.0319211204453465,0.000207573350621465,0.03353899797719773,2.3622884782946136
TOI-1630,ok,0.0006956501680141689,1.1489514418629843,0.00014199988123754758,0.07614611124152448,4.11565596863304
TOI-1634,ok,0.0020751665750297194,1.021875992061648,0.0003628379404905171,0.060832077067762634,9.600559049413846
TOI-1648,ok,0.001948617958396081,1.0457157012824811,0.00011847597716168523,0.033588452822060355,1.9482151529212646
TOI-1659,ok,0.003010509571365181,3.698567887692871,0.002523241691248867,0.31613078131712313,3.695241897275251
TOI-1669,ok,0.0008189152038379523,1.0591772559422894,5.16099389633548e-05,0.008595437880398593,1.68121404938874
TOI-1670,ok,0.0008090337333462479,1.0956090160343699,0.00012124741463507718,0.04737974148057388,7.227210841570257
TOI-1680,ok,0.008305210554868644,0.9266102304303344,0.00047063786489099724,0.007312403557944111,3.5023938056046227
TOI-1683,ok,0.0013865789239526929,1.4591063400702942,0.0010007497074330234,0.4661184563408783,11.391207846864663
TOI-1685,ok,0.002148700927360562,1.0339874840873546,0.00011810947956598991,0.006241821452079297,11.391305580151952
TOI-169,ok,0.002747970638895876,0.9956006781622057,0.00023937075210411286,0.015858554229650053,7.0365710084247555
TOI-1691,ok,0.0007894049278963022,1.0446187423207174,3.2325941198637826e-05,0.0037027426562011643,0.29302463231773906
TOI-1693,ok,0.0016517656015105913,1.0031274312339054,0.0002968196574507906,0.06621548525102545,11.288094151589846
TOI-1694,ok,0.0015064299753580028,0.9910084351877017,9.054590237639387e-05,0.008234335481468806,2.569421304481144
TOI-1695,ok,0.0019665563376539933,1.042559668088293,0.0004771871694918385,0.09848479439619044,11.679586070022651
TOI-1696,ok,0.017251554390112108,0.9801866740255917,0.0010680181099093694,0.008916772525629281,2.3642290513893998
TOI-1710,ok,0.0006122845178090914,1.0926778465884814,0.00021339876072941745,0.19182957836253403,12.453633856180545
TOI-1716,ok,0.0005608643796615813,0.799970580426659,2.9325557535140598e-05,0.006095565498592839,5.947675298047914
TOI-1718,ok,0.00047071660824711347,1.0736917357137634,0.00017072819325406313,0.18996245854425864,10.024343998353844
TOI-172,ok,0.0035905263341791285,1.0638281926724136,0.0005679765640357686,0.1336163318314775,3.234080824601993
TOI-1722,ok,0.0011275271278281087,1.2601766129187872,0.0007332347669870749,0.33035053598783404,3.8559207533250515
TOI-1723,ok,0.0006590611684641845,0.9875701512162737,6.618740541193004e-05,0.019799882937577985,5.690447089951347
TOI-1728,ok,0.0016339340498557633,0.9148564691923606,0.00011720823428578596,0.0115197990619097,4.678581350626421
TOI-1732,ok,0.002180470776839072,0.7629943630868451,0.00015070629942885667,0.010911504927749576,13.0
TOI-1736,ok,0.0004814554504546712,1.1308790118039063,8.634253556428164e-05,0.05729585205394217,10.656408330209139
TOI-1739,ok,0.0011473802884652063,1.287422478698358,0.0005934303150099165,0.26080045727801787,6.294400102767388
TOI-1742,ok,0.0004949775273542927,1.2307874005413264,5.829610363538685e-05,0.028322622140872507,4.647495224876915
TOI-1743,ok,0.004030808555546849,0.9829699664533197,0.00032175966014818587,0.014884779668700695,3.386303154986258
TOI-1744,ok,0.0006729730982268256,1.010199711626187,9.803629478296275e-05,0.04471059347169121,3.7998298552186003
TOI-1749,ok,0.004129376812278472,1.0072340010830843,0.0007047431327953382,0.05129898993106385,13.0
TOI-1750,ok,0.002505740581899804,0.989472809577948,0.00028747039894777636,0.02850312991278628,4.8328889061343725
TOI-1751,ok,0.0005587330498326702,1.0672559877951984,6.101275858022962e-05,0.023554230407789603,5.775572635315408
TOI-1752,ok,0.005529235319880775,0.9680415049257701,0.00023030772378838417,0.003977401211550952,13.0
TOI-1753,ok,0.0020206713934711896,1.0184202490552283,0.0002806885961563725,0.03793420340036789,12.725143341139983
TOI-1756,ok,0.003307122047819273,0.9640107219646233,0.0006107061823325054,0.0748888162501052,11.388007738671377
TOI-1758,ok,0.0010849274493249246,1.0330403035800038,0.00011680117152372839,0.02428242580299407,11.784396049069985
TOI-1759,ok,0.0010951701013870872,1.036425133360857,0.00011166701711084644,0.022164045138873028,11.881026852274431
TOI-1768,ok,0.0009926457285698998,0.8866533852125642,8.572249775971989e-05,0.016205476966768786,5.357649588091949
TOI-1772,ok,0.0007481637163119066,1.010951802107078,0.00016203558458191024,0.09077900930638204,6.662308731844793
TOI-1774,ok,0.0004163310678750143,1.3743776026588561,0.000101093210935516,0.08801762566971107,6.662270636929379
TOI-1775,ok,0.0030202643824956857,1.623402294421786,0.0022804514487891605,0.41292964755182987,5.356559935951651
TOI-1776,ok,0.00040261725049903495,1.233533484928203,2.4218014262602493e-05,0.007819354916895446,6.353693582750369
TOI-1777,ok,0.0005471167929120649,0.9981408748263306,0.0001432371658006072,0.12493515334612391,6.3536333779208745
TOI-178,ok,0.0012704226733926687,0.9723018424653946,7.938924289078476e-05,0.008080990026536302,6.360960908014977
TOI-1782,ok,0.0031464750217042184,1.5521704592715935,0.0024570947133411526,0.5222666012034488,5.7546474459208605
TOI-1789,ok,0.0007566485144034792,1.0733806473947298,3.3109231319377747e-05,0.0042230552860404134,12.037592336712123
TOI-1794,ok,0.0008852456969609109,1.0429236831162259,5.6064970814513466e-05,0.009001281741858642,12.163302647997057
TOI-1798,ok,0.0013794677689104413,1.0234993268007937,0.00012592960280406927,0.01914494599532172,11.51420259786039
TOI-1799,ok,0.0004404694567551708,0.99494951925081,2.1842921968769696e-05,0.0052524900328059215,1.0966186290019504
TOI-1801,ok,0.0012889655147786756,1.246507470625169,0.0007864415258452383,0.4122895042798004,13.0
TOI-1803,ok,0.0022050202651585906,0.9132268071789952,0.001214197979805117,0.39980568582476694,4.521019876002931
TOI-1806,ok,0.004997722653772134,0.7816834094839358,0.0002976067368933967,0.007781386332428905,6.4113655228604784
TOI-1807,ok,0.003034168638555176,4.534000233395668,0.00355517985516745,0.7536860711571856,4.370733283031644
TOI-181,ok,0.0014706515840261466,1.0864275181028646,0.0006625832877946841,0.2666242469827397,10.119495151920727
TOI-1811,ok,0.0020188735620317927,0.9207109272579862,0.0005560416513717341,0.12051235335173247,13.0
TOI-1814,ok,0.0017505403571628309,0.995143663462081,8.693478226632083e-05,0.00573802597773853,1.5690700518292662
TOI-1820,ok,0.0013468416517059508,1.0240355625733883,0.00015516637995667535,0.019400627527635356,4.651199110072727
TOI-1823,ok,0.0011211720114555515,1.2253777327490338,0.00018156370571172558,0.052266222443957525,5.454231462741853
TOI-1824,ok,0.0007198243095790917,0.8515847350180741,0.0002814675684963363,0.18130513742929885,6.333818932781146
TOI-1836,ok,0.0007307571274825189,0.9323050127125184,7.952636341305654e-05,0.01715873937427896,2.0485949243708172
TOI-1839,ok,0.0012273307532634102,0.9479733415716955,0.00019556613024398865,0.040931918233740566,7.71463738202698
TOI-1842,ok,0.0007365604962971908,1.001691707867212,0.00011572062700574012,0.030470199592964115,3.803585208948706
TOI-1846,ok,0.0028206402161732756,0.960453511222306,0.0002493440094838295,0.01639038360214876,5.986582975055543
TOI-1853,ok,0.0021257932946553075,0.9775874275902044,0.0003721382642928848,0.059853233110065525,6.52914601902369
TOI-1855,ok,0.002163482900202258,1.4425370687628691,0.0016690292773399464,0.26619680491316,5.228058013931215
TOI-1859,ok,0.0010036027339445856,1.0238335656968904,8.402392524696552e-05,0.015493265596311574,5.754678630143426
TOI-1860,ok,0.009684397979418329,30.43271022418998,0.010230885462109547,0.7399232548307675,4.426250924232885
TOI-1873,ok,0.0014858653340120427,0.7961974194866818,0.00011793050102580987,0.014574682824354214,5.454531860412579
TOI-1883,ok,0.01100404236996227,0.9696607527866427,0.0015908849310399935,0.04295626164611813,9.211899493888653
TOI-1898,ok,0.0003254793270247591,1.1938675930502158,3.630461177209404e-05,0.02342631030761585,3.7436077000142776
TOI-1899,ok,0.006437122960964763,0.9661289158017959,0.0011028783953867566,0.0590843517206608,8.758670890588318
TOI-1937_A,ok,0.006366487853568278,1.3064533773837705,0.004009153027003459,0.37042071461852694,6.585593590598603
TOI-198,ok,0.0009424294570706845,0.9502479535239509,5.7022949439041056e-05,0.008658396874967948,3.9667917499012053
TOI-199,ok,0.0012215709508587658,1.1621731431964781,0.0007048186693753829,0.387188514375247,9.467701875859714
TOI-1994,ok,0.0012906191750873858,1.0015802747212499,0.00010214686646727952,0.01338070805110039,1.0068299295237086
TOI-2000,ok,0.002890066783196093,1.0454014366820175,0.00021824024672847592,0.035403133845905585,2.043218488030854
TOI-2005,ok,0.0007986386019751858,1.0334581753239982,8.305185365378782e-05,0.023466684589672424,0.336204208733921
TOI-201,ok,0.000499568555527348,1.0384369410038774,0.00013827789548071656,0.12285292499556386,3.4227074573343645
TOI-2010,ok,0.0008107626777958745,1.14425037144133,0.00018723422758593294,0.10011161036859118,5.518100394060791
TOI-2015,ok,0.007983813856996064,0.9399999153538873,0.00397190202020639,0.30576831003067645,5.968003879736543
TOI-2018,ok,0.0008369999934170776,1.3317616221715758,0.000473172869266033,0.3425146671945548,11.837680834867804
TOI-2019,ok,0.0008309205760782198,0.9357081257714743,4.4895271825621294e-05,0.005906320106264312,9.10227666380089
TOI-2025,ok,0.0017103369603927718,0.9631456625772171,0.00012941750447884425,0.013192132012011406,4.723664700243954
TOI-2031_A,ok,0.0015798773684234698,1.0002268408656507,0.0002762795875182264,0.04257755794167471,5.818120925983489
TOI-2046,ok,0.0019465145287959854,1.0236048017463586,0.0005427902870470355,0.1144520588700153,4.111218308820197
TOI-2048,ok,0.0023935798190885846,1.6089182970404932,0.0017279565527740781,0.39764341509930407,4.385348729334442
TOI-205,ok,0.0007532771851947786,0.9892084860644917,5.71724801344245e-05,0.012399363862979637,1.5031856997953217
TOI-206,ok,0.004300085475581306,0.9624498987056266,0.000702224603420724,0.05054157124863472,7.1831485654845695
TOI-2068,ok,0.0028676910140198676,1.1971409021715467,0.000898420390501206,0.16307862659418526,12.620233665849582
TOI-2071,ok,0.002024168846921239,1.139858861698669,0.0011193297757658943,0.3929744603122585,10.07319944628987
TOI-2076,ok,0.006716844257735953,15.640722364857972,0.006779762306683083,0.857406202582325,7.456696396719735
TOI-2081,ok,0.003085137870929717,0.9895088974965676,0.00033004530223165783,0.025652905799402867,3.4132533961828755
TOI-2084,ok,0.007371911807401604,0.9474127636468818,0.0006428596698907481,0.016098841593629305,1.0014574013351971
TOI-2088,ok,0.0016688230283516882,1.0139168252915605,0.0003598491910322639,0.0886525835777746,5.7546764975471945
TOI-209,ok,0.0015501678167059755,0.9678463508710344,0.00010334854154615091,0.009364477459772506,4.852716479446846
TOI-2092,ok,0.001463942729992563,1.0205342933171953,0.00022720931547240097,0.04990683820169043,5.258652897962707
TOI-2093,ok,0.0016544340764155113,1.0110852312893528,0.00018440434771673544,0.025194463239828806,10.836158300639264
TOI-2094,ok,0.00381950699014217,0.9884668077034879,0.0001798787605114539,0.005354542113212994,2.8363007652606034
TOI-2095,ok,0.0019864221788083673,0.9743767037432906,8.550234848413494e-05,0.004508694236591503,0.807038835631374
TOI-2096,ok,0.01131210145830494,0.9567929142794879,0.0029538788262192966,0.11884892829995346,4.577281747770372
TOI-2104,ok,0.0010328453742395138,1.0089616987031131,7.445207121609788e-05,0.011243564046628983,2.8975757375766165
TOI-2107,ok,0.007444926049485933,1.6990899650333273,0.0024705040372110165,0.1309328138676376,3.4545146608820034
TOI-2109,ok,0.0010904550150190463,1.1483218096271752,0.0007531416758502049,0.20628023354448136,0.33659502136949665
TOI-2120,ok,0.007891476615174737,1.0120549463450144,0.0018546368628382553,0.10949567120237809,6.512153935450821
TOI-2128,ok,0.00030776771070239236,1.549089346909502,4.606571478269593e-05,0.038880878653599384,11.663253456726723
TOI-2133,ok,0.0021219840361171383,1.179620381706685,0.001267562481281584,0.41403123766635436,4.983632914147258
TOI-2134,ok,0.00038148045488164544,1.1252052400037664,9.91008241304739e-05,0.11405932282533243,6.215287854673818
TOI-2136,ok,0.003323328163525749,0.9050158902425866,0.0003100868042703016,0.019575344883706096,1.2068670789656861
TOI-2141,ok,0.0006155761250348259,0.9409298264740643,5.456944756241118e-05,0.015256605053926673,6.111025537365192
TOI-2145,ok,0.0005750020032052035,0.946462601323211,0.00023241213300018572,0.17803582267258208,4.0098211439785265
TOI-2152,ok,0.001753587036448243,1.046459455974635,0.00017134634115342036,0.020142245820727187,3.408109415669097
TOI-2154,ok,0.0014313435977675148,0.9778759136130516,9.111191774746456e-05,0.0072790441182030525,0.29379224546565397
TOI-2158,ok,0.0011876498132497727,1.0276935112172112,9.603790378151821e-05,0.014713448779177516,5.912314114833994
TOI-216,ok,0.0023246117637948866,0.9700332164860678,0.00016444367741711867,0.009418511446269597,11.754229239685403
TOI-2169_A,ok,0.0015320910478898147,1.015869565165871,0.00011326165058701864,0.012862361441390649,7.900309198548326
TOI-2180,ok,0.0005555944491928275,1.107128361973111,7.827590854830857e-05,0.03882799151056667,10.073229945823746
TOI-2184,ok,0.004968994009287457,1.0153554941250686,0.00018190051322998176,0.016780863642940104,2.808211228077274
TOI-2193_A,ok,0.0023552923779481347,0.9820184171470835,0.0001789305438865325,0.013557875987617941,4.841229911427312
TOI-2194,ok,0.0003628369244138274,1.33143983821845,0.00013143075092557352,0.1735139346804616,9.368974164673492
TOI-2196,ok,0.0024624736469372305,0.9919303177384265,0.0004378621051164672,0.06350404024910779,3.342811627806981
TOI-220,ok,0.0008610413379737273,0.9840596921017936,4.0448297919857014e-05,0.004932811872669709,7.067298007560333
TOI-2200,ok,0.003637971308438965,0.9839173481431046,0.00023263010706508968,0.009880703255458772,7.300152501059501
TOI-2202,ok,0.009048423138839298,1.1160911884008284,0.003701081646355804,0.4070824015973234,6.441066338580927
TOI-2207,ok,0.0018422866271499156,1.0105021914187329,0.00035587710093806416,0.07593720944728187,5.536084095575947
TOI-2211,ok,0.0007096784701524808,1.0361812409461701,5.0044040993807176e-05,0.011562130361029615,3.2051284371035353
TOI-2227,ok,0.0010128930371955096,0.9995647744406941,0.00033501065983257536,0.18249081730763916,5.637844990451945
TOI-2236,ok,0.0015681606216138414,0.9919293158677936,0.00020649860833792653,0.031863564169776065,5.651723490172405
TOI-2257,ok,0.006716370302795696,0.9793201251875772,0.00039808747913050923,0.008257597622647267,2.0547432614609096
TOI-2260,ok,0.005296065872519768,5.237399519065753,0.004938131285651008,0.6418030317780964,9.072431069266226
TOI-2266,ok,0.009983043570240102,0.9127096933430162,0.003280014694163117,0.14257127294260458,13.0
TOI-2267_A,ok,0.0041234133935362585,1.0504600803226811,0.001398895218034029,0.17598435525097042,0.6969837700551239
TOI-2274,ok,0.0018562638548394654,1.2936370134769755,0.0007308027097377744,0.17507614866747445,13.0
TOI-2285,ok,0.0023108450673374804,1.0007119372913833,0.00016312875437886841,0.011508970482061282,11.88101995777481
TOI-2295,ok,0.0007518153440049049,1.1816351749054714,0.00011080259285200895,0.041421232687382584,8.238932438090792
TOI-2322,ok,0.0018102795936835092,1.7397725306678176,0.001570770099599781,0.6514593112710553,10.19849270691359
TOI-2328,ok,0.002471536740088811,0.9849827696214752,0.00011843636460825116,0.0056560151777847135,0.428596635485061
TOI-2337,ok,0.002237161450992026,0.9559536705811998,0.0003060847554688595,0.0402072403913998,1.4863763169359634
TOI-2338,ok,0.006049119053483084,1.033495528164715,0.0002346191981761797,0.013702128848365065,1.5583062477031786
TOI-2345,ok,0.001223318846066544,0.963446599144009,8.093907329036797e-05,0.010008284874727134,1.1193191830020504
TOI-2346,ok,0.002543671584969155,1.0483816435783726,0.0004366388392539377,0.027644810392307834,1.6475837643839453
TOI-2364,ok,0.004616579094006559,1.8460135859522722,0.003320950884920581,0.4505979946953885,9.596751807748282
TOI-2368,ok,0.0029735523501602267,0.9925095570586075,0.0005146106699078879,0.060791202874173354,9.524364839398038
TOI-237,ok,0.008250314467312003,0.9462458306384635,0.0003211539330885807,0.0036728345020949752,0.9479182683737147
TOI-2373,ok,0.012748318593843736,1.026128288202977,0.0003456082464933896,0.008334010704550891,1.115254949113717
TOI-2374,ok,0.008613380729811885,2.237361804639713,0.0020595027855716346,0.06912617796493621,4.404473964302899
TOI-2379,ok,0.010536541012683238,0.9678148404129864,0.0007783402034739404,0.01182277153525196,10.926178247471626
TOI-238,ok,0.0011534215524028524,1.1688318420858195,0.0005057399325541465,0.24087387744843688,13.0
TOI-2382,ok,0.0022488975505735318,0.9921239335045058,0.00011011426292921303,0.005985927617370007,1.7082449059847944
TOI-2384,ok,0.0072063025515561405,0.9839325261378947,0.0007921915343824186,0.02465342316415157,8.474793858468306
TOI-2406,ok,0.02056193307787002,0.9242057921345997,0.0008663835761754567,0.004167427869568212,0.4695615714451722
TOI-2407,ok,0.004335493612042206,0.9574661528514586,0.0002776835787691791,0.009938786456574126,7.234734939684289
TOI-2411,ok,0.0012605188165108422,0.99464014548007,8.64093196778194e-05,0.00961056202376199,0.6472061247848842
TOI-2416,ok,0.008804114368846606,1.0237372257542452,0.0003211131905960826,0.014544433495298926,3.01792152229959
TOI-2420,ok,0.0004078492442394034,1.0203290300581094,0.00011686231626409835,0.03791175946363591,4.397595753616128
TOI-2421,ok,0.0033356964001053906,1.0307540988902588,0.0003195969145643979,0.058646136117323694,1.086251212041332
TOI-2427,ok,0.0007099416704955577,1.149891948080593,0.00023229395741900365,0.1581554989878467,6.053374794075591
TOI-2431,ok,0.000863661214873302,1.0808315711927605,0.00020912460769160302,0.09828252161733896,9.778501575977387
TOI-244,ok,0.0012338034913023147,0.9556659088625101,6.748949296073563e-05,0.00715039920877923,4.975087598998821
TOI-2443,ok,0.000507467496551983,1.213268180696896,4.3005522484271627e-05,0.0145453724050314,12.712054964555364
TOI-2445,ok,0.0067099719768018715,0.9313522237902003,0.0005635550817309658,0.015060706261190443,3.7638958942922915
TOI-2447,ok,0.0010012147540146505,0.9855404138566234,8.24837604636786e-05,0.015952387898967968,5.33403199900827
TOI-2449,ok,0.0009368575864651137,1.0050142286621702,9.68722540709749e-05,0.02179317868866403,3.135892321165501
TOI-2453,ok,0.004577235227036068,0.951077187732146,0.00021093344897437418,0.004936575649117676,0.4640058108430856
TOI-2458,ok,0.0005570759417071045,1.0807728125342988,4.912110383646717e-05,0.0172476411473915,6.8000194193213686
TOI-2459,ok,0.0016265973273767364,2.15564320473848,0.001253327669115469,0.4340696812241508,5.856738878009496
TOI-2485,ok,0.0017125516824173664,0.995549564929791,0.00037008223710399116,0.09663255094107652,4.5061312774415745
TOI-2497,ok,0.0007015483055069142,1.0421884850599394,0.0001178999779705199,0.03586250114123173,1.7694002530237263
TOI-2498,ok,0.0018869851094316817,0.960325012173297,0.00011320783348872005,0.008309664975384688,6.458370215955598
TOI-251,ok,0.007557559097364211,10.955742498188336,0.008402456604421214,0.8077472400407917,3.855087228213035
TOI-2518,ok,0.0011402319709206427,0.9904112886896037,0.00029886158607314486,0.13780313159900556,8.020239876809077
TOI-2524,ok,0.004070723311597078,0.9625928363487218,0.0005713173323554464,0.04402022557064161,6.635470066963257
TOI-2525,ok,0.016329207097304607,0.9962116456226527,0.0008025047498161542,0.024650279830517603,1.2155873288260017
TOI-2529,ok,0.001431888120409678,0.9848786230797201,7.593491035629594e-05,0.0064596636535859805,1.967120092777492
TOI-2537,ok,0.003497293978792717,0.9552058529322224,0.00019007849891662272,0.007205165050141031,1.6113068382453795
TOI-2545,ok,0.0005943249400100475,1.0876503650742413,9.380236492012672e-05,0.04305573894140243,5.676194006998467
TOI-2567,ok,0.002789919215006886,0.9641556697616863,0.0001690153935843726,0.008249151753387729,8.369310769990337
TOI-257,ok,0.0002754217806297491,1.2578136873031125,0.00012055955993141456,0.1691492955153438,4.987859256732918
TOI-2570,ok,0.0042137047467137095,0.9551511712327613,0.0005208797607936135,0.03498164456627578,0.7215360951563877
TOI-2580,ok,0.0016788554773217942,1.023400960584085,0.000347905413814438,0.04233703052534483,7.7924973638714325
TOI-2583_A,ok,0.0031655708538759317,0.9441651675099401,0.0001922163135233757,0.008776506481158932,4.570464517505525
TOI-2587_A,ok,0.0018293187700341724,0.9861655316929372,8.459465384794376e-05,0.0050343917795810655,0.43687690576471727
TOI-2589,ok,0.00336761612594395,1.0140744264837467,5.994259585022606e-05,0.004418073518094062,0.4564925916042016
TOI-260,ok,0.0004927025261509473,1.0698006046077617,0.00014365822668159744,0.13217352086430378,6.753796940321309
TOI-261,ok,0.0005720590743639512,0.9920650711638903,5.0650268852827606e-05,0.016374550490311127,1.2824193284582555
TOI-262,ok,0.0003787161679844096,0.9989867078081112,2.783970862247811e-05,0.012270448470567668,5.065479108197508
TOI-2641,ok,0.002052776480926897,0.9828793501990574,7.862328380624138e-05,0.003557686651124731,0.5764996837438882
TOI-2654,ok,0.005983170151691069,0.9495605694052118,0.0006502833057500431,0.025534251335169608,13.0
TOI-2669,ok,0.0023485778703098673,1.0649838069141684,0.00017621725516265101,0.047356627366719764,1.5618996007540995
TOI-269,ok,0.003631119556985016,0.9499476714981065,0.00019068190703165307,0.006680481074420998,0.7560495566426296
TOI-270,ok,0.0012722056764971163,0.9571151100827724,8.261987721460021e-05,0.008291736455138766,0.2814183372351617
TOI-2714,ok,0.0012392990754506394,0.9634029816666069,0.00030528021154824984,0.028140728970259737,3.1718243460389033
TOI-2719,ok,0.0032442021075199203,0.978569758080066,0.00032031008917413355,0.02200702765707547,11.294244476910695
TOI-2768,ok,0.0008106918925665299,1.266768218454535,0.00043016531976356885,0.12292626029474148,10.760506733154557
TOI-277,ok,0.004040411265249601,1.2288871024118173,0.0003149878454974977,0.014164349054312094,0.89656573924968
TOI-2796,ok,0.0070682951086544895,1.027474009201033,0.0004181294846879489,0.040148190332745214,4.654292068848737
TOI-2803_A,ok,0.010160886303825481,1.118860400351737,0.0020259327164381686,0.08904552596092384,0.9816048106599514
TOI-2818,ok,0.0025780744598235946,0.9774736035866728,0.0003601573874635822,0.03156313968442968,11.991688791725437
TOI-283,ok,0.000876107399884978,1.042834301625731,0.0003538463858222157,0.2533888591094494,11.89087848224494
TOI-2842,ok,0.0046741506820079355,1.0807942834592066,0.0008397902258465513,0.051095344629457654,7.69693803805339
TOI-286,ok,0.0006786573419744797,1.0372341355857877,6.082394996158028e-05,0.01721515050431203,10.157687479116516
TOI-2876,ok,0.003268258603303776,0.9650237039392495,0.00026332976907075437,0.013825115382686819,1.7727270783348106
TOI-2886,ok,0.0040308745965840255,1.0473764386968587,0.0009695483697062087,0.09112033229294707,7.721704052554799
TOI-2969,ok,0.0037979516431696793,0.9560809318897237,0.00045103505276880345,0.020449899088633518,8.724438885164181
TOI-2977,ok,0.0035205635242798084,0.9564270674664714,0.00021670814012466025,0.007921399667977141,3.219044368901732
TOI-2981,ok,0.004920721885434558,0.936906716011876,0.00031261866451745644,0.009398223486186817,7.6275343304313035
TOI-2986,ok,0.0034588107444243122,0.9652242552923,0.00036330347543327005,0.02492023304327314,11.104692159604548
TOI-2989,ok,0.005030600663463038,0.9675497289776039,0.0010375389323015432,0.07157416099236061,12.874293383833674
TOI-2992,ok,0.003037418864703004,0.9557755402265681,0.0003943871177761077,0.03372184468455871,10.046057697557
TOI-3023,ok,0.002432875577322388,0.9909023351947496,0.00033095479608773046,0.040723241203578286,6.302617129781665
TOI-3071,ok,0.0038160198103235157,0.9560675941071279,0.00033925033446263953,0.017962585843769682,4.578847667823671
TOI-3082,ok,0.0029313746142049565,1.0016866021339954,0.0001352155706849409,0.005414953515622006,0.38828411979683314
TOI-3135,ok,0.007188804080021452,2.9823023280935828,0.00707672490828227,0.7194155300429035,4.1098639522802465
TOI-3160_A,ok,0.003185946929589374,0.9712676000284584,0.0002655236177657514,0.015774161797286253,4.099651056204098
TOI-3235,ok,0.010698926736962815,0.951692180358229,0.0009474314083707782,0.014705086418142221,0.6079565994893291
TOI-3261,ok,0.0040606631444944285,0.9484204511206292,0.0004314994809942948,0.024868985537616517,6.980841021641153
TOI-3288,ok,0.008024599995535354,0.9695965470283555,0.0007865715876629233,0.015101154609094218,3.7433817296518868
TOI-329,ok,0.0015296608511820332,1.0043155346006944,8.509668585821123e-05,0.00700239004308642,0.6631742921956566
TOI-332,ok,0.005620485559894289,1.0212302665225628,0.00024088929157982104,0.021836328927047906,0.7763907537238234
TOI-3321,ok,0.0014846502761771563,1.0233485346209763,0.0004136872351878169,0.0534949962456494,1.2200288428171275
TOI-333,ok,0.0022014939353340733,0.9849397957341359,0.00019069586694541867,0.01802822078064043,4.671666530572076
TOI-3331_A,ok,0.00516411685394489,1.1251387516510523,0.002561841503500154,0.2825162036715218,11.315172617400798
TOI-3353,ok,0.021187258040614897,39.2933542935652,0.022547110996151146,0.9650966591547017,3.3405894880576654
TOI-3362,ok,0.0014526129858646619,0.9958003460076623,0.0001378062780994216,0.019437702170123417,3.2991264956174255
TOI-3364,ok,0.002019655803509863,1.0158310957220118,0.00045151688770812733,0.09465788448381127,12.49916789934241
TOI-3457,ok,0.002521570457341006,0.973771085126478,0.00010691912645872855,0.0041962187433463825,2.644479860743872
TOI-3464,ok,0.0037083980837719246,0.9742676015190198,0.0003624699896820065,0.022079144404411253,4.755713724655127
TOI-3474,ok,0.004300908156974422,0.9705443178186806,0.00043530271987029774,0.02291359834218139,6.0976245434340814
TOI-3486,ok,0.0030244239207095113,1.0325997412116987,0.0011979262689436293,0.21147424335345555,11.310510905543032
TOI-3493,ok,0.0005203879472247845,1.018807437894661,2.711719581218612e-05,0.006201755692113527,4.671530933943499
TOI-3523_A,ok,0.003773584445456833,0.9932843628753474,0.0004969461981369718,0.03671840484486863,13.0
TOI-3540_A,ok,0.0016740005122608604,0.9897696363395396,0.00021959194699219199,0.026619933243324772,7.4448160005509045
TOI-3568,ok,0.004490587545364024,1.0183431121945596,0.0011038437920910089,0.09101016121427408,4.1852664236574215
TOI-3593,ok,0.0027076352455174223,1.0993308622445814,0.0005277945392174186,0.058831334368817816,10.956190927311571
TOI-3629,ok,0.005412043057127153,0.9437350728602013,0.00043341358824119366,0.014420221168465924,7.543552141376567
TOI-3664,ok,0.016305600147082672,1.0326699964680481,0.001027462235556705,0.03546489637945561,1.1027559007127843
TOI-3682,ok,0.0021867140984664665,0.9743796860742194,0.00019839950374735355,0.01882095515333739,2.7870993580359023
TOI-3688_A,ok,0.003145379197860597,1.0007664373094811,0.00033889172057152255,0.025428968492505012,5.856919392457041
TOI-3693,ok,0.003770679790707754,1.4812624938412156,0.0027006327259404073,0.40847760691911417,9.328947909845105
TOI-3714,ok,0.008571631966433606,0.9768683222397211,0.0013571585517151263,0.028679650347542916,9.575500962186933
TOI-375,ok,0.0012708339052761274,1.0084669559424184,0.00012249013810063819,0.018691147699425564,2.3897608941429143
TOI-3757,ok,0.007984390987795489,0.9434544735747482,0.000494379841436777,0.00864253880294529,5.012309577587803
TOI-3785,ok,0.005075489048086874,0.9757606209461158,0.00031134033664597716,0.00858706772753038,2.925782783984764
TOI-3807,ok,0.0025593857848620932,0.9774081884779691,0.0001619293163664505,0.009469119234871091,4.524834861590552
TOI-3819,ok,0.0031103678320163392,0.9353578703392227,0.00012681773185837275,0.004176210709112701,2.8611419265351263
TOI-3837,ok,0.0021669217368633052,0.9670401854515878,0.00010967098051162983,0.006455166594860326,12.14284945233976
TOI-3856,ok,0.002651714278638531,1.008992128362671,0.00035014144422681044,0.032658489262348364,11.606910000803053
TOI-3862,ok,0.002585993418162132,0.9690811470427728,0.00013254726442001087,0.006301847806972259,3.475945931416305
TOI-3877,ok,0.0007727656024849861,0.7986652692296167,0.0001287015912842549,0.013181024199816642,5.919372596862825
TOI-3884,ok,0.007440363267397363,0.9534968533944843,0.0007152368929859845,0.01909611586586164,6.4185095372590695
TOI-3894,ok,0.002062681176392813,0.9856691740175304,0.00022375189091782018,0.02746980560044226,10.865177798037537
TOI-3896,ok,0.0025542535661495,0.966556697071808,0.00017953937135526933,0.011164249032210851,5.33262102899035
TOI-3912,ok,0.002890669875767716,1.0176685241322443,0.0004415675933734693,0.04476155621595949,5.027625350297738
TOI-3919,ok,0.003936132529576982,0.971948454649127,0.0003261036377980831,0.014239576395996633,0.8764703780987054
TOI-3976_A,ok,0.0008330554939189285,0.9634892796812813,0.00024081125086796833,0.04482214832363869,6.585536450580712
TOI-3980,ok,0.003043957510157017,0.9660825167295124,0.0001645330517972673,0.006781653633931825,8.78900600749287
TOI-3984_A,ok,1.2493785078573907,0.990623467756049,0.20229760489206736,0.0444920958806975,3.3556186331307303
TOI-4010,ok,0.002849347005957465,0.9975137810963787,0.00027175571540580593,0.0173352711572701,8.727331138740865
TOI-4029,ok,0.0019631507325023933,0.9779432582023038,0.00019256697261258961,0.021999876445160906,2.2329049132142806
TOI-4030,ok,0.007484230257778659,0.9819993117687406,0.000453661581447825,0.009043089568879533,2.5066940146202086
TOI-4034,ok,0.00516302324308112,0.9660947831213365,0.0005924148382190958,0.03010962605711689,4.363910951524872
TOI-406,ok,0.0020891512187546433,0.9488623464213026,0.00014832260581589685,0.011379494408911766,1.1918869368255134
TOI-4087,ok,0.002074370360159891,1.00060878668839,0.00041196855321680795,0.04327692966763049,6.453506810392344
TOI-4127,ok,0.0019112059909149766,0.9585270542742097,0.00011521241233118831,0.009235302781920002,2.7191304669692338
TOI-4137,ok,0.0018801934153917872,0.9697336760964121,0.0001670508888551134,0.015801023635225446,5.539834655434106
TOI-4145_A,ok,0.005620979667869681,1.0462235807291789,0.0005926238301727604,0.09898852764577838,7.596622346478625
TOI-4153,ok,0.0018762240604117857,0.9747852483096147,0.00027942289453624947,0.04715480969046895,3.9028316049424205
TOI-4155,ok,0.00203010715259275,0.963586093342428,0.0001809947846823239,0.01763084913616515,7.186929275114701
TOI-4156,ok,0.0014841936776039788,0.8405724315835682,0.0003448376578471535,0.10355131777485536,4.851114401349685
TOI-4184,ok,0.015516968049127026,0.9254151774790735,0.0007816921953749337,0.005628545496985486,3.048345076365408
TOI-4201,ok,0.009469348601881925,0.9719483968024394,0.001022162921776819,0.02500697448830304,3.2873915977659243
TOI-421,ok,0.0007210425488654227,1.0156966247510528,4.1783844455998214e-05,0.007808176137243113,0.5741517879486479
TOI-4214,ok,0.0021024915134943193,0.9927250982871267,0.0002477684067165527,0.028280085706020402,5.360300756207796
TOI-4308,ok,0.001163925038939054,0.9699013636393375,9.37030263020045e-05,0.013745199070797775,6.383022242222789
TOI-431,ok,0.00046006231652415656,1.1764299614187512,0.00015258372525056224,0.1440713310282818,9.131714016053254
TOI-4311,ok,0.0015045311454583352,0.9654939989307196,0.00012581897943611734,0.01625707276782972,9.21006599728168
TOI-4329,ok,0.0037037187000386333,1.0138564525412879,0.00044532772024476165,0.03032194525094339,6.109131882416136
TOI-4336_A,ok,0.0023091354916083156,0.9528071764563174,0.00019509226380191912,0.015304343088607118,2.8495046922307403
TOI-4342,ok,0.0022593214163439523,1.2024373443625822,0.0012746981214541303,0.33634734077927086,5.066276008402792
TOI-4363,ok,0.0019067049803971044,0.9819449264160802,0.0004093681429189394,0.08921645763259704,5.814307840562481
TOI-4364,ok,0.003111782938807758,1.2248652088053436,0.0018573873292765442,0.364159035121783,5.345586660113639
TOI-4377,ok,0.0015735689697009014,1.0116374704491473,0.00018102071238066127,0.026295495933801573,2.1566220453313836
TOI-4379,ok,0.0038154711076651797,0.9686060049417835,0.0002681592089397583,0.01085158311452828,3.073238358626906
TOI-4405,ok,0.003749270079592636,0.992394377250366,0.000715555336242956,0.06600579889561936,7.8280121938153115
TOI-4406,ok,0.0031870309930971345,1.0399967946219895,0.00015810214500341032,0.022976164540811916,8.173148450701015
TOI-4438,ok,0.0021104111307572735,0.939110384321209,0.00013519622829774271,0.009389860600141303,10.18286649541039
TOI-444,ok,0.0031300008012557787,4.987298885358655,0.0029328179494234993,0.5341366980063067,12.757174019977242
TOI-4443,ok,0.0004108617074970874,1.129593644744932,0.00014442079990310987,0.1988981149381765,5.919344661823894
TOI-4463_A,ok,0.003425504434503688,1.0640697984564897,0.0006658026966098818,0.11519015425643557,11.836226699360562
TOI-4465,ok,0.0010334949461705861,0.9203504480153001,4.6755170557422015e-05,0.004760239384282373,0.7769164588389684
TOI-4479,ok,0.007217885876345877,0.9172925812367645,0.0005534940077597767,0.013422330007589776,5.0684935959952035
TOI-4487_A,ok,0.00276577027159074,1.0043847445455731,0.00028978627788089954,0.025076566838430875,3.669294846017079
TOI-4495,ok,0.000719784823366343,1.1842731099676915,0.00022108920688765856,0.13227912189902832,13.0
TOI-4504,ok,0.011229615199679162,1.0299212884449662,0.0003293955085197616,0.011352599563124679,2.31429835449883
TOI-4507,ok,0.0014315154684601387,1.0621900160440017,0.000447350301351063,0.15216569099014407,1.7011259205690796
TOI-451,ok,0.0025412742204737634,2.171899464128938,0.002154833469024667,0.465253671669735,2.609784974235889
TOI-4511,ok,0.0010247868620959708,1.0954656345338005,7.206289433365622e-05,0.010536118589035868,1.4904577189839472
TOI-4513,ok,0.0009961432833907084,1.003586365818133,6.524812582252713e-05,0.009793254326702444,3.5109465454233404
TOI-4515,ok,0.0020404488842909363,1.0021590295603877,0.0006263136548486963,0.1718671588672189,7.001304135855447
TOI-4527,ok,0.0007704832652676131,1.0769386924344524,0.00012860789231050336,0.05495477945372567,11.951081656136239
TOI-4529,ok,0.001174382198827141,1.0202551633114292,0.00019938670627108612,0.05666652047800283,5.681238289157373
TOI-4551,ok,0.0013985760114285117,1.0610129001881416,0.00020001795917479,0.10194174688685864,4.934175215109827
TOI-4552,ok,0.00499912380891477,1.0246880411698212,0.0005886895283703303,0.026279055662988264,12.217927589221974
TOI-4559,ok,0.0018248499630135347,1.0319279101937504,0.0005962163895915064,0.18866990533164013,8.67003014198662
TOI-4561,ok,0.0016169522355831464,0.9500431172815286,8.775770166192937e-05,0.006470090303144095,8.865426519326997
TOI-4562,ok,0.007254682979419109,1.2831547183868783,0.003913301329295355,0.4404057104036199,1.897924162447511
TOI-4578,ok,0.0015151839371059044,0.7609008439173127,6.13955368825102e-05,0.003764088857249908,0.8427112198060963
TOI-4582,ok,0.0013498690320231615,0.9907281487285411,0.00011821394286695429,0.016489725137174584,2.437096821830242
TOI-4588,ok,0.0008373380604362691,1.350556928530129,6.9913434886816e-05,0.008202562659391392,5.300170662454364
TOI-4600,ok,0.002938972402038359,0.9636433704666721,0.0001309797585104057,0.004901209158869432,13.0
TOI-4602,ok,0.0004055665362066573,1.2601089671848926,2.6762345758075066e-05,0.009993969872251854,5.525231139640606
TOI-4603,ok,0.000583477869196526,1.1310154381157587,0.00013212486371589875,0.09307997591254251,1.8174419128900239
TOI-4633,ok,0.000467009806980611,1.0979829251261,2.1700418908785937e-05,0.004515850591120771,0.24980691867883914
TOI-4638,ok,0.001558813750401957,0.9925317188146574,7.29585199487548e-05,0.005402390059718671,1.3718051443915436
TOI-4640,ok,0.0017806869864709035,0.9818539837540915,9.409940373369957e-05,0.007009928290118699,2.4199842381670686
TOI-4641,ok,0.000580492284238134,2.502934461084274,0.0005625907069768834,0.5788672604246152,1.0150068115567146
TOI-4662,ok,0.0026105729703592806,1.1411418610764117,0.0014978965407836397,0.42637318896167314,11.556213719681471
TOI-4666,ok,0.00957236601280384,1.026694116699502,0.0027972979166066203,0.12391142971987387,8.141106715706822
TOI-469,ok,0.0005516080303872667,1.034622742046945,3.9158928149475036e-05,0.011233994195384301,9.070582003011225
TOI-470,ok,0.0015371077753593703,0.9923760627985397,0.0001223460832849983,0.013459956717957536,1.7367270387118634
TOI-4734,ok,0.0035567339998249865,0.9820955376355254,0.0003922990767132184,0.022907091241351214,10.666509940955082
TOI-4747,ok,0.0025679740064265756,0.9614108098397489,0.00013378558463035653,0.006310816960217067,3.3585616078910463
TOI-4773,ok,0.002381203197156745,0.9650299851328121,0.0001494633159098976,0.009062743214089057,7.068954678784126
TOI-4791,ok,0.002074135868656497,1.0410797309646838,0.00034126169802536937,0.054893139420163564,3.5853327782933104
TOI-4794,ok,0.004695823231694055,1.0508053323996784,0.0010067977978656516,0.07496838311315691,12.173481812485761
TOI-480,ok,0.0002667784907244058,1.3596108536243863,0.00010510405134155979,0.21788111128857984,7.7747242336533064
TOI-481,ok,0.0007483174650253124,1.048105678197197,0.00019913428242151806,0.10332499747602482,10.884564542730573
TOI-4860,ok,0.012805201845787482,0.942894894968807,0.001225753554078703,0.018527304106912855,10.202082395246444
TOI-4898,ok,0.003029282924694268,0.9596855176467962,0.0001403057932740334,0.005188147630777712,5.640476952589468
TOI-4914,ok,0.0024901959739063785,0.962522175156515,0.0001982770531123194,0.015809307825511185,10.314901893145246
TOI-4930,ok,0.004316851755744102,0.9791224565054649,0.00019665722111404652,0.005223692661328583,2.229563119708673
TOI-4940,ok,0.0027018651330470503,0.9699508091289475,0.0001544414315766983,0.007517417481419448,0.23395007941560594
TOI-4961,ok,0.004083051302302924,0.9863058750569073,0.0005235468216460023,0.03771547528275922,8.229839021880965
TOI-4994,ok,0.002955765926936017,0.9766523813837898,0.00023071189730167877,0.013878091928607363,12.530342166409127
TOI-500,ok,0.0007349723046255873,1.0278044572138476,5.88504840861847e-05,0.014426480322913304,4.947523500680818
TOI-5005,ok,0.0023555841631807376,0.9806892669698513,0.00019574032769142108,0.016461213001857003,6.750296532483101
TOI-5007,ok,0.023952050771130544,0.9550758903653856,0.0009504905120888153,0.003685002270400547,0.3370177753389337
TOI-5027,ok,0.0018946488407258998,1.0224525909678668,0.00031898548562568635,0.048805300215783456,12.010331837706643
TOI-5076,ok,0.002294142368778709,1.0289994138793646,0.00014814472602553256,0.04462467795960834,1.665074292319907
TOI-5082,ok,0.0024905567717851693,8.455795623480348,0.0026510304949858305,0.7868093689937488,4.652950639916578
TOI-5108,ok,0.0015413188384385318,1.0365670741726667,7.707876636540677e-05,0.021172044355197577,7.280092000953573
TOI-5110,ok,0.0015533762995270524,1.2022937651236296,0.000686764849038055,0.2040130587492001,6.418283838794764
TOI-512,ok,0.0005744110074748321,1.0009774994459304,3.2622011744052874e-05,0.007010560088588847,10.884424627829503
TOI-5126,ok,0.002221647168045825,2.6200607170297467,0.0020053547400613538,0.522266643875746,4.679550012821035
TOI-5143,ok,0.0023385537435361924,1.0695040519085732,0.0010350281611554567,0.28301358388482944,4.3014414013326325
TOI-5153,ok,0.0019555168062681213,0.9668915441738468,9.169842034988908e-05,0.004814895728051319,1.6995668021410153
TOI-5159,ok,0.0005624802990826634,1.091119596088074,3.401697165065216e-05,0.007985519189002775,6.747960046539372
TOI-5160,ok,0.0011290266094959606,0.8801713521037767,5.5185758327797855e-05,0.005418432959628551,0.2128447041488177
TOI-5174,ok,0.0016027813051872853,0.9594120241581486,0.00018808270103845274,0.0329176283933654,7.530398443371666
TOI-5181_A,ok,0.002744808021234326,0.9910353642347025,0.00036611612527310004,0.03548409248290389,4.866163768720593
TOI-519,ok,0.02983046052492528,0.9516269970281479,0.0020912853197636834,0.010911032317283582,6.791789221960017
TOI-5205,ok,0.0120991598272294,0.9735344140661917,0.001406798644435297,0.0164338948359751,0.20384612000233565
TOI-521,ok,0.004508006662416947,0.9316381753390164,0.00022836590564708018,0.00612773880196697,11.11369782724854
TOI-5210,ok,0.0023077299487903502,0.9702563162869835,0.00024560997045735774,0.022614667755665244,7.179906536081387
TOI-5218,ok,0.020818394903918718,0.9412210776919653,0.0020853258988171738,0.02236656671921941,4.852730765944951
TOI-5232,ok,0.004054289985616864,1.0707148372966093,0.0009114454404280513,0.08314719128681994,10.060843833174532
TOI-5238,ok,0.005861907480218503,1.03158287931881,0.000541739622774469,0.07835147570289364,4.41050222542973
TOI-5261,ok,0.004431083184509579,1.164013218528032,0.0018043561838767545,0.1794291037344713,4.260593074339715
TOI-5292_A,ok,0.03218637529115421,0.9386442086676251,0.0019933493061404565,0.00886384456197018,5.400311260718809
TOI-5293_A,ok,0.012701406178331518,0.9403959929968458,0.0008782247735655144,0.011258079307754578,5.745550049274525
TOI-530,ok,0.013365941564160653,0.9536590722045737,0.000631631564515378,0.005078506738045972,9.895023000120567
TOI-5300,ok,0.004407651846298107,0.9801448719708629,0.0006316843834710286,0.0347722840831213,11.986175566498787
TOI-5301,ok,0.0020169193863666785,0.9572404828052079,0.00012760055903357715,0.009273560396224102,5.733527719623366
TOI-5319,ok,0.0036133198786398556,0.9647573981738707,0.0002612464815358635,0.012221205645347873,7.048608204178213
TOI-532,ok,0.005492235016336824,0.9422604349724807,0.0002243655432743878,0.004104033593087196,0.20093610003539597
TOI-5322,ok,0.0032388188181658372,0.9622920789505437,0.0003566894812861395,0.028489638639021733,13.0
TOI-5335,ok,0.005301054368848448,1.0871176396495277,0.0024136758167341062,0.2650453105447132,4.032305099864061
TOI-5340,ok,0.0027762146360369973,0.9669101298479571,0.00022209563430170115,0.013361960582456632,8.598820365233287
TOI-5344,ok,0.007847522509179692,0.9779024313870982,0.0009381498014360857,0.031133949609636925,7.0814181987795095
TOI-5349,ok,0.012083542399944263,0.9604926617304275,0.0006103088415433433,0.005936763758611711,7.036434830918097
TOI-5350,ok,0.0009986206374018318,1.028215104998254,0.00022699247319256423,0.02409237014502216,5.272221552692194
TOI-5380,ok,0.0011645469073205488,1.0418568718651058,0.00020028460668918534,0.05922927268638777,2.073337838385539
TOI-5386_A,ok,0.002220309795137716,1.0161234588708146,0.0002098279874913883,0.020394299465727624,4.934654897458498
TOI-5388,ok,0.001458531895396859,0.9432177544045132,7.603659298478224e-05,0.0061810699295769475,3.0026651905172503
TOI-5398,ok,0.002999901490897493,3.8300799600954836,0.002839425597880245,0.38904024401811116,3.6228233218628687
TOI-540,ok,0.00274965826905752,1.1189268162578119,0.001529736186327169,0.358566891479016,0.7263823961088863
TOI-5422,ok,0.005615119734590682,2.416492550937297,0.005759378043167756,0.7208040438634844,10.974635554017492
TOI-544,ok,0.0010926666719069755,1.3132136409306308,0.0007419544842701091,0.4682288264755587,7.774383227596624
TOI-5486,ok,0.003948040263213668,0.9792891636289408,0.000552547085316477,0.03951951201871048,5.614866598944206
TOI-5489,ok,0.002731136016766172,0.9473616531319486,0.00015683563525536285,0.008032631545148565,9.403984576157601
TOI-5502,ok,0.0013162409929907048,0.9499476663794755,9.596706615635279e-05,0.011881763781877493,4.5005385283187795
TOI-5515,ok,0.0014532702424816019,0.9601949650276765,7.286321162996328e-05,0.00591245969371272,1.3997224255057372
TOI-5532,ok,0.00247562380216828,0.9931907892277358,0.00030972604032374453,0.033459629979619675,4.262505859370283
TOI-5542,ok,0.002771148541920464,0.9945124949065001,0.00047189056254421296,0.037300075154626015,4.190382424244246
TOI-5573,ok,0.010325385981946536,0.9719619611846814,0.0013836954611738297,0.03358363372619241,3.0156553691396484
TOI-558,ok,0.001660766760291127,0.9916444571104343,8.284765725182045e-05,0.005755350713112883,5.52497849617122
TOI-559,ok,0.00140295259318515,1.0396544460282,0.00031140107366136476,0.05633183400302292,7.062216402881253
TOI-5592,ok,0.0033410249077163666,0.9660033091472886,0.0002942777065431624,0.017633550918786132,5.022602634190048
TOI-5595,ok,0.0035978102131052573,0.9704331339065163,0.00024294025294643008,0.010357879693874441,5.897063449277425
TOI-5599,ok,0.001980263918028922,0.9742824548085525,0.0002515282119545538,0.03597609154997648,1.3621842253492582
TOI-5605,ok,0.001840729131661389,0.8237029286027981,0.0004588715799214153,0.12252057064399668,6.663400805409968
TOI-561,ok,0.0007924512707102321,1.0114234023556037,8.346517126723855e-05,0.022174916126118823,2.744567305423221
TOI-5614,ok,0.006030466931350024,1.0055648876463763,0.0009040234449940789,0.04232205781109358,1.9555213596654832
TOI-5616,ok,0.023380661173869603,0.9360202318806133,0.0015882375733864869,0.01005281501612509,1.9325232456261772
TOI-5624,ok,0.0014326752001917414,1.214008150214096,0.0007662930724649636,0.27862220670868,9.119202710063439
TOI-5630,ok,0.0012595461445060142,0.8376963800775635,0.00010326179362566486,0.015601180359993645,2.996503430820747
TOI-564,ok,0.001551907560942559,1.0926678986314518,0.0006880552099186128,0.24762932941061283,7.990648810973653
TOI-5678,ok,0.001432449178659792,0.9776025739668697,0.00012668528976863202,0.016473508619147335,2.655572463002803
TOI-5688_A,ok,0.018664320744904667,0.9894954929483876,0.0014162439734334573,0.012797631153507025,4.722499293140905
TOI-5704,ok,0.004065268923192263,1.937677733001178,0.0035829245770916127,0.5956828723390176,10.825030431145137
TOI-5713,ok,0.005439057306430913,1.0576765262995351,0.001474018394277057,0.12699914646805835,5.84013767561521
TOI-5716,ok,0.006817024023572121,0.958313713588813,0.0003771855439513952,0.006995447396560035,0.9049616492118958
TOI-5720,ok,0.0026270299016567184,0.7871994743713551,0.00012925346596728702,0.005347009958970356,0.28462584780424494
TOI-5726,ok,0.0006915036111387678,0.9863767389087182,0.00016238697549557593,0.10812395052507186,4.8510933331239015
TOI-5728,ok,0.004230250110260781,0.962193290637179,0.0002825148818760375,0.009499095008517332,5.0988494456704725
TOI-5734,ok,0.004352372184144229,8.603431625183076,0.004612850620322972,0.8093788450762814,10.023578858571115
TOI-5736,ok,0.003015474173980363,0.9765236653658156,0.00037234862946574113,0.03422509634322909,11.686434632507712
TOI-5777,ok,0.002873245689407258,1.0064852245566076,0.0010941374714502833,0.23404767164583878,13.0
TOI-5786,ok,0.0036694381296211854,1.507670747661737,0.001245226165666971,0.20979018706922592,6.5863848210791245
TOI-5788,ok,0.0008732737514851133,1.0362959559020635,6.344412999425703e-05,0.011102088066436564,6.689807213947887
TOI-5789,ok,0.0004229700475354904,1.0532108776929001,5.807897832198202e-05,0.08936530634214596,2.5002240668150892
TOI-5795,ok,0.0013649015257641902,0.9982035386969442,0.0002166293882512637,0.04372567558220328,1.523259780179735
TOI-5799,ok,0.002477964263483765,0.9588463673561873,0.00010043046001732374,0.003944025036013542,0.30704132103129883
TOI-5800,ok,0.0005816582873573096,1.0729057236391932,7.768314267803353e-05,0.033026262085329265,2.078602805150691
TOI-5803,ok,0.0010308980735407257,1.0379360046123065,0.00017843283818457748,0.06249492029212841,7.356730771120597
TOI-5817,ok,0.0003948144191982087,1.062091952277792,2.4128174281059406e-05,0.00805043223617771,1.300129630464511
TOI-5882,ok,0.0018308793586961306,1.0921248294908827,0.0007077904241658717,0.21419096686153358,9.444296890505765
TOI-5916,ok,0.020664384764795762,0.933727684361458,0.0011439263611638375,0.007007330291181924,5.874519188131754
TOI-5926,ok,0.0036819338588847893,1.190953125677804,0.0018936289086257658,0.2873228841879243,6.91823796180494
TOI-5938,ok,0.007009264444428768,1.1513496570368646,0.0010270929285286872,0.11881189748062647,4.7136612034449685
TOI-6000,ok,0.008017154264774411,0.980934100297457,0.0003864769590873606,0.005715261490592568,6.945810511947393
TOI-6002,ok,0.00721710840195763,1.0303812255419553,0.0016707438961421983,0.08821389682241783,3.695203208301223
TOI-6008,ok,0.004880541566616009,0.973100948876864,0.00031226930127574963,0.008554241892313555,2.3232674297583507
TOI-6016,ok,0.0023762660836631516,0.9856806327766778,0.00014533967788016454,0.009472848794804057,4.100969037752899
TOI-6029,ok,0.0032194785891180317,0.981163667649453,0.00036028902090898615,0.027344009456119336,4.062340596605801
TOI-6034,ok,0.016406436430756594,1.2227207961726743,0.0018251453081511535,0.024568896138430815,1.970753534928507
TOI-6038_A,ok,0.0008493225944693552,1.1164102288228845,0.00013225382488347656,0.04506767794665395,5.5404040617033194
TOI-6041,ok,0.0009460953124182675,1.4282281294489065,0.0006857647133044816,0.44082796195468327,10.741528183901789
TOI-6054,ok,0.0006382747790063215,1.0318297558122635,3.9712876973973206e-05,0.03297867805427928,3.7994214940188225
TOI-6080,ok,0.0014588495103432253,0.9815230705231466,0.00024827159022827483,0.057073777215072286,5.250781506518894
TOI-6086,ok,0.0050025683142955425,0.8585312938394982,0.0008723359605252815,0.058538762606333124,12.829738215324369
TOI-6109,ok,0.00838155685455888,6.772803972868307,0.009354835396925094,0.6835742145879908,3.2223496748002214
TOI-6130,ok,0.001382184136301179,0.9987849026828928,0.00013457450745813927,0.015595262351349911,8.898432654866285
TOI-615,ok,0.0012741827238462085,1.0277549072420726,0.00029904857189648915,0.08604685551667156,6.738049552011236
TOI-620,ok,0.0013831979184500659,1.1404527687333552,0.00030049152307646816,0.07127084154363081,4.63450560743883
TOI-622,ok,0.0005618085804824795,1.1408284389702164,0.00023776130616191737,0.21648013784879,3.8050272105773786
TOI-6223,ok,0.005683942493187011,0.9750965937284785,0.0006066450043135707,0.026195704570465418,8.045009485134642
TOI-6255,ok,0.0013804975194060727,1.0186420918166097,0.00010234096455490475,0.01114639563129329,0.23844020967528023
TOI-628,ok,0.002048425908344445,1.1006391135391942,0.0006879178020570279,0.11026234742936392,3.4731688316916833
TOI-6281,ok,0.0023365344758277686,1.0672780495755783,0.000603753729835032,0.2980911350031783,9.471267339749119
TOI-6303,ok,0.0068495050839423866,0.9775087619722742,0.0008381278016670924,0.024868731586576646,2.7701146729759785
TOI-6324,ok,0.0018563186286267158,0.9941088297423675,0.00010458490279341048,0.00679365259580573,0.3747257684841378
TOI-6330,ok,0.011966993314763691,0.9700097135664048,0.001895705347398398,0.05055819890639551,12.74264338334251
TOI-6383_A,ok,0.031144506548705313,0.9606014710630095,0.0019684574074026896,0.009410864231861821,6.945693623209095
TOI-6393,ok,0.006468445246432577,1.029982496272673,0.00037343755487998935,0.03951058867058614,4.027532404227964
TOI-640,ok,0.0010645756913781276,1.0246868055160006,9.67021775606729e-05,0.012923558548339802,0.4532124116798705
TOI-6420,ok,0.0048569357629087056,1.0340870023456614,0.0008634473063210052,0.04911174467948015,9.877463336389646
TOI-6448,ok,0.018034436268912983,1.718188554909287,0.0172608488825308,0.8305237115561788,2.413348695467814
TOI-6478,ok,0.012581223692511545,1.515364356140258,0.007027383729121603,0.23791564166338067,3.533464226009207
TOI-654,ok,0.003851831908334686,0.955509781706021,0.00015396652824492906,0.003736205622328468,0.8970194407070335
TOI-6564,ok,0.0009401174617824062,1.0882685884561458,0.00025168262185168287,0.10597761510171332,11.430448786634729
TOI-6628,ok,0.0009543595962599235,1.0230598244172238,0.00019441566167723487,0.02122461117919098,7.500078637444025
TOI-663,ok,0.00289447496599824,0.9906284091565062,0.000395526103640301,0.04203092448657023,10.644124214003549
TOI-6651,ok,0.0017975158321537833,1.0253817773726441,9.417544073361589e-05,0.0299763462420084,3.218422637308094
TOI-6677,ok,0.0013023484862773628,1.0082179833139095,0.0001562365979765717,0.028639543120133847,0.969432662416587
TOI-669,ok,0.0011035115888152784,0.9916465668502313,6.232136943421011e-05,0.007541244885023369,9.14461707585028
TOI-6692,ok,0.0019049136558143003,1.0063040022911967,0.0002002498039601976,0.018520456294215257,2.988718226683073
TOI-6695,ok,0.002954639659476584,1.0402738604969346,0.00016562370678656593,0.025756494464752956,1.23377057549947
TOI-6699,ok,0.0016327025169647765,1.1909253110143867,0.0008970771912222164,0.3468088965215361,10.554871806457413
TOI-6707,ok,0.003868846701033048,0.9512959084606359,0.00016050587020439552,0.004366629050942327,0.3354477600188519
TOI-6716,ok,0.0035249810809307733,0.985685955947312,0.0004843696642140341,0.03236585677705645,3.395837676283975
TOI-672,ok,0.003009235106868761,0.9978498943114227,0.0007451048312385278,0.11892462714728065,8.606330153067786
TOI-674,ok,0.003112813387383909,0.9740917262818862,0.00033421076608399565,0.024734167611763887,7.502282542976388
TOI-677,ok,0.0007604053272106481,1.010101783748189,7.38552809253045e-05,0.01964382485050139,12.280254992284767
TOI-682,ok,0.0006751200393238579,1.0314275253987757,8.768850500369043e-05,0.03505331692379795,12.131370929725676
TOI-6894,ok,0.037449835116784305,0.9315687692765471,0.0025635214039229394,0.011009914148547587,7.750273436086749
TOI-6954,ok,0.0006296066198312673,1.0187474276105124,0.00013893403930574874,0.023439024122117968,1.6381233142215492
TOI-697,ok,0.0007355711672312624,1.0531988562630243,0.0002280068050665795,0.1641946108510764,6.428580163999641
TOI-700,ok,0.0016706094169562,0.9776103675966219,8.510378503537013e-05,0.00565100503535481,5.875548571243193
TOI-7008,ok,0.001556850244557999,0.7345606931639723,0.0002789750061816869,0.015489827999789908,2.6424835159761355
TOI-7009,ok,0.007082607090309627,0.984520230408326,0.0014523214593660364,0.07260426511938307,3.387261605452965
TOI-7041,ok,0.001174424168296828,0.9950975781817933,0.0001580908705051248,0.03549317042025748,3.25719328232708
TOI-707,ok,0.001043180768984593,0.9817798146078296,7.014063621543694e-05,0.00961602165120462,6.713071592623941
TOI-712,ok,0.0014592033850901152,1.5666456091465453,0.0012647899522574512,0.6079412708425845,5.9593633392381316
TOI-715,ok,0.009508232993017432,0.9362706283663622,0.0004932897158830079,0.0058395301525522945,5.215848537842598
TOI-7155,ok,0.0019487966568974768,1.8932271288987894,0.0017353600637924815,0.4980301715713646,7.0443491951831305
TOI-7166,ok,0.006807826700417903,0.9371760431785847,0.00036660245312904616,0.006702909568490386,7.179912926241437
TOI-733,ok,0.0005621850053460524,1.022165143906992,2.6628367780648648e-05,0.005092643232944101,2.808333315486903
TOI-7333,ok,0.0035605807340840846,0.9770208631029302,0.00038889297285569867,0.028177735710753073,5.096223653542464
TOI-7384,ok,0.013753135596923791,0.9658657004840456,0.0011412381322314967,0.0153885904694704,8.749837257064428
TOI-7510,ok,0.002515624871746201,1.0201487559660132,0.0005285603046456574,0.07671162306387858,8.650843677232194
TOI-756,ok,0.006115013123340581,0.9854389713231254,0.0008162135006856943,0.037607603645394366,4.859807403544846
TOI-757,ok,0.0006150003628993211,1.0362870898272603,5.670790192201221e-05,0.019495171580615218,4.521375175959672
TOI-762_A,ok,0.010810569211037617,0.9423027238686763,0.0006127603163341053,0.007302718457745438,2.4523111580431824
TOI-763,ok,0.0008368138547207336,1.056143527156198,8.355490019174701e-05,0.020826449670017923,12.283889677062234
TOI-771,ok,0.0035023042721048035,0.9649915821837716,0.00014165683862089103,0.003920596528333602,0.4643304434503379
TOI-776,ok,0.0010331939608835047,1.1267330190955953,0.0004290724136281,0.2501602730476808,10.203085694679524
TOI-778,ok,0.0005927118374033604,1.1771078532708308,0.0002648274666356744,0.2377776460055078,2.5950284454579124
TOI-782,ok,0.004089357382149653,0.993322126777383,0.0007155380380963935,0.059107091093030494,3.4168265343329143
TOI-799,ok,0.001391586616569244,1.008511734611108,0.00016030650756419435,0.030795074705194193,5.315052474647265
TOI-808,ok,0.0010608012942787183,1.001339537654312,0.00013810284972374365,0.034756391374783646,2.945325695609149
TOI-813,ok,0.0009250644950368168,1.0200204268829245,0.00017936467870620815,0.07614795582378815,5.8064831433418105
TOI-815,ok,0.0008783469561407737,1.1009916743053745,0.0002136695475426299,0.10224856422888325,8.491579308281253
TOI-824,ok,0.0014935034339654866,1.0092389938112765,0.00016264539443442932,0.025315210509960235,1.1501033288009215
TOI-833,ok,0.0015602537127546482,1.2299864771663487,0.0006458118437135597,0.19508717348032875,11.047845307176658
TOI-836,ok,0.0007055157628194966,1.410675331257047,0.0004916570561844789,0.4424901610302266,8.66991078247574
TOI-837,ok,0.005784794976806583,5.479627100061254,0.006222653752878643,0.5787694428764094,2.95215270041275
TOI-849,ok,0.005309201279969455,1.036952978221029,0.0003761320664380255,0.03716506448356357,8.672693214048188
TOI-858_B,ok,0.0025378992157306917,1.339056695840376,0.0008787369261017961,0.17056150669163034,3.1750426760232275
TOI-871,ok,0.0008731978896605778,1.0217763206715829,0.0002010130795814105,0.10049440520203565,4.698729562679015
TOI-880,ok,0.0007599927201489943,1.0667161899995936,0.00010456105085390461,0.03559011073633413,6.458375694984397
TOI-883,ok,0.0007438020682329792,1.002708192728492,6.549549330842045e-05,0.01444155646722229,9.935844146450387
TOI-892,ok,0.00159718460141598,0.9568060497326579,0.0001235960730015398,0.013692445779401225,4.036432282426432
TOI-904,ok,0.0016338225389285613,1.0307427796600515,0.00041853906623701625,0.12274714216816286,8.107694108055544
TOI-905,ok,0.0016540957377021769,1.0359625489870432,0.00045705772506388293,0.12477727625883014,9.000753718812575
TOI-907,ok,0.0013154466022140669,1.0167763889730814,0.00015468035460270752,0.03010544233430957,4.887152729309583
TOI-908,ok,0.0013883638646061442,0.9891539353077944,0.00017092600978706047,0.034260512879228835,4.52514743671524
TOI-912,ok,0.0014944526479237653,1.0154680764566109,0.0001333667899455675,0.017776199106274114,5.814832098878004
TOI-913,ok,0.0009066152811264415,1.038685134391636,0.00018740924858771016,0.0791551244305352,9.398279674504254
TOI-921,ok,0.005234260291605517,1.0644707080156313,0.0005947647545972417,0.09318470602664342,6.410371201491814
TOI-929,ok,0.002227408395580908,0.9577579618247554,8.97833659808842e-05,0.004133771709636617,0.2822990132121687
TOI-938,ok,0.0016854814153779087,1.0804816688914578,0.0005957537044185603,0.2241998451230441,12.937689459114836
TOI-941,ok,0.001694201871245056,0.9752493233442835,9.530825883737793e-05,0.007786571791361686,0.27740029525529286
TOI-942,ok,0.010158507890011208,5.77472024513688,0.01117694198616946,0.7600556384705559,3.3982397873985875
TOI-954,ok,0.0008956254412007054,1.0029483306141003,4.929294922203331e-05,0.007249117944531617,12.711963627296655
TOI-969,ok,0.0014646426501173395,1.0761073372657355,0.0005142522226396153,0.2040266811079643,11.310100448610518
TRAPPIST-1,ok,0.0339282102471188,1.0308297585231874,0.003254898042543257,0.0352625238969949,4.76074746012946
TWA_7,ok,0.0052749357334911815,2.7489808604598363,0.004850980083217026,0.6526800431627934,5.032909446722253
TYC_0434-04538-1,ok,0.000728748328270407,1.3699937270327225,0.0002669320865803616,0.10463355479557002,7.275972198323817
TYC_1422-614-1,ok,0.0008341956700715424,1.151232175106868,0.00020655472129622217,0.06736145113465015,0.9888622509609051
TYC_2187-512-1,ok,0.0005646390259963883,1.0159381489621888,7.822505287838164e-05,0.03841095567810054,8.257084706817762
TYC_3318-01333-1,ok,0.000531480098742718,1.3416909920610438,0.00010759818449873767,0.03523374650308413,0.8429402621762448
TYC_3667-1280-1,ok,0.0006523192988424907,1.5534661248173782,0.0003892603693457545,0.18555305204178835,9.452404873324273
TYC_4282-00605-1,ok,0.0008298559010792513,1.3241315877614368,0.00023365963458344552,0.07229036941479114,1.731020444363611
TYC_8998-760-1,ok,0.01927801231818161,10.661526322283013,0.019288554537264847,0.6673528884881912,5.367090479422327
Teegardens_Star,ok,0.0017692378869459933,1.0591929268681022,0.00032787002696001253,0.05222205923268424,1.8207934804187669
TrES-1,ok,0.0021191770261366327,1.1077111827599446,0.0006156949131464317,0.10750493796329842,5.09401042914579
TrES-2,ok,0.0017857184039728091,0.8872788083129886,0.00015449482288974807,0.012780948460069455,1.018915848864706
TrES-3,ok,0.0032427786364961795,0.8824336001823504,0.0018374357280884033,0.3546626128681034,9.166822214813644
TrES-4,ok,0.0020278989566763946,0.8397958095118568,0.000253634199963972,0.019251425436351822,0.8850729665336672
TrES-5,ok,0.006385690178872984,0.9270810758238612,0.0004478129394087606,0.0111132223684787,2.4512694529317516
UCAC3_113-933,ok,0.0016933853369389185,1.0087305449088082,0.00042669180085341563,0.11676979207981791,7.811623288712024
UCAC4_328-061594,ok,0.04449628893020892,0.9535371766755971,0.002240926710490592,0.0054351314302745184,0.23118084962238267
UKIRT-2017-BLG-001L,ok,2.153714990230208,0.9671180353790332,0.2410957690537514,0.02672373880541014,6.717413301276959
USco1556_A,ok,0.03411052990587222,4.569899258636838,0.039992055181898495,0.7232526237759125,4.754269635689525
USco1621_A,ok,0.01121622458756909,1.6210896548421019,0.010785551480257673,0.7728648391414075,2.0628006135865657
UZ_For,ok,0.12579900214970616,1.4459668504016507,0.018986263286900725,0.00730130200122534,1.3241467745509066
V0391_Peg,ok,0.07407700154584848,1.038844429817827,0.00587500925045658,0.03970218674463542,3.3391727093539565
V1298_Tau,ok,0.007030968160449373,3.7678987761389284,0.006891290519197383,0.5059619087446815,2.9017354732205884
V830_Tau,ok,0.0858871627886701,22.768235583501877,0.08290925346225743,0.9639630976874416,2.719857870952028
VHS_J125601.92-125723.9,ok,0.018974986211364307,0.9893364033844331,0.0016852149279534148,0.013381177525753225,3.6774999739421936
WASP-1,ok,0.004624886345555896,1.0896565425955422,0.0011971170430126552,0.10333346736603853,1.2605438573939756
WASP-10,ok,0.002656102190638647,1.1534133473718735,0.0013768132465188689,0.2789232405693021,5.87559939739486
WASP-100,ok,0.0011936006808417427,1.0189706146486894,0.00025505635757977675,0.03812954039227653,2.83431636422711
WASP-101,ok,0.0010918676773263543,1.16603453054922,0.00045629702863810327,0.19206847982711808,3.887303973469492
WASP-102,ok,0.0033318761130261693,0.9404252059642941,0.00016205905195356007,0.005734133199885459,3.3669586853220976
WASP-104,ok,0.0032207820005869855,1.389025347673247,0.0006145487506258968,0.054928634081296494,4.601679527198275
WASP-105,ok,0.0020230736498047146,0.9821290135302649,0.0003336416288547396,0.04496757964335221,7.811626948876019
WASP-106,ok,0.0017555264975754404,0.9885173898670253,0.00022696227980110835,0.03792373570752322,9.265453490221576
WASP-107,ok,0.0029388200268279973,1.0258038522533361,0.000291597103207364,0.03575446055226787,3.968233371368471
WASP-108,ok,0.0017280134882249232,1.0830182773677852,0.0004476072937600746,0.09264101979281122,8.670020084902822
WASP-11,ok,0.0017526670422969189,1.0137994774860666,0.00041759677830166927,0.1079719782643428,7.141927049302695
WASP-110,ok,0.003350676638246803,0.977916638925659,0.00038486822458892836,0.018162068553728,1.2674117234328688
WASP-113,ok,0.0019798980014136217,0.7979638874007217,0.00031504513465976995,0.05039975864260973,6.331452066318036
WASP-114,ok,0.0037633372886054194,1.0981031414682658,0.001211930755479051,0.13481660251418415,13.0
WASP-116,ok,0.0007923976531152856,1.0240311951141017,0.0003053855126369112,0.06893151266810342,7.094818467039722
WASP-117,ok,0.000816699272829761,0.9953374526848628,8.945598506945461e-05,0.02353968619469891,9.423489597228807
WASP-118,ok,0.0014393739031505685,1.0104497302454467,0.0003355747656043942,0.04658079597550194,1.3416457198004688
WASP-119,ok,0.0023794403999977333,1.0156411441030473,0.0005942566190109456,0.06420842210813642,8.865478361760074
WASP-12,ok,0.0020255949549753457,0.4959783150010519,0.0005101287389786006,0.059527717219666945,1.0952670286923616
WASP-120,ok,0.0015176446842056109,1.1229595245668529,0.0005726257996863921,0.16345339412468407,12.805222132846893
WASP-121,ok,0.0012651677482764332,1.1933852576919544,0.0002758992247536444,0.04917836856095901,2.9107945002989695
WASP-123,ok,0.0013214505351340014,0.9632401526058634,0.00021365958048756423,0.036444590084813405,6.270873287419249
WASP-124,ok,0.0036107523349003666,0.9775340405858385,0.00041259433807988913,0.027746833935998215,5.853706203681033
WASP-126,ok,0.0013538087959043133,0.995213541569388,0.00012064178776590409,0.015336124852956155,11.890898835285597
WASP-127,ok,0.001160170363194485,1.3461995399840783,0.00035554937765297615,0.1317898563455192,12.044272882000314
WASP-129,ok,0.0021234352420893762,0.987061207783025,0.0001952895738316298,0.016819994812547274,5.060750905230455
WASP-13,ok,0.001154723347040342,1.0778883097325398,0.00025812322939104893,0.058545534474148744,6.663310332791415
WASP-130,ok,0.0012775641347664414,0.9979948078317487,0.00016201850264266048,0.03195522781239722,5.123197274279092
WASP-131,ok,0.0007996697855219704,1.0462908168773333,0.00015294251538370694,0.05208648849649016,9.392525830648992
WASP-132,ok,0.001976619822942033,0.997733553338432,0.00024109233338221334,0.03177997591047895,5.932051386728528
WASP-133,ok,0.0038108721808305106,0.9422834930649244,0.00025355010693444726,0.009953381824039972,1.2403750917824674
WASP-135,ok,0.0059311509145478355,0.819645816078432,0.000409632580977288,0.010872439619896328,4.009948437347563
WASP-136,ok,0.001820463381029279,1.091688727230885,0.0004166709848036016,0.09031547683132163,2.6217771477882086
WASP-138,ok,0.0021365655303569766,1.0006497758053698,0.00017381770667898559,0.013235265325811282,3.764292913938735
WASP-139,ok,0.0025816969042772977,0.9556209048636918,0.00016311699057207563,0.007438258638054723,0.7449303349971232
WASP-14,ok,0.0007804058436326141,1.1263899670901598,0.0003229586792238658,0.19783680064028947,5.680154742894666
WASP-140,ok,0.002560106158840932,1.9139041529843752,0.0020474371798220865,0.3599388367325162,6.721057939250841
WASP-141,ok,0.0030675489358252092,0.9677448072111078,0.00024867726165416805,0.014926007776930914,7.104558850483486
WASP-142,ok,0.003991142722788152,0.9540037050865888,0.00035996345823746374,0.017634807048905278,12.023025887856193
WASP-144,ok,0.009796894208414609,1.0824626677700981,0.0012449882188328362,0.08935149458191571,8.723287714463439
WASP-145_A,ok,0.0017380994806150333,1.033410843829622,0.00048606093105969496,0.10976985486071096,11.98118151357312
WASP-147,ok,0.006090969329770559,1.0383494581603456,0.0005525286730978983,0.051462042878186884,1.1503855533720915
WASP-148,ok,0.0024605441404774732,0.9750210514372978,0.00029016341616138315,0.025561792707227922,6.004760293353684
WASP-149,ok,0.0016728285076768941,1.0427299228494638,0.000545299694504769,0.15149369895576537,9.195482658931269
WASP-15,ok,0.0013244924306658116,1.0403497359903864,0.00020203633288895688,0.030469566024736917,2.8990813754978118
WASP-150,ok,0.0026486613466943348,0.8521695112822896,0.00019945262877425578,0.013158241439611603,2.747726235365003
WASP-151,ok,0.003549747171631177,0.9715819256574093,0.00043350949718614533,0.024156460279614423,2.2321985342506534
WASP-153,ok,0.0034192351831273493,0.7187149602583427,0.00020083181396258253,0.007981726502086294,1.1198822201212912
WASP-154,ok,0.0037885411205580543,0.9480994591933279,0.0003068013871457143,0.012510000539430313,12.534547381105313
WASP-155,ok,0.003061731052968313,0.969923022250282,0.00028316427119737215,0.02066684346299568,6.920979431475493
WASP-156,ok,0.0015344681533250347,0.9795303413426458,0.00025058912481639643,0.05314420525925004,7.5348190693481385
WASP-158,ok,0.002746048084254469,0.9870466924685323,0.0005402938013458808,0.07098905943157625,6.05005679139947
WASP-159,ok,0.006533304130414533,1.029121722830405,0.0006734452002468375,0.06893721276207082,3.8526600436601695
WASP-16,ok,0.001413364935176335,0.9706382889860028,0.00013533378293539492,0.015463135557071928,1.543976776645273
WASP-160_B,ok,0.013362998038298542,1.1109594945811623,0.003562987037276962,0.18773579509729366,0.524189078320159
WASP-161,ok,0.0032941029929579972,1.046429883594753,0.00034613613173134456,0.047854438257356205,1.359056781652182
WASP-162,ok,0.0055197351316087035,1.0418636890805542,0.00041592144891289327,0.037274806968566096,3.7183678094832118
WASP-163,ok,0.002623488256859587,0.9875020740225959,0.0006837407230398494,0.05321620956649888,1.6094383620117914
WASP-164,ok,0.007406445428211767,1.0335662164346409,0.0006224686941837776,0.07672530181449337,9.024055749675501
WASP-165,ok,0.007556170365253289,1.028124400303736,0.0007077305077618298,0.07049634369472953,3.4589953653949124
WASP-166,ok,0.0005859711224447387,1.0739746877562644,0.00016075903006447268,0.07587446391027704,4.166726112948748
WASP-167,ok,0.0017722450268391507,1.4071014924670213,0.0008427303028535751,0.20698780642239475,1.0173054677533553
WASP-168,ok,0.005720700068233321,1.1483277778131906,0.0012531829483827766,0.1203738649126728,8.052593477063681
WASP-169,ok,0.005946263825309523,1.060662910265532,0.0013099629634537764,0.20350053531569168,5.431699160111274
WASP-17,ok,0.0019419934894058819,1.0157421361324699,0.00031267700684639815,0.03750392642144795,7.040556805526554
WASP-170,ok,0.007336852016321613,1.1271986850228501,0.0030010624390426513,0.3230357394736081,8.043587906305373
WASP-171,ok,0.00898323570234584,1.0625030521042131,0.0005130761161801701,0.03234897199075199,3.858884404122114
WASP-173_A,ok,0.006078677484489301,3.041462439270819,0.0047430764804397615,0.3614603619044196,8.277024970108002
WASP-174,ok,0.005313518843776825,1.0665101923416853,0.00023893971601822854,0.018643127619169725,2.245220820891981
WASP-175,ok,0.0040764422094305775,0.9787154914443699,0.0002567361667041648,0.009758176948527656,5.685878716970235
WASP-176,ok,0.0024241078065360103,0.9718476778585031,0.0002763302092389111,0.024097596921777337,4.185260336266108
WASP-177,ok,0.002470916218281939,1.0255941415966001,0.0006510521257154894,0.11817339960714968,4.079953440634735
WASP-178,ok,0.001246691581890013,1.2983382034718645,0.00016900146871647848,0.016487856671648506,0.23078760559858183
WASP-18,ok,0.0005797648107967902,1.0667240285335706,0.00021210420868465602,0.16555405034367826,0.47157362069970205
WASP-180_A,ok,0.005678821940019636,1.635523925116175,0.0044555781658747965,0.4117410829384714,4.80088762693028
WASP-181,ok,0.004034479105997445,0.9700111032115039,0.0003985213830805619,0.021733038991090203,5.958047073364696
WASP-182,ok,0.005425179307575711,1.0103885706697047,0.0002641534497060616,0.02077113996617482,1.691631006053645
WASP-183,ok,0.010508722286162302,1.0516193971749552,0.0007136727294814536,0.029839853202553602,7.5346776812055785
WASP-184,ok,0.0032875431889368605,0.939339312752381,0.0001767075391742927,0.006581783125546027,1.247530480222574
WASP-185,ok,0.0013840298209540822,1.0245632448726294,0.0003312125319250675,0.09969641506831516,7.204738421173431
WASP-186,ok,0.0012412125260202558,1.0446066764726594,0.00019606906021162046,0.036471711976021115,4.973858146824644
WASP-187,ok,0.002077168109140423,1.0903109123355932,0.0003938113883252187,0.08411504698780818,5.1239850669487685
WASP-188,ok,0.0029269039915672088,0.9977342569664536,0.0006387354392034833,0.08642760596891157,9.33038837167051
WASP-189,ok,0.0003225992622514246,1.954391851652239,0.00019927333087100873,0.21552633905062757,4.551182309153656
WASP-19,ok,0.003699793355963112,1.235882760894711,0.001930579426202778,0.1965666954657872,6.350166375340163
WASP-190,ok,0.004710007788881428,1.0742849020511833,0.0004845419448112988,0.05261663888776565,1.067227998567476
WASP-192,ok,0.007975918521899954,1.0428374147155095,0.00039780158423439045,0.02427917882329248,5.240337988838303
WASP-193,ok,0.002733930947180124,1.075453670816638,0.0006660206570492544,0.09944259871884091,6.2555682580933825
WASP-194,ok,0.0031707859237442943,0.9803834406751788,0.00023734056208818885,0.01324111907600782,8.897555409654979
WASP-195,ok,0.002101772216247153,0.9603160416751104,0.00028994423422200826,0.03932910781157793,5.938032506190548
WASP-197,ok,0.0015731827689810394,0.9811118410849972,0.00015152013344910432,0.02079026091806424,5.203957975316643
WASP-2,ok,0.0019058867275170734,1.0662393600479787,0.0005911849274701284,0.11311508736801078,4.086804244400239
WASP-20,ok,0.0011364355415571102,0.9950981856274886,0.00022020893797446478,0.053549450470105224,2.423284559046676
WASP-21,ok,0.00399896517742937,1.0784616443874577,0.0006319597118966207,0.053291724308969356,2.153720507989562
WASP-22,ok,0.0019108673269984605,1.019309640344425,0.0002463113074293478,0.02040803064630846,3.5483349303154914
WASP-23,ok,0.0025723686488910258,0.9857192555108547,0.0003629394820292769,0.034794947001068235,3.0234687966394187
WASP-24,ok,0.002027293362579929,1.1284577932430844,0.0007615715576116694,0.08027435561370926,0.5823787119273057
WASP-25,ok,0.001971776499253822,1.0253475204938323,0.0003457362173100824,0.05680188974422229,6.0655146907655535
WASP-26,ok,0.0032911790025719097,1.0417462536243327,0.00024340503909322633,0.025384018557678006,0.6902357326222176
WASP-28,ok,0.0025888028685121184,0.9867222603554339,0.0003741456758044669,0.021075992136507238,0.848644932067356
WASP-29,ok,0.0011979997693574212,1.005852499190752,0.00023612271046689705,0.07123984963251767,7.012075993343484
WASP-3,ok,0.0012859741750665596,1.0257316832580914,0.00026213809931955245,0.05628881009308928,6.531503383276734
WASP-31,ok,0.0022739942110021403,1.0229441004379534,0.0003959217822306934,0.04949989240552022,2.8708955911867764
WASP-32,ok,0.0018577914755416286,1.0123515896699482,0.0003138857547600043,0.03587737897489556,4.777096571222046
WASP-33,ok,0.0013922683063162932,4.1615329030460275,0.0007018175527190476,0.11965610776525186,0.5267889285515599
WASP-34,ok,0.0008858398740389456,1.0277784239660253,7.661237649977257e-05,0.01410766705494385,6.739634088613495
WASP-35,ok,0.0012314353212397081,0.997461025930715,0.00014462957886510175,0.028475408570882366,12.814729319559888
WASP-36,ok,0.0032416742562665557,0.9601829054465533,0.00035145832070304764,0.020758572404452735,5.699486911817455
WASP-37,ok,0.0038386195912177004,0.9394549178175685,0.000556930343728412,0.03489471530497968,1.660553101557058
WASP-39,ok,0.002486710186880849,1.019421227469683,0.0006638551760989226,0.11885061998065193,11.170934812108415
WASP-4,ok,0.0026665307782548307,0.9691637756861019,0.0003565936158951919,0.0289995057776704,7.012054874909767
WASP-41,ok,0.002458943405333883,1.6115992602754836,0.0017481421135152617,0.3612977445615213,5.767229850896673
WASP-42,ok,0.002224812108719571,0.9737919433055001,0.00023320537267206514,0.020244573077556824,1.5383516252637501
WASP-43,ok,0.0023875710231211584,1.3131769296219185,0.001331920782899302,0.26022496048310945,7.446257049575138
WASP-44,ok,0.004297222168929391,0.9880645160071152,0.0015145167012119384,0.20490590254716518,9.20969975546179
WASP-45,ok,0.0021991214069834596,0.9568225496739442,9.123377528510211e-05,0.0038388810046623345,0.4954429516238949
WASP-46,ok,0.004015761019521379,0.9420482654999305,0.000631429025623615,0.04268678783709608,9.46697788691498
WASP-47,ok,0.005367594410765752,1.0813513883141006,0.0008316250534558399,0.06561884126800761,0.6935298475566496
WASP-48,ok,0.002163933929272821,0.6725552813075425,0.00019197311704027768,0.012714346419507827,2.7603936995504466
WASP-49,ok,0.0015709893174144314,1.010975944064659,0.00017992834203174113,0.023610555929388537,3.0235178434486123
WASP-5,ok,0.002391711942020886,0.9947104422749763,0.00038357357897133985,0.026496223763152266,5.3647183339322195
WASP-50,ok,0.002214787151513457,1.197678655941006,0.0011003801100088174,0.2585144912422913,5.544667899378303
WASP-52,ok,0.0054205307540527315,1.0481983218256672,0.0007742289589427794,0.09184915574741949,3.775037008353358
WASP-53,ok,0.0027162751060902652,0.9571540238529495,0.00028934676475359514,0.015285190290952612,0.8304128114595873
WASP-54,ok,0.0010004781459181152,0.9845409168831852,0.00021178618529635706,0.058695440144737335,6.209493665417767
WASP-55,ok,0.0021772408656925263,0.975978801004679,0.00021570683431108064,0.018502468400783675,8.119812249702818
WASP-56,ok,0.0023188989115069986,0.9122512069204437,0.00021275058834709435,0.01817394609350022,9.329660884824293
WASP-57,ok,0.0042535509987858666,0.985479585521263,0.0009450330461627005,0.07053979684433753,4.388624670100073
WASP-58,ok,0.002132671672050986,0.7810880952480751,0.0002922394789781302,0.02332457081764226,0.7169599586192344
WASP-59,ok,0.0022944901149328516,0.9706113002883593,0.00034994257175785385,0.04943884950696462,8.335278837490517
WASP-6,ok,0.0022809997837104365,1.004198845915691,0.00034415006645822075,0.03558999848919593,5.583330999759278
WASP-60,ok,0.002245586348823149,0.9677637244938233,0.00015420418022397972,0.010837579376882485,3.3390382929305673
WASP-61,ok,0.00260764480489186,0.9677449818489041,0.00010402788758325705,0.003748923210792462,0.36059111476585637
WASP-62,ok,0.0009403964439323698,1.0946934880592265,0.0002690392234786868,0.09484016171887319,2.547012753345649
WASP-63,ok,0.001251820831706642,0.9884980908578506,0.0002505254336201316,0.05407609099267939,7.256259945904958
WASP-64,ok,0.0054896290851227615,1.199223597395472,0.0008723357794178429,0.05349895482973902,6.025722842328934
WASP-65,ok,0.004936949899258585,1.0472941908774525,0.0010119303953294498,0.06716239408879335,1.1583166498478772
WASP-66,ok,0.001990819366835354,0.998828679216184,0.0001531390225848195,0.013565051658133388,7.087049491793042
WASP-67,ok,0.005179433217953854,1.0297033841979204,0.00045501252241582357,0.06186330345746249,9.66307496884593
WASP-68,ok,0.0010740193863146136,1.032143689772874,0.0002194742979226242,0.07257300346391805,6.555215299096719
WASP-69,ok,0.002116590172596753,1.7102753670214434,0.0017222027586621992,0.25065032996099523,5.791814682599905
WASP-7,ok,0.0014680488823883642,1.0343520250672613,0.0002332528662012153,0.04000076712585132,0.8229613330490101
WASP-70_A,ok,0.001539486179443134,0.9863114696980884,0.0001913839396138413,0.02097162273556113,6.506091521400656
WASP-71,ok,0.0011332148926076037,1.0173245578883685,0.0001484193245507042,0.02824307845670739,8.466954525885361
WASP-72,ok,0.0012679196621137043,0.9557753774669192,0.00010223513911413879,0.013890741063086355,2.0675662141131483
WASP-73,ok,0.0009277457529302985,0.9982462471264387,9.537146577444755e-05,0.021817988497293713,4.689363967762001
WASP-74,ok,0.0015131013756311536,1.060546537683868,0.0002863854513910551,0.04634803323194896,0.35663322511504286
WASP-75,ok,0.0016990489040910673,0.9697834058514262,0.00022621411330701554,0.021124638957916723,0.24830145649540045
WASP-76,ok,0.0007286876903186232,1.2015785993113837,0.00029369430272905254,0.18499263729440893,9.242978247476524
WASP-77_A,ok,0.001995672511673541,2.3116895770826593,0.0018693576323040768,0.5491812517424093,5.566207242490652
WASP-78,ok,0.0026987760949737866,0.9606325677104811,0.0002023341794825219,0.012370787648612378,6.017113503213035
WASP-79,ok,0.0009217862466977465,1.0355453906050465,0.0002461332537464034,0.10646952212234395,12.714464683326696
WASP-8,ok,0.001349658701805864,2.0662235331876557,0.0010426158674054192,0.4247671867393188,7.811678633819664
WASP-80,ok,0.003274145090123804,1.0653602803890823,0.0006640893664566006,0.09751194059596731,7.250062567034209
WASP-81,ok,0.00402546166508647,1.104031720998205,0.0018458754711072913,0.22067273856114564,11.827475551401252
WASP-82,ok,0.0008777128832235196,1.1385225017905913,0.0002133911131173998,0.047739016601258094,5.132818316989869
WASP-83,ok,0.002369367549339919,1.023062331382048,0.00018853092351711712,0.014704227585893976,1.0916824904109648
WASP-84,ok,0.0040646972031662815,1.8044338218122389,0.003670836767567086,0.5091200783222055,6.936640417502279
WASP-85_A,ok,0.0016847561370821548,1.1786798403957137,0.0008671385690826494,0.27391066791460283,8.039380835291771
WASP-87,ok,0.0015310409865076959,1.0930612228604317,0.0006711891414505132,0.256309656574637,0.5922855688575056
WASP-88,ok,0.004664312776234977,1.0491279944764849,0.0006263800803668009,0.055360366647885594,0.9797386275620888
WASP-89,ok,0.004749535146014381,0.979388758475328,0.000697383197815843,0.04551454099229094,4.637131027273224
WASP-90,ok,0.002282672196623641,1.178140720182333,0.0014806478573982395,0.4487352366604503,6.0498849424399985
WASP-91,ok,0.0017751045268909712,0.9636120310900494,0.00015347221131176644,0.013712017030775054,2.3735448606441736
WASP-92,ok,0.004030982327513561,0.7038513729625809,0.0003248796401001236,0.01157950119723357,3.9691388758892647
WASP-93,ok,0.0016169769800838895,1.0778808499322619,0.0003124648561959118,0.053945096606706086,4.51211870689508
WASP-94_A,ok,0.0011123761455390647,1.0658490589002905,0.00022738110221492998,0.05364540833678301,10.94785961786068
WASP-94_B,ok,0.0011120558437322237,1.0655757263711625,0.0002221254530246633,0.049148975748970744,10.94785961786068
WASP-95,ok,0.000875892018353001,1.1269495853148244,0.00041341614527494144,0.2402591940512522,9.467677443288538
WASP-96,ok,0.0027622417885826175,0.9618373882967842,0.0001687280365031616,0.007774030106299072,7.390295685353204
WASP-97,ok,0.0009555032618011074,0.9803834079476186,0.0001379030700361133,0.03604231289869538,2.3404678185653127
WASP-98,ok,0.004387030304325048,0.9595801725461448,0.0003921663396095864,0.01245957956631008,6.695390165703633
WASP-99,ok,0.0005965372548352775,1.0606755755374724,0.00010575183305389426,0.04524614529654043,5.06560717380404
WD_0806-661,ok,0.010966494205490679,0.9213269585270037,0.00044468996324635747,0.003583361093016257,1.6258858137737746
WD_1856534,ok,0.4158553120900496,1.0808022281380887,0.09809011073103094,0.09910041605039309,11.852154562421278
WISPIT_1,ok,0.04307477122413714,50.191871716048944,0.04200334140098727,0.9536808522235868,3.6995516124009997
WISPIT_2,ok,0.021774270049960697,13.376633245002507,0.022690940823422392,0.7978577513271706,4.66840583754911
WTS-1,ok,0.1758495893116839,0.9536350743883758,0.013376065316261839,0.012584497849583697,1.7437820327735565
WTS-2,ok,0.13187923291143208,0.9435437087597751,0.008643508295338567,0.01007337412740023,1.1292044390438658
Wendelstein-1,ok,0.02635170819536681,0.9294397696642206,0.0009360403709775195,0.0031346579437788067,1.3671292954077527
Wendelstein-2,ok,0.1270362546150578,0.9414187577430145,0.008193842693277987,0.009677431461058272,10.046149728396443
Wolf_1061,ok,0.0006956092205617378,1.0485163281740324,8.95484367000417e-05,0.11511060662852796,4.5060979998149575
Wolf_1069,ok,0.0021334243428869845,1.0807649644256014,0.0003850421684495132,0.044835060605498106,0.22142680526300626
Wolf_327,ok,0.0016952205720644526,0.9524067054681794,0.00013002325437652698,0.012093438416158135,5.812204827289379
Wolf_503,ok,0.0006904905946066287,0.9992119579337988,7.763480816003951e-05,0.02832272040897526,6.985042718400724
XO-1,ok,0.0015903379151984724,0.9204002084035178,0.0005854485144524495,0.19145516596261014,6.901302807117942
XO-2_N,ok,0.00259727323764308,1.5441826031280783,0.0003673147790416292,0.03939685192112836,4.6785917997282
XO-2_S,ok,0.0019958697701746597,1.3141965426813043,0.0002482737854222322,0.031691857185736985,3.2792208065459447
XO-3,ok,0.0008317069921867789,1.0836549561926472,0.00011390958834200849,0.032591475997702984,2.1912610475192196
XO-4,ok,0.0011556602353477218,0.8876881293150108,0.00016008213452408138,0.02463945947694585,3.2792625804436226
XO-5,ok,0.0022752489717105034,0.9767437015754878,0.00019612085796906058,0.01240441611557975,2.0967215934094847
XO-6,ok,0.0010793823680897152,1.1270391389131977,0.0002607834290642834,0.08851653251232483,1.7540349856817012
XO-7,ok,0.001104673213248597,0.90029158878499,0.0003686511950800031,0.1447906137611879,3.666620571272363
YZ_Cet,ok,0.0007972492796033496,1.1714783163915363,0.00014994758137997746,0.028849749440596567,1.9338860134194449
ZTF_J1230-2655,ok,0.8732637945551945,0.9376438440691152,0.05070495713849445,0.0074264474152668765,0.23537396468413752
b_Cen_A,ok,0.0007442622578574064,13.279741664669386,0.00043708518065232386,0.1788845302069653,2.6211362555386586
bet_Cnc,ok,0.0017428318166121462,74.74394852750176,0.0016169911488477628,0.6101225078487496,4.701827077373257
bet_Pic,ok,0.001407268714541212,30.360222350890535,0.00017629288203587005,0.010119789804680708,1.449955138814403
eps_CrB,ok,0.000979229955340006,27.79071903508469,0.0005808016121074038,0.1677234271494081,1.6933993420859788
eps_Eri,ok,0.0008706367929437417,27.171398410319227,0.0010405427618844212,0.4510474044296922,10.645102700009089
eps_Ind_A,ok,0.00028372608166246183,5.801202182860585,0.00021868847256161997,0.285297923945059,10.157708854442518
eps_Tau,ok,0.00023374495228180103,7.974596509773081,8.820157265925425e-05,0.06412909240152576,1.848170791931841
gam_Cep,ok,0.0002582649515089205,10.592545834523138,7.580601843061717e-05,0.052205739481075826,1.1356891803920959
gam_Lib,ok,0.00040233762580260235,5.372422325649779,0.00019942241406231402,0.1514639639749267,2.172555539956217
gam_Psc,ok,0.0005748439370342215,17.939540201259874,0.0004026518153988123,0.2836021582678964,3.5244740005718582
iot_Dra,ok,0.00036411797564004543,14.914579757763118,0.00017043571414572279,0.10621391867989811,2.6952492929043372
kap_And,ok,0.00018408153682528632,1.447638588071934,2.4041872828269102e-05,0.09312540502330786,0.30392977131162935
kap_CrB,ok,0.00020005176232966475,3.907773435311127,4.315849279371527e-05,0.0274770510252361,6.559361412078381
mu2_Sco,ok,0.0006156832340799281,12.959033454581107,0.0002560195945169,0.10904834669614792,2.9085737838084382
mu_Leo,ok,0.00048881020136765,15.15971698707952,0.00020502693009346554,0.07472719199974145,1.9951233495802128
nu_Oct_A,ok,0.00020568450762865713,6.466006618172036,5.5179858953601986e-05,0.037891190611752036,0.861612373879034
nu_Oph,ok,0.00026760294294553153,9.963397401895863,0.00011681782869461487,0.100911801408318,1.281533881081204
ome_Ser,ok,0.00034331907279633485,5.569700354670096,0.00021041677473906373,0.15939198899541368,2.6607216238321976
omi_CrB,ok,0.0006820919377139395,9.596874750782245,0.0002622940300061792,0.10119262676993401,2.537130286983643
omi_UMa,ok,0.00024286202644897132,8.431322170457205,0.0001006250525123364,0.09947697315148923,1.5828107677081595
psi1_Dra_B,ok,0.010215661283563934,76.48359494431675,0.0023957405549905665,0.05382238144994444,9.370073435703446
rho_CrB,ok,0.00014654099357788573,1.9021681814573832,2.4403993523784154e-05,0.03710766191422169,5.710610399818736
tau_Boo,ok,0.000245545850160377,4.5765287500036544,0.00022009603987129529,0.43831771209612813,3.0343533042256103
tau_Cet,ok,6.905206212031333e-05,2.254148487455667,2.4880937976124504e-05,0.10961096648988498,2.202312814252769
tau_Gem,ok,0.0006390484392883095,16.051261580348548,0.00035001120395536134,0.17194907215463437,3.1995226588400056
ups_And,ok,0.00015788509721050283,3.6110854221449866,0.00011465639819896026,0.3444649733061999,9.644260490207632
ups_Leo,ok,0.00034956251654359776,8.32004245822936,0.0001128788695622657,0.05358877376731492,1.4343621809047675
xi_Aql,ok,0.0005681036638236739,11.66928029582694,0.0003529094224475617,0.22098760647336352,6.218606725090164
TIC_103865797,ok,0.04303963304892327,1.1118749983993887,0.004941234491719688,0.10368632873670644,2.3627987596167763
TIC_124709665,ok,0.0016477263387975805,1.0426991127447327,0.00029041871183533316,0.18034372171354146,0.9361366542378433
TIC_129319156,ok,0.0036854937282438595,1.048899167273862,0.000544446095996419,0.11989710525771918,4.560350797469111
TIC_139853601,ok,0.0011601525737035534,1.1690677576231967,0.00047220326354610294,0.3080090390070407,0.6547330647290842
TIC_140706664,ok,0.0033860248494732314,1.027302602526305,0.0002039324852400288,0.03393145407576626,0.6291327183026351
TIC_141482386,ok,0.002479062087665259,1.0473650971809647,0.0001797952858401046,0.037877915531170085,1.6393179946451533
TIC_143257766,ok,0.0037571324193630194,1.136496524922989,0.0008235590286762632,0.10903314142734136,1.668730767313342
TIC_143994283,ok,0.003358551697040965,1.089993283330367,0.0014391723142992664,0.5497946538792065,5.9634613651436075
TIC_149601557,ok,0.0023700983388677344,0.99572621853606,0.00016847716399364217,0.048432723320456214,4.684538338601406
TIC_155044736,ok,0.0038649636613859247,1.0103726213744273,0.00036245875622669023,0.0790611904177082,0.683545834550322
TIC_155491828,ok,0.004445635642752896,1.0274410926340662,0.0008352426960850043,0.12679646976199677,3.125812221051604
TIC_156115721,ok,0.002161706415030614,1.069328082469589,0.00032508614626993777,0.08798911148330256,7.840613159313534
TIC_164150539,ok,0.0027594130380954288,1.0380033116546656,0.0003289876918202409,0.12694552006813206,6.726653403407693
TIC_169904935,ok,0.0016096510061021053,1.0436541383051605,0.000167617701147714,0.04267547147678326,1.5298544971279273
TIC_17129975,ok,0.004805736272154437,1.0017225956711096,0.0005306639482002505,0.024215065180389447,1.5107779068395883
TIC_17150865,ok,0.006245382334920363,1.3004899754845218,0.0038431483294545732,0.14337249783749595,12.197903312918243
TIC_172110606,ok,0.0006114903537994771,0.6572153650485396,3.2839073995613316e-05,0.006174344684112683,13.0
TIC_172464366,ok,0.003254502042661564,1.5840152330780262,0.002296265322920275,0.32421451608729335,3.0234672119035446
TIC_172630205,ok,0.0052940690380407635,0.9679240234247468,0.0007027048683218957,0.03476867613720061,11.858022862194503
TIC_172754786,ok,0.03018300665046123,1.5887825622309786,0.014142822718069681,0.29861908454380215,13.0
TIC_172871230,ok,0.00698244112072074,1.0292966501378733,0.001876551574576924,0.11818774910863032,6.928079532971167
TIC_173860688,ok,0.0013982359808655987,0.9937862731443131,0.00010001674455635578,0.007145996746462826,0.6095165350327223
TIC_174143743,ok,0.0011110691675561139,1.0099613987332334,0.0001922501819100236,0.052844901414205434,1.6291467181648585
TIC_17416749,ok,0.0005212102253985503,1.058237162152763,4.452112291509439e-05,0.015879151023700314,2.4091871246281804
TIC_175079720,ok,0.012466035968463154,1.0824620420274007,0.0006899101673014329,0.031160707993037707,4.597444133400254
TIC_175180796,ok,0.0019748653489789136,0.9799784658934672,0.00012635434684672253,0.009297400982280293,11.113744281435112
TIC_175310067,ok,0.0035668778557667955,1.0293981133242074,0.0002656121711272893,0.039677809873958726,3.131811249092948
TIC_175476629,ok,0.0013940770542067936,0.9974203641349327,0.00018725621448044681,0.009662842988904578,1.9122991637531688
TIC_176772671,ok,0.0238409954967769,1.5120705448964187,0.02227724688735694,0.7836650110920893,1.4891094028276701
TIC_176778112,ok,0.0008305781597937438,1.0224873338474019,0.00012869460824332932,0.04849529164537682,5.807863909670397
TIC_176831592,ok,0.0017342337351265885,2.4833188658594034,0.0008827049168255345,0.14361546272837927,3.7592665746013703
TIC_176984236,ok,0.0026146798028030774,1.9602393832683809,0.0024270736826355133,0.6818975742758508,1.2672977253300133
TIC_177126182,ok,0.0012439084278926813,0.9631589703733455,6.008696368432208e-05,0.00548496358103644,1.0333336620676528
TIC_177612321,ok,0.008447987299913102,0.9721971011338477,0.0017153566887939944,0.07345248583853144,6.735973203595435
TIC_177722855,ok,0.0013961002890129635,0.9606943315711367,6.345868909593495e-05,0.005176016579644828,0.5381955224550742
TIC_178959058,ok,0.0009265131212001538,1.0271882417799034,0.00013460617601817674,0.04274945084627221,0.9435373468294223
TIC_179033846,ok,0.0007982763615846788,1.0086441575010063,0.0001357655178304457,0.015930037221640048,2.0155746150888785
TIC_179155220,ok,0.0016008735888040856,0.9674457531643026,0.00032214088945305293,0.08399282117774559,0.6035906776066585
TIC_179159972,ok,0.0017963099662528347,1.0211337030545762,0.00019889468113247998,0.01994099300442314,0.2508102382574188
TIC_18017227,ok,0.0031421658849617416,0.9742017447634322,0.0002236360607081795,0.010609610066855304,2.586879100494161
TIC_180987952,ok,0.0007949925754826389,1.0175712797624807,0.00014369781617712055,0.06414173592755638,7.59590863208956
TIC_182470056,ok,0.009280920774016502,1.0669714595400352,0.0049168814120743014,0.3799106336687945,6.345085142031501
TIC_182943944,ok,0.0015089108033916369,1.0270601799140795,0.00032654321884490465,0.0694939305470442,1.10830058063556
TIC_183979262,ok,0.0009957322122495001,2.318273263865914,0.0009410194217383375,0.6143409637953736,3.5088954555259053
TIC_184679932,ok,0.0028086937608073894,4.266320883671403,0.002754554411763116,0.5337068114930491,2.204701640355977
TIC_184869170,ok,0.004546996557542026,0.9942257122612831,0.00045442553170195335,0.02142900466389235,6.940400332287695
TIC_184952758,ok,0.0007021839910042184,1.0654240597969038,0.00021342971362725457,0.14864665313386846,2.0611820499537368
TIC_185226925,ok,0.0044012427326422954,1.0079554953190828,0.0012830448143859616,0.1586450333031986,1.5888117547737344
TIC_185405474,ok,0.00226787335534778,7.4085718765275175,0.002500313181627072,0.8180708327880927,1.132329867099642
TIC_186000935,ok,0.0010076070780334193,1.0529924491030032,0.0002625340536933469,0.12406245917995959,8.73054906342714
TIC_186599508,ok,0.0009793595299295373,1.0987852268206315,0.00015446629005978166,0.04560433656789573,2.747823252400183
TIC_187029841,ok,0.00030049927700920314,1.2993052734432176,0.00012812616344352925,0.07585978512996629,0.36138351380662476
TIC_187532854,ok,0.0041755893634189654,1.0225808137562165,0.001376102940207514,0.17549382451441084,3.0981956623956757
TIC_188593930,ok,0.004046076302931962,0.9537452642803546,0.0002637107622042045,0.009454904627821946,2.536140837035437
TIC_188989177,ok,0.0007319578078428783,1.060877200577281,0.00023112924993680146,0.16081125092365434,0.5872624409613252
TIC_189013222,ok,0.0039487543425785684,2.110103024366789,0.002886298664381663,0.36121012067226826,5.177989944248838
TIC_189620016,ok,0.005161193477660375,1.3356509973906887,0.004088659254004296,0.5101683190210862,2.3584549736893217
TIC_190081497,ok,0.0017553808009714111,1.098889784028828,0.0003742373497079813,0.07201082707643283,5.247843389306285
TIC_190271688,ok,0.001500683558023374,1.0922148980626822,0.00044420757904256694,0.14700862788193075,13.0
TIC_190430205,ok,0.00035517747088407016,1.2832779967151897,0.00021141298245915875,0.15614809376659675,0.4097722135199658
TIC_190442486,ok,0.0005946083058037524,1.3728063795237155,0.0002737320727598894,0.09765039642602699,0.806816467717777
TIC_190743990,ok,0.0032832156783154432,1.046080075894648,0.00020345447669286473,0.043237742849486976,5.419116910511241
TIC_191146556,ok,0.00044331058022290426,1.2321499283700161,0.00020740451809665462,0.09208391752139976,11.333361745247203
TIC_19155785,ok,0.001962260234975723,1.5747680849226595,0.0016177165113239313,0.5431428222324506,10.731808383885355
TIC_192372961,ok,0.0007017202621655563,1.1219596999177017,0.00015383802033413566,0.08474106709630712,1.7179734114237364
TIC_192520375,ok,0.005618321612444919,0.997154644670447,0.0008170192969632491,0.04092022927049774,1.8039011796186535
TIC_193628179,ok,0.0034658666084228587,1.0098731187233372,0.0010006647232404472,0.14754495523583716,7.307426153311556
TIC_193708920,ok,0.003622419941411047,0.9745148403422507,0.00017743037378696133,0.006020550159072564,2.540757374187654
TIC_194179013,ok,0.02337057523654945,0.9720805283509034,0.0024836657401380597,0.021384544034605296,4.644912842621462
TIC_1950736,ok,0.0010613377653837426,0.9831056286500294,9.916433551066198e-05,0.019755352643200514,7.084629746042913
TIC_195093356,ok,0.007196579518127331,1.815106633675651,0.006552675084858747,0.6266800657513097,5.007541253689768
TIC_195199644,ok,0.0012034018925926797,1.0333965459565388,0.0002204784328905343,0.06842186603615474,4.6116424867350325
TIC_196286587,ok,0.0012481008404321508,0.9811388491014789,4.8572693459000945e-05,0.0034231679107924787,0.23878943419671517
TIC_197650870,ok,0.011758754009480003,8.022867646950179,0.012434228099308166,0.6011964590331436,1.6767445453034593
TIC_197959526,ok,0.011997338205156527,3.0048645448884197,0.007397559817559851,0.3130741281669112,10.319480472164948
TIC_198616607,ok,0.005282749732139916,1.1178697157003379,0.0019059464428065043,0.14160804996519136,7.18718060893854
TIC_199162630,ok,0.003930134116445104,1.0024400337232289,0.0005458718009151349,0.03802664991669986,3.0482150426553862
TIC_199688472,ok,0.0011706166828092841,1.2483913946801264,0.0007034884969932491,0.3197697607620036,2.8974888058836448
TIC_200593988,ok,0.004311978615664767,0.9486689708166695,0.00023824375035445347,0.0074197387492476235,3.2983444529178763
TIC_201154493,ok,0.00027788410369493496,1.1572620785740353,8.388493093714977e-05,0.042092172204166355,0.5143603535942273
TIC_201233610,ok,0.0065579044455242996,0.9871736604548897,0.00040060296754710186,0.008315082144946261,0.3982769144785731
TIC_20178111,ok,0.004805433302390335,4.1043350920158845,0.004785233979627573,0.7456259016263176,4.947578961764468
TIC_20182165,ok,0.004033601342899787,18.101973570011182,0.004510968935263407,0.872671923057497,2.123863232726574
TIC_202428245,ok,0.0007213823238578313,0.8531864271165033,4.453159812809756e-05,0.00694452635320371,4.216905697670105
TIC_202468443,ok,0.055330868515804994,1.1103988908328615,0.009610098486049804,0.12951427073957492,5.195520912371438
TIC_206466531,ok,0.0009539612941167938,0.9915243041388231,4.5138889662380075e-05,0.005432204468015564,0.346951089960943
TIC_206498307,ok,0.0021967012221598098,0.9835820097615635,0.0004023296386944491,0.05483294027354395,6.352118929382615
TIC_207084429,ok,0.0002490117022086376,1.0504637905357745,1.2576689532208783e-05,0.005141830514346434,0.9286317327511706
TIC_207501148,ok,0.000918887439861091,1.0261657649132643,4.5996023493642495e-05,0.005787644947139081,0.45525402059099257
TIC_20988926,ok,0.0036900920032683603,0.9972136852818813,0.000673784537860926,0.06354533096293634,13.0
TIC_210337597,ok,0.0035212853080389926,0.9953272020720834,0.0006827463441848779,0.07270144069112221,13.0
TIC_21755546,ok,0.00647529965181959,13.780773079753436,0.006323911187972502,0.9200685314431567,2.467442450708102
TIC_219151731,ok,0.00028303539804526006,1.0786711673007956,7.558465291281046e-05,0.033546758833030536,7.9623298702712475
TIC_219164808,ok,0.0008742606197392688,1.0789244653202381,0.0002789891967119622,0.1053508460757898,3.380792157335368
TIC_219205407,ok,0.0017482504424344504,1.0326195813337002,0.0003688237693526741,0.0886445438223617,5.921456278678079
TIC_219208037,ok,0.0032399816028591782,1.60541145589892,0.0019736474635584545,0.31818962335521983,7.260775863671977
TIC_219239945,ok,0.0015578429844335551,0.9600962807889504,0.00016384414404725948,0.02510195889068418,5.62833944164317
TIC_219366908,ok,0.0011983282499705037,1.0094354576203632,0.00018605968913680684,0.013282204715904062,0.31379257383569625
TIC_219379012,ok,0.0010822484933402242,0.987845523961552,9.933102910688288e-05,0.017481883615689104,4.721898917915302
TIC_219388773,ok,0.001325414970388479,0.966130240027294,0.00011018319774637854,0.01474205331339451,1.458348715293622
TIC_219466803,ok,0.005712207164042285,0.9933279409023668,0.0012642247360931602,0.10155330397371877,6.097868166417046
TIC_219467837,ok,0.004519018943769265,0.9666411817535776,0.0004137517805388727,0.019517392481634872,3.3966988792759794
TIC_219766989,ok,0.0008346417513929831,1.0275038776509764,0.000342044936000778,0.0652035726986158,0.5098462678800624
TIC_219821826,ok,0.005621582420403809,1.0064299240868801,0.0044191767589141905,0.5388881646315471,5.968009814766778
TIC_219824469,ok,0.002048611718468211,1.082489702388848,0.00024241714460492087,0.03148948162644777,3.221578595674736
TIC_220016044,ok,0.0013935482513206395,1.1219319082118808,0.0001999093496547207,0.043787395487428105,12.364418263383868
TIC_22020459,ok,0.005030987007780158,0.9825912418764441,0.000650477438732361,0.03581641056996365,0.6672752630923527
TIC_220396259,ok,0.0008709532755057068,0.9624430072156749,3.832332282837072e-05,0.004611203706125106,0.22972792241771794
TIC_220435095,ok,0.0030496250898563123,1.0307802533027721,0.0010915693290101068,0.22903751541670925,3.618809969810432
TIC_220518305,ok,0.001198307123804971,1.0273303285544844,8.76141485316731e-05,0.011391260198391647,5.15842810984603
TIC_224313733,ok,0.001583910382446819,0.9828932530415688,8.142869078786553e-05,0.0063659904573880825,4.11869574946783
TIC_224418572,ok,0.0032719083753518312,0.985056922853785,0.0004169361912306932,0.03537053354513454,6.554934105416785
TIC_22843856,ok,0.0014661243815603988,1.6259655968881097,0.0011265287836772107,0.452851491987866,1.8793263891456846
TIC_229091748,ok,0.0046186390286865045,0.9746611005444514,0.0003691107750432517,0.014071284139900511,0.456502129355635
TIC_229141709,ok,0.002843095028001147,1.060001949773522,0.00117572812479907,0.21423683873464155,7.230237812252521
TIC_229285649,ok,0.001681322165281028,1.018446003944784,0.0002762411708147536,0.0399430383426762,9.284309266944756
TIC_229384040,ok,0.000707276089879498,1.1000698623541103,0.00012756543560645662,0.07031010926237209,0.6458407568073425
TIC_229536616,ok,0.0014694530560432552,1.029888551489792,0.00045593033659766197,0.1695301933779433,5.269356731075977
TIC_229770036,ok,0.001421455590428794,1.0061410142313725,0.00011042965695323335,0.01370357584019377,5.091670203448064
TIC_230017325,ok,0.001630749624354009,1.0030595616302798,0.0002603132837284092,0.05598978329445331,10.182929675809573
TIC_230075120,ok,0.0016834043424403533,0.9617451952320396,0.0001079112012345613,0.00897643356411537,2.889932547548116
TIC_230086768,ok,0.008478026785475325,0.977947974054526,0.0005225031896938348,0.007964275385332602,3.0318420318590995
TIC_230267547,ok,0.00138418788721362,1.0277468358355881,0.00020525522593147015,0.04584618008812337,1.1209417524594405
TIC_230386397,ok,0.0022622639115492766,1.0032827378454117,0.0003220545527344665,0.03634876320827942,7.7475933816867
TIC_23113034,ok,0.0005013012022796096,1.188537223916679,9.691395371497605e-05,0.07171802027419397,6.273519379884826
TIC_231703293,ok,0.0011014522801337378,0.9706382457704383,0.0002446085342123026,0.025054645693188226,6.704288073281536
TIC_231721005,ok,0.0010287293202287061,1.0132245543750733,0.00011974465792924381,0.03002774884584788,6.020220785871096
TIC_232679662,ok,0.004493622750931822,2.589580459238211,0.0009232264489962692,0.02871763085847314,3.8262059459262594
TIC_232967666,ok,0.001241144032406986,0.8486461544544213,6.740688037458517e-05,0.006372071157326533,1.885135081591036
TIC_233390838,ok,0.0010362035057257571,1.273836499712583,0.00028673701096615004,0.0777616293181618,4.994550788411341
TIC_233497719,ok,0.006130433684836356,0.6529078890534683,0.0003653771294256014,0.008424414793750534,1.8863690561603321
TIC_233503636,ok,0.0028443449311667097,0.7971261028512676,0.00047388435817471514,0.05287600629645198,9.333921222302596
TIC_233541860,ok,0.0011260012150673946,1.02254732241422,0.00024003755468898714,0.08205088836591065,10.890525986539677
TIC_233569098,ok,0.006653159743057095,4.414843972993197,0.006863313397798478,0.8414279010820533,8.369296614005284
TIC_233681149,ok,0.0015404069208112086,0.9969177905768989,7.979867064105998e-05,0.006266881864242375,13.0
TIC_233684822,ok,0.0010319030736685526,1.0579086002306908,5.476276046144921e-05,0.0064411353426626055,7.747549929333982
TIC_233720539,ok,0.0022845653494587724,1.2897848596017603,0.0018673528659762287,0.6691292045811073,1.2718103839810655
TIC_233735068,ok,0.0012170461720096702,1.0190142571271263,0.00022874576907856318,0.06737574567205461,6.945762283748648
TIC_23389848,ok,0.0022406827261030864,1.8626113799767836,0.0022217469937664395,0.40872557887338234,8.369246548200344
TIC_235684392,ok,0.005772126159047071,0.938486020191359,0.00028078291764656234,0.005510631839171127,8.584828806147925
TIC_23650642,ok,0.0015439839442311296,0.9915807012428854,8.271926202275983e-05,0.006563353219441973,0.36646758955478764
TIC_236775063,ok,0.0061860966005498645,0.9655811890941216,0.00033834461183129675,0.007022680072199872,1.6807946655621353
TIC_237101326,ok,0.005231141955002824,0.9478433249119275,0.0003844441207362455,0.013319904741903815,3.615104834834963
TIC_237185205,ok,0.0009810048344490855,1.0386283826370648,0.0001298871452209877,0.03329100910430588,0.4148159338139757
TIC_237200747,ok,0.0025256822261842285,1.0384393164247572,0.0005452021936166249,0.07173511196237224,13.0
TIC_237235093,ok,0.002691897890888683,0.9440221273557755,0.00020242432213007832,0.012725883016669153,0.49273655956094486
TIC_237751146,ok,0.022072910896690542,0.9771627269535934,0.0038685041560351237,0.07012498368155443,1.6461231309274595
TIC_237808867,ok,0.0011044285389118717,1.0852922358888926,0.0001501783580246772,0.0337975673106903,0.28363861060521
TIC_238162973,ok,0.007471995496026332,0.9561147354375668,0.0006138428264520654,0.012383780736985437,7.0140639975819115
TIC_238197709,ok,0.0012882685921815,1.1125234793651773,0.00014301837399564797,0.02017108265994104,1.0624289932304198
TIC_238374636,ok,0.0008796106524587769,1.0033336380793825,6.398306998716392e-05,0.01180789637342406,3.5772344017432913
TIC_238597883,ok,0.0014336027566919552,1.0164783667388435,8.276577636475978e-05,0.03622091726392554,4.817048325373452
TIC_239136269,ok,0.008448895633105174,0.9369523294171028,0.0009615253432532335,0.02941283352816071,2.114965480567095
TIC_239372503,ok,0.0006465408662409448,1.1616228319954667,0.0003415939335332421,0.39002129998416657,1.2183231058788488
TIC_239541449,ok,0.003823843652767383,1.0202155413660523,0.0001376115371375314,0.014536101642203335,2.153712914092298
TIC_239638934,ok,0.0014557302867494791,1.021188899955996,0.0003538400133142672,0.11004424995370184,4.983150558540093
TIC_239722954,ok,0.009850175169251957,1.0078219726015818,0.003954755890528054,0.2590408039098903,8.430211319430933
TIC_240148934,ok,0.001243391720209169,1.0035315210350706,0.00016680420560043725,0.036011301464622336,1.6770016828421141
TIC_241065596,ok,0.000820461833541414,1.9745854203519402,0.0003584160777739705,0.08913442905325558,7.063935385057434
TIC_241102583,ok,0.005683367760087789,1.065978234332671,0.0022323736693073103,0.2039542020167472,8.615957395942283
TIC_241174783,ok,0.0008354114279290012,1.050086827548985,0.00012176082542083077,0.04225340821907847,3.9998397863329327
TIC_242083025,ok,0.0014962736682696102,0.967711784053106,0.00018239442936869644,0.032293446357812755,0.32243906564421204
TIC_242536549,ok,0.0011733027532711238,1.5075803271840726,0.0009726957135978186,0.6057214643574176,2.6233232722599555
TIC_243153196,ok,0.001541708579872232,0.9758890834150716,0.00022122959007319336,0.036159626676865564,7.96126405840483
TIC_243283955,ok,0.0009198872058049152,0.9052736178052907,0.00017821331161131166,0.018209451458770325,0.5893360296116924
TIC_243333538,ok,0.013501938394942755,0.9760210773757725,0.0044523055920084225,0.1762787549678679,3.629221048937963
TIC_24364065,ok,0.001417148382668545,0.986125889473501,0.0001268438048018707,0.016666129876803167,5.454775569974425
TIC_245462406,ok,0.00047641973262298036,1.394969238424426,0.00017105281403284722,0.06356911792534171,4.026596202186087
TIC_247873937,ok,0.003662686151471797,0.9578820998005445,0.00029404712928413697,0.0133721007934656,4.0909461960663505
TIC_249067445,ok,0.0005868034554047433,1.0272968616676745,7.161232263550347e-05,0.03201066290123208,0.33985564304623583
TIC_249812036,ok,0.0011489190086846595,1.237713500874637,0.0004890440634762633,0.17940398170510286,5.6379308553738765
TIC_249862365,ok,0.0002714074130323673,1.5426786716549237,0.00014939716989232095,0.14510957283433523,11.677098835004017
TIC_250386181,ok,0.0009871945662369129,1.0193061865755502,0.00013498694521510285,0.036942942544192614,2.9071315756773037
TIC_250484865,ok,0.0006838600901247708,1.2725104697349192,0.00037029934411235286,0.2705037621334804,6.770686377806812
TIC_251209368,ok,0.0064573523201775646,0.9490254807321571,0.0004481686370694898,0.011803955376796404,11.29921241471493
TIC_252537013,ok,0.0014917844477852784,1.0035024073730792,0.00014095467438207703,0.020069922536052207,9.484281293997043
TIC_252636888,ok,0.0014774232983433733,1.0507077028970062,0.00012110026948570899,0.010665319797900981,2.5198099849180395
TIC_253030300,ok,0.008108621723728627,2.096748552735004,0.007919731627268063,0.8031501139286429,2.172743487825907
TIC_253132689,ok,0.0013803213164782643,0.9898427780756107,9.12516866486824e-05,0.010622089355664431,6.809545281964928
TIC_253917293,ok,0.0005613977967781643,0.9793750896824583,0.00010816715579368269,0.0174551778299392,6.687212793979098
TIC_253990973,ok,0.0009274846367270941,1.0490768514247024,0.00014323861446194816,0.04728007656843403,8.443967556053318
TIC_254629854,ok,0.0005686977168476881,1.1712471737646597,0.0002597939138513047,0.08101543083785905,1.9142443587722975
TIC_255760319,ok,0.0005910645450441442,1.028918079315551,3.83198853982842e-05,0.008904399342010557,5.18307596354773
TIC_255851356,ok,0.0005700315410614116,1.0494597368018412,8.68210801328954e-05,0.01134351323871471,1.1989922830871005
TIC_255918903,ok,0.007600845936804352,1.0210516431179473,0.0009249651464902732,0.028168028125417372,1.312813639045659
TIC_256349966,ok,0.003423937602136124,0.9508434418873124,0.0002986409057184017,0.017486182865173474,4.277992472376717
TIC_256621916,ok,0.001449303918211251,0.9732470610798808,7.32736120245231e-05,0.005939617570563656,2.9390815028265465
TIC_256886630,ok,0.00045907187439263075,1.121542856305702,4.8988265155979895e-05,0.022578810781620468,1.0250991696515925
TIC_257052211,ok,0.0022005866986861172,4.932808945038786,0.0003904064091486558,0.01598600588915441,1.1008320102074627
TIC_258402425,ok,0.0011199943875364743,1.029037376044505,0.00014945605221827122,0.03783577340649971,1.3445743602147755
TIC_258557847,ok,0.002581841170821562,2.3887885798801736,0.0025694074903499747,0.8477784280077365,1.6288607934452657
TIC_258777137,ok,0.0029143162421575593,2.2497548687423947,0.0024609504292073137,0.49304574072947727,3.4133327941733604
TIC_258801269,ok,0.001739716337970232,0.9837099287887648,7.346745471749796e-05,0.004250947482997284,2.8282915930311607
TIC_258871793,ok,0.005064035233743374,0.6181654989549881,0.00074193646091732,0.03905472202600833,12.017026710765663
TIC_259126549,ok,0.00226233589773871,1.1572981186943203,0.0017613363382367408,0.5826695491169034,1.0976144679087039
TIC_259129875,ok,0.001680720574039716,1.1474172262566018,0.0010110360426683505,0.44161719201478733,0.8746332969419487
TIC_259151170,ok,0.001558297478423004,1.2184015572786795,0.0002734559858474366,0.034649883769512814,8.849129263015882
TIC_259389219,ok,0.001967355123973674,1.0012170607957496,0.0002716560037004373,0.04359696388903593,4.937041960895385
TIC_259701242,ok,0.00041472291073755164,1.0342627228851236,4.8825238564703014e-05,0.031175981219798594,5.62836857424107
TIC_260043723,ok,0.0005822591108744787,1.0257194269885657,0.00011545122188939874,0.06767099947932505,4.852719316176968
TIC_260271203,ok,0.009409372104752838,0.8856193219346029,0.0010062614400384252,0.021251410249415244,4.852716828175012
TIC_260298958,ok,0.037981884020273235,0.9173554083318923,0.00542317975584032,0.04203770618646211,1.765127356935257
TIC_260476837,ok,0.005660392565120631,1.10198117332198,0.002621357576955361,0.2657274430477006,4.7191453718931315
TIC_260609205,ok,0.005234493023891903,0.9338369988210755,0.0010368602250185707,0.08129335545629106,2.2221482059478856
TIC_260849386,ok,0.0016333534183572479,1.046614617247102,0.0005597553806622274,0.19882734883588396,4.382618618598997
TIC_261141602,ok,0.0033932635029632193,0.9566612956016224,0.0005395653251595041,0.04561177862406901,4.545700615809668
TIC_261258875,ok,0.0015330059568990889,1.0264109741473413,7.942519138230224e-05,0.030533647017055337,2.641957579174737
TIC_262135904,ok,0.00048363571408661303,0.9766549463109041,4.58577003440585e-05,0.004382820819293439,0.4872957983404702
TIC_262499797,ok,0.03128688431817843,0.9959936961673429,0.004266725822289313,0.041195175538360225,1.163879557467988
TIC_262530873,ok,0.02094336333247066,2.1854777703973483,0.008780452345351845,0.18804003396853738,6.112821717728678
TIC_262531275,ok,0.006767292427535365,0.9690072094862083,0.0006839460718610397,0.02454686275130076,5.794519117918527
TIC_262781201,ok,0.000757132004410997,1.0587794044334924,0.00014482233805061147,0.06213129451162421,4.146529896063071
TIC_263203229,ok,0.007977426269992007,0.9843682515206252,0.0007622473862381881,0.021495781410701992,4.559842818699861
TIC_264303333,ok,0.0011105064912948356,1.0148040940498135,4.383930509970856e-05,0.0038138617219374725,1.2043964170313946
TIC_26433869,ok,0.00043087928478441654,1.2262571627651286,7.988551749169424e-05,0.03339231764412076,3.173851292339429
TIC_265077027,ok,0.002011458985598137,1.2722986471305706,0.0010875033165655536,0.37311763703340395,4.4649602404971995
TIC_26583436,ok,0.006070053265390549,0.9550413527768689,0.00037829151361136183,0.009045578083423078,3.158297944863795
TIC_266688542,ok,0.0014207293838085337,1.1020813508686642,0.0006390038946366813,0.2767373549502383,8.335306391993058
TIC_266843799,ok,0.00043877162627357317,1.3386203917492836,0.00015181799114784153,0.0686600167572211,0.19991275120360408
TIC_267484653,ok,0.007533850734303073,1.599159673990752,0.0066271936693366755,0.6136272005574785,5.117953491759908
TIC_267489265,ok,0.0008039522517231552,1.1688390208540804,0.00011521971987360534,0.0341411046529085,0.5944989498098672
TIC_267527924,ok,0.001141385186016997,1.0378376098284607,0.0002062352156397778,0.06850342367619072,8.895636484561951
TIC_267561446,ok,0.004821335869896777,0.9536853229335023,0.0002905377043787654,0.008730468159176918,13.0
TIC_267867517,ok,0.009846455443407856,0.9832491955780984,0.0005586554637973876,0.0073569266471598775,0.5193961843975761
TIC_268042363,ok,0.006232426477227445,1.0157393668488635,0.0015013596728690318,0.10154920157665456,2.213108141526711
TIC_268371979,ok,0.001491584861084624,1.0381790063695135,0.0003040755309456374,0.061114262215887595,0.9032608302745629
TIC_268405086,ok,0.0024956655348407357,0.9673349625516742,0.000171840270197521,0.011149423538850125,6.452671985705112
TIC_268439377,ok,0.00720153712886234,0.9592768567939959,0.0006117345965148987,0.01663558722039302,6.713766479932257
TIC_268727719,ok,0.010954172050346947,0.976045171780202,0.0008397551992753614,0.012990795114134757,7.152080082086311
TIC_268914377,ok,0.08774378997468066,0.9535577306826387,0.00644929378506838,0.011837670781175124,0.44532639146031106
TIC_269238073,ok,0.003175617750218168,1.5670415307540029,0.0026449728387853756,0.6651358859653819,5.975856940770436
TIC_269269740,ok,0.006687003596642587,0.9311137715255127,0.000372259098375475,0.006891056475069369,3.535826510261597
TIC_269424395,ok,0.0006111815482140962,0.9649448431917308,0.00012767047548133166,0.023775735162965363,3.5606118817122128
TIC_269450900,ok,0.00030470444149368936,1.1967057937334482,6.771334218274281e-05,0.04560746869079908,2.3455081185243514
TIC_269509393,ok,0.00038673558131756914,0.9294761125552174,7.816320077137308e-05,0.01972247429186629,8.288696523574767
TIC_269892793,ok,0.0033859508469938843,1.1053914456790148,0.0013217429829415334,0.16902848812527413,5.60993838476742
TIC_270238522,ok,0.0012145531729539992,15.642854914641383,0.0011016606295442747,0.4656694795689568,2.554364417589479
TIC_270333769,ok,0.0003837690037467212,0.8663654779417027,9.67631429418547e-05,0.029179913573838152,2.2596227541449183
TIC_270841724,ok,0.0014485386706603138,1.273493848236023,0.0007625238223454571,0.17764948239030104,3.1124921458779053
TIC_271042173,ok,0.004610674421909413,0.980816385461923,0.0005526472953679583,0.030985223656964246,1.505769653251349
TIC_271167979,ok,0.009107956895894179,0.9246241067121178,0.0008526793958013065,0.018256183234310736,0.30921306977777274
TIC_271439193,ok,0.004514571951941835,0.9720017083417211,0.00022437655199334636,0.005995117405464954,1.9155227020686
TIC_271581073,ok,0.003349082169276534,1.052188330408214,0.00024828758947217927,0.04278977589950011,3.5822672957066093
TIC_271596418,ok,0.0014312494616612963,0.9721051898005298,6.73882791610148e-05,0.005132037513040844,2.292470618787504
TIC_271722899,ok,0.004502048750872326,1.0602386232137397,0.0010692582234737384,0.22846015491931335,9.006364878609403
TIC_271900960,ok,0.00048126469722338517,1.1893715014654827,0.0001519269769492295,0.10927193099754266,1.6071358462416923
TIC_272049972,ok,0.0021688625460783086,2.3311300341428076,0.0017609164831194908,0.3191786071802331,4.46992345523708
TIC_272050287,ok,0.001237424920334021,1.0503731335906215,0.0003984402389107681,0.16340737514901457,2.0819511926672516
TIC_272086159,ok,0.008771126059915762,0.9876173649138319,0.0014318207032510309,0.05236341000336041,8.030953322736636
TIC_27244707,ok,0.009745264891793252,0.9919058756344665,0.0018558583263354256,0.07246611096954461,9.660681800588254
TIC_272625214,ok,0.0015926249580920464,1.00848022795175,0.0003306679861546295,0.08121659864447672,0.802317906476164
TIC_272828463,ok,0.00028890214552779815,1.3015917959868015,0.00010733676270083188,0.07247791110871311,4.5192547159358405
TIC_273774284,ok,0.013056687626125798,0.9163300792330485,0.0013724186581049623,0.02460548894993389,2.7095642457917677
TIC_274122380,ok,0.0036156505925228786,0.9444135908841155,0.00024096219958744727,0.010873394593996335,2.824207198362039
TIC_274138511,ok,0.0012746685625854269,0.9962630507335479,0.00010020911456556332,0.013901825016942525,2.444504829709695
TIC_274170255,ok,0.0012468028504925358,1.3453260316581162,0.0007786865442949181,0.4105638796516943,5.791844489397033
TIC_274599700,ok,0.002974250668722401,0.86731176424528,0.00028599450818858103,0.01994848172855342,4.697529024877366
TIC_274662200,ok,0.0020952752668884304,1.0084365064539362,0.00035435185271851037,0.06149295276586281,7.227212986274472
TIC_274762761,ok,0.02168967206457389,1.0124390390419602,0.005667095807558137,0.10538870713925605,7.324817204555822
TIC_274942910,ok,0.0011919347228063946,1.0871098801959198,0.0004578746444506757,0.20376864252729254,10.905416611294239
TIC_275111900,ok,0.0015523674469860443,2.9838557490048006,0.000940123987523473,0.27452357361465335,8.791710860157558
TIC_275248683,ok,0.002386715467436717,0.9753865674713739,0.00019129269649176923,0.014986302669998692,5.7406127823452655
TIC_275384718,ok,0.0012201045805466596,1.0272233415124215,0.00021903147174012107,0.03347018988574705,1.83348373653654
TIC_275501623,ok,0.0005412865267273519,1.0754762886687603,9.26610400824526e-05,0.05872773244192219,0.8359840023250571
TIC_276380902,ok,0.0016804438196568413,1.2241116638458247,0.00026243410115075853,0.053077687112519846,11.841824806603158
TIC_27677846,ok,0.0002690065104305102,1.1530793075826493,8.537238689604733e-05,0.049680248955358185,6.584357017429679
TIC_277014266,ok,0.0015182399822037053,0.9980256363100177,0.00021059715639401604,0.04336664340834948,2.7562484849395403
TIC_277103955,ok,0.0007172049636205426,1.0227515701510916,0.0001300494422768631,0.054914491839811785,6.4165621763874405
TIC_277871306,ok,0.00435509216970969,3.9177818857826856,0.004241176216540285,0.6517628565064809,1.948215006042016
TIC_277987172,ok,0.005163466553280353,0.9743054210742722,0.0004581482475269526,0.017281961947592798,3.22740698883644
TIC_278199349,ok,0.00557714912678707,1.0234608798215634,0.0003657578523446767,0.028762738923645063,8.699729200366894
TIC_27844066,ok,0.005504705111255262,0.9464456076192381,0.001678243314170944,0.1614518852847346,1.8446874497001262
TIC_278726770,ok,0.001087593065297998,1.0619596649542733,0.0001290355461371892,0.024005428025252108,0.831325825538866
TIC_278866211,ok,0.0016383401714486136,1.3041521831860443,0.0005018668346039463,0.10229414419094085,8.33526709999171
TIC_278968371,ok,0.005716721885167661,1.0549545156319735,0.0021941899511301655,0.19560194955747787,10.84874226649709
TIC_279177746,ok,0.001498673675168048,1.0514396836251547,0.0001339717478246243,0.018386633746179566,8.24629112712128
TIC_279212407,ok,0.001164243957769449,1.0820585423514173,0.0003848136544020558,0.1651534935686203,6.109117767725934
TIC_279251651,ok,0.0014188058035902772,0.9763744277917845,0.0001708134142094122,0.02948512483752244,7.385412952780373
TIC_279605855,ok,0.008663554595406681,0.9538181288620153,0.00037170536304581466,0.004682436058476177,2.395738656085836
TIC_279740441,ok,0.0024560291382555786,0.9451155304594292,0.00010685661209768917,0.004123951576988089,5.875602339018625
TIC_279982557,ok,0.002930272724787076,1.005906829505526,0.0006465343535999298,0.08619330454852704,5.204861921622575
TIC_279989567,ok,0.0028887965647150238,1.0491625680720058,0.0004377047087020931,0.05147817150081138,5.969849871432152
TIC_279999655,ok,0.0015637541772814852,1.0143348417070088,0.00017969047225154842,0.028211789553632613,12.465727079189264
TIC_280212554,ok,0.008407001960809323,0.9781662456670743,0.000712945144537478,0.01607815001727439,2.2446914654318895
TIC_281979481,ok,0.0015007719153802375,1.0612336561683524,0.0007967045320529557,0.38192894312930403,4.404663269546211
TIC_282498590,ok,0.006535286854076425,1.038638992583552,0.0004922182456158665,0.029201375718213896,2.4843286449153257
TIC_283015592,ok,0.006496314060025852,0.9644206464120073,0.000532657950939234,0.014633738157803751,1.8658210307505698
TIC_284050395,ok,0.0011515718963533838,1.109911944606189,0.00025678558485483003,0.08961047157251574,6.940743947811125
TIC_284288080,ok,0.0014898181574986413,0.9525216749947867,0.00010056531293821257,0.010335204111427522,3.9141394860021275
TIC_284305328,ok,0.006304879551880634,0.9447136709714861,0.0005671312964972617,0.017902681436510217,4.104189158611511
TIC_284450803,ok,0.0007158712375853754,1.4915607264434672,0.0005307983316076905,0.5266631026763257,3.4515124023818124
TIC_284528889,ok,0.002897097922891673,0.9650730873710757,0.00015244771802413898,0.006455872970038209,10.912848593043147
TIC_284564230,ok,0.0012251693836282992,0.9941677152278262,0.00014725674073910502,0.030117818738420926,2.56669057342498
TIC_284747017,ok,0.003005862218459178,0.9591254785465213,0.0001756483213768909,0.007957875574842553,0.8937965137985101
TIC_285233023,ok,0.006090077589980633,0.9372944602167101,0.0006528179023257761,0.024106060940395416,6.015329047078164
TIC_285524410,ok,0.15094141645517392,0.9797490225726756,0.009430575669835564,0.008865640670932828,6.652632785078115
TIC_285542903,ok,0.0021696813967790798,1.0213684311433464,0.0001458756968485879,0.038427951450506315,6.658315877368293
TIC_285666479,ok,0.00126293131794799,0.9934739017136041,0.00017263237280214965,0.03841165467580787,4.835108025314478
TIC_285674856,ok,0.0009658231098228224,4.388497996112623,0.00018231930433849417,0.020315419480294788,0.8751719245669398
TIC_285677945,ok,0.0032725723458905554,1.0963892953599228,0.0009979324656882848,0.1661492558352483,6.8845014735130565
TIC_286355915,ok,0.0015080506733925062,1.074164364482389,0.0004309401966494951,0.08514746656159612,2.03009051344405
TIC_28643432,ok,0.0028165559463459292,0.9904664487657141,0.0004449734458490177,0.05478120175105024,2.215022533172902
TIC_286561122,ok,0.0012674926240437124,1.049494428558101,0.0002901905492041283,0.085523328840964,11.899110008524303
TIC_287190564,ok,0.0015583376885793916,1.0302896096874605,0.00019131597717994962,0.03021299301547425,5.24455828691538
TIC_287329267,ok,0.0028679258662224635,1.1790399013569763,0.0006410012698948886,0.23964486214784203,3.966720824991471
TIC_287474726,ok,0.0007846311162772957,1.0480235361374315,0.00019775642642335702,0.11127006416231223,4.634844197498751
TIC_288185138,ok,0.0012618769548467656,1.0297866955658304,0.00039634981839553276,0.19115146863960913,1.661581980693642
TIC_288391628,ok,0.0005039711907149513,1.1460433228582363,0.00014865585216876628,0.12389831182602715,6.17102221638932
TIC_288471040,ok,0.0013084475762207388,0.9980504198144708,0.00014106515437638232,0.026413761944203907,4.165286098017342
TIC_28873762,ok,0.007963447755002047,0.9651775067693673,0.0023662832721874825,0.17704588214676145,3.2648865112311922
TIC_289125016,ok,0.002451925205858079,0.9929827183396461,0.00039147702489105953,0.05004550427012786,3.077097816991562
TIC_289316336,ok,0.0021029551147965656,0.9625176951013555,0.00018410128403871658,0.017694768045152513,3.2023012959163495
TIC_289539327,ok,0.001048750813562739,0.9123649657924248,0.0003408705203307639,0.1691845092282307,11.837646644568355
TIC_289988797,ok,0.003297678038611543,3.1380940607553187,0.003357767855269172,0.5475362537707141,4.494711313785139
TIC_290302097,ok,0.005239443854427115,0.9710841848398319,0.0010760744936439252,0.0730665160191407,3.7192400471041873
TIC_291147951,ok,0.009845751338105328,0.9544086147319238,0.0008390591984871147,0.017132588479619126,4.757009917201836
TIC_29117085,ok,0.0034263219839914213,1.7166729044724847,0.002142871189369459,0.2659688939504092,5.715605433605053
TIC_291555748,ok,0.0033521284924455845,2.460333182009097,0.0024613219671007535,0.37469169182484124,4.967975856844236
TIC_292321872,ok,0.0014097080969318536,1.0703179921944443,0.0005415509516580933,0.2038605720840531,9.046380227805544
TIC_293075732,ok,0.0055187748369587095,0.9643894432742435,0.000572938878909548,0.02469102195273914,12.031929950283256
TIC_29336129,ok,0.00539580969813826,0.9657478237570778,0.00036853593810658153,0.010785039641885026,3.3714460269513093
TIC_293527670,ok,0.0003048371697192061,0.9961989195830889,4.835091383090356e-05,0.01143973452672235,0.22770789233225316
TIC_293567206,ok,0.0013037321760391285,0.9846925253110537,0.00010998131656217483,0.015479756012773713,6.4535328589240235
TIC_293708935,ok,0.0006603515826651406,1.0414260741703731,5.253069589949872e-05,0.012935335311264529,1.4450032993757898
TIC_29374525,ok,0.0030603799742697684,0.9764846724036479,0.0003998181905673441,0.03878421778776026,7.465186202985734
TIC_294090620,ok,0.0003872178740792349,1.1651364156720647,0.0001503599267852979,0.18819825976716126,7.816766076769993
TIC_294173437,ok,0.004867728552373616,0.9857076087281234,0.0006919476562727917,0.041361697815520466,6.395262923495913
TIC_294176967,ok,0.00142871192482183,1.1636379783419044,0.0005203024879530451,0.17486402668650503,3.1153595771950284
TIC_294179389,ok,0.002213543713604379,1.3246604757994525,0.0012097994647729318,0.2728846043605241,3.5320644979502385
TIC_294283951,ok,0.003162807694699932,0.9944995556416532,0.0005267112562677949,0.06213809039338573,2.202205849042418
TIC_294315741,ok,0.010635160060938708,0.9794360055773088,0.0018635957721244256,0.050376847978486364,9.011627330555537
TIC_294500964,ok,0.00806149155202188,3.87233145818007,0.008042880726989495,0.6754174355584593,5.676875764661005
TIC_294599100,ok,0.007335230285997393,1.0382417566363047,0.003284869614312344,0.27425809012722036,2.517591320917632
TIC_294780517,ok,0.0028140090377667686,0.9603580905025959,0.00014092746535656923,0.0056115051612932836,1.6579902145954086
TIC_294869729,ok,0.004693906124383051,1.0198169175163314,0.00012461804609771576,0.009066725235321317,6.072679196242177
TIC_295354126,ok,0.00043249547781132536,1.0300323538248726,5.078028526782632e-05,0.02886129225511951,2.9484001613445407
TIC_295413003,ok,0.006317683949453311,0.9588981492174122,0.000557106904741086,0.01852179461537113,4.18523853421901
TIC_295599256,ok,0.002629137884405458,2.4995887607228755,0.0021089844448853316,0.4048999497542992,2.0468749290585797
TIC_295807723,ok,0.010392606694578355,0.9742650630218435,0.0007084968176822926,0.010841122011766425,0.34820564119162806
TIC_296898634,ok,0.029399993001179174,0.9561655578832522,0.006423582150770047,0.08915312685527978,8.315602137321616
TIC_297153209,ok,0.0020233920579895517,1.0929428414518112,0.0005834814108423027,0.1992845219822293,1.4628901827758134
TIC_297967252,ok,0.0004406926040819678,4.112552446637191,0.0004456685133908901,0.7579844165166035,1.170870430827487
TIC_298049015,ok,0.0297447248339,0.9998902754867838,0.005238776191302375,0.06145523337930536,4.722515908120692
TIC_298495970,ok,0.002052582799328774,1.2205347139170817,0.0010533346336057544,0.28576696327281276,7.3464824709954515
TIC_298666530,ok,0.984540368374705,1.111973033133885,0.10622600173676067,0.026467089371568275,6.139712592945862
TIC_29959761,ok,0.0007608722071911686,1.0339716544521398,0.00026824046389744736,0.05779797709640183,3.6368737050464204
TIC_29960109,ok,0.003126349431188995,1.152832319573878,0.0014736019801892331,0.34213765471841434,11.621755874813703
TIC_299876474,ok,0.04209225468236695,0.9553454578459949,0.002923236810282583,0.011260649343810433,0.630243726475328
TIC_300011941,ok,0.0023664458180464275,1.7253689190072625,0.002237862740784549,0.6499298787380949,5.418663100940596
TIC_300013921,ok,0.0015769568437338467,0.9694173615982232,7.979825732862393e-05,0.006031916377964968,4.536744213103631
TIC_300557619,ok,0.004982044772774516,1.02168767314029,0.00014348946609298277,0.01128084845013825,2.14064305067316
TIC_300599466,ok,0.005075965578309897,1.017496679194325,0.0002888062004343203,0.030937730189034923,0.7623656982235578
TIC_300810086,ok,0.0006453063893204496,1.0671912768109881,9.943229500419304e-05,0.042670857863515335,1.3460801715012536
TIC_300871545,ok,0.0011188720625420652,1.070728278725007,0.00029434535751531336,0.085662971811642,4.689367067119846
TIC_301051430,ok,0.0016978038882427711,0.9674291840704844,0.0001434024234005784,0.017394441099054348,3.7261987574722397
TIC_302659412,ok,0.0007372185755052759,0.99796905425842,4.458983267740342e-05,0.008565112129982084,3.898794255711041
TIC_302766000,ok,0.0053073397079441975,1.067171379555767,0.0018862031884407003,0.16535168949005957,2.760530701016568
TIC_302814895,ok,0.002728126166157314,1.0818620097970468,0.0004328599541582953,0.14358710833889288,6.928172751800541
TIC_302895996,ok,0.013604478437525356,0.927290846908645,0.0008951412021141876,0.009363951811474357,5.719545064021675
TIC_303055194,ok,0.0020099507923268876,1.0409806273018345,0.00015781059795776155,0.058504761182806474,0.8853192837879406
TIC_30312676,ok,0.0048168811419457055,2.80907712047548,0.003428844659158451,0.2998208349052291,4.133179608162311
TIC_30329585,ok,0.00133996522387709,1.0132315745581,0.00024066513132534105,0.062406580787636085,13.0
TIC_303364023,ok,0.006118087336507795,0.9490506293279614,0.0002728917343743243,0.004815472598648106,0.23304317546065348
TIC_303867090,ok,0.00640506055893311,1.5271281680332693,0.0059614583822941245,0.6145749322109744,2.70913061161962
TIC_303883880,ok,0.016946465988167552,0.9561089298275081,0.002407378066279545,0.03990774263338971,3.508863041175525
TIC_304021498,ok,0.0024479942436845935,1.1372902354724899,0.0002495477810682362,0.08075716319421246,3.6615590952534616
TIC_304025075,ok,0.008508972294979359,0.9496438960801435,0.0012801416397981958,0.04878200973508619,3.0005894076095476
TIC_304042899,ok,0.0011280126518322352,1.0764789364273617,0.00022987070343718572,0.04840958295224853,2.4798040727873962
TIC_304774444,ok,0.0009447480431224069,1.0179632118068538,0.00023720881189207837,0.07474541159514841,3.7015476088359107
TIC_304950588,ok,0.021588795098238616,0.9774178608921409,0.0029568324542681907,0.0392540037243432,6.953974616243893
TIC_305478010,ok,0.009282372313231396,0.9441067276159207,0.0012896353584433788,0.04300135315124065,1.5380121238358642
TIC_305550963,ok,0.007276449059122601,0.9838539900892175,0.000590519857404274,0.014174735271980996,5.027776953156518
TIC_305943739,ok,0.0003802701437835864,1.067974366675573,2.77722235310704e-05,0.010945544004256288,5.6743532608657
TIC_306547699,ok,0.03633465006677627,0.9686254543607634,0.005348087232699557,0.04518022662420084,6.95398098223374
TIC_306902029,ok,0.0014879520237354134,1.0708167104656126,0.00037314996581050636,0.09479360069721575,8.01156888146488
TIC_307111282,ok,0.0013288170147336444,1.0299210720194754,0.00021066710673380644,0.03208645831167253,1.72162323345587
TIC_307377219,ok,0.004890778104919244,0.9247122975647402,0.00025354746592344784,0.006175422739902086,0.34289178633486017
TIC_307734817,ok,0.002765436795445166,0.8006949350669225,0.00020306941067565096,0.012138906180877922,3.453116056675049
TIC_307956396,ok,0.008384383457106263,0.9762783654314581,0.0015857322617990732,0.07576188506009998,6.9457977809975695
TIC_308034948,ok,0.0008032550627115996,1.3575871053230157,0.0002723566903839565,0.10223142992457106,3.0012363879198776
TIC_308050066,ok,0.0010145970627667054,1.0567700790531682,0.00017213319905547486,0.046625934774158634,0.9744121687155686
TIC_308307606,ok,0.009203055539307512,1.110359435460922,0.00532177792759172,0.3802810802930437,6.679398461774865
TIC_308425348,ok,0.01647672268234257,1.0648401319049172,0.0027536032316104017,0.16556556757139995,2.8101016646363326
TIC_308919449,ok,0.0018431239425140303,2.0635875452311465,0.0014106411580475855,0.3148611853678459,3.422622045586555
TIC_309257814,ok,0.012282697670693492,2.5442282228373623,0.00805409393846657,0.2827791858145096,1.813860569922031
TIC_309402106,ok,0.001988204306603377,4.329626344876483,0.0020995871721273245,0.867902581814126,5.637821970309714
TIC_309436531,ok,0.003742220805901093,0.9800751294792702,0.0006224485059992593,0.05160773340633193,3.790866258503201
TIC_309787037,ok,0.0023448833390915746,1.0611112084589638,0.0007626367577597188,0.3435875287724784,7.146302071746638
TIC_310267134,ok,0.013466974824337652,0.946321319449417,0.0007352937666519203,0.006928478022899954,0.2248081414372147
TIC_310483807,ok,0.001002537561602096,1.030030015999657,0.0001054850564738337,0.0885766166611132,2.4311037581713206
TIC_311121985,ok,0.0006219219721101687,1.0474073758001992,5.08162667320796e-05,0.013740708503993282,6.237921732231825
TIC_31114545,ok,0.00033455778988929446,1.0574400125334211,4.6767761043331315e-05,0.01021397483504071,4.385832992565752
TIC_311183180,ok,0.0021927314383987243,3.6015259449282406,0.002415011227833953,0.5055402063522408,9.149358582827826
TIC_311890977,ok,0.00120314512838295,3.433596006445467,0.0011722515884643831,0.6602648291033647,9.294989537382714
TIC_312122956,ok,0.0016084439795075733,1.3006709030915595,0.0005340970102734834,0.12936785877369977,12.08727809022389
TIC_312221462,ok,0.0013534192746956259,1.0362569095208445,6.245829416333153e-05,0.004187033079193425,0.6870923659393472
TIC_312259170,ok,0.00037375632612575497,0.9306831689136024,0.00011822661269807518,0.042975334300682566,0.8266013298042145
TIC_312469860,ok,0.0013046666897752266,1.6742993857240362,0.0009594761323552262,0.37959814168269385,9.33611727136887
TIC_312548415,ok,0.007595121621844115,0.9654917453640299,0.0008433194356905038,0.027859899323267944,8.790243824471952
TIC_31268146,ok,0.0011154704386832123,1.0198947436897412,7.492932634618418e-05,0.00926019419013934,2.2772044245794683
TIC_312899686,ok,0.008469104552472176,1.0380047012812168,0.0014286960870729763,0.05705764858833901,5.195458298477527
TIC_313506357,ok,0.0009992592984281359,1.1741071339413047,0.00034885779449637656,0.15225815901333678,0.8627799450396741
TIC_313675203,ok,0.0009307215490701027,1.0423345860782791,5.710090638860826e-05,0.008599754492658367,2.3980564674680633
TIC_313761775,ok,0.000241223280585008,0.8982936580281372,3.7298760809458945e-05,0.010420070639048758,0.8545913087563332
TIC_313891529,ok,0.001205542098966968,1.0302237438103439,0.00015656708565453677,0.028202909112419215,3.7980602210987966
TIC_314338017,ok,0.0005331049839710148,1.0830118194780787,3.830089306988753e-05,0.007447880780983809,1.4871322901642012
TIC_314724818,ok,0.0013434539255717994,1.0259178486553948,0.0002187522857873471,0.05502509253099292,1.7273321345143686
TIC_315755496,ok,0.0013816725577895923,1.0122668147483145,8.211148770097996e-05,0.007758080056900361,2.3957247203438135
TIC_316254876,ok,0.00040647374922530357,1.086077516395422,0.000131394331326351,0.0495178425058838,8.902385924646191
TIC_316402246,ok,0.0003200531642982668,1.2506178582902936,0.00017850729036631593,0.14358937563248422,2.763788891585944
TIC_31656385,ok,0.0029248686148085614,0.9741493283708683,0.00023980292483464664,0.016094595789270902,8.76851890421991
TIC_316916655,ok,0.0006870572557923177,1.0341633659103537,0.00013170647289546258,0.06965931902961889,0.752096262695349
TIC_316937670,ok,0.004617000404184173,0.957530493940139,0.000596306428549659,0.032844131189995567,1.0047237058031029
TIC_31697707,ok,0.00257372515836335,1.0144835576080404,0.0008509787991581514,0.12950752936452492,4.264537384745088
TIC_317397615,ok,0.0011979628339551219,1.0213501765734319,0.00010276714023438677,0.016410006804739006,5.55372161320737
TIC_317507345,ok,0.0011066204740377361,1.35734651892843,0.0003204564809501373,0.07609153363017747,4.072813809972409
TIC_317951248,ok,0.0011304830968492598,1.0416226352097706,0.00021044284796839909,0.05594158842281686,3.150425680916236
TIC_318209162,ok,0.002081981427865726,1.3179452433477086,0.00040485451600733957,0.06774909941160612,6.353672818574153
TIC_31858844,ok,0.1693223188512676,0.9600051054253519,0.02820454582166738,0.03462450262441073,8.958266389006033
TIC_318608749,ok,0.003025123412132295,1.0324254752894666,0.00010897989997237534,0.015933548544274277,6.377124235425167
TIC_318746829,ok,0.005108148012077256,4.221378889770712,0.005527444397885842,0.4741132381888727,11.009108789535004
TIC_319068154,ok,0.0010985549776212505,1.0554570385805906,0.00037690896288423964,0.1580052449459131,3.8128786807710835
TIC_319735319,ok,0.0048928389715970294,1.0268890242655158,0.0007338901489387519,0.03656438776518415,5.79322009809141
TIC_319968129,ok,0.0014265512950986123,1.0224210520061916,0.0002811043660254885,0.07305802760830055,4.64715862785598
TIC_320506985,ok,0.00045391572822081215,1.108095508759569,0.00016032444323424905,0.05873578655079182,9.1146722619006
TIC_320525204,ok,0.0006389303963431751,1.0363399307081338,7.290803794275838e-05,0.026593544270756567,13.0
TIC_320536216,ok,0.0012239627949450589,1.0778829785618542,0.00027976880300923317,0.06732073420550025,0.5477671706148612
TIC_321436679,ok,0.004906927843162711,1.0321977148533115,0.002268757271947545,0.3586506544858303,1.0619216825149758
TIC_322202434,ok,0.0012482671939620328,1.0225354119065893,0.00013505440930333714,0.026805913644357703,6.400183201781461
TIC_32283946,ok,0.002572627850673571,1.0025743578690516,0.00045215599404466503,0.05305315627812925,6.8164589375540245
TIC_322862882,ok,0.010238125623450984,0.9434061340302341,0.0013858465853500096,0.03969666572457248,6.8095876372936965
TIC_323658120,ok,0.0018863700673184517,1.1473852925270052,0.0009254551244835926,0.207155158464595,11.284403582741334
TIC_324395151,ok,0.0018669996968758372,1.4893502311354077,0.0016186831879546834,0.6269580368887605,2.8133075344624863
TIC_325172035,ok,0.000809820442145456,0.9800420707774601,6.756785160626447e-05,0.01592092451270658,1.4386224220713344
TIC_325680697,ok,0.0007024137549772482,1.1248669973443959,0.0002452226416357613,0.124146440941192,3.55617740279077
TIC_326114850,ok,0.0003486604105539205,1.141088613630571,0.00012052028763014814,0.06286102046861655,4.9456683974805715
TIC_326347927,ok,0.004584477245324003,1.3974264206993015,0.0033667984155040234,0.44631102297007313,9.347751137101564
TIC_326470400,ok,0.0016208713685934076,1.0297244379638901,0.00024616778557241304,0.047303755821480706,1.4088660704805136
TIC_326732851,ok,0.0016377605576608808,1.0166491342066901,0.00015105702498074728,0.017318996300056174,1.1151584621847244
TIC_326919774,ok,0.0007810253890907975,1.992953003721442,0.0007145866980984504,0.7140901490220447,1.3407868044887807
TIC_327011842,ok,0.0009239661534711373,0.9947478072374074,8.482609906228698e-05,0.016039161071167738,13.0
TIC_327017634,ok,0.0017467220897072007,3.412954866218417,0.0018137862687797588,0.5478833626868795,2.621150593942735
TIC_327210623,ok,0.0107105541724463,0.9897917762218768,0.002378572002149727,0.09675528514687452,6.204570457936484
TIC_327577308,ok,0.0005254892340649618,1.1194047680352095,0.00039030694562790447,0.2613727986551801,7.652836336080176
TIC_327663613,ok,0.00048090261993518723,1.028246468723922,7.971910669807628e-05,0.06058644635989094,0.510839319656416
TIC_328167090,ok,0.00039518471817187584,1.1998930319630672,0.0002785199156614446,0.21932629775446552,0.7135462402428274
TIC_32830028,ok,0.015811217545528694,1.0467414797658783,0.008180275200411891,0.33550925085804745,0.5160655547844748
TIC_328750515,ok,0.0025641253882627327,1.4741289982891086,0.0009292901500661346,0.11912293214325065,10.943056481339502
TIC_329145325,ok,0.0013928320983834575,3.248940323067061,0.0009038062334806307,0.1868137849501295,1.082398151746423
TIC_329277372,ok,0.004831447346022435,3.4099870980175346,0.004790231126559712,0.5738201951295496,0.516565364550299
TIC_329709756,ok,0.03475693333338475,0.9210435467483535,0.0029314587410947616,0.015375805201246139,1.783143690691266
TIC_329864959,ok,0.0013524185768583196,2.992239210734371,0.0010712007955772445,0.3451926964762831,0.3428136041314529
TIC_330332501,ok,0.0014668999431562268,0.9981524577654531,0.00017577405892668768,0.031532355130681436,3.8310316429685534
TIC_330468175,ok,0.001177318274446359,1.0136270426510976,0.00014242861997502005,0.03053067592737924,0.7093058868223125
TIC_33091633,ok,0.002171022551416876,1.7266921315836603,0.0020933365573499577,0.7661315262298414,2.1892591513600776
TIC_331034236,ok,0.001988642707447156,1.1249641375845316,0.00029687503123886544,0.15849171430854456,5.413104423960075
TIC_331484419,ok,0.0009066406922281295,1.0408004482526967,6.634948272628414e-05,0.038502770821060156,6.802856073902243
TIC_33153766,ok,0.0005863908523889162,1.1698697938260108,0.00027549205555442636,0.2818903180470354,3.140133583497934
TIC_332154944,ok,0.0012621672774842736,5.2860931135242994,0.0012589925741894892,0.3854405946262888,6.211554338172894
TIC_332630868,ok,0.004473888339482893,1.0550201468463642,0.001204176562560117,0.09135023299145022,13.0
TIC_332660287,ok,0.0016421675326138657,1.501925189861649,0.0013526333945006427,0.3333384535361949,6.354087679558404
TIC_333821572,ok,0.0012961788221726998,0.9805111031566246,0.00010181814514061744,0.013963511538089463,2.842627318662132
TIC_334597566,ok,0.0037958975506731133,1.003308352448968,0.0004975630264805922,0.029695128498197772,4.6290592945751845
TIC_334911765,ok,0.002883077482582801,1.5440951262051847,0.001645296187076075,0.2360556763244754,4.248611243887132
TIC_335483600,ok,0.002740697029581653,2.3663915948959287,0.0024877624306254733,0.5396539435562838,0.5989250414494982
TIC_335489455,ok,0.005078991304431065,0.9397109650455298,0.0003126099173907498,0.009181416698182962,1.6710122936516385
TIC_335996558,ok,0.00040628268994553175,0.9230836993751581,7.766521176042664e-05,0.018897232735140497,0.22550042704766843
TIC_336267424,ok,0.004903411185799452,0.9671183018281251,0.00025398417099021007,0.0063105277143067195,13.0
TIC_336456596,ok,0.0005701355402042859,0.9414025527797434,0.00012720881001102163,0.02523743235308103,0.3890989020999351
TIC_33690636,ok,0.004133268822058377,2.3245249511221986,0.0031720016153611976,0.4241719965195448,4.613119412032997
TIC_337129672,ok,0.0017007063717646928,1.1886509317265728,0.0009776900879121257,0.32139706241819527,7.262720744747497
TIC_337274055,ok,0.008035924231116093,0.9552035597880936,0.0004245728385526142,0.006633550057490281,0.2265195033796477
TIC_33878688,ok,0.0018630606333230877,0.9770577561261973,9.408073550194667e-05,0.005304941960920208,2.594462243611409
TIC_339250695,ok,0.006679704253187512,0.9837341575371154,0.0016111722072255274,0.10695195580550708,5.420650725777112
TIC_339538183,ok,0.0014965484692483085,2.1196953504513374,0.0015902251243142909,0.33227068836848367,2.559449863024894
TIC_339591840,ok,0.01205111228309588,0.9831197484666052,0.0025524543577929524,0.08381929880164392,10.407585276279104
TIC_339636032,ok,0.0005018550053516562,1.044841714023323,2.582673961309947e-05,0.005754205566915077,1.3113938814362829
TIC_339733013,ok,0.0010390308283320957,1.0067009984051833,9.257652689451682e-05,0.018240541378489745,2.7007770523954986
TIC_340700241,ok,0.00775360894663741,0.9437873842884689,0.00042413556130123473,0.0069207617144284445,4.979509637032228
TIC_341186896,ok,0.001037068029226376,1.1796061728384208,0.0005046710003394866,0.2739078525506639,10.140914611493486
TIC_341297143,ok,0.003460445417270098,1.6749868729393127,0.003140232826211307,0.6027863421505353,3.672745267897139
TIC_341419787,ok,0.0014746813367922504,0.9731557558880874,7.420223449007575e-05,0.006335113073563374,0.27645585036867854
TIC_341444900,ok,0.0005415375327444995,1.0664354158332197,6.451481552587932e-05,0.029651202119284646,3.9336803687851716
TIC_341544930,ok,0.0010188832207020282,1.0250912877353378,0.00019413265256568434,0.06821843682160653,2.7561882364676764
TIC_341729521,ok,0.0009492046922070048,1.020413669488732,0.0002756435347755074,0.12070185125089966,12.48494063168232
TIC_341805908,ok,0.0018998310692870544,1.2670714527289941,0.001473776768930113,0.6469684351848568,3.1175259560751942
TIC_343442463,ok,0.0007820991764720479,1.1952895211792636,0.00031452595927107535,0.19682934748029762,4.278016279709239
TIC_343708863,ok,0.00023052198233827905,1.0879854581567354,5.695338237270011e-05,0.030623979942003686,2.8125357205499597
TIC_344085117,ok,0.003002572589452721,0.9777477626899854,0.00013361409153554542,0.004676725269647058,4.972791005145326
TIC_344416349,ok,0.0015903518194586006,1.0220538426856767,0.0003367864723128386,0.021450697326701688,3.962109129819279
TIC_344600402,ok,0.00044773060938371794,1.0652850915313088,0.00013253688725765208,0.03936401837649537,2.901801176571466
TIC_34466256,ok,0.000857567126310962,1.0204591108531873,0.00022552922763126318,0.031086566744243302,0.28137944319973346
TIC_34505005,ok,0.0076631788976556205,0.9857650933040852,0.0018297524645213442,0.11467115903811945,3.5654405314353426
TIC_345333936,ok,0.006001128750983661,0.9951375265550328,0.0016794940950763866,0.14645656022238107,2.5121981498764256
TIC_34551972,ok,0.0014850226627781114,1.0341353202550148,0.0005483956558447362,0.1538709062669268,2.432615371053822
TIC_345724317,ok,0.0006948945079862451,1.685485966263988,0.0004063058713991628,0.17778069865812596,2.610540114229939
TIC_345996087,ok,0.0017848832720258397,1.3580024269592004,0.0004207299787782395,0.049162737935408776,4.309375962647016
TIC_346418409,ok,0.0017565334912690157,1.0108031102211381,0.0001460357703754451,0.01505273195176137,5.713392544565579
TIC_347011522,ok,0.0033955311615252626,0.9554750279469766,0.00019483602237619545,0.007811525123060484,2.209946063385556
TIC_347098457,ok,0.001868090369271825,1.3217896474128816,0.0010476860795932696,0.29577858431822973,5.208163131740946
TIC_347442932,ok,0.007910704176473847,0.9691263161510706,0.0006668119828935863,0.014148634082667415,11.878839050375973
TIC_348054109,ok,0.0081684457287577,1.3552897025966846,0.007434372230427177,0.700602382093012,1.534662563569361
TIC_348135793,ok,0.00044588558665287496,1.4411097604619196,0.00019739903110986578,0.09592604232110101,9.730906732050832
TIC_348673213,ok,0.006682507038724868,0.98978698454806,0.0010231545033518815,0.04568380510015474,11.627105439189677
TIC_348684813,ok,0.0021630655143290026,1.125691446764802,0.0005205809055036322,0.21416956982052193,7.074499295300243
TIC_348755723,ok,0.013530283957222992,0.9715483451856924,0.0011438799401446743,0.013986965072085389,0.3262264996125479
TIC_348844154,ok,0.0019471761031066225,1.0027180765987145,0.00011374698167276856,0.008578510093416876,3.314896570868267
TIC_349373192,ok,0.0008917001547479479,1.0040938129310426,0.00016631979514185248,0.07343580904416218,0.7719606544560442
TIC_349786918,ok,0.001235690720232878,1.021917498424237,0.00015734243984034395,0.0314162769664766,2.872341868666359
TIC_349790953,ok,0.0029220283148236204,1.6920838318334486,0.001133561088037879,0.1070784783921864,5.215876310476683
TIC_350044062,ok,0.004790891233889662,0.9762794324263447,0.0011939147352671817,0.11754077571120727,4.341740123923804
TIC_350332997,ok,0.003355257737572329,1.1168055847653797,0.0007955412510251637,0.1310438434108463,1.9102908048062168
TIC_350445771,ok,0.0041866100342084,1.7989442094152757,0.0029440624518839264,0.36119123780706053,3.3406673013661505
TIC_350743714,ok,0.0009664153965378016,0.9881635559140581,0.00010530605954735541,0.019759463423501294,5.065528082596927
TIC_350995812,ok,0.004922737301282203,7.396610413820059,0.004634886268714695,0.61168381818997,0.7235232210468181
TIC_352924930,ok,0.001297363382076681,0.985545077447524,0.00029197368543347317,0.09739257115885112,9.3986353761177
TIC_35315453,ok,0.0022053630296695772,1.8014508343629336,0.00142945078667718,0.1653144957044858,3.7289688598615833
TIC_353367071,ok,0.0009730689255673115,1.0054903116544858,0.00010443427715065115,0.025552721740905532,0.7903809256816773
TIC_353586703,ok,0.003971314992383654,0.9650131047923087,0.00047403960528887294,0.03314727135730419,1.5371307364588271
TIC_35377903,ok,0.0025592511995583644,1.9429355216749948,0.002414774735490995,0.572923110739899,3.1255751720141185
TIC_354006740,ok,0.00019039480358195392,1.3718842102811557,4.4422743501469914e-05,0.053681340666305276,0.8793630180972104
TIC_354151219,ok,0.002505284928715799,0.9850658982870917,0.00025827903465444076,0.02355419645606203,7.048625082949428
TIC_354285962,ok,0.005694427998555617,1.050718345278975,0.002211515710525416,0.24093113566237478,5.8963146321659075
TIC_354400186,ok,0.00026365346026956246,0.867160293235064,6.359473501818312e-05,0.02706305449030402,2.8683586060801036
TIC_354442783,ok,0.00974964695429871,0.9411355506912057,0.0007083657728344158,0.011253660483459152,0.7618108609612608
TIC_354594208,ok,0.0009034716984125154,1.0384405739470342,6.458623909908346e-05,0.011010567801676488,11.743195380542033
TIC_354600221,ok,0.0003702814144821437,1.3087826018448996,0.0001687766130534997,0.10597923536658493,4.251585951631787
TIC_355636844,ok,0.0034134939765799953,1.037392969068122,0.00018571872443177352,0.03625481972792297,4.32993285132208
TIC_355732304,ok,0.005681668727482616,1.086789310948318,0.0013808240242591684,0.0650532820596631,13.0
TIC_356235833,ok,0.0007043054517016031,0.9263773352870437,0.0001023320521805886,0.0448968684216521,2.5163079108499593
TIC_356453768,ok,0.0013600390464391222,0.9963075933099241,0.0001304814976364109,0.02102193600277691,4.667550970144003
TIC_356461227,ok,0.007848346738446955,0.955744232740951,0.0006593413799047808,0.01587309214667952,0.9285188399867781
TIC_356868487,ok,0.004279076238946137,1.2304350737337313,0.001034367369635918,0.06972590681459376,3.538114302852433
TIC_356919658,ok,0.002061836233835312,0.7294510242077449,0.00013753017483068153,0.010203914857522383,1.420811831824686
TIC_357416482,ok,0.0005650087085053788,1.34660130938997,0.00019494688417346644,0.13854606108387946,2.9964996259789722
TIC_357457104,ok,0.0015915694982472901,1.1933909365538826,0.0007620794541588644,0.28527319819322894,3.517495987125419
TIC_357536526,ok,0.0014529435368623497,0.9916667654222168,0.00012801345988234866,0.018136209091967424,0.7896181437755139
TIC_357538688,ok,0.0024281878300019305,0.9605439479749474,0.00038855450431643556,0.048727835150115514,4.24936571696819
TIC_357972447,ok,0.001261902585615055,1.0024732157248462,0.00012321143872425533,0.022631767828873522,0.3374218826726326
TIC_358072664,ok,0.006605396675452282,0.962077544741904,0.0003823175179648059,0.0077991969245691205,0.2264132961705872
TIC_358186451,ok,0.00210376439852624,0.954730136282572,0.00012469436463841935,0.008337591983247192,1.3001389954078861
TIC_358631536,ok,0.0012419768866103445,1.0342461025277305,8.583288850255133e-05,0.012254180210241234,10.099441555343269
TIC_35883621,ok,0.0004330103732964221,1.8955649121965032,8.249284171337585e-05,0.021235240462304607,3.9113005179887836
TIC_359496368,ok,0.0013104885628085863,1.1112945394219047,0.000648777009154582,0.36123431748093426,11.85212428136996
TIC_360286627,ok,0.006157222642255088,2.4448449547094238,0.003152907331370366,0.3228970983665993,4.475258478432806
TIC_360816293,ok,0.005173138761038371,1.0281389934192222,0.0017357373161161452,0.17747566396287426,6.099018618681837
TIC_361034196,ok,0.0004969600003289183,1.7328997784163842,0.00033263186411450955,0.21020302379469058,1.0966445046724025
TIC_361998994,ok,0.014260839022538926,0.9604751579252756,0.0013113129573865453,0.01823883642167633,5.262691775929847
TIC_363260203,ok,0.0014066052928889629,1.0323639836885452,0.00023625158246566455,0.1937143833392879,3.8977943551498675
TIC_363635669,ok,0.005057002388332583,0.9664850959189768,0.0011497358625866662,0.10300818153431272,1.5209796325420406
TIC_363761216,ok,0.004073212301958681,2.9726198225257487,0.003739245161437557,0.5225335912830019,1.3365809737193182
TIC_364075352,ok,0.0018333945523743168,1.0289599806805352,0.00014712633142702675,0.014713436491796395,2.5244317818253186
TIC_364107753,ok,0.00028097913281633735,1.2147574313065763,2.503768332156148e-05,0.015056052376201333,1.4337934067374698
TIC_364408162,ok,0.00340950387817827,0.9473967276632473,0.0003739213375917695,0.027585610486574073,6.704177632915265
TIC_365389353,ok,0.00044746705512623783,1.0042136386609728,9.921486529181479e-05,0.025091227647933062,7.193410006523524
TIC_365639282,ok,0.0077503986956845815,0.9149105959479908,0.000531413022906261,0.0096914391913303,0.9985428220580644
TIC_365781372,ok,0.001916955734828281,1.576892603474667,0.0012224073951981915,0.29456270709597576,1.1518033066350597
TIC_365952328,ok,0.00413320379883099,0.9584821765706948,0.00046978794363293204,0.025646150076169768,4.344793140043229
TIC_366074069,ok,0.0011669128018100643,1.0153590482316566,0.00018319460208521705,0.044558178745681264,10.144822105032226
TIC_366563452,ok,0.0008566237943913939,1.1033958520969847,0.00036112815038253813,0.2841507044233107,10.476148111673432
TIC_366602797,ok,0.0072119776330240816,0.9557081702330444,0.00029972619288194354,0.004264907368627572,3.7724888939138173
TIC_367099243,ok,0.0013625068157321267,1.0153367910489772,0.0003170910879340148,0.10127803705303412,1.0354417758820176
TIC_367102581,ok,0.001753877016626225,1.0995830411507108,0.00013278217230499567,0.055089822759327695,8.849139022138747
TIC_367287018,ok,0.002355197088102589,1.0078631096847315,0.00012012120479185526,0.006491803316440239,0.4491848056498949
TIC_367913453,ok,0.0042929949831939495,0.9738449253450968,0.00031734166765329524,0.012534722403642425,2.4435592376365545
TIC_368536386,ok,0.00033177712019305186,0.9033344006990159,5.8850663305584226e-05,0.013721306024858607,0.20200826198905347
TIC_369480087,ok,0.04555688642648637,0.953920016162824,0.0037401004025867314,0.014239325290598006,0.45965908527930077
TIC_369861731,ok,0.004548184844810233,1.0075801745900497,0.00034473606149653746,0.012620967083548686,1.8129131973610888
TIC_369864738,ok,0.0017841908089430742,1.0288939478757726,0.0001855092728618665,0.10752541435167721,2.1367540739897333
TIC_370745311,ok,0.003932494659410699,1.5610845249189937,0.003463132183893687,0.6509863299229761,5.0347360679994795
TIC_370759867,ok,0.0022945458218481788,1.116484627902211,0.00030580437371807424,0.09239499087849154,4.900989990144791
TIC_37084932,ok,0.0009087865294453249,1.1001828423701596,0.00016052990669056195,0.05193477288764524,9.22630161753448
TIC_370877263,ok,0.002279913325100629,1.0312856762952998,0.00039599258908830284,0.2464036123538108,1.6091445822930026
TIC_371210825,ok,0.001862627469497258,0.9874769786939366,0.00038867181636902603,0.09169124221959007,10.997566763986386
TIC_371673488,ok,0.00028941661971534325,1.0072779540845573,7.774300637025551e-05,0.03589452904946858,1.1438063194868977
TIC_371711170,ok,0.003526741201908584,0.9714020041795226,0.0005108979411677909,0.04689435317593346,11.353628870305618
TIC_372505528,ok,0.0006748351596473192,1.0729285596269436,0.00033589539503195534,0.11663138509418013,10.038328636933468
TIC_372596796,ok,0.005015618948004969,0.9723165145410163,0.0005119992629400205,0.02360450444112094,6.421137201673755
TIC_372913430,ok,0.0012297589798899856,1.1667582486684298,0.00031543447007862226,0.17424904634475852,2.297425977439492
TIC_373424049,ok,0.0005906932431744205,1.0590449968019162,7.643063092505988e-05,0.031658189071693314,0.9604521074639115
TIC_373453507,ok,0.00040543932019900154,0.9865230455063427,5.788239089898121e-05,0.010360712714802121,0.444427788061978
TIC_373576942,ok,0.008092226560093667,1.0296343141682138,0.0011052303237073613,0.030861716171252523,1.7295184314769747
TIC_373614579,ok,0.00527405192244942,0.9978180999531169,0.0013299533680254918,0.09610343522381831,13.0
TIC_373729723,ok,0.00138274729547247,1.3573951839072826,0.0011348603353717231,0.34019488713018636,10.208168837232849
TIC_373785851,ok,0.0015468488063024495,1.1658269724010608,0.0006360275750415189,0.19289564470289436,0.4610664857755611
TIC_374177909,ok,0.008763603567266319,0.901057482346198,0.0029071974428042722,0.05229384484390748,6.025272724160506
TIC_374200604,ok,0.0031710619833995855,0.9759577312575257,0.00030712125579149626,0.02134839692040508,6.246040334473085
TIC_374400599,ok,0.001162615059075117,0.9798476864121108,8.826888325656271e-05,0.012168937766783017,6.787694294172424
TIC_374778982,ok,0.009877914803479524,0.9532895237269104,0.0006669605982353572,0.01047207794432277,13.0
TIC_374847873,ok,0.00746719681438448,1.0875553921737604,0.00319292942491621,0.2528860841182287,2.03053109199676
TIC_375199523,ok,0.002852914794914822,1.0049041021409713,0.0003585598135382583,0.03150997498828333,3.480631938035121
TIC_375225453,ok,0.002619698424265978,1.0773136383751836,0.0007693584033442636,0.19615931575867873,3.3116775185978513
TIC_37575651,ok,0.0006069992216163396,1.5133848073924288,0.00011846916497724593,0.0528482136361731,1.743616106358229
TIC_376682699,ok,0.0014199527281003317,1.002847714074504,0.00025601674979235285,0.06273537451688596,0.550557971562641
TIC_376740324,ok,0.004546334894014159,1.0141608182256752,0.0009565283865490915,0.06009177629141683,4.693638297567011
TIC_376838000,ok,0.0003060295692208676,1.1532509541295948,0.00012406806389069944,0.0815744007671326,11.510504253308568
TIC_377024332,ok,0.0003220600588891976,1.1032312707235679,5.4317303322089846e-05,0.014596434530104884,8.686379196384612
TIC_377144784,ok,0.0011228751744554212,1.0644485584214283,0.0004070854451877995,0.2158364699606846,2.3939297330373916
TIC_377165123,ok,0.00612394968624064,0.9792633515695653,0.0005157972927083876,0.015385210621306598,4.637239861519171
TIC_377290815,ok,0.0010522260829084848,0.9971954188315786,8.854516279193254e-05,0.015829204959227974,3.629213233188039
TIC_377304435,ok,0.0019728268542453966,1.0255417875210688,0.00014481485019256983,0.013097067202804298,3.0094199867803586
TIC_377420580,ok,0.0010833055651912292,1.1265366916316593,0.0002970666747752452,0.09237402083875408,13.0
TIC_377739433,ok,0.00041468947029674083,1.2858024617320372,0.0001884117933724452,0.11814958477416143,5.545673219271737
TIC_378355116,ok,0.0030264910524056905,1.6005187389849431,0.0015530163180766804,0.1929169669609676,2.473973985110932
TIC_379629854,ok,0.0017641577393797316,1.0058846519052447,0.00016480192703119235,0.01813795863570429,8.726984435138872
TIC_379723086,ok,0.0002972861829880138,1.0856794893240318,6.575324318829352e-05,0.025636096872378566,1.0122962776572657
TIC_379931600,ok,0.0010650886147425215,1.0837547138217,0.00024425397740969246,0.074437721746214,5.062901266057977
TIC_380517859,ok,0.07047418732364258,0.9798473980871217,0.010290204397271402,0.04461993797255602,4.669753086471671
TIC_380886535,ok,0.0028763873545633823,0.9590566540026055,0.00031519496093470353,0.02831165676813659,6.484238142289087
TIC_382188882,ok,0.0014211198177125526,0.9972996888934856,0.0004299657592185117,0.15408308845604252,4.605032858724176
TIC_382302241,ok,0.002099127963966482,0.9675024216451679,0.0003306190831068558,0.05020864466812668,4.349809205868057
TIC_382331352,ok,0.003071080942734262,1.0475713958662989,0.0005961144059582518,0.23626577518228048,0.7445126096951592
TIC_382437043,ok,0.0007803916558052133,1.0719523381800007,0.00010119791461780886,0.030301773001703787,11.890880472284097
TIC_382474101,ok,0.0013543812189572592,1.1988759251136865,0.0007310806602675673,0.25138830167711773,2.7657150662598227
TIC_383531859,ok,0.0009842476422295449,1.113431657405169,0.0003127104294409388,0.1254619966371664,5.499906357057858
TIC_383666033,ok,0.0006342669861224867,1.0641571802235554,0.00029078762419270114,0.10782695331261298,7.071216618502443
TIC_383723559,ok,0.0002360955181476286,1.0328301532347697,3.9032848336634036e-05,0.013276407501443451,0.30014574279244716
TIC_384045439,ok,0.0012022423582352634,1.0636951057962638,0.00029359688436110645,0.09509220546531788,2.165178272718695
TIC_384386061,ok,0.008713925890274601,0.9931631414051406,0.0011868475226990442,0.04162971904769664,8.254171841656444
TIC_384549882,ok,0.0015321945444405967,1.2378725526984884,0.0008147548294536332,0.4176730671033209,1.9605832736694557
TIC_384744828,ok,0.0010078900074807007,1.0507043727389318,0.0003599207749881715,0.22297554799279845,3.0540213912719243
TIC_385105624,ok,0.0018808083476396604,4.419746215679856,0.00211980662976619,0.5186358907706554,3.4785779431751616
TIC_385624852,ok,0.0008755525162082638,1.0517199445790066,0.00015226030283242378,0.08059481309605424,3.376596709559231
TIC_386297468,ok,0.004626630342209025,0.9471429200495889,0.0003438814685176538,0.012960469943684473,6.501581513395267
TIC_386435344,ok,0.0005646099058261963,1.1007819929286142,0.0001266987581800574,0.07010437652509095,3.0096789302422167
TIC_38686737,ok,0.004719986696418354,0.9816087200508938,0.0006388005930484251,0.03377299355029136,1.1197117478016367
TIC_387079085,ok,0.0017371332574493198,1.154413012586831,0.0007932024964828823,0.27418150804739283,1.1888686241643704
TIC_387413037,ok,0.0013145113876357624,1.0283574178117985,0.0002373710899227736,0.0657282271943171,1.23416738758985
TIC_387603144,ok,0.0005728311815511206,0.9577128265040498,0.00015420773826496187,0.03591865390154325,3.510765152794628
TIC_387664866,ok,0.0007644108289641475,1.099468835548092,0.00017293154731417803,0.09014577885380541,2.685229351228711
TIC_387834907,ok,0.0006184630074132748,1.3925682250517464,0.0001926114782982717,0.08164077130501611,5.524210591008398
TIC_388076005,ok,0.0007588105762802771,1.0230037146179176,9.999046259427519e-05,0.0397578180822323,0.8540295026610815
TIC_388130235,ok,0.0012039095113251218,1.0075973766916746,7.800409861695594e-05,0.00575224533964322,0.2761449066905593
TIC_388624270,ok,0.0022288916958517423,1.0092377112596755,0.00014515759844923446,0.04214349117926098,8.363210215502932
TIC_389182138,ok,0.0015570546228102595,0.9903715255600235,0.00022498899632366956,0.04180097502471137,13.0
TIC_389238529,ok,0.0008196296452636398,1.0147569777874803,0.00010364820558517065,0.007541712327254006,0.24844135319343347
TIC_389371332,ok,0.004108531100394636,0.9842453794647044,0.0001923826453947782,0.0054469966717600885,0.39570820523180916
TIC_389525208,ok,0.0011921018371637742,1.0761674856373677,0.0002529458845879322,0.07418151299706378,3.58220811161098
TIC_389999924,ok,0.008514114392132115,0.9979150476232816,0.0007924971072980203,0.01791986859094727,4.2507429973648225
TIC_39077574,ok,0.008059904748316127,1.0208084456223987,0.0029184343556830604,0.19332121063780694,4.473028760576905
TIC_391821647,ok,0.0021615159401488096,1.0206010437222763,0.000801889873446913,0.2103115293647694,10.956156249719745
TIC_392112968,ok,0.018172845259131945,1.1996955710645807,0.003819716566253589,0.07088691017454951,2.9672785925129816
TIC_393251073,ok,0.00299750785131689,1.173975398995329,0.0017050230971288518,0.29144121711281135,12.892904711518668
TIC_393911494,ok,0.0009651091454203335,0.9246738197826431,0.00023868015835273683,0.11857658522248676,1.2646693448962223
TIC_394509844,ok,0.0015102868589426356,1.072449488880266,0.0005039249962839853,0.18983489198469794,5.081127603725439
TIC_395773226,ok,0.002918313334661827,0.9747047569769832,0.00012380103036220978,0.004478092295676341,0.2628711127015724
TIC_398733009,ok,0.059158895419167426,0.9235738236498122,0.005745872026336103,0.020353403506321182,3.879442563103235
TIC_398912927,ok,0.0016093518491468717,1.0002738430345173,0.0002800111016449925,0.06602583919534151,11.923010383834026
TIC_399144800,ok,0.0015290324071919696,0.9813115311818942,9.000142853814134e-05,0.007802271019543208,3.0997805336590716
TIC_399444057,ok,0.0032057201843970246,0.9745485588857431,0.000201251837525576,0.009333098818026374,3.0545654452536155
TIC_399613138,ok,0.0016851558067159235,0.9889169166296594,0.00031957363699994837,0.017278759221571845,2.7458164804577567
TIC_399642071,ok,0.005259471101336571,0.97582313596593,0.0009605096382537669,0.06006564698061507,7.875528730141497
TIC_399956873,ok,0.002603136779774341,0.9656448520668501,0.00024180097913527156,0.019661658742924772,8.865386706555006
TIC_400323948,ok,0.002050495179065276,0.9851038736963319,0.00010953700918566296,0.006911778591348044,1.6351136790620115
TIC_400395395,ok,0.005017465784170798,0.9590179361921671,0.0003053288520231806,0.008737211231436228,3.58268859267682
TIC_400476523,ok,0.0039644942371128145,0.9361702918058086,0.0003504957879062804,0.016435037592233668,2.6677418720298363
TIC_400595342,ok,0.0022565400623742247,1.0655089416326713,0.00021130664925977135,0.035586463285716706,6.065323519202366
TIC_400786146,ok,0.0018281526555240294,1.0091798821995959,0.00017363273126506037,0.017665764430200587,1.4871177073626995
TIC_402848417,ok,0.0010997658941092568,0.6081367788424288,0.0003982027284151819,0.059578972813698325,8.373525795935585
TIC_403136413,ok,0.00448691539269925,1.04074410407186,0.00017361608860194083,0.01804908969636157,3.368891582046792
TIC_403256331,ok,0.0007401055660903908,3.018372140348485,0.0005800226480165927,0.32110390703390296,2.8724225894498545
TIC_403287048,ok,0.0005519437881487885,0.9736788952113485,0.0001410141520435162,0.02924010618664251,2.291067364146927
TIC_403308915,ok,0.0003337693921887704,1.0156456605016397,9.270956265324364e-05,0.03455640500738244,1.8187963784474785
TIC_403693875,ok,0.010783491218635269,0.9472901426283978,0.0017431371607285798,0.05247954383629018,4.535232134081325
TIC_404610583,ok,0.012703930917928331,8.91598048694937,0.013652144986678362,0.8577645963816123,4.259503590931281
TIC_405484221,ok,0.06208048736139475,0.9448903970343361,0.004001629401238469,0.009657542819632227,0.32127490067910963
TIC_405794804,ok,0.00031804199586261717,1.0909324211052185,9.810900220424334e-05,0.045596611152181096,0.266959431367003
TIC_405862830,ok,0.0032556589618050018,9.949772810359166,0.003148764716286351,0.6954242917675502,4.364185314779174
TIC_405904232,ok,0.0011865302708957371,1.0474921497701857,6.925788154999761e-05,0.007957485087604908,4.124755704491457
TIC_406190563,ok,0.001498801488140844,1.0467872071128754,0.00028993096954119823,0.06151571017388145,1.6587213244666297
TIC_406855039,ok,0.001472991618206564,1.7988359512173038,0.001168699201667951,0.4696534245895381,3.93288064446444
TIC_407146536,ok,0.0028787187793000964,1.0712902616679698,0.0002222491755520621,0.012623308438933174,0.46765949506443816
TIC_407146538,ok,0.0055509246596853155,1.2390088792169738,0.001490488110293844,0.09726704552560377,6.417916318719909
TIC_407394748,ok,0.0010000402889058942,1.2319842007022077,0.0006432005039613183,0.46933197642143376,3.818050806738427
TIC_40779013,ok,0.003990600707821749,0.9575572557985497,0.0006343768189386418,0.053282361091396786,0.8565878646004558
TIC_408159788,ok,0.0014214459128764879,0.9851886152725386,0.0001429193414860646,0.02246700786683313,12.856494814929306
TIC_408203470,ok,0.009907017727005732,1.0014962310097326,0.0023750560099190733,0.09393011479510761,11.852143963277607
TIC_408549705,ok,0.005433362649333278,0.9523719614595324,0.00024542457577812234,0.0048442437413352335,0.2305110854773048
TIC_408729765,ok,0.005872931614788275,0.952622368587184,0.0003695088355397819,0.009020843298796967,3.2152697231660903
TIC_409183335,ok,0.0007241009990187336,1.1307322762096006,0.00026877032212576567,0.11268223614960944,1.975836283885819
TIC_409459226,ok,0.0018444368515503644,1.0238222436017204,0.0007110744991971437,0.24103940613130537,12.91674819704076
TIC_409520860,ok,0.00044209381230320843,1.0021368718871069,0.00014057714228450885,0.054178835946794644,0.35904224006964824
TIC_40954422,ok,0.0015800613160104214,1.174351444874509,0.00042281209952662913,0.10403907473650746,0.8767188861916956
TIC_410245915,ok,0.0011700773370764924,1.0118336829021362,0.00018478502632905875,0.04812284010245876,5.7175749682475425
TIC_410528770,ok,0.00040050645417880016,0.9554044961267685,0.0001316762317098669,0.04960639541676463,3.4018157984009707
TIC_412014494,ok,0.0017199696868793826,1.0537467041121662,0.00025132303993383696,0.11543183062331237,11.752655146315306
TIC_412257781,ok,0.007021461887742984,0.9806908775208107,0.0007745775368282611,0.023983651619752962,1.1535850365936218
TIC_412259468,ok,0.0019199357093544547,0.9966141505363509,0.0003246762098302005,0.05722538154554839,4.146009658050541
TIC_41227743,ok,0.0015608721078621587,0.9956478580059279,0.00011627231364869759,0.011575968671647048,0.5407953639242293
TIC_412961700,ok,0.0002555836599255929,1.3043464909165374,7.673250403188129e-05,0.14699804218452522,5.0027031476734924
TIC_41330864,ok,0.0018957500511511281,1.2965079401516437,0.0014094743728312257,0.4652137271129864,2.2100595677312294
TIC_41422753,ok,0.006795993537869447,1.0148755755367438,0.0007250739093074956,0.02481993251961596,7.730480566567472
TIC_414870287,ok,0.0011453564268261009,3.788949295832356,0.001266256568616406,0.7329469476287731,11.008966177668137
TIC_415741431,ok,0.001446089281222443,0.95403914164637,0.00011718175806920095,0.015176645854331546,6.235054753051788
TIC_415969574,ok,0.005748222180118085,0.9342231133530349,0.00035137708192903224,0.008707421004070575,0.23137660851534003
TIC_416624606,ok,0.0013367795077782825,1.0035767517398102,0.00025752397594480415,0.07484197361015453,1.2521184019096527
TIC_416987878,ok,0.0004176139986116885,0.9809799879047595,0.00014888408911262354,0.05978087886224242,6.836728831658247
TIC_417705690,ok,0.0010556080427505002,1.049351139009001,7.865035759676332e-05,0.011708323185504058,0.8593735296491449
TIC_41865539,ok,0.0011451230077623089,0.9908904852915367,0.00015389239622572889,0.009530135677720724,0.21286984422069208
TIC_418866096,ok,0.002091607214063593,1.1839172867449983,0.0020236962929595366,0.2836412950373989,11.863985167130906
TIC_418959198,ok,0.0013607816142610048,0.9886905416753964,0.00010650371273223718,0.013441245059449056,4.7670816048401345
TIC_418971787,ok,0.009193515434272303,0.9749130022314391,0.0006842850697368476,0.012941953853551116,3.4990134417496845
TIC_418987806,ok,0.00020924381387160253,1.0109853394657011,5.4487418949835234e-05,0.031642154567634785,11.801942199720427
TIC_419419534,ok,0.0022298908651323056,1.1246408066774625,0.0012165473849764421,0.3489990932161672,8.561047927745124
TIC_419858461,ok,0.029097380601581967,0.9715486551065232,0.0028608260456402983,0.019522938465850886,2.193442934673753
TIC_420112587,ok,0.006857188222314357,1.0386068444363796,0.0018128070228054856,0.13553321415148084,0.9365479777740562
TIC_42015200,ok,0.04977143937857286,16.93697352905232,0.066723647714073,0.9126354762481199,10.858800981445091
TIC_420288086,ok,0.0004142492719278794,1.0579596191268061,0.0001510551034530266,0.0633596944407199,6.047251494529686
TIC_420645189,ok,0.0010936345001086333,1.0007022629906739,5.2259979692808014e-05,0.005175722387611064,11.391341363089085
TIC_420803693,ok,0.0021102652742055264,0.9518605004403047,0.0001463299857652896,0.011759352551934088,1.8235649946767356
TIC_42123111,ok,0.0011010613592851548,1.2400980342876757,0.00036446242564487245,0.132745571015407,3.388634485931415
TIC_421308357,ok,0.0013387698732633575,0.99127826012746,0.00013260355740158213,0.019373300696074628,2.3957166534026837
TIC_422653398,ok,0.0031371005562674794,1.6692976273935445,0.0027741233292530097,0.4234261499328832,12.135048081896912
TIC_422838133,ok,0.0009713698042512228,1.0355847818808588,8.336410076424727e-05,0.015518467025688248,2.9963956503267215
TIC_423903685,ok,0.01599298563378805,3.858313242942791,0.016290473805240395,0.8118108326845009,4.452764787781767
TIC_424699834,ok,0.006098434596069826,0.9833615352489927,0.0007893883336614326,0.03523901316532184,3.599435263376941
TIC_424747720,ok,0.0074974321634948765,0.9474891943196748,0.00031504460627519834,0.004015426737651476,8.358355635220732
TIC_425163745,ok,0.0004342894059435287,1.0459053153436126,0.00026836245555341993,0.11758263703179572,0.2768711528453095
TIC_425220920,ok,0.00032265174434754185,1.0520325977562603,0.00011666253066727788,0.056712071390136114,8.062397163305453
TIC_425721385,ok,0.0020526100045193197,1.0613649329660448,0.0003109167422556774,0.16342606829624998,10.752117927745644
TIC_426017070,ok,0.07264856506433306,0.9477441142109623,0.008755195774618613,0.03209696811095299,0.5999515235141523
TIC_426077080,ok,0.0020479338029548893,1.2263986068480024,0.0013615877082352402,0.7332455680203688,2.8661131167587612
TIC_427279997,ok,0.00039490293503001683,0.8722649880209657,7.87385147794027e-05,0.01896480573486121,0.5062110336229297
TIC_427348923,ok,0.0026199547512364024,0.9670918169655188,0.00010568531168581762,0.004048800290267716,0.21175407962972234
TIC_427352241,ok,0.001449684575237463,1.320007461047124,0.00025209311342223113,0.05544749434983236,2.473673824961948
TIC_42755801,ok,0.0020315768444872126,3.1690113811472234,0.0021388993379176536,0.9111067156174726,3.914180048651691
TIC_427654774,ok,0.018854139310913197,0.9626867546204945,0.0011766321212337112,0.008866618431517643,2.2073699012535326
TIC_428065977,ok,0.0004215567301211249,1.1251158895006834,0.00012142586108171217,0.04056876536863798,3.1047746671150533
TIC_428685938,ok,0.016088773868689166,0.9371351179663595,0.0013963451179812994,0.014973602953132081,7.139797566779528
TIC_429295277,ok,0.0011364555425896034,0.9932711420559404,9.54556788961076e-05,0.015824456908492934,0.5533015407921352
TIC_429414530,ok,0.005962246135294391,1.109662725689514,0.0018639819957576751,0.1908216858008452,13.0
TIC_4294779,ok,0.08094497746191391,0.9740759346978132,0.022239618812065137,0.13850975403868515,0.34051170426053473
TIC_430528566,ok,0.007292238246006583,1.0679144237825353,0.0005709278924550373,0.057480352624869925,4.853145794968372
TIC_430677414,ok,0.0009653527773055758,2.1480456607650136,0.000637676204584654,0.27864108257974024,0.4678560874687251
TIC_431148743,ok,0.0043065858113914895,10.041562873109264,0.0037866954846044873,0.3153637877889069,5.180513531466166
TIC_431156009,ok,0.001840798106276033,1.0432297151213183,0.00023283516004396794,0.11124297110552261,1.4813259087169726
TIC_431585347,ok,0.0003300663050982795,1.0692838070621178,0.00010701176201628767,0.04771508167658079,5.24618947340793
TIC_431899140,ok,0.001085141211078656,0.9926172639084719,5.9917062752950435e-05,0.007301245999160643,7.383411839347419
TIC_431999925,ok,0.033832687796531945,0.9369653245738174,0.0015749777688789364,0.005038388551793452,1.4553745863836791
TIC_432008938,ok,0.015534551083512756,0.9570401272145553,0.0014728061444073451,0.01729167564975751,3.3958770487047083
TIC_434100688,ok,0.0002511736771432473,0.9870969266229386,7.198599654782223e-05,0.03628357211799864,13.0
TIC_434234955,ok,0.00230729757201973,0.9667241819240621,0.00013853799897168176,0.008971060166684983,5.907640098064658
TIC_434718964,ok,0.005770421523675591,0.9762796542176474,0.000819204402331884,0.041784616819764184,7.940411923082778
TIC_435167167,ok,0.0012273140635240235,0.7779102970450794,0.0002663306925587676,0.023569120199922817,1.4634485857116764
TIC_435861696,ok,0.015744552939586515,1.9405443022963988,0.015500605077952995,0.7863962347246006,5.313388461388222
TIC_436099179,ok,0.005527258439099598,0.9675075460699127,0.00031861111491849714,0.007888995027803632,0.29869303149113763
TIC_437156845,ok,0.005610464473569416,1.005743791644329,0.0007510915800438135,0.039081764885041226,6.119228718438253
TIC_437740083,ok,0.004745592302191056,2.5708436704709974,0.0045657062590017065,0.4943609864567607,3.5755736889073355
TIC_437893926,ok,0.004681881894784966,0.9587772232717375,0.00038269968535804757,0.015045516690903335,1.8996270798168062
TIC_438295981,ok,0.0008286399862284274,1.0093481882828061,0.00013939481384954455,0.06019716943467518,2.1892822913963434
TIC_438490744,ok,0.019537267514083443,0.9385148921716964,0.0016825589807063443,0.01641704314976379,7.774616227510883
TIC_439610306,ok,0.0006692199136880014,1.056295445418469,0.00011070412378087519,0.05045722857934971,4.212173925907571
TIC_440801822,ok,0.00124386454489818,1.0473909190365125,0.00013231225971784455,0.10105334103363228,5.872159191494368
TIC_441334829,ok,0.0062482992168298645,0.969058003651358,0.0006739686085482938,0.026234573295923092,8.335593364855868
TIC_441732151,ok,0.00652576778229125,5.899955383035002,0.007633460713336903,0.7895271450721361,2.1339180532592126
TIC_4426490,ok,0.004715876025461987,1.237229949823776,0.002971104984874462,0.38721796171659056,1.390123835308767
TIC_443042089,ok,0.0081073804132676,0.9714405787526285,0.0008913421720875662,0.024851738787087185,9.338669539078754
TIC_443658196,ok,0.0033748974607961998,0.9818085226628777,0.0002054821035296041,0.008559946041711957,5.499959068531862
TIC_444413256,ok,0.004417613921120665,1.0405867695090194,0.0014091966031200469,0.15349553143761685,1.3296405344412567
TIC_444415148,ok,0.0007057953775384346,1.1449307517459433,0.00023147038021374393,0.14730697054564046,7.519462302786527
TIC_444977814,ok,0.004515813639381826,0.9549093711398746,0.0006132889730079376,0.03903658787388134,4.561052800806883
TIC_445137888,ok,0.001254602141189642,0.9878332125993906,7.381245304021039e-05,0.00819188134717087,0.5016723861925703
TIC_445254275,ok,0.0005332244902898097,0.9236490313482881,8.828668071914054e-05,0.014708999855055449,0.30203308664451195
TIC_445586472,ok,0.00300734987152304,1.8745925435028794,0.0022947856879244537,0.29126703238416585,6.631046021314404
TIC_445822015,ok,0.0020023886198684473,1.0458872443124758,0.00027084822295814274,0.035384724255185525,5.303465237222217
TIC_446549905,ok,0.0024122992963282364,1.2119462461473183,0.0012750789078735392,0.41318737847283304,8.699617797457952
TIC_446616059,ok,0.0009992526952874697,1.0023911960380407,9.411753971868802e-05,0.019853506607380222,1.5614151952587099
TIC_447283466,ok,0.008061214100964019,23.29959937308516,0.008492908915436085,0.9511475372056174,9.456892200374272
TIC_44745077,ok,0.007398725070706939,0.9494897136477393,0.0005921951045827407,0.01423153011296249,12.745339100315048
TIC_449050247,ok,0.0016998096283880686,1.1431915710948217,0.0005116387424386963,0.1125411009724107,3.3325278636218565
TIC_449050248,ok,0.0014050833928866615,1.1440120742393949,0.00041979578188513605,0.11849667270873941,1.5112626386982895
TIC_449197624,ok,0.001106566510132901,1.0996151432910182,0.0003792002319191753,0.05936238407606531,4.5797020824648325
TIC_449549170,ok,0.002628699708886051,0.9844969309979242,0.0005837375567132105,0.09670346923838657,0.9322539347805893
TIC_449951606,ok,0.000501829443891861,1.0457400781134352,0.00014154680770440216,0.03975139197975229,5.1562862526129525
TIC_450327768,ok,0.016390003188706277,15.04357275255623,0.016236683968976016,0.9260791033927337,5.661486797301109
TIC_451599528,ok,0.0003479243841487254,1.2233416396065546,0.00013519664575021038,0.17961900782063062,12.217867975525905
TIC_452483795,ok,0.009415213350845478,0.953440329008717,0.0005740415330230006,0.0090068366753851,3.0054244581167966
TIC_452803785,ok,0.0015638881193554832,3.2749847753899743,0.0016628393942571486,0.2736562724947528,2.5876182447020764
TIC_453209605,ok,0.0014989428314112119,1.0325263176116342,0.00021329289421953622,0.03594425953525784,2.904422695655528
TIC_453230066,ok,0.0017357019563621209,0.9884477284487927,0.00011699893496093014,0.011261202895577919,6.115433686403753
TIC_453464017,ok,0.012433392424324135,10.754720529305725,0.013560744444154425,0.6989421895388223,2.071468980825711
TIC_45465399,ok,0.008356599704124733,0.9541975096108114,0.0005704569760945769,0.011700115418563757,1.2235907314834096
TIC_455962313,ok,0.0006577755757580994,1.0143661608013965,7.581209318295317e-05,0.017365611809270428,4.221254955753229
TIC_456042145,ok,0.01118461409892872,0.97136794900914,0.0029508820671804376,0.1407836845081967,1.479869027799702
TIC_456305193,ok,0.0036907195702967147,3.3456381065257665,0.003928856605867713,0.5698059664517366,3.6807705200078393
TIC_45684223,ok,0.006354467979262533,1.2048464075980305,0.00324678178136667,0.25636365474583633,8.432752916999332
TIC_457138169,ok,0.0007078711786708507,0.9733232070329189,5.223556826777743e-05,0.012004159988055334,2.7608092304780913
TIC_457743020,ok,0.008077356822490814,0.9434403599313431,0.000750800046624359,0.01960919842440744,1.633367138598149
TIC_457939414,ok,0.004953315195365044,3.69103309892134,0.005118943731311727,0.77106627092203,1.9086717897235415
TIC_458856474,ok,0.002787777225007056,8.328128993353399,0.0017670565519787588,0.17304096059792132,1.017960188986573
TIC_458857720,ok,0.0010886845629280578,0.9942842325824878,0.0001064880277653482,0.021814433336704825,5.3110970050306605
TIC_458876004,ok,0.00535019269990442,1.5640167460907506,0.0042704621991303225,0.42273022459362036,1.7219609879010183
TIC_458914949,ok,0.00035799222792229433,1.0175028698873216,0.00010876671210199457,0.0433118334178648,6.365840019714332
TIC_459850897,ok,0.0035970547120691273,1.768810215064827,0.0018864736026176444,0.2002174719679465,3.087814795770811
TIC_459942762,ok,0.0004619638301975239,1.1457789549493729,4.073297283651354e-05,0.015279822883470398,1.1640633064785517
TIC_459997997,ok,0.00232134458866976,1.212038477250388,0.0004068770659464432,0.034234625606206645,3.3487265863894633
TIC_460140752,ok,0.0008908344462052912,1.236777844744303,0.0003606137997579899,0.17835171558758992,5.552496022029036
TIC_461080504,ok,0.0030992980911845563,1.1234978071732216,0.0013913848717311847,0.2437929751054328,0.8253731447326585
TIC_461271719,ok,0.0008431769120711943,1.6444605801869634,0.0007556303946885257,0.7236791131906155,3.7570003645197785
TIC_461387302,ok,0.0003256975063343725,0.6833744239023011,9.58440205922948e-05,0.037413098580985404,3.4191707087684207
TIC_461538935,ok,0.0024303588498858814,0.9615040309438575,0.00015069681239772737,0.009002531143173486,3.215256780692686
TIC_461662295,ok,0.0016103580478864976,1.4122201627743738,0.0013677369647618705,0.2871495680482723,7.684677674829972
TIC_462162963,ok,0.006459696632317496,0.9568302168470452,0.0009183154019069245,0.045168559333170225,2.979703775129454
TIC_462715015,ok,0.0036447088375332537,1.5014074504646533,0.002327028593330784,0.33071733775439316,5.47017761013445
TIC_463203560,ok,0.0016673955748962395,0.984351222525817,0.00021626416135881309,0.0334275953460691,5.48013546077763
TIC_463681005,ok,0.014243949276137704,0.9306016824572575,0.0015881164306918946,0.02804879413705266,1.0943102018280095
TIC_464067218,ok,0.002823701358592909,1.1264994228820862,0.001168700646452848,0.20943307829563967,6.565177237676835
TIC_464296022,ok,0.0053378089415467974,2.7017610983828435,0.005712711599990316,0.8109872087886181,1.5898769799022265
TIC_466318137,ok,0.006563170452083575,1.9849501976732995,0.00372000842884947,0.1994258589262137,13.0
TIC_467006627,ok,0.0010842682156984478,0.9946202947513897,0.00016039687391476668,0.010225409143690354,7.779069301939064
TIC_467281353,ok,0.001294439760404003,0.9755798633755314,9.780681164933076e-05,0.013015502710558149,4.069121467206396
TIC_46772529,ok,0.005566049438451036,0.9580998631275895,0.0009700620383898862,0.05291921935235538,8.266552026752892
TIC_467783290,ok,0.004452476718346919,0.9662819025042835,0.0003639173204917789,0.01649952069698913,4.675202547372324
TIC_468472950,ok,0.0027610379393923044,1.057324881942349,0.0002469682716083726,0.06416716715438335,8.865815734306755
TIC_468828873,ok,0.00029507144890091557,1.050800685450687,7.512694904319998e-05,0.03432171131596952,4.209833686092586
TIC_468845640,ok,0.001530591116885258,1.058673229429124,0.0005647111125119424,0.21362899320375847,9.392140300865911
TIC_468977648,ok,0.00889396680469169,0.9572436650010867,0.0006323073231995824,0.011331863073146636,9.62036588373936
TIC_469184909,ok,0.007161993238955959,1.0072183462181838,0.0009606699037188193,0.034278559877870166,0.648669144614316
TIC_470315428,ok,0.0020755432198797147,1.6293082833319,0.0018776139864220252,0.5519411389511666,1.5012257393394315
TIC_470709084,ok,0.0013155052565826995,0.9846953757021171,9.213148543632532e-05,0.011814387624418152,4.3768639416640385
TIC_470852531,ok,0.000434285278191265,1.0518815485862205,0.00013369350907576312,0.04981327124349337,2.9375250301276883
TIC_470911286,ok,0.005142508231941008,0.9463020572810943,0.0003173238923792749,0.009221798709074712,1.5990402775612755
TIC_470974162,ok,0.004196477763726228,0.9514140502088448,0.0002879011352545622,0.01113491708316946,3.7594506826925445
TIC_47484268,ok,0.00459262156866116,0.9791648314765463,0.0005082340856070762,0.02779478107703067,6.289304056323195
TIC_47617038,ok,0.0008038869918482835,1.148512214645864,0.00021000632618489444,0.14486513564836112,5.91484210250843
TIC_48178229,ok,0.0003473401887174139,1.2507061098311891,0.00016243942649355478,0.10245787677000455,2.130328150341568
TIC_48188920,ok,0.0009598110678238048,1.1078560723296245,9.631900734465723e-05,0.019543452449923653,0.36925616385305726
TIC_48276576,ok,0.00981172770687313,0.9556191187684038,0.002377922184492518,0.11869339703191416,1.6864591099315223
TIC_48476907,ok,0.0010359623947182337,1.0862719847505027,0.00012965665552144075,0.032694177671788616,5.463673108019665
TIC_49617263,ok,0.00030948101450974287,1.029350082528616,5.0301021683436607e-05,0.014167627995804658,0.19989374468937932
TIC_49710555,ok,0.004093188884964982,0.9605892626132175,0.0001889405085971922,0.005153466383206858,1.7375047363495602
TIC_49899799,ok,0.0005227598385386406,1.2796598291322843,0.00020931760365024623,0.1763475536214007,8.516287561629118
TIC_49967354,ok,0.0017187488516825686,0.9801178488489829,9.840270738974805e-05,0.007108147923712641,4.57053069754513
TIC_4999813,ok,0.005110572470404077,0.9522152011517218,0.0004532053443075305,0.014302969155813996,0.576062637099891
TIC_5024743,ok,0.00031241953425679113,1.0490036181797344,8.72672841336867e-05,0.03764450810214449,5.449914332083691
TIC_50309953,ok,0.0008867684026632638,0.9944761642468342,7.490119071837e-05,0.014557689876984223,8.335225385391226
TIC_50365310,ok,0.0018626260546402678,1.028927031977407,8.62081349684776e-05,0.02322345474841626,0.543019097490799
TIC_50943163,ok,0.0007442309331962826,1.1136743738377783,0.000427506951611781,0.13908156405396088,8.85425579191939
TIC_51024887,ok,0.047786506304940135,0.9715273872023514,0.009591498100924105,0.08613624020233088,2.4893839424511617
TIC_5109298,ok,0.001765399182427893,0.9886156441715117,0.00014349930297473287,0.013668919649399525,0.4036465814726711
TIC_51318828,ok,0.0024929984538194267,2.348044454092126,0.0020843884741412006,0.4070030814644388,10.019022693941684
TIC_52041724,ok,0.0011808758211338758,0.980727721787321,0.00021202199650464178,0.05722998555108053,8.180479348710413
TIC_52548453,ok,0.0012158284040830062,0.9993813684962143,0.00017966335324908625,0.04258671335617771,4.967911685488389
TIC_53427308,ok,0.0012768150260396177,0.9858740263161434,5.5150669650658606e-05,0.004504297501456618,13.0
TIC_53593457,ok,0.042147159315834015,0.9227428415290597,0.0020346191867291444,0.00511203572373236,0.35729856193423226
TIC_54044474,ok,0.0023285002241638948,2.808175068075494,0.0017890602534125228,0.35916781090660793,1.1717343097937631
TIC_54085154,ok,0.0004138127007585218,1.0648497473947407,8.699606298139468e-05,0.08217884071877762,6.074689248496952
TIC_54364414,ok,0.00038018852953180675,0.9343896731389305,0.00011209534029835555,0.034741564169681424,5.585284146671777
TIC_54390047,ok,0.0009155701883101446,1.04079618526226,5.845137863830032e-05,0.009173376499355066,0.23510498238330033
TIC_54464870,ok,0.00020082941788813414,1.8227438596678096,0.00012072516518943552,0.17646903676967712,5.364559960020394
TIC_55383975,ok,0.0020683987970792723,1.0079232528565538,0.0005879761264924033,0.12129657918623561,6.867735284464336
TIC_55452495,ok,0.0009796579651011998,1.0155579781977724,4.6985272982685235e-05,0.005304122756568452,0.5076207001937655
TIC_56231866,ok,0.000744127435595342,1.0764206768071491,7.262563214115712e-05,0.017818455521959344,2.7684102282268115
TIC_5772442,ok,0.0012377637155665362,0.97856589570039,6.843477271508392e-05,0.0070505728449454024,1.6593212202084335
TIC_5800958,ok,0.0015582827503858576,0.9931482823974896,0.00021218154949508713,0.008772621360085442,0.6326548909902385
TIC_58046864,ok,0.018838225096389757,1.0300095806130032,0.007255149371569901,0.1798714975984528,12.333726571077932
TIC_58474992,ok,0.0038666132891610606,1.012073808172866,0.0005923050262247403,0.04450206515897878,12.155559528773663
TIC_59003115,ok,0.0020161377741472787,0.9292390717770731,0.00010803753996776543,0.006507204666151286,6.402333486051134
TIC_59859387,ok,0.0012031136590444514,1.0095923879197906,0.00024643319041307013,0.08111229956657039,1.9554492726614847
TIC_60074373,ok,0.024934746992508704,0.9603374622428238,0.0031007661057205257,0.03504534955514126,5.863098442015189
TIC_61117473,ok,0.004012668157353746,1.0127716980501797,0.0005389484715557473,0.0373723148277033,3.5302679690432925
TIC_61733521,ok,0.000495949207356073,1.0700661318215199,6.79531953393994e-05,0.009585512378510979,0.42194631588156395
TIC_61980227,ok,0.0033168083180294132,1.0044768775152844,0.0005673620730117564,0.061494134973541524,3.3257886340334846
TIC_62530991,ok,0.0009451278490297006,0.9946197778926817,6.298095928889354e-05,0.009311959669023154,2.5383750404843433
TIC_63013648,ok,0.0016028905327032294,0.9632389855819637,0.00021266001768097568,0.0407869923562533,7.491621043575946
TIC_63303499,ok,0.0014442174795046404,0.9878851325839555,0.00015830925905136473,0.02757246935384427,0.9639288695545791
TIC_64531556,ok,0.0030999920184923025,0.9692927170188339,0.00042940540270783333,0.0417135477391029,7.293391277333923
TIC_64553698,ok,0.0005789522393689174,1.7052350439808515,0.00042126861176987015,0.25467335049499906,3.0856272280233368
TIC_64836837,ok,0.0027535073284604885,1.029272456305751,0.00013032041678309896,0.02175985903505409,4.349016921995353
TIC_65347776,ok,0.0017208568454894126,0.9324675844854329,0.00010195812715267295,0.00775953560659515,0.3567283353707611
TIC_66356824,ok,0.004227182384374002,0.9219655233793219,0.00020919141842329548,0.005796717855848953,1.7683413600169893
TIC_6653897,ok,0.002479135252393647,0.9670164183264474,0.0004470757520552093,0.06354294141449027,7.858415153961232
TIC_66783360,ok,0.0012258052859422095,0.9985516326021411,0.000175751050634386,0.03937787636426403,1.207622212166607
TIC_67247610,ok,0.019533549357425538,1.013621928068436,0.005484161984693411,0.1477895245652078,3.9422255544637452
TIC_67309890,ok,0.0011738554049492522,0.9780538119931709,0.00013570253147453785,0.028230618879745293,0.5801713063739734
TIC_67926921,ok,0.0009765684498317414,1.0027169238441667,0.00021159478074456482,0.0920073017223236,1.8000948594556754
TIC_68152139,ok,0.0004084286768098377,1.3276048414011408,0.0001509610340297208,0.06233074409066163,11.75001076750732
TIC_68322189,ok,0.012119526745652864,0.9779566860727024,0.002059715152355932,0.0618818038718126,7.068621384951179
TIC_686072378,ok,0.10228028080285666,0.9428847652772546,0.006625814741255641,0.009867905478507378,1.9260609009451415
TIC_69672493,ok,0.000981059955857935,1.0954362969488416,0.0004425601933190441,0.3318698830810996,7.521327228796367
TIC_69838258,ok,0.0009639393163091773,1.0152756403178584,0.0002167047905446026,0.024347379950602578,3.288352977040715
TIC_69997672,ok,0.000772316308548726,1.1427063389609404,0.0002597611916071122,0.15145434461768237,4.887455310497496
TIC_70887357,ok,0.0005210641303059046,1.058742831032979,7.326876366503807e-05,0.025523115511739646,3.4573525976524
TIC_71396541,ok,0.002091644016499103,1.3411795197998377,0.0013450479617075368,0.38078998051869356,4.821248886257061
TIC_71401634,ok,0.0029453244592345593,0.9606325700692799,0.0006711358350677871,0.024362255285616825,0.49394415125871516
TIC_71854732,ok,0.007476580524570729,1.1522879452238546,0.0030903873210022903,0.22595155198169262,3.1739371110719654
TIC_71854745,ok,0.0008659364618428183,2.1984114073326846,0.0008948779265596594,0.6188261087953334,1.291198089982255
TIC_73104318,ok,0.0006270812866826596,1.027763427034424,4.5408249915328534e-05,0.007079133563426225,2.887030034940666
TIC_73244652,ok,0.002632085038028857,0.9404511077968934,0.00025801005098250097,0.022521464233134135,5.316782909982915
TIC_73723286,ok,0.0010588367037292893,1.626426622060421,0.0008258932926002577,0.4808255995512885,8.62555439823203
TIC_74197917,ok,0.013884736973423066,0.9430331504989256,0.0016919543583973698,0.033078632414427434,0.7553519823895951
TIC_7439481,ok,0.0341542255928444,1.6372747802953334,0.03000213386499709,0.5958914508813459,1.4260929240157119
TIC_74482749,ok,0.002048992740556145,3.1158155306792423,0.0019002103468324526,0.43950477510024244,2.484928206206544
TIC_75208638,ok,0.0028221983035438786,0.9620997155051558,0.0002050233624318612,0.012338175094392395,4.436541549472232
TIC_75417968,ok,0.0016554114167774746,1.148291974582016,0.0006974030046939244,0.08935007305586101,3.4419583725110314
TIC_75427473,ok,0.0006561350316510611,1.0703757393746667,5.5191838203074204e-05,0.014876899896477438,7.545049478391093
TIC_7624182,ok,0.0007983556348342052,1.5341680168163776,0.0006140756151388076,0.4770002593779089,1.7142739625053307
TIC_77031413,ok,0.00899086580849939,2.8192782217894012,0.007874311965767537,0.5848523675838647,5.503571435792662
TIC_77228304,ok,0.055157734644563305,0.9205263653718221,0.002572474504860533,0.005010344012233076,0.20799600704637725
TIC_78672342,ok,0.00041701760711082217,1.2997686545548053,0.0001632430234602452,0.08235273052351874,2.4526870567015635
TIC_7904580,ok,0.006795825661541822,0.9382286247451083,0.0005355266582804129,0.012107776434046341,3.048194306513895
TIC_79395355,ok,0.000522931771371027,0.9453646074995772,0.00010315344858868831,0.018248954545058007,7.059992169800661
TIC_80029842,ok,0.004324729205451692,0.9919816789278968,0.0003275000108564006,0.013758966390326277,4.677941272296257
TIC_80275202,ok,0.0024795341777551425,1.7902231242296764,0.00012003125436496944,0.001978052647934188,0.35049471094766466
TIC_80478272,ok,0.001975811259064823,1.0087474404716297,0.0001501220693602482,0.013626405457944094,13.0
TIC_81212286,ok,0.007628051728982639,0.9814334288103795,0.0015673366240871608,0.07610664304619844,9.317360696854337
TIC_81231810,ok,0.007361043918527816,0.9910789089626791,0.0018121046031494576,0.11687260240241583,5.48333582051679
TIC_81429971,ok,0.001109889934660117,0.9690105780303746,7.570932858103746e-05,0.010870368451691918,1.4746945228281916
TIC_82010657,ok,0.00029383853673397507,1.1687547892812362,0.0001260257687413736,0.0897151201199288,2.207565656967504
TIC_82302240,ok,0.005204003600819507,0.9388111529239297,0.0005045218498307215,0.021378833510716726,5.198742339961743
TIC_82362447,ok,0.05990109404889206,0.9466452696182464,0.0034740270898832755,0.007646300656791035,0.5082883907816761
TIC_82707763,ok,0.0023517410830332687,2.0132768222830166,0.002111598396429919,0.4948439370764053,4.525610366366139
TIC_83053699,ok,0.007413320631798456,0.9809776001600072,0.000839757740414759,0.02806008214305792,1.651502433808666
TIC_83210867,ok,0.00039521012388557514,1.1616826793244646,0.00017146180334231214,0.08655166712203402,3.590947255824723
TIC_86005116,ok,0.02849923173749594,0.9387144326950412,0.003211691177310795,0.027311149626333638,0.9865445079978378
TIC_86280613,ok,0.0008780381838742264,1.1283056554098707,0.00030490168224376376,0.17874369871649767,6.556821030904337
TIC_86451883,ok,0.01831675324426672,0.9971860113446807,0.003508848697140537,0.06549908094810979,6.52821211743383
TIC_87044036,ok,0.004579705385285716,0.960745824969757,0.0003061429620756056,0.009736913460697359,3.0705123726729417
TIC_89510024,ok,0.0036866617453261397,1.188470707153285,0.0015325566633979419,0.1748378521596158,7.690348653995684
TIC_89535068,ok,0.0011817028660532005,0.991491375760585,7.643332423578898e-05,0.009817202745185358,5.500365426283389
TIC_89643259,ok,0.0017980116355816383,1.0103038167748837,0.0002801668342508421,0.04627477734062584,1.1011587741211217
TIC_89702406,ok,0.0022428309738403204,0.9875386585965209,0.0004915409471895597,0.09370231052414152,4.8397730547686475
TIC_89759617,ok,0.002075307199461404,1.26538744856506,0.00034444211642881075,0.02861913337193189,0.25452054288772713
TIC_89876424,ok,0.020028950411864855,0.9984146183717574,0.002110886420791387,0.02591243526936241,3.5320911492041436
TIC_9032368,ok,0.007857847407799575,0.9585593013431647,0.0008880400959913668,0.02341181322265295,1.3511684473853873
TIC_9033144,ok,0.0010465647211959494,1.1848567211918815,0.0005401793131578711,0.25956571950634644,4.486396655878344
TIC_90448944,ok,0.0019671606300172796,1.084214487953057,0.0006242872759633819,0.36406065037534635,5.525246592191541
TIC_90504905,ok,0.019732087341332576,1.013821644186377,0.003367906817612307,0.056953886893613845,1.1294104788801897
TIC_90544017,ok,0.0013435319711753567,1.0644415311056725,0.00016933458560035815,0.07520545659533959,0.8620898455852184
TIC_9102327,ok,0.0005936636310888155,1.0874787050471606,0.00023057193224558409,0.08041488785704315,13.0
TIC_91576611,ok,0.00022990447936792823,1.464688432193457,8.15300926257053e-05,0.04902308789306995,4.5052065132802
TIC_91869778,ok,0.002068517730454976,1.059709332818059,0.0003754852965584716,0.04575602211503587,5.1495510432554825
TIC_92013169,ok,0.0016906502307335205,1.8422886057431718,0.0015687856147293359,0.7151686467754151,2.4370944454052874
TIC_92359850,ok,0.004208607865280412,3.959626442963349,0.0027485222567401623,0.266187232433547,3.1206968325222824
TIC_92783821,ok,0.0014981137137735595,1.0180691186836992,0.0001083839812821731,0.011832728714063722,0.9616036367976156
TIC_93594834,ok,0.0011831493947389096,0.9982305563552261,9.447111902873642e-05,0.01456335151095047,0.6701855587450536
TIC_93963408,ok,0.001015608780596147,1.0029242297077914,4.390433350267386e-05,0.00461209795331758,2.7190192471900207
TIC_95010343,ok,0.0015694545712796534,1.0762106005614855,0.00042825236443901825,0.24477264657990025,2.9037472759905647
TIC_95122849,ok,0.0077643222601223045,2.010133504335211,0.0051008598842257865,0.33200991927788515,3.822396916442622
TIC_95129101,ok,0.0016765345702142486,0.9893870490741146,0.0001252875102264719,0.012389243240238984,1.0336647770700282
TIC_96246348,ok,0.001431791655482882,1.9401555432807205,0.0010923583384505851,0.3820753865213279,0.7059386412825155
TIC_96291218,ok,0.0012171346419660065,0.9851101020712104,0.0001832702136847093,0.04938064425442049,3.371736574234079
TIC_97158538,ok,0.0006822668750234914,1.2441360764304707,0.00048370023608780463,0.571417106962591,2.5833335803405135
TIC_9727392,ok,0.0022544195720262095,1.016589029741076,0.0006228546929967858,0.10741835649151708,4.800779316934324
TIC_97700520,ok,0.0035195096241984604,5.5666124133379205,0.0026267989234774365,0.23469191353233215,1.2639473156436638
TIC_97735297,ok,0.0016729053834760013,1.016726156458636,0.00011724234757022724,0.05050280769283481,1.8459258300680144
TIC_9804616,ok,0.015503415984302252,1.0467872960657214,0.009912726262381192,0.5242870065964385,1.0345288438840017
TIC_98286422,ok,0.035698929556686736,4.452493626350946,0.042201027632259046,0.8939602313907886,3.8573724722029827
TIC_9830791,ok,0.00924023295239792,1.0415368472162876,0.003545793761375746,0.2193407402170823,6.945713070843064
TIC_9837861,ok,0.0007704338568583122,0.9851156546279077,0.00010202664680661549,0.022645476028054466,0.21881568872836937
TIC_98494121,ok,0.0006056346319498911,1.2218700724250675,0.00031690471811771055,0.12795283379631825,6.909772055799154
TIC_98613492,ok,0.003043599099463015,0.9644263327070489,0.00024389010406409417,0.015455837290945178,4.9123111533440165
TIC_99330090,ok,0.001816949630723196,0.9820011508074779,0.00023220059445138268,0.024832275015570556,3.393304882717865
TIC_100267480,ok,0.01998047569322121,3.4613823551836957,0.020816209373276388,0.895566683911999,1.7451799974600548
TIC_100589632,ok,0.001949247835367342,0.9809334470077162,0.00013347927581674462,0.010659369805358254,8.102641181641804
TIC_101395259,ok,0.001143934455608871,1.0107296747968055,0.00015783489237002453,0.036783589909612266,4.302670713373727
TIC_101497191,ok,0.0016338822249946738,1.2207070986287456,0.0005172298404664037,0.14737101738517452,4.005933573633267
TIC_101929303,ok,0.0015814139119147781,1.0164535049266425,0.00029681693408339227,0.06403971586150206,3.488395408023272
TIC_103245940,ok,0.007366178637307128,0.9728281423355155,0.0006904689678140597,0.019917440041902712,2.8555461599943963
TIC_104022675,ok,0.005989502934535164,0.966297840222146,0.0006051505246658991,0.022903476344760983,8.272914006531817
TIC_104195270,ok,0.0018609347459252932,1.0242319967705937,0.0007142035975354353,0.1629385102997164,1.8560394622059495
TIC_105387356,ok,0.0029521734992454334,0.9895439814814974,0.00016571813172600408,0.007214766059481453,0.8767203921567258
TIC_105801221,ok,0.0009781805221383342,1.108128616717335,8.631430485870828e-05,0.015072446352883205,12.075767762389091
TIC_106114491,ok,0.0018484813956218037,0.9879390783207219,0.00015335264457075543,0.0157927135337597,5.500727609996414
TIC_106224626,ok,0.017997183465699333,0.9614997528029559,0.0010701343306010825,0.008225391722758954,2.3310551868839693
TIC_106997505,ok,0.0007477125007748161,1.0138834024413266,0.00011724599695336285,0.050236745589776415,4.796687597427518
TIC_107728509,ok,0.0015974818656597858,0.9761475285019344,0.00013765110511000038,0.01645254093684312,8.566774663799606
TIC_108645766,ok,0.017124811769808384,0.9825872532123798,0.0012528706546164013,0.01176300256937095,1.3005340930604166
TIC_108835813,ok,0.0012787717414748535,1.0951126744138795,0.0007024968324475153,0.41321247636545,2.1492890435953194
TIC_108939482,ok,0.014214922155327901,1.0499188775806167,0.005151487807456358,0.19996144551997314,1.9079382070916082
TIC_1101909431,ok,0.008797239252758377,1.0628090796670828,0.0026503649824463744,0.17152717514703714,5.047788402217268
TIC_110428269,ok,0.0007335613679170427,1.1892049962811946,0.00011746981052291759,0.04440421791582203,0.6508352603407414
TIC_110936761,ok,0.0013686479674040943,1.0134268484939362,0.00028351569637569845,0.08074635630618955,8.734318479907037
TIC_11111899,ok,0.0013833627780283184,1.4169571188741106,0.0008262381995487747,0.31866589748239393,3.8836989664503463
TIC_112395568,ok,0.001218428142454119,2.1135484866300684,0.000931182804991547,0.40669378496322245,7.036518105635422
TIC_113295476,ok,0.013582119248997446,0.932727232847357,0.0023717366521689427,0.06596712031682504,0.5785642579333482
TIC_1133072,ok,0.004862904342739766,0.9386823704384469,0.00072279763501765,0.04622850037366462,3.082079919258161
TIC_113553629,ok,0.0012921478484990898,0.9761086766146888,0.00017374018091972172,0.037866141630283685,2.0798529645708568
TIC_113919944,ok,0.004462497838365587,0.9673380951544588,0.00037871490562823386,0.016472610616069867,2.4444750672638316
TIC_114103134,ok,0.002685748209317179,0.9738340324267745,0.00026641075040279477,0.019043157687205117,1.1484954276549895
TIC_115242351,ok,0.015161133581181856,2.2284684694104935,0.01600837209493997,0.7332378324181903,5.783251871269797
TIC_115446313,ok,0.0009881774022036558,0.8964759178379251,0.0001352615277548823,0.03701057472152922,3.989741724042837
TIC_115564354,ok,0.003125932574761935,1.0163023749675104,0.0013187312348461886,0.28007617498583404,10.537726215744101
TIC_116257066,ok,0.0026490151527978037,1.2421587825175444,0.001760749963219943,0.4536853839125959,3.2814663949544234
TIC_116608612,ok,0.0007102902994311482,1.072627406119363,0.0002616184237829375,0.20769185643658444,1.7129944906770733
TIC_117068362,ok,0.0038447341437982552,1.004088705994312,0.00031180113329733173,0.013818373122866913,9.231194084306933
TIC_117256577,ok,0.0016481618787462268,0.9857240241766414,0.0003403373330573953,0.0900194373165799,0.36695313091953324
TIC_117322779,ok,0.005363146992771935,1.9931370626291143,0.0022244484401145793,0.13497835211953366,6.0794159873792735
TIC_117689799,ok,0.020537673685054582,4.447429736094087,0.020616461928879483,0.7917079961010485,2.7849086918403376
TIC_117979694,ok,0.003072082543895304,2.3637232208780157,0.0027201451403465068,0.3738649348307102,9.131952394130444
TIC_118021229,ok,0.0010369996664692904,0.9975379337724658,0.000209554111261835,0.07860387781813927,0.4415554212748132
TIC_118301361,ok,0.00026716073088738036,1.0320054651283947,0.00015695529644579008,0.15998915561301552,2.331206035842297
TIC_118308828,ok,0.004070601114678306,0.9932185370819773,0.00045456135257441733,0.023851392310707903,1.9432915960647188
TIC_119081096,ok,0.00415262811322806,0.9624312142804025,0.00025251439199580974,0.00881848770744765,0.41608766923249935
TIC_11996814,ok,0.003020435439757659,0.9983424360782936,0.0004060063568324124,0.03624625734193461,0.4491161233065502
TIC_120269103,ok,0.000517542359815103,1.205174692706233,7.502063499663761e-05,0.027748635967728908,0.2646835923400763
TIC_12036590,ok,0.04599217711094649,8.454462446101205,0.023970121914001316,0.1757587680141216,6.5658710020965
TIC_120585579,ok,0.004287833034200935,0.9774094288738756,0.00041952939780403106,0.01622059939634747,3.2207741999417543
TIC_120602501,ok,0.0005109338043876052,1.1227945591146165,8.025218487055264e-05,0.03755065751830205,11.608292872725542
TIC_120723776,ok,0.009052898138468327,1.0406865120164,0.00372932628766024,0.22795372201972197,2.801895966439854
TIC_121966220,ok,0.0018567506249758097,1.1306593878548585,0.0004308004811157248,0.05766857009102717,3.3700245095573136
TIC_122220263,ok,0.000706589947725374,1.1495577225879672,0.0002081543182932853,0.11797332013668345,9.370111973341105
TIC_122262940,ok,0.00040449473551393327,1.323952454870721,0.00017963117679994312,0.08322014047011449,5.20843198615852
TIC_122485078,ok,0.001021522529092828,0.9913974962198672,0.00014085339379571641,0.03966058661182322,8.22217466838688
TIC_123106490,ok,0.0020367468472930667,0.9876201295068806,0.00013053769146181786,0.009666945495473608,7.999537891174137
TIC_124095888,ok,0.0024745930913975594,0.9942073609427424,0.0001666909297872781,0.01056445787658605,8.27569238475462
TIC_124543547,ok,0.0015637559723982806,0.9945155833844652,0.00011176901734875196,0.012676865889230832,1.123184894643956
TIC_124702477,ok,0.0004917420803037063,1.010755308260882,0.00011406122075326039,0.02436353135992628,0.3963669475128416
TIC_125894957,ok,0.0019981663620219497,1.052985503728056,0.00026780829456669414,0.03540984463458463,1.6863677042831138
TIC_126733133,ok,0.0010700932354500365,0.9980214987974728,0.000108563240956311,0.021086406369834408,3.457408129224989
TIC_127315102,ok,0.0004995367471581403,1.0868116295608825,7.776600357344167e-05,0.03269469530261735,0.8715040859986722
TIC_127425841,ok,0.00032049720195554906,1.131779935014508,9.961597226006907e-05,0.03996984919042716,2.497721763358823
TIC_127476180,ok,0.0012872473649084208,1.0245293809272025,0.00027194051555672614,0.08186934200290631,0.7719426702091025
TIC_127793615,ok,0.0029554110088013076,1.569819007349518,0.001504388415105903,0.19135061955914243,4.834840679551431
TIC_128463355,ok,0.0013362626972661343,1.1019944366700674,0.0004342941290314335,0.11430620073660248,12.491694415082748
TIC_128501004,ok,0.0009074005298527465,1.0148518322034283,8.572878995566681e-05,0.01752512732742312,8.865457490510488
TIC_129107501,ok,0.003061303301623833,0.9899361863482937,0.00048007900616570424,0.03910561718800689,1.855783680959759
TIC_129432342,ok,0.0014140281749132923,1.0658562443436117,0.00048182772324899123,0.13691411497589998,1.7891738890961566
TIC_129539786,ok,0.0002681147647223313,1.3726119477131755,0.0001863376052055976,0.23313498804537347,2.2015300512889815
TIC_129881395,ok,0.020448623901032883,1.1985115224909368,0.01417442330407342,0.5218220217576666,0.22718880677647357
TIC_130191319,ok,0.0037802275045793945,1.0086877208199279,0.0006609042657377249,0.05680063519611749,12.04928205586998
TIC_13023738,ok,0.0038101688873793623,0.9799671743634772,0.00017653558778211477,0.00523626553220689,1.6184911135370081
TIC_130611752,ok,0.004963530900236274,0.9469184424007339,0.0004234513051518271,0.015730951964532447,4.130827780353496
TIC_131081852,ok,0.0011347395502514005,1.1650897557107642,0.0005925921228948735,0.34661794021801917,12.135487515237172
TIC_131419878,ok,0.0005479804495703561,0.9961527780721667,6.149991881011693e-05,0.027651702944275235,7.191267846972832
TIC_131581522,ok,0.01194187163692807,0.9614374498523895,0.0017198506696794564,0.040215115204492086,5.479808573251562
TIC_131581531,ok,0.004049187839639034,0.9821659173974745,0.0002337633777478128,0.007566948036026218,2.326419509539549
TIC_131979339,ok,0.0004803904319986079,1.2080267873242403,0.0002392186242803452,0.2697536917999721,0.43094041550295076
TIC_132320310,ok,0.000540121839105758,1.0853808847731405,0.0001718227671610783,0.051216874867124854,0.2948916374120674
TIC_132534906,ok,0.005474670658682697,0.9657771459624248,0.00046042366347993566,0.014475741089999612,0.5135201913296352
TIC_133505138,ok,0.0009177204186650586,1.0663430777993506,0.00021712024518516095,0.09505682250097466,1.0126665720375148
TIC_133654092,ok,0.001687563711759455,1.036392658562918,0.0005132738285521685,0.15300813961452464,9.638598742448476
TIC_134315574,ok,0.006609361003178252,0.9572960419819903,0.00043150644947507674,0.010450301218216844,0.5322649218385475
TIC_134396419,ok,0.0011876193778783642,0.9522226289106893,6.292526623818571e-05,0.006311410787400024,1.8441792662350267
TIC_135083444,ok,0.0010659103218819996,0.9517348361184509,5.004467948222603e-05,0.005048030678857559,2.1351435748226146
TIC_136848581,ok,0.0011462857195063316,0.9999678478357995,9.140099829385523e-05,0.014330817227897722,0.660970889509237
TIC_136971594,ok,0.0007478768309086013,1.0584159889770295,0.00015261715726762944,0.08042930155873874,8.257108650196695
TIC_137157546,ok,0.003513003391984778,0.9487390895897028,0.00015688709738619652,0.004815974840836441,1.879700539201027
TIC_137284119,ok,0.000765130798860053,1.0211639133118637,8.969321339749843e-05,0.03202132072065302,9.4003084812944
TIC_137500798,ok,0.0012134853250420504,1.0072802061052262,0.00010753491805205025,0.01768898341203021,4.2921184020811225
TIC_137543637,ok,0.004916296772496571,1.155374162933661,0.001409285890059816,0.11503050419480806,3.165692403043168
TIC_138017750,ok,0.0015464905416729211,5.753511253220034,0.0014484513884007975,0.39377198678910985,2.663369396875469
TIC_138361973,ok,0.0009926291705843527,1.0003418911010076,9.324958548754793e-05,0.019530594625796115,4.887451263110339
TIC_138497780,ok,0.004176979360569404,0.9783897860295422,0.0007807279665838779,0.07745737947298174,4.651091280456442
TIC_138968089,ok,0.0029395382305574948,1.0012230482353055,0.0004800964761268838,0.05211904906801158,6.008323933856149
TIC_139118482,ok,0.002055368731561491,0.9976541233687668,0.00023082170888222574,0.02046489909985787,1.492463365339404
TIC_139285736,ok,0.0010784542573495216,1.3285416743508391,0.0005771171643252891,0.1561901400372857,3.072013762459423
TIC_1400770435,ok,0.0006016204020022983,1.0409825965494564,5.943087684244744e-05,0.01901457241151455,6.603987854211678
TIC_1405997635,ok,0.003464504911205353,1.3055677984405054,0.0016585129894889708,0.19651072725931581,1.595939118657912
TIC_140830390,ok,0.004701141865502521,1.6597068030247788,0.002330542811812939,0.19376510128212304,5.932092744993007
TIC_141227133,ok,0.0015584877366677824,1.0519308496896242,0.000296094222691818,0.05885255452847175,10.141662983648983
TIC_141405814,ok,0.0008004606161010355,1.1100558707404875,0.000336660128721724,0.1451786985341649,3.19441470050546
TIC_141412823,ok,0.0012083742802751498,0.9976115203031835,7.63230925581253e-05,0.008838122694019335,1.1573822044566469
TIC_141616639,ok,0.0038653912839160215,0.9756607861148822,0.0003168079951186744,0.015993448984462685,5.640604586717571
TIC_141631253,ok,0.0018811824492284972,1.025259954168309,0.0003968789586401015,0.07263457929528777,1.0885162460860622
TIC_141663464,ok,0.0005907647726192512,2.1853839806968427,0.000513574528140184,0.5277787925052067,0.8829177808299601
TIC_141776043,ok,0.0023076270269117177,1.0037855108984266,0.00015547659917245114,0.01000863539785344,12.506569290049127
TIC_142087638,ok,0.0017673632574481974,0.9761911557045226,8.964482945405989e-05,0.006213533506503702,3.8020126527143456
TIC_142090065,ok,0.0017567630295378547,2.8721706458053773,0.0015185445828741712,0.4315038216312255,2.545368921033417
TIC_142918609,ok,0.0012025961421976686,1.2185311747126013,0.000425684011399982,0.12661819398033505,3.573610062859123
TIC_142938659,ok,0.01825597572739655,1.0942452983697468,0.010547895776896151,0.3967285207196248,1.0044811870213703
TIC_143032776,ok,0.028563491266788543,0.9413581501517375,0.004162898032161513,0.04163485495365359,8.1614459271406
TIC_143350972,ok,0.00033973403809302375,1.0941811287095295,5.156496928907632e-05,0.04682057560723309,1.0899146508776254
TIC_143526444,ok,0.000744755012594031,1.0021845514716923,4.328493957759787e-05,0.007126213196264777,11.113854343627219
TIC_144043410,ok,0.002410472366334056,1.5919176650578453,0.0008620872890723641,0.09967342400302365,0.4402561630224505
TIC_144440290,ok,0.0005325494244234013,1.0287287300271735,9.825672647321685e-05,0.06690673413828332,10.926519458882655
TIC_144956678,ok,0.0009964833312195954,1.022343395627925,0.0002934204449049525,0.15835783365586445,1.5085080020813586
TIC_1449756,ok,0.0004314055185835752,1.0269876978398034,5.8010426128722656e-05,0.008991437793465217,0.6149358324558842
TIC_145027461,ok,0.001390359619507349,0.9898846678760601,7.41219450984638e-05,0.006172004058785137,1.0969882614470432
TIC_145982812,ok,0.0013318536635767459,0.9907028684995529,0.00016648524075929847,0.032444347961516955,0.41415460398086784
TIC_146208651,ok,0.0007630980359026904,1.00810355870501,5.032918216189922e-05,0.0060487443523082485,1.8089194583760642
TIC_146244533,ok,0.00149576729854045,0.977270531851816,0.00010820625077151095,0.011286134939745875,1.2421790176278582
TIC_146261607,ok,0.0007825963974624509,2.2549415532086345,0.00025127516500166063,0.06527370125925656,2.6540378733931127
TIC_146434840,ok,0.00021653593975136688,1.1072422525794776,3.3667880655765815e-05,0.012465922377649987,5.543506005984286
TIC_146463781,ok,0.061761659261095836,0.9438371729423153,0.0029521275002470557,0.005180579319991612,0.4172436605115277
TIC_146467675,ok,0.0010466668614163323,1.1457024128357518,0.00013537157739944888,0.03732114324331813,12.91364504873377
TIC_146836153,ok,0.011539265700961037,0.9696310519655984,0.001991586183923947,0.06712557332613983,2.311648515819054
TIC_146846569,ok,0.062035810915489514,0.977051046577335,0.004601009872840781,0.012156998026210038,6.708825357968003
TIC_147340931,ok,0.002932280555326451,0.9992428258057546,0.000257288811569594,0.013464651986736067,0.5404151591027774
TIC_147576037,ok,0.001230547161116769,1.448748100122777,0.0007039182968295817,0.2796684802704099,4.292139358969174
TIC_147660201,ok,0.0023018730682895583,1.0261822065172312,0.0005891838320744571,0.1275637619428465,5.474530761038947
TIC_147895461,ok,0.003932433301408352,0.9689969386660503,0.00034861665618319626,0.017176710649457673,3.39964171159386
TIC_148233571,ok,0.0036570557418311,0.9734148821918529,0.00035805153152607935,0.021617961841207047,7.240032809603396
TIC_148659924,ok,0.0014092877267953402,0.9704266546850646,6.57809679849953e-05,0.005301069227821535,7.340679694732711
TIC_149126400,ok,0.078227239643948,0.9112968277909621,0.0035609242861306912,0.004540565321468291,1.2403550514057673
TIC_149282072,ok,0.0018193755395166022,1.027886952208374,0.0001684963602265542,0.017557098525684815,0.9207943107829256
TIC_150271680,ok,0.0008162948923694874,1.0293301908013295,6.053825543501795e-05,0.012010574914311439,10.956118098887304
TIC_151728428,ok,0.025710698244840412,12.60705261442742,0.026141646361530695,0.9205876058910675,2.5046632552728174
TIC_151930063,ok,0.0073230050319697685,0.9398186432150701,0.0006659541959090508,0.020134558373422148,10.882922162792594
TIC_151959065,ok,0.0035438982963393977,1.0016154301528977,0.00041821542258100913,0.029720773923296206,5.730441063911669
TIC_15247229,ok,0.001797360915743158,1.6827152933769896,0.00010846302745871597,0.003924816266853134,2.8754894471537025
TIC_152714791,ok,0.0009623291876493389,1.0087310796419453,7.469334367617909e-05,0.008484191198329709,0.8193305725077851
TIC_153027658,ok,0.0011537999051373447,0.9829619661438636,4.963510290339722e-05,0.004435028968670176,0.7593549944017172
TIC_153651591,ok,0.0017482613502859399,1.0421532623597791,0.0002300167036109843,0.031224232468992457,2.8440803033057898
TIC_154459165,ok,0.0022999198387828007,1.5550855006994364,0.0016795229127455787,0.4610738357186373,5.440861899045775
TIC_154867950,ok,0.0005487353678454816,0.9786945675863381,4.849971929933928e-05,0.015620924458755198,0.6651022550355019
TIC_154927364,ok,0.00623996132563121,5.476065464349998,0.00659129433423666,0.7932670788395034,6.763122117699095
TIC_155005217,ok,0.0013021768979249884,1.0010773028755764,9.43744403678909e-05,0.011993967180875153,4.13320642923405
TIC_155114483,ok,0.0008294412603357894,1.1184139907682706,0.00012917227736065318,0.03290869271939411,8.944787816023231
TIC_15565627,ok,0.0003822299615511021,0.9450628851017421,8.50049411220945e-05,0.023372849374429062,3.1665650747920795
TIC_155807906,ok,0.008721743121407386,0.9561462219536815,0.0005075292144110168,0.007891496552089358,0.20316137831782893
TIC_155947004,ok,0.002972909913276235,0.9889237776306017,0.00016548671203397568,0.007551338682418166,3.847769406118665
TIC_155995204,ok,0.01040176783695476,1.0165045814996185,0.0026122247872356007,0.1149279738518086,5.67545992995872
TIC_156678143,ok,0.0005698652980845923,1.0500461290893528,0.0002580431024821766,0.09022002459688273,6.58438439623021
TIC_156816238,ok,0.006852721435816612,1.171690222319293,0.00460617534479982,0.5038030049937762,2.1957547288948494
TIC_15682927,ok,0.00529154226819557,1.0543809635038979,0.0009506465247249691,0.054659313438953,1.9324882277197404
TIC_156991337,ok,0.008607785579572333,7.52168887156308,0.009784716040476583,0.8337292314802979,3.7532661281417457
TIC_157528286,ok,0.007166676001480726,1.048078712055943,0.0036379603461945673,0.3653351198746507,1.8756276325144228
TIC_157568289,ok,0.0014389109793689415,1.075181735222515,0.0005985548336929726,0.1694550443510797,0.9226200641217018
TIC_15827263,ok,0.0015573321794232183,1.1201875398761871,0.0005735699441186637,0.19011391154022236,7.700195339460939
TIC_158551257,ok,0.0172663776954106,0.9241801885366615,0.0008526858352036959,0.005445745971787856,2.14101995554086
TIC_158916431,ok,0.001059717228462337,1.0705110626697838,0.00014578907235635364,0.03268954027945432,0.24353678884850694
TIC_159334269,ok,0.006344388064356764,0.9462591249432284,0.0002964077383442642,0.005540892923404463,2.607035420425968
TIC_159510109,ok,0.0017054417539099404,3.0269173988856912,0.0017457858874647095,0.7418526302908991,5.300227092997762
TIC_160162987,ok,0.0017618031731058011,1.0977720084281608,0.0006831541298717377,0.19056586899308928,13.0
TIC_160268701,ok,0.0005251673270109925,1.0606943002851787,8.307183125708933e-05,0.044305634274772465,5.912236393726253
TIC_16102323,ok,0.0009099131377334938,1.4601973419626888,0.0004630272849780573,0.18119174446038983,3.100663251673683
TIC_161156159,ok,0.0011885942806263614,1.0066429212681656,0.0002527536556783003,0.0943650876001912,1.1438968377409187
TIC_161450762,ok,0.005940792957527813,1.395286890907519,0.004310851550449094,0.28128615412090713,13.0
TIC_16187321,ok,0.003252638234345156,0.9903066105570165,0.000556772862410902,0.059496374699243425,4.3183832359798995
TIC_162246865,ok,0.0012897574196597283,1.0006826889180727,8.155610227674597e-05,0.008950156156760236,3.84974857476913
TIC_162577466,ok,0.010733816759111732,1.0931621552569266,0.00542401921490183,0.3627112032283683,4.842055007702234
TIC_162729620,ok,0.004387665177710819,0.9785483021821155,0.0009368809896536823,0.0907598454741131,11.838168409419671
TIC_165523947,ok,0.0013639932411022026,1.029190648529908,0.00037108023812917364,0.12425804627561303,11.864195394662273
TIC_166184426,ok,0.0026554567195328986,1.0077078338510614,0.00017546409148179288,0.010558294934771372,3.3150154895003308
TIC_166190643,ok,0.004070504106232448,0.9958441859287407,0.0008490030823757783,0.07598138127738087,13.0
TIC_166697854,ok,0.0003887920962942124,0.9729431437837636,5.78650186659692e-05,0.010696550091612881,1.2603332940105696
TIC_167009792,ok,0.0005272285453271516,1.1118591637607556,5.191993280440449e-05,0.019423378538727498,3.181871952844853
TIC_167031605,ok,0.0011065051442495093,1.098145131220636,0.00029046019321647524,0.09343598418870798,1.4039898599282483
TIC_167098530,ok,0.0009584337917506325,1.270200927865458,0.00047497117232023895,0.23146787022521942,7.353475216363705
TIC_167418898,ok,0.0012106143044174349,1.0388882084263549,0.00017575193297709706,0.03825028262745786,5.637864166999579
TIC_167754523,ok,0.0007122502433150609,1.0314680052206913,0.0001513269712440357,0.08050510108084205,10.956156622086752
TIC_168871868,ok,0.0022320960638393173,0.9552395396532246,0.0002538825879596441,0.02951273672250711,4.7081359992631
TIC_169177766,ok,0.00037989579690230233,1.135675636010191,0.0001823175657854317,0.09699410432361594,0.5621332105009337
TIC_169187982,ok,0.01496576086575336,0.9565785276968848,0.0033336445025001437,0.09944390760300777,1.9259630932869443
TIC_169532369,ok,0.002595953500332069,0.9813290843951248,0.00040873202579220504,0.0487753265536797,3.6487554983648995
TIC_17005768,ok,0.0012422524017266197,1.2949854085108543,0.0004382440999309309,0.11983325848518654,6.772490752813316
TIC_170103435,ok,0.0010862693442806864,0.9968282538479283,5.686544062473871e-05,0.006336428879291562,0.2355078996465693
Teegarden's_Star,non-standard schema,,,,,
TIC_1001477809,non-standard schema,,,,,
TIC_1100766816,non-standard schema,,,,,
TIC_1400212743,non-standard schema,,,,,
TIC_161687209,non-standard schema,,,,,
TIC_1717732429,non-standard schema,,,,,
TIC_1965256662,non-standard schema,,,,,
TIC_1976308113,non-standard schema,,,,,
TIC_1979500576,non-standard schema,,,,,
TIC_2041563029,non-standard schema,,,,,
TIC_258777134,non-standard schema,,,,,
TIC_286696848,non-standard schema,,,,,
TIC_365683032,non-standard schema,,,,,
TIC_387664868,non-standard schema,,,,,
TIC_841226527,non-standard schema,,,,,
TIC_200385493,no raw light curve,,,,,
TIC_453789494,no raw light curve,,,,,
