host,tic_id,rad,e_rad,mass,e_mass,Teff,logg,e_logg,rho,e_rho,lum,lumclass,priority,contratio,numcont
TIC_117642575,117642575,1.08102,0.0517689,1.06,0.12945,5862.0,4.3957,0.075559,0.839072,0.176894,1.24322343,DWARF,0.00156437187,0.0003748635,28
TIC_139270665,139270665,1.37929,0.0648367,1.134,0.157167,6071.0,4.21337,0.0816235,0.43216,0.0953738,2.32835,DWARF,0.00134967361,0.00299792457,41
TIC_139702105,139702105,1.25423,0.0705603,0.9,0.113352,5264.8,4.19555,0.0851924,0.456149,0.109548,1.088879,DWARF,0.00287949783,0.00385884359,52
TIC_142589416,142589416,0.713832,0.0653367,0.641,0.078072,4098.0,4.53773,0.111364,1.76226,0.623447,0.129471451,DWARF,0.000862080255,0.00129283709,40
TIC_147027702,147027702,2.09721,0.086352,1.52,0.257962,6946.0,3.97663,0.0881891,0.164786,0.0379262,9.223929,DWARF,0.000551997,0.0788381249,269
TIC_150070085,150070085,1.05441,0.057211,1.134,0.149403,6070.56,4.44666,0.084384,0.967354,0.228722,1.36027932,DWARF,0.00137981924,0.00242288783,67
TIC_153919886,153919886,0.591697,0.0174347,0.581261,0.0201975,3828.0,4.65824,0.0105041,2.80591,0.150744,0.06773002,DWARF,0.00120761315,0.00133844872,29
TIC_154870955,154870955,0.724328,0.0499296,0.828,0.101291,4999.0,4.63623,0.0919107,2.17884,0.595793,0.295187175,DWARF,0.00116061489,0.00597737264,61
TIC_160113658,160113658,0.789834,0.0531206,0.76,0.0884513,4751.0,4.52381,0.0894319,1.54243,0.411812,0.286355823,DWARF,0.00109714456,0.0006588953,36
TIC_161045582,161045582,1.07976,0.0480227,1.04,0.128734,5806.06,4.38845,0.0733975,0.826139,0.162713,1.1936425,DWARF,0.002541921,0.0019647365,33
TIC_172900988_Aa,172900988,2.02879,0.0938317,1.09,0.137055,5963.0,3.86102,0.0760513,0.130532,0.0277557,4.68842745,DWARF,0.0008315176,0.000452859647,34
TIC_178172313,178172313,0.84345,0.0479724,0.91,0.111077,5300.0,4.54499,0.0827683,1.51658,0.358402,0.5057273,DWARF,0.001418127,0.000169113177,23
TIC_188624430,188624430,0.786574,0.0423719,0.929,0.115423,5366.0,4.6146,0.0821707,1.90896,0.438233,0.462143719,DWARF,0.00175539276,0.0326948352,56
TIC_18942729,18942729,0.825257,0.0636332,0.652,0.0780044,4169.07,4.41914,0.0933089,1.16006,0.326449,0.185365766,DWARF,0.0,0.02603422,118
TIC_198190129,198190129,0.640675,0.0608567,0.638,0.0809807,4075.0,4.62961,0.113614,2.42609,0.826877,0.101971887,DWARF,0.00326852873,0.0251078922,57
TIC_206466666,206466666,0.667193,0.0494849,0.76,0.092017,4727.0,4.67038,0.0946395,2.55894,0.722671,0.2002348,DWARF,0.0024614993,0.03203865,47
TIC_231949697,231949697,0.492584,0.0145664,0.490679,0.0202373,3701.0,4.7439,0.00777091,4.10541,0.19506,0.0410139561,DWARF,0.00428378955,0.01348508,108
TIC_237913194,237913194,1.12898,0.055691,1.02,0.124474,5713.0,4.34129,0.0786001,0.708827,0.157259,1.22327673,DWARF,0.0009800909,0.005731813,34
TIC_241249530,241249530,1.29816,0.054103,1.16,0.160925,6138.86,4.27587,0.0796819,0.530241,0.111937,2.15626478,DWARF,0.0006718694,0.035089694,149
TIC_245076932,245076932,1.30188,0.0600804,1.16,0.152218,6123.0,4.27338,0.0806085,0.52571,0.113805,2.14631367,DWARF,0.000759135641,0.238559142,771
TIC_24750448,24750448,0.713599,0.0593668,0.69,0.0843422,4381.0,4.57001,0.101709,1.89883,0.565885,0.169003531,DWARF,0.00120920746,0.00955905,62
TIC_249022743,249022743,1.2084,0.062412,1.0,0.123655,5639.0,4.27365,0.0758643,0.566723,0.119607,1.3302176,DWARF,0.0003902699,0.0552012064,95
TIC_257060897,257060897,1.88626,0.0869244,1.11,0.147552,6019.0,3.93219,0.0787702,0.165393,0.036039,4.20723057,DWARF,0.000853610341,0.0005874649,43
TIC_260969020,260969020,0.68988,0.0494046,0.75,0.08536,4685.0,4.63558,0.0874003,2.28423,0.589995,0.206576124,DWARF,0.00414001057,0.06705241,121
TIC_270471727,270471727,0.997091,0.0582588,0.9,0.109363,5241.3,4.39484,0.0800638,0.907901,0.20625,0.675958633,DWARF,0.00372267887,0.0425677262,119
TIC_279401253,279401253,1.12699,0.0550855,1.06,0.136166,5859.0,4.35954,0.0799113,0.740544,0.163699,1.3484205,DWARF,0.0007912636,0.00106585934,39
TIC_290487717,290487717,0.943767,0.0476382,0.92,0.112474,5344.03,4.45213,0.0765789,1.09444,0.232526,0.6544856,DWARF,0.000375604053,0.004825378,32
TIC_294329732,294329732,0.920172,0.0533367,0.89,0.109061,5214.97,4.45972,0.0816441,1.14231,0.272198,0.564209342,DWARF,0.00383604039,0.0113970153,163
TIC_32032563,32032563,1.00188,0.05,1.05,0.129098,5817.0,4.45763,0.0744935,1.0441,0.212331,1.03543186,DWARF,0.00117198518,0.000340741739,70
TIC_320419023,320419023,0.952319,0.0450502,1.056,0.129726,5848.0,4.50417,0.0749895,1.22269,0.251931,0.9556292,DWARF,0.000609486131,0.01066104,134
TIC_34085383,34085383,0.809951,0.0606231,0.733,0.0848086,4623.0,4.48625,0.0948948,1.37952,0.386544,0.269965261,DWARF,0.000975069939,0.0006668159,47
TIC_349520724,349520724,0.818771,0.0462211,0.89,0.110687,5208.0,4.56113,0.0826098,1.62144,0.385019,0.444328219,DWARF,0.002789935,0.0248066746,147
TIC_356227008,356227008,0.959792,0.0470352,1.02,0.133638,5700.0,4.48231,0.080199,1.15364,0.253531,0.876089334,DWARF,0.00106273976,0.00150288478,88
TIC_365102760,365102760,3.15478,,,,4954.0,,,,,,GIANT,,,
TIC_38825265,38825265,0.664503,0.0614623,0.64,0.0757476,4119.0,4.59925,0.104704,2.18117,0.706805,0.1145133,DWARF,0.00262249936,0.00679541426,120
TIC_38828280,38828280,0.741147,0.0458694,0.84,0.099369,5037.0,4.62254,0.0852474,2.06332,0.517765,0.318559647,DWARF,0.00227294047,0.00673296861,71
TIC_390586021,390586021,0.726565,0.067397,0.648,0.0807664,4139.0,4.52709,0.107648,1.68947,0.557642,0.139580652,DWARF,0.000919326558,0.012106535,136
TIC_393818343,393818343,1.09993,0.0560351,1.0,0.123635,5657.0,4.35534,0.0765444,0.751455,0.164202,1.11627436,DWARF,0.00292371982,0.279887319,241
TIC_423703298,423703298,0.729825,0.063912,0.691,0.0799179,4415.0,4.55111,0.102514,1.77755,0.561089,0.182328776,DWARF,0.0009375342,0.00195642142,32
TIC_434398831,434398831,0.915558,0.0504723,0.978,0.125618,5554.0,4.50503,0.0807115,1.27433,0.292461,0.718604445,DWARF,7.843004e-05,0.2593605,308
TIC_437041147,437041147,0.961092,0.0514221,0.931,0.1138,5374.18,4.44149,0.0752791,1.04871,0.223069,0.6941822,DWARF,0.0006088817,0.004870011,70
TIC_445839811,445839811,0.850041,0.0395226,0.95,0.117459,5444.63,4.55691,0.0767767,1.54669,0.321727,0.572069,DWARF,0.0010861773,0.00386272185,26
TIC_46432937,46432937,0.538736,0.0159597,0.535011,0.0202584,3673.0,4.70368,0.00928631,3.42164,0.174737,0.04759161,DWARF,0.00122221839,0.0940113962,114
TIC_4672985,4672985,1.17454,0.0553769,1.02,0.127038,5735.0,4.30693,0.0752105,0.629505,0.131073,1.34450471,DWARF,0.000818546047,0.007014726,24
TIC_52059926,52059926,0.736866,0.0591658,0.7,0.082944,4490.0,4.54839,0.0972402,1.74958,0.501725,0.198818445,DWARF,0.0009973246,0.0222018119,90
TIC_62895484,62895484,0.874291,0.0533442,0.98,0.12837,5574.98,4.54598,0.0888788,1.46642,0.372436,0.665243149,DWARF,0.0,0.0240772869,109
TIC_65612701,65612701,1.73709,0.0788819,1.06,0.130023,5861.0,3.98373,0.0732702,0.202228,0.0417293,3.20793152,DWARF,0.000206989789,0.0445758924,1339
TIC_67686059,67686059,0.820458,0.0503719,0.86,0.100932,5102.0,4.54445,0.0833004,1.55714,0.373887,0.4109318,DWARF,0.000727336854,0.00273157121,28
TIC_77319217,77319217,1.18439,0.0507362,1.16,0.156799,6126.0,4.35553,0.0790379,0.698186,0.147705,1.77989233,DWARF,0.00143083138,0.0009831309,48
TIC_77552382,77552382,0.886956,,0.83,,5002.0,4.46134,,1.18952,,0.4436839,DWARF,,,
TIC_86380416,86380416,0.989724,0.0453768,1.07,0.144594,5889.0,4.47642,0.0810798,1.10368,0.243857,1.06142378,DWARF,0.00119809364,0.00129925634,38
TIC_87422071,87422071,1.50674,0.0788291,1.16,0.159846,6128.0,4.14645,0.0834943,0.339114,0.0796473,2.88432646,DWARF,0.000437305745,0.627275169,1781
TIC_88692598,88692598,0.532473,0.0156373,0.529218,0.0201665,3615.0,4.70911,0.00895812,3.50543,0.175453,0.04362376,DWARF,0.00144592091,0.000197025278,26
TIC_88785435,88785435,0.933972,0.102854,0.625,0.0812728,4001.0,4.29328,0.12679,0.767147,0.296188,0.201389343,DWARF,0.000600657135,0.290260345,214
TIC_9344899,9344899,1.0956,0.051588,1.047,0.127378,5818.0,4.37871,0.0743675,0.796137,0.162076,1.239069,DWARF,0.000341611216,0.254569441,63
TIC_103865797,103865797,0.35876,0.0108723,0.344323,0.0203532,3157.0,4.86543,0.000629394,7.45683,0.236808,0.0115186367,DWARF,0.000585383968,0.0399557278,64
TIC_124709665,124709665,5.73255,,,,8924.0,,,,,,GIANT,,,
TIC_129319156,129319156,2.48451,0.132498,3.07,0.398284,11600.0,4.13473,0.0718056,0.200179,0.0376859,100.694809,DWARF,4.069501e-05,0.4023586,3717
TIC_139853601,139853601,,,,,12225.0,,,,,,,,,
TIC_140706664,140706664,,,,,,,,,,,,,,
TIC_141482386,141482386,7.61148,,,,4709.0,,,,,,GIANT,,,
TIC_143257766,143257766,1.64013,0.0721885,1.65,0.27248,7301.0,4.22579,0.0841366,0.373979,0.0823861,6.88623238,DWARF,0.0006784461,0.559055,242
TIC_143994283,143994283,1.13944,0.0507437,1.35,0.223358,6544.0,4.45502,0.0909775,0.912545,0.214519,2.1451323,DWARF,0.000180214192,0.114034325,825
TIC_149601557,149601557,2.01294,,,,6113.07,,,,,,DWARF,0.00288601452,0.0254267044,102
TIC_155044736,155044736,6.79961,,,,4897.0,,,,,,GIANT,,,
TIC_155491828,155491828,1.59879,0.0716984,1.3,0.197631,6433.0,4.14443,0.0878727,0.318105,0.0745498,3.943945,DWARF,5.61281231e-05,0.168686315,648
TIC_156115721,156115721,1.53429,1.4887,,,6616.0,,,,,,DWARF,0.000162331417,0.951607943,772
TIC_164150539,164150539,1.54647,0.0748618,1.034,0.132868,5772.0,4.07391,0.0794,0.279575,0.0605225,2.391559,DWARF,0.0009670046,0.0689873248,173
TIC_169904935,169904935,,,,,,,,,,,,,,
TIC_17129975,17129975,1.39196,0.0613819,1.38,0.238599,6616.0,4.2907,0.0922661,0.511685,0.122333,3.3444736,DWARF,3.7371603e-05,0.2467414,582
TIC_17150865,17150865,1.47366,0.0908872,1.16,0.160438,6121.0,4.16573,0.0953664,0.362464,0.100188,2.7464993,DWARF,0.0,0.180398241,90
TIC_172110606,172110606,1.77046,0.0853192,1.045,0.133942,5810.0,3.96101,0.0769598,0.188302,0.0399003,3.21790338,DWARF,0.00144679146,0.0257184636,244
TIC_172464366,172464366,1.39022,0.0644824,1.117,0.145182,6027.0,4.19995,0.0790075,0.415723,0.0891697,2.29755163,DWARF,0.0007695514,0.180396408,256
TIC_172630205,172630205,3.19015,,,,5220.0,,,,,,GIANT,,,
TIC_172754786,172754786,1.44462,0.0484473,1.85,0.286988,7795.0,4.38573,0.076145,0.613641,0.116361,6.94167328,DWARF,1.374741e-05,8.000413,2483
TIC_172871230,172871230,1.07768,0.0527111,1.15,0.161664,6109.0,4.43379,0.0825351,0.918822,0.201546,1.45731282,DWARF,5.05435346e-05,1.8768971,1410
TIC_173860688,173860688,4.51557,,,,4969.9,,,,,,GIANT,,,
TIC_174143743,174143743,1.21378,0.0498392,1.39,0.227374,6629.0,4.4128,0.0849774,0.777303,0.176853,2.56312418,DWARF,0.000204283162,0.0332003571,655
TIC_17416749,17416749,2.12819,0.0925827,1.283,0.189783,6398.0,3.89027,0.0861545,0.133105,0.0300524,6.83743763,DWARF,0.00183772494,0.00672755763,62
TIC_175079720,175079720,0.888971,0.0445427,1.04,0.129381,5786.0,4.55733,0.0737207,1.48037,0.303369,0.7979647,DWARF,7.065319e-05,0.382440418,738
TIC_175180796,175180796,0.615197,0.0603618,0.65,0.0790193,4150.5,4.67295,0.112232,2.79171,0.951551,0.101187184,DWARF,0.000281449524,0.114198342,725
TIC_175310067,175310067,1.53641,0.0479799,1.77,0.302711,7601.0,4.31302,0.0839865,0.488032,0.104617,7.098953,DWARF,9.99974145e-05,0.110428184,707
TIC_175476629,175476629,0.838407,0.0485427,0.93,0.11685,5374.0,4.55964,0.08701,1.57804,0.390281,0.5281965,DWARF,0.0004711305,0.0148811247,50
TIC_176772671,176772671,0.594491,0.0222335,0.583571,0.0231377,3947.0,4.65587,0.0152716,2.77752,0.202037,0.07727763,DWARF,0.00033658545,0.100458592,95
TIC_176778112,176778112,0.982925,0.0502688,1.0,0.121046,5629.0,4.45303,0.0750179,1.05303,0.222827,0.8738972,DWARF,0.00345138856,0.005537017,33
TIC_176831592,176831592,1.65212,0.0738693,1.33,0.204241,6497.8,4.12583,0.0867529,0.294934,0.0682554,4.38374043,DWARF,0.0018324831,0.328236133,37
TIC_176984236,176984236,1.29372,,,,6138.0,,,,,,DWARF,0.003910021,0.08525832,177
TIC_177126182,177126182,3.08473,0.13135,2.11,0.314251,8502.0,3.78392,0.0798341,0.0718839,0.0149559,44.79328,DWARF,3.349832e-05,0.06285653,678
TIC_177612321,177612321,2.28869,,1.28,,6397.0,3.82611,,0.106771,,7.9026413,DWARF,,,
TIC_177722855,177722855,1.37031,0.0707161,1.026,0.146742,5743.0,4.17558,0.0872106,0.398741,0.0987967,1.84029579,DWARF,9.77169e-05,0.0450341925,467
TIC_178959058,178959058,1.68004,0.0720453,1.46,0.249873,6793.0,4.15178,0.0905048,0.307889,0.0720643,5.414778,DWARF,0.00109105511,0.0518120043,304
TIC_179033846,179033846,1.37045,0.061902,1.35,0.219139,6532.0,4.29468,0.0880841,0.524499,0.122489,3.08038926,DWARF,0.0004936438,0.04370398,54
TIC_179155220,179155220,0.801705,0.0458467,0.895,0.109987,5242.0,4.58186,0.0837132,1.73692,0.422911,0.437232345,DWARF,0.000191449217,0.09852874,599
TIC_179159972,179159972,1.11378,0.0534774,1.151,0.161443,6110.0,4.40554,0.0832053,0.833057,0.18799,1.55761492,DWARF,0.000114990493,0.461418152,647
TIC_18017227,18017227,1.77572,0.121975,1.23,0.18306,6294.0,4.02923,0.10035,0.219677,0.062852,4.4580946,DWARF,0.000247479853,0.008795664,18
TIC_180987952,180987952,1.84175,0.0580402,2.74,0.358083,10585.0,4.34536,0.066613,0.438587,0.0753943,38.3637581,DWARF,0.000152423265,0.0121362833,244
TIC_182470056,182470056,1.69995,0.0769648,1.22,0.175527,6259.0,4.06355,0.0847865,0.248341,0.0561199,3.99566746,DWARF,1.87269288e-05,0.356709033,650
TIC_182943944,182943944,1.65429,0.0634748,1.6,0.280433,7174.0,4.20497,0.087037,0.353417,0.078316,6.53073025,DWARF,9.014465e-05,0.121451721,888
TIC_183979262,183979262,2.72192,0.124462,1.34,0.220925,6514.0,3.69542,0.087556,0.0664476,0.0151532,12.0181036,DWARF,0.00169628439,0.09459021,401
TIC_184679932,184679932,1.30937,0.0584171,1.189,0.166853,6198.0,4.27912,0.0816488,0.529654,0.116749,2.279436,DWARF,0.00216233986,0.0012725672,111
TIC_184869170,184869170,3.08343,0.222083,1.1,0.141003,5994.0,3.50139,0.089954,0.0375224,0.01012,11.0568132,DWARF,0.0,0.4406324,139
TIC_184952758,184952758,0.970418,0.0485628,1.0,0.126454,5653.0,4.46415,0.0779123,1.09427,0.23681,0.8664202,DWARF,0.000482123665,0.07230121,978
TIC_185226925,185226925,2.93272,0.165128,1.1,0.145949,5990.0,3.54492,0.0861581,0.0436093,0.0104459,9.975724,DWARF,1.54910849e-05,0.380319953,886
TIC_185405474,185405474,2.29289,0.09102,1.5,0.260237,6897.0,3.89339,0.0870677,0.124434,0.0284915,10.7177382,DWARF,9.96362942e-05,0.06281931,769
TIC_186000935,186000935,1.18131,0.0513392,1.104,0.145704,5992.0,4.33631,0.0752041,0.669688,0.137086,1.620738,DWARF,0.000269577256,0.184956864,873
TIC_186599508,186599508,1.38826,0.0715829,1.02,0.129636,5719.0,4.16172,0.0790839,0.381228,0.0844147,1.85745549,DWARF,0.00140914565,0.0589225367,141
TIC_187029841,187029841,1.85431,0.119351,1.227,0.197847,6280.37,3.99055,0.101429,0.19244,0.0548445,4.81950426,DWARF,0.00100229622,0.0124615189,110
TIC_187532854,187532854,1.46948,0.097349,1.068,0.136539,5887.61,4.13231,0.0885262,0.336576,0.0880267,2.33763051,DWARF,2.34402723e-05,0.0642242357,430
TIC_188593930,188593930,0.864412,0.0408542,1.11,0.137905,6011.0,4.60995,0.0766715,1.71854,0.361757,0.8788681,DWARF,0.0004601366,0.03033283,44
TIC_188989177,188989177,3.66787,0.134533,2.02,0.299772,8242.0,3.61459,0.0741277,0.0409365,0.00788066,55.9309845,DWARF,0.000522825751,0.0699834451,63
TIC_189013222,189013222,0.838759,0.048505,0.898,0.108998,5251.0,4.54407,0.0841435,1.52182,0.366559,0.481878221,DWARF,0.00186234573,1.81445587,75
TIC_189620016,189620016,2.60582,0.155106,1.16,0.156731,6127.07,3.67064,0.0882801,0.0655581,0.0164673,8.621719,DWARF,0.000123499471,0.017383609,134
TIC_190081497,190081497,1.33847,0.0596985,1.18,0.162622,6187.0,4.25673,0.0812645,0.4921,0.107665,2.36501765,DWARF,0.000124737824,0.6098033,685
TIC_190271688,190271688,1.18915,0.0621106,0.97,0.125112,5527.0,4.27437,0.0789487,0.576851,0.127452,1.18884349,DWARF,0.000148421765,0.322675735,3088
TIC_190430205,190430205,4.94145,0.18799,2.34,0.307761,9222.0,3.41957,0.0669883,0.0193933,0.00333814,159.112686,DWARF,2.74871036e-05,0.197390512,1108
TIC_190442486,190442486,1.50884,0.0527538,1.71,0.276418,7465.0,4.31378,0.0814748,0.497815,0.105827,6.369416,DWARF,0.000105834108,0.164223284,652
TIC_190743990,190743990,1.4505,0.0640654,1.117,0.146874,6026.0,4.16309,0.0757412,0.36602,0.0750452,2.49944615,DWARF,0.000133745591,0.1891728,1151
TIC_191146556,191146556,1.48981,0.0672864,1.22,0.178379,6271.0,4.17817,0.0820146,0.368951,0.081001,3.09244871,DWARF,0.0009638357,0.14968504,194
TIC_19155785,19155785,0.996974,0.0496106,1.013,0.134258,5691.0,4.44631,0.0818937,1.02225,0.234337,0.939326644,DWARF,0.0,0.114774279,271
TIC_192372961,192372961,4.76839,0.2081,1.43,0.241989,6716.47,3.23666,0.0889101,0.0131892,0.00300238,41.68725,DWARF,0.0003305598,0.007153398,177
TIC_192520375,192520375,1.78626,0.0767035,2.39,0.318624,9421.0,4.31258,0.0713179,0.419338,0.0802578,22.6449776,DWARF,2.234243e-05,0.22390075,781
TIC_193628179,193628179,1.40588,0.0753769,1.09,0.140991,5957.35,4.1796,0.0811692,0.392264,0.0900225,2.24287748,DWARF,0.0006204656,0.0110374456,103
TIC_193708920,193708920,0.814372,0.0382713,1.177,0.171211,6170.0,4.6872,0.0887184,2.17925,0.506644,0.865927,DWARF,0.000113922877,0.464071572,900
TIC_194179013,194179013,,,,,3116.0,,,,,,,,,
TIC_1950736,1950736,0.685615,0.0660578,0.64,0.0784044,4104.0,4.57209,0.112667,1.98582,0.678451,0.120139234,DWARF,0.0003042218,0.028448863,384
TIC_195093356,195093356,0.935,0.0465703,1.017,0.128845,5707.0,4.50377,0.0779175,1.24419,0.271872,0.8355057,DWARF,7.77963e-05,0.894738257,1378
TIC_195199644,195199644,5.60886,,,,9067.0,,,,,,GIANT,,,
TIC_196286587,196286587,1.96896,0.0864272,1.3,0.202781,6433.0,3.96354,0.0853521,0.170307,0.0385015,5.981672,DWARF,7.33593261e-05,0.29828012,584
TIC_197650870,197650870,4.01932,0.243694,2.06,0.307398,8332.0,3.54363,0.0864766,0.0317256,0.00777281,70.14502,DWARF,2.66322077e-05,0.433511972,1147
TIC_197959526,197959526,1.69458,0.083216,1.26,0.191068,6347.0,4.08031,0.0884949,0.25893,0.0595686,4.19850349,DWARF,0.000238121778,3.31345177,42
TIC_198616607,198616607,1.62796,,,,5979.94,,,,,,DWARF,0.0003797872,0.3390523,126
TIC_199162630,199162630,1.77966,0.0618493,1.84,0.282351,7776.0,4.20221,0.0769918,0.326444,0.0652455,10.4326038,DWARF,3.08448653e-05,0.5222179,644
TIC_199688472,199688472,1.46056,0.079598,1.038,0.130808,5786.0,4.12523,0.0798906,0.333149,0.0756084,2.154011,DWARF,0.005163803,0.049589932,54
TIC_200593988,200593988,0.466652,0.0139859,0.464152,0.0203707,3601.0,4.76674,0.00696748,4.56752,0.210366,0.0329893269,DWARF,0.00121252716,0.120805174,241
TIC_201154493,201154493,4.34703,0.236743,2.4,0.330983,9447.0,3.54189,0.0773605,0.0292169,0.00634873,135.598572,DWARF,0.00025948367,0.011883541,231
TIC_201233610,201233610,1.73225,0.0889449,1.02,0.12361,5736.0,3.96944,0.0771873,0.19623,0.0435615,2.926543,DWARF,0.000167875958,3.957881e-06,37
TIC_20178111,20178111,0.935866,0.0454472,1.06,0.134696,5870.0,4.52095,0.0771447,1.2932,0.277039,0.936859846,DWARF,0.00305972015,0.0628701448,85
TIC_20182165,20182165,1.20505,0.0500201,1.25,0.194689,6327.16,4.37297,0.0817756,0.714321,0.15565,2.09672356,DWARF,0.00661503524,0.000252151629,36
TIC_202428245,202428245,3.36984,,,,5019.0,,,,,,GIANT,,,
TIC_202468443,202468443,0.307286,0.0093667,0.284947,0.020289,3162.0,4.91775,0.00449081,9.82055,0.19768,0.008504087,DWARF,0.00100306445,0.00164155278,30
TIC_206466531,206466531,1.3342,0.0548342,1.27,0.189232,6364.3,4.29143,0.0818361,0.534734,0.11451,2.631123,DWARF,0.00240807259,0.007281418,42
TIC_206498307,206498307,1.69269,0.0957437,0.88,0.104476,5184.9,3.9254,0.0820625,0.181449,0.0422045,1.86555719,DWARF,0.000301685737,0.00189766858,39
TIC_207084429,207084429,1.77002,0.0755603,1.13,0.144918,6049.08,3.99519,0.0739954,0.203771,0.0404119,3.77928233,DWARF,0.00364448177,0.005640795,43
TIC_207501148,207501148,1.23623,0.0569347,1.065,0.135172,5879.0,4.28122,0.0741616,0.563703,0.114852,1.64478064,DWARF,0.00441597868,0.001351223,57
TIC_20988926,20988926,2.65759,0.137809,1.53,0.252829,6987.0,3.77378,0.0875956,0.0815132,0.0197331,15.1646891,DWARF,0.000164530487,0.171315953,533
TIC_210337597,210337597,0.725741,0.0542789,0.739,0.0862214,4649.0,4.58515,0.0930993,1.9333,0.544117,0.221664757,DWARF,0.001070795,0.1462132,500
TIC_21755546,21755546,2.62432,,3.131,,11787.0,4.09572,,0.173235,,119.767815,DWARF,,,
TIC_219151731,219151731,1.50814,0.0660578,1.27,0.190769,6365.0,4.18499,0.0839208,0.370237,0.0825776,3.36334062,DWARF,0.00211413228,0.0137122218,78
TIC_219164808,219164808,2.56205,0.103301,1.62,0.275107,7214.0,3.83041,0.0861626,0.0963282,0.0216275,16.0167236,DWARF,0.001668826,0.006585843,84
TIC_219205407,219205407,1.05005,0.0663316,0.83,0.0986101,5004.0,4.31472,0.0871068,0.716879,0.178361,0.6228525,DWARF,0.00278939144,0.004572371,94
TIC_219208037,219208037,1.09813,0.0921256,0.69,0.0829382,4388.0,4.19561,0.0974281,0.52106,0.15202,0.4027807,DWARF,0.001984516,0.0113514978,79
TIC_219239945,219239945,0.992741,0.0464221,1.03,0.130284,5767.0,4.45723,0.076608,1.05276,0.217574,0.9821247,DWARF,0.002246319,0.00288573024,44
TIC_219366908,219366908,0.786639,0.0425427,0.97,0.123833,5508.0,4.63329,0.0816796,1.99271,0.452408,0.5131232,DWARF,0.00111414609,0.023659559,59
TIC_219379012,219379012,1.14278,0.0646733,1.0,0.123438,5651.08,4.32214,0.0818203,0.670049,0.153712,1.19991219,DWARF,0.00275778468,0.0184532367,59
TIC_219388773,219388773,0.817898,0.0568568,0.76,0.0878652,4752.8,4.49348,0.0916486,1.38905,0.369197,0.307532519,DWARF,0.00374824973,0.00593277765,61
TIC_219466803,219466803,1.0908,0.0627135,0.9,0.114601,5251.0,4.31682,0.086058,0.693445,0.166787,0.8149851,DWARF,0.0005343452,0.0117977941,36
TIC_219467837,219467837,1.44918,0.0663242,1.1,0.14163,5989.0,4.15722,0.0781623,0.361434,0.077622,2.43419051,DWARF,0.000428334315,0.0163998716,54
TIC_219766989,219766989,1.52586,0.0740804,1.14,0.150011,6095.0,4.12794,0.0783717,0.320892,0.0704551,2.894811,DWARF,0.000250606448,0.0195547957,82
TIC_219821826,219821826,1.11368,0.0540302,1.1,0.138001,5980.0,4.38594,0.0797047,0.796371,0.172732,1.42895246,DWARF,0.001666487,0.0602112077,67
TIC_219824469,219824469,1.62432,0.0793568,1.08,0.132907,5923.0,4.05015,0.0792851,0.252007,0.0566058,2.92551756,DWARF,0.0008195057,0.987430334,23
TIC_220016044,220016044,2.5465,0.137786,1.24,0.183218,6300.3,3.7196,0.0912938,0.0750914,0.018881,9.205078,DWARF,0.0005436106,0.09864832,36
TIC_22020459,22020459,1.6729,0.0907036,1.36,0.22029,6561.0,4.12467,0.0930327,0.29049,0.0714675,4.672115,DWARF,0.00019746818,0.1892352,135
TIC_220396259,220396259,1.67282,0.0850628,1.07,0.134417,5895.2,4.02056,0.0790932,0.228581,0.0498031,3.04498434,DWARF,0.002772313,0.00310562178,61
TIC_220435095,220435095,2.61261,0.158683,1.0,0.124679,5620.9,3.60392,0.0834763,0.0560756,0.0133306,6.13859463,DWARF,0.000577066559,0.0163479913,54
TIC_220518305,220518305,1.27627,0.0643718,1.21,0.177327,6241.6,4.30897,0.088144,0.582041,0.1395,2.22723579,DWARF,0.00222704047,0.041001007,58
TIC_224313733,224313733,1.00497,0.0480301,1.02,0.12655,5709.18,4.44236,0.0770488,1.00495,0.211101,0.966705143,DWARF,0.00219385675,0.00032277935,34
TIC_224418572,224418572,1.94354,0.109668,0.913,0.109566,5308.0,3.82135,0.078273,0.124362,0.0276762,2.70151567,DWARF,2.30744281e-05,0.448518038,1749
TIC_22843856,22843856,1.23599,,,,6019.0,,,,,,DWARF,0.00152082415,0.00295333727,53
TIC_229091748,229091748,1.04039,0.0512915,1.03,0.1291,5753.0,4.41651,0.0810115,0.914637,0.202479,1.06822932,DWARF,0.0004359538,0.00885751,36
TIC_229141709,229141709,1.24056,0.0567035,1.22,0.18146,6270.0,4.33719,0.0856981,0.639002,0.145408,2.14290619,DWARF,0.0006442148,0.00175801828,39
TIC_229285649,229285649,1.41077,0.064304,1.23,0.184102,6287.0,4.22906,0.0865446,0.438061,0.103238,2.801445,DWARF,6.407113e-05,0.136101454,415
TIC_229384040,229384040,1.62182,0.0749623,1.158,0.15674,6128.0,4.08177,0.0807487,0.271456,0.0598008,3.34176636,DWARF,0.000157269562,0.0167019758,508
TIC_229536616,229536616,1.3721,,,,6292.0,,,,,,DWARF,0.00107187545,0.000283439,35
TIC_229770036,229770036,0.885515,0.072814,0.706,0.0838938,4496.0,4.39248,0.101819,1.01676,0.300434,0.2886637,DWARF,0.006634643,0.017230751,88
TIC_230017325,230017325,3.50629,0.172915,1.11,0.154299,6012.0,3.39369,0.0834766,0.0257501,0.0057239,14.4699478,DWARF,0.0008657336,0.766376555,155
TIC_230075120,230075120,1.52595,0.0671809,1.27,0.194578,6377.0,4.17479,0.0853556,0.357426,0.0815732,3.46927452,DWARF,0.002163794,0.00925779,51
TIC_230086768,230086768,0.389199,0.0116133,0.379236,0.0202686,3428.0,4.83663,0.00269211,6.43272,0.231906,0.0188452285,DWARF,0.00375326234,0.000215414577,51
TIC_230267547,230267547,1.83803,0.074397,1.306,0.202741,6446.32,4.02531,0.0830849,0.210323,0.0458082,5.255884,DWARF,0.0007187137,0.07775797,237
TIC_230386397,230386397,0.71133,0.0571207,0.67,0.0782599,4316.0,4.56,0.0980273,1.86149,0.55406,0.1581842,DWARF,0.00641203765,0.04361519,128
TIC_23113034,23113034,2.64385,0.0943116,2.16,0.320039,8638.0,3.92805,0.0732078,0.116881,0.0218817,35.06064,DWARF,0.0,0.0115970876,119
TIC_231703293,231703293,1.12556,0.0523744,1.17,0.167749,6164.0,4.40352,0.0832563,0.820513,0.18609,1.64770222,DWARF,0.000421540259,0.0417449139,59
TIC_231721005,231721005,1.77991,0.0510377,2.47,0.326949,9671.0,4.32997,0.0648779,0.438026,0.0716115,24.9676762,DWARF,0.00256788824,0.09809737,68
TIC_232679662,232679662,,,,,,,,,,,,,,
TIC_232967666,232967666,1.14438,,,,5807.0,,,,,,DWARF,0.0022219047,0.000101768957,33
TIC_233390838,233390838,1.69034,0.0702512,1.407,0.243717,6666.0,4.13041,0.0887507,0.291319,0.0674324,5.08284044,DWARF,0.002907876,0.0114143882,282
TIC_233497719,233497719,1.00959,0.0453467,1.13,0.153259,6051.0,4.48286,0.0806375,1.09812,0.24237,1.2310909,DWARF,0.00115077826,0.05695058,53
TIC_233503636,233503636,1.66632,0.0757538,1.17,0.165367,6159.0,4.06274,0.0832523,0.252878,0.0569479,3.59958625,DWARF,0.00123487751,0.371915042,74
TIC_233541860,233541860,0.711893,0.0713367,0.63,0.0827222,4006.0,4.53258,0.117073,1.74621,0.627169,0.11758934,DWARF,0.0141888512,0.0229695458,119
TIC_233569098,233569098,1.51063,0.0766131,1.08,0.140484,5930.0,4.11318,0.0819279,0.313294,0.0710998,2.542309,DWARF,0.00293236016,0.04041967,116
TIC_233681149,233681149,0.987583,0.0471407,1.081,0.143386,5929.0,4.48275,0.0787278,1.12229,0.243866,1.0858438,DWARF,0.00509178964,0.0145862913,64
TIC_233684822,233684822,1.45077,0.0708794,1.0,0.125785,5641.0,4.11487,0.0763241,0.327497,0.0696741,1.9200567,DWARF,0.00489264354,0.08390835,74
TIC_233720539,233720539,2.48285,0.113669,1.31,0.197182,6454.0,3.76544,0.084855,0.0855895,0.0193851,9.636314,DWARF,0.00118949322,0.0294847451,90
TIC_233735068,233735068,3.06688,,,,5273.0,,,,,,GIANT,,,
TIC_23389848,23389848,1.95168,0.103719,1.005,0.126994,5660.0,3.85942,0.0765376,0.135189,0.0295008,3.52189088,DWARF,0.000956753,0.017008476,298
TIC_235684392,235684392,,,,,,,,,,,DWARF,,,
TIC_23650642,23650642,1.01386,0.0472613,0.97,0.124259,5523.99,4.41288,0.0735958,0.930752,0.192402,0.8623124,DWARF,0.00112675538,0.03557346,47
TIC_236775063,236775063,0.867212,,0.94,,5406.0,4.53495,,1.44129,,0.5786945,DWARF,,,
TIC_237101326,237101326,1.00303,,0.85,,5091.0,4.36486,,0.842317,,0.608886,DWARF,,,
TIC_237185205,237185205,2.20829,0.0921409,1.46,0.243078,6800.0,3.91431,0.084745,0.135576,0.0300123,9.393833,DWARF,0.00105991773,0.0267181732,332
TIC_237200747,237200747,0.828058,0.0512915,0.843,0.1037,5051.0,4.52777,0.0860324,1.48472,0.369902,0.402092159,DWARF,0.004294482,0.03494998,97
TIC_237235093,237235093,0.763809,0.0439874,0.89,0.115533,5221.0,4.62149,0.0878589,1.99727,0.482471,0.390551776,DWARF,0.00383436563,0.04953358,106
TIC_237751146,237751146,0.433512,0.0135164,0.428732,0.0207529,3352.0,4.79625,0.00605178,5.26238,0.237607,0.0213753376,DWARF,0.000375435455,0.521924138,442
TIC_237808867,237808867,9.78485,,,,5274.0,,,,,,GIANT,,,
TIC_238162973,238162973,0.753658,,0.69,,4427.0,4.52257,,1.61185,,0.196553916,DWARF,,,
TIC_238197709,238197709,1.86397,0.0808844,1.15,0.148423,6104.0,3.95789,0.0766769,0.177575,0.0363108,4.345412,DWARF,0.00225022621,0.08009818,72
TIC_238374636,238374636,2.99237,0.148041,1.08,0.142595,5935.0,3.51946,0.083001,0.0403067,0.00940127,10.0094061,DWARF,0.000838112959,0.0521831065,420
TIC_238597883,238597883,2.1504,0.0604674,2.34,0.329495,9219.0,4.14225,0.0658768,0.235321,0.0389619,30.0931244,DWARF,0.000172686981,0.03574883,795
TIC_239136269,239136269,1.42848,,2.37,,9332.0,4.50307,,0.813074,,13.9424486,DWARF,,,
TIC_239372503,239372503,2.37721,,3.135,,11798.0,4.18217,,0.233364,,98.64256,DWARF,0.000154011257,0.0417225473,891
TIC_239541449,239541449,0.678984,0.0348945,0.934,0.112102,5383.13,4.7447,0.0799491,2.98379,0.649549,0.348781615,DWARF,0.00209456263,0.08084866,85
TIC_239638934,239638934,1.07747,,,,5633.0,,,,,,DWARF,0.0014433891,0.173478812,183
TIC_239722954,239722954,1.26507,,1.01,,5666.0,4.23816,,0.498856,,1.486044,DWARF,,,
TIC_240148934,240148934,1.4782,0.0709146,1.37,0.225354,6582.0,4.23532,0.0878709,0.424149,0.099641,3.69483,DWARF,0.0008174134,0.0458984077,202
TIC_241065596,241065596,3.95919,0.193307,1.54,0.274362,7014.22,3.43038,0.0915653,0.0248143,0.00601304,34.1841431,DWARF,0.000205131742,0.8517424,249
TIC_241102583,241102583,0.75145,0.0493869,0.928,0.116726,5362.75,4.65382,0.0911942,2.187,0.566982,0.420769781,DWARF,0.0005287907,0.6316749,56
TIC_241174783,241174783,2.68185,0.109739,1.464,0.24407,6802.3,3.74674,0.0845497,0.075899,0.0164053,13.873558,DWARF,0.0006108742,0.03764761,61
TIC_242083025,242083025,1.71404,0.0765577,1.36,0.225253,6568.0,4.10356,0.0891773,0.270069,0.0635,4.92572,DWARF,0.000549511,0.082212545,227
TIC_242536549,242536549,1.85455,0.0809046,1.4,0.231268,6650.0,4.04772,0.0901771,0.21949,0.0515023,6.059778,DWARF,0.00110927317,0.0199563336,429
TIC_243153196,243153196,2.04049,0.0874773,1.37,0.22826,6584.3,3.95532,0.0850815,0.161256,0.0361728,7.050235,DWARF,0.000385599182,0.0593822859,36
TIC_243283955,243283955,1.33086,0.0638568,1.16,0.158394,6126.0,4.25426,0.0811818,0.492112,0.109709,2.24732232,DWARF,0.001052568,0.132089123,225
TIC_243333538,243333538,1.04172,,1.16,,6126.0,4.46702,,1.02612,,1.37691808,DWARF,,,
TIC_24364065,24364065,3.6427,,,,5246.0,,,,,,GIANT,,,
TIC_245462406,245462406,3.34696,0.158272,1.45,0.252064,6777.0,3.55013,0.0932833,0.0386737,0.00971498,21.2885723,DWARF,3.116089e-05,0.0358800255,592
TIC_247873937,247873937,1.77744,0.118352,2.29,0.31967,9056.0,4.29831,0.0850684,0.407805,0.100386,19.1438465,DWARF,1.73623757e-05,0.12467128,431
TIC_249067445,249067445,1.82076,0.0596985,2.241,0.316844,8897.0,4.26801,0.0708446,0.371266,0.0669987,18.7142887,DWARF,0.00150754512,0.002990662,119
TIC_249812036,249812036,2.92338,0.0987036,2.02,0.296627,8224.0,3.81165,0.0718001,0.0808527,0.0149912,35.2207146,DWARF,6.1502e-05,0.376479268,623
TIC_249862365,249862365,1.83692,0.0813266,1.194,0.175866,6208.0,3.98689,0.0837135,0.192634,0.0433519,4.515253,DWARF,0.000149299609,0.0250790846,395
TIC_250386181,250386181,1.08176,0.0447638,1.247,0.186197,6321.46,4.46567,0.0798597,0.98509,0.207101,1.68354428,DWARF,0.00184404547,0.0126578165,32
TIC_250484865,250484865,1.10964,0.0511357,1.11,0.142881,5998.0,4.39303,0.0779734,0.812417,0.169851,1.435765,DWARF,0.0003463035,0.009082161,306
TIC_251209368,251209368,1.45138,,1.07,,5906.0,4.14389,,0.349977,,2.309039,DWARF,,,
TIC_252537013,252537013,1.2,,,,5940.0,,,,,,DWARF,0.000151991131,0.12201108,697
TIC_252636888,252636888,3.22194,0.160689,1.06,0.12964,5855.0,3.44714,0.0759227,0.0316923,0.00670642,10.9909878,DWARF,3.56288874e-05,0.0897474438,647
TIC_253030300,253030300,1.00794,0.044907,1.19,0.169474,6204.96,4.50675,0.0825744,1.1621,0.257348,1.356811,DWARF,0.0004537971,0.09209515,152
TIC_253132689,253132689,1.66918,0.0865728,1.01,0.12931,5687.0,3.99738,0.0778395,0.217174,0.0474283,2.625646,DWARF,9.34755e-05,0.07732237,2262
TIC_253917293,253917293,1.27054,0.06,1.12,0.145936,6042.0,4.27931,0.0807312,0.546071,0.119655,1.93819332,DWARF,0.00056569447,0.04877348,45
TIC_253990973,253990973,1.08183,0.0527236,1.04,0.12785,5801.0,4.38679,0.0746557,0.821409,0.168842,1.19404852,DWARF,0.00207092077,0.0177592319,638
TIC_254629854,254629854,2.17751,0.109912,1.33,0.213055,6495.0,3.886,0.0894995,0.128816,0.0312815,7.60207558,DWARF,3.52635143e-05,0.2831162,1975
TIC_255760319,255760319,2.05071,0.0914925,1.16,0.166166,6136.0,3.87872,0.0813889,0.134506,0.0296814,5.37088966,DWARF,0.003311771,0.004990411,136
TIC_255851356,255851356,1.86267,0.0853593,1.13,0.149759,6071.0,3.95088,0.0805976,0.174853,0.0383175,4.246255,DWARF,9.795054e-05,0.161481351,3890
TIC_255918903,255918903,1.12794,,1.06,,5878.0,4.3588,,0.738657,,1.36832273,DWARF,,,
TIC_256349966,256349966,1.66077,0.0754749,1.35,0.234901,6544.0,4.12778,0.0953484,0.294718,0.0741873,4.55707169,DWARF,0.000461702555,0.0340879075,204
TIC_256621916,256621916,,,,,,,,,,,DWARF,,,
TIC_256886630,256886630,2.68092,0.0728969,2.273,0.337582,9003.0,3.9381,0.0727971,0.117964,0.0212997,42.541317,DWARF,0.00137036433,0.0120516289,494
TIC_257052211,257052211,1.91636,0.0732286,1.69,0.273219,7406.0,4.101,0.0797179,0.240136,0.0489718,9.953647,DWARF,0.0006683798,0.156097814,499
TIC_258402425,258402425,2.73583,,,,4872.0,,,,,,GIANT,,,
TIC_258557847,258557847,2.80134,0.135075,1.19,0.173762,6199.0,3.61888,0.0851723,0.0541316,0.0126958,10.440279,DWARF,0.000480129,0.123171411,783
TIC_258777137,258777137,1.06469,,,,5599.0,,,,,,DWARF,0.00599827431,1.26693869,112
TIC_258801269,258801269,1.62226,0.0747739,1.11,0.138547,6004.0,4.06315,0.0748866,0.259995,0.052919,3.08103037,DWARF,0.00221366133,0.04963252,131
TIC_258871793,258871793,1.2752,0.0605402,1.09,0.139309,5954.0,4.26434,0.0755711,0.525644,0.110614,1.8411392,DWARF,0.00113801821,0.0565177649,109
TIC_259126549,259126549,1.42918,,,,6403.0,,,,,,DWARF,0.0026154907,0.03807998,106
TIC_259129875,259129875,2.32119,0.095025,1.58,0.269773,7111.0,3.9053,0.0877835,0.126335,0.0290005,12.411912,DWARF,0.00163813122,0.0585633032,153
TIC_259151170,259151170,0.855413,0.0588492,0.71,0.081009,4503.48,4.42497,0.0865143,1.13431,0.292087,0.27116853,DWARF,0.000217363631,0.0532997362,399
TIC_259389219,259389219,2.04513,0.10044,1.03,0.129552,5753.0,3.82946,0.0779017,0.120414,0.0266039,4.12774134,DWARF,0.00060740934,0.05107989,65
TIC_259701242,259701242,0.963393,0.0462663,1.1,0.147843,5995.0,4.51185,0.080769,1.23022,0.274843,1.08008623,DWARF,0.0130054709,0.00165106636,57
TIC_260043723,260043723,1.55139,0.0667085,1.26,0.202301,6358.0,4.157,0.0909117,0.337448,0.0814786,3.5433917,DWARF,0.008181475,0.00346554117,101
TIC_260271203,260271203,1.27649,,1.18,,6186.0,4.29791,,0.567321,,2.14966035,DWARF,,,
TIC_260298958,260298958,0.649887,0.0207052,0.627042,0.0210398,3653.0,4.60969,0.0131045,2.28446,0.141966,0.06775933,DWARF,0.000438073,0.0392235033,113
TIC_260476837,260476837,0.804149,,,,4814.0,,,,,,DWARF,0.00193438726,0.1744192,112
TIC_260609205,260609205,2.23892,0.113417,1.19,0.164174,6190.91,3.81354,0.0808294,0.106031,0.0233112,6.63420153,DWARF,0.0004824661,0.053306,109
TIC_260849386,260849386,2.27767,0.101166,1.3,0.208236,6444.0,3.83703,0.0876776,0.11002,0.0255746,8.059305,DWARF,0.00070242834,0.0465056151,367
TIC_261141602,261141602,1.05527,0.075407,0.779,0.0922405,4812.0,4.28288,0.0926627,0.662902,0.182309,0.537926,DWARF,4.583181e-05,0.441540182,565
TIC_261258875,261258875,2.65887,0.132123,1.4,0.231032,6639.0,3.7348,0.0892152,0.0744794,0.0174219,12.3737164,DWARF,0.00225355616,0.007535525,117
TIC_262135904,262135904,1.99909,0.083809,2.23,0.308654,8853.0,4.18471,0.070428,0.27913,0.0521554,22.1167736,DWARF,6.05579844e-05,0.08855951,310
TIC_262499797,262499797,0.443812,0.0137555,0.439909,0.0207054,3333.0,4.78703,0.0064734,5.03229,0.231188,0.0218994915,DWARF,0.000649641268,0.568909645,160
TIC_262530873,262530873,1.87708,0.0933392,1.23,0.176806,6292.0,3.98101,0.0861882,0.185975,0.0430357,4.975273,DWARF,0.00013854116,3.84336519,44
TIC_262531275,262531275,1.75731,,0.99,,5608.0,3.944,,0.182427,,2.75185013,DWARF,,,
TIC_262781201,262781201,1.41821,0.0512865,1.384,0.23168,6613.78,4.27572,0.083153,0.485191,0.105346,3.46717668,DWARF,0.00166718545,0.00536537124,49
TIC_263203229,263203229,1.55088,0.0658944,1.43,0.240195,6713.0,4.21224,0.0897463,0.383352,0.0893499,4.4006815,DWARF,2.05025626e-05,0.527993739,1927
TIC_264303333,264303333,0.96947,0.0495829,1.023,0.13045,5729.0,4.47487,0.0771837,1.12272,0.245711,0.9121758,DWARF,0.007962598,0.05031866,158
TIC_26433869,26433869,7.82555,,,,4963.0,,,,,,GIANT,,,
TIC_265077027,265077027,1.24494,0.0597739,1.08,0.135194,5924.0,4.2812,0.0779935,0.559734,0.12109,1.7196871,DWARF,0.0008377954,0.276690722,98
TIC_26583436,26583436,1.37917,,1.23,,6291.85,4.24874,,0.468872,,2.685603,DWARF,,,
TIC_266688542,266688542,1.78825,0.074397,1.484,0.295157,6854.0,4.10464,0.0990926,0.259506,0.0694524,6.358121,DWARF,0.000102082762,0.274472654,1146
TIC_266843799,266843799,3.36605,0.112914,1.88,0.319429,7884.0,3.65799,0.0806491,0.0492944,0.0100669,39.43858,DWARF,4.218106e-05,0.2400799,2496
TIC_267484653,267484653,1.72093,0.0970854,0.97,0.117673,5540.0,3.95331,0.0802978,0.19032,0.0438129,2.51338625,DWARF,0.000496696,0.0593839325,288
TIC_267489265,267489265,1.86011,0.0505126,1.882,0.296266,7880.0,4.17361,0.0737498,0.292418,0.0527512,12.01924,DWARF,0.0023736062,0.08781829,329
TIC_267527924,267527924,,,,,,,,,,,GIANT,,,
TIC_267561446,267561446,0.560391,0.0165845,0.554506,0.0202462,3855.0,4.68499,0.00984891,3.15089,0.164914,0.0624848232,DWARF,0.00176487316,0.1319999,568
TIC_267867517,267867517,2.33554,,1.56,,7047.0,3.89442,,0.122452,,12.1194983,DWARF,,,
TIC_268042363,268042363,1.32962,0.0655327,1.5,0.262854,6888.0,4.36671,0.0896254,0.638135,0.151724,3.585254,DWARF,0.000398809585,0.05080559,291
TIC_268371979,268371979,60.5165,,,,6307.0,,,,,,GIANT,,,
TIC_268405086,268405086,0.871389,0.0877035,0.624,0.0809913,3999.0,4.35283,0.118752,0.94308,0.328705,0.174954146,DWARF,0.00158044463,0.0190473869,69
TIC_268439377,268439377,1.76171,,1.19,,6198.37,4.02175,,0.217644,,4.12735748,DWARF,,,
TIC_268727719,268727719,0.593043,0.0179185,0.582375,0.0204617,3718.0,4.6571,0.0109868,2.79218,0.155223,0.06054867,DWARF,0.000743742,0.126685455,605
TIC_268914377,268914377,0.483749,0.0205474,0.481767,0.0251821,3148.0,4.75166,0.0141944,4.25576,0.320699,0.02070493,DWARF,0.000133616559,1.32368588,525
TIC_269238073,269238073,1.50443,0.0670251,1.169,0.165587,6153.0,4.15114,0.0828596,0.343316,0.073682,2.922733,DWARF,0.000188446458,0.07807285,983
TIC_269269740,269269740,1.56686,0.0851057,1.34,0.213482,6527.36,4.17511,0.0890329,0.34835,0.0842913,4.01517248,DWARF,3.261926e-05,0.227842748,850
TIC_269424395,269424395,2.1632,0.103053,1.348,0.303488,6535.0,3.89757,0.123758,0.133169,0.0430177,7.68897772,DWARF,4.811666e-05,0.117812395,833
TIC_269450900,269450900,2.64617,0.0830802,2.18,0.306928,8688.0,3.93129,0.0686201,0.117654,0.0203205,35.9424667,DWARF,0.00144864968,0.0121189868,337
TIC_269509393,269509393,1.55311,0.070196,1.2,0.179987,6221.0,4.13484,0.0853022,0.320313,0.0741062,3.25491953,DWARF,0.000122781581,0.08797745,914
TIC_269892793,269892793,0.687841,0.0515126,0.768,0.0946756,4769.0,4.64845,0.0974705,2.35992,0.678626,0.220485747,DWARF,0.0008761571,0.12707755,102
TIC_270238522,270238522,3.60758,0.123309,1.736,0.298772,7521.0,3.56319,0.0822285,0.0369746,0.00787571,37.51701,DWARF,0.000120111086,0.05586955,918
TIC_270333769,270333769,2.38029,0.12595,2.55,0.425871,9953.0,4.09135,0.10325,0.189082,0.0488681,50.0922737,DWARF,5.677817e-05,0.11873503,1127
TIC_270841724,270841724,,,,,,,,,,,,,,
TIC_271042173,271042173,,,,,6198.73,,,,,,,,,
TIC_271167979,271167979,0.73288,,0.77,,4769.0,4.59449,,1.95611,,0.2503051,DWARF,,,
TIC_271439193,271439193,1.54857,0.0748719,1.11,0.176516,6016.0,4.10353,0.0942581,0.298902,0.0728287,2.83001471,DWARF,3.32534546e-05,0.0425987728,543
TIC_271581073,271581073,1.56013,0.0754146,1.04,0.126318,5803.5,4.06878,0.0774529,0.273877,0.0596814,2.48756027,DWARF,0.00101800717,0.111710235,114
TIC_271596418,271596418,1.3689,0.077387,1.01,0.126285,5670.45,4.16965,0.0784886,0.393739,0.0880776,1.745446,DWARF,0.003385091,0.0155363288,134
TIC_271722899,271722899,31.5208,,,,4366.0,,,,,,GIANT,,,
TIC_271900960,271900960,1.33734,0.0548794,1.46,0.243115,6790.0,4.34994,0.085054,0.610416,0.133579,3.42498422,DWARF,0.01224995,0.000866177666,141
TIC_272049972,272049972,1.58456,,,,6728.0,,,,,,DWARF,0.000125276463,0.131030783,701
TIC_272050287,272050287,2.30852,0.0933771,1.472,0.255306,6824.0,3.87931,0.0908507,0.119649,0.0283441,10.4115791,DWARF,7.022581e-05,0.06343116,667
TIC_272086159,272086159,0.322208,0.00967959,0.302101,0.0202307,3262.0,4.90195,0.00302534,9.03115,0.208311,0.0105901761,DWARF,0.00515102549,0.017114846,171
TIC_27244707,27244707,,,,,4830.0,,,,,,,,,
TIC_272625214,272625214,1.43857,0.0643467,1.4,0.232588,6651.0,4.26833,0.0920073,0.470256,0.113702,3.64841962,DWARF,0.000122503465,0.0939507857,988
TIC_272828463,272828463,2.91035,0.137709,1.872,0.398265,7856.0,3.78248,0.104584,0.07594,0.0215861,29.0663662,DWARF,7.9080186e-05,0.029506959,572
TIC_273774284,273774284,1.28948,,1.25,,6330.0,4.31415,,0.582995,,2.40513539,DWARF,,,
TIC_274122380,274122380,1.11172,0.053691,1.058,0.132052,5856.0,4.37056,0.0758011,0.770008,0.163987,1.30946136,DWARF,7.67457241e-05,0.411183536,1009
TIC_274138511,274138511,1.87594,0.109357,0.9,0.111488,5245.0,3.84587,0.0839401,0.136329,0.0326899,2.39946175,DWARF,0.0005536459,0.0596402138,179
TIC_274170255,274170255,3.84155,,,,5197.0,,,,,,GIANT,,,
TIC_274599700,274599700,1.43565,0.0839045,1.0,0.121716,5635.75,4.12397,0.0865629,0.337954,0.082641,1.873252,DWARF,0.0007472954,0.0270993412,71
TIC_274662200,274662200,0.53023,0.015565,0.527126,0.0201622,3526.0,4.71105,0.00888535,3.53608,0.176349,0.0391518734,DWARF,0.004155103,0.157462567,1986
TIC_274762761,274762761,0.156193,0.00469252,0.12784,0.0200328,2972.0,5.15741,0.0425173,33.5492,2.25289,0.00171479839,DWARF,0.004353355,0.431953162,2787
TIC_274942910,274942910,0.668952,0.0568342,0.68,0.0847477,4361.0,4.61979,0.104577,2.27156,0.695086,0.14582409,DWARF,0.0005001752,0.06191877,827
TIC_275111900,275111900,,,,,,,,,,,DWARF,,,
TIC_275248683,275248683,0.387661,0.0115314,0.377486,0.0202404,3427.0,4.83806,0.00253599,6.47955,0.230657,0.0186747741,DWARF,0.00272221537,0.0437453464,34
TIC_275384718,275384718,2.32076,0.109186,1.31,0.214583,6460.0,3.82408,0.0921525,0.104804,0.0261132,8.450584,DWARF,0.0005912319,0.0333939046,394
TIC_275501623,275501623,2.45158,,2.695,,10445.0,4.08974,,0.182904,,64.4495,DWARF,,,
TIC_276380902,276380902,3.14161,0.126875,2.45,0.330519,9603.0,3.83293,0.0684631,0.0790151,0.0139783,75.61819,DWARF,0.00052538357,0.4743868,404
TIC_27677846,27677846,0.794394,0.0442915,0.91,0.111594,5304.0,4.59704,0.0827838,1.81524,0.436805,0.449967,DWARF,0.000370882539,0.116635218,433
TIC_277014266,277014266,2.66768,0.128897,1.245,0.193191,6318.0,3.68097,0.0905026,0.0655797,0.0156235,10.215971,DWARF,5.58278443e-05,0.118396573,708
TIC_277103955,277103955,0.783445,0.0574296,0.74,0.0862959,4658.0,4.51928,0.0932681,1.53888,0.422743,0.260321468,DWARF,0.0167464223,0.026835857,2656
TIC_277871306,277871306,1.04222,0.0499824,1.06,0.132334,5863.0,4.42745,0.0779024,0.936325,0.198066,1.15636158,DWARF,0.00156273623,0.00145648245,41
TIC_277987172,277987172,1.58773,0.0839447,1.21,0.1777,6243.0,4.1193,0.0871499,0.302312,0.0722824,3.45001817,DWARF,2.30106361e-05,0.351405174,1396
TIC_278199349,278199349,8.35997,,,,4729.0,,,,,,GIANT,,,
TIC_27844066,27844066,,,,,,,,,,,DWARF,,,
TIC_278726770,278726770,8.1763,,,,4481.6,,,,,,GIANT,,,
TIC_278866211,278866211,1.04092,0.0465778,1.21,0.182247,6236.0,4.48602,0.0851353,1.07283,0.249511,1.476234,DWARF,0.00535067124,0.4478228,123
TIC_278968371,278968371,1.60942,0.0775753,1.13,0.189611,6053.0,4.07781,0.0899924,0.271062,0.0689946,3.132692,DWARF,2.32970742e-05,0.603723049,2050
TIC_279177746,279177746,1.87115,0.142862,2.48,0.387116,9706.0,4.2883,0.118576,0.378552,0.118284,27.9945316,DWARF,9.34769e-05,0.7035649,1556
TIC_279212407,279212407,1.72221,0.0797888,1.227,0.2905,6280.0,4.05474,0.128211,0.240206,0.086463,4.156302,DWARF,0.000117993543,0.028203927,514
TIC_279251651,279251651,0.555239,0.0164604,0.549943,0.0202648,3726.0,4.68943,0.00974687,3.21276,0.167559,0.05353355,DWARF,0.0138861593,0.105331466,124
TIC_279605855,279605855,1.60046,,1.18,,6184.0,4.10146,,0.28784,,3.37489247,DWARF,,,
TIC_279740441,279740441,0.719998,0.0544472,0.67,0.077692,4304.6,4.54948,0.0907316,1.79507,0.49018,0.160357,DWARF,0.00276870467,0.59418565,59
TIC_279982557,279982557,0.791524,0.0447689,0.901,0.11385,5264.0,4.59586,0.0840356,1.81691,0.428169,0.433397323,DWARF,0.00402480271,0.0222411882,169
TIC_279989567,279989567,,,,,,,,,,,,,,
TIC_279999655,279999655,2.45616,0.117387,1.72,0.272772,7491.19,3.89308,0.0821289,0.11608,0.0253987,17.1163864,DWARF,0.000319363084,0.0767501444,216
TIC_280212554,280212554,2.59202,,2.49,,9742.0,4.00699,,0.142983,,54.5208778,DWARF,,,
TIC_281979481,281979481,0.807298,0.0471181,0.87,0.111103,5164.0,4.56352,0.0853126,1.65355,0.40509,0.417548537,DWARF,0.0050827,0.06252285,247
TIC_282498590,282498590,1.48974,0.32994,1.34,0.487016,6519.0,4.21895,0.25486,0.405297,0.242353,3.61110282,DWARF,3.312727e-05,0.05949967,139
TIC_283015592,283015592,1.90022,0.0700703,1.73,0.284007,7493.0,4.11851,0.0812462,0.252138,0.0530391,10.2547064,DWARF,2.06280911e-05,0.430428177,902
TIC_284050395,284050395,0.944316,0.0517788,0.944,0.114837,5421.0,4.46281,0.0788437,1.12104,0.252632,0.693820059,DWARF,0.0003310411,0.2989004,598
TIC_284288080,284288080,1.68046,0.0742915,1.32,0.209578,6466.0,4.10779,0.0874567,0.278157,0.0637432,4.44727468,DWARF,0.00135808019,0.0732440352,177
TIC_284305328,284305328,1.86612,0.518686,1.387,,6620.0,4.03827,,0.213432,,6.02566862,DWARF,2.08197962e-05,0.190605313,314
TIC_284450803,284450803,2.68133,0.0999499,1.735,0.288743,7518.0,3.82067,0.0856159,0.0900017,0.0196534,20.6920319,DWARF,0.002689819,0.00563867064,198
TIC_284528889,284528889,2.13645,0.121246,1.0,0.143718,5659.0,3.77868,0.089709,0.102547,0.0247671,4.217331,DWARF,2.847531e-05,0.08888693,689
TIC_284564230,284564230,1.6613,0.0700628,1.38,0.229351,6610.0,4.13705,0.0864318,0.30098,0.0693095,4.746733,DWARF,0.00290222885,0.01736522,192
TIC_284747017,284747017,0.753207,0.0585377,0.721,0.0901328,4570.0,4.54217,0.101639,1.6873,0.495167,0.222940072,DWARF,8.086634e-05,0.154443786,349
TIC_285233023,285233023,1.45452,0.0711557,1.21,0.180008,6240.0,4.19542,0.0865514,0.393216,0.0924879,2.88981152,DWARF,2.99321218e-05,0.291999936,915
TIC_285524410,285524410,,,,,,,,,,,,,,
TIC_285542903,285542903,4.14065,0.175704,2.6,0.362384,10125.0,3.6189,0.0733323,0.0366242,0.00703163,162.334854,DWARF,3.30808543e-05,0.0572012626,815
TIC_285666479,285666479,4.40157,0.228844,1.35,0.226137,6549.0,3.28119,0.0875677,0.0158311,0.00374446,32.1078,DWARF,1.82106032e-05,0.0330463,403
TIC_285674856,285674856,1.80159,0.0551457,2.06,0.311562,8348.0,4.24062,0.0720711,0.352287,0.0659285,14.2016287,DWARF,0.000122293291,0.03271333,386
TIC_285677945,285677945,2.01731,0.0926233,1.24,0.215485,6304.0,3.92194,0.0965266,0.151044,0.0387551,5.79034328,DWARF,6.41455554e-05,0.0894859061,436
TIC_286355915,286355915,1.64302,0.0721885,1.35,0.224253,6531.44,4.13711,0.0874493,0.304371,0.0682975,4.42606,DWARF,0.0006004229,0.018513754,80
TIC_28643432,28643432,1.71408,0.0801508,1.04,0.13,5810.0,3.98704,0.0760832,0.206511,0.0432906,3.016197,DWARF,0.000422510551,0.250556767,404
TIC_286561122,286561122,2.97877,0.17593,1.66,0.275158,7325.53,3.7101,0.0931609,0.0628055,0.0162414,23.0210152,DWARF,3.08999042e-05,0.01811347,201
TIC_287190564,287190564,2.13276,0.070402,2.21,0.310945,8807.0,4.12457,0.0700834,0.227806,0.0418069,24.654253,DWARF,0.0009800589,0.047573,222
TIC_287329267,287329267,2.94246,0.123015,1.22,0.176936,6258.09,3.58701,0.0800543,0.0478882,0.0101465,11.9641762,DWARF,0.00154943741,0.310957283,170
TIC_287474726,287474726,4.23822,0.207362,2.56,0.33044,9988.0,3.59194,0.07302,0.0336272,0.00673226,161.0554,DWARF,4.02747064e-05,0.04734316,633
TIC_288185138,288185138,1.24389,0.0553568,1.149,0.153486,6105.0,4.30882,0.0779978,0.596994,0.126408,1.93644011,DWARF,0.002215853,0.0011534756,48
TIC_288391628,288391628,2.92296,0.138643,1.217,0.17988,6259.0,3.59171,0.0894587,0.048733,0.011809,11.8129749,DWARF,0.00186534587,0.004237069,70
TIC_288471040,288471040,2.05498,0.0922664,1.22,0.172811,6259.0,3.89881,0.0851078,0.140585,0.0315633,5.83885527,DWARF,0.00198802236,0.0268359873,80
TIC_28873762,28873762,1.4418,,1.21,,6241.0,4.20304,,0.403709,,2.84133887,DWARF,,,
TIC_289125016,289125016,2.48919,0.139734,1.16,0.156635,6122.0,3.71041,0.0826927,0.0752111,0.0176392,7.84125137,DWARF,0.000212986954,0.0815674141,314
TIC_289316336,289316336,1.20322,0.0555276,1.18,0.154908,6171.0,4.34926,0.0791084,0.677402,0.148594,1.89150429,DWARF,0.00106078794,0.0155913169,228
TIC_289539327,289539327,2.00656,0.0889372,1.143,0.152388,6091.0,3.89121,0.0786527,0.141478,0.0300585,4.99291134,DWARF,0.00308454433,0.00959089,48
TIC_289988797,289988797,1.42253,0.072814,1.016,0.132269,5702.0,4.13884,0.0804009,0.352943,0.079608,1.92721188,DWARF,0.001048358,0.0033525445,59
TIC_290302097,290302097,0.88979,0.0502312,0.91,0.120139,5301.0,4.49853,0.083813,1.29175,0.301927,0.5632499,DWARF,0.000771828869,0.150583833,661
TIC_291147951,291147951,1.13106,,1.057,,5854.0,4.35517,,0.730502,,1.35355139,DWARF,,,
TIC_29117085,29117085,0.888753,0.0441558,0.931,0.116936,5373.78,4.50945,0.076541,1.32619,0.282254,0.5934399,DWARF,0.00106627017,0.030988764,67
TIC_291555748,291555748,2.00193,0.0941911,1.07,0.134657,5889.0,3.86456,0.0748375,0.133364,0.0276558,4.34267044,DWARF,0.0009235242,0.0377405956,268
TIC_292321872,292321872,2.49353,0.127678,1.32,0.209952,6473.0,3.76501,0.0922104,0.085139,0.021394,9.834388,DWARF,0.0004005948,0.1318629,200
TIC_293075732,293075732,1.65107,0.0848441,0.97,0.127322,5517.0,3.98931,0.0807133,0.215515,0.0486064,2.2752893,DWARF,0.0001968757,0.144975275,762
TIC_29336129,29336129,1.6787,0.0733066,1.27,0.192348,6361.0,4.09193,0.0836447,0.268463,0.061648,4.15664,DWARF,2.865247e-05,0.172365531,1112
TIC_293527670,293527670,1.64303,0.0874372,0.97,0.121862,5522.0,3.99355,0.0796395,0.218692,0.0493379,2.26137519,DWARF,0.00123217725,0.00222329237,74
TIC_293567206,293567206,1.05926,0.0499648,1.05,0.135379,5829.0,4.40925,0.0792924,0.883449,0.196483,1.16701412,DWARF,0.0023165606,0.014533082,57
TIC_293708935,293708935,1.3858,0.0655829,1.12,0.147828,6040.0,4.20389,0.0802827,0.420842,0.0906326,2.302724,DWARF,0.0002811083,0.24452582,1777
TIC_29374525,29374525,0.706003,0.0502035,0.748,0.0940551,4689.0,4.61436,0.0938587,2.1256,0.591217,0.217084467,DWARF,0.0,0.07139792,339
TIC_294090620,294090620,2.04114,0.0581056,2.523,0.328354,9871.0,4.22024,0.0654223,0.296686,0.0495976,35.63576,DWARF,0.00214201957,0.008426522,269
TIC_294173437,294173437,1.94959,0.0923013,1.06,0.136665,5867.0,3.88349,0.0771692,0.143046,0.0301151,4.05738974,DWARF,0.00025828,0.284417063,595
TIC_294176967,294176967,3.50078,0.151282,1.82,0.276144,7734.0,3.60981,0.0788333,0.0424205,0.00869063,39.5040474,DWARF,0.000457499962,0.04426871,486
TIC_294179389,294179389,1.32298,0.0653066,1.084,0.145624,5938.0,4.22999,0.0837312,0.468137,0.107533,1.96046817,DWARF,0.00157050206,0.585939944,413
TIC_294283951,294283951,1.67777,0.0627135,1.97,0.298859,8096.0,4.28307,0.0751696,0.417124,0.0790517,10.8954191,DWARF,4.976788e-05,0.527290344,706
TIC_294315741,294315741,1.70732,,1.86,,7819.0,4.24295,,0.373737,,9.815919,DWARF,,,
TIC_294500964,294500964,0.916742,0.041809,1.025,0.12219,5737.03,4.5243,0.0705225,1.3304,0.255806,0.820233762,DWARF,0.00106462068,0.9960263,84
TIC_294599100,294599100,1.06605,0.0533442,1.056,0.146743,5848.0,4.40618,0.086744,0.871625,0.202655,1.197513,DWARF,6.09297931e-05,0.132169813,812
TIC_294780517,294780517,0.934573,0.0585327,0.86,0.0983604,5107.98,4.43134,0.08433,1.05356,0.250816,0.5356957,DWARF,0.00295417081,0.103255287,1437
TIC_294869729,294869729,2.94177,0.144223,0.99,0.12566,5614.0,3.49649,0.0776511,0.0388876,0.00831806,7.74462366,DWARF,0.00072431867,0.07114637,2000
TIC_295354126,295354126,,,,,12464.0,,,,,,,,,
TIC_295413003,295413003,,,,,,,,,,,DWARF,,,
TIC_295599256,295599256,1.96177,0.0646482,1.99,0.287445,8152.0,4.15162,0.072456,0.263577,0.0484395,15.3125687,DWARF,0.0009152642,0.116962157,337
TIC_295807723,295807723,1.74283,,1.36,,6556.0,4.0891,,0.256906,,5.05545425,DWARF,,,
TIC_296898634,296898634,0.517727,0.0156537,0.5153,0.0204789,3662.0,4.72193,0.00900147,3.71328,0.189463,0.0434279852,DWARF,0.000470029947,0.8225136,1106
TIC_297153209,297153209,2.4386,0.106826,1.504,0.237086,6906.0,3.84103,0.0841262,0.103711,0.023361,12.1866236,DWARF,0.00010678191,0.06982151,984
TIC_297967252,297967252,,,,,12942.0,,,,,,,,0.008365039,1640
TIC_298049015,298049015,0.618662,0.0201381,0.603055,0.0212929,3773.0,4.63552,0.0129429,2.54681,0.159087,0.0698793456,DWARF,0.00021225019,0.06528316,56
TIC_298495970,298495970,0.934673,0.046608,1.03,0.129982,5756.0,4.50958,0.0766827,1.26141,0.268254,0.863967955,DWARF,0.00180818269,0.109917566,143
TIC_298666530,298666530,,,,,,,,,,,DWARF,,,
TIC_29959761,29959761,0.727304,0.0450753,0.836,0.102026,5027.0,4.63684,0.0887618,2.173,0.554103,0.304341972,DWARF,0.00100504211,0.151725039,25
TIC_29960109,29960109,0.446984,0.0133087,0.443322,0.0202933,3450.0,4.7842,0.00597544,4.96413,0.216278,0.0255008731,DWARF,0.00274350634,1.14240158,30
TIC_299876474,299876474,0.63904,0.0212009,0.618846,0.021516,3875.0,4.61859,0.0137214,2.37137,0.153893,0.08295406,DWARF,0.0001849839,1.38160563,3466
TIC_300011941,300011941,1.12713,0.0557387,1.04,0.128776,5789.58,4.35115,0.0753651,0.726295,0.153844,1.28596663,DWARF,0.00502474047,0.020888146,148
TIC_300013921,300013921,0.797594,0.0434472,0.95,0.124974,5450.0,4.61223,0.0856029,1.87231,0.443885,0.505643,DWARF,0.00683228672,0.00717261946,138
TIC_300557619,300557619,1.21781,0.0652613,1.1,0.142807,5980.64,4.3083,0.0846389,0.609047,0.147952,1.70941174,DWARF,0.00246083573,0.09323968,156
TIC_300599466,300599466,10.0543,,,,5027.7,,,,,,GIANT,,,
TIC_300810086,300810086,3.77481,,,,5159.0,,,,,,GIANT,,,
TIC_300871545,300871545,1.44956,0.0612664,1.41,0.252208,6674.0,4.26481,0.0929095,0.462925,0.112111,3.75588346,DWARF,0.00471693464,0.008886587,183
TIC_301051430,301051430,1.2461,0.060309,1.13,0.15102,6049.0,4.30004,0.0850533,0.584009,0.13439,1.87298858,DWARF,0.00112960092,0.0325762928,43
TIC_302659412,302659412,1.79392,0.0855227,1.1,0.14365,5977.0,3.97186,0.0806694,0.19054,0.0425855,3.70026016,DWARF,0.00233727926,0.0176608916,385
TIC_302766000,302766000,1.0859,0.0639497,1.037,0.269226,5784.0,4.38226,0.151147,0.809852,0.3477,1.18902171,DWARF,3.0283496e-05,0.334002882,226
TIC_302814895,302814895,1.864,0.0845729,1.341,0.218999,6521.0,4.02461,0.0876219,0.207058,0.0486332,5.660337,DWARF,0.000102455408,0.169627145,3216
TIC_302895996,302895996,0.368,0.073,0.377,0.091,,4.88307,0.464398,7.56481,4.50188,0.0175266378,DWARF,,,
TIC_303055194,303055194,1.95303,0.0825628,1.223,0.173992,6270.7,3.94408,0.0798509,0.164172,0.0354152,5.31345654,DWARF,0.0008548109,0.00979885552,97
TIC_30312676,30312676,,,,,,,,,,,,,,
TIC_30329585,30329585,1.27456,0.0564271,1.203,0.166977,6229.0,4.30761,0.0821681,0.581016,0.126754,2.203365,DWARF,0.000166485552,0.156907618,1024
TIC_303364023,303364023,0.256167,0.00770436,0.227565,0.0201351,3278.0,4.97813,0.0123963,13.5374,0.0347628,0.00682616653,DWARF,0.00468082,0.108906746,422
TIC_303867090,303867090,,,,,,,,,,,DWARF,,,
TIC_303883880,303883880,,,,,,,,,,,,,,
TIC_304021498,304021498,1.922,0.0794221,1.29,0.204498,6415.37,3.98115,0.0840495,0.181689,0.0394766,5.63754034,DWARF,0.0015305077,0.4044702,573
TIC_304025075,304025075,,,,,,,,,,,GIANT,,,
TIC_304042899,304042899,1.5288,0.0662512,1.45,0.24339,6760.0,4.23073,0.0892503,0.405802,0.094969,4.39727736,DWARF,0.000187296479,0.3099255,4389
TIC_304774444,304774444,1.38498,,,,6317.0,,,,,,DWARF,0.00108985824,0.01525244,456
TIC_304950588,304950588,,,,,12763.0,,,,,,,,,
TIC_305478010,305478010,0.55564,0.0166492,0.5503,0.0203789,3858.0,4.68908,0.0099439,3.20789,0.169791,0.0616212636,DWARF,0.00071233575,0.1830686,306
TIC_305550963,305550963,2.00154,,1.2,,6227.0,3.91452,,0.149655,,5.426718,DWARF,,,
TIC_305943739,305943739,1.41635,0.0588844,1.05,0.122055,5821.4,4.15692,0.0712468,0.369555,0.0713516,2.075605,DWARF,0.0003739109,0.01518949,1253
TIC_306547699,306547699,,,,,3099.0,,,,,,,,,
TIC_306902029,306902029,3.28521,0.180716,1.23,0.179822,6290.0,3.49485,0.0911273,0.0346911,0.00873201,15.2202721,DWARF,2.1233358e-05,0.301093757,446
TIC_307111282,307111282,1.21025,0.0566031,1.039,0.13435,5791.0,4.28894,0.0763342,0.586131,0.12468,1.484076,DWARF,0.00145618559,0.04068971,275
TIC_307377219,307377219,1.87988,0.104834,1.11,0.143678,6005.0,3.93513,0.0807749,0.167082,0.0377287,4.14008331,DWARF,1.350464e-05,0.3517591,456
TIC_307734817,307734817,1.59204,0.108061,1.26,0.198172,6351.66,4.13453,0.103412,0.312255,0.0863185,3.716648,DWARF,0.000309773983,0.132037222,31
TIC_307956396,307956396,0.728377,,0.699,,4460.0,4.55783,,1.80887,,0.189124137,DWARF,,,
TIC_308034948,308034948,40.9369,,,,5202.0,,,,,,GIANT,,,
TIC_308050066,308050066,1.91349,0.0902262,1.402,0.233681,6655.0,4.02116,0.0906193,0.20011,0.0479827,6.470528,DWARF,0.000790804741,0.0101598883,64
TIC_308307606,308307606,0.819196,,0.94,,5419.0,4.58442,,1.70987,,0.5213713,DWARF,,,
TIC_308425348,308425348,1.08671,0.0518367,1.22,0.176592,6271.0,4.4522,0.0818975,0.950645,0.214715,1.64539218,DWARF,4.82765827e-05,1.47403562,4253
TIC_308919449,308919449,1.01552,0.0472764,1.06,0.13382,5878.0,4.45,0.0773588,1.01215,0.211951,1.109145,DWARF,0.00729467534,0.00717838062,227
TIC_309257814,309257814,1.10723,0.0651181,0.88,0.109325,5196.0,4.29407,0.0868948,0.648283,0.160496,0.805100262,DWARF,0.0009316436,5.88466644,331
TIC_309402106,309402106,1.56939,0.0534046,1.71,0.291279,7458.0,4.2796,0.0808169,0.442387,0.0904062,6.86510038,DWARF,0.00622246042,0.008008536,276
TIC_309436531,309436531,1.24696,0.0577312,1.19,0.166012,6189.42,4.32191,0.078085,0.613749,0.128814,2.05588484,DWARF,0.000645281863,0.07211269,224
TIC_309787037,309787037,1.75289,0.0720352,1.45,0.240384,6762.0,4.11193,0.0841327,0.269217,0.0597058,5.787695,DWARF,0.00184167747,0.07031115,421
TIC_310267134,310267134,0.979376,,0.9,,5259.0,4.41041,,0.958062,,0.6610078,DWARF,,,
TIC_310483807,310483807,6.03576,,,,10037.0,,,,,,GIANT,,,
TIC_311121985,311121985,1.86093,0.0810252,1.272,0.192704,6375.0,4.00309,0.0851165,0.197377,0.0455122,5.15318727,DWARF,0.00144080666,0.0329230167,312
TIC_31114545,31114545,2.36965,0.113266,1.15,0.155383,6102.0,3.7494,0.0839581,0.0864264,0.0197286,7.013763,DWARF,0.0005609172,0.0102913473,72
TIC_311183180,311183180,0.693406,,,,5055.34,,,,,,DWARF,0.0056346287,3.827464e-05,26
TIC_311890977,311890977,0.705027,0.0723919,0.63,0.0803445,4006.0,4.541,0.12217,1.79773,0.64461,0.115332037,DWARF,0.00334036374,0.0199608374,272
TIC_312122956,312122956,,,,,,,,,,,,,,
TIC_312221462,312221462,1.58186,0.09549,1.99,0.311066,8158.89,4.33858,0.0884164,0.502742,0.122092,9.989822,DWARF,7.12612455e-05,0.08427752,467
TIC_312259170,312259170,3.46989,0.173347,2.77,0.392718,10692.0,3.79992,0.0882235,0.066303,0.0153963,141.762512,DWARF,3.060113e-05,0.113655552,751
TIC_312469860,312469860,1.67034,,,,6941.0,,,,,,DWARF,0.000118821496,0.03672064,454
TIC_312548415,312548415,1.95818,0.0863819,1.62,0.271239,7209.0,4.06388,0.0850372,0.215754,0.0472968,9.330381,DWARF,1.43935195e-05,0.279976636,507
TIC_31268146,31268146,1.47579,0.073995,1.11,0.141205,6012.38,4.14534,0.0796501,0.345341,0.0764515,2.564074,DWARF,0.00418306,0.0885130242,4333
TIC_312899686,312899686,1.0268,0.0501709,1.109,0.151147,6006.0,4.46003,0.082117,1.02441,0.236955,1.23597229,DWARF,3.77534561e-05,1.24216545,693
TIC_313506357,313506357,1.39077,0.061897,1.215,0.184841,6254.0,4.23613,0.0854236,0.451655,0.103963,2.665872,DWARF,0.00164120714,0.8435509,302
TIC_313675203,313675203,0.913016,0.0495126,0.93,0.117136,5354.0,4.48559,0.0835797,1.22194,0.287131,0.617112935,DWARF,0.000391239475,0.10984569,3456
TIC_313761775,313761775,2.38461,0.105993,1.235,0.245621,6298.0,3.7749,0.106212,0.0910778,0.0270598,8.060124,DWARF,0.000111538466,0.04776455,840
TIC_313891529,313891529,2.36235,0.127678,1.18,0.164214,6173.5,3.76326,0.0854544,0.0895054,0.0212817,7.30312824,DWARF,0.0004791523,0.003909622,44
TIC_314338017,314338017,6.78599,,,,8522.0,,,,,,GIANT,,,
TIC_314724818,314724818,3.60934,0.129166,2.75,0.380213,10614.0,3.76254,0.0685392,0.0584854,0.0104966,148.9593,DWARF,3.416686e-05,0.317973047,4243
TIC_315755496,315755496,5.27875,,,,4772.0,,,,,,GIANT,,,
TIC_316254876,316254876,1.62756,0.0885076,0.978,0.170015,5551.0,4.00533,0.0986291,0.226845,0.0667346,2.265963,DWARF,8.465564e-05,0.0179598,236
TIC_316402246,316402246,1.59684,0.0455879,1.94,0.299502,8014.0,4.31934,0.0748124,0.476447,0.0881274,9.475824,DWARF,0.000191236031,0.0600841828,849
TIC_31656385,31656385,1.573,0.0719975,1.09,0.142956,5963.06,4.08204,0.0798513,0.280052,0.0624686,2.81857467,DWARF,0.000579764834,0.0121533619,62
TIC_316916655,316916655,1.46575,0.0588844,1.472,0.250955,6824.0,4.27386,0.0863606,0.467444,0.10518,4.19729662,DWARF,0.00201369636,0.0156076634,60
TIC_316937670,316937670,0.394818,0.011787,0.385618,0.0202788,3460.0,4.83143,0.00307911,6.26566,0.231577,0.0201276466,DWARF,0.00233675051,0.6554249,44
TIC_31697707,31697707,1.53574,0.0790552,1.0,0.127284,5642.0,4.06543,0.0787709,0.276089,0.0617743,2.15308523,DWARF,0.000364174717,0.290533543,580
TIC_317397615,317397615,4.03695,,,,5182.0,,,,,,GIANT,,,
TIC_317507345,317507345,1.51067,0.0545428,1.69,0.284802,7403.0,4.30762,0.0833471,0.490206,0.105377,6.175392,DWARF,0.00221689674,0.0143218441,216
TIC_317951248,317951248,10.2535,,,,4920.17,,,,,,GIANT,,,
TIC_318209162,318209162,0.732648,0.0592965,0.74,0.0912293,4661.56,4.57751,0.104786,1.88168,0.579576,0.228355125,DWARF,0.00234185532,0.39631778,31
TIC_31858844,31858844,,,,,,,,,,,,,,
TIC_318608749,318608749,1.14849,0.0522613,1.12,0.141501,6033.0,4.36703,0.0768344,0.739324,0.153077,1.57428551,DWARF,0.00208797958,0.0146628069,112
TIC_318746829,318746829,,,,,3068.0,,,,,,,,,
TIC_319068154,319068154,2.36113,,,,9500.0,,,,,,DWARF,8.439461e-05,0.227962226,718
TIC_319735319,319735319,1.51059,0.0783116,1.364,0.260168,6570.0,4.21459,0.10636,0.39571,0.112952,3.83043122,DWARF,2.0536776e-05,0.248695791,467
TIC_319968129,319968129,1.5381,0.0749623,1.238,0.211342,6304.0,4.15682,0.095598,0.340228,0.0874372,3.36609578,DWARF,0.0,0.163627654,433
TIC_320506985,320506985,1.68821,0.0864244,1.028,0.129024,5751.0,3.99521,0.0808456,0.213656,0.0484019,2.808794,DWARF,8.179964e-05,0.13941884,450
TIC_320525204,320525204,1.34204,,1.122,,6040.0,4.23253,,0.464187,,2.15961051,DWARF,,,
TIC_320536216,320536216,1.64552,0.0616684,1.94,0.315035,8031.0,4.29326,0.0776528,0.435405,0.0869348,10.1479645,DWARF,0.000778412563,0.009202272,110
TIC_321436679,321436679,2.28237,0.11112,1.27,0.193918,6361.4,3.8251,0.0892856,0.106818,0.0253856,7.68561125,DWARF,0.0001236658,0.0117989574,179
TIC_322202434,322202434,0.942619,0.0473292,0.97,0.121539,5521.0,4.47617,0.0816631,1.15814,0.269215,0.7437694,DWARF,0.00352734025,0.0548220947,226
TIC_32283946,32283946,1.47779,0.0754171,1.06,0.131324,5862.0,4.12415,0.0805507,0.328448,0.072177,2.32329249,DWARF,0.00039053784,0.000529497047,32
TIC_322862882,322862882,,,,,4289.0,,,,,,,,,
TIC_323658120,323658120,1.31777,0.0619346,1.033,0.130278,5767.0,4.21249,0.0750977,0.451424,0.0915634,1.73049974,DWARF,0.0,0.0504039265,53
TIC_324395151,324395151,,,,,,,,,,,,,,
TIC_325172035,325172035,,,,,,,,,,,,,,
TIC_325680697,325680697,1.23047,0.0574598,1.035,0.124826,5773.74,4.27286,0.0754332,0.555551,0.114463,1.51589012,DWARF,0.00247235643,0.019766422,35
TIC_326114850,326114850,1.49644,0.071206,1.187,0.165927,6194.0,4.1624,0.0812996,0.354217,0.0784198,2.969619,DWARF,0.000159913528,0.07697239,1268
TIC_326347927,326347927,1.08572,0.0788241,0.771,0.0901005,4780.0,4.25368,0.0945344,0.602418,0.167407,0.554426253,DWARF,5.403599e-05,0.217916086,1054
TIC_326470400,326470400,0.86066,0.0451759,1.0,0.12201,5659.0,4.5684,0.0757176,1.56858,0.327444,0.6844101,DWARF,0.0002520294,1.62322068,2190
TIC_326732851,326732851,4.96032,,,,4963.0,,,,,,GIANT,,,
TIC_326919774,326919774,4.72499,0.203831,2.32,0.31402,9146.0,3.45475,0.0733382,0.0219931,0.00431169,140.740936,DWARF,0.000523356663,0.00758007,174
TIC_327011842,327011842,5.38747,,,,4975.0,,,,,,GIANT,,,
TIC_327017634,327017634,28.3379,,,,4827.0,,,,,,GIANT,,,
TIC_327210623,327210623,,,,,3177.0,,,,,,,,,
TIC_327577308,327577308,0.700029,0.0545729,0.7,0.0831866,4475.0,4.59293,0.0977563,2.04056,0.60468,0.177051157,DWARF,0.000291545963,0.06516799,621
TIC_327663613,327663613,2.73105,0.0797412,2.61,0.340599,10154.0,3.98205,0.0641839,0.12813,0.0203561,71.43374,DWARF,0.000137579947,0.03732866,2216
TIC_328167090,328167090,1.92779,,1.034,,5773.0,3.88247,,0.144325,,3.71894073,DWARF,,,
TIC_32830028,32830028,0.306648,0.00935399,0.284217,0.0202917,3177.0,4.91844,0.00455568,9.85666,0.197151,0.008630657,DWARF,0.0008394923,0.0321617573,103
TIC_328750515,328750515,2.078,0.0756332,1.759,0.277908,7577.0,4.04804,0.0793383,0.196032,0.0402858,12.8225956,DWARF,5.82043067e-05,0.6613847,671
TIC_329145325,329145325,1.58202,0.0632261,1.64,0.369883,7274.0,4.25449,0.109988,0.414197,0.124609,6.31265974,DWARF,0.000120936093,0.157572031,1102
TIC_329277372,329277372,,,,,,,,,,,,,,
TIC_329709756,329709756,0.585763,0.0183462,0.576314,0.0208602,3923.0,4.66328,0.0114867,2.86743,0.165907,0.07321698,DWARF,0.000348997652,0.357935756,1128
TIC_329864959,329864959,,,,,,,,,,,DWARF,,,
TIC_330332501,330332501,2.06949,0.0925729,1.37,0.236728,6585.0,3.94306,0.0923102,0.154573,0.0377534,7.25509071,DWARF,7.66406447e-05,0.26312384,1647
TIC_330468175,330468175,2.35783,0.073083,2.27,0.32272,8999.0,4.04907,0.0689207,0.173176,0.0299565,32.84708,DWARF,8.203938e-05,0.126842409,1474
TIC_33091633,33091633,1.96864,,,,7773.0,,,,,,DWARF,6.18429e-05,0.169336379,478
TIC_331034236,331034236,2.07071,0.0909045,1.254,0.192238,6338.0,3.90413,0.0870619,0.141233,0.0333147,6.233667,DWARF,0.000157889037,0.188725322,1086
TIC_331484419,331484419,3.81488,,,,5608.0,,,,,,GIANT,,,
TIC_33153766,33153766,3.05531,0.142248,1.08,0.135507,5929.0,3.50138,0.0772507,0.0378667,0.0079297,10.392765,DWARF,0.000106457293,0.161568835,971
TIC_332154944,332154944,1.12985,0.0524624,1.139,0.157936,6082.0,4.38855,0.0829401,0.789689,0.180307,1.57371318,DWARF,0.0002596205,0.05673241,609
TIC_332630868,332630868,1.31484,,,,5895.37,,,,,,DWARF,0.0003026065,0.02302344,112
TIC_332660287,332660287,0.75413,0.0486181,0.82,0.0994234,4967.0,4.59699,0.088769,1.91195,0.494565,0.3118627,DWARF,0.000669871864,0.05574769,48
TIC_333821572,333821572,1.84443,0.0694899,2.005,0.305762,8192.0,4.20846,0.0769442,0.31954,0.0642176,13.8032389,DWARF,6.78079159e-05,0.139205888,771
TIC_334597566,334597566,1.48364,,,,6511.0,,,,,,DWARF,4.620319e-05,0.503479958,587
TIC_334911765,334911765,1.11181,0.0506282,1.13,0.148445,6072.0,4.39908,0.079424,0.822209,0.176312,1.513861,DWARF,0.000144026722,0.463133276,3918
TIC_335483600,335483600,,,,,12590.0,,,,,,,,,
TIC_335489455,335489455,0.891006,0.0426985,1.046,0.127685,5814.0,4.55784,0.0778528,1.47873,0.3095,0.817252755,DWARF,7.757795e-05,0.152449846,1050
TIC_335996558,335996558,1.28268,0.059201,1.176,0.192148,6168.0,4.29224,0.0976055,0.557249,0.144188,2.14541149,DWARF,0.000165721634,0.0606878921,842
TIC_336267424,336267424,1.31284,0.0728443,1.48,0.255652,6835.31,4.37191,0.0939989,0.654075,0.164734,3.38961339,DWARF,0.000448295585,0.0362774245,251
TIC_336456596,336456596,2.2492,0.0739321,1.83,0.325305,7751.0,3.99646,0.0850732,0.16083,0.0350554,16.4505825,DWARF,5.21621878e-05,0.175437376,919
TIC_33690636,33690636,0.932128,0.0762964,0.699,0.0849539,4462.0,4.34359,0.101948,0.863079,0.253484,0.310287446,DWARF,0.00129217585,0.0480644926,184
TIC_337129672,337129672,0.72245,0.0581784,0.68,0.0790813,4358.0,4.55296,0.098456,1.80337,0.533599,0.169613019,DWARF,0.0,0.0267829131,25
TIC_337274055,337274055,1.0077,,0.98,,5552.0,4.42263,,0.957695,,0.8692777,DWARF,,,
TIC_33878688,33878688,0.769618,0.0459347,0.88,0.107894,5168.33,4.61,0.0839093,1.93044,0.466172,0.380755544,DWARF,0.00564511726,0.216007218,210
TIC_339250695,339250695,1.14287,,1.09,,5947.0,4.3595,,0.730194,,1.47190142,DWARF,,,
TIC_339538183,339538183,1.77692,,,,7235.0,,,,,,DWARF,0.00113112165,0.177669331,102
TIC_339591840,339591840,0.408956,0.012138,0.401554,0.0202386,3476.0,4.81846,0.00388038,5.87103,0.226831,0.0219971761,DWARF,0.00127978285,0.183327734,1689
TIC_339636032,339636032,1.98385,0.0857412,1.39,0.234376,6636.0,3.98607,0.0867594,0.178029,0.0412702,6.87600756,DWARF,0.00391527964,0.00211366476,227
TIC_339733013,339733013,1.31852,0.0577387,1.07,0.1341,5905.84,4.22728,0.0751003,0.466796,0.0942483,1.905429,DWARF,0.004781634,0.0140083507,173
TIC_340700241,340700241,1.44678,,1.24,,6307.0,4.21068,,0.409461,,2.98395562,DWARF,,,
TIC_341186896,341186896,1.30367,0.0528467,1.39,0.231919,6635.0,4.35074,0.0871639,0.627348,0.143137,2.96753669,DWARF,0.00405843,0.127493754,257
TIC_341297143,341297143,1.32157,0.0597613,1.21,0.177054,6247.0,4.27867,0.0877123,0.524219,0.122021,2.39641714,DWARF,0.0006224488,0.0309086461,322
TIC_341419787,341419787,1.98859,0.0915978,1.12,0.146206,6029.0,3.89019,0.0795586,0.142423,0.0312758,4.70725965,DWARF,0.0008812747,0.0118980324,338
TIC_341444900,341444900,5.63665,,,,7527.0,,,,,,GIANT,,,
TIC_341544930,341544930,,,,,,,,,,,DWARF,,,
TIC_341729521,341729521,0.926261,0.045789,1.04,0.122464,5786.0,4.52163,0.075584,1.30868,0.280695,0.8663135,DWARF,0.00622914173,0.08904619,313
TIC_341805908,341805908,4.42729,0.401598,2.49,0.31699,9747.0,3.54199,0.0986539,0.0286936,0.00874542,159.3877,DWARF,1.99498245e-05,0.332189,1949
TIC_343442463,343442463,1.78185,0.052098,1.921,0.297438,7976.0,4.21985,0.0764154,0.339558,0.0645426,11.5765162,DWARF,0.000202445575,0.125362143,948
TIC_343708863,343708863,3.44286,0.123337,2.68,0.361704,10390.0,3.79236,0.0679256,0.0656717,0.011451,124.449921,DWARF,5.82460671e-05,0.223799482,1691
TIC_344085117,344085117,1.25112,0.0609448,1.05,0.132818,5832.0,4.26466,0.0765747,0.536163,0.111175,1.631398,DWARF,0.0007715262,0.126728415,200
TIC_344416349,344416349,2.20738,0.12182,1.18,0.158513,6167.0,3.82219,0.0879489,0.109711,0.0264773,6.34959364,DWARF,0.000179703944,0.283974439,733
TIC_344600402,344600402,1.13595,0.0575427,1.01,0.120539,5678.0,4.33167,0.0759014,0.689038,0.150791,1.20835674,DWARF,0.000129860317,0.327184618,2739
TIC_34466256,34466256,1.60071,0.0797136,1.42,0.244784,6699.0,4.18173,0.0912568,0.346218,0.0816706,4.64900827,DWARF,0.000274610968,0.0175007284,119
TIC_34505005,34505005,1.08069,0.0454899,1.44,0.239396,6749.0,4.52903,0.0850268,1.14092,0.251803,2.18301749,DWARF,3.890989e-05,0.313387722,1010
TIC_345333936,345333936,1.35115,0.0680503,1.12,0.152973,6033.0,4.22588,0.0846024,0.454056,0.107001,2.17888379,DWARF,3.3580287e-05,0.682377458,632
TIC_34551972,34551972,2.03944,0.0992162,1.63,0.27897,7259.26,4.03123,0.0850558,0.192157,0.0442645,10.4060135,DWARF,0.000428178319,0.004003551,62
TIC_345724317,345724317,1.16961,0.0502312,1.246,0.184685,6320.63,4.39751,0.080762,0.778751,0.164755,1.96705246,DWARF,0.001384004,0.09226053,104
TIC_345996087,345996087,1.77104,0.061897,1.743,0.288543,7537.0,4.18291,0.08132,0.313769,0.0657035,9.11899,DWARF,9.71227637e-05,0.1061668,681
TIC_346418409,346418409,0.696945,0.04299,0.827,0.103223,4993.0,4.66918,0.0887258,2.44293,0.620161,0.271980554,DWARF,0.00221117679,0.03852341,171
TIC_347011522,347011522,1.76778,0.0848995,1.23,0.171578,6278.0,4.03312,0.0858096,0.222649,0.0510196,4.373576,DWARF,2.81840039e-05,0.111071326,500
TIC_347098457,347098457,49.1612,,,,4240.0,,,,,,GIANT,,,
TIC_347442932,347442932,0.966399,,1.22,,6256.0,4.55411,,1.35173,,1.2888267,DWARF,,,
TIC_348054109,348054109,0.365717,0.0118964,0.352341,0.0209649,3256.0,4.85874,0.00239245,7.20324,0.274093,0.0135432407,DWARF,0.00269728852,0.449865967,1008
TIC_348135793,348135793,2.11263,0.0913166,1.439,0.259024,6742.0,3.94648,0.0944728,0.152612,0.0374927,8.308026,DWARF,7.046903e-05,0.07143462,627
TIC_348673213,348673213,0.611023,0.0183221,0.59699,0.0203778,3896.0,4.64192,0.0112232,2.61694,0.146311,0.07749713,DWARF,0.000736105663,0.07113939,613
TIC_348684813,348684813,4.74771,,,,5133.0,,,,,,GIANT,,,
TIC_348755723,348755723,0.432309,0.0131007,0.427418,0.0204592,3265.0,4.79733,0.00552554,5.29017,0.227793,0.01913445,DWARF,0.0005177759,0.279913634,111
TIC_348844154,348844154,1.78366,0.0878894,1.05,0.133358,5837.0,3.95663,0.0775178,0.185034,0.0395354,3.32719231,DWARF,0.00156787864,0.04092533,145
TIC_349373192,349373192,2.49185,0.0880401,1.8,0.282418,7667.39,3.9003,0.0777444,0.116335,0.0229821,19.3342552,DWARF,0.00240873452,0.0319123119,179
TIC_349786918,349786918,1.59305,0.0736407,1.12,0.14755,6025.0,4.08283,0.0797625,0.277031,0.059905,3.01288772,DWARF,0.00367240724,0.6212216,194
TIC_349790953,349790953,12.2253,,,,4997.1,,,,,,GIANT,,,
TIC_350044062,350044062,1.6492,0.0778292,1.12,0.148215,6031.24,4.05274,0.0773716,0.249689,0.0517702,3.24240351,DWARF,0.0,0.150377616,34
TIC_350332997,350332997,2.09264,0.109347,0.97,0.121111,5537.0,3.78345,0.0806266,0.10585,0.0237613,3.708348,DWARF,0.000684083963,0.473251671,77
TIC_350445771,350445771,1.98958,0.101487,1.32,0.215025,6474.57,3.96112,0.0933687,0.167606,0.0424271,6.26702833,DWARF,0.00122482749,1.21724594,79
TIC_350743714,350743714,,,,,6038.0,,,,,,,0.00432676775,1.32292652,74
TIC_350995812,350995812,,,,,12433.0,,,,,,,,,
TIC_352924930,352924930,2.63655,0.108869,1.52,0.281712,6950.0,3.77784,0.0906118,0.0829343,0.0197016,14.6118994,DWARF,5.14541825e-05,0.03976788,550
TIC_35315453,35315453,2.04921,0.0978266,1.48,0.259407,6849.0,3.98516,0.0897243,0.17199,0.0409981,8.32483,DWARF,5.609944e-05,0.417625338,5687
TIC_353367071,353367071,2.11229,0.174472,1.888,0.290804,7895.71,4.06456,0.102632,0.200328,0.0601953,15.6230822,DWARF,6.648387e-05,0.059751574,341
TIC_353586703,353586703,1.17464,0.0553567,1.29,0.208437,6405.0,4.40885,0.0916999,0.795932,0.194147,2.09208965,DWARF,0.000330668234,0.203218639,206
TIC_35377903,35377903,1.9654,0.0901207,1.15,0.159614,6106.0,3.91186,0.0816372,0.151477,0.0339097,4.837517,DWARF,0.0005206268,0.00468438165,112
TIC_354006740,354006740,,,,,6170.0,,,,,,,,,
TIC_354151219,354151219,2.41327,0.142252,1.52,0.257152,6940.88,3.8547,0.0962568,0.10815,0.0286351,12.177659,DWARF,0.000209402351,0.0732658654,269
TIC_354285962,354285962,2.71604,0.124141,1.41,0.243085,6683.0,3.71942,0.0935438,0.0703741,0.0171762,13.2571888,DWARF,0.000147106635,0.439113259,345
TIC_354400186,354400186,2.46016,0.145206,2.24,0.318532,8884.0,4.00639,0.0801789,0.150438,0.0339345,33.9668922,DWARF,0.0006617922,0.0186747685,240
TIC_354442783,354442783,,,,,4667.62,,,,,,,,,
TIC_354594208,354594208,1.22451,0.0523567,1.119,0.143321,6033.55,4.31097,0.0734112,0.609452,0.118744,1.79024827,DWARF,0.00182480458,0.00578390434,71
TIC_354600221,354600221,1.68142,0.0777211,1.25,0.200894,6329.0,4.08362,0.0888859,0.262953,0.062319,4.08686161,DWARF,0.000127070976,0.0899302438,662
TIC_355636844,355636844,,,,,,,,,,,,,,
TIC_355732304,355732304,1.77913,0.0907362,1.4,0.235451,6657.0,4.08378,0.0913422,0.248603,0.0609538,5.60045576,DWARF,1.898386e-05,0.9936508,3175
TIC_356235833,356235833,0.952786,0.048603,0.96,0.121748,5477.0,4.46235,0.079111,1.1099,0.249885,0.735964,DWARF,0.004198693,0.015370613,186
TIC_356453768,356453768,1.55718,0.067211,1.21,0.175438,6239.48,4.13617,0.0840845,0.320453,0.0724951,3.31107163,DWARF,0.001441145,0.126776069,717
TIC_356461227,356461227,,,,,,,,,,,,,,
TIC_356868487,356868487,1.39013,,,,6327.0,,,,,,DWARF,0.0014159549,1.07336152,95
TIC_356919658,356919658,1.31941,0.0594573,1.29,0.191859,6404.0,4.3079,0.0823967,0.561632,0.126053,2.63790178,DWARF,0.00241937558,0.133578628,108
TIC_357416482,357416482,1.33874,,,,6362.56,,,,,,DWARF,0.00373342284,0.0207485128,49
TIC_357457104,357457104,,,,,,,,,,,,,,
TIC_357536526,357536526,1.65963,0.085402,0.98,0.122252,5560.0,3.98927,0.0778468,0.214385,0.04572,2.37145543,DWARF,0.00118213985,0.09591722,569
TIC_357538688,357538688,2.47928,0.116583,1.27,0.198641,6364.0,3.75322,0.0917971,0.0833354,0.0204574,9.083744,DWARF,0.0003565419,0.19000037,638
TIC_357972447,357972447,1.37318,0.051804,1.683,0.309446,7387.0,4.3887,0.0950582,0.649984,0.152953,5.058497,DWARF,0.000170134954,0.07547814,634
TIC_358072664,358072664,1.62602,0.0889447,0.98,0.123093,5541.0,4.00704,0.0807962,0.227954,0.0512652,2.24543023,DWARF,2.691519e-05,0.3255405,1200
TIC_358186451,358186451,1.73498,0.074407,1.604,0.316671,7176.0,4.16468,0.101771,0.30713,0.0818378,7.19137955,DWARF,6.945766e-05,0.251391053,1714
TIC_358631536,358631536,1.65084,0.189748,2.452,0.409721,9622.0,4.39218,0.150827,0.545007,0.239594,21.0459538,DWARF,0.000139940268,0.123988822,1339
TIC_35883621,35883621,2.33186,0.117458,1.214,0.173926,6251.11,3.78688,0.0848776,0.0957434,0.0222905,7.4804883,DWARF,0.000709864835,0.135300562,250
TIC_359496368,359496368,0.557752,0.0171126,0.552175,0.0206375,3897.0,4.68726,0.0104186,3.18239,0.174226,0.06463959,DWARF,0.0187463667,0.005297829,122
TIC_360286627,360286627,3.50866,0.120121,2.54,0.324766,9917.0,3.75262,0.0636787,0.0588043,0.00977837,107.275146,DWARF,5.04021446e-05,1.02710676,1291
TIC_360816293,360816293,1.13175,0.0699498,0.85,0.101571,5083.0,4.25999,0.0843299,0.586364,0.143518,0.7703287,DWARF,0.0005470188,1.002984,463
TIC_361034196,361034196,2.93941,0.13101,1.61,0.268741,7200.0,3.70837,0.0881206,0.0633934,0.0144984,20.9192448,DWARF,0.00048442345,0.126639217,1130
TIC_361998994,361998994,1.37347,,1.25,,6320.0,4.25934,,0.482447,,2.71146226,DWARF,,,
TIC_363260203,363260203,1.74161,0.0494849,2.32,0.319521,9158.0,4.32166,0.0651846,0.439175,0.073047,19.22196,DWARF,0.000246720156,0.11120858,1413
TIC_363635669,363635669,,,,,,,,,,,DWARF,,,
TIC_363761216,363761216,1.13939,0.0577086,1.068,0.144627,5887.0,4.35329,0.0795052,0.722027,0.16311,1.40480506,DWARF,0.0001820362,0.0840794742,462
TIC_364075352,364075352,1.26315,0.053397,1.396,0.242746,6641.0,4.38005,0.0919378,0.692668,0.16202,2.795989,DWARF,0.0022089933,0.03775132,123
TIC_364107753,364107753,1.30863,0.0539322,1.13,0.152036,6059.06,4.25751,0.0763773,0.504228,0.10512,2.07945681,DWARF,0.005429014,0.03090569,508
TIC_364408162,364408162,,,,,,,,,,,,,,
TIC_365389353,365389353,2.50378,0.103025,1.73,0.291997,7495.0,3.87892,0.0883468,0.110219,0.0254481,17.8227654,DWARF,6.04879933e-05,0.2456763,957
TIC_365639282,365639282,0.561478,0.0179393,0.555463,0.0211008,3692.0,4.68406,0.0112552,3.13803,0.181868,0.0527724139,DWARF,0.0006161293,0.01162912,198
TIC_365781372,365781372,2.83619,0.15112,2.42,0.341473,9502.0,3.91641,0.0777969,0.106075,0.0229153,59.07777,DWARF,0.000347794965,0.7136882,176
TIC_365952328,365952328,2.11371,0.126722,1.14,0.153379,6085.0,3.84488,0.0904415,0.120716,0.0300364,5.518607,DWARF,0.000153043744,0.112010218,391
TIC_366074069,366074069,2.30507,0.109186,1.166,0.186211,6146.0,3.7794,0.0907841,0.0952017,0.024399,6.830212,DWARF,8.52913945e-05,0.6171894,376
TIC_366563452,366563452,0.808444,0.0500101,0.84,0.102035,5028.0,4.54705,0.0859976,1.58975,0.386064,0.376336336,DWARF,0.009536517,0.0110657122,115
TIC_366602797,366602797,1.39542,,1.25,,6332.0,4.24557,,0.460038,,2.820129,DWARF,,,
TIC_367099243,367099243,1.2263,0.0484925,1.484,0.320987,6855.0,4.43231,0.109926,0.804715,0.230219,2.99170661,DWARF,0.00229838816,0.0129477689,166
TIC_367102581,367102581,1.88829,0.0627538,2.279,0.330123,9024.0,4.24368,0.06545,0.338486,0.056065,21.3023148,DWARF,0.00221626414,0.07729764,99
TIC_367287018,367287018,2.48092,0.117708,1.16,0.169674,6139.0,3.7133,0.086321,0.0759659,0.0176874,7.8761034,DWARF,0.000352347415,0.18225877,260
TIC_367913453,367913453,1.84474,0.0937487,1.04,0.129783,5778.0,3.92323,0.0808491,0.165664,0.0375034,3.41724038,DWARF,0.000291828561,0.0564747341,194
TIC_368536386,368536386,1.99659,0.0791608,1.607,0.288327,7185.0,4.04351,0.087882,0.201906,0.0463418,9.571484,DWARF,5.21989277e-05,0.029550571,320
TIC_369480087,369480087,0.347331,0.0138193,0.331123,0.022815,3473.0,4.87657,0.00460571,7.90239,0.398552,0.0158125143,DWARF,0.0,0.121640675,30
TIC_369861731,369861731,1.15251,0.0618693,0.99,0.122869,5617.0,4.31042,0.0779158,0.646704,0.142813,1.19123912,DWARF,0.000610195333,0.389747381,164
TIC_369864738,369864738,2.20928,0.0914648,1.47,0.251326,6819.0,3.91688,0.0883474,0.136322,0.0316527,9.507751,DWARF,0.00141796726,0.0352846645,182
TIC_370745311,370745311,0.926801,0.0480226,1.0,0.119578,5622.0,4.50409,0.0741054,1.25615,0.26546,0.7730916,DWARF,0.00355977216,0.131354645,599
TIC_370759867,370759867,0.9652,0.0451759,1.061,0.134861,5865.0,4.49455,0.0770403,1.17995,0.252966,0.99312,DWARF,0.000275050028,0.13777335,401
TIC_37084932,37084932,2.92734,0.134073,2.51,0.337469,9839.0,3.9048,0.071014,0.100059,0.0190808,72.3508453,DWARF,5.392069e-05,0.162045836,485
TIC_370877263,370877263,1.27963,0.0575176,1.3,0.201432,6429.0,4.33784,0.0880257,0.620425,0.146488,2.52021623,DWARF,0.002613164,0.0978743061,681
TIC_371210825,371210825,0.886884,0.070412,0.665,0.0751074,4252.94,4.36516,0.0942968,0.95328,0.265145,0.231838584,DWARF,0.00109785888,0.014284201,120
TIC_371673488,371673488,1.8463,0.0679021,2.245,0.383082,8911.0,4.25668,0.092729,0.356706,0.0875131,19.3644257,DWARF,0.00012160089,0.0295928363,369
TIC_371711170,371711170,3.30582,0.214598,1.16,0.156119,6126.0,3.46397,0.0898623,0.0321085,0.00805943,13.8663177,DWARF,0.0001227731,0.0479719564,114
TIC_372505528,372505528,1.51167,0.0661583,1.473,0.251343,6827.0,4.24736,0.0920297,0.426413,0.100575,4.472283,DWARF,6.970459e-05,0.269792855,854
TIC_372596796,372596796,1.13778,0.0565201,1.1,0.14277,5971.0,4.36735,0.0799785,0.746828,0.163665,1.48251045,DWARF,5.678612e-05,1.1594857,956
TIC_372913430,372913430,3.39086,0.0938592,2.66,0.34902,10341.0,3.80233,0.0644916,0.0682261,0.0109808,118.458359,DWARF,0.00192233163,0.2326344,318
TIC_373424049,373424049,1.82039,0.052809,2.12,0.313598,8508.0,4.24408,0.0734438,0.351435,0.0629308,15.6434393,DWARF,0.000244498457,0.222477853,2294
TIC_373453507,373453507,1.36724,0.0729347,0.99,0.122359,5600.0,4.16201,0.0780742,0.387349,0.0843123,1.65628564,DWARF,0.0007042027,0.0396757349,165
TIC_373576942,373576942,1.58721,0.0767714,1.21,0.173465,6245.0,4.11958,0.0884598,0.302607,0.0739334,3.45219231,DWARF,2.133161e-05,0.246274337,732
TIC_373614579,373614579,0.824569,0.0476683,0.89,0.111256,5236.07,4.555,0.085797,1.58748,0.38658,0.46043703,DWARF,0.0004999831,0.0251595564,89
TIC_373729723,373729723,0.834311,0.0508116,0.9,0.116516,5268.88,4.54965,0.0847507,1.54974,0.377687,0.483307481,DWARF,0.0006783827,0.009265462,27
TIC_373785851,373785851,2.3559,0.105201,1.5,0.302938,6895.0,3.86985,0.0981174,0.114716,0.0304244,11.3017073,DWARF,6.09573326e-05,0.246937066,839
TIC_374177909,374177909,0.288517,0.00890506,0.263571,0.0203103,3314.0,4.93862,0.00671495,10.9745,0.168894,0.009045811,DWARF,0.000791987637,0.0416751429,206
TIC_374200604,374200604,1.65999,0.100274,1.01,0.126281,5690.18,4.00218,0.0836255,0.220803,0.0542447,2.6026144,DWARF,0.000218979068,0.122245975,30
TIC_374400599,374400599,2.04225,0.0709447,1.72,0.275968,7492.0,4.05338,0.0806343,0.20193,0.0412005,11.8386917,DWARF,8.51125442e-05,0.0698879,689
TIC_374778982,374778982,0.8657,,0.855,,5097.0,4.4953,,1.31784,,0.455709338,DWARF,,,
TIC_374847873,374847873,,,,,,,,,,,DWARF,,,
TIC_375199523,375199523,2.32054,0.139297,0.93,0.119039,5369.0,3.67537,0.0818446,0.0744249,0.0173206,4.03129673,DWARF,0.000172576227,0.367559165,330
TIC_375225453,375225453,2.89089,0.125277,1.36,0.225456,6553.0,3.64954,0.0901127,0.056292,0.0130512,13.88408,DWARF,0.0009094936,0.02127727,270
TIC_37575651,37575651,,,,,,,,,,,DWARF,,,
TIC_376682699,376682699,1.99603,0.063392,2.34,0.338867,9218.0,4.20695,0.0724171,0.294251,0.0568562,25.9163532,DWARF,9.02831744e-05,0.237040266,457
TIC_376740324,376740324,,,,,12581.0,,,,,,,,,
TIC_376838000,376838000,1.99806,0.0950629,2.74,0.417143,10596.0,4.2746,0.0930953,0.3435,0.08333,45.33963,DWARF,0.000123558057,0.0419015549,449
TIC_377024332,377024332,1.35732,0.0532261,1.19,0.171777,6200.0,4.24825,0.0783394,0.475887,0.09828,2.45258212,DWARF,0.0,0.0900988057,46
TIC_377144784,377144784,4.72692,,,,5017.0,,,,,,GIANT,,,
TIC_377165123,377165123,0.841399,0.0512814,0.85,0.106445,5095.0,4.51748,0.0875198,1.42696,0.361146,0.4298091,DWARF,0.00168119138,0.1494899,161
TIC_377290815,377290815,1.83603,0.078294,1.239,0.188028,6306.0,4.00338,0.0842943,0.200186,0.0460358,4.802511,DWARF,0.00301378,0.0110486671,204
TIC_377304435,377304435,2.13841,0.0982411,1.24,0.190396,6314.0,3.87131,0.0891088,0.126808,0.0297985,6.54782,DWARF,0.0010912749,0.156694725,188
TIC_377420580,377420580,,,,,,,,,,,SUBGIANT,,,
TIC_377739433,377739433,3.39694,0.152869,1.34,0.238065,6524.0,3.503,0.0920381,0.0341854,0.00855585,18.83332,DWARF,4.344728e-05,0.0614791252,611
TIC_378355116,378355116,2.08341,1.46121,,,8124.0,,,,,,DWARF,5.37304222e-05,0.39239338,490
TIC_379629854,379629854,1.62437,0.0775528,1.379,0.292712,6603.0,4.15626,0.121777,0.321743,0.0961675,4.51887369,DWARF,8.326767e-05,0.0522793233,297
TIC_379723086,379723086,1.44612,0.0715427,1.05,0.130332,5822.0,4.13885,0.0772315,0.3472,0.074679,2.16466117,DWARF,0.00137488451,0.03469566,795
TIC_379931600,379931600,,,,,,,,,,,GIANT,,,
TIC_380517859,380517859,0.490423,0.0160905,0.488511,0.0214147,3613.0,4.7458,0.00945791,4.14154,0.226384,0.0369239561,DWARF,0.0002279501,0.409361839,1516
TIC_380886535,380886535,1.51595,0.0906633,1.05,0.130085,5829.55,4.09788,0.0849062,0.301391,0.0733123,2.39115357,DWARF,0.0002659943,0.110421106,33
TIC_382188882,382188882,1.58083,0.0739598,1.3,0.211301,6443.0,4.15424,0.0915159,0.32907,0.0795726,3.879871,DWARF,0.002565557,0.00477526,66
TIC_382302241,382302241,0.765346,0.0491457,0.87,0.107354,5144.67,4.60987,0.0888438,1.94065,0.507917,0.369691938,DWARF,0.006222934,0.2480358,87
TIC_382331352,382331352,,,,,,,,,,,,,,
TIC_382437043,382437043,2.04178,0.0960201,1.3,0.205342,6434.0,3.93199,0.0875467,0.152727,0.0356937,6.43631268,DWARF,0.00404881453,0.14162226,218
TIC_382474101,382474101,,,,,,,,,,,DWARF,,,
TIC_383531859,383531859,2.14183,,,,8331.0,,,,,,DWARF,9.683037e-05,0.109263487,1969
TIC_383666033,383666033,1.03079,0.0476458,1.16,0.152744,6138.0,4.47619,0.0783516,1.05913,0.225111,1.35875165,DWARF,0.000150529289,0.108355209,1276
TIC_383723559,383723559,2.18295,0.0984801,1.178,0.170457,6173.0,3.83113,0.0859016,0.113244,0.0259971,6.23398447,DWARF,0.00136691716,0.002489473,214
TIC_384045439,384045439,0.680979,0.0403618,0.86,0.104235,5113.0,4.7063,0.0857508,2.72331,0.654748,0.285539,DWARF,0.000516058761,0.114678673,1065
TIC_384386061,384386061,,,,,,,,,,,,,,
TIC_384549882,384549882,2.51982,0.0942966,3.17,0.422288,11892.0,4.13639,0.0688221,0.19813,0.0327456,114.4074,DWARF,0.000152620531,0.116304494,1806
TIC_384744828,384744828,2.40325,0.107332,1.37,0.226823,6588.0,3.81319,0.0863156,0.0987019,0.0229862,9.801797,DWARF,0.0008529375,0.0804774538,248
TIC_385105624,385105624,1.52868,0.147035,1.2,0.167627,6222.3,4.14862,0.114419,0.335918,0.106725,3.15595269,DWARF,7.52657361e-05,0.545081437,292
TIC_385624852,385624852,3.05175,0.0871231,2.3,0.333768,9081.0,3.8307,0.0688326,0.0809248,0.0137261,57.0593338,DWARF,0.000150473177,0.0163648427,1823
TIC_386297468,386297468,1.59848,0.0708593,1.46,0.246599,6793.0,4.195,0.0867795,0.35746,0.0831123,4.90182638,DWARF,3.63206673e-05,0.562155366,1255
TIC_386435344,386435344,1.88186,0.0818217,1.323,0.207821,6483.0,4.01045,0.0862874,0.198517,0.0445294,5.63603163,DWARF,0.00166968035,0.005796253,247
TIC_38686737,38686737,1.31913,0.0656407,1.42,0.24065,6689.0,4.34978,0.0937684,0.618618,0.151428,3.138462,DWARF,0.000272886071,0.00696181366,35
TIC_387079085,387079085,2.04252,0.0895929,1.35,0.230491,6534.0,3.94807,0.0892669,0.158428,0.0360861,6.85085964,DWARF,0.000144729886,0.110496379,4831
TIC_387413037,387413037,1.52887,0.0640704,1.44,0.247168,6745.0,4.22769,0.0898305,0.402947,0.0920219,4.35878372,DWARF,0.00219194056,0.04793219,233
TIC_387603144,387603144,1.16139,0.0508392,1.201,0.170375,6223.0,4.38766,0.0827407,0.766679,0.169768,1.82241368,DWARF,0.00177303189,0.038396325,272
TIC_387664866,387664866,3.81133,0.170774,1.333,0.27907,6504.0,3.40075,0.107228,0.024077,0.00713578,23.4190464,DWARF,5.76761777e-05,0.547863543,1147
TIC_387834907,387834907,,,,,,,,,,,GIANT,,,
TIC_388076005,388076005,1.00137,0.0470352,1.107,0.143434,6001.0,4.48102,0.0778326,1.10245,0.233405,1.1716069,DWARF,0.0032089008,3.47865248,273
TIC_388130235,388130235,3.00338,,,,5030.6,,,,,,GIANT,,,
TIC_388624270,388624270,0.853898,0.0413895,1.01,0.12676,5690.0,4.57958,0.0795017,1.62219,0.352832,0.688582838,DWARF,0.000462154625,0.102391772,568
TIC_389182138,389182138,0.794852,0.0448844,0.899,0.113743,5256.0,4.59125,0.0839587,1.7902,0.427931,0.4343987,DWARF,0.000292561657,0.140227661,822
TIC_389238529,389238529,1.40974,0.0908719,1.54,0.269981,7000.0,4.32731,0.105069,0.549673,0.159952,4.298971,DWARF,0.000568986,0.126439244,158
TIC_389371332,389371332,0.64011,0.0189905,0.61966,0.0202647,3917.0,4.61771,0.0115687,2.3626,0.133223,0.08689969,DWARF,0.003152231,0.152097508,1985
TIC_389525208,389525208,2.57134,0.125276,1.17,0.165402,6149.0,3.68593,0.0838917,0.0688186,0.0156058,8.515944,DWARF,0.000458845345,0.0611918,110
TIC_389999924,389999924,1.18044,0.0530653,1.2,0.168284,6213.0,4.37316,0.0810375,0.729539,0.158004,1.87063313,DWARF,3.78475961e-05,1.73999047,3388
TIC_39077574,39077574,1.10992,,1.07,,5886.64,4.37687,,0.782548,,1.33274353,DWARF,,,
TIC_391821647,391821647,0.941576,0.0378015,1.52,0.269856,6952.0,4.6722,0.0895348,1.82087,0.412037,1.86571062,DWARF,0.00476284,0.4975726,10403
TIC_392112968,392112968,1.55002,,1.58,,7108.0,4.25605,,0.424273,,5.5253377,DWARF,,,
TIC_393251073,393251073,0.864334,0.0507438,0.906,0.114988,5279.0,4.52183,0.0858811,1.40308,0.33492,0.522714257,DWARF,0.00095694256,0.0174141657,60
TIC_393911494,393911494,0.976212,0.0483266,0.988,0.125293,5590.0,4.45374,0.0788276,1.062,0.229429,0.8383591,DWARF,0.00299932552,0.0392511263,17
TIC_394509844,394509844,1.40929,0.0672161,1.06,0.139153,5855.0,4.16537,0.0825925,0.378711,0.0862288,2.1028142,DWARF,0.00155179622,0.242571563,268
TIC_395773226,395773226,1.69418,0.110452,0.86,0.102923,5115.0,3.91465,0.0900028,0.176856,0.0452778,1.77009141,DWARF,0.000394214963,0.168712869,175
TIC_398733009,398733009,0.18,0.104,0.47,0.03,31000.0,5.59962,0.544746,80.5899,80.5899,26.9579277,DWARF,0.0,0.03582896,21
TIC_398912927,398912927,1.56509,0.0745728,1.06,0.127955,5856.2,4.07429,0.075055,0.276495,0.0578629,2.59559584,DWARF,0.000535667059,0.0041601276,34
TIC_399144800,399144800,0.989667,0.0531859,0.95,0.121383,5448.0,4.42481,0.0823667,0.980068,0.226367,0.7773587,DWARF,0.000215589389,0.144374087,1457
TIC_399444057,399444057,2.46239,0.105965,1.56,0.258149,7047.0,3.84848,0.086106,0.104486,0.0239394,13.4717417,DWARF,2.17717552e-05,0.158509433,728
TIC_399613138,399613138,1.44745,0.0686081,1.33,0.220016,6496.0,4.24071,0.0870579,0.438574,0.104174,3.3611238,DWARF,0.000279585831,0.132120833,282
TIC_399642071,399642071,0.617703,0.0645854,0.62,0.08314,3953.0,4.6489,0.120623,2.63059,0.980576,0.08393843,DWARF,0.0001510333,9.640236,929
TIC_399956873,399956873,1.60904,0.0738191,1.42,0.234928,6692.0,4.17722,0.0891659,0.340867,0.0804583,4.6779356,DWARF,0.000675121846,0.125692084,208
TIC_400323948,400323948,2.62415,,,,4876.0,,,,,,GIANT,,,
TIC_400395395,400395395,1.63839,0.0682236,1.52,0.269458,6947.0,4.19108,0.0903137,0.345616,0.080711,5.632706,DWARF,2.97429e-05,0.591004431,1005
TIC_400476523,400476523,1.65271,0.0797588,1.38,0.233352,6615.0,4.14155,0.0902475,0.305696,0.0738815,4.71201563,DWARF,0.000705924351,0.11201445,233
TIC_400595342,400595342,1.60776,0.0427739,2.51,0.343034,9810.0,4.4253,0.0641468,0.603962,0.0955347,21.56819,DWARF,0.000169383886,0.07248943,800
TIC_400786146,400786146,1.6267,0.0768643,1.16,0.154554,6123.0,4.07991,0.0824875,0.269486,0.0606036,3.350933,DWARF,8.751617e-05,0.368395865,1779
TIC_402848417,402848417,1.53909,0.0750955,1.07,0.137449,5888.0,4.09292,0.0782907,0.293489,0.0626358,2.565041,DWARF,0.000407881918,0.0285669044,145
TIC_403136413,403136413,2.21081,0.112362,1.15,0.158958,6115.77,3.80966,0.0847652,0.106424,0.0251906,6.16032839,DWARF,0.000311384065,0.0745954,75
TIC_403256331,403256331,4.62151,0.15609,2.59,0.340593,10097.0,3.5218,0.0672667,0.0262391,0.00466789,200.0007,DWARF,3.24153225e-05,0.282891452,628
TIC_403287048,403287048,1.25076,0.0565176,1.26,0.191402,6343.0,4.34409,0.0860272,0.643941,0.149162,2.28151512,DWARF,0.000715897942,0.190392584,73
TIC_403308915,403308915,1.75481,0.0585553,2.079,0.305957,8398.0,4.26746,0.0711448,0.38474,0.0693736,13.7992773,DWARF,9.917026e-05,0.018780522,511
TIC_403693875,403693875,0.648244,,0.628,,4016.0,4.61255,,2.30538,,0.09847977,DWARF,,,
TIC_404610583,404610583,1.04244,0.0510854,1.14,0.150742,6084.0,4.45887,0.0815947,1.00637,0.222624,1.34137583,DWARF,0.001300388,0.275037825,73
TIC_405484221,405484221,0.289034,0.010993,0.264156,0.0215732,3090.0,4.93803,0.00249581,10.9399,0.353062,0.00686161732,DWARF,0.0,0.0206162278,80
TIC_405794804,405794804,1.6499,0.0513568,1.934,0.333972,8009.0,4.28961,0.0843395,0.430608,0.0916965,10.09076,DWARF,0.000192028558,0.0486659557,434
TIC_405862830,405862830,0.73404,0.0411332,0.86,0.106524,5107.77,4.64113,0.0812615,2.1744,0.497182,0.33041507,DWARF,0.002478288,0.07519895,1004
TIC_405904232,405904232,1.85543,0.0830301,1.26,0.192838,6349.0,4.00155,0.0843599,0.197258,0.0452534,5.039723,DWARF,0.001357987,0.06585844,560
TIC_406190563,406190563,3.07875,0.138329,1.46,0.251227,6802.0,3.62567,0.0953337,0.0500297,0.0128273,18.28063,DWARF,3.627398e-05,0.2626858,1407
TIC_406855039,406855039,2.1806,0.110729,1.007,0.125115,5668.0,3.76394,0.0773866,0.0971178,0.0210101,4.42148066,DWARF,0.003245526,0.09893709,87
TIC_407146536,407146536,2.77296,0.144362,1.08,0.139962,5914.8,3.5856,0.0823309,0.0506514,0.0116012,8.47897,DWARF,0.000249431265,0.815176,296
TIC_407146538,407146538,1.62347,0.0865578,0.98,0.122365,5551.0,4.00841,0.0812454,0.229031,0.0524408,2.25459266,DWARF,0.000334970216,1.78675365,295
TIC_407394748,407394748,1.76629,,,,7205.0,,,,,,DWARF,0.00180444808,0.0138540464,193
TIC_40779013,40779013,,,,,,,,,,,,,,
TIC_408159788,408159788,0.84766,0.0441106,0.982,0.129021,5567.0,4.57374,0.083542,1.6123,0.373187,0.621759951,DWARF,0.00161862373,0.022252012,174
TIC_408203470,408203470,0.38621,0.0118685,0.375832,0.0205222,3446.0,4.83941,0.00296261,6.52414,0.245099,0.018949721,DWARF,0.0016331696,0.117486469,953
TIC_408549705,408549705,1.08695,0.049809,1.11,0.144507,5999.0,4.41098,0.0798359,0.864371,0.188432,1.37855935,DWARF,0.000468710874,0.0331125967,74
TIC_408729765,408729765,1.15751,0.0556356,1.11,0.14784,5999.0,4.35634,0.0802326,0.715723,0.161261,1.56337166,DWARF,0.0003936276,0.0276283268,160
TIC_409183335,409183335,1.75529,,,,7174.0,,,,,,DWARF,9.7365024e-05,0.0735857859,327
TIC_409459226,409459226,102.025,,,,3435.0,,,,,,GIANT,,,
TIC_409520860,409520860,1.40108,0.0640251,1.148,0.152774,6104.0,4.20508,0.0794897,0.417398,0.0894782,2.45516586,DWARF,0.00105225644,0.0196727384,108
TIC_40954422,40954422,2.58839,0.114573,1.396,0.248221,6640.0,3.75689,0.0936033,0.0805004,0.0203517,11.7334423,DWARF,5.82169378e-05,0.6929274,2536
TIC_410245915,410245915,1.50132,,,,6547.0,,,,,,DWARF,0.00104161713,0.010578718,175
TIC_410528770,410528770,2.40645,0.126915,1.002,0.128522,5647.0,3.67618,0.0827264,0.0719018,0.016551,5.305397,DWARF,6.45526e-05,0.165349916,966
TIC_412014494,412014494,2.12948,0.0836181,1.64,0.269953,7262.0,3.99636,0.0830033,0.169833,0.0371625,11.3623266,DWARF,0.00106774876,0.003949623,269
TIC_412257781,412257781,1.50465,0.0721105,1.35,0.225947,6550.0,4.21353,0.0911817,0.396302,0.0960763,3.75432324,DWARF,2.19448975e-05,0.2166403,753
TIC_412259468,412259468,1.70185,0.0645226,1.94,0.310962,8037.0,4.26402,0.0793857,0.393582,0.0805134,10.8871746,DWARF,5.5284956e-05,0.0834108442,753
TIC_41227743,41227743,,,,,,,,,,,DWARF,,,
TIC_412961700,412961700,5.78884,,,,10817.0,,,,,,GIANT,,,
TIC_41330864,41330864,1.49567,0.0701181,1.199,0.176391,6220.0,4.16722,0.0861008,0.358354,0.0850701,3.01666975,DWARF,0.000119749406,0.226780862,2850
TIC_41422753,41422753,0.973537,0.0462864,1.152,0.15946,6114.0,4.52282,0.0823447,1.24852,0.290945,1.19316638,DWARF,5.92530378e-05,0.408966184,2351
TIC_414870287,414870287,342.27,,,,3686.0,,,,,,GIANT,,,
TIC_415741431,415741431,3.8653,0.152281,2.05,0.313483,8326.0,3.57545,0.0764814,0.0354979,0.00722109,64.68563,DWARF,2.82552246e-05,0.218789235,1168
TIC_415969574,415969574,,,,,,,,,,,DWARF,,,
TIC_416624606,416624606,2.10685,0.10353,1.08,0.15545,5915.0,3.82422,0.0866524,0.115484,0.0274542,4.895326,DWARF,8.93286851e-05,0.165651664,816
TIC_416987878,416987878,2.6541,0.0904445,2.06,0.32162,8342.0,3.9041,0.0763056,0.110183,0.0212784,30.7334251,DWARF,5.40322071e-05,0.08214841,937
TIC_417705690,417705690,1.03718,0.0524774,0.944,0.119611,5420.0,4.38133,0.0771435,0.846067,0.186854,0.836379647,DWARF,0.003180286,0.06055664,217
TIC_41865539,41865539,0.984744,0.0477588,1.2,0.171697,6222.07,4.5306,0.0872877,1.25664,0.294026,1.30942619,DWARF,0.000547866337,0.00440921029,33
TIC_418866096,418866096,1.17565,0.0820629,0.941,0.123657,5410.07,4.2711,0.0913145,0.579108,0.155423,1.06674254,DWARF,0.00033085703,0.00599603355,69
TIC_418959198,418959198,0.799965,0.0529221,0.71,0.0819022,4528.99,4.48318,0.0859122,1.3869,0.356365,0.242573053,DWARF,0.00232720724,0.0346216336,135
TIC_418971787,418971787,0.726149,,0.82,,4963.0,4.62983,,2.14159,,0.288219422,DWARF,,,
TIC_418987806,418987806,4.27296,0.169425,1.509,0.265816,6919.0,3.3553,0.0879709,0.019342,0.00433521,37.69866,DWARF,4.73244072e-05,0.0253345855,900
TIC_419419534,419419534,2.35492,0.107487,1.2,0.17055,6221.0,3.7733,0.0850857,0.0918863,0.0214074,7.483229,DWARF,4.06274157e-05,0.2952121,977
TIC_419858461,419858461,1.12503,,1.44,,6748.0,4.4941,,1.01128,,2.364406,DWARF,,,
TIC_420112587,420112587,0.254522,0.00770836,0.225771,0.020157,3212.0,4.98029,0.0125638,13.6928,0.0358842,0.00621223,DWARF,0.0116671538,1.1061362,117
TIC_42015200,42015200,2.86583,,,,4513.0,,,,,,GIANT,,,
TIC_420288086,420288086,2.67471,0.0918192,2.37,0.333724,9324.0,3.95826,0.0721956,0.123857,0.0231247,48.714283,DWARF,4.57252536e-05,0.0708116144,359
TIC_420645189,420645189,1.02867,0.0474372,1.084,0.136359,5937.0,4.44855,0.0775541,0.995875,0.211601,1.18443882,DWARF,0.00250275061,0.028717272,185
TIC_420803693,420803693,0.889108,0.0419548,1.102,0.14026,5987.0,4.58234,0.0795717,1.5679,0.344808,0.9150413,DWARF,0.00156655628,0.06765735,120
TIC_42123111,42123111,6.37474,,,,11348.0,,,,,,GIANT,,,
TIC_421308357,421308357,2.63127,0.116503,1.38,0.229392,6595.0,3.73762,0.0854119,0.0757502,0.0176847,11.8000526,DWARF,0.00141193729,0.0188036151,184
TIC_422653398,422653398,1.66715,0.0800503,1.01,0.121403,5685.09,3.99844,0.0715914,0.217969,0.0440465,2.6157465,DWARF,0.00041907758,0.0112422863,25
TIC_422838133,422838133,1.64957,0.0726407,1.512,0.278628,6927.0,4.18288,0.0975323,0.336851,0.0850365,5.644405,DWARF,0.001640739,0.0197206121,374
TIC_423903685,423903685,1.55239,0.0913417,0.96,0.118695,5489.0,4.03833,0.0850163,0.256605,0.0611641,1.97093165,DWARF,0.0002345062,0.646919847,135
TIC_424699834,424699834,1.50878,0.0740277,1.08,0.130424,5911.0,4.11424,0.0785599,0.314446,0.0670953,2.50374675,DWARF,0.000577135535,0.139050975,238
TIC_424747720,424747720,0.593317,0.0176925,0.582602,0.0203219,3800.0,4.65687,0.0107538,2.78941,0.15246,0.06613063,DWARF,0.0006811178,0.0186643358,259
TIC_425163745,425163745,1.80903,0.096764,1.033,0.131281,5767.2,3.93728,0.0786965,0.174488,0.0382392,3.26170015,DWARF,0.000462533266,0.0228629,28
TIC_425220920,425220920,1.54377,0.087196,1.108,0.141922,6002.6,4.10544,0.086363,0.301158,0.0723819,2.787507,DWARF,0.000842743146,0.0365031,242
TIC_425721385,425721385,1.63378,0.0761307,1.19,0.168039,6209.0,4.08723,0.0835195,0.272875,0.0613744,3.57413173,DWARF,0.00113504706,0.0242158957,391
TIC_426017070,426017070,0.18,0.104,0.47,0.03,31000.0,5.59962,0.544746,80.5899,80.5899,26.9579277,DWARF,0.0,0.171307236,58
TIC_426077080,426077080,3.09235,0.144081,1.5,0.256186,6907.02,3.63358,0.0897186,0.0507253,0.0121789,19.6080856,DWARF,0.000724424142,0.04189697,458
TIC_427279997,427279997,2.68064,0.150807,2.48,0.340801,9714.0,3.97604,0.0779554,0.128747,0.0278792,57.64523,DWARF,4.18472155e-05,0.1298585,697
TIC_427348923,427348923,0.900553,0.0792713,0.692,0.0808524,4421.46,4.36915,0.101486,0.947497,0.285198,0.2792392,DWARF,0.0007317704,0.09196117,128
TIC_427352241,427352241,1.86761,0.079206,1.42,0.258561,6703.0,4.04779,0.0913171,0.217988,0.0536532,6.34369755,DWARF,0.000753445,0.473422229,134
TIC_42755801,42755801,3.82895,0.559158,2.53,0.377302,9900.0,3.67503,0.130629,0.0450692,0.0182883,126.880768,DWARF,4.548955e-05,0.032074254,412
TIC_427654774,427654774,0.275946,0.00848293,0.249431,0.0202596,3453.0,4.95337,0.00864275,11.8707,0.12856,0.009752798,DWARF,0.001328918,0.194001436,416
TIC_428065977,428065977,1.45678,0.0627915,1.51,0.264733,6928.0,4.29026,0.0900467,0.488421,0.115996,4.40468454,DWARF,0.000131824956,0.278245568,917
TIC_428685938,428685938,0.354199,0.0110169,0.339059,0.0205456,3376.0,4.86985,0.000676284,7.63015,0.249232,0.01468247,DWARF,0.000439783616,0.0115542635,73
TIC_429295277,429295277,1.39974,0.0613719,1.11,0.139188,6006.07,4.1913,0.0755892,0.404745,0.0842009,2.29694343,DWARF,0.00132263068,0.0385891162,644
TIC_429414530,429414530,,,,,,,,,,,,,,
TIC_4294779,4294779,0.540483,0.0238973,0.536614,0.0259742,3199.0,4.70217,0.0173915,3.39872,0.28732,0.0275623184,DWARF,6.30564e-05,0.8911906,161
TIC_430528566,430528566,1.35265,,1.338,,6515.0,4.30215,,0.54063,,2.96977139,DWARF,,,
TIC_430677414,430677414,1.80929,0.0532262,2.014,0.311572,8217.0,4.22711,0.0760873,0.340046,0.065147,13.4450426,DWARF,0.00025630265,0.05503841,1264
TIC_431148743,431148743,,,,,,,,,,,,,,
TIC_431156009,431156009,1.5779,0.0677412,1.234,0.190372,6294.0,4.13323,0.0854219,0.314108,0.0720884,3.52013254,DWARF,0.00018343993,0.252582729,743
TIC_431585347,431585347,2.32115,0.0800603,2.34,0.335234,9238.0,4.07588,0.0720364,0.187113,0.0352296,35.3520241,DWARF,0.000676793163,0.07486083,367
TIC_431899140,431899140,3.62341,0.231558,1.92,0.30957,7962.95,3.60313,0.0958818,0.0403596,0.010865,47.55833,DWARF,2.77891049e-05,0.108738683,349
TIC_431999925,431999925,0.437341,0.0218968,0.432904,0.027888,3401.0,4.79282,0.0155086,5.17525,0.445434,0.023054814,DWARF,0.0002810937,0.699985,593
TIC_432008938,432008938,0.35645,0.0107089,0.341657,0.0202832,3362.0,4.86766,0.000374509,7.54387,0.231687,0.0146245593,DWARF,0.0009596236,0.232862,736
TIC_434100688,434100688,2.08681,0.100342,1.23,0.184727,6290.0,3.88901,0.0865755,0.135349,0.0320942,6.1413517,DWARF,0.0006587618,0.01679474,26
TIC_434234955,434234955,3.60317,0.228324,1.54,0.263919,7011.02,3.51222,0.0937005,0.0329205,0.00858934,28.261097,DWARF,9.519672e-05,0.176047146,49
TIC_434718964,434718964,,,,,,,,,,,,,,
TIC_435167167,435167167,2.13963,0.0927588,1.72,0.323354,7471.0,4.01292,0.0961002,0.175595,0.0411911,12.8495159,DWARF,2.34004419e-05,0.179345325,667
TIC_435861696,435861696,,,,,5400.1,,,,,,,,,
TIC_436099179,436099179,1.63817,0.0863367,1.2,0.164309,6211.0,4.08853,0.08341,0.272963,0.0629579,3.597985,DWARF,0.000167210426,0.08244462,294
TIC_437156845,437156845,1.18344,0.0561056,1.13,0.141998,6066.0,4.34485,0.0775194,0.681775,0.144184,1.70842552,DWARF,3.26881964e-05,0.183562279,403
TIC_437740083,437740083,1.43538,0.0845978,1.03,0.129513,5750.58,4.13697,0.0837454,0.348286,0.0825023,2.02990413,DWARF,0.0005529435,0.07112578,57
TIC_437893926,437893926,2.02475,0.148493,1.44,0.236933,6733.4,3.98369,0.100355,0.17348,0.0498995,7.59233141,DWARF,1.20418026e-05,0.181210354,460
TIC_438295981,438295981,1.84078,0.0780906,1.471,0.255432,6822.0,4.07568,0.09106,0.235835,0.0558366,6.612182,DWARF,9.992623e-05,0.0432144962,468
TIC_438490744,438490744,0.244497,0.00748984,0.214929,0.020177,3181.0,4.99382,0.0142745,14.7053,0.0442735,0.005514377,DWARF,0.000809584046,0.125971243,343
TIC_439610306,439610306,2.46456,0.0989697,1.49,0.246319,6865.0,3.82778,0.0873506,0.0995334,0.0226922,12.1544428,DWARF,0.0001364579,0.035223715,1417
TIC_440801822,440801822,1.57195,,,,6699.0,,,,,,DWARF,0.00175599684,0.0109850438,211
TIC_441334829,441334829,1.23175,0.0437186,1.79,0.304931,7664.0,4.50988,0.0797544,0.957824,0.196468,4.71586657,DWARF,4.30692053e-05,0.7144284,1924
TIC_441732151,441732151,1.03584,0.0472613,1.134,0.149833,6069.0,4.4621,0.0838,1.02032,0.226965,1.31143379,DWARF,0.006994952,0.117624536,57
TIC_4426490,4426490,1.19683,0.0814975,1.1,0.156621,5983.3,4.3234,0.101782,0.641649,0.188121,1.65394557,DWARF,0.000311256154,0.03419315,79
TIC_443042089,443042089,1.84318,0.0675905,1.7,0.282811,7433.0,4.13738,0.0819792,0.271485,0.0573431,9.342999,DWARF,2.09965947e-05,0.258049279,1614
TIC_443658196,443658196,1.47656,0.0514422,2.25,0.322149,8933.0,4.45175,0.0675799,0.698918,0.123851,12.5080061,DWARF,4.79369774e-05,0.7509367,4312
TIC_444413256,444413256,,,,,12373.0,,,,,,,,,
TIC_444415148,444415148,5.02905,,,,9542.0,,,,,,GIANT,,,
TIC_444977814,444977814,1.30831,0.0646734,1.14,0.151943,6076.0,4.26155,0.081693,0.50906,0.113882,2.10179138,DWARF,0.000303512963,0.0306441113,77
TIC_445137888,445137888,2.67713,0.257347,2.65,0.38616,10310.0,4.00597,0.103525,0.138114,0.0407254,72.95731,DWARF,4.55530353e-05,0.039490737,446
TIC_445254275,445254275,3.56366,0.173216,1.59,0.257996,7125.0,3.53567,0.0835029,0.0351326,0.0079733,29.4866657,DWARF,2.0270325e-05,0.147522688,697
TIC_445586472,445586472,2.40368,0.102113,1.56,0.27747,7051.0,3.86944,0.0869095,0.112329,0.0255141,12.8662405,DWARF,0.0009230202,0.103944592,256
TIC_445822015,445822015,0.798782,0.0545025,0.79,0.0900772,4848.0,4.53084,0.0913732,1.55004,0.410461,0.3175423,DWARF,0.000216860441,1.01503944,1288
TIC_446549905,446549905,1.6444,0.0680201,1.38,0.210113,6610.0,4.14593,0.0826669,0.310355,0.0669352,4.65065432,DWARF,0.00124178012,0.216635,278
TIC_446616059,446616059,1.30744,0.0607236,1.118,0.153253,6030.0,4.25366,0.084782,0.500233,0.115299,2.03615236,DWARF,0.000165711463,0.128457963,1688
TIC_447283466,447283466,0.684487,0.0496608,0.74,0.0871956,4634.0,4.63657,0.0936913,2.30747,0.643637,0.194647908,DWARF,0.00128270627,0.01793991,1240
TIC_44745077,44745077,0.392552,0.0116795,0.383047,0.0202469,3505.0,4.83353,0.00287341,6.33229,0.230389,0.0209527574,DWARF,0.00143074431,0.0220300835,42
TIC_449050247,449050247,1.37894,0.0649648,1.231,0.200225,6288.0,4.24923,0.0935986,0.469481,0.120071,2.67817116,DWARF,0.0009267308,1.16042626,64
TIC_449050248,449050248,1.55866,0.0987288,1.19,0.173954,6200.0,4.12811,0.0937181,0.314265,0.0822837,3.23416233,DWARF,0.0009321673,0.777842164,63
TIC_449197624,449197624,1.91801,0.0958794,1.16,0.151006,6121.0,3.93682,0.0826227,0.164401,0.0371719,4.652498,DWARF,0.00016631528,0.0144939991,129
TIC_449549170,449549170,1.80731,0.0918065,1.02,0.130046,5732.0,3.9326,0.0774183,0.172782,0.0370086,3.17677855,DWARF,4.27954437e-05,0.399004042,1920
TIC_449951606,449951606,3.44036,0.166093,2.03,0.311209,8254.0,3.67236,0.0785715,0.0498521,0.0106863,49.4949837,DWARF,3.161035e-05,0.564587951,4209
TIC_450327768,450327768,1.26082,0.0648367,1.035,0.127192,5776.0,4.2517,0.0779912,0.516391,0.114055,1.5940845,DWARF,0.0013032963,0.0005000894,27
TIC_451599528,451599528,1.39203,0.060098,1.13,0.152876,6058.59,4.20385,0.0775117,0.41892,0.0874911,2.3522265,DWARF,0.0054070577,0.0013363508,182
TIC_452483795,452483795,1.32023,,1.59,,7143.0,4.39817,,0.69096,,4.08802462,DWARF,,,
TIC_452803785,452803785,1.09174,0.0506532,1.15,0.168641,6109.0,4.42253,0.0854108,0.883777,0.213623,1.495588,DWARF,0.000176484784,0.21504955,927
TIC_453209605,453209605,,,,,,,,,,,GIANT,,,
TIC_453230066,453230066,1.78123,0.0805201,2.07,0.317261,8364.0,4.2526,0.0800954,0.366279,0.0764086,13.9890976,DWARF,5.20882932e-05,0.113905922,493
TIC_453464017,453464017,1.47925,0.069,1.48,0.258099,6844.41,4.26825,0.0897444,0.457236,0.108795,4.32632971,DWARF,0.00174873462,0.05883777,479
TIC_45465399,45465399,1.53005,,1.35,,6543.0,4.19899,,0.376892,,3.865572,DWARF,,,
TIC_455962313,455962313,,,,,,,,,,,DWARF,,,
TIC_456042145,456042145,1.03816,,1.46,,6791.0,4.56989,,1.30484,,2.06519485,DWARF,,,
TIC_456305193,456305193,1.51421,0.0698744,1.122,0.148483,6040.0,4.12769,0.0801877,0.323173,0.0711375,2.74925017,DWARF,0.0011827097,0.0225823913,77
TIC_45684223,45684223,0.970173,0.0478065,1.04,0.13442,5809.0,4.4814,0.0800335,1.1389,0.252506,0.965603948,DWARF,0.0006830259,0.09652142,715
TIC_457138169,457138169,1.44878,0.0595603,1.224,0.175965,6273.0,4.20385,0.0817503,0.40251,0.086585,2.92818713,DWARF,0.00198686286,0.0128136789,34
TIC_457743020,457743020,1.65804,0.0723618,1.52,0.245933,6951.0,4.18072,0.0854281,0.333473,0.0745439,5.781921,DWARF,2.18103087e-05,0.243325129,1220
TIC_457939414,457939414,1.10456,0.0517186,1.14,0.155013,6075.0,4.4086,0.0809357,0.845941,0.188375,1.49711907,DWARF,0.0002186283,0.420321971,2580
TIC_458856474,458856474,,,,,,,,,,,,,,
TIC_458857720,458857720,,,,,,,,,,,,,,
TIC_458876004,458876004,1.09776,0.0751256,2.104,0.418174,8469.0,4.6801,0.120205,1.59045,0.527097,5.585217,DWARF,5.6395198e-05,0.0458166674,476
TIC_458914949,458914949,2.5132,0.0883042,1.87,0.292356,7846.0,3.90945,0.0796967,0.117804,0.0235942,21.5646935,DWARF,5.07048244e-05,0.0529186,586
TIC_459850897,459850897,1.78789,0.0550854,2.08,0.3131,8405.0,4.25145,0.0732307,0.36395,0.068596,14.37231,DWARF,7.41618642e-05,1.93888235,2127
TIC_459942762,459942762,0.971249,0.047814,1.13,0.152785,6071.74,4.51649,0.0870251,1.23335,0.295298,1.15507007,DWARF,0.005012298,0.00297520077,39
TIC_459997997,459997997,2.03743,0.0599749,2.12,0.311293,8511.0,4.14624,0.0711875,0.250663,0.0448807,19.6237087,DWARF,6.680312e-05,0.996836543,3461
TIC_460140752,460140752,,,,,,,,,,,GIANT,,,
TIC_461080504,461080504,1.82219,0.0691734,1.66,0.277649,7317.0,4.13699,0.0861377,0.274364,0.0604945,8.574609,DWARF,5.6299592e-05,1.17053807,3927
TIC_461271719,461271719,2.62983,0.104221,1.72,0.288235,7476.0,3.83374,0.0837665,0.0945678,0.0208034,19.4638519,DWARF,0.0009608439,0.004718678,213
TIC_461387302,461387302,1.26669,0.0553015,1.287,0.22142,6406.0,4.34231,0.0919377,0.633243,0.157614,2.43433928,DWARF,0.0001714132,0.0262328573,522
TIC_461538935,461538935,1.10501,0.0458292,1.4,0.240727,6655.0,4.49747,0.0899978,1.03761,0.238741,2.157831,DWARF,0.00110409292,0.0163946711,85
TIC_461662295,461662295,0.968598,0.0509748,0.918,0.120378,5326.0,4.42862,0.0816302,1.01021,0.229374,0.6801217,DWARF,0.00239066384,0.0029525822,45
TIC_462162963,462162963,,,,,14466.0,,,,,,,,,
TIC_462715015,462715015,1.07773,0.0560176,0.987,0.121091,5589.0,4.36737,0.0752506,0.788481,0.166423,1.02105367,DWARF,0.000751495536,0.173073292,358
TIC_463203560,463203560,1.06664,0.0463794,1.2,0.169806,6211.0,4.46122,0.0798227,0.988853,0.215303,1.52536535,DWARF,0.000181119482,0.167244375,1423
TIC_463681005,463681005,1.66057,,1.14,,6091.0,4.05446,,0.248962,,3.41951013,DWARF,,,
TIC_464067218,464067218,,,,,,,,,,,,,,
TIC_464296022,464296022,,,,,,,,,,,GIANT,,,
TIC_466318137,466318137,,,,,,,,,,,,,,
TIC_467006627,467006627,1.55517,0.0791005,1.15,0.159648,6120.0,4.11521,0.0874267,0.305747,0.0708952,3.05673313,DWARF,0.000354841672,0.05614122,217
TIC_467281353,467281353,1.47972,0.0774221,0.97,0.126883,5539.0,4.08448,0.0806524,0.299388,0.0679338,1.856856,DWARF,0.000137666575,0.198779672,2100
TIC_46772529,46772529,0.806132,0.055,0.746,0.088668,4678.0,4.49799,0.0923954,1.42404,0.391708,0.280380249,DWARF,0.000461855234,0.00511877,54
TIC_467783290,467783290,1.95378,0.096,1.39,0.222216,6630.28,3.99933,0.0859471,0.186374,0.0437731,6.646229,DWARF,0.0001330613,0.0251456574,187
TIC_468472950,468472950,1.69217,0.0956784,1.237,0.176353,6301.26,4.07355,0.0891043,0.25529,0.0619001,4.06719065,DWARF,0.000112377442,0.07834722,735
TIC_468828873,468828873,1.88926,0.0910728,1.13,0.143753,6064.0,3.93856,0.0807192,0.167574,0.0375172,4.348233,DWARF,0.0009209909,0.0110357041,135
TIC_468845640,468845640,0.95503,0.066485,0.752,0.0919386,4706.0,4.35425,0.0939396,0.86331,0.242408,0.403029233,DWARF,0.000239366054,0.2630253,1013
TIC_468977648,468977648,,,,,,,,,,,,,,
TIC_469184909,469184909,,,,,,,,,,,,,,
TIC_470315428,470315428,,,,,,,,,,,,,,
TIC_470709084,470709084,2.31938,,1.27,,6370.0,3.81113,,0.101786,,7.97985363,DWARF,,,
TIC_470852531,470852531,1.4274,0.0631533,1.372,0.230037,6587.0,4.26633,0.0914522,0.471757,0.109321,3.45570016,DWARF,0.000134843838,0.144605085,1152
TIC_470911286,470911286,3.11382,,,,4949.0,,,,,,GIANT,,,
TIC_470974162,470974162,0.904927,0.0629548,0.827,0.10103,4992.11,4.44235,0.0925276,1.116,0.298297,0.458203018,DWARF,0.0004986044,0.211746782,71
TIC_47484268,47484268,0.388469,0.0115853,0.378406,0.0202633,3339.0,4.83731,0.00263324,6.45489,0.231725,0.0168994721,DWARF,0.0015830074,0.000176167974,23
TIC_47617038,47617038,8.70538,,,,4886.0,,,,,,GIANT,,,
TIC_48178229,48178229,2.1873,0.0925729,1.49,0.255686,6863.0,3.93144,0.0908162,0.142385,0.0336049,9.562378,DWARF,0.0007591228,0.04848312,298
TIC_48188920,48188920,2.08204,0.121846,1.37,0.236979,6592.19,3.93781,0.100102,0.151794,0.0430988,7.37548876,DWARF,0.00130740448,0.94721,183
TIC_48276576,48276576,1.3925,,1.13,,6071.0,4.20355,,0.418494,,2.37316847,DWARF,,,
TIC_48476907,48476907,1.60132,0.0804648,1.31,0.203754,6455.0,4.14638,0.0889151,0.319036,0.0784908,4.010831,DWARF,0.00140198867,0.5174124,225
TIC_49617263,49617263,1.83073,0.0955777,0.96,0.120004,5485.4,3.89509,0.0789639,0.156459,0.0349793,2.733854,DWARF,0.00090725394,0.0825338662,22
TIC_49710555,49710555,1.33825,0.0697362,1.08,0.139419,5920.0,4.21841,0.0810387,0.450617,0.100554,1.98179686,DWARF,0.000239737128,0.0136757819,50
TIC_49899799,49899799,1.82141,0.0819397,1.263,0.203713,6356.0,4.01866,0.0905633,0.209017,0.0500939,4.87803364,DWARF,0.00196505082,0.00042232775,34
TIC_49967354,49967354,3.38552,,,,5274.0,,,,,,GIANT,,,
TIC_4999813,4999813,0.937987,0.0546734,1.174,0.164787,6163.0,4.56334,0.0894429,1.42258,0.347937,1.1435554,DWARF,4.14607857e-05,0.2638769,595
TIC_5024743,5024743,2.51265,0.0908038,2.1,0.312072,8469.0,3.96002,0.0734117,0.132381,0.0253935,29.2607765,DWARF,6.120085e-05,0.10054253,504
TIC_50309953,50309953,0.912171,0.0518744,0.94,0.127218,5411.0,4.49104,0.0828148,1.23851,0.285206,0.642625034,DWARF,0.00490836,0.037240833,76
TIC_50365310,50365310,2.16986,0.0725729,2.64,0.34882,10249.0,4.18681,0.0664061,0.258408,0.0438916,46.80433,DWARF,8.782111e-05,0.0489296466,632
TIC_50943163,50943163,2.51268,0.109422,2.04,0.312025,8290.0,3.94742,0.0775134,0.128594,0.0266097,26.864994,DWARF,2.62025151e-05,0.143961325,600
TIC_51024887,51024887,0.165066,0.0050239,0.135848,0.0200515,2990.0,5.13581,0.0381304,30.2051,1.71671,0.00196198071,DWARF,0.0009846896,1.40516186,722
TIC_5109298,5109298,2.22468,0.105417,2.38,0.324361,9385.0,4.12011,0.0734599,0.21616,0.0432993,34.5912933,DWARF,3.599805e-05,0.797063947,618
TIC_51318828,51318828,1.34684,0.0711784,1.004,0.126215,5657.0,4.18117,0.0786392,0.410949,0.0902077,1.67367053,DWARF,0.000555704464,0.07006439,638
TIC_52041724,52041724,1.78115,0.0788819,1.71,0.321401,7455.0,4.16966,0.0972548,0.302618,0.0741694,8.828486,DWARF,0.00012678573,0.012062463,543
TIC_52548453,52548453,2.16178,0.0961607,1.23,0.191315,6296.0,3.85835,0.0882787,0.12175,0.0280034,6.61572552,DWARF,0.000787990633,0.0305559617,274
TIC_53427308,53427308,1.50346,0.0736382,1.055,0.129194,5846.0,4.10713,0.0743462,0.310436,0.0645275,2.37857342,DWARF,0.0009343156,0.0346716,71
TIC_53593457,53593457,0.313318,0.0169986,0.291869,0.0259467,3284.0,4.91128,0.00846002,9.48925,0.701135,0.0102867456,DWARF,0.000308578019,0.291288227,576
TIC_54044474,54044474,1.90458,0.0769397,1.58,0.271589,7110.0,4.07713,0.0883128,0.228697,0.0530371,8.351629,DWARF,0.00109401,0.009447366,141
TIC_54085154,54085154,1.18349,0.0532186,1.27,0.192852,6380.0,4.39554,0.0845418,0.76615,0.172393,2.09075928,DWARF,0.004246231,0.00191835267,136
TIC_54364414,54364414,1.02214,0.0509095,1.049,0.139565,5825.0,4.43982,0.0817323,0.982291,0.223327,1.08368206,DWARF,0.000186885416,0.0613292456,625
TIC_54390047,54390047,2.34986,0.0915779,2.05,0.307938,8322.0,4.00774,0.073823,0.157989,0.0299639,23.86108,DWARF,7.449537e-05,0.0300730076,494
TIC_54464870,54464870,2.11411,0.0672664,1.99,0.302123,8153.0,4.08667,0.0754052,0.210606,0.0394536,17.7917614,DWARF,0.000194432243,0.0127012618,711
TIC_55383975,55383975,1.0417,0.0505779,0.93,0.118852,5354.96,4.37106,0.0776823,0.822722,0.176092,0.8039074,DWARF,0.00345807662,0.0550270267,584
TIC_55452495,55452495,2.80061,0.102151,1.88,0.301251,7874.0,3.81772,0.0791769,0.0855855,0.0172103,27.163229,DWARF,0.00183479872,0.02564683,226
TIC_56231866,56231866,5.53122,,,,4758.0,,,,,,GIANT,,,
TIC_5772442,5772442,2.54901,0.179684,1.044,0.124647,5806.0,3.64403,0.0845815,0.0630358,0.0157453,6.65188742,DWARF,4.15185677e-05,0.0307021122,579
TIC_5800958,5800958,1.91046,0.094799,1.96,0.299276,8064.0,4.16805,0.0835795,0.281087,0.0626903,13.9050941,DWARF,0.0,0.07148617,255
TIC_58046864,58046864,1.51328,,1.04,,5805.0,4.09526,,0.300104,,2.34285021,DWARF,,,
TIC_58474992,58474992,0.855173,0.128837,1.01,0.125685,5677.84,4.57828,0.140676,1.61495,0.647146,0.684754848,DWARF,0.0,0.0350309536,104
TIC_59003115,59003115,0.751207,0.0744497,0.844,0.0984221,5055.91,4.61289,0.104931,1.99096,0.58375,0.33220914,DWARF,0.001073958,0.0119603071,52
TIC_59859387,59859387,1.47467,0.0609246,1.45,0.246946,6778.0,4.26205,0.0903449,0.45215,0.105632,4.135152,DWARF,0.00160452724,0.133419722,299
TIC_60074373,60074373,0.60291,0.0218364,0.590457,0.0226727,3722.0,4.64875,0.0147881,2.69421,0.189752,0.06284998,DWARF,0.0002818832,0.238483727,332
TIC_61117473,61117473,1.29418,0.0646482,1.33,0.217204,6504.0,4.33793,0.0914961,0.613577,0.151547,2.700259,DWARF,0.000276844046,0.383690238,192
TIC_61733521,61733521,0.899416,0.0496935,0.94,0.12344,5420.0,4.50327,0.0834775,1.29195,0.30821,0.6289461,DWARF,0.00130221131,0.0325927921,341
TIC_61980227,61980227,1.25844,0.0616131,1.37,0.227667,6580.0,4.37512,0.0884464,0.687422,0.163144,2.674627,DWARF,0.000337944133,0.05636865,49
TIC_62530991,62530991,0.783385,0.036814,0.9,0.104478,5276.54,4.60436,0.0710369,1.87204,0.375389,0.428590447,DWARF,0.00305561116,0.0427384228,97
TIC_63013648,63013648,1.03786,0.0538694,0.967,0.119146,5509.85,4.39122,0.0795599,0.864998,0.188073,0.8943924,DWARF,0.0,0.005791262,90
TIC_63303499,63303499,,,,,,,,,,,,,,
TIC_64531556,64531556,2.38018,0.0812061,2.1,0.342396,8451.0,4.00707,0.0781978,0.155737,0.0301371,26.0343018,DWARF,2.42927163e-05,0.116772994,812
TIC_64553698,64553698,1.13816,0.0505025,1.263,0.20174,6357.0,4.42707,0.0886972,0.856639,0.20188,1.90593159,DWARF,0.00021282454,0.174144417,1439
TIC_64836837,64836837,3.37059,0.129754,2.33,0.31877,9195.0,3.75001,0.0707576,0.060847,0.0111919,73.1665649,DWARF,4.55217851e-05,0.577777565,1075
TIC_65347776,65347776,0.802384,0.0469246,0.855,0.0978947,5095.0,4.56127,0.0841314,1.65508,0.398371,0.3908735,DWARF,0.00177305087,0.0306863338,29
TIC_66356824,66356824,1.33818,0.0724522,1.01,0.126219,5671.0,4.18936,0.0804288,0.421478,0.0958581,1.66864753,DWARF,0.000295523059,0.00182010117,25
TIC_6653897,6653897,1.12614,0.127267,1.208,0.176704,6238.19,4.41695,0.122295,0.845842,0.305615,1.73027182,DWARF,0.0,0.0540813543,264
TIC_66783360,66783360,1.37937,0.0615075,1.323,0.210341,6483.0,4.28027,0.084903,0.504101,0.118122,3.0280292,DWARF,0.0001438294,0.07766353,558
TIC_67247610,67247610,,,,,,,,,,,,,,
TIC_67309890,67309890,2.225,0.102256,1.186,0.169052,6190.0,3.81749,0.0818475,0.107669,0.0239788,6.548158,DWARF,6.918202e-05,0.0566323362,476
TIC_67926921,67926921,3.1703,0.131138,1.48,0.258801,6831.42,3.60613,0.0860151,0.0464472,0.0103852,19.7215,DWARF,0.0003722512,0.000540093,48
TIC_68152139,68152139,1.48536,0.072387,1.11,0.141495,6001.0,4.13973,0.0764944,0.338712,0.0723997,2.57780981,DWARF,0.00102045212,0.04136577,180
TIC_68322189,68322189,1.0147,0.055201,0.95,0.123269,5442.0,4.40311,0.0832087,0.909298,0.212762,0.813592851,DWARF,3.42492749e-05,2.52312,6812
TIC_686072378,686072378,,,,,,,,,,,DWARF,,,
TIC_69672493,69672493,0.80602,0.0476382,0.86,0.100986,5125.0,4.55988,0.0827414,1.64233,0.399101,0.403795481,DWARF,0.0,0.162080273,269
TIC_69838258,69838258,1.59016,0.0834372,1.23,0.180575,6278.0,4.12509,0.0899123,0.305901,0.0748933,3.5388577,DWARF,0.0002167942,0.0528427549,46
TIC_69997672,69997672,2.19683,0.111382,1.21,0.179038,6244.0,3.83726,0.0891168,0.114129,0.0285119,6.6090374,DWARF,0.000136302959,0.0598886758,3000
TIC_70887357,70887357,1.94771,0.102432,0.992,0.123554,5609.0,3.85553,0.0810014,0.134257,0.0300069,3.38288379,DWARF,0.00171407079,0.0004494872,37
TIC_71396541,71396541,1.07774,0.0738693,0.779,0.0933317,4812.0,4.26458,0.0928515,0.622295,0.173845,0.561079443,DWARF,0.00140568137,0.0347699933,72
TIC_71401634,71401634,0.747685,,0.8,,4886.0,4.59372,,1.91396,,0.28704235,DWARF,,,
TIC_71854732,71854732,,,,,,,,,,,DWARF,,,
TIC_71854745,71854745,2.66134,0.144995,2.34,0.320893,9225.0,3.95708,0.0752508,0.12414,0.0261123,46.2127762,DWARF,4.63301658e-05,0.103881881,422
TIC_73104318,73104318,2.44575,,,,5029.66,,,,,,GIANT,,,
TIC_73244652,73244652,1.9579,0.10298,1.3,0.206964,6427.0,3.96843,0.0901145,0.173209,0.0428028,5.89264631,DWARF,0.0002561988,0.00495163351,52
TIC_73723286,73723286,1.47641,0.0761156,1.01,0.13158,5661.0,4.10398,0.0796862,0.313836,0.0693825,2.016878,DWARF,0.0022479333,0.08083945,302
TIC_74197917,74197917,,,,,,,,,,,GIANT,,,
TIC_7439481,7439481,0.399724,0.0125234,0.391168,0.0207321,3455.0,4.82691,0.00418249,6.12467,0.25102,0.02051197,DWARF,0.000439011666,0.6312587,149
TIC_74482749,74482749,2.90989,0.0878742,2.35,0.334105,9255.0,3.88138,0.069057,0.0953757,0.0163605,55.96982,DWARF,9.15565543e-05,0.09513773,831
TIC_75208638,75208638,1.09883,0.0438694,1.61,0.264165,7192.0,4.56303,0.0835218,1.21347,0.262545,2.91043472,DWARF,7.8863035e-05,0.195094019,796
TIC_75417968,75417968,1.78188,0.0853669,1.41,0.235905,6662.0,4.08553,0.0945617,0.249219,0.0623416,5.634709,DWARF,0.0003134703,0.07583984,517
TIC_75427473,75427473,2.65625,,,,5110.74,,,,,,GIANT,,,
TIC_7624182,7624182,3.12776,0.0960604,2.26,0.316889,8959.0,3.80171,0.067946,0.07386,0.0127444,56.7804451,DWARF,0.00101109222,0.008849955,34
TIC_77031413,77031413,0.929381,0.048505,0.95,0.119644,5444.0,4.4794,0.0799249,1.18343,0.257086,0.6835249,DWARF,0.000723061559,1.50117791,33
TIC_77228304,77228304,0.140853,0.00428064,0.114299,0.0200335,,5.19858,0.0505089,40.902,3.46818,0.0,DWARF,0.0009106829,0.0171909723,44
TIC_78672342,78672342,3.45757,0.167153,1.46,0.253325,6804.0,3.52488,0.0910901,0.0353214,0.00882952,23.083149,DWARF,3.289704e-05,0.1629441,520
TIC_7904580,7904580,1.08792,,1.02,,5713.08,4.37347,,0.792148,,1.13598287,DWARF,,,
TIC_79395355,79395355,1.23256,0.0573216,1.15,0.154532,6099.0,4.31715,0.080837,0.614154,0.134231,1.89383841,DWARF,0.00061617716,0.0575847,90
TIC_80029842,80029842,1.14727,0.0514573,1.35,0.229447,6536.0,4.44907,0.091814,0.894006,0.220891,2.16407156,DWARF,6.250423e-05,0.106600128,738
TIC_80275202,80275202,1.61377,0.0521307,2.07,0.306847,8360.0,4.33835,0.0730956,0.492543,0.0897702,11.4605093,DWARF,0.000113004622,0.07616047,983
TIC_80478272,80478272,1.48473,,,,6360.4,,,,,,,0.000469731371,0.00763016241,50
TIC_81212286,81212286,0.380019,0.0113954,0.368761,0.0203001,3541.0,4.8452,0.00212178,6.71938,0.234387,0.02045545,DWARF,0.00159340072,1.73428309,46
TIC_81231810,81231810,1.64233,0.0836181,1.06,0.136168,5878.0,4.03245,0.0844251,0.239289,0.0564649,2.900915,DWARF,1.714279e-05,0.334158778,709
TIC_81429971,81429971,,,,,12826.0,,,,,,,,,
TIC_82010657,82010657,1.70108,0.0601056,1.736,0.285244,7519.0,4.21617,0.0846148,0.352676,0.0769717,8.332679,DWARF,0.00013020786,0.03611541,329
TIC_82302240,82302240,2.25884,0.0997234,2.06,0.312169,8330.0,4.04417,0.0797424,0.178736,0.0379336,22.1332054,DWARF,1.80966235e-05,0.416668475,1043
TIC_82362447,82362447,0.295122,0.00986103,0.271062,0.0207766,3674.0,4.93113,0.00432029,10.5454,0.247294,0.0142973149,DWARF,0.0004797417,0.20788075,831
TIC_82707763,82707763,1.73314,0.0792086,1.12,0.141226,6036.0,4.00962,0.0754786,0.215139,0.0441858,3.59218073,DWARF,0.000105429543,0.0474592,892
TIC_83053699,83053699,2.14748,0.107643,1.22,0.179127,6274.0,3.86057,0.088918,0.123188,0.0305336,6.43772936,DWARF,1.28997008e-05,0.3781799,858
TIC_83210867,83210867,1.73248,0.0809849,1.105,0.142795,5997.0,4.0041,0.0778235,0.2125,0.0451372,3.497566,DWARF,0.000123527134,0.196677685,2897
TIC_86005116,86005116,0.463718,0.0159971,0.461082,0.0219981,3522.0,4.76934,0.0092402,4.62398,0.258261,0.0298098661,DWARF,0.000207013814,0.232621223,151
TIC_86280613,86280613,1.83195,0.0834975,1.33,0.215726,6505.0,4.03609,0.0902745,0.216328,0.0525504,5.41389036,DWARF,0.00132268784,0.00123328762,32
TIC_86451883,86451883,0.811153,,0.801,,4896.0,4.52349,,1.50081,,0.340616643,DWARF,,,
TIC_87044036,87044036,1.309,0.0676081,1.13,0.153137,6070.0,4.25727,0.0814304,0.503803,0.113976,2.095695,DWARF,0.0,0.16010949,337
TIC_89510024,89510024,,,,,,,,,,,,,,
TIC_89535068,89535068,1.07235,0.0504698,1.01,0.124883,5683.04,4.38172,0.0744707,0.819061,0.168604,1.08065653,DWARF,0.00283524347,0.05156062,526
TIC_89643259,89643259,1.87353,,,,7505.0,,,,,,DWARF,7.071273e-05,0.489503473,2830
TIC_89702406,89702406,1.06356,,,,5596.0,,,,,,DWARF,0.00131308974,0.11958389,567
TIC_89759617,89759617,2.35327,0.111922,1.92,0.304229,7965.0,3.97803,0.0817182,0.147329,0.0325572,20.08075,DWARF,5.30439538e-05,0.4682487,2458
TIC_89876424,89876424,2.06018,,1.16,,6125.0,3.87472,,0.132661,,5.381805,DWARF,,,
TIC_9032368,9032368,1.11486,,1.11,,5997.0,4.38895,,0.801056,,1.44834125,DWARF,,,
TIC_9033144,9033144,1.19908,0.0563518,1.09,0.135574,5954.5,4.3178,0.0747776,0.632241,0.132067,1.62844062,DWARF,0.00171423866,0.009168129,31
TIC_90448944,90448944,1.51912,0.0630402,1.5,0.252304,6902.0,4.25098,0.0880485,0.427874,0.0971745,4.71821737,DWARF,0.000233846367,0.115107328,621
TIC_90504905,90504905,0.411471,0.012407,0.404369,0.0203876,3443.0,4.81617,0.00428335,5.80444,0.232404,0.02143489,DWARF,0.0007619818,0.1754596,2277
TIC_90544017,90544017,2.16682,,,,8429.0,,,,,,DWARF,0.000189101236,0.238493755,922
TIC_9102327,9102327,1.45148,0.0873769,0.929,0.11553,5366.7,4.08246,0.0834589,0.303795,0.0724488,1.57451844,DWARF,0.000430406042,0.0447250232,27
TIC_91576611,91576611,2.31936,0.145859,1.577,0.264337,7101.94,3.90516,0.0981774,0.126394,0.0337257,12.3293028,DWARF,0.0009879745,0.243377745,1808
TIC_91869778,91869778,1.9358,0.110199,1.35,0.214026,6539.0,3.99468,0.0934361,0.186101,0.0485686,6.172529,DWARF,3.205412e-05,0.5846427,447
TIC_92013169,92013169,2.36994,0.109447,1.565,0.280089,7069.0,3.88311,0.0906679,0.117571,0.028177,12.6357965,DWARF,5.80034e-05,0.147804558,454
TIC_92359850,92359850,1.56755,0.0695377,1.256,0.186696,6342.0,4.14661,0.084541,0.326079,0.0747203,3.58132529,DWARF,0.0012653193,0.573605,39
TIC_92783821,92783821,2.45232,0.0929248,1.69,0.278006,7396.0,3.8868,0.084319,0.114593,0.0250727,16.21194,DWARF,5.94435078e-05,0.3827528,2295
TIC_93594834,93594834,1.96337,0.110487,0.92,0.119562,5322.0,3.81585,0.0878472,0.121558,0.0301799,2.786102,DWARF,6.258599e-05,0.04946877,439
TIC_93963408,93963408,1.87739,0.078985,2.679,0.35317,10393.0,4.31893,0.0696159,0.404862,0.0763185,37.0483551,DWARF,8.1060316e-05,0.105135068,406
TIC_95010343,95010343,1.30863,0.0564422,1.319,0.211935,6474.0,4.32468,0.086928,0.588562,0.134582,2.71031833,DWARF,0.0,0.002135903,115
TIC_95122849,95122849,1.74769,0.0971734,1.0,0.12579,5656.0,3.95314,0.0799332,0.187328,0.042817,2.8161993,DWARF,0.0001803698,0.357000381,104
TIC_95129101,95129101,1.33808,0.0645578,1.39,0.227293,6621.86,4.32812,0.093683,0.580183,0.143128,3.10156631,DWARF,0.000628751644,0.0811957046,94
TIC_96246348,96246348,,,,,,,,,,,,,,
TIC_96291218,96291218,2.04508,,,,8001.0,,,,,,DWARF,4.81501556e-05,0.0590103157,243
TIC_97158538,97158538,2.24201,0.0953369,1.483,0.25686,6852.0,3.90793,0.0884719,0.131592,0.0303694,9.982468,DWARF,0.00156443147,0.0169700813,430
TIC_9727392,9727392,1.70005,0.102156,1.29,0.198874,6421.5,4.08773,0.0928586,0.262544,0.0678089,4.42757463,DWARF,0.000327518064,0.0305886045,41
TIC_97700520,97700520,,,,,,,,,,,,,,
TIC_97735297,97735297,3.2707,0.394175,2.49,0.34668,9758.0,3.80498,0.115364,0.0711665,0.025747,87.38166,DWARF,4.50171756e-05,0.008241952,287
TIC_9804616,9804616,0.603855,0.0233943,0.591222,0.0236486,3323.0,4.64795,0.0162865,2.68505,0.205264,0.0400572754,DWARF,0.000260678236,0.000279392931,21
TIC_98286422,98286422,0.875157,,0.91,,5306.0,4.51294,,1.35764,,0.5469351,DWARF,,,
TIC_9830791,9830791,0.994559,,0.896,,5244.0,4.39511,,0.910785,,0.6739175,DWARF,,,
TIC_9837861,9837861,2.67566,,,,5235.54,,,,,,GIANT,,,
TIC_98494121,98494121,0.707232,0.0392739,0.91,0.111521,5285.0,4.69799,0.0849413,2.5725,0.62121,0.351559281,DWARF,0.00157418218,0.122890078,344
TIC_98613492,98613492,1.0594,0.0574875,0.987,0.128232,5589.0,4.38227,0.0819253,0.830123,0.19263,0.9866147,DWARF,5.273153e-05,0.0849822462,342
TIC_99330090,99330090,1.06393,0.0451056,1.24,0.183974,6307.0,4.47766,0.0867151,1.02963,0.231188,1.61366773,DWARF,0.0012219802,0.0004454981,23
TIC_100267480,100267480,0.61716,0.0183515,0.601869,0.0202894,3495.0,4.63677,0.0111896,2.56041,0.142307,0.05120106,DWARF,0.0008506534,0.0236925371,123
TIC_100589632,100589632,0.841494,0.0561709,0.77,0.095959,4794.0,4.47446,0.0929629,1.29223,0.357606,0.336967856,DWARF,0.00171804463,0.1370605,73
TIC_101395259,101395259,1.48855,0.0707236,1.34,0.212773,6518.0,4.21964,0.087277,0.406267,0.0953435,3.603137,DWARF,0.00108411908,0.005129894,92
TIC_101497191,101497191,,,,,,,,,,,,,,
TIC_101929303,101929303,2.0466,0.0692337,1.75,0.282844,7550.0,4.05904,0.0777436,0.204145,0.0400722,12.2616386,DWARF,7.45559737e-05,0.385087967,3524
TIC_103245940,103245940,0.916547,,1.05,,5824.0,4.53495,,1.36372,,0.870741844,DWARF,,,
TIC_104022675,104022675,1.10556,,1.0,,5635.91,4.3509,,0.740041,,1.11099958,DWARF,,,
TIC_104195270,104195270,1.99719,0.0947186,1.43,0.233059,6731.3,3.99257,0.0863355,0.179507,0.0408079,7.37780952,DWARF,3.74486553e-05,0.237136364,326
TIC_105387356,105387356,3.10651,0.148934,1.35,0.235575,6529.0,3.58386,0.0896069,0.0450314,0.0107836,15.7989016,DWARF,1.7566972e-05,0.44587,2617
TIC_105801221,105801221,1.51964,0.0631407,1.5,0.256664,6888.0,4.25068,0.0855453,0.427433,0.0960514,4.683274,DWARF,0.00152812956,0.146450266,223
TIC_106114491,106114491,1.70182,0.0817638,1.422,0.245281,6702.0,4.12914,0.0913446,0.288507,0.0693747,5.264303,DWARF,7.69189646e-05,0.257785171,2409
TIC_106224626,106224626,0.804831,,0.795,,4874.0,4.52703,,1.52494,,0.329341143,DWARF,,,
TIC_106997505,106997505,82.4927,,,,6955.0,,,,,,GIANT,,,
TIC_107728509,107728509,1.52002,0.0692211,3.04,0.406015,11526.0,4.55724,0.0732635,0.865617,0.164036,36.73734,DWARF,6.838518e-05,0.416450679,2118
TIC_108645766,108645766,0.309992,0.00925462,0.288049,0.0201765,3301.0,4.91483,0.00453132,9.66974,0.187679,0.0102796368,DWARF,0.0014905429,2.18349648,1006
TIC_108835813,108835813,2.71092,0.113317,2.82,0.38191,10835.0,4.02208,0.0706006,0.141547,0.0262078,91.25212,DWARF,5.14517124e-05,0.256914437,988
TIC_108939482,108939482,1.15885,,1.25,,6325.0,4.40692,,0.803199,,1.93639791,DWARF,,,
TIC_1101909431,1101909431,0.725186,0.0550251,0.76,0.0879534,4742.0,4.59798,0.0963817,1.99281,0.574712,0.239573941,DWARF,0.000754086243,2.717913,39
TIC_110428269,110428269,2.58571,0.114096,2.559,0.398926,9994.0,4.02098,0.0933094,0.148024,0.0362968,60.09126,DWARF,0.000107627391,0.06048034,3769
TIC_110936761,110936761,1.21584,0.0615075,1.003,0.126015,5651.0,4.26962,0.0768537,0.558051,0.124322,1.35814822,DWARF,0.00110342249,0.123155713,915
TIC_11111899,11111899,1.7904,,,,7273.0,,,,,,DWARF,0.000135003531,0.209118009,1962
TIC_112395568,112395568,3.48732,,,,5577.0,,,,,,GIANT,,,
TIC_113295476,113295476,1.94036,,1.14,,6079.0,3.91921,,0.156047,,4.63222456,DWARF,,,
TIC_1133072,1133072,0.495561,0.0148445,0.493652,0.0203747,3471.0,4.74129,0.00809131,4.05629,0.19729,0.03211496,DWARF,0.00131930679,0.2834435,453
TIC_113553629,113553629,4.4529,0.208666,1.27,0.200205,6368.0,3.24458,0.087475,0.0143838,0.00332394,29.3760643,DWARF,2.42994156e-05,0.215003341,1105
TIC_113919944,113919944,1.44967,0.0774874,1.18,0.175127,6186.58,4.18741,0.090871,0.38732,0.0974533,2.77356458,DWARF,0.0,0.09013003,66
TIC_114103134,114103134,1.99145,0.0893543,1.44,0.24289,6755.0,3.99809,0.0877902,0.182329,0.0423742,7.439326,DWARF,3.18625571e-05,0.207443625,916
TIC_115242351,115242351,1.09429,,0.79,,4871.0,4.25743,,0.602885,,0.607336,DWARF,,,
TIC_115446313,115446313,1.20835,0.0538945,1.15,0.15678,6109.0,4.33438,0.0796843,0.651813,0.141033,1.83213866,DWARF,0.002985905,0.004700775,68
TIC_115564354,115564354,0.792405,0.0446834,0.997,0.134612,5627.0,4.63887,0.0870961,2.0038,0.476035,0.5671478,DWARF,7.457173e-05,0.384000629,357
TIC_116257066,116257066,,,,,13253.0,,,,,,,,,
TIC_116608612,116608612,1.77761,0.0561709,1.996,0.317733,8170.0,4.23856,0.075606,0.355348,0.0695214,12.6839409,DWARF,0.000131003209,0.02191976,267
TIC_117068362,117068362,1.67355,0.0761708,1.85,0.307148,7803.0,4.25796,0.0863902,0.39469,0.0940528,9.354444,DWARF,0.000261560548,0.555909336,612
TIC_117256577,117256577,,,,,,,,,,,,,,
TIC_117322779,117322779,,,,,,,,,,,,,,
TIC_117689799,117689799,1.04535,0.0500503,1.06,0.138061,5863.0,4.42485,0.0792532,0.927939,0.200471,1.16331863,DWARF,5.989117e-05,2.51610351,1242
TIC_117979694,117979694,0.750197,0.0456131,0.845,0.107965,5059.0,4.61457,0.0890881,2.00139,0.501593,0.332126766,DWARF,0.00259974157,0.007856988,54
TIC_118021229,118021229,2.0662,0.110046,0.962,0.127279,5490.0,3.7909,0.0819224,0.109058,0.0245369,3.4940536,DWARF,0.000787470664,0.0986079648,330
TIC_118301361,118301361,3.01857,0.129181,1.631,0.27088,7249.79,3.69092,0.0840598,0.0592996,0.0131383,22.677639,DWARF,0.0006325546,0.00415818766,58
TIC_118308828,118308828,1.5284,0.0721935,1.07,0.139919,5895.0,4.09898,0.0775917,0.299689,0.0653567,2.541586,DWARF,4.55517329e-05,0.7244525,806
TIC_119081096,119081096,0.503498,0.0150012,0.501502,0.0203183,3817.0,4.73434,0.00828134,3.92898,0.192189,0.0484818146,DWARF,0.0012672923,0.0367021933,112
TIC_11996814,11996814,0.627144,0.0183442,0.609693,0.0201206,3975.0,4.62844,0.0110764,2.47178,0.13553,0.08846629,DWARF,0.00168075238,0.232557788,813
TIC_120269103,120269103,3.25795,0.109422,2.225,0.303836,8844.0,3.75951,0.0689843,0.0643424,0.0114724,58.50299,DWARF,8.431698e-05,0.10814853,680
TIC_12036590,12036590,0.857133,0.0717588,0.689,0.0856197,4405.0,4.41019,0.100912,1.09414,0.333559,0.249215469,DWARF,0.0005287648,17.2947063,271
TIC_120585579,120585579,1.12642,0.0755528,1.19,0.160559,6190.0,4.41022,0.0925088,0.832625,0.216179,1.67824554,DWARF,0.000369839865,4.6682424e-05,34
TIC_120602501,120602501,1.73364,0.0842312,1.02,0.127522,5717.0,3.96875,0.0737309,0.195759,0.0404689,2.89258766,DWARF,0.00233558123,0.00480959145,252
TIC_120723776,120723776,,,,,5878.0,,,,,,,,,
TIC_121966220,121966220,2.3529,0.118236,1.054,0.145363,5843.0,3.7177,0.0858957,0.080915,0.019353,5.813611,DWARF,3.06325564e-05,0.218099311,614
TIC_122220263,122220263,1.65447,0.0700628,1.226,0.184938,6277.0,4.08924,0.0852168,0.270716,0.0611125,3.828433,DWARF,0.002322028,0.0201314334,690
TIC_122262940,122262940,2.27319,0.100656,1.44,0.249468,6733.0,3.88316,0.0929319,0.122589,0.0291868,9.567577,DWARF,9.104127e-05,0.0448999368,929
TIC_122485078,122485078,3.01919,0.111774,1.817,0.287543,7719.0,3.73764,0.0787731,0.0660211,0.0131031,29.15548,DWARF,3.57925346e-05,0.03744341,416
TIC_123106490,123106490,1.30784,0.055402,1.47,0.246486,6808.0,4.37228,0.0865349,0.65714,0.148408,3.31039119,DWARF,0.000935020857,0.115501784,422
TIC_124095888,124095888,1.24077,0.0603869,1.29,0.204119,6423.0,4.36128,0.0897868,0.675337,0.165087,2.36061954,DWARF,0.00049958023,0.226526231,118
TIC_124543547,124543547,2.68624,0.147457,1.07,0.14116,5895.0,3.60916,0.0835827,0.0552011,0.0135074,7.850926,DWARF,3.33113858e-05,0.184188277,329
TIC_124702477,124702477,1.95623,0.106372,1.467,0.260444,6811.0,4.02166,0.0964751,0.195962,0.0510721,7.41953945,DWARF,4.111382e-05,0.08616836,507
TIC_125894957,125894957,36.5137,,,,4770.0,,,,,,GIANT,,,
TIC_126733133,126733133,1.30575,0.0561935,1.27,0.201112,6377.0,4.31015,0.0880003,0.570464,0.13298,2.54025626,DWARF,0.000211910257,0.0438995659,845
TIC_127315102,127315102,2.55994,0.127427,1.54,0.260038,6996.0,3.80913,0.090248,0.0917972,0.0223527,14.1434269,DWARF,0.00112944539,0.0443053059,524
TIC_127425841,127425841,2.00154,0.0843693,1.572,0.269776,7090.77,4.03179,0.0862039,0.196047,0.0428174,9.124229,DWARF,0.0008716207,0.0128854923,129
TIC_127476180,127476180,1.48129,0.0631507,1.426,0.2463,6711.0,4.25091,0.088291,0.438729,0.101541,4.00983,DWARF,0.000118634009,0.0482073463,861
TIC_127793615,127793615,1.45459,0.082593,1.22,0.179734,6262.0,4.19895,0.0915348,0.396404,0.101222,2.931081,DWARF,0.000600355852,0.1290401,546
TIC_128463355,128463355,2.2933,0.103543,1.252,0.190589,6333.0,3.81475,0.0839024,0.103806,0.0232189,7.62174034,DWARF,6.88223954e-05,0.134074718,950
TIC_128501004,128501004,1.03097,0.0522613,1.04,0.137463,5793.0,4.42861,0.080341,0.949065,0.215473,1.07845068,DWARF,0.00266450155,0.009884518,209
TIC_129107501,129107501,1.32246,0.0581458,1.27,0.195638,6364.0,4.29911,0.0873813,0.549107,0.124389,2.58452,DWARF,0.0004399488,2.17471313,190
TIC_129432342,129432342,4.7042,,,,4884.0,,,,,,GIANT,,,
TIC_129539786,129539786,1.69956,0.0757839,1.355,0.228951,6550.0,4.10933,0.0914985,0.276013,0.0641365,4.789968,DWARF,0.00165512238,0.0116908019,168
TIC_129881395,129881395,1.42454,,1.1,,5982.0,4.17211,,0.380513,,2.34115,DWARF,,,
TIC_130191319,130191319,1.14109,0.0577161,1.128,0.150768,6056.0,4.37574,0.0817251,0.759193,0.171666,1.57788742,DWARF,4.851474e-05,0.3502933,1023
TIC_13023738,13023738,1.71254,0.104849,1.0,0.125809,5657.0,3.97078,0.0804709,0.199102,0.0462227,2.705965,DWARF,0.0001972771,0.00231834385,33
TIC_130611752,130611752,1.48233,0.0789523,1.0,0.130469,5643.0,4.09618,0.0810724,0.307019,0.0703031,2.00735927,DWARF,0.000319427578,0.0960158259,219
TIC_131081852,131081852,1.26126,,,,6072.0,,,,,,DWARF,0.00150298525,0.0255380981,106
TIC_131419878,131419878,1.55798,0.0683141,1.41,0.237257,6681.0,4.20216,0.0852412,0.372846,0.0848742,4.35699558,DWARF,0.000276498,0.0247160159,961
TIC_131581522,131581522,1.08071,,1.0,,5657.0,4.37065,,0.792279,,1.0775913,DWARF,,,
TIC_131581531,131581531,1.58981,0.0730603,1.21,0.184284,6254.0,4.11816,0.086014,0.301125,0.0699402,3.48352242,DWARF,3.51751769e-05,0.405253381,649
TIC_131979339,131979339,2.41805,0.0658266,2.42,0.336257,9511.0,4.05495,0.0651769,0.171167,0.0277558,43.10521,DWARF,0.00017852016,0.0134823909,829
TIC_132320310,132320310,3.28811,0.167332,1.04,0.1272,5792.0,3.42121,0.0748551,0.0292547,0.00615228,10.962286,DWARF,2.63805377e-05,0.07036041,830
TIC_132534906,132534906,0.980473,0.041593,1.46,0.248518,6783.0,4.61955,0.088187,1.54898,0.35412,1.83338428,DWARF,5.590275e-05,0.436790377,876
TIC_133505138,133505138,1.32343,0.0585754,1.35,0.217593,6529.0,4.325,0.0899891,0.582416,0.135899,2.86735535,DWARF,0.000254818879,0.104909651,1767
TIC_133654092,133654092,152.478,,,,3877.0,,,,,,GIANT,,,
TIC_134315574,134315574,2.0557,,1.12,,6033.0,3.86137,,0.128926,,5.0436573,DWARF,,,
TIC_134396419,134396419,,,,,,,,,,,,,,
TIC_135083444,135083444,1.16271,0.0536282,1.134,0.147676,6071.0,4.36174,0.0783161,0.721435,0.155453,1.65454876,DWARF,0.0015164502,0.0178201571,23
TIC_136848581,136848581,2.71699,,,,5155.0,,,,,,GIANT,,,
TIC_136971594,136971594,1.72267,0.0838593,1.02,0.122812,5717.0,3.97426,0.0729992,0.199524,0.0403415,2.85608315,DWARF,0.0001956417,0.135957778,1689
TIC_137157546,137157546,0.790562,0.0512688,0.812,0.110491,4939.0,4.55175,0.098018,1.64342,0.477416,0.33506006,DWARF,0.00108874368,0.03379097,181
TIC_137284119,137284119,3.15808,0.108605,2.052,0.323077,8321.0,3.7514,0.0770158,0.065149,0.0128225,43.07679,DWARF,7.876485e-05,0.221378177,1817
TIC_137500798,137500798,1.66967,0.070196,1.4,0.243274,6653.0,4.13894,0.0915696,0.300773,0.0737189,4.92067337,DWARF,0.00119141117,0.062173605,88
TIC_137543637,137543637,1.3157,0.0497487,1.95,0.303335,8055.0,4.48979,0.07793,0.856179,0.171418,6.565535,DWARF,0.000394333067,0.0291049667,45
TIC_138017750,138017750,2.12802,0.0886028,1.148,0.151763,6104.28,3.84206,0.0757437,0.119128,0.0236522,5.66480827,DWARF,0.00196334044,0.0006714903,119
TIC_138361973,138361973,1.12685,0.050201,1.14,0.154189,6084.0,4.39124,0.0774892,0.796725,0.168592,1.5674094,DWARF,0.000282319146,0.04700609,1027
TIC_138497780,138497780,1.49021,0.0791005,1.24,0.187775,6305.0,4.18499,0.0914913,0.374694,0.0924058,3.16178083,DWARF,2.14722186e-05,0.09574284,238
TIC_138968089,138968089,1.47292,0.0925879,1.058,0.135285,5854.65,4.1262,0.0861579,0.331094,0.0796705,2.29643631,DWARF,5.65406772e-05,0.296192467,814
TIC_139118482,139118482,1.15409,0.063799,1.18,0.171932,6179.07,4.38547,0.0903187,0.767652,0.191898,1.74930525,DWARF,0.000711352,0.0357872136,22
TIC_139285736,139285736,1.0048,0.0742161,0.77,0.0923334,4781.0,4.3204,0.0935554,0.759013,0.207061,0.475259334,DWARF,0.000570174947,0.217635483,40
TIC_1400770435,1400770435,,,,,6040.0,,,,,,,0.007542452,0.99726975,71
TIC_1405997635,1405997635,,,,,,,,,,,,,,
TIC_140830390,140830390,2.4494,0.11699,1.05,0.12655,5815.0,3.68114,0.0740656,0.0714509,0.0144967,6.180372,DWARF,0.000674026669,0.4337083,1076
TIC_141227133,141227133,212.512,,,,3671.0,,,,,,GIANT,,,
TIC_141405814,141405814,7.03693,,,,10262.0,,,,,,GIANT,,,
TIC_141412823,141412823,1.78478,0.0837789,1.08,0.144515,5935.7,3.96832,0.0793384,0.189963,0.041903,3.56248236,DWARF,0.00275291922,0.022399269,436
TIC_141616639,141616639,0.57523,0.0590954,0.628,0.0795975,4016.0,4.71634,0.114989,3.29941,1.16962,0.07754471,DWARF,0.00150263135,0.0251264423,80
TIC_141631253,141631253,1.2684,0.0507437,1.56,0.276718,7051.0,4.42468,0.0912686,0.764456,0.17953,3.58271456,DWARF,0.000116431009,0.2872196,949
TIC_141663464,141663464,5.08456,,,,8472.0,,,,,,GIANT,,,
TIC_141776043,141776043,,,,,6151.0,,,,,,,,,
TIC_142087638,142087638,1.18003,0.0538191,1.16,0.158231,6142.0,4.35874,0.0831648,0.705955,0.161211,1.78534079,DWARF,0.00313275564,0.02476782,148
TIC_142090065,142090065,1.50581,0.0587262,1.566,0.274503,7072.0,4.27732,0.0852196,0.458647,0.101145,5.10982561,DWARF,0.00255128881,0.1380292,98
TIC_142918609,142918609,2.047,,,,8007.0,,,,,,DWARF,8.603146e-05,0.204420835,643
TIC_142938659,142938659,0.422754,0.0127147,0.416912,0.020375,3210.0,4.80594,0.00489004,5.51799,0.228242,0.017095834,DWARF,0.000753173837,0.124316104,34
TIC_143032776,143032776,0.44667,0.014351,0.442985,0.0211035,3473.0,4.78448,0.00721122,4.97083,0.242496,0.0261509474,DWARF,0.000223666415,0.009077423,44
TIC_143350972,143350972,1.01482,0.0568618,1.03,0.126964,5771.46,4.43812,0.0824317,0.985521,0.233332,1.02948081,DWARF,0.006369489,0.0215465389,88
TIC_143526444,143526444,4.15574,,,,5601.2,,,,,,GIANT,,,
TIC_144043410,144043410,2.04438,0.106935,1.5,0.260785,6888.0,3.99303,0.0932079,0.175551,0.0439257,8.476027,DWARF,0.0005029549,0.5607127,334
TIC_144440290,144440290,1.07077,0.0559422,1.02,0.128162,5709.0,4.38728,0.0804572,0.830838,0.185098,1.09729671,DWARF,0.00406912761,0.000767353,28
TIC_144956678,144956678,2.93328,0.134,1.11,0.151452,6017.0,3.54868,0.0817735,0.0439806,0.00953453,10.160676,DWARF,5.883798e-05,0.064329274,788
TIC_1449756,1449756,1.922,0.0878517,1.29,0.202744,6421.0,3.98115,0.0893677,0.181691,0.0436813,5.65731049,DWARF,0.000641375664,0.07316915,54
TIC_145027461,145027461,7.68129,,,,5175.0,,,,,,GIANT,,,
TIC_145982812,145982812,2.57096,0.0747136,2.56,0.315785,9981.0,4.02612,0.0608074,0.150645,0.0235573,59.0991249,DWARF,5.83994552e-05,0.0453634076,857
TIC_146208651,146208651,2.60247,,,,5245.0,,,,,,GIANT,,,
TIC_146244533,146244533,1.58121,0.0514447,2.06,0.301294,8334.0,4.35395,0.0732521,0.52107,0.0981495,10.8665,DWARF,0.0001094677,0.150809914,1231
TIC_146261607,146261607,4.17963,0.425729,2.38,0.319348,9373.0,3.57237,0.105814,0.032596,0.0104888,121.474327,DWARF,2.89181535e-05,0.0886921361,1208
TIC_146434840,146434840,1.74287,0.0789322,1.161,0.161277,6134.0,4.02037,0.0830981,0.219299,0.0493754,3.87435651,DWARF,0.00145398662,0.0183890555,65
TIC_146463781,146463781,0.379815,0.0116069,0.368528,0.0204606,3478.0,4.84539,0.00241502,6.72596,0.243025,0.0190176666,DWARF,0.00040287833,0.546016634,1061
TIC_146467675,146467675,1.72157,0.0758995,1.068,0.132956,5888.82,3.99479,0.072923,0.209314,0.0415871,3.21112323,DWARF,0.00125105656,0.13113758,59
TIC_146836153,146836153,,,,,,,,,,,DWARF,,,
TIC_146846569,146846569,0.20128,0.00623173,0.170263,0.020122,2868.0,5.06159,0.0246662,20.8794,0.536274,0.00246952,DWARF,0.0006603284,1.31287253,395
TIC_147340931,147340931,1.72465,0.0729548,1.44,0.251426,6736.0,4.12303,0.0876107,0.280709,0.063917,5.51704645,DWARF,0.000610724848,1.71807182,378
TIC_147576037,147576037,3.59038,0.182081,1.11,0.151034,6017.0,3.37311,0.0817193,0.0239828,0.00550463,15.2228642,DWARF,0.000493300962,0.00412654737,40
TIC_147660201,147660201,1.04099,0.0589246,0.88,0.105132,5180.0,4.34766,0.0798592,0.780083,0.182461,0.7029242,DWARF,0.00105016655,0.23138769,261
TIC_147895461,147895461,1.84972,0.0893542,1.25,0.192077,6337.0,4.00076,0.0876231,0.19751,0.0467372,4.97099,DWARF,0.000236452324,0.0003385353,32
TIC_148233571,148233571,1.06622,0.0630905,0.98,0.120703,5544.7,4.3736,0.0856519,0.808518,0.198666,0.968049943,DWARF,0.000711233064,0.0901533142,172
TIC_148659924,148659924,,,,,,,,,,,,,,
TIC_149126400,149126400,0.297644,0.0114841,0.273932,0.0217968,3725.0,4.92832,0.00110036,10.3885,0.374428,0.0153671764,DWARF,0.00075580593,0.238093168,768
TIC_149282072,149282072,0.794996,0.0463568,0.836,0.10594,5025.0,4.55954,0.0865989,1.66384,0.422698,0.363051951,DWARF,0.00224420242,0.4121978,913
TIC_150271680,150271680,1.30609,0.0746356,0.92,0.115036,5316.6,4.16991,0.0824631,0.412921,0.0965992,1.22794175,DWARF,0.007148511,0.0143108666,242
TIC_151728428,151728428,0.638238,0.0190713,0.618234,0.020339,3827.0,4.61926,0.0116694,2.37796,0.135153,0.07872159,DWARF,0.001773991,0.140953928,293
TIC_151930063,151930063,1.95222,0.0720226,3.08,0.398605,11632.0,4.34556,0.0724052,0.413966,0.0726845,62.8593369,DWARF,1.67676644e-05,0.114723295,446
TIC_151959065,151959065,1.65817,0.0783919,1.4,0.24639,6661.0,4.14494,0.090138,0.307075,0.0735317,4.87650347,DWARF,0.0002797371,0.198848978,170
TIC_15247229,15247229,1.58394,0.0551759,2.031,0.316121,8263.0,4.3463,0.0766644,0.511083,0.10013,10.5371838,DWARF,0.000148596562,0.149900228,838
TIC_152714791,152714791,4.35017,,,,4982.0,,,,,,GIANT,,,
TIC_153027658,153027658,,,,,5321.1,,,,,,DWARF,,,
TIC_153651591,153651591,2.80165,0.117136,2.39,0.312146,9389.0,3.92164,0.0667104,0.108681,0.0195746,54.9542427,DWARF,3.404977e-05,0.6194735,947
TIC_154459165,154459165,0.787173,0.0515577,0.79,0.0944886,4869.0,4.54355,0.0879956,1.61963,0.410725,0.3137578,DWARF,0.0002702338,0.1631492,966
TIC_154867950,154867950,1.99306,0.113206,0.919,0.113387,5329.0,3.80234,0.0825189,0.116078,0.0273267,2.88616085,DWARF,0.00243133027,0.00130818761,56
TIC_154927364,154927364,1.85932,0.0882814,1.166,0.156134,6146.0,3.96606,0.0838446,0.1814,0.0400234,4.44397831,DWARF,0.00126068736,0.00609995,55
TIC_155005217,155005217,1.80236,0.0892764,2.31,0.340576,9139.0,4.29,0.0756408,0.39454,0.0789553,20.415987,DWARF,0.000777793932,0.04178694,220
TIC_155114483,155114483,1.70383,0.048402,2.189,0.329227,8728.0,4.31546,0.0731312,0.442553,0.0815139,15.1777506,DWARF,0.00168918387,0.0733589,256
TIC_15565627,15565627,2.34997,0.145281,1.36,0.23,6555.54,3.82948,0.0985893,0.104798,0.0280959,9.188697,DWARF,6.489691e-05,0.0492074862,601
TIC_155807906,155807906,1.31549,,1.35,,6541.0,4.33022,,0.59302,,2.85395765,DWARF,,,
TIC_155947004,155947004,0.667675,0.0526131,0.708,0.0847465,4507.0,4.63897,0.0991615,2.37869,0.681664,0.165720224,DWARF,0.00156060362,0.0340254344,40
TIC_155995204,155995204,1.32054,,1.06,,5847.0,4.22187,,0.460311,,1.83624268,DWARF,,,
TIC_156678143,156678143,2.21837,0.129678,1.275,0.188824,6382.27,3.85151,0.0856561,0.116791,0.028828,7.356352,DWARF,2.82067e-05,0.07655246,340
TIC_156816238,156816238,1.41425,0.0696483,1.12,0.14631,6046.0,4.18623,0.0780982,0.395946,0.0842353,2.407809,DWARF,0.000219489913,0.06723322,44
TIC_15682927,15682927,1.91879,0.080495,1.74,0.310692,7542.0,4.11256,0.0895216,0.246301,0.0567846,10.7323875,DWARF,2.24045434e-05,0.182427153,600
TIC_156991337,156991337,1.07907,0.053588,1.06,0.137834,5846.0,4.39727,0.0792544,0.84363,0.183746,1.2252717,DWARF,0.00261394237,0.0346151851,172
TIC_157528286,157528286,1.24786,,1.12,,6044.0,4.29495,,0.576388,,1.87209415,DWARF,,,
TIC_157568289,157568289,2.42541,0.108113,1.28,0.20692,6387.0,3.77571,0.09067,0.0897132,0.0212233,8.819654,DWARF,0.000592579658,0.20137617,297
TIC_15827263,15827263,,,,,,,,,,,GIANT,,,
TIC_158551257,158551257,,,,,,,,,,,DWARF,,,
TIC_158916431,158916431,2.12719,0.0808844,1.64,0.273988,7272.0,3.9973,0.0851953,0.170382,0.0370879,11.4005146,DWARF,0.000953526,0.0234386474,201
TIC_159334269,159334269,1.18439,,1.29,,6409.0,4.40166,,0.776427,,2.13230038,DWARF,,,
TIC_159510109,159510109,1.1179,0.0543668,1.08,0.136772,5920.0,4.37469,0.0785937,0.773065,0.166969,1.38288689,DWARF,0.008145028,0.0012663661,59
TIC_160162987,160162987,1.1859,0.0582513,1.029,0.127892,5752.0,4.30239,0.0779107,0.616979,0.132121,1.38696921,DWARF,0.00187890732,0.0498288237,56
TIC_160268701,160268701,2.24055,0.10093,1.274,0.208693,6379.0,3.84253,0.0909477,0.113268,0.0271084,7.48882055,DWARF,0.00196023681,0.009436709,44
TIC_16102323,16102323,,,,,,,,,,,,,,
TIC_161156159,161156159,2.15386,0.118613,1.0,0.123097,5621.0,3.77163,0.0815445,0.10008,0.0231053,4.17238569,DWARF,0.0006394569,0.156469136,486
TIC_161450762,161450762,,,,,,,,,,,,,,
TIC_16187321,16187321,1.4171,0.0596634,1.42,0.232747,6702.0,4.28755,0.0899177,0.498981,0.114159,3.65018988,DWARF,5.230753e-05,0.153434351,820
TIC_162246865,162246865,1.30199,0.0551458,1.32,0.208669,6476.0,4.32943,0.0854091,0.598068,0.134911,2.686196,DWARF,0.00132673432,0.02000744,295
TIC_162577466,162577466,1.11792,,1.04,,5801.0,4.35828,,0.744385,,1.27505755,DWARF,,,
TIC_162729620,162729620,1.31322,0.0614974,1.2,0.166115,6229.0,4.28058,0.0818665,0.529874,0.114813,2.33905625,DWARF,0.000338928425,0.365395218,354
TIC_165523947,165523947,3.56466,0.122261,2.13,0.335611,8542.0,3.66241,0.0762835,0.0470246,0.00910764,60.94935,DWARF,3.3643355e-05,0.173943892,952
TIC_166184426,166184426,0.31097,0.00932766,0.289172,0.0202044,3327.0,4.91379,0.00433214,9.61614,0.192406,0.0106743863,DWARF,0.00471800473,1.08524346,269
TIC_166190643,166190643,2.50876,0.120392,1.31,0.207855,6453.0,3.75642,0.0887797,0.0829651,0.0196717,9.83238,DWARF,1.95436332e-05,0.5065449,1076
TIC_166697854,166697854,2.05391,0.11357,1.04,0.126398,5776.5,3.82994,0.0820026,0.12003,0.0281972,4.23171,DWARF,0.0006166361,0.02861036,37
TIC_167009792,167009792,2.10249,0.0985727,1.08,0.141361,5936.0,3.82602,0.0806341,0.116204,0.0256771,4.94467974,DWARF,0.005216299,0.05889663,420
TIC_167031605,167031605,5.44914,,,,11246.0,,,,,,GIANT,,,
TIC_167098530,167098530,0.873261,0.0495527,0.88,0.105495,5175.0,4.50026,0.0836048,1.32145,0.311342,0.4927473,DWARF,0.000492139661,0.0564312451,902
TIC_167418898,167418898,1.26629,,,,5951.01,,,,,,DWARF,0.004735723,0.229448438,166
TIC_167754523,167754523,0.728459,0.0500503,0.82,0.0959432,4986.0,4.62707,0.0909779,2.12128,0.557562,0.295470685,DWARF,0.0208970532,0.055277463,151
TIC_168871868,168871868,1.00169,0.0497487,1.03,0.127642,5762.0,4.44944,0.077825,1.02478,0.224504,0.996454358,DWARF,0.0010582254,0.00315586315,43
TIC_169177766,169177766,2.09732,,2.572,,10038.0,4.20501,,0.278791,,40.2356644,DWARF,,,
TIC_169187982,169187982,1.1999,,1.32,,6479.0,4.40035,,0.764083,,2.28568053,DWARF,,,
TIC_169532369,169532369,1.80205,0.0817088,1.47,0.236059,6820.6,4.09385,0.0851528,0.251198,0.0558776,6.33167458,DWARF,0.00032113996,0.007743915,81
TIC_17005768,17005768,1.1282,,,,5766.0,,,,,,DWARF,0.00171615544,0.00575213833,46
TIC_170103435,170103435,1.23165,0.0515578,1.24,0.179776,6317.0,4.35051,0.0815241,0.663676,0.145562,2.17628217,DWARF,0.00248799566,0.1806181,148
TIC_1001477809,1001477809,,,,,,,,,,,,,,
TIC_1100766816,1100766816,,,,,,,,,,,,,,
TIC_1400212743,1400212743,,,,,,,,,,,,,,
TIC_161687209,161687209,0.750673,0.0670553,0.66,0.0820138,4220.0,4.50671,0.105884,1.56024,0.497604,0.161007658,DWARF,0.00104921777,0.254279882,37
TIC_1717732429,1717732429,,,,,,,,,,,,,,
TIC_1965256662,1965256662,1.24844,0.0593367,1.113,0.145373,6017.0,4.29183,0.0790885,0.571999,0.123937,1.84055173,DWARF,4.6238747e-05,1.058344,1394
TIC_1976308113,1976308113,,,,,,,,,,,,,,
TIC_1979500576,1979500576,,,,,,,,,,,,,,
TIC_2041563029,2041563029,,,,,,,,,,,,,,
TIC_258777134,258777134,,,,,,,,,,,,,,
TIC_286696848,286696848,0.668835,0.0198866,0.641063,0.0202899,3916.0,4.59433,0.0120834,2.14261,0.123509,0.0947771,DWARF,0.0005365364,1.09516013,464
TIC_365683032,365683032,1.6486,,2.338,,9224.0,4.37268,,0.521794,,17.7256432,DWARF,,,
TIC_387664868,387664868,3.28341,,1.57,,7083.0,3.60132,,0.0443532,,24.4463215,DWARF,,,
TIC_841226527,841226527,,,,,,,,,,,,,,
TIC_200385493,200385493,0.301994,0.00905155,0.278894,0.020187,3742.0,4.92351,0.00544864,10.1261,0.176339,0.0161104053,DWARF,0.06602038,0.000395820331,63
TIC_453789494,453789494,2.09193,0.101309,1.61,0.275037,7204.0,4.0038,0.0880793,0.175867,0.041719,10.6190033,DWARF,0.000455647882,0.08362708,460
11_Com,72437047,17.407,,,,4675.18,,,,,,GIANT,,,
11_UMi,230061010,29.3104,,,,4263.77,,,,,,GIANT,,,
14_And,333225860,11.2161,,,,4689.46,,,,,,GIANT,,,
14_Her,219483057,1.00235,0.065,0.91,0.112593,5280.0,4.39507,0.0904078,0.903606,0.232941,0.7035128,DWARF,0.0113420617,0.000246318057,43
16_Cyg_B,27533327,1.12827,0.0630151,1.03,0.132333,5747.0,4.34608,0.0858428,0.71713,0.175036,1.25108159,DWARF,0.0104663065,1.22381461,410
17_Sco,135596590,32.0773,,,,4364.06,,,,,,GIANT,,,
18_Del,354489950,7.81867,,,,5074.86,,,,,,GIANT,,,
1RXS_J160929.1-210524,48964101,1.31316,0.139598,0.623,0.0837193,3993.0,3.99592,0.1217,0.27513,0.101841,0.394935071,DWARF,0.0,0.018071644,333
24_Boo,441712711,9.81465,,,,5025.78,,,,,,GIANT,,,
24_Sex,1713457,4.93442,,,,5027.0,,,,,,GIANT,,,
2MASS_J01033563-5515561_A,616014335,,,,,,,,,,,,,,
2MASS_J01225093-2439505,11614485,0.36645,0.0111554,0.353185,0.0204029,3309.0,4.85804,0.00133317,7.17725,0.240566,0.0145047829,DWARF,0.00321354344,0.005296667,19
2MASS_J02192210-3925225,77111651,0.267572,0.00822885,0.240111,0.0202414,2873.0,4.9636,0.00997738,12.534,0.0974279,0.004394592,DWARF,0.00203516544,0.00181007024,32
2MASS_J0249-0557_A,10930507,0.315959,0.00962448,0.294905,0.0203037,2859.0,4.90849,0.00348138,9.34953,0.20975,0.00600914657,DWARF,0.000663982762,0.007723448,30
2MASS_J03590986+2009361,14183352,0.289776,0.0100702,0.264996,0.0209786,2943.0,4.93718,0.00425626,10.8906,0.271554,0.00567519246,DWARF,0.0,0.0224056263,90
2MASS_J04372171+2651014,125843782,0.641038,0.0192147,0.620366,0.0203715,3243.0,4.61695,0.0117768,2.35503,0.134655,0.0409496352,DWARF,0.0,0.005880592,93
2MASS_J04414489+2301513,118893899,0.231916,0.0115529,0.201559,0.0223138,2936.0,5.01181,0.00497228,16.1588,0.619256,0.00360064534,DWARF,,,
2MASS_J11011926-7732383,454227159,,,,,,,,,,,,,,
2MASS_J11550485-7919108,357014373,0.600455,0.0179235,0.58846,0.0203315,3021.0,4.65082,0.010924,2.71816,0.149718,0.0270556863,DWARF,0.0008409718,0.013925177,193
2MASS_J12073346-3932539,102076870,0.21887,0.00697599,0.188001,0.0202267,2825.0,5.03186,0.0192128,17.9309,0.220603,0.00274878647,DWARF,0.000330985378,0.316894442,195
2MASS_J16262785-2625152,175594111,,,,,3252.0,,,,,,DWARF,,0.6732445,777
2MASS_J19383260+4603591,271164763,,,,,,,,,,,DWARF,,0.19926171,533
2MASS_J21252752-8138278,273305007,0.672832,0.0209731,0.643977,0.0208016,3592.0,4.59112,0.0130505,2.11422,0.129659,0.0678974241,DWARF,0.006613936,0.0174535587,108
2MASS_J22362452+4751425,200532605,0.641152,0.0613116,0.63,0.0786613,4033.0,4.62349,0.110795,2.39032,0.812742,0.09797837,DWARF,0.00022796588,0.5245441,557
2MASS_J22501512+2325342,435830255,0.437589,0.0129225,0.433173,0.0202074,3352.0,4.7926,0.00538345,5.16966,0.216904,0.021779282,DWARF,0.00155664573,0.0574749932,66
47_UMa,21535479,1.21334,0.0486181,1.06,0.133005,5872.0,4.29541,0.0687713,0.593418,0.111005,1.57689381,DWARF,0.00648305751,0.000367554749,26
4_UMa,356478817,16.9684,,,,4482.9,,,,,,GIANT,,,
51_Eri,298810162,1.48726,0.0502563,1.65,0.267692,7295.0,4.31078,0.0821891,0.501562,0.104418,5.6437645,DWARF,0.004549348,0.0506009758,73
51_Peg,139298196,1.17561,0.0513442,1.03,0.126059,5758.0,4.31038,0.0719204,0.633935,0.122826,1.36870432,DWARF,0.006522113,0.0007685973,59
55_Cnc,332064670,0.963515,0.0654472,0.9,0.115017,5250.0,4.42459,0.0935934,1.00616,0.267877,0.63540256,DWARF,0.008308893,0.004668652,55
55_Cnc_B,332064684,0.289624,0.00875413,0.264823,0.0202096,3187.0,4.93735,0.00694531,10.9006,0.155021,0.007796363,DWARF,0.008809479,0.475372821,47
6_Lyn,444865362,5.15522,,,,4938.0,,,,,,GIANT,,,
70_Vir,95473936,1.92327,0.0924371,0.96,0.128089,5495.0,3.85226,0.078154,0.134942,0.0291885,3.03841734,DWARF,0.00311831851,0.00012576,36
75_Cet,251095345,10.5203,,,,4827.32,,,,,,GIANT,,,
7_CMa,48237215,4.90843,,,,4794.52,,,,,,GIANT,,,
8_UMi,257005016,10.1467,,,,4906.0,,,,,,GIANT,,,
91_Aqr,4610441,10.3947,,,,4658.92,,,,,,GIANT,,,
AB_Aur,96680681,2.95887,0.0836684,1.898,0.312106,7920.0,3.77411,0.0791055,0.0732686,0.0145272,31.03471,DWARF,0.000129973356,0.00129981153,157
AB_Pic,260351540,1.01873,0.0652865,0.84,0.100333,5027.0,4.34623,0.088691,0.794525,0.205584,0.59709686,DWARF,0.0182575062,0.0003528895,101
AF_Lep,94945758,1.07741,0.0384699,1.29,0.203725,6409.37,4.48389,0.0825478,1.03144,0.216565,1.764898,DWARF,0.00747126667,0.00568885449,94
AT2021ueyL,298710936,1.92682,,0.96,,5496.0,3.85066,,0.134199,,3.0518434,DWARF,,,
AU_Mic,441420236,0.698009,0.0210957,0.662074,0.0204762,,4.57125,0.0128232,1.94681,0.116511,0.0,DWARF,0.0118507566,0.002225163,141
BD+03_2562,366659915,38.8296,,,,4095.0,,,,,,GIANT,,,
BD+05_4868_A,2025181668,,,,,,,,,,,,,,
BD+14_4559,230183006,0.863285,0.0655025,0.79,0.0934953,4864.0,4.46339,0.102231,1.2279,0.36614,0.375817955,DWARF,0.005270968,0.006266791,219
BD+15_2375,82604982,11.8043,,,,4649.0,,,,,,GIANT,,,
BD+15_2940,393702609,10.7642,,,,4796.0,,,,,,GIANT,,,
BD+20_2457,95359428,46.0451,,,,4181.98,,,,,,GIANT,,,
BD+20_274,60923874,43.4104,,,,4296.0,,,,,,GIANT,,,
BD+20_594,26123781,1.24493,0.0662713,1.003,0.121362,5651.76,4.24908,0.0757673,0.519833,0.114119,1.42469108,DWARF,0.0,0.0005046506,65
BD+37_3172,289572819,11.9898,,,,4603.0,,,,,,GIANT,,,
BD+42_2315,376689863,12.188,,,,4632.0,,,,,,GIANT,,,
BD+45_564,292607437,0.813064,0.0427839,0.85,0.10499,5087.09,4.54724,0.080377,1.58141,0.359803,0.3988614,DWARF,0.00555437943,0.002217946,174
BD+48_738,302069358,33.3751,,,,4435.0,,,,,,GIANT,,,
BD+49_828,116376059,9.20378,,,,4943.0,,,,,,GIANT,,,
BD+60_1417,159527171,0.797302,0.0507136,0.83,0.0948903,4993.0,4.5539,0.0863817,1.63761,0.412337,0.355947942,DWARF,0.008184727,2.63778275e-05,31
BD+63_1405,233075841,0.804724,0.0501055,0.85,0.103406,5073.0,4.55619,0.0858449,1.63109,0.410912,0.3864094,DWARF,0.0260507669,0.000183674842,82
BD-08_2823,33355302,0.692034,0.0415075,0.78,0.093559,4816.0,4.64991,0.0846467,2.35349,0.577662,0.232110649,DWARF,0.006627626,0.00104375,55
BD-10_3166,148563075,0.945857,0.0462588,0.92,0.10817,5314.0,4.4502,0.0740642,1.0872,0.221128,0.642734945,DWARF,0.00308503443,0.130540729,41
BD-13_2130,288474555,17.1062,,,,4717.52,,,,,,GIANT,,,
BD-14_3065_A,293607057,2.60866,0.122835,1.44,0.249006,6736.88,3.7636,0.0911029,0.0811166,0.0195148,12.6288872,DWARF,0.000321183121,0.00430585351,64
BD-210397,268804174,0.738639,0.0720377,0.64,0.0767156,4059.0,4.50738,0.113183,1.58812,0.540649,0.133424416,DWARF,0.007651737,0.000387515232,17
BEBOP-3,289949453,1.41544,0.0667437,1.126,0.142995,6049.0,4.18782,0.0791306,0.397064,0.0859246,2.41665435,DWARF,0.003313154,0.00132986845,74
BEBOP-4_A,356710041,2.75645,0.13196,1.02,0.125183,5701.43,3.56597,0.0743608,0.0487026,0.010032,7.233169,DWARF,0.000816790969,0.007322554,34
CD-35_2722,201426753,0.558549,0.0164448,0.552879,0.020192,3729.0,4.68657,0.00971222,3.17283,0.164574,0.0543484055,DWARF,0.0112386905,0.002438909,94
CD_Cet,328465905,,,,,,,,,,,DWARF,,,
CI_Tau,61230756,1.67898,,,,3807.0,,,,,,GIANT,,,
COCONUTS-2_A,272232401,0.38757,0.0114701,0.377382,0.0201971,3397.0,4.83815,0.0024481,6.48232,0.22846,0.01802093,DWARF,0.0475716963,0.0225441046,158
CT_Cha,454259409,1.81481,,,,4464.0,,,,,,GIANT,,,
CoRoT-1,36352297,1.29027,,1.26,,6355.07,4.31708,,0.58658,,2.446461,DWARF,,,
CoRoT-10,405010127,0.548929,,0.84,,5025.0,4.88331,,5.07844,,0.173089758,DWARF,,,
CoRoT-11,110178537,1.58601,0.10682,1.26,0.190481,6343.0,4.13783,0.0931666,0.315832,0.0861169,3.66845727,DWARF,1.87925416e-05,1.47939312,2577
CoRoT-12,280210963,1.03674,,1.02,,5715.0,4.41533,,0.91535,,1.03300285,DWARF,,,
CoRoT-13,281909674,1.13707,,1.08,,5914.0,4.35992,,0.73462,,1.42493176,DWARF,,,
CoRoT-14,282706928,1.41661,,1.05,,5826.0,4.15676,,0.369352,,2.08293533,DWARF,,,
CoRoT-16,218299481,1.23512,,0.79,,4870.0,4.15228,,0.419278,,0.773084939,DWARF,,,
CoRoT-17,218299312,2.36994,,,,5303.0,,,,,,GIANT,,,
CoRoT-18,37168957,0.934028,,0.97,,5525.0,4.48412,,1.1904,,0.7323922,DWARF,,,
CoRoT-19,42821097,1.6395,,1.03,,5758.0,4.02148,,0.233723,,2.66198182,DWARF,,,
CoRoT-2,391958006,0.937741,0.0946382,0.972,0.118715,5529.0,4.48157,0.108347,1.17874,0.402965,0.740366161,DWARF,6.546571e-05,0.6827474,1800
CoRoT-20,234825296,1.29981,,0.94,,5404.0,4.18344,,0.428048,,1.29811466,DWARF,,,
CoRoT-21,280420719,,,,,,,,,,,,,,
CoRoT-22,323094535,1.17797,,1.018,,5709.0,4.30355,,0.622793,,1.32801926,DWARF,,,
CoRoT-23,108155949,2.11569,,0.95,,5426.0,3.76489,,0.100316,,3.49556041,DWARF,,,
CoRoT-24,36105482,0.822827,,0.77,,4760.0,4.49394,,1.38218,,0.3131405,DWARF,,,
CoRoT-25,130038122,1.38951,,1.23,,6284.0,4.24225,,0.458477,,2.71246862,DWARF,,,
CoRoT-26,322388624,,,,,,,,,,,DWARF,,,
CoRoT-28,106352250,2.61841,,,,5177.0,,,,,,GIANT,,,
CoRoT-29,370736259,1.07719,,0.9,,5268.0,4.32772,,0.720052,,0.8051256,DWARF,,,
CoRoT-3,392353449,1.52534,0.0884925,1.36,0.223742,6558.0,4.20487,0.0944561,0.383211,0.0998684,3.87716627,DWARF,1.78745377e-05,0.8557685,1824
CoRoT-30,320636129,0.983423,,1.04,,5811.0,4.46962,,1.09348,,0.993525445,DWARF,,,
CoRoT-31,250595183,2.0591,,0.94,,5415.0,3.78384,,0.107671,,3.284295,DWARF,,,
CoRoT-32,220323515,0.983098,,1.06,,5859.0,4.47818,,1.11562,,1.026083,DWARF,,,
CoRoT-4,36440357,1.12271,,1.21,,6240.0,4.42032,,0.855037,,1.72173607,DWARF,,,
CoRoT-5,234112540,1.27299,,1.21,,6240.0,4.31121,,0.586563,,2.21350312,DWARF,,,
CoRoT-6,130502317,1.09391,,1.19,,6206.0,4.43565,,0.90907,,1.5992198,DWARF,,,
CoRoT-7,280304863,0.864273,0.0467086,0.899,0.108851,5256.0,4.51853,0.0758879,1.39254,0.294434,0.5135922,DWARF,0.000124527811,0.2257022,550
CoRoT-8,391880567,0.563398,,0.868,,5143.0,4.87496,,4.85371,,0.200074315,DWARF,,,
CoRoT-9,130162252,0.898155,0.0447739,0.993,0.120141,5613.0,4.52831,0.0747264,1.37055,0.287022,0.721401453,DWARF,3.62983847e-05,0.447697639,2040
DENIS-P_J082303.1-491201,388682292,,,,,,,,,,,,,,
DE_CVn,446175401,0.424754,0.0126558,0.41912,0.0202864,3579.0,4.80413,0.00485047,5.46923,0.224189,0.0266695973,DWARF,0.005426453,0.00383752352,25
DH_Tau,268148971,1.36687,,0.683,,4371.0,4.00103,,0.267446,,0.614433,DWARF,,,
DMPP-1,66560666,1.26606,0.0529045,1.17,0.163306,6156.61,4.30134,0.0806679,0.576529,0.126225,2.07477546,DWARF,0.00463417,0.00135109841,73
DMPP-2,32432767,1.95965,0.0925881,1.3,0.208821,6435.0,3.96766,0.0906911,0.172747,0.0421217,5.93258429,DWARF,0.00211778539,1.1191798e-05,24
DMPP-4,26884478,1.38977,0.0543518,1.22,0.172072,6275.11,4.23854,0.0756644,0.454495,0.0909605,2.69815874,DWARF,0.008580358,0.00185108581,336
DMPP-6,306668068,1.25344,0.050995,1.18,0.167113,6182.09,4.31374,0.0785523,0.599199,0.127147,2.067489,DWARF,0.01781516,0.0124275405,198
DMPP-7,365158631,1.53949,0.0666633,1.105,0.140833,5996.82,4.10668,0.0739184,0.302855,0.0613255,2.761408,DWARF,0.0024497977,0.00425625127,37
DMPP-8,318042295,1.20543,0.0561055,1.11,0.145685,6009.0,4.32111,0.0772173,0.633719,0.133924,1.70681953,DWARF,0.005549865,0.0007482386,127
DMPP-9,376777782,1.30869,0.0615578,1.14,0.151205,6092.0,4.2613,0.0834688,0.508624,0.116067,2.125233,DWARF,0.003349402,0.0244762562,114
DP_Leo,903484062,,,,,,,,,,,,,,
DS_Tuc_A,410214986,0.951985,0.0705779,0.94,0.124858,5414.0,4.45393,0.100596,1.08952,0.322031,0.7015011,DWARF,0.007499026,0.425872922,66
EPIC_201170410,38116202,,,,,,,,,,,DWARF,,,
EPIC_201238110,35019000,0.45606,0.0139912,0.453007,0.0206102,3587.0,4.77613,0.0068828,4.77572,0.222408,0.0310215987,DWARF,0.0,0.000130854954,45
EPIC_201427007,66664249,1.0871,,0.93,,5382.73,4.33401,,0.723885,,0.8938143,DWARF,,,
EPIC_201497682,301610040,0.68617,,0.74,,4670.35,4.63444,,2.29054,,0.201815844,DWARF,,,
EPIC_201595106,397052808,0.990833,0.0461331,1.018,0.126298,5711.17,4.45381,0.0723652,1.04652,0.206708,0.941014051,DWARF,0.0,0.00661622873,40
EPIC_201757695,903075188,,,,,4452.0,,,,,,,,,
EPIC_201841433,380583651,0.74249,,0.77,,4763.0,4.58318,,1.88113,,0.2556222,DWARF,,,
EPIC_206024342,75266189,0.847822,0.0423869,1.03,0.12728,5759.0,4.5943,0.0795662,1.69014,0.363086,0.712348461,DWARF,0.0,0.1272349,55
EPIC_206032309,145752628,0.37344,0.0117875,0.361221,0.0207269,3489.0,4.8514,0.00247854,6.93602,0.25861,0.01861831,DWARF,0.0,0.002204947,43
EPIC_206042996,12785571,0.673712,,0.63,,4055.0,4.58046,,2.06024,,0.110562317,DWARF,,,
EPIC_206317286,250956593,0.762391,,0.792,,4864.0,4.57244,,1.78728,,0.293106079,DWARF,,,
EPIC_211822797,337632006,0.597044,0.0177961,0.585671,0.0203169,3811.0,4.65371,0.010826,2.75191,0.150835,0.06774281,DWARF,0.0,0.00110901345,59
EPIC_211945201,243244680,1.3636,0.0621558,1.158,0.154946,6128.0,4.2324,0.0788841,0.456719,0.0983646,2.36234283,DWARF,0.0,0.000122691519,41
EPIC_212297394,287331845,0.776343,,0.831,,5008.0,4.57756,,1.77599,,0.341554075,DWARF,,,
EPIC_212424622,297146115,1.21834,0.0617337,1.08,0.139905,5915.0,4.29996,0.080277,0.597204,0.133312,1.63699663,DWARF,0.0,0.008645909,60
EPIC_212499991,297146957,0.752111,0.044593,0.85,0.106004,5079.0,4.61492,0.0837027,1.9979,0.490319,0.339134246,DWARF,0.0,0.7381538,60
EPIC_212587672,771548,0.94987,0.0489146,1.13,0.14837,6055.0,4.53582,0.0838599,1.31852,0.30088,1.09264731,DWARF,0.0,0.06261726,58
EPIC_212624936,2764004,0.912526,,1.0,,5627.0,4.51758,,1.31603,,0.7521298,DWARF,,,
EPIC_212737443,670036,0.669035,,0.724,,4581.0,4.64691,,2.41764,,0.1775961,DWARF,,,
EPIC_220492298,257802602,1.11319,,0.95,,5443.04,4.32266,,0.688684,,0.9799331,DWARF,,,
EPIC_220674823,266015990,0.988713,0.0522739,0.98,0.128697,5565.0,4.43915,0.0815052,1.01395,0.230665,0.844686568,DWARF,0.0,0.0143696126,26
EPIC_228836835,51641442,0.423901,0.0134029,0.418179,0.0208811,3506.0,4.8049,0.00576835,5.48996,0.246703,0.0244608335,DWARF,0.0,0.00010514204,44
EPIC_229004835,94924543,0.995311,0.0466432,1.067,0.136514,5886.0,4.47031,0.0773903,1.08215,0.231003,1.07125545,DWARF,0.0,0.004462138,38
EPIC_246851721,411839167,1.73931,0.110633,1.338,0.226837,6513.0,4.08377,0.0974277,0.254287,0.0677098,4.904258,DWARF,0.0004323897,0.103007726,193
EPIC_248847494,392876254,2.6176,,,,4962.41,,,,,,GIANT,,,
EPIC_249893012,432254760,1.94414,0.111244,0.892,0.106839,5230.8,3.81098,0.0808995,0.12139,0.0285931,2.54930449,DWARF,0.0,0.08018122,113
FU_Tau,58544613,,,,,,,,,,,,,,
GJ_1148,115869504,0.358519,0.0105687,0.344045,0.020144,3287.0,4.86566,0.000368129,7.46584,0.222755,0.0135181695,DWARF,0.0156178987,0.0872145,27
GJ_143,279741379,0.705464,0.0635578,0.73,0.0877794,4628.53,4.60444,0.110981,2.07921,0.692656,0.205786228,DWARF,0.02378779,0.139429048,56
GJ_179,450102450,0.375628,0.0111233,0.363731,0.0201924,3315.0,4.84933,0.00159413,6.86288,0.228468,0.0153512862,DWARF,0.0107802777,0.432673216,114
GJ_2056,65406275,0.749753,0.0755904,0.62,0.0821349,4002.0,4.48062,0.118768,1.47108,0.528041,0.129908934,DWARF,0.0007016709,0.0388572738,766
GJ_2126,44082776,0.727797,0.071191,0.65,0.0834576,4159.0,4.52696,0.116817,1.6861,0.585457,0.142781138,DWARF,0.000442690449,0.0851429,2280
GJ_238,737377690,,,,,,,,,,,,,,
GJ_27.1,80417903,0.518887,0.0157565,0.516409,0.0205264,3687.0,4.72092,0.00911206,3.69637,0.190029,0.0448262952,DWARF,0.008653057,0.000172579515,40
GJ_273,318686860,0.31578,0.0096203,0.294698,0.0203041,,4.90868,0.00349957,9.35887,0.209604,0.0,DWARF,0.03542287,0.0210863911,257
GJ_3082,206548902,0.465216,0.0139102,0.462652,0.0203455,3646.0,4.76801,0.00686822,4.59505,0.210256,0.0344564579,DWARF,0.0143618667,0.00175098993,42
GJ_3090,262530407,0.517786,0.0155797,0.515356,0.0204259,3639.0,4.72187,0.00892084,3.71241,0.188182,0.0423568375,DWARF,0.009487124,0.0131962439,44
GJ_328,800022105,,,,,,,,,,,,,,
GJ_3341,77897915,0.464648,0.013899,0.462057,0.0203495,3543.0,4.76852,0.00685064,4.60599,0.210627,0.0306497868,DWARF,0.008392487,0.2977785,52
GJ_341,359271097,,,,,,,,,,,,,,
GJ_3470,19028197,0.499698,0.0149283,0.497757,0.0203467,3552.0,4.73767,0.00819406,3.98928,0.194657,0.03580979,DWARF,0.0,0.000509163248,114
GJ_3473,452866790,0.354529,0.0107089,0.33944,0.0203209,3329.0,4.86953,0.000383207,7.61742,0.233852,0.0139076393,DWARF,0.003950203,0.0205426086,148
GJ_3634,942747314,,,,,,,,,,,,,,
GJ_367,34068883,1.65058,,1.43,,6709.0,4.15813,,0.317998,,4.972794,DWARF,,,
GJ_3929,188589164,0.325635,0.00971841,0.306053,0.0201949,3352.0,4.8984,0.00276832,8.86346,0.207949,0.0120607112,DWARF,0.013025227,0.000765115,57
GJ_3942,162494287,0.577524,0.0169947,0.569351,0.0201852,3795.0,4.67031,0.0101637,2.95577,0.156355,0.0623278171,DWARF,0.0190406311,0.000203799922,51
GJ_3988,274626553,0.215708,0.0064861,0.184766,0.0200833,3103.0,5.03696,0.0212679,18.4087,0.346227,0.003886461,DWARF,0.0306560528,0.01057324,61
GJ_414_A,9001920,0.748412,0.0746407,0.64,0.0847761,4060.0,4.49597,0.11808,1.52671,0.54752,0.137113616,DWARF,0.01032004,0.3146502,18
GJ_504,397587084,1.35208,0.0721935,1.12,0.151724,6029.19,4.22528,0.09057,0.453118,0.113148,2.17638087,DWARF,0.00515307672,0.000947699242,34
GJ_508.2,43133318,0.528934,1.68172,0.525912,1.57581,,4.71218,,3.55393,3.11399,0.0,DWARF,0.0106552355,0.000247758668,26
GJ_625,207492082,0.337502,0.0101997,0.319761,0.020295,3549.0,4.88634,0.0013437,8.31757,0.22559,0.0162806381,DWARF,0.0547264181,0.0002525686,58
GJ_649,236743275,0.516525,0.0151618,0.514147,0.0201614,3674.0,4.72297,0.00846457,3.7309,0.182431,0.0437959544,DWARF,0.0186279844,0.00257106964,90
GJ_682,16909008,,,,,,,,,,,,,,
GJ_685,219780306,0.560082,0.0164892,0.554233,0.0201914,3753.0,4.68526,0.00975035,3.15455,0.1639,0.05606763,DWARF,0.0458727442,0.00355154765,71
GJ_720_A,122958010,0.589247,0.0172714,0.579226,0.0201435,3827.0,4.66032,0.0103571,2.8311,0.150697,0.06710012,DWARF,0.0192107949,0.0007707478,167
GJ_86,631746155,,,,,,,,,,,,,,
GJ_900_A,2052770532,,,,,,,,,,,,,,
GJ_96,409527090,0.580612,0.0174107,0.571974,0.0203831,3782.0,4.66767,0.0105708,2.92226,0.158975,0.0621373653,DWARF,0.0141106285,0.0163973514,216
GJ_9689,87942223,0.604541,0.0178959,0.591778,0.0202442,3784.0,4.64738,0.0108573,2.67844,0.146451,0.0675073,DWARF,0.00606489973,0.05425232,835
GJ_9827,301289516,0.634163,0.0604824,0.66,0.0832528,4199.0,4.65321,0.111146,2.58787,0.859598,0.112636611,DWARF,0.0,0.00517408969,36
GPX-1,245392284,1.6008,0.0610603,1.95,0.286083,8039.0,4.31943,0.0718579,0.475364,0.0898786,9.642174,DWARF,1.95455923e-05,6.41824675,568
GQ_Lup,442623945,1.94153,,,,4360.0,,,,,,GIANT,,,
GU_Psc,408263079,0.450458,0.0132648,0.447043,0.0201842,3420.0,4.78111,0.00596311,4.89087,0.211344,0.0250096582,DWARF,0.00172140845,0.002631873,39
G_192-15,704427628,,,,,,,,,,,,,,
G_196-3,88723334,0.522432,0.0153359,0.519782,0.020162,3517.0,4.71783,0.00865015,3.64529,0.179813,0.03762216,DWARF,0.00817931,0.000221934053,27
G_9-40,203214081,0.315419,0.00936953,0.294283,0.0201546,3413.0,4.90906,0.00398117,9.37781,0.1925,0.0121622961,DWARF,0.0,0.0123507762,50
Gaia-1,11755687,0.962287,0.0543518,0.93,0.12187,5370.0,4.43994,0.0820357,1.04368,0.240321,0.693747342,DWARF,0.000425701117,0.08036301,217
Gaia-2,147797743,1.08783,0.0528995,1.02,0.125887,5720.0,4.37355,0.0745976,0.792354,0.16865,1.14129889,DWARF,0.00135603454,0.004714629,63
Gaia-4,166669918,0.576309,0.0590076,0.67,0.0819222,4259.14,4.74283,0.112419,3.50033,1.17429,0.0984674245,DWARF,0.00257288432,0.0006414416,41
Gaia-5,42004825,0.349733,0.0103851,0.333899,0.0201892,3493.0,4.87421,0.0004919,7.80558,0.222926,0.0164044723,DWARF,0.00363984914,0.3494279,1579
Gl_410,97488127,0.557054,0.0165093,0.551555,0.0202616,3758.0,4.68786,0.00978857,3.19078,0.166692,0.0557591841,DWARF,0.0132777123,3.930276e-05,27
HAT-P-1,346338552,1.17839,0.0519196,1.126,0.150085,6051.18,4.34703,0.0791136,0.688132,0.146934,1.67738438,DWARF,0.00157951668,1.52608025,176
HAT-P-12,198108326,0.703594,0.049206,0.74,0.083107,4652.87,4.61265,0.0882872,2.12454,0.552952,0.209036842,DWARF,0.00139822252,0.0009054683,36
HAT-P-13,20096620,1.82744,0.0888216,1.02,0.12974,5720.0,3.92298,0.0764538,0.167137,0.0359604,3.220797,DWARF,0.0008823614,0.000422813464,39
HAT-P-14,101721385,1.54522,0.0691734,1.433,0.248358,6727.61,4.21633,0.0901469,0.388393,0.0901266,4.40677738,DWARF,0.0021283878,0.00298849773,101
HAT-P-15,353459965,0.895095,0.192698,1.006,0.119981,5663.55,4.53693,0.187925,1.40278,0.663307,0.742656,DWARF,0.000107222157,0.03231488,255
HAT-P-16,191284318,1.24182,0.0629548,1.164,0.160159,6140.0,4.3159,0.0846755,0.607821,0.1405,1.97463262,DWARF,0.00121958356,0.227869913,133
HAT-P-17,266593143,0.838682,0.0390829,0.92,0.116568,5336.96,4.55466,0.0770342,1.55954,0.324016,0.514120638,DWARF,0.00357251335,0.0300376713,263
HAT-P-18,21744120,0.740113,0.0496683,0.773,0.0905949,4790.0,4.58765,0.0884501,1.90671,0.496468,0.259796083,DWARF,0.00143179239,0.003444063,96
HAT-P-19,267650535,0.795696,0.0489648,0.831,0.0975788,5007.0,4.55617,0.084035,1.64953,0.40854,0.358508557,DWARF,0.000784134,0.00142215763,63
HAT-P-2,39903405,1.70392,0.0666407,1.29,0.191555,6412.83,4.08576,0.080699,0.260762,0.0553186,4.42374849,DWARF,0.00318321842,0.000306039234,68
HAT-P-20,26826078,0.678271,0.0532261,0.73,0.0866324,4604.03,4.63858,0.0973606,2.33944,0.668154,0.186231911,DWARF,0.0,0.5452222,124
HAT-P-21,17993892,1.25599,0.0659674,1.0,0.123995,5634.0,4.24009,0.0810481,0.504705,0.11216,1.43197918,DWARF,0.000747341255,0.00384133169,22
HAT-P-22,252479260,1.04181,0.0524246,0.93,0.116828,5357.72,4.37098,0.0814717,0.822477,0.187391,0.8057266,DWARF,0.0036476932,0.0699240044,59
HAT-P-23,305243225,1.15176,0.0596583,1.078,0.136618,5918.23,4.34796,0.0819789,0.705555,0.164844,1.46617949,DWARF,0.0005501784,0.10175316,737
HAT-P-24,440777904,1.41886,0.0702563,1.25,0.197415,6329.0,4.2311,0.0894663,0.43761,0.106879,2.91015887,DWARF,0.0004194574,0.03440365,212
HAT-P-25,35022727,0.907682,0.0495377,0.993,0.128387,5610.0,4.51915,0.078953,1.32784,0.29564,0.735214531,DWARF,0.00044433304,0.06252206,71
HAT-P-26,420779000,0.859778,0.0484824,0.846,0.0998598,5061.9,4.49667,0.0805666,1.3311,0.308973,0.437241346,DWARF,0.00129465747,0.00551196,38
HAT-P-27,461239485,0.864673,0.0424071,0.916,0.110656,5316.0,4.52626,0.0747204,1.4169,0.29748,0.5379454,DWARF,0.0009354384,0.007224743,52
HAT-P-28,53728859,1.04613,0.0524472,1.01,0.12546,5698.38,4.40322,0.0743345,0.882197,0.181185,1.03961062,DWARF,0.00041125706,0.04326305,63
HAT-P-29,250707118,1.23052,0.0756281,1.141,0.161213,6086.0,4.31517,0.0871291,0.612375,0.155053,1.8715502,DWARF,6.647219e-05,0.346724659,348
HAT-P-3,311035838,0.821721,0.0456582,0.89,0.106514,5224.0,4.55801,0.0804107,1.60404,0.369525,0.4530609,DWARF,0.0023910536,0.0125131821,43
HAT-P-30,455135327,1.34004,0.0682036,1.254,0.181435,6338.0,4.28213,0.0891244,0.521124,0.128302,2.610607,DWARF,0.00127583672,0.0190620031,104
HAT-P-31,320798691,1.46701,0.0633166,1.153,0.162159,6115.0,4.16703,0.0816443,0.365201,0.0816574,2.71109724,DWARF,0.0007572181,0.0130182048,256
HAT-P-32,292152376,1.26304,0.0601859,1.255,0.18614,6340.0,4.33387,0.0843417,0.622858,0.139055,2.3221395,DWARF,0.000922006264,0.0213124454,194
HAT-P-33,239154970,1.66937,0.068789,1.4,0.236512,6642.28,4.13909,0.0855267,0.300936,0.0680484,4.88726854,DWARF,0.000528744538,0.02063912,91
HAT-P-34,278348461,1.56954,0.0717588,1.336,0.217385,6509.0,4.17233,0.0865922,0.345534,0.0797771,3.98378372,DWARF,0.000117957519,0.268621385,1275
HAT-P-35,455096220,1.35672,0.0661156,1.18,0.165146,6178.0,4.24497,0.0821288,0.472509,0.106406,2.41583729,DWARF,0.0003174578,0.0219519362,109
HAT-P-36,373693175,1.07272,0.0517789,0.98,0.122548,5555.05,4.36832,0.075107,0.793899,0.165434,0.987235069,DWARF,0.0007391186,0.003860324,32
HAT-P-37,267572272,0.867368,0.0448141,0.96,0.123927,5477.0,4.54393,0.0834737,1.47116,0.335815,0.60991925,DWARF,0.0008634404,0.324183136,182
HAT-P-38,285272237,1.00936,0.0602211,0.881,0.107369,5191.0,4.37496,0.0834663,0.85673,0.210959,0.666479468,DWARF,0.0005581476,0.015891131,78
HAT-P-39,14770122,1.74624,0.0862691,1.32,0.213835,6466.0,4.07444,0.0909332,0.247893,0.0606504,4.80223751,DWARF,0.0,0.0267120115,146
HAT-P-4,138294130,1.59874,0.0734925,1.1,0.142681,5981.01,4.07191,0.0768229,0.269191,0.0569552,2.946776,DWARF,0.000886374037,0.0234538354,47
HAT-P-40,199671901,2.09465,0.0980906,1.136,0.151045,6074.0,3.85122,0.0775049,0.123607,0.0267278,5.380442,DWARF,4.602146e-05,0.0495289378,505
HAT-P-41,398895470,1.65082,0.0695603,1.322,0.20807,6479.0,4.1239,0.0809691,0.293855,0.0646966,4.326392,DWARF,0.0006589585,0.162751019,1226
HAT-P-42,270468559,1.41374,0.0692261,1.059,0.126594,5859.0,4.16222,0.0754242,0.374786,0.0804244,2.12192774,DWARF,0.000361495477,0.00261895568,59
HAT-P-43,468987719,1.1062,0.0489146,1.01,0.119386,5680.35,4.35472,0.0696952,0.74614,0.140783,1.14778972,DWARF,0.000281683373,0.0458483621,58
HAT-P-44,168699373,1.033,0.0697085,0.86,0.109367,5115.16,4.34437,0.0932394,0.780189,0.213336,0.658159,DWARF,0.000571158831,0.006883618,36
HAT-P-45,167227214,1.45054,0.0770854,0.99,0.123745,5585.0,4.11064,0.0795005,0.324375,0.0719732,1.84436285,DWARF,3.428248e-05,0.136512309,911
HAT-P-46,104866616,1.39514,0.0530453,1.763,0.321014,7587.0,4.39508,0.0913315,0.649228,0.147562,5.810476,DWARF,5.46314477e-05,0.07451605,941
HAT-P-49,99224131,1.96079,0.0800804,1.522,0.249355,6955.0,4.03562,0.0856432,0.201893,0.0455379,8.104865,DWARF,8.77604762e-05,0.30609113,1436
HAT-P-5,76419763,1.12956,0.0628719,1.051,0.135164,5833.0,4.35385,0.0853583,0.729248,0.17677,1.33070242,DWARF,0.00101693906,0.009800251,182
HAT-P-50,17746821,1.72958,0.107337,1.25,0.185737,6321.7,4.0591,0.0951397,0.241597,0.0643312,4.30436754,DWARF,0.000311699085,0.0365555845,126
HAT-P-51,61205803,1.00689,0.0550478,0.95,0.118815,5425.95,4.40983,0.079428,0.930633,0.211115,0.7917011,DWARF,0.000368725363,0.005937871,66
HAT-P-52,436875934,0.856613,,0.84,,5032.08,4.49678,,1.33637,,0.423890561,DWARF,,,
HAT-P-53,189380158,1.09703,,1.12,,6026.0,4.40685,,0.848337,,1.42969811,DWARF,,,
HAT-P-54,284326455,0.759375,0.0643718,0.647,0.076851,4133.4,4.48806,0.100894,1.47753,0.438836,0.151648089,DWARF,0.0,0.211441189,265
HAT-P-55,311408969,1.06725,0.0521709,1.06,0.132448,5852.0,4.40684,0.0787424,0.871974,0.191974,1.20350254,DWARF,0.000457152171,0.0248274654,167
HAT-P-56,84339983,1.4707,0.076696,1.394,0.227308,6635.91,4.24728,0.0921547,0.438221,0.110964,3.7787044,DWARF,0.0,1.71746743,280
HAT-P-57,317520667,1.51554,0.0648392,1.482,0.26144,6848.0,4.24778,0.0914853,0.425739,0.101942,4.550785,DWARF,0.001096819,0.06376407,902
HAT-P-58,9443323,1.53012,0.0837362,1.01,0.132934,5679.0,4.07294,0.08575,0.28193,0.0678708,2.19399214,DWARF,2.68070289e-05,0.125003189,330
HAT-P-59,229400092,1.15614,0.058794,0.988,0.129799,5592.0,4.3068,0.0819919,0.639332,0.139444,1.1775614,DWARF,0.00310975616,0.021518508,166
HAT-P-6,176899385,1.57304,0.0856882,1.499,0.260248,6893.36,4.22039,0.0981064,0.385111,0.10138,5.033799,DWARF,0.00119609258,0.007350182,165
HAT-P-60,354469661,2.18217,0.0970327,1.252,0.183161,6333.0,3.85789,0.0842908,0.120486,0.0265459,6.90099335,DWARF,0.000112575981,0.0301740542,339
HAT-P-61,259506033,1.02592,0.0609447,0.955,0.120544,5464.2,4.39584,0.0851833,0.884425,0.211177,0.845335841,DWARF,4.08073647e-05,0.24362655,489
HAT-P-62,453064665,1.2406,0.0658794,0.99,0.130567,5596.0,4.24644,0.0841986,0.518495,0.119122,1.35977113,DWARF,3.949271e-05,0.306665272,440
HAT-P-63,325670253,1.0408,0.0629548,0.851,0.106082,5080.0,4.33326,0.0891976,0.754794,0.194281,0.6499553,DWARF,0.000314401841,0.1713594,758
HAT-P-64,455036659,1.74735,0.0909673,1.19,0.167703,6202.0,4.02885,0.0866667,0.223052,0.0529233,4.069886,DWARF,0.000195530069,0.014248495,61
HAT-P-65,283419843,1.66978,0.0900829,1.08,0.129544,5916.0,4.02617,0.077383,0.231976,0.049818,3.07700372,DWARF,0.000189175465,0.0474797562,213
HAT-P-66,137881699,1.94654,0.110955,1.15,0.156612,6101.12,3.92024,0.0886018,0.155923,0.0371449,4.729974,DWARF,0.000171337349,0.00013169006,24
HAT-P-67,198588220,2.6481,0.117203,1.292,0.209165,6417.0,3.70346,0.0874731,0.0695758,0.016305,10.71254,DWARF,0.00102168217,0.00574435666,60
HAT-P-68,63189173,0.794584,0.0584924,0.66,0.0799454,4221.54,4.45733,0.0928819,1.3156,0.367294,0.180658519,DWARF,0.0,0.00159371772,74
HAT-P-69,379929661,1.908,0.0705628,1.796,0.293388,7668.59,4.13122,0.0810938,0.258565,0.0531255,11.3426552,DWARF,0.0009296396,0.0009196073,74
HAT-P-7,424865156,1.99356,0.0812563,1.347,0.217247,6532.23,3.96818,0.0816647,0.170013,0.0365399,6.5192523,DWARF,0.00127473066,0.0139303459,365
HAT-P-70,399870368,1.97036,0.0657513,2.19,0.314869,8730.0,4.18942,0.0701904,0.28629,0.0510128,20.31624,DWARF,0.000960949459,0.318402737,133
HAT-P-8,188876052,1.4311,0.0598895,1.285,0.197155,6401.79,4.23563,0.0839922,0.438423,0.0945271,3.09913182,DWARF,0.00155905832,0.00139293389,140
HAT-P-9,371234684,1.2999,0.0703517,1.19,0.178206,6193.0,4.2858,0.0913953,0.541777,0.133934,2.23932171,DWARF,0.000362897234,0.0252459645,117
HATS-1,219698950,0.913091,0.0445528,1.18,0.158994,6183.5,4.58892,0.0829033,1.55003,0.353428,1.09814644,DWARF,0.000813853636,0.003821269,77
HATS-10,126325985,1.23194,0.0602638,1.07,0.138492,5909.0,4.28627,0.0806108,0.572284,0.128498,1.66698587,DWARF,0.0,0.0558588356,505
HATS-11,11439959,1.46198,,1.06,,5871.0,4.13349,,0.339217,,2.28785634,DWARF,,,
HATS-12,11270200,,,,,,,,,,,DWARF,,,
HATS-13,289793076,0.809868,,0.95,,5445.0,4.59896,,1.78847,,0.5194156,DWARF,,,
HATS-14,29344935,0.984866,,0.93,,5361.0,4.4198,,0.973535,,0.7218256,DWARF,,,
HATS-15,271898990,1.61423,,0.86,,5122.0,3.95664,,0.204458,,1.61578035,DWARF,,,
HATS-16,77044471,1.18274,,1.06,,5863.0,4.31759,,0.640668,,1.489211,DWARF,,,
HATS-17,73717937,1.32039,0.06901,1.05,0.131523,5838.0,4.21785,0.0791795,0.456127,0.101254,1.82454062,DWARF,0.00045626497,0.134607613,400
HATS-18,14614418,1.01656,,1.01,,5670.0,4.42812,,0.961446,,0.9622574,DWARF,,,
HATS-2,413376180,0.931471,0.0590452,0.825,0.0938295,4985.0,4.41618,0.0863331,1.02081,0.260529,0.482718974,DWARF,0.000414380134,0.002955384,68
HATS-22,14661418,0.793235,0.0582462,0.757,0.0889309,4724.49,4.51836,0.0942904,1.51667,0.416135,0.2824345,DWARF,0.0006063423,0.004143114,113
HATS-23,7088246,1.05,,1.03,,5759.0,4.40852,,0.889744,,1.09260833,DWARF,,,
HATS-24,380589029,1.14759,0.061613,1.18,0.171463,6185.0,4.39037,0.0857448,0.780759,0.186935,1.736322,DWARF,0.000398200325,0.372933447,574
HATS-25,437333618,1.11852,0.0595176,1.03,0.12544,5771.0,4.35362,0.0791484,0.736054,0.166989,1.25021291,DWARF,0.000306125556,0.00499394862,98
HATS-26,315002523,1.91031,0.0994273,1.16,0.158521,6143.0,3.94032,0.0848181,0.166398,0.0387095,4.68192053,DWARF,0.000182469055,0.06394777,176
HATS-27,248111245,1.68054,0.114653,1.41,0.241258,6669.0,4.13639,0.0991133,0.297082,0.0830852,5.03307056,DWARF,0.000212051847,0.5555847,397
HATS-28,6663331,0.947934,,0.96,,5500.0,4.46678,,1.12703,,0.7408015,DWARF,,,
HATS-29,201604954,1.11375,0.0574875,0.99,0.131434,5600.0,4.34012,0.0833446,0.716585,0.163097,1.09906948,DWARF,0.000475771551,0.205428451,344
HATS-3,336732616,1.27616,0.0578543,1.27,0.196969,6371.0,4.33006,0.0885499,0.611063,0.146003,2.41733646,DWARF,0.000414968876,0.02309434,112
HATS-30,281459670,1.15706,0.0633669,1.03,0.12909,5750.4,4.32419,0.0802426,0.664921,0.147733,1.3188585,DWARF,0.000552396,2.93423557,47
HATS-31,9385460,1.66165,0.0947234,1.15,0.156014,6113.0,4.05769,0.0900418,0.250657,0.0624661,3.473693,DWARF,0.000174728615,0.005932425,86
HATS-32,204317710,1.00957,,1.01,,5667.0,4.43411,,0.981537,,0.9470743,DWARF,,,
HATS-33,360742636,1.03997,0.0519397,1.01,0.124398,5693.0,4.40835,0.0741,0.897963,0.188711,1.023532,DWARF,0.0008881281,0.0378634259,208
HATS-34,355703913,0.940697,,0.95,,5435.56,4.46889,,1.14123,,0.695938647,DWARF,,,
HATS-35,339522221,1.35333,0.0650578,1.17,0.155332,6155.0,4.24345,0.0812576,0.47204,0.106458,2.36816239,DWARF,0.000381821679,0.0447796434,171
HATS-36,119262291,1.08854,,1.06,,5859.0,4.38969,,0.821823,,1.25797975,DWARF,,,
HATS-37_A,6036597,1.10546,0.073794,0.831,0.10149,5007.0,4.27058,0.0923434,0.615138,0.163311,0.691975236,DWARF,0.000609006558,0.00480899448,69
HATS-38,168281028,1.11563,0.058093,1.01,0.125335,5677.0,4.34735,0.0775018,0.727378,0.158634,1.16469193,DWARF,0.000540571171,0.0351048969,102
HATS-39,112604564,1.78295,0.166623,1.42,0.243447,6687.0,4.08808,0.114692,0.250535,0.0832845,5.726641,DWARF,2.218545e-05,0.9268104,955
HATS-4,59843967,0.982638,0.0551458,0.91,0.114406,5312.0,4.41232,0.0843965,0.959093,0.225393,0.6926506,DWARF,0.000485197379,0.0511882268,201
HATS-40,172598832,2.08347,0.100789,1.36,0.230575,6561.0,3.93403,0.0917496,0.150375,0.0362314,7.24687338,DWARF,0.000144726931,0.06303291,272
HATS-41,53750200,1.62776,0.0730402,1.29,0.212058,6405.0,4.12548,0.0892023,0.299104,0.0713536,4.017443,DWARF,0.0002917445,0.0645645261,392
HATS-42,98283926,1.26526,,1.19,,6208.0,4.30926,,0.587502,,2.14220047,DWARF,,,
HATS-43,78055054,0.877856,0.0512412,0.87,0.103076,5142.0,4.49074,0.0813937,1.28602,0.292791,0.485366732,DWARF,0.0005781867,0.0486161821,66
HATS-44,32499655,0.885702,,0.79,,4840.0,4.44112,,1.13701,,0.387838721,DWARF,,,
HATS-45,4616072,1.23733,0.0545729,1.38,0.23449,6600.0,4.39297,0.0879562,0.72848,0.168482,2.61724639,DWARF,0.000290005439,0.0882337,472
HATS-46,281541555,0.877585,,0.96,,5483.0,4.53376,,1.42038,,0.627113163,DWARF,,,
HATS-47,158297421,0.6983,,0.69,,4434.0,4.58883,,2.02639,,0.169809461,DWARF,,,
HATS-48_A,201642601,0.76701,,0.69,,4435.0,4.50731,,1.52914,,0.205055341,DWARF,,,
HATS-49,281541545,0.775548,,0.66,,4247.0,4.47839,,1.41488,,0.17629534,DWARF,,,
HATS-5,139733308,0.87551,0.049196,0.9,0.11273,5258.0,4.50779,0.0845918,1.34109,0.320036,0.5278363,DWARF,0.000825346448,0.0243300423,45
HATS-50,301031110,1.2148,,1.03,,5770.0,4.2819,,0.574549,,1.47368455,DWARF,,,
HATS-51,53458803,1.22959,0.0607839,1.02,0.118962,5711.0,4.26715,0.0749812,0.54868,0.112669,1.448985,DWARF,0.000566062634,0.08067179,341
HATS-52,19684256,1.02168,,1.04,,5790.35,4.43647,,0.975176,,1.05717683,DWARF,,,
HATS-53,157266693,1.05901,,1.01,,5697.0,4.39259,,0.8504,,1.064335,DWARF,,,
HATS-54,363851359,1.30837,,1.0,,5652.0,4.20461,,0.446488,,1.57384944,DWARF,,,
HATS-55,114299824,1.0662,0.0456131,1.45,0.252809,6781.0,4.54376,0.0897299,1.19633,0.280088,2.16544628,DWARF,3.95568422e-05,0.1654096,632
HATS-56,272213425,2.1276,0.102688,1.31,0.215722,6457.0,3.89956,0.0923932,0.13602,0.0332319,7.08918571,DWARF,0.000342296,0.372058183,358
HATS-57,178289267,0.972604,0.050103,0.99,0.130149,5593.0,4.45783,0.0804999,1.07604,0.243789,0.833961368,DWARF,0.0007621621,0.012990837,42
HATS-59,437261733,1.09531,,1.0,,5652.0,4.35899,,0.761003,,1.10300934,DWARF,,,
HATS-6,33521996,0.596801,0.0179141,0.585471,0.0203909,3749.0,4.65391,0.0109483,2.75433,0.152328,0.06338924,DWARF,0.0006000224,0.05603736,132
HATS-60,145750719,1.46778,0.079598,1.0,0.127729,5659.0,4.10474,0.0771191,0.316239,0.0679332,1.99056661,DWARF,0.0002416403,0.008013443,31
HATS-61,44745133,1.63561,0.0819824,0.98,0.124723,5549.0,4.00193,0.0800364,0.223968,0.0495295,2.28514314,DWARF,0.000227100143,0.2689653,38
HATS-62,336732544,0.944511,,0.95,,5451.0,4.46538,,1.12746,,0.7096001,DWARF,,,
HATS-63,178879588,1.03865,,1.02,,5735.0,4.41373,,0.910305,,1.05140591,DWARF,,,
HATS-64,189625051,2.09179,0.122548,1.38,0.23029,6606.0,3.93691,0.0938726,0.150774,0.039224,7.507292,DWARF,0.000158459632,0.00729143946,201
HATS-65,169504920,1.29988,0.0638895,1.23,0.197581,6297.0,4.30016,0.0896617,0.560006,0.136546,2.3935225,DWARF,0.0,0.151368275,519
HATS-66,52689469,1.73409,,1.35,,6534.0,4.09026,,0.258891,,4.93805742,DWARF,,,
HATS-67,272212970,1.42749,,1.28,,6393.0,4.23613,,0.440035,,3.06663275,DWARF,,,
HATS-68,322307342,2.00441,0.105699,1.02,0.124059,5704.8,3.8427,0.0769219,0.126661,0.0275615,3.83379316,DWARF,0.000315690151,0.0113690663,29
HATS-69,467971286,0.883426,,0.86,,5103.0,4.48023,,1.24735,,0.476800829,DWARF,,,
HATS-7,220029715,0.781959,0.0462186,0.819,0.0985067,4964.9,4.56498,0.0841163,1.7129,0.425415,0.33473748,DWARF,0.000516164931,0.005516075,90
HATS-70,98545929,2.12128,0.118809,2.13,0.31508,8549.0,4.11325,0.083004,0.223143,0.0508757,21.65476,DWARF,1.86278157e-05,0.103617519,617
HATS-71,234523599,0.445372,0.01356,0.44159,0.0205201,3402.0,4.78564,0.006258,4.99862,0.22441,0.0239374433,DWARF,0.000624335837,0.0013384053,40
HATS-72,188570092,0.788876,0.0618091,0.711,0.0828359,4521.0,4.49592,0.0952315,1.44825,0.409408,0.234233961,DWARF,0.000954044168,3.660883e-05,47
HATS-75,44737596,0.587106,0.0175241,0.577439,0.0203329,3640.0,4.66214,0.0106348,2.85336,0.155252,0.05451717,DWARF,0.000430609274,2.58844229e-05,29
HATS-76,170849515,0.633668,0.0202681,0.614735,0.0210845,3929.0,4.62303,0.0128901,2.41603,0.149249,0.08620776,DWARF,0.000181822281,0.007277008,38
HATS-77,11561667,0.69386,,0.64,,4107.0,4.5617,,1.91586,,0.123406321,DWARF,,,
HATS-8,96847781,1.11542,,0.98,,5553.0,4.33441,,0.706163,,1.06582534,DWARF,,,
HATS-9,12611594,1.58042,0.086289,0.963,0.118222,5494.0,4.02415,0.0786471,0.243954,0.0547303,2.050195,DWARF,0.0,0.4835293,784
HD_100546,280773136,1.85288,0.0434272,2.66,0.34378,10331.0,4.32726,0.0616992,0.418161,0.0647495,35.2335548,DWARF,0.0004070891,0.009690166,1135
HD_100655,156942082,10.3394,,,,4891.0,,,,,,GIANT,,,
HD_100777,49427341,1.0566,0.0609246,0.97,0.119157,5532.88,4.37702,0.0831816,0.822321,0.199141,0.9425834,DWARF,0.00501914835,0.004330269,47
HD_10180,231836962,1.17829,0.0619347,1.07,0.140944,5901.36,4.32494,0.085367,0.65407,0.159852,1.51708353,DWARF,0.007950896,0.00142889109,64
HD_102117,267519701,1.24307,0.0693719,1.01,0.130701,5667.88,4.2534,0.0874207,0.525814,0.128323,1.436713,DWARF,0.0006487047,0.0354432464,2288
HD_102195,397024052,0.837438,0.03801,0.9,0.110424,5276.0,4.54641,0.0736753,1.53245,0.312429,0.4895745,DWARF,0.0,6.848271e-05,34
HD_102272,82605074,10.3597,,,,4762.72,,,,,,GIANT,,,
HD_102329,325254372,9.09544,,,,4813.0,,,,,,GIANT,,,
HD_102843,78290210,0.951087,0.044598,0.95,0.114096,5458.43,4.45935,0.073483,1.10424,0.227398,0.723446131,DWARF,0.0,0.002443687,37
HD_102888,397394991,8.86422,,,,4996.0,,,,,,GIANT,,,
HD_102956,137810576,4.511,,,,4985.0,,,,,,GIANT,,,
HD_103197,400806831,0.899664,0.0521105,0.9,0.111759,5250.0,4.48415,0.0850588,1.23595,0.292062,0.5539776,DWARF,0.005920603,0.0158743076,652
HD_103720,96195878,0.779758,0.0508392,0.83,0.0975853,5017.0,4.57323,0.087671,1.75065,0.44306,0.347048759,DWARF,0.0,3.71438255e-05,34
HD_103774,180205814,1.46509,0.0551758,1.37,0.225683,6589.17,4.24306,0.0886056,0.435644,0.0984747,3.64538383,DWARF,0.003924681,0.00367481075,49
HD_103891,183648073,2.28325,0.0930048,1.1,0.143702,5990.73,3.76235,0.0739949,0.0924133,0.0181441,6.04949665,DWARF,0.00214868225,0.00261008926,46
HD_103949,428657118,0.74084,0.0537437,0.78,0.094588,4820.65,4.59071,0.0953745,1.91832,0.537032,0.2670336,DWARF,0.009031475,0.00194497616,45
HD_104067,428673146,0.757603,0.0405226,0.81,0.0972926,4944.24,4.58767,0.079974,1.86277,0.425196,0.3090125,DWARF,0.01020645,0.000215571054,79
HD_10442,380908091,5.31582,,,,4912.0,,,,,,GIANT,,,
HD_104985,160224839,11.6298,,,,4679.37,,,,,,GIANT,,,
HD_105618,397519199,1.27399,0.0546784,1.01,0.129084,5671.0,4.23206,0.0734626,0.488452,0.0943891,1.51239777,DWARF,0.00354854413,0.008537626,27
HD_105779,347713631,0.948466,0.0420603,1.04,0.126444,5792.0,4.50106,0.0710101,1.2189,0.240709,0.912121356,DWARF,0.005505251,0.000519644,58
HD_106252,397558558,1.11786,0.0556282,1.06,0.134493,5877.56,4.36659,0.0776079,0.758819,0.165652,1.343574,DWARF,0.005726272,2.9001907e-05,25
HD_106270,176910071,2.98047,,,,5509.0,,,,,,GIANT,,,
HD_106315,56815340,1.2427,0.0556131,1.33,0.213281,6498.0,4.37319,0.0906573,0.693038,0.161301,2.48052239,DWARF,0.0,0.000378088,37
HD_10647,229137615,1.09635,0.0566683,1.17,0.164265,6150.97,4.42635,0.0879527,0.887837,0.211906,1.55013943,DWARF,0.009433104,0.000197040979,35
HD_106906,390472975,2.12351,0.0930955,1.32,0.199843,6473.79,3.90453,0.0809314,0.13785,0.0295302,7.135751,DWARF,0.000245485455,0.008617517,1408
HD_10697,456905162,1.83908,0.0792764,0.99,0.12009,5600.0,3.9045,0.0693676,0.159159,0.029133,2.99674487,DWARF,0.00306792185,0.00136207684,40
HD_107148,66666079,1.15949,0.0489649,1.03,0.132172,5744.0,4.32237,0.0703965,0.660754,0.124492,1.3185122,DWARF,0.0,0.00142405671,50
HD_108202,94924490,0.66355,0.051015,0.72,0.0832025,4556.03,4.65165,0.0955546,2.4644,0.707642,0.170918167,DWARF,0.0,3.8434162e-05,36
HD_108236,260647166,0.864173,0.038593,1.02,0.125314,5723.87,4.57347,0.0721401,1.58051,0.308856,0.722196639,DWARF,0.00611835625,0.0123921148,656
HD_108863,371621400,6.91174,,,,4878.0,,,,,,GIANT,,,
HD_108874,371621238,1.08736,0.0467337,0.97,0.1214,5533.0,4.3521,0.0736163,0.754494,0.150523,0.9983466,DWARF,0.00462573068,8.81923042e-05,28
HD_109246,154549250,1.10432,0.051603,1.05,0.13086,5814.0,4.37307,0.0761503,0.779654,0.160829,1.25541234,DWARF,0.00670607341,0.000169040184,31
HD_109286,399087153,0.94206,0.0424547,1.01,0.131172,5666.36,4.49423,0.0756932,1.20805,0.24907,0.8242673,DWARF,0.00526114,0.031593468,32
HD_109749,144289338,1.30431,0.0737638,1.06,0.140368,5868.57,4.23261,0.086614,0.477704,0.117132,1.81797659,DWARF,0.00416585,0.138511017,184
HD_10975,28763463,11.1055,,,,4885.08,,,,,,GIANT,,,
HD_109833,360630575,0.983215,0.0449925,1.06,0.13727,5876.0,4.47808,0.0772154,1.11522,0.24334,1.03829074,DWARF,0.006010678,0.0253508966,783
HD_109988,389315309,0.869694,0.0482362,0.88,0.103572,5185.97,4.50382,0.0823922,1.33777,0.307873,0.4928876,DWARF,0.00649350462,0.0062316237,124
HD_110014,32448045,22.0339,,,,4553.61,,,,,,GIANT,,,
HD_110067,347332255,0.782479,0.0380352,0.91,0.112429,5297.0,4.61016,0.0776149,1.89943,0.401899,0.434269726,DWARF,0.008565731,0.008241345,31
HD_110082,383390264,1.14582,0.0509699,1.29,0.206016,6413.0,4.43043,0.088492,0.857518,0.206487,2.0006485,DWARF,0.00532347476,0.00473857671,183
HD_110113,73228647,0.986649,0.0502011,1.03,0.135847,5768.0,4.46258,0.0762092,1.07238,0.224217,0.9707804,DWARF,0.00313784624,0.06597068,341
HD_11112,115319029,1.47368,0.0781107,1.07,0.137279,5905.64,4.13064,0.0799207,0.334327,0.0739015,2.379964,DWARF,0.0048646233,0.000463028467,27
HD_111232,329649885,0.923819,0.0549949,0.96,0.124207,5487.51,4.48916,0.0887223,1.21762,0.297298,0.697220445,DWARF,0.00101319037,0.0328511931,2656
HD_111998,53304943,1.41289,0.0575578,1.33,0.216489,6503.52,4.2617,0.0830982,0.471551,0.102447,3.21739221,DWARF,0.0,0.0006657894,52
HD_112570,137004295,9.16625,,,,4847.0,,,,,,GIANT,,,
HD_112640,459217467,37.6639,,,,4281.0,,,,,,GIANT,,,
HD_113337,142350121,1.52077,0.0650779,1.41,0.240946,6669.0,4.22316,0.0916357,0.400892,0.0951625,4.121593,DWARF,0.00589127047,4.549489e-05,30
HD_113996,328997091,36.9074,,,,4069.0,,,,,,GIANT,,,
HD_114082,441546821,1.4927,0.0646482,1.38,0.231251,6613.0,4.23,0.0873709,0.414915,0.0959508,3.83915067,DWARF,0.0003735404,0.02591102,3500
HD_114386,124306858,0.766045,0.0579623,0.78,0.0944601,4826.89,4.56165,0.100836,1.73513,0.528442,0.286993861,DWARF,0.008621848,0.00427795155,152
HD_114729,124401411,1.58067,0.0790552,1.05,0.126913,5845.29,4.06158,0.0783926,0.265869,0.0578498,2.62784863,DWARF,0.003869368,0.004785904,136
HD_114783,292113181,0.839444,0.0591558,0.85,0.100886,5084.0,4.5195,0.0915274,1.43696,0.383024,0.424131185,DWARF,0.0,0.000159393676,44
HD_11506,266680498,1.35033,0.0664949,1.12,0.154433,6030.0,4.2264,0.087405,0.454878,0.108465,2.17193151,DWARF,0.00450788671,0.000299492618,21
HD_115404_A,373765353,0.515806,0.0151714,0.513458,0.0201827,3747.0,4.7236,0.00847539,3.7415,0.183266,0.0472500473,DWARF,0.007488142,6.98375463,39
HD_115954,180655149,1.69944,0.071696,1.05,0.135258,5839.8,3.99865,0.0741637,0.213931,0.0436209,3.02619839,DWARF,0.00295541761,0.0196241736,31
HD_116029,305837711,5.01965,,,,4819.0,,,,,,GIANT,,,
HD_117207,405501056,1.13855,0.0502562,0.99,0.126364,5618.0,4.321,0.074772,0.670776,0.136358,1.16339386,DWARF,0.006026489,0.000269611541,172
HD_11755,137121812,20.6755,,,,4454.0,,,,,,GIANT,,,
HD_117618,243194645,1.18438,0.0579346,1.1,0.143448,5995.71,4.33248,0.0813916,0.662092,0.150504,1.63320315,DWARF,0.00597257074,0.004016693,532
HD_118203,286923464,2.05106,0.111354,1.05,0.136204,5836.95,3.8353,0.0828248,0.121689,0.0281776,4.399431,DWARF,0.00281675183,0.000262734276,35
HD_11964,24978373,2.00971,0.0965576,0.91,0.114836,5303.0,3.79084,0.0776884,0.11211,0.0243695,2.877702,DWARF,0.00276365317,0.02723511,24
HD_11977,232074535,10.6028,,,,5004.87,,,,,,GIANT,,,
HD_120084,284181945,9.84795,,,,4883.57,,,,,,GIANT,,,
HD_12235,422679659,1.80185,0.0724975,1.1,0.133775,5986.0,3.96802,0.0719543,0.188034,0.0360693,3.75559568,DWARF,0.0032183046,0.000572027639,30
HD_122562,233435627,2.16627,,,,4956.0,,,,,,GIANT,,,
HD_124330,441692540,1.30446,0.0602211,1.16,0.157118,6138.0,4.27166,0.0823674,0.522596,0.118979,2.17602468,DWARF,0.00613625161,0.000160265859,26
HD_12484,419940916,1.00259,0.041789,1.05,0.130883,5835.0,4.45701,0.0738221,1.04189,0.208889,1.049789,DWARF,0.00570408674,1.63180684e-05,24
HD_125136,401505871,5.83762,,,,4937.0,,,,,,GIANT,,,
HD_125390,27354139,5.23641,,,,4850.0,,,,,,GIANT,,,
HD_125595,180030300,0.748952,0.0699297,0.75,0.0887186,4691.0,4.56422,0.115947,1.78525,0.626547,0.2447171,DWARF,0.008333883,0.0304973871,359
HD_125612,347909637,1.13312,0.0464221,1.05,0.131122,5841.0,4.3507,0.0697745,0.721704,0.139031,1.34647119,DWARF,0.0,0.000343574153,66
HD_12648,397288169,9.99428,,,,5103.0,,,,,,GIANT,,,
HD_12661,118268680,1.21377,0.0514899,1.0,0.126219,5655.0,4.2698,0.0707132,0.559232,0.107749,1.357367,DWARF,0.00512574939,0.000920134538,41
HD_126614,287973473,1.34325,0.0627588,0.96,0.116989,5470.0,4.16402,0.0729164,0.396093,0.0787648,1.45532644,DWARF,0.0031433648,0.00316730025,56
HD_127195,127725774,4.24495,,,,4990.0,,,,,,GIANT,,,
HD_127506,286992966,0.735766,0.0661307,0.73,0.0830048,4595.32,4.56791,0.104851,1.83275,0.577756,0.217489064,DWARF,0.0110715153,0.00152871537,34
HD_128311,349606708,0.75924,0.0570377,0.81,0.0945053,4917.0,4.58579,0.0964994,1.85075,0.517503,0.3035665,DWARF,0.0111092012,0.00015679076,31
HD_128717,298163592,1.27477,0.0547086,1.17,0.163781,6157.82,4.29539,0.0800778,0.564798,0.123889,2.10505962,DWARF,0.006142876,0.0002683627,37
HD_130322,189694184,0.87488,0.0429949,0.93,0.116844,5377.0,4.52265,0.0758711,1.38879,0.287961,0.5764372,DWARF,0.00761999749,8.167776e-05,45
HD_131496,267365022,5.52975,,,,4846.0,,,,,,GIANT,,,
HD_13167,72638232,3.16189,0.1839,1.008,0.124994,5671.0,3.44164,0.0823463,0.0318876,0.00745991,9.315919,DWARF,0.00111672073,0.0006535877,20
HD_13189,63564248,41.9843,,,,4184.4,,,,,,GIANT,,,
HD_132406,309808219,1.35486,0.0753065,1.03,0.127517,5759.29,4.18712,0.0811758,0.414145,0.0948427,1.8195349,DWARF,0.005463212,4.67423e-05,34
HD_134606,262457542,1.12963,0.0511181,1.0,0.13102,5624.92,4.33219,0.0732647,0.693726,0.136588,1.15089214,DWARF,0.00762809254,0.0378532968,1254
HD_134987,61397572,1.28156,0.0546734,1.02,0.122391,5701.0,4.23119,0.0705913,0.4846,0.0921495,1.56306326,DWARF,0.005187897,0.0004415271,224
HD_135344_A,307606851,1.56334,0.0475125,2.32,0.330274,9154.0,4.41545,0.0700096,0.607194,0.10628,15.46127,DWARF,0.00262522232,0.6251351,547
HD_135625,143713715,1.35743,0.0560351,1.12,0.146536,6040.64,4.22185,0.0763814,0.447781,0.0928345,2.21035266,DWARF,0.000428157859,0.007134514,1647
HD_135694,232540264,1.07587,0.0465377,1.02,0.122847,5711.85,4.38315,0.0689493,0.819064,0.156164,1.11000133,DWARF,0.009435312,0.00463917339,51
HD_136118,38991680,1.67754,0.0880404,1.18,0.159403,6182.43,4.0606,0.0884972,0.249956,0.0607157,3.70404863,DWARF,0.00334686879,0.002373994,58
HD_136352,136912933,,,,,,,,,,,,,,
HD_136925,400015692,1.16454,0.0498618,1.04,0.132832,5779.0,4.32279,0.0744165,0.658528,0.133295,1.362735,DWARF,0.00536969444,0.0007140148,52
HD_13724,7244844,1.04198,0.0562814,1.05,0.137697,5835.31,4.42354,0.0872915,0.928141,0.222114,1.1341418,DWARF,0.007958093,4.65827834e-05,23
HD_137388,407090552,0.898373,0.0505025,0.88,0.107212,5188.53,4.47564,0.082812,1.21371,0.288739,0.5269689,DWARF,0.00837079249,0.213340133,307
HD_137496,346250894,1.53648,0.079603,1.028,0.129834,5749.7,4.07701,0.0759505,0.28341,0.0584515,2.32448626,DWARF,0.0,0.004925954,123
HD_13808,220022156,0.787074,0.0406583,0.85,0.101538,5068.41,4.57546,0.0782337,1.7433,0.383592,0.368309677,DWARF,0.012279843,0.000879633648,40
HD_13908,12906712,1.93293,0.0734472,1.21,0.175159,6253.06,3.94842,0.0788048,0.167547,0.0350346,5.14631939,DWARF,0.0003022876,0.00333909155,633
HD_13931,292851928,1.28148,0.0600804,1.06,0.130997,5853.0,4.24795,0.0743558,0.503697,0.103504,1.73633242,DWARF,0.004811022,0.005331585,145
HD_139357,224312054,12.717,,,,4601.92,,,,,,GIANT,,,
HD_1397,394137592,2.33604,0.109628,0.96,0.124471,5479.3,3.68338,0.0742926,0.0753058,0.0152438,4.431563,DWARF,0.002561487,0.00104705233,51
HD_14067,246937460,10.7687,,,,4846.0,,,,,,GIANT,,,
HD_140901,179348425,0.964758,0.0542939,0.99,0.123975,5586.72,4.46487,0.084887,1.1025,0.258505,0.816881657,DWARF,0.008357037,0.0076689464,1069
HD_141004,296740796,1.35425,0.0527638,1.07,0.135661,5901.0,4.20406,0.0712205,0.430815,0.0813956,2.00351572,DWARF,0.00541226426,0.0003526567,66
HD_141399,156067565,1.38784,0.0793718,0.97,0.120597,5539.0,4.14016,0.0838205,0.362876,0.0880375,1.63341331,DWARF,0.00668491749,0.000126994,41
HD_141937,437430894,1.06478,0.0406659,1.06,0.135723,5857.0,4.40886,0.0728801,0.87807,0.167752,1.20202458,DWARF,0.0,0.0008980761,210
HD_142022_A,290493086,1.03578,0.0452136,0.96,0.119397,5497.84,4.38981,0.071853,0.863921,0.171837,0.8830691,DWARF,0.009057677,0.107117862,220
HD_142415,342041655,1.05593,0.0531206,1.09,0.13537,5943.32,4.42823,0.0801777,0.925818,0.204736,1.25336742,DWARF,0.0007132541,0.018220434,4111
HD_143105,272783172,1.61105,0.0668492,1.22,0.190215,6254.8,4.11021,0.0855915,0.291763,0.0645365,3.579052,DWARF,0.01325065,0.000448149949,58
HD_143811_A,93869857,1.68398,0.0716181,1.3,0.208883,6433.0,4.09934,0.087023,0.272229,0.0645706,4.375443,DWARF,0.00198023627,0.0151720233,739
HD_144899,215687919,1.64802,0.0781055,1.16,0.163986,6126.0,4.0686,0.0868343,0.259164,0.0605949,3.446079,DWARF,0.000224050644,0.0438994057,2196
HD_145377,68165288,1.08665,0.044083,1.1,0.142584,5987.04,4.40728,0.0751273,0.85728,0.17275,1.36685741,DWARF,0.00507365353,0.00301893265,551
HD_145457,236339228,10.2052,,,,4807.19,,,,,,GIANT,,,
HD_145934,119974993,6.62421,,,,4899.0,,,,,,GIANT,,,
HD_1461,37748347,1.12896,0.0483266,1.03,0.130703,5739.0,4.34555,0.0742863,0.715819,0.144141,1.24564886,DWARF,0.006294146,0.000233713581,38
HD_147379,230073581,0.650295,0.0191058,0.627348,0.0201653,3923.0,4.60936,0.011562,2.28127,0.127943,0.0902378559,DWARF,0.0489222445,0.0493450351,58
HD_147513,350673608,0.966123,0.0397311,1.06,0.127447,5873.47,4.49331,0.0716923,1.17546,0.229346,1.00078058,DWARF,0.000851840654,0.00455488032,1484
HD_14787,380966347,5.17751,,,,4946.0,,,,,,GIANT,,,
HD_147873,211080657,2.45036,0.124161,1.18,0.173998,6169.0,3.73149,0.0873938,0.0802036,0.019137,7.834524,DWARF,0.00157490966,0.01601865,1224
HD_148156,225317852,1.31558,0.0532262,1.18,0.166812,6178.57,4.27172,0.0811218,0.518242,0.110497,2.27237344,DWARF,0.000440682285,0.0331626721,4777
HD_149026,255930614,1.46043,0.0726558,1.14,0.154399,6084.0,4.16601,0.0855514,0.365987,0.0839727,2.632758,DWARF,0.00468478,0.002212608,60
HD_150010,233008631,17.9995,,,,4307.1,,,,,,GIANT,,,
HD_1502,303193565,5.9541,,,,4947.0,,,,,,GIANT,,,
HD_150706,159511543,0.97534,0.0515326,1.09,0.136066,5948.0,4.49718,0.0831929,1.17479,0.274166,1.07273,DWARF,0.0192733519,0.0005545703,62
HD_151450,12514017,1.17184,0.0476759,1.14,0.160074,6091.98,4.35724,0.0779661,0.708435,0.150029,1.70398188,DWARF,0.005227993,0.008064752,509
HD_152843,349488688,1.39619,0.0640704,1.25,0.195795,6329.0,4.24509,0.0925756,0.45928,0.112683,2.817885,DWARF,0.0032609303,0.006342611,121
HD_15337,120896927,0.841842,0.0418417,0.88,0.110587,5175.2,4.53209,0.0761768,1.475,0.316056,0.457998961,DWARF,0.006942132,5.07358382e-05,30
HD_153950,124165580,1.3633,0.0700703,1.11,0.148687,6019.87,4.21421,0.0842832,0.438079,0.102163,2.19899082,DWARF,0.000435814378,0.04895522,2239
HD_154391,424731682,8.28068,,,,4966.0,,,,,,GIANT,,,
HD_154672,380086262,1.35827,0.0546483,1.03,0.127652,5743.0,4.18493,0.0718715,0.411038,0.0805677,1.80809045,DWARF,0.000392823538,0.14393802,1944
HD_154857,173552927,2.27465,0.130231,0.99,0.130587,5604.56,3.71987,0.0841467,0.0841183,0.0201751,4.599288,DWARF,0.002235662,0.0180388242,1791
HD_155358,21897561,1.34645,0.0660075,1.08,0.130998,5911.52,4.21311,0.0781581,0.442442,0.0976615,1.99466217,DWARF,0.005991414,0.000202644951,96
HD_155918,1508940187,,,,,,,,,,,,,,
HD_156098,152449405,2.75716,0.130583,1.29,0.200107,6419.19,3.66773,0.0903838,0.0615463,0.0153862,11.6289539,DWARF,0.000172314758,0.0112540834,3812
HD_156279,232606278,0.961078,0.041789,0.94,0.116801,5420.0,4.44568,0.0720076,1.05889,0.208166,0.718140066,DWARF,0.02518041,0.000476502173,73
HD_156668,257715493,0.760432,0.0426985,0.79,0.0922081,4849.92,4.57357,0.0766395,1.79657,0.396876,0.288240045,DWARF,0.0116522182,0.01047199,116
HD_158038,313709116,4.42542,,,,4876.59,,,,,,GIANT,,,
HD_158259,188768068,1.26442,0.0595251,1.04,0.131541,5801.89,4.25132,0.0751595,0.514475,0.107913,1.63212013,DWARF,0.0137900859,0.0005897573,66
HD_158996,288268410,56.6977,,,,4114.98,,,,,,GIANT,,,
HD_15906,4646810,0.74413,0.0558769,0.8,0.0944292,4884.0,4.59786,0.099367,1.94152,0.553282,0.2838543,DWARF,0.006032361,4.16099865e-05,20
HD_1605,57983992,3.92908,,,,4933.0,,,,,,GIANT,,,
HD_161178,441797545,11.0498,,,,4793.27,,,,,,GIANT,,,
HD_16175,422922274,1.84656,0.0715528,1.07,0.123676,5902.0,3.93472,0.0677755,0.169939,0.0316488,3.727511,DWARF,0.002888253,0.0113601042,180
HD_162020,367987991,0.743114,0.0423618,0.77,0.0860687,4776.39,4.58245,0.0788158,1.8764,0.416058,0.2589432,DWARF,0.0007572334,0.174433,6344
HD_163607,232620788,1.76685,0.0793919,0.97,0.120001,5522.0,3.93044,0.0702343,0.175861,0.0340226,2.61505961,DWARF,0.0103111211,0.000734400353,89
HD_16417,122555698,1.616,0.0839396,1.05,0.132215,5831.08,4.04238,0.0795464,0.248809,0.0553439,2.720023,DWARF,0.00462255534,0.0008585105,74
HD_164509,382764222,1.13765,0.0618442,1.06,0.129537,5859.0,4.35135,0.0822999,0.719909,0.162997,1.37406623,DWARF,0.00506655546,0.0149570182,1100
HD_164595,158917706,1.02684,0.0438367,1.03,0.125719,5751.0,4.4279,0.073296,0.951331,0.190145,1.03913474,DWARF,0.009101888,0.00154395041,209
HD_164604,406317882,0.718233,0.0456432,0.78,0.0941371,4806.77,4.61763,0.0844752,2.10522,0.515576,0.248106986,DWARF,0.0,0.6696217,9855
HD_165155,408229533,0.910325,0.0419246,0.94,0.112755,5403.98,4.4928,0.0750419,1.24606,0.258495,0.6367115,DWARF,0.000405786763,0.336431473,9043
HD_1666,211439561,2.12011,0.0868341,1.227,0.177324,6279.0,3.8742,0.0810212,0.128756,0.0273184,6.29468,DWARF,0.00188799563,6.695956e-05,30
HD_166724,87989721,0.794072,0.0553015,0.86,0.102303,5107.24,4.57285,0.0926284,1.71759,0.469314,0.3865089,DWARF,0.00612029154,0.05914476,2178
HD_167042,353988778,4.34122,,,,4981.43,,,,,,GIANT,,,
HD_16760,433140046,0.892765,,,,5593.0,,,,,,DWARF,0.00575658446,0.313647449,112
HD_167768,2382387,10.0681,,,,4856.0,,,,,,GIANT,,,
HD_168009,416117806,1.17358,0.0478517,1.04,0.12694,5808.0,4.31608,0.0689019,0.643429,0.119131,1.41196239,DWARF,0.0102052456,0.0006440234,144
HD_168746,18097734,1.08232,0.0655326,0.98,0.123984,5571.33,4.36058,0.0879161,0.772956,0.193705,1.01682067,DWARF,0.0005498554,0.02170019,3092
HD_1690,37763102,24.303,,,,4360.7,,,,,,GIANT,,,
HD_16905,358070171,0.77494,0.0607538,0.79,0.0945344,4866.12,4.55716,0.102006,1.69755,0.512339,0.303362519,DWARF,0.0109446589,0.0478015356,39
HD_169142,51077087,1.53702,0.0573266,1.63,0.268435,7246.0,4.27689,0.0824711,0.448896,0.0963681,5.867449,DWARF,0.000275316561,0.08372367,7725
HD_169830,53134037,1.97373,0.0811407,1.17,0.157671,6164.0,3.91568,0.0784726,0.152167,0.0319475,5.06666946,DWARF,0.000278010062,0.0398625359,6725
HD_17092,302317605,12.3924,,,,4590.62,,,,,,GIANT,,,
HD_171238,228217280,0.918004,0.0427236,0.95,0.116255,5440.0,4.4901,0.0765329,1.22798,0.257273,0.6649348,DWARF,0.0,0.0499561727,6462
HD_17156,302773669,1.55106,0.0787186,1.1,0.142761,5969.0,4.0982,0.0812061,0.294787,0.0669166,2.751425,DWARF,0.003861182,0.00311517646,304
HD_173416,157951225,12.8676,,,,4778.79,,,,,,GIANT,,,
HD_174205,229752137,25.6454,,,,4484.0,,,,,,GIANT,,,
HD_175167,467966544,1.76199,0.100804,1.0,0.128787,5635.0,3.94606,0.0842507,0.182807,0.0436072,2.8201735,DWARF,0.003231241,0.00183149485,260
HD_175541,227196910,4.45989,,,,5051.34,,,,,,GIANT,,,
HD_175607,382073690,0.841731,0.0534196,0.94,0.124436,5397.57,4.56085,0.0922086,1.57619,0.406918,0.5417949,DWARF,0.008156687,0.00265020388,262
HD_17674,77490014,1.20657,0.0618693,1.07,0.143523,5908.24,4.30435,0.082496,0.609157,0.13884,1.59819674,DWARF,0.00501850946,0.000932222756,66
HD_177565,254147274,0.986664,0.0567638,1.0,0.129638,5625.03,4.44973,0.0858649,1.0411,0.253345,0.8780776,DWARF,0.007965978,0.0009878615,429
HD_177830,265052133,3.30878,,,,4923.79,,,,,,GIANT,,,
HD_178911_B,42812945,1.02415,0.0590151,0.98,0.134061,5564.0,4.40857,0.0870012,0.912299,0.226461,0.9056683,DWARF,0.00443421537,6.17273474,627
HD_179949,2288734,1.24258,0.0631659,1.17,0.161507,6148.0,4.31761,0.0884935,0.609842,0.147014,1.987356,DWARF,0.0,0.008234536,885
HD_180053,29898060,4.53947,,,,5131.0,,,,,,GIANT,,,
HD_18015,36883072,3.31261,,,,5639.13,,,,,,GIANT,,,
HD_180314,392658786,8.16113,,,,4980.2,,,,,,GIANT,,,
HD_180902,11782681,4.09141,,,,4961.0,,,,,,GIANT,,,
HD_181342,12192000,5.2988,,,,4945.0,,,,,,GIANT,,,
HD_181433,410399074,0.810841,0.0577939,0.81,0.0967717,4929.63,4.52868,0.0969282,1.51942,0.434714,0.34980315,DWARF,0.009765195,0.00116048648,202
HD_183263,134245358,1.29106,0.058794,1.06,0.135657,5867.0,4.24148,0.0742377,0.492564,0.10147,1.77932167,DWARF,0.0004569275,0.02197425,3545
HD_183579,320004517,0.974669,0.0546984,1.04,0.135125,5783.54,4.47739,0.0843915,1.12321,0.270157,0.9575998,DWARF,0.00572941732,0.00127865945,193
HD_184010,113329742,5.49359,,,,4987.0,,,,,,GIANT,,,
HD_18438,297820335,70.8356,,,,3854.0,,,,,,GIANT,,,
HD_185269,213721036,2.10883,0.0841206,1.08,0.130875,5923.0,3.82341,0.0681231,0.11516,0.0205873,4.93110275,DWARF,0.000299296749,0.0388209522,4644
HD_185283,320264344,0.743303,0.0635327,0.79,0.0964835,4848.0,4.59336,0.108752,1.92366,0.628946,0.27496472,DWARF,0.008695023,0.0012811952,213
HD_18599,207141131,0.802633,0.0479623,0.85,0.103514,5081.0,4.55845,0.0872776,1.64387,0.416193,0.3868347,DWARF,0.0113014057,0.00233342149,39
HD_187085,300081980,1.35355,0.0700628,1.15,0.157409,6100.77,4.23582,0.0874321,0.463743,0.111678,2.286547,DWARF,0.00446539465,0.00278047984,233
HD_18742,71345433,6.34373,,,,4940.0,,,,,,GIANT,,,
HD_188641,300611942,1.94492,0.0763267,1.07,0.132527,5897.32,3.88965,0.0703435,0.145438,0.0271169,4.122083,DWARF,0.00257189432,0.00469340943,224
HD_190007,345217789,0.690591,0.0559247,0.76,0.0905455,4721.91,4.64044,0.1032,2.30755,0.721156,0.213602945,DWARF,0.0130579481,0.00243746419,682
HD_190228,117905020,2.58658,,,,5238.0,,,,,,GIANT,,,
HD_190647,48777312,1.49946,0.085686,1.0,0.125528,5636.81,4.0862,0.0869252,0.296619,0.0726333,2.04500961,DWARF,0.00354629173,0.0009323,223
HD_190984,466222634,2.30797,0.0953192,1.1,0.139639,5988.93,3.753,0.0724424,0.0894747,0.0175149,6.17380953,DWARF,0.00148621586,0.438632458,161
HD_191806,294684871,1.40314,0.0648392,1.07,0.129222,5894.0,4.17325,0.0739603,0.387332,0.0783168,2.140601,DWARF,0.00616874034,0.004086175,644
HD_191939,269701147,0.920435,0.0463115,0.95,0.119246,5461.0,4.4878,0.0791069,1.21827,0.273506,0.6788437,DWARF,0.0182105564,0.005035775,179
HD_192263,243962745,0.769308,0.0412437,0.82,0.096955,4955.0,4.57968,0.0807875,1.801,0.409133,0.32141757,DWARF,0.0101327095,0.0190780517,374
HD_192699,399334674,4.87027,,,,5041.0,,,,,,GIANT,,,
HD_194490,100272295,1.14911,0.0502538,1.06,0.128074,5861.32,4.34265,0.0734951,0.698581,0.138581,1.40411484,DWARF,0.003993492,0.004885819,133
HD_196050,351534793,1.42305,0.077382,1.07,0.140104,5893.05,4.16101,0.0853504,0.371301,0.0890858,2.2003603,DWARF,0.004497548,0.006453689,130
HD_196067,327303574,1.71042,0.0859296,1.11,0.137877,6013.69,4.01719,0.0806103,0.221828,0.0484412,3.44716978,DWARF,0.004333421,0.5459054,130
HD_19615,289383510,35.1891,,,,4670.0,,,,,,GIANT,,,
HD_196885_A,282257777,1.43072,0.0571256,1.18,0.164433,6172.0,4.19884,0.0792532,0.402922,0.0835425,2.67612028,DWARF,0.00468072575,0.00346976728,373
HD_197037,1969138344,,,,,,,,,,,,,,
HD_199509,401701660,0.900118,0.0372664,1.04,0.135577,5796.02,4.5465,0.0750398,1.42605,0.291371,0.823782742,DWARF,0.0122301215,0.0002631963,139
HD_20003,370137704,0.92872,0.0492286,0.96,0.12231,5488.48,4.48457,0.0824836,1.19844,0.280569,0.7051361,DWARF,0.0144369164,0.00090895436,78
HD_200964,408316773,5.00829,,,,4982.0,,,,,,GIANT,,,
HD_202206,24294415,1.05124,0.0565704,1.03,0.126004,5739.12,4.4075,0.0792823,0.88661,0.195154,1.08013713,DWARF,0.0,0.00096092,86
HD_202696,25346878,6.08911,,,,5087.0,,,,,,GIANT,,,
HD_203030,25559430,0.875475,0.0524171,0.94,0.125771,5418.3,4.52671,0.0879233,1.40087,0.348657,0.5951603,DWARF,0.00775371259,0.007131753,285
HD_20329,333657795,1.10641,0.0502312,1.0,0.123961,5640.0,4.35023,0.0741608,0.738329,0.150382,1.11594975,DWARF,0.0,0.0141790817,36
HD_203387,288329878,10.5852,,,,5174.32,,,,,,GIANT,,,
HD_2039,281461362,1.17309,0.046593,1.09,0.135974,5945.08,4.33683,0.0710012,0.675204,0.128698,1.54876876,DWARF,0.004600815,2.42177175e-05,31
HD_204313,99734092,1.12666,0.0628543,1.03,0.132217,5754.04,4.34732,0.0845266,0.720209,0.169033,1.25363708,DWARF,0.005026814,0.00350063271,85
HD_204941,99837626,0.791889,0.044907,0.83,0.100041,5016.12,4.55982,0.0839949,1.67142,0.403473,0.3576803,DWARF,0.007928061,0.0537272058,71
HD_205158,316830331,1.87741,0.0754523,1.16,0.158744,6133.55,3.95541,0.0780008,0.1753,0.0361519,4.494271,DWARF,0.00283644721,0.000429919659,71
HD_205739,270501383,1.37029,0.0565076,1.24,0.17775,6308.42,4.25787,0.0790481,0.481932,0.0996626,2.67917538,DWARF,0.00321103144,0.00135596306,54
HD_206255,139842723,2.21455,0.111425,1.0,0.125899,5637.0,3.7475,0.0755456,0.0920751,0.0195043,4.46127367,DWARF,0.00220398954,0.000134181508,71
HD_206610,333314269,4.79898,,,,4842.0,,,,,,GIANT,,,
HD_207496,290348383,0.800152,0.0565427,0.78,0.0915509,4815.0,4.52382,0.0954484,1.52257,0.420235,0.310045063,DWARF,0.0118411519,0.118534349,81
HD_20781,651387463,,,,,,,,,,,,,,
HD_20782,144503325,1.12681,0.044593,1.04,0.12109,5782.13,4.3514,0.067238,0.726918,0.130533,1.27862978,DWARF,0.00689007,0.0007845934,46
HD_207832,53895723,0.980681,0.0444975,1.02,0.118281,5726.0,4.46361,0.0721046,1.08148,0.214064,0.931441545,DWARF,0.0050348877,0.000482509029,57
HD_208487,197686484,1.16322,0.0599698,1.17,0.157365,6151.0,4.37493,0.086798,0.743361,0.17763,1.74502552,DWARF,0.005534695,0.007978356,59
HD_208527,283621278,62.9852,,,,3909.0,,,,,,GIANT,,,
HD_20868,142851295,0.765392,0.0648241,0.78,0.0937605,4802.0,4.56239,0.106365,1.73958,0.549694,0.280640751,DWARF,0.006789797,0.00307993847,31
HD_208897,423862056,4.86385,,,,4897.88,,,,,,GIANT,,,
HD_209458,420814525,1.18655,0.0453267,1.13,0.152342,6052.0,4.34258,0.0746529,0.676434,0.134476,1.70160615,DWARF,0.005327695,0.00205775979,108
HD_210193,278523703,1.03343,0.0409548,1.06,0.131025,5854.47,4.43481,0.0707115,0.960432,0.178668,1.1303283,DWARF,0.00638740836,0.00190473627,62
HD_210277,50227884,1.10817,0.050804,0.96,0.119417,5484.0,4.33113,0.0724327,0.705435,0.141976,1.00067723,DWARF,0.0,0.00136097649,55
HD_210702,456826468,4.90791,,,,4951.0,,,,,,GIANT,,,
HD_211403,330485001,1.3154,0.0575779,1.19,0.173996,6206.0,4.2755,0.0826285,0.522846,0.116687,2.3123703,DWARF,0.000505939359,0.0509048849,803
HD_211810,336634601,1.2228,0.0629321,1.0,0.120185,5626.0,4.26335,0.0784613,0.546927,0.120424,1.34960771,DWARF,0.000590366661,0.008701045,766
HD_211970,231704229,0.597134,0.0593593,0.64,0.0797485,4077.0,4.6921,0.115685,3.00583,1.02226,0.0887567252,DWARF,0.0144725982,0.000441032782,69
HD_212771,12723961,4.61737,,,,5003.0,,,,,,GIANT,,,
HD_213240,144068704,1.52065,0.0788819,1.1,0.138667,5984.9,4.1154,0.0814753,0.312828,0.0695727,2.67288423,DWARF,0.00434047962,0.00606196048,41
HD_213472,120601788,1.38186,0.0532764,1.04,0.124103,5786.63,4.17417,0.0669042,0.394131,0.0709689,1.92897332,DWARF,0.004366562,0.00769146625,231
HD_213885,403224672,1.13187,0.0489196,1.04,0.129204,5795.29,4.34751,0.0740123,0.71721,0.143539,1.30192769,DWARF,0.006190786,0.000371760048,61
HD_21411,142875660,0.825605,0.0378316,0.96,0.11913,5466.99,4.58679,0.0739527,1.7059,0.341467,0.5485705,DWARF,0.0104056932,0.002448203,35
HD_214823,115779095,2.14439,0.0973366,1.115,0.14424,6021.9,3.82273,0.0786766,0.113074,0.0240052,5.44800043,DWARF,0.00211287034,0.0183342434,151
HD_215152,251042502,0.774333,0.046995,0.79,0.0937615,4856.24,4.55784,0.0855342,1.70155,0.416795,0.300435275,DWARF,0.0,0.00195175444,43
HD_21520,404518509,1.03563,0.0503367,1.06,0.135938,5871.0,4.43296,0.0790908,0.95431,0.209279,1.14803231,DWARF,0.005785632,8.377542e-05,26
HD_215497,469943599,0.849488,0.0447085,0.86,0.099868,5110.0,4.51425,0.0801433,1.4029,0.313024,0.44329533,DWARF,0.00770243676,0.000384193554,58
HD_216435,161314759,1.76057,0.0904196,1.1,0.141041,5972.97,3.98815,0.0809398,0.201573,0.0449359,3.5543716,DWARF,0.00370899448,0.0008009312,30
HD_216437,277774779,1.48182,0.0852362,1.06,0.142299,5850.69,4.12178,0.0865788,0.325774,0.0775224,2.31801176,DWARF,0.00577767752,0.0009809765,72
HD_216520,264899051,0.793931,0.0428216,0.85,0.102926,5082.0,4.56792,0.0796311,1.69852,0.397415,0.3787899,DWARF,0.0163172,0.008003237,100
HD_216536,154487334,10.4364,,,,4639.0,,,,,,GIANT,,,
HD_216770,47526465,0.961694,0.0606658,0.94,0.120671,5394.87,4.44512,0.0896411,1.05686,0.271659,0.705817044,DWARF,0.00657968828,0.00622106437,39
HD_21693,197792776,0.923029,0.053196,0.95,0.120994,5434.33,4.48536,0.0844856,1.20803,0.291468,0.6694373,DWARF,0.0129695805,0.0009828391,32
HD_217107,38271828,1.19931,0.0546784,0.98,0.121931,5575.0,4.27143,0.0730413,0.568103,0.113966,1.251815,DWARF,0.0,9.061214e-05,31
HD_217786,248048656,1.27481,0.0666331,1.14,0.158955,6076.0,4.28408,0.0918218,0.550265,0.134669,1.9955126,DWARF,0.0,0.000244582538,34
HD_217958,12973036,1.32619,0.0679598,1.08,0.141353,5930.64,4.22628,0.0806178,0.463027,0.101193,1.96025479,DWARF,0.004005351,0.0004477785,41
HD_218566,278952345,0.822299,0.061495,0.8,0.0973772,4877.33,4.5111,0.096691,1.4388,0.409816,0.344733059,DWARF,0.0,0.00130475243,40
HD_219077,394125166,1.9675,0.120776,0.92,0.118401,5342.72,3.81403,0.0884287,0.120794,0.0310067,2.84166622,DWARF,0.00356233283,0.000201001414,50
HD_219139,423269863,10.3879,,,,4902.0,,,,,,GIANT,,,
HD_219415,323819453,4.27296,,,,4815.89,,,,,,GIANT,,,
HD_219666,266980320,1.05168,0.0549497,0.97,0.120939,5527.0,4.38107,0.0800925,0.833917,0.186147,0.9298624,DWARF,0.00373383658,0.00084635854,56
HD_219828,243085377,1.65072,0.0673266,1.04,0.124377,5807.0,4.01975,0.071298,0.231213,0.0449685,2.79157352,DWARF,0.002932813,0.00116469013,82
HD_220074,269237357,66.0538,,,,3932.0,,,,,,GIANT,,,
HD_220197,435199076,1.02934,0.0455428,1.01,0.122749,5672.13,4.41727,0.0702223,0.926075,0.176002,0.988089,DWARF,0.004556218,0.000392738351,49
HD_220689,9156146,1.16003,0.046103,1.08,0.130057,5918.85,4.34255,0.0699454,0.691857,0.132229,1.48792982,DWARF,0.00516110472,0.0005160104,38
HD_220773,354326161,1.66303,0.0667085,1.09,0.13663,5956.23,4.03369,0.0718417,0.236989,0.046309,3.13602781,DWARF,0.00330729177,6.864848e-05,39
HD_221287,231716612,1.13864,0.0427613,1.27,0.191944,6376.4,4.4291,0.0799478,0.860287,0.178281,1.93094754,DWARF,0.00638002669,1.69833384e-05,41
HD_221416,441462736,2.90324,,,,5083.0,,,,,,GIANT,,,
HD_221420,277890728,1.92907,0.0807713,1.06,0.13332,5847.37,3.89268,0.0711974,0.147661,0.028791,3.91950345,DWARF,0.004347793,0.000149794156,98
HD_221585,270730826,1.84996,0.104269,0.97,0.122566,5535.31,3.89051,0.0867297,0.153208,0.0373047,2.89460158,DWARF,0.000373274263,0.00142678979,412
HD_222076,325178933,4.34966,,,,4851.0,,,,,,GIANT,,,
HD_222582,9005067,1.13332,0.0478191,1.04,0.132808,5789.0,4.34639,0.0720466,0.714451,0.142566,1.29961991,DWARF,0.0,0.000228196164,23
HD_224018,248608315,1.13852,0.0568794,1.04,0.125319,5792.0,4.34242,0.0758849,0.704703,0.15412,1.31429815,DWARF,0.0,0.000190809951,30
HD_224538,280803137,1.48322,0.059196,1.23,0.181303,6288.0,4.18556,0.0803512,0.376956,0.0793874,3.09852076,DWARF,0.00440024072,0.008260484,54
HD_224693,114807081,1.86292,0.0767337,1.07,0.131592,5894.0,3.92706,0.0699688,0.1655,0.0319699,3.77333331,DWARF,0.00231159083,0.0002864186,31
HD_22496,200851505,0.723719,0.0699297,0.64,0.0795517,4102.0,4.52511,0.114078,1.68838,0.581487,0.133603171,DWARF,0.016049955,0.0007527068,33
HD_22532,200851704,5.77828,,,,5047.0,,,,,,GIANT,,,
HD_22781,101166776,0.750898,0.0482914,0.85,0.1069,5069.0,4.61632,0.0889501,2.00759,0.510163,0.335386664,DWARF,0.008014791,0.000104361563,26
HD_22946,100990000,1.11672,0.0480905,1.17,0.162261,6161.0,4.41036,0.0805463,0.840133,0.183175,1.61879385,DWARF,0.006829057,7.70428451e-05,31
HD_23079,206402844,1.08219,0.0559422,1.1,0.141767,5984.06,4.41085,0.0817698,0.867916,0.193851,1.35297108,DWARF,0.010600524,0.00126041251,51
HD_23127,311924816,1.64436,0.069804,1.05,0.132163,5824.24,4.02727,0.0723249,0.236158,0.0463024,2.80313134,DWARF,0.00509245368,0.0006113849,51
HD_231701,92300251,1.45325,0.0686985,1.147,0.158439,6101.0,4.17295,0.079767,0.373717,0.0781925,2.63620424,DWARF,0.0002820273,0.0647968054,1314
HD_233604,150184553,11.2332,,,,4791.0,,,,,,GIANT,,,
HD_23472,425997655,0.691374,0.0423719,0.78,0.0888069,4813.0,4.65074,0.0812793,2.36024,0.566193,0.2310917,DWARF,0.0172572881,0.005562642,48
HD_235088,293954617,0.78399,0.0462663,0.85,0.103082,5064.0,4.57887,0.0847109,1.76396,0.435295,0.364158452,DWARF,0.011951196,0.00551917357,402
HD_23596,201266092,1.57785,0.0603619,1.1,0.136803,5982.0,4.08333,0.0700449,0.280023,0.0516663,2.87218738,DWARF,0.00357823586,0.031956695,194
HD_238090,224289449,0.58522,0.0171856,0.575859,0.0201631,3868.0,4.66375,0.0103018,2.87315,0.152726,0.06906832,DWARF,0.0140178353,0.08033201,27
HD_238914,359558085,14.6827,,,,4769.0,,,,,,GIANT,,,
HD_240210,315415155,28.6809,,,,4301.93,,,,,,GIANT,,,
HD_240237,323919676,83.2499,,,,4361.59,,,,,,GIANT,,,
HD_24040,456863621,1.37879,0.0761155,1.03,0.127004,5761.0,4.17191,0.0787027,0.392951,0.0896705,1.8866235,DWARF,0.0,0.000420096,51
HD_24064,102987456,38.7987,,,,4199.0,,,,,,GIANT,,,
HD_24085,32001057,1.40353,0.0565477,1.13,0.141623,6047.93,4.1967,0.0738215,0.408706,0.0811044,2.374472,DWARF,0.012653715,0.0547019355,79
HD_25015,178249461,0.814131,0.0476533,0.86,0.100613,5116.0,4.55118,0.0835698,1.59373,0.381871,0.4090772,DWARF,0.007964724,0.000153033921,31
HD_25171,237933846,1.2143,0.0485854,1.2,0.173463,6223.83,4.3486,0.081283,0.670198,0.144939,1.99332285,DWARF,0.0154977059,0.000239489964,63
HD_25463,407966340,1.42717,0.0557185,1.25,0.182089,6337.87,4.22602,0.07529,0.43001,0.0872461,2.96089077,DWARF,0.00421171449,0.000937589852,49
HD_25723,136888305,13.3504,,,,4830.0,,,,,,GIANT,,,
HD_25912,237356930,0.995896,0.0408392,1.08,0.129627,5920.58,4.47506,0.0710972,1.09341,0.214583,1.09794235,DWARF,0.0103467628,0.00174640189,51
HD_26161,467753728,1.43915,0.0782412,1.12,0.14553,6033.0,4.17108,0.0903663,0.375753,0.0932159,2.47194266,DWARF,0.00417716242,0.0175119676,228
HD_2638,244178536,0.877648,0.0464623,0.88,0.110313,5190.65,4.49591,0.078324,1.30173,0.284496,0.5037588,DWARF,0.0048434604,0.0006814943,26
HD_2685,267263253,1.58737,0.0647537,1.46,0.249445,6792.0,4.20107,0.0841566,0.365023,0.0804211,4.831035,DWARF,0.00257606059,0.00661615469,89
HD_27442,198079199,3.53937,,,,4850.71,,,,,,GIANT,,,
HD_27969,27828749,1.78094,0.0690302,1.06,0.133804,5862.08,3.96208,0.0693652,0.187655,0.0357371,3.37441921,DWARF,0.000281630782,0.007582212,423
HD_28109,29781292,1.41189,0.0640704,1.24,0.199013,6315.0,4.23189,0.0906404,0.440579,0.106148,2.8561883,DWARF,0.00867068,0.004423542,145
HD_28185,37947783,1.07715,0.0440829,0.99,0.126397,5615.0,4.36915,0.0713379,0.792156,0.151426,1.03906631,DWARF,0.00622284552,7.405396e-05,51
HD_28192,248644661,1.07094,0.0488367,1.08,0.134847,5919.87,4.41196,0.0752224,0.879286,0.181972,1.269032,DWARF,0.0055994303,0.0181660987,61
HD_284149_A,15817487,1.23691,0.0577764,1.13,0.181947,6061.0,4.30647,0.0930966,0.597127,0.158414,1.8601439,DWARF,0.0,0.003548692,97
HD_28471,38698692,1.08664,0.0608593,1.02,0.13066,5737.24,4.3745,0.082195,0.794965,0.187634,1.15259027,DWARF,0.0215288736,0.00088668504,88
HD_285507,389018596,0.796731,0.0637688,0.68,0.0789588,4330.9,4.46795,0.0919868,1.34454,0.359926,0.201201126,DWARF,0.0,0.00103368552,56
HD_285968,674295881,,,,,,,,,,,,,,
HD_28678,449145115,6.86253,,,,4972.0,,,,,,GIANT,,,
HD_29021,458350670,0.885185,0.039696,0.98,0.11951,5554.98,4.53523,0.073224,1.41294,0.278946,0.6721906,DWARF,0.0008740767,0.00167019281,344
HD_290327,4205424,0.938735,0.0434272,0.97,0.122647,5505.0,4.47975,0.0758955,1.17258,0.23966,0.7291389,DWARF,0.00534871453,0.00180196809,109
HD_29399,38828538,4.63085,,,,4828.0,,,,,,GIANT,,,
HD_2952,452910671,10.7425,,,,4863.0,,,,,,GIANT,,,
HD_29985,170867837,0.574666,0.0391257,0.75,0.0852602,4678.0,4.7943,0.0875391,3.95197,1.01085,0.142484367,DWARF,0.01261654,0.003325767,49
HD_30177,220408612,1.19258,0.0545226,0.98,0.115098,5545.71,4.27632,0.0694678,0.577783,0.111375,1.21198654,DWARF,0.0150032714,0.00292578549,46
HD_30562,176379354,1.63611,0.0684296,1.06,0.131319,5872.3,4.03575,0.0689629,0.242029,0.0458473,2.86783075,DWARF,0.00396798,0.0009548001,75
HD_30856,612908,5.00317,,,,4895.0,,,,,,GIANT,,,
HD_31253,436700755,1.83459,0.0968042,1.12,0.146779,6026.0,3.96021,0.0871918,0.181384,0.0423098,3.99844217,DWARF,0.00282275164,0.0007049367,120
HD_31527,146322354,1.07736,0.0437688,1.07,0.142113,5909.59,4.40273,0.0727262,0.855666,0.165313,1.275392,DWARF,0.00721012847,0.0011388805,58
HD_3167,318707987,0.881969,0.050005,0.91,0.1084,5284.0,4.5062,0.0818768,1.32642,0.303176,0.5463272,DWARF,0.0,0.000736198854,26
HD_32518,310836777,10.8003,,,,4661.0,,,,,,GIANT,,,
HD_32963,69528586,1.08818,0.045284,1.03,0.119471,5738.0,4.3775,0.0682457,0.799348,0.150464,1.15647948,DWARF,0.0,0.0389563851,254
HD_33142,169397663,4.32559,,,,4978.0,,,,,,GIANT,,,
HD_332231,199376584,1.27074,0.0560352,1.16,0.161728,6125.0,4.29441,0.0821678,0.565316,0.122392,2.04753065,DWARF,0.000458032941,0.0165508948,1241
HD_33283,13147218,1.92186,0.0998593,1.08,0.135166,5935.0,3.90405,0.0777462,0.152144,0.0335233,4.128793,DWARF,0.00282220263,0.001442579,65
HD_33564,142103211,1.47069,0.0733292,1.29,0.202583,6409.65,4.21361,0.0927563,0.40553,0.100324,3.289096,DWARF,0.00602325844,0.0300299041,86
HD_33844,169534187,5.36877,,,,4925.0,,,,,,GIANT,,,
HD_34445,284907742,1.46408,0.0754874,1.04,0.135227,5797.0,4.12397,0.0810111,0.331388,0.0761715,2.1809144,DWARF,0.00394612039,0.000177233553,73
HD_35759,286954708,1.71303,0.0819774,1.11,0.140459,5998.0,4.01586,0.0779053,0.220814,0.047894,3.4217782,DWARF,0.00326042552,0.000676947529,156
HD_35843,7422496,0.879321,0.0413869,1.03,0.129726,5744.0,4.56261,0.0761973,1.51494,0.311734,0.758310258,DWARF,0.008127331,0.0117067453,68
HD_360,37652064,11.3779,,,,4741.0,,,,,,GIANT,,,
HD_36384,418343111,43.5691,,,,3989.0,,,,,,GIANT,,,
HD_3651,434210589,0.873266,0.0412914,0.9,0.111376,5274.92,4.51002,0.0776711,1.35146,0.293265,0.531926036,DWARF,0.009760898,0.000441964745,68
HD_37605,144730053,0.982419,0.04551,0.92,0.116014,5329.0,4.41726,0.0746322,0.970281,0.201164,0.7012474,DWARF,0.005474019,0.00319491955,206
HD_38283,141411201,1.49291,0.0761155,1.1,0.139754,5983.57,4.13139,0.0805648,0.330591,0.0737209,2.573972,DWARF,0.0155401686,0.004517652,602
HD_38529,200093173,2.83515,0.122736,0.98,0.12516,5541.0,3.52414,0.0725409,0.0430027,0.00836833,6.826542,DWARF,0.00169693842,0.0026414427,172
HD_38801,66650754,2.47056,,,,5207.0,,,,,,GIANT,,,
HD_39855,160301040,0.758749,0.0425452,0.97,0.125497,5528.0,4.66464,0.0824734,2.22063,0.50749,0.484354883,DWARF,0.0118971514,0.114154451,127
HD_40307,374859347,0.716684,0.0538643,0.79,0.0945471,4867.44,4.62504,0.0988811,2.14607,0.609178,0.259747952,DWARF,0.0461940877,0.00131456426,108
HD_40956,71099944,8.8129,,,,5092.0,,,,,,GIANT,,,
HD_40979,440489582,1.2352,0.048892,1.16,0.159478,6139.0,4.31905,0.0757545,0.615528,0.123862,1.95235455,DWARF,0.00550636137,0.00085218146,269
HD_4113,118586897,1.08479,0.0469146,1.0,0.125604,5655.45,4.36737,0.0729614,0.783354,0.157445,1.08457088,DWARF,0.00628822437,0.0196891986,24
HD_42012,97724459,0.841357,0.0432563,0.93,0.117071,5379.0,4.55659,0.0762434,1.5615,0.333616,0.5339024,DWARF,0.000710541441,0.0815289,300
HD_4203,434225151,1.49795,0.070201,0.99,0.124486,5582.0,4.08271,0.0754542,0.294538,0.0589616,1.96268249,DWARF,0.00279077538,0.00331247575,45
HD_4208,43400838,0.933389,0.0540905,1.0,0.127926,5639.0,4.49794,0.0864417,1.22974,0.300917,0.7936485,DWARF,0.00757938949,0.000402907666,21
HD_42618,153289168,0.973647,0.0440603,1.03,0.13046,5755.0,4.4741,0.0730532,1.11592,0.223274,0.93686986,DWARF,0.0007713468,0.006407687,434
HD_4313,405228516,5.34156,,,,4943.0,,,,,,GIANT,,,
HD_43197,37660988,1.06526,0.0516181,0.96,0.119688,5478.64,4.36543,0.0777052,0.794164,0.167632,0.921070933,DWARF,0.00582690025,0.00211345777,137
HD_43691,258444495,1.73312,0.0696483,1.14,0.151866,6093.0,4.01732,0.0764062,0.218987,0.0441451,3.72972369,DWARF,0.002642894,0.009103403,238
HD_44219,443055162,1.42621,0.0599925,1.03,0.13303,5767.81,4.14254,0.0750786,0.355051,0.0730994,2.02816415,DWARF,0.0041733887,0.0288098473,249
HD_45184,49831913,1.05238,0.0436055,1.06,0.133427,5854.0,4.41903,0.0736437,0.909479,0.17921,1.17178428,DWARF,0.008998222,0.001921224,162
HD_45350,144132551,1.26442,0.0741256,0.98,0.13519,5566.0,4.22551,0.0895671,0.484787,0.121738,1.38245523,DWARF,0.00449314527,0.00237038988,217
HD_45364,117768715,0.900132,0.0549899,0.95,0.122787,5435.58,4.50718,0.0911192,1.30258,0.334587,0.6372218,DWARF,0.009688529,0.0006081233,160
HD_45652,206948365,0.957588,0.0586683,0.91,0.119533,5294.0,4.43475,0.0922351,1.03635,0.273098,0.6489149,DWARF,0.0006510064,0.008443449,476
HD_457,120506209,1.28194,0.0537312,1.15,0.151503,6114.04,4.28303,0.0779276,0.54588,0.116852,2.068909,DWARF,0.00492492737,0.00087583717,30
HD_46375,234928947,0.917967,0.0440051,0.9,0.113285,5243.0,4.46666,0.0780509,1.16349,0.256493,0.573678,DWARF,0.0007320962,0.07676419,421
HD_47186,101145648,1.10074,0.0665176,1.0,0.129287,5641.0,4.3547,0.0875699,0.749804,0.18336,1.10531807,DWARF,0.00726489,0.00278119417,250
HD_4732,63905972,4.93288,,,,4989.0,,,,,,GIANT,,,
HD_47366,443578538,7.77455,,,,4783.83,,,,,,GIANT,,,
HD_47536,52172862,22.6734,,,,4412.57,,,,,,GIANT,,,
HD_4760,405337087,49.7627,,,,4076.0,,,,,,GIANT,,,
HD_48265,255781806,2.0649,0.0834573,1.04,0.124527,5784.73,3.8253,0.0676723,0.118124,0.0215965,4.30155134,DWARF,0.00379745755,0.0009667547,140
HD_48948,88228576,0.696604,0.0472738,0.69,0.0786455,4391.58,4.59094,0.0883048,2.04122,0.52068,0.162611172,DWARF,0.0118314931,0.00225584744,107
HD_4917,77481104,7.90706,,,,4802.0,,,,,,GIANT,,,
HD_49674,21267079,1.04257,0.0420352,0.99,0.122296,5583.0,4.39749,0.069983,0.873605,0.162856,0.951433659,DWARF,0.00575664872,0.00194110267,151
HD_50499,53175558,1.44437,0.0571257,1.09,0.138772,5963.0,4.15614,0.0709493,0.361735,0.0696343,2.376354,DWARF,0.005470354,0.0009632565,276
HD_50554,80224448,1.12993,0.0445402,1.11,0.146052,6007.0,4.37729,0.0722744,0.769426,0.148416,1.49771535,DWARF,0.0,0.00231501576,209
HD_51608,279246287,0.917404,0.0588694,0.93,0.116251,5352.6,4.48143,0.0906433,1.20448,0.314721,0.62240833,DWARF,0.02126317,0.0015036806,151
HD_52265,268565917,1.39907,0.0724372,1.11,0.145347,6003.0,4.19171,0.0839659,0.40533,0.0932548,2.29004455,DWARF,0.000486903242,0.00921339,561
HD_5319,344627954,4.42641,,,,4871.0,,,,,,GIANT,,,
HD_5388,101936170,1.85768,0.0788392,1.21,0.17651,6253.18,3.98291,0.0828544,0.188745,0.0416275,4.753772,DWARF,0.00354229473,0.000110276211,33
HD_55696,22598327,1.68915,0.069799,1.11,0.140119,6012.0,4.02805,0.0749891,0.230313,0.0474924,3.35820556,DWARF,0.00399721833,0.005184986,289
HD_5583,53848538,9.62402,,,,4955.0,,,,,,GIANT,,,
HD_5608,53873088,5.35811,,,,4877.0,,,,,,GIANT,,,
HD_564,200658785,0.942331,0.0476885,1.11,0.147342,6003.96,4.53498,0.085319,1.32651,0.314236,1.03956878,DWARF,0.00740360143,9.747613e-05,47
HD_56414,300038935,1.79626,0.0527789,2.13,0.318429,8557.0,4.25771,0.0719862,0.367511,0.0668226,15.5854969,DWARF,0.00558790145,0.0147085283,160
HD_56957,22972926,1.77793,0.0756332,1.03,0.130935,5743.0,3.95107,0.0728925,0.18327,0.0360488,3.097992,DWARF,0.00418426376,0.00324743963,310
HD_5891,243146568,10.706,,,,4816.0,,,,,,GIANT,,,
HD_59686_A,247119634,12.2518,,,,4657.54,,,,,,GIANT,,,
HD_60292,71296216,26.9141,,,,4426.0,,,,,,GIANT,,,
HD_60532,456871289,2.63409,0.133814,1.2,0.170814,6216.81,3.67599,0.0892157,0.0656585,0.0160313,9.337388,DWARF,0.000221994342,0.008559099,806
HD_6061,352413427,0.992345,0.0438694,1.09,0.142073,5958.0,4.48217,0.0757701,1.11542,0.229308,1.11794949,DWARF,0.00506185647,0.00480053062,90
HD_62364,271972463,1.44135,0.0597613,1.19,0.161976,6201.51,4.19607,0.0775358,0.397407,0.0804716,2.76837754,DWARF,0.0153179588,0.00373709085,128
HD_63433,130181866,0.902932,0.0547111,1.01,0.128574,5694.11,4.53108,0.085452,1.37201,0.336636,0.772160769,DWARF,0.008431003,0.000442855846,100
HD_63454,278380701,0.775039,0.0491231,0.78,0.0920042,4818.06,4.55152,0.0900398,1.67542,0.42407,0.291628838,DWARF,0.0190234762,0.0206597615,154
HD_63765,340697083,0.839619,0.049206,0.95,0.117355,5439.95,4.56763,0.0834651,1.60501,0.372225,0.5562103,DWARF,0.0150267864,0.00639562774,306
HD_63935,453211454,0.962324,0.0434171,0.98,0.128967,5560.26,4.46265,0.0755676,1.09967,0.230491,0.7974756,DWARF,0.00559003465,0.0034412134,167
HD_64114,36021583,0.907659,0.038691,0.99,0.125772,5602.99,4.51786,0.0731184,1.32394,0.259048,0.7315083,DWARF,0.0008191089,0.00220718817,318
HD_64121,264770836,5.83648,,,,5072.0,,,,,,GIANT,,,
HD_6434,180871947,1.12229,0.0470277,1.04,0.125663,5776.32,4.35489,0.0694415,0.735727,0.142257,1.26331282,DWARF,0.006255514,0.000531484256,40
HD_65216,382625142,0.886644,0.0503166,1.0,0.127103,5623.44,4.54257,0.086855,1.43467,0.34554,0.7082741,DWARF,0.0266530123,0.004319958,215
HD_66141,452867458,19.6924,,,,4328.0,,,,,,GIANT,,,
HD_66428,73238215,1.15753,0.0648995,1.01,0.132401,5669.0,4.31532,0.0845862,0.651208,0.153525,1.24677515,DWARF,0.00478379941,0.00224690861,175
HD_67087,165796397,1.41112,0.0541357,1.26,0.196679,6340.17,4.23931,0.0843216,0.448409,0.0976278,2.898873,DWARF,0.00346421939,0.0168307144,74
HD_6718,408047845,0.993532,0.0403819,1.02,0.127461,5729.74,4.4523,0.0708789,1.04005,0.195076,0.9585134,DWARF,0.00550467335,0.000162912547,33
HD_68402,272546396,1.08129,0.0510954,1.04,0.130751,5807.0,4.38722,0.0776886,0.822639,0.178961,1.197801,DWARF,0.0118217636,0.218217149,194
HD_68988,73312938,1.24672,0.0521005,1.06,0.127479,5866.0,4.27183,0.0684668,0.547013,0.101493,1.65806484,DWARF,0.004761216,0.000142924313,40
HD_69123,146264536,7.81613,,,,4850.0,,,,,,GIANT,,,
HD_70573,455235218,0.96722,0.0503518,1.06,0.139349,5860.0,4.49232,0.0861806,1.17147,0.274188,0.993883,DWARF,0.005301022,0.003915606,118
HD_70642,183356952,1.04833,0.0603869,1.01,0.133446,5673.11,4.40139,0.086083,0.87664,0.20607,1.02560341,DWARF,0.0008998867,0.002473957,625
HD_7199,52121796,0.993471,0.0592362,0.93,0.121653,5371.29,4.41224,0.0878249,0.948458,0.233357,0.7401489,DWARF,0.009491176,0.0015760368,64
HD_72490,20537900,4.92694,,,,4934.0,,,,,,GIANT,,,
HD_72659,121284864,1.45071,0.079206,1.09,0.133977,5943.3,4.15233,0.0813276,0.35701,0.0844556,2.3657527,DWARF,0.003949917,0.0001559905,106
HD_72892,405344271,1.16212,0.0594673,1.01,0.128141,5681.0,4.31189,0.0792604,0.643536,0.140753,1.26733971,DWARF,0.004110403,0.119994819,187
HD_73267,11749208,0.935533,0.0415327,0.93,0.118763,5382.91,4.46443,0.0741344,1.13581,0.226212,0.6620356,DWARF,0.0006927243,0.0226800609,803
HD_73344,175193677,1.22568,0.0643367,1.13,0.150757,6061.77,4.31439,0.0884508,0.613692,0.145717,1.82744622,DWARF,0.0,0.000230977268,56
HD_73526,180661948,1.59973,0.0936282,0.98,0.120569,5540.42,4.0212,0.0842765,0.239379,0.0566107,2.17249274,DWARF,0.000320006628,0.008310412,365
HD_73534,21285884,2.69309,,,,4917.0,,,,,,GIANT,,,
HD_73583,101011575,0.630294,0.0506985,0.75,0.0893632,4695.0,4.71404,0.101558,2.99524,0.902333,0.173909619,DWARF,0.009032228,0.042161487,154
HD_74156,379949822,1.47932,0.0586131,1.1,0.136232,5977.0,4.13933,0.0713411,0.339784,0.0639084,2.51625252,DWARF,0.00363790849,0.00583501952,69
HD_7449,248381971,1.02881,0.053191,1.12,0.14466,6032.6,4.46261,0.0847796,1.02851,0.241755,1.26294553,DWARF,0.006396484,2.0024554e-05,24
HD_74698,308087983,1.32442,0.0542211,1.05,0.13078,5825.4,4.2152,0.0720645,0.451968,0.0889957,1.81992042,DWARF,0.0105258338,0.00656487327,272
HD_75289,181741837,1.30375,0.0681909,1.12,0.144119,6044.3,4.2569,0.0848778,0.505396,0.121718,2.04394627,DWARF,0.0006884104,0.00425988063,286
HD_75302,262587669,0.940904,0.0397814,1.01,0.127876,5697.46,4.4953,0.0698529,1.21251,0.231608,0.840447247,DWARF,0.007497014,0.00107379933,66
HD_75784,46310554,3.40385,,,,4867.0,,,,,,GIANT,,,
HD_75898,302580456,1.65464,0.0639045,1.09,0.142436,5963.0,4.03808,0.0706246,0.240609,0.0457833,3.11862659,DWARF,0.00282447645,0.000428146246,49
HD_76920,302372658,8.30581,,,,4738.0,,,,,,GIANT,,,
HD_77338,37533318,0.964597,0.0462588,0.93,0.120979,5383.11,4.43786,0.077299,1.0362,0.225059,0.703913748,DWARF,0.006488279,0.0007942858,262
HD_77946,39699648,1.32944,0.0616834,1.12,0.143852,6023.0,4.23995,0.081398,0.476666,0.104945,2.09547424,DWARF,0.00308515178,0.00442443369,42
HD_79181,229846907,10.9887,,,,4876.65,,,,,,GIANT,,,
HD_7924,468723402,0.79108,0.054794,0.87,0.106705,5136.0,4.58115,0.0930934,1.75735,0.477895,0.392315269,DWARF,0.0145594086,0.00135738892,186
HD_79498,85998162,1.12871,0.0519347,1.03,0.132101,5748.0,4.34574,0.0736902,0.716294,0.143913,1.2529273,DWARF,0.0049307025,0.0327795781,41
HD_80606,457134360,1.08884,0.0484472,0.97,0.127063,5524.0,4.35091,0.0743469,0.751424,0.152496,0.994566262,DWARF,0.00376511272,0.7756238,38
HD_80653,55315929,1.25505,0.0581457,1.075,0.138058,5910.0,4.27216,0.0781593,0.543786,0.117694,1.73126972,DWARF,0.0,0.006618619,37
HD_80883,386899832,0.814842,0.0534799,0.88,0.10569,5177.91,4.5604,0.0932145,1.62653,0.441124,0.429991454,DWARF,0.00123579719,0.0232226122,1400
HD_80913,309433928,1.6542,0.066,1.11,0.138566,6013.24,4.04621,0.0721028,0.24522,0.0473309,3.22334623,DWARF,0.005743352,0.00516766123,191
HD_81040,414965996,0.916994,0.0379674,1.03,0.120874,5768.92,4.52617,0.0686318,1.33579,0.258467,0.8390841,DWARF,0.0,0.000158352734,26
HD_81688,105438311,10.8706,,,,4799.96,,,,,,GIANT,,,
HD_81817,137603530,91.4039,,,,4245.0,,,,,,GIANT,,,
HD_82886,8915600,4.90284,,,,5104.0,,,,,,GIANT,,,
HD_82943,405485269,1.1826,0.059088,1.08,0.133181,5935.0,4.32582,0.0796891,0.652995,0.147828,1.5633409,DWARF,0.00609717751,0.0007726302,67
HD_8326,11613065,0.786348,0.0582915,0.8,0.0946483,4904.6,4.54993,0.0989129,1.6453,0.466125,0.322357833,DWARF,0.008435966,0.00390925258,28
HD_83443,32820141,1.00468,0.0462663,0.95,0.116927,5429.0,4.41174,0.0755422,0.936793,0.196544,0.790000737,DWARF,0.0007837396,0.008232369,593
HD_8535,41862035,1.27145,0.0603869,1.18,0.173294,6183.34,4.30135,0.0888342,0.574099,0.136579,2.129041,DWARF,0.00537536666,0.000670047244,31
HD_85390,446137194,0.82123,0.0502312,0.87,0.111251,5160.6,4.54866,0.0882346,1.57082,0.404712,0.43094793,DWARF,0.00103549368,0.02159544,1566
HD_8574,18121498,1.41292,0.0720402,1.12,0.149414,6031.0,4.18705,0.0853188,0.397068,0.0946902,2.379511,DWARF,0.004262494,0.001532888,47
HD_86065,101418130,0.780347,0.0425351,0.81,0.0922438,4927.56,4.56198,0.0782577,1.7046,0.372859,0.323442876,DWARF,0.00682305871,0.00320775015,89
HD_86081,62760824,1.63303,0.0710754,1.085,0.13359,5939.0,4.04751,0.0727997,0.249142,0.0509139,2.98907351,DWARF,0.002350131,0.00062389276,55
HD_86226,22221375,1.03399,0.0417488,1.09,0.13291,5940.41,4.44647,0.0702346,0.986014,0.187009,1.19946957,DWARF,0.00643963274,0.002188597,109
HD_86264,348964243,1.67169,0.0678969,1.26,0.184898,6352.22,4.09213,0.0795114,0.269714,0.0552167,4.09928846,DWARF,0.00321066123,0.1116542,83
HD_8673,80535228,1.50225,0.0700326,1.28,0.203612,6389.05,4.19179,0.0889006,0.377557,0.0895732,3.387855,DWARF,0.00426420243,0.0003534177,60
HD_86950,332711151,10.2996,,,,4838.0,,,,,,GIANT,,,
HD_87646,27064335,,,,,5837.0,,,,,,DWARF,,,
HD_87816,138998040,9.61662,,,,4987.0,,,,,,GIANT,,,
HD_87883,407591082,0.800345,0.0432964,0.81,0.0908625,4941.0,4.54,0.0776988,1.57999,0.356921,0.343960375,DWARF,0.0100102844,6.2547083e-06,33
HD_88072,344988456,1.032,0.056392,1.04,0.125926,5785.33,4.42774,0.0830593,0.946227,0.221857,1.07489479,DWARF,0.0063131717,0.0005905824,39
HD_88133,27073220,2.03023,0.120927,0.94,0.117372,5392.0,3.7961,0.0866953,0.112329,0.0276182,3.13895273,DWARF,0.00211878843,8.775101e-05,35
HD_88986,1042868,1.53753,0.0606935,1.05,0.128817,5838.0,4.08561,0.067918,0.28888,0.0525642,2.47399664,DWARF,0.00402248558,1.19103279e-05,26
HD_89307,61125572,1.0924,0.04299,1.09,0.135155,5956.14,4.39873,0.0692331,0.836155,0.155262,1.35305107,DWARF,0.0,0.00355868367,34
HD_89345,350020859,1.78598,0.0933392,0.992,0.125112,5609.0,3.93083,0.0760211,0.174135,0.0373348,2.84438014,DWARF,0.0,9.429683e-05,34
HD_89744,8154501,2.13257,0.101847,1.21,0.173365,6249.16,3.86304,0.086689,0.124759,0.0291834,6.248695,DWARF,0.00267113349,0.0008886477,44
HD_89839,294028147,1.28588,0.0504121,1.24,0.180038,6315.73,4.31309,0.079198,0.583206,0.121702,2.37022042,DWARF,0.000603045453,0.0434139147,2034
HD_90156,193032655,0.896581,0.0383065,1.0,0.121664,5635.0,4.53289,0.0692817,1.3875,0.257354,0.73021245,DWARF,0.009531415,0.0006754747,118
HD_9174,439501096,1.70015,0.0807713,0.99,0.121351,5599.0,3.97273,0.0751527,0.201454,0.041377,2.55922914,DWARF,0.00266334345,0.000122346959,31
HD_92788,169248301,1.14761,0.0667965,1.02,0.12615,5700.0,4.32708,0.0827463,0.674859,0.161934,1.25252306,DWARF,0.00562286563,0.0003851785,39
HD_93083,54237857,0.833098,0.0581934,0.84,0.103012,5037.51,4.52096,0.0931984,1.45275,0.405431,0.40267083,DWARF,0.008913071,0.00161807437,130
HD_93385,106900981,1.18484,0.06108,1.1,0.136213,5971.87,4.33214,0.0818039,0.661331,0.156152,1.608615,DWARF,0.00617618253,0.0150262862,276
HD_93963_A,368435330,1.04904,0.0483141,1.08,0.141807,5922.0,4.42991,0.0776997,0.935511,0.193464,1.21941483,DWARF,0.00386639684,0.0017354372,23
HD_9446,18277196,0.988665,0.0531608,1.04,0.134276,5779.0,4.465,0.0841055,1.07618,0.248714,0.9822095,DWARF,0.005739446,0.00101580366,51
HD_94771,48974071,1.93022,0.0848268,1.0,0.129246,5631.0,3.86685,0.0743501,0.139053,0.0272468,3.37481213,DWARF,0.00288957777,0.03526482,145
HD_94834,138764379,4.57497,,,,4798.0,,,,,,GIANT,,,
HD_94890,158543228,10.9081,,,,4865.78,,,,,,GIANT,,,
HD_95086,399637637,1.48667,0.0485427,1.77,0.289254,7595.0,4.34161,0.0790625,0.538677,0.108226,6.62575865,DWARF,0.0005418987,0.03800876,1278
HD_95089,345078350,5.16032,,,,4918.0,,,,,,GIANT,,,
HD_95127,252794572,26.3609,,,,4807.0,,,,,,GIANT,,,
HD_95544,156103616,1.79605,0.122575,1.01,0.138107,5671.0,3.93375,0.0977141,0.174328,0.0496376,3.00586534,DWARF,0.00355458655,0.008190394,53
HD_95872,52198580,0.934439,0.0581909,0.88,0.107682,5188.0,4.44145,0.0872604,1.07852,0.278935,0.5698978,DWARF,0.00383444829,0.006185215,75
HD_96063,53178442,4.40354,,,,5020.0,,,,,,GIANT,,,
HD_96127,252803484,51.945,,,,4153.13,,,,,,GIANT,,,
HD_96167,286277386,1.93974,0.0829196,1.02,0.133833,5733.0,3.87118,0.0735943,0.139756,0.0279684,3.66191435,DWARF,0.00222962047,0.0008878719,52
HD_96700,23270430,1.14213,0.0486934,1.06,0.129985,5847.0,4.34794,0.0715038,0.711472,0.137533,1.37359571,DWARF,0.00667669764,0.00324070151,104
HD_97037,143046056,1.26356,0.0622613,1.06,0.129132,5874.1,4.26018,0.075408,0.525429,0.111084,1.71259415,DWARF,0.00518000126,0.000165775535,25
HD_97048,454291762,2.36269,0.068593,2.83,0.385119,10889.0,4.14304,0.0676994,0.214568,0.0377714,70.70682,DWARF,0.00230050972,0.00627971347,63
HD_97658,82308728,0.771397,0.0418191,0.86,0.105481,5120.0,4.59801,0.0803181,1.87355,0.430878,0.368408829,DWARF,0.0100237317,0.00306048361,24
HD_98219,437246853,4.03959,,,,4925.0,,,,,,GIANT,,,
HD_98649,437258837,1.01624,0.05201,1.02,0.121382,5701.05,4.43267,0.0759458,0.971877,0.209108,0.9828943,DWARF,0.00626771944,5.805549e-05,67
HD_99109,38158652,0.988154,0.0620553,0.9,0.112107,5251.0,4.40266,0.0870379,0.932757,0.232697,0.6688245,DWARF,0.0,0.0007335205,37
HD_99283,341687229,11.2981,,,,4932.0,,,,,,GIANT,,,
HD_99706,148680230,6.42266,,,,4862.0,,,,,,GIANT,,,
HIP_105854,129649472,9.53754,,,,4748.0,,,,,,GIANT,,,
HIP_107773,406320735,11.6622,,,,4887.0,,,,,,GIANT,,,
HIP_109384,316470945,0.828172,0.0563442,0.9,0.111984,5274.0,4.55607,0.0922668,1.58446,0.424376,0.478075445,DWARF,0.00862694,0.009611626,207
HIP_111909,161173454,4.34309,,,,4867.0,,,,,,GIANT,,,
HIP_113103,121490076,0.757341,0.053799,0.77,0.0903512,4760.0,4.56598,0.0928718,1.77262,0.473136,0.2652805,DWARF,0.00585344667,0.000515577151,44
HIP_114933,9007224,5.39699,,,,4849.0,,,,,,GIANT,,,
HIP_12961,204614039,0.660799,0.0692462,0.62,0.0834144,3986.0,4.59032,0.121367,2.14874,0.800671,0.09930763,DWARF,0.008276468,0.003904351,22
HIP_14810,113810736,1.02639,0.0475125,0.98,0.118376,5544.0,4.40667,0.0726339,0.906341,0.182331,0.8966247,DWARF,0.0,0.000253787235,48
HIP_18606,49952922,4.53717,,,,4933.35,,,,,,GIANT,,,
HIP_19976,7623762,0.772319,0.0666708,0.67,0.0838184,4316.0,4.48855,0.103081,1.4544,0.453099,0.186472312,DWARF,0.00724974927,0.00515089231,45
HIP_21152,452767166,1.59186,0.0612965,1.38,0.220224,6596.11,4.17414,0.0870029,0.342112,0.0757955,4.321689,DWARF,0.003790182,0.00204482535,70
HIP_34222,91842379,0.6186,0.0587035,0.63,0.0834977,4050.0,4.65459,0.112428,2.6614,0.895694,0.09275449,DWARF,0.0,0.0177645031,192
HIP_35173,50992589,0.804658,0.0577086,0.78,0.0916057,4807.0,4.51894,0.0909126,1.49714,0.393128,0.311468035,DWARF,0.0007295877,0.0276738256,560
HIP_39017,26045729,1.51987,0.0574875,1.61,0.2744,7201.0,4.28128,0.0832177,0.45857,0.0987979,5.5960207,DWARF,0.00386859756,0.008849064,215
HIP_41378,366443426,1.30883,0.0701232,1.261,0.194835,6352.33,4.30502,0.0955413,0.562428,0.145183,2.513,DWARF,0.0028681003,0.01134341,71
HIP_4845,24250831,0.647353,0.0705528,0.63,0.0788134,4010.0,4.61513,0.121866,2.3223,0.852115,0.0976233855,DWARF,0.008207312,7.173262e-05,30
HIP_5158,268634769,0.754089,0.0693467,0.78,0.0984744,4813.0,4.57532,0.117445,1.81898,0.627644,0.274918,DWARF,0.00523457024,0.00268368283,26
HIP_54373,410407964,0.564998,0.016704,0.558547,0.0202351,3827.0,4.68103,0.00994651,3.09684,0.162691,0.06169108,DWARF,0.009895662,0.000882474065,56
HIP_54515,62903306,1.64915,0.0496935,1.97,0.306513,8090.0,4.29801,0.0742586,0.439221,0.0819682,10.4956808,DWARF,0.00325217866,0.0004176743,29
HIP_54597,20375215,0.678033,0.0523719,0.78,0.0952671,4799.0,4.66766,0.0993563,2.50232,0.719785,0.219684348,DWARF,0.00737911556,0.0032734035,94
HIP_55507,406781410,0.723643,0.0663316,0.65,0.0788815,4171.0,4.53193,0.10759,1.7153,0.563469,0.142791986,DWARF,0.008125615,3.465714e-06,13
HIP_56640,181152368,4.87479,,,,4873.0,,,,,,GIANT,,,
HIP_57274,5078530,0.7984,0.071407,0.71,0.0870736,4510.0,4.48489,0.106951,1.39507,0.452139,0.2375973,DWARF,0.007943652,3.10893956e-05,20
HIP_5763,408290683,0.750378,0.0676131,0.68,0.0809653,4352.0,4.52002,0.102051,1.60942,0.484268,0.181974456,DWARF,0.00540323136,0.506060839,33
HIP_63242,437310271,10.9018,,,,4793.0,,,,,,GIANT,,,
HIP_65407,165454978,0.937926,0.0517789,0.92,0.112075,5344.0,4.45752,0.0798604,1.11502,0.250054,0.6463942,DWARF,0.00561837,0.192569688,21
HIP_65426,438702139,1.73512,0.0462211,2.3,0.330819,9097.0,4.32114,0.0688156,0.44029,0.076021,18.5757751,DWARF,0.00329165766,0.030933829,943
HIP_65891,68418284,9.53297,,,,5060.0,,,,,,GIANT,,,
HIP_66074,298130822,0.763455,0.0698995,0.66,0.0758805,4245.0,4.49204,0.105956,1.48318,0.484988,0.17051892,DWARF,0.009245658,0.0001456084,39
HIP_67522,166527623,1.33729,0.0659899,1.03,0.133363,5767.0,4.19845,0.0799624,0.430683,0.0938264,1.7821635,DWARF,0.002186031,0.0127658276,321
HIP_67537,166526615,8.31177,,,,5017.0,,,,,,GIANT,,,
HIP_74890,148153804,4.44561,,,,4909.0,,,,,,GIANT,,,
HIP_77900,24133681,,,,,13646.0,,,,,,,,,
HIP_79098_AB,48908494,,,,,12647.0,,,,,,,,0.0026006496,468
HIP_79431,49324530,0.478625,0.0141344,0.476538,0.0202206,3420.0,4.75617,0.00721881,4.34622,0.200782,0.0282351375,DWARF,0.0,0.00313991471,232
HIP_8152,164767175,0.918917,0.0420301,1.037,0.130053,5784.0,4.52729,0.0744537,1.33644,0.274729,0.851452351,DWARF,0.00332893315,2.42789447e-05,26
HIP_8541,231019255,6.93072,,,,4701.0,,,,,,GIANT,,,
HIP_86221,311407476,,,,,,,,,,,DWARF,,,
HIP_8923,24940997,1.32164,0.0636784,1.06,0.13781,5877.0,4.22115,0.0778733,0.459163,0.0972459,1.87734151,DWARF,0.0038892373,0.0009315942,27
HIP_90988,404598466,3.98485,,,,4833.0,,,,,,GIANT,,,
HIP_91258,383675945,0.893171,0.0508291,0.97,0.121503,5519.0,4.52297,0.0826562,1.36134,0.317634,0.6668158,DWARF,0.0243517831,0.0005662794,99
HIP_94235,464646604,1.08958,0.0482412,1.1,0.139862,5985.43,4.40494,0.0755239,0.85039,0.171699,1.37275326,DWARF,0.005528571,0.00288256444,429
HIP_9618,306263608,0.966154,0.0443216,1.0,0.128083,5625.56,4.46798,0.0745542,1.10882,0.227182,0.8422682,DWARF,0.00431818049,0.000620889768,34
HIP_97166,237222864,0.865815,0.0522739,0.86,0.104376,5126.0,4.49772,0.0845762,1.32502,0.314388,0.466293037,DWARF,0.01655032,0.00247925683,100
HIP_97233,251662732,4.92243,,,,4954.0,,,,,,GIANT,,,
HIP_99770,10988057,1.93986,0.0549397,1.9,0.305705,7918.0,4.14128,0.0784445,0.260279,0.0502728,13.3259926,DWARF,0.0003933903,0.0109448554,1968
HN_Peg,301880196,1.01056,0.0541909,1.08,0.140443,5927.14,4.46237,0.0867698,1.0465,0.252483,1.13552654,DWARF,0.008051499,0.00221381825,103
HR_2562,167656187,1.40426,0.0651633,1.38,0.22159,6597.0,4.28305,0.0898804,0.498353,0.119859,3.36492348,DWARF,0.0176708568,0.000382580969,130
HR_5183,379117362,1.51775,0.0794372,1.07,0.133564,5880.94,4.10505,0.0832369,0.306045,0.071191,2.48245144,DWARF,0.00412849,0.00326318829,42
HR_810,166853853,1.16245,0.0598191,1.17,0.161644,6146.14,4.37551,0.088801,0.744842,0.178499,1.73721063,DWARF,0.009199562,3.03586221e-05,29
HR_8799,245368902,1.49338,0.0501382,1.61,0.266663,7204.58,4.29656,0.0782205,0.483413,0.0962138,5.413369,DWARF,0.00436400669,0.03710501,54
HS_Psc,353804063,0.646908,0.061892,0.66,0.0795335,4215.0,4.63593,0.110274,2.4379,0.788459,0.119006276,DWARF,0.00502472371,0.0009601757,48
IC_4651_9122,214416505,11.0019,,,,4740.1,,,,,,GIANT,,,
IRAS_04125+2902,56658270,1.14998,,0.339,,3303.0,3.84689,,0.222909,,0.141811013,DWARF,0.000240111884,0.06366466,92
ISO-Oph_96,175629533,0.730795,,0.41,,3423.0,4.32326,,1.0505,,0.06605625,DWARF,,,
ITG_15_A,150058659,,,,,,,,,,,,,,
K2-10,363573185,0.968923,0.0454372,0.973,0.125076,5533.0,4.4536,0.0747812,1.06966,0.219936,0.792712152,DWARF,0.0,0.00187449076,35
K2-100,307733361,1.21742,0.0636784,1.153,0.168413,6115.49,4.32901,0.0891714,0.639003,0.158218,1.86768651,DWARF,0.0,0.0007199,54
K2-101,175265494,0.800765,0.0508417,0.75,0.0852556,4695.41,4.50612,0.0879697,1.46065,0.381995,0.280801415,DWARF,0.0,0.008658516,57
K2-102,175262071,0.768432,0.059593,0.736,0.0872276,4638.0,4.53373,0.0956918,1.62204,0.467207,0.246166423,DWARF,0.0,0.15331082,50
K2-104,175194958,0.502513,0.0166181,0.500534,0.0215215,3578.0,4.73521,0.0100498,3.9445,0.222046,0.0372864157,DWARF,0.0,0.002835146,65
K2-105,6892385,0.915405,0.0548844,0.941,0.119116,5411.15,4.48843,0.0856328,1.22673,0.2986,0.6472615,DWARF,0.000139797863,0.00340248342,76
K2-108,27635334,1.75896,0.102414,0.964,0.118776,5496.0,3.93163,0.0816434,0.177137,0.0414492,2.54327917,DWARF,0.0,1.07501149,68
K2-11,301609547,0.846644,0.0406583,0.91,0.110771,5313.06,4.54171,0.0749355,1.49947,0.31021,0.5146066,DWARF,0.0,0.00152442814,32
K2-110,287333762,0.71181,0.0458292,0.811,0.096353,4936.0,4.64236,0.0904595,2.24868,0.58387,0.270971656,DWARF,0.0,0.00168667431,59
K2-111,14227229,1.20373,0.0611005,1.1,0.145348,5969.0,4.3184,0.0835354,0.630675,0.139496,1.65713942,DWARF,0.0,0.03942034,114
K2-113,376939759,1.22,,1.0,,5633.39,4.26535,,0.550706,,1.35049915,DWARF,,,
K2-114,366576758,0.875936,,0.81,,4913.0,4.46161,,1.20522,,0.402742028,DWARF,,,
K2-115,7020254,0.85554,0.0416809,1.026,0.120504,5742.0,4.58473,0.0726594,1.63842,0.343573,0.71685,DWARF,0.000411410874,0.00140821247,65
K2-117,458686847,0.514745,0.0154963,0.512437,0.0204314,3689.0,4.72452,0.00883165,3.7572,0.189736,0.0442092977,DWARF,0.0008762791,0.0454040058,50
K2-118,293496724,0.789057,,0.776,,4799.26,4.53371,,1.57956,,0.297583073,DWARF,,,
K2-119,293460551,0.739177,,0.71,,4525.0,4.55183,,1.75798,,0.206379116,DWARF,,,
K2-12,396972464,1.1894,0.0587035,1.01,0.121456,5680.0,4.29173,0.074855,0.600254,0.127139,1.32661676,DWARF,0.0,0.00150735117,26
K2-121,7059054,0.649127,0.0551306,0.74,0.0906058,4664.8,4.68264,0.107112,2.70547,0.882819,0.179757178,DWARF,0.0,0.00475367764,68
K2-122,14635562,0.613895,0.0181043,0.59928,0.0202045,3807.0,4.63951,0.0109753,2.59028,0.142048,0.071320504,DWARF,0.0,0.160755977,68
K2-123,197249801,0.609039,0.01813,0.595401,0.0203018,3856.0,4.64359,0.0110498,2.63557,0.145719,0.073881045,DWARF,0.0,0.022306757,52
K2-124,197221381,0.4094,0.012444,0.402051,0.0204609,3471.0,4.81805,0.00428858,5.85919,0.236093,0.0219184,DWARF,0.0,0.0002758471,54
K2-125,405673618,0.396198,0.0120601,0.387181,0.0204545,3565.0,4.83016,0.0034828,6.22554,0.239544,0.0228432249,DWARF,0.0,0.000632990559,69
K2-126,422349422,0.668695,0.0598366,0.666,0.0860116,4259.0,4.61109,0.107426,2.22736,0.73499,0.132550538,DWARF,0.0,0.0049828263,57
K2-127,187309502,0.980071,,0.84,,5036.0,4.37983,,0.89229,,0.556612551,DWARF,,,
K2-128,677945,0.690278,0.0560502,0.701,0.082698,4470.0,4.60574,0.101819,2.13131,0.6505,0.171384856,DWARF,0.0,0.0378121845,56
K2-13,363479723,0.935842,0.045201,1.0,0.128931,5634.0,4.49566,0.0774933,1.22009,0.258681,0.795000255,DWARF,0.0,0.0212142449,30
K2-130,12181371,0.708232,0.059799,0.686,0.0801925,4387.0,4.57404,0.101366,1.93107,0.595079,0.167384684,DWARF,0.0,0.364680916,922
K2-131,176868951,0.755722,0.0461005,0.864,0.105297,5129.0,4.61786,0.0850693,2.00183,0.490647,0.3560817,DWARF,0.00106169283,0.00133241143,36
K2-132,152852327,3.78864,,,,4933.0,,,,,,GIANT,,,
K2-133,150096001,0.459697,0.0136001,0.456853,0.0202341,3798.0,4.7729,0.00645707,4.70285,0.209234,0.0396148376,DWARF,0.0,0.00507790549,74
K2-136,18310799,0.774501,0.0607236,0.66,0.0792569,4230.58,4.47957,0.093013,1.42062,0.402359,0.17311655,DWARF,0.0,0.00639436,117
K2-137,98720702,0.458504,0.0138686,0.455594,0.0204624,3450.0,4.77396,0.00676177,4.7266,0.216757,0.0268322658,DWARF,0.0,0.00429081451,34
K2-138,4610830,0.857708,0.0493869,0.91,0.112104,5281.0,4.53043,0.0828063,1.44219,0.336501,0.515511036,DWARF,0.0,0.00336405681,33
K2-139,11023038,0.893795,0.0544372,0.882,0.11025,5195.0,4.48106,0.0859327,1.23525,0.301398,0.524219334,DWARF,0.0,1.66030669,1204
K2-14,366683184,0.647979,0.0216866,0.62561,0.0216237,3960.0,4.61125,0.0140638,2.29943,0.151723,0.09302449,DWARF,0.0,3.97811236e-05,45
K2-140,380255458,1.01702,0.0548341,1.018,0.130352,5712.0,4.43116,0.0811454,0.967751,0.217186,0.9919815,DWARF,0.0,0.121957451,53
K2-141,301235044,0.724509,0.0580402,0.7,0.0857046,4477.0,4.56308,0.103535,1.84063,0.566776,0.189990014,DWARF,0.0,0.002793916,37
K2-146,175261852,0.325729,0.00994215,0.306161,0.0203377,3359.0,4.8983,0.00237194,8.85892,0.221942,0.0121687949,DWARF,0.0,0.000230294769,43
K2-147,398275886,0.573146,0.0170155,0.565606,0.020278,3693.0,4.67405,0.0102172,3.00413,0.160072,0.05504812,DWARF,0.000911827432,0.20466359,459
K2-148,423358488,0.673976,0.0679196,0.639,0.0823575,4081.0,4.58628,0.116931,2.08722,0.72288,0.113514066,DWARF,0.0006529342,0.5216817,30
K2-149,429035886,0.593345,0.017646,0.582625,0.0202937,3717.0,4.65684,0.0107061,2.78912,0.151913,0.0605451725,DWARF,0.0,8.325475e-05,23
K2-15,366696612,0.84523,,0.81,,4927.0,4.4926,,1.3414,,0.379293323,DWARF,,,
K2-150,376879419,0.415505,0.0126891,0.408869,0.0205147,3440.0,4.8125,0.00472536,5.69974,0.236235,0.02178116,DWARF,0.0,1.80260038e-08,20
K2-151,376936928,0.458324,0.0136517,0.455403,0.0203028,3659.0,4.77412,0.00650498,4.73018,0.211928,0.03392263,DWARF,0.0,2.88468146,25
K2-152,56754291,0.626352,0.0185853,0.609077,0.0202668,3923.0,4.6291,0.0113243,2.47866,0.138378,0.0837153047,DWARF,0.0,0.00260392064,49
K2-153,397056271,0.535755,0.0161377,0.532262,0.0204376,3800.0,4.70626,0.00948697,3.4612,0.180089,0.05392145,DWARF,0.0,0.000313068973,38
K2-154,175371068,0.647245,0.0191051,0.625058,0.0202128,3929.0,4.61185,0.0115972,2.30523,0.129792,0.089941524,DWARF,0.0,0.102330506,40
K2-155,17307715,0.655766,0.0672839,0.6,0.0822316,3893.47,4.58272,0.123487,2.12767,0.771788,0.08903082,DWARF,0.0,0.02818712,102
K2-156,176868262,0.708428,0.0619899,0.677,0.0791762,4331.0,4.56806,0.0984762,1.90415,0.54521,0.159088522,DWARF,0.0,0.0294351224,38
K2-157,349445372,0.920826,0.0506532,0.93,0.111266,5377.0,4.4782,0.0803789,1.19111,0.2733,0.6385723,DWARF,0.0,0.003552054,40
K2-158,35021200,0.945355,0.0515628,0.944,0.118166,5423.0,4.46185,0.0803764,1.11734,0.250416,0.6963747,DWARF,0.0,0.008625563,49
K2-159,35064295,0.787918,0.0695075,0.966,0.136482,5505.6,4.63008,0.113095,1.97485,0.658269,0.513896465,DWARF,0.0,0.0011663289,51
K2-16,281886199,0.703181,,0.73,,4627.07,4.60726,,2.09952,,0.204199,DWARF,,,
K2-160,349456525,0.903504,0.0478242,1.01,0.122806,5665.0,4.53053,0.0781476,1.3694,0.300719,0.757451534,DWARF,0.0,0.06625773,46
K2-161,349445839,4.23333,,,,4854.99,,,,,,GIANT,,,
K2-162,94892940,0.799236,0.0568342,0.716,0.0790946,4545.32,4.48763,0.0908533,1.40245,0.374089,0.24564217,DWARF,0.0,0.00227061938,37
K2-164,173090902,1.89027,0.0870603,1.092,0.138804,5959.4,3.92324,0.0767375,0.161678,0.0343116,4.06024456,DWARF,0.0,0.0382234454,44
K2-165,149969625,0.837606,0.0416307,0.868,0.101607,5141.67,4.53051,0.0751918,1.47707,0.319064,0.4417648,DWARF,0.0,0.00324579072,29
K2-166,377171980,1.55133,0.0842713,1.12,0.149174,6046.57,4.10588,0.0845058,0.299988,0.0716034,2.89828324,DWARF,0.0,0.00666424353,45
K2-167,69747919,1.47131,0.0695252,1.16,0.157273,6129.0,4.16712,0.0825966,0.364208,0.0812158,2.75206447,DWARF,0.003100268,0.000269916171,38
K2-168,437695245,1.00254,0.0599272,0.908,0.11325,5286.5,4.39395,0.0874628,0.901106,0.223855,0.707251966,DWARF,0.0,0.00105822447,44
K2-169,12770870,0.959568,0.0562311,0.939,0.11912,5401.0,4.44658,0.0826724,1.06277,0.248385,0.705899835,DWARF,0.0,0.11041645,33
K2-17,291090078,0.717101,0.0609196,0.631,0.0799928,4035.85,4.52694,0.10068,1.71115,0.513382,0.122912489,DWARF,0.0,0.004490447,40
K2-170,188509935,1.05906,0.0543844,1.07,0.132169,5886.0,4.41761,0.0786328,0.900789,0.192071,1.2128756,DWARF,0.0,0.02418955,53
K2-171,206241306,2.31392,,,,5153.0,,,,,,GIANT,,,
K2-172,188507501,0.857949,0.0445553,0.977,0.120679,5547.0,4.56104,0.0762822,1.54707,0.332627,0.627841234,DWARF,0.0,0.00319401361,36
K2-174,243014114,0.758892,0.0609448,0.66,0.0826157,4246.81,4.49725,0.0998045,1.5101,0.444746,0.168774053,DWARF,0.0,0.0005364164,49
K2-175,435279748,1.67277,0.0975376,1.081,0.143371,5929.25,4.02502,0.0866173,0.230949,0.0569857,3.11577678,DWARF,0.0,0.008439272,57
K2-176,440724456,1.00795,0.0582412,0.932,0.109486,5377.81,4.4006,0.0787653,0.910114,0.212072,0.7655908,DWARF,0.0,0.0027580373,53
K2-177,114031109,1.66043,0.0962413,1.08,0.134322,5937.94,4.03105,0.0815386,0.235919,0.0550741,3.08801174,DWARF,0.0,0.009059853,64
K2-178,26078330,0.889347,0.0416884,1.068,0.131233,5888.0,4.5685,0.0756414,1.5183,0.30663,0.8564629,DWARF,0.0,0.008948767,67
K2-179,14078624,0.709349,0.0425905,0.848,0.0979742,5071.98,4.66474,0.0828459,2.37583,0.575034,0.3000027,DWARF,0.0,0.0766032,108
K2-18,388804061,0.444516,0.0131784,0.440668,0.020249,3464.0,4.7864,0.00578809,5.01706,0.215771,0.0256319139,DWARF,0.0,0.002238056,29
K2-180,366411016,0.697439,0.0389547,0.93,0.120087,5368.0,4.71954,0.0869785,2.74135,0.65357,0.3638792,DWARF,0.0007721645,0.6844958,85
K2-181,366528389,1.05734,0.0557537,0.983,0.123424,5573.0,4.38219,0.0775397,0.831599,0.178739,0.9715768,DWARF,0.0003835228,0.09199624,55
K2-182,366631954,0.790862,0.0408392,0.878,0.107425,5180.6,4.58536,0.0794653,1.77498,0.395745,0.405897141,DWARF,0.00110839668,0.002873247,61
K2-183,60256211,0.968558,0.0439598,0.95,0.122254,5436.47,4.44354,0.075308,1.04556,0.213347,0.738267362,DWARF,0.0,0.00404311,74
K2-184,21244210,0.767142,0.0478643,0.89,0.113122,5237.31,4.61771,0.0896249,1.97135,0.514163,0.398914,DWARF,0.0,0.000243822753,56
K2-185,337607207,0.890159,0.0436884,1.054,0.138627,5844.0,4.56197,0.0789912,1.4943,0.330863,0.832665443,DWARF,0.0,0.0412971638,65
K2-186,203228393,1.07076,0.0514975,1.03,0.1257,5771.61,4.39152,0.0741297,0.838994,0.173214,1.146221,DWARF,0.0,0.0354820676,32
K2-187,332024125,0.92027,0.0534045,0.93,0.116073,5374.67,4.47872,0.0843224,1.19327,0.280344,0.6366961,DWARF,0.0,0.0019715263,40
K2-188,175236511,1.21722,0.0575779,1.07,0.1433,5906.9,4.29671,0.0783349,0.593304,0.127047,1.625066,DWARF,0.0,0.000742764,49
K2-189,422349881,0.866405,0.0449171,0.956,0.119732,5468.0,4.54308,0.0793725,1.46993,0.32212,0.604575157,DWARF,0.0,0.00368029717,65
K2-19,281885301,0.840476,0.0425352,0.92,0.113896,5322.0,4.5528,0.0768234,1.54957,0.329219,0.5105578,DWARF,0.0,0.0004660377,23
K2-190,392469577,0.980624,0.0459799,0.991,0.131278,5605.6,4.45114,0.0757072,1.05091,0.214811,0.855436563,DWARF,0.0,0.000374449039,47
K2-191,335102224,0.891502,0.0572663,0.832,0.099432,5012.0,4.45795,0.0881858,1.17424,0.295443,0.451838732,DWARF,0.0,0.002825281,58
K2-192,187273811,0.825553,0.0480729,0.874,0.107384,5163.0,4.54609,0.0868947,1.55338,0.39597,0.436307639,DWARF,0.0,0.100765839,58
K2-193,741596,0.982083,0.049206,0.984,0.128231,5576.0,4.44677,0.0797497,1.03884,0.230656,0.8400062,DWARF,0.0,0.0280000158,71
K2-194,706595,1.31129,0.0728015,1.2,0.171468,6212.0,4.28185,0.0912669,0.532216,0.132486,2.30683184,DWARF,0.0,0.08272611,57
K2-195,178941218,0.993569,0.0464322,1.03,0.125018,5750.93,4.45651,0.0722217,1.05013,0.210291,0.9728437,DWARF,0.0,0.007373037,60
K2-196,178954837,1.99607,0.114422,1.12,0.146468,6038.12,3.88693,0.0832337,0.140828,0.0331763,4.771499,DWARF,0.0,0.012142783,45
K2-197,179032688,0.923,0.0478819,0.997,0.122493,5627.0,4.50636,0.0776795,1.26792,0.279258,0.7694948,DWARF,0.0,0.0769388,57
K2-198,135043332,0.781501,0.0447739,0.879,0.108077,5183.84,4.5962,0.0841635,1.84162,0.442708,0.3973385,DWARF,0.0,0.000753217,38
K2-199,2621212,0.701485,0.0550855,0.717,0.0854234,4550.0,4.60155,0.0991428,2.07713,0.608954,0.1900103,DWARF,0.0,0.00577976368,41
K2-200,115072772,0.807647,0.0462186,0.834,0.0977968,5017.84,4.54479,0.0787975,1.58308,0.3625,0.372567326,DWARF,0.0,0.1945738,43
K2-201,125060509,0.882735,0.0511055,0.914,0.116244,5310.0,4.50735,0.0838135,1.32879,0.317607,0.5581271,DWARF,0.0,0.07741676,546
K2-203,333605244,0.762865,0.0474372,0.836,0.10119,5028.0,4.59538,0.0895964,1.88305,0.49765,0.3350978,DWARF,0.0008817334,0.004112392,30
K2-204,248351386,1.2948,0.0705628,1.08,0.141493,5920.0,4.24708,0.0839982,0.497523,0.114449,1.85519087,DWARF,0.000237092609,0.005422333,25
K2-205,344661825,1.25184,0.0636332,1.05,0.128841,5835.44,4.26416,0.0792527,0.535239,0.117905,1.63713145,DWARF,0.0,0.00124027417,30
K2-206,257392778,0.794054,0.0518593,0.85,0.105807,5066.0,4.56779,0.0926455,1.69773,0.456264,0.3741588,DWARF,0.0,0.0503643155,40
K2-207,257571543,0.905814,0.0499498,0.98,0.124829,5544.0,4.51522,0.0800404,1.31859,0.293757,0.698337257,DWARF,0.0,0.00332418852,23
K2-208,399722652,0.856434,0.0447085,0.97,0.121804,5529.0,4.55945,0.0802095,1.54415,0.351447,0.617545247,DWARF,0.00061659835,0.0002385425,21
K2-209,257436461,0.77733,0.0568618,0.75,0.0928504,4689.0,4.53192,0.0938723,1.59678,0.448128,0.2631643,DWARF,0.0,4.58818e-05,29
K2-21,240766850,0.654523,0.0679598,0.63,0.0774111,4047.0,4.60556,0.115875,2.2468,0.794677,0.103532784,DWARF,0.0,0.00253547123,51
K2-210,388801714,0.879743,0.0477688,0.938,0.12208,5399.0,4.52156,0.0824381,1.37764,0.31566,0.5924602,DWARF,0.0,0.0006135971,30
K2-211,399731211,0.804278,0.0558769,0.88,0.111441,5187.94,4.57174,0.0910145,1.69147,0.455605,0.4221693,DWARF,0.0004936021,0.0201374013,33
K2-212,388811663,0.706632,0.0674497,0.649,0.0794256,4147.0,4.55193,0.112208,1.83935,0.617257,0.133050889,DWARF,0.0,0.104266115,27
K2-213,257435562,1.32106,0.070412,1.05,0.132713,5821.0,4.21741,0.0788303,0.455425,0.0997569,1.80523276,DWARF,0.0,5.77643164e-07,30
K2-214,344657681,1.15637,0.0568593,1.13,0.154135,6066.33,4.36495,0.0845678,0.730787,0.170561,1.631513,DWARF,0.0,0.09616527,25
K2-215,376905329,1.02362,0.0553644,1.02,0.132095,5709.0,4.42639,0.0830334,0.951021,0.219341,1.002786,DWARF,0.0,0.000369390415,19
K2-216,418761354,0.71408,0.0549975,0.715,0.083869,4542.0,4.58488,0.0965728,1.96366,0.561346,0.195513561,DWARF,0.0,0.00661918567,21
K2-217,405333767,1.2641,0.0631457,1.11,0.149524,6004.0,4.27983,0.0825875,0.54952,0.125504,1.87075675,DWARF,0.0,0.110673733,30
K2-218,266014458,1.05843,0.0559598,1.02,0.126078,5710.0,4.39734,0.0765077,0.860228,0.182017,1.07291043,DWARF,0.0,0.006532008,22
K2-219,266014079,1.25617,0.0644824,1.02,0.132233,5712.0,4.24857,0.079696,0.514577,0.109967,1.51337826,DWARF,0.0,0.00182286929,35
K2-22,363445338,0.613616,0.0189357,0.599058,0.0206858,3882.0,4.63974,0.0118101,2.59286,0.150759,0.07703892,DWARF,0.0,0.01102307,33
K2-220,266012991,0.998955,0.0495453,1.031,0.128084,5761.0,4.45223,0.0768776,1.03424,0.222516,0.9903263,DWARF,0.0,0.126856744,38
K2-221,257801011,1.03115,0.0562513,1.0,0.124079,5623.0,4.41143,0.082619,0.912086,0.218432,0.9576564,DWARF,0.0,0.09059207,38
K2-222,257774438,1.0623,0.0498995,1.147,0.156625,6101.0,4.44514,0.0824554,0.956798,0.216134,1.40862107,DWARF,0.0,0.0004399116,37
K2-223,98594138,0.983671,0.0483919,1.047,0.132319,5819.0,4.47231,0.0760304,1.10001,0.222975,0.9995125,DWARF,0.001031093,0.0352442525,52
K2-224,32425577,0.804444,0.0405226,1.01,0.127025,5681.0,4.6314,0.0755149,1.94015,0.420652,0.6072745,DWARF,0.0,0.0310677439,42
K2-225,98677125,1.83255,0.109347,0.96,0.125428,5470.61,3.89423,0.0885419,0.155992,0.0397282,2.70987988,DWARF,0.000340309372,0.158875242,43
K2-226,176938958,0.903968,0.0537085,0.903,0.111559,5268.0,4.48145,0.0836224,1.22244,0.294006,0.567001164,DWARF,0.000691679,0.00439070072,33
K2-227,156599123,0.934176,0.0490679,0.962,0.122107,5491.47,4.48039,0.0824629,1.18002,0.271388,0.715000868,DWARF,0.0,0.173245117,58
K2-228,98751904,0.612988,0.0490452,0.711,0.087042,4522.69,4.71503,0.0974647,3.08684,0.90226,0.141640037,DWARF,0.0,3.80037284,56
K2-229,98720809,0.788105,0.0522362,0.888,0.109702,5214.47,4.59331,0.0928335,1.8141,0.486342,0.4137169,DWARF,0.0,0.0205158982,35
K2-230,288527728,1.34632,0.070711,1.12,0.151096,6047.0,4.22899,0.0863874,0.458961,0.107742,2.183482,DWARF,0.0,0.00728009362,39
K2-231,130538732,1.03732,0.0579095,0.959,0.122467,5478.0,4.38806,0.0819681,0.859173,0.197059,0.872987866,DWARF,0.000389529625,0.439155459,1259
K2-232,68577662,1.21567,0.0560176,1.1,0.145955,5981.0,4.30983,0.0812175,0.612274,0.137322,1.70380914,DWARF,0.0,0.00176239619,153
K2-233,428820090,0.742274,0.0513442,0.78,0.0894525,4814.0,4.58903,0.091217,1.90723,0.514316,0.266592115,DWARF,0.0,0.00499741,154
K2-237,16288184,1.27146,0.0635578,1.198,0.180418,6218.0,4.30792,0.0867841,0.582844,0.138694,2.17721081,DWARF,4.219866e-05,3.921848,4999
K2-238,404243877,,,,,,,,,,,,,,
K2-239,374339566,0.255676,0.00770173,0.22703,0.02014,3435.0,4.97877,0.0124557,13.5836,0.0351033,0.008199391,DWARF,0.0,0.789307833,34
K2-240,432247315,0.567244,0.0171043,0.560504,0.0204451,3823.0,4.67911,0.0103503,3.07092,0.166011,0.0619229637,DWARF,0.0,0.00496453559,116
K2-241,152805642,0.738091,0.0434171,0.887,0.103811,5211.0,4.64977,0.0806397,2.20594,0.515272,0.361908376,DWARF,0.0,0.0117949853,43
K2-242,152701771,0.362047,0.0110422,0.348113,0.0204094,3388.0,4.86226,0.00100828,7.33543,0.24079,0.0155595923,DWARF,0.000447458966,0.004239617,46
K2-243,96199085,1.61848,0.0791834,1.06,0.129096,5864.8,4.04516,0.0743211,0.250023,0.0538673,2.79206061,DWARF,0.0,0.457966566,49
K2-244,56814628,0.885565,0.0436885,1.042,0.126843,5801.0,4.56149,0.0744694,1.5004,0.316305,0.80010426,DWARF,0.0,0.00313685671,48
K2-246,56721373,0.933562,,0.97,,5508.98,4.48455,,1.19218,,0.723212361,DWARF,,,
K2-247,110999033,0.762148,,0.64,,4093.0,4.48017,,1.44564,,0.14687261,DWARF,,,
K2-248,176869982,0.904915,0.0478241,0.96,0.126989,5500.0,4.50712,0.0821759,1.29553,0.30222,0.6750884,DWARF,0.0003798569,0.01581076,48
K2-249,176910179,1.63299,0.10044,0.98,0.130007,5576.0,4.00333,0.0869861,0.225048,0.0582483,2.32248259,DWARF,0.00021368952,0.009025683,47
K2-25,434226736,0.290216,0.00869257,0.265494,0.0201666,3204.0,4.93668,0.00702832,10.8615,0.14942,0.007996638,DWARF,0.0016109132,0.00184541929,60
K2-250,98591691,0.847848,,0.82,,4968.0,4.49525,,1.34543,,0.394509345,DWARF,,,
K2-251,156584871,0.494475,0.0150084,0.492569,0.0205171,3634.0,4.74225,0.00827143,4.07412,0.201476,0.0384169668,DWARF,0.0,0.00504398765,56
K2-252,152868838,0.832179,0.053196,0.834,0.0998961,5020.0,4.5188,0.0903632,1.44716,0.381339,0.396226436,DWARF,0.0005580201,0.0443425179,41
K2-253,98669309,1.08492,,0.92,,5318.0,4.33106,,0.720438,,0.8481686,DWARF,,,
K2-254,147683165,0.710629,,0.69,,4409.0,4.57363,,1.92274,,0.171925917,DWARF,,,
K2-257,130640162,0.502267,0.0149097,0.500292,0.020279,3678.0,4.73542,0.00817799,3.94839,0.191763,0.0415921062,DWARF,0.0,0.00283964677,44
K2-258,130634730,1.36898,0.0767713,1.03,0.130671,5770.01,4.17811,0.0812889,0.401465,0.0945448,1.87151849,DWARF,0.0,0.02855302,45
K2-259,377259959,1.15123,0.0549572,1.09,0.136583,5962.19,4.35317,0.0740554,0.714404,0.147678,1.50882757,DWARF,0.0,0.180486232,39
K2-260,293612446,1.77367,0.0927738,1.32,0.204914,6475.0,4.0609,0.090511,0.236568,0.0579304,4.981947,DWARF,0.000171822627,0.5805983,169
K2-263,21276520,0.878652,0.0415804,0.929,0.11397,5363.73,4.51845,0.0764353,1.36951,0.290826,0.5756999,DWARF,0.0,0.0131603181,49
K2-264,184914317,0.468786,0.0144181,0.466377,0.0206484,3484.0,4.76486,0.00748241,4.52703,0.217453,0.0291713532,DWARF,0.0,0.00122919912,58
K2-265,146364192,0.930331,0.0486935,0.94,0.116074,5394.0,4.47392,0.080377,1.16739,0.265215,0.660105169,DWARF,0.0014997049,0.000363281782,34
K2-266,374180079,0.733789,0.0625578,0.68,0.0810144,4362.0,4.53943,0.0982321,1.72106,0.51267,0.1756224,DWARF,0.00183394982,0.122763425,20
K2-268,444037742,0.801255,0.0509925,0.839,0.102508,5035.99,4.55429,0.0871038,1.63098,0.41136,0.37202847,DWARF,0.0,0.004324423,58
K2-269,21339280,1.49612,0.0980954,1.18,0.165966,6177.44,4.16002,0.0941132,0.352359,0.0910243,2.93670058,DWARF,0.0,0.009156168,56
K2-27,363548415,0.89254,0.0574749,0.89,0.109648,5231.0,4.4862,0.0865741,1.25172,0.313668,0.537389636,DWARF,0.0,1.16525865,45
K2-270,293375721,0.826001,0.0560352,0.754,0.0899992,4712.91,4.48148,0.0909904,1.33792,0.363928,0.303258449,DWARF,0.0,0.05092915,51
K2-271,60286662,1.02304,,0.98,,5545.28,4.4095,,0.915256,,0.8916154,DWARF,,,
K2-272,46259692,0.817851,,0.93,,5363.56,4.5812,,1.70004,,0.4987193,DWARF,,,
K2-273,175233369,0.86968,0.0522362,0.843,0.0980212,5051.83,4.48518,0.0842235,1.28159,0.309801,0.443821818,DWARF,0.0,0.0074219075,60
K2-274,195193560,0.734473,0.0430955,0.84,0.0986999,5024.37,4.6304,0.081834,2.12008,0.489185,0.309722275,DWARF,0.0,0.1549775,53
K2-275,332022997,0.735345,0.0434171,0.772,0.0891363,4783.55,4.5927,0.0822183,1.94153,0.456001,0.2550814,DWARF,0.0,0.0930974,54
K2-276,14570090,0.890703,,0.79,,4843.0,4.43623,,1.11796,,0.393204659,DWARF,,,
K2-277,404421005,0.975383,0.049706,1.008,0.130452,5673.0,4.46318,0.0785692,1.08626,0.236366,0.8877621,DWARF,0.00233161,0.02129315,67
K2-278,422334505,1.70729,0.0896233,0.98,0.127734,5557.0,3.96468,0.0793539,0.196925,0.0432821,2.5042243,DWARF,0.0,0.103849508,62
K2-279,709015,0.894218,0.0409924,0.945,0.114495,5425.98,4.51061,0.0763023,1.32161,0.271879,0.6244447,DWARF,0.0,0.00277189538,49
K2-28,39926974,0.341024,0.0103601,0.323833,0.0203379,3236.0,4.88282,0.00091591,8.16519,0.230804,0.0114894342,DWARF,0.0,0.00359212654,49
K2-280,119605900,1.31021,0.0693216,0.979,0.124888,5556.0,4.19417,0.0817792,0.435275,0.09806,1.47374761,DWARF,0.0,0.123306639,699
K2-281,380884458,0.85572,,0.71,,4498.13,4.42466,,1.13309,,0.270076156,DWARF,,,
K2-282,266030192,0.966996,,0.92,,5317.0,4.43101,,1.01745,,0.6733033,DWARF,,,
K2-283,266017624,0.847389,,0.8,,4891.0,4.48499,,1.31475,,0.370212078,DWARF,,,
K2-284,5882269,0.648172,0.0606232,0.637,0.0816038,4072.0,4.61883,0.109382,2.3392,0.774463,0.104065493,DWARF,0.0,0.0343897119,221
K2-285,262715204,0.772222,0.0501307,0.868,0.108059,5144.54,4.6011,0.0915062,1.88492,0.490566,0.3763269,DWARF,0.0,0.0222281087,43
K2-286,297373047,0.638427,0.0649347,0.63,0.0787736,4027.0,4.62719,0.115558,2.42107,0.82638,0.09657036,DWARF,0.0,0.0154278027,150
K2-287,73848324,1.01545,0.0830879,1.018,0.127768,5709.5,4.4325,0.0947624,0.972245,0.286869,0.9871921,DWARF,0.0,0.01606388,208
K2-289,413753029,1.23265,0.0961531,0.719,0.133806,4558.0,4.11312,0.126379,0.383893,0.147866,0.5908416,DWARF,0.00020984259,0.054684557,246
K2-29,56399553,0.817114,0.0678241,0.935,0.120793,5387.06,4.58431,0.106817,1.71381,0.558825,0.5066022,DWARF,0.0,0.2508571,96
K2-290,70803960,1.54437,0.0729648,1.19,0.165872,6207.0,4.13611,0.083216,0.323068,0.0728292,3.189507,DWARF,0.0,0.114272334,185
K2-291,27039476,0.916944,0.0469925,0.97,0.123457,5509.0,4.50015,0.0799239,1.25818,0.282391,0.697704,DWARF,0.0,0.00384373125,189
K2-293,49679172,0.928974,0.0513166,0.96,0.123593,5483.0,4.48433,0.0815651,1.19746,0.27608,0.7027072,DWARF,0.0,0.00114824728,22
K2-294,49709169,1.16458,0.0636683,1.0,0.124903,5652.0,4.30573,0.0806995,0.633126,0.143065,1.24693334,DWARF,0.0,0.0422179438,43
K2-3,173103335,0.550856,0.0164328,0.546024,0.0203319,3920.0,4.6932,0.00973992,3.26661,0.170924,0.06455281,DWARF,0.0,0.00261906371,40
K2-30,26017005,1.06395,0.0588618,0.883,0.106699,5198.0,4.33019,0.0829111,0.733162,0.172183,0.744526863,DWARF,0.0,0.7149484,64
K2-308,411697517,,,,,,,,,,,DWARF,,,
K2-31,50171060,1.02904,0.0567136,0.922,0.113703,5340.0,4.37794,0.0786401,0.846128,0.186546,0.7757518,DWARF,0.0,0.00161029631,82
K2-315,70298662,0.205783,0.00628591,0.174742,0.0201032,3208.0,5.05365,0.0236452,20.0525,0.476571,0.004040649,DWARF,0.0,0.00190614909,132
K2-316,73943566,0.352931,0.0108818,0.337593,0.020474,3389.0,4.87108,0.000418379,7.67934,0.244187,0.01480337,DWARF,0.0,0.0688689351,191
K2-317,70412892,0.339843,0.0119571,0.322467,0.0214979,3373.0,4.884,0.00157711,8.21581,0.318983,0.0134684229,DWARF,0.0,0.0487371236,149
K2-318,335322931,0.557349,0.0167877,0.551817,0.020435,3707.0,4.68761,0.0100801,3.18723,0.170203,0.0528493337,DWARF,0.0,0.0265132934,157
K2-319,301540319,0.925033,0.0518593,0.91,0.114534,5296.0,4.46479,0.0843092,1.14966,0.272552,0.606459,DWARF,0.0,0.121180244,48
K2-32,437444661,0.851795,0.0481256,0.904,0.114729,5274.0,4.53357,0.0814499,1.46273,0.33114,0.5057374,DWARF,0.0,0.0929876044,956
K2-320,281748980,0.274404,0.00858542,0.247708,0.0203342,3242.0,4.95523,0.00854651,11.9886,0.139029,0.00749424053,DWARF,0.0,0.002992346,20
K2-321,277833995,0.590525,0.0175564,0.580289,0.0202907,3650.0,4.65924,0.0106389,2.81793,0.153017,0.0557625666,DWARF,0.00112398481,0.0369478054,36
K2-322,277869696,0.619599,0.0183539,0.603793,0.0202498,3964.0,4.63473,0.0111664,2.53838,0.140658,0.08539859,DWARF,0.0,4.02265644,31
K2-323,392852196,0.536548,0.0160029,0.532995,0.0203308,3645.0,4.70557,0.00933996,3.45062,0.177342,0.0457827635,DWARF,0.0,0.0006321426,26
K2-324,392817207,0.513946,0.0160217,0.511668,0.020821,3649.0,4.72522,0.00940383,3.76908,0.199366,0.0421915166,DWARF,0.0,0.00114419684,30
K2-325,8918021,0.297723,0.00943777,0.274021,0.020482,3254.0,4.92823,0.00497912,10.3836,0.209964,0.008953434,DWARF,0.0,0.0002828382,35
K2-326,422487869,0.677785,,0.62,,4000.0,4.56828,,1.99121,,0.105954245,DWARF,,,
K2-329,301258470,0.843307,0.0471155,0.905,0.107588,5278.0,4.54274,0.0788551,1.50901,0.333333,0.497214377,DWARF,0.0,0.0129168,38
K2-33,49040478,0.909623,0.0918719,0.349,0.0803151,3318.0,4.06317,0.157072,0.463704,0.280596,0.09034901,DWARF,0.0,0.0209278781,323
K2-330,366484980,1.46908,0.0705025,1.221,0.184102,6266.98,4.19069,0.0903409,0.385105,0.0968736,2.999291,DWARF,0.00172159937,0.001677243,71
K2-331,46296576,1.0616,0.0486734,1.041,0.130617,5797.0,4.4036,0.0778309,0.870106,0.186044,1.14663935,DWARF,0.0,0.004331393,53
K2-332,330621494,0.289676,0.00925932,0.264883,0.0204954,3266.0,4.9373,0.00589758,10.8972,0.200178,0.008601704,DWARF,0.0,0.00145628082,53
K2-333,330690135,1.20174,0.0541709,1.04,0.134105,5790.68,4.29548,0.0744125,0.599245,0.120493,1.46295977,DWARF,0.0,0.0237432159,44
K2-334,330687113,1.50876,0.0786156,1.24,0.18688,6315.68,4.17425,0.0915795,0.361044,0.089311,3.26299429,DWARF,0.0,0.001444012,41
K2-335,21247758,1.33471,0.0718643,1.22,0.184768,6272.0,4.27365,0.090954,0.513096,0.128932,2.483666,DWARF,0.0,0.020218879,58
K2-336,46382728,0.797924,0.0531835,0.91,0.113213,5296.77,4.59319,0.0928579,1.79126,0.468758,0.4515041,DWARF,0.0,0.001997771,58
K2-337,20484888,1.25863,0.0659925,1.08,0.137865,5940.0,4.27169,0.0814292,0.541663,0.125076,1.77679431,DWARF,0.0,0.0404512435,69
K2-338,186814470,0.626953,0.0509095,0.708,0.0817851,4504.0,4.69363,0.0992746,2.87295,0.843224,0.145733252,DWARF,0.0,0.011778174,82
K2-339,175241633,0.718666,,0.75,,4678.76,4.60008,,2.0206,,0.222982883,DWARF,,,
K2-34,178217113,1.4022,0.0757613,1.162,0.160956,6135.47,4.20966,0.0901896,0.421483,0.103191,2.5101707,DWARF,0.0,0.00117399043,42
K2-340,178246831,1.11294,,0.96,,5464.0,4.32739,,0.696386,,0.9946834,DWARF,,,
K2-341,175290685,1.12225,0.0500503,1.058,0.131132,5857.31,4.36238,0.0731144,0.748552,0.149086,1.33555984,DWARF,0.0,0.007984267,70
K2-342,197215129,1.06723,0.0585729,1.07,0.138784,5893.31,4.41094,0.0825742,0.880267,0.202904,1.237784,DWARF,0.0,0.115176827,43
K2-343,197246627,0.482593,0.0145794,0.480591,0.0204622,3630.0,4.75268,0.00774633,4.27595,0.205661,0.03643202,DWARF,0.0,4.17525625e-05,37
K2-344,203289099,0.560982,0.0168604,0.555026,0.0204108,3807.0,4.68448,0.0101353,3.14388,0.168082,0.0595558025,DWARF,0.0,0.033842735,45
K2-345,238608004,0.539401,0.0161212,0.535622,0.0203529,3675.0,4.7031,0.00945691,3.4129,0.176537,0.0478131734,DWARF,0.0,0.0009956339,36
K2-346,14570099,0.709927,0.0543568,0.746,0.0860493,4678.0,4.60838,0.096305,2.08496,0.591268,0.217452034,DWARF,0.0,0.00255134515,49
K2-347,14603874,0.617099,,0.687,,4391.0,4.69431,,2.92343,,0.127543479,DWARF,,,
K2-348,117275513,0.867997,0.0576507,0.816,0.0935,4954.0,4.47272,0.0878817,1.24777,0.315891,0.408841759,DWARF,0.0006262877,0.139998764,56
K2-349,347812320,0.786068,,0.9,,5274.0,4.60139,,1.85294,,0.43070066,DWARF,,,
K2-35,363478257,0.779092,,0.68,,4323.44,4.4874,,1.43794,,0.191069,DWARF,,,
K2-350,294319820,0.977396,0.0477336,1.04,0.12798,5799.0,4.47496,0.0764076,1.11384,0.239678,0.9733029,DWARF,0.0,0.00849118549,64
K2-351,187273748,1.03974,,1.03,,5739.0,4.41706,,0.916354,,1.05654752,DWARF,,,
K2-352,86130229,0.934695,0.0416558,1.03,0.125901,5756.75,4.50956,0.0703347,1.26133,0.246398,0.8644584,DWARF,0.0,0.01010974,37
K2-353,115010361,1.01578,0.047598,0.96,0.126936,5480.81,4.40674,0.0779727,0.915944,0.194032,0.838832259,DWARF,0.00054174196,0.0367711224,43
K2-354,468989066,0.421881,0.0127677,0.415947,0.0204347,3510.0,4.80673,0.00494152,5.53947,0.230831,0.0243390221,DWARF,0.000801496557,0.000475809327,66
K2-355,186853124,0.940689,,0.98,,5571.1,4.4824,,1.1773,,0.7679813,DWARF,,,
K2-356,20536788,0.831903,0.0490679,0.96,0.128443,5499.87,4.58019,0.0884986,1.66745,0.416584,0.570492864,DWARF,0.0,0.0466563627,66
K2-357,293459761,0.962924,,1.01,,5664.0,4.4752,,1.13121,,0.859749556,DWARF,,,
K2-358,197241396,0.904376,,0.97,,5531.16,4.51214,,1.31137,,0.689695537,DWARF,,,
K2-36,363445121,0.75412,0.0454874,0.769,0.0897385,4772.39,4.56911,0.0824443,1.7931,0.428493,0.2657784,DWARF,0.0,0.7407928,23
K2-366,49512708,0.894807,0.0505553,1.023,0.140833,5732.0,4.54449,0.0865835,1.42787,0.333607,0.7787135,DWARF,0.0,0.0545353964,263
K2-367,12821302,0.626036,0.0529397,0.699,0.0837623,4462.0,4.68935,0.101863,2.84892,0.882745,0.139962375,DWARF,0.0,0.009940774,36
K2-368,38136597,0.670603,0.0496885,0.76,0.0867862,4730.0,4.66595,0.0948847,2.52009,0.695702,0.202801287,DWARF,0.0,0.07482401,50
K2-369,49984349,0.869566,0.0464321,1.034,0.129214,5773.0,4.57398,0.0807694,1.57258,0.35634,0.75666976,DWARF,0.0,0.0245731957,51
K2-37,68504570,0.858018,0.0560804,0.809,0.0951622,4927.0,4.47902,0.0873773,1.28073,0.323985,0.390856951,DWARF,0.0,0.0394544676,465
K2-370,456945304,0.997389,0.0544372,0.931,0.118434,5372.0,4.40929,0.0856318,0.93833,0.226343,0.7463942,DWARF,0.0,0.0206474215,101
K2-371,366622912,0.74956,,0.82,,4952.0,4.60227,,1.94713,,0.304389417,DWARF,,,
K2-372,333800257,0.957455,0.0574824,0.96,0.120253,5500.23,4.4581,0.0868059,1.09374,0.269765,0.755883753,DWARF,0.0,0.000358569727,50
K2-373,27626711,1.53229,0.0807438,1.099,0.141898,5980.67,4.10838,0.0852198,0.305474,0.0732139,2.7063005,DWARF,0.0009312425,0.00754412,92
K2-374,321285788,0.929164,0.0528995,1.04,0.129157,5786.59,4.51892,0.0821158,1.29645,0.305075,0.8721084,DWARF,0.0,0.0011258981,42
K2-375,175290532,1.54893,0.0856129,1.05,0.132772,5826.08,4.0792,0.0829308,0.282552,0.0651812,2.49035645,DWARF,0.0,0.00496721454,41
K2-376,117414377,1.13382,0.0519397,1.124,0.144817,6044.0,4.37975,0.0775992,0.771151,0.164372,1.54552817,DWARF,0.00158279459,0.107353367,50
K2-377,422325510,0.697984,0.0634045,0.674,0.0820161,4314.0,4.57904,0.11136,1.98209,0.654187,0.152022108,DWARF,0.0,0.007865133,53
K2-378,741119,0.736421,,0.79,,4854.0,4.60144,,1.9781,,0.2712352,DWARF,,,
K2-379,90090343,0.782239,0.0647236,0.714,0.0858065,4534.0,4.50509,0.101685,1.49169,0.454508,0.232970029,DWARF,0.0,0.4933802,2199
K2-38,12666215,1.16368,0.0552437,1.01,0.122111,5679.0,4.31072,0.0710862,0.640944,0.125212,1.26896548,DWARF,0.0,0.008507463,370
K2-380,90605642,1.35386,0.0700326,0.98,0.122129,5572.0,4.16615,0.0769671,0.394915,0.0859071,1.59179533,DWARF,0.0,0.203034639,2039
K2-381,10195089,0.679607,0.049598,0.722,0.0828763,4575.0,4.63209,0.0936939,2.30019,0.649665,0.18229486,DWARF,0.0,0.225141838,1230
K2-382,187960878,0.831219,0.0453266,0.936,0.119833,5390.0,4.56991,0.0814935,1.62978,0.382461,0.52538836,DWARF,0.0,0.6245878,1359
K2-383,31244979,0.851025,0.055711,0.823,0.100538,4979.0,4.49358,0.0898858,1.33528,0.358548,0.401003063,DWARF,0.0,0.8074445,4244
K2-384,399702475,0.346299,0.0106114,0.329931,0.0204113,3343.0,4.87759,0.000424714,7.94455,0.23834,0.0134940613,DWARF,0.0006739573,0.000422561658,35
K2-386,376879052,0.971543,0.0464397,1.04,0.127981,5791.58,4.48018,0.0755927,1.13409,0.241081,0.9567679,DWARF,0.0,0.00416849228,25
K2-387,376938120,0.582668,0.0182027,0.573712,0.0208325,3706.0,4.66592,0.0113668,2.90022,0.166766,0.05769773,DWARF,0.0,0.0009605763,39
K2-388,49735922,0.933403,0.0525879,0.91,0.114574,5289.0,4.45697,0.0814762,1.11901,0.256765,0.614224732,DWARF,0.000456524576,0.0230095759,37
K2-389,9030096,1.28092,0.0696332,0.94,0.118725,5422.2,4.19615,0.0811689,0.447257,0.103663,1.27774429,DWARF,0.0005541843,0.003212116,22
K2-39,250977648,3.12057,,,,4911.0,,,,,,GIANT,,,
K2-390,9030119,0.978144,0.0529045,0.97,0.120316,5512.0,4.44403,0.0801185,1.03649,0.234351,0.7956776,DWARF,0.000304370158,0.009056405,31
K2-391,9054633,1.80702,0.111912,0.93,0.118462,5379.0,3.89263,0.0878477,0.157615,0.0385155,2.46277332,DWARF,0.0,0.00660945661,42
K2-392,8963531,1.04978,0.0571708,1.04,0.132493,5791.0,4.4129,0.0799835,0.898947,0.198702,1.11662793,DWARF,0.0,0.0167094339,34
K2-393,279046938,1.06653,0.0532186,1.02,0.130886,5729.0,4.39072,0.0781001,0.840778,0.180806,1.103966,DWARF,0.0,0.04587843,29
K2-394,436575927,0.703993,0.0622764,0.66,0.0806281,4197.0,4.56248,0.10892,1.89164,0.594089,0.138543725,DWARF,0.0,0.01144687,90
K2-395,245946724,0.868521,,0.798,,4884.0,4.46251,,1.21804,,0.386685252,DWARF,,,
K2-396,59088823,0.96272,0.060309,0.871,0.151463,5153.0,4.41109,0.110531,0.976155,0.327253,0.5887554,DWARF,0.0,1.05571187,132
K2-397,6139066,0.965113,0.0517688,0.94,0.116395,5405.0,4.44204,0.0812666,1.04567,0.237524,0.716199,DWARF,0.0,0.238120541,226
K2-398,281660552,1.27074,0.0605276,1.09,0.137173,5945.82,4.26738,0.0748046,0.531197,0.108743,1.81825769,DWARF,0.0,0.000663099636,29
K2-4,49462779,0.684348,,0.64,,4120.0,4.57369,,1.99686,,0.121573225,DWARF,,,
K2-400,345034874,0.382767,0.011586,0.371903,0.0203836,3411.0,4.84263,0.00247232,6.63172,0.238571,0.0178686,DWARF,0.0012433657,0.0136743756,39
K2-401,345063080,0.67987,0.058593,0.676,0.0832795,4328.0,4.60316,0.102921,2.15114,0.653464,0.146115318,DWARF,0.000477248832,0.07527379,36
K2-402,393548451,1.245,0.0725126,1.05,0.127422,5836.0,4.26892,0.0801494,0.544098,0.125084,1.61993372,DWARF,0.0,0.000151681554,22
K2-403,365007485,0.914932,0.0506282,0.956,0.114612,5468.0,4.49575,0.0789971,1.24822,0.280688,0.674196959,DWARF,0.0,0.01002071,29
K2-404,61312205,0.553508,0.0164643,0.548399,0.0203007,3802.0,4.69092,0.00976001,3.23389,0.169083,0.0576754473,DWARF,0.0,0.00156892324,29
K2-405,149496868,0.80095,0.0535628,0.79,0.091793,4870.0,4.52848,0.0875392,1.53748,0.409312,0.325103343,DWARF,0.0,0.0007064742,36
K2-406,292202337,0.968886,0.0494145,1.01,0.12877,5666.0,4.46984,0.0776763,1.11046,0.23909,0.8716587,DWARF,0.00336740632,0.0393026434,244
K2-407,422685031,0.951226,0.0469246,0.965,0.120938,5500.15,4.46603,0.078242,1.12118,0.245008,0.7460363,DWARF,0.0,1.29897094,195
K2-408,432247186,0.821397,0.0543568,0.902,0.107312,5265.7,4.56417,0.0882736,1.6276,0.412364,0.4673315,DWARF,0.0,0.0522840954,148
K2-409,432261603,1.27561,0.068201,1.0,0.126826,5644.0,4.22663,0.0795794,0.481777,0.10653,1.48757541,DWARF,0.0,0.08243893,128
K2-411,440701570,1.37489,0.0681282,1.018,0.131085,5711.05,4.16928,0.0737106,0.391692,0.0821073,1.81173265,DWARF,0.0,0.0126456581,67
K2-413,423610130,0.748778,,0.65,,4129.0,4.50227,,1.5483,,0.1468183,DWARF,,,
K2-414,301288279,0.751585,,0.69,,4436.0,4.52496,,1.62523,,0.197068319,DWARF,,,
K2-416,301132473,0.552183,0.016473,0.547214,0.0203321,3689.0,4.69206,0.00977594,3.25019,0.170339,0.0508739427,DWARF,0.0,0.003340306,36
K2-417,49592509,0.576546,0.0170449,0.568518,0.0202336,3795.0,4.67114,0.0102232,2.96649,0.157738,0.0621169,DWARF,0.0,0.00174498954,32
K2-42,82054726,0.735887,,0.73,,4594.0,4.56777,,1.83185,,0.217310682,DWARF,,,
K2-43,443616612,0.563,0.0172668,0.556799,0.0206319,3696.0,4.68275,0.0105474,3.12013,0.17171,0.05328922,DWARF,0.000326012232,0.000226679229,48
K2-44,49427836,1.65787,0.0786683,1.04,0.119714,5795.0,4.016,0.0739128,0.228237,0.0470666,2.79258823,DWARF,0.0,0.0149358241,37
K2-45,38087018,0.766495,,0.68,,4377.0,4.50156,,1.51002,,0.194276035,DWARF,,,
K2-46,49430892,1.40796,0.0667337,1.19,0.170939,6200.0,4.21643,0.0819049,0.426361,0.0940443,2.63901186,DWARF,0.0,0.0120496368,38
K2-47,301603728,0.820662,,0.8,,4896.88,4.51283,,1.44743,,0.348900229,DWARF,,,
K2-48,397022282,0.732293,,0.75,,4710.7,4.58376,,1.90988,,0.237906486,DWARF,,,
K2-49,325335564,0.726658,,0.69,,4396.0,4.55426,,1.79828,,0.177658483,DWARF,,,
K2-5,38064757,0.591321,,0.646,,4125.0,4.70465,,3.12436,,0.09120901,DWARF,,,
K2-50,363444743,0.718013,,0.67,,4292.67,4.55188,,1.81,,0.157713592,DWARF,,,
K2-54,12822545,0.637521,0.0202716,0.617687,0.0210167,3996.0,4.61985,0.0128458,2.38388,0.146568,0.09336533,DWARF,0.0004857941,0.2514404,42
K2-55,437704321,0.737576,0.0686382,0.669,0.082246,4279.0,4.52788,0.109089,1.66727,0.541232,0.164315149,DWARF,0.00058004685,0.00205486128,48
K2-57,146799150,0.690015,,0.696,,4443.0,4.60296,,2.11853,,0.167154089,DWARF,,,
K2-58,437703489,0.836424,0.050804,0.834,0.101742,5020.0,4.51438,0.0893615,1.42524,0.374272,0.400278658,DWARF,0.0,0.0150215086,52
K2-59,188570847,0.658417,,0.81,,4920.0,4.70955,,2.8378,,0.228853256,DWARF,,,
K2-6,446672575,0.916912,0.0590351,1.01,0.129261,5696.0,4.51773,0.0863642,1.3102,0.322913,0.7973143,DWARF,0.0,0.00104877551,31
K2-60,206284139,1.45479,0.0726105,1.0,0.125187,5630.0,4.11247,0.0736592,0.324788,0.0653993,1.91570354,DWARF,0.0,0.07315671,45
K2-61,402314147,1.00125,0.0536683,1.02,0.13026,5718.0,4.44558,0.0771761,1.01618,0.225537,0.96551156,DWARF,0.0,0.00131514878,34
K2-62,434094657,0.695645,0.0499096,0.718,0.0857082,4555.0,4.60942,0.0945878,2.13286,0.579736,0.187682346,DWARF,0.0,0.000912008,47
K2-63,437699592,1.27965,0.0781231,1.06,0.138064,5872.0,4.24919,0.0858292,0.505863,0.12903,1.753965,DWARF,0.0,0.0385677069,46
K2-64,38129680,0.875405,,0.94,,5391.0,4.52678,,1.4012,,0.5831631,DWARF,,,
K2-65,2024141042,,,,,,,,,,,,,,
K2-66,50183101,1.7256,0.11357,1.09,0.133925,5961.0,4.00161,0.0893034,0.212131,0.0551501,3.38729,DWARF,0.0,0.0264847167,54
K2-68,38258419,0.692267,0.0473366,0.773,0.0876746,4788.0,4.6457,0.0850245,2.33001,0.588619,0.226912588,DWARF,0.0,0.0173098911,44
K2-69,39928614,0.526842,0.0160644,0.523949,0.0205724,3643.0,4.714,0.00943215,3.58301,0.187305,0.04404455,DWARF,0.0,0.002269216,52
K2-7,53210555,1.62765,0.0809246,1.04,0.127967,5799.0,4.03198,0.0740554,0.241186,0.0500887,2.69915318,DWARF,0.000157753515,0.00302495318,39
K2-70,250979498,0.792485,0.0487387,0.846,0.102286,5064.0,4.56746,0.0863428,1.6998,0.417198,0.372093469,DWARF,0.0,2.15758586,49
K2-71,402287746,0.474138,0.0145525,0.471923,0.0206296,3497.0,4.76013,0.00767076,4.42748,0.214316,0.0302891284,DWARF,0.0,0.00129980012,47
K2-72,38337202,0.328585,0.00986685,0.309458,0.0202378,3498.0,4.89537,0.0023523,8.72285,0.214617,0.014563622,DWARF,0.0,0.0022825913,44
K2-73,38354061,1.05721,0.0474372,1.061,0.126117,5865.0,4.41546,0.0726641,0.897907,0.181663,1.19148731,DWARF,0.0,0.04443935,57
K2-74,251018878,1.02116,0.0503367,1.11,0.144589,6022.0,4.4652,0.078803,1.04241,0.230095,1.2355094,DWARF,0.0,0.00215757033,42
K2-75,250996363,1.48629,0.0799146,1.06,0.126877,5851.0,4.11917,0.0762701,0.322847,0.0693085,2.33249569,DWARF,0.0,0.007428721,47
K2-77,435339847,0.793476,0.0716306,0.793,0.0975742,4865.6,4.53827,0.10301,1.58735,0.457018,0.317912847,DWARF,0.00101041864,0.00240022154,44
K2-79,435339558,1.33417,0.0797588,0.91,0.130096,5294.0,4.14669,0.0964606,0.383186,0.108473,1.25965476,DWARF,0.00048064,0.0100149168,48
K2-8,38114658,0.771581,,0.77,,4779.0,4.5498,,1.67628,,0.2797731,DWARF,,,
K2-80,242961495,0.868066,0.0508141,0.885,0.128072,5203.0,4.50791,0.0942351,1.35296,0.360422,0.4975253,DWARF,0.000629923,0.0025321492,62
K2-81,59040029,0.756173,,0.772,,4784.0,4.56844,,1.78548,,0.269837022,DWARF,,,
K2-83,242988068,0.562821,0.0166402,0.556642,0.0202357,3848.0,4.6829,0.00989299,3.12223,0.163642,0.0625713542,DWARF,0.0,0.00292061828,72
K2-84,434133930,0.820284,0.0540603,0.897,0.106977,5249.16,4.56293,0.0861892,1.62517,0.39178,0.460238367,DWARF,0.0,0.00215181243,54
K2-85,14160842,0.734112,0.0645829,0.66,0.0804593,4222.0,4.52609,0.105773,1.66823,0.547086,0.1542739,DWARF,0.0,0.00529679051,80
K2-86,25958378,0.830515,0.0436809,0.878,0.104878,5179.39,4.54287,0.0794232,1.53268,0.339759,0.447202057,DWARF,0.0,0.0527590066,52
K2-87,17409453,1.45288,0.0745552,0.99,0.125784,5583.56,4.10924,0.078932,0.322809,0.0745287,1.84841287,DWARF,0.0,0.00424050866,100
K2-88,113979956,0.441001,0.0131908,0.436873,0.0203357,3572.0,4.78954,0.00575786,5.09374,0.220062,0.0285246056,DWARF,0.0,0.000747492362,49
K2-89,440687723,0.535057,0.0158169,0.531616,0.0202359,3677.0,4.70687,0.00914461,3.47055,0.175878,0.0471486561,DWARF,0.0,0.0640151352,61
K2-9,82050863,0.322479,0.00979119,0.302413,0.0202972,3528.0,4.90167,0.00281221,9.01771,0.215321,0.0145148281,DWARF,0.0,0.0008389176,32
K2-90,14111411,0.650887,0.0898243,0.647,0.0824492,4133.13,4.62196,0.140362,2.34633,0.902445,0.111383669,DWARF,0.0,0.0490188934,90
K2-91,56520147,0.361559,0.0108782,0.347552,0.0203018,3326.0,4.86273,0.000743401,7.3533,0.233849,0.01441259,DWARF,0.0,0.00186078565,103
K2-95,195193025,0.414978,0.014146,0.408283,0.0216762,3411.0,4.81298,0.00654154,5.71329,0.281096,0.0210025366,DWARF,0.0,0.00201223767,45
K2-97,366568760,4.70881,,,,4642.56,,,,,,GIANT,,,
K2-98,366410512,1.50696,0.0736281,1.23,0.184813,6283.0,4.17177,0.086253,0.359421,0.0848896,3.1883378,DWARF,0.0002946511,0.0192526523,74
K2-99,176966903,2.73115,0.156985,1.14,0.156927,6073.27,3.62228,0.0903957,0.0559588,0.0138698,9.14273548,DWARF,0.0002688753,0.000216310917,51
KELT-1,432549364,1.46216,0.0728015,1.376,0.226968,6596.04,4.2467,0.0916891,0.440187,0.109415,3.64599037,DWARF,0.00110871927,0.009949904,115
KELT-10,269217040,1.15599,0.0548743,1.07,0.137072,5883.0,4.34154,0.07721,0.692659,0.146978,1.44211483,DWARF,0.00137360825,0.0472681262,459
KELT-11,55092869,2.78715,,,,5326.0,,,,,,GIANT,,,
KELT-12,116242971,2.16279,0.0989498,1.26,0.181075,6350.0,3.86841,0.0829868,0.124545,0.0272564,6.852029,DWARF,0.000900006737,0.0108619416,133
KELT-14,134537478,1.50815,0.0734145,1.06,0.139498,5875.0,4.10648,0.0778793,0.309009,0.0672192,2.44127131,DWARF,0.00140361057,0.0385190062,280
KELT-15,268644785,1.52238,0.0646733,1.33,0.225109,6505.0,4.19687,0.0898597,0.376947,0.0910529,3.73879051,DWARF,0.00133026228,0.0605724,345
KELT-16,236445129,1.41398,0.0637136,1.3,0.208018,6430.0,4.25113,0.0892557,0.459848,0.109542,3.079104,DWARF,5.25599171e-05,0.6443673,885
KELT-17,6893917,1.70169,0.0580402,1.732,0.289663,7511.0,4.21485,0.0825815,0.351483,0.0742561,8.303255,DWARF,0.0,0.005054729,75
KELT-18,293687315,1.90904,0.0786709,1.48,0.258165,6840.0,4.0467,0.089494,0.212725,0.0485765,7.18699837,DWARF,0.001445541,0.008121292,31
KELT-19_A,425206121,1.67335,0.0592864,1.7,0.275479,7440.77,4.22135,0.0780438,0.362821,0.0718957,7.7328105,DWARF,0.00110157288,0.0126643255,227
KELT-20,69679391,1.61744,0.0440276,2.282,0.323624,9032.0,4.37873,0.0655427,0.539301,0.0862606,15.6850863,DWARF,0.0003668004,0.0342456363,3250
KELT-21,203189770,1.71135,0.0575729,2.053,0.307864,8324.0,4.28378,0.0752816,0.409612,0.079114,12.6677752,DWARF,8.91960954e-05,0.109221607,817
KELT-23_A,458478250,0.962706,0.0462588,1.071,0.137689,5898.0,4.50087,0.0770492,1.20035,0.250218,1.01041853,DWARF,0.00650321646,0.0118064182,38
KELT-2_A,97735908,1.87723,0.0864424,1.249,0.195063,6327.0,3.9876,0.0874804,0.188804,0.0452309,5.087689,DWARF,0.000180508912,0.0540545136,249
KELT-3,67666096,1.61079,0.0827788,1.34,0.219363,6518.0,4.1511,0.0905366,0.320621,0.0795472,4.219173,DWARF,0.00142984663,0.0294205211,37
KELT-4_A,165297570,1.61396,0.0645854,1.24,0.185789,6317.0,4.1157,0.0824753,0.294944,0.0647642,3.73702431,DWARF,0.00117780361,0.1130602,24
KELT-6,165987272,1.65137,0.0667387,1.22,0.181405,6266.0,4.08874,0.0783162,0.270911,0.0557074,3.78743148,DWARF,0.00115560135,0.008699512,33
KELT-7,367366318,1.769,0.0727864,1.45,0.248342,6767.92,4.10398,0.087997,0.26193,0.0602693,5.91521168,DWARF,0.0002073377,0.00340010086,329
KELT-8,358516596,1.38951,0.0603015,1.016,0.129725,5703.0,4.15924,0.072739,0.378711,0.076688,1.84005964,DWARF,0.00123557681,0.489744484,1030
KELT-9,16740101,2.28773,0.0585327,2.431,0.326593,9550.0,4.10504,0.0628719,0.203034,0.0311013,39.22106,DWARF,0.00023109754,0.00208311551,256
KIC_10001893,158488181,0.18,0.104,0.47,0.03,31000.0,5.59962,0.544746,80.5899,80.5899,26.9579277,DWARF,,,
KIC_10068024,158840777,,,,,,,,,,,DWARF,,,
KIC_10525077,158489091,1.21526,,0.99,,5618.0,4.26437,,0.551606,,1.32543635,DWARF,,,
KIC_3526061,399793957,6.06347,,,,4770.27,,,,,,GIANT,,,
KIC_3558849,138888805,1.55615,,1.13,,6056.0,4.10704,,0.299864,,2.93454313,DWARF,,,
KIC_5437945,121603086,1.95204,,1.1,,5976.19,3.89848,,0.147885,,4.37896347,DWARF,,,
KIC_5479689,171975725,0.925651,,0.92,,5343.85,4.46896,,1.15997,,0.6295158,DWARF,,,
KIC_7917485,268924604,2.1555,0.0965578,1.65,0.262167,7287.54,3.98845,0.0833671,0.164755,0.0366994,11.8063583,DWARF,1.61811749e-05,0.3620482,1115
KIC_8121913,268484648,2.29925,0.112191,1.05,0.135948,5828.0,3.73609,0.0767431,0.0863839,0.018469,5.49469662,DWARF,2.66911557e-05,0.258009464,935
KIC_9663113,272844987,2.21562,,1.15,,6117.21,3.80778,,0.105734,,6.192951,DWARF,,,
KMT-2016-BLG-1397L,1610113237,,,,,,,,,,,,,,
KMT-2018-BLG-1292L,101742116,,,,,,,,,,,,,,
KMT-2018-BLG-1990L,1448047606,,,,,,,,,,,,,,
KMT-2021-BLG-0912L,1419013002,,,,,,,,,,,,,,
KOBE-1,16917838,0.753377,0.0680277,0.61,0.0785353,3930.47,4.46937,0.107704,1.42657,0.454286,0.122038618,DWARF,0.006274074,0.00105830294,43
KOI-12,169461816,1.49114,0.0669849,1.454,0.245892,6779.23,4.2536,0.0884331,0.438541,0.0988527,4.23109245,DWARF,8.767105e-05,0.3272033,1234
KOI-1257,159647910,,,,,,,,,,,DWARF,,,
KOI-134,271772050,1.80748,,1.17,,6153.94,3.99211,,0.198138,,4.221367,DWARF,,,
KOI-142,122712595,0.95577,0.0605025,0.93,0.117647,5368.85,4.44584,0.0872518,1.06518,0.272842,0.6837955,DWARF,0.000589599949,0.9629928,574
KOI-1599,170647523,1.17992,,1.05,,5833.0,4.31556,,0.6392,,1.45199239,DWARF,,,
KOI-1783,159051209,1.18463,,1.1,,5995.0,4.33229,,0.661675,,1.63311481,DWARF,,,
KOI-217,271354351,0.947475,,0.93,,5381.0,4.45342,,1.0934,,0.678081334,DWARF,,,
KOI-2513,270618386,,,,,5799.62,,,,,,DWARF,,,
KOI-3503,138097784,1.30833,,1.11,,5997.65,4.24995,,0.495643,,1.99551511,DWARF,,,
KOI-351,267667295,1.24773,,1.12,,6031.13,4.29504,,0.576574,,1.85580051,DWARF,,,
KOI-3680,275574174,1.10556,,1.02,,5708.11,4.3595,,0.754833,,1.169042,DWARF,,,
KOI-4777,158427808,0.405161,0.012183,0.397295,0.0203546,3527.0,4.82193,0.00385624,5.97352,0.232785,0.0228861012,DWARF,0.000477074354,0.0589673072,369
KOI-4978,120962288,0.951985,,0.92,,5343.0,4.4446,,1.06635,,0.665419,DWARF,,,
KOI-55,184427882,0.203,0.007,0.496,0.01,27730.0,5.51856,0.028212,59.2917,5.9172,21.9526157,DWARF,0.0,0.485385776,1009
KOI-7368,27010191,0.995767,0.058794,0.782,0.0916142,4823.55,4.33496,0.08317,0.792015,0.188861,0.4835903,DWARF,0.0008388398,0.184957758,417
KOI-7892,123449386,1.25604,,1.15,,6116.46,4.30076,,0.580349,,1.98930275,DWARF,,,
KOI-7913_A,158320130,0.770972,,0.66,,4225.0,4.48353,,1.44022,,0.170639232,DWARF,,,
KOI-94,273231214,1.42864,0.0894347,1.183,0.16666,6184.0,4.20121,0.0908924,0.405715,0.103112,2.689152,DWARF,5.01218929e-05,0.86066705,954
KOI-984,1876717522,,,,,,,,,,,,,,
KPS-1,99834717,0.902915,0.0598643,0.82,0.100709,4974.0,4.44059,0.0931488,1.11397,0.296746,0.449584633,DWARF,0.000743797631,9.497557e-05,39
Kepler-10,377780790,1.08974,0.061206,1.017,0.128175,5706.0,4.37074,0.0854241,0.785872,0.184482,1.13414347,DWARF,0.00266770436,0.0100647239,223
Kepler-100,159654016,1.5582,0.0606306,1.059,0.131297,5859.0,4.07772,0.0680901,0.279916,0.0515441,2.57771134,DWARF,0.00105729955,0.08687251,558
Kepler-1000,158322296,1.81263,0.0777664,1.32,0.198701,6469.13,4.04202,0.0847017,0.22164,0.0498838,5.18436861,DWARF,0.000252887665,0.07439431,284
Kepler-1001,405719252,0.836475,,0.93,,5376.0,4.56164,,1.589,,0.5265477,DWARF,,,
Kepler-1002,275494505,,,,,5907.13,,,,,,DWARF,,,
Kepler-1003,63074840,1.27543,,1.11,,6010.0,4.27208,,0.535,,1.91207731,DWARF,,,
Kepler-1004,28159194,3.55299,,,,4917.72,,,,,,GIANT,,,
Kepler-1005,158215347,1.1847,0.0496935,1.02,0.123349,5733.54,4.29945,0.0693714,0.613448,0.116755,1.3664726,DWARF,0.0005038869,0.042517174,318
Kepler-1006,1880723112,,,,,5673.0,,,,,,,,,
Kepler-1007,272074477,,,,,4549.53,,,,,,GIANT,,,
Kepler-1008,272491981,0.724115,0.042608,0.85,0.106586,5066.94,4.64787,0.0850751,2.2387,0.533088,0.31138134,DWARF,8.99749648e-05,0.173893049,665
Kepler-1009,164411478,0.688629,0.0226757,0.655379,0.0214621,3940.0,4.57859,0.0143847,2.00695,0.132826,0.102955654,DWARF,0.000285989285,0.7336933,243
Kepler-101,48304653,1.736,,0.99,,5580.04,3.95461,,0.18923,,2.63233376,DWARF,,,
Kepler-1010,158989909,0.790287,,0.86,,5123.0,4.577,,1.74238,,0.387580365,DWARF,,,
Kepler-1011,273130565,0.816069,,0.87,,5146.0,4.55413,,1.6008,,0.420753777,DWARF,,,
Kepler-1012,158986490,0.890203,0.0519196,0.96,0.123609,5471.21,4.52136,0.0859391,1.36083,0.33252,0.639743567,DWARF,0.000719509262,0.0864108,329
Kepler-1014,164883912,0.809677,,0.91,,5285.0,4.58049,,1.71438,,0.460784674,DWARF,,,
Kepler-1015,63373862,1.55262,0.0925326,1.28,0.197912,6390.1,4.16315,0.0984658,0.341988,0.0914522,3.62124419,DWARF,0.000356418343,0.196236581,559
Kepler-1016,271164596,1.20599,,1.0,,5643.68,4.27538,,0.570124,,1.32932532,DWARF,,,
Kepler-1017,237188153,0.882559,,0.99,,5599.0,4.54222,,1.44014,,0.6896426,DWARF,,,
Kepler-1018,164555061,1.00628,,0.96,,5488.0,4.4149,,0.942126,,0.827546656,DWARF,,,
Kepler-1019,164556761,0.744516,0.0594472,0.658,0.0798142,4205.32,4.51255,0.0983109,1.59443,0.464056,0.156184763,DWARF,0.0009921575,0.0272575188,215
Kepler-102,123357864,0.732995,0.0426181,0.78,0.0931707,4816.0,4.59996,0.0795555,1.98058,0.457101,0.260400772,DWARF,0.003416568,0.161198676,233
Kepler-1021,271537790,0.856467,,0.91,,5283.0,4.53169,,1.44847,,0.514799356,DWARF,,,
Kepler-1022,159051188,0.676085,,0.67,,4283.0,4.60414,,2.16806,,0.138576373,DWARF,,,
Kepler-1023,299154193,0.961753,,0.9,,5268.0,4.42618,,1.0117,,0.641807,DWARF,,,
Kepler-1024,137349536,0.810164,,0.9,,5242.74,4.57516,,1.69248,,0.446759075,DWARF,,,
Kepler-1025,164727439,1.23222,,1.16,,6134.11,4.32115,,0.620002,,1.93676686,DWARF,,,
Kepler-1026,237192046,0.697921,,0.79,,4844.0,4.64808,,2.32385,,0.241614729,DWARF,,,
Kepler-1027,158552426,1.17894,0.0741507,0.92,0.118388,5348.19,4.25887,0.0881818,0.56145,0.141345,1.02448654,DWARF,0.000575200538,0.154407546,345
Kepler-1028,416265126,0.832631,,0.96,,5494.0,4.57943,,1.66308,,0.56905514,DWARF,,,
Kepler-1029,137409907,0.721069,,0.765,,4757.73,4.60578,,2.04047,,0.2400201,DWARF,,,
Kepler-103,121865656,1.56257,0.0667965,1.07,0.131015,5895.0,4.07977,0.067905,0.280456,0.0522116,2.65649652,DWARF,0.0004670626,0.2586874,479
Kepler-1031,1883020095,,,,,,,,,,,,,,
Kepler-1032,122139228,,,,,4446.0,,,,,,,,,
Kepler-1033,164560648,0.965108,,0.96,,5465.0,4.45119,,1.06793,,0.7485267,DWARF,,,
Kepler-1034,120762990,0.773178,,0.86,,5099.0,4.59601,,1.86063,,0.364077657,DWARF,,,
Kepler-1035,158927791,1.28023,0.0856884,1.03,0.127935,5753.5,4.23633,0.0891126,0.490875,0.124881,1.61808312,DWARF,0.00045006274,0.2722334,388
Kepler-1036,27396869,0.894988,,0.95,,5433.0,4.51216,,1.32517,,0.628763855,DWARF,,,
Kepler-1037,272282253,0.806039,,0.82,,4968.98,4.53917,,1.56584,,0.356841683,DWARF,,,
Kepler-1038,268483792,0.80043,,0.89,,5238.0,4.58081,,1.73548,,0.434514046,DWARF,,,
Kepler-1039,274020852,0.758752,,0.719,,4560.0,4.5346,,1.646,,0.224260747,DWARF,,,
Kepler-104,158553540,1.05316,0.0469548,1.08,0.137825,5921.0,4.4265,0.0742224,0.924578,0.18492,1.22817969,DWARF,0.0007052967,0.455039024,389
Kepler-1040,48217265,0.978509,0.0478819,1.01,0.126611,5689.91,4.46126,0.0756029,1.07802,0.223925,0.9041619,DWARF,0.0006707126,0.04918286,191
Kepler-1041,27007509,1.67005,,1.08,,5919.0,4.02603,,0.231867,,3.0842135,DWARF,,,
Kepler-1042,121734006,,,,,,,,,,,GIANT,,,
Kepler-1043,123358827,0.939367,,1.02,,5710.0,4.501,,1.23054,,0.8451034,DWARF,,,
Kepler-1045,164670756,0.823294,,0.9,,5250.0,4.5612,,1.61279,,0.463919,DWARF,,,
Kepler-1046,272601000,1.15287,,,,6020.67,,,,,,DWARF,0.000472245738,0.08240127,620
Kepler-1047,299029323,1.75095,0.0976735,0.98,0.123324,5566.56,3.94275,0.0809799,0.182561,0.0410301,2.65208483,DWARF,0.000290704,0.1030029,247
Kepler-1048,123408693,1.07998,,0.69,,4388.39,4.21008,,0.547769,,0.38971737,DWARF,,,
Kepler-1049,158489095,0.587443,0.0171219,0.577721,0.020086,3908.0,4.66185,0.010218,2.84984,0.150307,0.07251776,DWARF,0.00106481474,0.06361124,271
Kepler-105,158625964,1.05138,0.049206,1.09,0.136066,5950.98,4.43197,0.0754875,0.937874,0.194564,1.24902177,DWARF,0.0007051248,0.187431723,300
Kepler-1050,48216453,1.03426,0.0570855,1.06,0.137604,5870.68,4.43412,0.0871843,0.95812,0.235529,1.14473677,DWARF,0.000732358661,0.0335159972,186
Kepler-1051,138968338,1.44206,0.088844,1.33,0.214137,6499.3,4.24395,0.105843,0.443505,0.12637,3.34294724,DWARF,2.48046e-05,1.46711826,885
Kepler-1052,271661839,0.964799,,1.02,,5720.0,4.47779,,1.13577,,0.8977448,DWARF,,,
Kepler-1053,137152419,0.612574,0.0505553,0.689,0.0811493,4405.22,4.70197,0.097258,2.99739,0.87385,0.12731576,DWARF,0.00131673075,0.174357176,656
Kepler-1054,159441326,1.46066,,1.07,,5905.0,4.13835,,0.343347,,2.33708644,DWARF,,,
Kepler-1055,159440697,0.8701,0.0403618,1.01,0.126664,5681.94,4.56325,0.0739957,1.53325,0.307002,0.710918546,DWARF,0.000835768937,0.09227507,389
Kepler-1056,268935452,1.17307,,1.13,,6071.7,4.3525,,0.700012,,1.68494,DWARF,,,
Kepler-1058,271164394,,,,,4517.79,,,,,,DWARF,,,
Kepler-1059,121943952,0.776418,,0.79,,4855.0,4.5555,,1.68788,,0.3017467,DWARF,,,
Kepler-106,184997417,1.0568,0.0530276,1.068,0.132272,5888.0,4.41865,0.0758132,0.90488,0.194632,1.2093519,DWARF,6.23423839e-05,0.15984,802
Kepler-1060,120691237,1.11854,,1.01,,5688.0,4.34508,,0.721712,,1.17988014,DWARF,,,
Kepler-1061,27776660,0.981999,0.0469045,1.158,0.161941,6126.0,4.51755,0.0845354,1.22286,0.28712,1.22355866,DWARF,0.0006222845,0.292566121,411
Kepler-1062,120043084,0.780338,,0.69,,4412.0,4.49235,,1.45211,,0.207875222,DWARF,,,
Kepler-1064,137315852,,,,,5079.48,,,,,,DWARF,,,
Kepler-1065,378012771,0.974806,,0.96,,5469.0,4.4425,,1.03637,,0.765883744,DWARF,,,
Kepler-1066,268379849,0.865904,0.0493769,0.98,0.126094,5560.36,4.55435,0.0799392,1.50944,0.342651,0.645723045,DWARF,7.92635255e-05,0.5766874,730
Kepler-1067,351910733,0.942935,,0.95,,5461.0,4.46683,,1.13313,,0.7124377,DWARF,,,
Kepler-1069,417659970,1.65229,0.0932536,0.98,0.120805,5562.56,3.99312,0.0836226,0.217255,0.0519936,2.354859,DWARF,0.000332907424,0.182606384,319
Kepler-107,27988327,1.50416,0.0728392,1.04,0.130852,5805.0,4.10051,0.0765441,0.3056,0.0646401,2.314678,DWARF,0.0004862525,0.419069439,565
Kepler-1070,26814296,1.22077,,1.17,,6154.96,4.33299,,0.643116,,1.92690325,DWARF,,,
Kepler-1072,63072565,1.5108,,1.04,,5794.96,4.09669,,0.301587,,2.31905174,DWARF,,,
Kepler-1073,138568416,0.987612,,1.03,,5774.0,4.46173,,1.06925,,0.9767297,DWARF,,,
Kepler-1074,164724987,0.597575,0.0178758,0.586106,0.0203545,3917.0,4.65326,0.0109022,2.74662,0.151324,0.07573451,DWARF,0.0005101492,0.12155506,238
Kepler-1075,158489841,0.594446,0.0186348,0.583534,0.020867,3945.0,4.65591,0.0117007,2.77798,0.162184,0.07710944,DWARF,0.00037838117,0.33891204,268
Kepler-1076,399955825,0.730658,0.0491969,,,4871.59,,,,,,GIANT,0.00146802422,0.113389373,218
Kepler-1077,159574927,1.03321,,1.02,,5699.38,4.41829,,0.924775,,1.01480162,DWARF,,,
Kepler-1079,1881723331,,,,,,,,,,,,,,
Kepler-108,271164755,,,,,5584.26,,,,,,,,,
Kepler-1080,27847814,2.07388,,1.37,,6578.02,3.94122,,0.153593,,7.25507355,DWARF,,,
Kepler-1081,122066167,0.872681,,0.88,,5180.78,4.50084,,1.32409,,0.49429515,DWARF,,,
Kepler-1082,299218775,1.38567,0.0796055,1.06,0.1392,5875.51,4.18005,0.0870863,0.398405,0.0967799,2.061567,DWARF,0.000389805471,0.06289969,284
Kepler-1083,164458639,0.792249,,0.81,,4939.0,4.54883,,1.62892,,0.336491823,DWARF,,,
Kepler-1084,267749737,1.36943,0.0709146,1.02,0.125021,5704.31,4.17359,0.0789898,0.397172,0.0890417,1.78890824,DWARF,0.000723036937,0.0468955524,308
Kepler-1085,158487108,1.0783,,1.05,,5816.0,4.39378,,0.837469,,1.19859576,DWARF,,,
Kepler-1086,271545939,0.615523,,0.7,,4484.48,4.70468,,3.00169,,0.138048425,DWARF,,,
Kepler-1087,271353794,1.07347,0.0660151,0.9,0.111315,5267.04,4.33073,0.0849043,0.727562,0.177188,0.7989929,DWARF,0.0006512063,0.271254152,541
Kepler-1088,123316231,1.07453,0.0584925,1.06,0.138579,5864.52,4.40093,0.0839227,0.854367,0.201265,1.23045421,DWARF,0.00123730663,0.07881202,250
Kepler-1089,350810654,0.554903,0.017148,0.549644,0.0207187,3672.0,4.68971,0.0104719,3.21685,0.177224,0.0504358746,DWARF,0.000321337953,4.242199,342
Kepler-109,122441003,1.40104,0.0617663,1.09,0.141062,5953.0,4.18259,0.0762533,0.396348,0.0809027,2.22094536,DWARF,0.000528593955,0.253214031,561
Kepler-1090,271885110,1.03475,,0.89,,5217.0,4.35779,,0.803314,,0.7145749,DWARF,,,
Kepler-1091,269262974,1.0543,,1.07,,5885.0,4.42152,,0.913036,,1.20118868,DWARF,,,
Kepler-1092,273378026,1.07928,,1.06,,5871.16,4.3971,,0.843137,,1.2469877,DWARF,,,
Kepler-1093,120420344,1.40659,,1.26,,6343.61,4.2421,,0.452759,,2.88653088,DWARF,,,
Kepler-1094,137549134,1.26973,,1.01,,5675.41,4.23496,,0.493381,,1.50698674,DWARF,,,
Kepler-1095,138096962,0.95249,,0.99,,5606.38,4.47598,,1.14566,,0.8075054,DWARF,,,
Kepler-1096,271255413,0.633312,,0.701,,4471.04,4.68055,,2.75971,,0.144399226,DWARF,,,
Kepler-1097,123316380,0.768703,,0.89,,5216.0,4.61594,,1.95936,,0.3940595,DWARF,,,
Kepler-1098,271763415,1.17018,,1.05,,5839.0,4.32275,,0.655287,,1.43401551,DWARF,,,
Kepler-1099,299033164,0.886589,,1.02,,5724.0,4.55122,,1.46363,,0.7602181,DWARF,,,
Kepler-11,169175503,1.12955,,1.05,,5820.0,4.35344,,0.728564,,1.31886733,DWARF,,,
Kepler-110,26751563,1.25797,0.0698894,1.12,0.146883,6032.33,4.28794,0.0887963,0.562604,0.139195,1.887899,DWARF,0.00053758,0.029249439,376
Kepler-1100,63009789,1.04134,,1.09,,5949.92,4.44031,,0.965271,,1.224402,DWARF,,,
Kepler-1101,271163971,0.764821,,0.94,,5391.5,4.64408,,2.10111,,0.445299923,DWARF,,,
Kepler-1102,47976987,1.15701,,1.05,,5814.0,4.33258,,0.677912,,1.37807274,DWARF,,,
Kepler-1103,399951202,1.64451,,1.14,,6078.0,4.0629,,0.256326,,3.32515526,DWARF,,,
Kepler-1104,27186509,1.44256,0.0648995,1.31,0.214021,6461.83,4.23707,0.0824129,0.436381,0.0984498,3.268793,DWARF,0.000587928749,1.20913172,426
Kepler-1105,123231917,0.663108,,0.64,,4114.0,4.60108,,2.19496,,0.113480374,DWARF,,,
Kepler-1106,159649503,1.093,,1.13,,6050.0,4.41391,,0.865405,,1.44196749,DWARF,,,
Kepler-1108,272083644,0.853701,,0.93,,5385.0,4.54394,,1.49474,,0.5521396,DWARF,,,
Kepler-111,63001143,1.17674,0.0547311,1.09,0.128504,5952.0,4.33413,0.0743328,0.668939,0.140275,1.56569183,DWARF,0.000404382823,0.04195221,440
Kepler-1110,351060274,0.70862,,0.76,,4753.2,4.61805,,2.13586,,0.230922461,DWARF,,,
Kepler-1111,271663670,0.894596,,1.04,,5793.45,4.55185,,1.45262,,0.8122656,DWARF,,,
Kepler-1112,272841734,1.45606,,1.35,,6535.76,4.24204,,0.437312,,3.48530245,DWARF,,,
Kepler-1113,122062725,1.01905,,1.1,,5987.06,4.46307,,1.03946,,1.20209479,DWARF,,,
Kepler-1114,268612417,0.810557,,0.94,,5415.53,4.59363,,1.76513,,0.509126246,DWARF,,,
Kepler-1115,138960099,1.80664,0.0631507,2.22,0.323704,8838.0,4.27068,0.0722424,0.376477,0.0693898,17.9412937,DWARF,3.42647e-05,0.8983282,985
Kepler-1116,63076026,0.943816,,0.95,,5460.0,4.46602,,1.12996,,0.7132472,DWARF,,,
Kepler-1117,26583640,0.889247,,0.93,,5380.52,4.50851,,1.32256,,0.5970852,DWARF,,,
Kepler-1118,239238425,1.10046,,0.92,,5314.0,4.3187,,0.690338,,0.87002486,DWARF,,,
Kepler-1119,272940104,1.63818,,1.09,,5965.0,4.04677,,0.247938,,3.06096721,DWARF,,,
Kepler-112,272943597,0.981539,,0.976,,5544.25,4.4437,,1.03211,,0.8201262,DWARF,,,
Kepler-1120,159573412,0.684974,,0.82,,4971.16,4.68053,,2.55148,,0.258150756,DWARF,,,
Kepler-1121,28230581,1.52934,0.0827186,1.16,0.16262,6134.95,4.13352,0.0905533,0.324299,0.0799495,2.98502183,DWARF,0.000625136832,0.11136359,657
Kepler-1122,158664692,1.19095,,0.96,,5471.0,4.26855,,0.56832,,1.14484572,DWARF,,,
Kepler-1123,27188610,0.849139,,0.91,,5286.88,4.53915,,1.4863,,0.5075161,DWARF,,,
Kepler-1124,120963454,0.521234,0.0163299,0.518645,0.020879,3732.0,4.71887,0.00972843,3.66245,0.197046,0.04748175,DWARF,0.000245943549,0.129156828,443
Kepler-1125,184009076,1.99916,,1.08,,5926.0,3.8698,,0.13517,,4.440558,DWARF,,,
Kepler-1126,352013661,0.927431,,1.01,,5660.7,4.50783,,1.26613,,0.79567945,DWARF,,,
Kepler-1127,275569511,0.872717,,0.92,,5322.45,4.52011,,1.3841,,0.550666153,DWARF,,,
Kepler-1129,137212833,1.03118,,0.99,,5595.1,4.40703,,0.902875,,0.9388532,DWARF,,,
Kepler-113,298834019,0.773456,0.048211,0.754,0.0893966,4711.0,4.53857,0.088104,1.62954,0.412978,0.265471965,DWARF,0.00102270988,0.0206794012,247
Kepler-1130,164882482,0.8707,0.044397,0.919,0.113228,5327.0,4.52165,0.0768263,1.39223,0.295517,0.5499996,DWARF,0.0012370178,0.236838251,264
Kepler-1131,27642556,0.962681,,1.04,,5789.33,4.48814,,1.1657,,0.937934458,DWARF,,,
Kepler-1132,405719448,0.803719,,0.88,,5179.0,4.57234,,1.695,,0.418684036,DWARF,,,
Kepler-1133,275569784,0.908082,,0.93,,5368.26,4.4903,,1.24196,,0.6169915,DWARF,,,
Kepler-1135,158114283,1.78259,,0.98,,5559.78,3.92719,,0.17301,,2.73544884,DWARF,,,
Kepler-1136,164671623,0.631512,,0.7,,4444.0,4.6824,,2.77942,,0.1401372,DWARF,,,
Kepler-1137,399913391,1.76354,0.0746181,1.43,0.237592,6709.77,4.10064,0.0852588,0.260726,0.0598156,5.67928171,DWARF,0.00034466412,0.307865649,263
Kepler-1138,405685914,0.750918,,0.96,,5499.0,4.66915,,2.26722,,0.464530826,DWARF,,,
Kepler-1139,121458495,0.875173,,0.88,,5178.83,4.49836,,1.31281,,0.496374428,DWARF,,,
Kepler-114,27011135,0.696274,,0.742,,4662.41,4.62291,,2.19818,,0.206393838,DWARF,,,
Kepler-1140,123359347,0.752844,,0.78,,4803.0,4.57675,,1.82801,,0.271740943,DWARF,,,
Kepler-1141,159393734,1.1411,0.0548694,1.07,0.134685,5908.0,4.35281,0.0782354,0.720137,0.156362,1.42923129,DWARF,0.0008595188,0.0220537018,345
Kepler-1142,63366291,1.80985,,0.97,,5518.42,3.90955,,0.163622,,2.73678541,DWARF,,,
Kepler-1143,121215172,0.696667,,0.78,,4832.0,4.64411,,2.30684,,0.238370985,DWARF,,,
Kepler-1144,159226202,1.09569,,1.01,,5695.0,4.36302,,0.767825,,1.137738,DWARF,,,
Kepler-1145,271539239,0.747497,,0.83,,5011.0,4.60993,,1.98723,,0.317403525,DWARF,,,
Kepler-1146,158322622,0.741768,,0.73,,4630.0,4.56085,,1.78862,,0.227800757,DWARF,,,
Kepler-1147,137757057,1.35162,,1.01,,5685.03,4.18068,,0.409031,,1.7192378,DWARF,,,
Kepler-1148,159581434,0.741351,,0.81,,4938.0,4.6065,,1.98799,,0.294406,DWARF,,,
Kepler-1149,270857274,1.28305,,0.99,,5604.94,4.21722,,0.468716,,1.463735,DWARF,,,
Kepler-115,273383120,1.17013,0.0638392,1.13,0.155291,6056.56,4.35468,0.0877367,0.705304,0.172073,1.6598419,DWARF,4.114877e-05,0.0422171466,743
Kepler-1150,27913639,0.730283,,0.729,,4604.0,4.57381,,1.87178,,0.215882763,DWARF,,,
Kepler-1151,63204022,0.784985,,0.93,,5350.63,4.61683,,1.92264,,0.455027252,DWARF,,,
Kepler-1152,159382189,0.608109,0.0178138,0.594655,0.0201363,3937.0,4.64437,0.0107397,2.64436,0.14305,0.08004224,DWARF,0.000639063946,0.106047489,421
Kepler-1153,158987296,0.834825,,0.93,,5363.0,4.56336,,1.59844,,0.5194171,DWARF,,,
Kepler-1154,169561256,1.37338,,1.28,,6388.0,4.26969,,0.494121,,2.8296895,DWARF,,,
Kepler-1155,121785676,,,,,,,,,,,DWARF,,,
Kepler-1156,158842046,0.908548,,1.05,,5823.0,4.54256,,1.40006,,0.855023146,DWARF,,,
Kepler-1157,164460347,0.74505,,0.714,,4533.0,4.54739,,1.7264,,0.211158663,DWARF,,,
Kepler-1158,137557778,2.34311,,1.15,,6116.64,3.75918,,0.0893968,,6.92357445,DWARF,,,
Kepler-1159,270955277,1.39378,,1.04,,5805.59,4.16671,,0.384103,,1.98824739,DWARF,,,
Kepler-116,271260980,1.37032,,1.23,,6282.0,4.25433,,0.478008,,2.63471127,DWARF,,,
Kepler-1160,158630233,0.761346,,0.95,,5429.0,4.65263,,2.15267,,0.4536685,DWARF,,,
Kepler-1162,164522726,0.825853,,0.9,,5276.0,4.5585,,1.59784,,0.476123124,DWARF,,,
Kepler-1163,406950324,1.34049,0.0691508,1.219,0.194365,6263.03,4.26954,0.0960245,0.506067,0.13036,2.49093843,DWARF,0.000721925462,0.631861,261
Kepler-1164,121275496,0.778965,,0.883,,5197.0,4.60099,,1.86813,,0.3987875,DWARF,,,
Kepler-1165,158326744,1.73525,,1.11,,6019.0,4.00466,,0.212439,,3.56056166,DWARF,,,
Kepler-1166,406951266,0.853322,,0.94,,5392.42,4.54897,,1.51283,,0.5546966,DWARF,,,
Kepler-1167,273875149,0.778285,,0.78,,4806.0,4.54788,,1.65455,,0.291143417,DWARF,,,
Kepler-1168,158412890,0.743111,,0.81,,4934.58,4.60445,,1.97389,,0.294987023,DWARF,,,
Kepler-1169,271354748,1.26831,0.0575427,1.09,0.137157,5959.63,4.26905,0.0768286,0.534262,0.113631,1.82818449,DWARF,0.00053644873,0.295511961,565
Kepler-117,299032847,1.66271,,1.15,,6100.39,4.05713,,0.250176,,3.449534,DWARF,,,
Kepler-1171,138888759,1.84217,0.0762588,1.54,0.262603,7014.0,4.09493,0.0845518,0.246338,0.054936,7.399745,DWARF,5.40192668e-05,0.210379183,1134
Kepler-1172,122507231,0.839354,,1.03,,5743.43,4.60301,,1.74181,,0.690669537,DWARF,,,
Kepler-1173,275490034,0.780967,,0.852,,5084.02,4.58324,,1.78872,,0.3671037,DWARF,,,
Kepler-1174,123408863,1.79011,,1.08,,5939.0,3.96573,,0.188271,,3.59176874,DWARF,,,
Kepler-1175,158986028,0.752149,,0.96,,5473.0,4.66773,,2.25611,,0.4573028,DWARF,,,
Kepler-1176,273582656,0.930835,,0.99,,5593.23,4.49596,,1.22749,,0.7639954,DWARF,,,
Kepler-1177,399826020,1.55129,,1.0,,5643.0,4.05668,,0.267866,,2.19848442,DWARF,,,
Kepler-1178,158729099,0.93646,,0.85,,5084.79,4.42451,,1.03503,,0.52815944,DWARF,,,
Kepler-1179,164658882,0.736813,,0.89,,5207.0,4.65274,,2.22494,,0.359550118,DWARF,,,
Kepler-1180,271966200,1.4184,,1.17,,6163.0,4.20266,,0.410007,,2.61492968,DWARF,,,
Kepler-1181,394176812,1.36041,,1.33,,6495.28,4.29458,,0.528247,,2.967762,DWARF,,,
Kepler-1182,272270522,1.30861,,1.06,,5847.0,4.22975,,0.473017,,1.80321,DWARF,,,
Kepler-1183,137550938,1.47981,,0.96,,5494.0,4.07993,,0.296245,,1.79747331,DWARF,,,
Kepler-1184,159725400,1.02417,,1.08,,5922.0,4.45074,,1.00531,,1.162295,DWARF,,,
Kepler-1185,121121775,1.33892,0.0649296,1.06,0.134109,5867.0,4.20987,0.077355,0.441617,0.0947,1.91366446,DWARF,0.0005103609,0.142203182,388
Kepler-1186,158730884,1.19988,,0.96,,5466.11,4.26206,,0.555716,,1.15794313,DWARF,,,
Kepler-1187,121021644,1.12597,,1.07,,5882.0,4.3644,,0.74955,,1.36725724,DWARF,,,
Kepler-1188,164460740,1.50904,,1.07,,5908.0,4.11005,,0.311375,,2.49952126,DWARF,,,
Kepler-1189,267991349,1.12476,,0.98,,5572.03,4.32718,,0.688734,,1.09866369,DWARF,,,
Kepler-119,271964647,1.02364,,0.99,,5586.0,4.4134,,0.922971,,0.919171751,DWARF,,,
Kepler-1190,48504464,0.705447,,0.711,,4521.62,4.59301,,2.02524,,0.187412828,DWARF,,,
Kepler-1191,26538999,0.901915,,0.92,,5336.0,4.49152,,1.25398,,0.5941407,DWARF,,,
Kepler-1192,123416753,0.946325,,0.97,,5511.0,4.47276,,1.14459,,0.7442127,DWARF,,,
Kepler-1193,298897851,1.45463,0.0666332,1.06,0.132541,5856.28,4.13787,0.0742145,0.344387,0.07079,2.24227,DWARF,0.000354376331,0.05169232,231
Kepler-1194,137317096,,,,,5461.94,,,,,,DWARF,,,
Kepler-1195,120252007,0.783858,,0.84,,5043.0,4.57387,,1.74408,,0.358034879,DWARF,,,
Kepler-1196,63210324,0.964605,,1.02,,5720.0,4.47797,,1.13645,,0.897383,DWARF,,,
Kepler-1197,63004645,0.746629,,0.718,,4552.0,4.54798,,1.72508,,0.215632379,DWARF,,,
Kepler-1198,158843826,0.876367,,0.94,,5396.0,4.52582,,1.39659,,0.5866174,DWARF,,,
Kepler-1199,270696519,,,,,5801.76,,,,,,DWARF,,,
Kepler-12,405717754,1.56966,0.0825728,1.09,0.140633,5967.0,4.08388,0.0837957,0.281844,0.0650216,2.81404471,DWARF,0.000318148668,0.0173487253,220
Kepler-120,121458707,0.748282,,0.71,,4519.0,4.5412,,1.69458,,0.210375309,DWARF,,,
Kepler-1201,377915758,1.00301,,1.08,,5912.0,4.46888,,1.07031,,1.107239,DWARF,,,
Kepler-1203,63449012,0.766632,,0.631,,4033.0,4.46892,,1.40045,,0.140081674,DWARF,,,
Kepler-1204,159043952,0.980376,,1.0,,5639.0,4.45528,,1.06126,,0.8755644,DWARF,,,
Kepler-1205,122443195,0.815146,,0.84,,5025.0,4.53988,,1.55086,,0.381688744,DWARF,,,
Kepler-1206,27649203,0.753085,,0.74,,4656.0,4.55361,,1.73261,,0.240123332,DWARF,,,
Kepler-1207,27390527,2.03737,,1.05,,5838.0,3.84112,,0.12416,,4.344004,DWARF,,,
Kepler-1209,399953998,1.24801,0.0620704,1.23,0.184772,6293.0,4.33554,0.0893553,0.632778,0.152825,2.20070267,DWARF,0.000729010848,0.0517007932,253
Kepler-121,120765800,0.682614,,0.92,,5318.0,4.7335,,2.89242,,0.335767776,DWARF,,,
Kepler-1210,26750065,0.95415,,0.94,,5424.0,4.45196,,1.08213,,0.709915638,DWARF,,,
Kepler-1211,120578889,1.16863,,1.03,,5769.0,4.31555,,0.645366,,1.36285877,DWARF,,,
Kepler-1212,27912642,1.18147,,1.11,,5996.17,4.33854,,0.673057,,1.62569022,DWARF,,,
Kepler-1213,416266465,1.42119,0.0625176,1.14,0.149412,6076.29,4.18967,0.0770728,0.397144,0.0842147,2.48058033,DWARF,0.000360888545,0.288132876,279
Kepler-1214,48528473,0.821195,,0.83,,5003.0,4.52825,,1.49878,,0.3806356,DWARF,,,
Kepler-1215,28230011,0.915914,,0.95,,5432.0,4.49208,,1.2364,,0.6580255,DWARF,,,
Kepler-1216,158486842,1.11795,,1.01,,5693.0,4.34555,,0.722867,,1.18277276,DWARF,,,
Kepler-1217,299160628,1.07297,,1.06,,5852.0,4.4022,,0.858104,,1.21643651,DWARF,,,
Kepler-1218,159763595,1.47249,,1.06,,5861.91,4.12727,,0.332007,,2.30651951,DWARF,,,
Kepler-1219,273046164,2.87486,0.179819,1.04,0.138127,5799.61,3.53787,0.0933421,0.0437705,0.011215,8.424118,DWARF,0.0001839451,1.36431217,610
Kepler-122,122714267,1.25771,,1.11,,6012.0,4.28423,,0.557931,,1.86179614,DWARF,,,
Kepler-1220,272944301,0.993887,,1.06,,5873.0,4.4687,,1.07968,,1.05878723,DWARF,,,
Kepler-1221,279912260,,,,,,,,,,,DWARF,,,
Kepler-1222,27240404,0.750133,,0.862,,5121.0,4.6233,,2.04217,,0.348650664,DWARF,,,
Kepler-1223,164889945,0.823977,,0.74,,4656.0,4.47547,,1.32277,,0.2874599,DWARF,,,
Kepler-1224,120964116,1.1933,0.0570678,1.21,0.175541,6254.0,4.36736,0.084819,0.712097,0.164528,1.9625628,DWARF,0.0004780203,0.276201069,408
Kepler-1226,27845000,1.40643,,1.1,,5985.99,4.18323,,0.395405,,2.288087,DWARF,,,
Kepler-1227,121113728,0.884071,,0.99,,5604.0,4.54073,,1.43276,,0.694482148,DWARF,,,
Kepler-1228,272596598,0.728395,,0.806,,4914.65,4.61967,,2.08562,,0.278868169,DWARF,,,
Kepler-1229,273373582,0.565878,0.0175196,0.559315,0.0207366,3774.0,4.68028,0.0107913,3.08665,0.172509,0.0585258752,DWARF,0.000358321267,0.250065565,676
Kepler-123,272944990,1.32895,,1.25,,6338.0,4.28796,,0.532584,,2.56754732,DWARF,,,
Kepler-1230,237157859,1.08946,,1.05,,5845.0,4.38483,,0.811996,,1.24812067,DWARF,,,
Kepler-1231,158792743,1.10189,,0.98,,5572.0,4.34501,,0.732497,,1.05443418,DWARF,,,
Kepler-1232,351190880,0.801993,,0.9,,5241.0,4.58397,,1.74474,,0.437212169,DWARF,,,
Kepler-1233,273131021,1.14753,,1.15,,6118.89,4.37924,,0.761033,,1.66308641,DWARF,,,
Kepler-1234,399956098,0.855722,,0.78,,4805.0,4.4655,,1.24479,,0.351668656,DWARF,,,
Kepler-1235,164830167,0.982569,,0.92,,5322.09,4.41713,,0.969836,,0.697830558,DWARF,,,
Kepler-1238,169931288,1.60506,,1.27,,6378.0,4.13089,,0.307137,,3.84073257,DWARF,,,
Kepler-1239,275496016,1.61071,,1.07,,5883.0,4.05342,,0.256056,,2.7997694,DWARF,,,
Kepler-124,399860218,0.722717,,0.88,,5188.0,4.66461,,2.33119,,0.340902954,DWARF,,,
Kepler-1240,258203566,1.37685,,0.99,,5591.36,4.15593,,0.379296,,1.669306,DWARF,,,
Kepler-1241,378013798,0.836811,,0.89,,5235.0,4.5422,,1.51883,,0.473823041,DWARF,,,
Kepler-1242,120317833,0.780615,,0.79,,4853.0,4.55082,,1.6608,,0.3045156,DWARF,,,
Kepler-1243,270782121,0.834193,,0.96,,5492.85,4.57781,,1.65376,,0.570714653,DWARF,,,
Kepler-1244,123447592,2.53418,0.136043,1.36,0.226767,6568.52,3.76393,0.0942895,0.0835656,0.0217682,10.7705765,DWARF,0.0002482561,0.0636882,226
Kepler-1245,159449041,,,,,5235.0,,,,,,,,,
Kepler-1246,298785034,0.718575,,0.7,,4481.68,4.57022,,1.88661,,0.187673,DWARF,,,
Kepler-1248,298897924,1.34029,,,,6074.93,,,,,,DWARF,0.000542843365,0.03420574,212
Kepler-1249,272719153,1.50293,,1.12,,6023.0,4.13341,,0.329917,,2.67806768,DWARF,,,
Kepler-125,273873718,0.546506,0.0162512,0.542101,0.0202982,3800.0,4.69696,0.00956731,3.3212,0.172139,0.05610725,DWARF,0.000696657458,0.165672928,634
Kepler-1250,158559861,1.52652,,1.01,,5690.0,4.07498,,0.28393,,2.20064664,DWARF,,,
Kepler-1251,26583618,0.904617,,0.98,,5558.2,4.51636,,1.32383,,0.703656256,DWARF,,,
Kepler-1252,268387099,0.901566,,1.0,,5642.0,4.52807,,1.3646,,0.7420317,DWARF,,,
Kepler-1253,164557694,1.54097,0.0894172,1.01,0.123297,5670.58,4.0668,0.0847149,0.27602,0.0656902,2.21203566,DWARF,0.000521351059,0.133289024,220
Kepler-1254,48506710,0.718755,,0.8,,4898.13,4.628,,2.15451,,0.2679029,DWARF,,,
Kepler-1255,271538318,1.35224,,1.08,,5924.0,4.20938,,0.43678,,2.0289073,DWARF,,,
Kepler-1256,159763320,1.47097,,1.14,,6089.85,4.15976,,0.358171,,2.681208,DWARF,,,
Kepler-1258,279918915,1.11834,,1.03,,5761.02,4.35376,,0.736403,,1.241195,DWARF,,,
Kepler-1259,273592350,0.873036,,0.86,,5100.0,4.4905,,1.29241,,0.464557827,DWARF,,,
Kepler-126,159046962,1.44854,0.0609447,1.2,0.160835,6221.0,4.19539,0.0758457,0.394809,0.0794192,2.83137965,DWARF,0.00178892573,0.125420287,370
Kepler-1260,271759028,1.82968,,1.03,,5775.0,3.92615,,0.168156,,3.3546946,DWARF,,,
Kepler-1261,48506742,0.77044,,0.79,,4865.55,4.56222,,1.72747,,0.299709558,DWARF,,,
Kepler-1262,158794459,0.913995,,1.01,,5682.0,4.5205,,1.32279,,0.78449,DWARF,,,
Kepler-1263,158270568,0.777685,,0.87,,5157.25,4.59598,,1.84973,,0.385456383,DWARF,,,
Kepler-1264,159177065,0.964469,,1.01,,5695.0,4.47381,,1.12579,,0.881547868,DWARF,,,
Kepler-1265,164781761,0.699002,,0.73,,4614.0,4.61243,,2.13741,,0.199508518,DWARF,,,
Kepler-1266,158167159,0.722831,,0.83,,5004.0,4.63907,,2.1977,,0.2951461,DWARF,,,
Kepler-1268,158630552,1.43224,,1.07,,5882.0,4.15542,,0.364194,,2.21222162,DWARF,,,
Kepler-1269,158559018,1.79697,,1.08,,5929.0,3.96241,,0.186124,,3.59501624,DWARF,,,
Kepler-127,164881786,1.4457,0.0702261,1.13,0.143358,6066.19,4.17099,0.0797383,0.373978,0.0808029,2.54984617,DWARF,0.00103270984,0.134477779,252
Kepler-1270,399826741,3.06165,,,,4995.14,,,,,,GIANT,,,
Kepler-1271,120825510,1.17084,,1.13,,6050.0,4.35415,,0.704026,,1.65466213,DWARF,,,
Kepler-1272,399794186,1.51323,,1.04,,5807.0,4.09529,,0.300134,,2.34592414,DWARF,,,
Kepler-1273,279913214,0.792924,,0.95,,5437.0,4.61733,,1.90559,,0.494988948,DWARF,,,
Kepler-1274,164781116,2.33958,0.161083,1.1,0.146881,5972.25,3.74119,0.0979014,0.0858974,0.0245783,6.273669,DWARF,0.000441151758,0.0183929037,202
Kepler-1275,270521167,1.30888,,1.13,,6048.32,4.25735,,0.503942,,2.06553483,DWARF,,,
Kepler-1276,121333541,1.09679,0.0512865,1.22,0.174928,6257.0,4.44418,0.0849074,0.92468,0.209772,1.661135,DWARF,0.000570803066,0.116881177,495
Kepler-1277,138969285,0.84088,,0.993,,5613.0,4.58555,,1.67012,,0.6323285,DWARF,,,
Kepler-1278,164413187,1.40003,,1.11,,6022.0,4.19111,,0.404491,,2.32238173,DWARF,,,
Kepler-1279,121465371,2.02492,,1.12,,6044.0,3.87447,,0.134895,,4.929558,DWARF,,,
Kepler-128,123490545,1.74633,0.0727488,1.14,0.145897,6083.0,4.01072,0.0761108,0.214056,0.0431819,3.761993,DWARF,0.000843090354,0.0175872687,239
Kepler-1281,27458799,,,,,,,,,,,DWARF,,,
Kepler-1282,159301148,0.910714,,0.95,,5444.0,4.49703,,1.2577,,0.656343937,DWARF,,,
Kepler-1283,184008951,2.58539,,1.15,,6120.0,3.67371,,0.0665454,,8.447995,DWARF,,,
Kepler-1284,159726546,0.86373,,0.81,,4947.0,4.4738,,1.25705,,0.4025486,DWARF,,,
Kepler-1285,123410927,1.5928,0.0758593,1.12,0.152126,6032.07,4.08296,0.0818002,0.277162,0.062649,3.026097,DWARF,0.000701384968,0.541339755,231
Kepler-1286,351766517,1.18024,,1.02,,5720.0,4.30273,,0.620423,,1.34344637,DWARF,,,
Kepler-1287,158985675,0.923016,,1.02,,5702.0,4.51625,,1.2971,,0.8113759,DWARF,,,
Kepler-1288,120577770,1.59406,,,,6499.39,,,,,,DWARF,0.0002648874,0.3101775,299
Kepler-1289,184428068,1.21564,,1.03,,5741.21,4.2813,,0.573358,,1.44649208,DWARF,,,
Kepler-129,164999822,1.74549,0.0873995,1.02,0.128337,5705.33,3.96283,0.077555,0.1918,0.0404376,2.90838671,DWARF,0.0007497759,0.0622123778,224
Kepler-1290,159450182,1.13878,,1.0,,5628.0,4.32519,,0.677148,,1.17216444,DWARF,,,
Kepler-1291,122063936,0.752789,,0.85,,5083.0,4.61414,,1.99251,,0.340816945,DWARF,,,
Kepler-1292,164830162,1.00659,,0.95,,5461.0,4.41009,,0.931464,,0.811873436,DWARF,,,
Kepler-1293,267749620,1.70401,0.0896984,1.22,0.17735,6259.72,4.06148,0.0879197,0.246571,0.0605499,4.016614,DWARF,0.00026979926,0.00662653428,297
Kepler-1294,159721015,1.63513,,1.03,,5753.0,4.0238,,0.235602,,2.63862276,DWARF,,,
Kepler-1296,137410211,2.04609,,0.92,,5338.3,3.78001,,0.107403,,3.06305313,DWARF,,,
Kepler-1297,159225841,1.39385,,1.05,,5817.0,4.17082,,0.387737,,2.004128,DWARF,,,
Kepler-1298,267667467,2.38684,0.137196,1.13,0.153538,6058.57,3.7355,0.0903627,0.0831009,0.0216689,6.91549969,DWARF,0.000570615462,0.105861172,222
Kepler-1299,120762000,1.00099,,0.95,,5427.0,4.41493,,0.947182,,0.7830582,DWARF,,,
Kepler-130,121603794,1.17925,0.0546633,1.091,0.140479,5958.0,4.33268,0.0782558,0.665276,0.145406,1.57874429,DWARF,0.0008829902,0.682972968,476
Kepler-1300,121865605,1.86373,0.0862511,1.15,0.153058,6097.98,3.958,0.0800193,0.177642,0.03884,4.32719946,DWARF,0.000264892442,0.260944575,481
Kepler-1301,158278132,0.855814,,0.86,,5112.0,4.50781,,1.37202,,0.4506262,DWARF,,,
Kepler-1302,417678115,0.756648,,0.85,,5071.0,4.6097,,1.96217,,0.341080874,DWARF,,,
Kepler-1303,164674711,1.0307,,1.01,,5679.0,4.41612,,0.92241,,0.9955134,DWARF,,,
Kepler-1304,399819857,2.65923,,,,5154.0,,,,,,GIANT,,,
Kepler-1307,63453366,0.838135,,0.99,,5603.11,4.58707,,1.68148,,0.623792,DWARF,,,
Kepler-1308,120693011,0.480845,0.0142442,0.478808,0.0202535,3505.0,4.75422,0.00735642,4.30671,0.200724,0.0314381532,DWARF,0.00108696939,0.101596765,413
Kepler-1309,171098231,,,,,,,,,,,DWARF,,,
Kepler-131,121660708,1.03161,0.046799,1.03,0.126381,5755.0,4.42387,0.0718251,0.938177,0.185456,1.051746,DWARF,0.00154870562,0.0555135719,427
Kepler-1310,120043638,0.852212,,0.99,,5599.0,4.57261,,1.59953,,0.6430315,DWARF,,,
Kepler-1311,159106207,1.75366,0.0959597,1.02,0.127592,5719.0,3.95878,0.0801987,0.189132,0.0420942,2.9639082,DWARF,0.00024287212,0.05709138,388
Kepler-1312,137899873,0.947246,0.0453995,0.991,0.124322,5602.86,4.48122,0.0745198,1.16596,0.235788,0.796634853,DWARF,0.0009154696,0.420197755,659
Kepler-1313,63213622,0.798577,0.0381633,0.927,0.114354,5357.56,4.60051,0.0736702,1.82024,0.375673,0.4733657,DWARF,0.00193320611,0.1583169,589
Kepler-1315,271881331,0.728751,,0.75,,4710.62,4.58797,,1.93787,,0.23559463,DWARF,,,
Kepler-1316,171502232,1.18859,,1.16,,6126.0,4.35246,,0.69081,,1.79254031,DWARF,,,
Kepler-1317,63005467,0.809194,,0.84,,5057.15,4.54624,,1.58533,,0.385854751,DWARF,,,
Kepler-1318,122442545,0.708448,,0.708,,4505.0,4.58748,,1.99117,,0.186247259,DWARF,,,
Kepler-132,237158274,,,,,5904.77,,,,,,SUBGIANT,,,
Kepler-1323,63452310,1.27918,0.0673015,1.125,0.149202,6046.65,4.27536,0.0841907,0.537475,0.127309,1.97068441,DWARF,0.000663633866,0.0529998727,451
Kepler-1324,137090755,0.734395,,0.722,,4572.0,4.56474,,1.82284,,0.212314367,DWARF,,,
Kepler-1325,164828023,0.952053,,0.96,,5470.0,4.46302,,1.11247,,0.731081545,DWARF,,,
Kepler-1326,184417262,1.34229,0.0671809,1.43,0.244735,6732.0,4.33771,0.0911153,0.591285,0.147822,3.33398747,DWARF,3.839375e-05,0.583842337,1271
Kepler-1327,299153388,1.06231,,1.02,,5718.08,4.39416,,0.850829,,1.08692825,DWARF,,,
Kepler-1328,164778883,1.35747,,1.0,,5647.55,4.17261,,0.399767,,1.6888746,DWARF,,,
Kepler-1329,47977416,0.686798,,0.7,,4469.0,4.60951,,2.16079,,0.169509351,DWARF,,,
Kepler-133,28089143,1.62549,0.0863943,1.02,0.129704,5734.01,4.0247,0.0782482,0.23749,0.0525951,2.573348,DWARF,0.0003652157,0.247604072,555
Kepler-1331,169083837,0.655442,,0.661,,4224.0,4.6252,,2.34746,,0.123213746,DWARF,,,
Kepler-1332,159578257,0.926114,,0.975,,5541.94,4.49374,,1.22747,,0.728904545,DWARF,,,
Kepler-1333,138219367,0.890843,,0.96,,5488.86,4.52074,,1.3579,,0.648971558,DWARF,,,
Kepler-1334,299217895,1.06825,,1.01,,5674.0,4.38504,,0.828523,,1.06560612,DWARF,,,
Kepler-1335,164827658,0.753372,,0.78,,4830.0,4.57614,,1.82418,,0.278292626,DWARF,,,
Kepler-1336,272278272,1.82069,,0.95,,5449.27,3.89532,,0.157403,,2.63343263,DWARF,,,
Kepler-1337,158324326,0.727252,,0.69,,4415.0,4.55355,,1.79389,,0.181045175,DWARF,,,
Kepler-1338,120105633,1.31234,,1.04,,5809.0,4.21901,,0.460147,,1.7668165,DWARF,,,
Kepler-1339,48354224,1.32319,0.0828744,0.988,0.12214,5590.19,4.18958,0.0866717,0.426467,0.105173,1.54045367,DWARF,0.0008375053,0.03232479,191
Kepler-134,48448369,1.05464,0.0595176,1.05,0.131175,5819.72,4.41305,0.0826292,0.895114,0.205286,1.14950407,DWARF,0.00111060846,0.0503858477,197
Kepler-1340,272183546,1.01798,,1.11,,6014.0,4.46791,,1.05221,,1.22131693,DWARF,,,
Kepler-1341,123126460,0.785642,,0.71,,4511.0,4.49888,,1.46415,,0.23026897,DWARF,,,
Kepler-1342,272942844,0.895106,,0.9,,5250.0,4.48856,,1.25493,,0.548378944,DWARF,,,
Kepler-1343,27081773,1.26216,,1.03,,5749.0,4.24868,,0.512267,,1.567802,DWARF,,,
Kepler-1344,158394286,1.15513,,1.05,,5841.28,4.334,,0.681243,,1.39953911,DWARF,,,
Kepler-1345,63288941,2.02201,,1.13,,6047.83,3.87958,,0.136688,,4.92786551,DWARF,,,
Kepler-1346,63066410,1.02322,,1.01,,5679.72,4.42245,,0.9428,,0.981605649,DWARF,,,
Kepler-1347,172422725,0.804966,0.0593457,,,5170.78,,,,,,GIANT,6.65942e-05,0.380737633,1651
Kepler-1348,26582909,1.22458,,1.06,,5866.85,4.2874,,0.577222,,1.60062635,DWARF,,,
Kepler-1349,405719110,1.4515,0.0737563,1.05,0.132473,5835.47,4.13562,0.079151,0.343351,0.0750901,2.20105958,DWARF,0.001458134,0.0355651,245
Kepler-135,122450088,1.55505,0.0834121,1.1,0.139414,5990.67,4.09597,0.0820263,0.292522,0.066567,2.8059907,DWARF,0.0003547762,0.07803755,618
Kepler-1350,158664221,0.530382,0.017169,0.527267,0.0212658,3786.0,4.71092,0.0106014,3.53398,0.200966,0.0520708524,DWARF,0.000222460149,0.06976895,292
Kepler-1351,270609625,0.575591,,0.675,,4321.49,4.74714,,3.53966,,0.104101442,DWARF,,,
Kepler-1352,290034960,1.28493,0.0537563,1.08,0.130395,5924.31,4.25373,0.0714203,0.50908,0.0993926,1.83233273,DWARF,0.000436993781,0.041231107,328
Kepler-1353,271960006,0.748377,,0.747,,4684.0,4.56315,,1.78221,,0.242886558,DWARF,,,
Kepler-1354,137096633,1.3817,,1.05,,5843.03,4.17843,,0.398058,,2.00482345,DWARF,,,
Kepler-1355,48354835,0.825846,,0.9,,5255.0,4.55851,,1.59789,,0.4685795,DWARF,,,
Kepler-1357,26472830,0.895907,,0.99,,5608.0,4.52918,,1.37672,,0.7152415,DWARF,,,
Kepler-1358,158169713,0.785242,,0.87,,5134.0,4.58758,,1.79683,,0.38594532,DWARF,,,
Kepler-1359,159102744,0.695153,,0.72,,4581.0,4.61124,,2.14334,,0.191733047,DWARF,,,
Kepler-136,272375343,1.48943,0.0824524,1.185,0.170094,6187.46,4.16575,0.0912523,0.35864,0.0879582,2.92943573,DWARF,7.02749749e-05,0.141720235,848
Kepler-1360,239287622,2.16132,,1.41,,6680.5,3.91785,,0.139657,,8.382386,DWARF,,,
Kepler-1361,164525875,0.797922,,0.836,,5025.35,4.55635,,1.6456,,0.3658312,DWARF,,,
Kepler-1362,121660595,0.769739,,0.74,,4654.0,4.53461,,1.62256,,0.250430644,DWARF,,,
Kepler-1363,27990682,0.761441,,0.731,,4612.69,4.53871,,1.6558,,0.2364745,DWARF,,,
Kepler-1364,27396284,,,,,,,,,,,DWARF,,,
Kepler-1365,63122176,1.70422,0.0851056,1.0,0.129904,5646.27,3.97502,0.076232,0.202034,0.0426673,2.65944576,DWARF,0.000231163009,0.09541666,544
Kepler-1366,120421638,0.683869,0.0221359,0.651962,0.0212472,3934.0,4.58234,0.0139663,2.03847,0.131788,0.100920171,DWARF,0.00015000283,4.487556,302
Kepler-1367,158731868,0.729188,,0.63,,4015.0,4.51173,,1.62488,,0.12448477,DWARF,,,
Kepler-1369,120686458,1.02114,,1.01,,5679.0,4.42422,,0.948566,,0.97712785,DWARF,,,
Kepler-137,123415819,0.858396,0.0467337,0.9,0.108821,5265.0,4.52494,0.0811448,1.42292,0.321969,0.510109365,DWARF,0.0009308427,0.0238619372,257
Kepler-1370,120253552,1.4625,,1.2,,6212.47,4.18706,,0.383611,,2.87041855,DWARF,,,
Kepler-1371,158840095,0.916461,,0.93,,5378.93,4.48232,,1.20821,,0.633440554,DWARF,,,
Kepler-1372,158843824,1.09046,,0.98,,5567.0,4.35407,,0.755785,,1.02895951,DWARF,,,
Kepler-1373,120627712,2.02214,,1.25,,6336.0,3.92336,,0.151174,,5.937147,DWARF,,,
Kepler-1375,272269239,2.01081,,1.35,,6535.29,3.96166,,0.166044,,6.644997,DWARF,,,
Kepler-1376,158386680,1.0051,,0.97,,5528.0,4.42042,,0.955322,,0.849926949,DWARF,,,
Kepler-1377,158986227,0.855527,,0.9,,5271.0,4.52784,,1.43728,,0.5090189,DWARF,,,
Kepler-1378,169459324,0.648181,,0.666,,4262.0,4.63815,,2.4456,,0.124893889,DWARF,,,
Kepler-138,159376971,0.543991,0.0158449,0.539818,0.0200806,3880.0,4.69913,0.00914396,3.3533,0.168471,0.0604233854,DWARF,0.00300459028,0.144466057,467
Kepler-1380,158633475,2.02521,,0.92,,5324.0,3.78891,,0.110758,,2.96885014,DWARF,,,
Kepler-1381,399953616,0.904984,,1.01,,5672.0,4.52911,,1.36269,,0.7636984,DWARF,,,
Kepler-1382,184014439,1.75667,0.111382,1.13,0.153741,6054.0,4.00176,0.0886165,0.208452,0.0518147,3.73461676,DWARF,2.69668326e-05,0.519016743,1167
Kepler-1383,273507060,1.69936,,1.16,,6139.23,4.04196,,0.236377,,3.69589067,DWARF,,,
Kepler-1384,184418214,,,,,,,,,,,DWARF,,,
Kepler-1385,123495717,1.80581,0.0954849,0.98,0.122625,5566.33,3.91595,0.0771952,0.166421,0.0370581,2.820436,DWARF,0.0003245874,0.243191585,205
Kepler-1386,123201193,1.08793,,0.98,,5562.0,4.35609,,0.761068,,1.020517,DWARF,,,
Kepler-1387,63284044,0.703842,,0.82,,4982.83,4.65693,,2.35173,,0.275137454,DWARF,,,
Kepler-1388,164524311,0.600757,0.020059,0.588706,0.0216099,3938.0,4.65057,0.0130636,2.7152,0.172654,0.07819793,DWARF,0.000170438623,0.192391053,204
Kepler-1389,279913347,0.748623,,0.8,,4905.0,4.59263,,1.90678,,0.292264968,DWARF,,,
Kepler-139,123450224,1.10169,0.0481206,0.98,0.120441,5550.0,4.34518,0.0720001,0.732913,0.143077,1.037486,DWARF,0.00063024275,1.12382722,219
Kepler-1390,264508835,1.02227,,0.94,,5388.77,4.39207,,0.879903,,0.7939299,DWARF,,,
Kepler-1391,271253957,1.77507,,0.98,,5579.13,3.93086,,0.175217,,2.750388,DWARF,,,
Kepler-1392,158837572,,,,,,,,,,,DWARF,,,
Kepler-1393,120255638,,,,,,,,,,,DWARF,,,
Kepler-1394,164527695,1.96661,0.0821482,1.36,0.225537,6565.0,3.98417,0.0871715,0.178808,0.0409903,6.472451,DWARF,0.000517746434,0.04626519,236
Kepler-1395,63204326,1.24297,0.0542111,1.13,0.149185,6071.93,4.30222,0.0761869,0.588426,0.12259,1.89202082,DWARF,0.0006459979,0.0268288739,373
Kepler-1396,270954695,1.22049,,1.06,,5874.91,4.2903,,0.583046,,1.59870493,DWARF,,,
Kepler-1397,269030207,1.70897,,1.19,,6206.0,4.04814,,0.238419,,3.90312147,DWARF,,,
Kepler-1398,27239111,1.32637,,1.11,,5998.2,4.23806,,0.475693,,2.051678,DWARF,,,
Kepler-14,158561566,2.00068,0.103465,,,6378.0,,,,,,,0.000444590871,0.04199452,262
Kepler-140,158487888,1.19153,0.0604824,1.15,0.161463,6108.41,4.34656,0.0860468,0.67981,0.159444,1.780797,DWARF,0.000555670646,0.159575254,266
Kepler-1400,158212755,0.710105,,0.8,,4912.0,4.63851,,2.2342,,0.264468074,DWARF,,,
Kepler-1401,121272493,,,,,,,,,,,DWARF,,,
Kepler-1402,26540675,2.00029,,0.91,,5281.0,3.79492,,0.113701,,2.803786,DWARF,,,
Kepler-1403,122605691,1.41138,,1.11,,6019.0,4.1841,,0.394812,,2.35548449,DWARF,,,
Kepler-1404,27766705,0.827978,,0.86,,5125.0,4.53653,,1.5151,,0.426096857,DWARF,,,
Kepler-1405,184166357,1.06976,,1.0,,5653.0,4.3795,,0.816853,,1.05288637,DWARF,,,
Kepler-1406,137483383,,,,,,,,,,,DWARF,,,
Kepler-1407,120042828,1.35348,,1.04,,5800.0,4.1922,,0.419445,,1.8677218,DWARF,,,
Kepler-1408,123496782,1.77996,0.0757513,1.12,0.141418,6037.31,3.98646,0.0718071,0.198603,0.0393266,3.792184,DWARF,0.000541293353,0.03049287,220
Kepler-1409,267745858,0.81123,,0.84,,5026.67,4.54406,,1.57343,,0.3785333,DWARF,,,
Kepler-141,273681580,0.848294,0.0490754,0.788,0.0908202,4847.2,4.4775,0.079585,1.29088,0.301699,0.3578914,DWARF,0.000728573359,0.257155,649
Kepler-1410,122450207,,,,,4031.25,,,,,,,,,
Kepler-1411,158218591,1.05212,,1.03,,5761.0,4.40678,,0.884394,,1.09853518,DWARF,,,
Kepler-1412,424815791,1.55149,0.069804,1.04,0.123737,5778.06,4.07361,0.0683563,0.278477,0.0540171,2.41723347,DWARF,0.0003694783,0.05307453,341
Kepler-1414,164828419,0.808843,,0.81,,4914.0,4.53082,,1.53071,,0.343687356,DWARF,,,
Kepler-1415,164834500,0.909856,,0.86,,5100.0,4.45462,,1.14177,,0.5045694,DWARF,,,
Kepler-1416,268160061,1.48848,,0.98,,5571.05,4.08381,,0.297162,,1.92278743,DWARF,,,
Kepler-1417,122707371,1.58688,,1.03,,5750.42,4.04982,,0.257754,,2.48073745,DWARF,,,
Kepler-1418,258202336,,,,,,,,,,,,,,
Kepler-1419,137548281,1.08724,,1.01,,5672.0,4.36974,,0.785869,,1.10226738,DWARF,,,
Kepler-142,27394293,1.11566,0.0529045,1.045,0.12694,5812.0,4.36212,0.0759208,0.75252,0.157091,1.27956593,DWARF,0.0005801244,0.0829405,458
Kepler-1421,399826842,1.67655,0.0903518,1.23,0.194861,6294.63,4.07914,0.0952983,0.261011,0.0704327,3.97563481,DWARF,0.000387921376,0.0741562545,214
Kepler-1422,27009720,1.52983,,1.12,,6037.0,4.118,,0.312819,,2.80067658,DWARF,,,
Kepler-1423,121599740,,,,,,,,,,,GIANT,,,
Kepler-1424,122706631,,,,,5916.04,,,,,,DWARF,,,
Kepler-1425,271347291,1.74686,,0.96,,5490.38,3.93582,,0.180092,,2.49816871,DWARF,,,
Kepler-1426,26656435,,,,,,,,,,,DWARF,,,
Kepler-1428,28234022,2.50687,,1.23,,6276.7,3.72971,,0.078075,,8.787844,DWARF,,,
Kepler-1429,279917996,1.12411,,1.07,,5894.0,4.36584,,0.753287,,1.3738867,DWARF,,,
Kepler-143,28364164,1.37139,,1.052,,5836.51,4.18576,,0.407884,,1.966197,DWARF,,,
Kepler-1430,159105397,,,,,,,,,,,DWARF,,,
Kepler-1431,26657021,1.38628,,1.0,,5639.91,4.15436,,0.375356,,1.75181425,DWARF,,,
Kepler-1432,27532128,1.60636,,1.07,,5898.0,4.05577,,0.25814,,2.81319427,DWARF,,,
Kepler-1433,1717275349,,,,,,,,,,,,,,
Kepler-1434,27534458,2.44642,0.131959,1.13,0.146433,6062.77,3.71408,0.0823916,0.0771764,0.0178843,7.285206,DWARF,0.000326047419,0.2675072,430
Kepler-1435,159647919,1.41209,0.0717513,1.26,0.185763,6360.19,4.23871,0.0934079,0.447492,0.114455,2.93966913,DWARF,0.00041428642,0.100208528,371
Kepler-1436,273378908,2.45372,,1.05,,5844.0,3.67961,,0.0710749,,6.326801,DWARF,,,
Kepler-1437,26541175,,,,,5535.0,,,,,,,,,
Kepler-1438,121946404,1.31418,,0.94,,5403.0,4.17389,,0.414157,,1.32599854,DWARF,,,
Kepler-1439,120578712,0.447421,0.0139955,0.443791,0.0208091,3548.0,4.78381,0.0067999,4.95484,0.232791,0.0285799783,DWARF,0.000321637664,0.19807139,298
Kepler-144,123409401,1.26256,0.0668292,1.123,0.152524,6042.38,4.28594,0.0861496,0.557989,0.13483,1.91438687,DWARF,0.0008492918,0.02090337,233
Kepler-1440,279917282,1.60082,,1.01,,5667.0,4.0337,,0.246204,,2.38117647,DWARF,,,
Kepler-1441,270704515,1.55943,,0.98,,5572.13,4.04336,,0.258423,,2.112079,DWARF,,,
Kepler-1442,350811132,1.69674,0.078201,1.31,0.209704,6446.0,4.09611,0.0895403,0.26818,0.0617811,4.47802353,DWARF,0.0005160432,0.606622159,339
Kepler-1443,164525743,1.57722,0.0905427,1.26,0.198079,6347.0,4.14266,0.0905147,0.321142,0.0806642,3.63706231,DWARF,0.000549420132,0.17442745,210
Kepler-1444,164886812,1.05926,0.0565704,1.01,0.132305,5677.43,4.39238,0.0820314,0.849795,0.196496,1.05028379,DWARF,0.0009228464,0.04064013,300
Kepler-1445,351766604,1.29258,0.0544221,1.18,0.161638,6173.11,4.28703,0.0773155,0.546396,0.113063,2.18588281,DWARF,0.0006222894,0.08653034,193
Kepler-1446,159050852,0.686044,0.0508392,0.773,0.0915648,4789.74,4.65354,0.0973558,2.394,0.676999,0.223175243,DWARF,0.00186968152,0.459712178,326
Kepler-1447,416281317,0.999851,,1.0,,5634.0,4.4382,,1.00045,,0.907471061,DWARF,,,
Kepler-1448,298834402,0.91981,,1.04,,5783.09,4.5277,,1.33641,,0.8525718,DWARF,,,
Kepler-1449,298962633,1.76594,,1.05,,5821.0,3.96531,,0.190662,,3.22578263,DWARF,,,
Kepler-145,159721091,1.99793,0.10451,1.14,0.162204,6080.6,3.89381,0.0898743,0.142942,0.0361927,4.91635275,DWARF,0.000420403841,0.5181928,424
Kepler-1450,271162715,0.655719,,0.72,,4581.87,4.66197,,2.55376,,0.170726374,DWARF,,,
Kepler-1451,138217479,0.933931,,0.98,,5576.0,4.48866,,1.20304,,0.759653151,DWARF,,,
Kepler-1452,137635103,2.20098,0.133035,1.07,0.139472,5892.3,3.78222,0.0905923,0.100354,0.0262509,5.260979,DWARF,1.73389e-05,0.301267445,824
Kepler-1453,158175366,0.904492,,0.99,,5600.0,4.52089,,1.33789,,0.724863946,DWARF,,,
Kepler-1454,267570002,0.853026,,0.94,,5396.0,4.54927,,1.5144,,0.5557848,DWARF,,,
Kepler-1455,27014562,0.583405,0.018706,0.574333,0.021132,3919.0,4.66529,0.0118729,2.89237,0.172094,0.07233293,DWARF,0.000265889365,0.0406252854,350
Kepler-1456,158385035,0.653437,,0.64,,4116.0,4.61384,,2.29387,,0.110408932,DWARF,,,
Kepler-1457,164646534,1.25146,,1.05,,5841.0,4.26443,,0.535726,,1.642383,DWARF,,,
Kepler-1458,258349285,0.811962,,0.98,,5578.0,4.61022,,1.83071,,0.5750157,DWARF,,,
Kepler-1459,123448077,0.813542,,0.76,,4735.0,4.49812,,1.41147,,0.299733281,DWARF,,,
Kepler-146,138569990,1.12847,,1.08,,5916.53,4.36651,,0.751543,,1.40586281,DWARF,,,
Kepler-1460,352011765,0.665334,,0.68,,4353.0,4.6245,,2.30882,,0.1431953,DWARF,,,
Kepler-1461,279915288,0.682284,,0.78,,4821.0,4.66223,,2.45584,,0.226554647,DWARF,,,
Kepler-1464,121123737,1.70936,,1.0,,5654.0,3.9724,,0.200217,,2.69019365,DWARF,,,
Kepler-1465,416279965,0.748108,,0.72,,4585.0,4.54747,,1.71965,,0.222833633,DWARF,,,
Kepler-1467,271427581,0.788751,,0.91,,5311.62,4.60323,,1.85448,,0.446151257,DWARF,,,
Kepler-1468,138219758,1.84166,,1.03,,5774.53,3.92049,,0.164895,,3.39766431,DWARF,,,
Kepler-147,121458206,1.57208,,1.07,,5887.37,4.0745,,0.275399,,2.67502522,DWARF,,,
Kepler-1470,121733900,0.799285,,0.8,,4882.0,4.53575,,1.56669,,0.326956153,DWARF,,,
Kepler-1471,416282121,0.875927,,0.96,,5499.89,4.5354,,1.42846,,0.63247937,DWARF,,,
Kepler-1472,27239856,1.46026,,1.14,,6083.0,4.16611,,0.366112,,2.630427,DWARF,,,
Kepler-1473,290034635,1.19437,0.0501658,1.07,0.133536,5904.05,4.31317,0.0737867,0.628004,0.125983,1.56162119,DWARF,0.000207809062,9.930439,330
Kepler-1474,271255614,1.09099,,0.99,,5619.43,4.35806,,0.762389,,1.06930816,DWARF,,,
Kepler-1475,271970692,1.20553,,1.14,,6084.0,4.33261,,0.65068,,1.79394722,DWARF,,,
Kepler-1476,164727404,0.841223,,0.96,,5472.0,4.57052,,1.61264,,0.5716125,DWARF,,,
Kepler-1477,123314844,1.03644,,0.85,,5064.0,4.3364,,0.763461,,0.636440337,DWARF,,,
Kepler-1478,138097834,1.40031,,1.04,,5811.0,4.16265,,0.378759,,2.014398,DWARF,,,
Kepler-1479,377781254,1.1547,,1.05,,5840.0,4.33432,,0.681996,,1.39728308,DWARF,,,
Kepler-148,159171904,0.850564,,0.83,,5019.0,4.49773,,1.34883,,0.413597375,DWARF,,,
Kepler-1480,26541144,0.799184,,0.83,,4986.94,4.55185,,1.62606,,0.355897427,DWARF,,,
Kepler-1481,299219860,0.769856,,0.75,,4693.28,4.54031,,1.64374,,0.2590715,DWARF,,,
Kepler-1482,279917678,0.97685,,0.98,,5567.9,4.44964,,1.05134,,0.8262595,DWARF,,,
Kepler-1483,271752712,1.3744,,1.18,,6177.0,4.23372,,0.454507,,2.47760844,DWARF,,,
Kepler-1484,137816475,2.65525,,0.99,,5599.53,3.58549,,0.0528834,,6.244699,DWARF,,,
Kepler-1485,273690208,1.28054,0.0612061,1.1,0.146861,5993.0,4.26467,0.081764,0.523852,0.115932,1.90573,DWARF,4.30778127e-05,0.09086182,779
Kepler-1486,159439931,1.43882,,1.03,,5758.0,4.13489,,0.345795,,2.05018854,DWARF,,,
Kepler-1487,184015844,1.54002,,1.29,,6408.0,4.17361,,0.353194,,3.6027658,DWARF,,,
Kepler-1488,399825584,1.97691,0.0887412,1.03,0.123793,5757.09,3.85893,0.0737908,0.133314,0.0269116,3.86795855,DWARF,0.000281865941,0.0490813963,220
Kepler-1489,123312978,1.30799,,1.0,,5655.0,4.20486,,0.446871,,1.57629347,DWARF,,,
Kepler-149,120638033,1.00315,,0.93,,5380.49,4.40382,,0.921277,,0.7598195,DWARF,,,
Kepler-1490,271959909,0.773097,,0.96,,5464.0,4.64387,,2.07764,,0.479960233,DWARF,,,
Kepler-1492,121660826,0.681829,,0.71,,4528.0,4.62197,,2.23991,,0.176064461,DWARF,,,
Kepler-1494,123499226,1.1382,,1.01,,5662.0,4.32995,,0.684962,,1.19952857,DWARF,,,
Kepler-1495,120764338,,,,,,,,,,,DWARF,,,
Kepler-1496,270787590,1.38809,,1.05,,5836.36,4.17442,,0.392587,,2.01418066,DWARF,,,
Kepler-1497,272275278,,,,,,,,,,,DWARF,,,
Kepler-1498,164785771,,,,,,,,,,,DWARF,,,
Kepler-1499,120105569,0.800648,0.0484472,0.812,0.093165,4937.39,4.54074,0.0824002,1.58209,0.380787,0.343216121,DWARF,0.0007495678,0.0209574532,296
Kepler-15,27774415,1.32567,,0.98,,5550.93,4.18442,,0.420652,,1.50323415,DWARF,,,
Kepler-150,121598758,0.905339,,0.97,,5528.0,4.51122,,1.30719,,0.6895874,DWARF,,,
Kepler-1500,121786521,1.30271,,1.08,,5923.0,4.2418,,0.48852,,1.881725,DWARF,,,
Kepler-1501,159216808,1.08945,,1.2,,6213.0,4.44284,,0.928029,,1.593358,DWARF,,,
Kepler-1502,184298883,1.72373,,1.44,,6739.0,4.12349,,0.281161,,5.52096558,DWARF,,,
Kepler-1504,416281986,1.8831,,0.97,,5507.61,3.87509,,0.145262,,2.93963647,DWARF,,,
Kepler-1505,137408775,1.26394,0.0767789,0.989,0.125882,5595.29,4.22981,0.082109,0.489794,0.117223,1.41071749,DWARF,0.000465333142,0.107693687,511
Kepler-1506,122298422,1.71753,,1.0,,5627.0,3.96826,,0.197373,,2.66446877,DWARF,,,
Kepler-1507,158786851,0.808014,0.0510377,0.919,0.120438,5327.83,4.58655,0.0917842,1.74204,0.450683,0.47395137,DWARF,0.0009894026,0.0577035919,308
Kepler-1508,170346081,1.70392,,1.12,,6024.0,4.02439,,0.226395,,3.44456935,DWARF,,,
Kepler-1509,164558338,1.55087,,1.05,,5832.0,4.07811,,0.281489,,2.50678039,DWARF,,,
Kepler-151,137410997,0.806366,,0.91,,5303.09,4.58404,,1.73558,,0.463313252,DWARF,,,
Kepler-1511,158725179,1.95693,,1.41,,6684.51,4.00413,,0.188144,,6.88850975,DWARF,,,
Kepler-1512,158989438,0.740908,0.0727608,,,4462.94,,,,,,GIANT,0.0010817789,0.074842155,379
Kepler-1513,394177315,0.924669,0.0441634,0.95,0.111219,5442.9,4.48382,0.069612,1.20161,0.234832,0.676064849,DWARF,0.0007154883,0.1611588,550
Kepler-1514,137685450,1.36797,0.0642663,1.182,0.162907,6181.58,4.23853,0.0820649,0.461727,0.10306,2.461769,DWARF,7.02380858e-05,0.107993022,813
Kepler-1515,417660218,1.5373,0.0748618,1.31,0.212238,6447.86,4.18182,0.0945856,0.360576,0.0910476,3.68021655,DWARF,0.000651785056,0.06758415,350
Kepler-1516,159763612,1.68158,,1.03,,5753.0,3.99947,,0.216614,,2.790658,DWARF,,,
Kepler-1517,158555987,1.88937,0.0908442,1.53,0.263806,6963.86,4.07013,0.092063,0.226852,0.0553697,7.56358576,DWARF,0.000366624852,0.121203884,336
Kepler-1518,239289191,1.56981,0.0660578,1.49,0.249984,6856.98,4.21956,0.0848076,0.385162,0.0848111,4.908195,DWARF,2.63604124e-05,0.188522071,953
Kepler-1519,351191596,1.52956,,1.0,,5631.0,4.06894,,0.279449,,2.1191833,DWARF,,,
Kepler-152,158387462,0.764942,,0.84,,5050.0,4.59509,,1.87669,,0.34286055,DWARF,,,
Kepler-1520,417679385,0.734657,,0.72,,4571.0,4.56323,,1.81585,,0.212279752,DWARF,,,
Kepler-1521,137817355,0.697343,0.0501055,0.824,0.0962699,4981.13,4.6671,0.0946591,2.4299,0.677654,0.2697112,DWARF,0.000116210962,0.214107171,812
Kepler-1522,267673944,1.14923,,1.01,,5676.14,4.32157,,0.66542,,1.23516309,DWARF,,,
Kepler-1523,272083995,0.992517,,0.96,,5472.95,4.42686,,0.981879,,0.7962622,DWARF,,,
Kepler-1524,138477646,0.983879,0.0438995,1.041,0.132251,5797.81,4.46964,0.0739684,1.09301,0.217171,0.98544836,DWARF,6.76120544e-05,0.5365704,944
Kepler-1525,290033595,1.0558,0.047417,0.985,0.12267,5581.31,4.38434,0.0720718,0.83693,0.166797,0.97455,DWARF,0.000850057346,0.01948657,299
Kepler-1526,120425617,0.713621,,0.72,,4549.0,4.58847,,1.98121,,0.196468621,DWARF,,,
Kepler-1527,273132601,1.65679,,1.08,,5919.0,4.03296,,0.237478,,3.0354383,DWARF,,,
Kepler-1528,158487658,0.930909,,1.03,,5765.0,4.51309,,1.27678,,0.862395644,DWARF,,,
Kepler-1529,122137575,0.761793,,0.8,,4901.0,4.57748,,1.80959,,0.30165258,DWARF,,,
Kepler-153,48188777,0.712449,,0.91,,5289.0,4.6916,,2.51641,,0.357846022,DWARF,,,
Kepler-1530,298892283,0.817288,,0.92,,5338.57,4.57711,,1.68524,,0.488815129,DWARF,,,
Kepler-1531,120424814,1.22309,0.0532161,1.2,0.169205,6216.0,4.34234,0.0815085,0.65586,0.139354,2.012112,DWARF,0.000384634419,0.229519933,355
Kepler-1532,168812474,0.861608,,1.02,,5733.0,4.57605,,1.59467,,0.7225064,DWARF,,,
Kepler-1533,271970605,1.70463,0.0843466,1.32,0.196348,6473.13,4.09538,0.0854312,0.266493,0.0619065,4.59632063,DWARF,0.000248297729,0.18644239,636
Kepler-1535,120961712,1.16562,,1.06,,5878.0,4.33026,,0.669316,,1.46126676,DWARF,,,
Kepler-1537,271046907,0.819392,,0.83,,4997.0,4.53016,,1.5087,,0.377151042,DWARF,,,
Kepler-1538,164522561,0.899629,,1.04,,5795.0,4.54697,,1.42838,,0.822309,DWARF,,,
Kepler-1539,164671591,0.806594,,0.84,,5029.0,4.54904,,1.60072,,0.3749132,DWARF,,,
Kepler-154,416282268,1.0506,,1.03,,5740.0,4.40803,,0.888228,,1.07948744,DWARF,,,
Kepler-1540,237158408,0.695483,,0.676,,4323.0,4.58344,,2.00949,,0.152198091,DWARF,,,
Kepler-1541,48353902,0.804783,,0.91,,5301.74,4.58575,,1.74584,,0.461026281,DWARF,,,
Kepler-1542,279915941,1.14724,0.0538493,0.99,0.123958,5611.29,4.31439,0.0739809,0.655643,0.133529,1.17559433,DWARF,0.000686528569,0.05418507,289
Kepler-1543,272843289,1.33155,,1.39,,6620.14,4.33237,,0.58877,,3.068146,DWARF,,,
Kepler-1544,28090925,0.750481,,0.772,,4787.0,4.57501,,1.82641,,0.2664572,DWARF,,,
Kepler-1545,268382450,0.926681,,0.86,,5112.8,4.43871,,1.08071,,0.52867645,DWARF,,,
Kepler-1546,169466684,0.875867,,1.02,,5724.0,4.56179,,1.51805,,0.7419412,DWARF,,,
Kepler-1547,164646094,1.27374,0.0583417,1.05,0.132324,5812.86,4.24909,0.074825,0.508097,0.104995,1.66884577,DWARF,0.000361844664,0.0159992985,288
Kepler-1548,158487028,0.745817,,0.99,,5602.0,4.68844,,2.38637,,0.4935506,DWARF,,,
Kepler-1549,120692095,0.917362,,0.87,,5149.0,4.45251,,1.12693,,0.5329275,DWARF,,,
Kepler-155,298969755,0.771507,,0.678,,4339.18,4.49462,,1.47642,,0.1901101,DWARF,,,
Kepler-1550,121395435,1.09483,,1.07,,5909.0,4.38875,,0.815338,,1.3165822,DWARF,,,
Kepler-1552,137319097,1.11332,,0.79,,4871.52,4.24246,,0.572495,,0.628911257,DWARF,,,
Kepler-1554,120900025,0.78238,,0.88,,5204.0,4.59572,,1.83751,,0.404463232,DWARF,,,
Kepler-1555,158492133,1.52668,,1.05,,5845.0,4.09176,,0.295084,,2.45091438,DWARF,,,
Kepler-1556,121603852,0.824385,,0.98,,5566.78,4.59703,,1.74918,,0.5879919,DWARF,,,
Kepler-1558,158322085,0.766356,,0.829,,5001.44,4.58776,,1.84189,,0.331082463,DWARF,,,
Kepler-1559,63213956,0.89054,,0.89,,5216.81,4.48815,,1.26017,,0.5292026,DWARF,,,
Kepler-156,122374620,0.7905,,0.84,,5039.78,4.56654,,1.70049,,0.363199383,DWARF,,,
Kepler-1560,63373449,1.00011,0.0475076,1.005,0.128767,5658.26,4.44013,0.0777604,1.00466,0.213215,0.9236883,DWARF,0.000522142,0.113155067,502
Kepler-1561,272716728,1.00439,,1.01,,5692.0,4.43858,,0.996814,,0.954023659,DWARF,,,
Kepler-1562,271040678,1.75955,,1.03,,5771.76,3.9601,,0.189073,,3.0955162,DWARF,,,
Kepler-1563,299028607,,,,,5599.01,,,,,,DWARF,,,
Kepler-1564,159395366,0.965104,,0.95,,5435.0,4.44664,,1.05682,,0.7322195,DWARF,,,
Kepler-1566,237191392,0.784518,,0.85,,5068.0,4.57828,,1.76039,,0.365802854,DWARF,,,
Kepler-1567,121013472,0.935994,,0.98,,5562.0,4.48675,,1.19511,,0.7553795,DWARF,,,
Kepler-1568,158984590,1.26451,,1.09,,5954.0,4.27165,,0.539088,,1.81040037,DWARF,,,
Kepler-1569,137488218,1.32262,,1.14,,6087.94,4.2521,,0.492715,,2.16495633,DWARF,,,
Kepler-1570,269270853,1.7202,,0.99,,5586.0,3.96255,,0.194492,,2.59569931,DWARF,,,
Kepler-1571,185062313,1.33016,,0.99,,5595.94,4.18589,,0.420649,,1.56313789,DWARF,,,
Kepler-1572,123413463,1.46132,,1.08,,5917.22,4.142,,0.346092,,2.35859466,DWARF,,,
Kepler-1573,26752863,1.22919,,1.02,,5737.0,4.26743,,0.549216,,1.47459269,DWARF,,,
Kepler-1574,26583108,1.22293,,1.02,,5710.0,4.27187,,0.557698,,1.43231881,DWARF,,,
Kepler-1575,270699185,0.982139,,1.02,,5701.0,4.46232,,1.07667,,0.9180049,DWARF,,,
Kepler-1576,121865123,0.96195,0.0412412,1.01,0.124575,5674.51,4.47608,0.070594,1.13465,0.217033,0.8643973,DWARF,0.0005543677,0.143652245,445
Kepler-1577,240177285,0.750229,,0.75,,4698.0,4.56274,,1.77615,,0.247021,DWARF,,,
Kepler-1578,158662813,0.888146,,0.98,,5569.0,4.53232,,1.39885,,0.6835539,DWARF,,,
Kepler-1579,275571034,,,,,,,,,,,GIANT,,,
Kepler-158,120103325,0.650925,,0.73,,4628.0,4.67433,,2.64685,,0.175117671,DWARF,,,
Kepler-1580,120688631,2.57556,0.131166,1.16,0.163122,6130.0,3.68078,0.0842742,0.0678954,0.0157387,8.438817,DWARF,0.00019377064,0.07105788,307
Kepler-1581,121215710,1.45368,0.0714221,1.1,0.145215,5995.2,4.15452,0.0803086,0.358082,0.0805656,2.45951319,DWARF,0.000498595939,0.0577018633,370
Kepler-1582,122065885,0.214913,0.00659114,0.183955,0.0201258,3148.0,5.03825,0.0210584,18.5321,0.328561,0.00408657035,DWARF,0.0009052527,0.09489232,471
Kepler-1583,158270841,1.06779,0.0618543,0.97,0.126769,5529.03,4.36787,0.0857769,0.796728,0.194985,0.959985852,DWARF,0.000655992,0.8741227,259
Kepler-1584,158556108,1.22504,,1.12,,6030.0,4.31099,,0.609213,,1.78757071,DWARF,,,
Kepler-1586,273866337,1.07345,0.0475126,1.186,0.168809,6190.32,4.45059,0.0806016,0.958815,0.207146,1.52445161,DWARF,5.775888e-05,0.09802658,781
Kepler-1587,26656768,1.37592,,1.08,,5936.0,4.19431,,0.414616,,2.11765766,DWARF,,,
Kepler-1588,298965827,1.48384,,1.01,,5697.81,4.09962,,0.309146,,2.09073043,DWARF,,,
Kepler-1589,377909767,1.38239,,1.08,,5934.0,4.19023,,0.408823,,2.134734,DWARF,,,
Kepler-159,169082553,0.69737,,0.7,,4477.0,4.59624,,2.06399,,0.176023051,DWARF,,,
Kepler-1590,26416803,0.992163,,1.11,,6010.0,4.49022,,1.13651,,1.15706837,DWARF,,,
Kepler-1591,272491028,1.51497,,1.11,,6020.0,4.12258,,0.319234,,2.71575284,DWARF,,,
Kepler-1592,138364751,1.60695,,1.15,,6097.0,4.08676,,0.277135,,3.21487,DWARF,,,
Kepler-1594,270695341,0.970822,,1.06,,5857.0,4.48909,,1.15848,,0.9992521,DWARF,,,
Kepler-1595,279915521,0.827444,,0.87,,5148.0,4.54211,,1.53569,,0.4332372,DWARF,,,
Kepler-1596,350813882,1.69595,,1.01,,5679.0,3.98356,,0.207053,,2.695309,DWARF,,,
Kepler-1597,158722002,1.352,,1.27,,6374.0,4.27992,,0.513897,,2.71828246,DWARF,,,
Kepler-1598,158730471,0.952578,,1.04,,5781.61,4.4973,,1.20318,,0.9134626,DWARF,,,
Kepler-1599,120768052,1.33622,,1.02,,5737.0,4.19491,,0.427528,,1.74257362,DWARF,,,
Kepler-16,299096355,0.768606,0.0706834,0.63,0.0782086,4018.2,4.466,0.109674,1.38749,0.461991,0.138748631,DWARF,0.003251942,0.169398278,244
Kepler-160,158555483,1.08187,,0.99,,5609.0,4.36535,,0.781828,,1.04372454,DWARF,,,
Kepler-1600,137151626,0.865862,,0.86,,5102.0,4.49767,,1.32481,,0.457671285,DWARF,,,
Kepler-1601,120571308,1.04837,,1.08,,5920.0,4.43046,,0.937304,,1.21621537,DWARF,,,
Kepler-1602,138299395,1.10662,0.0488945,1.17,0.161859,6161.41,4.41825,0.0775262,0.863348,0.182936,1.59006643,DWARF,3.971943e-05,0.482394576,839
Kepler-1603,271537714,2.10317,,1.1,,5974.0,3.83371,,0.118242,,5.07577944,DWARF,,,
Kepler-1604,351911398,0.777791,,0.78,,4832.0,4.54844,,1.6577,,0.297117472,DWARF,,,
Kepler-1605,158394902,2.1319,,,,5117.19,,,,,,GIANT,,,
Kepler-1606,158218731,0.827593,,0.94,,5400.0,4.57556,,1.65836,,0.524690449,DWARF,,,
Kepler-1607,272179260,2.16832,,1.07,,5894.79,3.7952,,0.104958,,5.114638,DWARF,,,
Kepler-1608,184088195,,,,,,,,,,,GIANT,,,
Kepler-1609,122302031,1.71327,,1.05,,5826.0,3.9916,,0.20879,,3.04670429,DWARF,,,
Kepler-161,159444082,0.7993,,0.827,,4992.0,4.55015,,1.61948,,0.357447684,DWARF,,,
Kepler-1611,27846759,,,,,,,,,,,DWARF,,,
Kepler-1613,159180076,1.91961,,1.11,,6014.0,3.91696,,0.156922,,4.34284353,DWARF,,,
Kepler-1614,48451562,0.935067,,0.86,,5107.0,4.43088,,1.05189,,0.535850942,DWARF,,,
Kepler-1615,158217620,1.62218,,1.01,,5670.0,4.02219,,0.236604,,2.4503386,DWARF,,,
Kepler-1616,158274583,1.80461,,1.19,,6202.69,4.00085,,0.202486,,4.342932,DWARF,,,
Kepler-1617,158625761,1.37549,,1.1,,5988.14,4.20255,,0.42269,,2.191674,DWARF,,,
Kepler-1618,271546110,1.80467,,1.28,,6391.96,4.03248,,0.217779,,4.89809227,DWARF,,,
Kepler-1619,279913760,1.47942,0.066412,1.02,0.128112,5724.26,4.10649,0.0719155,0.315013,0.0639246,2.11715651,DWARF,0.000322465581,0.0386968367,306
Kepler-162,273036401,1.20802,,1.03,,5743.0,4.28675,,0.584265,,1.43021548,DWARF,,,
Kepler-1620,273045068,,,,,,,,,,,DWARF,,,
Kepler-1621,273238089,1.43064,,1.26,,6355.0,4.22738,,0.430307,,3.007586,DWARF,,,
Kepler-1622,273047792,1.28583,0.0664824,1.24,0.190961,6309.49,4.31312,0.0912744,0.583269,0.146193,2.360696,DWARF,0.000358936959,0.2783245,606
Kepler-1624,137683938,0.567309,0.0175218,0.560561,0.0207092,3579.0,4.67905,0.0107839,3.07018,0.171307,0.0475752242,DWARF,0.000288680079,0.450063139,861
Kepler-1626,184559893,1.50068,,1.42,,6697.0,4.23778,,0.42017,,4.081233,DWARF,,,
Kepler-1627,120105470,0.754519,0.0404347,0.99,0.129324,5580.71,4.67836,0.0827901,2.30476,0.536096,0.497499257,DWARF,0.0010206541,0.08302169,317
Kepler-1628,123362984,,,,,,,,,,,DWARF,,,
Kepler-1629,351766445,0.878763,0.0438644,1.01,0.127223,5699.0,4.55465,0.0773301,1.48835,0.322306,0.7338935,DWARF,0.000985255,0.0413873941,251
Kepler-163,271355638,0.97077,,0.94,,5410.9,4.43696,,1.02749,,0.727788746,DWARF,,,
Kepler-1630,273237673,0.719935,,0.748,,4689.0,4.59738,,2.00457,,0.225736737,DWARF,,,
Kepler-1632,271046694,1.48749,0.0658694,1.1,0.136349,5979.67,4.13455,0.0740243,0.33422,0.0678917,2.54865074,DWARF,0.000347778754,0.18214035,618
Kepler-1633,158789121,1.84201,,1.18,,6168.72,3.97936,,0.1888,,4.42650652,DWARF,,,
Kepler-1634,270857293,0.884374,,0.9,,5269.14,4.49904,,1.30117,,0.5431572,DWARF,,,
Kepler-1635,164891054,0.889688,,0.89,,5209.0,4.48898,,1.2638,,0.5250338,DWARF,,,
Kepler-1637,48131596,,,,,,,,,,,DWARF,,,
Kepler-1638,27529656,1.62302,,1.03,,5745.0,4.03026,,0.240917,,2.58524513,DWARF,,,
Kepler-1639,48217852,1.03264,,1.18,,6175.0,4.48205,,1.07162,,1.39681041,DWARF,,,
Kepler-164,158561894,1.02132,,1.14,,6095.0,4.47665,,1.0701,,1.29691315,DWARF,,,
Kepler-1640,377915723,,,,,,,,,,,DWARF,,,
Kepler-1641,184426431,1.05573,,1.13,,6057.0,4.44404,,0.960317,,1.35155678,DWARF,,,
Kepler-1642,273036122,0.805577,,0.855,,5095.0,4.55782,,1.63548,,0.393989831,DWARF,,,
Kepler-1644,279917005,,,,,5706.14,,,,,,DWARF,,,
Kepler-1645,28229515,1.52015,,1.01,,5680.0,4.07861,,0.287515,,2.1670177,DWARF,,,
Kepler-1646,158552258,0.373314,0.0110877,0.361077,0.0202143,3391.0,4.85152,0.00146661,6.94028,0.229615,0.0166017711,DWARF,0.0006728282,0.707512259,355
Kepler-1647,170344769,2.18702,,1.16,,6140.8,3.82282,,0.110892,,6.12774944,DWARF,,,
Kepler-1649,137558813,0.23113,0.00718301,0.200732,0.0201914,3269.0,5.01297,0.0168309,16.2573,0.12419,0.005496257,DWARF,0.000853375648,0.137463391,587
Kepler-165,123129877,0.727855,,0.87,,5155.0,4.6535,,2.25623,,0.337054074,DWARF,,,
Kepler-1650,273502299,0.365733,0.0110327,0.352361,0.0203288,3419.0,4.85873,0.00112615,7.2027,0.235991,0.0164671876,DWARF,0.000596405356,0.9339086,937
Kepler-1651,48353358,0.460619,0.0505553,0.57,0.0845327,3759.27,4.86726,0.135649,5.83242,2.41802,0.0381762236,DWARF,0.00299978675,0.377116621,215
Kepler-1652,27187450,,,,,,,,,,,GIANT,,,
Kepler-1654,123417316,1.12559,0.0511357,0.99,0.123927,5616.6,4.33094,0.0738913,0.694215,0.138919,1.13592422,DWARF,0.000465563469,0.0154369455,257
Kepler-1655,120973167,1.07563,0.0571608,1.123,0.140758,6043.43,4.42512,0.0818093,0.902383,0.204118,1.39044738,DWARF,0.00189043442,0.0135012828,353
Kepler-1656,120255950,1.05178,0.0430553,1.014,0.125475,5696.0,4.40025,0.0686936,0.871486,0.161101,1.04912281,DWARF,0.002025127,0.014634978,311
Kepler-166,26814955,0.781826,,0.89,,5230.0,4.60124,,1.86234,,0.412023157,DWARF,,,
Kepler-1660_A,122446960,1.88142,,1.24,,6305.24,3.98252,,0.186194,,5.040483,DWARF,,,
Kepler-1661,164886585,0.730679,,0.85,,5070.9,4.64003,,2.1789,,0.31804508,DWARF,,,
Kepler-1663,407001589,0.62859,0.0195046,0.610816,0.0207434,3844.0,4.62724,0.0122058,2.45928,0.145663,0.07772543,DWARF,0.000298617,0.158982784,303
Kepler-1664,399860388,,,,,5735.81,,,,,,DWARF,,,
Kepler-1665,122442334,0.777785,,0.842,,5049.84,4.58166,,1.7895,,0.3544253,DWARF,,,
Kepler-1666,273685548,1.14586,,1.23,,6293.0,4.40971,,0.817551,,1.85517836,DWARF,,,
Kepler-1667,48353636,1.08751,,1.09,,5941.54,4.40263,,0.84747,,1.32788074,DWARF,,,
Kepler-1669,169457234,0.714145,,0.67,,4303.0,4.55657,,1.83957,,0.157526329,DWARF,,,
Kepler-1670,159375845,1.51889,,1.05,,5838.0,4.0962,,0.299647,,2.41436934,DWARF,,,
Kepler-1671,137337090,0.929771,0.0563819,0.866,0.108997,5135.55,4.43883,0.0893198,1.07743,0.274567,0.541745,DWARF,0.000621045532,0.363481134,633
Kepler-1672,170236331,1.08841,0.055186,1.16,0.161854,6131.95,4.42894,0.0845493,0.899667,0.20694,1.50894439,DWARF,6.911814e-05,0.367852628,1301
Kepler-1673,377782148,1.13166,,1.11,,6014.95,4.37596,,0.7659,,1.51027691,DWARF,,,
Kepler-1674,271256817,0.877273,,0.96,,5473.91,4.53407,,1.42189,,0.6225226,DWARF,,,
Kepler-1675,350987771,1.12865,,1.06,,5853.19,4.35826,,0.737277,,1.34704483,DWARF,,,
Kepler-1676,1716650499,,,,,,,,,,,,,,
Kepler-1677,274198958,1.24959,,1.11,,6013.72,4.28986,,0.568885,,1.83992422,DWARF,,,
Kepler-1678,137687119,0.834976,,1.03,,5754.0,4.60756,,1.76936,,0.688528359,DWARF,,,
Kepler-1679,27006340,0.873196,,0.96,,5501.0,4.53812,,1.4419,,0.629049361,DWARF,,,
Kepler-1680,169079027,0.723259,,0.834,,5021.0,4.64065,,2.20437,,0.299531758,DWARF,,,
Kepler-1681,272602477,,,,,5756.4,,,,,,DWARF,,,
Kepler-1683,274126997,0.900327,,0.95,,5429.0,4.50699,,1.30174,,0.6344168,DWARF,,,
Kepler-1686,63005636,1.19951,,1.02,,5714.96,4.28866,,0.591008,,1.382777,DWARF,,,
Kepler-1687,416281238,0.726119,,0.65,,4132.0,4.52897,,1.69781,,0.138468638,DWARF,,,
Kepler-1688,122068161,,,,,4632.11,,,,,,GIANT,,,
Kepler-1689,137218786,0.996208,0.0497563,1.023,0.127157,5731.43,4.45124,0.0772642,1.03473,0.224385,0.9648206,DWARF,0.0008880811,0.9945596,731
Kepler-169,120689253,0.774293,,0.81,,4930.0,4.56874,,1.74489,,0.319075525,DWARF,,,
Kepler-1690,121462999,0.862346,,0.94,,5404.0,4.53983,,1.46583,,0.571372,DWARF,,,
Kepler-1691,120819731,1.13152,,1.11,,6000.0,4.37607,,0.766198,,1.49493,DWARF,,,
Kepler-1693,406948151,0.878295,,0.95,,5432.34,4.52851,,1.40217,,0.605234265,DWARF,,,
Kepler-1694,138425797,0.756284,,0.82,,4954.0,4.59451,,1.89565,,0.3103763,DWARF,,,
Kepler-1697,158551360,0.772344,0.0651959,0.747,0.0935917,4681.53,4.53577,0.102773,1.62139,0.490335,0.258147418,DWARF,0.0009462247,0.114976473,384
Kepler-1698,138105005,0.741698,0.0488316,0.822,0.0962514,4975.03,4.61249,0.0889033,2.01461,0.523777,0.3036206,DWARF,0.000106556559,0.179475948,810
Kepler-1699,26584080,,,,,5575.53,,,,,,DWARF,,,
Kepler-17,273874849,1.01034,,1.04,,5781.0,4.44616,,1.00839,,1.027175,DWARF,,,
Kepler-170,120253745,1.04076,,0.96,,5483.0,4.38564,,0.851567,,0.8820015,DWARF,,,
Kepler-1700,158325998,1.0937,,1.12,,6031.0,4.40949,,0.856088,,1.425778,DWARF,,,
Kepler-1701,120899838,0.840217,,0.87,,5146.0,4.5288,,1.46671,,0.446022242,DWARF,,,
Kepler-1702,164830907,0.725742,,0.85,,5093.0,4.64592,,2.22368,,0.319266826,DWARF,,,
Kepler-1704,350738167,1.72553,0.08149,1.02,0.123222,5725.02,3.97282,0.0738944,0.198532,0.0416148,2.881702,DWARF,0.000297948223,0.0676167458,287
Kepler-1705,185335907,1.29308,,1.27,,6362.0,4.31862,,0.587396,,2.467845,DWARF,,,
Kepler-1709,164464070,1.13513,0.0555905,1.039,0.125976,5789.91,4.34459,0.0736283,0.710361,0.141277,1.30458629,DWARF,0.00125708419,0.265707135,216
Kepler-171,239229224,0.997769,,0.97,,5521.0,4.42678,,0.976521,,0.833347,DWARF,,,
Kepler-1710,137316027,0.910598,0.0441055,0.983,0.126879,5572.0,4.51197,0.075717,1.30189,0.272306,0.720099449,DWARF,8.429477e-05,0.2894774,762
Kepler-1711,273778951,1.08991,,,,5745.26,,,,,,DWARF,5.025735e-05,0.337361217,994
Kepler-1712,48503881,0.583435,0.0173539,0.574359,0.0202967,3833.0,4.66527,0.0104898,2.89205,0.156086,0.06619649,DWARF,0.00111372862,0.337028533,212
Kepler-1713,158432813,1.4527,0.0726382,1.25,0.18866,6334.8,4.21063,0.0907952,0.407743,0.101389,3.06178927,DWARF,0.00139904511,0.0563669428,342
Kepler-1714,270698316,2.15632,0.111272,1.14,0.153977,6088.22,3.82755,0.0860214,0.113701,0.0276258,5.7554884,DWARF,0.00076303567,0.0528990626,504
Kepler-1715,138431008,1.47908,0.0919098,1.12,0.152014,6033.33,4.1473,0.0893153,0.346134,0.0852889,2.611592,DWARF,0.000493059051,0.08959016,691
Kepler-1716,273035189,0.701328,0.0455879,0.779,0.0928874,4813.46,4.63776,0.0866112,2.25826,0.564299,0.23788479,DWARF,0.000120580684,0.157606751,876
Kepler-1717,27396246,1.51748,0.0763267,1.37,0.227268,6591.89,4.21254,0.0954063,0.392056,0.100626,3.91726565,DWARF,0.000279821921,0.5236259,448
Kepler-1718,63212231,0.933238,0.0491155,1.053,0.12747,5839.24,4.52051,0.0763283,1.29554,0.28082,0.912230432,DWARF,0.000770996441,0.4904008,536
Kepler-1719,120314731,1.84376,0.0959546,1.03,0.126199,5752.63,3.9195,0.0787788,0.164333,0.0362302,3.35405016,DWARF,0.000212151383,0.0485621877,335
Kepler-172,237157751,1.08963,,0.95,,5429.0,4.34124,,0.734329,,0.92924273,DWARF,,,
Kepler-1720,272839596,0.793371,,0.92,,5340.0,4.6029,,1.84229,,0.4611189,DWARF,,,
Kepler-1721,164527535,0.780964,,0.87,,5168.0,4.59232,,1.82653,,0.391964823,DWARF,,,
Kepler-1722,360023124,0.937744,,0.94,,5406.0,4.46703,,1.13992,,0.6766557,DWARF,,,
Kepler-1723,271040560,1.07937,,1.01,,5665.31,4.37605,,0.803173,,1.08126247,DWARF,,,
Kepler-1725,377908774,1.10308,0.0492161,1.17,0.161055,6161.0,4.42104,0.0807615,0.871684,0.192566,1.579492,DWARF,4.707481e-05,0.7085418,854
Kepler-1726,164721250,0.763872,,0.92,,5338.0,4.63581,,2.06408,,0.426824778,DWARF,,,
Kepler-1727,122376998,0.889319,,0.91,,5298.27,4.49899,,1.29381,,0.5614948,DWARF,,,
Kepler-1728,121085785,0.818491,,0.83,,5021.0,4.53112,,1.51369,,0.383604169,DWARF,,,
Kepler-1729,272708868,0.796785,,0.69,,4414.0,4.47424,,1.36404,,0.217123,DWARF,,,
Kepler-173,378160351,1.14448,,1.0,,5629.05,4.32085,,0.667073,,1.18482172,DWARF,,,
Kepler-1730,351803524,1.15841,,0.99,,5598.0,4.30598,,0.636868,,1.18727219,DWARF,,,
Kepler-1731,137099260,0.689105,0.0505125,0.808,0.0988204,4923.57,4.66891,0.0974389,2.4692,0.715527,0.251411825,DWARF,8.55404141e-05,6.977926,892
Kepler-1732,137547023,1.37369,,1.05,,5838.73,4.18348,,0.405063,,1.975813,DWARF,,,
Kepler-1733,122781795,1.38712,,1.23,,6276.71,4.24374,,0.460852,,2.690617,DWARF,,,
Kepler-1734,138636741,1.12567,,1.08,,5910.67,4.36867,,0.757169,,1.39335656,DWARF,,,
Kepler-1735,123206821,0.558075,0.0164508,0.55246,0.0202048,3888.0,4.68698,0.00972119,3.17851,0.165048,0.06411872,DWARF,0.0005023324,0.0308934972,170
Kepler-1737,272842268,,,,,,,,,,,GIANT,,,
Kepler-1738,272080244,1.01798,,1.02,,5703.0,4.43119,,0.966909,,0.987607658,DWARF,,,
Kepler-1739,272279981,0.871746,,1.02,,5703.0,4.56589,,1.53968,,0.724249661,DWARF,,,
Kepler-174,158434144,0.774168,,0.76,,4724.0,4.54121,,1.63798,,0.268908471,DWARF,,,
Kepler-1740,138479461,0.931052,,1.02,,5714.58,4.50872,,1.2638,,0.8328745,DWARF,,,
Kepler-1741,137689252,0.53995,,0.591,,3842.11,4.74495,,3.75429,,0.05723746,DWARF,,,
Kepler-1742,158326424,0.865348,,0.99,,5582.0,4.55932,,1.52779,,0.65499115,DWARF,,,
Kepler-1743,290035649,2.09988,0.115668,1.0,0.124603,5624.37,3.79368,0.0810274,0.107998,0.0252889,3.9753952,DWARF,0.0004554211,0.0361859947,305
Kepler-1744,159575346,0.941344,,1.0,,5623.54,4.49057,,1.19882,,0.798419356,DWARF,,,
Kepler-1745,270525576,1.08087,,0.98,,5572.72,4.36175,,0.776074,,1.01510775,DWARF,,,
Kepler-1746,158722379,1.49962,,1.22,,6270.99,4.17247,,0.361757,,3.133294,DWARF,,,
Kepler-1747,164670571,0.982546,,0.88,,5174.0,4.39784,,0.927734,,0.6233134,DWARF,,,
Kepler-1748,158112888,0.770843,,0.93,,5376.0,4.63262,,2.03041,,0.447161227,DWARF,,,
Kepler-1749,159389232,0.621183,,0.66,,4238.82,4.67117,,2.7535,,0.112231396,DWARF,,,
Kepler-175,159099116,1.27267,,1.02,,5721.0,4.23723,,0.494821,,1.56321061,DWARF,,,
Kepler-1750,424864368,1.19297,,0.96,,5474.0,4.26708,,0.565435,,1.1512593,DWARF,,,
Kepler-1751,48451491,1.05701,,1.02,,5732.0,4.39851,,0.863699,,1.08662033,DWARF,,,
Kepler-1752,417655835,0.774842,,0.89,,5214.0,4.60903,,1.91315,,0.39976567,DWARF,,,
Kepler-1753,158664331,0.697488,,0.83,,5007.0,4.67007,,2.44607,,0.2754724,DWARF,,,
Kepler-1754,27532561,0.794505,,0.72,,4553.0,4.49521,,1.43563,,0.244387329,DWARF,,,
Kepler-1755,239225129,1.17647,,1.2,,6229.0,4.37608,,0.736945,,1.87729406,DWARF,,,
Kepler-1757,273378480,0.822254,,0.87,,5146.0,4.54757,,1.56495,,0.427155674,DWARF,,,
Kepler-1758,169932440,1.62104,,1.1,,5995.0,4.05987,,0.258232,,3.05801487,DWARF,,,
Kepler-1759,267989857,0.732008,,0.796,,4878.0,4.60995,,2.02939,,0.273333549,DWARF,,,
Kepler-176,271159950,0.821202,,0.84,,5047.0,4.53345,,1.5168,,0.394210428,DWARF,,,
Kepler-1760,48421060,,,,,,,,,,,DWARF,,,
Kepler-1761,48421337,0.599209,0.0179721,0.587443,0.0203821,3802.0,4.65188,0.010985,2.73043,0.151171,0.0675927,DWARF,0.000634732656,0.0186116882,215
Kepler-1763,138575125,1.28177,,1.1,,5969.97,4.26384,,0.522348,,1.88020551,DWARF,,,
Kepler-1764,138431522,1.45028,,1.14,,6085.02,4.17207,,0.37372,,2.598056,DWARF,,,
Kepler-1765,273773509,0.887668,,1.006,,5665.0,4.54416,,1.43829,,0.7311319,DWARF,,,
Kepler-1766,270958237,1.21593,0.0700502,1.039,0.130997,5788.86,4.28487,0.0847617,0.577956,0.135695,1.49582469,DWARF,0.000541370129,0.120802462,509
Kepler-1768,239236731,1.18107,0.054191,1.22,0.182699,6264.0,4.37988,0.0852749,0.740513,0.16647,1.93487561,DWARF,3.83681472e-05,0.148127288,815
Kepler-1769,271261159,1.12015,0.0506533,1.18,0.16117,6173.0,4.4114,0.0786032,0.839573,0.181619,1.64145422,DWARF,0.000701732351,0.188831374,602
Kepler-177,158172348,1.30556,,1.04,,5800.0,4.22351,,0.467351,,1.737802,DWARF,,,
Kepler-1770,268603980,0.859459,,0.97,,5520.0,4.55639,,1.5279,,0.617875934,DWARF,,,
Kepler-1771,26583944,,,,,5769.62,,,,,,DWARF,,,
Kepler-1772,122062591,1.84111,0.0960303,0.99,0.127755,5582.0,3.90354,0.0795394,0.158634,0.0349886,2.96492052,DWARF,0.00019275918,0.3179744,503
Kepler-1773,120763491,1.40991,0.0668292,1.16,0.159397,6136.0,4.20414,0.0838119,0.413887,0.0940069,2.538752,DWARF,0.0003662896,0.138870031,413
Kepler-1774,121660779,1.17485,,1.09,,5942.35,4.33553,,0.672168,,1.5505774,DWARF,,,
Kepler-1775,120892579,1.26615,0.0911307,1.08,0.150278,5910.19,4.26652,0.10245,0.532066,0.154525,1.7622714,DWARF,0.000344087457,0.3638769,342
Kepler-1776,159728250,1.13226,,1.09,,5961.17,4.3676,,0.750906,,1.45852828,DWARF,,,
Kepler-1777,122374509,1.0225,,0.99,,5600.06,4.41438,,0.926086,,0.9263772,DWARF,,,
Kepler-1778,158433884,1.08028,,1.06,,5875.0,4.3963,,0.8408,,1.25256848,DWARF,,,
Kepler-1779,239309962,0.96333,,1.02,,5714.0,4.47912,,1.14097,,0.8912633,DWARF,,,
Kepler-178,158394235,0.893476,,0.94,,5418.0,4.50903,,1.31789,,0.619749963,DWARF,,,
Kepler-1780,270862497,0.895253,,0.93,,5385.22,4.50266,,1.29612,,0.6072962,DWARF,,,
Kepler-1782,123202646,0.741337,,0.79,,4867.0,4.59566,,1.93901,,0.277825356,DWARF,,,
Kepler-1783,168811794,0.758799,0.0554824,0.859,0.105138,5111.02,4.61181,0.0964148,1.96613,0.54508,0.35398,DWARF,8.842528e-05,0.6162707,993
Kepler-1784,273690421,0.966878,,0.96,,5475.0,4.44959,,1.06208,,0.756789148,DWARF,,,
Kepler-1786,137687477,1.22294,,1.02,,5718.47,4.27186,,0.557678,,1.44087219,DWARF,,,
Kepler-1787,158983401,0.881855,,1.04,,5808.0,4.56431,,1.5165,,0.7972527,DWARF,,,
Kepler-1788,159646433,0.756384,,0.74,,4670.0,4.54982,,1.71004,,0.245158225,DWARF,,,
Kepler-1789,377730967,0.845417,,0.96,,5495.0,4.5662,,1.58876,,0.58709383,DWARF,,,
Kepler-179,268057162,0.888685,,0.89,,5218.43,4.48996,,1.26808,,0.5276549,DWARF,,,
Kepler-1790,271164778,1.38843,,1.15,,6108.0,4.21372,,0.429665,,2.417332,DWARF,,,
Kepler-1791,164728985,1.17967,,,,6122.0,,,,,,DWARF,0.000400470948,0.009005229,288
Kepler-1792,138805992,0.746776,,0.825,,4985.0,4.60814,,1.981,,0.310267031,DWARF,,,
Kepler-1795,120893436,,,,,,,,,,,DWARF,,,
Kepler-1798,137315414,0.641076,,0.65,,4155.94,4.63716,,2.46709,,0.1104564,DWARF,,,
Kepler-1799,298961646,1.55873,,0.97,,5540.0,4.0393,,0.256128,,2.06194448,DWARF,,,
Kepler-18,273690178,0.951815,0.0605025,0.927,0.121812,5359.0,4.44804,0.0848152,1.07503,0.247277,0.673186,DWARF,5.33940656e-05,0.08031012,789
Kepler-180,27532033,0.968088,,0.95,,5437.0,4.44396,,1.04708,,0.7378391,DWARF,,,
Kepler-1800,169814632,0.988327,0.0677764,0.89,0.112391,5211.68,4.39766,0.0964169,0.921909,0.258597,0.6492427,DWARF,5.9166854e-05,0.425664872,1191
Kepler-1801,139034625,0.866395,,0.95,,5455.0,4.54036,,1.46075,,0.5988325,DWARF,,,
Kepler-1805,120422519,0.596385,0.017751,0.585129,0.020302,3796.0,4.65427,0.010786,2.75849,0.150822,0.06653543,DWARF,0.0005250269,0.0288846716,337
Kepler-1806,399954605,0.782974,,0.85,,5078.0,4.57999,,1.77083,,0.367248654,DWARF,,,
Kepler-1807,159763602,1.64657,,1.27,,6363.16,4.10871,,0.284488,,4.004479,DWARF,,,
Kepler-1808,121215333,1.02834,,0.96,,5491.0,4.39606,,0.882787,,0.8661186,DWARF,,,
Kepler-1809,122300177,0.799884,,0.808,,4922.21,4.53942,,1.57881,,0.3383682,DWARF,,,
Kepler-181,27767452,0.810966,,0.87,,5153.84,4.55958,,1.63122,,0.418045223,DWARF,,,
Kepler-1810,351057636,0.933466,,0.95,,5453.7,4.47559,,1.16796,,0.694475532,DWARF,,,
Kepler-1811,122294261,1.21043,,1.02,,5733.0,4.28079,,0.575153,,1.42593765,DWARF,,,
Kepler-1812,170346516,1.15231,,1.24,,6317.0,4.40835,,0.810419,,1.904933,DWARF,,,
Kepler-1813,424864367,,,,,,,,,,,DWARF,,,
Kepler-1814,399821831,0.821079,,0.77,,4761.0,4.49579,,1.39103,,0.3120742,DWARF,,,
Kepler-1815,239273090,0.980197,,1.02,,5730.0,4.46404,,1.08308,,0.9331251,DWARF,,,
Kepler-1816,27911400,0.750709,,0.803,,4906.0,4.59184,,1.89802,,0.294136047,DWARF,,,
Kepler-1817,351804260,0.760218,,0.92,,5318.0,4.63998,,2.09399,,0.416451275,DWARF,,,
Kepler-1818,120251654,1.28905,,1.07,,5908.0,4.24691,,0.499543,,1.82388508,DWARF,,,
Kepler-1819,272596372,1.14482,,1.01,,5670.0,4.32492,,0.673153,,1.2203896,DWARF,,,
Kepler-182,267672183,1.4297,,1.07,,5883.25,4.15696,,0.366139,,2.20625353,DWARF,,,
Kepler-1821,27187386,0.946827,,0.97,,5524.03,4.4723,,1.14277,,0.752072752,DWARF,,,
Kepler-1823,164559875,1.20744,0.0576181,1.19,0.174255,6198.0,4.34988,0.0855234,0.675998,0.154572,1.93836343,DWARF,0.0004230461,0.09429337,250
Kepler-1824,360023295,1.01591,,1.25,,6319.0,4.52126,,1.19218,,1.482522,DWARF,,,
Kepler-1825,63282889,0.716362,,0.835,,5021.85,4.64949,,2.27137,,0.294045985,DWARF,,,
Kepler-1826,26749051,0.604869,0.0185409,0.592043,0.0206146,3890.0,4.6471,0.011505,2.67528,0.153108,0.0754772,DWARF,0.000293849473,0.131615877,387
Kepler-1827,137555923,2.01879,,,,5147.73,,,,,,GIANT,,,
Kepler-1828,137638020,0.959127,,0.97,,5528.0,4.46109,,1.09937,,0.773961544,DWARF,,,
Kepler-1829,299028577,0.828392,,0.84,,5055.0,4.52587,,1.47765,,0.403693318,DWARF,,,
Kepler-1830,138968107,1.75079,,1.22,,6273.82,4.03796,,0.227331,,4.27848768,DWARF,,,
Kepler-1831,27456723,0.94831,,1.03,,5774.0,4.497,,1.20778,,0.9005382,DWARF,,,
Kepler-1832,269263219,0.811707,,0.91,,5278.15,4.57831,,1.70155,,0.460702181,DWARF,,,
Kepler-1833,159520040,1.48104,0.0808643,1.15,0.155412,6100.88,4.15763,0.0886012,0.353996,0.0861088,2.7377727,DWARF,0.000461721473,0.144049779,398
Kepler-1835,351799800,1.13324,,1.01,,5672.0,4.33374,,0.69399,,1.19752645,DWARF,,,
Kepler-1837,158665571,0.975451,,0.99,,5619.0,4.45529,,1.06664,,0.8545581,DWARF,,,
Kepler-1838,171585303,1.69886,0.0942863,1.119,0.144562,6031.59,4.02658,0.0842224,0.228223,0.054506,3.44140339,DWARF,4.82939031e-05,1.03653479,1747
Kepler-1839,27082730,1.30932,,1.0,,5633.0,4.20398,,0.445519,,1.55504513,DWARF,,,
Kepler-184,63119782,0.869668,,0.95,,5437.21,4.53708,,1.44432,,0.5955337,DWARF,,,
Kepler-1841,121329580,0.855913,,0.92,,5315.0,4.537,,1.46723,,0.526703954,DWARF,,,
Kepler-1842,158216580,1.03914,,0.98,,5578.0,4.39594,,0.873371,,0.941803753,DWARF,,,
Kepler-1843,137900524,2.2969,,,,5281.7,,,,,,GIANT,,,
Kepler-1844,137817056,1.36208,,1.0,,5633.0,4.16966,,0.395721,,1.68290961,DWARF,,,
Kepler-1845,137892408,0.731848,,0.79,,4836.97,4.60685,,2.01542,,0.264137149,DWARF,,,
Kepler-1846,271044777,0.754888,,0.8,,4895.16,4.58539,,1.8597,,0.2948,DWARF,,,
Kepler-1848,268712158,0.810461,,0.769,,4772.0,4.50653,,1.44454,,0.306874454,DWARF,,,
Kepler-1849,399821807,0.707472,,0.75,,4687.0,4.61371,,2.11804,,0.217616811,DWARF,,,
Kepler-185,123490444,0.724815,,0.85,,5071.0,4.64703,,2.23222,,0.312984854,DWARF,,,
Kepler-1850,158389981,0.697027,,0.678,,4337.0,4.5828,,2.00207,,0.15486455,DWARF,,,
Kepler-1851,352013607,1.12674,,1.0,,5629.0,4.33442,,0.699087,,1.14832723,DWARF,,,
Kepler-1852,121465404,0.8302,,0.81,,4941.0,4.50819,,1.41559,,0.3701002,DWARF,,,
Kepler-1853,164784178,0.768139,,0.77,,4765.0,4.55368,,1.69892,,0.274047345,DWARF,,,
Kepler-1854,120825566,,,,,,,,,,,DWARF,,,
Kepler-1856,27687265,0.962367,,0.79,,4864.0,4.36901,,0.886349,,0.467036,DWARF,,,
Kepler-1857,184556217,1.11667,,1.17,,6147.0,4.4104,,0.840253,,1.60397625,DWARF,,,
Kepler-1858,63205796,0.773028,,0.84,,5058.9,4.58596,,1.81842,,0.352621675,DWARF,,,
Kepler-186,268159861,0.547805,0.0162133,0.543276,0.020248,3876.0,4.69584,0.00952126,3.30478,0.170473,0.0610213429,DWARF,0.0007270121,0.0498770773,864
Kepler-1860,27082724,0.897077,0.0491106,0.96,0.121997,5491.41,4.51468,0.0822017,1.32979,0.30392,0.659310341,DWARF,0.000696691,0.0888035744,386
Kepler-1861,27649489,1.40729,,1.04,,5783.31,4.15833,,0.37315,,1.99602962,DWARF,,,
Kepler-1862,27913951,0.894824,,0.94,,5391.0,4.50772,,1.31194,,0.609322846,DWARF,,,
Kepler-1863,123416041,1.57153,,1.05,,5828.35,4.06661,,0.270533,,2.56757784,DWARF,,,
Kepler-1864,394172692,1.04004,0.0500503,1.031,0.132083,5758.53,4.41722,0.0775046,0.91644,0.199269,1.07162893,DWARF,0.00104283658,0.103853732,474
Kepler-1866,158213683,1.17443,,1.04,,5786.0,4.31545,,0.64203,,1.39270866,DWARF,,,
Kepler-1867,271348323,1.36632,0.0696483,0.991,0.121302,5603.03,4.16304,0.0761836,0.388523,0.0822581,1.657643,DWARF,0.000310229283,0.169476718,672
Kepler-1868,275571117,0.751174,,0.717,,4548.13,4.54211,,1.6916,,0.217523858,DWARF,,,
Kepler-1869,63368895,0.944588,0.0529899,1.034,0.131591,5770.0,4.5021,0.0815314,1.22686,0.279131,0.8910102,DWARF,0.004341412,0.02779237,524
Kepler-187,269264648,1.61568,,1.12,,6030.0,4.07058,,0.265556,,3.10936832,DWARF,,,
Kepler-1870,138433618,0.888229,0.0495527,0.932,0.118901,5378.0,4.51043,0.0830446,1.32997,0.309671,0.5946034,DWARF,5.99548948e-05,0.0607745163,802
Kepler-1871,137634508,1.18198,,0.92,,5318.1,4.25663,,0.557126,,1.00680125,DWARF,,,
Kepler-1872,123230993,0.776212,,0.8,,4897.0,4.5612,,1.7106,,0.312159151,DWARF,,,
Kepler-1874,158219569,,,,,,,,,,,DWARF,,,
Kepler-1875,27912377,1.42986,,1.15,,6100.0,4.18818,,0.393382,,2.550369,DWARF,,,
Kepler-1876,171883078,1.57556,0.0830653,1.067,0.137961,5886.33,4.07136,0.0808471,0.27281,0.0601438,2.684987,DWARF,0.00012121685,0.141315088,1467
Kepler-1877,271355270,1.02263,0.0512713,0.954,0.120852,5459.59,4.39818,0.0791469,0.892045,0.194104,0.837097049,DWARF,0.0010488081,0.1511129,501
Kepler-1878,184998205,1.25218,,1.03,,5744.0,4.25557,,0.524605,,1.5377624,DWARF,,,
Kepler-1879,121944984,1.51298,0.0670753,1.06,0.127146,5854.91,4.10371,0.0713712,0.306063,0.0590404,2.423479,DWARF,0.0003778154,0.0658226758,411
Kepler-188,123235018,1.06544,,1.02,,5704.0,4.39161,,0.843362,,1.08260512,DWARF,,,
Kepler-1880,121333305,0.68972,,0.7,,4483.0,4.60582,,2.13344,,0.173107266,DWARF,,,
Kepler-1882,159449495,1.40555,0.067598,0.98,0.122996,5579.42,4.1336,0.0770004,0.352932,0.0742733,1.72480834,DWARF,0.000503328163,0.7638227,446
Kepler-1884,272707494,1.26017,,1.12,,6031.0,4.28642,,0.559662,,1.89283907,DWARF,,,
Kepler-1885,158839043,0.975378,,0.91,,5280.0,4.41876,,0.980669,,0.6661568,DWARF,,,
Kepler-1886,184417747,0.888635,,0.99,,5581.0,4.53626,,1.4108,,0.6902234,DWARF,,,
Kepler-1887,158844032,0.904093,,0.95,,5443.0,4.50337,,1.28554,,0.6463592,DWARF,,,
Kepler-1888,122066892,1.74099,0.0912863,0.95,0.117195,5426.1,3.9342,0.0784167,0.180027,0.0392191,2.36720729,DWARF,0.000566342438,0.101096116,486
Kepler-189,158494327,0.773127,,0.85,,5073.0,4.59099,,1.83936,,0.356660783,DWARF,,,
Kepler-1890,137754713,1.26559,0.063196,1.1,0.141252,5981.61,4.27487,0.0811895,0.542641,0.123847,1.84737027,DWARF,0.0004599153,0.248731762,709
Kepler-1892,268492383,0.822051,,0.93,,5353.0,4.57675,,1.67412,,0.49989754,DWARF,,,
Kepler-1893,274022334,1.22399,,1.02,,5720.0,4.27111,,0.556241,,1.444897,DWARF,,,
Kepler-1894,27531854,0.817099,,0.96,,5467.0,4.59579,,1.75974,,0.5373285,DWARF,,,
Kepler-1895,26493559,1.06398,,0.8,,4903.0,4.28729,,0.66419,,0.589396238,DWARF,,,
Kepler-1896,394175334,1.15654,,1.08,,5932.0,4.34517,,0.698143,,1.49217165,DWARF,,,
Kepler-1897,138645719,0.863787,,0.82,,4962.0,4.47907,,1.27231,,0.407506853,DWARF,,,
Kepler-1898,121124617,0.817466,0.0439322,0.984,0.119866,5575.0,4.60612,0.0802165,1.8013,0.397005,0.5815861,DWARF,0.0007855331,0.185370564,454
Kepler-1899,137348756,0.685832,,0.76,,4732.81,4.64645,,2.35592,,0.212621048,DWARF,,,
Kepler-19,122375047,0.911823,0.0407035,0.967,0.12012,5511.0,4.50367,0.070297,1.27554,0.24192,0.6909348,DWARF,0.00136090559,0.08607682,787
Kepler-190,158789380,0.774964,,0.85,,5088.0,4.58892,,1.82631,,0.3626151,DWARF,,,
Kepler-1900,63010445,1.25275,,1.06,,5853.0,4.26764,,0.539153,,1.6593504,DWARF,,,
Kepler-1901,159647219,1.03547,,1.01,,5662.0,4.41212,,0.909733,,0.9927634,DWARF,,,
Kepler-1902,63370825,0.612958,0.0198767,0.598534,0.0212502,3875.0,4.6403,0.0127505,2.59894,0.160864,0.07632081,DWARF,0.000195478671,6.30175924,595
Kepler-1903,417655814,1.26609,,1.13,,6069.0,4.28622,,0.556782,,1.95925951,DWARF,,,
Kepler-1904,299089587,0.509063,0.0157014,0.506941,0.0206991,3833.0,4.72948,0.00905631,3.84276,0.198902,0.05039565,DWARF,0.000400706427,0.08332752,239
Kepler-1906,138366224,1.34424,,1.02,,5723.0,4.18971,,0.41992,,1.74640632,DWARF,,,
Kepler-1907,123130285,0.647296,,0.831,,5007.0,4.73546,,3.06402,,0.237252742,DWARF,,,
Kepler-1910,360023069,,,,,,,,,,,GIANT,,,
Kepler-1911,171971636,0.941705,0.0464623,1.012,0.130273,5687.0,4.49542,0.0784558,1.21181,0.262352,0.8357136,DWARF,0.000104451108,0.596095264,1442
Kepler-1912,123444694,0.988958,0.0512814,1.0,0.121432,5641.52,4.44771,0.0764627,1.03387,0.224204,0.8925557,DWARF,0.00112783781,0.185318321,189
Kepler-1913,159304134,0.867406,,1.11,,6005.0,4.60695,,1.70081,,0.8814384,DWARF,,,
Kepler-1914,137151294,1.13513,,1.01,,5664.0,4.33229,,0.690524,,1.19476533,DWARF,,,
Kepler-1916,26751240,1.24474,,1.06,,5852.0,4.27322,,0.549629,,1.63707888,DWARF,,,
Kepler-1917,270857590,0.867011,,0.89,,5229.22,4.51141,,1.36558,,0.506397963,DWARF,,,
Kepler-1919,164459883,0.879764,,0.9,,5257.0,4.50358,,1.32173,,0.532572567,DWARF,,,
Kepler-192,158626833,0.987806,,0.96,,5500.71,4.431,,0.995993,,0.8048463,DWARF,,,
Kepler-1921,239287963,2.22385,0.13588,1.17,0.169401,6156.49,3.81204,0.0958257,0.106382,0.0282662,6.40088034,DWARF,1.85804147e-05,0.594625652,898
Kepler-1922,137548365,1.25398,,1.0,,5626.42,4.24148,,0.507135,,1.41973543,DWARF,,,
Kepler-1923,170346220,,,,,,,,,,,DWARF,,,
Kepler-1924,270705258,1.73618,,1.01,,5683.3,3.9632,,0.19299,,2.83326745,DWARF,,,
Kepler-1925,159177232,1.54405,,1.02,,5731.0,4.06934,,0.277084,,2.31708336,DWARF,,,
Kepler-1927,184427149,2.25422,0.129648,1.11,0.144631,6002.51,3.7774,0.083224,0.096902,0.0231571,5.94319153,DWARF,1.53066121e-05,0.174894124,953
Kepler-1928,122450696,0.946541,0.0531859,0.988,0.130261,5590.44,4.48055,0.0843849,1.16503,0.265031,0.7884206,DWARF,0.0007818238,0.3233817,616
Kepler-1929,269029175,2.03867,0.132789,1.01,0.125543,5686.6,3.8237,0.0885279,0.119202,0.0300814,3.91559148,DWARF,4.149244e-05,0.0930209,734
Kepler-193,272496083,1.0289,,1.12,,6026.0,4.46254,,1.02825,,1.25764239,DWARF,,,
Kepler-1930,169560572,0.757501,0.0594673,0.817,0.0986658,4957.62,4.59152,0.101655,1.87963,0.574197,0.312286764,DWARF,8.053808e-05,0.5173009,1195
Kepler-1931,159571280,1.49349,0.0630352,1.19,0.171158,6205.12,4.16521,0.0812167,0.357224,0.0760832,2.9791975,DWARF,0.000371756876,1.43500221,461
Kepler-1932,120496423,0.847538,,0.86,,5120.0,4.51625,,1.4126,,0.444726884,DWARF,,,
Kepler-1933,120103486,0.884144,0.0395277,1.026,0.128282,5742.17,4.55617,0.0725012,1.48449,0.292338,0.7656765,DWARF,0.000909801,0.0517629646,283
Kepler-1934,122680921,1.09935,0.0619975,1.059,0.129885,5859.78,4.38069,0.0789101,0.797045,0.180682,1.283794,DWARF,0.0005626264,0.132347986,667
Kepler-1935,184469205,1.28409,,0.99,,5598.0,4.21651,,0.467576,,1.45886385,DWARF,,,
Kepler-1936,159451957,1.37635,0.0735176,1.28,0.20212,6397.79,4.26782,0.0936995,0.490937,0.127058,2.85937357,DWARF,0.000304990244,0.472218037,402
Kepler-1937,122597057,1.11386,,1.18,,6169.0,4.41629,,0.853859,,1.618891,DWARF,,,
Kepler-1938,171972797,0.751226,,0.724,,4582.0,4.54626,,1.70776,,0.224107742,DWARF,,,
Kepler-1939,120578688,0.641737,0.054108,0.712,0.083508,4525.59,4.67583,0.102614,2.69406,0.83883,0.155636057,DWARF,0.00123456458,0.0323742852,304
Kepler-194,63070427,1.06547,,1.02,,5731.0,4.39159,,0.843289,,1.10331333,DWARF,,,
Kepler-1941,351191396,1.39436,,1.23,,6283.0,4.23922,,0.453713,,2.72968316,DWARF,,,
Kepler-1942,271350547,0.963936,,1.0,,5630.0,4.46997,,1.11649,,0.8410559,DWARF,,,
Kepler-1943,138100223,1.69306,,1.02,,5732.29,3.98932,,0.210177,,2.78837156,DWARF,,,
Kepler-1944,184554636,1.04867,,0.93,,5374.0,4.36527,,0.806433,,0.826345861,DWARF,,,
Kepler-1945,123408849,,,,,,,,,,,GIANT,,,
Kepler-1946,123451321,0.877155,,0.9,,5249.0,4.50616,,1.33356,,0.526203454,DWARF,,,
Kepler-1947,272180236,1.05358,0.0456432,1.104,0.140341,5992.88,4.4357,0.0750341,0.943996,0.192575,1.28994071,DWARF,5.92355282e-05,0.3152285,868
Kepler-1948,158489110,0.799053,,0.611,,3932.0,4.41896,,1.19761,,0.137499213,DWARF,,,
Kepler-1949,270611599,2.15305,,1.08,,5930.28,3.80538,,0.108209,,5.16538429,DWARF,,,
Kepler-195,298837729,0.798803,,0.89,,5228.0,4.58258,,1.74611,,0.4294541,DWARF,,,
Kepler-1950,158388625,0.843518,,0.97,,5526.06,4.57265,,1.61618,,0.5977861,DWARF,,,
Kepler-1952,158635959,,,,,5908.74,,,,,,DWARF,,,
Kepler-1953,158625687,0.755738,,0.73,,4621.0,4.54465,,1.69126,,0.234628588,DWARF,,,
Kepler-1955,172372582,1.27893,0.079304,1.05,0.127243,5825.26,4.24557,0.0822999,0.501942,0.116252,1.696862,DWARF,4.510744e-05,1.4572072,1894
Kepler-1956,27233725,0.56945,,0.656,,4191.0,4.74406,,3.55252,,0.09013154,DWARF,,,
Kepler-1957,26961214,0.752243,,0.75,,4709.51,4.56041,,1.76193,,0.250791878,DWARF,,,
Kepler-1958,121943923,1.11067,,0.96,,5474.0,4.32917,,0.700681,,0.997886539,DWARF,,,
Kepler-1959,272173269,0.775895,,0.826,,4989.0,4.57544,,1.76836,,0.336012125,DWARF,,,
Kepler-196,164828012,0.793822,,0.87,,5168.0,4.57814,,1.7392,,0.40497756,DWARF,,,
Kepler-1960,271253848,1.29015,,1.08,,5938.54,4.25021,,0.502926,,1.86506081,DWARF,,,
Kepler-1961,120821730,0.907236,,0.88,,5171.0,4.46711,,1.17848,,0.5301923,DWARF,,,
Kepler-1962,122070274,0.870793,,1.03,,5766.0,4.57108,,1.55989,,0.7551317,DWARF,,,
Kepler-1963,272597196,0.826189,,0.96,,5470.0,4.58618,,1.70229,,0.5505573,DWARF,,,
Kepler-1964,1882073319,,,,,,,,,,,,,,
Kepler-1965,137635841,0.993645,,0.976,,5542.49,4.43305,,0.994845,,0.839415967,DWARF,,,
Kepler-1966,137627194,0.764415,,0.77,,4764.58,4.5579,,1.72387,,0.271300852,DWARF,,,
Kepler-1967,268604336,0.749033,0.0514145,0.779,0.0929126,4813.0,4.5806,0.0939955,1.85368,0.507481,0.271244228,DWARF,7.511406e-05,1.58697462,1025
Kepler-1969,27240575,0.865413,,0.99,,5591.0,4.55926,,1.52744,,0.6593248,DWARF,,,
Kepler-197,27397848,1.20944,0.0772688,1.093,0.1533,5963.52,4.31152,0.0985083,0.617832,0.173412,1.6667552,DWARF,0.001035863,0.589906633,388
Kepler-1972,121604440,1.45621,0.067005,1.077,0.13765,5916.0,4.14384,0.077367,0.348774,0.074264,2.3402102,DWARF,0.00110280083,0.207547367,426
Kepler-1976,26584326,1.06251,,1.02,,5734.0,4.394,,0.85035,,1.09949625,DWARF,,,
Kepler-1977,122515768,0.705982,,0.73,,4606.75,4.6038,,2.07464,,0.20223704,DWARF,,,
Kepler-1978,120693914,0.889672,,0.87,,5155.0,4.47913,,1.23546,,0.5035803,DWARF,,,
Kepler-1979,122142813,0.923659,,1.01,,5690.05,4.51137,,1.2817,,0.805715859,DWARF,,,
Kepler-198,122519154,0.94755,,0.982,,5569.29,4.47697,,1.15426,,0.7782133,DWARF,,,
Kepler-1980,139036617,1.34066,,1.01,,5671.0,4.18775,,0.419146,,1.67483091,DWARF,,,
Kepler-1981,121457557,1.274,0.0602211,1.07,0.129524,5883.45,4.25712,0.0744838,0.517463,0.107846,1.752101,DWARF,0.000336008758,0.0421820581,447
Kepler-1982,121215807,1.22767,0.0557186,1.31,0.21247,6451.0,4.37718,0.08799,0.707988,0.165073,2.35161567,DWARF,0.0005038988,0.4624761,362
Kepler-1983,169078948,0.759486,,0.835,,5022.0,4.59871,,1.90602,,0.330553085,DWARF,,,
Kepler-1984,137089954,,,,,,,,,,,GIANT,,,
Kepler-1987,271958892,0.738369,,0.75,,4711.0,4.57658,,1.86312,,0.241932228,DWARF,,,
Kepler-1988,268160366,,,,,5801.01,,,,,,,,,
Kepler-199,184090767,0.917774,,1.01,,5698.3,4.51692,,1.30651,,0.800106168,DWARF,,,
Kepler-1990,269119490,1.08041,0.0508543,1.08,0.145628,5940.0,4.40431,0.0801765,0.856361,0.183851,1.30923736,DWARF,3.76822936e-05,9.08060551,986
Kepler-1991,164831457,0.980207,,0.96,,5477.0,4.4377,,1.01934,,0.778935,DWARF,,,
Kepler-1992,271428166,1.1425,,0.93,,5373.47,4.29084,,0.623615,,0.9804489,DWARF,,,
Kepler-1993,270700335,3.14014,,,,4939.47,,,,,,GIANT,,,
Kepler-1994,273043474,1.11473,0.0550151,0.921,0.111318,5337.39,4.30799,0.0747618,0.664893,0.134939,0.908550441,DWARF,0.00122045167,0.06881647,668
Kepler-1995,164721823,0.797914,,0.75,,4693.0,4.50922,,1.47636,,0.278233051,DWARF,,,
Kepler-1996,164892125,0.765529,,0.71,,4519.0,4.5214,,1.58261,,0.22018452,DWARF,,,
Kepler-1998,164525250,0.991425,0.0601909,0.985,0.126463,5581.44,4.43898,0.0872103,1.01078,0.250746,0.859408,DWARF,0.0008690806,0.7930082,183
Kepler-1999,48131702,0.714303,,0.68,,4376.0,4.56281,,1.86578,,0.168565571,DWARF,,,
Kepler-20,158554588,0.914982,0.0534322,0.96,0.1236,5489.0,4.49751,0.0856706,1.25324,0.306273,0.684687436,DWARF,0.000917234342,1.0296005,350
Kepler-200,120252452,0.986123,,1.05,,5838.55,4.47139,,1.09495,,1.01806831,DWARF,,,
Kepler-2000,350814495,0.656577,0.0208112,0.632033,0.0209828,3886.0,4.60424,0.0131171,2.23297,0.138464,0.08856808,DWARF,0.000398988748,0.169104472,226
Kepler-2001,26488618,0.758905,,0.79,,4838.0,4.57532,,1.80745,,0.284271181,DWARF,,,
Kepler-201,138297190,1.27729,0.0699698,1.209,0.170746,6240.51,4.30791,0.0902764,0.580171,0.139317,2.22923255,DWARF,0.000439105934,0.07754316,697
Kepler-202,258202719,0.754033,,0.729,,4603.51,4.54601,,1.70042,,0.230055317,DWARF,,,
Kepler-203,169084431,1.07657,,1.06,,5871.24,4.39929,,0.849525,,1.24079657,DWARF,,,
Kepler-204,120495446,1.0253,,1.04,,5799.0,4.4334,,0.96489,,1.07105267,DWARF,,,
Kepler-206,137342279,1.17453,0.0623115,0.99,0.12621,5588.41,4.29398,0.0808214,0.611008,0.136855,1.21219742,DWARF,0.000378337863,0.07735931,581
Kepler-207,159217436,1.73156,0.0842965,1.09,0.136514,5966.0,3.99862,0.0763479,0.209948,0.0444328,3.42218924,DWARF,0.000267984957,0.158982739,462
Kepler-208,270781284,1.32062,,1.11,,6000.9,4.24183,,0.481933,,2.037594,DWARF,,,
Kepler-209,159652365,0.962384,,0.96,,5463.31,4.45364,,1.07703,,0.7433866,DWARF,,,
Kepler-21,121214185,1.90746,0.095485,1.212,0.170008,6248.42,3.96066,0.0838898,0.174638,0.0391839,4.996716,DWARF,0.00304677,0.0817871243,425
Kepler-210,63283780,0.637495,,0.72,,4564.61,4.68645,,2.77908,,0.158951014,DWARF,,,
Kepler-211,352007758,0.740717,0.0355377,0.91,0.112807,5286.58,4.6578,0.075601,2.23916,0.469557,0.386098653,DWARF,0.00102437835,0.05010531,297
Kepler-212,158551888,1.49783,0.0658493,1.07,0.126489,5881.14,4.11653,0.0679045,0.318418,0.0600641,2.41805029,DWARF,0.00023020088,4.995628,379
Kepler-213,159521326,1.12221,,1.018,,5712.0,4.34567,,0.720317,,1.20780528,DWARF,,,
Kepler-214,164785720,1.64616,,1.12,,6036.57,4.05434,,0.251072,,3.24191713,DWARF,,,
Kepler-215,271352188,0.896627,,1.015,,5697.97,4.53931,,1.40809,,0.763482451,DWARF,,,
Kepler-216,270698499,1.62969,,1.14,,6093.45,4.07076,,0.263382,,3.29883075,DWARF,,,
Kepler-217,240178935,1.78903,0.10099,1.4,0.243853,6658.99,4.07896,0.0990838,0.244498,0.0653793,5.66974735,DWARF,0.00023909536,0.246844456,465
Kepler-218,271662623,1.11246,,0.97,,5502.0,4.33227,,0.704556,,1.02175725,DWARF,,,
Kepler-219,158838045,1.28163,,1.03,,5766.61,4.23538,,0.489267,,1.63645589,DWARF,,,
Kepler-22,158984573,0.855243,0.0479397,0.989,0.128071,5594.0,4.56909,0.0860946,1.58099,0.382152,0.645302832,DWARF,0.002087388,0.240813434,350
Kepler-220,159759306,0.769859,0.0735578,0.699,0.0840188,4457.96,4.50972,0.109845,1.53195,0.508097,0.210892782,DWARF,0.001137897,0.941670239,376
Kepler-221,272601375,0.74895,,0.907,,5284.79,4.64677,,2.15898,,0.394195318,DWARF,,,
Kepler-222,158625100,0.850048,,0.87,,5154.0,4.5187,,1.41641,,0.459366173,DWARF,,,
Kepler-223,273876171,1.51701,,1.04,,5803.0,4.09312,,0.297896,,2.35117173,DWARF,,,
Kepler-224,159642189,0.722794,,0.84,,5049.0,4.64432,,2.22452,,0.305876,DWARF,,,
Kepler-225,63203294,0.77462,,0.65,,4166.0,4.4728,,1.39845,,0.16283536,DWARF,,,
Kepler-226,63204017,0.887751,,0.92,,5338.0,4.50527,,1.31497,,0.5764891,DWARF,,,
Kepler-227,26539443,0.949466,,0.97,,5524.63,4.46988,,1.13327,,0.756600261,DWARF,,,
Kepler-229,399912169,0.752766,,0.8,,4881.0,4.58784,,1.87547,,0.2897679,DWARF,,,
Kepler-23,27083727,1.53278,0.0896987,1.06,0.140902,5861.98,4.09241,0.0911921,0.294352,0.0746989,2.49937677,DWARF,0.000302819244,0.0313480534,394
Kepler-230,377782363,0.766994,,0.92,,5333.0,4.63227,,2.03898,,0.428711176,DWARF,,,
Kepler-231,27006192,0.591335,,0.64,,4079.0,4.70058,,3.09514,,0.0872119442,DWARF,,,
Kepler-232,27686898,1.13988,,0.98,,5570.0,4.31558,,0.661682,,1.12676549,DWARF,,,
Kepler-233,27843776,0.85322,,0.88,,5175.0,4.52043,,1.41677,,0.470389664,DWARF,,,
Kepler-234,137318075,1.24872,,1.08,,5929.0,4.27856,,0.554666,,1.73599577,DWARF,,,
Kepler-235,120765183,0.635754,,0.64,,4074.0,4.63767,,2.49065,,0.100312911,DWARF,,,
Kepler-236,120044687,0.609791,0.018349,0.596005,0.0204148,3840.0,4.64296,0.0112627,2.62849,0.147473,0.07284196,DWARF,0.000327227,0.0558503568,305
Kepler-237,258348597,0.830408,,0.78,,4812.0,4.49158,,1.36214,,0.333103925,DWARF,,,
Kepler-238,121460918,1.72535,,1.0,,5630.0,3.96431,,0.194701,,2.6945262,DWARF,,,
Kepler-239,138641300,0.830414,,0.78,,4819.0,4.49157,,1.3621,,0.335051864,DWARF,,,
Kepler-24,122376177,1.09069,,1.11,,5998.38,4.40799,,0.8555,,1.38749862,DWARF,,,
Kepler-241,137899939,,,,,4524.51,,,,,,DWARF,,,
Kepler-242,120899945,0.718409,,0.77,,4786.0,4.61182,,2.07671,,0.243965551,DWARF,,,
Kepler-243,164886497,0.860119,,0.83,,5020.0,4.48803,,1.30437,,0.4232791,DWARF,,,
Kepler-244,158426969,0.831792,,0.95,,5461.0,4.57576,,1.65074,,0.554386556,DWARF,,,
Kepler-245,63004906,0.834548,,0.84,,5031.0,4.51944,,1.44519,,0.401989549,DWARF,,,
Kepler-246,272484980,0.80085,,0.85,,5084.0,4.56038,,1.65488,,0.386028,DWARF,,,
Kepler-247,158792051,0.843936,,0.81,,4929.0,4.49393,,1.34759,,0.378746569,DWARF,,,
Kepler-248,275493574,0.768535,,0.88,,5175.0,4.61122,,1.93862,,0.381648,DWARF,,,
Kepler-249,272942100,0.512465,0.0153819,0.510238,0.020399,3635.0,4.72651,0.00870689,3.79123,0.190022,0.04130863,DWARF,0.0005296364,0.06958258,788
Kepler-25,120960812,1.47768,0.0878593,1.196,0.174207,6212.0,4.17664,0.0924886,0.370672,0.0995514,2.92941928,DWARF,0.00144244963,0.128680557,402
Kepler-250,159098652,0.78265,,0.83,,5015.0,4.57001,,1.73131,,0.3490705,DWARF,,,
Kepler-251,272489533,0.891821,,0.97,,5536.0,4.52428,,1.36753,,0.6730304,DWARF,,,
Kepler-252,271769940,0.678487,,0.7,,4458.0,4.62008,,2.24117,,0.163808957,DWARF,,,
Kepler-253,63065911,0.847339,,0.83,,5017.0,4.50103,,1.36429,,0.409812927,DWARF,,,
Kepler-254,158665380,0.914836,,0.99,,5616.0,4.51102,,1.29302,,0.750049531,DWARF,,,
Kepler-257,273132699,0.87259,,0.82,,4972.0,4.47026,,1.23419,,0.419217646,DWARF,,,
Kepler-258,270854411,0.733995,,0.785,,4837.57,4.60155,,1.98513,,0.265821636,DWARF,,,
Kepler-259,158664318,0.886966,,0.99,,5613.0,4.53789,,1.41878,,0.7035397,DWARF,,,
Kepler-26,164833065,0.460589,,0.7,,4486.0,4.95654,,7.16401,,0.07740331,DWARF,,,
Kepler-260,137348863,1.08729,,0.9,,5250.0,4.31962,,0.70018,,0.8091342,DWARF,,,
Kepler-261,137148674,0.738221,0.0586935,0.862,0.114595,5122.5,4.6372,0.106219,2.14263,0.631401,0.338061631,DWARF,0.000689757,0.44569695,750
Kepler-262,122673489,0.959919,,0.95,,5435.5,4.45132,,1.07404,,0.724639535,DWARF,,,
Kepler-263,137637249,0.731962,,0.88,,5188.56,4.65357,,2.24397,,0.349831551,DWARF,,,
Kepler-264,137347078,1.8855,0.102015,1.21,0.176176,6250.28,3.97,0.0906507,0.180512,0.0459889,4.88815928,DWARF,2.24075957e-05,0.223921552,847
Kepler-265,122445076,0.942897,,1.09,,5963.0,4.52657,,1.30027,,1.01270354,DWARF,,,
Kepler-267,269357457,0.545921,0.0166783,0.541571,0.0205923,3886.0,4.69746,0.0100231,3.32863,0.178752,0.0612301752,DWARF,0.0003535774,0.951341569,731
Kepler-268,137348987,1.33236,,1.11,,6005.31,4.23415,,0.469312,,2.080067,DWARF,,,
Kepler-269,122297877,1.70099,,0.96,,5471.0,3.95894,,0.195059,,2.33542,DWARF,,,
Kepler-27,137556626,0.782203,,0.94,,5399.0,4.62456,,1.96412,,0.468368173,DWARF,,,
Kepler-270,123417308,1.26499,,1.16,,6142.0,4.29835,,0.573055,,2.051675,DWARF,,,
Kepler-271,164414655,0.780963,0.0696457,1.0,0.137195,5645.65,4.65281,0.115825,2.09946,0.718511,0.558228,DWARF,0.000798747,0.0500249863,224
Kepler-272,268704766,1.17661,,0.97,,5528.34,4.28358,,0.595493,,1.16503012,DWARF,,,
Kepler-273,159726559,0.759979,,0.95,,5441.0,4.65419,,2.16431,,0.456050247,DWARF,,,
Kepler-274,137892978,1.30739,,1.01,,5668.23,4.20958,,0.451965,,1.58962739,DWARF,,,
Kepler-275,137634395,1.44365,,1.2,,6222.0,4.19833,,0.398839,,2.814083,DWARF,,,
Kepler-276,138213510,0.910298,,1.03,,5746.0,4.53254,,1.36548,,0.813812554,DWARF,,,
Kepler-277,120961424,1.83166,0.0924322,1.08,0.137985,5914.0,3.9458,0.0788114,0.175747,0.0390661,3.697525,DWARF,0.00019469182,0.164620325,398
Kepler-278,122225232,2.97435,,,,4904.79,,,,,,GIANT,,,
Kepler-279,158428960,1.35292,,1.42,,6689.45,4.32781,,0.573418,,3.30218387,DWARF,,,
Kepler-28,63122956,0.650472,,0.742,,4660.99,4.68201,,2.69599,,0.179913789,DWARF,,,
Kepler-280,159716174,1.04079,,0.95,,5451.96,4.38106,,0.842625,,0.8622469,DWARF,,,
Kepler-282,164779321,1.10046,,1.06,,5848.0,4.38023,,0.795405,,1.27605438,DWARF,,,
Kepler-283,270695184,0.631396,,0.664,,4250.0,4.65963,,2.63793,,0.117180124,DWARF,,,
Kepler-284,275486985,0.781389,,0.93,,5366.0,4.62082,,1.94931,,0.4560708,DWARF,,,
Kepler-285,26416742,0.865843,,0.91,,5282.0,4.52223,,1.40192,,0.52573514,DWARF,,,
Kepler-286,290035455,0.929313,,0.99,,5600.0,4.49738,,1.23353,,0.765193164,DWARF,,,
Kepler-287,417660580,0.94821,,0.96,,5486.3,4.46653,,1.12605,,0.733874559,DWARF,,,
Kepler-288,121785939,1.10538,,1.01,,5670.0,4.35536,,0.747793,,1.13776791,DWARF,,,
Kepler-289,273234825,1.0645,,1.1,,5968.88,4.42517,,0.911914,,1.29586148,DWARF,,,
Kepler-29,273875635,0.824495,,0.93,,5358.15,4.57417,,1.65928,,0.5048129,DWARF,,,
Kepler-290,158218214,0.712326,,0.8,,4881.0,4.6358,,2.21336,,0.259470552,DWARF,,,
Kepler-291,158631683,1.20351,,0.96,,5482.0,4.25944,,0.550716,,1.17854667,DWARF,,,
Kepler-293,158216544,0.870183,,0.94,,5412.0,4.53197,,1.42658,,0.5852577,DWARF,,,
Kepler-294,158487005,0.943307,,0.95,,5459.0,4.46649,,1.13179,,0.711955965,DWARF,,,
Kepler-295,164890864,2.38169,,,,5327.0,,,,,,GIANT,,,
Kepler-296,243271945,,,,,,,,,,,GIANT,,,
Kepler-297,48304302,0.891882,,1.04,,5783.0,4.55449,,1.46592,,0.8015344,DWARF,,,
Kepler-298,48217868,0.692471,,0.72,,4549.0,4.6146,,2.16834,,0.184995562,DWARF,,,
Kepler-299,48304460,0.999357,,1.0,,5631.0,4.43863,,1.00193,,0.9046452,DWARF,,,
Kepler-30,399794329,1.01222,,0.83,,5006.6,4.34659,,0.800294,,0.5799875,DWARF,,,
Kepler-300,27458633,1.42226,,1.07,,5886.0,4.16149,,0.371916,,2.18743587,DWARF,,,
Kepler-301,48419097,0.959718,,1.0,,5627.92,4.47378,,1.13128,,0.8324795,DWARF,,,
Kepler-303,164460208,0.622034,,0.636,,4066.55,4.6539,,2.6425,,0.09532942,DWARF,,,
Kepler-304,377909730,0.711079,,0.75,,4677.0,4.60929,,2.08597,,0.217971519,DWARF,,,
Kepler-305,171879024,0.827279,,0.82,,4974.0,4.51658,,1.4483,,0.3774171,DWARF,,,
Kepler-306,121660143,0.792763,,0.81,,4948.0,4.54827,,1.62576,,0.339390576,DWARF,,,
Kepler-307,169930145,0.949612,,0.97,,5523.0,4.46975,,1.13275,,0.7559399,DWARF,,,
Kepler-309,273373488,0.774232,,0.75,,4714.0,4.53539,,1.61602,,0.26668328,DWARF,,,
Kepler-31,270788519,1.30436,,1.11,,6011.2,4.25259,,0.500181,,2.00141263,DWARF,,,
Kepler-310,158840828,0.839151,,0.96,,5490.0,4.57266,,1.62462,,0.5763205,DWARF,,,
Kepler-311,351898154,1.2198,,1.05,,5841.2,4.28668,,0.578528,,1.56055713,DWARF,,,
Kepler-312,274030824,1.7477,0.0920579,1.17,0.153854,6158.44,4.02132,0.0826738,0.219172,0.0494079,3.95832634,DWARF,2.70491837e-05,0.276974648,1208
Kepler-313,28448998,,,,,,,,,,,DWARF,,,
Kepler-314,271052158,0.943064,0.0628543,0.889,0.11165,5219.54,4.43789,0.0936804,1.05993,0.285731,0.594710767,DWARF,9.24090855e-05,0.178040788,793
Kepler-315,273694712,1.0006,,1.04,,5783.0,4.45458,,1.03814,,1.00884855,DWARF,,,
Kepler-316,159522175,0.702633,,0.67,,4256.0,4.57068,,1.93147,,0.145934775,DWARF,,,
Kepler-317,138890353,0.927723,,0.92,,5317.0,4.46702,,1.15221,,0.6197234,DWARF,,,
Kepler-318,274198407,0.948492,0.044603,1.085,0.143742,5940.12,4.51943,0.076892,1.27154,0.262726,1.00911975,DWARF,6.056565e-05,0.24250111,698
Kepler-319,121786630,0.865671,,0.99,,5589.32,4.559,,1.52608,,0.658926249,DWARF,,,
Kepler-32,273590427,0.574432,0.0176066,0.566709,0.0206221,3791.0,4.67295,0.0108204,2.98981,0.166368,0.06140265,DWARF,0.00026053,0.532083035,690
Kepler-320,275575525,1.40661,,1.12,,6036.53,4.19094,,0.402432,,2.36697865,DWARF,,,
Kepler-321,271046140,0.994273,0.0432789,1.031,0.126452,5762.08,4.45632,0.071931,1.04892,0.204524,0.9817995,DWARF,0.0007572305,0.072766684,583
Kepler-322,123313142,0.841918,0.048995,0.919,0.117733,5330.0,4.55084,0.0858753,1.53995,0.375052,0.51539886,DWARF,0.0006952945,0.0483638942,192
Kepler-323,137150039,1.16202,0.0706834,1.053,0.139987,5840.45,4.33007,0.0872087,0.6711,0.16548,1.41549182,DWARF,0.000547597068,0.1249557,761
Kepler-324,243271716,0.859378,,0.89,,5214.0,4.51909,,1.40229,,0.49175325,DWARF,,,
Kepler-325,267671250,0.796602,,0.99,,5585.15,4.63122,,1.95844,,0.5563101,DWARF,,,
Kepler-326,270956861,1.03691,,0.878,,5179.81,4.35008,,0.78754,,0.6973188,DWARF,,,
Kepler-327,63366281,0.604708,0.0180937,0.591913,0.020356,3864.0,4.64723,0.0110558,2.67683,0.148449,0.07344033,DWARF,0.000480369577,0.05443888,472
Kepler-328,184164097,1.50384,,1.13,,6064.0,4.13674,,0.332257,,2.75507927,DWARF,,,
Kepler-329,268713285,0.716897,,0.702,,4475.0,4.57349,,1.90532,,0.185686514,DWARF,,,
Kepler-33,158935283,1.71415,,1.07,,5904.0,3.99935,,0.21244,,3.21645832,DWARF,,,
Kepler-330,158727691,0.811914,,0.82,,4967.0,4.53286,,1.53209,,0.36148566,DWARF,,,
Kepler-332,158272257,0.701442,,0.808,,4925.0,4.6535,,2.34118,,0.2607976,DWARF,,,
Kepler-333,137556197,0.621735,,0.701,,4470.56,4.69657,,2.91677,,0.139108434,DWARF,,,
Kepler-334,158394479,1.01761,0.0571608,1.07,0.141963,5907.82,4.45229,0.085968,1.01542,0.243693,1.13648343,DWARF,0.0008116976,0.0260262173,257
Kepler-335,272085033,1.84315,,1.08,,5928.73,3.94037,,0.172482,,3.78146935,DWARF,,,
Kepler-336,122298677,,,,,5956.94,,,,,,DWARF,,,
Kepler-337,159226052,1.78665,0.105897,1.01,0.130287,5694.42,3.93831,0.0822257,0.177093,0.0416248,3.02393961,DWARF,0.00034520356,0.243362308,339
Kepler-338,258203303,1.90361,0.105075,1.06,0.137823,5860.88,3.90422,0.0830633,0.153665,0.0365418,3.85212159,DWARF,0.000385504478,0.525224864,268
Kepler-339,26817284,0.769161,,0.96,,5495.56,4.6483,,2.1097,,0.486157358,DWARF,,,
Kepler-34,272369124,1.8654,,1.07,,5897.0,3.92591,,0.164843,,3.79107046,DWARF,,,
Kepler-340,184247532,1.46668,0.0856834,1.87,0.305141,7852.93,4.37724,0.0988597,0.592699,0.162505,7.37043428,DWARF,4.11595756e-05,0.442365348,1066
Kepler-341,159179987,1.20017,,1.01,,5669.0,4.2839,,0.584244,,1.34031081,DWARF,,,
Kepler-342,63293562,1.48994,0.0769448,1.16,0.146974,6139.09,4.15619,0.0831762,0.35071,0.0810074,2.840865,DWARF,0.0002689469,2.493029,406
Kepler-343,63120970,1.2921,,1.03,,5750.81,4.22831,,0.477476,,1.64513373,DWARF,,,
Kepler-345,271546191,,,,,4539.31,,,,,,GIANT,,,
Kepler-346,158660363,0.909664,,0.98,,5543.0,4.51153,,1.30192,,0.7037783,DWARF,,,
Kepler-347,299158566,1.4522,,1.05,,5833.0,4.1352,,0.342852,,2.19946623,DWARF,,,
Kepler-348,169180792,1.29686,0.074485,1.33,0.218183,6503.59,4.33613,0.0987982,0.609773,0.168626,2.71079135,DWARF,4.612971e-05,0.470056832,1007
Kepler-349,270615037,1.02938,,1.01,,5665.19,4.41724,,0.925962,,0.9833421,DWARF,,,
Kepler-35,271040768,1.35755,,0.97,,5527.0,4.15933,,0.387708,,1.5494,DWARF,,,
Kepler-350,120498491,1.2944,,1.33,,6492.3,4.33778,,0.613267,,2.68178439,DWARF,,,
Kepler-351,158218178,0.756405,,0.91,,5313.0,4.6396,,2.10271,,0.410735756,DWARF,,,
Kepler-352,269271535,0.731437,0.0413668,0.901,0.114956,5262.0,4.66444,0.0838678,2.30247,0.544214,0.369531572,DWARF,0.000107861422,0.458088219,801
Kepler-353,239229234,0.633367,0.0197059,0.614503,0.0207726,3915.0,4.62328,0.0123466,2.41856,0.144243,0.08490488,DWARF,0.000211089573,0.6104164,971
Kepler-354,120578185,0.707392,,0.72,,4550.0,4.59608,,2.03401,,0.193223551,DWARF,,,
Kepler-355,279915745,1.24545,,1.04,,5787.0,4.26445,,0.538332,,1.56734335,DWARF,,,
Kepler-356,137636895,1.56422,0.0853667,1.11,0.151508,6018.64,4.0948,0.0858399,0.290023,0.0695172,2.89255476,DWARF,3.04708319e-05,0.0535782166,865
Kepler-357,159649595,0.740322,,0.79,,4870.0,4.59685,,1.947,,0.277748644,DWARF,,,
Kepler-358,26815908,0.940506,,0.96,,5496.97,4.47362,,1.15395,,0.727631867,DWARF,,,
Kepler-359,275568400,0.923027,,1.01,,5683.0,4.51196,,1.28433,,0.8006344,DWARF,,,
Kepler-36,350810590,1.66153,0.0725754,1.11,0.137459,6006.0,4.04238,0.0738351,0.241993,0.0483875,3.23630857,DWARF,0.0005341362,0.665010035,357
Kepler-360,158213532,0.918765,,0.99,,5580.0,4.50729,,1.2765,,0.7372933,DWARF,,,
Kepler-361,272601590,1.46815,,1.19,,6203.43,4.18008,,0.376044,,2.87581444,DWARF,,,
Kepler-362,63069779,1.2835,,1.03,,5745.22,4.23411,,0.487131,,1.61702156,DWARF,,,
Kepler-363,258349590,1.65796,0.0781106,0.97,0.121884,5529.7,3.98569,0.0761845,0.212838,0.043788,2.31552529,DWARF,0.000262069923,0.0593574122,244
Kepler-364,123358019,1.29885,,1.19,,6199.63,4.2865,,0.543089,,2.24530482,DWARF,,,
Kepler-366,27914560,1.82155,,1.09,,5947.0,3.95461,,0.180343,,3.73913,DWARF,,,
Kepler-367,28159518,0.711043,0.0548794,0.776,0.0888835,4799.55,4.62414,0.10157,2.15861,0.659102,0.241706461,DWARF,0.00146532583,0.06606259,397
Kepler-368,63066763,2.18669,0.140404,0.94,0.125255,5395.36,3.73162,0.0931087,0.0899014,0.0228066,3.65048528,DWARF,0.0002350346,0.134157926,428
Kepler-369,26961231,0.567402,0.0707744,0.560641,0.0630907,3655.0,4.67897,0.0598295,3.06911,0.83112,0.0517637767,DWARF,0.000336256053,0.907286048,448
Kepler-37,164652245,0.79137,0.0363166,0.94,0.120529,5391.0,4.61444,0.0764828,1.89666,0.393726,0.476574779,DWARF,0.008068995,0.06572001,237
Kepler-370,137411225,1.05062,,1.0,,5651.01,4.39518,,0.862318,,1.01411521,DWARF,,,
Kepler-371,137550286,1.31417,,1.04,,5794.01,4.21779,,0.45822,,1.75354779,DWARF,,,
Kepler-372,350810559,1.294,,1.15,,6103.0,4.2749,,0.530762,,2.09282756,DWARF,,,
Kepler-373,299218776,1.3798,,0.98,,5553.0,4.14966,,0.373059,,1.63093948,DWARF,,,
Kepler-374,270863576,1.42107,,1.01,,5670.31,4.13716,,0.351945,,1.8808459,DWARF,,,
Kepler-375,299032517,0.913476,,0.96,,5499.0,4.49894,,1.25945,,0.687422335,DWARF,,,
Kepler-376,137219378,1.42392,,1.08,,5939.36,4.16452,,0.374079,,2.2731452,DWARF,,,
Kepler-377,184015535,1.19923,,1.1,,5974.0,4.32166,,0.637807,,1.65028024,DWARF,,,
Kepler-379,184167421,1.26033,0.0562362,1.12,0.143267,6039.0,4.28631,0.0756897,0.559449,0.118024,1.90338469,DWARF,3.24719731e-05,0.120563209,1244
Kepler-38,158316612,1.83619,,1.01,,5690.0,3.91455,,0.163143,,3.18403959,DWARF,,,
Kepler-380,48132154,1.22128,,1.16,,6128.0,4.3289,,0.636817,,1.89495337,DWARF,,,
Kepler-381,164884235,1.46624,0.0612236,1.288,0.210708,6407.65,4.21557,0.0866509,0.408598,0.0939955,3.26514649,DWARF,0.001704001,0.0266416334,253
Kepler-382,268612521,1.23947,,1.0,,5637.57,4.2516,,0.525162,,1.39808536,DWARF,,,
Kepler-383,137150599,,,,,4608.75,,,,,,GIANT,,,
Kepler-384,158114249,1.73675,,0.96,,5500.82,3.94087,,0.183258,,2.48815036,DWARF,,,
Kepler-385,27082352,1.157,,1.05,,5829.0,4.33259,,0.677933,,1.39232135,DWARF,,,
Kepler-386,267669725,0.841271,,0.83,,4993.0,4.50727,,1.39402,,0.396290153,DWARF,,,
Kepler-387,158559417,1.14606,,1.05,,5835.36,4.34084,,0.697537,,1.37208223,DWARF,,,
Kepler-388,164786156,,,,,,,,,,,DWARF,,,
Kepler-39,272836943,1.20976,,1.29,,6404.12,4.38326,,0.728612,,2.21783018,DWARF,,,
Kepler-390,137340986,0.829576,,0.877,,5174.86,4.54335,,1.53614,,0.444632828,DWARF,,,
Kepler-391,290032428,2.74314,,,,5032.18,,,,,,GIANT,,,
Kepler-392,158796434,1.14758,,1.12,,6026.51,4.36772,,0.741079,,1.56504655,DWARF,,,
Kepler-393,159580535,1.48025,0.0623794,1.29,0.2052,6414.2,4.20799,0.0842645,0.397725,0.0890227,3.341458,DWARF,0.000277915242,1.00017738,397
Kepler-394,27777414,0.991788,,1.1,,5977.0,4.48662,,1.12755,,1.13100839,DWARF,,,
Kepler-396,27769688,0.939951,0.049598,0.967,0.119071,5509.61,4.47728,0.0799178,1.16442,0.264172,0.7334805,DWARF,0.00157905172,0.281127542,511
Kepler-398,137155210,0.625149,0.0545226,0.723,0.0907232,4577.0,4.70524,0.111095,2.95929,1.00598,0.154520214,DWARF,0.00127865886,0.10674651,658
Kepler-399,172373693,,,,,,,,,,,DWARF,,,
Kepler-4,350814622,1.59521,0.068191,1.03,0.127999,5772.0,4.04527,0.070765,0.253736,0.0491207,2.54470134,DWARF,0.0006397917,0.100947388,199
Kepler-40,272840455,2.36468,,1.11,,6014.0,3.73585,,0.0839472,,6.5901165,DWARF,,,
Kepler-400,122707140,,,,,5915.11,,,,,,DWARF,,,
Kepler-401,267746315,1.70021,0.0883871,1.16,0.157811,6132.0,4.04152,0.0863103,0.236019,0.0554726,3.682227,DWARF,0.000283797184,0.259453773,267
Kepler-402,158725491,1.08729,0.0447789,1.2,0.167819,6223.39,4.44455,0.0774115,0.933556,0.192697,1.5977056,DWARF,0.000409233966,1.39334106,328
Kepler-403,159174926,1.87262,0.0813091,1.15,0.145369,6111.03,3.95387,0.0714324,0.175126,0.0344509,4.40606833,DWARF,0.000222619565,3.03863168,340
Kepler-404,158268972,0.792004,,0.92,,5342.0,4.6044,,1.85185,,0.460219264,DWARF,,,
Kepler-405,137150544,0.771218,,0.95,,5431.0,4.64144,,2.07105,,0.46619612,DWARF,,,
Kepler-406,63066101,1.1242,0.0623618,0.99,0.118936,5597.0,4.33202,0.0812146,0.696799,0.155094,1.11738026,DWARF,0.000759220857,0.122795075,410
Kepler-407,405688133,1.05757,0.0474874,0.96,0.123421,5487.0,4.37172,0.0753705,0.811592,0.169916,0.913391352,DWARF,0.0009735968,0.07779997,227
Kepler-408,48450369,1.24917,0.0484221,1.14,0.147882,6078.0,4.30173,0.0747888,0.584842,0.115702,1.91858745,DWARF,0.00610818341,0.00285311649,220
Kepler-409,270619260,0.910153,0.0416483,0.93,0.121452,5386.0,4.48832,0.0767528,1.2335,0.253877,0.628042161,DWARF,0.00716647226,0.0129854782,461
Kepler-41,271042217,1.40959,,1.0,,5651.75,4.13988,,0.357042,,1.82647622,DWARF,,,
Kepler-410_A,1716744881,,,,,,,,,,,,,,
Kepler-411,399954349,0.731146,0.0558291,0.785,0.0938175,4837.0,4.60493,0.0969596,2.00843,0.584954,0.263637543,DWARF,0.00214167568,0.148463845,232
Kepler-412,158170594,1.33402,,1.05,,5832.83,4.20893,,0.442283,,1.85583007,DWARF,,,
Kepler-413,298969838,0.894996,,0.78,,4834.0,4.42652,,1.08801,,0.394060761,DWARF,,,
Kepler-414,28357724,0.932373,0.0503316,0.944,0.123533,5423.0,4.47386,0.0837188,1.16467,0.273951,0.6773803,DWARF,0.000628496055,0.34614405,600
Kepler-415,138365520,0.706507,,0.68,,4320.24,4.57234,,1.92823,,0.156660333,DWARF,,,
Kepler-416,137217372,1.08916,,1.0,,5620.27,4.36389,,0.773975,,1.06636441,DWARF,,,
Kepler-417,270705374,0.782444,,0.87,,5151.65,4.59068,,1.81618,,0.388496161,DWARF,,,
Kepler-418,377871791,1.08957,,1.07,,5895.0,4.39294,,0.827204,,1.29164767,DWARF,,,
Kepler-419,27454084,1.86747,0.0903768,1.29,0.205422,6418.0,4.00615,0.0908574,0.198074,0.0498796,5.330914,DWARF,0.000295358826,0.104100041,410
Kepler-421,164522394,0.811702,0.0456582,0.902,0.109487,5265.34,4.57448,0.0821851,1.68662,0.3893,0.4562406,DWARF,0.0008297173,0.050601244,227
Kepler-422,123495874,1.27992,0.0708593,1.07,0.139548,5883.0,4.25308,0.0825663,0.510307,0.117538,1.76790285,DWARF,0.000381462043,0.116715975,213
Kepler-423,63452790,1.01895,,0.99,,5616.02,4.4174,,0.935784,,0.9304983,DWARF,,,
Kepler-424,264508014,1.09206,,0.93,,5355.0,4.33005,,0.714065,,0.883546352,DWARF,,,
Kepler-425,122441491,0.832631,,0.89,,5211.36,4.54655,,1.54181,,0.4606856,DWARF,,,
Kepler-426,299220166,0.912927,,0.98,,5549.0,4.50842,,1.28801,,0.7119111,DWARF,,,
Kepler-427,158668572,1.28501,,1.06,,5863.0,4.24556,,0.499562,,1.757865,DWARF,,,
Kepler-428,122596693,0.783768,,0.83,,5003.05,4.56877,,1.72391,,0.34674418,DWARF,,,
Kepler-43,164892194,1.36388,,1.12,,6041.0,4.21773,,0.441458,,2.2319386,DWARF,,,
Kepler-430,26748113,1.34348,,1.09,,5959.75,4.21903,,0.449503,,2.05149031,DWARF,,,
Kepler-431,123231081,1.63518,0.0844221,1.11,0.13681,6013.71,4.05626,0.083266,0.25388,0.0576242,3.1506083,DWARF,0.0006044156,0.017524071,198
Kepler-432,26817004,3.96613,,,,4981.99,,,,,,GIANT,,,
Kepler-433,169556484,2.3426,,1.08,,5917.0,3.7321,,0.08401,,6.060328,DWARF,,,
Kepler-434,270611401,1.42462,,1.03,,5765.45,4.14351,,0.356236,,2.02035165,DWARF,,,
Kepler-435,63211674,2.31084,,1.11,,6011.95,3.75585,,0.0899528,,6.28484964,DWARF,,,
Kepler-437,273138666,,,,,,,,,,,GIANT,,,
Kepler-438,336266673,0.658853,0.0219061,0.63372,0.0215474,3747.0,4.60239,0.0141179,2.21581,0.145994,0.07709151,DWARF,0.000672908267,0.07946415,211
Kepler-439,123202589,0.947079,,0.96,,5476.0,4.46757,,1.13009,,0.7266421,DWARF,,,
Kepler-44,239277658,1.49959,,1.03,,5757.0,4.09896,,0.305434,,2.22549319,DWARF,,,
Kepler-440,120495880,0.6628,0.0198352,0.636635,0.0203565,3891.0,4.59919,0.0121101,2.18647,0.126597,0.09072033,DWARF,0.0003662398,0.0514068939,312
Kepler-441,267667567,0.584762,0.0176334,0.575474,0.0204421,4021.0,4.66413,0.0107665,2.87798,0.158355,0.08053586,DWARF,0.000451130822,1.25106227,201
Kepler-442,120499135,0.618522,,0.72,,4563.0,4.71269,,3.04276,,0.149419233,DWARF,,,
Kepler-443,299030246,0.787708,,0.75,,4696.0,4.5204,,1.53449,,0.271855444,DWARF,,,
Kepler-444,394172596,0.798764,0.0434171,0.84,0.0963465,5058.0,4.55751,0.0794017,1.64825,0.378359,0.3762246,DWARF,0.01059641,0.07296745,524
Kepler-445,268060194,0.300604,0.00945403,0.277306,0.0204478,3143.0,4.92504,0.00475571,10.2088,0.209138,0.007944412,DWARF,0.000439730415,0.311899662,674
Kepler-446,123417850,0.218498,0.00671955,0.187619,0.0201384,3386.0,5.03245,0.0200755,17.986,0.276906,0.00565376133,DWARF,0.000948953733,0.0388622843,209
Kepler-447,48506505,0.897403,0.047799,0.95,0.125051,5461.54,4.50982,0.0828782,1.3145,0.301569,0.645551145,DWARF,0.00128108775,0.194254324,207
Kepler-449,270779644,,,,,5649.18,,,,,,DWARF,,,
Kepler-45,137899948,0.614823,0.0197802,0.600017,0.0211568,3792.0,4.63873,0.0126343,2.58174,0.158443,0.0704155,DWARF,0.00018867277,0.43000862,650
Kepler-450,27534138,1.64162,0.0935502,1.19,0.169905,6197.21,4.08307,0.0960215,0.268985,0.0712878,3.58117628,DWARF,0.000783524651,0.047456298,345
Kepler-452,272174474,1.11914,0.0612061,1.022,0.133816,5728.0,4.34975,0.0827852,0.729108,0.173548,1.21472907,DWARF,4.38888565e-05,0.137003392,654
Kepler-453,164457525,0.86209,,0.969,,5517.23,4.55329,,1.5124,,0.620417535,DWARF,,,
Kepler-454,121276638,1.11273,0.0511759,1.0,0.124886,5640.0,4.34529,0.0738097,0.725828,0.144864,1.12872672,DWARF,0.00122379034,0.7624661,451
Kepler-46,158992508,0.83867,,0.85,,5071.0,4.5203,,1.44094,,0.419035584,DWARF,,,
Kepler-461,63206513,1.30084,0.0641759,1.05,0.125624,5831.34,4.23081,0.0770698,0.476999,0.101309,1.762852,DWARF,0.000378724537,0.114710175,439
Kepler-462,269263577,1.61687,0.0568342,1.82,0.286159,7735.0,4.28079,0.0793468,0.430576,0.0863714,8.431094,DWARF,6.053199e-05,0.2621064,1072
Kepler-463,268481319,1.15038,0.0701106,0.998,0.124054,5632.02,4.31551,0.0816121,0.655543,0.157877,1.1996038,DWARF,5.68558935e-05,0.196360618,796
Kepler-464,27239696,1.6855,0.0759221,1.06,0.13607,5873.66,4.00991,0.071904,0.221369,0.042938,3.04641986,DWARF,0.000385607884,0.145014182,395
Kepler-465,164725204,1.20263,0.0548141,1.28,0.19287,6394.0,4.38501,0.0847657,0.735894,0.170095,2.17795277,DWARF,0.000636821,0.154634267,261
Kepler-466,27644083,,,,,,,,,,,DWARF,,,
Kepler-468,299087490,0.810043,,0.95,,5439.49,4.59877,,1.78731,,0.517539561,DWARF,,,
Kepler-47,271548206,0.926077,,0.99,,5611.93,4.50041,,1.24651,,0.766368151,DWARF,,,
Kepler-471,268604331,1.69675,,1.41,,6669.0,4.12805,,0.288645,,5.130669,DWARF,,,
Kepler-472,184554925,0.790246,,0.784,,4834.01,4.53686,,1.58865,,0.307219833,DWARF,,,
Kepler-473,120961632,1.92735,0.104648,1.0,0.127336,5624.0,3.86815,0.0808243,0.139676,0.0319178,3.34807754,DWARF,0.000186262361,0.248277083,398
Kepler-474,63210391,1.64551,,1.02,,5719.81,4.01407,,0.228929,,2.61108,DWARF,,,
Kepler-475,121108727,0.845564,0.0568342,0.777,0.0957875,4805.0,4.4742,0.0903027,1.28523,0.33959,0.3433694,DWARF,0.000729272433,0.5219583,374
Kepler-476,271430806,,,,,5884.49,,,,,,DWARF,,,
Kepler-479,122682249,0.767297,,0.886,,5207.0,4.61557,,1.9613,,0.389916658,DWARF,,,
Kepler-48,171882123,0.896858,0.0638919,0.873,0.111067,5160.0,4.47363,0.0946805,1.21016,0.347508,0.513737559,DWARF,6.564699e-05,0.853401,1658
Kepler-480,27187218,1.44225,0.0688467,1.25,0.18556,6327.82,4.2169,0.0904633,0.416666,0.100873,3.00463915,DWARF,0.000363202038,0.0530869626,351
Kepler-481,26541093,1.32369,,1.0,,5652.55,4.19449,,0.431162,,1.61155665,DWARF,,,
Kepler-482,27987264,0.806064,,0.755,,4715.0,4.50328,,1.44158,,0.289308,DWARF,,,
Kepler-483,137342400,1.46843,,1.16,,6131.93,4.16882,,0.366355,,2.74655128,DWARF,,,
Kepler-484,164721759,0.909065,0.0534573,0.99,0.129357,5601.0,4.51651,0.0868037,1.3178,0.320078,0.732735634,DWARF,0.000850285462,0.109067649,224
Kepler-485,27318774,1.09304,,1.04,,5778.0,4.37783,,0.79639,,1.19971049,DWARF,,,
Kepler-487,139158696,0.915391,,0.95,,5462.0,4.49258,,1.23852,,0.671915531,DWARF,,,
Kepler-489,122607554,0.734486,,0.828,,4998.39,4.62413,,2.08968,,0.303376764,DWARF,,,
Kepler-49,137555411,0.667253,,0.627,,4011.0,4.58675,,2.11055,,0.103821412,DWARF,,,
Kepler-490,271424111,1.40537,,1.11,,6007.22,4.18781,,0.399904,,2.3172195,DWARF,,,
Kepler-491,158388163,1.03122,,0.96,,5501.0,4.39363,,0.875412,,0.877338231,DWARF,,,
Kepler-493,139104940,1.50633,,1.13,,6052.0,4.1353,,0.330608,,2.74241686,DWARF,,,
Kepler-495,120692092,0.865985,,0.94,,5410.0,4.53617,,1.44743,,0.5787683,DWARF,,,
Kepler-496,137341066,0.773692,,0.87,,5166.12,4.60045,,1.87852,,0.3841393,DWARF,,,
Kepler-499,271430916,0.929152,,0.856,,5099.0,4.43437,,1.06712,,0.5257855,DWARF,,,
Kepler-5,268823307,1.78185,0.0870553,1.23,0.185162,6295.0,4.02623,0.0829484,0.217417,0.047607,4.491777,DWARF,2.553897e-05,0.0722636059,828
Kepler-50,298896336,1.6202,0.0655327,1.178,0.170551,6173.0,4.09008,0.0782977,0.276975,0.057152,3.43412256,DWARF,0.00192096969,0.0118289655,279
Kepler-500,271968263,1.18285,,1.01,,5674.12,4.29653,,0.610288,,1.30661178,DWARF,,,
Kepler-501,169176340,1.14298,,1.15,,6115.0,4.38269,,0.770169,,1.64571631,DWARF,,,
Kepler-502,159578156,1.39203,,1.1,,5981.0,4.19217,,0.407804,,2.23400521,DWARF,,,
Kepler-504,164832454,0.418449,0.0127432,0.412143,0.0204915,3600.0,4.80983,0.004849,5.62497,0.23426,0.026496578,DWARF,0.0014705474,0.355713367,244
Kepler-505,158631520,0.645558,0.0191466,0.623787,0.0202618,3861.0,4.61323,0.0116573,2.31862,0.131199,0.0834381059,DWARF,0.0003838108,0.161717966,350
Kepler-506,120317234,1.23303,0.0565779,1.16,0.15672,6133.77,4.32058,0.0809883,0.618783,0.134608,1.93888152,DWARF,0.00184830616,0.0118500739,262
Kepler-507,27992970,1.3441,0.0715477,1.11,0.142621,6008.0,4.22652,0.0864344,0.457113,0.110966,2.12070656,DWARF,0.00078725,0.714145958,407
Kepler-508,271671025,1.20831,0.0693066,1.192,0.17887,6203.12,4.34999,0.0952535,0.675688,0.179175,1.94755137,DWARF,0.000106742969,0.16896458,719
Kepler-509,416283848,1.22162,0.05201,1.096,0.139532,5971.55,4.30401,0.0726905,0.601184,0.119279,1.7096678,DWARF,0.001114567,0.15665403,295
Kepler-51,27846348,0.850059,,1.03,,5770.0,4.59201,,1.67684,,0.7215989,DWARF,,,
Kepler-510,121327187,1.53514,0.112231,1.0,0.123723,5641.07,4.06577,0.0899499,0.276414,0.067136,2.14997768,DWARF,0.0005890568,0.330645442,400
Kepler-511,164456037,1.62825,0.0939197,1.12,0.145434,6023.54,4.06384,0.0871722,0.259451,0.0630072,3.14444518,DWARF,0.000441758224,0.167236939,207
Kepler-512,28448711,1.13245,0.0538894,1.16,0.162691,6143.0,4.39449,0.0832456,0.798736,0.181521,1.64533126,DWARF,0.0006613705,0.512581468,586
Kepler-513,48503953,1.05792,0.0496608,1.06,0.135309,5872.0,4.41447,0.0768062,0.895257,0.191837,1.19879329,DWARF,0.000739472,0.416094333,211
Kepler-514,405717552,1.38938,0.0743216,1.11,0.140246,5998.99,4.19775,0.0834208,0.413864,0.0964158,2.25242829,DWARF,0.0007739394,0.04899577,210
Kepler-515,406997913,,,,,5114.0,,,,,,,,,
Kepler-516,184085929,1.84354,0.0885902,1.43,0.243972,6731.0,4.0621,0.0905192,0.228232,0.0555305,6.285206,DWARF,3.823099e-05,0.36431247,1289
Kepler-517,138297129,1.0384,0.051588,0.991,0.130526,5604.05,4.40141,0.0789414,0.885076,0.189663,0.958145142,DWARF,0.0009335365,0.451188,736
Kepler-518,121112251,0.897786,0.0419699,1.09,0.139636,5953.0,4.56915,0.0763172,1.50629,0.314837,0.911977351,DWARF,0.0009700405,0.07475648,351
Kepler-519,171971913,0.815371,0.0494145,0.904,0.113077,5272.08,4.57153,0.0846661,1.66764,0.394008,0.462735385,DWARF,0.000103347156,0.283174753,1557
Kepler-52,399825554,0.675624,,0.64,,4116.0,4.58484,,2.07522,,0.118033826,DWARF,,,
Kepler-520,138097531,,,,,5919.59,,,,,,DWARF,,,
Kepler-521,268302011,1.62494,0.0910201,1.41,0.236141,6663.52,4.16561,0.0956324,0.328628,0.085337,4.690145,DWARF,2.939514e-05,0.594810843,892
Kepler-522,158657354,1.74231,0.074485,1.27,0.201451,6373.72,4.05962,0.0844427,0.24012,0.0550185,4.51353264,DWARF,0.0004548024,0.042429626,342
Kepler-523,164654277,0.82465,0.0398241,0.94,0.115829,5411.4,4.57866,0.0767726,1.67618,0.356494,0.5253783,DWARF,0.0012777783,0.225297749,261
Kepler-524,27914389,1.61877,,1.05,,5842.52,4.04089,,0.247534,,2.750838,DWARF,,,
Kepler-525,272279290,2.03713,0.109025,0.96,0.119956,5471.0,3.8023,0.081366,0.113558,0.0262131,3.34963942,DWARF,0.0001804933,0.13369374,546
Kepler-526,273377282,1.52211,0.087907,1.02,0.128287,5724.56,4.08178,0.0857224,0.289244,0.070296,2.24157524,DWARF,0.000355432247,0.3258653,609
Kepler-527,159642269,1.22347,0.0515577,1.23,0.182437,6283.5,4.35279,0.0811085,0.671625,0.142761,2.102262,DWARF,0.000414073642,0.05222757,355
Kepler-528,271877680,1.28083,,0.99,,5585.22,4.21872,,0.471156,,1.43825591,DWARF,,,
Kepler-529,158108219,,,,,,,,,,,DWARF,,,
Kepler-53,122446315,1.08614,,1.0,,5653.0,4.3663,,0.780451,,1.08537591,DWARF,,,
Kepler-530,48305629,0.884809,0.0532915,1.01,0.128612,5685.71,4.54869,0.0863302,1.45805,0.358505,0.7371105,DWARF,0.000741033233,0.0215745848,200
Kepler-531,243272677,0.77072,0.04299,0.772,0.089131,4784.52,4.55189,0.0796354,1.68627,0.386204,0.280440629,DWARF,0.00110363134,0.0558242835,231
Kepler-532,264507945,0.777886,0.0482914,0.836,0.100187,5028.0,4.57844,0.0861366,1.77607,0.4301,0.348423332,DWARF,0.0007964198,0.220592886,633
Kepler-533,26962715,0.774146,,0.726,,4590.9,4.52136,,1.56483,,0.23984547,DWARF,,,
Kepler-534,27847148,1.12377,0.0558141,1.08,0.14183,5927.0,4.37014,0.0832271,0.761012,0.175575,1.40407193,DWARF,0.000486473553,0.455674618,503
Kepler-535,351192037,1.36163,0.0646734,1.11,0.145761,6017.92,4.21527,0.0817434,0.439687,0.100382,2.19078636,DWARF,0.000289865828,3.676384,493
Kepler-536,28234096,0.860125,,0.965,,5500.86,4.55347,,1.5165,,0.6102953,DWARF,,,
Kepler-537,267673013,0.989822,0.0411256,1.01,0.121451,5673.64,4.45128,0.0683737,1.04148,0.190991,0.9146516,DWARF,0.000776359,0.345960349,269
Kepler-538,28227113,0.896703,0.0419247,0.964,0.117029,5499.0,4.51685,0.0718236,1.337,0.260457,0.6624101,DWARF,0.00276438566,0.0436766,443
Kepler-539,171510762,0.965916,0.0587287,1.008,0.126118,5672.02,4.47165,0.08533,1.11852,0.269184,0.8700105,DWARF,7.642401e-05,1.56293547,1397
Kepler-54,271262203,0.527463,0.0161289,0.524532,0.0206039,3768.0,4.71346,0.00950012,3.57434,0.187724,0.0505268574,DWARF,0.000286938477,0.382946551,761
Kepler-540,159452015,1.25142,0.0714447,1.04,0.128692,5811.26,4.26029,0.0847943,0.530668,0.129218,1.60909891,DWARF,0.0007572926,0.09527258,403
Kepler-541,138569175,2.14985,0.137126,1.14,0.160471,6079.73,3.83015,0.0978703,0.11473,0.0319918,5.68918657,DWARF,1.741122e-05,0.2542675,943
Kepler-542,137484431,1.00034,0.0523418,0.933,0.112971,5380.12,4.40766,0.0756095,0.932058,0.19944,0.7553616,DWARF,4.79614646e-05,0.09954293,774
Kepler-543,121123361,0.71917,0.0519573,0.751,0.0869349,4702.0,4.60004,0.0928686,2.01904,0.554229,0.227765709,DWARF,0.000967645668,0.100197792,436
Kepler-544,138571095,1.57028,,1.21,,6244.51,4.1289,,0.312501,,3.37787867,DWARF,,,
Kepler-546,237158650,1.40314,,1.01,,5694.0,4.14819,,0.36561,,1.864518,DWARF,,,
Kepler-547,158171456,0.798726,,0.75,,4692.0,4.50833,,1.47186,,0.278562516,DWARF,,,
Kepler-548,269269546,0.922087,,0.93,,5353.54,4.47701,,1.18623,,0.62922,DWARF,,,
Kepler-549,164455792,0.846751,,0.9,,5259.0,4.5368,,1.48243,,0.494104624,DWARF,,,
Kepler-55,164884002,0.715357,,0.69,,4398.0,4.56787,,1.88487,,0.172488943,DWARF,,,
Kepler-550,273376082,0.821759,,0.86,,5105.0,4.54308,,1.54976,,0.413205981,DWARF,,,
Kepler-551,350812580,0.673244,,0.66,,4202.0,4.60127,,2.16285,,0.127310574,DWARF,,,
Kepler-552,417659456,1.06694,,1.04,,5794.09,4.39882,,0.856266,,1.15589619,DWARF,,,
Kepler-553,264508613,0.947426,,0.86,,5104.0,4.41948,,1.01126,,0.548818,DWARF,,,
Kepler-554,27843707,1.0189,,0.92,,5344.0,4.38559,,0.86975,,0.7628213,DWARF,,,
Kepler-555,120572779,1.29646,,1.07,,5901.0,4.24193,,0.491025,,1.83618951,DWARF,,,
Kepler-557,138222081,2.26019,,1.05,,5838.35,3.75097,,0.0909399,,5.34742832,DWARF,,,
Kepler-558,164730843,0.790441,,0.88,,5204.0,4.58681,,1.78186,,0.412841231,DWARF,,,
Kepler-559,272488625,0.980005,,0.95,,5437.0,4.43333,,1.00934,,0.7561167,DWARF,,,
Kepler-56,138430034,4.21799,,,,4819.44,,,,,,GIANT,,,
Kepler-560,239275865,0.406086,0.0120958,0.398334,0.0202688,3569.0,4.82108,0.003762,5.94831,0.228821,0.0241055433,DWARF,0.000822648231,4.09120035,882
Kepler-561,270700432,0.925904,,0.94,,5408.89,4.47806,,1.18421,,0.6610884,DWARF,,,
Kepler-562,159301821,1.08301,,0.99,,5597.0,4.36444,,0.779361,,1.0370034,DWARF,,,
Kepler-564,272838324,0.992753,,0.99,,5582.29,4.44002,,1.01184,,0.8622364,DWARF,,,
Kepler-566,159727092,0.762543,,0.8,,4889.31,4.57663,,1.80425,,0.299373448,DWARF,,,
Kepler-567,28231454,0.845398,,0.82,,4960.0,4.49776,,1.35716,,0.389712244,DWARF,,,
Kepler-568,28361088,0.543572,0.0161767,0.539436,0.0203068,3640.0,4.69949,0.00950031,3.35868,0.173641,0.0467320047,DWARF,0.00116667547,0.024199672,592
Kepler-569,48353203,0.910167,,1.01,,5690.0,4.52415,,1.33955,,0.7823229,DWARF,,,
Kepler-57,270615136,0.840262,,0.88,,5170.32,4.53372,,1.48333,,0.45456323,DWARF,,,
Kepler-570,407001624,0.823456,,0.93,,5363.89,4.57527,,1.66557,,0.5057018,DWARF,,,
Kepler-571,243271972,0.864342,,0.95,,5462.0,4.54242,,1.47118,,0.5990636,DWARF,,,
Kepler-572,350738817,0.774921,,0.86,,5106.6,4.59405,,1.8481,,0.367906451,DWARF,,,
Kepler-573,416266820,1.08882,,1.0,,5623.39,4.36416,,0.774697,,1.06806958,DWARF,,,
Kepler-574,406952542,0.888498,,0.94,,5412.84,4.51388,,1.34017,,0.610532,DWARF,,,
Kepler-575,121022533,0.983912,,0.98,,5545.0,4.44338,,1.02886,,0.8245432,DWARF,,,
Kepler-576,139036554,0.929889,,0.91,,5302.0,4.46025,,1.13174,,0.6156244,DWARF,,,
Kepler-577,378085037,0.707087,,0.83,,4987.0,4.6582,,2.34779,,0.278610647,DWARF,,,
Kepler-578,121734474,0.814851,,0.9,,5267.0,4.57015,,1.66344,,0.46036765,DWARF,,,
Kepler-579,138959504,0.765477,,0.969,,5516.0,4.65653,,2.16036,,0.488715619,DWARF,,,
Kepler-58,184471242,1.01795,,1.02,,5707.0,4.43121,,0.966986,,0.9903287,DWARF,,,
Kepler-580,237188565,0.653273,,0.67,,4263.0,4.63395,,2.40321,,0.1269828,DWARF,,,
Kepler-581,184009313,0.851422,,1.01,,5674.0,4.5821,,1.63639,,0.676926434,DWARF,,,
Kepler-583,123415040,1.04488,,0.92,,5329.0,4.36372,,0.806464,,0.7932549,DWARF,,,
Kepler-584,158722119,1.59413,,1.18,,6167.0,4.1049,,0.29128,,3.311598,DWARF,,,
Kepler-585,158276273,0.918732,,0.96,,5481.48,4.49396,,1.23795,,0.6865369,DWARF,,,
Kepler-586,275490218,1.02322,,0.9,,5261.33,4.37237,,0.840113,,0.7227924,DWARF,,,
Kepler-587,158838923,0.847605,,0.96,,5467.0,4.56395,,1.57649,,0.5781992,DWARF,,,
Kepler-588,164723136,1.2826,,1.03,,5742.0,4.23473,,0.488167,,1.61111593,DWARF,,,
Kepler-589,123129910,0.807248,,0.9,,5262.0,4.5783,,1.71089,,0.4501034,DWARF,,,
Kepler-59,158393923,1.33321,,1.12,,6023.0,4.23749,,0.472629,,2.1073885,DWARF,,,
Kepler-591,405686888,0.976707,,0.99,,5583.99,4.45417,,1.06253,,0.835605741,DWARF,,,
Kepler-592,377782184,1.17003,,1.08,,5936.0,4.3351,,0.674272,,1.53130841,DWARF,,,
Kepler-593,27391836,1.04777,,1.07,,5902.23,4.42692,,0.93023,,1.20029545,DWARF,,,
Kepler-594,299087968,0.955641,,0.91,,5282.95,4.43652,,1.04269,,0.6409006,DWARF,,,
Kepler-595,27231753,0.845548,,0.87,,5138.5,4.52331,,1.43914,,0.4490728,DWARF,,,
Kepler-596,416267321,1.28677,,1.15,,6098.0,4.27976,,0.53975,,2.06275487,DWARF,,,
Kepler-597,138214174,1.00322,,1.0,,5652.97,4.43527,,0.990388,,0.925971746,DWARF,,,
Kepler-598,137969066,0.900316,,0.9,,5245.0,4.48352,,1.23327,,0.5526703,DWARF,,,
Kepler-599,120686620,0.728343,,0.83,,5007.0,4.63247,,2.14818,,0.300383717,DWARF,,,
Kepler-6,27916356,1.31474,0.059593,0.99,0.131661,5613.0,4.19602,0.0759671,0.435623,0.0899058,1.545815,DWARF,0.000438277784,0.249831036,560
Kepler-60,158923465,1.47227,,1.07,,5883.0,4.13148,,0.335291,,2.339184,DWARF,,,
Kepler-600,164646661,0.821693,,0.89,,5238.0,4.55804,,1.60421,,0.45790568,DWARF,,,
Kepler-601,351801933,0.781605,,0.86,,5102.59,4.58659,,1.80109,,0.3731062,DWARF,,,
Kepler-602,272180918,1.57201,,0.98,,5554.67,4.03638,,0.252265,,2.11953282,DWARF,,,
Kepler-603,270948636,1.54113,,1.05,,5825.0,4.08358,,0.286859,,2.4635365,DWARF,,,
Kepler-604,63212809,1.10571,,1.04,,5787.0,4.36782,,0.769329,,1.23534846,DWARF,,,
Kepler-605,158423850,0.84801,,0.95,,5432.54,4.55899,,1.55783,,0.5642978,DWARF,,,
Kepler-606,63286249,1.25362,,1.09,,5968.0,4.27916,,0.553259,,1.79614758,DWARF,,,
Kepler-607,159579593,0.755234,,0.92,,5330.96,4.64569,,2.13571,,0.415030241,DWARF,,,
Kepler-608,270786157,1.11363,,0.99,,5600.66,4.34022,,0.716833,,1.09933448,DWARF,,,
Kepler-609,63126989,1.11903,,1.01,,5666.0,4.34471,,0.720777,,1.1627363,DWARF,,,
Kepler-61,271537530,0.703757,,0.649,,4148.0,4.55547,,1.86199,,0.132097632,DWARF,,,
Kepler-610,275491028,0.942016,,0.99,,5581.0,4.48559,,1.18429,,0.775639236,DWARF,,,
Kepler-611,158113449,1.58935,,1.02,,5709.0,4.04423,,0.254062,,2.41754985,DWARF,,,
Kepler-613,164407908,0.982593,,1.0,,5635.0,4.45332,,1.05409,,0.877037466,DWARF,,,
Kepler-614,274017990,0.742983,,0.9,,5262.93,4.65035,,2.19435,,0.381560445,DWARF,,,
Kepler-615,123492903,,,,,,,,,,,GIANT,,,
Kepler-616,271355361,0.949172,,0.98,,5556.24,4.4746,,1.14602,,0.7735856,DWARF,,,
Kepler-617,164557035,0.544291,0.0163435,0.540091,0.0204029,3691.0,4.69887,0.00967502,3.34945,0.175414,0.0495373979,DWARF,0.0007798768,0.015880838,208
Kepler-618,405719849,1.21184,,1.04,,5793.0,4.28821,,0.584385,,1.49004078,DWARF,,,
Kepler-619,417659212,0.943241,,1.04,,5807.76,4.50586,,1.23927,,0.911958456,DWARF,,,
Kepler-62,164458488,0.730697,,0.79,,4842.0,4.60822,,2.02496,,0.264404178,DWARF,,,
Kepler-620,350737935,1.30709,,1.16,,6142.88,4.26992,,0.519449,,2.19175935,DWARF,,,
Kepler-621,122706051,,,,,4244.15,,,,,,GIANT,,,
Kepler-622,120254625,0.736801,,0.64,,4095.0,4.50955,,1.60003,,0.137534216,DWARF,,,
Kepler-623,272842291,0.823163,,0.91,,5297.0,4.56614,,1.63149,,0.480602831,DWARF,,,
Kepler-624,138972811,1.22089,,1.18,,6176.34,4.33659,,0.64841,,1.954224,DWARF,,,
Kepler-625,137414304,1.45378,0.0639723,1.13,0.147106,6049.15,4.16615,0.0755275,0.367774,0.0747058,2.549589,DWARF,0.000191991319,3.716373,657
Kepler-626,121734202,1.01824,,0.986,,5583.62,4.41624,,0.933957,,0.907941937,DWARF,,,
Kepler-627,137413972,1.42331,,1.12,,6039.82,4.18069,,0.388435,,2.42879367,DWARF,,,
Kepler-629,122063843,0.84085,0.0381483,0.924,0.116949,5346.96,4.5543,0.0726551,1.55423,0.31071,0.5206663,DWARF,0.0006831699,0.100554094,526
Kepler-63,299158887,0.938168,0.0554422,0.964,0.126452,5497.0,4.47758,0.0868289,1.16744,0.283433,0.7240331,DWARF,0.00215834845,0.0164937247,267
Kepler-630,138216186,1.41451,,1.04,,5775.73,4.15389,,0.367466,,2.006009,DWARF,,,
Kepler-631,168816237,1.34611,,1.2,,6224.04,4.25909,,0.491967,,2.44989681,DWARF,,,
Kepler-632,169181786,0.820556,0.13025,,,5307.85,,,,,,,7.739462e-05,0.0798791945,1026
Kepler-634,137089993,1.41192,,1.19,,6188.83,4.21399,,0.422781,,2.63481236,DWARF,,,
Kepler-635,394174221,1.95866,0.104709,1.23,0.181046,6296.98,3.94406,0.0895128,0.163692,0.040429,5.43427658,DWARF,0.00019549315,0.08350486,511
Kepler-637,137626872,1.38958,0.0770251,1.15,0.160072,6102.5,4.213,0.0879819,0.428594,0.105019,2.41264582,DWARF,0.000283104018,0.3706814,660
Kepler-638,120420633,2.15251,0.156965,0.92,0.118486,5342.68,3.73596,0.0985774,0.0922465,0.0273334,3.401131,DWARF,0.0001554822,0.205621,307
Kepler-639,137409501,1.72689,0.0867134,1.04,0.128307,5798.73,3.98057,0.0748696,0.201949,0.0425899,3.037767,DWARF,0.000238989465,0.05309222,577
Kepler-640,272180958,1.04068,,0.99,,5581.5,4.39907,,0.878388,,0.9469583,DWARF,,,
Kepler-641,63006978,1.74026,,0.96,,5476.78,3.93911,,0.182151,,2.45483851,DWARF,,,
Kepler-642,270705735,1.33017,0.0683467,1.23,0.187258,6291.71,4.28016,0.0907707,0.522617,0.128495,2.497952,DWARF,0.000323766377,0.24019286,632
Kepler-643,159311390,2.70957,,,,4809.45,,,,,,GIANT,,,
Kepler-644,271669616,1.83103,,1.29,,6420.67,4.02327,,0.210138,,5.13341331,DWARF,,,
Kepler-645,159381747,1.41768,,1.23,,6284.97,4.22482,,0.431691,,2.82528663,DWARF,,,
Kepler-646,159441621,0.838993,,0.95,,5429.4,4.56827,,1.6086,,0.551084638,DWARF,,,
Kepler-647,164786172,1.54571,,1.07,,5906.74,4.08919,,0.289733,,2.62025571,DWARF,,,
Kepler-648,164560223,0.979904,,1.0,,5654.78,4.4557,,1.0628,,0.88455385,DWARF,,,
Kepler-649,352012975,0.893785,0.0426935,1.09,0.140385,5953.0,4.57303,0.0794415,1.52661,0.334377,0.9038659,DWARF,0.0006410555,0.0532410033,287
Kepler-65,121731834,1.5092,0.0579346,1.167,0.155353,6149.0,4.14765,0.0742718,0.339494,0.0683162,2.933627,DWARF,0.00119802973,0.0307613369,433
Kepler-650,158934047,,,,,5841.7,,,,,,DWARF,,,
Kepler-651,158415898,0.85052,,0.94,,5409.77,4.55183,,1.52783,,0.558185935,DWARF,,,
Kepler-652,158660814,0.855152,0.0458292,0.923,0.115256,5343.0,4.53918,0.0828535,1.47595,0.346245,0.536935568,DWARF,0.0005271876,2.44801855,270
Kepler-653,123445166,1.25733,0.0590201,0.97,0.126224,5511.66,4.22594,0.0765933,0.488008,0.102043,1.31437945,DWARF,0.000445006444,0.0182238128,199
Kepler-654,272843763,1.66143,,1.05,,5843.0,4.01829,,0.22895,,2.898708,DWARF,,,
Kepler-655,273044848,1.23362,,1.22,,6261.79,4.34207,,0.64986,,2.107894,DWARF,,,
Kepler-656,158731243,0.894243,,0.87,,5139.72,4.47468,,1.21661,,0.5027636,DWARF,,,
Kepler-657,159643991,1.40492,,1.02,,5718.0,4.15136,,0.367826,,1.90097475,DWARF,,,
Kepler-658,164456041,0.731042,,0.63,,4023.0,4.50952,,1.61255,,0.126118585,DWARF,,,
Kepler-659,158489787,0.801178,,0.77,,4764.0,4.5171,,1.49728,,0.29787913,DWARF,,,
Kepler-660,158662352,0.725537,,0.76,,4727.0,4.59756,,1.98992,,0.236786142,DWARF,,,
Kepler-661,164557360,0.676507,,0.69,,4392.0,4.61637,,2.2286,,0.15342252,DWARF,,,
Kepler-662,407002705,0.939452,,0.79,,4852.86,4.38995,,0.952804,,0.440996,DWARF,,,
Kepler-663,273681023,0.902459,,0.85,,5074.0,4.45663,,1.15647,,0.486353219,DWARF,,,
Kepler-664,299033092,0.940483,,0.99,,5583.0,4.487,,1.1901,,0.7742251,DWARF,,,
Kepler-665,27988995,0.740259,,0.77,,4762.0,4.58579,,1.89819,,0.2538751,DWARF,,,
Kepler-666,267989336,1.2279,,1.04,,5783.0,4.27677,,0.561747,,1.5192734,DWARF,,,
Kepler-667,27530621,2.37029,,,,5107.0,,,,,,GIANT,,,
Kepler-668,350813835,0.762284,,0.9,,5262.0,4.62808,,2.03185,,0.401358038,DWARF,,,
Kepler-669,26541079,1.54302,,1.02,,5711.0,4.06993,,0.277645,,2.28183222,DWARF,,,
Kepler-670,27990610,1.01304,,0.94,,5413.0,4.39994,,0.904154,,0.7937865,DWARF,,,
Kepler-671,27084006,1.03215,,0.94,,5423.0,4.38371,,0.854864,,0.830118835,DWARF,,,
Kepler-672,26491504,0.961413,,0.97,,5518.52,4.45902,,1.09155,,0.7723341,DWARF,,,
Kepler-673,417657148,0.820614,,0.89,,5227.0,4.55918,,1.61055,,0.452879518,DWARF,,,
Kepler-674,48528770,0.68608,,0.65,,4135.0,4.57823,,2.01275,,0.1239785,DWARF,,,
Kepler-675,27006665,0.823922,,0.76,,4750.2,4.48711,,1.3588,,0.311397225,DWARF,,,
Kepler-676,27776674,0.561742,0.0172859,0.555695,0.0206694,3655.0,4.68383,0.0105753,3.13492,0.173049,0.05073621,DWARF,0.000280071923,1.78811586,418
Kepler-677,267746941,1.64026,,1.0,,5640.0,4.00824,,0.2266,,2.452661,DWARF,,,
Kepler-678,27533282,1.98346,,0.91,,5308.0,3.80226,,0.116619,,2.813629,DWARF,,,
Kepler-679,27766596,0.803666,,0.9,,5271.0,4.58216,,1.73387,,0.449177,DWARF,,,
Kepler-68,417676622,1.25931,0.0682412,1.064,0.134549,5875.23,4.26474,0.0802204,0.532773,0.12083,1.70239532,DWARF,0.00351527333,0.0216992982,338
Kepler-680,26473621,1.3309,,0.99,,5605.0,4.18541,,0.419954,,1.57502,DWARF,,,
Kepler-681,299217986,0.807916,,0.81,,4937.0,4.53182,,1.53598,,0.3493655,DWARF,,,
Kepler-682,299161524,1.94053,,0.95,,5462.0,3.83995,,0.130006,,3.01954269,DWARF,,,
Kepler-683,137149476,1.04285,,0.97,,5521.79,4.38839,,0.855268,,0.910878956,DWARF,,,
Kepler-684,122607324,1.43405,,0.95,,5435.15,4.10266,,0.322131,,1.61684442,DWARF,,,
Kepler-685,138364831,1.04426,,0.96,,5483.74,4.38272,,0.843037,,0.8884202,DWARF,,,
Kepler-686,399794420,1.15986,,1.02,,5703.0,4.31786,,0.653713,,1.28208482,DWARF,,,
Kepler-687,121988890,0.760961,,0.77,,4775.0,4.56183,,1.74745,,0.271214455,DWARF,,,
Kepler-688,378085713,1.09515,,0.95,,5441.0,4.33684,,0.723271,,0.947017252,DWARF,,,
Kepler-69,275573429,1.25389,,1.03,,5757.89,4.25439,,0.52247,,1.55691779,DWARF,,,
Kepler-691,121787669,0.564255,0.0175065,0.557898,0.020761,3626.0,4.68167,0.0107886,3.10548,0.173747,0.0495857336,DWARF,0.000265687035,0.0908454359,453
Kepler-693,237159318,0.876354,,0.78,,4822.0,4.4448,,1.15893,,0.374078125,DWARF,,,
Kepler-694,122713147,0.98285,,0.98,,5568.0,4.44432,,1.0322,,0.836500764,DWARF,,,
Kepler-695,171974763,1.15358,,0.8,,4903.0,4.21706,,0.521131,,0.6928473,DWARF,,,
Kepler-696,138219428,1.20896,,1.02,,5726.07,4.28184,,0.577249,,1.4156177,DWARF,,,
Kepler-697,120042965,1.0519,,0.98,,5546.0,4.38534,,0.84197,,0.9431205,DWARF,,,
Kepler-698,121729607,1.68058,,0.98,,5568.0,3.97837,,0.206465,,2.44574213,DWARF,,,
Kepler-7,121660904,2.08122,0.126088,1.1,0.139516,5974.0,3.84282,0.0854445,0.122021,0.0298117,4.9704237,DWARF,0.000218139554,0.223379686,414
Kepler-700,121114997,1.41396,,0.97,,5540.0,4.12397,,0.343134,,1.69670343,DWARF,,,
Kepler-701,121795464,0.880104,,0.9,,5248.0,4.50324,,1.3202,,0.529343665,DWARF,,,
Kepler-702,138430864,1.03741,,0.88,,5171.07,4.35065,,0.78819,,0.693293869,DWARF,,,
Kepler-703,171968443,1.06028,,1.05,,5825.0,4.40842,,0.880911,,1.16604817,DWARF,,,
Kepler-704,237157729,1.1788,,0.95,,5427.0,4.27291,,0.579961,,1.08596838,DWARF,,,
Kepler-705,122066949,0.553555,0.0173173,0.548441,0.0208584,3631.0,4.69088,0.0106565,3.23331,0.180749,0.0479867421,DWARF,0.000276891922,0.111063786,451
Kepler-707,159217349,0.716327,,0.86,,5110.0,4.66234,,2.33973,,0.315210342,DWARF,,,
Kepler-709,63122858,0.727711,,0.86,,5128.33,4.64865,,2.23162,,0.3300023,DWARF,,,
Kepler-710,63120475,1.40339,,1.01,,5674.41,4.14803,,0.365411,,1.83965921,DWARF,,,
Kepler-711,273234664,0.778615,,0.8,,4907.0,4.55851,,1.69481,,0.31666863,DWARF,,,
Kepler-713,271762145,1.08453,,1.05,,5819.0,4.38878,,0.823134,,1.21497524,DWARF,,,
Kepler-714,123499118,1.61257,,1.08,,5923.0,4.05646,,0.257556,,2.8833468,DWARF,,,
Kepler-715,164552984,1.17458,,1.06,,5855.0,4.32361,,0.654122,,1.4607203,DWARF,,,
Kepler-716,159377404,0.742183,,0.83,,5012.0,4.61612,,2.03023,,0.31315583,DWARF,,,
Kepler-718,268924036,1.16875,,1.03,,5767.0,4.31546,,0.645171,,1.36124456,DWARF,,,
Kepler-719,271767300,1.7223,,1.01,,5691.0,3.97017,,0.197696,,2.803272,DWARF,,,
Kepler-720,268159158,1.14715,,0.96,,5490.0,4.3011,,0.635934,,1.07701921,DWARF,,,
Kepler-721,164726831,0.898555,,0.81,,4944.0,4.43946,,1.11648,,0.434608221,DWARF,,,
Kepler-723,164786087,,,,,,,,,,,DWARF,,,
Kepler-724,270521439,0.922747,,0.91,,5283.54,4.46694,,1.15823,,0.597805262,DWARF,,,
Kepler-725,164652841,0.829332,,0.91,,5293.0,4.55965,,1.59535,,0.4863612,DWARF,,,
Kepler-726,63000832,0.789879,,0.94,,5406.0,4.61608,,1.90742,,0.480086535,DWARF,,,
Kepler-727,271351820,0.824791,,0.91,,5294.85,4.56442,,1.62185,,0.481722236,DWARF,,,
Kepler-729,158269049,1.41555,,1.0,,5639.0,4.13622,,0.352551,,1.82538676,DWARF,,,
Kepler-730,352013543,1.37525,,1.0,,5638.0,4.16131,,0.384466,,1.72169554,DWARF,,,
Kepler-731,272366748,1.05268,,1.03,,5741.0,4.40631,,0.882967,,1.0845263,DWARF,,,
Kepler-732,164555597,0.522369,0.0154942,0.519723,0.0202719,3619.0,4.71788,0.00882279,3.64619,0.182434,0.04217002,DWARF,0.0006772783,0.06687908,234
Kepler-733,240179452,0.856615,,0.9,,5253.77,4.52674,,1.43181,,0.5036746,DWARF,,,
Kepler-734,272845785,1.62817,,0.99,,5610.0,4.0103,,0.22937,,2.365624,DWARF,,,
Kepler-735,164780824,0.756226,,0.81,,4929.0,4.58925,,1.87297,,0.304111868,DWARF,,,
Kepler-736,351909600,0.858585,,0.85,,5093.0,4.49992,,1.34298,,0.4468443,DWARF,,,
Kepler-737,63068329,0.517539,0.0155698,0.51512,0.0204242,3793.0,4.72209,0.00891023,3.71603,0.188256,0.0499473251,DWARF,0.000572524965,0.042543292,420
Kepler-738,158490928,0.953211,,0.89,,5230.88,4.42908,,1.0276,,0.612875044,DWARF,,,
Kepler-739,159225155,1.07383,,1.0,,5628.0,4.3762,,0.807602,,1.042268,DWARF,,,
Kepler-74,137903329,1.43728,,1.05,,5828.81,4.14418,,0.353644,,2.14830685,DWARF,,,
Kepler-740,158270511,0.986491,,0.94,,5415.15,4.42301,,0.979148,,0.753916264,DWARF,,,
Kepler-741,159050690,1.38133,,1.09,,5944.0,4.1949,,0.413552,,2.145889,DWARF,,,
Kepler-742,164558468,0.727321,,0.72,,4545.0,4.57195,,1.87135,,0.203367725,DWARF,,,
Kepler-743,271760755,0.924495,0.0501382,0.945,0.113948,5423.64,4.48169,0.0806781,1.19596,0.27922,0.666296363,DWARF,9.376871e-05,0.103655636,746
Kepler-744,272597130,0.821117,,0.991,,5605.14,4.60533,,1.79003,,0.5995843,DWARF,,,
Kepler-745,137307173,1.60555,,1.0,,5654.67,4.02682,,0.241617,,2.37449956,DWARF,,,
Kepler-746,122515955,,,,,5094.34,,,,,,DWARF,,,
Kepler-747,121602473,3.20668,,,,4980.0,,,,,,GIANT,,,
Kepler-748,137545963,1.53591,,1.02,,5730.42,4.07394,,0.281517,,2.29177022,DWARF,,,
Kepler-75,122785299,0.977054,,0.87,,5160.0,4.39775,,0.932748,,0.609719634,DWARF,,,
Kepler-750,158931258,1.36307,,1.12,,6025.52,4.21825,,0.44225,,2.20651364,DWARF,,,
Kepler-751,271259677,0.866325,,0.92,,5327.0,4.52649,,1.41496,,0.5444866,DWARF,,,
Kepler-752,137548225,0.965766,,0.96,,5466.0,4.45059,,1.06575,,0.7500965,DWARF,,,
Kepler-753,351056774,0.67461,,0.668,,4272.0,4.60474,,2.1758,,0.136560455,DWARF,,,
Kepler-754,138036531,1.48507,,1.11,,6016.43,4.1399,,0.338908,,2.60341859,DWARF,,,
Kepler-755,239227652,0.743554,,0.87,,5146.47,4.63496,,2.11632,,0.349427849,DWARF,,,
Kepler-756,122597885,,,,,,,,,,,DWARF,,,
Kepler-757,360022783,1.24785,,1.01,,5667.0,4.25006,,0.519792,,1.4468894,DWARF,,,
Kepler-758,137968594,1.53467,,1.3,,6442.0,4.17998,,0.359668,,3.654308,DWARF,,,
Kepler-759,122298563,,,,,,,,,,,DWARF,,,
Kepler-76,138644215,1.4874,0.0734472,1.16,0.164239,6136.25,4.15767,0.0885656,0.352514,0.0862,2.82592916,DWARF,2.30285132e-05,1.152255,843
Kepler-760,158494681,0.905798,,0.87,,5162.0,4.46352,,1.17065,,0.5248429,DWARF,,,
Kepler-761,159442087,0.934117,,0.99,,5582.19,4.4929,,1.21459,,0.763336539,DWARF,,,
Kepler-762,159725995,1.38188,,1.07,,5897.0,4.18651,,0.405482,,2.080466,DWARF,,,
Kepler-763,63130782,0.878976,,0.85,,5080.0,4.47953,,1.25167,,0.463557065,DWARF,,,
Kepler-764,273129679,0.943403,,0.96,,5495.0,4.47094,,1.14335,,0.7310716,DWARF,,,
Kepler-765,164456891,1.16715,,1.04,,5811.0,4.32085,,0.654116,,1.39942837,DWARF,,,
Kepler-766,138036952,1.74979,,1.0,,5658.0,3.9521,,0.186657,,2.82693839,DWARF,,,
Kepler-767,137220387,1.78176,,1.01,,5686.0,3.94069,,0.178556,,2.98964834,DWARF,,,
Kepler-768,138568968,0.775191,,0.83,,5014.0,4.57833,,1.78177,,0.342176378,DWARF,,,
Kepler-769,137815803,1.14383,,1.1,,5983.0,4.36274,,0.73503,,1.51041353,DWARF,,,
Kepler-77,159098316,1.06062,,0.96,,5482.59,4.36922,,0.804628,,0.9157044,DWARF,,,
Kepler-770,120891972,1.17497,,0.96,,5493.0,4.28028,,0.591819,,1.13236928,DWARF,,,
Kepler-771,121276933,1.4995,,1.04,,5782.0,4.10321,,0.308458,,2.26411343,DWARF,,,
Kepler-772,137150277,1.85723,,0.98,,5567.78,3.89156,,0.152978,,2.98644233,DWARF,,,
Kepler-773,122682991,1.15785,0.0560176,1.007,0.127065,5665.91,4.31379,0.0754683,0.648746,0.135361,1.24473369,DWARF,0.000381077669,0.46708855,744
Kepler-774,122780849,1.91129,0.115236,1.3,0.215232,6439.23,3.98936,0.101585,0.186193,0.0516218,5.65826845,DWARF,0.000242664741,0.104178034,688
Kepler-775,137211068,0.852051,0.046794,0.928,0.120999,5362.23,4.54468,0.0849579,1.5002,0.3578,0.540764451,DWARF,0.000638230937,0.0274569988,515
Kepler-776,121114760,0.824551,,0.81,,4944.0,4.51412,,1.44488,,0.365968436,DWARF,,,
Kepler-777,123497954,0.672976,,0.63,,4031.0,4.58141,,2.06701,,0.107731953,DWARF,,,
Kepler-778,158484518,0.796643,,0.86,,5098.0,4.57004,,1.70101,,0.3862081,DWARF,,,
Kepler-779,352012126,0.549523,0.0169534,0.544826,0.020701,3827.0,4.69435,0.0102962,3.28322,0.179377,0.0583579876,DWARF,0.000335544377,0.120395325,284
Kepler-78,270701667,0.728829,0.0390327,0.85,0.105692,5076.34,4.64223,0.0800117,2.19554,0.497577,0.317796558,DWARF,0.00287078973,0.101199031,490
Kepler-780,123362050,1.03547,,,,5846.26,,,,,,DWARF,0.0005467856,0.03896322,214
Kepler-781,158489897,0.804409,,0.87,,5160.0,4.56663,,1.67143,,0.413282573,DWARF,,,
Kepler-782,158839841,1.17135,0.0669347,1.01,0.130691,5681.6,4.30502,0.0850449,0.628435,0.150214,1.28810525,DWARF,0.00056590396,1.27605557,274
Kepler-783,159642390,0.872088,,0.94,,5411.49,4.53007,,1.41725,,0.5876015,DWARF,,,
Kepler-784,272078218,2.87389,0.153543,0.98,0.122998,5576.0,3.51235,0.0790479,0.0412872,0.00911823,7.193267,DWARF,0.000121322919,0.12123137,573
Kepler-785,137402055,0.697971,,0.74,,4664.23,4.61963,,2.17631,,0.207725018,DWARF,,,
Kepler-786,138366498,0.815455,,0.721,,4568.33,4.4732,,1.32964,,0.260930449,DWARF,,,
Kepler-787,137318289,0.632532,,0.68,,4334.53,4.66841,,2.68697,,0.127241015,DWARF,,,
Kepler-788,122224871,1.31291,,1.15,,6112.9,4.2623,,0.508152,,2.16847038,DWARF,,,
Kepler-789,184300256,1.64194,,1.1,,5994.0,4.04875,,0.248497,,3.13527727,DWARF,,,
Kepler-79,239306681,1.35452,,1.24,,6298.14,4.26792,,0.498955,,2.6008625,DWARF,,,
Kepler-790,121020728,0.789399,,0.85,,5090.0,4.57289,,1.72794,,0.376841873,DWARF,,,
Kepler-791,138303317,1.33182,,1.24,,6306.47,4.2826,,0.524908,,2.52773881,DWARF,,,
Kepler-792,137401986,1.37928,,1.03,,5753.71,4.1716,,0.392538,,1.87841058,DWARF,,,
Kepler-793,139036121,1.21429,,0.99,,5581.0,4.26506,,0.552934,,1.288796,DWARF,,,
Kepler-794,121467823,1.65043,,1.11,,6013.42,4.0482,,0.246907,,3.209034,DWARF,,,
Kepler-795,122684233,1.03781,0.0537312,0.989,0.126537,5595.29,4.40103,0.0795743,0.8848,0.192907,0.9510845,DWARF,0.000463189237,0.300395966,709
Kepler-796,121214909,2.45824,,,,5317.0,,,,,,GIANT,,,
Kepler-797,169176157,1.65769,,1.06,,5875.0,4.02436,,0.232698,,2.94940972,DWARF,,,
Kepler-798,63214717,1.22214,,1.08,,5933.64,4.29725,,0.591649,,1.66809,DWARF,,,
Kepler-8,123233041,1.5817,,1.18,,6179.0,4.1117,,0.2982,,3.28561783,DWARF,,,
Kepler-80,184296619,0.66402,,0.731,,4613.0,4.65762,,2.49674,,0.179883271,DWARF,,,
Kepler-800,158275161,0.787518,,0.91,,5293.0,4.60459,,1.8632,,0.438554317,DWARF,,,
Kepler-801,158171839,0.689681,,0.69,,4390.0,4.59962,,2.10331,,0.15916577,DWARF,,,
Kepler-802,158114000,0.880822,,0.94,,5401.0,4.52142,,1.37551,,0.5947952,DWARF,,,
Kepler-803,268608781,1.25037,,1.08,,5928.59,4.27742,,0.552475,,1.74010026,DWARF,,,
Kepler-804,275573295,1.07268,,1.02,,5734.31,4.38573,,0.826399,,1.12088108,DWARF,,,
Kepler-805,275573748,1.66924,0.095025,1.15,0.155437,6099.13,4.05373,0.0868341,0.247255,0.0602005,3.473777,DWARF,0.000385602936,0.252764374,510
Kepler-806,272172942,1.65832,0.101419,1.01,0.128829,5664.08,4.00305,0.0885798,0.221471,0.0560619,2.550053,DWARF,0.0007282587,0.116105117,689
Kepler-809,299156496,1.0322,,1.01,,5686.0,4.41486,,0.918393,,1.00334561,DWARF,,,
Kepler-81,270611154,0.582488,,0.71,,4500.0,4.75875,,3.59251,,0.125348374,DWARF,,,
Kepler-811,351908051,1.5349,,0.99,,5610.15,4.06154,,0.273774,,2.10258818,DWARF,,,
Kepler-812,299033074,1.7531,,1.43,,6720.56,4.10579,,0.265408,,5.648475,DWARF,,,
Kepler-813,377782430,,,,,5730.59,,,,,,DWARF,,,
Kepler-814,48450382,1.93055,,1.15,,6107.0,3.9274,,0.159828,,4.67057657,DWARF,,,
Kepler-815,48505882,3.68604,,,,4982.09,,,,,,GIANT,,,
Kepler-817,184299435,1.176,,0.99,,5593.0,4.29288,,0.608707,,1.2192477,DWARF,,,
Kepler-818,184417625,0.913187,,1.0,,5624.0,4.51695,,1.31317,,0.751614332,DWARF,,,
Kepler-819,139106013,0.79071,,0.87,,5162.79,4.58155,,1.75982,,0.4001906,DWARF,,,
Kepler-82,63372898,0.955127,,0.91,,5309.19,4.43699,,1.04438,,0.6530257,DWARF,,,
Kepler-821,120573482,0.850661,,0.85,,5074.0,4.50797,,1.38086,,0.4321247,DWARF,,,
Kepler-823,120315151,1.5801,,0.98,,5570.0,4.03192,,0.24841,,2.16514587,DWARF,,,
Kepler-826,120355363,1.31152,0.0768844,1.17,0.172984,6160.28,4.2707,0.0996127,0.518628,0.142405,2.23177075,DWARF,0.000314685545,0.13411288,351
Kepler-828,158386765,0.726517,,0.82,,4954.0,4.62939,,2.13833,,0.286424935,DWARF,,,
Kepler-829,123451768,1.1225,,0.98,,5575.0,4.32892,,0.692903,,1.09658778,DWARF,,,
Kepler-83,123416515,,,,,4648.0,,,,,,DWARF,,,
Kepler-830,271433874,,,,,,,,,,,DWARF,,,
Kepler-831,271346561,1.02145,,1.03,,5750.35,4.43247,,0.966451,,1.02780342,DWARF,,,
Kepler-833,159397031,0.713732,,0.68,,4328.0,4.56351,,1.87026,,0.161032826,DWARF,,,
Kepler-834,158392088,0.722055,,0.69,,4423.0,4.55978,,1.83289,,0.179764345,DWARF,,,
Kepler-835,164527012,1.42093,,1.06,,5855.0,4.15823,,0.369475,,2.137715,DWARF,,,
Kepler-836,158486560,1.02246,,1.06,,5871.0,4.44408,,0.991681,,1.11900556,DWARF,,,
Kepler-837,164891482,0.775221,,0.99,,5608.0,4.65485,,2.125,,0.5355228,DWARF,,,
Kepler-838,351909828,0.89231,,1.03,,5773.0,4.54987,,1.44974,,0.7967685,DWARF,,,
Kepler-839,159580625,1.56856,,1.08,,5927.07,4.08049,,0.279846,,2.735631,DWARF,,,
Kepler-84,170646917,,,,,,,,,,,DWARF,,,
Kepler-841,267569980,0.819176,,0.88,,5177.0,4.5558,,1.60085,,0.43427214,DWARF,,,
Kepler-842,424815179,0.755444,,0.74,,4668.0,4.5509,,1.71643,,0.244130731,DWARF,,,
Kepler-843,27774043,0.998644,,1.0,,5621.0,4.43925,,1.00408,,0.8969548,DWARF,,,
Kepler-844,298836607,0.734025,,0.62,,3965.18,4.49904,,1.56769,,0.11999619,DWARF,,,
Kepler-845,417676802,0.766119,,0.74,,4655.78,4.53871,,1.64567,,0.248460457,DWARF,,,
Kepler-846,399911496,0.859605,,0.96,,5494.0,4.55174,,1.51138,,0.606523454,DWARF,,,
Kepler-847,48352404,0.825555,,0.76,,4746.0,4.48539,,1.35075,,0.311528146,DWARF,,,
Kepler-848,26817863,2.06393,,1.0,,5654.59,3.80868,,0.11374,,3.923654,DWARF,,,
Kepler-849,417659078,1.86048,0.104342,1.1,0.143141,5994.9,3.94021,0.0852733,0.170812,0.0404488,4.027842,DWARF,0.000294613565,0.5000316,329
Kepler-85,159580705,0.864111,,0.96,,5495.0,4.5472,,1.48786,,0.6133451,DWARF,,,
Kepler-850,26751527,1.21024,,1.04,,5797.0,4.28936,,0.586701,,1.49022579,DWARF,,,
Kepler-851,27235573,0.780021,,0.99,,5585.0,4.64949,,2.08601,,0.533334434,DWARF,,,
Kepler-852,28089606,2.22781,,1.2,,6224.98,3.82149,,0.108529,,6.71432543,DWARF,,,
Kepler-853,48419201,1.4745,0.0622613,1.27,0.190546,6376.52,4.20458,0.0820491,0.396159,0.0871914,3.23831582,DWARF,0.000635668344,0.03144501,214
Kepler-855,271431851,1.56051,,0.99,,5597.0,4.04717,,0.260518,,2.15301847,DWARF,,,
Kepler-856,159054620,1.12772,,0.93,,5368.0,4.30215,,0.64846,,0.9513589,DWARF,,,
Kepler-857,271158887,0.974318,,0.99,,5612.0,4.4563,,1.07037,,0.8483345,DWARF,,,
Kepler-858,299089652,0.940603,0.0414573,0.984,0.125262,5576.31,4.48425,0.0737161,1.18243,0.235253,0.7707174,DWARF,0.00110010919,1.02576339,253
Kepler-859,158317824,0.731858,,0.8,,4898.0,4.6123,,2.04084,,0.2777307,DWARF,,,
Kepler-860,271774166,0.909132,,0.97,,5529.64,4.50759,,1.2909,,0.6962031,DWARF,,,
Kepler-862,273379660,1.17019,,0.84,,5030.0,4.22583,,0.524216,,0.7897317,DWARF,,,
Kepler-863,273500946,1.23527,,1.06,,5878.0,4.27985,,0.562368,,1.64110482,DWARF,,,
Kepler-864,164836049,1.33944,,1.0,,5621.0,4.18422,,0.416129,,1.61360431,DWARF,,,
Kepler-865,273499989,0.847142,,0.91,,5284.0,4.5412,,1.49683,,0.504032254,DWARF,,,
Kepler-866,159307214,0.680331,,0.74,,4664.0,4.64186,,2.35002,,0.197319224,DWARF,,,
Kepler-867,399915645,,,,,5595.28,,,,,,,,,
Kepler-868,123447451,1.12834,,1.0,,5652.0,4.33319,,0.696111,,1.17053521,DWARF,,,
Kepler-869,299218299,0.943902,,0.98,,5575.0,4.47944,,1.16532,,0.7754034,DWARF,,,
Kepler-87,273592336,1.49669,,1.01,,5692.09,4.09213,,0.30125,,2.11857843,DWARF,,,
Kepler-870,27455225,1.06759,,1.02,,5725.95,4.38986,,0.838275,,1.10380924,DWARF,,,
Kepler-872,271669275,0.88089,,1.0,,5655.0,4.54822,,1.46297,,0.7149375,DWARF,,,
Kepler-873,27843860,1.08657,,1.1,,5983.0,4.40734,,0.857468,,1.36297345,DWARF,,,
Kepler-874,271347296,1.18184,,1.03,,5747.0,4.30579,,0.623969,,1.37270033,DWARF,,,
Kepler-875,273141643,1.12541,,1.07,,5882.0,4.36483,,0.750665,,1.36590254,DWARF,,,
Kepler-876,164529393,0.894513,,0.84,,5023.0,4.45917,,1.1736,,0.458903342,DWARF,,,
Kepler-877,159175206,,,,,,,,,,,DWARF,,,
Kepler-878,164892142,1.08943,,0.83,,5002.0,4.28275,,0.641918,,0.669373333,DWARF,,,
Kepler-879,27639443,1.08687,,1.0,,5644.0,4.36571,,0.778867,,1.07994258,DWARF,,,
Kepler-880,351803495,1.5425,0.0680654,1.47,0.247352,6819.0,4.22893,0.0856005,0.400535,0.09224,4.634778,DWARF,0.0005919479,0.155555815,247
Kepler-881,158936201,1.0933,,1.08,,5914.17,4.39401,,0.826431,,1.31749189,DWARF,,,
Kepler-882,271158747,0.857919,,0.92,,5325.0,4.53496,,1.45696,,0.5331701,DWARF,,,
Kepler-883,243271051,1.28198,0.0686634,1.12,0.147532,6043.68,4.27152,0.0849645,0.531581,0.121172,1.97545111,DWARF,0.000541213667,0.103686281,216
Kepler-884,26657091,0.957608,,,,5821.17,,,,,,DWARF,0.000485641882,5.36162853,366
Kepler-885,299030528,1.43553,0.0604824,1.16,0.150492,6124.01,4.1885,0.07402,0.392124,0.0779606,2.6113286,DWARF,0.000447819853,0.696907163,240
Kepler-886,158215023,1.0336,,1.05,,5815.18,4.43055,,0.950893,,1.100658,DWARF,,,
Kepler-887,122293639,1.37362,,1.27,,6367.0,4.26614,,0.490011,,2.79361,DWARF,,,
Kepler-888,27531978,0.935661,0.044005,1.05,0.129719,5820.63,4.51702,0.0721988,1.28184,0.255394,0.9053399,DWARF,0.000763591146,0.5388824,423
Kepler-889,26474039,1.45695,0.0699648,1.09,0.133408,5963.0,4.1486,0.0758255,0.352444,0.0733756,2.41793513,DWARF,0.0004916622,0.402681917,293
Kepler-890,158726129,1.4558,,1.03,,5773.0,4.1247,,0.333833,,2.12083054,DWARF,,,
Kepler-891,122713286,1.97642,,1.03,,5758.0,3.85915,,0.133413,,3.868478,DWARF,,,
Kepler-892,164459949,0.663693,,0.74,,4641.0,4.66336,,2.53122,,0.184109122,DWARF,,,
Kepler-893,164830125,1.11194,,1.01,,5665.0,4.35023,,0.734647,,1.14724481,DWARF,,,
Kepler-894,158838278,0.867261,,1.03,,5774.14,4.5746,,1.57902,,0.7532582,DWARF,,,
Kepler-895,299217801,0.708507,,0.66,,4195.0,4.55692,,1.85571,,0.140059024,DWARF,,,
Kepler-896,123490277,2.04297,,0.92,,5328.0,3.78133,,0.107895,,3.03024,DWARF,,,
Kepler-897,290005350,1.46212,,1.0,,5633.0,4.1081,,0.319925,,1.93919468,DWARF,,,
Kepler-898,158272820,0.755197,,0.63,,4013.57,4.48129,,1.46272,,0.133333221,DWARF,,,
Kepler-9,120571842,1.0504,,1.03,,5754.0,4.4082,,0.888746,,1.08963335,DWARF,,,
Kepler-900,272278496,0.76152,,0.74,,4660.0,4.54394,,1.67567,,0.24637717,DWARF,,,
Kepler-901,122712179,0.635253,,0.643,,4110.0,4.64039,,2.50825,,0.103742249,DWARF,,,
Kepler-902,159172027,1.2087,,0.99,,5588.0,4.26907,,0.560641,,1.28337622,DWARF,,,
Kepler-903,121732589,1.63874,,0.98,,5562.0,4.00027,,0.222687,,2.31547379,DWARF,,,
Kepler-904,121789066,1.10775,,1.1,,5994.0,4.39058,,0.809226,,1.427064,DWARF,,,
Kepler-905,159225367,0.906486,,0.93,,5356.47,4.49183,,1.24853,,0.6094405,DWARF,,,
Kepler-906,137154728,0.993386,,1.16,,6121.67,4.50829,,1.18333,,1.24856222,DWARF,,,
Kepler-907,120576846,,,,,6082.73,,,,,,DWARF,,,
Kepler-908,139106731,1.59058,0.0863819,0.919,0.116816,5327.99,3.99827,0.0822513,0.228374,0.0527309,1.83679438,DWARF,6.965393e-05,0.66095227,1053
Kepler-909,159096688,1.2607,0.0632462,1.11,0.150863,6015.47,4.28217,0.0836647,0.553973,0.129975,1.87497723,DWARF,0.00117800781,0.118447118,336
Kepler-91,352011875,6.37872,,,,4643.39,,,,,,GIANT,,,
Kepler-910,272178989,1.57308,0.0826533,1.154,0.1547,6117.24,4.10677,0.0869623,0.296451,0.0710667,3.1219008,DWARF,6.231886e-05,1.43277538,744
Kepler-911,171029578,2.02277,0.109226,1.14,0.150161,6096.31,3.88308,0.0864073,0.137741,0.0333171,5.09164238,DWARF,3.920079e-05,0.419696152,1615
Kepler-912,170251516,1.90461,,1.03,,5746.0,3.89129,,0.14908,,3.56262445,DWARF,,,
Kepler-914,159386728,1.32044,,1.04,,5782.74,4.21366,,0.451726,,1.75657988,DWARF,,,
Kepler-915,159396818,1.55216,0.0648995,1.19,0.162679,6197.86,4.13174,0.0782624,0.318228,0.0667284,3.20283079,DWARF,0.0002984706,0.09828284,351
Kepler-916,159581842,0.902819,,0.88,,5175.0,4.47135,,1.19586,,0.5266689,DWARF,,,
Kepler-917,268383727,2.43267,,1.03,,5744.0,3.67874,,0.0715467,,5.80386972,DWARF,,,
Kepler-918,28450124,0.99181,,1.02,,5736.0,4.45381,,1.04548,,0.9593752,DWARF,,,
Kepler-919,28361491,1.20645,,1.04,,5784.0,4.29208,,0.592255,,1.46765649,DWARF,,,
Kepler-92,121943724,1.81719,0.0904725,1.07,0.134247,5904.34,3.94865,0.0759566,0.178313,0.0381036,3.61560845,DWARF,0.0005497926,0.08960006,427
Kepler-920,267570317,0.946461,,0.92,,5340.0,4.44965,,1.08512,,0.656244,DWARF,,,
Kepler-921,48448706,1.03697,,0.98,,5572.42,4.39776,,0.878886,,0.934112251,DWARF,,,
Kepler-922,48448415,0.921458,,0.98,,5568.88,4.50034,,1.25256,,0.735728741,DWARF,,,
Kepler-923,138574253,1.36753,,1.1,,5977.0,4.20759,,0.430113,,2.15031123,DWARF,,,
Kepler-925,122294985,0.773259,,0.69,,4427.4,4.50027,,1.49236,,0.206985608,DWARF,,,
Kepler-926,394174412,1.23679,,1.02,,5733.0,4.26208,,0.539157,,1.48871732,DWARF,,,
Kepler-927,122066280,0.978421,,0.98,,5554.0,4.44824,,1.04628,,0.8206718,DWARF,,,
Kepler-928,122136712,0.682015,,0.733,,4621.0,4.63558,,2.31059,,0.191084921,DWARF,,,
Kepler-93,137151335,0.922487,0.0513442,1.0,0.132461,5655.0,4.50815,0.0855087,1.27385,0.300934,0.7840529,DWARF,0.00474701356,0.05231804,709
Kepler-930,274031725,1.49083,,1.06,,5875.0,4.11652,,0.319908,,2.385505,DWARF,,,
Kepler-931,272945038,,,,,,,,,,,GIANT,,,
Kepler-932,272715773,0.839667,,0.89,,5234.0,4.53924,,1.50338,,0.476698965,DWARF,,,
Kepler-933,159099716,0.935033,,0.91,,5287.0,4.45546,,1.11317,,0.615439951,DWARF,,,
Kepler-934,159379942,0.813889,,0.79,,4859.0,4.51456,,1.46532,,0.33266893,DWARF,,,
Kepler-935,271424795,0.697637,,0.772,,4784.03,4.63843,,2.27368,,0.22968325,DWARF,,,
Kepler-938,271253308,,,,,5329.46,,,,,,DWARF,,,
Kepler-94,123309556,0.739515,0.0594975,0.755,0.0917611,4715.0,4.57812,0.099608,1.86684,0.540825,0.243509039,DWARF,0.00141875027,0.268723667,184
Kepler-942,271349932,0.763054,0.0659673,0.756,0.0894551,4719.72,4.55148,0.10569,1.7016,0.529064,0.2602974,DWARF,0.00105504761,0.115875959,644
Kepler-943,120106432,1.70909,,0.99,,5580.0,3.96817,,0.198309,,2.55129,DWARF,,,
Kepler-946,185057567,1.13658,,1.06,,5849.0,4.35217,,0.721946,,1.36214113,DWARF,,,
Kepler-948,138099276,0.970605,,0.96,,5501.23,4.44625,,1.04989,,0.7773537,DWARF,,,
Kepler-949,268060310,0.77394,,0.853,,5088.18,4.5916,,1.84004,,0.361708641,DWARF,,,
Kepler-95,164726946,1.45161,0.0666708,1.0,0.124761,5632.0,4.11437,0.0734069,0.326927,0.0663766,1.9100517,DWARF,0.000595578342,0.03961723,259
Kepler-950,121461701,1.50212,,1.04,,5776.0,4.10169,,0.306847,,2.26261616,DWARF,,,
Kepler-951,121395761,0.72373,,0.748,,4689.0,4.59282,,1.9732,,0.228123114,DWARF,,,
Kepler-952,120495241,1.17191,,1.0,,5637.0,4.30028,,0.621322,,1.24932539,DWARF,,,
Kepler-953,158933249,,,,,5328.63,,,,,,DWARF,,,
Kepler-954,27645404,0.703544,0.0519196,0.815,0.0980254,4950.3,4.65464,0.0976569,2.34036,0.668521,0.267795742,DWARF,0.00104016869,2.30140114,493
Kepler-955,121603761,0.768647,,0.885,,5204.0,4.61356,,1.94878,,0.390389055,DWARF,,,
Kepler-956,424867045,1.00889,0.0416557,1.08,0.141361,5921.42,4.46381,0.0735787,1.05171,0.208493,1.12741315,DWARF,0.000581695349,0.304677,324
Kepler-957,267748934,0.831335,,0.78,,4834.46,4.49061,,1.35758,,0.3401255,DWARF,,,
Kepler-958,158416263,0.804599,,0.96,,5471.71,4.60918,,1.84303,,0.5228128,DWARF,,,
Kepler-959,137411481,1.66023,0.0742387,1.48,0.255194,6848.93,4.16799,0.0866676,0.323413,0.0737151,5.464141,DWARF,0.000346920977,0.239704713,686
Kepler-96,169081296,0.952085,0.0538694,1.026,0.123824,5740.0,4.49186,0.082425,1.18883,0.273679,0.8865309,DWARF,0.000332625728,0.319741666,1097
Kepler-960,123357476,0.794648,,0.709,,4508.31,4.48836,,1.41293,,0.235017091,DWARF,,,
Kepler-961,351803452,0.864387,,0.98,,5553.0,4.55588,,1.51741,,0.6400614,DWARF,,,
Kepler-962,271546798,0.832288,,0.95,,5443.81,4.57524,,1.64779,,0.548092663,DWARF,,,
Kepler-963,272605867,0.898058,,0.93,,5352.0,4.49994,,1.28401,,0.5961669,DWARF,,,
Kepler-964,139155506,0.812628,,0.93,,5368.85,4.58677,,1.73304,,0.494314,DWARF,,,
Kepler-965,274118253,1.08918,0.0591482,1.12,0.140808,6022.29,4.41308,0.0816193,0.866791,0.195235,1.40586579,DWARF,4.04264e-05,0.6249203,1214
Kepler-966,28159758,1.39009,,0.99,,5598.0,4.14761,,0.368556,,1.709677,DWARF,,,
Kepler-967,120962548,,,,,,,,,,,DWARF,,,
Kepler-968,350814607,0.701769,,0.696,,4442.0,4.58829,,2.01385,,0.1727415,DWARF,,,
Kepler-969,158785055,0.782639,,0.89,,5216.22,4.60033,,1.85654,,0.408546478,DWARF,,,
Kepler-97,399951991,0.948102,0.0378091,1.05,0.129065,5843.0,4.50555,0.0679836,1.23204,0.232965,0.943949044,DWARF,0.0008978858,0.1275185,280
Kepler-970,122069243,0.700292,,0.672,,4299.97,4.57488,,1.95673,,0.15104796,DWARF,,,
Kepler-971,120105003,0.776967,0.0487387,0.97,0.120481,5513.7,4.64403,0.0918849,2.06807,0.523988,0.5026574,DWARF,0.0009289871,0.0179006234,286
Kepler-972,271967039,1.16898,,1.09,,5960.0,4.33988,,0.682347,,1.553438,DWARF,,,
Kepler-973,267747398,0.828814,0.0404699,0.884,0.106616,5200.66,4.54761,0.0759604,1.55268,0.327047,0.452733755,DWARF,0.0009931646,0.07790979,261
Kepler-974,120418600,0.537958,0.0158608,0.534295,0.0202079,3609.0,4.70435,0.00918277,3.43191,0.173955,0.0442322455,DWARF,0.0009648496,0.005747575,307
Kepler-975,122450762,0.807611,,0.77,,4783.72,4.51015,,1.46179,,0.3077247,DWARF,,,
Kepler-976,159174942,0.895026,,0.82,,4960.0,4.44821,,1.14369,,0.436810076,DWARF,,,
Kepler-977,159768168,0.717298,,0.88,,5180.95,4.67115,,2.38442,,0.3339889,DWARF,,,
Kepler-978,158317637,1.08918,,,,6136.37,,,,,,DWARF,0.000456135254,0.0427542962,310
Kepler-979,239285770,0.857218,,0.88,,5186.7,4.51637,,1.39704,,0.479117036,DWARF,,,
Kepler-98,120629799,0.942676,0.0556281,0.966,0.120776,5506.0,4.47432,0.0896716,1.15316,0.293481,0.735807836,DWARF,0.000667322252,0.7240698,384
Kepler-980,271162671,1.3427,,1.04,,5791.45,4.19914,,0.429632,,1.82726657,DWARF,,,
Kepler-981,158984916,0.956036,,1.0,,5633.52,4.47712,,1.1444,,0.8293973,DWARF,,,
Kepler-982,158730203,1.42484,0.0758216,1.33,0.217734,6489.06,4.25439,0.0911115,0.459785,0.113839,3.243048,DWARF,0.000413725444,0.0461455435,320
Kepler-983,164882868,,,,,6081.57,,,,,,DWARF,,,
Kepler-984,272837755,0.938754,0.0447236,0.989,0.123103,5596.74,4.48816,0.0729143,1.19548,0.239589,0.7790029,DWARF,0.0005828502,0.0495357029,628
Kepler-985,159305424,0.809632,,0.95,,5451.0,4.59922,,1.79003,,0.521404862,DWARF,,,
Kepler-986,275494853,1.03752,,0.97,,5515.94,4.39284,,0.868514,,0.897779047,DWARF,,,
Kepler-987,159050004,0.870221,,1.01,,5693.0,4.56313,,1.53261,,0.7166687,DWARF,,,
Kepler-988,159446957,0.635838,0.0189576,0.616399,0.0203161,3961.0,4.62124,0.0115855,2.39785,0.13566,0.08966172,DWARF,0.000343204447,0.05117904,471
Kepler-989,123357893,0.826407,,0.82,,4966.0,4.51749,,1.45289,,0.374205023,DWARF,,,
Kepler-99,169462917,0.745013,0.0500201,0.769,0.0912479,4774.0,4.57967,0.0879418,1.85966,0.462929,0.25974825,DWARF,9.00298546e-05,1.57206953,1010
Kepler-990,273591945,1.03161,,0.97,,5521.54,4.39781,,0.883531,,0.8911868,DWARF,,,
Kepler-991,28084836,0.660666,,0.689,,4402.0,4.63632,,2.38931,,0.147658721,DWARF,,,
Kepler-992,164723619,0.758943,0.0456131,0.769,0.0883657,4773.36,4.56358,0.0801282,1.75913,0.414509,0.269407451,DWARF,0.0009806018,0.0413328074,252
Kepler-993,63365721,0.580092,0.0182926,0.571534,0.0209402,3736.0,4.66812,0.0114801,2.92787,0.169987,0.05906306,DWARF,0.00023752726,0.480370015,481
Kepler-994,158983792,0.596818,0.0174518,0.585485,0.0201187,3878.0,4.6539,0.0104767,2.75417,0.14717,0.0725787953,DWARF,0.000822981,0.0519337244,314
Kepler-995,120315006,0.765719,,0.88,,5182.0,4.61441,,1.96008,,0.380910724,DWARF,,,
Kepler-996,351072172,1.29567,,1.05,,5830.38,4.23427,,0.482735,,1.74770975,DWARF,,,
Kepler-997,299159378,1.54906,0.074417,1.18,0.167795,6169.0,4.12981,0.0835316,0.317451,0.0729787,3.13105178,DWARF,0.000760626339,0.170952514,277
Kepler-998,27914290,1.22732,,1.05,,5822.0,4.28134,,0.567963,,1.55918109,DWARF,,,
Kepler-999,269032792,1.65996,0.150523,1.15,0.159028,6106.64,4.05857,0.112478,0.251422,0.0772129,3.452239,DWARF,4.57953029e-05,0.208182156,775
LHS_1478,649307922,,,,,,,,,,,,,,
LHS_1678,685976042,,,,,,,,,,,,,,
LHS_475,1922022937,0.699915,,0.97,,5517.0,4.73475,,2.82902,,0.4088814,DWARF,,,
LP_261-75_A,67646988,0.306378,0.0091985,0.283907,0.0202027,3138.0,4.91873,0.00487072,9.87196,0.185553,0.008200146,DWARF,0.002372166,0.0069590006,32
LP_714-47,70899085,0.607751,0.018173,0.594367,0.0203488,3779.0,4.64467,0.011106,2.64775,0.147093,0.06786621,DWARF,0.00286907982,0.0001606114,40
LP_791-18,181804752,0.17143,0.00518929,0.14169,0.0200509,2949.0,5.12123,0.0355726,28.1241,1.44003,0.00200247671,DWARF,0.0026199033,0.0139234839,60
LP_890-9,44898913,0.155498,0.00468671,0.127219,0.0200353,2887.0,5.15917,0.0427824,33.8359,2.28909,0.00151332235,DWARF,0.00227094116,0.00070491,41
LSPM_J21160234,387518186,0.430492,0.0130657,0.425428,0.0204726,3440.0,4.79896,0.00545488,5.3325,0.228994,0.023380762,DWARF,0.008499409,0.005900251,116
LTT_3780,36724087,0.374139,0.0111845,0.362023,0.0202675,3331.0,4.85074,0.00163431,6.91253,0.232708,0.0155259864,DWARF,0.0049355235,1.24747908,63
L_168-9,234994474,0.597007,0.01815,0.58564,0.0205272,3746.0,4.65374,0.011186,2.75228,0.15479,0.06323022,DWARF,0.00876952149,0.0033045,57
L_98-59,307210830,0.31416,0.00932381,0.292836,0.0201481,3429.0,4.91039,0.00414218,9.44434,0.190112,0.0122932419,DWARF,0.0518007167,0.00293248775,234
LkCa_15,118681038,1.60711,,,,4194.0,,,,,,GIANT,,,
Luhman_16_A,936440990,,,,,,,,,,,,,,
Lupus-TR-3,153091721,0.420347,,0.59,,3833.0,4.9617,,7.9438,,0.0343610048,DWARF,,,
MASCARA-1,354619337,2.01566,0.0594347,1.887,0.300321,7893.0,4.105,0.0759884,0.230419,0.0441143,14.2068672,DWARF,0.00185850216,0.003744135,171
MASCARA-4,371443216,1.83611,0.0584171,2.0,0.307835,8181.0,4.2113,0.0754348,0.3231,0.0623954,13.6055479,DWARF,0.000343339576,0.07271317,832
MOA-2008-BLG-379L,1425026293,,,,,,,,,,,,,,
MOA-2009-BLG-387L,1416582731,,,,,,,,,,,,,,
MOA-2010-BLG-117L,1612830930,,,,,,,,,,,,,,
MOA-2010-BLG-477L,1583884767,,,,,,,,,,,,,,
MOA-2011-BLG-028L,406391843,,,,,,,,,,,GIANT,,,
MOA-2011-BLG-291L,1426336087,,,,,,,,,,,,,,
MOA-2011-BLG-322L,1606034766,,,,,,,,,,,,,,
MOA-2012-BLG-006L,1603400856,,,,,,,,,,,,,,
MOA-2012-BLG-505L,1418650070,,,,,,,,,,,,,,
MOA-2013-BLG-605L,1588633599,,,,,,,,,,,,,,
MOA-2016-BLG-319L,1426084213,,,,,,,,,,,,,,
MOA-bin-1L,1429745787,,,,,,,,,,,,,,
MWC_758,73816033,2.01446,0.0808116,1.655,0.274392,7314.0,4.04855,0.0829126,0.202452,0.0441971,10.4624186,DWARF,0.0,0.008077309,264
MXB_1658-298,1392293741,,,,,,,,,,,,,,
NGC_2682_Sand_1429,437039505,2.175,0.122859,1.1,0.135337,5991.97,3.80454,0.0827643,0.106909,0.0252701,5.494054,DWARF,0.0,0.0114296246,93
NGC_2682_Sand_978,437039060,23.4878,,,,4250.0,,,,,,GIANT,,,
NGC_2682_YBP_1194,437034946,1.00741,,1.04,,5780.0,4.44869,,1.01721,,1.02051711,DWARF,,,
NGC_2682_YBP_1514,437034879,1.0741,,0.99,,5605.83,4.37162,,0.798926,,1.02645552,DWARF,,,
NGC_2682_YBP_401,437038987,1.24934,,1.16,,6143.23,4.30917,,0.594868,,2.00281048,DWARF,,,
NGTS-1,192826603,0.567866,0.0171805,0.561044,0.0204813,3902.0,4.67857,0.0104255,3.06379,0.166469,0.06734967,DWARF,0.0005233373,0.00741865765,74
NGTS-10,37348844,,,,,,,,,,,GIANT,,,
NGTS-11,54002556,0.829157,0.0517714,0.85,0.0989404,5076.0,4.53021,0.0856718,1.49111,0.371412,0.411201268,DWARF,0.0008638321,0.0224687681,25
NGTS-12,157230659,1.52905,0.0744673,1.06,0.135145,5869.0,4.09453,0.076669,0.29651,0.0623218,2.49916673,DWARF,0.000375580945,0.0301619973,140
NGTS-13,454069765,1.79413,0.0854272,1.06,0.133559,5848.83,3.95567,0.0743569,0.183547,0.0378142,3.393725,DWARF,0.000223774245,0.159280285,155
NGTS-14_A,197643976,0.855973,0.0493869,0.89,0.114024,5222.0,4.52254,0.0864479,1.41909,0.357905,0.490865856,DWARF,0.0004954496,0.0269213878,70
NGTS-15,1333933,0.955708,,1.0,,5620.0,4.47742,,1.14558,,0.820900261,DWARF,,,
NGTS-17,1309019,1.33066,,1.03,,5749.0,4.20277,,0.437152,,1.74261177,DWARF,,,
NGTS-18,142211778,1.38708,,1.02,,5726.0,4.16246,,0.382203,,1.86339068,DWARF,,,
NGTS-2,125739286,1.70757,0.0881908,1.34,0.218871,6527.7,4.10041,0.0900301,0.269134,0.0652393,4.769721,DWARF,0.0005995724,0.0618455857,172
NGTS-20,257527578,1.8172,0.0869548,1.19,0.167014,6207.0,3.99481,0.0811813,0.198308,0.0444748,4.415974,DWARF,0.0006150242,0.00125134969,29
NGTS-21,441422655,0.828853,,0.74,,4650.0,4.47034,,1.29957,,0.289375275,DWARF,,,
NGTS-23,77287067,1.29241,,1.23,,6287.0,4.30517,,0.569772,,2.351101,DWARF,,,
NGTS-24,151920165,1.58092,0.078912,1.07,0.134524,5886.0,4.06963,0.0790939,0.270802,0.0602665,2.70269179,DWARF,0.000228778779,0.0111548714,175
NGTS-26,392747437,1.24421,,0.99,,5616.0,4.24392,,0.513989,,1.38736463,DWARF,,,
NGTS-27,305739565,1.84787,0.107098,1.03,0.12433,5765.0,3.91756,0.0794329,0.163237,0.036575,3.39810538,DWARF,0.000127266117,0.004477343,141
NGTS-30,322807371,0.911394,0.0522362,0.946,0.123492,5427.85,4.49455,0.0828207,1.24961,0.290258,0.649557948,DWARF,0.000743745,0.017502619,80
NGTS-31,167714124,,,,,,,,,,,DWARF,,,
NGTS-33,97921547,1.4757,0.0551558,1.7,0.282111,7434.0,4.33052,0.0812709,0.529001,0.109848,5.99210835,DWARF,0.000789081154,0.111181036,361
NGTS-34,147277741,1.37161,0.0609448,1.24,0.191197,6311.0,4.25703,0.0853904,0.480537,0.106604,2.6887517,DWARF,0.002952203,0.109975927,332
NGTS-35,333736132,0.756773,0.0555528,0.756,0.0869614,4722.0,4.55866,0.0931376,1.74432,0.472324,0.2565249,DWARF,0.000781218347,0.000783038558,67
NGTS-3_A,124778445,0.963518,,0.95,,5457.0,4.44807,,1.06205,,0.741703331,DWARF,,,
NGTS-4,143143769,0.860256,0.050804,0.859,0.102545,5111.92,4.50281,0.0848491,1.34931,0.32768,0.4552878,DWARF,0.00077484746,0.0130553283,98
NGTS-5,368739874,0.746558,0.0453769,0.83,0.0994439,5013.0,4.61102,0.0863566,1.99475,0.488064,0.31711182,DWARF,0.0004715073,0.0242956355,52
NGTS-6,1528696,0.782888,,0.74,,4669.0,4.5199,,1.54217,,0.2624153,DWARF,,,
NGTS-8,102068384,0.998401,0.0600075,0.87,0.105428,5160.0,4.37898,0.0828993,0.874188,0.208061,0.636653543,DWARF,0.0,0.00641768146,56
NGTS-9,176685457,1.38241,0.0696281,1.21,0.173616,6245.0,4.23958,0.0877022,0.458009,0.110965,2.618779,DWARF,0.000297776074,0.0192330349,110
NN_Ser,172608008,,,,,,,,,,,,,,
NSVS_14256825,404635917,0.202,0.013,0.47,0.03,40000.0,5.49946,0.028218,57.0222,7.43145,94.11036,DWARF,0.0,0.028431125,431
NY_Vir,175402069,0.151,0.001,0.459,0.01,32780.0,5.74193,0.00102127,133.316,1.19642,23.7183456,DWARF,0.0,0.004651279,48
OGLE-2005-BLG-390L,1424766252,,,,,,,,,,,,,,
OGLE-2011-BLG-0173L,136017377,,,,,,,,,,,GIANT,,,
OGLE-2011-BLG-0251L,1435733794,18.2294,,,,4040.0,,,,,,GIANT,,,
OGLE-2011-BLG-0265L,1440656392,,,,,,,,,,,,,,
OGLE-2012-BLG-0026L,1437133278,,,,,,,,,,,,,,
OGLE-2012-BLG-0358L,192813661,,,,,,,,,,,GIANT,,,
OGLE-2012-BLG-0406L,1424714550,,,,,,,,,,,,,,
OGLE-2012-BLG-0563L,1605007435,,,,,,,,,,,,,,
OGLE-2012-BLG-0838L,1609636979,,,,,,,,,,,,,,
OGLE-2012-BLG-0950L,1588633599,,,,,,,,,,,,,,
OGLE-2013-BLG-0102L,1423541116,,,,,,,,,,,,,,
OGLE-2014-BLG-0124L,1604029243,,,,,,,,,,,,,,
OGLE-2014-BLG-0319L,1414681135,,,,,,,,,,,,,,
OGLE-2015-BLG-0051L,1439858522,,,,,,,,,,,,,,
OGLE-2016-BLG-0263L,1419106642,,,,,,,,,,,,,,
OGLE-2016-BLG-1067L,1599645147,,,,,,,,,,,,,,
OGLE-2016-BLG-1190L,1440026258,,,,,,,,,,,,,,
OGLE-2016-BLG-1227L,1421644495,,,,,,,,,,,,,,
OGLE-2017-BLG-0173L,1426457571,,,,,,,,,,,,,,
OGLE-2017-BLG-0373L,1419159986,,,,,,,,,,,,,,
OGLE-2017-BLG-0406L,1425299661,,,,,,,,,,,,,,
OGLE-2017-BLG-1140L,1443430901,,,,,,,,,,,,,,
OGLE-2017-BLG-1522L,1603980655,,,,,,,,,,,,,,
OGLE-2018-BLG-0506L,1423466898,,,,,,,,,,,,,,
OGLE-2018-BLG-0567L,1440253398,,,,,,,,,,,,,,
OGLE-2018-BLG-0596L,1426326123,,,,,,,,,,,,,,
OGLE-2018-BLG-0740L,1588556447,,,,,,,,,,,,,,
OGLE-2018-BLG-0799L,1608955669,,,,,,,,,,,,,,
OGLE-2018-BLG-1011L,1426333355,,,,,,,,,,,,,,
OGLE-2018-BLG-1185L,1439904035,,,,,,,,,,,,,,
OGLE-2018-BLG-1269L,1440025947,,,,,,,,,,,,,,
OGLE-2018-BLG-1428L,1438186360,,,,,,,,,,,,,,
OGLE-2018-BLG-1700L,1439751566,,,,,,,,,,,,,,
OGLE-2019-BLG-0468L,1443598965,,,,,,,,,,,,,,
OGLE-TR-10,130150682,1.24237,,1.14,,6075.0,4.30647,,0.594506,,1.8939954,DWARF,,,
OGLE-TR-111,465390152,0.979171,,0.78,,4800.0,4.34845,,0.830844,,0.458539069,DWARF,,,
OGLE-TR-113,915110182,0.817544,,0.73,,4588.0,4.47637,,1.33595,,0.266814917,DWARF,,,
OGLE-TR-132,465144510,1.23405,,1.19,,6210.0,4.33095,,0.633204,,2.04046822,DWARF,,,
OGLE-TR-182,466884459,1.25233,,1.08,,5924.0,4.27606,,0.549883,,1.74016571,DWARF,,,
OGLE-TR-211,390001646,1.53193,,1.25,,6325.0,4.1645,,0.34769,,3.38388658,DWARF,,,
OGLE-TR-56,1425441246,,,,,,,,,,,,,,
OGLE2-TR-L9,466840711,1.59944,,1.79,,7655.0,4.28298,,0.43747,,7.91429043,DWARF,,,
PDS_70,179413040,1.18583,0.108756,0.64,0.0787444,4117.0,4.0962,0.109568,0.383807,0.129257,0.363967985,DWARF,0.0009556756,0.0393336,362
PH1,170348142,,,,,6714.84,,,,,,DWARF,,,
PH2,416279912,0.926307,0.0482563,1.05,0.138585,5823.0,4.52575,0.0838955,1.32107,0.312022,0.888774931,DWARF,0.00115230214,0.0472064465,229
POTS-1,341694238,0.634836,0.0344894,0.615631,0.030032,3875.0,4.62207,0.0260325,2.40622,0.276583,0.0818662,DWARF,,,
PZ_Tel,406095880,1.25646,0.0759799,0.88,0.104954,5169.0,4.18425,0.0871421,0.443649,0.110804,1.01535153,DWARF,0.00438471744,0.004346902,421
Pr0201,175290574,1.16806,0.063196,1.17,0.1678,6163.81,4.37132,0.0904009,0.734152,0.184714,1.77429056,DWARF,0.0,0.000713231,53
Pr0211,175291727,0.849574,0.0493216,0.875,0.108666,5168.0,4.52167,0.0829327,1.42693,0.345033,0.4638606,DWARF,0.0,0.177557409,58
Proxima_Cen,388861143,,,,,,,,,,,,,,
Qatar-1,236887394,0.768108,0.0452562,0.804,0.0974869,4910.0,4.57248,0.0828462,1.77415,0.426104,0.308933645,DWARF,0.00275448058,0.05500954,230
Qatar-10,229791084,1.32044,0.0587713,1.12,0.147144,6023.0,4.24585,0.0783279,0.486478,0.10479,2.06719971,DWARF,0.00125148054,0.103320792,102
Qatar-2,2521105,0.763091,0.0618543,0.699,0.0812109,4459.0,4.51739,0.0973585,1.57307,0.464141,0.207394436,DWARF,0.0,0.0139112873,50
Qatar-3,291751373,1.72725,0.187982,1.19,0.206923,6207.39,4.03891,0.152399,0.230932,0.099499,3.99061322,DWARF,0.000184344084,1.028646,85
Qatar-4,440113053,0.820538,0.0519572,0.85,0.104342,5090.0,4.53929,0.0869507,1.53859,0.381976,0.4071579,DWARF,0.0005145743,0.0712214559,142
Qatar-5,190998418,1.1146,0.0614975,0.99,0.12069,5583.0,4.33946,0.0771526,0.714954,0.156225,1.08743489,DWARF,0.000471893523,0.1930166,119
Qatar-6,311133118,0.771086,0.0519598,0.803,0.0930625,4906.0,4.56858,0.0875436,1.75149,0.448895,0.310320348,DWARF,0.00237977086,0.015959736,37
Qatar-7,291685334,1.56523,0.0914572,1.17,0.166819,6161.0,4.1171,0.0921985,0.305107,0.0791992,3.18020844,DWARF,0.000224596137,0.115299322,97
Qatar-8,103751498,1.32425,0.0658643,1.04,0.12922,5783.0,4.21116,0.0735464,0.447841,0.0916367,1.76704276,DWARF,0.0010374923,0.009239711,47
Qatar-9,149918151,0.769359,0.0686634,0.662,0.0763878,4234.0,4.48667,0.103549,1.45369,0.451528,0.1713784,DWARF,0.0006081318,0.007126788,31
ROXs_12,175595883,1.06627,0.14593,0.484,0.0928804,3547.0,4.06718,0.181402,0.399253,0.191592,0.16213268,DWARF,0.0,0.07799269,188
ROXs_42_B,318449007,1.33658,,,,3433.0,,,,,,GIANT,,,
RR_Cae,219244444,0.193119,0.00589445,0.162257,0.0200848,3904.0,5.07662,0.0275161,22.5283,0.734994,0.00780519843,DWARF,0.008455821,0.0106005212,41
Ross_176,193336820,0.598006,0.0623115,0.63,0.0790289,4006.0,4.684,0.119343,2.94595,1.05329,0.08297533,DWARF,0.0005280173,0.120108351,838
Ross_458,88138162,0.562566,0.0165105,0.556419,0.0201586,3646.0,4.68312,0.00975814,3.12523,0.162143,0.05038582,DWARF,0.0130867092,0.000260882021,30
SR_12_AB,175629526,,,,,,,,,,,GIANT,,,
SWEEPS-4,1439006060,,,,,,,,,,,,,,
TAP_26,435907158,0.915595,0.090804,0.69,0.0783349,4412.68,4.35351,0.11115,0.898957,0.301394,0.28635928,DWARF,0.0,0.0185300671,67
TOI-1036,146172354,1.17554,0.059,1.03,0.135665,5771.0,4.31043,0.0792046,0.634053,0.142161,1.38093591,DWARF,0.00159880228,0.21141395,362
TOI-1052,317060587,1.45977,0.0733718,1.09,0.144301,5958.2,4.14692,0.0826981,0.350404,0.0787672,2.41950369,DWARF,0.00284365169,0.015621298,93
TOI-1054,366989877,1.17092,0.0546734,1.14,0.15899,6096.0,4.35792,0.0840055,0.710115,0.160497,1.70578969,DWARF,0.00387435,0.0012499789,149
TOI-1062,299799658,0.887336,0.0506532,0.89,0.108716,5232.0,4.49128,0.0840454,1.27387,0.312053,0.5315467,DWARF,0.006455517,0.00335274939,81
TOI-1075,351601843,0.580337,0.0172756,0.571742,0.0203056,3921.0,4.66791,0.0104334,2.92523,0.157565,0.0717203841,DWARF,0.0026796835,0.0352347158,124
TOI-1105,274151135,0.755833,0.0562814,0.74,0.0876904,4664.0,4.55045,0.0924994,1.71378,0.466529,0.243545473,DWARF,0.004444385,0.100496516,146
TOI-1107,394561119,1.74836,0.0780452,1.33,0.213002,6501.0,4.07666,0.0890444,0.248862,0.0594494,4.91901255,DWARF,0.00159305311,0.0107102087,253
TOI-1117,295541511,1.02422,0.0515452,1.02,0.131252,5731.0,4.42588,0.0819357,0.949323,0.209134,1.01954675,DWARF,0.00181313127,0.0452268235,383
TOI-1130,254113311,0.741921,0.0675678,0.66,0.0756072,4236.0,4.5169,0.102307,1.61611,0.502045,0.159674063,DWARF,0.00280716247,0.0311784614,476
TOI-1135,154872375,1.15415,0.0517362,1.155,0.155701,6121.0,4.37613,0.0811152,0.751276,0.1668,1.68463457,DWARF,0.00478710467,0.0128814811,61
TOI-1136,142276270,0.977727,0.0483517,1.03,0.130052,5767.0,4.47047,0.076629,1.10201,0.237135,0.952641368,DWARF,0.00556330336,0.0005978787,27
TOI-1173,232967440,0.9554,0.0532186,0.917,0.117705,5322.0,4.44007,0.0841992,1.05151,0.247059,0.6597276,DWARF,0.00305054337,0.008397127,35
TOI-1174,154089169,0.75865,0.0485955,0.85,0.100358,5077.0,4.6074,0.0860699,1.94668,0.493459,0.3445137,DWARF,0.004699696,0.0003521422,37
TOI-1180,158002130,0.727165,0.0518317,0.75,0.0934299,4700.0,4.58986,0.095118,1.95057,0.540929,0.232462049,DWARF,0.005738493,0.0447049476,47
TOI-1181,229510866,1.92663,0.0862311,1.16,0.164212,6122.0,3.93293,0.0800472,0.162204,0.0350383,4.697483,DWARF,0.00301514985,0.0100719305,216
TOI-1194,147950620,0.992671,0.055799,0.918,0.118409,5323.0,4.4073,0.0856003,0.938483,0.229322,0.71274066,DWARF,0.00217373576,0.0185493436,35
TOI-1199,99869022,1.53552,0.0772462,0.99,0.127451,5618.0,4.06119,0.0776716,0.273442,0.0602203,2.11609578,DWARF,0.00106707,0.000466944737,48
TOI-1203,23434737,1.17321,0.0504221,1.03,0.124138,5742.22,4.31215,0.0705464,0.637835,0.124955,1.34823787,DWARF,0.004563321,0.00238825567,142
TOI-122,231702397,0.334125,0.0100409,0.315858,0.0202514,3356.0,4.88974,0.00177315,8.46769,0.21984,0.0127585251,DWARF,0.00178776786,0.008770765,69
TOI-1221,349095149,1.01814,0.0490778,1.01,0.128814,5665.0,4.42677,0.0789466,0.956961,0.209755,0.961861253,DWARF,0.007857747,0.03026625,144
TOI-1224,299798795,0.404403,0.0120014,0.396442,0.020234,3392.0,4.82262,0.00359931,5.99427,0.227681,0.0195050389,DWARF,0.00549587375,0.0121618127,115
TOI-1226,177115354,0.986943,0.0490577,1.01,0.132671,5668.15,4.45381,0.0783961,1.05062,0.227487,0.905823946,DWARF,0.003084549,0.0360865146,165
TOI-1227,360156606,0.44128,0.013263,0.437175,0.0203843,3055.0,4.78929,0.00584927,5.0876,0.221609,0.0152815729,DWARF,0.000822150963,0.122833915,861
TOI-1230,287156968,1.15281,0.0536432,1.14,0.155961,6083.0,4.37145,0.0839294,0.744095,0.166554,1.63939548,DWARF,0.0040725274,0.00196032156,157
TOI-1232,364395234,1.09597,0.0537437,1.05,0.133005,5818.0,4.37966,0.0781343,0.797624,0.17131,1.23989117,DWARF,0.002007303,0.120714173,244
TOI-1235,103633434,0.629575,0.018704,0.611578,0.0202794,3912.0,4.62642,0.0114063,2.45081,0.137379,0.08363442,DWARF,0.00587234134,0.000820514164,39
TOI-1238,153951307,0.62326,0.0182128,0.606665,0.0201108,3853.0,4.63168,0.010987,2.50577,0.136804,0.0771310553,DWARF,0.00306604127,0.00445519667,34
TOI-1243,219698776,0.490729,0.014421,0.488819,0.0201716,3489.0,4.74553,0.00760071,4.1364,0.194141,0.03215008,DWARF,0.00353933475,0.0555406325,32
TOI-1244,219850915,0.720551,0.0534824,0.728,0.0836433,4599.0,4.58487,0.0932913,1.94598,0.549764,0.2092558,DWARF,0.007138687,0.009321362,54
TOI-1246,230127302,0.876154,0.051,0.868,0.105417,5141.0,4.49143,0.0842768,1.29056,0.305093,0.483110219,DWARF,0.004758511,0.05373519,59
TOI-1248,232612416,0.874131,0.0475929,0.891,0.112337,5227.0,4.50479,0.0814786,1.33398,0.309651,0.513875,DWARF,0.00496038143,0.0455552675,73
TOI-1249,232976128,0.999576,0.0506532,0.952,0.124441,5453.0,4.41707,0.0794538,0.953213,0.209767,0.795917332,DWARF,0.00292006414,0.00424458,25
TOI-125,52368076,0.852266,0.0497186,0.91,0.110203,5280.0,4.53596,0.083038,1.46999,0.344956,0.508605659,DWARF,0.00384133076,0.0008560611,67
TOI-1259_A,288735205,0.765001,0.0542789,0.751,0.0862556,4699.0,4.54638,0.0920064,1.67747,0.45632,0.257063359,DWARF,0.00472304551,0.008691662,85
TOI-1260,355867695,0.693431,0.0690804,0.66,0.0825376,4225.0,4.5756,0.1122,1.9794,0.688061,0.138041124,DWARF,0.002727847,0.04246701,38
TOI-1266,467179528,0.435666,0.0129388,0.431082,0.0202618,3618.0,4.79432,0.00537588,5.21313,0.219513,0.0293005854,DWARF,0.00572592765,0.00761899026,20
TOI-1268,142394656,0.901802,0.0535628,0.87,0.105344,5150.0,4.46736,0.0830147,1.18628,0.282696,0.515402,DWARF,0.003328208,0.000408090244,39
TOI-1269,198241702,0.848906,0.0452839,0.969,0.128979,5517.0,4.56667,0.0843794,1.58396,0.360851,0.601486146,DWARF,0.00570454542,0.0247454662,44
TOI-1272,417948359,0.809032,0.0501784,0.825,0.0987782,4987.0,4.53859,0.0876981,1.55796,0.401907,0.364740163,DWARF,0.00189827429,0.020494841,32
TOI-1273,445859771,1.06597,0.0499146,1.015,0.12369,5698.0,4.38904,0.0741047,0.837966,0.172407,1.07913959,DWARF,0.00234390679,0.00298626954,29
TOI-1278,163539739,0.55035,0.0160576,0.545569,0.0200982,3841.0,4.69364,0.00934387,3.2729,0.166108,0.059395,DWARF,0.00182900147,0.326394856,648
TOI-1279,224297258,0.840608,0.0419095,0.959,0.1255,5477.0,4.5707,0.0797127,1.6145,0.353601,0.572866142,DWARF,0.00351852947,0.00119916419,28
TOI-128,391949880,1.12777,0.0495226,1.13,0.151237,6059.0,4.3867,0.0809629,0.787793,0.175315,1.5443399,DWARF,0.010948794,0.137439355,116
TOI-1288,365733349,0.923371,0.048206,1.181,0.199742,6180.0,4.57956,0.106778,1.5001,0.406077,1.12047327,DWARF,0.004895804,0.0286656488,282
TOI-1291,198186769,1.8109,0.0823618,1.2,0.181195,6229.0,4.00146,0.0849854,0.202068,0.0473725,4.447928,DWARF,0.001991954,0.007078682,41
TOI-1294,219015370,1.58143,0.0794221,1.02,0.130472,5714.0,4.04857,0.0776156,0.2579,0.0540979,2.40190148,DWARF,0.00115576969,0.0035580683,43
TOI-1295,219852584,1.59715,0.0727236,1.32,0.207623,6470.0,4.15195,0.0865258,0.323995,0.0749679,4.02718973,DWARF,0.002508492,0.0101527516,53
TOI-1296,219854185,1.75475,0.0942867,0.963,0.124632,5494.0,3.93327,0.0803157,0.178231,0.0403706,2.52742052,DWARF,0.002172379,0.0193477161,58
TOI-1298,237104103,1.48668,0.0724271,1.02,0.12403,5731.0,4.10223,0.076039,0.310419,0.0683782,2.14808059,DWARF,0.00253177341,0.0019119099,44
TOI-1301,356867115,0.731699,0.0479774,0.77,0.0878583,4781.0,4.59589,0.0873154,1.96559,0.493268,0.2520196,DWARF,0.00969472248,0.00485889753,92
TOI-132,89020549,0.940806,0.0527538,0.91,0.113124,5304.0,4.45011,0.083551,1.0928,0.256805,0.6311159,DWARF,0.00140121044,0.00405893056,48
TOI-1333,395171208,1.80173,0.0767587,1.42,0.261268,6696.0,4.07897,0.0942338,0.242782,0.0616928,5.879463,DWARF,0.000172498039,0.6174468,1268
TOI-1338_A,260128333,1.51811,0.0699799,1.02,0.122643,5723.2,4.08406,0.0743385,0.291535,0.0585864,2.22769952,DWARF,0.00169670011,0.0185551289,98
TOI-1346,219852882,0.784109,0.0494724,0.819,0.096527,4965.0,4.5626,0.0883415,1.69885,0.439016,0.3366082,DWARF,0.006998998,0.440801442,64
TOI-1347,229747848,0.846387,0.0434397,0.945,0.120799,5424.0,4.55836,0.0780316,1.55857,0.342092,0.55861336,DWARF,0.006838702,0.0241112821,112
TOI-1386,343019899,1.03088,0.0525527,1.033,0.128555,5769.0,4.42576,0.0775995,0.942935,0.204973,1.06049633,DWARF,0.0002525057,0.317404717,1324
TOI-139,62483237,0.700727,0.0575277,0.69,0.0852195,4405.0,4.58582,0.101468,2.0054,0.601312,0.166562289,DWARF,0.00512776244,0.000145170634,55
TOI-1408,364186197,1.48504,0.114601,1.375,0.406981,6594.0,4.23289,0.164253,0.419845,0.192609,3.75635171,DWARF,0.004866322,0.0033035602,146
TOI-1410,199444169,0.778749,0.0617714,0.71,0.085434,4507.0,4.50653,0.099479,1.50337,0.43646,0.225444853,DWARF,0.00330170267,0.07330506,337
TOI-1411,116483514,0.68962,0.0637914,0.65,0.0805444,4184.0,4.57376,0.107379,1.98191,0.67174,0.131304979,DWARF,0.009122653,0.001387601,35
TOI-1416,158025009,0.801873,0.0532161,0.81,0.10277,4946.0,4.53834,0.0914034,1.57097,0.425117,0.346675,DWARF,0.006035704,0.192992315,33
TOI-1420,321857016,0.940037,0.0535176,0.935,0.117864,5387.0,4.46259,0.0853171,1.12558,0.269074,0.670458853,DWARF,0.00186963868,0.0182649549,295
TOI-1422,333473672,1.00826,0.0466332,1.076,0.141953,5914.0,4.46274,0.0787366,1.04977,0.224661,1.12037838,DWARF,0.00209733658,0.0255991574,128
TOI-1431,375506058,1.93656,0.0619095,1.758,0.29612,7575.0,4.10903,0.0818989,0.242062,0.0506154,11.1246481,DWARF,0.000333105883,0.00504324352,822
TOI-1437,198356533,1.2224,0.0548341,1.144,0.152159,6093.0,4.32207,0.0785303,0.626305,0.132662,1.855436,DWARF,0.0119748022,0.00270146085,82
TOI-1438,229650439,0.815924,0.0458266,0.9,0.111979,5259.0,4.56901,0.0857944,1.65689,0.398056,0.458782971,DWARF,0.009308255,0.053155642,110
TOI-1439,232982558,1.62481,0.0780528,1.063,0.135876,5873.0,4.043,0.0782199,0.247815,0.0532014,2.829686,DWARF,0.00411057146,0.006534708,45
TOI-1442,235683377,0.308799,0.00922995,0.286682,0.0201815,3328.0,4.91612,0.00465389,9.73583,0.186558,0.0105385231,DWARF,0.0102309054,0.0108558983,109
TOI-1443,237232044,0.748579,0.0432136,0.89,0.112315,5236.0,4.63898,0.0858843,2.12166,0.519299,0.3794626,DWARF,0.0111993989,0.0147161568,99
TOI-1444,258514800,0.92499,0.0470452,0.956,0.11332,5466.0,4.48625,0.0772158,1.20794,0.255515,0.6880932,DWARF,0.006574009,0.0289331619,137
TOI-1448,343628284,0.381586,0.0113779,0.370553,0.0202547,3391.0,4.84373,0.0021442,6.66919,0.231853,0.0173456557,DWARF,0.00200990052,0.028478248,758
TOI-1451,417931607,1.02852,0.0518794,1.04,0.131855,5781.0,4.43068,0.0794308,0.955872,0.204386,1.06445944,DWARF,0.00470243,0.002311731,31
TOI-1452,420112589,0.275364,0.00934128,0.24878,0.0207334,3248.0,4.95407,0.00680159,11.915,0.217378,0.00760279223,DWARF,0.01188383,0.8522838,118
TOI-1466,237086564,0.749646,0.0713216,0.66,0.082238,4201.0,4.5079,0.110712,1.56666,0.516248,0.15769507,DWARF,0.0034467543,0.0410861261,311
TOI-1468,243185500,0.369306,0.010922,0.356472,0.020177,3382.0,4.85532,0.00108728,7.07728,0.227058,0.0160754025,DWARF,0.004401787,0.0898065,35
TOI-1470,284441182,0.49012,0.0145314,0.488207,0.0202643,3624.0,4.74607,0.00772316,4.14664,0.196883,0.0373295136,DWARF,0.00282235141,0.178367391,898
TOI-1472,306955329,0.859483,0.0540654,0.857,0.107804,5103.0,4.50257,0.0887877,1.3498,0.348125,0.45130676,DWARF,0.00203384738,0.0332865976,236
TOI-1478,409794137,1.03709,0.0528693,0.996,0.124568,5623.0,4.4047,0.0780946,0.892919,0.195414,0.9687203,DWARF,0.00180525088,0.0497594066,249
TOI-150,271893367,1.67987,0.0741256,1.1,0.141051,5982.9,4.02891,0.0751965,0.23204,0.0482786,3.25757432,DWARF,0.00216221274,0.05282966,143
TOI-1516,376637093,1.2421,0.0533669,1.324,0.221627,6485.0,4.37164,0.086542,0.690901,0.155373,2.45838332,DWARF,0.00019511288,0.0216013938,405
TOI-1518,427761355,1.82241,0.140201,2.537,0.504057,9918.0,4.32109,0.146227,0.419161,0.144453,28.952364,DWARF,0.000236186141,0.00750551047,279
TOI-157,140691463,1.10646,0.0579346,1.0,0.132466,5638.0,4.35019,0.0823582,0.738223,0.169424,1.11447418,DWARF,0.00195524259,0.00186311291,124
TOI-159,394657039,1.58746,0.0717136,1.53,0.269377,6979.2,4.22135,0.0896612,0.382456,0.0911641,5.38671,DWARF,0.00174578757,0.01220639,76
TOI-1601,139375960,2.22362,0.118086,1.08,0.136101,5917.0,3.77737,0.082647,0.0982296,0.0229862,5.46036863,DWARF,0.0005818452,0.0200317632,152
TOI-163,179317684,1.66402,0.0781055,1.41,0.244606,6671.0,4.14497,0.0899569,0.306018,0.071384,4.94052362,DWARF,0.002217581,0.0607177876,2960
TOI-1630,317597583,0.831212,0.0421156,0.95,0.125199,5427.0,4.57637,0.0802398,1.6542,0.368421,0.5399551,DWARF,0.0073709297,0.07273492,237
TOI-1648,376353509,0.844876,0.056397,0.78,0.0927652,4836.0,4.47658,0.0875885,1.29335,0.34277,0.351743668,DWARF,0.0004314635,0.0107980948,185
TOI-1659,288631580,1.00568,0.0478392,1.098,0.139672,5977.0,4.47375,0.0791614,1.07949,0.235032,1.16292238,DWARF,0.00614340371,0.0148423687,82
TOI-1669,428679607,1.06961,0.0516834,0.977,0.123553,5550.0,4.36951,0.0752286,0.798401,0.170428,0.977948,DWARF,0.00375769124,0.00382006215,119
TOI-1670,441739020,1.31225,0.0568342,1.258,0.187763,6345.0,4.30171,0.084156,0.556706,0.122996,2.514534,DWARF,0.00746768527,0.0203641336,63
TOI-1683,58542531,0.695095,0.0594975,0.69,0.0862442,4402.0,4.59283,0.10568,2.05455,0.651871,0.163449317,DWARF,0.00357436738,0.00164546818,126
TOI-1685,28900646,0.462408,0.013731,0.459708,0.0202729,3457.0,4.7705,0.00663534,4.6495,0.209286,0.027513314,DWARF,0.00288579031,0.150664464,407
TOI-169,183120439,1.29661,0.0621181,1.05,0.12634,5817.0,4.23364,0.0741927,0.481684,0.0994434,1.73423827,DWARF,0.000727981271,0.0203428213,271
TOI-1691,268334473,1.00422,0.0496935,1.031,0.143191,5759.0,4.44767,0.0798184,1.01807,0.232655,0.9993935,DWARF,0.00495726056,0.00139353017,68
TOI-1693,353475866,0.46126,0.0137244,0.4585,0.020293,3474.0,4.77152,0.00661752,4.67199,0.210385,0.027919367,DWARF,0.00370237813,0.07272442,292
TOI-1694,396740648,0.81833,0.0476885,0.845,0.108916,5058.0,4.53907,0.0868076,1.54195,0.388781,0.394881457,DWARF,0.00204275828,0.008085548,111
TOI-1695,422756130,0.516105,0.0153254,0.513745,0.0202836,3575.0,4.72334,0.0086441,3.73709,0.185562,0.0391990021,DWARF,0.00395963946,0.03433334,408
TOI-1696,470381900,0.280475,0.00857285,0.254505,0.0202442,3181.0,4.94798,0.00806131,11.5349,0.138329,0.00725667551,DWARF,0.000933492265,0.11020676,363
TOI-1710,445805961,0.976913,0.0475477,1.01,0.128534,5675.0,4.46268,0.0785564,1.08331,0.23274,0.891805,DWARF,0.005136744,0.009042111,89
TOI-1716,14336130,1.23517,0.0676985,1.065,0.138125,5878.6,4.28196,0.0843745,0.565152,0.13404,1.64152217,DWARF,0.00305490778,0.006115131,103
TOI-1718,257241363,0.939285,0.0550377,0.93,0.117997,5378.0,4.46096,0.0838514,1.12225,0.266795,0.6649247,DWARF,0.0051111,0.0055379523,112
TOI-172,29857954,1.78866,0.0928794,1.031,0.12794,5759.0,3.94627,0.0775554,0.180168,0.0394607,3.170572,DWARF,0.000459225674,0.0102654491,87
TOI-1722,85242435,1.09414,0.0497035,1.162,0.158244,6137.0,4.42513,0.0813241,0.887137,0.197369,1.5298996,DWARF,0.00269913231,0.00633655954,76
TOI-1723,71431780,1.08725,0.0521105,1.035,0.126798,5777.0,4.38035,0.0725402,0.805279,0.162719,1.18622386,DWARF,0.00366811268,0.00280956738,63
TOI-1728,285048486,0.633154,0.0187025,0.614339,0.0202201,3907.0,4.62346,0.011365,2.42036,0.135027,0.08415639,DWARF,0.00289903278,0.0188831277,69
TOI-1732,470987100,0.632571,0.0187445,0.613891,0.0202526,3876.0,4.62394,0.011413,2.42529,0.135798,0.08136701,DWARF,0.00174171769,0.020530859,64
TOI-1736,408618999,1.4081,0.0701984,1.0,0.130334,5656.0,4.1408,0.0786724,0.35818,0.0763678,1.82809317,DWARF,0.000352964038,0.005434655,177
TOI-1739,159418353,0.780707,0.0535628,0.78,0.094964,4814.0,4.54519,0.0935899,1.63919,0.44716,0.2949139,DWARF,0.00662746141,0.000390411878,57
TOI-1742,219857012,1.15853,0.0562261,1.02,0.126497,5707.0,4.31886,0.0771701,0.655969,0.140197,1.28273618,DWARF,0.0149312261,0.000206339668,56
TOI-1743,219860288,0.320089,0.00941708,0.299659,0.0201029,3281.0,4.90415,0.00361744,9.13724,0.192619,0.0106969783,DWARF,0.009983843,0.008718848,68
TOI-1744,229455001,1.13948,0.0513442,1.181,0.164577,6179.0,4.3969,0.0828215,0.798223,0.1795,1.70523608,DWARF,0.0110381255,0.0383923724,194
TOI-1749,233602827,0.561356,0.0165649,0.555356,0.0202155,3959.0,4.68416,0.00982267,3.13947,0.163855,0.0697450638,DWARF,0.00457908725,0.09147449,103
TOI-1750,237099296,0.768675,0.0541206,0.767,0.0928027,4765.0,4.55138,0.0929274,1.68876,0.453951,0.274429917,DWARF,0.00411515357,0.00103120378,43
TOI-1751,287080092,1.26841,0.0553769,1.152,0.1689,6114.0,4.293,0.0838503,0.56451,0.127603,2.02542877,DWARF,0.0108332885,0.000536505948,38
TOI-1752,287139872,0.526987,0.0156406,0.524085,0.0202784,3652.0,4.71387,0.00897414,3.58098,0.180488,0.0445059,DWARF,0.004244292,0.002007397,47
TOI-1753,289580577,0.959022,0.0498041,1.015,0.131911,5700.0,4.48088,0.0795665,1.15075,0.255296,0.874684155,DWARF,0.004120038,0.0137795145,41
TOI-1756,364074068,0.562607,0.0165054,0.556454,0.0201546,3756.0,4.68309,0.00975251,3.12474,0.162042,0.0567554161,DWARF,0.00314575783,0.004355259,111
TOI-1758,367858035,0.805886,0.046402,0.88,0.105339,5169.0,4.57,0.0825764,1.68137,0.402961,0.417702973,DWARF,0.00435053743,0.0117659736,255
TOI-1768,137906197,1.09577,0.0491959,1.104,0.147925,5994.0,4.4016,0.0785362,0.839097,0.176491,1.39636672,DWARF,0.00216707843,0.0183731411,34
TOI-1772,85293053,0.995254,0.04551,0.99,0.126087,5583.1,4.43783,0.0783219,1.00423,0.216011,0.8670909,DWARF,0.00303077186,0.0119215231,16
TOI-1774,4897275,1.09271,0.0444724,1.06,0.13005,5853.7,4.38636,0.0701936,0.812432,0.15784,1.26307523,DWARF,0.00519066025,0.000417826843,39
TOI-1775,9348006,0.83944,0.0498618,0.898,0.112957,5251.0,4.54337,0.0872397,1.51813,0.377319,0.482660621,DWARF,0.00144286291,0.00312401634,34
TOI-1776,21535395,0.945408,0.0387764,1.02,0.126763,5723.87,4.49543,0.0705593,1.2071,0.229721,0.8643558,DWARF,0.006784669,0.000126368977,31
TOI-1777,29191624,0.983752,0.0388266,1.06,0.133432,5859.45,4.4776,0.0720788,1.1134,0.217938,1.02776325,DWARF,0.004412258,0.0121698808,36
TOI-178,251848941,0.660806,0.0596206,0.68,0.0803989,4339.0,4.63043,0.103994,2.35661,0.719194,0.139444456,DWARF,0.00308579416,0.009163799,24
TOI-1782,160045097,0.668693,0.0560352,0.68,0.0774836,4336.0,4.62012,0.0989097,2.2742,0.686373,0.142398641,DWARF,0.00304364646,0.004232903,45
TOI-1789,172518755,2.25663,0.0968015,1.1,0.144717,5971.41,3.77254,0.074122,0.0957218,0.0192895,5.83342552,DWARF,0.000911388954,0.003566829,38
TOI-1794,286916251,1.29921,0.0613468,1.017,0.119612,5707.0,4.21803,0.0721788,0.463751,0.0921043,1.61318254,DWARF,0.002267625,0.006626112,35
TOI-1798,198153540,0.784618,0.0392965,0.874,0.107671,5165.24,4.59026,0.0764449,1.80941,0.38738,0.3947965,DWARF,0.00295702671,0.00121557515,31
TOI-1799,8967242,0.956941,0.0464397,1.01,0.130027,5690.0,4.48062,0.0772114,1.15257,0.243821,0.864797354,DWARF,0.005171391,0.00013923696,17
TOI-1801,119584412,0.545591,0.0164229,0.541272,0.0204295,3815.0,4.69775,0.00975382,3.33284,0.175399,0.056807708,DWARF,0.00541887,0.000276353385,35
TOI-1803,144401492,0.689401,0.0590955,0.793,0.0971784,4868.61,4.6604,0.10984,2.42023,0.788441,0.24057965,DWARF,0.00174636091,0.00369303976,21
TOI-1806,166648874,0.401575,0.0119287,0.393258,0.0202403,3272.0,4.82521,0.0034367,6.07264,0.228548,0.01665257,DWARF,0.00151254132,7.601407e-06,26
TOI-1807,180695581,0.741027,0.0450603,0.73,0.085975,4612.99,4.56172,0.0838448,1.794,0.432431,0.22402285,DWARF,0.006536682,0.0006797479,29
TOI-181,76923707,0.805573,0.0550251,0.76,0.0936053,4753.0,4.50667,0.0938912,1.45378,0.3994,0.298383832,DWARF,0.00211400329,0.134277821,41
TOI-1811,376524552,0.812087,0.0555227,0.756,0.0884888,4719.0,4.49738,0.0908426,1.41161,0.377245,0.2946453,DWARF,0.00134479755,0.00279505737,35
TOI-1814,160440924,2.3895,,,,4971.0,,,,,,GIANT,,,
TOI-1820,393831507,1.40032,0.0639723,1.036,0.124896,5778.19,4.16097,0.0715296,0.377288,0.0733099,1.96933436,DWARF,0.00090538006,5.66041526e-05,18
TOI-1823,142381532,0.822372,0.0544045,0.77,0.0892913,4760.0,4.49442,0.0874009,1.38448,0.357668,0.312794447,DWARF,0.004690719,0.06409204,25
TOI-1824,142387023,0.824468,0.0489649,0.88,0.111687,5182.0,4.5502,0.0845265,1.57022,0.382039,0.441602916,DWARF,0.007001656,0.0238992143,27
TOI-1836,207468071,1.61988,0.0676734,1.261,0.183655,6351.0,4.11982,0.0807118,0.296665,0.0638191,3.84617734,DWARF,0.00319080451,0.03179666,55
TOI-1839,381714186,0.848099,0.0548492,0.934,0.124596,5382.69,4.55152,0.0926726,1.53111,0.401137,0.543983459,DWARF,0.00208618632,0.00123686751,46
TOI-1842,404505029,2.04983,0.0925731,1.153,0.152433,6115.0,3.87646,0.0796686,0.133867,0.02945,5.29319239,DWARF,0.00103656785,0.00034294647,27
TOI-1846,198385543,0.411452,0.0121252,0.404348,0.020175,3512.0,4.81618,0.00391692,5.80494,0.22354,0.0232033711,DWARF,0.0072612674,0.00816788152,70
TOI-1853,73540072,0.839658,0.0474372,0.82,0.0991917,4968.77,4.50368,0.0819904,1.38518,0.319694,0.387164,DWARF,0.00106811489,0.000183577882,24
TOI-1855,81247740,1.08099,0.0568618,0.92,0.111479,5347.0,4.33421,0.0790268,0.728323,0.163077,0.8605535,DWARF,0.00119183084,0.0639797449,32
TOI-1859,229742722,1.40156,0.0615226,1.291,0.197742,6415.0,4.25577,0.0868657,0.46891,0.110007,2.997132,DWARF,0.005189093,0.003850057,114
TOI-1873,328933398,0.971675,0.0471155,1.015,0.131731,5699.0,4.46949,0.0776029,1.10637,0.235476,0.8972879,DWARF,0.00245568645,0.0020114854,51
TOI-1883,348755728,0.493576,0.0149633,0.491671,0.0205038,3477.0,4.74303,0.00821872,4.08896,0.201564,0.0320790522,DWARF,0.0006810298,0.100042872,111
TOI-1898,91987762,1.61034,0.079598,1.24,0.189831,6303.91,4.11765,0.0924486,0.29694,0.0728752,3.68952131,DWARF,0.00295526674,0.00106922991,42
TOI-1899,172370679,0.617863,0.0181815,0.602425,0.0201818,3854.0,4.63619,0.0110121,2.55403,0.140112,0.07587976,DWARF,0.00118332764,0.3115394,1713
TOI-1937_A,268301217,1.07015,0.0546734,1.02,0.134052,5707.0,4.38778,0.0800732,0.83227,0.18516,1.094503,DWARF,0.0006677415,0.6663142,285
TOI-199,309792357,0.878413,0.0511759,0.88,0.106682,5180.0,4.49515,0.0818278,1.29834,0.308997,0.5005078,DWARF,0.009988334,0.00644542556,102
TOI-1994,445903569,2.22276,0.0738693,1.88,0.295482,7876.0,4.01844,0.0758493,0.17119,0.0323616,17.1279011,DWARF,7.556028e-05,0.165773764,1851
TOI-2000,371188886,1.18093,0.0597739,0.98,0.131459,5547.0,4.28485,0.0825889,0.59505,0.135023,1.189531,DWARF,0.002275874,0.06140145,690
TOI-2005,147660886,2.22759,0.084603,1.65,0.271228,7297.0,3.95988,0.0827323,0.149273,0.0325075,12.6747932,DWARF,0.00100803876,0.0281346887,291
TOI-201,350618622,1.33031,0.0634748,1.31,0.212157,6461.8,4.30743,0.0919349,0.556429,0.137858,2.77981949,DWARF,0.0110177537,0.000475946261,87
TOI-2015,368287008,0.324155,0.00966449,0.304345,0.0201868,3223.0,4.89993,0.00294439,8.93528,0.205739,0.010215071,DWARF,0.00222024671,0.136710241,38
TOI-2018,357501308,0.622512,0.0766281,0.66,0.0867542,4218.89,4.66932,0.134705,2.7359,1.12261,0.110607244,DWARF,0.008942682,0.0036502697,45
TOI-2019,159781361,1.79774,0.0898141,0.987,0.126306,5588.0,3.92293,0.0807668,0.169879,0.0377616,2.83904147,DWARF,0.00176474755,0.0004601939,33
TOI-2025,394050135,1.47996,0.06901,1.123,0.159804,6042.0,4.14795,0.0844354,0.346443,0.0792288,2.6297605,DWARF,0.001458549,0.00256002718,65
TOI-2031_A,470127886,1.18444,0.0492463,1.41,0.25329,6664.0,4.44026,0.0944133,0.84856,0.212768,2.49263787,DWARF,0.00181153289,0.0189204514,136
TOI-2046,468574941,1.24319,0.0575628,1.139,0.151562,6081.0,4.30552,0.0798798,0.59281,0.129891,1.903999,DWARF,0.00112954935,0.0362552926,368
TOI-2048,159873822,0.762469,0.040309,0.835,0.0990377,5021.63,4.59531,0.0790146,1.88374,0.41333,0.3330565,DWARF,0.00348103861,0.001285577,54
TOI-205,281575427,1.45382,0.0723015,1.2,0.176842,6222.5,4.19223,0.0866052,0.390525,0.0908113,2.85479951,DWARF,0.00219761231,0.002939236,37
TOI-2068,417931300,0.542573,0.0161303,0.538526,0.0202958,3700.0,4.70036,0.00945482,3.37157,0.173848,0.0497070476,DWARF,0.00298151816,0.6566371,18
TOI-2071,198360694,1.00286,0.0538995,1.063,0.127493,5873.3,4.46212,0.0810838,1.05392,0.243544,1.078221,DWARF,0.004323005,0.00675065629,63
TOI-2076,27491137,0.772148,0.0454673,0.87,0.108032,5163.0,4.60219,0.0861929,1.88981,0.459253,0.381684631,DWARF,0.008675765,0.0002954656,36
TOI-2081,321669174,0.515547,0.0153071,0.513208,0.0202823,3742.0,4.72382,0.00862431,3.74532,0.185787,0.0469511636,DWARF,0.005591542,0.0294573288,92
TOI-2084,441738827,0.466766,0.0138789,0.464271,0.0202882,3630.0,4.76664,0.00684404,4.56535,0.207881,0.0340815745,DWARF,0.003117305,0.0122972028,75
TOI-2088,441765914,0.831423,0.0533367,0.802,0.0978188,4902.0,4.5026,0.089012,1.39543,0.36388,0.35961,DWARF,0.00633845525,0.02117564,63
TOI-2093,402898317,0.730261,0.0598493,0.7,0.0838102,4455.0,4.55621,0.0998748,1.79748,0.543379,0.18925257,DWARF,0.007787615,0.004763311,119
TOI-2094,356016119,0.376775,0.0112267,0.365046,0.0202439,3457.0,4.84825,0.00178,6.82498,0.231392,0.0182665437,DWARF,0.008413796,0.02219534,62
TOI-2095,235678745,0.463205,0.0135918,0.460544,0.0201518,3746.0,4.76979,0.00647892,4.63395,0.205279,0.038063813,DWARF,0.0134269185,0.00108035945,82
TOI-2096,142748283,0.247331,0.00734744,0.217977,0.0200839,3285.0,4.98992,0.014318,14.407,0.0467259,0.00641790545,DWARF,0.00246565253,0.0007661185,50
TOI-2104,367630162,0.723757,0.0465477,0.8,0.0897494,4907.0,4.62197,0.0861128,2.11015,0.543617,0.273617566,DWARF,0.005082083,0.009456435,54
TOI-2107,446549906,0.971289,0.0489648,0.98,0.123017,5565.0,4.4546,0.0800524,1.0695,0.240167,0.815177262,DWARF,0.000619530561,4.365528,284
TOI-2109,392476080,1.69968,0.0746181,1.399,0.232463,6647.0,4.12315,0.0896074,0.284915,0.0667054,5.080801,DWARF,0.00119547418,0.008078498,131
TOI-2133,39200363,0.716312,0.0671683,0.65,0.0803712,4175.0,4.54078,0.108659,1.76851,0.579239,0.1404509,DWARF,0.00265214755,0.156892776,131
TOI-2134,75878355,0.769698,0.064,0.69,0.0790972,4406.0,4.50428,0.0980128,1.51317,0.439716,0.201146692,DWARF,0.0124324271,0.00489397,154
TOI-2141,287256467,0.941409,0.0476533,1.01,0.129756,5674.0,4.49483,0.0781668,1.21056,0.262803,0.8275777,DWARF,0.004696739,0.00204279041,145
TOI-2145,88992642,2.78111,0.125264,1.191,0.175148,6202.0,3.62554,0.0842668,0.0553679,0.0125663,10.3099747,DWARF,0.00145732309,0.000562202651,96
TOI-2152,395393265,1.73235,0.0773467,1.416,0.240633,6688.0,4.11186,0.0923662,0.27237,0.0636291,5.409396,DWARF,0.000812023471,0.2549864,148
TOI-2154,428787891,1.38719,0.0639749,1.21,0.172195,6243.0,4.23658,0.0846135,0.453288,0.102327,2.63355517,DWARF,0.001272698,0.005515935,93
TOI-2158,342642208,1.49636,0.0796055,0.935,0.114776,5389.0,4.05881,0.0806736,0.279064,0.0638717,1.7013706,DWARF,0.00119599828,0.07699293,642
TOI-216,55652896,0.801736,0.0521859,0.84,0.100203,5025.77,4.55428,0.0899334,1.62999,0.42301,0.369460285,DWARF,0.00418422325,0.01329021,193
TOI-2169_A,8516795,1.80614,0.0857412,1.183,0.173249,6183.0,3.99755,0.0869019,0.200783,0.0469415,4.29532862,DWARF,0.000700263132,0.247871667,644
TOI-2180,298663873,1.62762,0.0825628,1.025,0.124682,5739.0,4.02569,0.0736056,0.237721,0.048873,2.58907223,DWARF,0.008157275,0.00693234568,115
TOI-2184,176956893,3.15138,0.169143,1.02,0.120309,5720.85,3.44967,0.0771706,0.0325911,0.00705631,9.583805,DWARF,0.0005913505,0.0103604645,183
TOI-2193_A,401604346,1.19653,0.055015,1.14,0.150926,6079.0,4.33912,0.0788385,0.665474,0.145715,1.76145816,DWARF,0.000834888662,0.0352563038,123
TOI-2196,372172128,1.02917,0.0498618,1.02,0.129385,5728.0,4.4217,0.0769563,0.935714,0.195382,1.02725458,DWARF,0.00102696382,0.00242434815,124
TOI-220,150098860,0.881545,0.0459347,0.9,0.113456,5272.71,4.50182,0.0812464,1.31374,0.305461,0.541152239,DWARF,0.0119679784,0.0173394009,112
TOI-2200,142105158,0.826247,0.0486734,0.85,0.103803,5070.0,4.53327,0.0840344,1.50692,0.362922,0.406393319,DWARF,0.00251914025,0.0338286869,216
TOI-2202,358107516,0.823883,0.049985,0.85,0.105174,5064.0,4.53576,0.0851766,1.51993,0.370499,0.40216136,DWARF,0.00172298471,0.3411556,78
TOI-2207,90850770,1.55738,0.0751005,1.17,0.164101,6146.0,4.12146,0.0827518,0.309741,0.0710554,3.11786151,DWARF,0.000548049,0.029919168,127
TOI-2211,212253390,0.834386,0.0474272,0.9,0.108867,5253.0,4.54958,0.0842028,1.54932,0.362697,0.47759375,DWARF,0.00387495756,0.01000596,143
TOI-2227,405425498,1.20847,0.0594974,1.03,0.130293,5763.48,4.28644,0.0779518,0.583624,0.125095,1.45178807,DWARF,0.00209038053,0.00322952657,81
TOI-2236,394722182,1.62396,0.0725126,1.19,0.168387,6209.0,4.09246,0.0813791,0.277856,0.0599651,3.53128433,DWARF,0.0009875065,0.04887835,125
TOI-2257,198485881,0.326932,0.00965778,0.30755,0.0201328,3446.0,4.89707,0.00280431,8.80123,0.203087,0.01357909,DWARF,0.00292157056,0.0023639265,42
TOI-2260,232568235,0.898416,0.0485427,0.947,0.122263,5432.0,4.50746,0.0819319,1.30592,0.292787,0.633123934,DWARF,0.005043576,0.007574338,62
TOI-2266,8348911,0.261162,0.00786259,0.233038,0.0201461,3244.0,4.97167,0.0114808,13.0827,0.0480249,0.006805156,DWARF,0.00206356356,0.0001761417,51
TOI-2267_A,459837008,0.242745,0.00799628,0.21305,0.0204176,3022.0,4.99625,0.013126,14.8947,0.0443362,0.00442764862,DWARF,0.00615658564,0.00311733922,86
TOI-2267_B,459837008,0.242745,0.00799628,0.21305,0.0204176,3022.0,4.99625,0.013126,14.8947,0.0443362,0.00442764862,DWARF,0.00615658564,0.00311733922,86
TOI-2285,329148988,0.460014,0.0137236,0.457187,0.0203197,3546.0,4.77262,0.00660534,4.69657,0.211731,0.0301433653,DWARF,0.004259091,0.08583218,580
TOI-2295,48018596,1.47127,0.0724272,1.005,0.119737,5660.0,4.10485,0.0742244,0.315563,0.0661037,2.00145984,DWARF,0.00392503664,0.031964764,170
TOI-2322,300812741,0.697547,0.0569246,0.7,0.0826541,4465.0,4.59602,0.0996949,2.06242,0.599649,0.174232,DWARF,0.0140533242,0.006417427,184
TOI-2328,394287035,0.932732,0.0494849,0.94,0.12071,5423.0,4.47168,0.0837919,1.1584,0.268416,0.677901745,DWARF,0.00146977359,0.135244787,89
TOI-2337,230001847,3.22859,,,,4784.0,,,,,,GIANT,,,
TOI-2338,24358417,1.117,0.060098,0.97,0.128089,5523.0,4.32874,0.0825504,0.696012,0.155986,1.045919,DWARF,0.0008125515,0.00761072524,69
TOI-2345,91555165,0.758575,0.0576507,0.73,0.0904038,4621.0,4.54139,0.095621,1.67235,0.466708,0.23639375,DWARF,0.00312796212,0.00531899137,25
TOI-2346,317483660,1.32502,0.0580402,1.38,0.236349,6605.0,4.3335,0.0917406,0.593212,0.143301,3.0104537,DWARF,0.000517486245,0.0151279606,127
TOI-2364,39414571,0.937166,0.0566281,0.888,0.107869,5216.0,4.44285,0.087097,1.07886,0.275857,0.585703433,DWARF,0.000799240952,0.0303782281,150
TOI-2368,401125028,0.892685,0.0530276,0.88,0.108561,5177.0,4.48115,0.0851497,1.23705,0.299996,0.515707731,DWARF,0.000120012759,0.0667374954,346
TOI-237,305048087,0.211299,0.0065435,0.180288,0.0201408,3210.0,5.04424,0.0218134,19.1106,0.366111,0.00427080458,DWARF,0.00223613717,4.511671e-05,32
TOI-2373,332558858,1.20399,0.0630151,0.97,0.117688,5517.0,4.26359,0.0777757,0.555775,0.124216,1.20991516,DWARF,0.000335652643,0.00278954022,32
TOI-2374,439366538,0.798703,0.0532186,0.773,0.08616,4789.0,4.52148,0.0890205,1.51713,0.407337,0.3023046,DWARF,0.0006782279,6.646298,85
TOI-2379,201177276,0.638902,0.0190863,0.61874,0.0203364,3770.0,4.61871,0.0116763,2.3725,0.134862,0.0742897,DWARF,0.000444673671,0.00157894962,39
TOI-238,9006668,0.766028,0.0475477,0.84,0.0992503,5029.0,4.59386,0.089001,1.86872,0.468787,0.3381511,DWARF,0.00295664463,0.0273824614,33
TOI-2382,2760219,1.52373,0.0900829,1.09,0.13996,5949.0,4.10968,0.0859059,0.308109,0.0747153,2.619904,DWARF,0.000361535582,0.000797089131,29
TOI-2406,212957629,0.1966,0.00604985,0.165654,0.0201034,3163.0,5.0701,0.0262291,21.7997,0.64178,0.00348544726,DWARF,0.0009721553,0.000201287447,33
TOI-2407,153078576,0.524573,0.0156219,0.52181,0.0203147,3596.0,4.71597,0.00895826,3.61489,0.18243,0.0414558,DWARF,0.00167724257,0.0116997538,48
TOI-2411,10837041,0.727642,0.0690302,0.64,0.07922,4099.0,4.52041,0.110707,1.66122,0.559219,0.134661123,DWARF,0.00234531658,0.0006163556,34
TOI-2416,237922465,1.38931,0.0735276,1.0,0.121442,5640.1,4.15247,0.0772388,0.372912,0.0811078,1.75969684,DWARF,0.0006692721,0.0102351047,59
TOI-2420,268532343,2.19681,0.11761,1.02,0.125923,5707.0,3.76308,0.0781879,0.0962105,0.021111,4.612234,DWARF,0.000359441183,0.000566252333,16
TOI-2421,70524163,1.79106,0.0959922,0.99,0.124627,5618.0,3.92748,0.0802684,0.172309,0.0388528,2.87899184,DWARF,0.0006700129,0.00103834085,26
TOI-2427,142937186,0.678916,0.0649498,0.64,0.0791406,4072.0,4.58062,0.109152,2.04518,0.670591,0.114171475,DWARF,0.007900747,1.8804918e-05,26
TOI-2431,258804746,0.676459,0.0663316,0.64,0.0780983,4079.0,4.58376,0.112971,2.06755,0.695284,0.114128128,DWARF,0.004435909,0.001141295,26
TOI-244,118327550,0.407103,0.0124724,0.399476,0.0205326,3407.0,4.82015,0.00427734,5.92076,0.23985,0.0201183259,DWARF,0.007103692,3.142253e-05,24
TOI-2443,318753380,0.732115,0.0713468,0.66,0.0789265,4214.44,4.52845,0.109238,1.68192,0.552204,0.152339637,DWARF,0.00746206939,0.00682086544,24
TOI-2445,439867639,0.272233,0.00820015,0.245288,0.020165,3333.0,4.95786,0.0096125,12.1578,0.0970336,0.008239816,DWARF,0.00177763263,0.004396264,25
TOI-2447,1167538,1.03876,0.0522613,1.049,0.137918,5825.0,4.42582,0.0797586,0.935909,0.204437,1.11919618,DWARF,0.002652977,0.008923456,38
TOI-2449,170729775,1.07798,0.0488191,1.13,0.144374,6054.0,4.42593,0.0779103,0.902087,0.189592,1.40632045,DWARF,0.002732049,0.000356543082,45
TOI-2453,59128183,0.502498,0.0147592,0.500519,0.0201673,3609.0,4.73522,0.00801083,3.94473,0.188823,0.03859321,DWARF,0.00100924168,0.0491120219,139
TOI-2458,449197831,1.32975,0.0603015,1.143,0.151181,6092.0,4.24857,0.0802576,0.486108,0.106425,2.19420075,DWARF,0.00266541,0.0280802529,131
TOI-2459,192790476,0.675093,0.0630151,0.66,0.0763494,4195.0,4.59888,0.106536,2.14512,0.690873,0.127159938,DWARF,0.007999652,0.06857762,76
TOI-2485,328934463,1.72033,0.0883871,1.11,0.149475,6016.4,4.01217,0.0820324,0.218016,0.0484712,3.49353528,DWARF,0.0005021345,0.004179474,39
TOI-2497,97568467,2.49897,0.110292,1.428,0.252356,6715.0,3.79727,0.0931728,0.0915051,0.0224896,11.43933,DWARF,7.97392058e-05,0.0210398436,398
TOI-2498,263179590,1.29068,0.0619598,1.084,0.142188,5938.0,4.25146,0.0796586,0.504164,0.108336,1.86592412,DWARF,6.4869615e-05,0.6851446,450
TOI-251,224225541,0.955756,0.0449473,1.04,0.129506,5789.0,4.49441,0.0736069,1.19122,0.239598,0.9242786,DWARF,0.003473572,0.008062031,24
TOI-2518,96925186,0.993374,0.0471231,1.11,0.150036,6016.0,4.48917,0.0826064,1.13236,0.260018,1.16453218,DWARF,0.0025694957,0.0240270682,275
TOI-2524,169249234,1.18729,0.0648518,1.03,0.121133,5758.33,4.30179,0.0812776,0.615414,0.141149,1.39635015,DWARF,0.0003049014,0.3018425,46
TOI-2525,149601126,0.824284,,0.81,,4944.0,4.5144,,1.44629,,0.365731269,DWARF,,,
TOI-2529,269333648,1.74814,0.0879899,1.05,0.131893,5822.0,3.97411,0.0811737,0.196545,0.0436062,3.16326332,DWARF,0.00107193377,0.0921330452,401
TOI-2537,399967279,1.0143,0.144372,0.74,0.0868628,4653.65,4.29497,0.14042,0.709138,0.309466,0.43471387,DWARF,0.000431057,0.00713394,30
TOI-2545,149845414,1.25324,0.0554799,1.055,0.127121,5846.29,4.26525,0.0717198,0.535981,0.104018,1.65304577,DWARF,0.00264992123,0.000227411248,85
TOI-2567,258920431,1.71761,0.0898895,0.99,0.124385,5609.0,3.96385,0.0782054,0.19537,0.0421234,2.63079977,DWARF,0.00117609731,0.09655947,111
TOI-257,200723869,1.76557,0.072387,1.28,0.189889,6382.67,4.05151,0.0809034,0.232572,0.0485562,4.660927,DWARF,0.00433039851,0.000521029,24
TOI-2570,239816546,1.12141,0.061206,1.0,0.124689,5639.0,4.33854,0.0815751,0.709096,0.161389,1.14560068,DWARF,3.715459e-05,0.281187445,499
TOI-2580,102713734,1.82904,0.0838821,1.373,0.242019,6590.0,4.05129,0.0960843,0.224389,0.0550493,5.684362,DWARF,0.0005912601,0.0814436749,215
TOI-2583_A,7548817,1.49494,0.071583,1.13,0.149506,6050.0,4.1419,0.0810965,0.338224,0.0748888,2.69752526,DWARF,0.0005266124,0.0749378651,145
TOI-2587_A,68007716,1.71814,0.0969647,1.04,0.131582,5775.74,3.98498,0.0823134,0.205048,0.0473774,2.95967054,DWARF,0.0004504983,0.166520953,275
TOI-2589,157698565,1.06942,0.049809,1.08,0.146865,5938.0,4.4132,0.0812161,0.883041,0.197253,1.28100455,DWARF,0.00172935647,0.02415617,295
TOI-260,37749396,0.618173,0.0598643,0.63,0.0813985,4049.0,4.65519,0.115546,2.66692,0.940901,0.09253502,DWARF,0.008811014,0.0002444534,35
TOI-261,63898957,1.28018,0.0545025,1.069,0.134583,5890.3,4.25251,0.0689598,0.509529,0.0964641,1.77739263,DWARF,0.002532445,1.16193667e-06,26
TOI-262,70513361,0.848675,0.0516382,0.91,0.12055,5302.58,4.53963,0.0896144,1.48874,0.381945,0.513010144,DWARF,0.00736118574,6.04148045e-05,26
TOI-2641,162802770,1.27132,0.0568342,1.24,0.18442,6309.0,4.32298,0.0841433,0.603466,0.136187,2.30700946,DWARF,0.0007463113,0.05007254,254
TOI-2654,200805484,0.756095,,0.69,,4396.0,4.51976,,1.59632,,0.192343786,DWARF,,,
TOI-2669,348835438,3.97986,,,,4859.0,,,,,,GIANT,,,
TOI-269,220479565,0.397924,0.011947,0.389135,0.0203323,3546.0,4.82857,0.0033732,6.17589,0.233498,0.022555368,DWARF,0.00532880146,0.0113068838,52
TOI-270,259377017,0.374358,0.0114957,0.362274,0.020491,3532.0,4.85053,0.00208994,6.90519,0.245345,0.01964951,DWARF,0.01308849,0.0103179086,65
TOI-2714,332534326,1.21311,0.0624372,1.02,0.129444,5737.0,4.27887,0.0775791,0.571352,0.122681,1.43625617,DWARF,0.0002831738,1.20899685e-05,32
TOI-2719,176314383,1.69373,0.0957913,1.02,0.128869,5701.0,3.98898,0.0818667,0.209927,0.0481548,2.7301538,DWARF,0.0002232029,0.02253656,75
TOI-2768,443556801,0.657361,0.0686633,0.63,0.0794348,4008.0,4.6018,0.123927,2.21783,0.818048,0.100464717,DWARF,0.00168157369,0.199226364,372
TOI-277,439456714,0.523113,0.015618,0.520428,0.020342,3668.0,4.71724,0.00895625,3.63558,0.183734,0.04462755,DWARF,0.001514374,0.976719558,33
TOI-2796,220076110,1.38285,0.144874,0.95,0.12464,5449.49,4.13424,0.122267,0.359254,0.126628,1.51937783,DWARF,0.0003303878,0.009276381,124
TOI-2803_A,124379043,1.1627,0.0542111,1.28,0.192902,6384.0,4.41434,0.0842688,0.814349,0.182332,2.023016,DWARF,0.000480125629,0.5185852,163
TOI-2818,151483286,1.1411,0.0499749,1.36,0.228653,6553.0,4.45696,0.0875132,0.915306,0.209918,2.163236,DWARF,8.949259e-05,0.224607155,592
TOI-283,382626661,0.811062,0.0481206,0.9,0.108163,5245.0,4.5742,0.0823167,1.68687,0.391142,0.448522955,DWARF,0.01396869,0.004159521,227
TOI-2842,178162579,1.25674,0.0630352,1.114,0.148946,6019.0,4.28646,0.0842257,0.561238,0.128562,1.8676002,DWARF,3.84689774e-05,0.207690865,358
TOI-286,150030205,0.793597,0.0471155,0.86,0.105052,5116.0,4.57337,0.0860203,1.72067,0.422987,0.3887024,DWARF,0.0189077854,0.00678939745,117
TOI-2876,10827386,0.922991,0.054392,0.866,0.102454,5137.0,4.44519,0.0812559,1.10135,0.261142,0.5344757,DWARF,8.487052e-05,0.212863043,922
TOI-2886,318796593,1.21724,0.0599925,1.164,0.170529,6141.0,4.33327,0.0876316,0.645397,0.154565,1.89846122,DWARF,4.28504063e-05,1.04281616,730
TOI-2969,36452991,0.780399,0.060294,0.72,0.081763,4581.0,4.51077,0.098138,1.51489,0.438155,0.241640255,DWARF,0.000108251414,0.413964242,1035
TOI-2977,361343239,,,,,,,,,,,,,,
TOI-2981,287145649,1.03425,0.0470352,1.13,0.14973,6055.0,4.46189,0.0814297,1.0214,0.228491,1.295404,DWARF,0.000382059719,0.00158143917,70
TOI-2986,148497855,1.49169,0.0957664,1.09,0.134184,5940.66,4.12813,0.0863302,0.328388,0.0789472,2.49685335,DWARF,0.000241914284,0.101341479,40
TOI-2989,97825640,0.765711,0.0674523,0.666,0.0811065,4262.0,4.49341,0.104316,1.48347,0.467952,0.1742925,DWARF,0.0005907252,0.0050920276,94
TOI-2992,49045066,1.54367,0.0783919,1.11,0.143742,5999.07,4.10628,0.0798223,0.301756,0.065629,2.78061819,DWARF,0.000308965857,0.0123875765,99
TOI-3023,454248975,1.68738,0.0870904,0.97,0.122246,5512.0,3.97041,0.0768944,0.201898,0.044105,2.36787415,DWARF,0.0005713206,0.121269517,671
TOI-3071,452006073,1.35787,0.0647412,1.23,0.188734,6296.0,4.26226,0.0902652,0.49128,0.116278,2.61018229,DWARF,4.639424e-05,0.615790844,2040
TOI-3082,428699140,0.684655,0.0613266,0.664,0.079773,4249.0,4.58929,0.101819,2.06896,0.630375,0.137652814,DWARF,0.0009373477,0.0392938,70
TOI-3135,448098793,1.02752,0.0501181,1.0,0.123469,5632.0,4.41448,0.075198,0.921775,0.193603,0.9570369,DWARF,0.000119969183,0.5308126,2109
TOI-3160_A,440872576,1.62058,0.122236,1.19,0.165098,6200.0,4.09428,0.097008,0.279601,0.0780442,3.49623585,DWARF,0.0002284499,0.0130378846,159
TOI-3261,358070912,0.862761,0.0513442,0.87,0.107478,5151.38,4.50581,0.0848961,1.35471,0.329952,0.472248,DWARF,0.00129922153,0.00656633265,87
TOI-3288,79920467,0.670071,0.0202783,0.641966,0.0204766,3913.0,4.59334,0.0124368,2.13378,0.12588,0.09483655,DWARF,0.000422271754,0.0470976159,221
TOI-329,169765334,1.61148,0.0831859,0.98,0.124394,5560.5,4.01485,0.0793175,0.234183,0.0514015,2.23664713,DWARF,0.000561951369,0.00369505468,35
TOI-332,139285832,0.95852,0.0577286,0.88,0.11214,5190.0,4.41935,0.0873872,0.999263,0.249338,0.6005734,DWARF,0.0008539845,0.00334470184,40
TOI-3321,306648160,1.46536,0.0706055,1.08,0.141042,5930.0,4.13961,0.0819724,0.343237,0.076782,2.39221144,DWARF,0.0008658393,0.0500589423,575
TOI-333,224245334,1.129,0.0535025,1.17,0.159892,6150.0,4.40086,0.0815149,0.813017,0.183765,1.64280558,DWARF,0.0006603272,0.03278919,24
TOI-3331_A,194795551,0.956365,0.0502312,0.98,0.128706,5544.0,4.46805,0.0796575,1.12036,0.249596,0.778456748,DWARF,6.609896e-05,1.71664357,8580
TOI-3353,391903064,1.0207,0.0516508,1.0,0.127562,5627.0,4.42027,0.0782587,0.940387,0.203754,0.9410183,DWARF,0.0150853684,0.009630736,138
TOI-3362,464300749,1.79629,0.079402,1.38,0.244044,6600.0,4.06919,0.0934313,0.238095,0.0578619,5.515978,DWARF,9.55231e-05,0.174475744,1002
TOI-3364,280655495,1.4484,0.0721859,1.04,0.12862,5805.0,4.13333,0.0766769,0.342272,0.0718397,2.146241,DWARF,9.10364251e-05,0.591699362,1165
TOI-3457,357312511,1.34843,0.0664824,1.13,0.151027,6067.83,4.23149,0.0813975,0.46089,0.101287,2.220662,DWARF,0.0007279974,0.0649214461,367
TOI-3464,290504044,1.5928,0.075505,1.26,0.187249,6353.0,4.13412,0.0833004,0.31181,0.0704492,3.72332382,DWARF,2.39067285e-05,0.374857,1832
TOI-3474,274367763,1.25501,0.0594975,1.13,0.150027,6048.0,4.29385,0.0812166,0.571658,0.124908,1.89861321,DWARF,3.45022927e-05,1.27619612,2741
TOI-3486,221861843,0.808106,0.052201,0.79,0.0913607,4841.0,4.52076,0.0882358,1.497,0.383622,0.32312578,DWARF,0.000105614265,0.6083861,2282
TOI-3493,203377303,1.21151,0.0594473,1.06,0.136557,5860.0,4.29672,0.07941,0.59611,0.130795,1.55933034,DWARF,0.00293707172,0.004310054,89
TOI-3523_A,417047499,1.57555,0.0891706,1.36,0.23958,6562.0,4.17674,0.100454,0.347733,0.0902143,4.14669371,DWARF,3.827043e-05,0.158356592,1015
TOI-3540_A,17865622,1.13476,0.105497,,,6011.16,,,,,,DWARF,0.0009991429,0.06600766,151
TOI-3568,160390955,0.785799,0.0516809,0.792,0.0942297,4864.0,4.54617,0.089701,1.63226,0.439534,0.311381042,DWARF,0.0008315314,0.785975039,495
TOI-3593,162289289,0.992137,0.0536683,0.923,0.113199,5342.0,4.41013,0.0828644,0.945118,0.224688,0.7221941,DWARF,0.000785305863,1.06137776,219
TOI-3629,455784423,0.61486,0.018227,0.600047,0.0202578,3689.0,4.6387,0.0110886,2.58141,0.142635,0.06307857,DWARF,0.000783655269,0.04345833,114
TOI-3664,348437470,1.17749,0.0606432,0.979,0.131153,5556.0,4.28693,0.085518,0.599665,0.141165,1.19030893,DWARF,2.95696955e-05,0.177633613,687
TOI-3682,28961316,1.91211,0.103749,0.96,0.120273,5501.0,3.85731,0.0801155,0.13732,0.0310114,3.01638412,DWARF,0.000262200861,0.0418262221,68
TOI-3688_A,245509452,1.34548,0.0669749,1.14,0.149953,6088.0,4.23722,0.0827683,0.468032,0.106148,2.24050713,DWARF,3.9622475e-05,0.4875732,518
TOI-3693,240823272,0.799114,0.0461306,0.887,0.113155,5211.0,4.58077,0.0846656,1.73819,0.424549,0.424225569,DWARF,0.00124168221,0.11188709,314
TOI-375,280097543,3.27393,,,,5001.63,,,,,,GIANT,,,
TOI-3757,445751830,0.637223,0.0189888,0.617459,0.0203105,3902.0,4.62009,0.0116003,2.38635,0.135052,0.08480602,DWARF,0.000549098651,0.00708315,162
TOI-3785,458419328,0.498029,0.0148603,0.496104,0.0203333,3502.0,4.73913,0.00811489,4.01614,0.195086,0.03361,DWARF,0.00139642484,0.05831859,42
TOI-3807,289661991,1.46911,0.0732965,1.07,0.137427,5908.0,4.13334,0.0800975,0.337457,0.0731196,2.36900878,DWARF,0.00051541545,0.008009525,52
TOI-3819,95660472,1.55859,0.0800503,1.11,0.141519,5999.0,4.09793,0.079339,0.293174,0.0648563,2.834489,DWARF,0.0002318719,0.004270119,51
TOI-3837,308073360,1.21487,0.0667965,1.03,0.125834,5773.87,4.28185,0.0778611,0.574449,0.127438,1.477815,DWARF,0.0005302854,0.00326862861,47
TOI-3856,125552076,1.12864,0.0618442,0.98,0.12984,5568.0,4.32419,0.0834514,0.681656,0.158867,1.10305882,DWARF,0.000485378143,0.049255386,33
TOI-3862,141205978,0.932969,0.0513467,0.92,0.11391,5343.0,4.46212,0.0812118,1.13288,0.258986,0.639102042,DWARF,0.0008994418,0.00108023628,33
TOI-3877,144310492,1.55105,0.100696,1.01,0.129029,5662.2,4.06114,0.0895108,0.270674,0.068542,2.22784972,DWARF,0.0002927927,0.0001054855,30
TOI-3884,86263325,0.303138,0.00902712,0.2802,0.0201542,3192.0,4.92226,0.00541865,10.0588,0.173915,0.008594627,DWARF,0.00175195211,0.000328486785,37
TOI-3894,165464482,1.43344,0.0677136,1.21,0.180111,6233.0,4.20809,0.0857778,0.410814,0.0948697,2.79410672,DWARF,0.000699165452,0.000404401741,32
TOI-3896,445837596,0.747752,0.0431155,0.86,0.103238,5127.0,4.62505,0.085278,2.05696,0.514452,0.348067582,DWARF,0.00149825367,0.0598049536,31
TOI-3912,156648452,1.42275,0.0652865,1.04,0.124395,5779.46,4.14884,0.073759,0.361117,0.0731982,2.03470159,DWARF,0.000373534567,0.0008806567,23
TOI-3919,23769326,1.31854,0.0630402,1.2,0.175555,6227.0,4.27706,0.0855524,0.523483,0.120975,2.35502768,DWARF,0.0003733829,0.00477045029,44
TOI-3976_A,154293917,1.50414,0.0630151,1.1,0.139154,5993.02,4.12489,0.0713428,0.323244,0.0624468,2.62937284,DWARF,0.000476738816,0.00612050574,36
TOI-3980,312548829,1.63017,0.0808794,1.057,0.137496,5854.0,4.03768,0.0812955,0.243991,0.0534676,2.81172371,DWARF,3.50637019e-05,0.163284481,708
TOI-4010,352682207,0.880213,0.0571608,0.799,0.0969893,4888.0,4.45144,0.0912151,1.17161,0.311644,0.398469478,DWARF,0.000117692784,0.0725386,561
TOI-4029,393633044,1.17834,0.0525679,1.018,0.127225,5712.45,4.30328,0.073604,0.622211,0.125272,1.33206213,DWARF,0.0008050656,0.02530293,69
TOI-4030,390021939,0.991737,,0.98,,5574.0,4.4365,,1.0047,,0.8553728,DWARF,,,
TOI-4034,375654303,1.85062,0.0932536,1.03,0.127993,5760.0,3.91627,0.0768306,0.162512,0.0348358,3.39640021,DWARF,0.000284969719,0.0385218635,172
TOI-4087,310002617,1.11748,0.0522613,1.13,0.173434,6071.0,4.39466,0.0901583,0.80976,0.200551,1.52833009,DWARF,0.00140246365,0.00191653508,67
TOI-4127,141488193,1.24863,0.0566909,1.3,0.202365,6433.0,4.35914,0.0876373,0.667794,0.15777,2.40556073,DWARF,0.0009515464,0.008094381,79
TOI-4137,417646390,1.46664,0.067397,1.21,0.180656,6244.0,4.18821,0.08621,0.383546,0.0873349,2.94572163,DWARF,0.000806508237,0.120789506,177
TOI-4145_A,279947414,0.860501,0.0466734,0.944,0.124549,5421.0,4.54354,0.0823734,1.48155,0.360156,0.5761233,DWARF,0.00138178538,0.06851267,175
TOI-4153,470171739,1.67219,0.0757286,1.289,0.218178,6411.0,4.10175,0.0953897,0.275676,0.0679125,4.25565958,DWARF,0.0008152923,0.008132288,120
TOI-4155,467331291,0.952646,0.045402,1.164,0.222827,6142.0,4.54616,0.107881,1.34635,0.392965,1.16358113,DWARF,0.00187295757,0.0367702469,137
TOI-4156,462553953,1.03963,0.0514071,1.1,0.141779,5986.0,4.4457,0.0792276,0.978943,0.212928,1.25025427,DWARF,0.00309375813,0.0143020228,63
TOI-4184,394357918,0.240807,0.00741195,0.210978,0.0201844,3239.0,4.99897,0.0149334,15.1088,0.0541602,0.00575011736,DWARF,0.00192225748,0.007885472,70
TOI-4201,95057860,0.61416,0.018458,0.599491,0.0204013,3790.0,4.63929,0.0113273,2.58784,0.145484,0.07011559,DWARF,0.000473505235,0.011716201,168
TOI-421,94986319,0.860124,0.0494975,0.92,0.115758,5320.0,4.53273,0.0842052,1.44579,0.347709,0.533904,DWARF,0.004351806,0.0246046185,92
TOI-4214,409594381,1.58591,0.0787789,1.044,0.138368,5806.0,4.05621,0.082983,0.261737,0.0588528,2.57489848,DWARF,5.681232e-05,0.08111707,661
TOI-4308,144193715,0.793449,0.0464723,0.9,0.113319,5243.0,4.59327,0.0871607,1.80171,0.446366,0.4285999,DWARF,0.002422161,0.001521388,65
TOI-431,31374837,0.726632,0.042995,0.8,0.0890284,4891.0,4.61853,0.0817461,2.0852,0.486578,0.27221632,DWARF,0.0101149213,0.0008505397,70
TOI-4311,122617317,0.850729,0.0504723,0.872,0.110561,5159.0,4.519,0.0898566,1.41626,0.353559,0.461891,DWARF,0.001988158,0.00186010182,29
TOI-4329,256722647,2.74429,0.157266,0.97,0.135216,5520.0,3.54798,0.0897141,0.0469335,0.0118406,6.299558,DWARF,0.000236845,0.04634014,212
TOI-4336_A,166184428,0.326568,0.00988657,0.30713,0.0202867,3365.0,4.89744,0.00242422,8.81863,0.217678,0.0123191923,DWARF,0.00503497571,0.8143303,264
TOI-4342,354944123,0.598175,0.0177148,0.586597,0.0202492,3883.0,4.65275,0.0107329,2.74066,0.149099,0.07328596,DWARF,0.00329392287,0.009541715,111
TOI-4363,325682877,0.69132,0.0706156,0.62,0.0829526,4002.0,4.5511,0.122855,1.87653,0.701175,0.110448837,DWARF,0.00152992923,0.00197214726,27
TOI-4364,4070275,0.465777,0.0139892,0.463239,0.0203923,3500.0,4.76752,0.00696466,4.58428,0.211399,0.029330736,DWARF,0.00246544555,0.165362835,91
TOI-4377,394918211,3.41348,,,,4913.0,,,,,,GIANT,,,
TOI-4379,97766057,2.06072,0.111709,1.27,0.189016,6368.0,3.91383,0.0867394,0.145126,0.035047,6.29137373,DWARF,1.54016088e-05,0.6317855,3463
TOI-4405,177254988,0.687025,0.0593969,0.68,0.0812134,4361.0,4.59663,0.103323,2.09697,0.659533,0.153809682,DWARF,0.003254775,0.0105043976,157
TOI-4406,206541859,1.41293,0.0729724,1.07,0.131212,5906.5,4.16721,0.0781693,0.379337,0.0839261,2.18904543,DWARF,0.0012179442,0.00690933969,51
TOI-4438,22233480,0.375859,0.0111301,0.363996,0.0201927,3353.0,4.84911,0.00161128,6.85523,0.228484,0.016087139,DWARF,0.0057086735,0.0198178217,152
TOI-444,179034327,0.794471,0.0482412,0.85,0.102469,5091.0,4.56733,0.0826611,1.69506,0.415992,0.3819996,DWARF,0.006034947,0.006883284,47
TOI-4443,158241252,1.01733,0.0490452,1.05,0.138412,5834.0,4.44433,0.0782619,0.997244,0.216309,1.08015358,DWARF,0.00629876554,0.003660242,437
TOI-4463_A,8599009,1.08603,0.0572663,0.975,0.125947,5541.0,4.35539,0.0814357,0.761173,0.1716,1.00167763,DWARF,0.00143548311,0.444669783,914
TOI-4465,157236902,0.992285,0.0520603,0.979,0.127108,5557.0,4.43558,0.0795923,1.00201,0.221884,0.8459195,DWARF,0.00256298715,0.0377372876,719
TOI-4479,126606859,0.427389,0.012702,0.422022,0.0202638,3449.0,4.80176,0.00495294,5.40586,0.222462,0.0232870337,DWARF,0.00129637844,0.0527167,321
TOI-4487_A,193754373,1.68579,0.0802261,1.11,0.14729,6006.0,4.02978,0.0789011,0.231691,0.0501145,3.331544,DWARF,5.026609e-05,0.527464151,1272
TOI-4495,120826158,1.34071,0.0619347,1.171,0.170474,6156.0,4.25196,0.0864041,0.48591,0.112137,2.32571387,DWARF,0.00323322322,0.0713719949,463
TOI-4504,349972412,0.960919,0.0548341,0.9,0.10837,5271.0,4.42694,0.0814877,1.01434,0.238348,0.642156,DWARF,0.00181886728,0.0278961863,186
TOI-4507,179582003,1.97585,0.0913716,1.15,0.156888,6115.26,3.90726,0.081305,0.149086,0.0333011,4.91883469,DWARF,0.00245459424,0.249241158,9913
TOI-451,257605131,0.856226,0.0441055,0.96,0.124766,5481.0,4.55516,0.0796995,1.52935,0.33478,0.596088469,DWARF,0.00314684235,0.0352675319,34
TOI-4511,333674399,1.00145,0.0503166,1.017,0.126354,5708.0,4.44413,0.0791339,1.01259,0.221609,0.9591538,DWARF,0.0,0.0152532952,45
TOI-4513,408261725,0.796628,0.0397839,0.979,0.123907,5558.0,4.62634,0.076868,1.93649,0.420052,0.5456072,DWARF,0.0,0.0115642147,31
TOI-4515,456862677,0.874078,0.0473292,0.944,0.123632,5420.82,4.52994,0.0837945,1.41358,0.333306,0.5943676,DWARF,0.000906023255,0.00253530615,39
TOI-4527,380887434,0.485948,0.014338,0.483997,0.0202128,3702.0,4.74973,0.00748768,4.21768,0.197354,0.039959494,DWARF,0.0,0.070522815,36
TOI-4529,384888319,0.492759,0.0147634,0.490854,0.0203761,3611.0,4.74375,0.00799272,4.1025,0.198626,0.0371940769,DWARF,0.0,0.00184684247,37
TOI-4551,204650483,3.37691,,,,4956.0,,,,,,GIANT,,,
TOI-4559,271169413,0.426767,0.0128868,0.421338,0.020418,3476.0,4.80232,0.00517381,5.42073,0.228426,0.02395496,DWARF,0.003665794,0.01073822,142
TOI-4561,33716474,0.851957,0.0414372,1.0,0.123914,5631.0,4.57723,0.0756473,1.61714,0.341424,0.657463968,DWARF,0.004354477,0.00237136288,94
TOI-4562,349576261,1.25231,0.0545578,1.09,0.135063,5965.99,4.28007,0.0724984,0.554994,0.111025,1.78998816,DWARF,0.00218450418,0.08596165,188
TOI-4578,154474036,0.878735,0.0406809,1.077,0.138334,5917.0,4.58257,0.0759372,1.58724,0.333605,0.852739453,DWARF,0.00244948175,0.00395775447,36
TOI-4582,219854519,2.56935,,,,5234.0,,,,,,GIANT,,,
TOI-4588,48031665,1.57458,0.0364874,1.85,0.286597,7800.0,4.31091,0.0707776,0.47389,0.0832817,8.268035,DWARF,0.00327051361,0.00326245651,191
TOI-4600,232608943,0.831915,0.0509397,0.849,0.100353,5073.0,4.52682,0.0847453,1.47459,0.358299,0.412964046,DWARF,0.00320964353,0.0150417928,73
TOI-4602,467651916,1.15664,0.0530076,1.11,0.148627,6011.92,4.35699,0.0772514,0.717338,0.15267,1.57451534,DWARF,0.00442388654,0.00277818786,152
TOI-4603,437856897,2.68075,0.145367,1.176,0.164146,6169.06,3.65196,0.0848344,0.0610431,0.0140072,9.377442,DWARF,0.0,0.029234834,361
TOI-4633,307958020,1.5819,0.0978291,0.96,0.124546,5490.04,4.02198,0.0885438,0.242511,0.0617692,2.04812527,DWARF,0.0091615105,0.000268470321,52
TOI-4638,58824746,0.894563,0.0439874,1.015,0.130915,5700.0,4.54131,0.0794487,1.41786,0.302795,0.7610549,DWARF,0.00125930435,0.009153483,35
TOI-4640,337216118,1.06715,0.048892,1.1,0.142665,5978.0,4.42301,0.0767611,0.905146,0.186599,1.31029117,DWARF,0.0,4.73306227e-06,22
TOI-4641,436873727,1.75449,0.0650955,1.46,0.248129,6798.41,4.11412,0.083698,0.270334,0.0602195,5.924145,DWARF,0.00275545241,0.001119921,59
TOI-4662,166778944,0.69375,0.0545929,0.703,0.0760207,4481.0,4.60262,0.0933008,2.10545,0.58395,0.1748239,DWARF,0.0017887241,0.000881561951,37
TOI-4666,165202476,0.586633,0.0175904,0.577043,0.0203816,3666.0,4.66254,0.0107068,2.85831,0.156391,0.0560012273,DWARF,0.0007581443,0.00532073667,36
TOI-469,33692729,1.00528,0.0565427,0.91,0.118028,5283.0,4.39253,0.0858079,0.895725,0.216101,0.709242642,DWARF,0.004398067,0.0246977843,207
TOI-470,37770169,0.840971,0.0507437,0.862,0.109459,5122.0,4.52401,0.0862554,1.44932,0.355619,0.438545734,DWARF,0.00212485739,0.07120208,174
TOI-4734,97714451,1.75926,0.10653,1.06,0.133033,5854.0,3.97271,0.0848367,0.194678,0.0470393,3.27464628,DWARF,2.037781e-05,0.197649062,380
TOI-4747,235078021,0.988751,0.0506081,1.01,0.128202,5688.0,4.45222,0.0794178,1.04487,0.229129,0.9219484,DWARF,0.00113223458,0.0141257495,65
TOI-4773,415276070,1.48714,0.0654448,1.41,0.241322,6674.0,4.24259,0.0889942,0.428714,0.103057,3.95312381,DWARF,4.80940471e-05,0.438235432,853
TOI-4791,100389539,1.49214,0.0713668,1.093,0.140824,5964.0,4.12907,0.0790628,0.328999,0.0701988,2.53782749,DWARF,6.992324e-05,0.185247034,648
TOI-4794,95589845,1.39977,0.0683568,1.2,0.177601,6214.0,4.22514,0.0878801,0.437538,0.106192,2.63202548,DWARF,3.16676669e-05,0.5686035,683
TOI-480,317548889,1.50004,0.0580779,1.2,0.163384,6212.63,4.16504,0.0758095,0.355529,0.0701462,3.01995564,DWARF,0.004230523,0.00230491138,157
TOI-481,339672028,1.72816,0.0853266,1.04,0.129043,5803.0,3.97993,0.077536,0.201503,0.0429866,3.0512197,DWARF,0.00402762834,0.0217233971,185
TOI-4860,335590096,0.352907,0.0109618,0.337566,0.0205314,3237.0,4.87111,0.000541054,7.68029,0.248149,0.0123193,DWARF,0.0006726903,0.00756613445,54
TOI-4898,124235800,0.639344,0.0188944,0.619077,0.0202249,3830.0,4.61834,0.0114835,2.36887,0.132837,0.0792426541,DWARF,0.00105294434,0.0134421783,132
TOI-4914,49254857,1.04293,0.0548141,1.04,0.132074,5809.92,4.41859,0.0822109,0.916797,0.215616,1.11656034,DWARF,0.0005618863,0.02618024,114
TOI-4930,307221757,1.15926,0.121304,1.04,0.128199,5804.0,4.32674,0.109094,0.667558,0.221872,1.37393844,DWARF,0.0004228403,0.155419216,491
TOI-4940,237929468,1.17513,0.0628417,0.97,0.125745,5537.0,4.28467,0.0803161,0.59774,0.131084,1.16940725,DWARF,0.00139991706,0.0127233686,57
TOI-4961,420202798,0.969314,0.0592914,0.85,0.0967173,5078.0,4.39456,0.084778,0.93331,0.227482,0.5628519,DWARF,8.264198e-05,0.6438421,2988
TOI-4994,277128619,1.10771,0.0585679,0.97,0.1204,5520.0,4.33598,0.0756835,0.713658,0.152807,1.02637386,DWARF,0.000675033138,0.007467965,175
TOI-5005,282485660,0.971786,0.0454522,1.05,0.132959,5840.0,4.48412,0.0750023,1.14413,0.237391,0.989663959,DWARF,9.639158e-05,0.357001126,2404
TOI-5007,424196109,0.655522,0.0194574,0.631249,0.0202704,3757.0,4.60509,0.0118386,2.24098,0.127797,0.0771319,DWARF,0.000371863425,0.642877042,3312
TOI-5027,361711730,0.958173,0.0473115,1.06,0.130457,5845.94,4.50049,0.0766004,1.20497,0.251381,0.9660502,DWARF,0.00145991251,0.153037518,946
TOI-5076,303432813,0.850313,0.0705326,0.77,0.0950006,4794.37,4.4654,0.106564,1.25243,0.400807,0.344174266,DWARF,0.0,0.0132526327,50
TOI-5082,437011608,0.934718,0.041103,1.01,0.127915,5670.0,4.50103,0.0719451,1.23674,0.241265,0.8135577,DWARF,0.0,0.00831943,205
TOI-5108,350348197,1.32258,0.0657512,1.065,0.138975,5880.0,4.22257,0.0789296,0.460342,0.0990056,1.883865,DWARF,0.0,0.00354246958,26
TOI-5110,239977528,2.38245,0.117166,1.139,0.16475,6083.0,3.74054,0.0864602,0.0842272,0.0195451,7.00186157,DWARF,3.997855e-05,0.258510351,249
TOI-512,119292328,0.882675,0.048995,0.92,0.118252,5336.0,4.51025,0.0825465,1.33778,0.308446,0.569062,DWARF,0.006568203,0.00163491745,133
TOI-5126,27064468,1.24471,0.0578895,1.201,0.164762,6223.0,4.32747,0.081364,0.622781,0.137813,2.0933044,DWARF,0.00171555369,0.0573782176,24
TOI-5143,281837575,0.85412,0.0427136,0.91,0.11438,5296.38,4.53407,0.0772605,1.46044,0.31282,0.5171889,DWARF,0.0,0.000420044846,16
TOI-5153,124029677,1.38459,0.061191,1.29,0.198849,6408.0,4.26601,0.0868095,0.485983,0.11231,2.91226029,DWARF,0.000669737346,0.00766703347,159
TOI-5159,286712787,0.854084,0.0465779,0.9,0.115128,5259.0,4.52931,0.083653,1.44458,0.336834,0.502699554,DWARF,0.0,0.00114484318,27
TOI-5160,4165850,1.03315,0.0478819,1.003,0.128826,5653.33,4.41104,0.0749554,0.909507,0.188656,0.9822953,DWARF,0.00155368214,0.0082407305,95
TOI-5174,49428710,1.09457,0.0513442,1.0,0.125268,5643.77,4.35958,0.0736267,0.762555,0.156581,1.09511054,DWARF,0.0,0.0014398339,37
TOI-5181_A,346667887,1.66092,0.0875578,1.09,0.137298,5943.0,4.03479,0.0791261,0.237891,0.0530164,3.1003933,DWARF,0.0003605972,0.09292936,848
TOI-519,218795833,0.355309,0.0109591,0.34034,0.0204828,3324.0,4.86877,0.000630214,7.58742,0.245058,0.0138851693,DWARF,0.0004930373,0.110346012,399
TOI-5205,419411415,0.397586,0.012019,0.388752,0.0203937,3262.0,4.82888,0.00346163,6.18556,0.236405,0.01612474,DWARF,0.000835928367,0.198853418,428
TOI-521,27649847,0.420028,0.0125005,0.413895,0.0202719,3465.0,4.8084,0.00456974,5.58541,0.225138,0.02291206,DWARF,0.00130935619,0.0031216708,71
TOI-5210,265979849,1.28343,0.0657286,0.982,0.130795,5569.0,4.21343,0.0820573,0.464508,0.102515,1.42741156,DWARF,0.0005977279,0.04696359,383
TOI-5218,259172249,0.675707,0.0205381,0.646066,0.0205255,3937.0,4.58883,0.0126067,2.09412,0.124642,0.09882645,DWARF,0.000673301634,0.05176688,130
TOI-5238,219016883,1.02283,0.0496935,1.0,0.127538,5631.0,4.41846,0.0772061,0.934513,0.202437,0.9476473,DWARF,0.00137666718,0.0149830235,36
TOI-5261,402828941,1.04024,0.0548743,1.012,0.129194,5686.0,4.40898,0.0803343,0.899042,0.202342,1.019035,DWARF,5.04369455e-05,0.206922561,1000
TOI-5292_A,33397739,0.586386,0.0198289,0.576836,0.021779,3767.0,4.66275,0.0129779,2.86089,0.182577,0.0623798557,DWARF,0.0,0.0288940053,45
TOI-5293_A,250111245,0.502411,,0.545,,3692.0,4.77235,,4.29753,,0.0422532558,DWARF,,,
TOI-530,387690507,0.544769,0.0163464,0.540526,0.0203953,3566.0,4.69846,0.00967608,3.34333,0.175031,0.04323593,DWARF,0.000420432363,0.245958164,404
TOI-5300,267215820,0.734894,0.0671407,0.66,0.078633,4219.0,4.52516,0.109833,1.66291,0.548154,0.154163808,DWARF,0.0,0.00021786592,29
TOI-5301,58825110,2.31424,0.130553,1.29,0.204501,6418.0,3.81984,0.0942855,0.104079,0.0264831,8.186735,DWARF,0.000218028159,0.0040354887,34
TOI-532,144700903,0.623609,0.0186859,0.606938,0.0203687,3815.0,4.63139,0.011454,2.50269,0.141204,0.0742160156,DWARF,0.00069472,0.06070551,278
TOI-5322,336691874,1.42713,0.0769221,1.04,0.12878,5790.0,4.14617,0.078025,0.357801,0.0814388,2.0622282,DWARF,0.00026471,0.00380394282,49
TOI-5335,381360750,0.916633,0.0493819,0.945,0.121142,5427.0,4.48911,0.085342,1.227,0.285738,0.6566363,DWARF,0.0,0.0342398845,46
TOI-5340,14156936,1.69085,0.0790552,1.23,0.174195,6287.19,4.07176,0.0811121,0.254444,0.0562375,4.02466345,DWARF,0.0,0.02152329,100
TOI-5344,16005254,0.583413,0.0175619,0.57434,0.0204236,3575.0,4.66528,0.0107041,2.89228,0.158571,0.0500900075,DWARF,0.0,0.0436270051,80
TOI-5349,26054627,0.58619,0.0177529,0.576672,0.0204883,3640.0,4.66292,0.0108771,2.86295,0.158635,0.0543471836,DWARF,0.0,0.007019462,65
TOI-5350,68808155,1.1426,0.0930929,1.217,0.182249,6257.64,4.40757,0.114584,0.815851,0.273245,1.80353022,DWARF,0.0,0.1230641,186
TOI-5380,441587756,1.5621,0.068593,1.343,0.225945,6525.0,4.17872,0.0893338,0.352327,0.0822147,3.985077,DWARF,0.00123511418,0.0003573745,62
TOI-5386_A,202425357,1.4321,0.0706884,1.1,0.139107,5978.0,4.16751,0.0783686,0.37452,0.0785623,2.35973763,DWARF,0.000916304358,0.106138736,40
TOI-5388,407591297,0.312985,0.00937835,0.291486,0.0202015,3495.0,4.91164,0.00411282,9.50708,0.194731,0.0131683229,DWARF,0.007905054,0.002189433,34
TOI-5398,8260536,1.05318,0.0408542,1.113,0.142779,6017.1,4.43956,0.0718747,0.952772,0.186249,1.309929,DWARF,0.00251496653,0.0008865329,15
TOI-540,200322593,0.197117,0.00592568,0.166161,0.0200639,3130.0,5.06915,0.0265789,21.6949,0.671425,0.00335985259,DWARF,0.0162779279,0.04953622,63
TOI-5422,80611440,1.57294,0.112362,1.006,0.122035,5663.5,4.04724,0.0835794,0.258501,0.0629076,2.29328537,DWARF,0.0,0.379173726,364
TOI-544,50618703,0.663414,0.0607689,0.66,0.0812266,4220.0,4.61404,0.106643,2.26042,0.705898,0.125751853,DWARF,0.00472475868,0.009893992,134
TOI-5486,291109653,0.553216,0.0164339,0.548138,0.0202867,3654.0,4.69117,0.00972933,3.23747,0.168913,0.0491539426,DWARF,0.000914112839,0.005866708,35
TOI-5489,468983280,0.415961,0.012462,0.409377,0.0203315,3547.0,4.81209,0.00444354,5.68808,0.228749,0.02467429,DWARF,0.00199513114,0.003483884,61
TOI-5502,126322519,1.32375,0.0649598,1.244,0.194083,6317.0,4.28927,0.089257,0.536289,0.130909,2.51392722,DWARF,0.0009697135,0.002192093,43
TOI-5515,55275863,0.835682,0.044211,0.963,0.119884,5494.0,4.57761,0.0801547,1.65007,0.371709,0.5732329,DWARF,0.0,0.00318255415,32
TOI-5532,318836983,0.662052,0.0195767,0.636083,0.0202318,3975.0,4.5998,0.0118732,2.19198,0.12493,0.09858877,DWARF,0.00115896517,0.00023884984,30
TOI-5542,466206508,1.26929,0.0699698,0.94,0.114093,5392.9,4.20407,0.0796196,0.459669,0.104145,1.227739,DWARF,0.000468566577,0.02958888,173
TOI-5573,459762279,0.594373,0.0178468,0.583474,0.0203947,3695.0,4.65597,0.0109018,2.77872,0.153403,0.05932949,DWARF,0.0004465225,0.0327132344,38
TOI-558,207110080,1.76095,0.0741809,1.12,0.143013,6025.8,3.99579,0.0736734,0.205106,0.0401284,3.68338466,DWARF,0.000802420254,0.00317601277,41
TOI-559,209459275,1.20876,0.0551156,1.1,0.146335,5972.0,4.31478,0.0798218,0.622835,0.133362,1.67437875,DWARF,0.00132947217,0.001016692,25
TOI-5592,88529975,1.38318,0.0633618,1.25,0.187869,6331.0,4.25322,0.0868315,0.472359,0.107958,2.76912451,DWARF,0.00036017588,0.06685698,102
TOI-5595,302908969,0.743344,0.0686357,0.645,0.076854,4119.0,4.50525,0.107711,1.57032,0.518059,0.143298656,DWARF,0.000654685253,0.00927138049,112
TOI-5599,159160230,1.91334,0.0834975,1.21,0.178854,6246.0,3.95727,0.0855459,0.172746,0.0389173,5.01981735,DWARF,0.000472722255,0.00153524755,36
TOI-5605,252469648,0.736044,0.0641859,0.68,0.0802284,4374.76,4.53677,0.10576,1.70529,0.541927,0.178780019,DWARF,0.0017323381,0.001324674,28
TOI-561,377064495,0.840576,0.0452261,0.95,0.117329,5440.0,4.56664,0.0769921,1.59953,0.348974,0.557499468,DWARF,0.0031923526,1.53797428e-05,22
TOI-5614,148960849,0.734919,,0.674,,4313.0,4.53425,,1.69801,,0.168380424,DWARF,,,
TOI-5616,154220877,0.653297,0.0204339,0.629592,0.0208323,3927.0,4.60691,0.0128013,2.25802,0.137418,0.09144493,DWARF,0.000175765686,0.000205182369,35
TOI-5624,53498154,0.827372,0.0462211,0.923,0.117762,5342.0,4.56787,0.0809236,1.62967,0.374817,0.5022401,DWARF,0.00320081646,0.0499251038,28
TOI-5630,316416562,0.933361,0.0451131,0.934,0.111186,5382.41,4.46832,0.0745217,1.14868,0.233888,0.6587198,DWARF,0.00269024028,0.003178302,50
TOI-564,1003831,1.12196,0.0548141,0.977,0.122464,5550.0,4.32801,0.076482,0.691766,0.148089,1.07602763,DWARF,0.00118881289,0.0343523957,207
TOI-5678,209464063,0.942022,0.0493819,0.97,0.130808,5516.0,4.47672,0.0820106,1.16035,0.265763,0.74014,DWARF,0.0018761477,0.00247726683,24
TOI-5688_A,193634953,0.577963,0.0173754,0.569725,0.0204108,3588.0,4.66993,0.0105548,2.95097,0.160655,0.0498774834,DWARF,0.000518479734,0.0365305468,110
TOI-5713,219041246,0.292425,0.00864785,0.267999,0.020108,3271.0,4.93417,0.00695235,10.7174,0.145254,0.008819539,DWARF,0.003569233,0.0431925319,26
TOI-5716,298074836,0.225966,0.00682671,0.195335,0.0201068,3331.0,5.02076,0.0186139,16.9298,0.213146,0.005663429,DWARF,0.00463149045,0.0001544862,46
TOI-5720,230055368,0.37103,0.0109547,0.358453,0.0201653,3421.0,4.85368,0.00119494,7.01787,0.226549,0.0169873275,DWARF,0.0028142794,0.000188549879,15
TOI-5726,71582156,1.10649,0.0514447,1.064,0.131071,5874.0,4.37711,0.075839,0.785416,0.166383,1.313182,DWARF,0.003501759,0.00136727782,49
TOI-5728,219875976,0.375994,0.0111753,0.364151,0.0202226,3444.0,4.84899,0.00168107,6.85076,0.230189,0.0179188084,DWARF,0.00745150074,0.0114696249,58
TOI-5734,9989136,0.693766,0.0532161,0.74,0.0928749,4645.0,4.62487,0.0969687,2.21612,0.651969,0.201866046,DWARF,0.007353706,0.0158035029,85
TOI-5736,310380289,0.579535,0.017258,0.571061,0.0203095,3949.0,4.66859,0.0104214,2.93389,0.157983,0.07358725,DWARF,0.001802051,0.0005200702,29
TOI-5777,459189798,0.671912,0.0621131,0.658,0.0802132,4208.0,4.60167,0.108672,2.16915,0.710703,0.127532855,DWARF,0.00166242558,0.006174572,52
TOI-5786,40292751,1.33475,0.0598643,1.227,0.177094,6280.0,4.27611,0.0831586,0.515991,0.117663,2.49651814,DWARF,0.000162225333,0.920019567,2603
TOI-5788,42883782,0.856048,0.0412286,1.01,0.125785,5664.0,4.57739,0.0765695,1.61,0.338104,0.6794918,DWARF,0.00449121138,0.019576773,738
TOI-5795,151724385,1.05042,0.0539698,1.017,0.128916,5708.0,4.40266,0.0764468,0.877468,0.192711,1.05525374,DWARF,0.00154013827,0.006635313,286
TOI-5800,151759246,0.817034,0.0545729,0.78,0.0973801,4821.0,4.50568,0.091368,1.43012,0.378264,0.32488066,DWARF,0.00553310243,0.00600834424,302
TOI-5803,466382581,0.76251,0.0450654,0.87,0.10319,5134.0,4.6131,0.0849209,1.96238,0.480927,0.363922447,DWARF,0.00308987522,0.00379180675,80
TOI-5882,232941965,2.34691,0.114874,1.017,0.129447,5706.0,3.7044,0.0786548,0.0786745,0.0172173,5.260333,DWARF,4.83866825e-05,0.09367175,1530
TOI-5916,305506996,0.485679,0.0158766,0.483724,0.0213656,3504.0,4.74997,0.00920902,4.22231,0.227859,0.0320368446,DWARF,0.0002415903,0.0838325545,105
TOI-5926,372831381,0.890046,0.0475125,0.946,0.114021,5430.0,4.51513,0.0769384,1.3417,0.298487,0.6204673,DWARF,0.000665065658,0.142327949,535
TOI-5938,452508760,0.742316,0.0623242,0.698,0.08399,4452.0,4.54074,0.101031,1.70643,0.503851,0.195026413,DWARF,0.000133370369,1.5296607,1074
TOI-6000,259233660,0.377509,0.0112296,0.365888,0.0202309,3419.0,4.84756,0.00180738,6.8009,0.230663,0.01754469,DWARF,0.00485743536,0.025921097,136
TOI-6016,327369524,1.57165,0.0766131,1.044,0.130579,5807.0,4.06406,0.0766699,0.268928,0.0576903,2.53052831,DWARF,5.20066278e-05,0.284616679,555
TOI-6029,419523962,2.55042,,1.057,,5852.0,3.64892,,0.0637145,,6.87284136,DWARF,,,
TOI-6034,388076422,0.497905,0.0149054,0.495981,0.0203684,3628.0,4.73924,0.00816489,4.01814,0.196042,0.0386951752,DWARF,0.00133159733,0.7313831,244
TOI-6038_A,194736418,1.62119,0.0761382,1.239,0.185961,6305.0,4.11147,0.087956,0.290785,0.0691358,3.7419827,DWARF,0.00141926145,0.145034239,207
TOI-6041,192415680,0.845239,0.0538894,0.93,0.11972,5358.99,4.55259,0.0901946,1.54008,0.40383,0.5308669,DWARF,0.00425021537,0.007574516,198
TOI-6054,392681545,1.61211,0.0704171,1.15,0.15759,6111.67,4.08398,0.0776287,0.274484,0.0582732,3.26679277,DWARF,0.000332435651,0.00318604568,497
TOI-6080,116048097,1.06221,0.0538694,1.01,0.123906,5680.0,4.38997,0.0778482,0.842738,0.182098,1.05805254,DWARF,0.001997816,0.009111427,109
TOI-6086,18318288,0.256456,0.00765628,0.227881,0.0201097,3300.0,4.97775,0.0124862,13.5104,0.0346886,0.00702710124,DWARF,0.004601486,0.06769309,148
TOI-6109,384984325,0.953223,0.0610553,1.032,0.131422,5763.31,4.49336,0.0896476,1.1915,0.310043,0.903175354,DWARF,0.00172749907,0.022303069,253
TOI-6130,210083929,1.17188,0.0585125,1.094,0.138896,5967.0,4.33932,0.0801399,0.679772,0.15579,1.56851375,DWARF,0.00109490356,0.09800564,58
TOI-615,190496853,1.70396,0.0585679,1.7,0.271171,7437.0,4.2056,0.0783032,0.343613,0.0691663,8.002132,DWARF,0.000105408071,0.06848973,673
TOI-622,83092282,1.4072,0.0580025,1.42,0.235839,6706.0,4.29364,0.0851422,0.509591,0.113626,3.60794425,DWARF,0.0003870749,0.0699245855,1030
TOI-6223,288144647,0.599111,0.0178006,0.587363,0.0202831,3909.0,4.65196,0.0108116,2.7314,0.149358,0.07550435,DWARF,0.0008909187,0.004646026,81
TOI-628,281408474,1.38398,0.0655678,1.179,0.161577,6174.0,4.22732,0.0847723,0.444763,0.100966,2.50736833,DWARF,0.000152998982,0.03566526,474
TOI-6303,186810676,0.627514,0.0186518,0.60998,0.0202845,3848.0,4.62814,0.0113774,2.46857,0.138245,0.07778248,DWARF,0.0006139548,0.119903341,194
TOI-6330,308120029,0.475482,0.0144809,0.473309,0.0205459,3522.0,4.75894,0.00759706,4.40294,0.21133,0.0313415378,DWARF,0.000565131835,0.103937566,310
TOI-6383_A,328513434,0.456749,0.0138268,0.453737,0.0204697,3425.0,4.77552,0.00669625,4.7618,0.217769,0.0258637927,DWARF,0.000338776881,0.0816937,407
TOI-6393,147821208,0.766023,0.0487387,0.835,0.0973347,5022.0,4.59127,0.0860095,1.85764,0.471791,0.336267471,DWARF,0.00119980436,0.0002502159,28
TOI-640,147977348,2.08785,0.0947261,1.3,0.209691,6442.0,3.91261,0.0899144,0.142839,0.0344448,6.76357365,DWARF,0.0009837336,0.03743989,190
TOI-6420,143526233,1.37262,0.0718191,1.1,0.144765,5994.0,4.20436,0.081486,0.425342,0.0966729,2.19111156,DWARF,0.000279754953,0.199622259,385
TOI-6448,320411045,0.959247,0.0477588,1.08,0.133998,5920.0,4.50763,0.0808558,1.22358,0.272218,1.01822138,DWARF,6.479202e-05,0.346636,590
TOI-6478,332657786,0.234967,0.00708222,0.204775,0.0201127,3275.0,5.00733,0.0166054,15.7854,0.127179,0.00572207663,DWARF,0.002461916,0.688607156,49
TOI-654,35009898,0.427953,0.0127854,0.422643,0.0203147,3424.0,4.80125,0.0050666,5.39244,0.224166,0.0226788949,DWARF,0.00143131253,0.0216518883,45
TOI-6564,453668803,1.71105,0.0789799,1.07,0.135146,5904.0,4.00093,0.0741751,0.213597,0.0442412,3.20483637,DWARF,0.000135230366,0.07330675,2156
TOI-6628,75650448,1.09145,0.0631758,0.9,0.112219,5265.0,4.3163,0.0834991,0.692194,0.164049,0.8247041,DWARF,0.0004003864,0.09304123,350
TOI-663,54962195,0.512361,0.0152398,0.510139,0.0203013,3664.0,4.7266,0.00855101,3.7928,0.187702,0.0426254235,DWARF,0.00151206681,0.0295175742,44
TOI-6651,174328045,1.80219,0.0787688,1.047,0.132419,5818.93,3.94641,0.0748587,0.178874,0.0358544,3.35480618,DWARF,0.001103673,0.003697167,62
TOI-6677,62085710,1.57167,0.0766281,1.45,0.239293,6760.0,4.20671,0.0854082,0.373493,0.0862619,4.647344,DWARF,0.0007658531,0.0229577962,313
TOI-669,124573851,0.989198,0.041809,0.996,0.127635,5624.98,4.44576,0.0724451,1.02899,0.206297,0.8825623,DWARF,0.00171610515,0.00409474131,44
TOI-6692,324609409,1.36681,0.0608467,1.12,0.151447,6047.0,4.21587,0.0777621,0.438629,0.0947312,2.250446,DWARF,0.000920989434,0.0311290827,126
TOI-6695,118339710,1.56229,0.0697462,1.154,0.158863,6118.81,4.11275,0.080883,0.302637,0.0679595,3.08237529,DWARF,0.000961329148,0.0184896812,353
TOI-6699,341405597,0.75309,0.0541985,0.75,0.0926258,4716.0,4.55944,0.095875,1.75599,0.496749,0.25274533,DWARF,0.002934963,0.0261757318,100
TOI-6707,287328202,1.58202,0.0733417,1.14,0.147528,6088.34,4.09655,0.0793673,0.287918,0.062763,3.098238,DWARF,0.000834565435,0.08565836,187
TOI-672,151825527,0.544068,0.016274,0.539888,0.0203613,3659.0,4.69906,0.009602,3.35231,0.17461,0.04780251,DWARF,0.00186320546,0.0956793,206
TOI-674,158588995,0.421944,0.0125279,0.416017,0.0202508,3411.0,4.80667,0.00463955,5.53792,0.223727,0.02171357,DWARF,0.00238707452,0.0397271067,179
TOI-677,280206394,1.28844,0.0583417,1.18,0.165057,6174.0,4.28982,0.081982,0.551685,0.123282,2.17314458,DWARF,0.000300305634,0.09725846,1411
TOI-682,429304876,1.08433,0.0691734,0.85,0.100848,5085.0,4.29716,0.0884885,0.666704,0.172065,0.7082436,DWARF,0.00290252571,0.000713517657,69
TOI-6894,67512645,0.222121,0.00681524,0.191349,0.0201393,3133.0,5.02671,0.0192201,17.4605,0.235854,0.004282679,DWARF,0.000488424848,0.00114186783,35
TOI-6954,443607377,0.947112,0.0641232,0.834,0.0980547,5019.9,4.40643,0.0918797,0.981663,0.263255,0.513189137,DWARF,0.000696148141,0.0146771409,41
TOI-697,77253676,0.968149,0.0515628,0.97,0.12804,5519.0,4.45295,0.0823976,1.06892,0.245978,0.7834672,DWARF,0.00448229443,0.000164610348,42
TOI-700,150428135,0.419457,0.0125728,0.413261,0.0203393,3494.0,4.80892,0.0046511,5.59967,0.227958,0.023624422,DWARF,0.0167746972,0.0109307412,252
TOI-7008,335661164,0.95255,0.0560352,0.88,0.101644,5170.0,4.42478,0.0846747,1.01817,0.243453,0.5840259,DWARF,0.000693049747,0.0004935046,43
TOI-7009,405837291,0.669179,0.0604523,0.662,0.0801644,4231.0,4.60784,0.106176,2.20918,0.712098,0.1292858,DWARF,0.00108409312,0.5847841,320
TOI-7041,201175570,4.21059,,,,4696.0,,,,,,GIANT,,,
TOI-707,167342439,1.02101,0.0503342,0.94,0.11495,5409.22,4.39313,0.0723827,0.883151,0.180588,0.8040725,DWARF,0.00753839966,0.005436172,199
TOI-712,150151262,0.720461,0.0754372,0.71,0.0851576,4504.0,4.5741,0.121795,1.89857,0.684341,0.192446232,DWARF,0.0128973536,0.03746708,732
TOI-715,271971130,0.229824,0.0068728,0.199363,0.0200854,3187.0,5.01492,0.0179206,16.4232,0.185712,0.00490923366,DWARF,0.007715307,0.0201626271,163
TOI-7155,468350765,0.670748,0.0460101,0.755,0.0972519,4718.0,4.6629,0.0946149,2.5019,0.720858,0.200837538,DWARF,0.00172591524,0.04554355,173
TOI-7166,288421619,0.223377,0.00678566,0.192648,0.0201168,3166.0,5.02476,0.0191223,17.2842,0.234864,0.004516638,DWARF,0.00256656623,0.00297124917,127
TOI-733,106402532,0.937681,0.0458292,1.01,0.131692,5667.0,4.49828,0.0764683,1.22506,0.263216,0.8169922,DWARF,0.00505999243,0.0113200508,276
TOI-7333,160585062,0.666066,0.0481784,0.721,0.0835645,4568.0,4.64897,0.0907296,2.43996,0.656708,0.174034059,DWARF,0.003362222,0.002091048,58
TOI-7384,192833836,0.313932,0.00949836,0.292574,0.0202594,3211.0,4.91063,0.00383295,9.45647,0.20255,0.009439024,DWARF,0.00162238721,0.0189101323,75
TOI-7510,118798035,1.079,0.0553267,0.99,0.125889,5586.0,4.36766,0.078412,0.788089,0.169495,1.02126455,DWARF,0.0007947573,0.0866650045,777
TOI-756,73649615,0.507628,0.0151246,0.505544,0.020319,3533.0,4.73074,0.00842225,3.86476,0.190309,0.03617099,DWARF,0.00118690741,0.307333559,353
TOI-757,130924120,0.7643,0.041005,0.92,0.11236,5335.0,4.63533,0.0794905,2.06061,0.451157,0.426344365,DWARF,0.005515322,0.00364753744,144
TOI-771,277634430,0.241857,0.00727155,0.2121,0.0201145,3306.0,4.99749,0.015188,14.9922,0.0731877,0.0062954016,DWARF,0.00715641165,0.203079045,647
TOI-776,306996324,0.533024,0.0157771,0.52973,0.0202495,3747.0,4.70863,0.00910761,3.49796,0.177102,0.0504571833,DWARF,0.006745662,0.010056,172
TOI-778,335630746,1.67723,0.0684875,1.428,0.243124,6715.0,4.14361,0.0854414,0.302656,0.066465,5.153053,DWARF,0.00176653534,0.0256156474,67
TOI-782,429358906,0.406516,0.0122887,0.398817,0.0204054,3320.0,4.82069,0.00402483,5.93664,0.234608,0.0180884916,DWARF,0.00157200918,0.004624526,58
TOI-799,255685030,0.915519,0.047407,1.0,0.129836,5624.0,4.51473,0.0848151,1.30316,0.307732,0.7554588,DWARF,0.00436713127,0.008331781,133
TOI-808,30122649,0.833198,0.0491985,0.87,0.106442,5154.0,4.53609,0.0835244,1.50409,0.361146,0.441335142,DWARF,0.0003722968,0.0367997251,306
TOI-813,55525572,2.04354,0.0984121,1.05,0.130094,5823.7,3.83849,0.0747553,0.123038,0.0254705,4.327707,DWARF,0.00314009283,0.01725474,82
TOI-815,102840239,0.759387,0.0426181,0.82,0.0943077,4953.89,4.59095,0.0807009,1.87251,0.430256,0.312900931,DWARF,0.00543823745,0.158261374,458
TOI-836,440887364,0.691028,0.0607689,0.66,0.077312,4250.0,4.57862,0.102003,2.00013,0.614234,0.1403593,DWARF,0.006861278,0.00257049361,140
TOI-837,460205581,1.00693,0.0438694,1.15,0.157036,6104.0,4.49276,0.0810466,1.12641,0.242476,1.26810348,DWARF,0.000328209862,0.129885986,1477
TOI-849,33595516,0.922861,0.0538191,0.914,0.108529,5311.0,4.46874,0.084501,1.16289,0.28354,0.610481,DWARF,0.000910652569,0.000809610065,21
TOI-858_B,198008005,1.29747,0.0636332,1.06,0.128916,5857.0,4.23718,0.0769844,0.485302,0.103093,1.784807,DWARF,0.00147244183,1.14741242,38
TOI-871,219344917,0.732189,0.0451432,0.81,0.0974807,4917.0,4.61731,0.088057,2.06355,0.53409,0.2823201,DWARF,0.007549594,0.00260085962,52
TOI-880,34077285,0.816999,0.0517714,0.81,0.0991949,4935.0,4.52211,0.0881554,1.48532,0.389319,0.356685877,DWARF,0.00456651673,0.155557737,236
TOI-883,123846039,1.01477,0.0507312,1.003,0.123357,5651.0,4.42663,0.0742726,0.95983,0.202976,0.9460926,DWARF,0.000302568777,0.0429919921,546
TOI-892,66561343,1.355,0.0438995,1.82,0.307281,7723.0,4.43426,0.0812964,0.731573,0.147761,5.884571,DWARF,0.0007380092,0.00295655453,107
TOI-904,261257684,0.532439,0.0157936,0.529185,0.0202724,3751.0,4.70914,0.00912688,3.50589,0.177883,0.05056182,DWARF,0.00677042268,0.00592046836,120
TOI-905,261867566,1.00018,0.0521105,0.93,0.120097,5377.0,4.4064,0.0810008,0.929501,0.216056,0.753373265,DWARF,0.00181841059,0.125608087,1089
TOI-907,305424003,2.05979,0.0922839,1.2,0.172843,6224.0,3.8896,0.0866262,0.137312,0.0317441,5.73615646,DWARF,0.0007169211,0.6010902,783
TOI-908,350153977,1.05236,0.0594975,0.96,0.125324,5500.0,4.37601,0.0841293,0.823723,0.199609,0.913003,DWARF,0.00257521053,0.040530555,100
TOI-913,407126408,0.732535,0.0488442,0.82,0.0972518,4969.0,4.62222,0.0885404,2.08607,0.541938,0.294732064,DWARF,0.005956817,0.0288607385,313
TOI-921,278775625,1.14165,0.0505126,1.13,0.150113,6055.47,4.37608,0.0795098,0.759408,0.165401,1.57890153,DWARF,0.00307617243,0.0144269671,118
TOI-929,175532955,0.717414,0.0572714,0.7,0.0881281,4451.0,4.57163,0.0994895,1.89578,0.554496,0.181997091,DWARF,0.00176172075,0.149977565,31
TOI-938,332660150,0.985134,0.0485226,1.1,0.146506,5981.0,4.49247,0.0805409,1.15055,0.260889,1.11887181,DWARF,0.00126736844,0.0344317071,47
TOI-941,408137826,1.1849,0.0592562,1.078,0.138831,5920.0,4.32332,0.0790559,0.647995,0.140595,1.55362582,DWARF,0.000745306141,0.0212844275,143
TOI-942,146520535,0.910128,0.0568267,0.814,0.0972503,4945.0,4.43049,0.0877188,1.07973,0.273786,0.44623673,DWARF,0.00140536891,0.00254698447,68
TOI-954,44792534,1.93283,0.095598,1.03,0.126389,5756.0,3.87852,0.0748176,0.142644,0.0286644,3.69459462,DWARF,0.001059837,0.0142486384,31
TOI-969,280437559,0.823845,0.081608,0.66,0.0799349,4249.11,4.42592,0.112687,1.18034,0.404556,0.199332312,DWARF,0.001832322,0.01733961,247
TYC_0434-04538-1,398118692,11.2526,,,,4679.0,,,,,,GIANT,,,
TYC_1422-614-1,95361265,9.85426,,,,4806.0,,,,,,GIANT,,,
TYC_3318-01333-1,116376087,11.2633,,,,4776.0,,,,,,GIANT,,,
TYC_3667-1280-1,312545949,9.53461,,,,5130.0,,,,,,GIANT,,,
TYC_4282-00605-1,13105061,11.4024,,,,4505.0,,,,,,GIANT,,,
TYC_8998-760-1,449888653,1.01908,0.0777387,0.74,0.0887709,4664.0,4.29088,0.0947974,0.69921,0.191821,0.44273594,DWARF,0.000214445157,0.833716869,9099
TrES-1,120757718,0.857369,0.045686,0.896,0.107192,5242.82,4.52404,0.0808874,1.42169,0.317636,0.5003682,DWARF,0.00180624076,0.430488676,444
TrES-2,399860444,1.01613,0.0402412,1.057,0.133502,5854.0,4.44824,0.070759,1.00745,0.196112,1.09246325,DWARF,0.0022091663,0.034775462,185
TrES-3,116264089,0.820181,0.0486935,0.962,0.132489,5489.0,4.59342,0.0885229,1.7436,0.419843,0.550157666,DWARF,0.00133857026,0.08609498,139
TrES-4,159742538,2.00852,0.104535,1.18,0.163107,6184.0,3.9042,0.0873166,0.145631,0.0342731,5.31526041,DWARF,0.0005288233,0.0298913661,156
TrES-5,233948455,0.910631,0.0567311,0.86,0.0996368,5115.0,4.45388,0.081923,1.13886,0.271874,0.5114022,DWARF,0.0007929724,0.0382222123,312
UCAC3_113-933,63726082,0.564484,0.0167419,0.558098,0.0202687,3864.0,4.68147,0.00998943,3.10281,0.163605,0.06399506,DWARF,0.00290238718,0.0007116702,25
UCAC4_328-061594,168071263,,,,,,,,,,,,,,
USco1556_A,77534376,0.668108,0.0204236,0.640531,0.0205845,3348.0,4.59491,0.0125989,2.14783,0.128176,0.0505277365,DWARF,0.0,0.04226033,427
USco1621_A,322928241,0.805924,,0.425,,3441.0,4.25387,,0.811906,,0.08203931,DWARF,,,
UZ_For,144622139,,,,,,,,,,,,,,
V0391_Peg,397595169,0.202,0.024,0.47,0.03,29300.0,5.49946,0.0759298,57.0222,17.351,27.0936756,DWARF,0.0,0.27731666,143
V1298_Tau,15756231,1.2704,0.111726,0.873,0.105189,5159.64,4.1712,0.10678,0.425783,0.127649,1.0305202,DWARF,0.0,0.3149988,87
V830_Tau,268397995,1.50009,,,,3922.97,,,,,,GIANT,,,
VHS_J125601.92-125723.9,2470992,,,,,,,,,,,DWARF,,,
WASP-1,57984377,1.56419,0.0777889,1.153,0.156216,6116.0,4.11132,0.0780515,0.301273,0.0647155,3.084214,DWARF,0.000490721548,0.0396667048,58
WASP-10,431701493,0.750341,0.0524523,0.754,0.0873359,4713.98,4.56492,0.0886398,1.78482,0.46059,0.250474364,DWARF,0.00119868992,0.005344672,76
WASP-100,38846515,1.77457,0.0795,1.44,0.243534,6733.0,4.09825,0.0922916,0.257683,0.0618424,5.8306,DWARF,0.0029050787,0.06877991,87
WASP-101,47911178,1.34556,0.0625502,1.277,0.202523,6386.0,4.28645,0.090475,0.524179,0.127411,2.712802,DWARF,0.00183310884,0.034014158,335
WASP-102,51637609,1.47445,0.0883114,1.05,0.129847,5838.0,4.122,0.0822293,0.327565,0.0772635,2.27516341,DWARF,0.0002702216,0.0316805542,70
WASP-104,393495970,0.965222,0.0564422,0.91,0.109865,5306.0,4.42785,0.0834702,1.01195,0.236885,0.6653012,DWARF,0.0,0.8615187,36
WASP-105,158623531,,,,,,,,,,,DWARF,,,
WASP-106,53189332,1.41549,0.0622965,1.24,0.190383,6303.0,4.22968,0.085448,0.437223,0.099526,2.84902787,DWARF,0.000543724746,0.00139579817,34
WASP-107,429302040,0.719536,0.0650779,0.66,0.0799695,4251.0,4.54351,0.103387,1.77168,0.538243,0.152322546,DWARF,0.00220317137,0.004860463,43
WASP-108,404340025,1.34415,0.0706784,1.1,0.137196,5975.76,4.22256,0.079578,0.452948,0.100877,2.07569385,DWARF,0.0009114633,0.203622922,574
WASP-11,85593751,0.82064,0.0690754,0.809,0.101693,4926.0,4.51771,0.104576,1.46383,0.460769,0.357254565,DWARF,0.00130719645,0.0414610356,102
WASP-110,425817867,0.863922,0.0462512,0.95,0.128189,5443.0,4.54284,0.0835976,1.47333,0.342674,0.590196669,DWARF,0.0006227059,0.06750036,162
WASP-113,310003988,1.72829,0.0898944,1.08,0.13826,5939.34,3.99626,0.0808209,0.209206,0.0472674,3.34873486,DWARF,0.0006158459,0.0259100962,33
WASP-114,466390120,1.41021,0.089118,1.07,0.136216,5887.35,4.16889,0.0876321,0.381537,0.0941019,2.15247774,DWARF,0.000289873977,0.07382967,113
WASP-116,332911893,1.58012,0.0778593,1.15,0.158305,6110.0,4.10139,0.0818255,0.291493,0.0636737,3.13501239,DWARF,0.0002565033,0.0191360079,29
WASP-117,166739520,1.27527,0.0584674,1.1,0.135624,5984.9,4.26826,0.0737399,0.53038,0.107413,1.87986219,DWARF,0.00260242843,0.0002767702,31
WASP-118,380907135,1.81133,0.0965576,1.29,0.195838,6404.0,4.03266,0.0861591,0.21707,0.0520529,4.97156763,DWARF,0.0,8.344507e-05,19
WASP-119,388104525,1.13732,0.0577764,1.0,0.121147,5650.0,4.3263,0.0738158,0.679754,0.140611,1.18755519,DWARF,0.00174567569,0.0460761972,55
WASP-12,86396382,1.74942,0.0811608,1.17,0.160593,6154.0,4.02046,0.0803026,0.218526,0.0483791,3.954701,DWARF,3.52197676e-05,0.0336417332,291
WASP-120,152476657,1.68443,0.07301,1.36,0.222003,6572.0,4.1187,0.0862491,0.284562,0.0647954,4.76861763,DWARF,0.00106546364,0.064713,40
WASP-121,22529346,1.52253,0.0604824,1.45,0.25252,6776.0,4.23431,0.0876433,0.41084,0.0955419,4.40269232,DWARF,0.00155464082,0.1383218,295
WASP-123,31858843,1.22026,0.0644121,1.025,0.126686,5737.0,4.27589,0.0778861,0.56412,0.122641,1.45323467,DWARF,0.00101844128,0.0611439422,716
WASP-124,97409519,1.05985,0.0531959,1.17,0.16258,6147.0,4.45576,0.0852356,0.982761,0.224926,1.44490588,DWARF,0.000400521967,0.0231135357,49
WASP-126,25155310,1.24175,0.0610804,1.01,0.123355,5675.54,4.25432,0.0768179,0.527499,0.111993,1.44141793,DWARF,0.00417261664,0.0260740723,135
WASP-127,169226822,1.34736,0.0593367,1.05,0.130177,5828.01,4.20029,0.0706593,0.42928,0.0822639,1.88686943,DWARF,0.00146809255,0.1743141,31
WASP-129,61538902,1.12783,0.0532764,1.1,0.145172,5977.0,4.37497,0.0803111,0.766755,0.165784,1.46257544,DWARF,0.0007655875,0.06320312,226
WASP-13,8767448,1.58536,0.0895476,1.076,0.133346,5914.0,4.06962,0.0859861,0.270039,0.0640433,2.76998448,DWARF,0.0009899477,0.0169232357,48
WASP-130,243200602,1.05922,0.0569071,0.99,0.124152,5603.0,4.38373,0.0812986,0.83305,0.189963,0.996215165,DWARF,0.001438922,0.0284692589,310
WASP-131,271168962,1.95757,0.0975076,1.01,0.127613,5678.5,3.85895,0.0794955,0.134638,0.0291633,3.58975434,DWARF,0.0009894632,0.009259533,172
WASP-132,127530399,0.789877,0.0568267,0.76,0.0892047,4742.0,4.52376,0.094253,1.54218,0.424881,0.2842237,DWARF,0.00142365368,0.07218109,816
WASP-133,92449173,1.56233,0.0886432,1.0,0.125278,5646.0,4.05052,0.0824235,0.262227,0.0610568,2.23463368,DWARF,0.000218724643,0.0232178662,97
WASP-135,308172249,0.934977,0.0597739,0.82,0.0960542,4984.0,4.41028,0.0852564,1.00325,0.249788,0.485969067,DWARF,0.000634483644,0.3057494,196
WASP-136,176220787,2.39014,0.115251,1.13,0.14807,6067.2,3.7343,0.0796622,0.0827582,0.0182286,6.974175,DWARF,0.000692738337,7.85106749e-05,33
WASP-138,35857242,1.42158,0.0690252,1.25,0.187365,6336.0,4.22943,0.0872084,0.435106,0.102147,2.93426,DWARF,0.000448087318,0.00812699553,38
WASP-139,159951311,0.846671,0.0549573,0.87,0.106212,5151.0,4.52216,0.0903798,1.43343,0.371302,0.454663426,DWARF,0.001183538,0.009451731,31
WASP-14,347430350,1.32635,0.0666332,1.312,0.209995,6458.0,4.31068,0.0923048,0.562286,0.136262,2.75679517,DWARF,0.00217980216,0.00198305654,27
WASP-140,178284730,0.844379,0.0442312,0.924,0.108329,5348.0,4.55066,0.0811729,1.53483,0.353554,0.5254545,DWARF,0.00241500139,0.155450031,29
WASP-141,117979897,1.35143,0.0649749,1.118,0.139958,6030.0,4.22492,0.0783589,0.452964,0.0973317,2.17545247,DWARF,0.000369906629,0.0224820022,59
WASP-142,423275733,1.70948,0.0996984,1.1,0.137248,5980.0,4.01373,0.0820327,0.220191,0.0507669,3.36687946,DWARF,0.000214579486,0.225422218,161
WASP-144,207077681,1.21163,0.0878214,0.81,0.0967955,4927.0,4.17981,0.090529,0.455379,0.120915,0.7794103,DWARF,0.000325039931,0.0190737359,85
WASP-145_A,381856447,0.701795,0.0530779,0.75,0.0887353,4683.0,4.62071,0.0940297,2.16985,0.603991,0.213408664,DWARF,0.00242526457,0.221614555,64
WASP-147,114749636,1.3409,0.0648392,1.07,0.135664,5909.0,4.21266,0.0748174,0.443805,0.0947381,1.97490013,DWARF,0.000373405172,0.0195224043,40
WASP-148,115524421,0.943231,0.0495276,0.95,0.119232,5455.0,4.46656,0.0814357,1.13206,0.256463,0.709757149,DWARF,0.00133529934,0.0140836975,67
WASP-149,19342878,1.06702,0.0618166,1.023,0.125001,5729.25,4.3916,0.0836248,0.842101,0.198531,1.10516453,DWARF,0.00110402773,0.07459475,192
WASP-15,111991770,1.50321,0.0615879,1.176,0.152175,6169.0,4.15443,0.0739079,0.346216,0.070057,2.94845176,DWARF,0.000798096531,0.00273015769,173
WASP-150,321668398,1.63591,0.0772688,1.24,0.193855,6310.0,4.10397,0.0906479,0.283232,0.0684158,3.82236338,DWARF,0.00103628333,0.12925832,86
WASP-151,262662119,1.1971,0.0636783,1.06,0.12834,5846.0,4.30711,0.0785875,0.617897,0.133279,1.50795949,DWARF,0.0,0.007092897,30
WASP-153,157586003,1.69483,0.0842764,1.05,0.129602,5835.0,4.00101,0.0748531,0.215681,0.0453679,2.9999218,DWARF,0.000380825775,0.04365271,223
WASP-154,857186,0.819373,0.0569799,0.771,0.0953452,4780.0,4.49816,0.0949723,1.40155,0.376889,0.315769047,DWARF,0.0,0.01363879,70
WASP-155,100909102,1.22364,0.0698894,1.01,0.131007,5660.49,4.26708,0.0856315,0.551265,0.131406,1.38489854,DWARF,0.000420271273,0.120359391,95
WASP-156,270380593,0.84738,0.0548341,0.811,0.10253,4936.0,4.49093,0.0869296,1.33287,0.340187,0.384018,DWARF,0.00142399408,0.00162014342,25
WASP-158,37718056,1.53389,0.0791985,1.21,0.173333,6239.0,4.14926,0.0855296,0.335276,0.0773207,3.21176267,DWARF,0.000292270939,0.0039245123,30
WASP-159,77156657,2.03885,0.0942312,1.1,0.145795,5977.0,3.86069,0.0827593,0.129788,0.02904,4.779683,DWARF,0.000303481327,0.00194177788,47
WASP-16,46096489,1.07065,0.0530276,1.02,0.124764,5717.37,4.38737,0.0747319,0.831111,0.175885,1.10350418,DWARF,0.001026596,0.00328044267,74
WASP-160_B,32949762,0.874601,0.0524171,0.873,0.109236,5160.0,4.49546,0.0865341,1.30492,0.315858,0.4885553,DWARF,0.000667272252,0.597936749,109
WASP-161,50712784,1.59468,0.0732286,1.289,0.199609,6410.0,4.14297,0.0878866,0.317856,0.0737443,3.86789775,DWARF,0.0007212946,0.168628573,201
WASP-162,308098254,1.20434,0.0630905,0.958,0.12502,5473.0,4.25794,0.0798614,0.548431,0.120645,1.17244375,DWARF,0.0005049154,0.0104239443,55
WASP-163,145368316,1.14583,0.0675477,1.318,0.329791,6472.0,4.43974,0.148889,0.876097,0.309701,2.075348,DWARF,0.000483040872,0.08933577,347
WASP-164,237320326,0.97906,0.0524221,1.0,0.131861,5627.0,4.45645,0.0841219,1.06555,0.247163,0.865806341,DWARF,0.0007068246,0.00177684741,55
WASP-165,228381868,1.77738,0.128781,0.98,0.1238,5570.3,3.92973,0.0898075,0.174536,0.0458961,2.7401247,DWARF,0.000190894425,0.00852007,27
WASP-166,408310006,1.25279,0.0554422,1.141,0.147016,6086.0,4.2996,0.079307,0.580304,0.12268,1.939884,DWARF,0.00291471253,0.00567537127,90
WASP-167,104024556,1.94225,0.0844824,1.57,0.260657,7081.0,4.05736,0.0835503,0.214282,0.0472481,8.544404,DWARF,0.000602556858,0.223850191,176
WASP-168,232038798,1.08827,0.0505779,1.15,0.161447,6115.0,4.42529,0.0812725,0.892257,0.199464,1.4919436,DWARF,0.00130694581,0.580153167,116
WASP-169,386259537,2.21327,0.111191,1.17,0.159531,6158.0,3.81619,0.08284,0.107915,0.0239602,6.346316,DWARF,0.0002513725,0.4561715,209
WASP-17,66818296,1.57323,0.0883543,1.354,0.214082,6548.0,4.1761,0.0955003,0.347728,0.0910823,4.0993557,DWARF,0.000439307973,0.0284011625,545
WASP-170,118956453,1.0428,0.0559422,0.969,0.126001,5515.0,4.38799,0.0820594,0.854512,0.193764,0.906317532,DWARF,0.0005702616,0.0109827388,142
WASP-171,162922904,2.02635,0.104638,1.14,0.157535,6090.0,3.88154,0.0833884,0.137012,0.0317313,5.088559,DWARF,0.000215774227,0.09913397,299
WASP-173_A,77031414,1.07661,0.052402,1.03,0.12256,5752.0,4.38679,0.073059,0.825394,0.173008,1.14310837,DWARF,0.000922378968,0.573663,33
WASP-174,102192004,1.46072,0.0766131,1.25,0.185051,6333.7,4.20584,0.0901275,0.401059,0.0980963,3.09356236,DWARF,0.000486357021,0.203134239,239
WASP-175,448589187,1.22466,0.0620553,1.2,0.166964,6229.0,4.34122,0.0881535,0.653331,0.160383,2.03422976,DWARF,0.0003547306,0.2569576,139
WASP-176,375942197,1.86222,0.0965226,1.17,0.156594,6152.0,3.96619,0.0844973,0.181171,0.0410841,4.47532225,DWARF,0.000277153129,0.133579269,209
WASP-177,439842788,0.848394,0.055201,0.851,0.0985124,5082.0,4.5108,0.0861456,1.3936,0.346492,0.432542175,DWARF,0.000794175,0.108539559,50
WASP-178,160708862,1.75956,0.0659046,2.38,0.325231,9364.0,4.32384,0.0681793,0.436884,0.0768866,21.44607,DWARF,0.000948403031,0.0276533179,934
WASP-18,100100827,1.34658,0.0684296,1.2,0.174553,6226.0,4.25879,0.087009,0.49146,0.113895,2.45467043,DWARF,0.00314772245,0.00243834523,51
WASP-180_A,178367144,1.21069,0.0548342,1.244,0.18593,6316.0,4.36682,0.0833139,0.701005,0.157019,2.10150027,DWARF,0.0009646862,0.4652166,152
WASP-181,293457754,1.0321,0.0495527,1.07,0.139048,5887.0,4.44001,0.0788172,0.973249,0.204057,1.15268552,DWARF,0.0003470526,0.003927753,35
WASP-182,369455629,1.28017,0.0636181,0.99,0.126344,5614.86,4.21917,0.0767334,0.471882,0.0997932,1.46752322,DWARF,0.0005103929,0.0122752879,106
WASP-183,14344979,0.916164,0.0434171,0.94,0.111905,5424.82,4.48725,0.0742508,1.22238,0.254065,0.6549116,DWARF,0.00041767428,0.00100145559,23
WASP-184,112099249,1.64694,0.0858292,1.15,0.155871,6116.0,4.06541,0.0830728,0.257433,0.0591501,3.41916943,DWARF,0.0002085378,0.005809506,134
WASP-185,46020827,1.76693,0.0830653,1.02,0.129933,5708.0,3.95223,0.0727553,0.184904,0.036442,2.98584485,DWARF,0.0,0.0295986272,93
WASP-186,411608801,1.47828,0.0664975,1.3,0.207602,6434.0,4.2125,0.0872288,0.402418,0.0930163,3.373879,DWARF,0.000859683147,0.000290979253,22
WASP-187,15692883,2.89621,0.140201,1.13,0.1522,6064.0,3.56749,0.0822776,0.0465146,0.0104508,10.2185917,DWARF,0.0004753343,0.000357602839,38
WASP-188,289574465,1.73088,0.0762814,1.43,0.247125,6728.0,4.11687,0.0913619,0.275763,0.0657254,5.530601,DWARF,0.000427002116,0.07636214,285
WASP-189,157910432,2.25486,0.0614874,1.91,0.299023,7949.0,4.01286,0.0763969,0.1666,0.032215,18.288763,DWARF,0.00213839277,0.00193946448,70
WASP-19,35516889,1.02805,0.0486734,0.97,0.127479,5503.0,4.40081,0.0779491,0.892741,0.184452,0.873219669,DWARF,9.136998e-05,0.130085319,885
WASP-190,116156517,1.71667,0.0808417,1.36,0.223669,6561.0,4.10223,0.090206,0.268831,0.0636993,4.91980028,DWARF,0.0004285733,0.009382497,33
WASP-192,160578764,1.34853,0.077093,1.11,0.147177,6017.0,4.22367,0.0848603,0.452631,0.106659,2.147502,DWARF,0.000301868451,0.04356056,473
WASP-193,49043968,1.14172,0.0533769,1.16,0.159949,6132.0,4.38741,0.084278,0.779435,0.18109,1.66043556,DWARF,0.0005664539,0.389833122,100
WASP-194,400432230,1.38857,0.0634422,1.31,0.208233,6463.0,4.2702,0.0903939,0.489294,0.118727,3.03085732,DWARF,0.0009591509,0.7162169,269
WASP-195,232567319,1.55131,0.0762587,1.25,0.192877,6328.88,4.15358,0.0919513,0.334821,0.0821666,3.478567,DWARF,0.0007725318,0.002507257,57
WASP-197,85266608,2.0792,0.103347,1.21,0.180399,6238.0,3.88506,0.0864414,0.134617,0.0317872,5.8974843,DWARF,0.0003627059,0.00531567866,16
WASP-2,374530847,0.85467,0.0431834,0.869,0.101287,5147.0,4.51349,0.0740522,1.39195,0.283413,0.4618575,DWARF,0.001309994,0.0252908524,365
WASP-20,211438925,1.5037,,,,5775.7,,,,,,DWARF,0.000950434536,8.410957e-05,30
WASP-21,436478932,1.34757,0.0626859,1.08,0.12818,5924.0,4.21239,0.0737249,0.441339,0.0896721,2.01491213,DWARF,0.0006643444,0.000858485,51
WASP-22,257567854,1.19109,0.0504397,1.17,0.16388,6153.0,4.35436,0.0790577,0.692389,0.145932,1.83203042,DWARF,0.00082584616,0.007853121,34
WASP-23,170102285,0.88727,0.0584598,0.84,0.100206,5046.0,4.46623,0.0907978,1.20257,0.321473,0.459828347,DWARF,0.001283047,0.0252267,132
WASP-24,460396820,1.35323,0.0591156,1.14,0.14548,6090.0,4.23223,0.0765057,0.460038,0.0938027,2.26936531,DWARF,0.0006236389,0.0205325037,59
WASP-25,229047362,0.876762,0.0390754,1.025,0.123143,5736.0,4.56303,0.0723772,1.52082,0.306131,0.749712,DWARF,0.001028931,0.0130339554,100
WASP-26,32487566,1.28427,0.0685126,1.12,0.14845,6034.0,4.26998,0.0823565,0.528754,0.11871,1.9698143,DWARF,0.0008776186,0.07862776,31
WASP-28,398572544,1.11382,0.0596031,1.16,0.151726,6134.0,4.4089,0.086055,0.839488,0.1947,1.58233678,DWARF,0.0,0.0033484376,35
WASP-29,183537452,0.635603,0.041613,0.88,0.111364,5203.0,4.77618,0.0923675,3.42709,0.913876,0.266735971,DWARF,0.00380344223,0.00191976072,33
WASP-3,27848472,1.36116,0.0704774,1.261,0.193608,6352.0,4.27096,0.0910006,0.500016,0.123969,2.71742272,DWARF,0.00172224152,0.136679739,275
WASP-31,437248515,1.26867,0.0538694,1.2,0.166911,6217.0,4.31055,0.0762737,0.587667,0.117565,2.1662972,DWARF,0.000508846,0.0255595539,71
WASP-32,427332229,1.02763,0.0537562,1.3,0.20889,6427.0,4.52834,0.0966261,1.19793,0.321591,1.62331808,DWARF,0.0,0.000476474059,32
WASP-33,129979528,1.60242,0.0582111,1.653,0.268246,7308.0,4.24679,0.0830766,0.401737,0.086614,6.598461,DWARF,0.002736259,0.0276244357,102
WASP-34,437242640,1.10901,0.0643065,1.014,0.12983,5694.0,4.35423,0.0838534,0.74341,0.169115,1.16476345,DWARF,0.00210871687,0.000664895,63
WASP-35,43647325,1.09774,0.0531332,1.135,0.154188,6072.0,4.41206,0.0828752,0.858011,0.196322,1.47578752,DWARF,0.0013896412,0.0152036939,67
WASP-36,13349647,0.959588,0.0442739,1.08,0.136954,5928.0,4.50732,0.0747527,1.22227,0.256144,1.02446592,DWARF,0.0004905004,0.04729425,114
WASP-37,368805700,1.06358,0.0492513,1.056,0.133294,5849.09,4.40819,0.0739753,0.87771,0.179121,1.19286132,DWARF,0.0004089973,0.00363092613,52
WASP-39,181949561,1.01342,0.0651257,0.918,0.112607,5326.6,4.38933,0.0861962,0.882007,0.215398,0.7448616,DWARF,0.000680671656,0.005563427,58
WASP-4,402026209,0.894974,0.0555528,0.97,0.122722,5504.0,4.52122,0.0872009,1.35313,0.34293,0.6622612,DWARF,0.00076643686,0.0110762911,33
WASP-41,398943781,0.880069,0.0416458,0.976,0.123773,5546.0,4.53848,0.0749977,1.43186,0.306193,0.6601581,DWARF,0.00145754113,0.00294455141,106
WASP-42,248075138,0.786807,0.0461156,0.92,0.114537,5315.0,4.61012,0.0864268,1.88879,0.454444,0.445086032,DWARF,0.00123676821,0.0340343155,255
WASP-43,36734222,0.757649,0.0747613,0.65,0.082049,4124.0,4.49204,0.113704,1.49454,0.514593,0.149591163,DWARF,0.0013704017,0.00666369032,46
WASP-44,12862099,0.963912,0.0542714,0.96,0.119596,5480.0,4.45226,0.0818556,1.07191,0.250037,0.754904032,DWARF,0.000395960029,0.0103127519,31
WASP-45,120610833,0.874706,0.0567763,0.91,0.110215,5298.0,4.51338,0.0881343,1.35974,0.348385,0.5430841,DWARF,0.0009825537,0.002773867,38
WASP-46,231663901,0.890774,0.0438467,1.05,0.129454,5824.0,4.55972,0.0757679,1.48555,0.316251,0.8224618,DWARF,0.0005656118,0.0844493359,90
WASP-47,102264230,1.11133,0.0599748,0.984,0.127092,5576.0,4.33938,0.0806643,0.716909,0.161005,1.0756551,DWARF,0.0,0.006319838,56
WASP-48,284475976,1.77061,0.0931859,1.17,0.149347,6148.0,4.01001,0.0820835,0.210776,0.0482742,4.03527927,DWARF,0.00107498234,0.02848237,218
WASP-5,184240683,1.0941,0.0543568,1.02,0.126024,5735.75,4.36856,0.0769923,0.778811,0.167942,1.16726053,DWARF,0.000697519863,0.009423049,31
WASP-50,382391899,0.873418,0.0410955,0.969,0.121331,5518.0,4.54195,0.0746481,1.45431,0.303066,0.637185454,DWARF,0.00123994541,0.0252760667,25
WASP-52,427685831,0.856841,0.0532262,0.853,0.105875,5087.0,4.50322,0.0889938,1.35596,0.343922,0.442937642,DWARF,0.0008884839,0.003284245,45
WASP-53,268766053,0.858619,0.053191,0.818,0.0960988,4960.0,4.48322,0.0870323,1.29227,0.32329,0.401996732,DWARF,0.0008180144,0.01546788,24
WASP-54,61098812,1.78076,0.0949749,1.145,0.152424,6097.47,3.99566,0.0856944,0.202764,0.0487856,3.94914317,DWARF,0.0008496325,0.00148094783,36
WASP-55,294301883,1.09036,0.0470527,1.134,0.153521,6070.0,4.41754,0.0778503,0.874791,0.186732,1.45408142,DWARF,0.0006006423,0.0109235412,73
WASP-56,347329162,1.1136,0.0578744,1.04,0.13252,5797.0,4.36164,0.081426,0.753082,0.17111,1.26173663,DWARF,0.000589599251,0.00201904727,22
WASP-57,175772482,1.02573,0.0489799,1.06,0.1417,5878.0,4.4413,0.0814645,0.982203,0.215799,1.13157356,DWARF,0.000389586727,0.00394113827,52
WASP-58,424435940,1.10013,0.0500402,1.12,0.147767,6034.0,4.4044,0.0800794,0.841181,0.183057,1.4454453,DWARF,0.00143654773,0.00771521963,141
WASP-59,91051152,0.758608,0.0676784,0.672,0.0818166,4302.0,4.5054,0.106037,1.53927,0.486746,0.177587226,DWARF,0.00108235376,0.00219612662,62
WASP-6,204376737,0.817705,0.0408442,0.93,0.118851,5380.72,4.58136,0.0785584,1.70096,0.376101,0.504950941,DWARF,0.000918589241,0.0026282398,37
WASP-60,288246496,1.51284,0.0744724,1.107,0.151247,6001.0,4.12263,0.0823983,0.319717,0.0705927,2.674098,DWARF,0.000394050265,0.0105898492,69
WASP-61,13021029,1.43256,0.0567035,1.21,0.170876,6244.52,4.20862,0.0752639,0.411569,0.0820595,2.81137919,DWARF,0.000479342,0.000566631148,55
WASP-62,149603524,1.21427,0.0542211,1.28,0.190812,6391.0,4.37665,0.0797224,0.714926,0.150172,2.21616721,DWARF,0.00709071476,0.0163922813,971
WASP-63,393414358,1.79224,0.0968467,1.02,0.128764,5715.0,3.93987,0.0777892,0.177178,0.0378847,3.08711863,DWARF,0.00101143215,0.00196219026,112
WASP-64,52640302,1.09539,0.0565955,1.0,0.122754,5652.0,4.35893,0.0773489,0.760836,0.169393,1.10317063,DWARF,0.000516476633,2.011708,246
WASP-65,444013020,1.07008,0.0469548,1.038,0.128489,5785.79,4.39543,0.0718388,0.847125,0.16693,1.15605569,DWARF,0.000649178459,0.00189488486,49
WASP-66,53735810,1.47741,0.0742387,1.56,0.245319,7051.0,4.29219,0.0869853,0.48375,0.116262,4.86071062,DWARF,0.0005642564,0.0280203242,176
WASP-67,68952448,0.831063,0.0480905,0.943,0.113708,5417.0,4.57331,0.0820093,1.64289,0.385799,0.5357943,DWARF,0.0,0.08170439,491
WASP-68,71841620,1.73938,0.0866734,1.01,0.123501,5692.5,3.9616,0.0770082,0.191929,0.0405804,2.86216331,DWARF,0.0,0.0111749331,186
WASP-69,248853232,0.877591,0.0636256,0.76,0.0891518,4746.0,4.4323,0.0935477,1.12444,0.304208,0.352038,DWARF,0.004432098,0.0015752886,154
WASP-7,389352124,1.46939,0.0653744,1.36,0.220964,6562.03,4.23733,0.08542,0.428674,0.0965521,3.60680223,DWARF,0.001950267,0.00484273862,117
WASP-70_A,442530946,1.20191,0.0599397,1.044,0.139801,5808.0,4.29702,0.0815642,0.601288,0.134865,1.48097026,DWARF,0.0,0.142643109,123
WASP-71,422655579,2.14325,0.102739,1.18,0.162525,6180.0,3.84781,0.0832222,0.119858,0.0268636,6.0366044,DWARF,0.0005323813,0.0007647906,29
WASP-72,122612091,2.66047,0.12794,1.03,0.131393,5773.47,3.60099,0.0744374,0.0546968,0.0111701,7.08531857,DWARF,0.000423431484,0.0005856706,27
WASP-73,231670397,2.21867,0.102573,1.16,0.166129,6124.0,3.81034,0.0870651,0.106213,0.0251538,6.237656,DWARF,0.000772511761,0.004832061,81
WASP-74,244089109,1.59624,0.0777739,1.044,0.134135,5806.0,4.05057,0.074642,0.256689,0.0542751,2.60854316,DWARF,0.001627814,0.0119647421,374
WASP-75,36592530,1.27553,0.0618543,1.14,0.147084,6089.0,4.28359,0.0823211,0.549327,0.124669,2.01493573,DWARF,0.0,0.0105391331,34
WASP-76,293435336,1.89121,0.0944119,1.226,0.176711,6278.16,3.97308,0.0823849,0.181247,0.0405577,5.00614738,DWARF,0.001266953,0.000119928183,29
WASP-78,139528693,2.0626,0.102535,1.23,0.179638,6291.0,3.89914,0.0865641,0.140171,0.0327905,6.00350952,DWARF,0.000238853157,0.0195379555,43
WASP-79,170634116,1.48532,0.0727839,1.54,0.26965,7002.0,4.28195,0.0906888,0.469962,0.111428,4.777732,DWARF,0.00180863589,0.000825568,44
WASP-80,243921117,0.636572,0.0188828,0.616961,0.0202632,3965.0,4.62063,0.0115038,2.39175,0.134497,0.09023241,DWARF,0.002991026,0.0519531779,370
WASP-81,399402994,1.18678,0.056784,1.093,0.135176,5962.0,4.32795,0.0766859,0.653901,0.140363,1.60325074,DWARF,0.0004029141,0.4847945,438
WASP-82,452808876,2.10113,0.111779,1.304,0.209204,6441.56,3.90844,0.0933601,0.140578,0.0361125,6.84802532,DWARF,0.0008775539,0.00470069423,82
WASP-83,286865921,1.09347,0.0593367,0.963,0.124322,5494.0,4.34408,0.0834797,0.736557,0.172719,0.981437147,DWARF,0.000569912838,0.0123533634,71
WASP-84,350293646,0.836592,0.041005,0.894,0.1098,5238.0,4.54438,0.0758968,1.52685,0.317844,0.4746616,DWARF,0.00244815275,0.006836092,85
WASP-87,15445551,1.56803,0.0719699,1.31,0.203274,6458.0,4.16463,0.0881669,0.339791,0.0805063,3.85294938,DWARF,9.759879e-05,0.2322198,952
WASP-88,100566492,1.99207,0.0877286,1.23,0.173846,6282.4,3.92936,0.0781092,0.155593,0.0326569,5.56937647,DWARF,0.0003530349,0.0145117734,126
WASP-89,77202722,0.916939,0.0572864,0.832,0.0983412,5012.0,4.43351,0.086908,1.0792,0.270953,0.477990657,DWARF,0.0,0.01644594,139
WASP-90,459730973,1.83823,0.113528,1.2,0.174653,6228.0,3.98845,0.0934681,0.19319,0.049182,4.58022738,DWARF,0.000382035942,0.151167989,185
WASP-91,238176110,0.906655,0.0553769,0.81,0.0958693,4935.4,4.43167,0.0852377,1.08682,0.270645,0.439407945,DWARF,0.001782842,0.00307783019,76
WASP-92,162689341,1.25619,0.0667387,1.12,0.1554,6046.76,4.28918,0.0861511,0.565004,0.136543,1.90062511,DWARF,0.000596529047,0.00114981073,56
WASP-93,240681314,1.61271,0.0774221,1.419,0.248268,6695.0,4.17494,0.094521,0.338307,0.0844737,4.70772362,DWARF,0.000758883136,0.1539357,320
WASP-94_A,92352620,1.71036,0.074613,1.14,0.150731,6072.6,4.0288,0.0762449,0.227845,0.0465823,3.58402228,DWARF,0.0009550342,0.6378948,118
WASP-94_B,92352621,1.43129,0.0677437,1.13,0.148917,6049.7,4.17969,0.0790673,0.385384,0.0831723,2.472217,DWARF,0.0009092291,1.24181283,119
WASP-95,144065872,1.23824,0.0596985,1.03,0.127209,5758.0,4.2653,0.0759387,0.542529,0.114177,1.51841652,DWARF,0.00220979471,0.003544509,55
WASP-96,160148385,1.11655,0.0589196,0.98,0.116436,5560.0,4.33354,0.0769555,0.704038,0.152199,1.07336426,DWARF,0.0005725314,0.00127031188,25
WASP-97,230982885,1.12805,0.053397,1.01,0.127695,5696.0,4.33774,0.07636,0.703624,0.151495,1.20678043,DWARF,0.00255160546,0.0004828003,36
WASP-98,166833457,0.718635,0.0359297,0.97,0.123407,5526.0,4.71182,0.0786654,2.61364,0.572573,0.433865964,DWARF,0.000987442,0.00211760518,45
WASP-99,166836920,1.70927,0.0782412,1.14,0.1599,6079.0,4.02935,0.0824948,0.228283,0.0497953,3.59455085,DWARF,0.00241578184,0.000813353457,29
WD_0806-661,306826966,,,,,,,,,,,DWARF,,,
WD_1856534,267574918,,,,,,,,,,,DWARF,,,
WISPIT_1,268764100,1.1161,0.0870553,0.72,0.0831682,4544.0,4.19999,0.0970932,0.517867,0.152306,0.478473365,DWARF,0.000815593638,0.203937382,442
WISPIT_2,98898373,1.29509,0.104068,0.719,0.0888318,4559.0,4.0702,0.103578,0.331003,0.100208,0.652787,DWARF,0.000854976941,0.652008,1286
WTS-1,138488806,1.01995,,1.17,,6146.0,4.4891,,1.10269,,1.33726871,DWARF,,,
WTS-2,138359318,,,,,,,,,,,GIANT,,,
Wendelstein-1,75262942,0.701369,,0.634,,4051.0,4.54826,,1.8376,,0.119353876,DWARF,,,
Wendelstein-2,209752908,0.740712,,0.68,,4355.0,4.53128,,1.67325,,0.177805856,DWARF,,,
Wolf_1069,352617553,0.195698,0.00588235,0.164771,0.0200624,3025.0,5.07178,0.0270269,21.9848,0.702937,0.00288914284,DWARF,0.0246543456,0.309240252,364
Wolf_327,4918918,0.420908,0.0124246,0.41487,0.0201954,3466.0,4.80761,0.00448927,5.56353,0.221871,0.02303474,DWARF,0.004256229,0.111417092,41
XO-1,236312126,0.919086,0.0390553,1.023,0.125268,5729.0,4.52123,0.0702076,1.31767,0.255537,0.819826365,DWARF,0.00206543622,0.00745145045,57
XO-2_N,356473034,1.08495,0.0780125,0.902,0.114612,5267.0,4.32246,0.099031,0.706286,0.199863,0.81614095,DWARF,0.00125984778,0.6247592,60
XO-2_S,356473029,0.96305,0.0482789,0.977,0.118438,5547.0,4.46066,0.0758867,1.09382,0.230169,0.791088939,DWARF,0.0015439014,0.592253566,61
XO-3,8400842,1.68685,0.167223,1.41,0.248085,6673.0,4.13313,0.122822,0.293757,0.0972799,5.083157,DWARF,0.000143677767,0.007399289,459
XO-4,51234631,1.6225,0.0905754,1.238,0.186019,6304.0,4.11042,0.0900944,0.289843,0.0721288,3.74568319,DWARF,0.0009778346,0.05175027,81
XO-5,9155187,1.10007,0.0542789,0.97,0.128046,5521.95,4.34199,0.0811434,0.728627,0.160881,1.013699,DWARF,0.0006050236,0.0215536542,87
XO-6,138168780,1.4177,0.058093,1.432,0.259705,6724.0,4.29084,0.0907445,0.502561,0.120734,3.70147562,DWARF,0.00164831325,0.1048362,95
XO-7,268403451,1.5269,0.0716583,1.139,0.156619,6082.0,4.12697,0.080143,0.319957,0.0705068,2.87409663,DWARF,0.002048442,0.0124400854,87
YZ_Cet,439403361,,,,,,,,,,,DWARF,,,
ZTF_J1230-2655,951438622,,,,,,,,,,,DWARF,,,
b_Cen_A,159589603,,,,,,,,,,,,,,
bet_Cnc,458582777,,,,,,,,,,,GIANT,,,
bet_Pic,270577175,1.54416,,1.95,,8038.68,4.35072,,0.52961,,8.970551,DWARF,0.009667381,9.447559e-05,81
eps_CrB,356000102,19.8605,,,,4504.0,,,,,,GIANT,,,
eps_Tau,17554529,,,,,4932.61,,,,,,GIANT,,,
gam_Cep,367912480,,,,,4833.61,,,,,,GIANT,,,
gam_Lib,386935627,12.0115,,,,4778.46,,,,,,GIANT,,,
iot_Dra,165722603,,,,,4534.07,,,,,,GIANT,,,
kap_And,176945734,2.31229,0.0692211,2.82,0.356788,10839.0,4.16023,0.0622372,0.228099,0.0359683,66.4868,DWARF,0.00262157782,0.00278743729,200
kap_CrB,334753043,4.83752,,,,4871.0,,,,,,GIANT,,,
mu2_Sco,338105219,,,,,,,,,,,DWARF,,,
mu_Leo,840317207,,,,,,,,,,,,,,
nu_Oct_A,352542468,,,,,,,,,,,GIANT,,,
nu_Oph,9815387,,,,,4928.66,,,,,,GIANT,,,
ome_Ser,272677041,10.6866,,,,4795.45,,,,,,GIANT,,,
omi_CrB,357502856,10.2543,,,,4807.14,,,,,,GIANT,,,
psi1_Dra_B,441804565,1.24081,0.0643417,1.2,0.1771,6223.0,4.32984,0.0894855,0.628148,0.157301,2.080208,DWARF,0.0193095934,2.90248847,70
tau_Boo,1000271584,,,,,,,,,,,,,,
ups_And,189576919,1.63649,0.0819848,1.15,0.154699,6105.51,4.07094,0.0841778,0.262394,0.0605685,3.35283017,DWARF,0.0041297623,0.00134598289,95
ups_Leo,49430557,10.3558,,,,4919.0,,,,,,GIANT,,,
xi_Aql,375464367,9.80967,,,,4805.2,,,,,,GIANT,,,
LSPM_J2116+0234,387518186,0.430492,0.0130657,0.425428,0.0204726,3440.0,4.79896,0.00545488,5.3325,0.228994,0.023380762,DWARF,0.008499409,0.005900251,116
WD_1856+534,267574918,,,,,,,,,,,DWARF,,,
