host,ts_var_ratio,ts_acf_lag1,ts_acf_1hr,ts_n_in,ts_n_out,ts_status
11_Com,1.1002970990342984,0.6540537372366902,0.38086864640775825,1068,9099,ok
11_UMi,2.7476469431507042,0.8976449862620661,0.42891415301565894,105,17149,ok
14_And,1.2655596024130256,0.7336003055508352,0.4332191069468385,380,12424,ok
14_Her,0.9609450011991758,0.04441156745947714,-0.00622517687673323,389,16622,ok
16_Cyg_B,1.1445534222980525,0.013655767784840223,-0.007488040350767626,60,18074,ok
17_Sco,0.868341222018932,0.06476683131786619,0.0343805228079313,73,12358,ok
18_Del,0.8527867833234493,0.6532632825584749,-0.09856966601065514,413,11832,ok
1RXS_J160929.1-210524,1.5076456087146628,0.0767131757978799,0.00543117904178434,35,12342,ok
24_Boo,0.9327778780483101,0.7593122041263112,0.457262900781467,535,15535,ok
24_Sex,2.454626364686412,0.22194615400962822,0.020069493063951734,194,12204,ok
2MASS_J01033563-5515561_A,0.6251224677903803,0.3030284063778388,-0.02292826963845268,683,15627,ok
2MASS_J01225093-2439505,1.1358493270389611,0.2875421784945589,-0.007411838875760452,103,12480,ok
2MASS_J02192210-3925225,1.065380465162168,0.01735851823505275,-0.010360207598117852,96,11826,ok
2MASS_J0249-0557_A,1.021604872656789,0.2105509546835807,0.1423765268138542,350,1811,ok
2MASS_J03590986+2009361,1.6973231082701958,0.004095650424994487,-0.009175532153234923,61,13835,ok
2MASS_J04372171+2651014,1.2970470456671126,0.03709224104426157,-0.007328861065802139,620,12893,ok
2MASS_J04414489+2301513,,,,0,0,no usable ephemeris
2MASS_J11011926-7732383,1.03889729120387,-0.013165478218531855,-0.012345822285443793,220,10842,ok
2MASS_J11550485-7919108,0.8664566709260512,0.006821661123565333,0.006075727536779556,204,18699,ok
2MASS_J12073346-3932539,1.2198629464431385,0.007397932730177261,0.0015076887401042876,74,14497,ok
2MASS_J16262785-2625152,0.44805363724545433,0.4896903415569971,-0.020687265943058624,771,9288,ok
2MASS_J19383260+4603591,0.2519337314446964,0.2786760796689025,0.05901426001148918,2075,9989,ok
2MASS_J21252752-8138278,0.6504852378169805,0.9608715648639822,0.5824507631269306,1933,9544,ok
2MASS_J22362452+4751425,0.9322932256460947,-0.006017015675132656,0.005957864249778716,3261,94902,ok
2MASS_J22501512+2325342,0.6590943342491044,0.5236962296449208,0.09969096271618727,1609,9890,ok
47_UMa,0.9906104445047406,0.05374759892826338,0.005007471240718451,860,88136,ok
4_UMa,1.713129677645838,0.7104362043277253,0.48333483278486306,265,16625,ok
51_Eri,0.4659029530894815,0.9043220995820622,0.4025333125471608,1900,9363,ok
51_Peg,1.0077666867461972,0.018978125620474833,-0.002308639169259514,2395,101961,ok
55_Cnc,1.2905746503388345,0.06549376818217265,0.010243440494093883,1316,12054,ok
55_Cnc_B,1.3224116256379155,0.04709596666294824,0.01044520767305442,1338,12057,ok
61_Vir,0.9837689989023952,0.0591314637379021,-0.015095671903120595,136,14507,ok
6_Lyn,0.7526687293252866,0.5229697619161913,-0.08082345322334128,71,17339,ok
70_Vir,0.9443434775617707,0.30578642079129925,-0.03136441823504309,172,12579,ok
75_Cet,1.0450023890506464,0.8369508384102021,0.2744315564773801,797,11482,ok
7_CMa,1.5739124870471628,0.8090786266552,0.011752338036392498,412,12873,ok
8_UMi,0.7648407241513676,0.683677452473564,0.30142854734384433,1452,11977,ok
91_Aqr,0.0851069788125294,0.8754113947502854,0.4802473284146921,90,8985,ok
AB_Aur,0.9148653697041111,0.8202709543872084,0.28857116428640117,348,14567,ok
AB_Pic,7.865911539432052,0.7653186770830318,0.031996249395882,169,17548,ok
AF_Lep,0.12942034429974889,0.9604115256265935,0.3445028264141015,210,16665,ok
AT2021ueyL,1.015515902275645,-0.008511341939998963,0.007447370951630559,2571,94408,ok
AU_Mic,6.788141737911354,0.900255154026497,0.0792062799063093,279,16261,ok
BD+03_2562,1.0099957072738934,-0.005418622462042839,0.0044648002651533755,403,97183,ok
BD+05_4868_A,0.8939092631417513,0.782462296357123,0.6355700277013782,135,1751,ok
BD+14_4559,1.0471040751953,-0.00583091678649012,-0.009263649837535016,250,16294,ok
BD+15_2375,0.9709374294377573,0.0935549806131518,0.03738913835137794,1598,9668,ok
BD+15_2940,1.005911376666082,0.18809167765874754,0.09575533071867184,85,7418,ok
BD+20_2457,3.8493197431925794,0.2140474259571302,0.11968563123388136,172,15884,ok
BD+20_274,1.1543351773043111,0.007839444293802844,0.00010601983022636054,86,12441,ok
BD+20_594,0.711420105760004,-0.0076386932780218375,0.015957226644849512,63,11953,ok
BD+37_3172,1.0059779787136227,-0.006216579940362415,0.0052024863446417146,2132,105138,ok
BD+42_2315,0.7428066362678226,0.2590134861730832,0.18979975039296448,96,6620,ok
BD+45_564,1.0419534769389878,-0.01528639230276927,-0.0067844674886417475,66,14884,ok
BD+48_738,1.1007774042307448,0.14484306717639267,0.12964149200599598,757,8707,ok
BD+49_828,0.8124620664475632,0.2799939930164703,0.13392461487603174,1309,6372,ok
BD+55_362,1.3508888479588252,0.3354328855965159,0.3182132707746482,77,687,ok
BD+60_1417,1.2767949690650127,0.01648207202998091,-0.0014477631243849222,113,17301,ok
BD+63_1405,1.2235323098255373,-0.003750685029965596,0.0005357539430109323,133,17892,ok
BD-06_1339,0.9529349897941747,-0.00019730682453060925,-0.01024025875436759,108,14243,ok
BD-08_2823,1.0833383652198718,-0.016047622478238155,-0.012312824331508205,77,12746,ok
BD-10_3166,1.079070959888627,0.014305740796732556,-0.002845922501537239,790,12708,ok
BD-11_4672,1.3066763705563067,-0.009273600490057429,0.005196579832617925,58,12659,ok
BD-13_2130,1.0107394501425317,0.03938043249039725,0.01168101999272095,676,13744,ok
BD-14_3065_A,2.7192002562629836,0.06791880393607086,0.01783773827083884,330,14686,ok
BD-210397,1.4269508490181584,0.06355232501973382,0.025691502854995888,295,11998,ok
BEBOP-3,2.6551002452347663,0.06737923197410337,-0.006903076506457503,188,15524,ok
BEBOP-4_A,0.7720435897752692,-0.004637930966647886,-0.003587144070689475,42,12696,ok
Barnard's_star,1.0101618821077252,-0.0004650791337789332,0.007407154499561615,4021,75108,ok
CD-35_2722,25.38860462995649,0.739715372341104,0.030440951418523807,128,14131,ok
CD_Cet,1.0018802357175618,-0.004691796586386031,-0.009721290916400976,85,14456,ok
CI_Tau,1.1443013094046632,0.9457460057902861,0.21940370243981683,106,14603,ok
COCONUTS-2_A,0.7321935556697006,0.7203835481094172,-0.05795411877584355,129,12080,ok
CT_Cha,0.3840144809754879,0.8440056869475162,0.40795491689409397,379,9818,ok
CoRoT-1,1.7965809906380983,0.006398011398917718,0.0034813442007508156,763,11501,ok
CoRoT-10,0.9931650102080309,-0.026787125851415763,-0.01202938949434821,104,8939,ok
CoRoT-11,1.7303729339898344,-0.00035033196573889625,-0.004284906739603261,154,11335,ok
CoRoT-12,1.044268412901508,-0.009578329471511294,-0.0070315201583166865,464,12764,ok
CoRoT-13,1.0920905332240396,-0.008788571663760994,-0.008813928477848707,158,13923,ok
CoRoT-14,1.0965958436691683,-0.015653465192780328,0.006494592437480393,373,13100,ok
CoRoT-16,1.1005611882372957,-0.012018079963917965,-0.010589827652574652,117,11738,ok
CoRoT-17,0.914079540272312,-0.016462875628750713,-0.004109376009162819,34,12195,ok
CoRoT-18,1.3881189720102114,0.006296258518673483,-0.007566887911773305,661,11971,ok
CoRoT-19,1.0569543456618165,-0.013450750741397973,-0.010752486907269985,752,11825,ok
CoRoT-2,0.6674474588301124,0.06634616262706104,0.025416334242475126,181,8633,ok
CoRoT-20,0.9829125504793608,-0.003667735044633198,-0.02129831383328521,84,14368,ok
CoRoT-21,0.9905930133488868,-0.011620449369393264,-0.0032221506964692378,220,13713,ok
CoRoT-22,0.9130478698704699,-0.024426988464142665,-0.010040953169098393,37,11801,ok
CoRoT-23,1.115853753034422,-0.00861177229247898,0.0003054421413212593,113,11403,ok
CoRoT-24,1.1446441766606505,0.013837637094350853,-0.012154417579574705,102,14205,ok
CoRoT-25,0.9168031808668156,0.0010013805151206426,0.015774796113600203,117,11501,ok
CoRoT-26,1.254508941562762,-0.01467362894125142,-0.019697295552458707,111,11486,ok
CoRoT-28,1.034934732255477,-0.004056666811640462,0.0001118707557600278,296,10741,ok
CoRoT-29,1.0838668437181587,-0.013501918518542008,0.0009318116384833877,168,11342,ok
CoRoT-3,0.9435408605480656,-0.008798495408871702,0.01148127828374283,245,8472,ok
CoRoT-30,0.9529118064487915,0.001088735214816426,-0.027234787966854333,52,11531,ok
CoRoT-31,1.1953671738562206,-0.007701994968423117,-0.0019057359100804992,82,13238,ok
CoRoT-32,1.1082738373271606,-0.0026048901719932086,-0.014082626003678055,71,14397,ok
CoRoT-4,1.3329497088200217,-0.008118651704198433,-0.006818942831949177,216,13568,ok
CoRoT-5,1.066667900041167,-0.004793654801599047,-0.005203773284156507,235,13622,ok
CoRoT-6,1.3280218072780585,-0.007431428961384507,-0.014388895100425021,76,11702,ok
CoRoT-7,0.9509452722199103,-0.00789103024830546,-0.016980914729918164,337,13264,ok
CoRoT-8,0.9485632123853,-0.015256670903036599,-0.00497911189226805,68,9133,ok
CoRoT-9,1.021816074721,0.03476566189384591,0.030979075343258534,684,9011,ok
DENIS-P_J082303.1-491201,1.010714964455514,-0.006031877095700042,0.004287563690904956,100,12748,ok
DE_CVn,1.5376902061442834,0.6186012306667648,0.008264005031134348,830,10535,ok
DH_Tau,1.2274190591057175,0.27922911079059626,0.041220017101947885,50,15111,ok
DMPP-1,0.9972518718922849,0.008035620023662258,-0.0007129403186579637,149,14023,ok
DMPP-2,1.0301732033316326,-0.0030512183722634814,0.0032053162089603214,2710,172626,ok
DMPP-3_A,0.9295797966404442,0.0003014225279770412,0.005040466091641158,186,17516,ok
DMPP-4,0.8506267709220793,0.04435088719714615,-0.004103457269236831,236,17459,ok
DMPP-6,1.10540512036543,0.011595201696248203,-0.0036206897304772614,278,17125,ok
DMPP-7,1.0587565148051177,0.012203886230733589,-0.004646341456000163,211,12536,ok
DMPP-8,1.096088587211905,0.0002858737681981787,-0.012903289955751497,156,16578,ok
DMPP-9,0.7781205431679065,-0.0072366192714074535,-0.004928083874281058,85,16881,ok
DP_Leo,,,,0,0,no usable ephemeris
DS_Tuc_A,13.645158332611736,0.5968121017213213,0.17978038982467512,155,17752,ok
EPIC_201170410,1.113288568874914,-0.004214240519017231,-0.005613016726957,168,15508,ok
EPIC_201238110,0.861448142502079,-0.006863122983997564,-0.008096015119412022,73,15692,ok
EPIC_201427007,0.9044581231260426,-0.012693901137035123,-0.0029808153208157363,81,9845,ok
EPIC_201497682,1.0137502506319476,-0.004591303847013418,-0.01695514687802713,233,15267,ok
EPIC_201595106,0.9060267756345167,-0.010358772983931336,0.0009267454342918488,129,15747,ok
EPIC_201757695,1.0704782560703971,-0.011830683630358382,0.009952236117859812,87,15882,ok
EPIC_201841433,1.1486009071736871,-0.0039683394362301306,0.002696577358881128,193,15456,ok
EPIC_206024342,1.5889926775987822,0.0006964907992761338,0.014215664398006835,31,9641,ok
EPIC_206032309,0.9811253828417844,0.006226875122326847,-0.02206814116345914,224,8631,ok
EPIC_206042996,0.9973893586606721,-0.014757867039239649,0.019324574243204103,137,9218,ok
EPIC_206317286,0.7670187407866041,0.01851300316212573,-0.0025381866952558815,93,9271,ok
EPIC_211822797,0.9884003468928155,-0.010147328120972032,0.003445157171656725,153,14656,ok
EPIC_211945201,1.1021691414307715,0.0015504202018707084,-0.011014063445525218,134,14713,ok
EPIC_212297394,0.9961972405712907,-0.00229121372265039,0.007560900975755987,2920,80919,ok
EPIC_212424622,0.8429573168600398,-0.004096469954437627,0.016018981738586548,79,11341,ok
EPIC_212499991,0.5396975858089952,0.034839650576549,0.05001925958167187,10,11453,ok
EPIC_212587672,1.0001206243313592,-0.00015574368657075618,0.0031448690255850274,1368,62549,ok
EPIC_212624936,0.9291642327629799,-0.009708782314228625,-0.006768480279431493,321,10185,ok
EPIC_212737443,1.219462920428282,0.010712094232667864,0.0027335834997130482,49,10075,ok
EPIC_220492298,1.0300188781360053,-0.021680824232608423,-0.018195995555054634,189,12205,ok
EPIC_220674823,0.9328451185968963,-0.0028203569710658575,0.00020927944513911577,1335,67668,ok
EPIC_228836835,1.1122242035541987,-0.0024468476266482977,-0.009351209823280785,131,15459,ok
EPIC_229004835,0.9763169158339822,-0.018573870820602714,0.000765242614267323,510,14329,ok
EPIC_246851721,1.1861950710861962,0.0035685540507494865,0.0009138104601264048,662,98568,ok
EPIC_248847494,1.0552952084667273,-0.007867845756622216,-0.008744241668877537,171,15257,ok
EPIC_249893012,1.0916600053144665,-0.005518128368289873,-0.01308983913531386,90,12201,ok
FU_Tau,3.493766712591413,0.07197703055710646,0.027105832045465086,187,14753,ok
GJ_1002,1.0097990782705564,-0.0010429515463891768,0.006932627893460443,725,62703,ok
GJ_1061,0.8599793978048075,-0.011211127440039118,-0.0027098638758463133,209,12534,ok
GJ_1132,1.491031440826707,-0.0025527738819119085,-0.00309287512460772,302,14668,ok
GJ_1148,0.9910269303779047,0.005994442173947682,-0.0044294505732954785,160,15325,ok
GJ_1151,1.1318777262027,0.003393653896630216,0.005343937392537323,75,13808,ok
GJ_1252,0.9922643161970692,-0.0055744186425222405,-0.006069830901938944,754,13451,ok
GJ_1265,0.9466498408675311,-0.01023195440365446,0.00716727406282932,2260,72110,ok
GJ_1289,1.255364180881605,0.04589679540668531,0.0012038737128090874,71,12600,ok
GJ_143,1.3943867114099786,0.07762213526244947,0.00776693872112424,155,17651,ok
GJ_15_A,1.2670113186234373,-0.04255295022087107,-0.013570943630481188,119,12666,ok
GJ_160.2,1.0125685926490726,-0.0023568788127383733,-0.01182147462563063,140,16791,ok
GJ_163,0.9369398977660466,-0.004811238247205322,-0.001707177824760276,502,10893,ok
GJ_179,1.1483338351077674,-0.0668072053242925,-0.009524798488430967,52,17107,ok
GJ_180,0.9020621629159672,-0.028259281185403558,0.0004358234836159521,149,16722,ok
GJ_2030,0.9982786812007116,0.18532617155736056,-0.01296229058669957,83,14405,ok
GJ_2056,0.9600075228002795,-0.016262641488178853,-0.008504122754960668,496,15470,ok
GJ_2126,0.20493325253625078,0.3885606790686222,0.36505250970844894,70,683,ok
GJ_229,1.4281330803679233,0.008726825336985444,-0.013329787048432875,83,14386,ok
GJ_238,0.8936615477870652,0.0009860735985458434,-0.0014718548912550538,66,18007,ok
GJ_251,0.9840279637079015,0.011766179140494904,0.0038303089100893872,1738,9565,ok
GJ_27.1,0.9654914098742238,-0.012390129212604878,0.001375190532637534,142,17736,ok
GJ_273,1.0320461170704522,0.009714833607393331,-0.006395068392395216,242,15382,ok
GJ_3021,1.4749062480913009,0.09883834679590363,0.017464317833889832,82,17734,ok
GJ_3082,0.9498940585193266,0.015821079498925437,0.013295376065978406,210,17524,ok
GJ_3090,1.0966950207229396,0.038402481161448246,-0.006579686135960712,240,17195,ok
GJ_3138,1.3233867261296637,-0.001934300447984176,-0.0035274926075883426,69,12469,ok
GJ_317,1.0260874908207287,0.008619868381424938,0.0021865788865198183,320,11821,ok
GJ_3222,1.0140563653027843,-0.023613098626648076,-0.004296200954771646,166,12782,ok
GJ_328,0.892090784820046,0.02174580106931886,-0.00971433175209464,110,12517,ok
GJ_3293,0.9431287378255593,-0.014368075262483807,-0.0008229452233173579,101,16758,ok
GJ_3323,1.255074724757371,0.0550645712233859,-0.0025473888647341886,104,16810,ok
GJ_3341,1.0840964194739893,-0.05236704434265291,0.005926174423204901,49,17128,ok
GJ_3378,0.8731149761012856,-0.0013029665332485077,-0.0038675889729015947,347,15336,ok
GJ_338_B,1.4149630786163396,-0.32609659906855043,0.0028674298488391347,96,18255,ok
GJ_341,1.2695961668285543,0.002388312411320104,-0.0025266964264896307,52,15850,ok
GJ_3470,1.375971173792008,-0.0019254420313299706,0.004454242405180173,381,86445,ok
GJ_3473,1.0515657787283603,-0.030019612688333544,-0.0023555979250647146,553,14127,ok
GJ_3512,0.8546978081582406,0.05216055095533795,-0.017309204822721847,96,17240,ok
GJ_357,1.2434492121317262,0.010267454851861027,0.00265406505013385,142,12472,ok
GJ_3634,0.8891684975927853,-0.012403481925636645,-0.005381267193404392,221,14976,ok
GJ_367,0.5754737950231392,0.04347798418922682,0.0055158004051083015,62,16235,ok
GJ_3779,0.6751219685555184,-0.0036643506539755628,-0.0035088084368639543,37,13242,ok
GJ_3929,1.0567749604020398,-0.0028161051097238305,0.0016115323919008392,253,13643,ok
GJ_393,1.5982744785605167,0.011562328746677758,0.007485425537531995,325,79073,ok
GJ_3942,0.9033054257718797,0.04189695853531344,0.01842700621955364,77,14550,ok
GJ_3988,1.1223106869663813,-0.00498629553167686,-0.004962956416587026,235,15092,ok
GJ_411,0.8748641033027074,-0.028095704593707162,-0.006318707643849878,92,15548,ok
GJ_414_A,1.017364971703183,-0.12122098860865152,0.008589104993092596,101,15537,ok
GJ_422,1.018384166540944,-0.004066225737546498,0.007053829301313008,156,15090,ok
GJ_4274,1.2754492854209758,0.052921061968083924,0.01628663932023397,317,79124,ok
GJ_4276,1.3135411048789505,-0.001512663852910704,-0.007175816148409648,97,14598,ok
GJ_433,1.021198420874764,-0.0028031879711475,-0.007982499088312632,268,14370,ok
GJ_436,3.6186327002775633,0.015480668494203171,0.002011512635832643,29,15458,ok
GJ_463,0.8675280733139216,-0.0038972123751415204,0.0044654950817923904,35,15910,ok
GJ_480,1.4048937035963065,-0.0021427339716846147,0.0015804654015973006,16,12016,ok
GJ_486,1.219738082946184,0.015113571666249168,-0.006034243262128822,251,12089,ok
GJ_504,3.0978965667205247,0.12438266015300434,0.033899677127383565,72,12936,ok
GJ_508.2,1.1215283620070817,-0.015700551089888815,0.007485502823969599,100,11958,ok
GJ_514,1.374313179223363,0.021430084241501408,0.0007054696411100057,63,12968,ok
GJ_536,0.9588628788565191,-0.0022275886193763904,-0.0015022031670677987,277,66212,ok
GJ_581,1.2654930847521089,0.0029176260034574383,0.003141994799887775,82,41681,ok
GJ_625,1.0267947786275406,-0.04351282805492375,-0.006191903123208621,135,14461,ok
GJ_649,0.7462962542319399,0.015518001942431494,0.0028335517111933457,87,16918,ok
GJ_674,0.7417254739804605,0.09857475998721796,-0.003935060711707454,129,13669,ok
GJ_676_A,0.9677106383977411,0.0038873482218899106,0.006744616946806224,455,12531,ok
GJ_680,1.1998337594900197,-0.03971703009402019,0.005192253213953855,376,111593,ok
GJ_682,1.1607406600513177,-0.011197438417976057,-0.008214883722190902,193,13700,ok
GJ_685,1.2420416401793306,0.013645994573594214,0.01016134110459569,110,17999,ok
GJ_687,1.2165364995628019,0.029088087035986875,0.013627916607297714,91,18084,ok
GJ_720_A,0.9099777573723787,-0.01122358772282537,-0.0003725839883539294,259,17384,ok
GJ_724,0.9607332025066965,-0.003389395216113059,-0.0054670247346953055,157,11748,ok
GJ_740,1.118582290803653,0.013859069775822443,0.009163226242808156,218,8702,ok
GJ_806,1.2497376785578715,0.021367908874566573,-0.0021791918023173515,782,15165,ok
GJ_832,1.3078035967931925,0.005811547277127742,-0.003055477049156739,158,17636,ok
GJ_849,1.0030608973903354,-0.004992963271103015,-0.0013016584877096455,1574,51369,ok
GJ_86,1.041547228559395,-0.060954452596215056,-0.011137075311054094,291,17123,ok
GJ_876,1.7999393730463944,0.0016790551164192148,-0.0010348857311158885,62,18072,ok
GJ_887,1.0658466537669506,-0.011064432258157116,-0.0073139762872152635,349,16873,ok
GJ_896_A,25.098666358890267,0.723235038971993,0.10848948452144509,777,108928,ok
GJ_900_A,0.9591259042967053,0.1387427085665187,0.035875995954143924,392,66698,ok
GJ_9066,1.3904172537817594,0.21181420931240574,-0.0016490324425133694,104,14672,ok
GJ_9404,0.9369879689230343,-0.020288640913130047,-0.010155352048609179,95,15694,ok
GJ_96,1.4062136594999148,0.006161533767978507,-0.0008779680519856482,61,14914,ok
GJ_9689,1.1064414592824907,-0.01765540633434607,-0.002597127856687616,131,17120,ok
GJ_9714,0.9830250975732019,0.08800863554094747,0.020496493875182948,170,17466,ok
GJ_9773,0.8312354524352504,-0.003882309454962492,-0.00639138317397193,140,12736,ok
GJ_9827,0.9868679055385825,-0.006674731902695451,-0.004274433109105421,1945,59257,ok
GPX-1,1.3792300128080133,0.001314456687511606,2.2563817789048123e-05,772,16439,ok
GQ_Lup,2.9753595149856458,0.9427815170808196,0.1383748269163989,172,13194,ok
GU_Psc,0.7808381295790471,0.23277522896904831,0.018392920609389258,1201,8173,ok
G_192-15,0.9774466395748197,0.05347613050931876,-0.041008033583558055,1861,9245,ok
G_196-3,2.426491805766518,0.7925096317043315,0.007405197152329699,286,17725,ok
G_261-6,1.0757838084878255,-0.00873874111214287,-0.006035200378124103,147,17861,ok
G_264-012,1.236914379766367,-0.006745591982128289,-0.019062555837370126,90,14143,ok
G_268-110,1.0938272322671851,-0.08579417386931902,0.0029982334659401596,163,12166,ok
G_9-40,1.173432520551869,0.009000445766219124,-0.0034812951703216155,176,14571,ok
Gaia-1,1.770087458234715,0.014901810921051934,-0.017443448811557703,215,13202,ok
Gaia-2,2.583574184890089,-0.0020803722062383893,-0.005076893777354885,105,15180,ok
Gaia-4,0.7094503462136565,-0.007510561765753288,0.007607431968515244,55,13178,ok
Gaia-5,0.8753713206985446,-0.010310851602214396,-0.004329174947546257,163,17669,ok
Gl_378,0.8239181326976825,-0.015650094655871208,0.0014812856759091478,110,18158,ok
Gl_410,9.459303456543465,0.3005715593496188,0.019390461528872315,147,15398,ok
Gl_49,1.8789914180574434,0.04048271689382673,-0.005087425681792858,119,14597,ok
Gl_686,0.717414320705906,-0.00021010480492996867,-0.003708573343065385,136,16383,ok
Gl_725_A,1.1661527842216872,0.008930140036810271,-0.027874411911887272,327,11936,ok
Gliese_12,0.9954146848488802,-0.005373599073263599,0.005681418710209507,1484,57309,ok
HAT-P-1,1.1135342078760146,0.0021977265183923483,0.0070293314148457365,1358,107459,ok
HAT-P-11,,,,7,17852,insufficient in/out points (7/17852)
HAT-P-12,2.62203742487043,0.021036670256149588,0.008199072383503111,84,11754,ok
HAT-P-13,2.0430327126739396,0.01798418441224371,-0.006830246774623105,85,15714,ok
HAT-P-14,2.321717633077178,0.009917405757576022,-0.009577576140298916,83,16705,ok
HAT-P-15,0.15899382400169298,0.017794910352168087,-0.012882996394430416,37,14566,ok
HAT-P-16,,,,1,12169,insufficient in/out points (1/12169)
HAT-P-17,3.64746115239387,0.021266791106977434,0.0016657833168100434,36,12372,ok
HAT-P-18,,,,1,11302,insufficient in/out points (1/11302)
HAT-P-19,1.1100056920788564,-0.006187291731773548,0.0021514824288361737,760,102542,ok
HAT-P-2,1.812378859276036,0.037696835817094064,0.005185271702820256,115,17217,ok
HAT-P-20,4.379870764818223,0.2487227499775438,0.05777002492314945,42,15170,ok
HAT-P-21,0.5097551036730992,0.028272434044901453,-0.00011290331636070478,222,15370,ok
HAT-P-22,2.6611560499162628,0.0187199639017301,0.009873227235737823,45,17825,ok
HAT-P-23,2.1922401158361606,0.07529703661445422,-0.007971663178045594,1058,13259,ok
HAT-P-24,0.6512901602854841,0.0042860802976928646,-0.005408593888424114,346,14080,ok
HAT-P-25,0.4109402989808232,0.0498908633178118,-0.015987847265963914,109,12327,ok
HAT-P-26,0.8116622673357373,0.009742378707528858,0.002093157887779447,89,10491,ok
HAT-P-27,1.4810425896218737,0.023820136122831268,0.00629052169486138,24,7070,ok
HAT-P-28,1.0084729415178908,0.04158888317161155,0.0030166086603219764,486,15942,ok
HAT-P-29,1.0555264105466244,-0.00412761057537482,0.003845588937223205,2570,101647,ok
HAT-P-3,3.743533465979838,0.02105125760812046,0.011667561331002796,18,12620,ok
HAT-P-30,4.0204187198444625,0.035363667552202015,-0.005805993367618197,40,15261,ok
HAT-P-31,0.8926836121803982,0.0022331234812173265,0.006561748544389243,490,14808,ok
HAT-P-32,1.5184269640578612,0.04126703876144764,0.019108031268480694,162,105694,ok
HAT-P-33,3.367375547090439,0.034512173617072255,0.0019539734903620226,46,15660,ok
HAT-P-34,5.300006355625532,0.08192957619245009,-0.014859615233765363,70,12708,ok
HAT-P-35,1.527256875816019,0.03858642786173347,-0.008635924715595093,449,14460,ok
HAT-P-36,0.17516686093557188,0.06097450415850943,-0.0088090053888304,23,15288,ok
HAT-P-37,0.18681151828669076,0.6553948553007596,0.1650417511123961,1576,8389,ok
HAT-P-38,1.0588617188231297,-0.007574078875109431,0.007491311014049356,2224,90903,ok
HAT-P-39,2.0662047026436485,0.01655846206072599,-0.006790300229412092,618,13491,ok
HAT-P-4,0.5054386362047013,0.04204678654140216,-0.0013979097925452947,193,13233,ok
HAT-P-40,0.9536283856124936,0.001539256347110835,0.005764036748996668,519,97775,ok
HAT-P-41,,,,6,8528,insufficient in/out points (6/8528)
HAT-P-42,1.8217292535664489,0.01320491504985601,-0.001912352136304538,306,11665,ok
HAT-P-43,1.3293455364447169,0.02179201470409768,0.003915327442426597,341,14748,ok
HAT-P-44,0.5211070970029941,-0.005175963590844287,0.005519098236879485,159,14309,ok
HAT-P-45,0.4879398327572342,0.004604918356821964,-0.022656539748148394,167,10886,ok
HAT-P-46,1.0120589483195392,-0.005003839125339806,0.002994249251706671,378,68371,ok
HAT-P-49,0.4424116820772686,0.03888992533970887,-0.001701260978467402,258,16208,ok
HAT-P-5,0.7382381478346399,0.004869188381972821,-0.0013426642977658824,200,15452,ok
HAT-P-50,1.696812765481589,0.05047294232536664,-0.0407275257317754,692,13821,ok
HAT-P-51,0.9425410943005152,-0.0009578840130472455,-0.005126804020703915,396,16494,ok
HAT-P-52,1.0233120427458788,0.006816639740851965,-0.009937368977596927,378,12808,ok
HAT-P-53,1.387572023549888,0.02016943075231418,0.012376662975585522,490,10782,ok
HAT-P-54,1.2775466796000408,0.008895771221611113,-0.011613431732844856,82,15179,ok
HAT-P-55,0.8677079728347707,0.007182248048306082,-0.0033249158950362672,205,13026,ok
HAT-P-56,2.947005128912262,-0.03666232964344883,-0.0063076023275687705,102,15424,ok
HAT-P-57,1.1925223143490509,0.019892567474715826,0.014466551780854143,692,65184,ok
HAT-P-58,1.7542187063814145,0.0195912690621672,0.002932496492248839,569,13922,ok
HAT-P-59,0.36083462185592247,0.0018849168366513237,-0.008033063835378863,95,13824,ok
HAT-P-6,0.991602086393903,0.001221664535617201,0.008905322383851264,1647,98194,ok
HAT-P-60,1.0324070458764436,-0.00018234359165257463,0.005589921889354042,1385,107269,ok
HAT-P-61,2.02049973140088,0.004231698833481949,0.0016742647312995072,369,15014,ok
HAT-P-62,1.5530204749669256,0.02449189229615397,0.0005283658363238707,628,14290,ok
HAT-P-63,0.8699579664437098,0.009394018470740057,0.002199756177714536,204,10865,ok
HAT-P-64,0.8506940538303096,-0.003912089747404028,0.00837694483728389,547,143645,ok
HAT-P-65,1.0475127491458653,-0.015099254371845679,-0.007185461649184767,538,10891,ok
HAT-P-66,1.2654767621985903,0.012172224722930133,-0.007820858372912454,591,16049,ok
HAT-P-67,0.78749103065298,0.11080256641419586,0.0016076514256698243,22,16947,ok
HAT-P-68,0.5466901136959612,0.02920991504792403,-0.006349538759448189,166,14049,ok
HAT-P-69,0.9944825883375852,0.01335016624241638,0.009536419881056234,897,92796,ok
HAT-P-7,1.3808008712191326,0.07820361285530003,-0.013646237311923895,190,16348,ok
HAT-P-70,2.859203685738865,0.0476878524541818,-0.01054461377845659,16,16112,ok
HAT-P-8,1.0532455089947754,0.008277409524739215,0.0032505470216453334,1723,105528,ok
HAT-P-9,3.2041450209128306,0.07548876661074652,-0.003858535883626293,457,14683,ok
HATS-1,,,,1,13847,insufficient in/out points (1/13847)
HATS-10,1.4487365069759661,0.010895328792539575,0.00799097159438603,434,13926,ok
HATS-11,1.0878093913821627,-0.026548238670232108,-0.014974445036181103,424,13697,ok
HATS-12,1.0067685006053317,0.0015714731821957677,0.0016913768589233754,627,12844,ok
HATS-13,1.4214301149347839,0.03460299073790898,-0.0024718731694040974,594,15966,ok
HATS-14,1.5669943908974298,0.008365943887657327,0.002847506969276786,545,16003,ok
HATS-15,0.912308927662635,-0.005086564812709697,-5.434137805055172e-06,739,12568,ok
HATS-16,1.226130684733592,-0.010238093078479515,-0.00821815993320472,586,16050,ok
HATS-17,0.9027628817068477,0.0037984035473250864,0.002243534925023697,227,14066,ok
HATS-18,1.3497047974112775,-0.007807626149246853,0.00022114362473300823,967,9747,ok
HATS-2,1.7162399806389124,0.03144712171723437,-0.0012831284892039884,599,11805,ok
HATS-22,4.250553322091145,0.034904978718218134,-0.018078305202122905,86,13098,ok
HATS-23,1.3271955469632346,0.004123588883941483,-0.005705238999781975,500,15098,ok
HATS-24,2.6413208971357904,-0.011214389855377385,-0.004334187737276409,935,13228,ok
HATS-25,0.807057419443594,0.0049635455354827135,0.01889828760594456,109,11177,ok
HATS-26,1.0681997708752649,0.0005732672389422395,-0.00175815644363085,787,10190,ok
HATS-27,1.0299412954684555,0.010217918903566815,-0.005552557312330461,320,13439,ok
HATS-28,1.2929044936706724,-0.005426324264515748,-0.02450400652813876,417,15128,ok
HATS-29,0.7044979080979552,0.24480932181398277,0.09792247683223494,1220,12400,ok
HATS-3,1.0130776489868607,0.0011347652660458401,-0.001068233194107421,454,15969,ok
HATS-30,1.61492001639569,0.08287305278404065,-0.005947509748083234,490,16415,ok
HATS-31,1.0783009535633372,-0.010290902732793471,0.006678802850964913,677,14632,ok
HATS-32,1.1258230118937511,0.01921299288052913,-0.0002516978125527393,520,16079,ok
HATS-33,0.089396501494933,-0.0019308977705587327,-0.011576509634669326,11,16302,ok
HATS-34,1.1379031536009128,-0.011957599451951772,-0.01752825735096626,297,16963,ok
HATS-35,2.5195130024952928,0.09063769598663655,-0.013642102719747348,693,11430,ok
HATS-36,1.11484550637516,-0.012610680231971266,-0.023934431701028505,490,13445,ok
HATS-37_A,1.3916284001639014,0.015571825856041483,0.038020652096123556,55,2869,ok
HATS-38,1.0452445239567785,-0.004879861125745488,-0.010610261752822245,428,14495,ok
HATS-39,0.981221176478338,0.002171115889371853,0.013912072234559408,1716,91166,ok
HATS-4,1.3231735603826915,0.002129797493477175,-0.005580696234814144,543,12510,ok
HATS-40,0.9768411600442654,-0.007723406575401742,-0.002386800639488328,674,98646,ok
HATS-41,0.9452590728858471,-0.0063454213731077465,0.0038364329488627886,2011,93460,ok
HATS-42,1.0171181367223345,-0.005558479165628761,0.002526857209676065,828,99280,ok
HATS-43,0.5170611297819727,0.0014712677376988543,-0.0005559878464687889,275,15875,ok
HATS-44,1.4490265821147195,-0.011388903149988779,-0.00272860565460727,204,16212,ok
HATS-45,1.2026527411415497,-0.00685231982649808,-0.0006732679904654131,240,13555,ok
HATS-46,0.9994170476403633,-0.0034753509722523527,0.0006426677343152953,131,17508,ok
HATS-47,1.1294302316125688,-0.0038207645400545305,-0.0044088227935460255,155,15944,ok
HATS-48_A,0.969389248864535,-0.003991297733333843,-0.0034401966109558705,405,15671,ok
HATS-49,1.151359053435618,-0.0036383962820625898,-0.002820843198184087,190,13314,ok
HATS-5,3.2449144699981805,0.026485183860811674,0.006318456261766142,112,16386,ok
HATS-50,1.0731097942931718,-0.010557678817232873,-0.011201968184129605,426,13835,ok
HATS-51,1.1104759040161736,-0.0023691221579851414,0.00418743978560142,1865,94673,ok
HATS-52,0.9637990320979155,-0.0031220033455232284,0.0016748762277192092,702,77273,ok
HATS-53,1.3205740341400822,-0.011166275164977273,-0.0064301379506115945,354,13924,ok
HATS-54,0.9924201571760909,-0.00858539673879052,0.0009234742817127412,1857,85381,ok
HATS-55,0.9753192498996852,0.009934653048093618,0.009552011800188054,1305,93799,ok
HATS-56,0.9886241267231395,-0.00041602229740466925,0.0048859506956170215,1130,86999,ok
HATS-57,1.0999792776137622,-0.002927265669737856,-0.0016632131110484772,985,90579,ok
HATS-59,1.3643703760153374,-0.017744651113579143,-0.0007130080414573031,346,13889,ok
HATS-6,2.8450393668619975,0.03549489522704128,0.0017349803197497153,211,13685,ok
HATS-60,0.9366648544620267,-0.0020500540845013264,0.006322826577403241,1312,81823,ok
HATS-61,0.9600138326934999,-0.007172319407446892,0.00621401161241925,1548,88908,ok
HATS-62,1.2313620132925562,0.009910898299674554,-0.0038506001735130204,393,13898,ok
HATS-63,1.023324102458701,-0.0030526325471268135,0.004344685119349166,1975,87937,ok
HATS-64,0.9160587480194152,-0.014140846332053585,0.00367359011766773,709,76551,ok
HATS-65,1.8619797519631325,0.03445638101107498,0.004607036945046974,337,14179,ok
HATS-66,0.9480471819932282,-0.007364379913737525,0.0023701037239403965,1211,98046,ok
HATS-67,1.0017253449022854,-0.011215258930027922,0.008051556163672794,1770,84324,ok
HATS-68,0.9247708365810747,-0.0036081524871741594,0.006152127214481695,800,85902,ok
HATS-69,0.9853852325142585,-0.013808579407368066,-0.0029551789135750088,1600,80964,ok
HATS-7,0.8691440514395419,-0.022598811131924884,0.007231689045603944,195,10936,ok
HATS-70,1.053435284885634,-0.011775564621594932,0.0005634560917583282,1612,96024,ok
HATS-71,3.1771726504197364,0.0071985756290097475,-0.0044875310499704005,313,17037,ok
HATS-72,0.09323162357160693,0.0076699833601400385,-0.005715359736867383,19,9427,ok
HATS-74_A,1.3101621238144534,-0.015380031748356095,-0.00911302150860163,512,13477,ok
HATS-75,1.4673096748848626,0.005437348124339573,-0.011687644312044974,245,13633,ok
HATS-76,1.2703439275185264,0.005482234644575321,0.0008885094676902603,650,14784,ok
HATS-77,1.3472567738979218,0.0019325105802898573,-0.012252467981534374,270,14105,ok
HATS-8,0.9002574945701826,-0.013341190024214612,0.001623829999863757,388,14055,ok
HATS-9,1.2578632933652378,-0.015104740288749731,0.009624561347935786,798,11837,ok
HD_100508,0.968629134821621,-0.0014905875000838606,-0.0018760540929374486,67,15370,ok
HD_100546,1.0619419824426028,0.9726034987710779,0.26740133411848044,1049,10953,ok
HD_100655,0.7678628388047433,0.5619504374429596,0.15067497812702327,138,15619,ok
HD_100777,1.2093388205225248,0.01849675801643574,-0.004299383918473505,62,15776,ok
HD_10180,1.0407046691284665,0.013423087399829304,-0.015577758180100635,324,16935,ok
HD_101930,0.8950737539217392,-0.005677848933601525,-0.0057193366748328625,96,15110,ok
HD_102117,1.0737945160105322,0.03110035717966684,0.0011400117145739098,72,15218,ok
HD_102195,2.004132704298905,0.11349246574302595,0.04296303095705674,273,15335,ok
HD_102272,0.7985430619260988,0.20137412261880536,0.12988598526773176,130,15653,ok
HD_102329,0.9667548486878031,0.27688193034726327,0.04644732355060342,199,15438,ok
HD_102843,0.93062985324058,-0.0006783277158521528,-0.007816328875459598,373,15466,ok
HD_102888,0.9078502795983935,0.4595160629808427,0.0666577232714522,784,11454,ok
HD_102956,0.9900915567722606,0.15267992908667455,0.016463504382241742,835,15162,ok
HD_103197,0.9612211760533953,0.006906566205132857,0.004604200388884921,199,14615,ok
HD_103720,0.758622412923223,0.03197386805713718,0.009536669842164076,88,15401,ok
HD_103774,0.8354330409327624,0.0024838847316580414,-0.006323175697050696,85,15681,ok
HD_103891,1.0566033443092642,0.07429272470958688,0.01295309634482157,125,15578,ok
HD_103949,0.8974494292679711,0.014709799050205863,-0.01650673400081187,90,14238,ok
HD_104067,0.9655782499314445,0.009814391382954106,-0.00225016177290689,353,13121,ok
HD_10442,0.8987071171295902,0.19897564874947443,-0.03971515525777922,373,14720,ok
HD_104985,0.5374627810606886,0.6738530090184836,0.4135551106121906,380,16896,ok
HD_105618,0.7397241930935838,-0.006537893420518214,-0.0038185861338258325,78,16698,ok
HD_105779,1.0069443187135079,-0.014676810660994202,-0.004525593940417589,73,14563,ok
HD_106252,1.6417388771874404,0.017307649213722773,0.002428467997719771,91,16626,ok
HD_106270,1.1679868615715074,0.06851153672953336,0.0006241987200250518,95,14501,ok
HD_106315,1.0402134585807268,-0.0025311685240123664,0.002048114928270169,151,15782,ok
HD_10647,14.743268898003727,0.26013901693738056,0.03983556830748437,125,17820,ok
HD_106515_A,1.0207694754542238,0.0013999670881192448,-0.004273409063469079,68,15695,ok
HD_106906,1.055323182586054,0.018161298886762413,-0.004016092431738371,159,14936,ok
HD_10697,0.9315483916372994,0.08319236125603155,-0.0035999025852251044,58,12444,ok
HD_107148,1.2965833437931802,-0.008759600862517201,-0.014759708898183278,113,15543,ok
HD_108147,0.787148577475276,-0.06620579045038917,0.00841725929545444,112,11162,ok
HD_108202,1.5108404754153877,0.06860453900820204,0.029050867024620577,165,15781,ok
HD_108236,1.0782064439140724,0.015482102414222588,0.002316826328582677,145,15004,ok
HD_108341,0.9282049033154454,0.0013108247336793646,-0.013278283245291959,80,11343,ok
HD_108863,0.7341504801596197,0.12840016028690457,-0.007907801913321744,105,13011,ok
HD_108874,1.0201139347516623,-0.016383905081299163,-0.013624459591564135,63,13261,ok
HD_109246,1.0488479676091969,0.005639607664750018,0.002953301743186275,297,17381,ok
HD_109271,1.165901178518123,0.013354622687315968,-0.00712953250441442,235,13985,ok
HD_109286,2.6944983357415313,0.39944966762102946,0.12128806389072581,260,12194,ok
HD_109749,1.0202844290472466,0.0039237022727179405,0.0010976056830402938,46,15194,ok
HD_10975,0.9531192068471858,0.6853005443404665,0.30215416540973433,983,9011,ok
HD_109833,1.1831392098455673,-0.054481105257956984,0.009406869735939176,402,104726,ok
HD_109988,0.7392411931673337,0.0005377736584153664,-0.00864518759081622,114,14681,ok
HD_110014,0.9621939741698657,0.7303309640777705,0.4300768427316202,1356,11006,ok
HD_110067,0.7153808674199806,0.058256129367037085,0.028424718969496384,79,12593,ok
HD_110082,1.2495804787726112,0.010177115516119394,-0.0033744447079515037,74,14049,ok
HD_110113,0.9850174625189198,0.005546752413954754,-0.0032560279700114153,487,13447,ok
HD_11112,0.8644406923640398,0.04903341356156462,0.017959186298076166,125,12488,ok
HD_111232,1.5621835815936658,0.016656068749908742,-0.004074156301678426,27,11537,ok
HD_111591,0.8867239948643485,0.44564079587780747,0.0699709076322104,227,12147,ok
HD_111998,0.9233661508914541,0.08128909414355567,0.014987797129582684,460,14710,ok
HD_112570,0.7396362369230631,0.6616711826382021,0.31638545300884,1615,8887,ok
HD_112640,2.4353721531395367,0.190560371491162,0.08436547137699227,195,17679,ok
HD_113337,1.1140370560921664,0.07237819392152187,0.005970874119799979,149,17795,ok
HD_113538,0.6858942437361963,0.021320860214174422,0.003683475849425554,42,11537,ok
HD_113996,10.383994969823965,0.44920109297085953,0.1888241462593343,49,12957,ok
HD_114082,5.080188534557404,0.048214228832007246,-0.0011952382290991248,58,17829,ok
HD_114386,1.2031625886271469,0.001763916625249095,-0.012435107699587633,63,14842,ok
HD_114729,1.3538465890490101,0.06174388024169708,-0.007478004499453718,72,14805,ok
HD_114783,0.9580328405575808,0.0047935801157868085,0.0015863577216956972,2313,89626,ok
HD_11505,1.1355870357362536,0.02438746830817563,-0.004544790449748243,118,15588,ok
HD_11506,0.9048629321876643,0.005570468644438501,0.006570645822193725,126,12544,ok
HD_115404_A,2.319446321413996,0.08401041403393579,0.015556502764861918,143,12590,ok
HD_115954,1.0868917161814455,0.006825265790208917,-0.005931188761059237,93,16452,ok
HD_116029,1.001681981184259,0.2097668791829471,0.010360053025966105,571,11190,ok
HD_117207,0.966386576110891,0.00957409473011563,-0.0038990327893767946,218,10826,ok
HD_11755,0.8878599758439205,0.2880513144121437,0.15335569786668796,175,14450,ok
HD_117618,0.9334225830572296,0.01761751660736106,-0.007772651346042812,568,9364,ok
HD_118203,1.220023247076881,0.17395707145002628,0.05708832697531591,24,14498,ok
HD_11964,1.1101823632600751,0.1835887679614008,-0.035190059234101984,159,12185,ok
HD_11977,0.702328941265762,0.8952093257596095,0.3630094626910597,207,17473,ok
HD_120084,1.556279059335381,0.49495965906771533,0.06915439769125507,179,17700,ok
HD_121504,0.7865378221371117,-0.02098287063999353,1.8519006213984998e-05,71,11391,ok
HD_12235,1.2070550373166122,0.14889814833204176,-0.0017899428890795189,136,14132,ok
HD_122562,0.9907898755438062,0.06773298340581753,-0.00857211385725046,227,12511,ok
HD_124330,0.9998272140621524,0.012191532402079939,-0.013300362527681858,119,15224,ok
HD_12484,4.188791329190798,0.24056767961307,0.05104394752705252,112,14439,ok
HD_125136,0.9588027948585173,0.5432873008575375,0.07153365359536813,235,10663,ok
HD_125271,1.081086848056346,-0.0382235799848956,-0.004368531671777065,493,16514,ok
HD_125390,0.6740692632645621,0.1374335245363418,-0.033374320860209306,50,9887,ok
HD_125595,1.009986227737398,-0.027746492703880184,-0.005064687649296202,139,11130,ok
HD_125612,1.0490416650873697,-0.009349909569648375,0.008063512174903122,1591,68735,ok
HD_12648,1.5927310037335656,0.5575192941697059,0.3257066892642477,202,18872,ok
HD_126525,1.001034352985724,0.0012343442522201032,-0.015330028027401828,458,9828,ok
HD_12661,1.2526989750082145,0.0011374453432466845,-0.0006966310604503128,141,12200,ok
HD_126614,1.2179618389938571,-0.0004211018311209397,0.00777466019983571,88,7785,ok
HD_127195,0.9190088961919646,0.49325323329459325,0.07022689664232991,157,9818,ok
HD_127506,0.9326676042232419,-0.0032704241646394935,-0.009903587896080902,134,12936,ok
HD_128311,1.1695017546931568,0.002693357611248878,0.009897505892150145,179,52315,ok
HD_128356,1.054422956154202,-0.009312186018012472,0.015070752622914177,101,11313,ok
HD_128717,0.8396625319510749,0.004812926547215206,-0.0006441858756281229,147,15167,ok
HD_129445,1.174222814995553,-0.00944058307157764,-0.0024693935262396723,73,14087,ok
HD_130322,0.9617165551421791,0.004578228601669408,0.015627794790579744,21,8049,ok
HD_131496,1.055865347451237,0.25102613769253646,-0.05142987396043676,116,7520,ok
HD_13167,1.0590257900920974,0.05022218338486685,0.002390451536153583,70,12713,ok
HD_13189,0.8260999904457688,0.2688850449756739,0.17517934641073854,138,10653,ok
HD_132406,0.8624632320239242,0.02114584810886243,-0.005149526932485811,84,15119,ok
HD_132563,0.9438259612928952,-0.002301116357463493,0.01072554412397701,89,15024,ok
HD_133131_A,0.9750312332497393,-0.010390320839565323,0.0007928816286917616,137,11161,ok
HD_133131_B,0.9832031634406567,-0.014410139786071603,-0.00489823166441189,422,10021,ok
HD_134060,1.0483997471338178,0.01317955670401311,0.010377568594108755,2617,96531,ok
HD_134606,1.0351855536615673,0.03674035193461251,-0.007433941982670364,334,13024,ok
HD_134987,0.8328975835421555,0.06329069617819481,-0.008419928907458116,55,11462,ok
HD_135344_A,0.7967688958901717,-0.01862483970620727,0.03907954402728742,777,8741,ok
HD_135625,1.101458387146257,0.012254305808476109,-0.011815723404630635,251,17213,ok
HD_135694,1.167803307679221,0.00235516692410868,0.00545763369179518,86,15807,ok
HD_136118,2.5222999892599254,0.013576741809453053,-0.023325603561123953,19,6716,ok
HD_136352,0.7154671295410091,0.043585453263204954,-0.00044136685616893805,46,14060,ok
HD_136418,0.8156439967551447,0.1770487616562725,0.026625959926600787,102,14833,ok
HD_136925,1.7535505551503876,0.03305269472418391,-0.024066072670801075,54,7751,ok
HD_13724,1.0175346663182931,0.11727705282220545,0.04217136270074093,153,12534,ok
HD_137388,1.0090330455755878,-0.05248193950007347,-0.0009754902442890824,393,12808,ok
HD_137496,0.813126709406024,2.817421807990875e-05,0.01323335910709048,73,12211,ok
HD_13808,0.7176478967011646,-0.006750493830137139,-0.0017928124039157966,154,17710,ok
HD_13908,0.9641895511636732,-0.002291150604542069,0.003594957669593626,1666,106556,ok
HD_13931,1.2133090489816167,0.022486619263661047,-0.004604632732160749,93,14450,ok
HD_139357,1.7477268471989191,0.7846706193128784,0.39389512283731526,1786,8482,ok
HD_1397,4.0869402014962395,0.09178534750430298,-0.003608340450274382,29,17571,ok
HD_14067,0.7701489044304437,0.650975294563948,0.3401625462492244,737,11083,ok
HD_140901,0.7307705721828462,0.06298216239606427,0.007079682839489075,413,111966,ok
HD_141004,1.7751007191739994,0.13359832459927157,0.022764716426274586,134,54411,ok
HD_141399,0.8958756854578223,0.029807506694834153,-0.01002269514474032,216,14470,ok
HD_141937,1.0390538205607496,0.0017988280800326128,0.0019976982604868925,1621,68615,ok
HD_142,1.397546159966289,0.0627423957799034,0.003251460959659243,98,17900,ok
HD_142022_A,0.8752101169936543,0.007835052356350616,-0.005557545238678855,54,14114,ok
HD_142415,1.281192570237487,-0.01710517339997272,0.0012645155582475815,163,13731,ok
HD_143105,1.5027087031556274,0.05485327631684359,0.0006501513640875624,89,17305,ok
HD_143361,1.1024159088019836,-0.008498997595667981,-0.015531127660696897,1119,9959,ok
HD_143811_A,1.1636740346879262,-0.011372699783502267,0.00587930440644596,161,13744,ok
HD_144899,1.4827379858992038,0.013720806670935465,0.0021658598350625773,64,13622,ok
HD_145377,0.8352564854083967,-0.0011340691348806014,-0.0005616502060707795,212,74368,ok
HD_145457,0.6862542146661074,0.5138837746657805,0.25288102774449356,371,14862,ok
HD_145934,0.9264634566427714,0.13716165718266263,0.01199801190240411,53,7559,ok
HD_1461,0.8833130630527821,0.04838721301452898,-0.0004969109015018996,203,12363,ok
HD_147018,0.9573885262886267,0.0029521438812498495,0.01710864472969066,136,13857,ok
HD_147379,0.6034053659817366,0.003153835719820019,-0.007608191971235395,54,17314,ok
HD_147513,1.174788949450877,0.2787198077115517,0.08408486330431864,188,13685,ok
HD_14787,1.051955235465084,0.22006075070449996,-0.026801271176631187,119,12451,ok
HD_147873,0.953617335945114,0.0333780080010545,-0.011831796068080283,162,13748,ok
HD_148156,0.8146858031747416,0.01247990918335082,-0.0006856871791347326,263,13330,ok
HD_149026,,,,0,14841,insufficient in/out points (0/14841)
HD_150010,1.2373631088851917,0.1932139538548729,0.10831874672061192,342,16279,ok
HD_1502,0.9153332241447997,0.09253939672448089,-0.01038033176882221,74,10803,ok
HD_150706,1.1151595222787092,0.02184028394849124,-0.004558392792436648,148,17824,ok
HD_151450,1.0004053190811026,-0.004317682406045337,0.0018467163489223018,1098,71037,ok
HD_152079,1.0647262790799774,-0.011032809334600767,-0.0052915197083457715,414,12683,ok
HD_152843,0.9567054187435422,0.018897914933871836,0.0006817055473282572,395,15638,ok
HD_15337,0.9807313810318063,-0.004231902274468172,-0.023260143313415332,115,12568,ok
HD_153557,0.6299483979647392,0.13246263787115603,0.024423405546248785,142,17545,ok
HD_153950,1.0377701195407285,0.018544349157317612,-0.003981411548271175,122,13838,ok
HD_154088,1.0188026852849905,0.021773685379508686,0.005997451555661022,679,73036,ok
HD_154345,0.9568794861958524,-0.0035887485489958363,-0.005327626440582805,112,17761,ok
HD_154391,1.1626209429688072,0.5208526802914343,-0.08070187635990042,203,17374,ok
HD_154672,0.8611067384037897,-0.007604520833580611,0.000341053558153007,92,13938,ok
HD_154857,1.02773818485392,0.07360495197115076,0.008905692112477237,55,14114,ok
HD_155358,0.9047009754065006,0.019031290232629828,0.008062390068614714,334,12801,ok
HD_155918,0.7368100233580056,0.015605996621771407,0.010146547283110818,63,13986,ok
HD_156098,1.0248850643399605,0.18405344206259508,-0.025415393832029582,99,13950,ok
HD_156279,0.9134427066514854,-0.0034515635550343153,0.002568052664937384,142,17805,ok
HD_156411,1.1026352992933597,0.1080845174941227,-0.004096343176336881,82,14087,ok
HD_156668,1.035761621820034,0.0042027373589122565,0.0014481022313640418,53,13829,ok
HD_156846,1.0029689827341643,0.01634207330244345,0.0027550391785025174,503,73528,ok
HD_158038,0.6263037155853453,0.099381085484269,0.01476315598117656,22,9265,ok
HD_158259,1.0064079322978552,0.027225850940317032,-0.0006456676555317966,396,11736,ok
HD_158996,1.999850217987485,0.1944358900512661,0.0035226470394213254,118,17880,ok
HD_15906,1.0718346994581691,0.028678295612307853,0.0018777028784598775,91,14484,ok
HD_159868,1.1914901390067567,0.06684994482995041,-0.0024785189351350986,143,13741,ok
HD_1605,1.3309560203702977,0.1725825024733171,0.018133273535132794,118,12557,ok
HD_160691,1.0009584767506758,0.17925898721636432,-0.012393017815430705,144,17809,ok
HD_161178,2.8790244442967805,0.7549757116106771,0.39360453849360805,178,17699,ok
HD_16175,0.8999948053553121,-9.354773132927644e-05,-0.01330325419725478,66,14510,ok
HD_162020,3.2695717640253155,0.046532581075517186,-0.0034306627222486646,71,17756,ok
HD_163607,0.82175356835427,0.02956366521672905,-0.005903436898343127,117,13806,ok
HD_16417,1.1741045192812318,0.12343407619399771,-0.021166457472147206,103,12573,ok
HD_164509,1.0312243992641217,-0.003390505387819424,0.010413242155047131,1081,81407,ok
HD_164595,0.8640680531271155,0.0031999846656419542,0.01624599960962681,163,18986,ok
HD_164604,1.1928504244572125,0.012949637676075806,0.012170924446052788,135,12648,ok
HD_164922,1.2205224201547271,0.01921595047839055,0.002606015990432655,86,19310,ok
HD_165131,1.0142678180113356,0.013107806109448108,0.0051945841259936135,400,74344,ok
HD_165155,1.0210342295520327,-0.010282301893471563,-0.011387848018074924,1780,10101,ok
HD_1666,1.22226986969183,0.01718863489096579,0.016738179184509677,122,13630,ok
HD_166724,0.9494925408433418,0.0011250792220732185,-0.005539980779270832,907,13555,ok
HD_167042,0.8580802629007767,0.27441678271422715,0.019982361873508974,133,13813,ok
HD_16760,1.0612124781964705,0.23320527319074238,0.0798764553211756,32,14637,ok
HD_167677,0.9511274238422958,0.009533972325719575,0.024018161531430635,189,12195,ok
HD_167768,0.5495607843823351,0.5567610974543823,0.2991354543229376,820,8405,ok
HD_168009,1.0852958584597854,0.04545527445424074,0.007271568657265661,123,17988,ok
HD_168443,1.0698703338259032,0.016099842347388302,0.007212307303498841,1440,89253,ok
HD_168746,0.9862364443834422,0.005151696972723987,0.008924417758966841,250,90419,ok
HD_168863,1.8169003783742426,0.10935864586838133,0.02051094878219379,206,12609,ok
HD_1690,0.7944045245659335,0.03589292715336263,0.031115128347247598,69,12552,ok
HD_16905,1.0277013668451993,-0.017913406138840977,-0.005459250363152631,98,17913,ok
HD_169142,0.7846063469561612,0.33553310219700233,0.15825715714773733,1070,9203,ok
HD_169830,1.0757529067421054,0.10202337027750795,0.0025865591069449603,211,16357,ok
HD_17092,0.7935306316111735,0.7005523461705363,0.4949887456064384,587,9050,ok
HD_171238,0.9789499261626068,0.00617620799583895,0.00898018744892966,533,86796,ok
HD_17156,1.522338461165502,0.014324473687665937,0.007005124226358815,129,14175,ok
HD_173416,0.7034984920469385,0.7162595981776008,0.42500934955006037,160,16261,ok
HD_174205,0.9146820420995556,0.20774753494651982,0.11186863997367216,348,17041,ok
HD_175167,1.0649036154818357,0.03770484344676525,-0.0033453577937050723,262,16244,ok
HD_175541,1.1832595073418029,0.12175978305555323,-0.0002455732773851684,69,11917,ok
HD_175607,1.3975952148011999,0.012383772895484094,-0.0010645852148105873,130,16748,ok
HD_17674,1.3531071530894694,0.025291731004580587,0.008061117198821091,105,14345,ok
HD_176986,1.0963014982845434,-0.004867693737600571,0.0036348030628444864,1179,82248,ok
HD_177565,2.1393472428527374,0.08956661364515778,0.003749077097686844,78,16872,ok
HD_177830,0.9417986649114282,0.22186487834021137,-0.015278326052939164,223,18705,ok
HD_178911_B,0.776267179652048,-0.023552794916202092,-0.006477468564965511,20,11851,ok
HD_179079,0.6285683887987646,0.041767293607080806,-0.009527683856816302,28,9515,ok
HD_179949,0.9817243191207057,0.019967038961814537,0.01163639703494868,1528,90352,ok
HD_180053,0.9904632662119088,0.08993506335128629,0.003853334657327854,1078,15195,ok
HD_18015,0.9627753107978128,0.035169756384709004,-0.014110302723897357,124,14401,ok
HD_180314,0.9109323282438774,0.1585738208261633,-0.011939901002539508,288,10639,ok
HD_180617,1.0381266114051941,0.04515502053954452,0.009260112811729672,107,9084,ok
HD_180902,1.683469424477078,0.1727011144004674,0.027297545412633,61,15479,ok
HD_181234,0.8452546951278471,-0.007899844656056105,-0.023998488450948405,42,9640,ok
HD_181342,2.079241663409383,0.22506006708517878,0.003685439683728719,116,15220,ok
HD_18143,1.1474342744745092,0.001930630618136588,-0.0017206711330183795,235,13857,ok
HD_181433,1.0694059687414665,-0.001846843344597146,-0.019444087629651923,430,12801,ok
HD_181720,0.9461330575043108,0.01631509108720658,-0.0005750226506620745,49,16999,ok
HD_183263,1.0811606718937734,0.0015429335348303938,0.002339819114581757,156,8949,ok
HD_183579,1.367285742366361,0.0014822693234908416,0.007891159538235402,336,16133,ok
HD_184010,1.5640337052805675,0.07362438940778704,-0.009410001375312517,188,12977,ok
HD_18438,0.8139344775889055,0.14815831199486218,-0.013606282338264768,66,16613,ok
HD_185269,0.8359942113296357,0.07182384807279525,-0.002419757908759452,195,18831,ok
HD_185283,1.0072985843001734,0.003453783781500468,-0.007657710735753541,321,15912,ok
HD_18599,1.34312316847357,0.31889305128917234,0.1573769150612972,328,16973,ok
HD_187085,0.9231263047235361,0.040700376009836316,-0.006933765670787672,100,16826,ok
HD_187123,0.9644555663890498,0.0017580402161902885,-0.012597484848816428,1020,14197,ok
HD_18742,1.145163502039104,0.24050781547964795,0.02130548277807068,175,14126,ok
HD_188015,0.9638624356869971,-0.0024783724577833355,-0.005424693026724353,289,17162,ok
HD_188641,1.7334261015824683,0.02919705217685801,0.004513256312460824,144,16098,ok
HD_189567,2.566499558127869,0.051491924617199265,0.02398233146561022,103,16731,ok
HD_189733,0.4726023934595817,0.2810832288616857,0.037779433076633596,1322,101186,ok
HD_190007,0.9669173765551996,0.0316315193652213,0.009393010634040161,56,9258,ok
HD_190228,1.164494252634772,0.07224517333591955,-0.022409897201636747,168,13626,ok
HD_190360,1.0883936283767646,0.08374985845747072,0.0040240903438685804,64,15182,ok
HD_190647,1.0635102512579704,0.028986746233031612,-0.005849461801849327,264,15718,ok
HD_190984,1.180293268895024,0.022400368355975496,-0.0012359731695691391,565,14930,ok
HD_191806,1.1854977224028682,0.012405952326461314,0.00398868859889398,180,17693,ok
HD_191939,1.4163586279284865,0.014468816946549898,-0.002819176359528641,97,12931,ok
HD_192263,0.9154743094322881,-0.03048919412181492,0.005190302306371498,159,75978,ok
HD_192310,0.6618485125799356,0.026896557476944697,0.00878724029970715,144,16274,ok
HD_192699,0.774928694998304,0.3813398617385024,-0.015030190886779213,28,9310,ok
HD_194490,0.9959540959877339,-0.002883692775064954,-0.005461386058401807,255,15700,ok
HD_195019,1.0235978159045407,0.04259058077274767,-0.018167390992577456,218,17900,ok
HD_196050,0.9344039123946801,0.024887106975300482,-0.010121934529335547,119,16781,ok
HD_196067,1.0286188834638033,-0.05133627288964002,0.011591963299974428,1037,13245,ok
HD_19615,4.543043480294382,0.12243404160131056,-0.0010624857812559982,64,16470,ok
HD_196885_A,1.273144131708514,0.029609680828052657,-0.010569326460846136,67,13119,ok
HD_197037,1.0100605317906068,0.0205062050686882,-0.00928662834797293,275,12120,ok
HD_199509,0.9770328031833908,0.008855072962560691,-0.008328304772119745,157,16589,ok
HD_19994,1.0760286196422124,0.15096861460605368,0.02103624866297043,189,14000,ok
HD_20003,0.9982334378984553,0.005096567634075414,0.004211121878519968,233,17381,ok
HD_200964,1.222015963642518,0.47562154491952535,-0.041037698985536705,172,12781,ok
HD_202206,0.9933612560635684,-0.0019154200265161362,0.00032640590231227816,2197,87108,ok
HD_202696,0.9438159846611263,0.20214113404420697,-0.032367898009467426,391,17243,ok
HD_202772_A,,,,5,16647,insufficient in/out points (5/16647)
HD_203030,1.3111040527319175,0.14190248470070163,-0.01909593930734097,44,12996,ok
HD_20329,1.0960087109129912,-0.018623412006814704,0.00434865213907371,457,12285,ok
HD_203387,1.3934183761376964,-0.22842021519909683,-0.001982262261595979,371,91701,ok
HD_2039,0.9792844609754718,0.007558830097312116,-0.0008108866498843687,207,17344,ok
HD_204313,0.9501315084754016,-0.021407751322709976,-0.009868970973889828,624,15690,ok
HD_204941,1.1152529003608243,0.0250333284785701,-0.013095392059643567,127,17734,ok
HD_205158,1.4147341799601334,0.009263617981687967,0.0034824568390962444,116,17823,ok
HD_205739,0.939103347100703,0.021178587198742042,-0.011820472733979613,140,17677,ok
HD_206255,0.9513855549114018,0.061426347218200346,0.0005572344294834967,338,16768,ok
HD_206610,0.9427853992740709,0.1730578372789689,-0.017646079502711437,916,12756,ok
HD_207496,2.2501611489060145,0.021559193029888808,-0.010812629117915421,232,16406,ok
HD_20781,1.107175113523049,0.001325213654187838,-0.0016563128599410646,45,14514,ok
HD_20782,1.3019423955220129,0.039059206926944964,-0.011705451210100913,254,13825,ok
HD_207832,1.4147254381557282,0.014567676742164479,-0.006334819730483648,69,17947,ok
HD_207897,1.3933796015563535,0.01587586506563836,0.013565409094871955,253,13834,ok
HD_20794,1.0321703153941642,0.16881767439139095,-1.9712559621958976e-05,114,13096,ok
HD_208487,1.0510339550746386,0.01688280828537683,0.0021473833000982276,155,17421,ok
HD_208527,1.3862003963469165,0.014362881307266337,-0.011904788881775603,58,19254,ok
HD_20868,1.0388889520477533,0.004211832838020411,-0.002544019164281134,325,13423,ok
HD_208897,0.9918673174520396,0.22611897302776438,0.004005516070790679,297,17601,ok
HD_209458,1.2917138910074828,0.02566367733428236,0.005301647122965712,953,107276,ok
HD_210193,0.9646810449032654,0.03591923803036111,-0.009893647532221952,42,17890,ok
HD_210277,1.0560795704036756,0.017918888954616845,0.0088437962068651,406,69184,ok
HD_210702,0.984620559155086,0.5474550909695383,-0.016026105862596597,610,16249,ok
HD_211403,1.0228809603002633,-0.004130673347693715,0.0033126287746290412,586,16678,ok
HD_211810,1.0196052149166976,-0.020050616471152406,0.005725837972025017,1503,96100,ok
HD_211970,1.1441335826696373,0.0026815655971304062,-0.015458469831593314,128,17521,ok
HD_212301,1.6804025771391928,0.005219295525681471,-0.017856360172561064,54,18035,ok
HD_212771,1.0265686047522065,0.22226273942284222,0.027494448184446595,589,15819,ok
HD_213240,0.8669001005255871,0.06771208029916156,-0.010031501267099186,207,17473,ok
HD_213472,0.9312660692102743,0.01987805470979472,-0.01385044180689273,249,13389,ok
HD_213519,0.9896276347646945,-0.0054800811984933254,0.008619715413430238,2920,102497,ok
HD_213885,0.9780408052475595,0.016435464816667307,0.0017589297062934018,846,14889,ok
HD_21411,1.2692973476763776,0.0484930012197919,0.015419123371715795,149,14181,ok
HD_214823,1.0912320085868126,0.0024515849315047034,-0.004778210534457888,137,19073,ok
HD_215152,0.494331068643058,0.019167744578437285,-0.007571301268725008,40,9451,ok
HD_21520,0.9074822113922867,-0.007562080110340368,0.010516336125349704,144,12958,ok
HD_215497,0.9786561772598279,0.007488770060350899,0.0037383047400791933,88,17913,ok
HD_216435,1.2718368525631614,0.1635359607056283,-0.008582558833571773,101,17871,ok
HD_216437,1.0329164682061889,0.11545295689802539,-0.00401202743581492,106,17910,ok
HD_216520,1.2455736971200382,0.024904733204313287,-0.0011557975722925687,330,13489,ok
HD_216536,0.8874807306743597,0.31229872251394714,0.1853518213350706,576,14889,ok
HD_216770,0.9294451350924282,0.0020994703528983204,-0.005074461567070766,230,17389,ok
HD_21693,1.017500812364854,-0.002727837654578604,0.0006508561168210967,523,16245,ok
HD_217107,1.6450002364159049,0.041554009142143335,-0.019165368152747976,54,9479,ok
HD_217786,0.9137723821671608,0.07894649472942891,0.012449589355053041,70,9338,ok
HD_217958,1.139353265940951,-0.0058407753907699905,-0.009750986639915813,87,14423,ok
HD_218566,0.9988744226104139,0.02352682504736342,0.00364716430982802,75,9367,ok
HD_219077,0.9052232595328639,0.21419375490793363,-0.003038515411198577,158,13089,ok
HD_219134,1.4548200925265842,0.11429782401091075,0.008898622495948905,253,14221,ok
HD_219139,0.5445744958916648,0.8437504324600885,0.4189982923684268,125,18241,ok
HD_219415,1.1437740215804848,0.12527910681043838,-0.01933269696561814,167,12312,ok
HD_219666,2.0152662177576652,0.010296278813550582,-0.0008473008580586101,225,17249,ok
HD_219828,0.9650981304861203,0.000708916124678534,0.003894334581516598,1069,108926,ok
HD_220074,2.7784608144586302,0.57047370447482,0.2513369906294846,166,13964,ok
HD_220197,0.9820747017905989,-0.0002683986664563618,0.013786911599940851,125,18307,ok
HD_220689,1.0087479366886374,-0.002106231133069632,-0.0009814149651225625,198,17493,ok
HD_220773,1.254604292379921,0.0374662681875663,-0.014990091010954058,108,10846,ok
HD_220842,0.7999225652194109,0.027568253760581866,-0.01671783344486566,50,12672,ok
HD_221287,1.1334000083889324,0.0024100005650458532,0.006770744899949888,190,17632,ok
HD_221416,0.6613220338484764,0.0923520105625807,-0.030621230604467937,64,18034,ok
HD_221420,0.9521589525967202,0.24299128171540504,-0.009020442441159102,172,17768,ok
HD_221585,0.952289322318741,0.060284644145614914,-0.003703985024821075,105,14205,ok
HD_222076,1.123496581467883,0.3626051546935395,-0.003939773370317203,249,17208,ok
HD_222155,1.0133149287005854,0.0681312884407497,-0.023867304154055264,169,12483,ok
HD_222237,0.9687313092736616,0.01709982645034087,0.007779209464324422,172,17620,ok
HD_222582,0.9835264568651355,0.015010242500389966,-0.0038414639001819353,110,11111,ok
HD_224018,1.0292634904807514,-0.0074509761980868635,-0.00844373858169232,269,10468,ok
HD_224538,0.94112448636461,0.013305509436442181,-0.006130016585547812,145,17680,ok
HD_224693,1.0908756736327592,0.01898669687988844,0.000195043922745083,231,17366,ok
HD_22496,0.8722275164664243,0.020292284289912095,0.010582212868319714,230,12764,ok
HD_22532,0.8455062870710303,0.2516326527962258,-0.037456235685871725,308,12285,ok
HD_22781,1.0308413400211338,-0.013456160819134677,-0.01910801705108622,52,14313,ok
HD_22946,0.9411377775862032,0.008092347953629115,-0.0035645033862767256,153,12917,ok
HD_23079,1.0144779934861587,-0.005824126233869435,-0.0075546496288224785,80,12721,ok
HD_23127,0.9752418500566366,0.0072703704802091085,-0.008365355093908502,688,15587,ok
HD_231701,1.1622821116937736,0.0021663329338352582,-0.011436188856698542,104,19231,ok
HD_233604,0.9551005252167247,0.06301470438487469,0.049224513664133,1025,14481,ok
HD_233832,0.8378927093013099,-0.0059486449113710736,-0.00756792638991088,80,18316,ok
HD_23472,1.0529588918979924,0.0037736597092143786,-0.003011957178448987,134,17758,ok
HD_235088,1.207041700347943,0.03510481940868564,0.01314140745672962,212,17529,ok
HD_23596,2.017071140712539,0.09609160899487666,0.0059316844733415044,29,14482,ok
HD_238090,1.1888764542152543,-0.0038101236857297767,-0.006261472461774655,116,17298,ok
HD_238914,0.9276314231574674,0.13879322325393717,0.09477170388213273,493,15847,ok
HD_240210,0.953905776706938,0.03878428117295924,0.008931955417879906,42,12748,ok
HD_240237,3.5387093839273303,0.02653444596334979,0.01905591064275852,18,12653,ok
HD_24040,1.1367376265809959,0.014633324587809849,-0.012564633841048252,180,13387,ok
HD_24064,0.954959200165475,0.07996947000241693,-0.013047476242594285,240,16004,ok
HD_24085,1.0175597412533213,0.007234457120717114,0.0078072456534312214,110,17850,ok
HD_25015,3.0386487205976147,0.10080497689587628,0.057455553025045875,145,14243,ok
HD_25171,1.0242802835117626,0.01287550658967028,-0.011021098034176164,277,17217,ok
HD_25463,1.0958168212302664,0.03278545464897727,0.005925072533105063,326,15884,ok
HD_25723,0.9925956880342148,0.7926107386844272,0.43089015700561,1268,12205,ok
HD_25912,0.9915026455220116,0.012009834869166548,-0.004388448540732949,126,12558,ok
HD_260655,1.0296463037824324,0.009111292333555848,-0.01410440743767001,220,15309,ok
HD_26161,0.8308941568880138,0.024499335457043418,-0.00662256041502887,395,15307,ok
HD_2638,0.9349656595331282,0.03742895058815521,0.01528322773690719,242,12138,ok
HD_2685,2.603344587397616,0.021421171830510084,-0.008795631820748247,118,16945,ok
HD_27442,1.0643074930630634,0.8114413551988785,0.021082236161510597,144,17710,ok
HD_27631,1.106716356002465,0.02358136453971458,-0.0005257421514689279,254,13942,ok
HD_27894,0.9015571492273101,0.008145649756691178,-0.009650982943963504,94,17965,ok
HD_27969,1.030839204274544,0.00509095558407292,0.0014484877676792193,1874,88846,ok
HD_28109,0.7611625275914692,0.0036956443580682535,-0.008392895272789493,58,18015,ok
HD_28185,1.6095794060279374,0.002935275896329165,-0.025362108605096335,58,16995,ok
HD_28192,0.7166441573030945,0.07379662460068875,0.01859426763047997,96,16924,ok
HD_28254,1.0899468100042546,0.04077659654670352,-0.014524882580468693,94,12643,ok
HD_284149_A,1.405468263148218,0.20217696194430862,0.05257537878504975,182,15071,ok
HD_28471,1.4159712832802909,-0.0008150940365994523,-0.001387392882874796,62,17896,ok
HD_285507,1.0157731656895699,-0.004537187271172638,0.008024770932722677,2257,79730,ok
HD_285968,0.9842420503985176,0.000283648086899398,0.011364167887349836,3560,75272,ok
HD_28678,0.8177146334132681,0.1372730668231877,-0.006880498164621831,111,16922,ok
HD_29021,0.9640433860537249,0.028545651757602798,-0.012625103372362043,89,16409,ok
HD_290327,0.9809406682752525,0.0028211057617505333,-0.0159076306693552,92,14311,ok
HD_29399,0.7601927676330125,0.7128415257468631,-0.034226681246691606,223,17474,ok
HD_2952,0.6215010836999181,0.7168258852983187,0.29067484953437217,168,12190,ok
HD_29985,0.8928629493314721,-0.011832079740716496,-0.017543823026913926,237,16332,ok
HD_30177,0.9002535438557548,0.017789618496042353,0.001246249388783913,123,17805,ok
HD_30562,0.8206644188745308,0.13324756989368758,-0.006424793118501569,141,16717,ok
HD_30669,1.0995328311160246,-0.007711689866592788,0.008222146356197554,106,16814,ok
HD_307842,0.9594755317017155,-0.0039660441236410195,-0.006863302973563598,492,13711,ok
HD_30856,0.8697795764390401,0.18908254649813366,-0.017132029093787877,302,15970,ok
HD_31253,1.0522629591281036,0.04209759664533976,-0.0029016923019640328,233,16471,ok
HD_31527,1.047612560996711,0.004449865727127159,-0.0020635336959861175,177,16434,ok
HD_3167,1.0672159560722367,0.002300780659984916,0.012467734610985935,864,11239,ok
HD_32518,0.8088599191548809,0.7732048202961109,0.46271427747807653,258,15664,ok
HD_32963,1.3551385792500448,0.008013765848458108,0.0014689773960008669,69,15951,ok
HD_330075,1.6985278400763382,-0.022366545010574876,0.011253442372046714,47,14002,ok
HD_331093,1.0670740347925565,0.003232911484382928,0.010879262783272609,1855,90513,ok
HD_33142,1.0851700474803347,0.14290623957830323,-0.0020563764918294426,446,15674,ok
HD_332231,1.19681986055096,-0.011737429980279195,-0.01659995380029797,42,13640,ok
HD_33283,0.9638179006630267,0.03011164303735533,-0.007619872898117163,118,16670,ok
HD_33564,0.8229983346227422,0.06815113774440672,-0.004435720751417033,556,14544,ok
HD_33844,0.9742787339931956,0.3607211903628343,-0.020262616450913297,88,16952,ok
HD_34445,0.8539079361075566,0.024757178693828073,0.0010809574775851858,333,15943,ok
HD_35759,1.1925774642387614,0.023446543681560187,0.005684158035014261,96,16217,ok
HD_35843,0.9343372127068809,0.009801922570017382,-0.0015611582276327007,133,16748,ok
HD_360,1.166751308407974,0.15814553803357845,0.0851828485382957,148,14155,ok
HD_36384,1.6579106937723191,0.7794636525895086,0.428201199588523,240,15858,ok
HD_3651,1.666969324992045,0.03116590672962643,0.006842935055369928,65,12756,ok
HD_37124,1.0619846992178161,0.0007388265468453122,0.00041525938408535224,333,14967,ok
HD_37605,1.15290941921461,-0.01435340644785402,-0.007846687721964484,191,13943,ok
HD_3765,0.9893770038954891,0.001720498864248278,0.00666399468929198,2519,94656,ok
HD_38283,2.012943179456532,0.06557821603862729,0.0040218549315995875,68,17793,ok
HD_38529,1.4893792942597206,0.2618562149071648,-0.03368185876087293,44,14480,ok
HD_38801,0.7552131735512346,0.034425962994409316,-0.013039282763637475,180,13988,ok
HD_39091,1.934578622264857,0.06582325942812185,-0.014324994525043124,364,16952,ok
HD_39194,0.9321228224298959,-0.004426498397740619,0.0055355936278175056,236,17336,ok
HD_39855,1.0014040451902693,0.0020893169560729126,-0.0037977146799227706,85,14274,ok
HD_40307,0.9974646283273326,0.00033865153657190185,-0.0009047965648985346,301,17058,ok
HD_40956,0.6768683722814918,0.5635795884427737,0.12596856221916755,642,14032,ok
HD_40979,2.7748361723281016,0.005659016558289993,0.0017261956689364989,81,16413,ok
HD_41004_A,1.3835597702914397,0.0546594270713238,-0.006850777056209436,133,16682,ok
HD_41004_B,0.9839123152127623,0.054914606140583015,-0.004558340197481272,189,16474,ok
HD_4113,0.9157381042369203,0.0029369735408830313,0.009643917414082116,320,17013,ok
HD_42012,1.0894363972765198,-0.0010725930656348241,0.00012688870785755303,282,14995,ok
HD_4203,0.828348776889841,0.010718244856733792,-0.0058271700845072905,81,12705,ok
HD_4208,0.9754590542145256,-0.0003672021255975612,-0.004935551340961866,106,12415,ok
HD_42618,0.9383669393527044,0.00825312946582476,0.0006291452287882551,515,15373,ok
HD_4308,1.1215627609289185,0.05836966605011649,0.0030824356920186226,132,17741,ok
HD_4313,1.1340302731894132,0.13593006837050745,-0.018181969703476776,96,10805,ok
HD_43197,1.1764687370942675,-0.009072433068516256,0.008419284782123271,159,14010,ok
HD_43691,0.9779071220380917,-0.011857402530937092,-0.00013058059752179497,836,71455,ok
HD_44219,0.7771377051264458,0.08161474115170725,0.010390821541458385,20,13875,ok
HD_45184,1.2880234059245819,0.016086976512672425,0.0017387412971500125,101,14208,ok
HD_45350,1.0645667173243494,0.014706960406564619,0.004294759527223984,139,15987,ok
HD_45364,1.0308025602263937,-0.005712798577530804,-0.020612780302309126,307,13429,ok
HD_45652,1.0465867954607395,0.0059699990340676195,-0.005641129513532371,851,11266,ok
HD_457,1.789934425976851,0.013576201360367043,-0.016211670118047052,107,14560,ok
HD_46375,0.9738569236144821,-0.0065547759882709136,0.0031803910671900568,2017,81218,ok
HD_47186,1.0913773446116222,-0.0004523400128352952,0.0014940299900706062,138,14091,ok
HD_4732,0.9302464766085716,0.511916748888386,-0.018666973429735764,102,12443,ok
HD_47366,1.158349809502738,0.6702790364383419,0.11028883105560444,559,12409,ok
HD_47536,2.428177102765438,0.2976785085795451,0.17459518432045892,255,13668,ok
HD_4760,0.8461744085027982,0.12228369650995792,0.05102821454531507,19,13585,ok
HD_48265,0.9506533693037328,0.04669826843346279,-0.015603432976563808,196,13821,ok
HD_48948,1.218090282021161,-0.011799458877954572,-0.01576016098601068,76,17317,ok
HD_4917,0.8351159000801368,0.29325409047350504,0.0211614373530276,97,15639,ok
HD_49674,0.9827426111142757,-0.0024680689532987367,0.00034682334861892866,1583,68662,ok
HD_50499,0.9199630873377588,0.023296148048095794,-0.017248780332777,99,14253,ok
HD_50554,0.9785184056976024,0.007480498837408661,0.013329819898513472,1904,83070,ok
HD_51608,0.8286618002111925,0.0025643027199970195,-0.00851085018696672,94,17927,ok
HD_52265,0.9152376539052219,0.0033897803320692378,0.002556494421964695,89,15919,ok
HD_5278,1.0705107303322532,0.0033323131917320386,0.00034671675192841873,103,17786,ok
HD_5319,1.2018334770787502,0.20069677556785495,0.0032965796439444967,71,10702,ok
HD_5388,0.9896128249255276,0.05915195298533883,-0.02069139512421879,307,17058,ok
HD_55696,0.9043345919401238,0.01452393932731139,-0.01589099194337472,174,15627,ok
HD_5583,1.4377722848842456,0.6848447896062583,0.5072169304872779,467,8838,ok
HD_5608,0.5490049724737401,0.44191327246947176,-0.06335220455528476,57,12508,ok
HD_564,1.0315388803750516,0.002504060415688873,0.0012752496238140842,117,17812,ok
HD_56414,0.975085386207436,-0.0008720252889334427,-0.0055861675657013455,314,17045,ok
HD_56957,0.9727385889616277,0.05247608107111831,0.008846603408330765,80,16012,ok
HD_5891,1.4535807679069737,0.690306372908675,0.5144820929429398,1048,6604,ok
HD_59686_A,0.8543460801658207,0.8189475831993125,0.4318167746652304,1652,9361,ok
HD_60292,1.2613909057526824,0.018209886751921228,0.017610045082763752,128,17051,ok
HD_60532,1.0460755774857926,0.3141128852741421,-0.013373185837537589,398,14943,ok
HD_6061,1.096809644222073,0.012490761234990802,0.005604455556547508,136,12197,ok
HD_62364,1.0057454193639404,0.020096823147355586,-0.010855431966652992,95,17883,ok
HD_62549,0.8528259669581847,0.007800139554905769,-0.010844585938885919,245,15381,ok
HD_63433,41.31774906559926,0.6870198487067128,0.11837381250924997,120,16068,ok
HD_63454,0.7942927422827987,0.007753847235260306,-0.0026049366257721064,99,12240,ok
HD_63765,1.0134731343029202,0.014643099985324811,-0.003932686319438442,153,15731,ok
HD_63935,0.9056042110705643,0.011763067021279135,0.005747912046215757,124,15833,ok
HD_64114,1.1924677972964153,-0.0027397852095801985,-0.01381962122326543,105,15968,ok
HD_64121,0.981284391059772,0.2365985177983183,-0.017085242774750122,513,10991,ok
HD_6434,1.015382916551799,-0.007550403995419221,-0.002966405101703023,406,16623,ok
HD_65216,0.7687591667187318,0.002098009164521816,0.005528516274130207,158,17722,ok
HD_66141,0.5984110589463346,0.6986863477599775,0.3623183923773004,320,14489,ok
HD_66428,0.9632151399165406,0.005331056741715716,-0.006357594656295457,132,15809,ok
HD_67087,1.1070379691311418,0.001300868032040904,-0.008904925317732357,340,15280,ok
HD_6718,1.064114958357238,-0.009935127041534236,-0.004536222694370888,231,12116,ok
HD_68402,1.1212199323419345,-0.028818028660503966,0.012890688723168137,70,17218,ok
HD_68475,0.7697664303490204,0.00811403165222193,-0.014765653652585671,111,15893,ok
HD_68988,0.9357524349753134,0.011455411386577411,0.0020755374040673778,150,17004,ok
HD_69123,0.9047881569858071,0.7385753204373637,0.09309984708539384,345,14956,ok
HD_69830,1.0880071660570212,0.017966160613006512,0.006421631583421747,414,14713,ok
HD_70573,7.515251338754552,0.33629841567395397,0.063868719442252,179,15658,ok
HD_70642,0.831373434742726,0.02048787473300344,0.006208369899182603,159,12462,ok
HD_7199,0.995576984305315,0.017698408341581644,0.00479396678824845,252,17383,ok
HD_72490,1.2291697727804927,0.2104512967597278,-0.012227358852317825,636,12849,ok
HD_72659,1.2351238779685554,0.006622872651470407,-0.009788507515784526,132,15820,ok
HD_72892,1.1318075880264509,-0.009061514860658407,0.004037686798116927,172,12284,ok
HD_73256,1.264810528842612,0.02480562383433903,9.167307075214625e-05,173,12245,ok
HD_73267,0.9208257839979589,0.009769665405237243,-0.01200773010800358,108,12490,ok
HD_73344,0.9722489879254349,0.012649311874140551,0.008686037056663914,813,89429,ok
HD_73526,0.7746129366160347,0.026092092635520273,-0.0014672600955583758,50,12997,ok
HD_73534,0.9574576662402045,0.06329866920542619,0.001802339210098212,69,15196,ok
HD_73583,0.937948004532697,0.002197269604807696,-0.000439303126791912,68,12626,ok
HD_74156,0.9357447216266542,0.016006818111422277,-0.002759789276203518,87,15985,ok
HD_7449,0.8816189456006506,0.016589535940972434,0.002052537782024116,87,12651,ok
HD_74698,1.0200542056465594,0.019107574820310547,-0.009067344479191516,278,14797,ok
HD_75289,1.2828355532983577,0.0516490195030866,0.0031900422777844453,445,11607,ok
HD_75302,0.8479196257016035,0.03116366023812098,-0.004255092861058126,202,12143,ok
HD_75784,1.1235358267658666,0.0973101459991861,-0.012174071000732504,491,13533,ok
HD_75898,1.0335880103701276,0.021358738580851036,0.006151117009947593,168,16596,ok
HD_76700,1.0532286185421362,0.008161514394028983,0.006446739957534259,701,13652,ok
HD_76920,0.950052396737233,0.41129805760940197,0.12772512383966128,1639,9713,ok
HD_77338,0.9806383415159742,0.008331295378220107,0.003504313124248523,123,12517,ok
HD_77946,1.1142452807029728,0.0013819662160666978,-0.0005833358332044407,323,16195,ok
HD_79181,0.36709740528132573,0.6260827644918339,0.34537298539086714,226,12024,ok
HD_7924,1.6463329344055928,0.0378617844893126,0.016326702866140203,51,14956,ok
HD_79498,1.4060629121308499,-0.017599327892826807,-0.001682244862511374,146,16719,ok
HD_80606,1.184237508108662,-0.07771395278692461,0.02119713860985479,121,18063,ok
HD_80653,1.000140623209581,-0.007740247304782275,-0.02036776527321685,396,14778,ok
HD_80869,1.1839943063073786,0.08384865694173049,0.09184635235732484,119,708,ok
HD_80883,0.8667444434633156,0.014236494712048077,-0.0006546227986717345,71,15628,ok
HD_80913,0.7931131610591262,0.01850470614684639,-0.0024361453845690626,62,11465,ok
HD_81040,1.2794733601967816,0.02464293226215462,-0.0034308774969037757,116,14833,ok
HD_81688,0.9333615004505345,0.6993367336176431,0.4577926759690262,172,16610,ok
HD_81817,0.6171165566133875,0.17731056213166574,0.0050501188402293775,93,17975,ok
HD_82886,0.9108405695203191,0.17006313736900686,-0.028774072392714768,200,14701,ok
HD_82943,0.9529238448433927,0.039582818859420096,0.015218514819633641,232,12230,ok
HD_8326,1.381767000385964,0.022944218606513446,0.0053916624729384785,56,12717,ok
HD_83443,1.072974866110539,0.004663411789304653,-0.017826602149251747,113,15177,ok
HD_8535,0.939393158026706,0.0004984385953446306,-0.00777084717282562,151,17678,ok
HD_85390,1.3828198988763931,0.019426109837739295,0.0009995757897910038,104,16158,ok
HD_8574,0.9806386728760514,-0.008542913364487474,0.004800541335033747,1471,98967,ok
HD_86065,0.8416300175901983,-0.00866617636139995,-0.006209546959850292,45,12775,ok
HD_86081,0.8256984909335459,-0.008981807757342706,-0.005186905062683016,62,12771,ok
HD_86226,1.1458925991149909,0.011044254690897839,-0.002984283866392621,392,14549,ok
HD_86264,0.9746248263718059,0.03595230301543929,0.004381961769241979,173,12334,ok
HD_86728,0.885981310659604,0.07181122621609118,-0.003656412282145555,76,17019,ok
HD_8673,0.9846040205264691,0.03768012366074228,0.009095979125725774,66,12421,ok
HD_86950,0.8540301341663655,0.3549492333596047,0.126557209508191,243,12083,ok
HD_87646,1.2169474815241286,0.02347827655193611,6.092338525186932e-05,88,16150,ok
HD_87816,1.0789166294464558,0.5236327974016644,0.009661996917687253,455,14740,ok
HD_87883,0.9262054953189511,0.0031434314127450997,0.008557183002045077,759,14324,ok
HD_88072,1.0583295384090896,0.007655668986271372,0.00013251224563673203,102,12619,ok
HD_88133,1.00507349408496,0.0414962053179462,0.00023000515877577045,246,15522,ok
HD_88986,1.619027826941196,0.045598438729373914,-0.008528702222938639,84,16944,ok
HD_89307,0.9674551208163242,-0.010221329216670768,-0.0007905021553479171,2622,83766,ok
HD_89345,1.10004988580592,0.012832188978458978,-0.012020520918668781,324,14934,ok
HD_89744,1.1726116046116413,0.09607181271515841,-0.003989031507432898,182,16375,ok
HD_89839,1.1075376940583146,0.01880400015384241,-0.005536890784608858,33,16315,ok
HD_90156,1.0700447362851104,0.013187795656740062,0.008644122452550406,254,15024,ok
HD_9174,0.862362587518795,0.012835492415825671,-0.013361198336239537,148,12358,ok
HD_92788,0.7455845955111039,-0.004456090215728658,0.005605614367708344,82,15454,ok
HD_93083,1.07758942057427,-0.00179024824512153,0.006620996515200551,132,15534,ok
HD_93351,1.016201986258896,-0.0073407225863527685,-0.007503457507246093,289,14629,ok
HD_93385,0.7663141888921677,-0.000875132239820041,-0.007064383680191484,126,15341,ok
HD_93963_A,1.3747720170917432,0.021289318305358813,0.017162602781428674,344,14549,ok
HD_9446,2.6295667459286722,-0.0009667959345003712,0.00942189674038241,297,103343,ok
HD_94771,1.130917224462093,0.04998362399055509,0.011260261347101895,221,15190,ok
HD_94834,0.696945369063289,0.22547668371726212,-0.01602560309589095,72,15551,ok
HD_94890,0.2332244498220143,0.8998252292574098,0.4067312021802855,260,14775,ok
HD_95086,0.9044800968507367,0.8372207606280694,0.10175339685882252,338,14356,ok
HD_95089,0.6329606269209692,0.10073497147896768,0.0026260207290319144,86,15910,ok
HD_95127,1.9567376843069597,0.17506654079300804,0.06782950800468465,177,17991,ok
HD_95338,1.9929589728085746,0.0214986594065498,0.0074848561831377764,199,14646,ok
HD_95544,1.0628712395507534,0.023318220931300163,-0.006714242709715008,446,16657,ok
HD_95872,0.7988487169261564,-0.012700707685743438,0.0011694259103195875,125,15601,ok
HD_96063,0.9405131536745764,0.0901323600132904,0.026527376789864388,204,15008,ok
HD_96127,2.3613846348344594,0.17405544887726934,0.07166070084924504,327,17413,ok
HD_96167,1.2057468346194289,0.03049694584977929,-0.011529647055047054,111,15330,ok
HD_96700,0.9334696423874271,0.045668162835199914,-0.003243464355464894,385,14500,ok
HD_97037,1.0031974320466779,0.023782928260937437,-0.0035601937455710464,102,15463,ok
HD_97048,0.8134220976366262,0.8390905941205774,0.35764067305270886,225,17807,ok
HD_97658,1.6108694387173481,0.002485340668739323,-0.007743579999136014,85,15509,ok
HD_98219,0.8944581876291264,0.1806990847308588,0.044154052500886616,360,14515,ok
HD_98649,1.016194595397427,-0.012842328228937886,-0.012650465153088309,137,15443,ok
HD_98736,0.6776381777424575,-0.008477171241740694,0.013159548058953042,101,12822,ok
HD_99109,0.9310397405979832,-0.014907489229892674,-0.013438580478207514,140,15695,ok
HD_99283,0.7408308205030498,0.6095161895743787,0.2862699922066744,1913,9434,ok
HD_99492,2.6759875489531595,-0.0774770721525804,0.03446512731513667,231,15220,ok
HD_99706,0.8076162136868809,0.23410967209611513,-0.02665714752091605,200,16070,ok
HIP_10090,1.1516543000139596,0.0006565792684017003,0.0010456635214524973,129,12499,ok
HIP_105854,0.7277624094576648,0.9023399129494589,0.5293637348124901,535,15933,ok
HIP_107772,1.0209990274111655,-0.009001603532875737,-0.00167415192997354,334,16838,ok
HIP_107773,0.741607048171226,0.7894079407461073,0.2604267559021041,381,16526,ok
HIP_109384,0.9492403760722756,-0.014550914945070468,-0.023535592995703385,236,13148,ok
HIP_109600,0.9917445423298447,-0.006332924229441156,0.0007777343575973636,84,13037,ok
HIP_111909,0.8927099738287402,0.19594809212349293,0.02513428666732714,200,8361,ok
HIP_113103,2.340013444855575,0.1609367335319178,0.08920248171678842,103,13896,ok
HIP_114933,0.6878475424040099,0.3952134010475622,0.029579658411240495,202,8342,ok
HIP_116454,1.2072770954059504,-0.004493737200464094,0.0009047279899623734,52,11093,ok
HIP_12961,1.214783928491388,-0.000746207314199235,0.00282306045771895,339,13451,ok
HIP_14810,0.8743234817186429,-0.011652991192330727,-0.01706324083453128,299,11841,ok
HIP_18606,0.9900866343494653,0.5820974502828644,-0.0399491311428309,83,17040,ok
HIP_19976,1.0260662747253237,-0.010621957139359005,-0.0011521017548775127,116,16269,ok
HIP_21152,1.3212505501355314,0.11873999104347303,0.04289050036543844,170,16691,ok
HIP_34222,3.4302116593546605,0.07654521939952967,0.08149951288210641,50,2846,ok
HIP_35173,0.9278353263576875,0.006395886060434789,0.00024531639863920344,778,13486,ok
HIP_35965,0.9738616408873081,-0.003951678801498836,-0.0021982243351262956,601,13928,ok
HIP_38594,1.1565234397821762,-0.01832668595486079,-0.005151233830466643,117,15859,ok
HIP_39017,2.236908865129458,0.9894753013266733,0.6892918204930154,199,15518,ok
HIP_39330,1.2833277208372589,0.030329277699365408,0.020799467049486983,240,12273,ok
HIP_41378,0.9779466836998878,-0.008202426508351606,0.0057504506677510895,163,15688,ok
HIP_4845,1.0121884744296215,0.002950916502220994,-0.006503427565669928,183,12245,ok
HIP_48714,1.715466355176317,0.08574603897088165,0.04764062291087894,229,17399,ok
HIP_5158,0.8834583406586652,-0.003969252716276571,-0.010672778765710487,66,12603,ok
HIP_54373,1.0143043513170467,-0.0047157382354078205,-0.0026300451102617274,201,15346,ok
HIP_54515,1.0107807018394233,0.011334762862050375,0.009141976660761235,143,15155,ok
HIP_54597,0.9868007468162024,-0.0057235238159534805,-0.00863845276909594,123,15602,ok
HIP_55507,0.8418893147991597,-0.008851268395504316,0.00685222570198503,99,18358,ok
HIP_56640,0.695975805766524,0.3786504099237578,-0.021061208044888775,287,9829,ok
HIP_56998,1.0007595830786895,-0.0002820368024323202,0.004766295242637698,1706,100280,ok
HIP_57274,0.8436263094752872,-0.004919179943477189,-0.006634592444535906,69,15654,ok
HIP_5763,0.8952264986390692,-0.0019178594157686652,0.01079412189487006,57,12816,ok
HIP_63242,2.057616084833553,0.5717314983063794,0.35796252019590163,185,11058,ok
HIP_65407,0.9820407628192597,0.040286506145191386,0.023530641192402026,161,14661,ok
HIP_65426,0.9861597199153043,0.21144782221482125,-0.025205699584381736,410,9997,ok
HIP_65891,0.5792041254390844,0.051024161178578734,0.012605908870910634,86,11306,ok
HIP_65_A,3.197207853650002,0.12471219910186489,0.019928689374059283,411,16607,ok
HIP_66074,1.0079002657591392,-0.006970997159182073,0.00849152999499855,304,16176,ok
HIP_67522,0.50703369352579,0.4969468355382724,0.2339984937355388,859,8100,ok
HIP_67537,0.8452273313023964,0.44075620795600323,0.013321694795120163,136,11087,ok
HIP_67851,1.3852415734635843,0.5862602128929915,-0.12039344446837016,113,11238,ok
HIP_70849,0.9284673263630346,0.0014864048456544408,-0.008373741074124962,82,11374,ok
HIP_71135,1.2459805819613081,-0.010482944435507884,-0.006204230720663232,53,11533,ok
HIP_74890,0.994820369630679,0.3997867811132841,-0.07094900650984652,459,9767,ok
HIP_77900,1.145986606390765,0.7005492461437032,0.5277965686236867,2119,9847,ok
HIP_78530,1.193486944449221,0.004228991131697241,-0.009854191178352002,25,12384,ok
HIP_79098_AB,1.0152283851214754,-0.006353462643165325,0.007297839913257861,2376,65924,ok
HIP_79431,1.0039136146435514,-0.010154741887695207,-0.0022665802131731972,2776,63517,ok
HIP_8152,1.1225707523725754,-0.0016571631906870815,-0.007499796048433451,124,12400,ok
HIP_8541,1.0546461299161132,0.562449527915544,0.06613007372339887,749,15288,ok
HIP_86221,1.178340052578973,0.009800272930123578,0.002501610947282205,43,11597,ok
HIP_8923,1.2643990854589355,-0.014824532135676418,-0.01096068770487061,224,11966,ok
HIP_90988,1.0377378039665277,0.36693087514917017,0.03810343133677038,87,8523,ok
HIP_91258,0.9374011660625076,0.0006225508213786904,-0.004860679127660417,148,17748,ok
HIP_94235,23.085579420407015,0.5156301473494801,0.09784212656623678,153,16150,ok
HIP_948,0.9828498331521603,-0.012932630127347081,-0.019911634159999178,202,14137,ok
HIP_9618,1.0246943168725904,0.0060097951584305925,0.009286123825885666,68,12305,ok
HIP_97166,0.9692541373504405,0.0034118326461170293,-0.0029318128288802286,99,18018,ok
HIP_97233,0.8324937571969598,0.19200123103372932,0.019839779474799292,117,9279,ok
HIP_99770,1.0432056351818302,0.9516457168125078,-0.5666728341154036,182,13141,ok
HN_Lib,0.9540371300036027,-0.003942524844134518,-0.0027571077115335803,4271,55851,ok
HN_Peg,1.2448763573906223,-0.015824019113185872,0.005112934236344606,611,106261,ok
HR_2562,1.2034215329493443,0.21898005131254314,0.09893326210084827,653,15537,ok
HR_5183,0.987757252970964,0.057749356592032806,-0.005154086381808265,181,12629,ok
HR_810,1.189539577647494,0.10822048819051679,0.01158765766121729,849,15015,ok
HR_858,1.4570588334735812,0.06339580527094395,0.01030302671443378,306,13685,ok
HR_8799,13.286645258645622,0.10642357502739146,0.03432569505921164,471,112368,ok
HS_Psc,0.2159558201622828,0.8082483159679748,0.21329515271199173,1047,7599,ok
HU_Aqr,1.2123819222512078,0.7852754002107778,-0.01274076667158406,472,12023,ok
IC_4651_9122,0.8501570214280991,0.033741183935162275,0.014867891958175405,2026,10266,ok
IRAS_04125+2902,7.279879756565639,0.20800089082586318,0.047361997670179,110,15160,ok
ISO-Oph_96,0.9967679674765443,-0.003869130070964777,-0.003461609114604773,110,11545,ok
ITG_15_A,0.874046593514926,0.05100004620040633,0.002046479752891125,109,14574,ok
K2-10,0.9645051175057743,-0.023932940269963763,-0.00817212520238328,248,15249,ok
K2-100,1.1415519321000192,0.06205827255878122,0.04962939226380346,166,14633,ok
K2-101,1.0176818936243526,-0.008758622792450219,0.001374372512647293,1441,81319,ok
K2-102,0.8305337107068896,-0.010975047295260634,-0.00949450041780565,62,15046,ok
K2-104,0.9134837770321573,-0.008741659285108576,0.001822233904248215,81,15004,ok
K2-105,0.8626886091305835,0.008325596403223733,0.011038373872724211,215,14397,ok
K2-108,1.2792341699548668,0.0016946246542219184,-0.013151662001909196,74,14932,ok
K2-11,1.1658067400074836,0.004929701908077882,-0.003969564559310247,216,15260,ok
K2-110,1.0139123841359439,-0.006063138530450745,-0.0009765260349622357,1503,62131,ok
K2-111,1.0317443087122635,-0.012226806996048018,-0.004579645849786891,218,14380,ok
K2-113,1.52069998410973,-0.007447151768678342,0.013947991756768056,149,12412,ok
K2-114,1.1345177830052504,-0.009495751130286903,-0.01566051364640563,170,15666,ok
K2-115,1.7127347656916243,0.014907550828639437,0.01937088853912826,270,15435,ok
K2-116,1.0459233282442346,-0.003992084307539899,0.0016201094292981745,101,9391,ok
K2-117,1.0315951466278392,-0.008417275283416228,-0.00010603925222670066,2025,90972,ok
K2-118,1.0220564985015663,-0.0017977649046996792,0.004640047296017481,510,13457,ok
K2-119,1.0580735575160436,-0.015792913791485425,0.000376631998043267,173,14595,ok
K2-12,1.1142162526484192,-0.006490071726473256,-0.008621147691330133,284,15033,ok
K2-121,1.8949206046012665,0.013812297501246169,-0.012086319476532699,154,14557,ok
K2-122,1.0322234542327131,-0.00801028967648045,-0.005403342821386035,186,14510,ok
K2-123,1.2740152418825281,-0.007755002937207785,-0.003559180134580883,80,14957,ok
K2-124,0.9298795173403294,0.006491772815490076,-0.0025600432134295055,123,14765,ok
K2-125,0.9928383376349385,-0.026597172995197652,0.003754914178950666,101,11153,ok
K2-126,0.9876879862975646,-0.0015496750207412292,-0.0024640299832641415,1289,63158,ok
K2-127,1.0055323713349922,-0.0016283263972862476,-0.0016417456336720938,204,10776,ok
K2-128,0.9963711846038501,-0.009186636275847388,-0.000384579115271929,1349,62458,ok
K2-129,0.9224593551633729,-0.0005041307071131417,0.005612441474642936,77,15321,ok
K2-13,0.9478368294104667,-0.025424421735020908,-0.01132372282374127,76,15909,ok
K2-130,0.9636726566457525,-0.008042982225590134,0.011688565735580908,2001,81385,ok
K2-131,0.8625504945681592,0.0001424286103877064,0.005742918635018474,370,89456,ok
K2-132,1.0030356431817546,-0.0064344489736115566,0.005395761070470136,2409,81397,ok
K2-133,1.0067230683082993,-0.03108951681555408,-0.005793573307867148,1253,10265,ok
K2-136,0.9611893314302472,-0.012384552680584091,0.004868767734341524,2933,79936,ok
K2-137,0.9245629461520161,-0.016423988607984632,0.00362426963652007,491,13991,ok
K2-138,1.0412859289796923,-0.009161183524211277,-0.004635968682914317,211,51601,ok
K2-139,1.2727222815754815,-0.05759817548062678,0.0033147528364721843,122,14632,ok
K2-14,0.9546756159646002,-0.0011751988752505967,-0.008198659417290149,539,14817,ok
K2-140,0.6380358280699285,-0.005989837722289644,-0.007593138422941009,98,14958,ok
K2-141,0.8780318370873944,-0.011499337798353576,0.008358110601807424,229,63045,ok
K2-146,0.8625330250680511,-0.004558993320465705,-0.013527381916198563,141,14047,ok
K2-147,0.9728841373980032,-0.00980673674969067,0.0026904890856956926,3209,85212,ok
K2-148,0.9625396025951032,-0.0031920012415718423,-0.0036708219600411485,68,10557,ok
K2-149,1.2496963933595162,0.02815755667012458,0.0020406645025869124,48,10294,ok
K2-15,0.9774770803548872,0.0012006113911861545,-0.0007730124917558065,653,14360,ok
K2-150,0.47822147003936455,-0.006648657150142368,-0.012387824833545375,43,12819,ok
K2-151,1.173800823616712,-0.12503463146097948,0.0015653939258375498,145,12481,ok
K2-152,1.0433226319746276,-0.01126697839682597,0.00033055422897433195,402,13993,ok
K2-153,0.9443837487560612,-0.000907703863486772,-0.004642294342372745,1008,12283,ok
K2-154,1.1450391730630944,-0.016606650655065187,-0.0012323815637216122,252,15508,ok
K2-155,1.0041448704137608,-0.002268582723852558,-0.0033342083141216948,2594,80989,ok
K2-156,0.7880805366922102,-0.007327186774682093,-0.004601425868098366,299,14469,ok
K2-157,0.9951583906764155,-0.008655526227897984,-0.0181842447755755,453,14116,ok
K2-158,0.9728336434914795,0.0020292415775108176,0.00685430173178384,1812,87769,ok
K2-159,0.9385468788648256,-0.005491158605104947,-0.005284043824246216,360,14393,ok
K2-16,1.2659870248778806,-0.006186332995237401,-0.012209961870844324,96,15914,ok
K2-160,1.141522188555574,-0.008296491396453212,-0.010045003269051058,102,15516,ok
K2-161,1.029454067855206,-0.0006527563307227565,-0.003386954308243571,92,15410,ok
K2-162,0.940450075571036,-0.004264305270406738,-0.00018871482608048183,556,14071,ok
K2-164,1.0066680854490133,-0.017261205668649547,0.0019293996446965412,170,15541,ok
K2-165,1.025693839357001,-0.0021171914004690182,0.0008146991896417198,2640,83653,ok
K2-166,1.0827633429717036,-0.006001385951793595,0.0067771294857359365,1326,90213,ok
K2-167,0.912802667682022,0.017366599093075724,-0.004702808851795724,251,17250,ok
K2-168,0.9184872951662523,-0.0029465684070100365,0.006467774400616795,481,55523,ok
K2-169,0.8442001592441654,0.014166866323557174,-0.019461182993682602,29,9617,ok
K2-17,1.0198921048335126,-0.008754370710148568,0.006460768000290861,694,14099,ok
K2-170,0.7179548570919055,0.013145826020628835,0.008760446084413296,44,9613,ok
K2-171,1.2984650849787518,-0.0032991853055177813,0.010773622789330193,38,9595,ok
K2-172,0.7625367133897544,-0.0020437679219755677,-0.0001535259215422222,432,54843,ok
K2-173,0.8784284419040509,-0.015136857282340828,-0.003571711359913504,82,13782,ok
K2-174,0.9386637970803849,-0.0002976160609254499,-0.004900882602870126,123,13572,ok
K2-175,0.8227713858445299,-0.014892893057106909,-0.008479061524711137,40,12859,ok
K2-176,1.079692721695175,-0.010087602170060578,-0.0071325498311098695,165,12389,ok
K2-177,0.9772277617383455,-0.028241852235047087,0.004638611186585044,260,11345,ok
K2-178,0.9174648113109548,-0.0004533007124192185,0.0202124389180683,266,11234,ok
K2-179,0.9248431492565548,-0.019342671971643164,0.009711806046803233,74,12772,ok
K2-18,0.9757515802380095,-0.00486450994533458,-0.012020452421264044,90,15876,ok
K2-180,1.0497950554179656,-0.01023760879561684,0.005868295041772476,1073,94867,ok
K2-181,1.159517381612681,-0.015311971363362644,6.546666204291353e-05,116,15882,ok
K2-182,0.9634993785977917,-0.008840819287471173,0.008356947408087899,2621,88393,ok
K2-183,1.2031894534603744,-0.009098849316809696,0.008679576057638543,187,14527,ok
K2-184,1.0464425087763944,-0.009982447755467083,-0.00824854279610254,430,13515,ok
K2-185,0.8826527986882907,-0.017000506819796524,-0.011872360697704422,120,14846,ok
K2-186,0.9260378879248516,-0.008865552765535398,0.004840809635211304,228,14364,ok
K2-187,0.8861255220548258,0.007383722437597646,-0.013159114287974021,274,14201,ok
K2-188,0.9427265726907201,-0.01104235267545731,-0.009547076978741869,108,14853,ok
K2-189,1.0595754339879546,0.012025173048034948,-0.01849950289598987,91,11264,ok
K2-19,1.1484796833918198,-0.009407562550032262,0.0009764244175339804,103,15691,ok
K2-190,1.0928772599611132,-0.015588273708490592,0.00023376473479666998,75,11168,ok
K2-191,0.9826338039375881,-0.016902677804072078,0.008460049166649535,223,9418,ok
K2-192,1.0323998564668735,0.001058321275564141,0.007175747405005436,1600,61393,ok
K2-193,0.6165580884972817,0.0008220444986794986,0.0013997146651116255,87,11113,ok
K2-194,1.041632174304993,-0.0006581307242261385,0.010598149806479933,62,11159,ok
K2-195,1.0186004962862654,-0.013321898836188714,0.0004889827637534707,2248,88482,ok
K2-196,0.878040666354606,-0.030339801810092958,0.0006685999614374754,60,16221,ok
K2-197,0.9401519170791984,-0.016911607646677197,-0.017365101230058726,544,14509,ok
K2-198,1.3595603762004227,0.004676428218856496,0.008787341785490906,476,94886,ok
K2-199,1.0172811062577711,-0.0038946507238937634,0.0006785379052736213,1579,60073,ok
K2-200,0.9486743182982542,-0.016885007576485953,-0.016308065473089745,779,13515,ok
K2-201,1.3046657279728924,0.003439788253980939,0.009725003828015956,288,14461,ok
K2-203,1.061115757478603,-0.0025381486290297134,0.004034978454453425,1736,88043,ok
K2-204,0.9657124308613215,-0.002572115924903511,0.0026268550304241944,1599,88420,ok
K2-205,1.0749093358029067,-0.010674952995202585,-0.00601421979622176,40,10788,ok
K2-206,1.3256148775793666,-0.008554457701643597,0.0012667876383960785,38,10301,ok
K2-207,0.921662985929156,0.0010511751727889718,-0.010409040715879505,206,9646,ok
K2-208,0.9975402958785584,-0.0030836382612781117,0.0011059411079139758,2525,84983,ok
K2-209,0.8605526821317656,-0.001958625946799906,-0.0040945970372041635,80,10560,ok
K2-21,0.9550068240706451,-0.008881368647900737,0.003696044792648847,1318,50610,ok
K2-210,0.7669837426542839,-0.01111838127686337,-0.018045798402802016,42,12804,ok
K2-211,1.0176618871573093,-0.01369938260499378,-0.002991494768591247,2126,86504,ok
K2-212,0.9889643682597891,-0.012632960005758927,-0.006697813945827155,137,12662,ok
K2-213,0.9469718472481465,0.0057689418882936995,-0.007733415979902112,107,10464,ok
K2-214,1.0422670470054034,-0.006493732632764523,0.002131054719755808,221,12128,ok
K2-215,1.3067233356551768,-0.01979810239585208,-0.009600215711988108,69,12695,ok
K2-216,0.9563648821549809,-0.02739004424850926,0.005886295747012128,162,10153,ok
K2-217,1.410478693724233,-0.011735435027025285,-0.010865158969782218,49,10445,ok
K2-218,0.9827316477685142,-0.01370104819719165,0.009743241790616235,198,12973,ok
K2-219,0.9349487049860415,-0.004065662476726384,0.004601881308455062,811,69826,ok
K2-22,1.215326047049072,-0.011057507672541624,0.00421464096839931,63,15939,ok
K2-220,0.9696966427292095,-0.03204288402925304,0.00968626016831019,206,12113,ok
K2-221,1.0496203012887741,-0.020623489404384045,0.0014655817101386708,320,11637,ok
K2-222,0.8397178803643721,0.005296323162528557,-0.006235838667175702,91,12645,ok
K2-223,1.0440406136453366,-0.00980470000482459,0.0029054715420394916,2377,80899,ok
K2-224,1.0425980288362968,-0.005419734224980313,-0.008680052197750919,321,14589,ok
K2-225,0.9084130394949484,-0.010673169463546826,0.004123008668292421,1612,83953,ok
K2-226,0.9998691945717285,-0.0033067273912239605,0.007178466781681712,1763,83358,ok
K2-227,0.8979454360455702,-0.0077922626743636755,0.004596116657499565,129,15777,ok
K2-228,1.3714071635289828,-0.04763246724247237,0.0077565386851374514,360,14640,ok
K2-229,1.1590162834579698,0.001450723850290079,0.006418768241108071,381,90042,ok
K2-230,0.9919113239465748,-0.015209842703947601,0.006715201258932301,114,15984,ok
K2-231,0.8780752617058293,-0.006124810676545898,-0.006675375299334963,34,9713,ok
K2-232,2.12182404227133,-0.00012312752419442046,0.011761006692310927,34,15098,ok
K2-233,0.9354463721097428,0.0010417481307254946,0.008652290280498456,1418,68392,ok
K2-237,1.6744138808637443,0.07709129828513157,0.03173132277038169,548,12044,ok
K2-238,1.0010762710535621,0.00668996567465677,-0.028961313229853944,196,8177,ok
K2-239,0.9904270568315376,0.000787553887049968,-0.008938491776031968,87,15565,ok
K2-24,0.9945422175633732,-0.004465202270943027,0.005261994154390973,1522,67301,ok
K2-240,1.1004260006792153,-8.987539957622976e-05,0.007102945504093456,215,73516,ok
K2-241,0.9196510761138955,-0.0012995664423254487,-0.006195656746540677,226,14757,ok
K2-242,1.0040433549164758,-0.005921911224812999,0.004297452852362005,4675,73035,ok
K2-243,1.0242381023305487,-0.01861536884467374,0.008920543610651449,427,89989,ok
K2-244,1.23919138674438,-0.00629414785854633,-0.005032685677857904,110,15334,ok
K2-246,0.8770986429294418,-0.00711668473649323,-0.007383969337228891,265,14816,ok
K2-247,0.9384487108924281,-0.018338521687994713,0.0004008840939603473,324,14335,ok
K2-248,1.0261132210772514,-0.006193206030601029,0.0024221023345409464,2413,81844,ok
K2-249,1.0178237444216516,-0.009947284098940815,0.0009312522853633707,1700,84327,ok
K2-25,1.332665295253948,0.020846551912752868,-0.011899555546913541,127,15114,ok
K2-250,1.0022067311569816,-0.007896203750763612,0.004851842464946227,1633,84669,ok
K2-251,0.9897892628804213,-0.01582487661474295,-0.018768669312510974,260,15225,ok
K2-252,0.9836039543529705,-0.00733951542188651,0.004244113867727566,1493,85299,ok
K2-253,1.103222679789392,-0.025970486259759545,-0.010711128525407143,218,15077,ok
K2-254,1.0916440627249056,0.004488474456954482,-0.0017093758851562215,545,13805,ok
K2-257,1.0133993260737608,-0.0007552789830738357,-0.0006982691968560918,514,14438,ok
K2-258,1.023752853706919,-0.014689567518947386,0.005414064754971184,183,15781,ok
K2-259,0.9063196814219989,-0.01761507361596323,-0.01926069284554232,1105,12044,ok
K2-26,1.0180813305137582,-0.016979878335984324,-0.011317695441033535,323,14249,ok
K2-260,1.0533264208027053,-0.038478446828650856,0.004275579401162901,1744,94829,ok
K2-261,0.9462477289654977,0.008212177310133873,0.005228707590554972,261,14729,ok
K2-263,0.979565291350643,-0.013119180263588813,-0.006399210105000862,489,13302,ok
K2-264,1.1358176096181,-0.011706323730740329,-0.00017400215870697639,406,13700,ok
K2-265,1.0203793098413594,-0.007084501279334063,0.0009947753640703778,1557,80445,ok
K2-266,0.9597769301745162,-0.0336690931113628,0.01625498005433378,1853,72816,ok
K2-268,0.9842005787266976,-0.003641479737020019,0.0020101849732099813,110,15073,ok
K2-269,0.9476023366330432,-0.012972471463884232,0.003002551237477916,90,14994,ok
K2-27,1.0163136243565751,-0.01701001754453019,-0.008116513529206962,1538,10011,ok
K2-270,1.3007639771725958,0.004341188735335698,-0.002304393237078065,176,14543,ok
K2-271,1.198646946920847,-0.01768586391028513,-0.011908323759122508,73,14969,ok
K2-272,1.002769237675796,-0.0033117554062540317,0.0013108115511778168,362,13833,ok
K2-273,1.0024046041846835,-0.01890428214552128,-0.0012435551663386565,138,14061,ok
K2-274,1.0247943889585809,-0.004845882386600289,-0.01706477815429126,551,13080,ok
K2-275,0.9891887862900125,-0.004104150611662783,0.00048050245755817554,2566,78991,ok
K2-276,0.9680870858334808,-0.0005573365716370714,0.00010555580964510907,324,13990,ok
K2-277,1.3656275176783732,0.04188951495318152,0.0024536736099689295,117,14492,ok
K2-278,0.9707290401964755,-0.003400806348236958,-0.005268535981412882,304,10294,ok
K2-279,0.9185636025029785,-0.010615674303511492,0.0018890646000042964,187,9495,ok
K2-28,0.8541787427075717,0.03041007504744345,-0.009289261183870287,100,9273,ok
K2-280,1.121335692612359,-0.01731997842907855,-0.010052672950836818,129,14700,ok
K2-281,0.874754132366189,-0.010204394442206815,-0.0061000562069580275,121,12337,ok
K2-282,0.8597883337395329,-0.010860895464538127,-0.00811471343289917,75,12676,ok
K2-283,1.0041692814153096,-0.026642443237193815,-0.004707796958280892,827,9639,ok
K2-284,0.9582308534294912,0.019910336991459894,0.00810404314435226,203,15526,ok
K2-285,1.011052643351057,-0.00944927889561287,0.003665986502971083,1299,60131,ok
K2-286,0.8453043311347771,-0.015223532648626642,-0.003895838631376452,83,12087,ok
K2-287,1.0935213601066331,-0.012109286338788178,-0.007508199692683081,311,11437,ok
K2-288_B,0.852159182309877,0.00792225901075056,-0.01371666596088193,84,11833,ok
K2-289,1.182270868211641,-0.0031898187340012097,-0.013128116611513774,154,11968,ok
K2-29,1.0928485424407721,0.04046770373711191,-0.0032256832119332756,42,14931,ok
K2-290,1.3331933746776465,0.00834460871922484,0.012360734827442996,39,12427,ok
K2-291,0.8895988379594143,-0.0067485809574676795,-0.0014742811931292852,152,15841,ok
K2-293,1.0200465676923696,0.003074827716595417,-0.01827087110601195,112,9017,ok
K2-294,0.9500497757242685,-0.01988415182229411,0.004443794227158602,98,9042,ok
K2-295,0.7237726043340473,0.00845208742583334,0.009094894818208877,130,12412,ok
K2-3,0.9614099901822554,-0.004113687460134508,0.0008356772520869104,1582,87080,ok
K2-30,2.243889849281837,-0.05322919713383646,-0.009975258684712243,182,11809,ok
K2-308,0.9768247460657495,-0.010463119840203493,0.002765604460895524,1672,95710,ok
K2-31,1.3118020017157657,0.011010487580073492,0.009318941272535462,1909,64994,ok
K2-315,1.2830510437489584,-0.018206142807362602,0.00503745609202339,104,12096,ok
K2-316,0.7473696910656652,0.0062842658508360655,-0.0053822312910442194,39,12432,ok
K2-317,0.9707611015567232,-0.016580477775611863,0.004467886286776959,230,11651,ok
K2-318,0.6154270110520657,-0.03013784459776814,0.0012969624100898378,96,12129,ok
K2-319,1.0921151936442066,-0.0107426601984812,-0.021100938589809177,188,15438,ok
K2-32,0.9257992315574846,-0.004994887406957776,0.004332435459524607,1354,69753,ok
K2-320,1.2790532977971563,-0.004006320280037647,-0.024958115024220684,86,15634,ok
K2-321,1.1077922574568875,-0.016299675885043892,-0.003249492708621766,131,12450,ok
K2-322,1.0376058413355465,-0.07277112281032763,-0.0030581003050812587,1214,10773,ok
K2-323,1.0380078794187415,-0.004962865389232626,-0.0025409834224551526,223,15108,ok
K2-324,1.0944565685788108,-0.014233637722212417,-0.0034406481861293534,225,14795,ok
K2-325,1.1723846386330292,-0.018326499325399467,-0.0007566319631220348,79,11033,ok
K2-326,0.9572793741293374,-0.01361140278559337,-0.005076144994281554,358,9862,ok
K2-329,1.1151538225388231,0.0035887881058031313,0.026853295146260114,45,9100,ok
K2-33,0.9969820573635052,-0.0018721663498145352,0.010129332223554976,525,73098,ok
K2-330,0.9718377795825635,-0.004902312946039131,0.0019301126614288985,151,15677,ok
K2-331,1.005990023632243,-0.004241278843872192,0.0018106884657384228,189,14746,ok
K2-332,0.9100158194244942,-0.010254907162442161,-0.017246508711146205,551,13299,ok
K2-333,1.029187531830339,-0.015566831137660688,-0.007513399372286397,98,15143,ok
K2-334,1.1608276000656925,-0.0023457707660028285,0.014487895500917477,190,14648,ok
K2-335,1.0175621524853729,-0.03131592180927905,0.007983346925337283,67,15010,ok
K2-336,1.2061554559673335,-0.015083239990711485,0.00954416897398323,121,15025,ok
K2-337,0.960053282760568,-0.009893111542006635,0.0006046824520917623,666,12852,ok
K2-338,0.9593109712913667,0.0020036567912384493,-0.010906268372325731,1595,8784,ok
K2-339,0.8424945530595861,-0.0032102635258826114,0.005209769451983062,77,14300,ok
K2-34,3.089909331986693,0.06287439604213559,0.002892735963113265,342,13748,ok
K2-340,1.2440927614864146,-0.030082511219376263,-0.001164608235461481,159,14860,ok
K2-341,1.0956782350688932,-0.020747462945702143,-0.020681697731178124,75,14979,ok
K2-342,0.9141671005706165,-0.009726580546110216,0.002713124376503339,95,14863,ok
K2-343,1.0718230271522715,-0.007122313052059497,0.00010946464031080914,144,14713,ok
K2-344,0.9697844186312543,0.0039658685764407415,0.007842650817747262,163,14568,ok
K2-345,1.0255544192234936,-0.011569991500141466,-0.015092130576859385,1641,8774,ok
K2-346,0.9153991433119388,0.0008499527340882823,-0.004372846743479888,192,14467,ok
K2-347,0.924176017178617,-0.0015914885894672832,-0.0035256807773979076,638,12694,ok
K2-348,1.050180323982281,-0.010119653913063428,0.005746660904704046,1417,82643,ok
K2-349,0.7305227195142954,-0.025886689984241457,-0.00981842140607715,44,9980,ok
K2-35,1.3773521726156586,-0.012803598677218534,0.0051407293389652345,116,15812,ok
K2-350,0.937238684071738,0.015298592712681199,-0.010296459290933169,80,11152,ok
K2-351,0.912586285780843,-0.006509006802601403,0.0011946109959455966,56,11131,ok
K2-352,1.0504992695191973,-0.00445006928363236,0.0063859762207977115,810,89007,ok
K2-353,1.385111641712106,-0.004945103653435581,0.004948567810103758,32,10013,ok
K2-354,1.0294535946428176,-0.00052471949564093,-0.0020379490344115984,464,97399,ok
K2-355,0.9346084277736875,-0.010783559649651941,0.002515637484985181,155,14218,ok
K2-356,1.1493551796178798,-0.008085047756034396,-0.009422232832542309,275,13553,ok
K2-357,1.0916775254569377,-0.01270146698152778,0.007347177277866892,349,13277,ok
K2-358,1.1436569573499336,-0.00036512141914467143,0.007579104447920178,73,14403,ok
K2-36,1.0623429484079863,-0.08924600501865507,0.00958296342610691,381,92460,ok
K2-366,0.7872609919535696,-0.015536290265492367,0.015402212422723372,58,12493,ok
K2-367,1.0171651343764985,-0.009792315088696437,0.010020092114400437,82,9417,ok
K2-368,0.9937404711485593,-0.0067286228301374085,0.002299888353312994,1909,86128,ok
K2-369,0.8261223810525843,0.006227651718682956,0.008539869501184802,119,9150,ok
K2-37,1.036737958240549,-0.007906464003609576,0.0022693971319780334,1710,66753,ok
K2-370,4.9588467921493535,0.06346254962601723,0.019653086385171277,134,14782,ok
K2-371,1.6371635216580025,0.021253700735892698,-0.008569589218997052,438,14719,ok
K2-372,1.0302846338166174,-0.006064666030694558,0.00420801762196367,175,14541,ok
K2-373,1.0421478571708978,-0.010057813141939532,0.004431886934393632,1637,92442,ok
K2-374,1.0796041261509073,-0.020928807365838426,0.00027036870176127685,207,14683,ok
K2-375,1.1756685843709125,-0.012222942942758249,0.002925116866415402,193,14498,ok
K2-376,0.977534521543654,-0.010413463779962356,0.0033737972970036547,639,14965,ok
K2-377,1.0930056911346517,-0.007018798854526348,0.0026368923301820207,201,10711,ok
K2-378,0.7667853109716397,-0.011877455943048846,-0.0061461388220834055,204,10582,ok
K2-379,1.008106082214129,-0.002636037891118445,0.0023870764151904087,2165,77684,ok
K2-38,1.1552765976868853,-0.0015828906652148686,0.0035595449229162785,133,12069,ok
K2-380,0.9677208726719598,-0.019689347453952132,-0.008077329858262481,252,13798,ok
K2-381,0.9825860136427651,-0.004231178151635954,0.0071856408366778165,3244,78150,ok
K2-382,0.9319891241164558,0.015384849884497122,0.002582625875064415,1562,9022,ok
K2-383,1.0029165891567677,-0.015981408173853646,0.004502884669168175,1853,80816,ok
K2-384,0.925353780217022,0.001587344264534906,0.002318997254643002,341,93005,ok
K2-386,1.2248241611629558,-0.020199888705090405,-0.011727001084771435,113,12637,ok
K2-387,1.0339286521072004,-0.0025427087374756815,-0.013686787371523413,72,12742,ok
K2-388,1.2683526171955037,-0.021807341279535333,-0.0045363421811477995,57,9184,ok
K2-389,2.0354443352729836,0.05052907485257338,0.0006765412440990662,94,10936,ok
K2-39,0.8683095236957101,0.014029513970521395,0.01116437288193674,35,9486,ok
K2-390,0.772971326399548,-0.0005830598408116992,-0.00909034057939241,84,11137,ok
K2-391,1.0007697240179254,0.009076929721968736,-0.0038911083852033626,195,10641,ok
K2-392,0.9110827144150448,-0.01719504505051957,-0.0009961980232421396,292,10180,ok
K2-393,0.9274214756287844,-0.02914217318156842,-0.033559328682255474,29,9453,ok
K2-394,1.0904059204002834,-0.013905507996293896,-0.0020286911666647857,195,14841,ok
K2-395,1.129793540408762,-0.01082155561006717,-0.014780721992009912,340,14222,ok
K2-396,1.0744458136326742,-0.008187192485143633,0.011247353716336788,453,13749,ok
K2-397,0.9659021425925659,-0.02775025292616786,-0.012507190717830838,369,14789,ok
K2-398,0.8879655607625994,-0.004551639535262211,0.006967516997990947,284,14682,ok
K2-4,0.9003083058030098,0.0061948961101848075,-0.0052117407007571115,781,13836,ok
K2-400,0.9673294856011069,-0.013461219428305587,-0.002804234738567149,211,12192,ok
K2-401,1.0327552647598985,-0.00847838558625192,-0.00025707138460411477,629,13254,ok
K2-402,0.8854516609086089,-0.011304630790511094,0.0017795353841415455,248,14940,ok
K2-403,1.3407964668525563,-0.017131239554506465,-0.0010243285855178104,65,15911,ok
K2-404,1.1637097573646364,0.00379580968068532,-0.003081499837004103,205,15269,ok
K2-405,1.1260146083898894,-0.007148420532600792,-0.0070492953582974105,437,14546,ok
K2-406,1.0029921102779358,-0.017302974174537782,-0.006094424661410721,64,11400,ok
K2-407,0.79213322836817,-0.0688409377003937,0.010470132706826231,31,12471,ok
K2-408,0.6874985183767311,-0.01916019064348457,0.0033941473462357893,37,12307,ok
K2-409,0.9376497435687342,-0.004126043769459668,-0.006180673404017376,1089,8267,ok
K2-411,1.1179289076251369,0.033713812511473595,0.006677833025474631,19,2547,ok
K2-413,0.8536470798061413,0.0035555480016921407,-0.0026995690997233582,160,10574,ok
K2-414,1.0077166458578704,-0.008738316942912218,0.0019173317042064544,3383,78691,ok
K2-415,0.8545489258809165,0.010681710690468582,-0.012900392966248942,34,15289,ok
K2-416,0.9619180421647399,-0.0061009777403239875,0.004550545041183827,117,8507,ok
K2-417,0.94018846956224,-0.0021304176580233584,-0.0015188072313066171,39,8948,ok
K2-419_A,0.9765998824819194,-0.00496569470690498,-0.005609427667513002,134,14956,ok
K2-42,0.9870938663593366,-0.010913939331093716,2.8228264386023418e-05,3225,78790,ok
K2-43,1.0243428047519874,-0.0018575630644352414,0.01015774343115798,3602,77277,ok
K2-44,0.9705907895253088,-0.00028105846361907417,-0.002924017332568781,417,14578,ok
K2-45,1.007500141047625,-0.01208492245412244,-0.013480965461625824,448,14407,ok
K2-46,1.2268567119036609,0.0036515177463500316,-0.009375571624751979,104,15854,ok
K2-47,0.9523273727087953,-0.027987547959093275,-0.007481907511882037,597,13818,ok
K2-48,1.1730981531631939,-0.01895384719490233,-0.0032155833211189554,170,15538,ok
K2-49,1.0352880064388408,-0.013933347086645962,-0.005602245012636229,374,15492,ok
K2-5,1.0804860569639845,-0.0025824341211941487,0.009149740478636894,278,15092,ok
K2-50,0.9464561303754768,-0.016207456095795016,-0.029649899013077328,206,15406,ok
K2-54,1.0675600157409528,-0.006305948596327975,-0.010593338581094916,274,17065,ok
K2-55,1.0686974649457315,-0.0028551650383872753,-0.020928818885642943,171,9163,ok
K2-57,0.9698522451782761,-0.008348800487654361,-0.011270461186297473,121,17812,ok
K2-58,0.9488667117442383,-0.01023731720258628,-0.0015575424507375348,752,54176,ok
K2-59,1.0689172358349164,-0.02722328262269129,-0.011928229190770977,67,9344,ok
K2-6,1.083972028921013,-0.012732734738513779,-0.01291746051451487,85,13914,ok
K2-60,1.1064393710914804,-0.022335417214824606,-0.008561119693022617,207,8735,ok
K2-61,0.7053768710718977,0.004183416643118488,0.0005546993443368969,46,9425,ok
K2-62,0.9842189295297503,-0.006265960198436906,0.00437519599014621,822,53186,ok
K2-63,1.3925709882534436,0.013506683814261367,-0.006503316744108581,52,9445,ok
K2-64,1.2160484333139647,-0.009629499560528295,-0.008916284738366939,77,9434,ok
K2-65,1.1252998628490944,0.009548336820917424,-0.004832163904293811,97,15502,ok
K2-66,1.0712442404940765,-0.012030046099095498,-0.0009665326726772392,60,9488,ok
K2-68,1.015286072694925,-0.001954773697758011,0.002215698696440596,845,91990,ok
K2-69,0.9832183867709428,-0.012648441449463796,-0.009362801060826554,98,9347,ok
K2-7,1.1041555639329454,-0.023387835682318052,-0.0035336329457955505,179,15065,ok
K2-70,1.2810444600620634,0.05551797675622031,-0.020078703660905667,41,9450,ok
K2-71,1.2194617409909374,-0.007961164243700015,-0.014859558273212248,28,9347,ok
K2-72,0.9037133679446131,-0.00746439638311814,0.00879989821861908,65,9418,ok
K2-73,0.8512980442467041,-0.016418546402627406,0.005278458562008603,32,9530,ok
K2-74,0.9338516777622127,-0.019103702891096988,-0.004656212254467741,100,15430,ok
K2-75,0.8852825341532905,-0.001465633697585633,0.0161008465090666,72,9337,ok
K2-77,1.039762692577544,-0.0015755750983898165,-0.010171649651717013,207,16261,ok
K2-79,0.8641519330123018,-0.006148808708205991,-0.011978109215117938,74,11759,ok
K2-8,0.9630354255514635,-0.0006728412902227831,0.005387528479585699,255,15160,ok
K2-80,1.055442370035386,0.004275205760243268,-0.005175713604150583,81,16934,ok
K2-81,0.979185714131318,-0.012348320848052338,0.008576073895276634,152,11658,ok
K2-83,0.9907040575399073,-0.007624618296551622,-0.010810694017914724,694,11369,ok
K2-84,0.8972336669391113,-0.011808624844729113,0.006610773701104465,128,11332,ok
K2-85,1.0383050141701844,-0.009420621195738325,-0.0024909315247982427,73,13046,ok
K2-86,1.0948669972326166,-0.013574999879059387,0.0011582613762401263,152,12469,ok
K2-87,0.9886203679473011,0.002143547718990076,-0.0033838319746069016,368,14167,ok
K2-88,1.2045929968004598,-0.0008021960942843978,-0.01740577904931211,340,10875,ok
K2-89,1.023730834537857,-0.006153642043521662,-0.008969038215295528,1065,11211,ok
K2-9,1.0747329555077323,-0.001984882960296674,0.000279539464843754,1267,11920,ok
K2-90,1.0584506100136235,-0.0072420721699832285,-0.020506017181091307,639,10578,ok
K2-91,0.8181449414900905,-0.0032343740434121232,-0.008663914771072156,106,15169,ok
K2-95,1.0643994657610745,0.00876016621770215,-0.006192426139449412,108,14188,ok
K2-97,1.116297008100471,-0.0033593556846157674,-0.007661673669891728,87,16053,ok
K2-98,0.8414344284924666,0.002578314231661761,0.00040314623471501154,165,15682,ok
K2-99,1.1889611972298633,0.0210413890964174,-0.0055910622693860984,65,10909,ok
KELT-1,0.53833014339815,0.019658122738950387,-0.006653757301840411,306,10514,ok
KELT-10,0.9459057422392764,0.00556164093898888,0.010807682217472282,571,79429,ok
KELT-11,0.30889846990506725,0.11332663148565582,0.0025776390671695894,19,14617,ok
KELT-12,3.1968656975904755,0.08653152118562579,0.010375056186434714,310,15789,ok
KELT-14,,,,5,15084,insufficient in/out points (5/15084)
KELT-15,,,,5,15387,insufficient in/out points (5/15387)
KELT-16,2.637916442127156,0.09666102562436008,-0.0029398223590121346,842,9439,ok
KELT-17,2.547961098034368,0.02403254469070418,-0.006319314769240096,97,14068,ok
KELT-18,1.4937519481429786,0.03064994496409715,-0.001214864153351418,83,11197,ok
KELT-19_A,2.9398654955190353,-0.013833327463742455,-0.002883572901073162,57,15137,ok
KELT-20,2.4474391882809776,0.05696189522949765,-0.003898110245265853,44,11418,ok
KELT-21,2.44805802742875,0.03295645293782282,-0.0067471293550661095,134,17009,ok
KELT-23_A,2.1670311342973347,0.014186702911721165,0.003523390212743823,139,13947,ok
KELT-24,1.0499299236720805,0.0454031096176975,0.017646080677951134,216,16877,ok
KELT-2_A,,,,0,14891,insufficient in/out points (0/14891)
KELT-3,2.94458577745453,0.03710910119286936,-0.011625753200486233,157,15996,ok
KELT-4_A,2.5882015618314607,0.017886719865721677,0.009171945201366136,38,14799,ok
KELT-6,,,,2,12874,insufficient in/out points (2/12874)
KELT-7,,,,0,15602,insufficient in/out points (0/15602)
KELT-8,2.5548974629932046,0.7079101735745617,0.11555553310348508,546,14878,ok
KELT-9,,,,0,9433,insufficient in/out points (0/9433)
KIC_10001893,1.061820765673579,0.009178991389103512,-0.018760040218170453,1399,12851,ok
KIC_10068024,1.0715372646955061,0.011350144092889333,-0.0019248117078131432,220,14486,ok
KIC_10525077,0.8688843578897938,-0.011415332731375669,-0.01554319910106388,75,11564,ok
KIC_3526061,0.97046564835351,0.03321640014516575,-0.011945796964127231,259,16155,ok
KIC_3558849,1.148302221939614,0.004755666542914705,0.0017091012515746237,128,12105,ok
KIC_5437945,0.8636001301204428,-0.008728018668066294,0.011327832793578822,63,16819,ok
KIC_5479689,1.126365634535194,0.0016863405132616887,-0.019080328667389956,344,17258,ok
KIC_7917485,0.7566969664816047,0.039788823360744206,-0.015988571767757986,305,17390,ok
KIC_8121913,0.9222684790654666,-0.006563052028100008,-0.008858562472717053,427,16964,ok
KIC_9663113,1.35086184162823,-0.0101664695674714,-0.004370819886426029,160,17964,ok
KMT-2016-BLG-0212L,,,,0,0,no usable ephemeris
KMT-2016-BLG-1107L,,,,0,0,no usable ephemeris
KMT-2016-BLG-1397L,,,,0,0,no usable ephemeris
KMT-2016-BLG-1836L,,,,0,0,no usable ephemeris
KMT-2017-BLG-0165L,,,,0,0,no usable ephemeris
KMT-2017-BLG-1038L,,,,0,0,no usable ephemeris
KMT-2017-BLG-1146L,,,,0,0,no usable ephemeris
KMT-2017-BLG-2509L,,,,0,0,no usable ephemeris
KMT-2018-BLG-0029L,,,,0,0,no usable ephemeris
KMT-2018-BLG-0748L,,,,0,0,no usable ephemeris
KMT-2018-BLG-1025L,1.8755494287088603,0.01034052418683654,-0.016415624162733802,67,15977,ok
KMT-2018-BLG-1292L,1.455507033213446,0.10314785907722428,-0.07147806129410698,806,12603,ok
KMT-2018-BLG-1990L,,,,0,0,no usable ephemeris
KMT-2019-BLG-0253L,,,,0,0,no usable ephemeris
KMT-2019-BLG-0842L,,,,0,0,no usable ephemeris
KMT-2019-BLG-0953L,0.8010384391759269,-0.014045451571971299,0.008810511997166783,87,15806,ok
KMT-2019-BLG-1339L,,,,0,0,no usable ephemeris
KMT-2019-BLG-1953L,,,,0,0,no usable ephemeris
KMT-2020-BLG-0414L,,,,0,0,no usable ephemeris
KMT-2021-BLG-0171L,,,,0,0,no usable ephemeris
KMT-2021-BLG-0192L,,,,0,0,no usable ephemeris
KMT-2021-BLG-0912L,,,,0,0,no usable ephemeris
KMT-2021-BLG-1303L,,,,0,0,no usable ephemeris
KMT-2021-BLG-1547L,,,,0,0,no usable ephemeris
KMT-2021-BLG-1554L,,,,0,0,no usable ephemeris
KMT-2021-BLG-2294L,0.9830461458682713,-0.005988710989314838,0.006074629836059802,110,15767,ok
KOBE-1,1.0318707602318986,-0.010602444571383648,0.019273816788162992,372,11207,ok
KOI-12,0.9182781482733529,0.00395055054928779,-0.0018310665367608392,287,11223,ok
KOI-1257,0.9640990506489663,-0.004305165464485401,-0.011705980944136173,70,17658,ok
KOI-13,1.3266494171345988,0.16321949010745787,0.002181796434525868,646,15121,ok
KOI-134,0.9268821230562826,-0.003176900004475574,-0.007371062844606518,273,17581,ok
KOI-142,1.107007541182793,-0.02697828484722544,0.0037956892713987152,245,18628,ok
KOI-1599,1.0588328764467982,-0.007588828874027182,-0.015832975667571723,182,17923,ok
KOI-1783,0.8685889686393796,-0.01330306057920868,-0.002893032523634237,156,17875,ok
KOI-217,1.096178017312544,-0.002088479651965828,-0.0025754412051152272,527,17769,ok
KOI-2513,0.9765074718455511,-0.017396917800579555,-0.004582935418636948,151,16451,ok
KOI-3503,0.9022119184337931,-0.013652904938699723,-0.008954949507272372,119,18153,ok
KOI-351,1.1461431760573506,-0.005618420460889129,0.008743132481874734,182,15330,ok
KOI-3680,1.3175921770503247,-0.01613068299778543,0.0035531282298579985,81,17403,ok
KOI-4777,1.0574376630855646,-0.010864265766956788,-0.011425980237633858,667,16921,ok
KOI-4978,1.2056244787328083,-0.011243772805536402,0.0010246002198016464,205,16547,ok
KOI-55,0.9886052166952881,0.0029300790424098325,-0.009828747567881045,49,12069,ok
KOI-7368,2.020007133985579,0.16695731229317218,0.01363506304280842,110,17973,ok
KOI-7892,1.1195518958414767,-0.006741265255308283,-0.008686498897508726,245,18598,ok
KOI-7913_A,0.9862226439051592,0.022886725022937447,-0.001568593798107292,300,18382,ok
KOI-94,0.7557758030582318,-0.011375635081788427,-0.005824579507015701,171,17758,ok
KOI-984,0.6704974203347611,0.03843909409543041,0.02749625118829828,25,10858,ok
KPS-1,1.6415090151696534,0.002686425830129761,-0.00038819756643887775,528,15283,ok
Kepler-10,0.9687482222051641,-0.017977664795155116,-0.0005101197273409158,297,16482,ok
Kepler-100,0.9480137298950213,-0.004937212576650318,0.0034300261024235224,2022,105929,ok
Kepler-1000,1.0783883667823757,0.015178426371236217,-0.006528604241268812,120,14868,ok
Kepler-1001,0.8976606879210448,-0.01569658753040431,-0.02547906543914001,357,10153,ok
Kepler-1002,0.9603429264593538,0.0023445645970863404,-0.013603896617583542,297,18421,ok
Kepler-1003,1.0268291577680217,-0.006140478854430493,-0.005461843448368114,375,16582,ok
Kepler-1004,1.0370156394609558,-0.004534359899972818,-0.01434153682878943,132,16992,ok
Kepler-1005,0.9524268257133099,-0.003430276897822236,-0.0019097671697428987,100,16120,ok
Kepler-1006,0.8752456208032813,-0.007292906396346678,-0.01714312363633735,182,17881,ok
Kepler-1007,0.9065266447434285,-0.008985435250222768,-0.009398620411011591,408,16974,ok
Kepler-1008,0.927878012448817,-0.01570472596305782,-0.006123465096185821,557,16317,ok
Kepler-1009,0.9786173996082954,-0.007685199656607324,0.0035622856970962706,822,16354,ok
Kepler-101,0.9245100599100868,-0.006863224669412007,-0.011893161433034304,106,11761,ok
Kepler-1010,0.79924295306853,-0.01091884021566528,-0.008557947565356744,179,15962,ok
Kepler-1011,0.8561399101307986,-0.004587964899767155,0.0014069177104082415,626,11612,ok
Kepler-1012,0.9614841909662228,-0.0014642615495088288,-0.01655855541105316,404,16710,ok
Kepler-1014,1.0101384173906,-0.016641310709705814,0.003316118156101408,344,14688,ok
Kepler-1015,1.028522445315814,-0.003928001308663962,0.009409908301896596,260,17551,ok
Kepler-1016,0.9547930023658725,-0.0008746308172638548,-0.017674809637946622,191,16305,ok
Kepler-1017,1.1198102643510188,-0.017139527291307664,0.00017987828438196203,203,18799,ok
Kepler-1018,0.9870900383849469,-0.009378538160840987,-0.008045121370003355,93,12149,ok
Kepler-1019,0.9980071656023666,0.0006467639919796039,-0.0035805581503826843,1316,14305,ok
Kepler-102,0.9452215153062089,-0.01867990008431105,0.0038490986651679195,120,14944,ok
Kepler-1021,1.0215101039201075,-0.01222375573200146,0.011661541589519318,148,17815,ok
Kepler-1022,1.1246042405591672,-0.003155963700500824,-0.0019854434659194024,41,12359,ok
Kepler-1023,0.8838399397001548,-0.004592995628424489,-0.015817636913309414,199,15643,ok
Kepler-1024,0.9962044417995193,-0.006496189159316053,-0.009553828939395392,145,16529,ok
Kepler-1025,1.062908563222942,-0.007454966361874183,-0.011475453513664005,329,18160,ok
Kepler-1026,1.0014796649268731,-0.013921331138945222,-0.008151516021519012,284,18473,ok
Kepler-1027,1.0469869156270117,-0.015195188673316457,-0.006278314132234671,139,19055,ok
Kepler-1028,1.1102037808468597,-0.02946416139848357,-0.008523697993570603,134,16007,ok
Kepler-1029,0.8788437893409936,-0.014738645972716518,0.0017277514003692569,220,17804,ok
Kepler-103,0.9236269006924355,-0.004824562669245867,0.003070106754522161,98,19287,ok
Kepler-1031,1.01423500266362,-0.00605547630119245,-0.02192701106751125,192,17103,ok
Kepler-1032,0.8978887972790602,-0.017664063204197448,-0.008298761238361346,347,15982,ok
Kepler-1033,0.975676728678926,-0.01213675505739287,0.0022192689274995485,510,14471,ok
Kepler-1034,0.7433327850212522,0.0009972313351292326,-0.0104385071929833,58,16986,ok
Kepler-1035,1.0730994080316822,-0.015745652658167703,-0.012978129919391197,376,16211,ok
Kepler-1036,0.9238258826406872,-0.006072228698673424,-0.010209687531172384,520,14995,ok
Kepler-1037,1.0413803749346777,-0.009648257561875297,0.004958328520672185,496,16394,ok
Kepler-1038,0.9097786146281964,-0.0035818230486126556,-0.016282334202132296,110,16998,ok
Kepler-1039,0.8128774664501358,-0.0033158959459471445,0.003378934750234902,125,18112,ok
Kepler-104,1.3863416665959876,-0.023715819645038362,-0.011907767414693958,78,16852,ok
Kepler-1040,0.9170543929931934,-0.01186637425233411,-0.008091900716844453,104,17248,ok
Kepler-1041,1.0993999481295156,-0.013828199384469105,-0.004238284936070079,136,16714,ok
Kepler-1042,0.8051263495030627,-0.015844970227583077,0.001522120909191952,311,16015,ok
Kepler-1043,0.978414616578488,-0.02920027952279498,-0.002451515847979777,101,15349,ok
Kepler-1045,0.7215039043123826,-0.02463620981495611,0.00813227619797178,66,11863,ok
Kepler-1046,0.9819473350007293,0.005192087790052174,-0.0019888662634203105,355,16840,ok
Kepler-1047,1.0120906980900637,0.0007283217792752865,-0.00213669367686307,69,16340,ok
Kepler-1048,1.1558508165498433,0.013803782583827315,0.006140279597633212,186,15939,ok
Kepler-1049,0.9802602348366624,0.00796244502968178,-0.007909244385637516,142,17716,ok
Kepler-105,0.9913473930017864,-0.007803621747203892,-0.014282718209447931,421,16459,ok
Kepler-1050,1.083150323266467,-0.014296228286650114,-0.008395676339986053,224,15922,ok
Kepler-1051,0.804189845887285,0.002358571904576281,-0.013589202625608124,85,18285,ok
Kepler-1052,1.0519431289791021,-0.014897327895793218,0.01087964813249085,504,17596,ok
Kepler-1053,1.0524701051162466,-0.003612926973053806,0.005903737700231725,342,18237,ok
Kepler-1054,1.0254077070030765,-0.022010689302612782,-0.0032591927268228764,309,16729,ok
Kepler-1055,1.3706247802274114,0.009731902203850899,-0.005264038098833536,52,17166,ok
Kepler-1056,1.0132819614330357,-0.011801653352937742,-0.004229365064915455,165,18029,ok
Kepler-1058,1.1030637386126165,-0.02637401249431607,0.004541074715924841,315,16192,ok
Kepler-1059,0.924596292109316,-0.012773358441562126,-0.0019236286217525105,54,14123,ok
Kepler-106,0.9911926447688558,-0.021111706042080965,-0.007434853328828078,164,17997,ok
Kepler-1060,1.0011284972918078,-0.003979543368183234,-0.003938686217285776,246,16338,ok
Kepler-1061,1.1356676707803384,-0.003027288238882716,-0.008069177738096449,73,16718,ok
Kepler-1062,0.9775152395975045,-0.005237045868953994,-0.015094061419041757,273,18468,ok
Kepler-1063,1.6873004671234417,-0.015601149574226515,-0.00718930099604545,128,16189,ok
Kepler-1064,1.026580986406647,-0.009038433943584,-0.003713995454663633,763,14048,ok
Kepler-1065,1.1645273007685282,-0.014789435366301845,0.0029527827192312554,77,18529,ok
Kepler-1066,1.0926080927397395,-0.003003778797554791,0.0001420552004752468,319,17169,ok
Kepler-1067,1.1216206450334352,-0.0030975443392049296,-0.012083271184183309,193,14635,ok
Kepler-1069,1.031682865935979,-0.0123767809411567,-0.008363280981911215,383,14142,ok
Kepler-107,1.110834770099444,-0.01981943641918334,0.0006244929738283815,179,17604,ok
Kepler-1070,1.2707818870031178,-0.021129489756632182,-0.0015114185830233725,400,16129,ok
Kepler-1072,0.9286502247530833,-0.021651639513415543,-0.01449519394841739,277,16447,ok
Kepler-1073,0.9836414602868874,-0.021815421863787612,-0.01339335615542266,521,16703,ok
Kepler-1074,1.0248842144408954,-0.021898471703743233,-0.009419007720395426,317,14042,ok
Kepler-1075,0.9790874173170215,0.005378352257333528,0.00960581801086266,254,10646,ok
Kepler-1076,1.0073984724144582,-0.013241908433171181,-0.003206614098269694,213,15856,ok
Kepler-1077,1.0136569767877404,-0.019989001604731552,0.001918651011323484,212,17188,ok
Kepler-1079,0.9467576430012311,0.004944198670616569,0.00991450838905337,149,18077,ok
Kepler-108,0.9142889926755972,-0.009785966861441044,-0.01422126018236911,136,17898,ok
Kepler-1080,0.9524433356932778,-0.011580276033006954,-0.00649791469999481,317,16461,ok
Kepler-1081,0.8856944276970505,-0.0038827627853136957,-0.0070980318293727895,471,16060,ok
Kepler-1082,0.9763671200089009,-0.004384092359221707,-0.006884777596558441,496,14711,ok
Kepler-1083,0.7846137946079941,-0.011180173198492469,-0.012130410430847498,123,14805,ok
Kepler-1084,1.0209449950386125,-0.0035884759531881957,-0.012392784722866097,375,16798,ok
Kepler-1085,1.1066339892581987,0.00046547134776106535,-0.003491316364467486,183,10861,ok
Kepler-1086,1.0272733107314005,-0.025954556798951395,-0.011422103635704572,959,12953,ok
Kepler-1087,1.0460105223794236,-0.010431412393515287,-0.010774737786241993,279,17293,ok
Kepler-1088,1.2898436771282864,-0.01093386232258967,0.006405157708575861,114,19168,ok
Kepler-1089,1.2193939127443487,-0.013220360016776173,-0.008319590210633184,113,12526,ok
Kepler-109,0.8245021870542157,-0.00034339768589488316,-0.014039927871638306,197,18780,ok
Kepler-1090,0.920819413929291,-0.013183471076912152,-0.00711975497826553,576,15805,ok
Kepler-1091,0.7984877687571259,-0.002967368790584364,-0.0049033665846105,129,17458,ok
Kepler-1092,1.0683015780271896,-0.03151488453603562,-0.01136768041690455,251,17602,ok
Kepler-1093,0.9695983992562255,0.0013932292859168242,-0.0035212626716620175,336,18242,ok
Kepler-1094,0.8976124659978606,0.0007999201420197952,-0.005405961471652386,399,15610,ok
Kepler-1095,1.1954228244635114,0.004868311451809834,-0.0022019840184138027,99,18217,ok
Kepler-1096,0.9857621653018428,-0.003723035712450372,-0.0037168231949333405,206,16648,ok
Kepler-1097,1.057766704080096,-0.009229827402373023,-0.0056132701622993945,206,15614,ok
Kepler-1098,1.0053945077376116,-0.009160069483679327,-0.015358044027780349,563,17388,ok
Kepler-1099,0.8817200939563764,0.00404837734486988,0.005352372002191899,996,8494,ok
Kepler-11,0.9444211689832138,-0.002562084758995699,-0.008902839186833461,481,16483,ok
Kepler-110,1.0978982340825558,-0.01475207852416951,0.000966400276703819,240,16967,ok
Kepler-1100,1.1667568994593958,0.0004875660200811344,0.005971674531336327,240,17555,ok
Kepler-1101,0.8295308540787213,-0.011526840760387106,0.0008378100509234973,87,17130,ok
Kepler-1102,0.9442093271782211,-0.023438946859949187,-0.006672056392024942,215,14942,ok
Kepler-1103,1.0254820519788774,-0.016117256756130866,-0.009446392763107506,608,13977,ok
Kepler-1104,0.9278298982839441,-0.01277777659258777,0.022091168581822116,204,17855,ok
Kepler-1105,1.1982236231202121,0.004440189612555728,-0.003728634063854003,160,15842,ok
Kepler-1106,0.9320483562718906,-0.0062173852539732,-0.008651234109763848,85,16804,ok
Kepler-1108,1.0864259331798298,-0.02361287824184056,-0.01994053360218863,335,14718,ok
Kepler-111,0.8933960487716476,-0.008197082033972883,-0.0002961346726191045,546,16253,ok
Kepler-1110,0.9488312707358156,-0.004221761660942987,-0.012378411071542784,557,14850,ok
Kepler-1111,1.1256995647960515,-0.017355699487863398,-0.0014389714174954265,145,15872,ok
Kepler-1112,1.0529812083555508,-0.0010790849737432,-0.010367646986727432,242,16020,ok
Kepler-1113,0.7778198626167714,-0.005118393914122123,-0.001407850656761397,141,16253,ok
Kepler-1114,1.1822488711556478,-0.017025436221926874,-0.002023397502415988,278,17517,ok
Kepler-1115,0.9503319999631576,-0.011062136722093916,-0.0062674713083403855,698,16926,ok
Kepler-1116,0.9557310422128654,-0.010068744465686707,-0.002699519550872375,62,16826,ok
Kepler-1117,0.8581451037919843,-0.01935511296134392,0.010939909290819628,203,16502,ok
Kepler-1118,0.9261846668128423,-0.004693353108876708,-0.007354898160863817,121,16104,ok
Kepler-1119,1.1451374498566451,-0.006698812860575603,0.004969513558487213,367,16901,ok
Kepler-112,0.8794262160181139,-0.005095133850322536,-0.013277040751274899,297,17474,ok
Kepler-1120,1.083149037113054,-0.007873952301039476,-0.0033558771176754776,332,16327,ok
Kepler-1121,0.8732045874615653,-0.008242619996912118,0.0035613228795032285,240,17366,ok
Kepler-1122,1.1820251422098507,-0.010699226133360894,-0.011805465671624125,342,10789,ok
Kepler-1123,1.087657235883774,-0.029905823648876798,-0.009713806725122332,126,13771,ok
Kepler-1124,1.0210973082355022,-0.0006085214167533841,-0.012749574457916033,380,18088,ok
Kepler-1125,0.9469447943031746,-0.004284346412271322,0.004855487598675512,1671,11533,ok
Kepler-1126,0.9885990831932868,-0.0023299355417229915,-0.012628273984533964,148,14705,ok
Kepler-1127,1.0662675560418884,-0.013848945335975806,-0.015737127926876614,483,16412,ok
Kepler-1129,1.0312952942591749,-0.04471419636673246,-0.00761236298160818,181,17845,ok
Kepler-113,1.093287634532835,-0.001001732617040357,0.0002146884292353295,134,17779,ok
Kepler-1130,1.044035991073741,-0.012744339853288085,0.006140633425799321,360,18213,ok
Kepler-1131,0.9748543585354237,-0.031415727284493475,-0.004048369489280302,549,15918,ok
Kepler-1132,1.0275259686443576,-0.0033271832679833994,0.008614953126623364,676,8826,ok
Kepler-1133,0.9730239455012407,-0.017065727114912554,-0.009975456534473003,128,17624,ok
Kepler-1135,1.1058453331825402,-0.015329764634023024,-0.005009385399969798,139,15354,ok
Kepler-1136,0.9798538290018544,-0.004892903951178598,-0.007792208733125514,148,12613,ok
Kepler-1137,1.067915051657447,-0.022297665278468305,-0.004489912450837767,207,15126,ok
Kepler-1138,0.9739442170601029,-0.013165551779870633,0.0027390290822928644,180,10618,ok
Kepler-1139,1.6431395311005592,0.0014038527752519973,0.0005698049602242348,44,16074,ok
Kepler-114,1.2974029042729873,-0.01759548240372969,-0.00190739964302249,163,17730,ok
Kepler-1140,0.9760863764173933,-0.009490581321402765,-0.0010939999540433814,343,18216,ok
Kepler-1141,0.855501602161372,0.0032664044155923085,-0.005856057798011486,84,15421,ok
Kepler-1142,0.9058207314924436,-0.004831297209594037,-0.002012160105332676,197,17752,ok
Kepler-1143,0.8862007193494839,-0.022532012943177086,0.0017141301418373243,49,16886,ok
Kepler-1144,0.8953763584467024,-0.0031832785167930696,-0.023046864081234724,63,12572,ok
Kepler-1145,0.9829768334445249,0.002269017502325596,-0.002371434283219203,510,16432,ok
Kepler-1146,1.1245091711936341,-0.00418212224921417,-0.01629700561600939,567,9284,ok
Kepler-1147,0.8675057944514156,-0.006745852375676996,-0.020030999901475072,108,17799,ok
Kepler-1148,1.0489336853721964,-0.009492051342100785,0.0007997787731082463,80,12656,ok
Kepler-1149,1.0995916585746013,-0.006631149607870564,-0.01265385749874008,98,17140,ok
Kepler-115,0.910954081209115,-0.007543315754750056,-0.008683264875088862,302,17358,ok
Kepler-1150,0.8957997122200193,0.008543837748403307,0.0037423145806790487,95,17430,ok
Kepler-1151,1.0438599967894469,-0.01534403562680286,-0.011876813628023859,550,13440,ok
Kepler-1152,0.9972264479441773,-0.003407004519341725,-0.008709239807586524,72,19328,ok
Kepler-1153,0.6628267863485263,-0.009202934292656431,-0.011141846905250337,30,12243,ok
Kepler-1154,1.072109570273802,-0.006207433720733064,-0.009029485473441132,254,17070,ok
Kepler-1155,0.9663377600119977,0.000311956114951284,-0.011763764657151315,1012,13192,ok
Kepler-1156,0.9064205607474781,-0.02141392574747626,0.013596339018083738,178,14949,ok
Kepler-1157,1.0826547724760147,-0.0047194871699681685,0.003982875204644773,162,15519,ok
Kepler-1158,1.0065698500323466,-0.013035064340995795,-0.0017146671923403487,398,17021,ok
Kepler-1159,1.0069783101900422,-0.012062462048818707,-0.00294723152523263,193,17403,ok
Kepler-116,1.0807544073323911,-0.013711745345289381,-0.008591360929397478,161,17960,ok
Kepler-1160,1.107296792848038,-0.014450491323235221,-0.0016325843274844533,254,12078,ok
Kepler-1162,1.3678200923730812,-0.0009878001561178136,0.00498043522973105,233,11744,ok
Kepler-1163,1.2606046800859962,0.004303414737712675,0.001489106994923491,102,14492,ok
Kepler-1164,1.0610741555705563,-0.011488012227410485,-0.0036088406106343836,165,16615,ok
Kepler-1165,1.0792194557225552,-0.023551547172542608,0.008646652061231093,153,15385,ok
Kepler-1166,0.9419997520374793,-0.021363800344242238,-0.004911044388674429,347,15693,ok
Kepler-1167,0.9879200999134671,-0.016881452249080952,-0.019675981119800803,420,17296,ok
Kepler-1168,1.0994484968271476,-0.019354463260445518,-0.012992574154148628,108,11267,ok
Kepler-1169,0.9962828568477458,-0.005946487353669057,0.006650007029803013,1614,91009,ok
Kepler-117,1.2004852035956466,-0.009246506235748122,-0.011411551048168012,134,15365,ok
Kepler-1171,0.8927025728130324,0.02766560642792299,0.024522358131332564,73,12844,ok
Kepler-1172,0.9335806235185338,0.16912505007648745,-0.09970040416410651,583,14324,ok
Kepler-1173,0.8609979305167195,-0.0025751126745257357,-0.013045894256790262,173,18984,ok
Kepler-1174,1.083419556188781,-0.010512776541300985,-0.008444508448775534,463,14876,ok
Kepler-1175,1.117749800933235,-0.02168113076668815,-9.549223687109523e-05,60,12227,ok
Kepler-1176,0.9995505052668031,-0.011510017355944797,0.00861326570982,83,15758,ok
Kepler-1177,0.8875491683115121,-0.010362578215947283,-0.005110356136052127,64,15921,ok
Kepler-1178,0.996172797163703,-0.001424393878815316,-0.004206542052607914,280,17093,ok
Kepler-1179,0.9618155493959537,-0.008350441722309247,-0.0075530084296967556,284,14568,ok
Kepler-1180,1.002011786492316,0.004877080565914085,0.005021302700414756,208,17596,ok
Kepler-1181,0.9813344228084901,-0.011411784446593184,0.0014589076294713795,1321,91423,ok
Kepler-1182,0.9739558066411486,-0.011089677068842943,-0.0009583722777377998,437,16659,ok
Kepler-1183,1.0789344986578298,0.0005755466168859471,-0.017571474514380417,205,16491,ok
Kepler-1184,1.41508481586922,-0.035951392464071676,-0.013145326164376317,84,17790,ok
Kepler-1185,1.144313269129735,-0.010271304095569799,-0.010994989724685563,139,19145,ok
Kepler-1186,0.9048248402416005,-0.01071219174857387,-0.0033728877898943433,55,11884,ok
Kepler-1187,0.9315115134779751,-0.010550485545717418,-0.01613612563122607,146,16689,ok
Kepler-1188,0.6488151639561229,-0.014178241729184245,-0.015889386466871873,99,15945,ok
Kepler-1189,1.052738461659477,0.00024986201625509336,-0.020766890707323866,470,16418,ok
Kepler-119,0.9402673947118477,-0.00490259814198502,-0.008667672113217163,103,18202,ok
Kepler-1190,1.271031599985828,-0.016739647042896783,-0.0017993479151288553,167,18855,ok
Kepler-1191,1.4131098284401564,-0.004627690861833441,-0.006032030416849099,86,15232,ok
Kepler-1192,1.1378197979915894,-0.008294681821831186,-0.0023972009279566034,287,14653,ok
Kepler-1193,1.0925428108616757,-0.017650645209880737,0.0011583638679329618,100,13922,ok
Kepler-1194,0.9450312264473627,0.0005711923739394362,-0.01724970885591959,1730,10065,ok
Kepler-1195,1.0089169710379449,-0.013035087039383334,-0.004144261459918309,542,14628,ok
Kepler-1196,0.9324331943700088,-0.005317216834375513,-0.006327135858738085,405,16837,ok
Kepler-1197,1.142480053360285,-0.005391708477747974,-0.004390780519232922,111,17612,ok
Kepler-1198,0.9185830753242162,-0.013163478507720656,0.015234926158888171,790,9341,ok
Kepler-1199,0.8604153874276925,-0.0070502545651520395,0.006968132955379846,112,18033,ok
Kepler-12,1.2843728649404327,0.014115799766494463,-0.0027005169988948237,622,16729,ok
Kepler-120,0.9112014596115138,0.004261104447361372,0.005632698450587713,62,16124,ok
Kepler-1201,0.9359116112981771,-0.003527522814054525,0.004200495431548894,359,16918,ok
Kepler-1203,0.9901609680671785,-0.01594223067079656,-0.000569807807447849,721,15578,ok
Kepler-1204,0.938521003377009,-0.009160519429513611,-0.01653427870985901,136,13400,ok
Kepler-1205,1.0395913928707485,-0.009988939211002605,-0.0027695469429510075,142,15936,ok
Kepler-1206,0.9769275035353766,0.0005371378756240817,-0.0003058792144128614,372,17582,ok
Kepler-1207,1.2066593787864242,-0.003588080845586572,0.004061236639527299,85,16757,ok
Kepler-1209,0.833608577337935,-0.010178057128216735,-0.0102199636228478,95,17488,ok
Kepler-121,0.9393989091745267,0.0096262882403504,0.0032047077091529267,85,16452,ok
Kepler-1210,1.1642773462354858,-0.004858486156801527,0.0012454439453286827,188,14604,ok
Kepler-1211,0.9495957057826445,-0.004425161422875794,0.004852677822934833,74,15435,ok
Kepler-1212,0.958103340920428,-0.009344113380618363,-0.011654702616599788,585,16758,ok
Kepler-1213,1.0684253957749703,-0.004110291670105588,5.338493944056934e-05,205,16310,ok
Kepler-1214,0.9257536656897333,-0.016671106125156546,-0.004047365089806578,853,16072,ok
Kepler-1215,0.9455924759801286,0.0005750436889401284,0.0034363764486233764,167,17297,ok
Kepler-1216,0.9025842935245488,-0.0027110538633602836,0.004010116087342647,92,11274,ok
Kepler-1217,0.9331372928448132,-0.008673220740790152,-0.02388518013711769,262,11825,ok
Kepler-1218,0.990705459015907,-0.011871728323172277,-0.003153091103511072,79,18098,ok
Kepler-1219,0.8195901328314277,-0.042373635811344214,-0.010380360996240056,111,17889,ok
Kepler-122,1.1601147598719188,-0.0017180740240689823,-0.003562812910250779,48,11353,ok
Kepler-1220,1.2260518604059507,0.012640503628243979,-0.0007094059821455523,551,15994,ok
Kepler-1221,0.9605103979065078,-0.004573303572823167,0.010158983400984204,406,9900,ok
Kepler-1222,1.081976386142267,-0.012494402983518471,0.008442781864922179,940,13357,ok
Kepler-1223,0.9215818485739148,-0.010063328487651806,0.006510738585884297,660,13251,ok
Kepler-1224,1.244198176093834,-0.0051207715345481805,-0.005385069859687799,160,16514,ok
Kepler-1226,1.0728867253400567,-0.009682266340869666,0.009036884697298646,585,15126,ok
Kepler-1227,1.0172634962101335,-0.017367816437030514,-0.0016428009066603952,146,16519,ok
Kepler-1228,0.9803676120573048,-0.015797445110611683,0.009361243608722937,175,13733,ok
Kepler-1229,0.9884426800918429,-0.0025366540105216675,-0.013987238973787649,1900,10841,ok
Kepler-123,0.9731764187753214,-0.01513897374590715,-0.01610084802492947,150,18004,ok
Kepler-1230,1.0067008468171774,-0.014352377549946596,-0.0061101419204813694,169,16110,ok
Kepler-1231,0.9756720580573208,0.016851586891621605,0.010708139510669902,1160,8831,ok
Kepler-1232,0.6071496556282587,-0.009873414272659949,0.004272712231458039,50,18562,ok
Kepler-1233,0.3908686205801278,0.7627682536692572,0.02082908106397668,286,12995,ok
Kepler-1234,1.0399717053611648,0.004198594427841213,-0.007148460669757656,243,13324,ok
Kepler-1235,1.0782070134747404,0.003757810411793849,0.0027920973813597293,118,15756,ok
Kepler-1238,1.0229491679628566,-0.007882514987631276,-0.01642559327146846,215,17991,ok
Kepler-1239,0.6672514718647691,-0.004260008901866031,0.00620877279651014,267,97086,ok
Kepler-124,1.0270228887436765,-0.004722789944979343,-0.0010956706514451658,238,17494,ok
Kepler-1240,1.0467849422027928,-0.002738149224590463,-0.0043919975171880545,57,19378,ok
Kepler-1241,1.029691827220029,-0.016611213935086567,-0.00030812865324041837,393,17258,ok
Kepler-1242,0.9373823663388648,-0.01835395849004846,7.201170005770758e-05,292,18470,ok
Kepler-1243,0.9820602922196986,-0.013415045187428193,0.001005780132223704,287,18466,ok
Kepler-1244,1.0518192622958367,-0.015870236237798853,-0.001542784875174372,92,16334,ok
Kepler-1245,1.0383550542525504,-0.015961051372256098,0.0022148420193786496,1071,10890,ok
Kepler-1246,1.2313042828966043,-0.01117421250498161,-0.006736602918853744,180,16881,ok
Kepler-1248,1.0369253275109087,-0.00932912787129391,0.006694653600577718,82,10994,ok
Kepler-1249,1.0392263311719623,-0.012552564994619307,-0.000170917053901166,1927,9794,ok
Kepler-125,0.9915577660113151,-0.02052616906858182,-0.00831820209632019,215,17494,ok
Kepler-1250,1.3369570574025889,-0.01910524553422159,-0.013936852501028897,45,11614,ok
Kepler-1251,1.0722745591798581,-0.02068110823059661,-0.013581024512043804,147,14934,ok
Kepler-1252,0.9812069516235362,-0.0029416261941115525,-0.007528462871723,470,16761,ok
Kepler-1253,0.9140569374925269,-0.02532918510671212,-0.014892385340849336,237,18644,ok
Kepler-1254,0.7945092189689384,-0.011175143369116632,0.001246141955224306,67,10905,ok
Kepler-1255,0.9124577751473513,-0.027958737612623463,0.002669658341971183,345,16951,ok
Kepler-1256,0.9446604199797014,-0.006969769370037964,-0.001913631676988151,421,16627,ok
Kepler-1258,1.0000085226080015,-0.014118103766871325,-0.007111825883638296,729,16615,ok
Kepler-1259,1.1470030343563173,-0.024284767665742266,-0.007121988024778369,125,13359,ok
Kepler-126,0.9530975291914553,-0.0299545903187647,0.00011326912461273229,2440,103907,ok
Kepler-1260,0.9877235324634802,-0.0023777747853701405,-0.007494951769829744,154,17857,ok
Kepler-1261,1.0074796530191508,-0.0056187804259983124,0.011801036557185849,44,11002,ok
Kepler-1262,1.0374701679672644,-0.012508336576495567,-0.013622407264522086,60,13435,ok
Kepler-1263,0.8853139389553217,-0.009343660308177196,-0.017442667715970434,221,10565,ok
Kepler-1264,1.1374525009068448,-0.00804125592197314,-0.003900505152769999,336,15143,ok
Kepler-1265,0.7285400667100218,-0.009844182744719336,0.007209605812502613,67,11240,ok
Kepler-1266,0.9408966091444921,0.008818377269167744,-0.012197855835938375,524,10688,ok
Kepler-1268,1.1409152354902172,-0.009679084452933754,-0.02599034071753967,145,12737,ok
Kepler-1269,0.7255921116300733,-0.014978442076847768,0.006902332702207101,139,15149,ok
Kepler-127,0.9836631924032175,-0.014098393214194618,0.005996077982429347,1519,108051,ok
Kepler-1270,0.9628104256879437,0.007082580400451919,0.0016441112749647987,246,17555,ok
Kepler-1271,1.0962123929154899,0.0010353599846353045,-0.011776834213514095,345,15941,ok
Kepler-1272,0.9044483818396407,-0.009169819129009943,0.005058230162955725,191,15415,ok
Kepler-1273,0.8671055542952741,-0.012752156083414623,0.000829740609507928,75,16310,ok
Kepler-1274,1.0267001081287905,-0.014061290272080989,0.011776520207334818,172,16205,ok
Kepler-1275,1.0493194945187483,-0.011899574387642432,-0.0060029044576839835,616,15501,ok
Kepler-1276,1.144512311731199,-0.00858151735207724,0.0020158269675592034,372,15746,ok
Kepler-1277,0.9287914980935352,-0.02049844422030625,-0.0066436703670193055,740,16704,ok
Kepler-1278,1.0523086077517898,-0.01623023290238221,-0.00020805915752444495,302,15276,ok
Kepler-1279,0.9693870689209505,-0.005401249930302681,-0.005246525070226437,291,15899,ok
Kepler-128,1.0724720870578726,-0.007570952833204707,-0.01216020879261132,96,19265,ok
Kepler-1281,1.0414359260787744,-0.011917838334776774,-0.009310935436303262,59,14308,ok
Kepler-1282,0.8454168613359131,0.009770614554831414,-0.011480685421155849,282,11872,ok
Kepler-1283,0.9505381903651537,-0.008136941693705194,-0.012371936349606738,430,16639,ok
Kepler-1284,1.1131442596753944,-0.013474327791859864,-0.009316771306147862,150,12469,ok
Kepler-1285,1.003883059051741,-0.025826106330341412,0.010888304352379372,110,19169,ok
Kepler-1286,1.077630648718205,-0.0006655263419667551,-0.007217264011130865,230,14897,ok
Kepler-1287,0.9903655779784328,-0.01750692556693454,0.0010259680720023994,180,11820,ok
Kepler-1288,0.6876818972537635,-0.013882146029136472,-0.009777160649037145,129,19142,ok
Kepler-1289,0.7455707664033739,-0.020842511314290678,-0.008178950205879523,120,18142,ok
Kepler-129,1.002924070666529,-0.008872260497786565,-0.0019483105312830713,1918,106415,ok
Kepler-1290,0.8149769953379957,-0.008007933773527062,-0.008199885210141412,62,14426,ok
Kepler-1291,1.0190370999598974,-0.0130624811079875,-0.006478105635340064,216,15616,ok
Kepler-1292,1.064473552696136,0.002816316879551234,-0.022095482666782778,59,12713,ok
Kepler-1293,0.9149112812316583,-0.019719609585840677,0.010267551661145907,159,15640,ok
Kepler-1294,1.8103201435086653,0.11949811118313276,0.03303535938769957,141,16789,ok
Kepler-1296,0.9927079719463106,-0.011249422265908856,-0.011609920548366145,145,18019,ok
Kepler-1297,1.0212955958984178,-0.01841572824819694,-0.008897386823034354,36,12598,ok
Kepler-1298,1.0764540880200415,-0.014036126247276846,0.002409673909234458,184,18866,ok
Kepler-1299,0.8295110924648456,0.11270738524509807,-0.02325577000898308,1500,11195,ok
Kepler-130,1.034312652229783,-0.010503719837989443,0.006065923307721456,2670,104648,ok
Kepler-1300,1.2050037766443376,-0.00551372184082192,-0.009203010858663182,128,16628,ok
Kepler-1301,1.7055579824125016,0.01873342580290448,-0.0030123080041248133,152,12588,ok
Kepler-1302,1.0725284851847776,0.00030321435716094595,-0.010997973099949496,95,12553,ok
Kepler-1303,0.8503865054888893,-0.002873438956375738,-0.006887397150121415,251,18572,ok
Kepler-1304,0.9167541053332585,-0.012458485345052676,-0.011058006147012751,503,15196,ok
Kepler-1307,0.9758365608160584,-0.0014760481038154733,-0.007870831289989859,108,16504,ok
Kepler-1308,1.0218870566437082,-0.016987405110981103,-6.094553525067505e-05,263,18577,ok
Kepler-1309,0.8015815512608107,-0.016715205032663213,-0.01266003292414334,207,18190,ok
Kepler-131,0.9684016491980346,-0.007613983205921356,-0.002540902976314324,2529,103845,ok
Kepler-1310,0.9611702353998295,-0.013797496643183998,-0.006496431992584622,849,16220,ok
Kepler-1311,0.8879207133535005,-0.017720533572244575,-0.006771307380415603,298,16128,ok
Kepler-1312,1.0658385433054884,-0.007539136025110496,-0.007821106475375138,241,18619,ok
Kepler-1313,0.9083169931486681,-0.011508019628316801,-0.003328706767385658,69,19337,ok
Kepler-1314,1.1388196778449255,-0.006734297518769097,-0.005326731075686375,93,19256,ok
Kepler-1315,1.0029950192591712,-0.019092244075562762,-0.0064082374775052105,116,15624,ok
Kepler-1316,0.7907954325593727,-0.02561881819570752,-0.004604824980359381,111,18156,ok
Kepler-1317,0.959149517656852,-0.015623220146262554,-0.0025034267311638196,365,16621,ok
Kepler-1318,1.1183371903187898,-0.08659770321817434,0.011455436870425882,121,16039,ok
Kepler-1319,0.8720324265361639,-0.010143038431423359,0.007064852631327993,159,14935,ok
Kepler-132,0.978581262287496,-0.00016233672661271668,0.004355800877273958,2465,104583,ok
Kepler-1323,1.0379414871485297,-0.018205311373100743,-0.0011505355781725552,126,18629,ok
Kepler-1324,1.061294890496304,-0.009461865906601214,-0.006175898367009254,1029,14059,ok
Kepler-1325,0.892076677283114,-0.00040466147013355227,-0.01687690520990617,84,13699,ok
Kepler-1326,1.1164696464140402,-0.01608846202369407,0.0014068749896501258,223,17938,ok
Kepler-1327,0.9690345741963001,-0.001841234745086348,-0.005013574938127208,206,15944,ok
Kepler-1328,0.9555618457259599,-0.018404011495884446,-0.008433475938937693,437,17814,ok
Kepler-1329,0.8701644247288299,-0.018309555913556153,-0.00620464306493212,173,15320,ok
Kepler-133,0.9286138443443014,-0.0006285630308508093,-0.01305939162450374,170,17641,ok
Kepler-1331,1.0678388819650109,0.0005637928933171115,0.010031863307892932,180,17742,ok
Kepler-1332,0.8591443637766409,-0.01309488360767298,0.0004128882967406927,135,17937,ok
Kepler-1333,0.9851969989788191,-0.004008905821319325,-0.00908876538196749,998,14545,ok
Kepler-1334,1.06550773325095,0.008790184300352895,0.0070541787641653616,79,10303,ok
Kepler-1335,1.213963631424004,-0.008425131603394033,-0.00585804298799191,71,19326,ok
Kepler-1336,0.9096447334934218,-0.023521294258910575,0.0038426334088226826,354,17254,ok
Kepler-1337,0.7459922672214383,0.009096732111304072,-0.002371886861523009,84,11256,ok
Kepler-1338,1.0983281915173322,-1.258799027644966e-05,0.0006239211905948443,126,19106,ok
Kepler-1339,1.0874635923977032,0.004999997129964279,0.005147273377588869,563,17361,ok
Kepler-134,0.9754717431160465,-0.00360415842051463,0.011305402051456005,2868,102459,ok
Kepler-1340,0.941671498847296,-0.003918763878374638,-0.008499570034969414,422,16767,ok
Kepler-1341,1.063437857963953,-0.004854405041566872,-0.011945359112867012,599,13398,ok
Kepler-1342,0.9604094131585482,-0.010939988572814656,-0.016312846958410784,332,17077,ok
Kepler-1343,0.9000880669038747,-0.0005427940459551692,0.0019520521994266984,303,13549,ok
Kepler-1344,1.115698948988617,-0.009143481778421957,-0.00677461103316848,80,14964,ok
Kepler-1345,0.8687194067210247,-0.013343035612922664,-0.015295382707195136,510,15595,ok
Kepler-1346,1.046713629984582,-0.0068249895304817515,-0.002091894245828524,263,16891,ok
Kepler-1347,0.9974048092730495,-0.017073041665485414,7.542330812756609e-05,587,16229,ok
Kepler-1348,0.9703097086535758,-0.017628293309516502,-0.0071066480217438395,111,14719,ok
Kepler-1349,0.8720701311335903,-0.0029919748448179696,-0.008097093619644538,95,19227,ok
Kepler-135,0.9550507105326376,-0.005846921912136204,0.002019862328433729,2229,101728,ok
Kepler-1350,1.1480147739302224,-0.00591396865789911,-0.003981174386943625,434,15381,ok
Kepler-1351,0.9455140166415232,-0.006803638513024899,-0.004918311405510038,581,16191,ok
Kepler-1352,0.9263293796845458,-0.00552528047829959,-0.00851447459628026,104,15920,ok
Kepler-1353,1.1760647561809192,-0.008561481375522742,0.006569937980673961,594,16034,ok
Kepler-1354,1.0565059313848315,0.001192023795846396,0.0021565530742404435,217,15949,ok
Kepler-1355,1.0679610134586752,-0.01898805505078272,0.0041678777519031296,153,15489,ok
Kepler-1357,1.044173110776377,-0.0059202452350865,-0.0042286958993435955,208,12054,ok
Kepler-1358,1.1706827333058376,0.0017323421909587037,0.009615686327683582,235,15790,ok
Kepler-1359,0.5869618895792995,0.07649841772544834,0.004425761759985805,1373,9171,ok
Kepler-136,0.9509636656401812,0.006842084801425027,0.0029461320667150317,99,17565,ok
Kepler-1360,1.095799773320015,-0.020191979245246672,0.004028660948702739,84,18322,ok
Kepler-1361,0.9401920803077425,-0.005609935284571156,-0.014049779311102378,185,18551,ok
Kepler-1362,1.0545615661795555,-0.009507545998068715,-0.011657627632740121,320,14156,ok
Kepler-1363,1.074369257200278,-0.0076889835707570015,0.00810293964310505,411,17381,ok
Kepler-1364,0.9799342553290218,-0.003409901206199578,-0.0017357088563966538,473,15279,ok
Kepler-1365,0.9381249480920907,-0.010852125095484914,-0.004170673128564204,384,17129,ok
Kepler-1366,1.0217728769853414,-0.02552629503311601,0.0014507082714145388,913,15979,ok
Kepler-1367,0.8523488523571238,-0.01335430442798847,-0.014975840842752773,224,11222,ok
Kepler-1369,0.9425391317733077,-0.00966498831707636,-0.010549305149759738,82,15105,ok
Kepler-137,1.0191047392479575,-0.005041268142834042,0.006581446838118976,297,18461,ok
Kepler-1370,0.7991999458173141,-0.04682335426108045,-0.007705117574507088,204,18799,ok
Kepler-1371,0.9584308801499807,-0.014803396303021235,-0.0018617364735166561,156,15143,ok
Kepler-1372,0.7567850509263794,-0.013242763576395087,0.010635434253299868,90,12142,ok
Kepler-1373,0.9274509702641268,-0.029725417918939474,-0.0023234768191292294,344,15931,ok
Kepler-1375,1.0743444688830015,-0.014672508010230482,0.005523854964229083,1657,91728,ok
Kepler-1376,0.914441933506598,-0.003967026291387288,-0.002413775233363015,299,18294,ok
Kepler-1377,0.6534412386463753,-0.015469203250334353,-0.008166608089835084,56,12112,ok
Kepler-1378,0.08220626733666254,0.23622784105789638,0.0031686615873637507,126,17705,ok
Kepler-138,0.7339536837054811,-0.0016099573699521197,-0.004093900347911214,104,17856,ok
Kepler-1380,1.615399644354308,-0.01103687415971418,0.00046871258430598417,67,13208,ok
Kepler-1381,1.3408055345887744,-0.019922744138777957,-0.013503718948051106,97,11691,ok
Kepler-1382,0.81776299749942,-0.004895305270805587,-0.009335602313005396,104,18425,ok
Kepler-1383,0.7568165299813961,-0.024410743322653944,-0.008973904416976248,124,18171,ok
Kepler-1384,1.0178590102083132,-0.020976453140793355,-0.005164090271398864,194,17408,ok
Kepler-1385,1.1000664474387123,-0.006983588180974316,-0.009606298476035233,218,14425,ok
Kepler-1386,1.027378411639821,-0.0034258732592137133,-0.002655183471225853,181,15613,ok
Kepler-1387,1.037151219341474,0.006056019881362109,-0.0002954277510895893,551,17383,ok
Kepler-1388,1.0348201862970865,-0.011371026172912085,-0.009469601690699663,1333,14127,ok
Kepler-1389,1.0088100919618344,-0.018698259073398053,0.006062090400623964,614,13476,ok
Kepler-139,1.1993284373476198,-0.033514721246527254,-0.00032679219915134484,137,15415,ok
Kepler-1390,1.0774021832226286,-0.007651395533154707,-0.007324134081559955,297,16753,ok
Kepler-1391,0.9813603872661163,-0.01382738972871775,0.005589054804052323,707,15620,ok
Kepler-1392,0.9568710953927999,-0.0076539942301698475,-0.007904095094288362,771,9131,ok
Kepler-1393,1.2978124959821118,-0.02020069182755825,-0.003863975203516032,124,19089,ok
Kepler-1394,1.1743574926219351,-0.009099374931852217,-0.010064050525567424,107,16515,ok
Kepler-1395,1.0749841458771539,-0.009234160066388945,-0.006554384567146892,232,16984,ok
Kepler-1396,1.0588473266908456,-0.01108737321011111,0.0005870827440593357,289,17308,ok
Kepler-1397,1.0130336214312292,-0.021016219172333577,0.0009012535046424596,487,16625,ok
Kepler-1398,0.9761168931152493,-0.012252779809937463,-0.01209206528935652,80,17367,ok
Kepler-14,0.9997845809257679,0.0010023792975015257,-0.011349326214971133,160,17748,ok
Kepler-140,0.8635782400191104,-0.005327384298120626,-0.004372930484086053,85,14790,ok
Kepler-1400,0.9675878274965913,-0.02139438087032269,-0.0011072850275006794,162,10888,ok
Kepler-1401,0.9432090320379791,-0.018650819195685397,-0.006662740486526628,210,14666,ok
Kepler-1402,0.9391851254050891,-0.010002529858673951,0.00274668716369952,66,17095,ok
Kepler-1403,0.9925003441923256,-0.0031898674707720176,0.00686079189169388,2414,99520,ok
Kepler-1404,0.9744220371760457,0.0057761593945693185,0.005634053802865974,2283,9974,ok
Kepler-1405,0.9002660083036903,-0.0037030104340393033,-0.01399646150445635,209,17949,ok
Kepler-1406,0.8400488491271888,-0.004477972096266943,-0.0033119961369590216,79,16935,ok
Kepler-1407,1.0958169919177398,-0.003408707636411656,-0.006301190514554312,42,16550,ok
Kepler-1408,0.9257572437262029,-0.005707263919395733,0.0058661949884821155,159,18924,ok
Kepler-1409,1.0167371280583053,-0.008286147918621709,-0.011636323374876708,540,16184,ok
Kepler-141,1.0800889203687594,0.008929811643085381,-0.0047050953212455105,72,18031,ok
Kepler-1410,1.0784502046762945,-0.008340647781975765,-0.010800275463513618,444,15135,ok
Kepler-1411,0.897695258723821,0.014610860342955806,-0.0008439416680069462,182,11916,ok
Kepler-1412,1.2166313806866091,-0.017265866097512322,-0.012392365662855155,81,16962,ok
Kepler-1414,0.9614909603651671,-0.013859235967500948,-0.00223099956028352,246,18673,ok
Kepler-1415,0.901580796071972,0.0008865562048966031,0.012036062932850632,157,10692,ok
Kepler-1416,1.1628739558377723,-0.002072421446897102,-0.014160472611053599,93,18355,ok
Kepler-1417,1.007635151878389,-0.002638999439426772,-0.0038634554348867143,708,14565,ok
Kepler-1418,0.9889588439618924,-0.02287205188201009,-0.017792967775708966,298,15568,ok
Kepler-1419,0.965147741781716,-0.014777433992946964,-0.00020561771429134055,254,16210,ok
Kepler-142,0.8181176235662402,-0.0035587646489899207,-0.004327746383620084,162,17781,ok
Kepler-1421,1.2171503152432146,-0.00044251074053205074,-0.0009996512175151934,100,18316,ok
Kepler-1422,1.0997805234434075,-0.013023321620309926,-0.011024102382129804,256,14033,ok
Kepler-1423,1.0164727942806775,-0.003384355299260031,-0.008036069932050872,237,16172,ok
Kepler-1424,0.941543671978443,-0.007154807620738457,-0.013014139741131074,344,15842,ok
Kepler-1425,0.9592007710819023,-0.01813455580615478,-0.008706522587344237,1008,14700,ok
Kepler-1426,0.9097423868846028,-0.03649306133747024,-0.00607850255223983,68,14993,ok
Kepler-1428,1.6857820857648482,-0.02542402837380784,-0.0032176992426931473,86,17243,ok
Kepler-1429,0.9969670384850153,-0.0005995775763448263,0.0059791749552109705,71,10780,ok
Kepler-143,1.0243065436252925,-0.01146100861981321,-0.007989534764215466,120,17169,ok
Kepler-1430,1.3203468003986534,-0.012012336249459205,0.0021977387127648284,107,13321,ok
Kepler-1431,1.074284866667797,-0.010607092108036616,-0.005550621873739667,126,14719,ok
Kepler-1432,0.9983112682259871,-0.011257918361198934,-0.010023737821908081,332,17194,ok
Kepler-1433,0.9331779962599345,-0.02280892729770387,-0.006091776265375749,51,12186,ok
Kepler-1434,0.991327994214012,-0.024565932791585504,-0.0065478295774907816,140,18837,ok
Kepler-1435,0.7138207967560433,-0.0038643832036521462,-0.014182855748791991,74,17758,ok
Kepler-1436,1.0292419355331526,-0.003948943269066313,-0.005227062350326859,361,12198,ok
Kepler-1437,0.996323140512458,-0.019114344829961136,-0.00502644163955922,374,13679,ok
Kepler-1438,1.0090291207646636,-0.016601280896696057,-0.005392316429861923,222,16250,ok
Kepler-1439,1.0243193624344162,-0.020099435001275298,-0.007019026901649539,269,18565,ok
Kepler-144,0.9464916881873253,-0.018529015885621558,-0.002534865608805983,327,18303,ok
Kepler-1440,0.9923043982410134,0.0017671353581885983,0.0057815564304065864,140,19056,ok
Kepler-1441,1.2671323592315338,-0.04516562744389568,0.009239635302150011,141,17814,ok
Kepler-1442,1.0637043564639272,-0.005757611993158765,-0.0020649784323252714,266,14751,ok
Kepler-1443,0.9331191515134931,0.0007429392868066081,-0.00966795244846701,161,18961,ok
Kepler-1444,1.3590188578360047,-0.0015495308485823432,-0.0008508888707396602,181,18753,ok
Kepler-1445,1.1399217086185136,-0.018722206135051763,0.00132063179675106,81,15678,ok
Kepler-1446,0.886772944846062,-0.00548434382107384,-0.005345429222817901,63,15952,ok
Kepler-1447,1.0627938289701853,-0.013804380153461672,-0.01542108079914144,272,17233,ok
Kepler-1448,1.0102851043441843,-0.011621615530954706,-0.00696375084656328,160,16138,ok
Kepler-1449,0.8287794261841515,-0.01350127526028735,-0.017052348935995852,84,12441,ok
Kepler-145,0.9468949668399741,-0.00618060838710525,-0.0032050274916691937,297,18494,ok
Kepler-1450,0.8351760881684019,-0.0021474936787939615,0.0008603208004128908,141,16938,ok
Kepler-1451,0.9402563602958638,-0.02470138529431575,0.007587611887749579,1523,12185,ok
Kepler-1452,0.8812959839879848,-0.005520243499021431,-0.00624643956926837,419,15759,ok
Kepler-1453,0.845485655687696,-0.009760319727621055,-0.007083466773729518,84,11060,ok
Kepler-1454,0.9720003944948732,-0.006304227880921061,-0.012170276446508031,145,11009,ok
Kepler-1455,0.9546510211652162,-0.008245179962705991,-0.0016794912638897132,402,12661,ok
Kepler-1456,1.0695683068781798,-0.004022574040077966,-0.004370041434832656,181,11663,ok
Kepler-1457,0.9369438379658487,-0.01761860877440231,-0.007959525290108582,526,17475,ok
Kepler-1458,1.0172759994384477,-0.013947357714759991,-0.0034348752577597745,151,18999,ok
Kepler-1459,0.9800614767784671,-0.00033626051207501554,-0.01586553488209463,170,14510,ok
Kepler-146,1.017704260800549,-0.00836877428442511,-0.00251445646422736,148,18485,ok
Kepler-1460,0.8404610228545009,-0.006523752248665182,-0.00411525180126565,139,11809,ok
Kepler-1461,0.8094479261135851,-0.017998646545166575,-0.003958602943385698,76,12326,ok
Kepler-1464,0.9712308459295741,-0.01056427394381194,-0.0037279014956154675,115,16824,ok
Kepler-1465,0.7679947537193549,-0.008268159291480476,-0.00440205666913915,137,10699,ok
Kepler-1467,1.0024086139864965,-0.014018724702766147,-0.010368410570768016,362,16226,ok
Kepler-1468,1.0065288606592215,-0.01819340785678702,-0.008339996043582343,2028,10007,ok
Kepler-147,0.9641311320452314,-0.012280044036609662,-0.005610391418898123,299,18314,ok
Kepler-1470,0.9717216334858982,-0.011126500787505078,-0.007904398249304535,906,13348,ok
Kepler-1471,0.9238755725558024,-0.0013563929559286412,-0.0020034905960095517,58,12677,ok
Kepler-1472,1.1297946671420198,-0.01695904809793898,-0.0037591650202549952,177,15228,ok
Kepler-1473,1.3765850426130744,0.003779878358710863,0.00714160808728988,481,14746,ok
Kepler-1474,0.8536996327292614,-0.027770643069154725,0.0006708456790280735,339,16136,ok
Kepler-1475,0.8314732245790548,-0.004578084170227029,-0.0026475531593428444,235,16282,ok
Kepler-1476,1.2128340174962517,-0.014018507920504733,0.0006323722196876323,79,12844,ok
Kepler-1477,0.9787498837323843,-0.008305534033943553,0.0021834876793171065,139,15907,ok
Kepler-1478,0.9930368162981991,-0.009822015839907883,-0.014964257542591631,523,16271,ok
Kepler-1479,0.8682897215359633,-0.0056601372570212445,-0.00029841669466547014,449,17752,ok
Kepler-148,1.026853588293065,-0.012452261016697752,0.007840025501944396,448,10766,ok
Kepler-1480,1.2922656604696683,-0.01887626121938334,0.0024278443192623984,184,16508,ok
Kepler-1481,1.058053386257214,-0.000999840651445229,0.005707050860125432,186,15708,ok
Kepler-1482,0.9522735479629526,-0.019179093609091168,-0.0070122659786463456,271,18541,ok
Kepler-1483,1.073735976998647,-0.009528907310497454,0.0027383863812745655,328,17338,ok
Kepler-1484,0.9631526398258126,0.0028052281206104907,-0.0002790822603923347,1131,12761,ok
Kepler-1485,0.9373254737005748,-0.016498892205477858,0.002234882660065346,357,17151,ok
Kepler-1486,0.8469004295034704,-0.009272979705260332,-0.005145434691237953,57,12711,ok
Kepler-1487,1.0225577275928797,-0.014040780787828925,-0.014167465372334525,245,17874,ok
Kepler-1488,0.9284268153625311,-0.012125346429526812,-0.01284862236737078,99,18222,ok
Kepler-1489,0.8404217000289237,0.006404830828442062,0.005094868334810187,133,15106,ok
Kepler-149,0.8764734426067783,0.00680104500538883,-0.014181698369323618,188,16607,ok
Kepler-1490,1.0530353256095328,-0.01301113208653022,-0.004649024950930544,532,16227,ok
Kepler-1492,0.9680300607455347,0.0030941227630223995,0.00017354888471752565,284,15994,ok
Kepler-1493,1.0239118092722803,-0.007915006338764248,-0.00541601323611336,206,18758,ok
Kepler-1494,1.1607249667310526,-0.031492340151164415,-0.0006571275238371737,108,15929,ok
Kepler-1495,0.8806773301655428,0.011297186714224331,0.006531079250344511,112,16819,ok
Kepler-1496,0.9938546937824092,-0.019197537671105002,-0.0026213322358867716,149,17700,ok
Kepler-1497,0.9228627128681115,-0.012158165315193542,-0.0033513697497893234,255,15551,ok
Kepler-1498,0.980665339642573,-0.007679016354610371,-0.004001655423921185,159,15920,ok
Kepler-1499,0.9245090549624212,-0.00566303191609106,0.004741005290551239,550,17403,ok
Kepler-15,1.3570926996410209,0.0006420712083319008,-0.0017761281690969034,479,17769,ok
Kepler-150,0.8990662566371828,-0.014279036638940175,0.004863833132207395,230,14991,ok
Kepler-1500,0.9374681855738549,0.0015880168025227549,-0.007547395486337981,511,14934,ok
Kepler-1501,0.9021176845896454,-0.012738981073959207,-0.010217483540914086,323,16562,ok
Kepler-1502,1.102802068538825,0.00469475343838191,-0.005934322943046339,151,18182,ok
Kepler-1504,1.1074919202205131,-0.02170168155463313,0.000751128327131833,252,11724,ok
Kepler-1505,1.158025087435503,-0.0065806421680977755,-0.00690948589656187,84,19280,ok
Kepler-1506,0.6883263617995176,-0.006872130115650632,0.002531354624412121,61,16199,ok
Kepler-1507,1.231660480743227,-0.00036818796807680754,-0.0020771100020678048,137,16230,ok
Kepler-1508,1.2235717041732763,-0.00015011703907582248,0.003575998538310672,114,18153,ok
Kepler-1509,1.3158111464905837,-0.014349153966145459,0.01640382526570031,37,11988,ok
Kepler-151,0.991243775571584,-0.004593778617551782,-0.01291937571555263,264,17478,ok
Kepler-1511,1.0236078914479636,-0.0067313122504128915,0.0028145745239886804,202,18881,ok
Kepler-1512,0.9831010908017456,0.006492318320267822,-0.00899479453841539,138,18919,ok
Kepler-1513,0.9802013317364248,-0.012776493258082269,-0.0013231974840382174,1182,14340,ok
Kepler-1514,1.0181713686587524,-0.006988692295095904,-0.006279637334907295,326,18302,ok
Kepler-1515,1.2139876082519567,-0.030567738673570318,-0.0027980976606971943,48,15525,ok
Kepler-1516,1.0813610345851203,-0.0048250214525378185,0.0014875747264204782,42,18135,ok
Kepler-1517,1.0422323532776971,-0.0062975695983699615,-0.00397817646490179,298,16820,ok
Kepler-1518,0.9643246861514088,-0.0029182656436539615,-0.005044456526355667,1109,14162,ok
Kepler-1519,0.999135025435381,-0.015572754178048084,-0.009906538632153928,244,18156,ok
Kepler-152,1.2923634704757605,0.03742295815248762,-0.00987856311038934,63,17192,ok
Kepler-1520,1.0089467048090428,0.002978260260079438,0.00879294004982556,251,13337,ok
Kepler-1521,1.0198025751390625,0.010951854664868576,0.003421536251059859,179,18883,ok
Kepler-1522,1.150162125635795,-0.018643851420139447,-0.016495058324853762,209,10439,ok
Kepler-1523,1.2818097389728542,-0.006843120431683508,-0.006848652921630823,98,16082,ok
Kepler-1524,0.9822005564541173,-0.004476232307428311,-0.007597780314870843,395,18114,ok
Kepler-1525,0.9494594904077812,-0.012206874003473535,-0.003652263394074736,212,15797,ok
Kepler-1526,1.1240651388902982,-0.005129934330091227,-0.0014037264140027855,99,15891,ok
Kepler-1527,0.8875161877239617,-0.00713035020477204,-0.007651400730717755,170,13379,ok
Kepler-1528,0.9324174684932706,0.003876436614934802,0.011949486521862186,349,14179,ok
Kepler-1529,1.014421697970375,0.00088631484505457,-0.00031152085267665685,530,13913,ok
Kepler-153,1.05389308062504,-0.023093017999795587,0.0012641820680212284,123,15341,ok
Kepler-1530,0.8337430764053207,-0.004588767808738301,-0.004098145526656448,238,15271,ok
Kepler-1531,1.0192764619443255,-0.005463072342896317,0.005180939280292929,216,17453,ok
Kepler-1532,1.1225885908495015,-0.00822082406473884,-0.0009303073008787598,480,16448,ok
Kepler-1533,0.861572193248931,-0.002362283412042844,-0.009554835187532834,155,18046,ok
Kepler-1535,1.0172789117968006,2.494728957103582e-05,0.009484561659857524,371,15705,ok
Kepler-1537,0.9819275856999663,-0.003128855250173167,-0.017915824578188796,362,17101,ok
Kepler-1538,1.0665644562886587,-0.01496226095541816,-0.014496767898771709,117,12003,ok
Kepler-1539,0.8851089516104903,-0.028488271063189533,0.003038923715560783,98,16225,ok
Kepler-154,0.7928097658902792,-0.0023634541060013245,0.0002744938168070566,70,14638,ok
Kepler-1540,1.0282643566327685,-0.007850757912516023,-0.011524387280134277,756,16606,ok
Kepler-1541,0.9030836834121752,-0.0004526075565162698,0.0060418281729131326,433,13979,ok
Kepler-1542,0.970881625077155,-0.006173927987840265,-0.0051777515522339786,1429,13601,ok
Kepler-1543,0.9975330478674752,-0.0010195969684997513,0.0007566703886816916,1430,92595,ok
Kepler-1544,1.1508480662586398,-0.008134820670270751,0.009560351352827134,136,17266,ok
Kepler-1545,1.0877253043333681,-0.01967419326686036,-0.010936467695229386,105,18541,ok
Kepler-1546,1.187287112168475,-0.010362324665827016,-0.002492517348549306,101,17915,ok
Kepler-1547,1.173999398548274,-0.00013305822087578676,0.0017790211989054923,262,18562,ok
Kepler-1548,2.144630428128856,0.006629146109685893,0.015476253502829336,28,11440,ok
Kepler-1549,0.9441727199917197,0.000626620249550974,0.003706217265759002,1405,11750,ok
Kepler-155,0.8043471335648699,-0.02319036321380169,-0.022768015786246293,350,13892,ok
Kepler-1550,0.9663392256559941,-0.011363354768518618,-0.005833547717081235,143,15522,ok
Kepler-1552,0.9796966416886151,-0.024115157771882247,-0.0032723570688729326,1610,10815,ok
Kepler-1554,1.1617113051907226,-0.000285989703149277,-0.0004119812709463417,54,13978,ok
Kepler-1555,0.8986265173847267,0.002472925420590673,-0.013384139084539039,831,8553,ok
Kepler-1556,1.0402136422389112,0.0058551054181259,-0.008447112899240963,357,15910,ok
Kepler-1558,1.0464571074952282,-0.01550956130424976,-0.0018873258288971855,317,13972,ok
Kepler-1559,1.036401068410783,-0.014211365086052374,-0.010736556178837932,1613,12253,ok
Kepler-156,1.0439457426631118,-0.009511996750981683,-0.004447674028877612,368,16089,ok
Kepler-1560,0.9020348461535221,-0.012352271457029928,-0.0157979653810346,136,18095,ok
Kepler-1561,0.9180086922181055,-0.003733234821504853,0.007407522683380934,257,17578,ok
Kepler-1562,1.1222478765413668,-0.0026536074814963876,-0.004579408380397144,230,15517,ok
Kepler-1563,0.85450114167022,-0.0019357243232742498,2.3215972455260317e-05,56,11146,ok
Kepler-1564,1.0440405939173816,-0.011408997115426287,-0.007670813984212956,443,11200,ok
Kepler-1566,0.9727352146891122,-0.011200796526290462,-0.011044198047228445,2277,10699,ok
Kepler-1567,0.9482504367946649,-0.0017660066499772908,-0.0005476065546634205,145,15714,ok
Kepler-1568,1.1687158637216137,-0.010958147225709331,0.00342109669785629,269,14796,ok
Kepler-1569,1.1905570958522185,-0.0001728187134742161,-0.013126477670452042,321,15221,ok
Kepler-1570,1.0461484521841309,-0.008468899198966791,-0.001478894522909809,515,16633,ok
Kepler-1571,1.8784035330491042,-0.0068788618881234975,-0.011411139851397677,99,18282,ok
Kepler-1572,0.9721255315591784,-0.011462258426051395,0.001450454124534144,183,14803,ok
Kepler-1573,0.8623201502118696,0.00584102359561476,-0.014643347395482566,249,14144,ok
Kepler-1574,0.9371039771976472,-0.003722831873497193,0.0001992596083245209,497,13290,ok
Kepler-1575,1.0212065295730608,0.006837850247564278,0.014174178708926026,433,15478,ok
Kepler-1576,1.0718501526130906,-0.007689507452502952,0.014584804600893533,87,19278,ok
Kepler-1577,0.9502092268198862,-0.029689955555547168,-0.01236226056323164,164,17489,ok
Kepler-1578,1.169517803655761,-0.014897898695164224,-0.011901406547678758,161,11483,ok
Kepler-1579,1.0941271019618022,-0.014532206472992491,-0.01413380630435213,579,15927,ok
Kepler-158,0.888626957708325,-0.007747606433040691,-0.011265180091809088,53,19400,ok
Kepler-1580,1.2970321229409478,-0.0058750735568951955,-0.008401266048410395,65,19322,ok
Kepler-1581,1.0472519043699438,-0.007566108650403162,-0.014024711189727705,674,16913,ok
Kepler-1582,0.7273805621231917,-0.0052998849359098,0.0024131684849145714,123,19111,ok
Kepler-1583,0.996233073607289,-0.015086864095622297,-0.0031308514121319376,315,18393,ok
Kepler-1584,0.9696514211083618,-0.008231683674652745,0.0003786358038834506,112,12723,ok
Kepler-1586,0.8734161335223305,-0.009948072688756986,-0.014321263861016788,219,17750,ok
Kepler-1587,1.134842785470335,0.013134801089969297,0.008782166235705309,156,17238,ok
Kepler-1588,1.1683570335012763,-0.0087716593682649,0.0004588780644908145,96,15481,ok
Kepler-1589,1.040596916481872,-0.007055391290005036,-0.010211955902405756,351,17062,ok
Kepler-159,0.9829802517772479,0.0003262667052207169,-0.003352868118353336,615,16159,ok
Kepler-1590,1.0670229086228276,-0.008229975528077095,0.008790021234911119,321,15968,ok
Kepler-1591,0.7471057125360936,-0.018730668046238488,-0.011555408449984107,125,19003,ok
Kepler-1592,0.925971907985196,0.02663189042795449,-0.0032303402565044452,183,18055,ok
Kepler-1594,1.0127309517343777,-0.0038866254522381084,-0.016025360371337893,172,14703,ok
Kepler-1595,0.9277298078052919,-0.008878483350141941,-0.016253639625814643,161,12157,ok
Kepler-1596,0.7073334748433047,-0.01134011149170219,-0.005878180222588886,53,11318,ok
Kepler-1597,1.075777419236795,-0.006746654056032768,-0.00340904184434917,93,17046,ok
Kepler-1598,0.9220568273911253,-0.00836553459846098,-0.007612639462731388,185,15865,ok
Kepler-1599,0.802977637097442,-0.014938950958577314,0.003094635307182292,30,14758,ok
Kepler-16,0.899784604911058,0.020263170267228254,6.276920311118648e-06,107,17693,ok
Kepler-160,1.362546961013225,-0.0020296714294992468,-0.01381261221106317,93,16865,ok
Kepler-1600,1.085666056845642,-0.0035481607150170636,-0.005151748844793702,93,16412,ok
Kepler-1601,0.7149256644251378,0.08099080470547232,0.04581702517564022,1949,9675,ok
Kepler-1602,1.0290531714491358,0.0023705741304785996,0.001877505106825541,197,18801,ok
Kepler-1603,1.0969544725607343,-0.007347422102568518,-0.015559353024518042,387,16896,ok
Kepler-1604,0.8897577031061881,-0.006641723209680679,0.002133038201976726,72,16350,ok
Kepler-1605,0.9030940602834681,0.006343231497334818,-0.005638030415862162,88,18130,ok
Kepler-1606,1.2341576913850254,-0.0035496443263756884,-0.012750274836859728,107,12368,ok
Kepler-1607,1.126202942490791,0.0028046405323178545,-0.0076953607162199055,181,17882,ok
Kepler-1608,1.0334993923818028,-0.005355466415248032,0.00390856427471585,268,16648,ok
Kepler-1609,1.0818102307354678,-0.023383967306474383,-0.01862078524660086,116,16906,ok
Kepler-161,2.245690115160597,-0.030311212491453625,-0.00830792730735173,71,18151,ok
Kepler-1611,1.0772162734680562,-0.011183851115267368,-0.014611206603396312,180,16881,ok
Kepler-1613,1.1372086360662093,-0.009504878689675226,-0.0021126690901094934,181,18846,ok
Kepler-1614,0.9421967134920732,-0.04270822287306017,-0.01022576783297798,345,14153,ok
Kepler-1615,1.0954578073290961,-0.0028986303071014624,-1.9766339424294837e-05,138,16548,ok
Kepler-1616,0.9819253854277361,-0.0030582013043373856,0.0005258565990925173,1175,87258,ok
Kepler-1617,1.1502876732681164,-0.011497783863596227,-0.002282312963961085,141,14619,ok
Kepler-1618,0.9313135581052177,-0.009028573000560392,0.006121559165537783,1495,91948,ok
Kepler-1619,0.7836131140339544,-0.0017216680802429902,-0.015169764809181812,190,15484,ok
Kepler-162,0.7116085604496086,0.00860547520939885,-0.0014126702578508372,96,18194,ok
Kepler-1620,0.9998332158491701,-0.010329417032801835,-0.003470450360497582,123,18123,ok
Kepler-1621,1.0421885357831815,-0.014857342657339932,-0.01145649026770177,731,15290,ok
Kepler-1622,0.8848596555409641,-0.017734204433677694,-0.006893397967157229,1844,11407,ok
Kepler-1624,0.9672259954489965,-0.0034305109778101778,0.0005746446888886205,269,18528,ok
Kepler-1626,1.011010018392179,-0.007365473126544167,0.005873471671538534,947,94853,ok
Kepler-1627,0.9992106667758714,0.016990688651312848,-0.004976526489270164,185,18798,ok
Kepler-1628,0.9420188014511466,-0.007502982455771685,0.01702665660814451,626,13009,ok
Kepler-1629,1.0831045716903729,0.0035793555259445815,-0.0074335179733697665,64,15760,ok
Kepler-163,1.3174004473980274,-0.02061885789179372,0.008260434887620162,240,17685,ok
Kepler-1630,1.1023519064789415,-0.014456511885893033,0.0003311343260565376,677,15946,ok
Kepler-1632,0.9784234704145893,-0.010373310247047022,-0.004766894872338239,103,18195,ok
Kepler-1633,1.2922471385695955,-0.02713321491786197,-0.0015739695909242355,63,15940,ok
Kepler-1634,0.9709450053553124,-0.017798785883550446,0.0045816082780932976,409,16214,ok
Kepler-1635,1.3230761209766837,0.015583682655110757,-0.03347691664850789,32,11300,ok
Kepler-1637,1.0234437589404863,-0.014151440187751883,0.0037005592194703637,117,15222,ok
Kepler-1638,1.0840775871484067,-0.010479906121962238,-0.021221623829503784,155,13159,ok
Kepler-1639,1.177458670000503,-0.011900614999248169,-0.0028092503210897547,297,18420,ok
Kepler-164,0.8968390835326707,-0.006602394087430454,-0.01724493648858699,299,14305,ok
Kepler-1640,0.9294925775699401,-0.004278752624071862,0.010780503071630183,1263,93429,ok
Kepler-1641,0.9753794297303398,-0.008363945392906096,0.002710158137019556,69,17624,ok
Kepler-1642,0.9817313840728695,0.004723435520571599,-0.01695037552389014,478,16375,ok
Kepler-1644,0.9404122482273934,-0.0009566854396090401,-0.01586370687771808,616,17141,ok
Kepler-1645,1.0209285966459682,0.005953141193729676,0.0077637600692633925,210,17009,ok
Kepler-1646,0.9870494996758528,0.0029696249103900447,-0.0011467199111121855,280,18485,ok
Kepler-1647,2.37556104576484,0.05561510415022837,0.0017635243735893175,28,11926,ok
Kepler-1649,0.9668164116594742,-0.00642619440979674,-0.006736846240268132,900,16037,ok
Kepler-165,0.9437020419253725,-0.016845134900099135,-0.007818864244891378,127,15229,ok
Kepler-1650,0.9437129500948706,-0.010952072681173384,-0.009992942193998685,951,14492,ok
Kepler-1651,1.1175824434194723,-3.7966209873509607e-06,-0.01614919750379803,302,16418,ok
Kepler-1652,1.1085595710965286,-0.01271518735639922,-0.016042838601053353,869,10844,ok
Kepler-1654,1.019655696662058,-0.017423837880647445,-0.020415392071731823,104,19126,ok
Kepler-1655,0.9716151890450841,0.002273518162865354,-0.0022074890273385255,296,18459,ok
Kepler-1656,1.0998585840041843,-0.01184847574472845,0.009101314349061232,152,19029,ok
Kepler-166,1.065653130346568,0.010112329172429482,-0.001967102075075062,472,15913,ok
Kepler-1660_A,1.1274455142339797,0.004621601859233045,-0.003912664207628526,68,17937,ok
Kepler-1661,1.6871206363419795,-0.005379192264970445,-0.012175820925762377,106,17993,ok
Kepler-1663,1.014260369818892,-0.013145494575361403,-0.02013862575233897,492,11066,ok
Kepler-1664,0.9936066496977701,-0.009314442012635165,-0.005700841159124076,595,13787,ok
Kepler-1665,0.9325005621777598,0.004594019174875255,0.0015011570331596763,1947,9941,ok
Kepler-1666,1.177031133735225,-0.008773837770131862,-0.011969269626345553,133,13969,ok
Kepler-1667,0.9896722253555968,0.0063114739927396446,-0.02060374875283733,152,15333,ok
Kepler-1669,1.0779703397795055,-0.027137006166318284,0.0013866004589350735,547,15566,ok
Kepler-167,0.9437067901882137,-0.017768175914557288,-0.008112400007190447,437,17873,ok
Kepler-1670,1.0486496846122917,-0.018806375136360708,-0.002810589792705482,342,13121,ok
Kepler-1671,0.9381167325575206,-0.016857913389018136,-0.008353593428271551,171,17319,ok
Kepler-1672,0.9552224627893945,-0.008742215317420213,-0.009509474050008985,104,17474,ok
Kepler-1673,0.9860935092157141,-0.01621920969814844,0.012086761800509256,822,16324,ok
Kepler-1674,1.0882395214858445,-0.005960639779893934,-0.008019342936536656,164,17081,ok
Kepler-1675,1.0780049165516408,-0.005298294673837771,-0.02067726536270825,185,18873,ok
Kepler-1676,0.9585610319834,-0.026982425873480032,-0.011167906842432107,174,15836,ok
Kepler-1677,1.2854082518218364,-0.003309624031693349,-0.0025596072323750296,84,18359,ok
Kepler-1678,0.9979828281873738,-0.02670575799399444,0.002572570011985196,495,15861,ok
Kepler-1679,1.2946673774633553,-0.1064173485269737,0.0017412846374395138,82,14047,ok
Kepler-1680,0.9794544549832676,-0.0022542828052704834,-0.005887635129325777,220,17173,ok
Kepler-1681,0.9550896827542136,-0.007708390179376592,0.005465437999049318,171,17861,ok
Kepler-1683,1.0718314636430837,-0.031296630868479426,0.003986640053467127,198,17668,ok
Kepler-1686,0.7690447248367577,-0.011163671749547494,-0.003628387681372854,150,18007,ok
Kepler-1687,1.0251582249477271,-0.014023497297605996,0.0002633542158229563,113,12315,ok
Kepler-1688,1.1367913755375063,-0.017040375296801673,-0.01218199643790308,107,17156,ok
Kepler-1689,1.002350417978115,0.0011143314314572424,-0.014069979283417834,754,16593,ok
Kepler-169,0.7484943648316936,-0.0011151062800606867,0.0016648439168766044,104,19246,ok
Kepler-1690,1.1280018509869487,-0.008976245029527577,0.003732539775867581,128,16352,ok
Kepler-1691,1.1208948875883584,-0.015901512981173906,-0.005763241597709312,329,14185,ok
Kepler-1693,0.95841639311515,-0.015910827721057945,-0.00886654817371007,56,12777,ok
Kepler-1694,1.0086421525657354,-0.018683186071953736,-0.017064544802672953,148,19021,ok
Kepler-1697,1.0387641033447808,-0.002699987104376982,-0.01609055306178171,153,19002,ok
Kepler-1698,0.9622168493332095,-0.003351547757549058,-0.007590042223656501,217,18740,ok
Kepler-1699,1.171800367755385,0.0020909283889195465,0.0024577233601356563,127,16758,ok
Kepler-17,1.0288809402128067,0.07123383334025123,0.014998701983144925,1027,14125,ok
Kepler-170,0.8979566296944956,-0.008296454760160171,-0.003921010784865277,378,18060,ok
Kepler-1700,1.7871964358251127,0.007678472020548218,-0.004094447627640831,133,14960,ok
Kepler-1701,0.9448124419346863,-0.01597576019351587,-0.001759012467417788,235,16153,ok
Kepler-1702,0.966035957901121,-0.018583887653332395,0.011724097153829076,520,14642,ok
Kepler-1704,0.8345103028946067,-0.001908576631077108,-0.014083458698859573,77,14548,ok
Kepler-1705,0.692700096533952,-0.008043088931714579,-0.0005083993344968184,139,17234,ok
Kepler-1709,0.9293117464737931,0.017145332297991776,-0.011272098866248652,133,19078,ok
Kepler-171,1.080955532359583,-0.007216314764415593,-0.008488861227440534,353,17105,ok
Kepler-1710,0.8197813267408521,0.0007116189669440385,-0.011550943423906643,88,19232,ok
Kepler-1711,1.0251004756969662,-0.004146369247380936,-0.010670229702552462,321,17317,ok
Kepler-1712,0.934696648308209,-0.01427047345880586,-0.004791217705430703,153,19104,ok
Kepler-1713,1.2315183752885897,-0.0036720320662939144,-0.006381656575011365,181,18931,ok
Kepler-1714,1.0582017565682516,-0.011918264303152166,-0.0068534324604487065,99,18022,ok
Kepler-1715,1.1615135388453117,-0.029530037066825835,-0.0060247831982510654,210,14271,ok
Kepler-1716,1.0136058370151653,-0.008092886972645623,-0.01688623684750839,230,17333,ok
Kepler-1717,0.905113951875386,-0.003868659401232808,-0.0017460118398877735,182,18732,ok
Kepler-1718,0.9688753457483308,-0.006771939079404895,-0.00242089253850537,819,16335,ok
Kepler-1719,0.9699352106570414,-0.0023476719444971384,-0.0048087350467878355,232,15536,ok
Kepler-172,0.9595564194696553,-0.0117538567896736,0.0017597163956114847,478,17735,ok
Kepler-1720,0.9879654625110208,-0.01967699088256484,0.011821926875658369,97,18214,ok
Kepler-1721,0.7277801758231278,-0.012650829675022174,-0.01399339775219255,81,12129,ok
Kepler-1722,0.9695628556297197,-0.02185956945028966,-0.004012686934561434,319,17236,ok
Kepler-1723,1.0172014592000136,-0.01049734737406963,-0.0032966967033578984,541,16236,ok
Kepler-1725,1.28656683959905,-0.006897795214328679,-0.001999118289817112,89,18312,ok
Kepler-1726,1.055523039586354,-0.01897922975466495,-0.01455860178406523,548,17400,ok
Kepler-1727,1.0270472413667606,-0.008052309854598228,-0.003375338725379332,274,15558,ok
Kepler-1728,0.9618689015956524,-0.0022990847847692937,-0.00495975499216161,677,14672,ok
Kepler-1729,1.1395708435326388,-0.007696208782866117,-0.010713721263965248,93,18040,ok
Kepler-173,1.000239567207689,-0.010817025488558049,0.0007112130488853301,529,16488,ok
Kepler-1730,0.9788958399988392,-0.02514298711685373,-0.013853117781638474,334,14822,ok
Kepler-1731,1.0388787204468157,-0.024758211602070875,-0.014910453490745042,75,10454,ok
Kepler-1732,1.0694432463116994,-0.016668092191864117,-0.009991169539474829,136,16615,ok
Kepler-1733,0.879471546664787,-0.0008082417260710046,0.006766147929306261,1174,92064,ok
Kepler-1734,0.83315291382231,-0.016113268503015102,-0.0054993934735558594,176,17705,ok
Kepler-1735,1.1530477752310673,-0.004951836878210837,-0.019112484186069603,258,16833,ok
Kepler-1737,0.8669331495992296,-0.0036235608521836106,0.0038570220257356643,189,13191,ok
Kepler-1738,0.876947443532704,0.006864962116957043,-0.00290855599177312,145,13532,ok
Kepler-1739,0.9814971473113839,-0.010690918875682779,-0.006089820943092917,497,16343,ok
Kepler-174,0.99884083569159,-0.00503465466180347,0.001277205512375873,285,15342,ok
Kepler-1740,1.226901179011141,0.003180429894892886,0.006962060031355337,221,17899,ok
Kepler-1741,1.0686658782626959,-0.012066039110167617,-3.526746981236616e-05,916,15982,ok
Kepler-1742,0.9891391369895726,-0.00903828558975187,-0.0033277625679874337,207,14951,ok
Kepler-1743,0.9398821564079513,-0.006647726421720942,-0.0046271465071862136,33,16134,ok
Kepler-1744,1.060767801768366,-0.024206907237764846,-0.002040560728148699,472,15501,ok
Kepler-1745,1.041856523052491,-0.03032391742399834,-0.005907853920199389,324,16911,ok
Kepler-1746,0.7081105893072286,-0.020892031006147924,-0.003511734705232515,86,16901,ok
Kepler-1747,0.8879604758909591,-0.03557841170909252,-0.007015459382949013,108,11394,ok
Kepler-1748,1.1971773560793495,-0.008153338166812069,0.003362650218538101,183,10882,ok
Kepler-1749,1.0112847064286554,-0.005608631440109772,0.0011901593728275931,627,13978,ok
Kepler-175,1.0322595771698062,-0.014138027648687554,2.0461398608923995e-05,135,13167,ok
Kepler-1750,1.2082045997461284,-0.005011777706356568,-0.0037267276359826684,46,15195,ok
Kepler-1751,0.9559769153318756,-0.006277618565942891,-0.0009654495575271054,484,13713,ok
Kepler-1752,1.1258647080477167,-0.01855393831544302,0.012459318066831536,123,17811,ok
Kepler-1753,0.6800236770692261,-0.017936644446098195,-0.0032561296067685616,66,11895,ok
Kepler-1754,0.9448642410648583,-0.017593818566985282,-0.008880346749175719,595,16173,ok
Kepler-1755,1.0197303926887307,-0.00808677234003615,-0.009387972074441676,2221,9976,ok
Kepler-1757,0.9990957282729555,-0.023603153413934857,-0.0014313649724221659,99,13486,ok
Kepler-1758,0.9262803420205421,-0.012165022782531057,0.0007406711322153454,164,18171,ok
Kepler-1759,0.9632123261274325,0.013376688941061957,-0.002567623011834361,136,17397,ok
Kepler-176,1.0392144787872388,-0.0024291361531876957,-0.0053562316144844845,155,17974,ok
Kepler-1760,1.1197665112879605,-0.011132836976485868,-0.004375744388389505,223,18717,ok
Kepler-1761,0.9398968922186922,-0.005545415727654317,-0.009496592434624659,477,17718,ok
Kepler-1763,1.0861330778095681,-0.015828447001899077,-0.0007227829770655254,273,17480,ok
Kepler-1764,0.9996781894509645,-0.009148367926984534,-0.006945636983407619,462,16594,ok
Kepler-1765,0.9850886074661835,-0.012009169611533815,0.00024225357975113878,363,16934,ok
Kepler-1766,1.0915483014560827,-0.0027052046573271937,-0.010757789121400413,111,19057,ok
Kepler-1768,1.0964768091899741,-0.008020349543378841,0.011327496178796385,220,17709,ok
Kepler-1769,1.0626867527927795,-0.0006586946681668707,-0.013421675322076285,372,17115,ok
Kepler-177,0.951784617502127,-0.00644877183462454,0.0044617790089352,132,14919,ok
Kepler-1770,1.7180040547238553,0.01489052094119386,-0.002948648027122707,115,18182,ok
Kepler-1771,0.8841663162727338,0.0051677856256053135,-0.009549798607249822,184,16516,ok
Kepler-1772,1.0785409702467734,-0.011718630051594419,0.0003492754270848758,420,17821,ok
Kepler-1773,0.8632365402241369,-0.0017410655573613534,0.007022441726417298,1625,10617,ok
Kepler-1774,1.0513935872869566,-0.010125306581426767,-0.011070638748660827,253,16254,ok
Kepler-1775,0.7413635850722232,-0.005908431034690822,-0.004595078569890031,133,16704,ok
Kepler-1776,0.9473836004588866,0.0025848290943493806,0.002067845114937735,77,17116,ok
Kepler-1777,0.9430497430539819,-0.006611234092870196,-0.019306255096246366,1450,13897,ok
Kepler-1778,0.8621278156572041,0.006381536153577731,0.009219378606128342,30,12221,ok
Kepler-1779,0.7957279218954604,-0.02830297625734365,0.002539114903299284,95,14917,ok
Kepler-178,1.2128409050070328,-0.009629238358887734,-0.010390512974274579,74,14917,ok
Kepler-1780,0.9686919846473259,-0.014088989662759071,-0.0063497218979580465,111,17820,ok
Kepler-1782,1.009516392807689,-0.022771425637679085,0.0026165132353304444,139,15275,ok
Kepler-1783,1.0504549948333284,0.0034546184620316855,-0.0010981798884481893,136,18076,ok
Kepler-1784,1.492430885653844,0.015275417973339476,-0.018705626296498475,160,16589,ok
Kepler-1786,1.0326551163954023,-0.002442344696192687,0.0006384477082297823,1321,12563,ok
Kepler-1787,0.9198845905869744,-0.01957043429371624,-0.00806222539410002,524,13306,ok
Kepler-1788,1.2142517446422998,-0.01585294346847834,-0.0006920296048146664,13,17959,ok
Kepler-1789,1.0690272231849012,-0.014136777109013217,-0.0020437613201406907,276,15695,ok
Kepler-179,0.9501845985712376,-7.554679165774951e-05,-0.003534616046579092,562,16007,ok
Kepler-1790,1.0389571472088006,-0.009080823015930727,-0.013522810728624421,332,17079,ok
Kepler-1791,0.8154208606327858,0.0007593754823297741,0.0007226964974125168,212,18732,ok
Kepler-1792,1.0024311021085521,-0.023730707275592355,-0.017962257362215933,158,18167,ok
Kepler-1795,1.0002454647277823,0.00712799236138095,-0.001031166077910103,304,16090,ok
Kepler-1798,0.8416143537700435,-0.013545769970369298,-0.020001945358486616,80,16675,ok
Kepler-1799,0.973733627520586,-0.00470438718726674,-0.01393896266859408,210,10362,ok
Kepler-18,1.0013959396480474,-0.005267111574827332,-0.013778105057918703,241,17411,ok
Kepler-180,1.0033173339806252,-0.0011265471999860775,0.0026144478151818155,515,15571,ok
Kepler-1800,1.0738932350718315,-0.01678221236825399,0.003912382785509829,93,18269,ok
Kepler-1801,0.7795861177696334,-0.016451247676632613,-0.015743989457488353,168,18153,ok
Kepler-1805,1.0978706993985299,0.00028735095542379023,-0.008111227268034635,574,14728,ok
Kepler-1806,1.5539555183308749,0.013668110273799395,0.0064692427891067834,141,11694,ok
Kepler-1807,1.0561716086078614,-0.006304946319580378,0.0001395737301666887,339,17086,ok
Kepler-1808,1.0341949415151015,-0.011281713991881496,-0.0011623040136027254,457,15531,ok
Kepler-1809,1.1283187522501703,-0.012162623996527256,-0.001995163964900283,480,15301,ok
Kepler-181,0.9634731133661492,-0.0007956231087361266,-0.01571023138613339,167,16433,ok
Kepler-1810,1.1065994044294212,-0.0007805644698636487,-0.008474740771273415,149,16253,ok
Kepler-1811,0.9461656077460149,-0.01638900281193154,-0.001531441586688185,182,16261,ok
Kepler-1812,0.6246531988976791,-0.014842023034635889,0.003144443996151116,92,18542,ok
Kepler-1813,1.0025899609589315,-0.006600672054196933,0.0006326182681074425,195,16000,ok
Kepler-1814,1.1306471106200437,-0.024148319268691484,0.002420858597954596,255,14370,ok
Kepler-1815,0.9113150428728666,0.003279206254384285,-0.0023557857202323954,1007,13091,ok
Kepler-1816,1.0069737554828093,-0.008242829983038713,-0.0059218818018717066,504,15503,ok
Kepler-1817,0.8711277194721901,-0.007085628278194213,-0.016747314998806752,220,14753,ok
Kepler-1818,0.9653473019316775,-0.01122908313667365,-0.013176101321719482,76,16402,ok
Kepler-1819,1.0584103141520227,-0.008694903051924222,-0.00964174637671166,190,13394,ok
Kepler-182,1.0284986141874837,-0.010993994940288092,0.017599499953179224,45,12600,ok
Kepler-1821,0.8786199762877371,-0.009735507531071975,-0.011831465154578101,204,16410,ok
Kepler-1823,0.9649314686955376,-0.005765480277363991,-0.008491387035036756,297,18421,ok
Kepler-1824,1.0544628588268767,0.002426207808183742,-0.005730870798397623,180,17688,ok
Kepler-1825,0.9278942872077882,0.007694326492463256,-0.009642839875853163,109,18177,ok
Kepler-1826,1.0957813619914754,-0.012384561634804643,-0.0011317371712481863,302,16077,ok
Kepler-1827,0.903478170065509,0.0010522736082525927,-0.005011091647000536,142,17902,ok
Kepler-1828,0.9430949326786563,0.0083957398488356,0.0009624507306501722,1222,11776,ok
Kepler-1829,0.8704423194247333,-0.025362388875094195,0.0020339921454490804,27,11151,ok
Kepler-1830,0.7976296951781014,-0.0014629752028902407,0.0034019734145091904,118,18215,ok
Kepler-1831,0.9914405424495463,-0.009282136119591406,-0.012463936932926196,325,16770,ok
Kepler-1832,0.9458863913731897,0.0021686389691292023,-0.0058095526052868475,359,17111,ok
Kepler-1833,0.8114455290578891,-0.002896015523468385,-0.0016624158544556547,132,17026,ok
Kepler-1835,0.9427432382274564,-0.006592813198664531,-0.009249440637270477,287,14683,ok
Kepler-1837,0.9620564629330965,-0.001551810605442074,-0.0020106546102697086,66,11978,ok
Kepler-1838,0.9258403263911633,-0.02444985163947175,-0.010914711274679485,697,15514,ok
Kepler-1839,1.0708462921687778,-0.0045855488371541716,-0.003328254184836775,150,17270,ok
Kepler-184,0.9008845524726429,-0.01181953818187988,-0.0038413322644411984,342,17285,ok
Kepler-1841,0.8049976623578478,-0.009079401407574867,-0.01708578130101666,104,16711,ok
Kepler-1842,1.1878732243229033,0.0002130062565348405,-0.01722064297196332,66,13146,ok
Kepler-1843,0.8992290550848221,-0.00018137120800847158,0.007950923405330879,249,18655,ok
Kepler-1844,0.9726480625435062,-0.0024085237937897155,0.004465486037644477,271,16659,ok
Kepler-1845,1.0904942242930884,-0.01842636187795526,0.007732354722832951,287,17198,ok
Kepler-1846,0.9829474369700323,-0.014088629456589044,0.001044907421397016,217,17558,ok
Kepler-1848,1.189262209706355,-0.0006281402329954406,-0.011177414418812941,96,18205,ok
Kepler-1849,0.8484098287084422,-0.008254863291821136,0.003147837981623789,252,16896,ok
Kepler-185,0.9027327919533701,-0.015010112937158735,0.008029239015985196,363,14488,ok
Kepler-1850,0.6160224902754811,0.006403745024406947,-0.014215445861840346,2270,10547,ok
Kepler-1851,1.171648132999843,-0.0013934116982069502,0.0024213834223164687,34,11343,ok
Kepler-1852,0.9483758848113762,-0.004335316479374948,0.0001715090757002352,74,15399,ok
Kepler-1853,1.6048862423032955,-0.0006926005906162106,0.008934474810946278,69,11380,ok
Kepler-1854,1.2592029703411907,-0.0007787743726646171,-0.011721890065231907,129,16766,ok
Kepler-1855,1.0607474631308624,-0.018142643192364097,-0.014046433740489483,328,18249,ok
Kepler-1856,0.8041654588590199,-0.02222746485629703,-0.007147670780001638,93,18430,ok
Kepler-1857,0.9777115225471252,-0.015788598691540662,-0.0016152199459505824,563,16129,ok
Kepler-1858,0.10195992673632996,0.30917759265636546,0.1443298436342124,2175,9734,ok
Kepler-186,0.9877771740161796,-0.007504499282280372,-0.008705184690838206,711,15425,ok
Kepler-1860,1.0501418135992233,-0.0037802529600279118,-0.020195940577988587,206,16489,ok
Kepler-1861,1.0373278131041317,-0.009147753216926478,-0.005698834466210016,416,15848,ok
Kepler-1862,0.9417400458747787,-0.004887203231127731,0.00010213720879016875,415,17290,ok
Kepler-1863,1.028524068487168,-0.010396525818747325,-0.0008503154118181675,260,15190,ok
Kepler-1864,1.0018984105939994,-0.005259936988114532,0.006056756320752855,3559,100508,ok
Kepler-1866,1.0047404686944008,-0.020816797575692374,-0.0031145450535767926,1919,12094,ok
Kepler-1867,1.117362680950875,-0.003323477880227285,-0.02451603643325775,343,17255,ok
Kepler-1868,1.0936181581402922,-0.023944721278778315,0.004694847407665164,84,19269,ok
Kepler-1869,0.9731111504359553,-0.02140284137489815,0.005390110274679157,199,14533,ok
Kepler-187,1.0837400536736694,-0.0018403373754883063,-0.008017809611208028,520,16824,ok
Kepler-1870,0.9723531003925907,-0.012968303334229256,-0.00721735721043805,308,18375,ok
Kepler-1871,0.9968337604609252,-0.012752938159440456,0.006447734053625474,124,16783,ok
Kepler-1872,0.9191843017098481,-0.04020685668843191,-0.007858120231645283,116,15673,ok
Kepler-1874,1.3114752054818468,-0.006338168620281932,-0.002020741558568141,75,12155,ok
Kepler-1875,1.0324050749986284,-0.013280196765755233,-0.010014801584794404,525,16967,ok
Kepler-1876,1.0510244184531847,-0.015433763260046023,5.478634151638793e-05,263,17272,ok
Kepler-1877,0.9363615186874503,-0.0034880041597564857,-0.0012195622902353687,600,17156,ok
Kepler-1878,0.9979279852061497,-0.001469476656932671,-0.00507012743275763,92,16651,ok
Kepler-1879,1.1251848865645386,-0.013026036209476857,-0.01427239375291791,132,19087,ok
Kepler-188,0.9256931481070704,-0.06726152528148768,-0.0027579927202526196,175,14987,ok
Kepler-1880,1.0234527475576503,-0.005943512592946504,-0.0012337582179817587,1085,15264,ok
Kepler-1882,0.963066296267266,-0.013722278535130753,0.0009482577344919519,135,18032,ok
Kepler-1884,0.9089496574369652,-0.003877580429313563,0.009115440484203374,75,18128,ok
Kepler-1885,0.9121960002332213,0.002684362268900591,-0.006284252296467417,106,12145,ok
Kepler-1886,1.0473699068758393,0.00886942354592425,0.01231637007271036,164,16987,ok
Kepler-1887,0.9916595509818024,-0.01652668274657504,-0.009804488064972035,369,16693,ok
Kepler-1888,0.9381990658816666,-0.020439877500970944,-0.009309028972589086,228,18537,ok
Kepler-189,1.038183715099912,0.005147910429102725,-0.004414425836240633,500,14682,ok
Kepler-1890,1.1258188444816761,-0.015980599639646063,0.006662173605341538,240,17606,ok
Kepler-1892,1.037098031085999,0.004147495093516121,-0.002441931411989728,1141,13787,ok
Kepler-1893,0.9063176485065764,-0.01179648547976582,-0.011505674846586567,117,16105,ok
Kepler-1894,0.8606620879838708,0.0013546833571330137,-0.0067186323736961005,83,18113,ok
Kepler-1895,0.9288624902774297,0.004138656672666524,0.006395111025101031,481,13666,ok
Kepler-1896,0.8801226659189711,-0.005254565463189799,0.003958710131910875,82,16030,ok
Kepler-1897,0.9573619465264824,-0.009152250298384089,-0.011586781206433975,632,16358,ok
Kepler-1898,0.6428117076241798,-0.003287613527756125,-0.0004010603961842882,96,19233,ok
Kepler-1899,1.057753627982789,-0.014625118367938105,-0.013284712432090843,272,15386,ok
Kepler-19,1.0894286533158162,0.0010695340361497542,0.0044645093236568185,419,17961,ok
Kepler-190,0.9821935937522104,-0.012973775711591745,0.0038563247613096,482,16163,ok
Kepler-1900,0.9893472283366845,0.0047527042322112025,-0.010850726491732101,98,16941,ok
Kepler-1901,0.933464583628844,-0.0153641450460603,-0.003934430728957427,694,16124,ok
Kepler-1902,1.1674631431103766,-0.0263646180874633,-0.005423588933654325,114,19210,ok
Kepler-1903,1.0346682301045402,-0.017444576634936673,-0.011734476715474599,308,17106,ok
Kepler-1904,0.8928215263253263,-0.011596895890869789,-0.02866716894675898,153,14221,ok
Kepler-1906,0.9825210958950926,0.0056699367652973945,-0.003391207210994731,2162,10260,ok
Kepler-1907,0.7879655349211423,-0.0036748154279967102,-0.014789636767268513,423,13980,ok
Kepler-1910,1.1377154024311038,-0.02495851567555592,-0.004453618548984472,593,16008,ok
Kepler-1911,0.8190883539620945,-0.01218766524632211,0.006845344075581772,285,14033,ok
Kepler-1912,1.021324674492076,0.010826300957177293,-0.010978413544814757,479,17844,ok
Kepler-1913,0.960410586191793,-0.006377926934343972,-0.0005561002101420253,55,12822,ok
Kepler-1914,0.9987487966728321,-0.026881160350830737,0.005399719317015606,79,17280,ok
Kepler-1916,1.042421028520117,-0.01115011647560989,0.0016543674084431306,246,14316,ok
Kepler-1917,0.8526922654869267,-0.002538864970985986,-0.013537568595698008,140,16824,ok
Kepler-1919,1.176433406890748,-0.0009451278834117119,-0.019054758942398678,342,14742,ok
Kepler-192,0.8635780814214323,-0.016216853225424124,0.0051722745072861655,120,15048,ok
Kepler-1921,0.909565709891293,-0.004674270785900231,-0.004087921062060497,241,17702,ok
Kepler-1922,0.9982815177504408,0.0031901498924440897,-0.004682248176076625,1223,12330,ok
Kepler-1923,1.2290962517638406,-0.014081858267372802,-0.01090346091543867,242,17718,ok
Kepler-1924,0.9755113961632346,-0.003902728882904293,-0.00895834895577781,474,16316,ok
Kepler-1925,1.4717320297482652,0.004872457484575301,0.008427616467557176,136,12247,ok
Kepler-1927,0.8788879757353788,-0.022108018960583606,-0.002906980090932769,112,18178,ok
Kepler-1928,0.9539140811272804,-0.042567035550181216,-0.003966341051562943,204,18958,ok
Kepler-1929,1.057746655283745,0.0037159228057841312,0.001775450606872426,164,17780,ok
Kepler-193,1.2249794968016852,-0.00850011879640889,0.0059094713927679305,122,18079,ok
Kepler-1930,1.0385752611734178,-0.0068840428956458396,-0.000365271267402137,142,17348,ok
Kepler-1931,1.5537800693528836,-0.023468688548389238,-0.0028001099112546614,56,18422,ok
Kepler-1932,1.035819530896276,0.0011580775692014314,-0.01024941609904491,281,14321,ok
Kepler-1933,1.221878940317254,0.0025349285224066922,-0.003690000980799266,74,16292,ok
Kepler-1934,0.944694560860059,-0.00828435534719367,7.007834802681595e-05,849,16386,ok
Kepler-1935,1.0451169399156715,-0.010587327959809678,0.0027580018545930543,96,17356,ok
Kepler-1936,1.9432725691707444,0.0414212172531304,-0.0031270564038807683,78,17450,ok
Kepler-1937,1.1022005803934165,-0.019014931306436045,-0.02308997603686992,179,16698,ok
Kepler-1938,1.1111704189315217,-0.016926827275731388,-0.0011407288313492892,703,15655,ok
Kepler-1939,1.0858501692158404,-0.012050268950744326,-0.00902278971964644,203,18758,ok
Kepler-194,0.9444452455286221,-0.017819966835053686,-0.004803505576878842,285,14447,ok
Kepler-1941,0.8979756762475449,-0.011788018862674984,-0.000209943478572599,577,16723,ok
Kepler-1942,0.9283274048776134,-0.01305558228212712,-0.007677337815546001,416,17980,ok
Kepler-1943,0.9148919213168379,-0.005287545967450834,0.004115127908009055,150,18003,ok
Kepler-1944,0.77778340793377,-0.004010370455461537,-0.008474412798258923,68,18511,ok
Kepler-1945,0.9904312846271004,-0.015440825569012611,-0.016484822440474473,98,19262,ok
Kepler-1946,1.8568309867593948,-0.013485141811509862,-0.00661104290617409,41,16190,ok
Kepler-1947,1.0484666366172601,-0.009652975427206912,-0.0006237014244578475,287,17506,ok
Kepler-1948,1.0221899794967193,0.0012915935646548747,-0.002288994702055835,374,16825,ok
Kepler-1949,1.0154843742238377,-0.009785587697504917,0.0037584427701597574,138,17573,ok
Kepler-195,0.9928673576692855,-0.01795218628444256,0.005644634555536941,304,14438,ok
Kepler-1950,1.1448303761926601,-0.0026222502019554107,0.0014247765474920057,386,15609,ok
Kepler-1952,1.1365673576446715,-0.02442449824106952,-0.012424114307871539,235,18682,ok
Kepler-1953,1.257529639080544,-0.009116793135294744,-0.0011296192760427747,125,11150,ok
Kepler-1955,1.1047209040153143,-0.03037812301267845,-0.012453817944723791,111,18130,ok
Kepler-1956,1.08345607728469,-0.000996352537492017,-0.0012024613897796484,394,17402,ok
Kepler-1957,0.9117208086107903,-0.008180095804541413,-0.01193843562932826,304,17268,ok
Kepler-1958,0.6459342592851236,-0.011723272770614628,0.00024682047036570924,68,14650,ok
Kepler-1959,1.0534373138702549,-0.011148210938020233,-0.010285636997282353,1626,12093,ok
Kepler-196,0.9941626005641494,0.0070451909195397,-0.004433866343767954,273,18530,ok
Kepler-1960,0.986119507070044,-0.002281947482284974,-0.020670324081611912,100,15954,ok
Kepler-1961,0.6960071797171007,-0.016509382913939184,-0.0006733038695498423,88,16148,ok
Kepler-1962,0.9231794353679189,-0.020029175733730146,-0.01127106414932572,884,13323,ok
Kepler-1963,1.0639548661304705,-0.014959065870532768,-0.009300115077871764,590,16131,ok
Kepler-1964,1.0354141488091708,0.025448260096003195,-0.014360340294954373,515,16965,ok
Kepler-1965,0.9493110083214842,-0.008770056019362489,0.002176341744847107,246,16266,ok
Kepler-1966,1.021390388189454,0.004132900586858935,-0.013682974424646615,2120,10281,ok
Kepler-1967,0.9124146340341569,-0.019165704584049665,0.0008080579361578397,270,17572,ok
Kepler-1969,0.7721544216893347,-0.006328951773951916,-0.011352329128685761,153,18409,ok
Kepler-197,0.9950926589831532,0.00022146067662341798,0.008198232689686266,2480,96712,ok
Kepler-1972,0.9870020416907596,0.012742569588915337,0.006450789688275598,2393,105138,ok
Kepler-1976,0.8246242715234551,-0.016037073651091378,-0.010547932931793479,186,16596,ok
Kepler-1977,1.0672734374820356,-0.014391666848781626,-0.0003833851963884932,619,17098,ok
Kepler-1978,0.9123534699200538,-0.008891512122494928,-0.009675405875218382,513,17564,ok
Kepler-1979,0.8971338966103019,0.011816527466582813,-0.00305198412529354,435,14751,ok
Kepler-198,1.0635067586631122,-0.013801431567740852,-0.009573822190299478,136,16210,ok
Kepler-1980,0.8961043222112335,-0.040087755658292444,-0.020466524055912056,107,18371,ok
Kepler-1981,1.0429427853907145,-0.013001691607365423,-0.003476653032261967,124,16373,ok
Kepler-1982,0.971744998043967,-0.009862829310269657,0.0021012889154744105,2130,88072,ok
Kepler-1983,0.8707996124581358,-0.021084596447586996,0.006162368985213569,163,17161,ok
Kepler-1984,0.9720558078841733,-0.0036943639406913403,0.0004904645958451585,901,16023,ok
Kepler-1987,0.8476247037842215,-0.0021092543104311114,-0.010539240017262547,351,16956,ok
Kepler-1988,0.9602195747045963,-0.012334613454340431,0.000930415200706781,270,14042,ok
Kepler-199,0.9900631445532527,0.009145871653354808,-0.0025570221626780836,144,14545,ok
Kepler-1990,1.3907928953932225,0.015653797530463996,0.03356873223498096,285,14189,ok
Kepler-1991,0.9857809892315852,-0.022322426786576182,0.006165104680974173,113,11211,ok
Kepler-1992,0.9759046770945015,0.0011679568130027128,0.0028162070828745317,463,17752,ok
Kepler-1993,0.9357985916700539,-0.006322339664183254,-0.010435886010211762,173,17148,ok
Kepler-1994,0.971816722503263,-0.00510004448100068,0.006435932086926627,2550,97032,ok
Kepler-1995,1.132315582407649,-0.021369355084129737,0.00108353505041536,98,11394,ok
Kepler-1996,0.9968745184877768,-0.019109214982059246,-0.006778610284623233,240,14331,ok
Kepler-1998,0.9973509869305706,-0.00027270551729433046,-0.012574593470563545,359,18173,ok
Kepler-1999,0.949985980247321,-0.015486267132443745,0.0068099078621001044,188,15058,ok
Kepler-20,1.0321402115604592,-0.03265656237846894,0.006505571207168846,3216,101850,ok
Kepler-200,0.8849803451700601,-0.00040515657510557427,-0.0017894515821563967,144,19036,ok
Kepler-2000,0.8546780551131217,-0.0002996905633491739,-0.004685516011958011,223,11552,ok
Kepler-2001,0.8022923282465637,-0.012744476307647364,0.0006045769045714113,382,16500,ok
Kepler-201,1.0180478414876788,-0.014336506855893822,0.011628200790277664,447,16832,ok
Kepler-202,0.929466262096654,-0.013624982711609104,-0.015834527308960417,442,17799,ok
Kepler-203,1.0959003396372915,-0.012752981143344527,-0.01131910080340217,199,17807,ok
Kepler-204,0.9451755267191457,-0.015598017693922056,-0.0011425624950510316,298,18425,ok
Kepler-205,0.9626770369558751,-0.005184511853604909,0.007718573994082565,990,15641,ok
Kepler-206,1.0622615686483736,-0.02024367522140656,-0.01876110356687324,94,18241,ok
Kepler-207,0.9084719021287149,-0.014634627602251937,-0.01673910730258354,232,16990,ok
Kepler-208,0.983841148372596,-0.008749273603791487,0.001506194357478835,448,17817,ok
Kepler-209,0.9326889628028919,0.0021528954463692134,-0.013049535135184018,133,18068,ok
Kepler-21,0.9704060593202775,0.001338533612696343,-0.010825529348138423,64,11734,ok
Kepler-210,1.1139629266735835,-0.0223168375768229,-0.0054261312238572425,336,18266,ok
Kepler-211,1.0284717195168596,-0.013242634949619086,0.005229371875410071,1047,15421,ok
Kepler-212,1.4596250936262676,-0.007255140781476317,0.008783631271737266,409,15503,ok
Kepler-213,0.9900037453675955,0.0017104771806915554,-0.02498874587797591,624,15040,ok
Kepler-214,1.3037081054507953,-0.001075295646259157,-0.012610798581938892,93,19233,ok
Kepler-215,0.6244640874366452,-0.007152132168404306,0.010245320631920631,77,18211,ok
Kepler-216,0.929750828712254,-0.004648738507009055,0.0016320947290388826,104,17535,ok
Kepler-217,1.1463443202392865,-0.0035297592539406445,-0.013586310358089616,154,17197,ok
Kepler-218,1.1073980427207486,-0.017591997762656745,-0.011249645753103395,305,17341,ok
Kepler-219,0.9122981615120268,-0.009978381715110484,-0.007931934956755239,166,14562,ok
Kepler-22,0.9012378966879927,-0.003922399036405334,-0.004968658275882414,348,14354,ok
Kepler-220,1.0146096340820825,-0.022887909092516045,-0.010306482919805283,498,14726,ok
Kepler-221,0.7407750691587678,-0.005539001099388606,0.005191848780017675,148,17725,ok
Kepler-222,0.8772547322375484,0.0048885264447004135,-0.008526936652094082,170,14480,ok
Kepler-223,1.33599556656699,-0.006579406235538016,-0.0015896774108765139,125,18058,ok
Kepler-224,1.1654903110460655,0.0028394613179395243,0.0035505433703904602,288,11837,ok
Kepler-225,1.0898339555693688,-0.005335626394669776,-0.004462400369435061,502,16131,ok
Kepler-226,1.3392500861927983,-0.01659551938084174,-0.01492722513241711,58,15305,ok
Kepler-227,0.8080324007916909,0.01012783511395577,0.008798173718427761,144,15774,ok
Kepler-229,1.1630665314588893,-0.008827091428790068,-0.008641053024599768,480,13924,ok
Kepler-23,0.9764527427863312,-0.007061875040302415,-0.006429737031828844,280,16841,ok
Kepler-230,1.0255486774491136,-0.010844662347511245,-0.011320758628278008,363,14456,ok
Kepler-231,0.9061759683680223,-0.012708475178631865,-0.013235385263648917,281,15956,ok
Kepler-232,1.0856988095738536,-0.0191918376620447,-0.001844755357348034,667,16290,ok
Kepler-233,0.8844316609827058,-0.00023534900613895042,-0.004488507934642583,62,16874,ok
Kepler-234,1.0125671353936065,-0.012724363884186513,-0.012787049602435608,435,15368,ok
Kepler-235,2.545187289541074,-0.05355870316715405,0.010202898996662955,104,16857,ok
Kepler-236,1.1022920951565742,-0.0030250815405740367,-0.010598880948578695,135,19083,ok
Kepler-237,0.8786854124413432,-0.010673289433099862,-0.003211387473477597,144,19018,ok
Kepler-238,1.1601649940048115,-0.006601889364572412,0.0023043102118532085,77,16788,ok
Kepler-239,0.9739326759277414,0.003041124777643916,0.0006667795284871859,2183,9864,ok
Kepler-24,1.0526683394269236,-0.017082388268758485,-0.011642730069369075,51,16525,ok
Kepler-241,0.9672627578584249,-0.020320015901373143,0.0032605657436706494,1306,13347,ok
Kepler-242,1.2838573388761558,-0.016654329924713128,-0.005611176734220068,138,13684,ok
Kepler-243,1.030259080231431,-0.014047523215809616,-0.005724250046721358,339,18214,ok
Kepler-244,1.3094378763222205,0.002027070642001337,-0.01907530607087722,131,12806,ok
Kepler-245,1.099270127256162,-0.00811165634012234,-0.01517822862859058,137,18059,ok
Kepler-246,0.8291192791085544,-0.012437726867456471,-0.008884047149160756,50,18205,ok
Kepler-247,0.7726327421323618,-0.0035828920200312257,-0.0032969619369260395,69,16866,ok
Kepler-248,0.8364208640592694,-0.010296085626306751,0.001051772803066381,113,17884,ok
Kepler-249,1.02557835302167,-0.014682976454318958,-0.01761905412259121,445,16574,ok
Kepler-25,1.024734968145806,0.0012684270574229504,-0.012259473198040792,84,18090,ok
Kepler-250,0.942410957358491,-0.010309287518773785,-0.007164607353112643,553,14548,ok
Kepler-251,2.5239867985588504,0.2162741748768523,0.07255145963652397,162,17955,ok
Kepler-252,0.7499739914343662,0.01407794755913311,0.00024048598146317562,104,17541,ok
Kepler-253,0.9994093938112265,-0.011347115281381189,-0.01217481234799838,556,14964,ok
Kepler-254,0.8179155987159732,0.0113630162980018,0.00040023378791267575,36,11970,ok
Kepler-257,0.9604975252344797,-0.010489933029078791,-0.004486505925702302,116,14187,ok
Kepler-258,0.8138450935397693,-0.008088826146378757,0.0029818244663231555,151,16487,ok
Kepler-259,0.827543596348131,0.002467720911100226,-0.017439588457416753,272,11338,ok
Kepler-26,1.0653372845565787,0.0057267676873286166,-0.010409922750494509,62,15031,ok
Kepler-260,0.9826637972226736,-0.015004231336315281,-0.0047637581561088375,1346,11366,ok
Kepler-261,0.9523951911490801,-7.272074543291459e-06,-0.008459407689285521,269,15693,ok
Kepler-262,1.2018171365956027,0.015232404836157684,0.007845699853443968,104,19175,ok
Kepler-263,0.9961684221534309,-0.012932340051566394,-0.008860067267663219,91,16768,ok
Kepler-264,1.1458796196283783,-0.0004286555912572225,-0.002235802468247835,70,16677,ok
Kepler-265,1.0072484316663046,-0.004199414679490547,-0.003937515562578112,266,15434,ok
Kepler-267,1.0156532356311414,0.002454715135731347,-0.013561797649917783,385,16823,ok
Kepler-268,1.0612113548141886,-0.010622924259267254,-0.01144258865349658,126,16595,ok
Kepler-269,0.8029691114001938,-0.0034055054836639766,-0.0034765083391144974,363,13747,ok
Kepler-27,0.807275850605759,-0.006486833443489876,-0.009283718990303749,81,18169,ok
Kepler-270,1.0045221111047178,-0.001591777849579695,-0.00031252160191531345,229,14787,ok
Kepler-271,0.9368399080976327,-0.011960885157450024,-0.0007806326111405117,158,18999,ok
Kepler-272,0.888403109038456,-0.013253996471940416,-0.008365801077029259,92,18072,ok
Kepler-273,0.8850901556652399,-0.006585913256572907,0.0017742886676545926,73,12690,ok
Kepler-274,0.9720905241348397,-0.013085699074298974,0.0038532473271008618,291,16982,ok
Kepler-275,0.9948473136153,-0.011755793171351043,-0.014850837464457105,1715,10048,ok
Kepler-276,1.0340496240068469,-0.00843538591382789,-0.008689948139674898,844,15513,ok
Kepler-277,0.987232476749374,-0.001029225906641162,-0.0034331644348849196,158,15629,ok
Kepler-278,1.0714868539927862,-0.005125275156242591,-0.0024009368821923237,157,19044,ok
Kepler-279,1.0895293952292964,-0.014541658424759473,-0.007831320829514161,70,16871,ok
Kepler-28,1.0629731601351633,-0.007142238982216773,-0.016908485934770175,169,17947,ok
Kepler-280,0.9401404147578101,0.0007953086087376489,-0.010758563730383988,408,16947,ok
Kepler-282,0.9188224361596352,-0.00036957489325420477,-0.012542065501352388,199,14607,ok
Kepler-283,0.9651270085109876,-0.007933907010307743,-0.010236731723716527,653,15862,ok
Kepler-284,1.0429168517770173,-0.0069868111209920375,0.001955796350201743,1730,11241,ok
Kepler-285,1.1092877777279968,-0.014799704448856473,-0.021917910141489055,507,13497,ok
Kepler-286,0.5577221519873267,-0.02005388310347305,0.014930001015783956,47,12771,ok
Kepler-287,0.9289615444715594,-0.015296462287398834,0.0017104030889757644,103,12557,ok
Kepler-288,0.8071384354147888,-0.001125974691307001,-0.003769315810660144,137,16659,ok
Kepler-289,0.8908623011832454,-0.013607147763892477,-0.005610138879591511,148,17847,ok
Kepler-29,0.9109543880648441,-0.00741000723631287,-0.006739116770151159,93,18232,ok
Kepler-290,1.1940400699468365,-0.013865640913428238,0.009451089435457376,265,12187,ok
Kepler-291,0.785972100686769,-0.022318572836803732,-0.009567536047212577,48,14207,ok
Kepler-293,1.1981866285470328,-0.0204669346354419,-0.00885008724259972,304,12206,ok
Kepler-294,1.0187754954455752,0.004268990242821161,0.006732714320229702,293,10415,ok
Kepler-295,1.067521819424144,-0.007302829200110317,0.0010841325275471223,102,14956,ok
Kepler-296,0.7644934316631823,0.004232585027850517,0.009299420379167768,109,18304,ok
Kepler-297,0.8967582765846881,-0.01652381618583325,-0.002843616123622316,440,15775,ok
Kepler-298,0.9836475868569632,-0.016200322459980068,-0.00394527914996415,488,14570,ok
Kepler-299,0.909636283969897,-0.009245494055515455,-0.0024375277020191595,299,14616,ok
Kepler-30,0.9283761871422211,-0.0055922296212292935,-0.003985617621449779,276,17181,ok
Kepler-300,1.0443109898639966,0.0010184807375202278,-0.012243253113053413,846,14613,ok
Kepler-301,0.7272235969359683,-0.010403411985228265,-0.0010647273489254208,80,15474,ok
Kepler-303,0.9993120685078148,0.008543803410344704,-0.009603968684172041,269,18637,ok
Kepler-304,1.0177716626097826,-0.015025162187710326,-0.008209023952943829,78,19307,ok
Kepler-305,1.0217034632377144,-0.009452521324172732,-0.004742553610375481,1313,13327,ok
Kepler-306,1.0080270016497979,-0.009445940655675063,0.0008590423811612816,505,14201,ok
Kepler-307,0.9644583798404837,0.0028823256584475892,-0.004367846193265798,597,16214,ok
Kepler-309,1.0029747187697544,-0.008020880824754068,-0.0015840946340225555,390,17081,ok
Kepler-31,0.903055160721502,-0.004691738771043845,-0.0067613175567895365,431,16238,ok
Kepler-310,1.3377696685656775,0.006006158388870827,-0.0024139260010502426,163,14624,ok
Kepler-311,0.9845935540153808,-0.0069281454666926,0.0011073075236026542,772,16630,ok
Kepler-312,0.9855733157065182,-0.0028373819992498672,0.005984087082122204,1692,92035,ok
Kepler-313,1.1677953085271133,-0.009327864347243277,0.0003004287211114331,142,17451,ok
Kepler-314,1.0500315174555062,0.00873947034131194,-0.004675031454107137,88,14147,ok
Kepler-315,0.998586666962906,-0.020644265809573153,-0.00853743711155426,737,15518,ok
Kepler-316,0.9710139530842938,-0.006854758922245762,-0.001221681306938969,651,14669,ok
Kepler-317,1.0670999155724925,-0.003574127477388362,-0.0009419478702632163,217,17865,ok
Kepler-318,1.2525975450104614,-0.008825980710022508,0.01091708716468588,75,18066,ok
Kepler-319,0.9986393287760226,-0.006310421969219172,-0.0008422117990143248,445,14938,ok
Kepler-32,0.913446073369024,-0.024752165003515392,0.008479944504934294,532,16089,ok
Kepler-320,0.23330371592205654,0.03159954916889182,0.013860329413733826,90,15307,ok
Kepler-321,1.0368766677057217,0.00240314035954769,-0.009308759846266775,1390,12684,ok
Kepler-322,0.9669965634231735,-0.003722360991522534,0.004507942062302947,328,14382,ok
Kepler-323,1.0216718121728905,-0.005051456079881935,0.003271269617158843,1487,90999,ok
Kepler-324,0.8591221258441092,0.0006792790526251932,-0.004760440955635847,79,19066,ok
Kepler-325,0.9443987201240474,-0.007119419326400149,-0.011048270297834941,360,11406,ok
Kepler-326,0.9345854436851732,0.007578533453796322,-0.004431576545988138,279,17296,ok
Kepler-327,0.8997608262930461,-0.00922012197585749,-0.011808341041424185,611,16136,ok
Kepler-328,1.0405528001122661,-0.006400873912525005,-0.0010981922446533694,467,16676,ok
Kepler-329,0.8825387798206132,-0.009918528169452146,-0.0029070203349547074,82,15120,ok
Kepler-33,1.0947674999431973,-0.004184504385431386,-0.004362711300914099,133,15128,ok
Kepler-330,1.251052552311533,-0.023683889462901613,0.004628685916450437,112,17688,ok
Kepler-332,0.8335378389469189,0.005807926560970941,0.004764904964826475,56,15178,ok
Kepler-333,1.1732137006851104,-0.008296488151437744,-0.008978296749062496,284,17291,ok
Kepler-334,1.0074636019320131,-0.010063142454022457,0.0014538975137244289,465,13491,ok
Kepler-335,1.0794619608918397,-0.026470702044095143,-0.0058543167326499616,322,17462,ok
Kepler-336,0.953620551144583,-0.00917346660867541,-0.011049058826515518,196,17042,ok
Kepler-337,1.0093290605339251,-0.015319995769678893,-0.009540540977377006,212,14979,ok
Kepler-338,1.0222460670010896,-0.004173569131398468,0.0032367868588955803,535,14803,ok
Kepler-339,1.0491802165485735,0.0005538155215900094,-0.0023467508897964807,144,17338,ok
Kepler-34,1.665735820954589,0.01508539080998924,-0.0037395936440836894,60,17701,ok
Kepler-340,1.0031663652299327,0.062480881765411944,-0.04914539764068201,124,18107,ok
Kepler-341,0.9668092303684835,-0.002112006532368084,-0.008893082214248902,122,16923,ok
Kepler-342,1.2263450547869414,-0.04528921733490394,0.007057192800897936,830,94563,ok
Kepler-343,0.7058891178508876,-0.0007445345421633789,0.009255434186109846,111,18261,ok
Kepler-345,0.8284747120320579,0.004488754549275222,-0.0098982327777503,108,18077,ok
Kepler-346,0.9769262827246253,-0.004896226827930813,-0.0027847994113266725,407,10409,ok
Kepler-347,0.9466514086329259,-0.011908124071438445,-8.617897579017002e-05,99,15980,ok
Kepler-348,0.9624138059587117,0.001749014107626964,-0.010603429163221323,296,16753,ok
Kepler-349,0.9973997225257719,-0.013204761395796592,-0.011892700956996438,484,16322,ok
Kepler-35,2.247417901509075,0.07284476978855066,0.02374869226564396,123,17882,ok
Kepler-350,0.9033039496292706,-0.005964468464010503,-0.006329711794515994,119,16808,ok
Kepler-351,0.8958479545633619,-0.016794979073911625,0.0017211912446489887,373,11649,ok
Kepler-352,0.8514325066239581,0.007099578432017721,-0.008256748790878059,172,17960,ok
Kepler-353,1.113708625946788,-0.014837680858811597,-0.00527491050350319,179,17693,ok
Kepler-354,1.0069085723382525,-0.010714526458243815,-0.01024452276910721,1779,12575,ok
Kepler-355,0.6775793656642166,0.00011584361196462541,0.009380719334003083,105,12763,ok
Kepler-356,1.0344729637917047,-0.006639117101348351,0.0008133137095011428,1397,91546,ok
Kepler-357,0.8739905826688744,-0.01605253652763921,-0.008986585377359465,442,15130,ok
Kepler-358,0.9959072990242117,-0.002317220992068877,-0.0011115471391823784,1511,11483,ok
Kepler-359,0.8790007700760283,-0.020027695556876824,-0.00017105726053225372,174,17981,ok
Kepler-36,0.960025576380619,0.0013193517279997543,-0.0007078608834414134,76,18118,ok
Kepler-360,1.0322815661243088,-0.01654392954623157,0.000376662994060372,374,15277,ok
Kepler-361,0.9799909930123241,-0.008653013877723058,0.002270840399764638,199,17851,ok
Kepler-362,0.767250748221574,-0.014464353972441182,0.0036067673424973086,201,16586,ok
Kepler-363,1.2583771243008297,0.000440640156927935,-0.016550022983485856,93,19246,ok
Kepler-364,0.7411863432421272,-0.013283642758088892,-0.003041132538585163,66,15562,ok
Kepler-365,0.9633213456984423,-0.01749497438071554,-0.005216739918885696,248,16938,ok
Kepler-366,0.9972803900523253,-0.0007466133148736538,-0.007758059574503472,525,16964,ok
Kepler-367,0.9094553818485718,-0.0036502778534977594,0.003428607929096582,133,17807,ok
Kepler-368,1.0240336146422893,-0.004988061798702233,-0.012725727262926673,282,16756,ok
Kepler-369,,,,0,15050,insufficient in/out points (0/15050)
Kepler-37,0.9717567117855571,-0.014661840761829827,-0.0037636955411795067,358,16971,ok
Kepler-370,0.9793739226382785,-0.008545622323240536,-0.003307990816578915,87,17850,ok
Kepler-371,0.7040169700511946,-0.022598372065967924,-0.0005123045204527267,117,17362,ok
Kepler-372,1.0508555483972741,-0.008578118932936881,0.00615825307577699,189,12221,ok
Kepler-373,1.1086895103248018,-0.006740433686757178,0.004882867733925972,110,16140,ok
Kepler-374,1.0338412581888599,-0.012062772488952307,0.014433533564228775,200,17671,ok
Kepler-375,1.0587929706182124,0.014885640650602914,0.00629365156597242,161,11752,ok
Kepler-376,1.0620694293128377,0.005900293985244827,-0.010456060553220254,174,16442,ok
Kepler-377,0.9438285118861809,-0.014960786599891225,0.00254011566387647,346,17482,ok
Kepler-378,0.9999130566568716,-0.005758640927190756,0.002348818385421473,3279,101217,ok
Kepler-379,1.043496283451119,-0.020618518203013057,0.012813656399054307,285,16900,ok
Kepler-38,1.1338112433713594,0.007877188593969254,-0.0064999012841638676,452,16306,ok
Kepler-380,1.08736667085586,-0.008206836998876437,-0.011377526082091851,294,15127,ok
Kepler-381,0.942544550801822,-0.013198157425928237,-0.00024040939706295898,148,17781,ok
Kepler-382,0.9119541449059523,-0.006784166144632239,-0.0021833179484105412,201,17806,ok
Kepler-383,1.0210249169255328,-0.011321152008004341,-0.01844562323712768,469,15277,ok
Kepler-384,1.3800030223416513,-0.01605351438023538,0.008680368069884628,80,15583,ok
Kepler-385,0.8550153289026251,-0.04316719166261316,-0.012105368401219533,122,14797,ok
Kepler-386,0.8665217417582871,-0.026946310008766673,0.000744649618924224,52,12742,ok
Kepler-387,1.0516708685886031,-0.01750073918895994,-0.0076290826697459945,92,15175,ok
Kepler-388,0.9844140218503645,0.009249530327829377,-0.010299599120939784,533,14451,ok
Kepler-39,1.0839346153717686,-0.001911311645436471,0.002076247008987207,271,17475,ok
Kepler-390,0.9410920569612313,0.001214907461196631,-0.007341465674549666,468,16668,ok
Kepler-391,0.9231008527033505,-0.006541552192330347,-0.0022740086147841707,135,16552,ok
Kepler-392,0.9708802366783164,-0.007306669041141119,-0.010765147570034788,509,17581,ok
Kepler-393,1.4954703240301679,-0.0015189053936937218,-0.006504701735111551,117,17302,ok
Kepler-394,0.9368870895548275,-0.007463521093485338,-0.011842534147939112,183,18310,ok
Kepler-396,0.8425028241974529,0.01175459576225634,0.0023825480633287086,36,18212,ok
Kepler-397,0.9302074340074388,-0.006212603552351491,0.013952218793762962,223,17754,ok
Kepler-398,1.1872604099775443,-0.017296670240716724,-0.0041700642181511285,130,19090,ok
Kepler-399,0.9886425353233228,-0.004309100791525522,-0.00910592593558302,1067,14250,ok
Kepler-4,1.0280347835193824,-0.006081203164633432,0.007900513902101804,115,19193,ok
Kepler-40,1.0210905027900088,-0.010068374262622427,-0.0022494256103698113,168,17629,ok
Kepler-400,1.1038509508879832,-0.007244877680497858,-0.005505083279998545,533,15243,ok
Kepler-401,2.256688486806813,-0.030113667115389015,-0.009980623927518943,121,16610,ok
Kepler-402,4.942111630631264,0.7457940456046978,0.2766029423504539,163,15448,ok
Kepler-403,0.8366555238481014,-0.030782424515635246,-0.009505292443910619,52,15872,ok
Kepler-404,0.7327636608931082,-0.012588459020168153,-0.017841829373912623,176,10645,ok
Kepler-405,0.7743686556751808,-0.004487540571554643,-0.00880548513735966,145,16217,ok
Kepler-406,0.9322258821261746,-0.00615974355292602,-0.004957843958631487,230,17128,ok
Kepler-407,1.069514592205814,-0.018004638156847524,-0.007436676641664967,404,14757,ok
Kepler-408,0.9613367632428593,0.020274305734550146,0.0009155558991405536,237,17703,ok
Kepler-409,0.847243079291431,-0.0029377015114023922,-0.0037460930472580636,145,17821,ok
Kepler-41,0.9335561795365678,-0.01288438362451466,-0.012249260004045545,653,16894,ok
Kepler-410_A,1.0103535324176125,-0.0007938668112872521,-0.0021218233191339342,191,17570,ok
Kepler-411,1.0621750485797712,-0.005652137586930382,-0.005961811660089315,179,17410,ok
Kepler-412,1.132566226509216,-0.003007809647831772,-0.004901253302176193,363,16638,ok
Kepler-413,1.5649855861478779,0.002136022011573327,0.005211330676772584,160,17588,ok
Kepler-414,0.3442705597429552,-0.005843769574407841,-0.0005202490358969726,1714,11576,ok
Kepler-415,0.9342076087411854,-0.027271146852897762,0.011278695332297103,307,18481,ok
Kepler-416,0.8529263388061507,-0.020703218830583677,-0.010919098757337736,112,18321,ok
Kepler-417,1.0921008596385688,-0.023841873482618427,0.0008174833271619726,390,17018,ok
Kepler-418,1.0794620874573688,-0.022922521744881626,-0.008425675044035965,267,17718,ok
Kepler-419,0.9893115556662647,0.00017113724847035106,-0.006535868576055209,180,18996,ok
Kepler-42,0.8200743543853308,-0.0029977059369842743,0.004913049575812988,224,17418,ok
Kepler-421,1.052135576419692,-0.0069553687276776395,0.00786722300756565,497,17595,ok
Kepler-422,1.3659525047599341,-0.0136663761738265,-0.007843562890449133,270,18348,ok
Kepler-423,1.1190846084653596,0.00015890743850331112,0.005048538466261223,590,15938,ok
Kepler-424,1.0810337527687333,-0.01071719885343882,0.00465263047762605,264,17269,ok
Kepler-425,1.0431203208534425,0.004738065365488704,-0.0017255421095273935,253,18423,ok
Kepler-426,1.0004096845807893,-0.011728482912398405,-0.0013749463474593215,254,14531,ok
Kepler-427,1.206587040083175,-0.009825191372858061,-0.010791124313025535,137,12768,ok
Kepler-428,0.9208865421157685,0.002641853157621393,-0.0025089745461615138,436,17952,ok
Kepler-43,1.1238629034222445,-0.0178982402124157,-0.0033081175786981378,514,17293,ok
Kepler-430,0.8632509055740637,0.0007153961707079526,-0.002529526488066361,320,16010,ok
Kepler-431,0.987849540096465,-0.020359614742480322,0.002446249005330924,303,15672,ok
Kepler-432,0.9425707756510877,-0.014204203555401178,-0.018001655846273182,454,16148,ok
Kepler-433,0.927510792305441,-0.007337674727172569,-0.015066881937585933,212,17050,ok
Kepler-434,2.288059527321931,0.047290783326433404,0.01193495361985309,194,17623,ok
Kepler-435,1.1917299656643408,-0.018032099213003545,-0.003930275659200075,298,18422,ok
Kepler-437,0.9731184290331771,-0.008639596539374017,-0.008214320859053655,311,17354,ok
Kepler-438,1.150755477672569,-0.015194916940807749,-0.009359468842615605,364,18148,ok
Kepler-439,0.8870597312261718,-0.0013857350029164522,0.0019085292995938234,64,15494,ok
Kepler-44,1.0099310487565965,-0.016863121891824703,0.0066487735592563515,328,16921,ok
Kepler-440,0.9604375936941586,-0.006603676864306043,-0.0047637245002042665,1318,14315,ok
Kepler-441,1.0410655847518517,-0.012424435877528147,0.003806599002372716,123,19121,ok
Kepler-442,1.0025771802161672,-0.0035774592908778134,-0.003986686888817139,583,14944,ok
Kepler-443,1.0537327961796832,-0.011895136415862258,0.0013113940039009575,47,12629,ok
Kepler-444,1.115912912830881,-0.005554378084236502,-0.012050536387020572,344,17130,ok
Kepler-445,1.012009933594291,-0.014457558118340154,-0.002559074591556852,240,17301,ok
Kepler-446,1.0317231980260637,-0.019663050621641396,-2.0099213598260372e-06,514,17582,ok
Kepler-447,1.0780968795708221,-0.009161458573603834,0.003016641213745358,52,19402,ok
Kepler-449,1.1105470995694209,0.0009095884359143244,0.00426801517891248,246,18629,ok
Kepler-45,1.0911234216653323,0.005268240434385634,-0.024216223652424113,579,17488,ok
Kepler-450,0.9533253370656513,-0.005313222553405547,-0.000907283105454398,137,18868,ok
Kepler-452,1.080198189374368,-0.012011931763254194,0.004440435815216644,646,16060,ok
Kepler-453,9.645474428569454,0.029999776832376385,-0.007524497450051282,48,17007,ok
Kepler-454,0.905137452062664,-0.0031383275994153036,-0.005863946404628223,340,18213,ok
Kepler-46,0.952496957160673,-0.00698745004238212,0.009076890966721375,491,15773,ok
Kepler-461,1.0115336197620008,-0.003558939734567912,-0.0011823406981179697,523,15526,ok
Kepler-462,0.9459178120538632,-0.008610108158378161,-0.006154659467153027,340,17169,ok
Kepler-463,1.0071446155042358,-0.01228805643232807,-0.001566339628399479,592,16342,ok
Kepler-464,0.9305521702930385,-0.0007046258979608627,-0.003309242022687942,298,16441,ok
Kepler-465,1.0015617937327597,-0.011232465109175192,-0.008976102487048401,255,14285,ok
Kepler-466,0.9276367303656092,-0.02150684585323274,0.0028876372188328717,391,16255,ok
Kepler-467,0.9620049595258997,-0.0072543399797086894,-0.0009995025385011824,478,17741,ok
Kepler-468,0.8130771793758454,0.001494547658355158,0.007327958875762099,292,14561,ok
Kepler-47,0.8282892370175954,0.039726837625569784,-0.0032063947288631764,74,17721,ok
Kepler-471,0.9542681742514286,-0.007895596548689895,0.0011767372417427976,78,18008,ok
Kepler-472,1.1585148445461186,-0.02059594844566495,0.006492256934903595,191,17305,ok
Kepler-473,0.8693816445361476,-0.030312329391152398,0.013812772046905881,222,15314,ok
Kepler-474,0.8845403419874328,-0.003988850116487983,0.007405047790642516,72,18307,ok
Kepler-475,1.0400736400583184,-0.012944331292761267,0.0038441271566888556,745,16681,ok
Kepler-476,1.0770366894394534,-0.011809474606896674,0.005644027390878291,110,18180,ok
Kepler-477,1.2322402505536263,0.008089834922293796,0.007232354555834676,222,16425,ok
Kepler-479,0.9772256184003625,-0.0064474432635427785,-0.019568217806274105,684,16846,ok
Kepler-48,0.8499676032324421,-0.011575960590209005,0.005950097809520099,149,18055,ok
Kepler-480,1.0046385681124388,-0.006776855532275403,0.006885520291509572,1839,90283,ok
Kepler-481,0.8269851613393414,0.008733306038413881,-0.01546815458535667,149,16655,ok
Kepler-482,1.070725002956292,0.01015087479083407,-0.017857521401244084,715,15494,ok
Kepler-483,0.909919441994268,-0.01250455676975932,-0.013028727132799674,180,17863,ok
Kepler-484,0.9630331081001074,-0.00785516465329007,0.0056202527008423495,607,17137,ok
Kepler-485,1.0946313228648354,-0.013870905269712401,0.0011184672512159024,574,15929,ok
Kepler-487,0.9763670660178072,-0.00589473188265216,-0.006870170417251776,230,17466,ok
Kepler-489,0.986892016788663,-0.008337108468100067,0.007757266109107587,246,16141,ok
Kepler-49,0.9732225668745187,-0.003941107728671624,-0.0010978059711349575,466,16582,ok
Kepler-490,1.248171147819035,-0.011821874889880027,0.008342171120464736,877,16021,ok
Kepler-491,1.0560235762526518,-0.006551059259179047,0.008056996094093211,395,18030,ok
Kepler-493,0.9623221760241873,-0.0190619121781288,0.007987475257397252,221,17441,ok
Kepler-495,1.080772018876262,-0.009216194918987676,-0.008486654037846762,269,18528,ok
Kepler-496,0.9310393806146419,-0.01237031259711591,-0.008413151892696836,746,15384,ok
Kepler-499,1.0833845310836532,0.004431718247481269,-0.0020318305039384366,214,17715,ok
Kepler-5,1.1596518281009083,-0.003089532884453738,-0.006487493607455288,749,15098,ok
Kepler-50,0.8874751791354478,-0.019705411446845605,-0.002163580916230283,97,16560,ok
Kepler-500,1.0180357737189978,-0.004862803757438095,-0.012099557015603113,322,17382,ok
Kepler-501,1.1131083482952224,-0.013907726098512993,0.0026738044220046575,462,16624,ok
Kepler-502,0.9721147991215997,-0.009417975239666573,-0.0019582467060110095,366,15777,ok
Kepler-504,1.0105011565381599,-0.010263685769329756,-0.006344469224044112,343,18206,ok
Kepler-505,0.9036955368636412,-0.012274050464212155,-0.0006005852324576026,157,16315,ok
Kepler-506,0.8550461900980864,-0.009313008765151834,-0.011591951583623842,296,18430,ok
Kepler-507,0.8804519444147723,-0.0563691252502221,-0.0031808224166388187,136,17753,ok
Kepler-508,0.9326542295759213,8.637501570924746e-05,-0.006682778308682789,188,17642,ok
Kepler-509,0.977333006286392,-0.010170193302013188,0.00803318301136387,54,15287,ok
Kepler-51,0.8661147282422151,-0.018190262533671824,0.004702825446366376,92,18117,ok
Kepler-510,0.9996503869540887,-0.015718773865526257,-0.016258905039539986,147,19013,ok
Kepler-511,1.0544237013421223,0.004642227616858764,-0.012926744901950941,367,18063,ok
Kepler-512,0.7757053941314266,-0.027399394937622074,-0.009593519690593834,115,17850,ok
Kepler-513,1.2345161973795291,-0.0070556050186309106,-0.018747647306645594,271,18529,ok
Kepler-514,1.0448543281696128,-0.003795330950154701,0.0002662433195335172,407,17837,ok
Kepler-515,1.095851018119287,-0.00513347564557116,-0.010489387250660278,101,14008,ok
Kepler-516,0.9688084480109712,-0.007955406859001108,-0.0012160739580000777,253,17035,ok
Kepler-517,0.9439738429988467,-0.01247847248390477,0.0033511343181431893,222,18838,ok
Kepler-518,0.9914129608218316,-0.01464323236318681,-0.00961933304033297,484,17619,ok
Kepler-519,0.9591425060857759,-0.014488654738006245,-0.005573322328309226,1120,10840,ok
Kepler-52,1.1577048168596777,0.0026981354190041126,-0.002438984576478814,857,15293,ok
Kepler-520,0.94372741015492,-0.018851593786062628,0.001991860411809124,483,16696,ok
Kepler-521,0.8840144125845695,-0.0071169913569231295,-0.011399864562552918,123,18107,ok
Kepler-522,1.2392286247657214,-0.0032674267954951406,-0.00033610316598376675,166,19055,ok
Kepler-523,1.1347118040325717,0.006180154874242769,0.014456747846597569,261,18359,ok
Kepler-524,1.1128258726110398,-0.020256354422551345,-0.003420345978863263,209,16853,ok
Kepler-525,0.9871289373836509,-0.019612897736785415,-0.014223599321949812,407,16693,ok
Kepler-526,1.0171293965546624,-0.019633108724099062,-0.010773747826886733,135,17782,ok
Kepler-527,1.1509685997562153,-0.0024748710096949397,-0.008823946436908654,280,15063,ok
Kepler-528,0.9251548445167356,-0.0009899747727308002,-0.0033606637367411623,154,19073,ok
Kepler-529,1.171619513974816,-0.0047074039053843246,-0.01055855415253668,47,15570,ok
Kepler-53,0.9206709273494101,-0.023634816164163353,0.005044042068451025,370,15822,ok
Kepler-530,0.9328205602664921,-0.009009263875104652,-0.004859672225846085,216,14949,ok
Kepler-531,0.9520254228072446,0.006938571315372414,0.0020321637406220867,486,16849,ok
Kepler-532,1.0593154747640858,-0.01079945265561804,-0.013787138574408584,179,17603,ok
Kepler-533,1.0491126403442492,0.0032472405282606425,-0.012830247910116603,1087,13422,ok
Kepler-534,0.9320672974008685,-0.014572784391304253,-0.005892778917407752,464,15833,ok
Kepler-535,1.4221204049346372,-0.017707194419837008,0.01223993861614937,188,17099,ok
Kepler-536,0.9693363734558865,-0.011602872964489488,-0.008763343539444624,571,15447,ok
Kepler-537,0.9187445742965497,-0.02258827551581082,-0.00033574742316294344,48,14152,ok
Kepler-538,0.6403283142978263,-0.003115846446733288,-0.0012634754067646725,118,17946,ok
Kepler-539,0.9710774776452605,0.009757846862205084,-0.0008712864124695047,1253,13375,ok
Kepler-54,0.9314610894506732,-0.011704602687860817,-0.011317724835030464,179,18899,ok
Kepler-540,1.1465150673221547,-0.012919686954974086,-0.0037412659776274388,86,18892,ok
Kepler-541,0.9315087085361822,-0.000519820639194825,-0.009204808691241581,167,18122,ok
Kepler-542,1.077341433812566,-0.00826415720748259,-0.012794415969690203,424,15574,ok
Kepler-543,0.9469535694700839,-0.011779190106989993,-0.006562796321034094,244,18628,ok
Kepler-544,1.004589653966883,0.010393199610815858,-0.004967832963787048,992,15631,ok
Kepler-546,1.0176375195536478,0.0023557230295063953,-0.011570561494470739,250,18572,ok
Kepler-547,1.0538218340112682,0.009463298744732432,0.006794542976605777,677,16883,ok
Kepler-548,0.841545455599296,-0.026502088206900434,-0.010212902652957151,144,17604,ok
Kepler-549,1.0760608510580483,-0.007447999198079379,0.004482630906897011,189,18817,ok
Kepler-55,1.0059505689294532,0.0010301193084067241,-0.0024323384911292744,749,13204,ok
Kepler-550,1.0306038859573197,-0.00903227559591724,-0.009058585412292526,398,16692,ok
Kepler-551,0.921430273750101,-0.008926735024699085,-0.010279265939835852,185,18918,ok
Kepler-552,0.8895655684881746,-0.00679390877582493,-0.005185029351533361,125,15857,ok
Kepler-553,0.9916775321947783,-0.01194860375785731,0.002027933586870758,99,18622,ok
Kepler-554,1.1339414821567817,-0.007964537470340755,-0.008508516890466779,149,16204,ok
Kepler-555,0.953648477153666,0.0020803612000851596,-0.005640480678051576,480,15320,ok
Kepler-557,1.0051039525108347,-0.007783688158529935,-0.016591244951093983,182,16780,ok
Kepler-558,0.974936864167216,0.0020505318375099602,-0.000970382796504449,470,17755,ok
Kepler-559,1.0848846144740238,-0.011609020003063773,-0.009334306989849673,684,16794,ok
Kepler-56,1.0320795882319245,-0.0019343237708706678,-0.013968198520536773,546,17391,ok
Kepler-560,0.9442720996570512,0.01619949571617603,0.01499903655860325,178,17485,ok
Kepler-561,0.9050713257965106,-0.01879178342130289,-0.011218967346951478,75,17584,ok
Kepler-562,1.159678856372156,-0.004632453997143493,0.000114137219742079,80,12505,ok
Kepler-564,1.1249951639856102,-0.0045479382035955715,-0.010813146750031595,180,13432,ok
Kepler-566,1.2894391374697376,-0.031152746628811692,-0.003527457490579074,65,15321,ok
Kepler-567,0.9450258222367259,-0.009906180097940753,-0.004733833351830349,59,17411,ok
Kepler-568,1.042305171714232,-0.016502459835366464,-0.0007690418055719432,592,15945,ok
Kepler-569,0.9829710095111868,-0.004934655851361032,2.434039654016327e-05,243,15066,ok
Kepler-57,1.0124789320714214,0.004507231644120946,-0.008179340232794851,193,17313,ok
Kepler-570,0.8406801022518575,-0.011024328510698426,-0.011162247626471692,190,15652,ok
Kepler-571,0.828970545450147,-0.002549177986818534,-0.0024497550402378344,174,15611,ok
Kepler-572,1.0959848477774319,-0.00544566045083944,-0.005252697618867926,113,16671,ok
Kepler-573,1.060422232409379,-0.014759472178677346,0.0031542994586952096,169,13612,ok
Kepler-574,1.2974764361157756,-0.010623150195743796,-0.01018345501229724,111,13823,ok
Kepler-575,1.1621622616048901,-0.0279151585793826,-0.014878085355247957,230,15232,ok
Kepler-576,2.2332290591867356,0.015929575998340433,0.013010934670119371,64,17680,ok
Kepler-577,1.0422249418233411,-0.0004160895458341763,-0.0032460436792988013,737,16674,ok
Kepler-578,0.9932997584149398,-0.013512349265084924,-0.0100598668527855,182,15730,ok
Kepler-579,1.1078864453003288,0.0043371829295246215,9.87985782147407e-05,138,19088,ok
Kepler-58,1.0763526552692035,0.0008169030768630833,0.009708931520529587,152,18191,ok
Kepler-580,1.0020100516742456,-0.021890231211882164,0.004899606850310088,1329,14246,ok
Kepler-581,0.9733575825803614,-0.0021995846769346157,-0.005704354220906608,542,16415,ok
Kepler-583,1.01306976448629,-0.017226405923966733,0.001128640327940181,448,14868,ok
Kepler-584,1.168473536585237,-0.004658929758059589,-0.010178773504908837,79,13157,ok
Kepler-585,0.9721612657110783,-0.006161599969054223,-0.004262477054104672,270,15265,ok
Kepler-586,0.9590350109115688,-0.013475797496871415,0.0017707525591504191,593,15268,ok
Kepler-587,0.8356568843915638,-0.009327114716112162,0.013883871814735186,60,11950,ok
Kepler-588,1.071369688668278,-0.016167496765775252,-0.005373569513727032,188,10838,ok
Kepler-589,0.9378235479274294,-0.0017947290271127464,-0.006023138578350069,165,18955,ok
Kepler-59,0.9042776759103812,0.007835082341033065,-0.023027340330038785,140,14590,ok
Kepler-591,1.145354611991499,-0.00033814764825816266,-0.004708649718338402,402,14193,ok
Kepler-592,1.102487188630605,-0.009252142279233095,0.004178046005704825,68,10994,ok
Kepler-593,0.9965687983544408,-0.014032283121789087,-0.006793324056797915,65,17413,ok
Kepler-594,1.5762748615188675,-0.0009295834286997316,-0.014946253487784287,54,12687,ok
Kepler-595,0.9052405515557289,-0.01226255590499131,0.0017024255562730203,342,14980,ok
Kepler-596,,,,0,14187,insufficient in/out points (0/14187)
Kepler-597,0.8989337720972339,-0.009396591964048937,0.0028738353258142097,150,19020,ok
Kepler-598,0.8843354523849236,-0.011496727794034321,-0.013072642755991851,266,17405,ok
Kepler-599,0.8356371560903848,-0.01373856816798205,-0.002238041756591309,105,19173,ok
Kepler-6,1.2761620448228703,-0.004492998929767266,0.004659964866268156,682,15686,ok
Kepler-60,0.9842363125192619,-0.017807488172039088,-0.003985874472248988,348,16180,ok
Kepler-600,0.8797094552487542,-0.007959907620355493,-0.0030116315673658386,152,19061,ok
Kepler-601,1.0834849222384728,-0.018993063052842072,-0.007635443673932906,76,16381,ok
Kepler-602,0.7476479347611948,-0.008206808718233573,-0.00014490767857300792,85,18320,ok
Kepler-603,0.5176832065992611,-0.005590001495787475,-0.002417093454928171,166,18068,ok
Kepler-604,0.5083580384572346,0.08713122683255729,0.033290825857020735,2257,10515,ok
Kepler-605,0.8280344071716882,0.005161338483901618,-0.0008869423179296292,56,16950,ok
Kepler-606,1.0462861893199338,-0.008230317098029618,-0.00994853383676304,100,17810,ok
Kepler-607,1.0166776064050207,-0.00028203517574081066,-0.008540237852138019,161,18883,ok
Kepler-608,1.1074505051505315,-0.010888644844419409,0.0011424829782167652,123,18754,ok
Kepler-609,0.9635914319000252,-0.0032277168078289516,-0.012109578919120442,259,16352,ok
Kepler-61,0.9773026867327218,-0.011101434531822078,-0.0016820005552622894,373,16928,ok
Kepler-610,1.0563685360291317,-0.021087984815850017,-0.001840413672520137,519,15239,ok
Kepler-611,1.0806641420496996,-0.017487585237432133,0.0012512645011547004,76,14911,ok
Kepler-613,1.073184952492446,-0.009240633180408546,-0.002535107774347155,123,14879,ok
Kepler-614,1.0691632015296664,-0.008174089756157745,-0.012529490851603242,125,18163,ok
Kepler-615,1.0689949047068488,-0.01709580781952246,-0.02038616705520344,497,13382,ok
Kepler-616,1.2468068355326754,-0.010495969370660557,-0.008189387853162065,222,14738,ok
Kepler-617,1.0525576863457613,-0.018841796748936247,-0.003342723912623921,1322,14328,ok
Kepler-618,0.9554008498836607,-0.019643159470739992,0.017929256530581437,77,11101,ok
Kepler-619,1.626353285652835,-0.0017755476771755632,-0.004448978544783669,33,12815,ok
Kepler-62,0.9719028274956797,-0.02666904102350823,-0.007288933372789869,811,16363,ok
Kepler-620,0.9995408319016901,-0.02363623530141837,-0.007073611952070262,285,17178,ok
Kepler-621,1.0819062593194726,-0.011309867876029932,-0.003037448124258076,77,16911,ok
Kepler-622,1.0324136551281036,0.0012642424880485463,-0.002829306351631712,674,16939,ok
Kepler-623,0.783954629751118,-0.01025934012108254,0.007953035998874097,69,13593,ok
Kepler-624,1.0317694775132977,-0.006769191837511363,0.0029110203476785355,223,18717,ok
Kepler-625,1.422478834150631,-0.011307010232672624,-0.0009019239178962028,81,17689,ok
Kepler-626,1.137204430699245,-0.01471202180442983,-0.017574326627693107,198,15987,ok
Kepler-627,0.9264851922844257,-0.007517055897248298,-0.018008273503504025,377,16546,ok
Kepler-629,0.9867941601371713,-0.01338707185482975,-0.004564838161113745,120,16239,ok
Kepler-63,0.9671576831272188,-0.00915058577423459,-0.007344594113197446,153,17638,ok
Kepler-630,1.0888670518602044,-0.006805097350710392,0.0010895251553545793,139,19055,ok
Kepler-631,1.0052201121751283,-0.00543655731991037,-0.0038797693385645847,472,16720,ok
Kepler-632,0.8472004693351678,-0.006168527211727645,-0.003878571792351965,187,17929,ok
Kepler-633,0.8856314521581199,-0.012115385816829433,-0.0011747276312858515,318,18341,ok
Kepler-634,0.9541337880612712,-0.008832025933305128,-0.01487496048616937,131,17483,ok
Kepler-635,0.9475411822585519,0.0005475873775686338,-0.0014727607349592328,228,16778,ok
Kepler-636,1.2151667957937367,0.0009765256521023947,0.006200311990731014,149,18004,ok
Kepler-637,1.08236423129923,-0.00788699152602506,-0.002201541428938521,93,18232,ok
Kepler-638,1.0289294416693284,-0.0039041532173071302,-0.0029788958764476775,261,18527,ok
Kepler-639,0.9694078291104762,-0.013945598318268578,-0.008811425096968082,715,15800,ok
Kepler-640,0.7712441448140509,-0.02029236228440363,-0.01540900070906458,203,17790,ok
Kepler-641,0.9784150979098835,-0.004243321275806822,0.008413140086582144,264,17596,ok
Kepler-642,1.0282354443373711,-0.006199998900006502,-0.0015934490638856973,1152,93569,ok
Kepler-643,0.9998646752961373,-0.005912171256959095,-0.002454708754632721,135,17938,ok
Kepler-644,0.7376204778762997,-0.07730877662187327,0.0008325509026190444,389,94980,ok
Kepler-645,0.9019684801345127,-0.01178860971947793,-0.012963128725044801,154,17629,ok
Kepler-646,1.1085614623150621,-0.006527439051877902,0.0037300097043727683,428,17954,ok
Kepler-647,0.9284156428432733,-0.033152988973375645,0.0010742851442602183,210,14930,ok
Kepler-648,1.6468043469815772,-0.00032536484033920927,0.016397343085726865,91,12085,ok
Kepler-649,0.9110771554860828,-0.01499881322885415,-0.018129691692959794,196,14656,ok
Kepler-65,0.9369038566598923,-0.007267032030870169,0.004431638867212851,84,18088,ok
Kepler-650,0.9871761046625553,-0.00731977238097528,-0.002999378283043962,644,13606,ok
Kepler-651,0.966566198519825,-0.009198971097101334,-0.0018626080232741285,198,14374,ok
Kepler-652,0.9701856393904865,-0.0419344102925062,0.00782359131155557,125,14683,ok
Kepler-653,0.9296792330391356,-0.013455371932481816,-0.010245720798210445,248,14474,ok
Kepler-654,0.9933265219787851,-0.01291709767757457,-0.0005529280062042287,182,17878,ok
Kepler-655,0.7534642749247894,-0.004339894720273013,-0.010402924519162587,84,18264,ok
Kepler-656,0.9612428877437293,0.000986577233233339,-0.0057111575909074,305,11044,ok
Kepler-657,1.084107467285275,-0.003973717201553494,0.006708239791968251,147,12446,ok
Kepler-658,1.0074778754996765,-0.004504979017645583,-0.010545086735535843,658,9835,ok
Kepler-659,1.2377299269756425,-0.010606144479702836,0.016564537057365075,43,11446,ok
Kepler-660,0.8599605158094126,-0.010833649822063782,0.005084476001278583,419,10443,ok
Kepler-661,0.7144736709762621,-0.004766804657325849,-0.0035084654897059777,88,11918,ok
Kepler-662,0.826151428654109,-0.004351779194864853,0.004380752407203576,51,12780,ok
Kepler-663,0.988040038491598,-0.005592204270035545,-0.0003496061093655508,460,17185,ok
Kepler-664,0.9608546768950729,-0.005134121143426191,-0.006567637651593807,267,11458,ok
Kepler-665,1.0272726974043898,-0.00377016102007906,-0.0068462004316941286,705,15424,ok
Kepler-666,0.9684072347848849,-0.015162159074630756,-0.005274648072216986,2136,10337,ok
Kepler-667,1.0831228771402293,-0.0078501886118016,-0.0048302014324142295,262,17435,ok
Kepler-668,0.9597962907913498,-0.013584429545502742,-0.01972725476325429,259,10280,ok
Kepler-669,0.9000318154773296,-0.007521168350278792,0.0012068840970816288,1335,10027,ok
Kepler-670,1.0379846502214982,-0.00603842233531597,-0.0032110928215757658,559,16293,ok
Kepler-671,0.9841171654111875,-0.009947096395250392,-0.011608816646510913,374,13298,ok
Kepler-672,1.066650835544669,-0.016037262064482843,0.0012506979202714383,617,12795,ok
Kepler-673,1.2784098631108645,-0.015284772405051321,-0.019523935493489394,112,12448,ok
Kepler-674,0.9344385445471641,-0.009552213298281525,-0.009295962448177965,526,17546,ok
Kepler-675,0.904081740024751,-0.004403441661956808,0.008946156047446446,258,14171,ok
Kepler-676,0.9040434852856014,-0.013423972830472447,0.0009809445714933965,265,18017,ok
Kepler-677,1.0467472076810374,0.00465059738196934,0.0048648841251530866,100,12597,ok
Kepler-678,0.8703264406794208,-0.039212262907530944,-0.009882528201673478,207,17923,ok
Kepler-679,0.989523482664266,-0.018416932976050255,-0.005243598911009012,844,15655,ok
Kepler-68,0.9161304124440872,-0.010048119813935033,-0.006092399235471198,176,17716,ok
Kepler-680,0.956235278784216,-0.01105004377327489,-0.0033681872407650246,131,17534,ok
Kepler-681,1.2546988654805473,-0.00417372820042263,-0.001753493147336951,204,9643,ok
Kepler-682,0.9462478527013349,-0.015915643813164213,-0.0024893677090245085,250,10525,ok
Kepler-683,1.0298920557309044,-0.004887370724044331,-0.017779144136505564,781,13565,ok
Kepler-684,0.8618673932015871,-0.014141448017883801,-0.006610902315389525,190,16045,ok
Kepler-685,0.9649914444031296,-0.01491956919311323,-0.0017662468652702053,1117,15356,ok
Kepler-686,0.9554354773813656,0.0005826675017183931,-0.003702673356678037,799,16324,ok
Kepler-687,0.9888080420005859,-0.02346012907730436,-0.0048585193136647,590,14929,ok
Kepler-688,0.8974842950843713,-0.006797591798112673,-0.009983994295939876,138,19056,ok
Kepler-69,1.0100270346843865,-0.0060764069370845795,-0.014549071685557486,461,16203,ok
Kepler-691,0.9718231179911385,-0.005530748800713085,-0.005455281197113298,643,14677,ok
Kepler-693,1.0363527427660804,-0.002704819349646932,-0.016258233890950057,135,16214,ok
Kepler-694,0.9111019179632986,-0.010967182204510938,-0.00493297298931303,143,17586,ok
Kepler-695,0.9878581031440646,-0.03913496230879957,-0.012034449708238555,1572,12108,ok
Kepler-696,1.068860272968099,-0.008844161014270442,-0.007125453517254033,238,17525,ok
Kepler-697,1.0088381159845805,0.00892052811431624,-0.00446351760930006,1690,10015,ok
Kepler-698,1.0986825585263262,-0.01249433120936708,-0.0008323983026701505,246,13880,ok
Kepler-7,1.1067553312645193,0.011157759474281798,0.0016837147169882184,580,17293,ok
Kepler-700,0.9704049508370467,-0.02001665055957287,0.004784377359846922,99,13789,ok
Kepler-701,1.0443276031367623,-0.004191955568560079,0.0038807839145482623,30,13884,ok
Kepler-702,1.0547071420098273,-0.016902617707570903,-0.007397278884677213,369,16900,ok
Kepler-703,0.9594424907997995,-0.02195244689861021,-0.006058328681525698,1048,14022,ok
Kepler-704,1.0037336411039708,-0.007573100790396231,-0.0020450702438595714,74,16503,ok
Kepler-705,0.8344663863651415,-0.02567051128354632,-0.007305543201853496,125,15484,ok
Kepler-707,0.9592476088664516,-0.009308605894184363,0.011675225606466492,84,14817,ok
Kepler-709,1.1182170707126904,-0.018692128646095263,-0.0016575342972064487,545,15729,ok
Kepler-710,1.0265350683635084,-0.014906009403134043,0.004120271603647652,102,17729,ok
Kepler-711,1.1488001360154836,-0.01386360133714024,0.0017943681608848085,160,17760,ok
Kepler-713,1.0067767776524978,0.005001105800027232,-0.011445477916127279,1383,12672,ok
Kepler-714,1.0677177980736647,-0.00648955953613203,-0.00303961170385075,512,17564,ok
Kepler-715,0.9541226735024435,-0.005426567778291481,-0.002899319134264353,312,15116,ok
Kepler-716,0.948225620943817,0.011905501582927337,-0.0035707086778425934,136,14053,ok
Kepler-718,1.0132035214420483,-0.0071738827666749,-0.0024885028374134637,513,16355,ok
Kepler-719,0.9899664119891447,-0.01879938763555968,-0.009191579984953251,701,16843,ok
Kepler-720,0.9939654148628128,-0.018237548228565922,-0.01665850210564068,81,18059,ok
Kepler-721,0.9753560619469795,-0.009449524592630586,-0.002002293884572863,84,16536,ok
Kepler-723,1.0604052032666962,0.0035727201948099236,0.01426576945717738,579,17352,ok
Kepler-724,0.8556835522193743,-0.011183691610129776,-2.2162206150466156e-05,295,16337,ok
Kepler-725,0.9238595240909855,-0.007894702299998963,-0.0009491755986058112,701,15451,ok
Kepler-726,1.0046185980383464,-0.007123959034852048,-0.003815449449789909,228,16357,ok
Kepler-727,0.9867382612148126,-0.013633381342586955,-0.0035261222775033597,375,15914,ok
Kepler-729,1.552698846568369,-0.014498956464674962,0.0004444851565255332,24,11325,ok
Kepler-730,1.0092251970273387,-0.0040935513399314805,0.005102182530444733,399,17963,ok
Kepler-731,1.0027269440480115,-0.006483676314042107,0.0011113277151492819,1207,13503,ok
Kepler-732,1.0153170299322698,0.0017025306331598373,-0.007056436036971721,998,15621,ok
Kepler-733,0.9520731139454209,0.006105750394475639,-0.007980867010161288,83,16992,ok
Kepler-734,0.9999693531675932,-0.016524175574315722,-0.007012926308559275,228,17695,ok
Kepler-735,0.9180884711308361,-0.008764611887257598,0.0005271585969798314,835,8233,ok
Kepler-736,1.1489728891751085,-0.005834430545043873,0.002946056391090089,171,10752,ok
Kepler-737,0.8679843280718704,-0.015202388807843505,-0.010911574926750458,398,16345,ok
Kepler-738,0.810192419179968,-0.020834704338258916,0.004790142267533744,127,11107,ok
Kepler-739,0.8919730987100843,-0.029677422942458738,0.015244870466294245,105,12575,ok
Kepler-74,1.1385460288182918,-0.0015206349007989247,0.0006511056537376904,76,19306,ok
Kepler-740,2.3376526810721017,0.014846254062065063,-0.0066247877181031065,51,11240,ok
Kepler-741,1.0597796383647606,0.0012346609992534335,-0.00811631139731794,61,12279,ok
Kepler-742,0.9665996475952898,-0.00942309423816996,-0.0020356419155818837,197,11353,ok
Kepler-743,1.0920747097925987,-0.0012818708411706152,0.004131938609954928,225,18714,ok
Kepler-744,1.012958840394677,-0.006732563512864857,-0.0246901800880433,82,18004,ok
Kepler-745,1.2646041480058512,-0.0031290161376112445,-0.012344863382686446,45,16428,ok
Kepler-746,0.9322126809697159,-0.006720839947360938,-0.013511600455303058,294,15461,ok
Kepler-747,0.9965759513806434,-0.022932542303801103,-0.008991543711082916,282,15141,ok
Kepler-748,0.9536709298964691,-0.015065717000214142,0.004576595636425819,912,13545,ok
Kepler-75,1.1688258552685094,-0.020050193750092784,0.0037488061753192664,207,18789,ok
Kepler-750,1.0976544685193652,-0.012904857401284811,-0.0029262165504111504,373,15121,ok
Kepler-751,0.9957960512676115,-0.004420873749723209,0.005038603398758325,969,14422,ok
Kepler-752,1.0592295122664324,-0.018839356932173795,0.006521354439721123,462,15297,ok
Kepler-753,1.091125949092013,-0.015711883892648285,0.0010334219550630203,433,15394,ok
Kepler-754,0.9375210072480231,-0.01503809663870102,-0.002712471915484462,241,17535,ok
Kepler-755,1.0169561774947415,-0.005819685990662852,0.003410404082693598,1866,10892,ok
Kepler-756,1.0676630225424595,-0.004556218015683906,-0.0005608134882157846,95,17844,ok
Kepler-757,1.027821770435858,-0.010790780224201704,-0.018348167781398292,1214,13660,ok
Kepler-758,0.992038262595774,0.025259491900837802,0.030255150760485714,916,15165,ok
Kepler-759,0.9627576004362348,-0.0067780413561527916,-0.005717611354865701,340,14955,ok
Kepler-76,1.1639205658566225,-0.014528569737382905,0.009983354214449448,493,17589,ok
Kepler-760,0.836828080349209,0.009279733602710687,0.010554059023875398,309,11586,ok
Kepler-761,1.0105119633779633,-0.0005136420332789769,-0.008985929264673127,412,15217,ok
Kepler-762,1.239648967617748,-0.00470776508172892,-0.012656518841865002,204,15554,ok
Kepler-763,0.8508079209963278,0.020436414706882438,0.0032083618790855477,2134,9550,ok
Kepler-764,0.868928386038634,0.007025533978500056,-0.004827202863796135,98,13622,ok
Kepler-765,0.9622504874707307,-0.010152216134728515,-0.009851016161365743,299,18276,ok
Kepler-766,0.7322108620643104,-0.011864271632843378,-0.004274088051316894,101,18062,ok
Kepler-767,1.0562074860834516,-0.011340979830332153,-0.018391953158405396,87,16355,ok
Kepler-768,1.0505544622918803,0.004732126823706011,-0.004935754877358909,780,15703,ok
Kepler-769,0.8958859751996715,0.00406839642102664,-0.012866198590521056,255,17015,ok
Kepler-77,1.2177286363329647,-0.011921298218591428,-0.016227580627678758,272,18310,ok
Kepler-770,1.0288886313846977,-0.012890990391268266,-0.006912489664359467,252,18603,ok
Kepler-771,0.8233130602211314,-0.008842759586269944,-0.010171403901538673,138,19052,ok
Kepler-772,1.0172794087422035,-0.012849134412255723,-0.014510826049681989,887,13575,ok
Kepler-773,1.009556162421797,-0.0029224574254376316,-0.010842255478086666,494,15132,ok
Kepler-774,0.973548131459995,-0.002803095802690881,0.00687476640811477,242,15678,ok
Kepler-775,0.8733463340397724,-0.013517833891356901,-0.005964506744606325,127,18103,ok
Kepler-776,1.0668586922764962,-0.014226011015946966,-0.022621160750992752,131,13843,ok
Kepler-777,0.9096932553394965,-0.01843037272720479,0.012344727520578826,364,14310,ok
Kepler-778,1.0875431780482607,-0.014697156462577604,-0.015862712676247226,83,16404,ok
Kepler-779,0.8648642900190079,-0.0271255512872141,0.0018083904284656672,60,13955,ok
Kepler-78,0.9214969962663283,0.021368156666748513,0.0068858094340642365,237,17489,ok
Kepler-780,1.1115440131634868,-0.01523043292090594,-0.0018155928448109412,121,15221,ok
Kepler-781,0.6240242068217965,-0.016317284226816307,-0.0020206089744807055,68,11378,ok
Kepler-782,1.030383702664792,0.591787199044634,0.23938785211032046,67,14466,ok
Kepler-783,0.904411548196991,-0.0045444780957459765,0.00789492752250353,134,15890,ok
Kepler-784,0.9529263679902062,-0.003800794265538552,-0.0003482396958336301,699,16844,ok
Kepler-785,1.0034518845001563,-0.010833267197552175,0.008942101974914221,443,17768,ok
Kepler-786,1.0873250624330915,-0.012287988625851117,0.004232171719864073,300,17124,ok
Kepler-787,1.0641875371104312,0.0046576540130894625,-0.00521104232103007,1811,9733,ok
Kepler-788,0.9989550423070329,-0.0049788576485481255,0.00217517162500427,196,15640,ok
Kepler-789,1.0114705020601595,-0.012506973290662915,-0.006482006155245145,145,18200,ok
Kepler-79,1.0105936950041539,-0.015457465547507147,-0.01522128936859735,215,17577,ok
Kepler-790,0.820230123358048,-0.013988721866868148,0.0015503375621155632,300,16085,ok
Kepler-791,1.138900763995174,-0.011179621275388628,-0.01478726665409519,206,17923,ok
Kepler-792,1.0720161884494805,-0.015548928365488372,-0.008528324670814002,314,15890,ok
Kepler-793,0.9891712916191504,-0.02401778855280318,-0.012184388637851156,526,16768,ok
Kepler-794,0.8146864004725815,-0.0034844048763685524,-0.010752546602045398,114,19014,ok
Kepler-795,1.0742516279458068,-0.017948357489134068,0.006456786421383383,200,16154,ok
Kepler-796,1.000466885707659,-0.011667196608426139,-0.010941594144472282,432,14663,ok
Kepler-797,1.184559844787364,-0.012917664563446308,-0.016219159557781804,266,17536,ok
Kepler-798,1.064575149205651,-0.002397670190879387,-0.0029151903866022214,390,17049,ok
Kepler-799,0.6971228617271246,-0.017478566786929862,-0.013129585271328995,58,16348,ok
Kepler-8,1.0763499665052612,-0.007256186549482719,0.0062710624871498855,579,17464,ok
Kepler-80,1.131916726211763,-0.014302035516774792,-0.015340609455493716,175,17630,ok
Kepler-800,0.9704472410131362,-0.00142484380253266,-0.010142436024622467,122,16107,ok
Kepler-801,0.915618270015045,-0.01324207713119122,-0.008707351427997818,213,15715,ok
Kepler-802,1.0333359879980129,0.004571887890271745,0.005231361530523321,38,11326,ok
Kepler-803,0.9315280838261298,-0.01632633960055411,-0.0012552350697695425,104,18280,ok
Kepler-804,1.0746558135063202,-4.9729727890920855e-05,-0.007066100408593483,146,17445,ok
Kepler-805,1.1374571536664089,-0.001087258092684272,-0.0071936416972516225,78,17452,ok
Kepler-806,1.023505930039553,-0.002890251115773021,-0.009053725959717597,169,17633,ok
Kepler-808,1.186443501637627,0.0019656346281850677,-0.011995110888875301,96,16196,ok
Kepler-809,1.2590184047590738,-0.023983423323442048,-0.00538621812111787,35,12405,ok
Kepler-81,1.0271319956878553,0.0037046195254687915,-0.0031116268738271423,948,14680,ok
Kepler-811,1.0291309628130552,-0.013788622056462906,-0.019046091914372173,308,14336,ok
Kepler-812,0.8919360803674297,-0.016045340430655624,-0.005900682793511341,284,14712,ok
Kepler-813,1.0465695036589726,0.00018791629491119298,-0.007869798980775916,138,15191,ok
Kepler-814,0.9171301999238093,-0.03906687834214704,0.0009193584701954043,35,11104,ok
Kepler-815,0.9642058364012869,-0.006637065726727599,0.0034780935121251685,43,15601,ok
Kepler-817,0.9447326624772907,-0.020067964734454134,0.0005564315376997324,389,16439,ok
Kepler-818,0.8674173038779415,-0.030902098897612085,-0.004083002453819463,114,18332,ok
Kepler-819,1.0938850710519201,0.00654344377999155,0.00355546650773998,124,18294,ok
Kepler-82,1.0001192176291693,-0.010951799462527487,-0.005127849096494417,209,18768,ok
Kepler-821,0.9980467180427363,-0.015121868642573429,-0.00645820337161115,206,16532,ok
Kepler-823,0.8432131332775167,-0.013506476672468863,-0.0065553802673393065,126,15969,ok
Kepler-826,1.0044864977188164,-0.015870892526489263,0.005326865185268869,184,15875,ok
Kepler-828,0.9057524400283946,-0.00832632443865459,0.0077590354096277285,119,12645,ok
Kepler-829,0.9454179949590196,-0.013102263551452031,-0.002711905228770692,318,15304,ok
Kepler-83,0.935063775489446,-0.020835926899258193,-0.009376601766031082,350,16671,ok
Kepler-830,0.9314905387627509,0.00438497168203051,-0.011798919555066291,293,17246,ok
Kepler-831,0.8969059578575058,-0.012691703894651359,-0.003975795142134884,136,18128,ok
Kepler-833,0.6593870269093617,-0.015957139478213252,-0.009346500436741375,44,12804,ok
Kepler-834,0.8761948487615139,-0.008738509097811398,0.00784186233160869,120,11093,ok
Kepler-835,0.7745919569921306,0.003621348923916663,-0.0015659825287882311,89,12139,ok
Kepler-836,0.916900578842103,-0.02418892994224358,-0.018267561284446884,208,14583,ok
Kepler-837,0.9704800121147915,0.014950293419138286,-0.011547519933887399,54,11218,ok
Kepler-838,1.17408994909431,-0.010510980101450441,-0.01527656763579877,121,10935,ok
Kepler-839,1.0256277909032572,-0.00861090080625978,-0.003723980477347091,428,16137,ok
Kepler-84,0.8438916937995131,-0.01586157216841111,0.0018331833183827199,102,18263,ok
Kepler-841,1.083965073854382,-0.003685377217654739,0.006857255428210229,143,11233,ok
Kepler-842,0.9878147475456437,-0.014432057892424847,-0.00988727209059246,218,14398,ok
Kepler-843,1.1655569674642658,-0.02423424121636462,-0.0167998046078229,621,16160,ok
Kepler-844,0.969642691864346,-0.009484713691709133,-0.00016687078142456628,288,10966,ok
Kepler-845,0.9263879075979029,-0.017966048551149694,-0.008794815123605824,150,16036,ok
Kepler-846,0.9565559513012308,-0.011729456735111886,0.011801667272761876,36,11968,ok
Kepler-847,0.9095871679562298,-0.0032045508109043498,-0.003301956412447318,503,14093,ok
Kepler-848,0.9695356645508645,-0.02150287371423118,0.004691960909883896,59,17437,ok
Kepler-849,1.0730000302641796,-0.022327634394816945,-0.000141847994822606,238,15434,ok
Kepler-85,0.9836283912754058,0.004502212979160694,-0.0047370251692581775,526,15571,ok
Kepler-850,1.0842091507846952,-0.012525403413460113,-0.003216012665007899,339,13873,ok
Kepler-851,0.9410865590672656,0.00035448989190176955,0.0025139397638892186,1180,9820,ok
Kepler-852,0.9581201941768416,0.00024134792095953326,-0.005805295817710646,98,17267,ok
Kepler-853,0.9881799971131472,-0.0118089734182152,0.000551333162331255,152,19008,ok
Kepler-855,0.9790059568443142,-0.022726225855805225,-0.007256962225427714,119,19219,ok
Kepler-856,0.7916386749505695,-0.0023263097647690098,-0.011609794721362404,519,14742,ok
Kepler-857,1.0415883083558548,-0.00788604999474383,-0.018079997752374347,286,17111,ok
Kepler-858,1.0315224619712184,-0.09196032096877543,-0.000920973895973688,580,12836,ok
Kepler-859,1.0483682631125717,-0.013211290756380598,-0.007863102120023264,282,11640,ok
Kepler-860,0.9616847683456939,-0.0010284728820718228,0.0013597614913283772,1767,9583,ok
Kepler-862,0.9681673282278143,-0.015381430522149544,-0.0008550688096120092,1407,12743,ok
Kepler-863,1.1055523467945374,0.0044258560719062255,-0.006691438358376121,2107,9948,ok
Kepler-864,1.0471391634333886,-0.01118710978549723,0.00028625391575817164,2156,81546,ok
Kepler-865,0.9607120539552659,-0.0013717246737338195,-0.012369835594238958,1664,11839,ok
Kepler-866,1.3258403984990512,0.006054972956192871,-0.003414889064129275,108,14104,ok
Kepler-867,0.9729507787592462,-0.011773908791020108,-0.01256870246694275,458,12372,ok
Kepler-868,0.8910945328749168,-0.027062281497715557,-0.01384585300517091,70,15195,ok
Kepler-869,1.0825759486609066,-0.0020428748999316627,0.001492115483774034,88,12406,ok
Kepler-87,0.9626106147159804,-0.014027658636262997,-0.004719780172741355,300,18482,ok
Kepler-870,1.024880553467204,-0.01223191023615697,0.00018555109382587039,92,18202,ok
Kepler-872,1.0237509206669904,-0.005932842133282674,-0.004954719826281821,1436,12841,ok
Kepler-873,1.0139138495071858,-0.014095839255882576,-0.008811284225464225,269,17947,ok
Kepler-874,0.9388475933079407,-0.0028743840356573722,-0.014709087213068689,202,17564,ok
Kepler-875,0.9491377014395572,-0.006940199423615115,0.00888288344376438,164,17882,ok
Kepler-876,0.9087892774439963,-0.008535243870775509,-0.003166340128268765,176,15566,ok
Kepler-877,1.312706744656479,-0.03395214991547892,-0.0016175310542737695,189,14868,ok
Kepler-878,0.9861493839199243,-0.014295524390077951,-0.012728134389928075,225,10661,ok
Kepler-879,0.7767509025694188,0.06300415238716273,-0.012351253001972248,756,14478,ok
Kepler-880,1.0242565802357595,-0.00463262030412745,-0.0020619892652906043,184,18871,ok
Kepler-881,0.9014797287595625,0.0074419423066129494,-0.011460365065891783,165,11651,ok
Kepler-882,0.9833624604383177,0.004507092294453449,-0.011122405321785456,340,17317,ok
Kepler-883,0.9741248303911926,-0.014237327684225486,-0.006052506653771192,447,17343,ok
Kepler-884,1.0841038495942956,-0.017779038048746375,0.0014276235945797887,115,16852,ok
Kepler-885,1.1111152710039935,-0.001537907025278032,-0.010140110770749732,120,15960,ok
Kepler-886,0.9004730657363922,-0.02278144948550966,-0.001808561792374615,147,15977,ok
Kepler-887,0.8629847991977757,-0.011903303603030513,-0.0019863922120414595,199,16182,ok
Kepler-888,0.9181999729905927,-0.0025941669913901676,-0.006281789406734772,75,17339,ok
Kepler-889,0.8250807688749183,-0.026608002571486176,0.0004654078793973391,197,16349,ok
Kepler-890,0.6652902440281763,-0.0267748213820237,-0.006136900863837303,72,13002,ok
Kepler-891,0.9801309133733885,-0.014152545074383703,-0.013676012822599433,342,16716,ok
Kepler-892,1.0739783508227234,-0.015907517212768826,0.003223998061684076,200,15632,ok
Kepler-893,1.0439658042928959,-0.013372077207671883,-0.010294024133703346,42,12431,ok
Kepler-894,1.076837083964191,-0.01979727742329505,-0.004970501419321739,164,11720,ok
Kepler-895,1.0708254816286256,0.002827462380560973,-0.0009287916170693421,78,10794,ok
Kepler-896,1.1296847101936465,-0.008762656873482608,0.010356158177691135,220,15227,ok
Kepler-897,1.0210768470568603,-0.019561738879203393,0.00019661088218982876,198,13505,ok
Kepler-898,1.3942044883386338,0.01141499277172773,0.00044142941205717616,29,11272,ok
Kepler-9,0.9966786416879521,0.002547866801019732,0.013059463471733883,1853,11120,ok
Kepler-900,0.8875659129084535,-0.02342339484476723,-0.00829789904159047,290,14073,ok
Kepler-901,1.2604912457273179,-0.005289486032625213,-0.013996215663450858,107,17399,ok
Kepler-902,0.9755996375510689,-0.019536347712299132,-0.007379938998437491,55,12527,ok
Kepler-903,1.006485284469379,-0.008906556780634718,-0.003200163929009484,336,15829,ok
Kepler-904,0.947437590874798,-0.0005909408012808708,-0.002162472879322436,418,15356,ok
Kepler-905,1.1637510008023002,0.01628903887872115,-0.009267138307164595,136,15180,ok
Kepler-906,0.9362168545834174,-0.007354096722045338,-0.02049012485009948,134,16836,ok
Kepler-907,0.9861906829187277,-0.006814953303289527,0.0013107573712322655,100,19201,ok
Kepler-908,0.9954156576758065,-0.019919809726054942,-0.0028993666679977726,1708,11694,ok
Kepler-909,0.9883963795086387,-0.009446897091607584,0.001701419324850826,710,15445,ok
Kepler-91,1.0060765237364198,0.0148514094490877,-0.007285699946998757,388,16661,ok
Kepler-910,0.8919484136785074,-0.025305477099755447,0.013087738647068,147,17360,ok
Kepler-911,1.165062241801097,-0.020830568303709936,0.003626445524579958,263,17270,ok
Kepler-912,0.9601988472368767,-0.014779398371046219,-0.0028171887756039027,268,17240,ok
Kepler-914,0.9015828414114023,-0.005403810491161737,-0.007057608676641731,81,16701,ok
Kepler-915,0.900567102628198,-0.010273528540680739,-0.003477878476520531,83,16173,ok
Kepler-916,1.0039841295291763,-0.006492938653600316,-0.003532816024610115,539,10836,ok
Kepler-917,0.9691239336997989,-0.01914449363850845,-0.010619215922449375,565,16774,ok
Kepler-918,1.0551247871626932,-0.012504336645270366,-0.0006218507745995562,345,17682,ok
Kepler-919,1.3606100765965246,-0.020822482370715472,-0.0035324399122704272,69,18679,ok
Kepler-92,0.9399212745554542,-0.010478727139223435,-0.007723533236887872,175,18987,ok
Kepler-920,0.9722412103767023,-0.006726585957241646,-0.013430795619163497,361,14947,ok
Kepler-921,0.895142278484227,-0.015211912910339229,0.004137427157680733,69,11503,ok
Kepler-922,1.3394251218688042,-0.016589723277208163,-0.007794519234955955,253,18585,ok
Kepler-923,0.8157635022457573,-0.011512943788517466,-0.0148494833124205,228,17668,ok
Kepler-925,1.072757260801559,-0.005368784729661323,-0.000418958439985082,512,14833,ok
Kepler-926,0.972312114226486,-0.006297691118618243,-0.019921055476605415,1020,13133,ok
Kepler-927,0.9419180340354231,-0.001288295739078581,-0.0032618001671816358,626,15278,ok
Kepler-928,0.9767788916671393,-0.008375126034323579,0.0005199583301253751,303,14912,ok
Kepler-93,1.2112444254841064,0.0011744576019391592,-0.0017719838397241446,144,11065,ok
Kepler-930,0.9189454607366199,-0.007609347859228333,-0.0006575424083885176,242,17658,ok
Kepler-931,1.2183490913915764,-0.013208249052524233,-0.005802001699449419,137,18058,ok
Kepler-932,0.8838695460500597,-0.006510748979899788,-0.006426764018883108,443,16772,ok
Kepler-933,1.0036008732349173,-0.01137483967202556,-0.008248389051193308,74,13432,ok
Kepler-934,0.8377944554237474,0.01850650737584657,0.006739574687038149,60,14409,ok
Kepler-935,0.9516820720146101,0.002673231134354303,-0.0005412600444947726,116,15699,ok
Kepler-938,1.116751101512803,-0.006451667684275007,-0.011048575131872736,82,15770,ok
Kepler-94,1.120134054323622,-0.008097065786548915,0.002715706019885031,316,18333,ok
Kepler-942,0.9573907504321006,-0.00931872694934365,-0.015274984906404623,251,18565,ok
Kepler-943,0.9992829668753354,-0.016096327155995654,0.010778825360808953,227,15810,ok
Kepler-946,0.9800176400426214,-0.010534687404283883,-0.02214284369203412,548,15770,ok
Kepler-948,0.9332337920351453,-0.019950992684422787,-0.010966354026966734,628,15733,ok
Kepler-949,0.871468806728897,-0.0182768169387827,-0.0096060682303804,144,17992,ok
Kepler-95,1.0392792694184916,-0.001845801086415197,-0.0009343718089407063,526,17588,ok
Kepler-950,0.9712789042955635,-0.004069208570616768,-0.019230820527136663,386,14025,ok
Kepler-951,1.1199643507412715,-0.001595436001624489,-0.0035943144409507272,339,18292,ok
Kepler-952,1.2584816185882155,-0.016433430187610724,0.001266743626027741,133,13536,ok
Kepler-953,0.9794513883871526,-0.008013844814253844,0.006456848230833659,2856,101513,ok
Kepler-954,1.030920877011725,-0.002702974846379987,-0.007341882592856705,364,18119,ok
Kepler-955,0.9732043409965936,-0.00251337627167245,-0.0011973592757009593,882,13369,ok
Kepler-956,1.026028812363198,-0.014997991189966507,-0.012243720989256671,232,17022,ok
Kepler-957,1.033782651278748,-0.012166026351045281,-0.002328264692057207,106,12476,ok
Kepler-958,1.1343323132262422,0.004621557517128204,-0.0001886847721220285,383,13597,ok
Kepler-959,1.0545815281096789,-0.024837578087405294,-0.015254370651006394,478,16657,ok
Kepler-96,1.1825890769850116,0.005059469303168788,-0.008326612727818428,148,12016,ok
Kepler-960,1.0526054182134466,-0.005494124493706144,0.008926151145626497,213,18753,ok
Kepler-961,0.9119744924235857,-0.0051995605445597365,-0.022480378001323083,230,15250,ok
Kepler-962,0.9970426811193479,-0.011435282796226192,-0.00023271768497961872,550,16394,ok
Kepler-963,0.8336589243513974,-0.009409055462588202,7.264419004099634e-05,522,14962,ok
Kepler-964,1.056673014241842,-0.01807823216046313,-0.006497392280067907,112,19151,ok
Kepler-965,0.9927938684912379,-0.013705342764624394,-0.006958786976048604,451,16817,ok
Kepler-966,1.0378961811565262,0.0005440772357209752,-0.009538377593673904,1463,11853,ok
Kepler-967,1.1622142724757156,-0.015000847540027042,-0.0007891085225539435,205,16456,ok
Kepler-968,1.0462039925559778,-0.0018355779806457136,0.0003546789066963494,99,19242,ok
Kepler-969,1.1780291516225676,-4.577390356509426e-07,-0.009037340896923495,92,15366,ok
Kepler-97,0.9732446289508568,-0.010765469561123654,-5.991478752921491e-05,637,15641,ok
Kepler-970,2.0931113992251045,-0.13522879498958612,-0.022712515938495107,126,16684,ok
Kepler-971,1.0304060609019112,0.019942003714964206,0.016799519770326014,216,18734,ok
Kepler-972,0.9628250377160393,0.0064528241595015485,0.0012324552194046203,263,17431,ok
Kepler-973,1.1051403135674729,-0.0016854413138069453,-0.011977558245892927,158,14516,ok
Kepler-974,1.0177911233127404,-0.013115702199275743,-0.007771879828662135,339,18246,ok
Kepler-975,1.1022202915166868,-0.0035498195284788515,-0.01482922698041931,449,14904,ok
Kepler-976,1.210932999371556,-0.02692062878696056,-0.012089880831070423,27,12630,ok
Kepler-977,0.8961509789304131,-0.005799214271091875,0.002805316706000243,147,17541,ok
Kepler-978,0.7878542236782516,0.00041993907887272246,-0.0035280761152607647,158,16096,ok
Kepler-979,1.0650424058355505,-0.01014033366320925,-0.014234804210574601,266,17579,ok
Kepler-98,1.088033892050307,0.0004610283329985121,-0.016668094854889185,101,15509,ok
Kepler-980,0.9953992330233109,-0.00871986071298039,0.006563775896449217,422,16781,ok
Kepler-981,0.9778063061875029,-0.02463568862611674,-0.0014212379082472137,199,11740,ok
Kepler-982,0.9126850808447358,0.0037429396259034318,0.005796994813225258,148,14656,ok
Kepler-983,1.731034088863111,0.05098350444160139,-0.005824924314732316,108,15033,ok
Kepler-984,0.809816904396182,0.004831068462744272,-0.007460842190511801,162,17670,ok
Kepler-985,1.133551210177359,-0.006840689562780322,-0.00440119385536125,87,14300,ok
Kepler-986,0.9537098304766871,-0.01584017369301849,-0.0033780643896280274,1040,14650,ok
Kepler-987,0.9372248941977285,-0.016635139578285926,-0.02060145318509033,291,11403,ok
Kepler-988,1.075638070867672,-0.006549649229487327,-0.010419083533000315,232,16527,ok
Kepler-989,1.12660775614358,-0.0014717038213038073,-0.014714820156689,343,18176,ok
Kepler-99,1.044283079800738,-0.014772765060866753,-0.0030505833990837773,74,17598,ok
Kepler-990,0.8070973671431558,-0.020856141875088517,-0.00339126629326123,208,17769,ok
Kepler-991,0.9904461433411275,-0.013501378003244848,-0.0043327541504320855,746,16075,ok
Kepler-992,1.036548249656249,-0.0038537837714800534,-0.00931271952381157,979,15644,ok
Kepler-993,1.073608756895457,-0.008883841300072968,0.009395569912765111,942,14472,ok
Kepler-994,0.9756769502421094,-0.018020290506526777,-0.0002155430472323292,482,14098,ok
Kepler-995,1.0814107387631513,-0.010595638939577639,-0.0010781820719681359,324,15011,ok
Kepler-996,0.8458194801652862,-0.012206942221094984,-0.004510091765632961,169,17831,ok
Kepler-997,0.8454601619618827,0.002384832098404468,-0.004368611125041488,172,14529,ok
Kepler-998,0.872108678158886,-0.002461246339766905,-0.008056012709379903,132,17142,ok
Kepler-999,1.0053025571003082,-0.011923763234249245,-0.0061830788990100425,178,17631,ok
LHS_1140,1.6418029976780786,0.021535623861708035,0.003460201531997189,163,12148,ok
LHS_1478,1.0936720098125579,-0.00047066639556540905,-0.013093769229085487,186,13719,ok
LHS_1678,1.1366044317081454,-0.0038940414985035145,0.013895648644552564,369,13241,ok
LHS_1815,1.2406897864570752,0.004935089509214609,-0.021733762688144198,224,17353,ok
LHS_1903,1.4113648367761913,0.002223042514202917,-0.017279934453553733,122,15952,ok
LHS_3154,0.940429392922454,-0.009089240857661631,0.0010371659718520453,118,13913,ok
LHS_3844,1.2489621347995497,0.0064184328990801315,-0.014298858311056314,716,15353,ok
LHS_475,0.9598886223007399,0.005617211843663743,0.005698674137839276,164,13697,ok
LP_261-75_A,4.1895203757198685,0.07536380411105033,0.007357592486815079,79,16333,ok
LP_714-47,1.1496569041985212,0.002755174811405204,0.0026276794833584756,177,16244,ok
LP_791-18,1.412982606708713,-0.0029263249389075595,0.005003384792505043,109,15376,ok
LP_890-9,0.8877791644955056,-0.009343641617756108,-0.0054757696476434034,76,14326,ok
LSPM_J21160234,0.8830217351237029,-0.007538936576463332,-0.014661717842126533,95,13535,ok
LTT_1445_A,1.187689856852753,0.144140138065707,-0.004806670572865151,117,14395,ok
LTT_3780,0.9727416672990014,-0.01609034500873489,-0.004882385087052418,685,12860,ok
LTT_9779,2.175582482294243,0.04224021854659416,0.003848834647743781,808,15057,ok
L_168-9,1.0181805146346548,-0.0033432183153313264,-0.005164706803231312,534,16157,ok
L_363-38,0.9605143751720953,-0.004904351871167882,0.0025290643493975223,137,17760,ok
L_98-59,1.3026755316785563,0.034087011531563814,-0.010636752640435307,173,16751,ok
LkCa_15,4.286152955766639,0.42298725857411174,0.22703046773240584,92,14862,ok
Luhman_16_A,,,,0,0,no usable ephemeris
Lupus-TR-3,0.43982098578057427,-0.004639180509076558,-0.01445393715304275,32,13425,ok
MASCARA-1,3.8484975084125814,0.03135703761292351,0.005800166737796453,482,77591,ok
MASCARA-4,,,,0,14723,insufficient in/out points (0/14723)
MOA-2007-BLG-192L,,,,0,0,no usable ephemeris
MOA-2007-BLG-400L,,,,0,0,no usable ephemeris
MOA-2008-BLG-310L,,,,0,0,no usable ephemeris
MOA-2008-BLG-379L,,,,0,0,no usable ephemeris
MOA-2009-BLG-319L,,,,0,0,no usable ephemeris
MOA-2009-BLG-387L,,,,0,0,no usable ephemeris
MOA-2010-BLG-117L,,,,0,0,no usable ephemeris
MOA-2010-BLG-328L,,,,0,0,no usable ephemeris
MOA-2010-BLG-353L,0.9846289373268113,0.0026938121086549642,-0.006746439475801671,159,15570,ok
MOA-2010-BLG-477L,,,,0,0,no usable ephemeris
MOA-2011-BLG-028L,,,,0,0,no usable ephemeris
MOA-2011-BLG-262L,,,,0,0,no usable ephemeris
MOA-2011-BLG-291L,,,,0,0,no usable ephemeris
MOA-2011-BLG-322L,,,,0,0,no usable ephemeris
MOA-2012-BLG-006L,,,,0,0,no usable ephemeris
MOA-2012-BLG-505L,,,,0,0,no usable ephemeris
MOA-2013-BLG-605L,,,,0,0,no usable ephemeris
MOA-2015-BLG-337L,,,,0,0,no usable ephemeris
MOA-2016-BLG-227L,,,,0,0,no usable ephemeris
MOA-2016-BLG-319L,,,,0,0,no usable ephemeris
MOA-2019-BLG-008L,,,,0,0,no usable ephemeris
MOA-2020-BLG-135L,,,,0,0,no usable ephemeris
MOA-bin-1L,,,,0,0,no usable ephemeris
MOA-bin-29,3.6459748963965524,-0.022254406670813586,-0.00720385205407386,160,15632,ok
MWC_758,1.1162122917955215,0.9287709435581255,-0.12886909095021118,125,14647,ok
MXB_1658-298,,,,0,0,no usable ephemeris
NGC_2682_Sand_1429,0.6726396371850383,-0.06118077301408936,-0.016050646812922433,22,3017,ok
NGC_2682_Sand_978,2.4525093191693395,0.017828697538227266,0.019199480899121425,72,15256,ok
NGC_2682_YBP_1194,1.1259903931501616,0.006929237046236439,-0.013418586662948012,46,15298,ok
NGC_2682_YBP_1514,0.9985211908026839,0.0006071514440953417,0.004430057103388642,202,14667,ok
NGC_2682_YBP_401,0.9260547092485079,-0.013759842077170225,-0.014485819911086968,251,14439,ok
NGTS-1,1.0311808807475222,-0.018687491262142548,-0.014689904110086057,227,16355,ok
NGTS-10,1.0725864685446589,-0.006747592864135323,0.006550560893881737,1874,75291,ok
NGTS-11,1.0341916233963564,-0.007157234543678072,0.004914980090603714,2418,83317,ok
NGTS-12,0.8967456150939407,0.0021138604762239045,0.006430274019471508,232,16885,ok
NGTS-13,1.0134818470244813,-0.01161228209785145,0.007243092776620824,816,14616,ok
NGTS-14_A,1.0414646445456734,-0.006617851389325749,-0.009106046339342373,331,13768,ok
NGTS-15,0.9991970169244303,-0.010609667788106122,0.004614671225182418,3608,165465,ok
NGTS-17,0.9948627843248652,-0.0083159085056047,0.004418232747861104,2943,168897,ok
NGTS-18,1.0119565832392552,-0.014346496756951271,-0.008473554960134761,747,15331,ok
NGTS-2,1.009864534037974,-0.004929973203618831,0.00918520749017909,985,100537,ok
NGTS-20,0.9529217864522025,-0.008330465532932636,0.00037754204013456047,1617,89385,ok
NGTS-21,1.0876387299678874,-0.021836264721738337,-0.0017984726153482183,635,12552,ok
NGTS-23,0.9961734945207849,-0.0064817490646215765,0.006508793154569378,3370,162424,ok
NGTS-24,1.1110425640640456,-0.008915793131079774,0.0017791252394967864,547,16157,ok
NGTS-26,1.007310455081436,-0.01148750929151981,0.0010069448774090786,1966,85587,ok
NGTS-27,1.0779487555565146,-0.0016011405098792341,-0.0024097620050073185,676,14465,ok
NGTS-30,1.088582682865907,-0.0052596668302853375,-0.012039283110739785,285,16053,ok
NGTS-31,1.9106499025142636,0.030775892321146837,0.0016021134806776893,402,27730,ok
NGTS-33,5.130587631886097,0.2243090573207745,0.03484333716808482,196,14496,ok
NGTS-34,1.9850258912738945,0.14366008345179462,0.18237151722761002,19,964,ok
NGTS-35,0.32825539379134644,0.004069272223539754,-0.009191060703512858,24,15133,ok
NGTS-3_A,1.0888078369794085,-0.010638290742987482,-0.0005334270808147336,1521,96546,ok
NGTS-4,0.9892059360090645,-0.01430181180903289,-0.01034828941210307,1120,13056,ok
NGTS-5,1.6893055570913023,-0.04725359476409761,-0.0007310375806957451,29,6607,ok
NGTS-6,1.1677708762583972,-0.005904293019526559,-0.009939204221489412,505,15061,ok
NGTS-8,1.644801781471787,-0.0009359841902606978,0.0011170670682258258,456,14303,ok
NGTS-9,1.2985058123705187,0.00718788760193599,-0.004444583207262546,152,13049,ok
NN_Ser,2.203488170702407,0.23111380055956823,0.014078716051227649,606,43239,ok
NSVS_14256825,2.681500753562996,0.39314061244143106,-0.021957653975529238,1033,44875,ok
NY_Vir,1.7464721550315825,0.4327772575696447,-0.02018984797609379,891,9839,ok
OGLE-2003-BLG-235L,,,,0,0,no usable ephemeris
OGLE-2005-BLG-071L,,,,0,0,no usable ephemeris
OGLE-2005-BLG-169L,,,,0,0,no usable ephemeris
OGLE-2005-BLG-390L,0.008524169440898071,0.007159149325250307,-0.009710650738489708,56,15482,ok
OGLE-2006-BLG-109L,,,,0,0,no usable ephemeris
OGLE-2007-BLG-349L_A,,,,0,0,no usable ephemeris
OGLE-2007-BLG-368L,,,,0,0,no usable ephemeris
OGLE-2008-BLG-092L,,,,0,0,no usable ephemeris
OGLE-2008-BLG-355L,,,,0,0,no usable ephemeris
OGLE-2011-BLG-0173L,1.1976746690664541,0.060152110466827155,0.012455870890044938,70,15925,ok
OGLE-2011-BLG-0251L,0.9276171717310732,-0.01059554229486876,-0.016791990636790405,71,15278,ok
OGLE-2011-BLG-0265L,,,,0,0,no usable ephemeris
OGLE-2012-BLG-0026L,,,,0,0,no usable ephemeris
OGLE-2012-BLG-0358L,,,,0,0,no usable ephemeris
OGLE-2012-BLG-0406L,,,,0,0,no usable ephemeris
OGLE-2012-BLG-0563L,,,,0,0,no usable ephemeris
OGLE-2012-BLG-0724L,,,,0,0,no usable ephemeris
OGLE-2012-BLG-0838L,,,,0,0,no usable ephemeris
OGLE-2013-BLG-0102L,,,,0,0,no usable ephemeris
OGLE-2013-BLG-0132L,0.7291501377961144,0.0081511566676017,-0.01124279150733437,60,15955,ok
OGLE-2013-BLG-0341L_B,,,,0,0,no usable ephemeris
OGLE-2013-BLG-0911L,1.1322538654799008,-0.008038088685568354,0.007079310281806948,65,15906,ok
OGLE-2013-BLG-1721L,,,,0,0,no usable ephemeris
OGLE-2013-BLG-1761L,,,,0,0,no usable ephemeris
OGLE-2014-BLG-0124L,,,,0,0,no usable ephemeris
OGLE-2014-BLG-0319L,,,,0,0,no usable ephemeris
OGLE-2014-BLG-0676L,0.20606541578768386,0.22624987840965188,-0.00541809538471196,59,15715,ok
OGLE-2014-BLG-1722L,,,,0,0,no usable ephemeris
OGLE-2015-BLG-0051L,,,,0,0,no usable ephemeris
OGLE-2015-BLG-0954L,0.9998272788199656,-0.006036833355623469,-0.017290647924267745,47,15988,ok
OGLE-2015-BLG-0966L,,,,0,0,no usable ephemeris
OGLE-2015-BLG-1649L,,,,0,0,no usable ephemeris
OGLE-2015-BLG-1670L,,,,0,0,no usable ephemeris
OGLE-2015-BLG-1771L,,,,0,0,no usable ephemeris
OGLE-2016-BLG-0263L,,,,0,0,no usable ephemeris
OGLE-2016-BLG-0613L_AB,0.29216435417441966,0.183970856331043,-0.026889016661779005,141,15673,ok
OGLE-2016-BLG-1067L,,,,0,0,no usable ephemeris
OGLE-2016-BLG-1093L,,,,0,0,no usable ephemeris
OGLE-2016-BLG-1190L,,,,0,0,no usable ephemeris
OGLE-2016-BLG-1195L,,,,0,0,no usable ephemeris
OGLE-2016-BLG-1227L,,,,0,0,no usable ephemeris
OGLE-2017-BLG-0173L,,,,0,0,no usable ephemeris
OGLE-2017-BLG-0373L,,,,0,0,no usable ephemeris
OGLE-2017-BLG-0406L,,,,0,0,no usable ephemeris
OGLE-2017-BLG-0482L,,,,0,0,no usable ephemeris
OGLE-2017-BLG-1099L,,,,0,0,no usable ephemeris
OGLE-2017-BLG-1140L,,,,0,0,no usable ephemeris
OGLE-2017-BLG-1434L,,,,0,0,no usable ephemeris
OGLE-2017-BLG-1522L,,,,0,0,no usable ephemeris
OGLE-2017-BLG-1691L,,,,0,0,no usable ephemeris
OGLE-2018-BLG-0506L,,,,0,0,no usable ephemeris
OGLE-2018-BLG-0516L,,,,0,0,no usable ephemeris
OGLE-2018-BLG-0532L,,,,0,0,no usable ephemeris
OGLE-2018-BLG-0567L,,,,0,0,no usable ephemeris
OGLE-2018-BLG-0596L,,,,0,0,no usable ephemeris
OGLE-2018-BLG-0677L,0.9675280907542683,0.003665564504914971,-0.006814493285344551,113,15581,ok
OGLE-2018-BLG-0740L,,,,0,0,no usable ephemeris
OGLE-2018-BLG-0799L,,,,0,0,no usable ephemeris
OGLE-2018-BLG-0962L,,,,0,0,no usable ephemeris
OGLE-2018-BLG-1011L,,,,0,0,no usable ephemeris
OGLE-2018-BLG-1185L,,,,0,0,no usable ephemeris
OGLE-2018-BLG-1269L,0.21001536845561172,0.4595806010558608,-0.008906870236710844,52,15974,ok
OGLE-2018-BLG-1428L,,,,0,0,no usable ephemeris
OGLE-2018-BLG-1700L,,,,0,0,no usable ephemeris
OGLE-2019-BLG-0299L,,,,0,0,no usable ephemeris
OGLE-2019-BLG-0468L,,,,0,0,no usable ephemeris
OGLE-2019-BLG-0954L,0.9058050682318808,0.00684185159853413,-0.0027808843688215813,79,15892,ok
OGLE-2019-BLG-1053L,,,,0,0,no usable ephemeris
OGLE-2019-BLG-1470L_A,,,,0,0,no usable ephemeris
OGLE-2019-BLG-1492L,,,,0,0,no usable ephemeris
OGLE-TR-10,0.004152984138405303,0.04935899195821148,0.0007812696754682313,429,107248,ok
OGLE-TR-111,0.9114490703553856,-0.02362944109732208,0.0016885694358944841,487,13807,ok
OGLE-TR-113,0.9468837250989833,-0.007385435301660657,-0.005316304929240483,908,14785,ok
OGLE-TR-132,0.9353259210048017,-0.007641813924219738,0.0005684424832773378,153,15011,ok
OGLE-TR-182,0.004422229065360508,0.005556817832525039,-0.0008041696724192916,98,15298,ok
OGLE-TR-211,0.9056260779847594,-0.014837317783872754,-0.006362059370266464,141,15195,ok
OGLE-TR-56,,,,0,0,no usable ephemeris
OGLE2-TR-L9,0.9479966781943531,-0.013821574869989929,-0.006343171880353706,286,14594,ok
PDS_70,2.024266083326459,0.5869852017905315,0.3323200660977637,136,11022,ok
PH1,0.7326545586278014,-0.016563295725561554,-0.02173856121507116,31,12101,ok
PH2,0.8482549450229884,-0.03056381558741505,-0.001725782950581064,61,14075,ok
POTS-1,0.9602596814696938,-0.018192842363185944,-0.0005008506277214523,53,11477,ok
PZ_Tel,0.5643394349840763,0.8449147578380273,0.28465004208547334,1941,9426,ok
Pr0201,0.8484273575446647,-0.011935862869726243,-5.637141160066074e-05,114,14776,ok
Pr0211,0.869646607616793,-0.0023682733280272384,-0.00395839306224115,125,14736,ok
Proxima_Cen,0.728112146735066,0.42808887030377313,-0.004499356612758225,68,11210,ok
Qatar-1,4.092935077701014,0.03147124424471465,0.002061480598786397,68,12851,ok
Qatar-10,1.5575060649886499,0.04892727301714978,0.0130147877876189,663,14782,ok
Qatar-2,1.3654300648192885,-0.0002959632880122173,0.008819562649175014,1765,59406,ok
Qatar-3,0.9740330781431148,0.0028863382380894067,0.0038254254827540138,767,14806,ok
Qatar-4,2.090409247187465,0.025838655053052665,0.013541916456784956,471,15829,ok
Qatar-5,1.3302594814374809,-0.010477783874905076,0.0027242911118242536,319,11313,ok
Qatar-6,10.844247630620355,0.11617191728892903,-0.019281713847150654,39,10208,ok
Qatar-7,2.064031796572605,0.0424665954533365,-0.0018739880099812407,793,14674,ok
Qatar-8,0.18401912326385939,0.006494938250464216,-0.0018187920915572631,18,18617,ok
Qatar-9,2.4352777397160077,0.0542451571489953,-0.006214236758176443,688,15596,ok
ROXs_12,0.830286892425258,0.2435676334772382,0.04981349821129269,65,12056,ok
ROXs_42_B,3.5871202831897206,0.7214219129567776,0.35156430488745805,62,11940,ok
RR_Cae,0.7990371284455935,0.8247244066730479,0.27895188784356734,1274,7348,ok
Ross_128,0.9709638881367403,-0.0005229458113695121,0.005239673861523578,3985,82578,ok
Ross_176,0.994718428035764,-0.008928325819355199,-0.008548795321671928,300,18292,ok
Ross_458,1.892409809485933,0.8128913052404255,-0.02823474224591581,106,12787,ok
Ross_508,1.015837424984891,-0.00897070871349238,0.005422530417229396,1448,41030,ok
SR_12_AB,0.7478784219659889,0.6703166846845462,-0.04351733988099021,150,11252,ok
SWEEPS-11,,,,0,0,no usable ephemeris
SWEEPS-4,,,,0,0,no usable ephemeris
TAP_26,7.067257997307765,0.7526931626281891,0.1410742881494188,1719,8972,ok
TIC_117642575,0.9995961566510905,-0.014066836174601777,-0.016250375666313564,557,12776,ok
TIC_139270665,1.5323114689521018,0.020927248054925438,0.020192057036987898,261,15590,ok
TIC_139702105,0.8583013738089305,0.005833097570524955,-0.0026363636877528656,65,16795,ok
TIC_142589416,0.6374137016232254,-0.025623799991394705,0.05592430999189182,43,1045,ok
TIC_147027702,1.1134986823265796,-0.005617329628873522,-0.01811238383837986,116,15018,ok
TIC_150070085,1.2062083949906317,0.015762383364676252,0.0007664798515602215,286,15266,ok
TIC_153919886,1.1797740782312027,0.08735755590567969,0.08073961910400107,33,926,ok
TIC_154870955,0.975071428019809,0.10825116586749041,0.11075595845469852,78,767,ok
TIC_160113658,0.8684003302175747,-0.01245305550070962,0.000276561401104941,15,854,ok
TIC_161045582,1.029679233717388,-0.019448235371500425,-0.011421894602898457,240,13957,ok
TIC_172900988_Aa,2.663217912084127,0.03349986555851997,-0.0003778353568058188,82,14281,ok
TIC_178172313,0.9254294286648621,-0.004957986621095762,0.00021568483429165765,258,14646,ok
TIC_188624430,,,,8,851,insufficient in/out points (8/851)
TIC_18942729,1.3206655700668477,0.018712372424100565,0.01063243925583507,55,2847,ok
TIC_198190129,1.0336173604024457,0.006089880725583666,-0.0118910268994411,419,13261,ok
TIC_206466666,0.9258289645470482,-0.10345379436274837,0.06365553022059153,12,797,ok
TIC_231949697,1.1210774334575255,0.0068754728436698455,0.0004831173264935242,555,12670,ok
TIC_237913194,0.9874262637153681,-0.006171965893986862,0.0038742458130746594,1859,81431,ok
TIC_241249530,0.8961189367137979,-0.010861759065587685,-0.009053949137661402,354,11448,ok
TIC_245076932,1.8454766602929036,0.05870348395585498,0.03825760687719609,172,16074,ok
TIC_24750448,0.9879020415806846,0.2376930639330844,0.2240511840711642,93,828,ok
TIC_249022743,1.1599733049621375,0.0541822391209834,0.017466757975973867,52,915,ok
TIC_257060897,1.8626448606919777,0.04228967584871344,0.0017755029702198153,525,17008,ok
TIC_260969020,1.1473963962783853,0.1322801918869264,0.18474886032246185,55,963,ok
TIC_270471727,0.9213466376743071,-0.007162592960467445,-0.006643941033144981,347,11831,ok
TIC_279401253,1.8298466723636915,0.012052381979926296,-0.0019685374082313314,109,15748,ok
TIC_290487717,1.3750241352342967,0.0656323780013547,0.01865086938987314,19,722,ok
TIC_294329732,0.9634188922810328,-0.06209017417555929,0.005916338824914559,35,1069,ok
TIC_32032563,0.3875163069128918,0.032687982712432166,0.005226989033212823,10,1144,ok
TIC_320419023,0.9776001645314677,0.01369380555136278,0.044552176812690684,69,802,ok
TIC_34085383,1.210871231025399,0.07085212409002212,0.11803663270882843,37,1006,ok
TIC_349520724,1.0319583743266016,0.005560375060755162,-0.0004022995807373365,28,1065,ok
TIC_356227008,0.7684977939091794,0.09036510899092219,0.06889844753644127,27,767,ok
TIC_365102760,0.817771135490227,-0.015868634399783144,-0.010167217404323801,96,19229,ok
TIC_38825265,0.8630836260755079,0.07450003800743608,0.12293509964448078,80,757,ok
TIC_38828280,1.3250787077149464,-0.06612630431218004,-0.05653127886795589,27,1015,ok
TIC_390586021,0.7122603388641636,0.2730207014551992,0.33197605299399474,90,680,ok
TIC_393818343,1.0919046667015133,0.00623163550932797,-0.013234542468872637,68,13037,ok
TIC_423703298,0.7437295530634569,0.1389059545996149,0.16906876445264063,84,523,ok
TIC_434398831,1.0289243084907846,0.8329852916100673,0.9336448031509376,330,1771,ok
TIC_437041147,0.8706745890888927,0.013994572082214008,0.014562421891618086,73,3087,ok
TIC_445839811,0.3770623055863829,-0.008378597575853838,0.07528372780677893,18,911,ok
TIC_46432937,1.7175755460987951,-0.002077053524624272,0.001948460847262477,1844,157598,ok
TIC_4672985,1.0445770931804341,-0.006999299909859633,0.0014282851780621322,1330,88113,ok
TIC_52059926,1.08598919549885,-0.02007528678404336,-0.00325911232313245,63,14869,ok
TIC_62895484,0.8703044864020181,0.0034483987474836337,0.023710714667273935,104,2636,ok
TIC_65612701,,,,4,898,insufficient in/out points (4/898)
TIC_67686059,1.465753864586229,0.030150737097167077,0.07102160366178555,16,767,ok
TIC_77319217,1.1869771905200175,-0.020753902016648416,0.012846730315123345,15,836,ok
TIC_77552382,1.9377833508545383,-0.008561814983773829,0.047036235621209774,18,744,ok
TIC_86380416,0.7575057922291532,-0.0015667653194825172,0.0010390213393177247,76,16168,ok
TIC_87422071,1.0578095759335004,0.017228237880286292,-0.004608575350090382,134,15186,ok
TIC_88692598,0.9758721949188971,0.0026880803173907663,0.05341674459274274,62,990,ok
TIC_88785435,0.025067644184552203,0.8894720991284559,0.8488459234701041,46,603,ok
TIC_9344899,1.0477890954309046,-0.009612148194303508,0.001304626195564965,403,26508,ok
TOI-1011,0.9706749268460529,-0.0017947067302173253,0.007469334319157855,2262,89603,ok
TOI-1036,1.0048589403790342,-0.00548758035814998,-0.0009253431594129918,2088,80231,ok
TOI-1052,1.1020755684636583,0.0006576628962346065,-0.0027113484081417592,206,17466,ok
TOI-1054,1.0283017064043436,-0.0056482860045357075,-0.0028733889641652083,205,16461,ok
TOI-1062,1.1710736797986034,-0.010218067454921115,-0.007840344690014248,228,17421,ok
TOI-1064,1.0543054388455055,0.005863384835506074,-0.009038684117088774,105,16065,ok
TOI-1075,1.0270645293474132,-0.009203366432602318,-0.0064209420985616335,851,10332,ok
TOI-1080,1.0784655568466572,-0.014840099012235769,-0.001197663756493917,208,16404,ok
TOI-1105,0.9728146600526125,-0.00900329603426629,0.003451274511717051,2613,74788,ok
TOI-1107,0.9399539300878385,-0.002957470009952224,0.006477392115840464,1016,92662,ok
TOI-1117,0.9950678550611394,-0.008635101419912762,0.003681128887755519,2785,100133,ok
TOI-1130,0.9941529149172643,0.0034975080356110066,0.008759882888052628,887,81734,ok
TOI-1135,6.525265848693961,0.19840331308150108,0.01571148200060237,381,17102,ok
TOI-1136,1.3580568918941625,0.03500484565571351,-0.009214055435711613,211,16945,ok
TOI-1173,0.4112358512212175,0.005215941559014328,0.006988726925835853,25,17713,ok
TOI-1174,1.078827968883389,0.0023466951010678028,-0.011082003534339213,216,17557,ok
TOI-1180,1.033026989557789,0.007781874672459588,-0.004952608282539307,164,17611,ok
TOI-1181,0.3862734707639527,0.04104124914399189,-0.0046858517569440756,175,15899,ok
TOI-1184,1.0845742474485145,-0.005563279022434247,-0.002157425318629297,153,13571,ok
TOI-1194,3.501487638745213,-0.0036304823301099957,-0.014343492644711853,256,17161,ok
TOI-1199,1.4843752317069834,0.02241790497877415,-0.009535308862330371,441,16284,ok
TOI-1201,1.0221828813238263,-0.007398222596568429,0.0018821540733734326,207,13919,ok
TOI-1203,0.9722938912572056,0.003028732681136023,-0.006266609566651501,124,15600,ok
TOI-122,1.2004958858659296,-0.01723690728124042,-0.009814930455384115,102,17767,ok
TOI-1221,0.9635898033714898,-0.00036598660748779705,-0.004180595923019317,445,16575,ok
TOI-1224,0.9376764842008808,0.36596663367217136,0.021657049135275042,196,17444,ok
TOI-1226,0.8614430313769396,0.0015851370344157855,0.0029650382699248365,105,16520,ok
TOI-1227,0.9973299003866082,-0.006325779191493326,0.011197274066929965,79,11396,ok
TOI-1230,1.0716198501651932,-0.013695628014359734,-0.0027257043534489648,268,10634,ok
TOI-1231,1.005201761135421,0.013506737725974364,0.01597571973482884,102,15606,ok
TOI-1232,1.1919180472371391,0.026262929894866345,0.0038836577724962024,944,12062,ok
TOI-1235,1.005874897709875,-0.013388130134290766,-0.00023835008753309283,412,16773,ok
TOI-1238,0.9717388322141808,0.008019794511338892,-0.00533989394732541,364,15690,ok
TOI-1243,1.0725365406673553,-0.004911691403544781,-0.0023727360494320044,147,17940,ok
TOI-1244,1.08860222141985,-0.0017809913581987714,-0.0035166809636017296,256,17384,ok
TOI-1246,0.9044511469510335,0.002716012932789582,-0.019540766881316448,129,17206,ok
TOI-1248,1.479376283932589,-0.012091311816517514,-0.010127392565948315,383,16896,ok
TOI-1249,1.0519036675981392,-0.013909123239759074,-0.016670581125559056,360,15649,ok
TOI-125,1.0943360535703726,0.0010591626556410183,0.00041888193567725856,490,16561,ok
TOI-1259_A,2.0361387246118605,-0.005121975331144558,-0.004595387366852115,120,17454,ok
TOI-1260,1.0522824233083428,-0.00118384797472253,-0.006932839390313845,451,16636,ok
TOI-1266,1.1122012844144205,-0.011525654605786043,0.01679033815456576,114,16344,ok
TOI-1268,3.5291948555949295,0.08443718814115882,0.022554938019782016,250,14333,ok
TOI-1269,0.9587843567361923,-0.006638744094353273,-0.008408813379480216,239,15233,ok
TOI-1272,0.9538307944647242,0.0031409054581754614,-0.003553604639411785,177,14484,ok
TOI-1273,0.990439498050049,-0.004241802662512139,-0.01563434175174921,156,14372,ok
TOI-1278,1.9706766326608578,0.008147768085574983,0.004595755034641364,114,12375,ok
TOI-1279,0.9891784332495887,-0.004353572439259714,0.013328031437627749,46,12776,ok
TOI-128,1.3987246342723467,0.015478327626543942,0.0007300924797413617,367,16807,ok
TOI-1288,1.4527528147561268,0.01750834489331663,0.004098950784963208,358,12074,ok
TOI-1291,0.9022090102277212,-0.002016160662646287,-0.008590260515069144,203,18819,ok
TOI-1294,1.5713999501414744,0.008607262228284566,0.0012858474821796397,336,18028,ok
TOI-1295,0.46622747767549483,0.05182472618902604,-0.0014358718919422026,199,13234,ok
TOI-1296,0.6250085257775462,0.032071111326747774,0.005890997952665815,452,12897,ok
TOI-1298,0.934485250983429,-0.0006495382913415376,-0.008254890571256418,293,13409,ok
TOI-1301,0.8457740465875552,0.02319812409981764,0.00932536965194033,55,18080,ok
TOI-132,1.1220093339009907,-0.0007778296771610085,0.0008523794031057469,617,15716,ok
TOI-1333,1.0465080446349673,-0.007613375915685315,0.008979801785581446,1408,108473,ok
TOI-1338_A,0.8783318701571403,0.01701450159822285,0.0005447925399170608,79,14167,ok
TOI-1346,1.2318794313415518,-0.0010114573561088268,-0.010940415107230898,130,18004,ok
TOI-1347,0.9925684589082909,0.007465471993049959,-0.00060040040341237,697,15648,ok
TOI-1386,1.0076929069925877,-0.006951858763751405,0.0077846402676258804,2051,106289,ok
TOI-139,2.144219139383457,0.045821512804625354,-0.0017360774264386359,105,17664,ok
TOI-1408,2.09197687498707,0.04057577202486681,-0.018676982825500132,267,11801,ok
TOI-1410,1.163252694689216,-0.005943340646291741,-0.011220266158698955,429,12194,ok
TOI-1411,1.033358873471686,0.00014244087810402095,-0.007599200531826817,491,13377,ok
TOI-1416,1.0229465182005855,-0.01064009298770977,-0.015308887182641619,679,12658,ok
TOI-1420,2.2075435932315726,0.013916466938885019,-0.014587676247249902,24,14029,ok
TOI-1422,1.0951477064512358,-0.0051871289289621685,-0.01342767225501803,147,13246,ok
TOI-1431,,,,0,16999,insufficient in/out points (0/16999)
TOI-1437,0.8796330883293653,0.0004943379046949474,-0.011718208317599206,172,17734,ok
TOI-1438,1.2692681456279604,0.011059348282337036,-0.006094522881505253,169,17842,ok
TOI-1439,0.9195393396978117,-0.0008314750556657293,-0.008395535249247188,191,15148,ok
TOI-1442,1.0837931839566461,-0.0022368331390263288,-0.005683474916992808,1155,13836,ok
TOI-1443,0.9467209692869683,-0.008272122960629168,0.004232478773849318,190,17685,ok
TOI-1444,0.8154534486089691,-0.0015784697747040911,0.009073443801612813,264,12273,ok
TOI-1448,1.082811044584617,-0.010569185450262955,0.0024527370180152147,305,16396,ok
TOI-1450_A,0.9829144442463409,0.0004418404522049231,-0.016452249198959414,367,15208,ok
TOI-1451,1.2001621155252213,0.006848051519257965,-0.004624228038841722,117,16665,ok
TOI-1452,1.0167724220731567,-0.0022855230569519464,0.0018084034132181722,111,17972,ok
TOI-1453,1.0513263789363445,0.005694028458017532,0.008351040367040279,144,17857,ok
TOI-1466,0.9487425144281197,-0.007904684478009242,-0.004419841452263038,399,12664,ok
TOI-1467,1.0554143903850441,0.007175248767390454,0.011325142739897149,76,11774,ok
TOI-1468,0.985952176758797,0.008120360404149537,-0.005766271434650506,61,12494,ok
TOI-1470,0.9936061553270615,-0.005434743108823121,0.008968939902785432,189,12037,ok
TOI-1472,0.9010551279858265,0.021822336061442602,0.007907909233399455,1058,7559,ok
TOI-1478,1.0289367915629977,-0.0027662333027484018,-0.0005357646664060037,1104,93713,ok
TOI-150,0.986402623706457,0.029169794084716472,-0.004514216556634148,491,13785,ok
TOI-1516,3.1309466107649495,0.02358949962141429,-0.005757114253312279,52,16545,ok
TOI-1518,2.2364019249255858,-0.009702585547130873,0.0015367278345977966,1096,96326,ok
TOI-157,2.254985251761406,0.04556834374597073,-0.0113436701104966,435,13793,ok
TOI-159,,,,0,16264,insufficient in/out points (0/16264)
TOI-1601,0.9695070116997919,0.019371821088901127,0.007107290205175204,226,11707,ok
TOI-163,0.7197659449037386,0.015708762503660142,-0.014441926267290342,380,13799,ok
TOI-1630,1.3483305977196378,0.0023442900714960705,-0.006089181599376076,60,13883,ok
TOI-1634,1.0286725317946914,0.0001968322335078521,-0.012291666649714919,498,12192,ok
TOI-1648,1.0385898142653167,-0.010940285926966097,0.0023449183175623953,1775,87425,ok
TOI-1659,1.2279100723045264,0.21312243856326993,0.10469647770741339,176,17722,ok
TOI-1669,0.9650599234838105,-0.004837262031970352,-0.013278599934159988,256,15749,ok
TOI-1670,0.7589293588422948,-0.009350189410952753,-0.012151167871911887,118,16863,ok
TOI-1680,1.0868659564201175,-0.012960027092030138,0.0032875172765178995,534,16354,ok
TOI-1683,0.9447414606036699,0.0023888569157523103,-0.005730052625191502,260,15838,ok
TOI-1685,0.9952914518968541,-0.006428279006825261,-0.006234695235516035,893,13339,ok
TOI-169,1.2415436437142398,-0.0005956484651590109,-0.01116773556376864,139,15512,ok
TOI-1691,1.032320325678024,-0.0038553817912503822,-0.0016183267798086176,403,15088,ok
TOI-1693,1.0452724307433636,-0.02009927433610671,-0.001180405584373988,406,14912,ok
TOI-1694,0.9021626529462751,-0.002296578020809561,-0.0066665094454452815,319,15048,ok
TOI-1695,0.8681226729361385,0.0004903323732743273,0.0018990456441064438,206,13951,ok
TOI-1696,0.9535514257358007,-0.013051943210419014,0.005817269224596048,271,15835,ok
TOI-1710,1.627295341832608,0.019722431815314488,0.006512602148801901,202,15717,ok
TOI-1716,1.0650229741845383,-0.002938609057490617,-0.013774127377844123,376,16113,ok
TOI-1718,1.748740843319165,0.00012270356651933776,0.001247213042555961,301,15291,ok
TOI-172,1.0224217766131658,-0.0006429933632228946,0.010246323158457455,807,74688,ok
TOI-1722,1.347947855442098,0.013819303623718868,-0.007198963791343353,333,16291,ok
TOI-1723,1.031717672384386,0.008723982079475005,-0.01334568466779082,60,17342,ok
TOI-1728,2.228682803629254,0.021405521205940217,-0.0009775602154156562,363,16346,ok
TOI-1732,1.0781649824907724,-0.008552424573368096,-0.0010478580275701558,314,16362,ok
TOI-1736,1.269198569007318,0.015714633678583976,-0.009764976516718166,54,14499,ok
TOI-1739,1.326594163653221,0.006670076165290597,-0.0013869383921609009,114,17978,ok
TOI-1742,0.7907582391993493,-0.007303944618393949,-0.01935561121622351,156,16807,ok
TOI-1743,1.0778352326479879,-0.02197743139954439,0.005434453283993729,217,14796,ok
TOI-1744,1.023584218708622,-0.00545381829747137,-0.0067816468663711065,261,17460,ok
TOI-1749,1.0374300666890675,-0.005414846839678792,-0.0035188367881339323,895,14882,ok
TOI-1750,1.0705882119608543,-0.004618311120641495,-0.008964947336589561,139,15697,ok
TOI-1751,1.044801914940524,0.00011981643859103684,0.013415769784458662,116,14644,ok
TOI-1752,1.0227263231462602,-0.007057746965624119,0.005329401775514258,311,16952,ok
TOI-1753,1.027375397875633,-0.0001078301521253978,0.0017466000735256353,250,16228,ok
TOI-1756,0.9717809581922707,-0.014222939760022264,0.01790492575306204,95,13364,ok
TOI-1758,1.0537123245103979,-0.006213485895716015,0.005487694042812017,215,14313,ok
TOI-1759,1.1681523178274398,0.011625609993462668,0.00754647822433481,120,14346,ok
TOI-1768,1.0781071471285362,0.006736989167660879,0.0013796339462344503,459,16815,ok
TOI-1772,1.193437934123215,-0.010835475872936364,-0.003403500173553488,392,15959,ok
TOI-1774,0.8125161331322801,-0.0021850265037830874,0.0037034814245980588,150,16711,ok
TOI-1775,1.1812446147963733,0.05992980032604226,0.012316817163915838,183,16418,ok
TOI-1776,1.1432266270110587,0.0007073536241828294,0.013097462247389738,263,17758,ok
TOI-1777,1.2013402212896336,0.002162602524355246,0.0017699677858215633,108,18270,ok
TOI-178,1.200901598133581,0.01566381560315105,0.004083775850856696,228,17378,ok
TOI-1782,0.6724222154028119,0.0040137815069896795,0.0011217119902392023,130,17909,ok
TOI-1789,1.5934592617327221,0.0014300267339906537,-0.01094155486749934,234,14137,ok
TOI-1794,0.8123619008725966,-0.001594275431496711,0.004963450360283292,248,14256,ok
TOI-1798,0.9617161386323134,-0.026277961842183693,-0.008472440237028365,817,10941,ok
TOI-1799,0.9412944370882622,-0.0010335287739690305,0.006388572135140559,208,15209,ok
TOI-1801,1.1240928463168607,0.004274979370539236,0.013122978777912868,169,15420,ok
TOI-1803,1.031709124341468,0.0030658721705302924,-0.00037774590672762974,124,16399,ok
TOI-1806,0.973409137138184,0.004007750478383279,-0.006409599536777795,72,15098,ok
TOI-1807,1.1542772637580625,0.05732318124368424,0.02028525824132291,1069,12496,ok
TOI-181,0.5077842832214067,0.026644701444873346,0.004135755865472948,104,17446,ok
TOI-1811,,,,0,15784,insufficient in/out points (0/15784)
TOI-1814,1.2348380113115747,-0.011893359211550242,-0.015491601365728884,95,19231,ok
TOI-1820,3.235516699029564,0.02822733309527654,-0.0031863185648161583,154,12821,ok
TOI-1823,1.1205710419495791,-0.03271399389237956,0.014084963875135298,161,17287,ok
TOI-1824,1.0804174647867724,0.01820759028522931,0.0037271931624416493,201,17979,ok
TOI-1836,1.4779291534576005,0.024828456421568702,0.011437637155845976,131,14534,ok
TOI-1839,1.028910548448235,0.0047205336559928025,-0.00197554400253703,215,12139,ok
TOI-1842,1.7787631631422076,0.037238624029261855,0.023265866477603616,69,13048,ok
TOI-1846,0.960842059698724,0.007370381454350781,-0.013301346749513436,303,12268,ok
TOI-1853,1.2743763464266151,-0.00471512367846661,0.0011347501418635419,276,9622,ok
TOI-1855,1.949431957355459,0.17044700503325844,-0.008759925096053865,194,9526,ok
TOI-1859,0.8846231277961328,-0.01563557093772148,0.006972042557089289,236,17497,ok
TOI-1860,8.92556839352729,0.21016549164674345,0.03893531077953052,182,17053,ok
TOI-1873,1.036161824243328,-0.022273660991108855,-0.020238917580701968,681,14926,ok
TOI-1883,0.8137118389881162,0.014305054849710135,0.0019108614857339312,210,12785,ok
TOI-1898,1.0625236491749368,0.0039222415274654246,0.009064269562228016,56,16952,ok
TOI-1899,1.1795995185359456,-0.007806970887201017,0.014563798053791347,168,12429,ok
TOI-1937_A,2.690926198203926,0.01332738866468525,0.008577792295419762,664,14145,ok
TOI-198,1.1127270249245655,-0.0038255697395143473,-0.014169046491329863,157,17781,ok
TOI-199,0.8821864321255268,-0.002669083097253546,-0.00336087818820758,71,16432,ok
TOI-1994,0.9969149190785471,0.01137775077383376,-0.01281093031081852,324,14467,ok
TOI-2000,1.0034667787685017,-0.005014722473674335,0.006953202496635576,1456,85665,ok
TOI-2005,0.9248726642626315,0.0018185524837072433,-0.005336690234800416,34,15346,ok
TOI-201,1.088126172655862,-0.014734679222364051,-0.005011441096122139,276,17228,ok
TOI-2010,0.7582118313590551,0.0019322550571044016,-0.006521131355390705,84,18081,ok
TOI-2015,1.2557985506382432,-0.0035144102142230416,-0.0041143386259113865,205,15322,ok
TOI-2018,1.2736364618826401,0.04349700752445004,0.0013572849289463652,259,17301,ok
TOI-2019,1.0324202317300044,-0.0074459392303733865,-0.005432178241131139,141,14725,ok
TOI-2025,1.834915279128056,0.034714962706443586,-0.007213219337822736,319,18626,ok
TOI-2031_A,,,,3,16133,insufficient in/out points (3/16133)
TOI-2046,4.7898801060165015,0.028449775651400635,-2.484964577993321e-06,58,17541,ok
TOI-2048,1.1306718682405166,0.013866832468519332,0.02331015889353037,203,14232,ok
TOI-205,0.9233880174034289,-0.003971925541513305,-0.017085227272814595,83,17921,ok
TOI-206,1.0919844950093158,-0.016594204687198175,-0.014136517482591295,406,13732,ok
TOI-2068,1.1464276237118463,-0.031244238834141846,-0.019121793796341345,75,16102,ok
TOI-2071,0.8372122252688693,-0.00655314233398383,0.010835544979126484,126,17913,ok
TOI-2076,8.408151967598526,0.24668311326341433,0.05598529468496297,122,14927,ok
TOI-2081,1.0475527609814124,-0.008552157587458344,-0.0016550131101869285,372,12617,ok
TOI-2084,1.071724082616819,-0.004960394416892995,0.004609396650018108,750,12702,ok
TOI-2088,1.0384852290861204,-0.016556922269080454,0.0079386777192692,105,18000,ok
TOI-209,1.1208922499647538,0.0007724423315048423,-0.004913014163013227,210,17368,ok
TOI-2092,0.9027441547544258,-0.0009306564367664434,-0.010771787274580108,178,13574,ok
TOI-2093,1.0202597978776684,0.008593189126945648,-0.007206125616505957,519,11223,ok
TOI-2094,0.9494207869561732,-0.0035538273207910234,-0.0024140842725838677,87,18135,ok
TOI-2095,0.9349980743719505,-0.012433351633100895,0.007104655440025568,347,17163,ok
TOI-2096,0.8906273181182806,-0.006772046775584103,0.010958814434968095,164,17773,ok
TOI-2104,0.8909520553697895,-0.0018028994537094428,-0.008261786175013447,183,17678,ok
TOI-2107,1.4329438572843796,0.04661108596774909,0.004610175937774486,385,12365,ok
TOI-2109,,,,5,9929,insufficient in/out points (5/9929)
TOI-2120,0.8245253053030379,-0.006195544692731946,0.00044907269962308436,72,14422,ok
TOI-2128,0.9332781615854167,0.01570144263920784,0.0014883480531831868,63,13817,ok
TOI-2133,1.122440277814082,-0.026247915940966364,0.0010930075401028127,278,10616,ok
TOI-2134,3.331955691468289,0.022126782166178076,-0.002444138541549265,181,16114,ok
TOI-2136,1.2951987962635132,-0.009392300668870176,0.008951717530442509,141,16379,ok
TOI-2141,1.0828816001615804,0.011678060776283765,-0.010499115478887325,117,16744,ok
TOI-2145,1.2243574761847058,0.038862201517107314,-0.0036822727645707716,479,15320,ok
TOI-2152,0.7164475607420976,0.0069543808435881295,-0.004342255864425187,635,16680,ok
TOI-2154,3.43691937811873,0.010668177188573717,0.002488451924376385,114,17425,ok
TOI-2158,1.398429997186107,-0.0035235095200542355,-0.008762257358927838,257,18454,ok
TOI-216,2.5778287204226262,0.021585298416810193,-0.0038634765437929918,55,15063,ok
TOI-2169_A,1.419684501808438,0.0019735314350330705,0.006166438704841407,296,18224,ok
TOI-2180,1.1132120554173834,0.012322198750765302,0.014188533987057628,71,12591,ok
TOI-2184,0.9729291990255425,-0.007489405929098969,0.009528106580991916,721,77534,ok
TOI-2193_A,2.089444586648626,-0.00763831169605096,-0.0051637982707072524,209,12607,ok
TOI-2194,1.2519052997183029,0.005691367244603129,0.010026605367848948,90,16413,ok
TOI-2196,1.0705567145867374,-0.011109795935524545,-0.012318727176207491,385,11057,ok
TOI-220,1.0486467551748755,-0.0058589343461062345,-0.005147716260703189,81,17875,ok
TOI-2200,1.1896854576498659,-0.00823876879810412,-0.009514275581489757,468,13638,ok
TOI-2202,0.9876099771063948,-0.011512227875803287,0.0063191586233475065,2098,79469,ok
TOI-2207,1.1701519819131667,-0.01322622399983795,-0.008048582831419026,376,13862,ok
TOI-2211,1.0174621341962213,-0.012843196535408196,-0.0074949423955030835,453,15088,ok
TOI-2227,0.9163307169571197,-0.007548343261792019,-0.00634358629447739,445,16494,ok
TOI-2236,1.7361236559547082,0.04020015207837009,0.0011908863658468755,275,13923,ok
TOI-2257,0.9501677104015391,-0.01145985294020762,-0.00562739737565934,610,15831,ok
TOI-2260,1.294520985126902,0.0710408906161673,-0.00010275165510494508,183,14401,ok
TOI-2266,0.9340083408287494,0.012405590231809536,0.008521047207381564,286,14067,ok
TOI-2267_A,0.9698526768247344,0.03800189145920926,0.007334133556915259,1801,9348,ok
TOI-2274,1.0117118776514118,0.014545814531711441,0.010910652884769086,81,17990,ok
TOI-2285,0.9716345349103469,-0.01357950406624888,-0.0009070887961042067,122,14495,ok
TOI-2295,1.185684618623777,-0.0028877185871900514,-0.016471073716330067,48,13066,ok
TOI-2322,0.9368363784943257,-0.01065915425480988,-0.009668300006617019,508,12166,ok
TOI-2328,1.0069095315849983,-0.008185922730417072,-0.005783391096181558,322,14964,ok
TOI-2337,0.8235515591707294,-0.008586821592715305,-0.002441301245814405,156,19089,ok
TOI-2338,0.9873632710786635,-9.009161343287617e-05,0.004653052221589102,2201,93304,ok
TOI-2345,1.047122287775135,-0.013124361055587445,-0.008277141345316178,641,13323,ok
TOI-2346,3.5548042916123275,0.09908569409032485,0.025898953125655787,431,13319,ok
TOI-2364,1.156219056475711,0.005346315447199713,0.0067808197441971115,325,12509,ok
TOI-2368,2.0159972259209944,0.031092601670802814,-0.012624348785332229,89,16083,ok
TOI-237,1.0396605917820083,0.004035329450132291,0.001077444251749672,175,17604,ok
TOI-2373,0.9224540774343093,-0.004380466983971546,0.007317175555868517,2042,88044,ok
TOI-2374,0.959087023892925,0.01808724622981701,0.005411477070522664,109,13406,ok
TOI-2379,2.3387718816405973,-0.0082345526067147,0.011765894653806515,94,12024,ok
TOI-238,1.063095545794883,0.0005901752881064141,0.009308062452973952,762,15351,ok
TOI-2382,1.6081544910255032,-0.013819780878508168,-0.003779479911497648,163,14071,ok
TOI-2384,3.1274304876797667,0.021649582968514495,-0.008330203150066497,326,13707,ok
TOI-2406,0.8800701011195361,-0.0029155874475329676,-0.0012963399133863942,226,15221,ok
TOI-2407,1.2706796654866421,0.000961478742192614,-0.029725215958246884,388,15337,ok
TOI-2411,0.9723508969535998,0.008798642547564522,-0.012664483337413502,620,13482,ok
TOI-2416,0.9531126969336443,-0.0020553624678199722,0.004601646711171641,1368,73992,ok
TOI-2420,,,,1,789,insufficient in/out points (1/789)
TOI-2421,1.031804312534214,-0.004341222200947909,-0.0022350824423440305,2007,164766,ok
TOI-2427,1.273945839585182,0.008429022009548731,0.012340202176438575,549,14554,ok
TOI-2431,0.9901589972038884,0.016837374684335916,0.013025717528575372,1075,11943,ok
TOI-244,1.2207881022274008,-0.00502807680533158,0.0034110197104587807,120,17945,ok
TOI-2443,1.3021893421214399,0.01441924662686256,-0.006461050041006529,241,15107,ok
TOI-2445,1.0483830002975856,-0.022832711812744502,-0.008469423091570626,1092,10462,ok
TOI-2447,0.8891084766368349,-0.01310151932705459,-0.015904341972774103,68,16921,ok
TOI-2449,1.1936880026151522,0.0011083409811354246,-0.010026952209616082,64,14737,ok
TOI-2453,1.0829337583712064,-0.009466902036157245,0.018283993945510637,134,16715,ok
TOI-2458,1.0967345225245053,-0.0029572872433274193,-0.007943956606119339,401,15624,ok
TOI-2459,1.7307542395510531,-0.036996700871364446,0.008815899250499457,204,16713,ok
TOI-2485,0.7547130882763878,-0.015601711210319242,-0.00933926649603653,41,10426,ok
TOI-2497,1.1806397373134405,0.01647154382113846,0.003565488834243156,232,16670,ok
TOI-2498,1.0213352541204566,-0.00887148170353628,-0.0026742628150267372,495,15494,ok
TOI-251,3.294172052469856,0.17165003616295152,0.05610650888903246,123,17869,ok
TOI-2518,1.1627766994105975,-0.012094118866392726,-0.011138337117895249,141,15142,ok
TOI-2524,1.1934329875270746,0.003647795276383541,-0.007542113445612586,355,14789,ok
TOI-2525,0.9646818902515775,-0.006149667454488556,0.0011336025021552796,1824,84590,ok
TOI-2529,0.9839091119231321,-0.015529160779377698,-0.015355805672818872,209,14857,ok
TOI-2537,0.9881927795650848,-0.025840582052119636,-0.00785090140376758,289,12951,ok
TOI-2545,1.0756352636128714,-0.002897550536654757,-0.008964610507014832,144,12270,ok
TOI-2567,1.1761435716917734,-0.002740683782670315,-0.024105187906594158,479,17698,ok
TOI-257,1.0490601555387926,0.05445022981354721,0.007718884361400946,295,12325,ok
TOI-2570,0.9220708185917221,-0.011370483591113931,0.009369092265085753,450,14243,ok
TOI-2580,3.3313031933972903,0.08580064359562409,0.011371683249151183,289,14589,ok
TOI-2583_A,1.8875318905182579,-0.00604061655734977,-0.007813849758734386,634,17063,ok
TOI-2587_A,1.0380167057300047,-0.005795151431762623,0.00553430807641132,377,15555,ok
TOI-2589,1.0199517185993032,-0.006562217190454521,0.006561063422183546,1400,94917,ok
TOI-260,1.1914079814378213,0.0012798609713990236,-0.008512204617032487,167,12302,ok
TOI-261,0.9179309709774028,0.005527206674325131,-0.0005213599468297974,460,11169,ok
TOI-262,1.0197188820853915,0.009070205774896499,0.003762892125519859,62,12648,ok
TOI-2641,1.2800369121363226,-0.015118773014814171,-0.01581524859003716,119,14926,ok
TOI-2654,1.2327985200115108,0.008497226626940633,0.0016745849627033409,597,27984,ok
TOI-2669,0.9531775497399266,-0.014962802907289545,0.0066413980890310635,1297,87822,ok
TOI-269,1.2704612923065537,-0.0036007906262939724,-0.012120354544696814,90,12226,ok
TOI-270,1.1128733039206442,0.015399195489970785,-0.004158865480526011,64,12598,ok
TOI-2714,,,,4,1036,insufficient in/out points (4/1036)
TOI-2719,1.0706864091735946,-0.008358898972915836,-0.00226269408364354,467,23231,ok
TOI-2768,0.8150126344494031,0.23773700208282195,0.26597729485131116,74,682,ok
TOI-277,1.1240016681466074,-0.03842296902827511,-0.016538980406376618,263,11724,ok
TOI-2796,1.012909838028189,-0.006391708487202143,0.0048782611806430665,765,152273,ok
TOI-2803_A,1.0678868618277235,-0.019872281912873543,0.004058600712929055,1509,79146,ok
TOI-2818,0.3092724243358152,0.032371483201886375,-0.0013260235886044342,94,14692,ok
TOI-283,0.9651802557642781,0.000720729713030302,-0.007941632857420125,125,17894,ok
TOI-2842,1.0805476754392285,-0.039803924654900784,0.0012501772295582777,317,13925,ok
TOI-286,1.137338535277142,-0.008888438737838542,-0.004961481585835002,150,17675,ok
TOI-2876,1.744907073328937,-0.017349081246562217,-0.006322737594720799,115,14487,ok
TOI-2886,1.2592768656178999,0.021003579346885723,0.012293157641055416,529,12604,ok
TOI-2969,2.4384676050006298,0.0235142110546158,-0.01016423576705566,82,17221,ok
TOI-2977,1.8015570696943597,0.03456943900645548,-0.017483059857182546,739,15424,ok
TOI-2981,1.7974619205137612,0.026243722689071033,0.01073113556574552,501,15168,ok
TOI-2986,1.0691382451769054,0.002316618469054706,-0.014328318358921137,761,13495,ok
TOI-2989,0.3283990779440442,0.021953351303262904,-0.003516175264939923,68,16936,ok
TOI-2992,1.7335164453210015,-0.0052758660493942965,-0.0035278323905677937,657,15377,ok
TOI-3023,2.027141367735987,0.0033577343897978544,0.013905624586276916,814,15654,ok
TOI-3071,1.0648277635982635,-0.0063371763980428625,0.005896278643161834,1237,14023,ok
TOI-3082,1.0271718007653525,-0.006656578764332735,-0.0029119820462052064,561,13295,ok
TOI-3135,6.370081948228627,0.06340073000666206,0.002490148356390151,424,17068,ok
TOI-3160_A,2.3456711058007857,0.022485103376882337,0.004384168613010549,399,15270,ok
TOI-3235,2.7932604288294316,0.01630939183924774,-0.00728668006997296,197,17796,ok
TOI-3261,1.1000478550745278,-0.018603013207338225,0.0004916714280603032,956,12727,ok
TOI-3288,3.044290284222232,0.021197973832336462,-0.01165298754131208,390,11990,ok
TOI-329,0.963765024739499,0.009787146636904278,-0.007543198229264229,300,13376,ok
TOI-332,1.0031274448907543,-0.007506729733606035,0.002047467130396809,1961,76138,ok
TOI-3321,4.066584066694463,0.07806510500438324,-0.013799074288478028,72,13847,ok
TOI-333,0.870059584485426,-0.009854877704373682,-0.003099049211687662,365,13401,ok
TOI-3331_A,1.9599829493304382,0.12990171520375124,0.011273926543805182,495,14409,ok
TOI-3353,4.401170309268617,0.1585377134051004,0.06362257633494287,156,17335,ok
TOI-3362,0.8359600605281777,-0.003872406009650904,0.003040341864710923,41,18021,ok
TOI-3364,0.8822745623651259,0.019719431214601277,0.008563198211611703,308,15623,ok
TOI-3457,1.105363797910854,-0.010626426364706457,-0.007655535360452857,187,18684,ok
TOI-3464,1.173082083107025,0.005774787592559516,0.0031099632379803658,356,16555,ok
TOI-3474,1.7248801537642424,0.014364858751572425,-0.005087536058319272,563,15517,ok
TOI-3486,0.3695283843026859,0.009255055321996808,-0.004453450527779396,80,14202,ok
TOI-3493,1.1264879052199541,-0.007791155415457057,-0.00408929131534411,137,14890,ok
TOI-3523_A,1.2821875451131288,0.01896311232292793,-0.015602062939385384,1029,15349,ok
TOI-3540_A,3.003157806284251,0.0030297591732124964,-0.01819573029992442,150,19006,ok
TOI-3568,0.8629979066778235,-0.016273033001909014,0.005283093390032516,148,13643,ok
TOI-3593,3.7126464566877364,0.0351897973069544,-0.009666516050045773,209,18417,ok
TOI-3629,1.939640624708898,0.008318537907604335,-0.024939418119295672,298,16751,ok
TOI-3664,1.033828643456615,-0.0070394739355122285,0.0031159866822424486,2294,106572,ok
TOI-3682,0.9294475242150934,0.011149365946718481,-0.007014646442439271,558,11036,ok
TOI-3688_A,2.0157480154684646,0.05659742154278652,0.00714552654982723,661,16882,ok
TOI-3693,4.8549363759907465,0.020411044375920097,-0.010793859209980206,21,17117,ok
TOI-3714,3.215927746531462,0.01898075977968236,-0.011005183440451767,159,15275,ok
TOI-375,1.2825580604265656,0.0010420277376104563,-0.00046968170219429214,210,16523,ok
TOI-3757,2.1743504966734717,0.017510950574317032,-0.02599642352534126,272,15433,ok
TOI-3785,1.8836398185429482,-0.010274044633702675,-0.0028615506793450585,160,15868,ok
TOI-3807,1.2759005930492584,0.005195606527168683,-0.007864271110080829,422,14665,ok
TOI-3819,1.2788254727054746,-0.013183397284423132,-0.00699840320933799,322,13849,ok
TOI-3837,1.3202756423902757,-0.012678455007360964,-0.008751867123353229,184,15685,ok
TOI-3856,3.362955577146453,0.0447782541019785,-0.015756880327200205,232,13941,ok
TOI-3862,1.0068267949721104,0.002470345573827717,-0.003956528961020293,428,13404,ok
TOI-3877,,,,3,1005,insufficient in/out points (3/1005)
TOI-3884,0.6909574228252393,0.008122804964797439,0.006892821191651012,81,16341,ok
TOI-3894,0.5989417074189604,-0.0007673201958747452,-0.00019585608975530145,306,12570,ok
TOI-3896,1.1487147967980396,-0.00951304087694378,-0.00017485734672239667,209,14979,ok
TOI-3912,1.069567369224468,0.021691136177385262,-0.005802262908081795,164,9984,ok
TOI-3919,1.0212209710474067,0.0009498157626034876,-0.0066228829066340865,139,12808,ok
TOI-3976_A,,,,5,955,insufficient in/out points (5/955)
TOI-3980,1.277371860858546,-0.0060538530159121385,-0.009752060429305705,196,17863,ok
TOI-3984_A,,,,0,0,no usable ephemeris
TOI-4010,1.163864304538589,0.019622573597796428,-0.005928015386555373,236,15384,ok
TOI-4029,1.0449300580846153,0.0038722407006830557,-0.010540771350668717,56,7221,ok
TOI-4030,0.9235945434887994,-0.023994753406717712,0.0009007250902012771,404,14098,ok
TOI-4034,1.1648459197742094,0.003938904543774853,-0.020260138200435998,894,13187,ok
TOI-406,0.8053789612390547,-0.01637082327948503,0.005850466937176201,126,12501,ok
TOI-4087,0.3162893408382384,-0.005425127970328249,-0.0011131515023708781,24,18646,ok
TOI-4127,1.0673885736245057,-0.015156510584657014,0.016008399525263034,436,17929,ok
TOI-4137,3.0049795304284554,0.05412265754042369,0.0038512834376107064,399,15073,ok
TOI-4145_A,1.0892743340804207,-0.0021352600214187543,0.002438240739505495,1225,84920,ok
TOI-4153,0.859829192971711,0.031166326076069135,0.010753318981120502,294,15522,ok
TOI-4155,1.2120532760659406,-0.007529619568023877,-0.005864381789126702,362,15330,ok
TOI-4156,0.9781254547131057,-0.0009659484110557368,0.0005211947848036126,110,17179,ok
TOI-4184,0.8779839455927552,-0.0060091487371240395,0.005152628649470031,229,17573,ok
TOI-4201,0.8157601483780142,0.01898581048834293,-0.015410457609656673,216,14041,ok
TOI-421,2.8162747802097816,0.03317977611530153,0.005745047709180264,149,16704,ok
TOI-4214,1.3290577568263373,0.002190554902107215,-0.006257767638765533,303,14043,ok
TOI-4308,0.9885624709361664,-0.005999025985732335,-0.004550137362794848,249,17073,ok
TOI-431,0.629569536407367,0.04867461496956559,-0.01585744934409627,116,16558,ok
TOI-4311,1.0346396675720784,-0.024141328231690743,-0.007654053953252529,441,11009,ok
TOI-4329,1.2236323156660662,0.0075490446352344314,0.0002952269005261846,752,11719,ok
TOI-4336_A,1.21928071777968,0.010064303978221495,-0.00019229973505551003,192,17327,ok
TOI-4342,1.074633953732422,-0.0014909287589565522,-0.0036059886066312865,251,16321,ok
TOI-4363,0.9550718056358483,-0.0063855960630909816,-0.019093488360533713,479,12808,ok
TOI-4364,0.9460806152270985,-0.0009300105575838496,0.005703582743331029,143,16651,ok
TOI-4377,0.8579749310359537,0.0007079744225495214,0.0037732364075964996,261,16073,ok
TOI-4379,0.9052685386591471,0.009411813333056095,-0.0008984542067783308,1068,13988,ok
TOI-4405,0.9685962197264382,0.005349967761355925,-0.013982087970991666,942,12016,ok
TOI-4406,0.9968835432609423,-0.006122531852161957,0.0021799252610928306,1682,80861,ok
TOI-4438,1.1316073411635272,0.002134152253178399,-0.007617419626797047,203,18800,ok
TOI-444,0.9437202081412137,0.07973020363489558,0.02543124955233557,75,14470,ok
TOI-4443,1.0166748619168733,0.006904369601089973,0.008160767408587219,406,15153,ok
TOI-4463_A,1.036950911089267,-0.00026604323976540034,0.005179388104314076,624,64915,ok
TOI-4465,0.9656982897353324,0.007951634032847781,-0.0011221834330109545,347,15534,ok
TOI-4479,1.0067209619504198,-0.002470409678321663,-0.0007282886861445389,649,15718,ok
TOI-4487_A,1.3539822406566344,-0.006571745123383204,-0.010956702079433863,749,15394,ok
TOI-4495,0.8652117337858547,0.007114326647641045,-0.007691286922125354,150,11297,ok
TOI-4504,0.9758213466418625,-0.007308543875817554,0.00377519959552121,1282,79515,ok
TOI-4507,1.006889371501154,-0.017638589781726985,-0.0018576963056936317,393,16731,ok
TOI-451,1.2908713098830888,0.0695005556505577,-0.0002287114480740656,256,13935,ok
TOI-4511,0.8431083831364862,0.0014894681390789054,-0.0007416905016484414,96,13708,ok
TOI-4513,1.1768569657669994,-0.021103614012693225,-0.005058348912795216,105,12583,ok
TOI-4515,3.729585589475842,0.004634070793792689,-0.008254496584371418,16,12550,ok
TOI-4527,1.066107622405282,-0.013441026119744619,-0.017655215096025755,534,10985,ok
TOI-4529,0.9306327746027593,0.0023538137558159395,-0.0007176669214913075,136,12458,ok
TOI-4551,1.0180234443425902,0.001456309939368937,0.004093703047340016,2853,89457,ok
TOI-4552,1.0359077819563827,0.010572389480862109,0.003703488601937058,745,11379,ok
TOI-4559,1.1244415129971523,0.0001723734559432845,0.008888124403147936,164,11028,ok
TOI-4561,0.8930261874032493,-0.014321351417294185,-0.01009532026307065,188,17615,ok
TOI-4562,0.9890949976238838,0.003324337684529506,0.006407033678245692,2029,71351,ok
TOI-4578,1.0199034333514763,-0.008730978390629376,-0.003217232878190774,209,16782,ok
TOI-4582,0.8695841019554634,-0.006420606335900949,-0.001577545171649685,104,19229,ok
TOI-4588,1.0312901889968686,0.22044375399706423,-0.09466424417547287,382,16953,ok
TOI-4600,1.0187268558518336,-0.01726683394830622,-0.0027046820593292216,185,18874,ok
TOI-4602,1.0640500335318706,-0.008640239690100908,-0.0022732434318635387,425,13904,ok
TOI-4603,1.3730414662645076,0.017810978183598388,-0.003149036935424238,244,15434,ok
TOI-4633,0.9390229708138126,0.01071117503542039,-0.004246366776473711,584,16086,ok
TOI-4638,0.9111201947229293,-0.003055338138125108,-0.006708543622284108,120,12424,ok
TOI-4640,0.9346599746163048,-0.01451082730218102,-0.01597414891190077,364,12685,ok
TOI-4641,1.5715945037746142,0.20285266919737754,0.06094992002351729,244,13768,ok
TOI-4662,1.0674457028628828,0.015378379266285378,0.015851639862121465,347,15259,ok
TOI-4666,2.914118879852499,0.03529684328760071,-0.008418967464084812,375,28217,ok
TOI-469,1.0734692261708343,-0.00434208378772793,-0.001344844227497197,338,13487,ok
TOI-470,0.9371232935690127,-0.0016910815986222003,0.0040272199976950016,500,12730,ok
TOI-4734,0.912691546206304,-0.007150040724611026,-0.021604144631612147,417,12965,ok
TOI-4747,1.018127129966501,-0.011597910397649923,-0.005989324373346011,211,13904,ok
TOI-4773,2.2617209489265493,0.06734760328687504,-0.03196290234457705,621,13330,ok
TOI-4791,2.108970597591063,-0.011188147428892205,0.0010862705556909658,464,13457,ok
TOI-4794,1.8151407225019422,0.0049326773337089345,0.010525199284138377,658,12831,ok
TOI-480,1.0425026015982157,0.020777290333589864,-0.007927510654339618,263,13556,ok
TOI-481,0.23890157835841344,0.025624138980603253,-0.008070785888083047,33,14083,ok
TOI-4860,3.671150415491283,0.0062546033038302605,-0.009584322551625257,327,15620,ok
TOI-4898,1.0616310447335138,-0.003999067576600232,-0.0022743536589176954,421,15714,ok
TOI-4914,3.4574698070246637,-0.001868519116588406,-0.006651759831616328,66,16928,ok
TOI-4930,1.0484919500521361,-0.020962970941889543,-0.005128983269271321,188,18100,ok
TOI-4940,1.009544849828289,-0.001520819581319121,-0.014530267743003936,396,13634,ok
TOI-4961,1.4415219036166766,-0.000656280798269738,-0.003555722895082041,273,17796,ok
TOI-4994,1.0399948273565567,-0.009133832088760507,-0.002644418418086228,86,15210,ok
TOI-500,0.9829189576139056,-0.019665960398085807,-0.008323277624396297,929,10933,ok
TOI-5005,1.3017181653969536,-0.0062101609834574025,0.00609923676324918,208,17091,ok
TOI-5007,1.120054910855008,4.1445076231316304e-05,-0.00445248399763238,327,18259,ok
TOI-5027,1.145285918135317,0.01242021709260857,-0.0019042554964416342,101,13364,ok
TOI-5076,1.0568728886248946,-0.0077450410402404544,0.005213513902743394,3061,76487,ok
TOI-5082,0.9475543548198292,0.013436693494624294,-0.004319479293773343,320,14387,ok
TOI-5108,1.0541321687429535,-0.008042628506114652,0.009718218816757948,992,83038,ok
TOI-5110,0.9721587408795814,0.025132246899593307,0.0054298782869347155,124,12020,ok
TOI-512,0.8766208443602473,-0.005032970581913827,-0.004758174705235698,198,13946,ok
TOI-5126,0.9325346725362582,0.024720703931496012,0.011918905672620817,208,15678,ok
TOI-5143,3.0160822563034704,0.01801639036603361,-0.007626509731486445,128,15624,ok
TOI-5153,1.2108491036909637,0.0024341901026204735,-0.009781731353829232,198,16597,ok
TOI-5159,0.5905103745333702,0.004701097348507938,0.0032006909946282057,63,15861,ok
TOI-5160,1.0264622620084929,0.0014566517796394595,-0.01037590700963853,318,15233,ok
TOI-5174,1.4120552158644184,-0.01200704554053469,-0.022032491408834416,87,15865,ok
TOI-5181_A,1.007563074976911,-0.00031781273740494315,-0.000833758518785155,143,10313,ok
TOI-519,3.446950301421024,0.023635043860767792,-0.011793098155857606,452,14398,ok
TOI-5205,2.9956849396643896,-0.0038003640459804205,-0.013655159790910497,223,16931,ok
TOI-521,1.063039903155039,-0.0037295949480548904,0.0032890091207348027,412,14701,ok
TOI-5210,1.419417525634396,0.013863679791915483,-0.00794225337568656,555,16057,ok
TOI-5218,1.1744530236851902,-0.006703798475536321,0.0009070558753626136,362,18366,ok
TOI-5232,1.1598313000673135,0.0053021499862295355,-0.011217754988004541,387,12863,ok
TOI-5238,1.0213458942766747,-0.00850191934758279,0.0033143269069918183,1406,68941,ok
TOI-5261,1.0119194517969516,0.0022882295907448945,0.010472680958471318,96,12486,ok
TOI-5292_A,1.3291010713319578,-0.004977566589183292,-0.011757393249716731,225,12521,ok
TOI-5293_A,2.8425253441443106,0.006998242376797331,-9.588643816824244e-05,250,12986,ok
TOI-530,1.388154924353513,0.007158138297660339,-0.0017869966249466009,220,13919,ok
TOI-5300,0.400194607838304,0.05283029954292743,-0.008669180330533495,96,13093,ok
TOI-5301,1.0587723078322568,0.0026388307647254032,0.0019132523235908352,289,13485,ok
TOI-5319,1.2612410433196188,-0.009220044855544745,-0.006993571990052162,234,17872,ok
TOI-532,1.0853018816883835,-0.002922734512698904,0.010978471084214467,337,13016,ok
TOI-5322,0.8506953471874582,0.02195305879253433,-0.005740105813614911,544,15732,ok
TOI-5335,0.9296069554610893,0.004057940915547701,0.017133587111566262,216,14512,ok
TOI-5340,1.352185681399763,0.009105816885874203,-0.004423774877357233,414,13863,ok
TOI-5344,1.202714010907017,0.0056513370344340045,-0.0059926365076972896,189,14521,ok
TOI-5349,1.6893479387023296,0.004288252927668945,-0.008876248078192121,280,14305,ok
TOI-5350,4.789871445330181,0.09615193624326329,0.0029396349391819115,12,2958,ok
TOI-5380,1.181338663331393,-0.006720807333980716,-0.011587583504736352,76,12355,ok
TOI-5386_A,2.6256625451907696,0.00784244965032735,-0.011850240153064842,244,14811,ok
TOI-5388,1.138825075602265,-0.01148828265970406,-0.000374561572512496,220,16443,ok
TOI-5398,2.1423303635393105,0.19328034140787942,0.011117802609055611,204,14690,ok
TOI-540,1.0478974068184181,0.04198702734990802,-0.0240268799984993,1480,8869,ok
TOI-5422,1.0473032328698533,0.016410183723325325,-0.0077340300002479555,59,14726,ok
TOI-544,1.1450580863827517,0.023924231882939802,-0.0023156337872324954,481,12664,ok
TOI-5486,1.2542982605364967,-0.019756632958087522,-0.0034320020785932543,176,9269,ok
TOI-5489,1.0340680339304915,-0.01776997677170562,-0.0016964829423544456,179,15582,ok
TOI-5502,0.9787379041123824,-0.02199747311246822,-0.013669650601990541,143,14093,ok
TOI-5515,1.116607688687462,-0.012115273979592459,-0.01668763725366325,251,14288,ok
TOI-5532,1.3256676339973184,-0.011110077403943422,-0.007218717076899088,34,14573,ok
TOI-5542,0.9517328226769745,0.004899708057585483,-0.005426336962744537,434,13999,ok
TOI-5573,0.9321236356086917,-0.0016230776929062874,-0.005009012701881049,90,12130,ok
TOI-558,1.7858758102402825,0.014130706313180674,-0.004309456344803181,180,14106,ok
TOI-559,2.8884514962042247,0.024644351507622664,0.0013062624525909418,72,15710,ok
TOI-5592,1.8161495252398292,0.031234701847322095,-0.02303243695115957,246,11537,ok
TOI-5595,0.7611501961894019,-0.006980020473904402,0.0016176769956323801,150,12174,ok
TOI-5599,1.2617327802658005,-0.005911748507379367,-0.009532160290465663,186,10405,ok
TOI-5605,1.2281909252973733,-0.00952234647210289,0.003521806984087541,130,18103,ok
TOI-561,1.0894499154697046,-0.004979679676926335,0.0002631764032836687,181,12491,ok
TOI-5614,1.106460814191361,-0.004700830668963736,-0.0008548469674067573,319,12014,ok
TOI-5616,1.1599844263589987,-0.01647042790386717,-0.0029875977800196923,158,10333,ok
TOI-5624,1.0646099089283085,-0.004561082968935593,-0.0008381087127293888,87,15048,ok
TOI-5630,1.291617939336881,0.005891764350255429,0.0008391807963714383,68,12548,ok
TOI-564,1.660035251688686,0.0035604119830151054,-0.015513374287707032,101,12541,ok
TOI-5678,0.9850200239328242,-0.007029202835078356,-0.008596952943490572,109,14253,ok
TOI-5688_A,1.2280414963665545,-0.008603663426312587,-0.007308005696432456,237,14994,ok
TOI-5704,0.9233125706215328,0.05208029254003985,0.015429315572258804,163,15271,ok
TOI-5713,1.2381370946253456,-0.01982462138268422,-0.0035255092974921026,213,13696,ok
TOI-5716,1.0381775262077895,0.0026539381641709774,-0.007477434858171107,97,17164,ok
TOI-5720,1.0077060423390851,7.732315350925945e-05,-0.006198741678955937,226,15006,ok
TOI-5726,1.0366739772931997,0.005457544869177374,0.0037445785110311546,252,16625,ok
TOI-5728,1.0646940420106903,-0.0017626598062517118,0.00020731485160605122,2038,10303,ok
TOI-5734,2.1779012673104012,-0.04073458572838425,-0.016763791626635598,126,16083,ok
TOI-5736,1.0468228946419216,-0.0015669800924305551,-0.008183093902413827,200,13853,ok
TOI-5777,1.0135290384340427,-0.008220788756453734,-2.7817435121091865e-05,117,11399,ok
TOI-5786,1.036721743858412,-0.07535607398093892,0.003805164391265136,396,86752,ok
TOI-5788,0.6869831982763395,-0.017144274202471315,-0.006643389029731538,139,10185,ok
TOI-5789,0.9977709019203664,0.00324154727675054,0.010821162978871514,2632,93944,ok
TOI-5795,1.056492173889892,0.02275742687668211,0.01473410835967758,104,10373,ok
TOI-5799,1.3285289226478396,-0.006803515292118375,0.0033185112773418133,235,16957,ok
TOI-5800,1.4356620381586152,0.008986004240129113,0.009806427689271981,132,10304,ok
TOI-5803,1.3974388395231874,0.003219576645404271,-0.011742315306640534,151,12722,ok
TOI-5817,0.9409098470750865,0.003534564806793324,-0.013241160284610826,355,17374,ok
TOI-5882,0.9917236271659556,-0.006448917605352129,0.00858757423928025,233,17826,ok
TOI-5916,2.3449588282150757,-0.007395693024858504,-0.004600502070672781,400,15391,ok
TOI-5926,1.699547649150605,0.004531342312375106,-0.011199533305029317,243,12867,ok
TOI-5938,1.0692475841743914,-0.012994258194120896,0.011540968530170202,1083,72575,ok
TOI-6000,1.0370324341651274,-0.013746466724957154,-0.0025023962259381667,372,16913,ok
TOI-6002,0.7807411442095346,0.0019002019223930545,-0.012610503823551,53,13571,ok
TOI-6008,1.0238938219011038,0.012464056104375155,0.0059499629395687054,894,11498,ok
TOI-6016,1.583591285713761,0.007596652798509807,-0.015925311068605452,605,15724,ok
TOI-6029,0.8867498468358493,3.99466482827044e-05,-0.005341169708408708,238,17602,ok
TOI-6034,2.273550705516824,-0.030665920798435515,-0.002934608046752234,360,18153,ok
TOI-6038_A,1.1446982421968983,0.017493902587493206,0.0005207295774311645,527,12553,ok
TOI-6041,1.428042011995415,0.03227585271383518,0.012613624746996259,143,14092,ok
TOI-6054,1.0017269814354455,0.0013757369242465443,0.001220049525670631,1329,90048,ok
TOI-6080,0.9961580166630609,-0.007739512861370481,0.00476024421383233,130,19088,ok
TOI-6086,1.278343633351207,-0.0016168034165148823,-0.008972406454512,223,13121,ok
TOI-6109,5.543055338282688,0.1598311983002932,0.042047856921976955,37,14197,ok
TOI-6130,1.7341528394505341,0.035862189277629936,-0.009085086601091115,124,16443,ok
TOI-615,,,,0,13107,insufficient in/out points (0/13107)
TOI-620,2.0159871577912876,0.013951030778443658,-0.004303381244491476,96,12583,ok
TOI-622,,,,2,12804,insufficient in/out points (2/12804)
TOI-6223,0.9711892652613489,-0.01110495552926398,-0.008487077967473017,276,15414,ok
TOI-6255,1.0086877989979959,-0.0023854734753812976,-0.002848055872986381,679,11031,ok
TOI-628,0.9731032780258,0.0022279546602987556,0.0020369561702112404,724,85781,ok
TOI-6281,0.9807097574402777,-0.0010854362243101405,0.004978359127312974,1768,105848,ok
TOI-6303,0.44852673174309476,-0.0023762234356292733,0.006526596343313495,24,12659,ok
TOI-6324,1.0158946946799956,0.013847699794832143,-0.0072700647845013195,986,10452,ok
TOI-6330,2.5766325909598966,0.0055200804248325035,-0.007999505644167258,88,12070,ok
TOI-6383_A,1.26764631877605,0.0044111934067719415,-0.012326796759591991,183,11326,ok
TOI-6393,0.9286827170620531,-0.007969388917973809,0.004068270689400677,1661,67889,ok
TOI-640,,,,3,16935,insufficient in/out points (3/16935)
TOI-6420,1.1409403903454092,0.007494148640382096,0.003790432120232071,224,15897,ok
TOI-6448,1.042873641677201,-0.0035579522538631138,0.00486808010114426,2074,83451,ok
TOI-6478,2.399332388486003,0.01154273182974893,0.02129376727257724,139,12411,ok
TOI-654,1.0680051872036074,-0.016497817193689843,-0.008163150443865171,409,14006,ok
TOI-6564,3.2535939169522616,0.020949154204032334,-0.01172215445344967,21,14792,ok
TOI-6628,,,,5,749,insufficient in/out points (5/749)
TOI-663,1.2501158036069957,-0.020759273035562555,-0.0010237535182143788,362,13288,ok
TOI-6651,0.9751657072661714,-0.007108183513544097,0.007009493041784712,1481,81384,ok
TOI-6677,0.9214900218449448,-0.010652901942770554,0.008509111827684617,332,13835,ok
TOI-669,1.1884350948481543,-0.006421477498494273,-0.0030969471270755255,286,14082,ok
TOI-6692,0.8287071183684243,-0.009017935231996137,-0.013417380587966694,114,18880,ok
TOI-6695,0.9522001909891824,-0.005085763826985029,-0.0012070830648016834,1677,89945,ok
TOI-6699,1.2721290967703793,-0.013218786056337549,0.007512206789246521,210,15510,ok
TOI-6707,0.9286902486816812,-0.015466874980423498,-0.0028523787800954544,60,15166,ok
TOI-6716,0.8068638405794047,0.011589556613782052,-0.007312521151074402,94,15962,ok
TOI-672,0.8895179109183068,0.00032641528819283547,-0.0091554108260217,248,14748,ok
TOI-674,3.018896105126677,0.04721312599301444,-0.006960653729176056,253,14375,ok
TOI-677,1.1563092306614058,0.011160712925043042,-0.0011930773632864292,295,15160,ok
TOI-682,1.0839495816392903,0.002142391134402715,-0.009174876300923385,358,14963,ok
TOI-6894,1.6170440020627728,-0.0013220575001391458,-0.004925458050553119,122,14020,ok
TOI-6954,1.545232637245617,0.05975968127676818,0.09992515819335923,25,934,ok
TOI-697,1.0820810342052163,-0.017260736990954186,0.017355641924902618,76,14677,ok
TOI-700,0.8845477784967702,0.0025348518791066922,-0.0007916071912953293,73,18009,ok
TOI-7008,1.4984161092021644,0.05180770285321533,-0.005886216086918561,92,767,ok
TOI-7009,1.0058226914857626,-0.011666698706726649,-0.013168305112427989,189,12738,ok
TOI-7041,0.961284816097877,0.021997287312330888,-0.005519109427646703,68,13465,ok
TOI-707,1.049597413000809,-0.005739898242897394,-0.0024454365276209973,40,18036,ok
TOI-712,1.259721611019987,0.007153813927989864,0.0001017145242087966,228,11903,ok
TOI-715,1.086282998818022,-0.0070778468490641545,-0.015709503041510454,453,16466,ok
TOI-7155,1.362568508404343,0.11626382089991022,0.17640353686654034,44,726,ok
TOI-7166,0.9034220878176824,0.005820526615063717,0.0027456624999277015,88,16927,ok
TOI-733,1.054314242052098,-0.00825233761494413,0.003881589917966858,278,14721,ok
TOI-7333,0.9733010991003617,-0.010290395024891506,-0.009165978553673836,1129,13890,ok
TOI-7384,0.9599434693932002,-0.012506416306348054,-0.010558261790894283,141,14648,ok
TOI-7510,0.9173053618982201,0.017414590967186946,0.0052299413741748926,204,14462,ok
TOI-756,1.047655545505804,-0.012993459758158335,-0.008577787572619407,509,12944,ok
TOI-757,0.9776766807369791,-0.01069771108444455,0.01450993729938202,324,13818,ok
TOI-762_A,2.250674921098959,-0.011124566550228322,0.007665615977523292,167,13119,ok
TOI-763,0.8673710492911232,-0.00931333552132354,0.0010987544935460267,227,14514,ok
TOI-771,1.2109030581185982,0.005052620391556739,-0.00645076986281746,221,14637,ok
TOI-776,1.1699638715443985,-0.0038960614660998334,-0.004317346179260531,189,14572,ok
TOI-778,4.745327756640917,0.02279628131130699,-0.005212397384990077,17,14317,ok
TOI-782,0.8809896712336758,-0.010689691457010875,0.0010870935558379812,66,13045,ok
TOI-799,1.09175209138907,-0.013896636461577792,-0.0040443696769489265,155,16600,ok
TOI-808,1.0659939318418046,-7.720777736449967e-05,-0.012165613217821558,217,12363,ok
TOI-813,1.1093655312170085,-0.00848779584144975,-0.018761235487767078,270,13749,ok
TOI-815,1.0642388125393294,-0.009540253380393863,0.0005996025493668543,188,14549,ok
TOI-824,1.1650095405600887,0.01966845851477026,-0.014186614440458224,299,10512,ok
TOI-833,0.9866820402639351,0.006419274412596804,-0.006091522565715116,694,13440,ok
TOI-836,1.234304503956481,0.011849348373803376,-0.002058247552158006,141,11138,ok
TOI-837,1.472383834202098,0.07984195922383583,-0.001669426341280841,54,15396,ok
TOI-849,1.016008150601024,-0.007335854069914798,0.0031118361522846204,3682,161843,ok
TOI-858_B,2.5249799454452497,0.0018420387627927927,-0.0034550284293082103,392,13120,ok
TOI-871,1.063832262169205,-0.010151946632077339,-0.015385886171245531,106,14018,ok
TOI-880,1.8468084503261128,0.02947629046939434,-0.00310969723638357,178,16650,ok
TOI-883,0.23680084677827407,0.02529083125867412,-0.017277528538563427,20,16978,ok
TOI-892,0.6466933041891693,0.0024442043213968056,-0.007407788549992233,211,16440,ok
TOI-904,0.9922531425748111,-0.012028082559003561,-0.007755989045137582,149,11323,ok
TOI-905,3.817336263765428,-0.005906077062678612,-0.00553785837670723,51,12364,ok
TOI-907,1.0244706446298888,0.01064537689501823,0.007210594842442558,407,12440,ok
TOI-908,1.0558728071327343,-0.015326054264286208,-0.00718576059442778,240,13403,ok
TOI-912,1.139572955481066,-0.01832535787331053,-0.008529347585854873,140,13787,ok
TOI-913,1.0123248673375038,-0.015915004056021198,-0.008021304905162474,135,13941,ok
TOI-921,1.0054633303950862,-0.014535313953099042,0.0030509601427202277,2204,84074,ok
TOI-929,0.8105439327187427,-0.016892711153220743,0.0008569433145224119,110,16435,ok
TOI-938,1.0377632207302283,-0.012991655320358293,-0.007445644424033765,310,16326,ok
TOI-941,1.3305146204690939,-0.014663763166291829,-0.014430927869807717,302,16040,ok
TOI-942,0.7840951586620004,0.0691498521247019,0.017262253903749008,212,16648,ok
TOI-954,0.9527370613858105,-0.005867239268013532,-0.008410203074178902,644,13718,ok
TOI-969,1.2088241647722302,-0.0044054592988009445,-0.008678279765566784,544,14537,ok
TRAPPIST-1,1.075715110105976,-0.004189000884782156,0.00987611005170075,675,77189,ok
TWA_7,4.050089424704847,0.09217906660622795,0.015502151584882376,321,90671,ok
TYC_0434-04538-1,0.7747253258654864,0.20306423832067205,0.15342365562807805,235,6093,ok
TYC_1422-614-1,0.8909017232718126,0.08394202957749958,0.04016385884487576,578,14182,ok
TYC_2187-512-1,0.9835475936281405,0.007378510946055602,-0.0015486811113559448,1086,14536,ok
TYC_3318-01333-1,0.7950590948278856,0.17144182296310823,0.07264639755275933,233,10724,ok
TYC_3667-1280-1,0.8900901996428092,0.09346019727238597,0.014918389058082585,139,10840,ok
TYC_4282-00605-1,0.8973686579313711,0.09136127476466264,0.05280389972565769,305,17003,ok
TYC_8998-760-1,1.9898654767649375,0.06244812335512113,-0.0034243997878002845,177,11193,ok
Teegardens_Star,0.8470578587653099,0.005698066949995233,-0.014263607321240991,79,14205,ok
TrES-1,3.901827349919337,0.05518745397434327,-0.016985291131562857,28,11026,ok
TrES-2,2.924580598284737,0.022645777631134765,-0.013877433757497911,147,15712,ok
TrES-3,3.775641121750006,0.07284408192275511,-0.009119165282693782,128,15714,ok
TrES-4,3.348759950729338,0.06661791618595245,0.02541776766631338,248,15900,ok
TrES-5,1.1224027907888994,-0.005127951510409041,-0.008646284708393619,698,15498,ok
UCAC3_113-933,1.046198190340768,-0.01135905981991045,-0.002916309433555134,212,17451,ok
UCAC4_328-061594,1.4689324189403299,0.00832725336628325,-0.00021362984019051854,47,15399,ok
UKIRT-2017-BLG-001L,,,,0,0,no usable ephemeris
USco1556_A,1.1080838969300524,0.11130158158417369,-0.010263325583078606,101,11823,ok
USco1621_A,0.8584514740075477,0.006742336518078213,-0.00026122233051231367,191,11773,ok
UZ_For,1.5170847031366623,0.37477926254283594,0.014714041036436839,309,14450,ok
V0391_Peg,1.0292278349915132,-0.0052067105032616665,-0.0032465750931951766,6397,89779,ok
V1298_Tau,1.0778090312407085,0.027305139331799462,0.018575635211307374,339,88670,ok
V830_Tau,0.9008472886868832,-0.06518876911515817,0.005413637706916944,384,87473,ok
VHS_J125601.92-125723.9,0.879667280285245,0.033616022282771434,-0.01026175518043002,72,14536,ok
WASP-1,0.9822218749027752,-0.0019638524054010754,0.004124119974162381,1161,100856,ok
WASP-10,,,,0,18734,insufficient in/out points (0/18734)
WASP-100,0.15295959844569704,0.061848525863274585,-0.019417760404881145,22,15003,ok
WASP-101,4.152765443022371,0.01953664378737474,-0.007211670741823758,63,14101,ok
WASP-102,1.1123277934592295,-0.0020880331148518854,0.017069150446752984,677,14483,ok
WASP-104,1.230724216599619,0.02684132924976092,-0.03500457030933416,350,14196,ok
WASP-105,3.3965040418405654,0.03017201766429183,-0.003923807396084222,70,17711,ok
WASP-106,1.6596985157283863,0.003237485985557029,-0.00996994435018846,421,14080,ok
WASP-107,,,,5,52201,insufficient in/out points (5/52201)
WASP-108,4.223434307580706,0.017948070248902527,0.012629226134172987,58,10924,ok
WASP-11,2.8491366652657018,-0.013688244617755037,-0.006139286314873262,34,12519,ok
WASP-110,2.672077357936909,0.01621278799420029,0.0020547181306646138,42,12572,ok
WASP-113,0.6200219767693692,0.008337471554380476,-0.001390688410401937,216,13784,ok
WASP-114,0.8591615828828509,0.022463125689560506,-0.0015629158456245686,424,9934,ok
WASP-116,0.9818134174070254,0.11841218781308076,0.10613596121306801,49,662,ok
WASP-117,1.8418261730689922,-0.0011898054119808595,-0.004346826229930928,57,17727,ok
WASP-118,1.9370691436680592,0.10582669844802477,-0.006689700777074494,151,12097,ok
WASP-119,0.18314223045581177,0.04012080330483672,-0.00609811361345788,48,17082,ok
WASP-12,2.2185233119340673,0.04728142320817022,-0.0016890111334825488,47,14794,ok
WASP-120,1.2606708153910124,0.015503138953901296,0.01118849803308306,380,13457,ok
WASP-121,1.4697779749655484,0.0813532822263967,-0.007800847343644145,231,14020,ok
WASP-123,1.9934031638333967,0.028017902430336576,0.005410993430256068,180,15791,ok
WASP-124,1.5463599785668887,0.015736553164833945,-0.003353334031072452,326,15853,ok
WASP-126,0.7365920141675296,0.07120137701305872,-0.011194831865784695,255,16596,ok
WASP-127,4.431737061124933,-0.025458176442531538,-0.003971051875273126,36,14912,ok
WASP-129,0.17403518547648522,-0.010611123241724793,-0.007843096928452567,14,14577,ok
WASP-13,,,,2,16485,insufficient in/out points (2/16485)
WASP-130,1.3556315531128316,0.025047926579562643,0.008797508593595741,43,11149,ok
WASP-131,3.5225808568062633,0.014303856952687283,-0.009181347835188439,43,11139,ok
WASP-132,2.4692588585590842,0.007323197056526627,-0.0007888833558460355,42,11389,ok
WASP-133,1.2955506662978313,0.011604336241936398,0.012235304139130163,596,12602,ok
WASP-135,2.2206131543258008,0.050506284392881344,-0.015567184061653708,686,14209,ok
WASP-136,1.073392858510601,0.0009878113848273422,0.008803098644923778,614,87626,ok
WASP-138,1.02776700989876,-0.006906575777027804,-0.015052994983301513,297,13368,ok
WASP-139,3.6262690630295187,0.034673317925510296,-0.01784884260648604,194,12347,ok
WASP-14,,,,0,10213,insufficient in/out points (0/10213)
WASP-140,3.3415020656020706,0.06763439682800305,0.014807071103701403,149,13918,ok
WASP-141,1.2509335812881746,0.0018168734736050622,-0.015094133375167974,716,14481,ok
WASP-142,0.9687731827062861,0.018009645803950126,-0.0049433526007489235,510,11100,ok
WASP-144,1.0368986492680885,-0.003953934349511559,0.003672581233666175,908,75746,ok
WASP-145_A,2.241749482242431,0.034764354311802644,-0.011052028292461888,243,15353,ok
WASP-147,1.0593145717191526,0.004225636928955837,0.004004093276877485,836,81580,ok
WASP-148,1.2222382154512517,0.023568096563893387,0.017221965680752405,62,10448,ok
WASP-149,2.585940978834015,0.026889441358032916,0.009137135243736669,219,13914,ok
WASP-15,,,,2,10486,insufficient in/out points (2/10486)
WASP-150,1.272440887258523,-0.009874516859687408,-0.007818159841434006,276,14797,ok
WASP-151,0.7028210005024437,0.053880879199427995,0.017401637305421543,131,9054,ok
WASP-153,1.9348119684686986,0.018146481170395738,-0.001885339282161297,647,14685,ok
WASP-154,3.5618532928567896,0.020032644134836686,0.008039804602747405,270,15003,ok
WASP-155,1.7505679206538574,0.003512233612037072,-0.009063094968141831,592,14954,ok
WASP-156,2.2591269171102453,0.006506369151005877,0.002101701148419593,372,13451,ok
WASP-158,1.0218752566976324,0.01753072663483611,0.004064379409782029,381,12494,ok
WASP-159,1.0883767569719234,-0.0035870850208538085,0.0064558594522929535,1269,91605,ok
WASP-16,1.2410269462761436,0.008505655650514685,0.001782437355986084,90,11153,ok
WASP-160_B,0.98453958869275,-0.007966333214566475,0.010977667638570957,2437,91632,ok
WASP-161,0.9330241797039258,-0.0032234633204556544,0.002397101220601194,660,95485,ok
WASP-162,1.0685886890949463,-0.004542345483230367,0.0010956210330865955,791,85839,ok
WASP-163,0.30978829837639843,0.1082048606687496,-0.020738366099678433,39,11769,ok
WASP-164,0.9944706191360487,-0.005008230433941599,0.012897300474458515,1485,63678,ok
WASP-165,1.0059905418496573,-0.004357008786704078,0.008622049792568831,1043,81471,ok
WASP-166,4.679150942592448,0.09471066782655974,-0.010642603921423932,95,12446,ok
WASP-167,0.6191439953927107,0.08932656681217874,0.00028367719808533153,256,13480,ok
WASP-168,1.013054163644647,-0.011251977811623725,0.0009777504495901042,957,97163,ok
WASP-169,1.0101785846556415,-0.006170506327601624,0.007818594740814469,1331,92927,ok
WASP-17,2.2263403771337718,0.02174133821914005,-0.004389907238716881,46,13104,ok
WASP-170,1.0353422266424057,0.0024148578998163333,0.0039512823741963046,372,78442,ok
WASP-171,0.9859795654765259,-0.0026251459011408587,0.0019826235740261146,1339,85097,ok
WASP-173_A,1.7025345459572099,0.2393647948582739,0.05627283379970515,1020,14147,ok
WASP-174,1.0037999441207246,-0.0106295029650595,-0.001347425338176811,1061,86022,ok
WASP-175,1.6786231863470575,0.020892257521752014,-0.01248075367444198,561,13515,ok
WASP-176,0.8713024445114869,0.0215713204039443,0.016127284701507504,246,11978,ok
WASP-177,0.3563587769487074,0.016033937059640065,-0.01231923813963936,20,9168,ok
WASP-178,0.8194636957907286,0.08025185125057706,-0.003472373201792158,1158,12112,ok
WASP-18,2.0617933380103266,0.03059760678861452,-0.008770162501084597,111,15704,ok
WASP-180_A,1.5047255456370567,0.004426924663066727,0.00803273209487159,956,93742,ok
WASP-181,0.5297538980630073,-0.009343664659858298,-0.009983728232740826,93,12437,ok
WASP-182,1.0185237066087942,-0.0032766696520783534,0.004486283899047639,2230,88987,ok
WASP-183,1.047557776681006,-0.0026422007887697907,0.001540616628904183,1387,74649,ok
WASP-184,1.1917777809101038,0.01660266345487116,-0.006343106611248489,447,15519,ok
WASP-185,1.0599409431516733,0.02044590109164744,-0.012164263512197739,110,10579,ok
WASP-186,0.861945882228175,0.05443654506564729,-0.013906715173262101,62,12581,ok
WASP-187,1.0283762773293021,-0.0007665142455715302,0.0005276179498855556,534,102286,ok
WASP-188,1.00741523396667,0.006867668377066521,0.0032339071037383034,565,14253,ok
WASP-189,1.380403868606778,0.09392654943114039,0.029347603357704206,42,7632,ok
WASP-19,0.22995873362892522,0.05596665885505135,0.02138121460831337,81,13998,ok
WASP-190,1.015911545718282,-0.004936601253835268,0.008158205652411795,1237,82104,ok
WASP-192,1.0193514341661907,-0.004100502526717299,0.0005428779844506297,3075,94400,ok
WASP-193,2.184698006287505,0.00753877407165732,0.008509551992588802,272,16812,ok
WASP-194,2.5545172143883113,-0.004183895124650626,-0.005870494203445575,475,17803,ok
WASP-195,0.9069892276334759,0.007050589664988151,0.02906333577155209,232,11551,ok
WASP-197,0.999890036480938,0.009190594811520176,-0.01114463225224806,461,13332,ok
WASP-2,,,,4,8468,insufficient in/out points (4/8468)
WASP-20,3.464124139386321,0.008421835976332497,-0.011249368557811537,72,17438,ok
WASP-21,1.0247335242305722,0.00179565970062593,0.014138476409767816,1457,93696,ok
WASP-22,0.26675510424467347,0.05482863903495822,-0.008207856415778694,63,13976,ok
WASP-23,1.6641339446009136,0.0058554535179135905,-0.00202323940248949,16,13744,ok
WASP-24,3.433573790804862,0.18072252354129126,-0.04988506760240126,32,6757,ok
WASP-25,2.0572682898478303,-0.007098054195237116,-0.008341186774867162,108,14004,ok
WASP-26,0.988008972261643,-0.0023855487429651785,0.008900822846369007,1786,76918,ok
WASP-28,0.2921064777542665,0.06121394637713052,-0.017400323926366743,30,10612,ok
WASP-29,1.398478146348455,0.012577663021591787,0.005798052471557253,128,17372,ok
WASP-3,,,,0,15626,insufficient in/out points (0/15626)
WASP-31,1.0561130752533854,0.030138890700200125,0.0017297579499272009,11,15035,ok
WASP-32,,,,4,10533,insufficient in/out points (4/10533)
WASP-33,2.042536615047667,0.8574741330585443,0.09689631192852796,101,13062,ok
WASP-34,1.2517463281352779,0.006850926370847262,0.00042900700541858005,123,15315,ok
WASP-35,1.774871639869862,-0.004030896540688401,-0.00022005380372594002,150,16035,ok
WASP-36,0.3449835073209328,0.0236778744214647,-0.025027492039398257,104,11890,ok
WASP-37,0.6524248648046627,0.009712860139864096,-0.003682221622020938,149,7639,ok
WASP-39,2.2618312481120917,0.03926130596858849,0.01498043757969605,33,7702,ok
WASP-4,3.058981906892457,0.01769849471471239,0.005488695472827215,75,16528,ok
WASP-41,3.9500120503503733,0.06144405641537983,0.006582355255686564,12,14120,ok
WASP-42,2.8397833532364753,0.014820749164546829,0.002838296781733109,19,14417,ok
WASP-43,2.35847318930874,0.07720686730589862,-0.011902726739735914,315,13253,ok
WASP-44,0.8259672513309781,0.0020381130805947403,-0.0022676808481583177,367,11560,ok
WASP-45,3.4632493832931583,0.05524146372841806,-0.012108026093766773,226,17027,ok
WASP-46,2.602643677374706,0.06574181373868633,-0.022673975969897394,364,16313,ok
WASP-47,1.0293073535297317,-0.005598595377360278,0.007568412983298592,246,55833,ok
WASP-48,2.237682051972229,0.1083341923638562,0.005083677166111464,457,13119,ok
WASP-49,3.2737743774702084,-0.013792419361769519,-0.010685420903545646,141,13769,ok
WASP-5,1.7713959110563695,0.08887861778387696,-0.03071182842849739,180,16521,ok
WASP-50,1.3584416058986881,0.04167425569632812,-0.01337837034728859,11,13717,ok
WASP-52,0.4043369680238748,-0.0014823521769640594,0.007192970509379514,699,95583,ok
WASP-53,1.0357343740348381,0.04622377313355262,-0.007224916946832767,26,12561,ok
WASP-54,3.4699066999742505,0.03195216917587152,-0.00012685022697975681,14,12668,ok
WASP-55,3.356062909869013,0.02545807622687063,-0.01406590346587422,24,14321,ok
WASP-56,0.6816569696050604,0.02238510368665325,-0.006533286583905919,261,14574,ok
WASP-57,1.072033084192561,0.006888646007151926,0.002567364926439807,69,6797,ok
WASP-58,0.14950224173428633,0.026504207658874086,-0.006295745396155141,12,16654,ok
WASP-59,3.075141857995841,0.015668073245362228,0.0066758380780866195,11,15627,ok
WASP-6,,,,0,17529,insufficient in/out points (0/17529)
WASP-60,1.406777075795713,0.03052710937469894,-0.005102452556257087,623,15656,ok
WASP-61,0.866417523805613,0.04842735701495513,-0.010298111755481799,394,15412,ok
WASP-62,3.551929054237698,0.020085887591715753,0.005825546343297264,39,17358,ok
WASP-63,0.599610465432433,0.03049512550740765,0.0009470259444837258,185,13105,ok
WASP-64,1.0414697621279114,-0.07276206877603889,-0.006009360788817924,662,11818,ok
WASP-65,1.1841878060750957,0.002525691291202229,0.003462109127214452,1799,90804,ok
WASP-66,0.8310967474029376,-0.004089588447259103,0.0158642569281855,352,13907,ok
WASP-67,1.121220972221367,-0.005034714458890846,0.004600075741736916,1040,88161,ok
WASP-68,0.5247861616021092,0.06713319798380374,0.0021503433779305305,213,14011,ok
WASP-69,1.6632275628334714,0.04053985847477597,0.017196561483438982,267,95105,ok
WASP-7,0.952975351166031,-0.0005543306568134374,0.0018945142057364905,986,90696,ok
WASP-70_A,0.27676425408513433,0.011959920772678143,-0.006954603754624042,19,14941,ok
WASP-71,1.7198105896819735,0.07231936222381363,-0.014249822783833044,688,12146,ok
WASP-72,1.1478074710466657,0.022664537649398363,0.009213736427270879,780,9889,ok
WASP-73,0.9707155304852103,0.03128355427096418,0.004339445165493231,820,14603,ok
WASP-74,0.9938026284519386,0.009714968661665381,0.00810626671502191,759,81597,ok
WASP-75,1.8149965319287955,0.02237934387260257,-0.005194568028647295,51,9083,ok
WASP-76,1.6693678609437435,0.04476705578968889,-0.010483654421045631,155,14136,ok
WASP-77_A,9.556282184035997,0.20217884500068267,0.01884680723056124,22,13486,ok
WASP-78,1.3501544801271617,0.014976625750754506,0.00497668599775076,1176,12086,ok
WASP-79,3.37573403869541,0.04016942090808051,-0.015452922530191864,43,13731,ok
WASP-8,,,,3,17719,insufficient in/out points (3/17719)
WASP-80,0.6150523699607388,0.05307368946831247,0.015487807446611577,28,57278,ok
WASP-81,1.120410169283195,0.08505222825642589,-0.002706637628950741,222,8155,ok
WASP-82,2.7885962769303543,0.06715416303314993,0.01626975694262199,27,15835,ok
WASP-83,0.47570017961285693,-0.0008550780663937968,0.0032511542182161748,136,13927,ok
WASP-84,1.1269046757289198,0.011756410409324477,0.01399550582823823,488,95375,ok
WASP-85_A,,,,0,15287,insufficient in/out points (0/15287)
WASP-87,0.8022249858184519,0.1678275786896082,0.03585983495961019,343,12937,ok
WASP-88,1.0331312195686342,-0.004063042742267913,0.0027631101322747056,723,93489,ok
WASP-89,1.6381740323905256,0.03918590409220243,-0.0012643120567083167,294,14740,ok
WASP-90,2.088369444628612,0.036747014771698346,-0.008325550332038766,256,12176,ok
WASP-91,2.5701505142623895,0.008199855927354203,-0.00026267170127941184,144,17187,ok
WASP-92,1.8720875903139946,0.07187517005038109,-0.005925744673610237,518,13121,ok
WASP-93,0.4602098786384048,0.021505285313411664,-0.01913632796227252,51,11985,ok
WASP-94_A,3.4130924528810924,0.01406364691107364,-0.00948564588934728,110,16942,ok
WASP-94_B,3.595718813388994,0.03749662529966908,-0.01295391482353023,19,17080,ok
WASP-95,2.2536969594261738,0.051838307188262246,0.009167794746893927,210,16584,ok
WASP-96,0.8581956034016944,0.020701033661017425,-0.010237766890562286,144,17272,ok
WASP-97,,,,0,16962,insufficient in/out points (0/16962)
WASP-98,0.6686821476937564,-0.004297322910406454,-0.004720659031597153,29,13985,ok
WASP-99,2.891909037202298,0.021380085822767243,-0.004836751794643901,28,12399,ok
WD_0806-661,1.0937168521792193,-0.011705727037333899,-0.003508875137563184,157,17781,ok
WD_1856534,0.8967138022107412,0.012878529907010711,0.005654891180028551,179,13573,ok
WISPIT_1,0.07883610469234996,0.9418739054314482,0.9003031800654848,84,669,ok
WISPIT_2,21.305402460607617,0.29145088948536535,0.032419714394252265,26,9317,ok
WTS-1,1.2889611392817284,-0.003037822187424829,-0.0027175049189061607,185,18849,ok
WTS-2,1.0379155388679253,-0.007111144874332318,0.000290258060512339,899,16090,ok
Wendelstein-1,1.418587541302736,-0.01290664873647144,-0.0059561530586022746,459,16561,ok
Wendelstein-2,1.118923551813614,0.002674630388411602,-0.01167291376166481,718,15589,ok
Wolf_1061,1.0319073256648907,0.0034141466161181654,0.006234912048387705,2541,64308,ok
Wolf_1069,0.9668191113364324,0.07534574921556061,-0.04492650416986569,1729,9508,ok
Wolf_327,1.1348822874502373,0.009111913203391043,0.0010942881264470908,473,15466,ok
Wolf_503,1.1065894332347925,-0.0034784673404367515,0.013895253910068971,81,11053,ok
XO-1,1.7824511692665312,0.01937977585302257,0.0005144709486906552,126,14738,ok
XO-2_N,0.7254843996718435,-0.04409184370468742,0.0173317994109674,261,14993,ok
XO-2_S,1.9067499894264,-0.030161488407381778,0.005348470922167779,500,14644,ok
XO-3,2.1869565533211803,0.009552435890431673,-0.012348149430753685,117,15796,ok
XO-4,4.222714615995455,0.028573961178834113,0.00913736652007607,62,16574,ok
XO-5,3.1883450384482783,0.05297376497841333,-0.016954287266136917,136,15690,ok
XO-6,1.5648875988909945,0.004328386215028471,0.01655540063370576,15,15934,ok
XO-7,1.735420008509704,0.028903394906140842,-0.008938094567664154,174,16039,ok
YZ_Cet,0.9565798942499861,0.22977993919051048,-0.015301860823992923,352,11399,ok
ZTF_J1230-2655,0.9891229723415949,0.005951542486709632,-0.008475008881758268,52,15046,ok
b_Cen_A,0.49323119320752107,0.7815091183083778,0.12289771271936008,157,10924,ok
bet_Cnc,6.155513610798312,0.7397564707318045,0.39239603817620855,224,15249,ok
bet_Pic,1.9040408099896537,0.8972321828257827,0.41615040332229225,179,13973,ok
eps_CrB,1.748827742571424,0.40191095878524624,0.2247559539034169,127,15688,ok
eps_Eri,7.625518299737755,0.4034907878330832,0.07824704702450214,122,14206,ok
eps_Ind_A,7.818333672751324,0.1631614773653593,0.011136603436323615,66,17867,ok
eps_Tau,0.8835487032865111,0.9237518705815737,0.2877028694223522,197,14897,ok
gam_Cep,0.9678430845566361,0.6504026441838292,0.0008924601315225541,509,13076,ok
gam_Lib,0.9734289005206018,0.06351526106221263,-0.0013290710371653964,244,71469,ok
gam_Psc,0.8732633975919936,0.6852542281356715,0.34401877544499154,761,8191,ok
iot_Dra,1.1647172884535688,0.9305953244667583,0.45189278306898634,907,11680,ok
kap_And,0.9244884699113353,-0.06192900563600088,0.0022295343679587486,1641,97672,ok
kap_CrB,1.267198045503705,0.6992182667697938,0.0637374950033981,142,15117,ok
mu2_Sco,0.7423669563238439,0.29998124429752676,0.14083326124828288,522,12327,ok
mu_Leo,0.5297940080738531,0.9126873627887252,0.5040228520758406,294,16122,ok
nu_Oct_A,0.8410132962202519,0.8436186852757308,-0.20799908033204803,130,16761,ok
nu_Oph,0.24402514380156895,0.6168696697156775,0.1641311839860977,110,12286,ok
ome_Ser,1.1106563952735053,0.6792432015341089,0.29189802206253485,161,6393,ok
omi_CrB,1.0130815434898615,0.2554173224545804,0.09147345408009579,1184,13411,ok
omi_UMa,0.4829562702609542,0.8162029348671148,0.2624238972281666,205,16756,ok
psi1_Dra_B,1.0046646742063439,-0.3120446484085855,0.009130313610594283,219,17633,ok
rho_CrB,1.2969935403417214,0.09141705269138471,-0.00860423047303658,208,14854,ok
tau_Boo,1.1365440679611591,0.14968324205123365,0.004812630749220836,63,12844,ok
tau_Cet,1.008098153431836,0.18043243941796444,0.01061518271353482,68,12622,ok
tau_Gem,2.6017431035839547,0.5086782050614541,0.29168797727070284,230,15517,ok
ups_And,1.8210937805597023,0.23897246201912456,0.00598130160483691,167,12235,ok
ups_Leo,0.4002859608950425,0.9210578565278997,0.42274938548832874,103,15786,ok
xi_Aql,1.0048081985631596,0.7425006393814296,0.4194908990290078,221,8721,ok
TIC_103865797,0.9858486493099434,-0.0068642628564499035,0.0009212076381388631,382,47349,ok
TIC_124709665,1.0459109867219156,-0.0021172440825706026,0.0013264756822252604,1889,93882,ok
TIC_129319156,0.9833616503033781,-0.004136797612754001,0.009133042287343192,702,105138,ok
TIC_139853601,1.0021708500688284,-0.00347081159339875,0.005154307526802549,4098,80051,ok
TIC_140706664,1.007750399083402,-0.0025308643081923036,0.007891369785802096,1720,73846,ok
TIC_141482386,0.9553860867951307,-0.0011991768931918238,0.0010331600955138156,2573,84444,ok
TIC_143257766,0.9453570224611099,0.024744051327414734,0.009362000923730228,719,58547,ok
TIC_143994283,0.9425447875010531,-0.00703407051375705,0.004394086109807771,2145,89932,ok
TIC_149601557,0.9611226650422153,-0.009766337594811613,0.0046896079772207,959,92271,ok
TIC_155044736,0.9694865083748397,-0.002233295088362246,0.0030424630917319194,2551,87191,ok
TIC_155491828,1.0092134352339661,-0.0017325608426179298,0.004418212278314711,1619,91613,ok
TIC_156115721,0.9201952356115356,0.0021769879665766365,-0.0016733426293684785,438,94502,ok
TIC_164150539,0.9803743472746413,-0.0021028847515234084,0.005575199786437893,1542,108446,ok
TIC_169904935,1.1609443509084834,-0.005814713313106789,0.0024831377455950807,811,96221,ok
TIC_17129975,1.2404384977261707,0.009208268215781473,-0.006583347002937757,674,16709,ok
TIC_17150865,1.0010489504049795,0.06539049748085721,0.026294109983015977,163,14676,ok
TIC_172110606,1.0513664438382184,-0.004418185750945397,-0.00391306980124623,679,13920,ok
TIC_172464366,0.2801665510175681,0.12686606902053502,0.027529264495457284,66,13607,ok
TIC_172630205,1.1156052781539272,-0.005608610542799628,-0.013192043293057924,86,13576,ok
TIC_172754786,0.9886696986226229,-0.02254007811179355,0.002468474218341341,394,16324,ok
TIC_172871230,1.001877554469262,0.008004081339962655,0.0021220247179279486,506,16579,ok
TIC_173860688,0.9905411948883817,0.010838403141662923,0.0012857845507499904,586,6965,ok
TIC_174143743,1.250273580970659,-0.009079369922129585,0.004031544254084573,115,12608,ok
TIC_17416749,1.3311323538145192,-0.016267677637122106,-0.006810415882847496,128,11242,ok
TIC_175079720,1.0216936272835848,-0.012069502371548047,0.005100680370897751,1918,84300,ok
TIC_175180796,0.9714695653339968,0.0006968581147445093,-0.006349599947855875,542,14155,ok
TIC_175310067,1.0222536516898162,0.002571104260749892,0.0030658435509824783,1620,92143,ok
TIC_175476629,0.8545375108112888,-0.06486101666885875,-0.040149007421478776,31,1071,ok
TIC_176772671,2.020492514082428,0.003744445470902244,-0.008099375775319294,464,11762,ok
TIC_176778112,1.0759095344504626,-0.006151315715689975,0.010913370698538902,406,13099,ok
TIC_176831592,1.8120053901641457,0.036479586889320216,0.023835958768268484,538,12558,ok
TIC_176984236,1.5878628736957254,0.02604737441417176,-0.007991013927435103,502,12518,ok
TIC_177126182,1.0610414737941123,0.00426769779181551,-0.006180426742328647,338,16100,ok
TIC_177612321,1.2262755020264222,0.005516269762265211,-0.005324070528074453,330,12354,ok
TIC_177722855,0.9683568491591124,-0.011589825220346125,-0.007975781996451268,1171,12771,ok
TIC_178959058,1.0779282423564551,-0.00448300337357006,0.0018936001265820886,378,15763,ok
TIC_179033846,2.7059160787915273,0.013611932312872851,-0.014369633531324432,38,750,ok
TIC_179155220,1.151727001591358,0.011327304684873373,-0.004036065344123565,1991,9609,ok
TIC_179159972,0.8861360970819521,0.021750276303896938,0.0025480882586997413,1953,9585,ok
TIC_18017227,1.0129606010551568,-0.006562437420431029,-0.004627621255765995,233,14337,ok
TIC_180987952,0.9209262800208605,-0.008124840347500998,0.0030824083089201534,238,12847,ok
TIC_182470056,0.9052703554782602,0.008992333988195026,-0.00041532987310180926,182,15131,ok
TIC_182943944,1.3212343508505617,0.0031051644990097087,0.011353951167287104,493,14972,ok
TIC_183979262,10.244891453292489,0.08578218771312571,-0.0030509267559027634,63,17505,ok
TIC_184679932,,,,5,13918,insufficient in/out points (5/13918)
TIC_184869170,1.1354155885048445,0.006632324019007466,-0.0040599938827749135,118,14199,ok
TIC_184952758,1.3552412477886437,0.0013599923036152447,0.01034664024497974,327,11948,ok
TIC_185226925,1.0060538156881706,-0.012234600871725338,-0.0082422404352529,1109,15347,ok
TIC_185405474,0.32629992395632496,0.8071534952177777,0.7547557345509199,145,677,ok
TIC_186000935,0.9698041598956392,-0.013045221502173,0.001523870608538291,217,17454,ok
TIC_186599508,0.9561789824716935,0.0017531105512416057,-0.0054371410403267345,274,13738,ok
TIC_187029841,1.0238952446394458,0.16002927621948068,0.16382351999066352,35,838,ok
TIC_187532854,1.2190642548787936,-0.0016578351817929588,-0.0006897002671717059,130,10909,ok
TIC_188593930,1.0583964011352456,-0.009238895518246422,-0.006103365696348366,398,13289,ok
TIC_188989177,0.935140582149035,-0.0037438722788971975,-0.0038596592928216733,518,14614,ok
TIC_189013222,0.9256311593305822,0.049245868032385044,0.024566848523780965,55,17286,ok
TIC_189620016,1.3557275307369978,0.00533803794773145,-0.01185671396134737,196,14887,ok
TIC_190081497,1.1168419204702045,0.015613253588197578,-0.003127476670346744,183,15272,ok
TIC_190271688,5.111678380778079,-0.0005727428846028772,-0.0077907892870631755,20,18014,ok
TIC_190430205,1.3471519393035825,0.31599996127164953,0.3013869647985622,65,569,ok
TIC_190442486,2.139906638835453,0.38049486293335827,0.39790017182784365,30,696,ok
TIC_190743990,1.000882010441054,-0.013180443346748899,0.006092245618383418,1945,102243,ok
TIC_191146556,,,,7,772,insufficient in/out points (7/772)
TIC_19155785,0.9550412832971982,0.01837194422743884,0.0021768928755572796,102,14003,ok
TIC_192372961,1.182354507193811,0.019812039194027364,-0.009583546995482506,670,16597,ok
TIC_192520375,1.1700326280102011,-0.018522928531480718,-0.008203412214552673,504,13615,ok
TIC_193628179,1.0188949724658931,0.008806877709945184,-0.007745813624568343,463,13957,ok
TIC_193708920,1.0133697459652782,-0.03740209343808431,-0.012022614872668624,1419,13340,ok
TIC_194179013,1.0892311261651892,-0.004491065420941635,-0.011547241069084422,390,11839,ok
TIC_1950736,0.9251777787445259,-0.013849374023649942,-7.756823906184381e-05,295,13911,ok
TIC_195093356,1.5800988275637338,0.04750292820813824,0.004767163898870659,505,14318,ok
TIC_195199644,0.8519434105524128,-0.006620652532329579,-0.004215576557744935,88,14235,ok
TIC_196286587,0.9047796290162583,-0.01569882268964913,-0.004106417333223771,130,16198,ok
TIC_197650870,2.73631321812845,0.1615910987679826,0.06202752860496453,339,18274,ok
TIC_197959526,0.9489211439468281,-0.012753168377848722,0.006265941647937959,119,13176,ok
TIC_198616607,1.1206009342147847,-0.01252542681195033,0.008488624215413116,185,10287,ok
TIC_199162630,1.1630096235244205,0.019809077207904622,-0.004300017965038349,323,17732,ok
TIC_199688472,1.5347945279265875,0.012663125485673518,-0.00704320596122248,130,16709,ok
TIC_200593988,1.0386344756424142,-0.006795690609153726,-0.008221844633729287,183,13818,ok
TIC_201154493,1.3206577162869138,0.17105880877836332,0.14735659688791686,58,705,ok
TIC_201233610,1.4108305850200171,-0.01935566828526548,-0.002864123825893648,137,13105,ok
TIC_20178111,1.0707864312081519,-0.016202194525364234,-0.016288356382415686,428,12984,ok
TIC_20182165,0.44608856725541646,0.7820323091633753,0.18552979791113564,52,13013,ok
TIC_202428245,0.9885756151398406,0.015151469773399187,0.006124553656185518,92,13386,ok
TIC_202468443,1.11160440496388,-0.005281499906242648,0.002789670929638315,633,69585,ok
TIC_206466531,1.0309703946962525,-0.012918352925832646,-0.0026334526732107264,675,10288,ok
TIC_206498307,0.6686323245704434,0.03856416074024642,-0.009753510506835835,178,12793,ok
TIC_207084429,1.0795402961418727,0.03757235520458706,-0.0016854308369799117,402,16957,ok
TIC_207501148,1.0139368699054319,-0.01802235053485086,-0.008766976180136948,346,13593,ok
TIC_20988926,1.0439149931783382,-0.0005712045182644545,-0.014654787805252636,344,14129,ok
TIC_210337597,0.9864865084246217,-0.001252755295972286,0.0037239428763153155,597,10224,ok
TIC_21755546,0.9350874876826212,0.2151478540563884,0.07778412653207556,297,18438,ok
TIC_219151731,1.8520442181786063,0.11495477916480565,0.11100590969657238,58,913,ok
TIC_219164808,1.4543175107688633,0.006675254366008722,-0.006820559498228075,290,16021,ok
TIC_219205407,2.08553245669196,-0.0004363486852953825,0.0022582612963498237,40,13897,ok
TIC_219208037,0.9574812207572438,0.0009116560762123294,0.006749376839496653,258,11086,ok
TIC_219239945,1.0606362380881529,0.001680379286886989,0.0031960419390654896,601,10243,ok
TIC_219366908,1.594544671105152,0.037314276634859776,-0.09743500853398582,40,739,ok
TIC_219379012,1.1177207168582437,-0.012732628559729602,-0.0007198888095189384,396,13140,ok
TIC_219388773,0.8456969922742249,0.003238722946379847,0.008239655440990255,360,13065,ok
TIC_219466803,0.930573724217798,-0.010209587009801093,-0.003362725171032298,258,11537,ok
TIC_219467837,1.3161241007544882,-0.01823900883447473,0.0025383078603028932,49,12349,ok
TIC_219766989,2.1709646125632336,0.05326533530424647,0.04189364352559469,13,932,ok
TIC_219821826,1.9084894086109327,0.027324304579770718,-0.015799698739962852,146,17631,ok
TIC_219824469,0.9666157764249126,-0.03002350890897326,0.018873188978055053,247,12122,ok
TIC_220016044,1.2658386643464314,-0.038184691010118295,-0.003967167416321066,83,15274,ok
TIC_22020459,1.069281260134709,0.0009114452153654096,-0.005491031282999121,1129,10837,ok
TIC_220396259,0.925357117306771,-0.015301931076944322,-0.015770550996741264,291,11819,ok
TIC_220435095,2.3183075250016643,0.022231535916301687,-0.01602723523859594,325,14678,ok
TIC_220518305,0.8796682886796469,-0.0017610627018077487,-0.010922282535975502,100,14756,ok
TIC_224313733,0.9162120197476885,-0.013941255273921446,-0.014748075154132748,400,12180,ok
TIC_224418572,0.8310712229832683,-0.011797391139088753,-0.001531569402988586,63,11334,ok
TIC_22843856,4.542425474549295,0.06680289909685491,0.00466735949643359,406,13005,ok
TIC_229091748,1.1681270436800408,-0.015282755450297236,-0.007447096231138614,452,12979,ok
TIC_229141709,,,,9,14800,insufficient in/out points (9/14800)
TIC_229285649,3.2093447624506117,0.01918170316092301,-0.00564769859382001,60,14469,ok
TIC_229384040,1.0054205614108416,-0.0013851414953406983,-0.010211426877518638,1786,10301,ok
TIC_229536616,0.5555470778327797,0.02074076871715177,0.007075266783337367,305,16462,ok
TIC_229770036,0.947370677383683,-0.001974170591879371,0.009959970014774533,371,16940,ok
TIC_230017325,0.9693452714883952,-0.017030396178982866,-0.0036501742869704773,270,18528,ok
TIC_230075120,1.0182347509018332,-7.965307464168701e-05,-0.012931907868290501,88,16536,ok
TIC_230086768,1.8327625898653295,0.019298997918122143,-0.0186290007624656,88,14654,ok
TIC_230267547,0.8611608506760167,-0.003332402082649857,-0.01719004936044738,158,8920,ok
TIC_230386397,1.0447219070401865,-0.0002556709858298223,0.003753522788260208,938,13859,ok
TIC_23113034,1.1142434209131453,0.01073111037230465,-0.003293290895718913,419,13747,ok
TIC_231703293,0.8174039603306301,0.03802704107133141,0.010782867086504961,83,827,ok
TIC_231721005,1.0373696243034056,0.00033184013263174496,-0.00576997107822051,104,18441,ok
TIC_232679662,0.6346294894316089,0.7800149467009552,-0.7269879958536578,303,18091,ok
TIC_232967666,1.3701195282956313,-0.004512240732559674,0.001437727742439724,71,18336,ok
TIC_233390838,5.201007637186261,0.05200532343556552,-0.007805937621071755,75,12595,ok
TIC_233497719,1.572950019975394,-0.0012089306953379066,-0.0025748051751303567,495,16192,ok
TIC_233503636,1.0015142513484745,-0.018002918528270337,-0.011184819025215882,316,17035,ok
TIC_233541860,0.9868777014446886,0.004692385791059134,-0.003207825737462411,1066,11043,ok
TIC_233569098,1.3278250408014918,-0.01306892696543103,0.002733622184993566,126,19148,ok
TIC_233681149,1.1175628030792322,-0.010072317505677985,-0.0029413713502657096,315,17504,ok
TIC_233684822,1.0623173221924995,-0.009055918824519737,-0.0005112253756138968,288,17484,ok
TIC_233720539,1.1176779065909577,0.04121787897321001,-0.002206440593853814,1122,14859,ok
TIC_233735068,1.109100851000276,0.002118044428986347,-0.005421296323689461,185,12284,ok
TIC_23389848,0.804385576455276,0.23019131686783156,0.009360633939339374,76,18659,ok
TIC_235684392,0.9788187823766495,-0.006151589007693568,-0.017679718952431145,198,15505,ok
TIC_23650642,1.0840749447525366,0.008169941566874605,0.00880572415741315,654,14006,ok
TIC_236775063,0.9778353854889403,0.007069468702922286,-0.008474682270595712,731,12720,ok
TIC_237101326,1.0704530083150423,-0.018765419318187492,-0.006810969646612829,496,15012,ok
TIC_237185205,2.5857110774769425,0.019210733637400793,0.006385111824616692,60,18077,ok
TIC_237200747,1.0772972423317426,0.014491053041110478,-0.006482837342481142,108,17829,ok
TIC_237235093,0.9856442833244139,-0.004344437237915075,0.0005619648848325282,1210,7780,ok
TIC_237751146,1.0526838922846584,-0.006682596618615668,-0.01362742600638885,741,11779,ok
TIC_237808867,0.9217446418230434,0.0005236548928524462,-0.003941660019418594,804,14184,ok
TIC_238162973,0.8249744950531358,0.00934404884768012,-0.008631931461801818,92,15076,ok
TIC_238197709,0.996603197323087,-0.026512541263474135,-0.007975759145315897,160,13858,ok
TIC_238374636,0.9539630353012877,0.0016595704494856227,0.004569605995933149,1312,11631,ok
TIC_238597883,0.9917264713151274,-0.00392254562078072,0.001908340729485244,822,94108,ok
TIC_239136269,1.1272289995721183,-0.0027897747034172278,-0.011132254969567773,618,13277,ok
TIC_239372503,0.8291121484987728,0.004360843434927405,-0.00219406560086289,169,18884,ok
TIC_239541449,1.0270542203202475,-0.0014969156973058612,0.008274375417196382,1493,108364,ok
TIC_239638934,1.0516938219872434,-0.004291194571501467,-0.005699827755157985,342,15829,ok
TIC_239722954,1.0377702995151064,-0.002059123246807968,-0.0005982127756999471,877,13311,ok
TIC_240148934,1.0512363931392792,-0.00346613522154528,0.007684473328445381,590,13092,ok
TIC_241065596,2.057721119903843,0.09025505750550594,0.2661180495022885,30,730,ok
TIC_241102583,2.0207801786380455,0.02296120954348831,-0.008412238158135887,543,14924,ok
TIC_241174783,1.2330299562024876,0.00021210551614918177,0.005932933355688205,198,15742,ok
TIC_242083025,0.9939300974464351,-0.0049175694945378995,-0.002614798361502233,192,14590,ok
TIC_242536549,1.3421639363193987,0.0011935879708881172,6.573064158730134e-05,260,17278,ok
TIC_243153196,1.866794942846673,0.025105844095225777,-0.019672937297692223,105,17628,ok
TIC_243283955,1.0810554866100033,0.031804112142289426,0.00036408747710423684,137,661,ok
TIC_243333538,1.769826843678996,0.010274811339041715,0.003884292217474898,638,15576,ok
TIC_24364065,0.8243709833381986,0.01121919507054772,-0.008166199935491015,395,18026,ok
TIC_245462406,0.9514620728168609,0.3786715552337328,0.3331137102953718,67,698,ok
TIC_247873937,0.9301663822649635,-0.00867003983087116,0.0009813145384459491,463,12694,ok
TIC_249067445,1.0016336762710207,-0.0028491019828739868,-0.0010660031317079508,810,14029,ok
TIC_249812036,1.6866830505661277,0.11301805363865303,-0.0009127875351020091,110,19011,ok
TIC_249862365,1.984623219795678,0.3463841549472957,0.33967940075744635,41,798,ok
TIC_250386181,1.5964027107744139,0.008862347537902519,-0.008634154667983705,354,13415,ok
TIC_250484865,1.027605785087294,0.002659651155877513,0.005166316516537665,1328,12155,ok
TIC_251209368,1.1418117500698268,-0.020503096239589857,0.009555670519801017,613,10841,ok
TIC_252537013,0.8224084262703744,-0.015329997184444952,-0.014726964394695232,172,11074,ok
TIC_252636888,0.9082173719554715,0.026795489004996495,-0.032457094283304885,1120,13713,ok
TIC_253030300,1.1634086602009068,-0.01185988066905804,-0.008789235173137924,162,12075,ok
TIC_253132689,0.9645998511742532,-0.015921483853998858,-0.009762181939983513,284,14923,ok
TIC_253917293,1.2917592522330725,0.06431612811064084,0.056671131145643726,38,971,ok
TIC_253990973,1.0828719736527415,0.00654900848380325,-0.004682852844993784,817,13960,ok
TIC_254629854,1.4838304589479514,0.15072612259454923,0.05333385450269457,34,704,ok
TIC_255760319,1.12428697321496,0.0032914570806464975,0.0010261743503059012,398,13020,ok
TIC_255851356,1.149554359469892,-0.028724044019645126,-0.010920863330583676,266,2646,ok
TIC_255918903,1.125801427535807,-0.015295689957370712,-0.010071481894101886,684,10763,ok
TIC_256349966,1.1328246915446978,-0.004228434744291097,-0.022885682178392958,112,12305,ok
TIC_256621916,1.2298648364718234,0.003453574435732425,-0.007339204466335438,540,16166,ok
TIC_256886630,1.188808873738856,0.0017128822580359626,-0.003854693647836615,136,12223,ok
TIC_257052211,1.3144942212408972,-0.3552773856902901,-0.08515438350990541,36,692,ok
TIC_258402425,1.098187202617334,0.0015125928987183665,-0.014160104716078419,152,18995,ok
TIC_258557847,1.090257408938415,0.02129341982039244,0.016476726210357704,104,11538,ok
TIC_258777137,4.491168415385744,0.10491446759600453,-0.006709635970754041,342,17186,ok
TIC_258801269,1.025858325186345,0.0011825045351179166,-0.00041695359589487535,636,17062,ok
TIC_258871793,1.2199577252295648,-0.004681811225818365,-0.007053155796265825,319,12148,ok
TIC_259126549,5.96231186626921,-0.008448206892476636,-0.004363440155697232,23,12296,ok
TIC_259129875,0.9535607032511016,0.011841277285504161,0.0031270295747923135,1117,15183,ok
TIC_259151170,2.3230452768080774,0.023961535404318942,-0.005681037889731913,66,18829,ok
TIC_259389219,1.0731662892277762,-0.0077539573342112625,-0.0016624408781725417,257,15069,ok
TIC_259701242,0.8294108918543327,-0.015885380300225252,0.0073716485350029965,86,12575,ok
TIC_260043723,0.8597409965617235,0.004008825635499109,-0.0034796182757419417,591,15652,ok
TIC_260271203,1.3239096324385502,0.0371909537904408,0.006866758274658091,306,16940,ok
TIC_260298958,1.271906727245371,-0.007165222095207248,-0.005697854788723062,770,13763,ok
TIC_260476837,1.3211142010933852,-0.023892422083721544,-0.016089819003364633,208,9604,ok
TIC_260609205,1.7617349539916576,0.016086502040853653,0.005605315184265529,672,15543,ok
TIC_260849386,1.0530813796400373,-0.004047558408700366,-0.011049855469548323,341,14993,ok
TIC_261141602,1.0140155538970876,0.012302464139877331,-0.0024775385515368605,292,9848,ok
TIC_261258875,1.0390965961949141,-0.003848636751554598,0.003712986436605996,432,86497,ok
TIC_262135904,1.1611350448766835,0.040951321192397236,0.0004479068828684807,216,2621,ok
TIC_262499797,1.4953007487654104,-0.008323972856175931,0.001869745726870081,356,13922,ok
TIC_262530873,0.9980322461795957,-0.07796887169539067,0.028577537237705133,691,10406,ok
TIC_262531275,0.9313026786190963,-0.0080815419417976,-0.0006638737719397104,241,12264,ok
TIC_262781201,1.0009381872977534,-0.008264683215361066,-0.010100585489035006,593,10748,ok
TIC_263203229,1.0244684586300157,-0.011850893679399703,-0.010914908017765452,388,14465,ok
TIC_264303333,1.0325963079649,-0.00803171595624875,-0.006438837761413327,194,17540,ok
TIC_26433869,1.0547933896293384,0.14963897326098619,0.02809353668354957,745,8656,ok
TIC_265077027,2.739860805672021,0.02561991227629678,-0.0073483724225291555,275,15957,ok
TIC_26583436,1.029553256820824,-0.002736332469036364,-0.004973212558857016,216,16268,ok
TIC_266688542,0.9748056342770466,0.014870241459002825,-0.0022013643732730222,777,16355,ok
TIC_266843799,1.1106180215811503,0.2448216361554861,0.09327275299734727,103,585,ok
TIC_267484653,1.0344063034272977,0.03683376455830324,0.0027509924166394285,630,13813,ok
TIC_267489265,0.9729297401953151,0.04992634567798029,0.009012300218560986,742,12125,ok
TIC_267527924,0.9891266602454428,-0.01610726924416331,-0.005942867832549152,947,13065,ok
TIC_267561446,1.032705052448051,-0.009288710763667832,-0.01481422846483697,999,13574,ok
TIC_267867517,0.6923298946590112,0.020615305814128567,-0.012768499049288654,113,18429,ok
TIC_268042363,1.5213166106540472,-0.008752973639095066,-0.0030239715714057507,72,15206,ok
TIC_268371979,1.2827079364685046,0.011374840406497493,-0.008842998752781533,450,15686,ok
TIC_268405086,0.9368204220327367,-0.009434238553781928,0.0016312156320207564,249,13435,ok
TIC_268439377,0.9695617909051392,-0.02135951047250935,-0.008923511145958142,428,17451,ok
TIC_268727719,1.0523170283900967,0.00017689596033395506,-0.016358709949088387,570,14401,ok
TIC_268914377,1.0325426486128912,0.023352442583805172,0.007331826068706907,537,14942,ok
TIC_269238073,1.029091774361223,-0.017521103011631987,0.004616364387552842,365,103476,ok
TIC_269269740,1.039819314672828,-0.0038479553358367175,-0.01460342400454268,848,14326,ok
TIC_269424395,2.150447418925413,0.12786549806821187,0.15249004616475986,33,863,ok
TIC_269450900,0.5771427281831987,0.050465516219631225,0.001645234879480773,12,15021,ok
TIC_269509393,1.209088893983593,0.12229012186243668,0.0848048435468421,87,635,ok
TIC_269892793,2.5670139553245552,0.020950380876089556,-0.004593581959449422,108,13743,ok
TIC_270238522,1.0362006059346918,0.4139033084861921,0.016722778886012597,105,563,ok
TIC_270333769,1.0436382015489012,0.04687006001290915,0.057076634796621735,21,919,ok
TIC_270841724,0.29719078073289434,0.10998739228288555,0.046210536909913454,10,13351,ok
TIC_271042173,1.0102495631139996,-0.013907794681006896,0.0025410965999893456,689,15049,ok
TIC_271167979,1.2120008635166792,-0.0004827346848031858,-0.0069915662059571535,700,15082,ok
TIC_271439193,1.2531214384458882,-0.007660223201806235,0.00473278156441681,100,17537,ok
TIC_271581073,1.0222604841184553,-0.002701917969447747,0.0036855507639455033,1313,91166,ok
TIC_271596418,1.0007688897460294,-0.005749636584309796,-0.003959227698804675,645,15643,ok
TIC_271722899,1.0140042635245705,-0.006428397326532097,0.004287104522553488,2293,78769,ok
TIC_271900960,1.0532675285671247,0.017331178606444283,-0.00045259709013686277,1256,13213,ok
TIC_272049972,1.3614734590916684,0.1498583458428014,0.07480256352945436,669,8290,ok
TIC_272050287,1.2274802801193978,0.003977796735003496,-0.008866950953746814,86,17734,ok
TIC_272086159,2.9373747910082724,0.030066524706320832,-0.009938113692873295,64,15711,ok
TIC_27244707,1.0435060203484383,-0.0025949126550667803,-0.01407820957784604,832,13096,ok
TIC_272625214,1.0375329705668066,0.003243733572880595,0.0008813084048682459,437,16451,ok
TIC_272828463,1.2421248678712897,0.2807484523339789,0.26822496507674426,99,597,ok
TIC_273774284,1.0579047056263247,-0.005265103639235058,-0.018275312564969115,265,17627,ok
TIC_274122380,0.8713010606116555,-0.01609907582001813,0.006378269670732741,842,15455,ok
TIC_274138511,0.9337532723520833,-0.01180466831933058,-0.01916895749900762,429,14474,ok
TIC_274170255,0.9941798491521165,0.013601279074292007,-0.007844943569910803,1056,14542,ok
TIC_274599700,1.0746798403825868,0.008743418713878013,-0.0024563658562795853,89,15689,ok
TIC_274662200,0.9412769325082272,0.002701049716107756,0.016925119660464134,495,10696,ok
TIC_274762761,0.9529015834127783,0.018002454663025996,0.004929167462134317,765,10361,ok
TIC_274942910,0.9759818957671771,0.004200538685029272,0.004843925505070063,792,11094,ok
TIC_275111900,20.996856801908844,0.3700180600686158,0.03299716805771984,41,15012,ok
TIC_275248683,0.973655234045481,-0.007231873223228183,-0.0028559065814708962,260,11938,ok
TIC_275384718,0.9439532701388317,0.0383966552021508,0.017859198552998994,342,14003,ok
TIC_275501623,1.2189946858435863,0.012484264730549434,-0.0052524089681508825,706,16944,ok
TIC_276380902,1.3122937296838708,-0.07450510726722825,0.006866387491794845,83,18043,ok
TIC_27677846,1.967166949753437,0.042319018836216485,0.0790089763372378,14,1032,ok
TIC_277014266,1.0793092864943772,-0.01283815735307959,-0.015422782742373542,350,16925,ok
TIC_277103955,1.0021598224731214,0.00864765752559623,-0.020364973145873294,1529,12091,ok
TIC_277871306,4.792049552020646,0.05185985675879458,-0.023931368733290468,102,13273,ok
TIC_277987172,0.8093314895427848,-0.0005014328101345522,-0.002509640161059465,162,14432,ok
TIC_278199349,0.9591073421371411,-0.0029354861121242445,0.001716092832082416,1804,89549,ok
TIC_27844066,1.2636529897453412,-0.0032132018166242406,0.012152329381577029,494,15981,ok
TIC_278726770,0.8810161108569718,0.03667731692451089,-0.004613731175441164,194,13620,ok
TIC_278866211,2.83150968324737,-0.012899480102564925,0.006761968360300955,435,16513,ok
TIC_278968371,0.8683539005718856,0.026198689998916082,-0.002300039504580578,721,11074,ok
TIC_279177746,1.0631991000890464,-0.005985369726766571,-0.007263102205268844,377,17505,ok
TIC_279212407,0.9892148382898404,-0.008717274685509197,-0.007026747419290659,282,15633,ok
TIC_279251651,0.9452421591781033,0.0029276726612007978,-0.013396534221101906,1850,9961,ok
TIC_279605855,0.7025094333156023,-0.02297739437570154,0.001646803279897622,132,15880,ok
TIC_279740441,0.9853459004412886,-0.004557973874493674,-0.0039518313672947565,848,14700,ok
TIC_279982557,1.1099115659201713,-0.0081849075151611,-0.007829002571874657,65,11982,ok
TIC_279989567,1.0170244021132797,-0.027720527092392984,-0.0023924212536364036,900,9844,ok
TIC_279999655,1.171345527880029,-0.006813652201926967,-0.018557459557418877,371,15009,ok
TIC_280212554,0.5252995652517498,-0.002885336120166786,0.010271207873356912,48,13687,ok
TIC_281979481,0.995095310798037,-0.007246995504170795,0.0018979725115816017,634,9916,ok
TIC_282498590,0.9762533384109832,-0.010688511064697632,0.011522409889846442,1180,95608,ok
TIC_283015592,0.9776914991345644,0.01221609533462701,-0.008340662134417167,555,15690,ok
TIC_284050395,1.22397590937755,-0.009196298333098707,0.01969115348398422,604,8604,ok
TIC_284288080,1.1068666881667129,-0.004467702916938371,0.00213045378690394,743,14500,ok
TIC_284305328,1.359801332639658,0.010272969526732081,-0.00460188448003755,755,15978,ok
TIC_284450803,3.8612453848078485,0.11786835996479848,-0.031907017122501935,388,17833,ok
TIC_284528889,1.1811617499004212,-0.012194538365912862,-0.004603782071656204,79,18259,ok
TIC_284564230,0.9367481127761889,-0.014563004267436763,0.001638096708291723,225,18561,ok
TIC_284747017,1.038017250074136,0.0003281750100185216,-0.00235770520705545,786,12974,ok
TIC_285233023,1.0641676534652518,4.5767639461681934e-05,-0.006384185213394321,377,11125,ok
TIC_285524410,1.273617749422614,-0.0050464567068977785,-0.014386321798941908,752,12957,ok
TIC_285542903,1.0068791225915905,-0.0022658169201702793,0.005595920174857801,3135,96026,ok
TIC_285666479,1.1099038955122515,-0.010242304151565266,0.004702091028868904,139,18921,ok
TIC_285674856,1.5674421037448965,-0.14591159193719117,0.009869820374497032,76,665,ok
TIC_285677945,1.2593179643966224,-0.003291044251252529,0.005477391988106671,376,92939,ok
TIC_286355915,,,,3,13906,insufficient in/out points (3/13906)
TIC_28643432,1.0104003238207757,-0.0021470869716374782,-0.009250876975195624,325,14497,ok
TIC_286561122,1.0781003525909607,-0.006430111592064627,-0.013896687265144205,1274,9379,ok
TIC_287190564,1.0082381677956185,0.0006211765845371256,0.010819358248194435,860,12037,ok
TIC_287329267,0.9610673731653467,-0.0419572468806569,-0.0012091556849752496,1604,71138,ok
TIC_287474726,1.0504417573281002,-0.007483175690229728,0.0013269033844324567,288,15763,ok
TIC_288185138,1.3781797694165858,0.020128308165454807,-0.014014044794343365,1090,15247,ok
TIC_288391628,4.2212932402858865,0.028958749782181124,-0.015389912083232237,59,19283,ok
TIC_288471040,1.0818903274996832,-0.0035042222559982634,0.002269097669595012,180,15741,ok
TIC_28873762,1.1481294855624633,-0.012941283851200766,-0.009127427847436306,191,12272,ok
TIC_289125016,1.1064648646497408,0.006081521704334858,-0.0007005965325119546,387,16331,ok
TIC_289316336,1.0700823837481315,0.0027453968588842686,-0.009457857445074849,448,15108,ok
TIC_289539327,3.188926730057124,0.020059895244879927,-0.017505382238338748,61,14901,ok
TIC_289988797,0.5337576856078952,0.23878732420720378,0.054790957695765655,54,14602,ok
TIC_290302097,1.1217415258025878,0.0036878848185076464,-0.002795513013391437,377,14479,ok
TIC_291147951,1.1989923804822336,0.0018606603512904122,-0.018235941568328334,828,15029,ok
TIC_29117085,2.674289675879906,0.10655940823301827,0.010463896596736116,146,15966,ok
TIC_291555748,2.581645453114545,0.18600539126048835,0.07210821143779592,309,16428,ok
TIC_292321872,1.394488333758173,0.019010137923074648,0.002356483089456429,102,14492,ok
TIC_293075732,0.9159621950911402,-0.016324166484048535,-0.009578063527141967,215,13224,ok
TIC_29336129,1.0332618770736697,-0.0064450299577186836,-0.006618792854704163,1158,12351,ok
TIC_293527670,,,,9,1142,insufficient in/out points (9/1142)
TIC_293567206,1.0953208937865824,-0.002057501409905065,-0.01626052222893751,736,16645,ok
TIC_293708935,0.875743357585242,-0.0023360577738231994,0.014883033005331201,205,10821,ok
TIC_29374525,0.9745926856333279,-0.013070789333698088,-0.003497643107209415,326,13749,ok
TIC_294090620,1.4647304438113715,0.027187329351069336,-0.009480495618135444,72,16150,ok
TIC_294173437,1.4094162378998685,0.00875266964417115,-0.004672826790615873,166,15312,ok
TIC_294176967,0.9803010981865914,0.01886735067843729,0.006730262369622239,1576,12602,ok
TIC_294179389,3.2558488685212477,0.12674920673523174,0.004498443673092809,550,16219,ok
TIC_294283951,0.8979815984222684,-0.01071096582139686,0.0016311200169641786,161,17673,ok
TIC_294315741,1.2156365798294242,0.030137991234084616,0.003034150219828908,148,14369,ok
TIC_294500964,1.0257405482996533,0.05427879019738817,0.004298080101381897,106,16459,ok
TIC_294599100,2.1589694244197646,0.0160652314275246,0.00497729217551874,116,17426,ok
TIC_294780517,1.1096092433291105,-0.014410780766969389,-0.0016416311172536054,53,14516,ok
TIC_294869729,0.9642805189051985,-0.005261253181058639,-0.0016636666242107578,2332,86194,ok
TIC_295354126,1.2228361076546723,0.007098510432980965,0.0027804304839917334,819,15451,ok
TIC_295413003,0.9622825302423091,-0.009898054081138778,0.008563770569623189,750,15965,ok
TIC_295599256,5.254592638253041,0.6906353513397834,0.032543645747650056,148,15019,ok
TIC_295807723,1.0464224439010077,-0.009611488986631743,0.0023659172745743528,703,16771,ok
TIC_296898634,1.0234253292290163,0.002771287897207994,-0.0049504064749059445,1021,15435,ok
TIC_297153209,0.9726523930013755,-0.0035655583472463176,0.0007908933023673278,969,109905,ok
TIC_297967252,13.368034921793821,0.22310434427913425,-0.021414289735821598,33,16207,ok
TIC_298049015,1.0247498663753343,-0.008573641875942098,-0.007504717626152504,482,11974,ok
TIC_298495970,1.1432687066146563,-0.010680724479892061,0.0073010055550247486,14,14811,ok
TIC_298666530,0.9405123014419199,-0.016955496146804184,-0.02264211214229795,50,14354,ok
TIC_29959761,,,,3,848,insufficient in/out points (3/848)
TIC_29960109,1.3197843415410577,-0.03853636822660976,0.000624492034315174,252,13745,ok
TIC_299876474,1.1026187239496177,0.010056744261268033,0.004902036181966598,505,13883,ok
TIC_300011941,0.9872225607418403,0.010035699128316785,-0.008588642078524925,206,17686,ok
TIC_300013921,1.0301112710669202,-0.018091134723177655,-0.008948565919654422,487,16446,ok
TIC_300557619,1.0264119606666133,-0.008484277731735237,0.005962185159809597,908,74565,ok
TIC_300599466,1.0342238345233605,-0.007133009718880123,0.007858102654318133,1673,72353,ok
TIC_300810086,0.9798332402383538,0.03941449938992597,0.00011484028683201908,674,12462,ok
TIC_300871545,1.528379649695107,0.03549411743174075,0.013041735439036622,178,17298,ok
TIC_301051430,1.0360022286556692,-0.015681989399270253,-0.014402593778678594,430,15229,ok
TIC_302659412,0.9797429470174442,-0.012269307656197024,-0.0007026814004224756,391,14250,ok
TIC_302766000,0.9935805627810474,0.011569915128477829,0.006073130835381571,773,11556,ok
TIC_302814895,1.1051901773275028,-0.003270251882778503,0.004033319899578641,580,94480,ok
TIC_302895996,0.9866166190211387,0.0036902480573782585,-0.019282278082684304,1109,10210,ok
TIC_303055194,0.9649550425775243,-0.004585286812320148,0.007185506622022579,869,87886,ok
TIC_30312676,0.9944700530293812,0.03707712169432751,0.01086071384270923,947,14371,ok
TIC_30329585,1.1993899916481259,-0.007464772882707171,0.0030715748739046853,297,18500,ok
TIC_303364023,0.9955279380640856,-0.00904391108757429,-0.006498226772427363,1170,11609,ok
TIC_303867090,1.0158002968954,0.01298708038768109,-0.012430686531297976,590,16037,ok
TIC_303883880,0.9881691417110273,0.016979767390483225,-0.0016427981373536129,1975,11163,ok
TIC_304021498,0.9992318201636832,0.00037064887098019954,0.0037565540372014265,1032,88381,ok
TIC_304025075,1.1477668246739074,-0.011274997026223204,-0.020551350551207048,460,15314,ok
TIC_304042899,0.5298532312854134,0.014164996890579077,0.02862555400702946,42,15062,ok
TIC_304774444,0.9030793607038391,-0.030468679315490667,0.011774972718022162,136,7016,ok
TIC_304950588,1.0979961874309128,-0.0009008589576118931,-0.004510263564342183,392,17411,ok
TIC_305478010,1.2306879355071498,-0.01064295816234871,-0.007723665009372267,894,13786,ok
TIC_305550963,0.891605804686297,-0.004167263807974093,-0.003703110925339443,245,16904,ok
TIC_305943739,1.0668432908891206,0.01515103551663531,-0.007729340357116856,392,18170,ok
TIC_306547699,0.9995811682588294,-0.006509121798982455,-0.0023196266943546905,1014,14602,ok
TIC_306902029,0.9013101172914101,0.025493665584790878,0.016080596822986844,130,14465,ok
TIC_307111282,1.1000661594959997,0.015342004058137298,0.021354520197763086,141,14280,ok
TIC_307377219,0.9724993072103093,-0.010283644733348772,-0.011038478676182345,254,14174,ok
TIC_307734817,1.327964235928318,-0.016222119203285052,-0.0033043342856360824,414,14288,ok
TIC_307956396,0.8942121860419625,-0.0066960141273014915,-0.019244858358984727,96,10646,ok
TIC_308034948,0.997340168077201,0.009721800404341488,0.009265238590242371,1110,11059,ok
TIC_308050066,,,,8,15141,insufficient in/out points (8/15141)
TIC_308307606,0.9992460711229914,-0.01277997954048961,-0.01514850448578537,67,14190,ok
TIC_308425348,1.0226235422527448,-0.007925624528995916,-0.00015726976245683134,2993,97679,ok
TIC_308919449,1.2392003343041464,0.03270868496412993,0.0008239278014148213,119,17535,ok
TIC_309257814,1.744620171088265,0.05196254983164329,-0.0043402615328822,774,12037,ok
TIC_309402106,0.8638624902155633,0.16473208138063636,-0.08437518410542325,74,17960,ok
TIC_309436531,1.2098819862666819,-0.0026137895930828303,0.002627398233403914,243,14640,ok
TIC_309787037,1.0331876137466778,-0.00776322136702933,0.0019776362485488482,1408,75261,ok
TIC_310267134,1.0617788281086789,-0.0019739041994017905,-0.003906492275040978,613,12916,ok
TIC_310483807,1.0374762175295729,-0.010726596085467022,0.002162067942734247,1151,75937,ok
TIC_311121985,1.1044511983127316,-0.004394840353342096,-0.011751945217816969,640,14289,ok
TIC_31114545,0.9497120977342466,0.01848613343341081,0.07663107066635835,17,1065,ok
TIC_311183180,8.612950420821706,0.3557867583510531,0.012748729501328597,196,16407,ok
TIC_311890977,0.3761060532800834,0.466668528371683,0.44812451149492477,63,676,ok
TIC_312122956,0.8811861845158588,-0.00604382377168174,0.005481469007629469,87,15585,ok
TIC_312221462,0.9259389441516116,0.08000649659094476,0.00048294274407910615,105,15587,ok
TIC_312259170,0.06244108505774519,0.02956808281044354,0.03130235361902034,11,657,ok
TIC_312469860,1.0999848462332078,0.0004703038943689959,0.019573984790194426,343,9156,ok
TIC_312548415,0.9276138769870989,0.001809289839969609,0.00214999606793479,122,18043,ok
TIC_31268146,0.9148157925846634,-0.008599437326458476,-0.0070512067103404,75,14312,ok
TIC_312899686,0.7913459329260539,-0.017530828606049504,-0.015018632655650052,128,14424,ok
TIC_313506357,1.0170868047285746,0.012837720856484406,0.020524457277051544,668,10354,ok
TIC_313675203,0.7219924231899143,0.003971452979985246,0.006824228943302033,105,11236,ok
TIC_313761775,1.6399742698250108,-0.012938155506549268,0.022673850076539874,25,1031,ok
TIC_313891529,,,,2,13409,insufficient in/out points (2/13409)
TIC_314338017,1.015212880280664,-0.015026851114038158,-0.015743791420893005,251,10758,ok
TIC_314724818,1.2851325539198184,-0.021042139209532823,-0.010108302833843315,286,17339,ok
TIC_315755496,1.0196591246461324,-0.005494130487980341,-0.004028743595932168,327,18237,ok
TIC_316254876,1.315380286876182,0.2825916451839045,0.23975950720524533,48,771,ok
TIC_316402246,1.4898114878936155,0.2758626019312033,0.1661138539764811,13,999,ok
TIC_31656385,0.9392204102646241,-0.03201256478623461,-0.005431636925399376,182,12995,ok
TIC_316916655,1.6593963048837708,0.00716672527768779,0.008724438009158973,366,15935,ok
TIC_316937670,1.0960600596217889,-0.00160120829968688,-0.013581196166777313,756,15116,ok
TIC_31697707,1.3687653387850434,0.021262871029742433,0.0032537448225206534,646,12543,ok
TIC_317397615,0.902969812963264,0.004769336194818747,-0.006229459716068528,73,15162,ok
TIC_317507345,1.6047056618346318,0.21137902241219275,0.022620280150741082,207,13756,ok
TIC_317951248,1.1362897778767154,0.03330132811191207,0.007640081761078053,450,15812,ok
TIC_318209162,1.9044814546284328,-0.05398256212281781,0.004505749189364832,146,17649,ok
TIC_31858844,1.2022720113392762,0.025769203593925954,0.001778595867952487,184,15753,ok
TIC_318608749,0.9283429068052579,-0.006521403923954841,0.01118342222521566,2391,85656,ok
TIC_318746829,0.8376484414178552,0.10034520599209218,0.0606671434512669,312,9545,ok
TIC_319068154,2.382893273838208,0.04811015080224665,-0.01197596668897951,55,12667,ok
TIC_319735319,1.0391059805382685,-0.00771379351731212,-0.004088649956469608,238,13380,ok
TIC_319968129,0.9163276690022184,0.010795376593838547,0.01001243744858134,156,14173,ok
TIC_320506985,1.1092408806274634,0.04564716356733479,0.1421893029504808,55,655,ok
TIC_320525204,2.6671703892206184,0.013214085929406512,0.00026609821453456816,36,19294,ok
TIC_320536216,1.0317652208194041,0.12336319765113755,-0.03237138572094103,390,15285,ok
TIC_321436679,1.2530857860300577,-0.005877913044414275,-0.0028152392361655816,528,14281,ok
TIC_322202434,0.9649003707256348,-0.039281142214371,0.0015911488319347925,390,12155,ok
TIC_32283946,1.12366617708368,0.0056128110388733495,-0.019826787193456166,131,15840,ok
TIC_322862882,1.4264787096847789,-0.011779353492647741,0.008057695897956125,277,9873,ok
TIC_323658120,1.7986866983827436,-0.014609275802657822,-0.0031600956230587642,28,13227,ok
TIC_324395151,1.0117366214018761,0.028949770083573075,-0.015025958630289063,682,14124,ok
TIC_325172035,1.0427179565768754,-0.0006089602971899528,0.0010238241543760588,543,15140,ok
TIC_325680697,2.043612020160208,0.021824344881521716,-0.02287632135964897,129,13848,ok
TIC_326114850,0.9786835517717909,0.14469478035795563,0.11243465568980734,51,697,ok
TIC_326347927,0.9948330832762913,-0.007276043695225528,0.010692433135506071,43,12789,ok
TIC_326470400,1.11757010592064,-0.01006609768255512,0.008717356304483415,419,10032,ok
TIC_326732851,1.0471788361551193,-0.004357921850896391,-0.01200500602386492,569,10669,ok
TIC_326919774,0.976886422311806,-0.008973762936878463,0.0030474354408270583,130,12588,ok
TIC_327011842,1.0688369609069635,0.016455622589739066,-0.010937671911449173,1092,14881,ok
TIC_327017634,1.7070019385779909,0.06493116198604555,0.04631439886778804,192,11018,ok
TIC_327210623,1.1850476341861542,0.00043902769327417405,0.008581669494256296,569,14140,ok
TIC_327577308,0.6758471388457489,0.05980322625819317,0.21261703674535457,44,686,ok
TIC_327663613,1.0053914398425092,-0.006934211620497184,0.0005899368608424473,611,16092,ok
TIC_328167090,1.2811363682865307,0.12280461655620382,0.031532397374705624,66,662,ok
TIC_32830028,1.2549835481435117,0.03740328269249336,0.0009614020191558517,1620,8159,ok
TIC_328750515,0.9429443577724872,0.4007965784046387,-0.04953968623853894,1128,15087,ok
TIC_329145325,2.0062730733359917,-0.3544678393411285,0.4550641502287882,78,712,ok
TIC_329277372,0.9767199943602611,0.6128107127993789,0.439424838119069,288,13394,ok
TIC_329709756,0.8407717647575429,0.0035940481299361576,0.0020724727427255457,152,18858,ok
TIC_329864959,0.8590877808480952,0.6504551312634651,0.13949949954890517,1214,8075,ok
TIC_330332501,0.9882372223627338,-0.011207135167403914,0.0043692757116400435,356,17480,ok
TIC_330468175,0.9733787345706348,0.00761150733730714,0.007494322740635707,921,15502,ok
TIC_33091633,1.7041475701244,0.08389145916200325,-0.01929037098910842,192,16491,ok
TIC_331034236,1.050847894710486,-0.021702536739607346,-0.0008603301790181058,441,112379,ok
TIC_331484419,0.9770932960071413,-0.003188550901527371,0.0038349383570037516,2228,97853,ok
TIC_33153766,1.0911945190752146,0.02994735783057487,-0.01432632481174487,1265,11206,ok
TIC_332154944,0.174718935464957,0.9013608607451505,0.8677890774147683,80,629,ok
TIC_332630868,2.914827640296801,0.022934012159543386,-0.006868532114128301,51,19417,ok
TIC_332660287,2.8271155734957603,0.44567697830985475,0.449960470581973,36,973,ok
TIC_333821572,1.2183821534687944,0.0002645878134351642,-0.01021200021068851,438,15093,ok
TIC_334597566,0.8184402421636712,0.0003477291184441093,-0.002690904209590571,222,17103,ok
TIC_334911765,1.0514156369467895,0.04143604730662164,0.013741485588913653,1670,11667,ok
TIC_335483600,1.0356812611069859,0.002918632168200467,0.0005195327806385715,983,100492,ok
TIC_335489455,0.9846674586019045,-0.00945434669906876,-0.002328528590386244,241,11762,ok
TIC_335996558,0.8556209553174667,0.046138786407499334,0.07724255232937174,43,831,ok
TIC_336267424,1.7545873345915322,0.011263390243318822,-0.017669990104390455,801,15063,ok
TIC_336456596,1.5769127068084214,0.04561229978103343,0.05090895844285673,52,811,ok
TIC_33690636,1.9493664898338483,0.05439107940162225,0.02936505271319509,247,16315,ok
TIC_337129672,1.0286547191354256,-0.0019381851821234388,-0.003784000821960025,75,12072,ok
TIC_337274055,1.24776290883613,-0.007918317871148066,0.008245420009407397,210,13738,ok
TIC_33878688,0.903853077644033,-0.007742007159666791,-0.006373375178644203,398,16672,ok
TIC_339250695,1.0443348341737744,0.008040130220178925,0.007916781859692138,515,14178,ok
TIC_339538183,4.013157882830195,0.08337263245584195,-0.02367921615731635,73,9606,ok
TIC_339591840,1.268749571298017,0.018836390440465593,-0.005372615719034174,89,14937,ok
TIC_339636032,0.9855559873406096,0.009575936713230433,0.005048354097376799,193,13757,ok
TIC_339733013,0.9970523593460169,-0.023054179034004068,-0.0009148224682984451,205,13733,ok
TIC_340700241,1.2070899313888435,-0.007646032432969635,-0.009578689734540036,163,14880,ok
TIC_341186896,0.9219310067856695,0.027446360466303187,0.012572533242367063,619,8050,ok
TIC_341297143,2.8721149009644233,0.05022055080984503,-0.03251001973464071,201,12783,ok
TIC_341419787,1.6100072647851944,-0.0003533880958393812,0.001959804901445722,220,16052,ok
TIC_341444900,0.8142943912732447,0.002869765722738093,-0.0053852122343539454,202,18197,ok
TIC_341544930,1.1597319648132676,0.004756339469406358,-0.009311384377374153,64,17850,ok
TIC_341729521,3.656662748059439,0.02234719507867114,-0.018906539199561378,53,16192,ok
TIC_341805908,1.0242395410584542,-0.0068081738287703,-0.015378514359657544,766,16494,ok
TIC_343442463,0.9749597222996421,0.02200710199836072,0.0022949268744609282,339,11576,ok
TIC_343708863,0.8851807957666709,0.006586705922384783,0.0619909561921929,18,706,ok
TIC_344085117,1.1373392835978036,-0.013700464714776562,-0.004402746039031983,347,14124,ok
TIC_344416349,1.9858743579263847,0.009863321927436889,0.023840106656066985,53,3315,ok
TIC_344600402,1.115167546072427,0.11060797030740455,0.07378469687844953,70,668,ok
TIC_34466256,1.5996655676666938,0.07961870962660375,-0.02591259954922447,39,814,ok
TIC_34505005,1.4657013502268148,0.0008863266551173135,-0.013591898701089076,356,15446,ok
TIC_345333936,1.0901754226752,-0.017961746179967656,-0.00743246937324933,362,11380,ok
TIC_34551972,0.18032164033571482,0.007654358433974723,-0.006178042915292071,92,13171,ok
TIC_345724317,0.9122306427424671,0.5700272737985843,0.5315671674247533,91,749,ok
TIC_345996087,1.0154143530297062,0.34189857998448814,0.04157834406101179,185,15212,ok
TIC_346418409,1.0518405832424866,0.026347177319932344,-0.022855104684196693,394,12066,ok
TIC_347011522,1.0567743035038686,-0.0231650905862764,-0.0023330291833414053,348,16608,ok
TIC_347098457,1.0880226621235327,0.0012880947113813447,0.014037892845918368,489,15041,ok
TIC_347442932,1.2434568443042051,0.035515330495448104,-0.009593730163400887,1090,11788,ok
TIC_348054109,1.0064921484717373,0.07523591397611429,-0.010450103579889396,297,15755,ok
TIC_348135793,1.3091193264639582,0.3252534368268349,0.2867868135595744,98,579,ok
TIC_348673213,0.9027167923757528,0.0010260754477993015,-0.00907420493710078,1240,9711,ok
TIC_348684813,1.0330837329966065,-0.010403100800616466,0.011993394984972025,854,89359,ok
TIC_348755723,1.2003305323780604,0.002931183741096889,-0.001001610984331931,131,12476,ok
TIC_348844154,0.9144670422472271,-0.011106983312793863,0.021249986994261772,170,11049,ok
TIC_349373192,0.9780670585968989,-0.005701388213874829,0.005017410585089021,59,11461,ok
TIC_349786918,1.0268268340034763,-0.019344349084333856,-0.005190396754372632,150,13756,ok
TIC_349790953,1.2344549364294468,-0.05186814588540924,0.006875680011097967,825,14944,ok
TIC_350044062,1.1010284814143256,-0.005458919760219071,-0.004747466587572353,117,14305,ok
TIC_350332997,0.6890900523101618,-0.10590524693288068,-0.016537217661324998,86,11354,ok
TIC_350445771,1.6231948427557275,0.011613869388020738,-0.00032756347802221145,148,16500,ok
TIC_350743714,1.5117796910528356,0.008019079222741749,-0.011009984471252754,15,12665,ok
TIC_350995812,2.160301516923053,0.2828005956505838,0.20699154596151814,241,18524,ok
TIC_352924930,1.0313463756769863,-0.008659619054619082,3.1687992893714604e-05,123,13397,ok
TIC_35315453,1.1326867703146561,0.15827835810471527,0.08816087596468045,96,15026,ok
TIC_353367071,1.5753937622397152,0.001691412570368971,-0.0032031785027319707,570,13703,ok
TIC_353586703,1.1117433570138135,-0.016222691784384544,0.004785525553669313,148,11949,ok
TIC_35377903,1.1903826255838,0.03480069024788738,0.005717944469707889,529,12029,ok
TIC_354006740,2.0935830039906054,0.16667645061179626,0.05220451491875643,748,6996,ok
TIC_354151219,1.07159972342396,-0.0022894804989731527,-0.010652183512911922,353,16667,ok
TIC_354285962,1.0914759721187652,-0.010295453135289534,-0.006584014270023379,66,12609,ok
TIC_354400186,1.3060001513220847,0.08365152246469368,0.09360591647081108,11,936,ok
TIC_354442783,1.0350000442916312,0.006154664892694012,-0.004089990411830154,464,15000,ok
TIC_354594208,1.1118232384327864,-0.013665735552041744,-0.007652811119946688,408,11393,ok
TIC_354600221,1.011781411168996,0.3339490027683117,0.2824916160343274,58,628,ok
TIC_355636844,1.0015147293746576,0.0015160294957256592,0.001413124564536153,1283,57055,ok
TIC_355732304,1.5325724540282089,0.120412612136458,-0.01765805234642732,376,9495,ok
TIC_356235833,1.280931407016837,-0.009155522393091357,-0.014474749075063732,613,14640,ok
TIC_356453768,1.114605646687073,-0.013213220577859655,-0.008369265192211185,477,11748,ok
TIC_356461227,1.109440240930401,-0.0032832857426972,-0.014409459187266676,525,13853,ok
TIC_356868487,0.8656046299884242,-0.02660985781835163,-0.005995767213743697,83,19278,ok
TIC_356919658,1.2120158924712838,-0.004287155037960978,-0.011983137746465613,766,15191,ok
TIC_357416482,,,,1,17643,insufficient in/out points (1/17643)
TIC_357457104,0.9918676793394681,-0.003354990758070934,0.011936747538315503,342,11064,ok
TIC_357536526,0.971319856758067,-0.007702707579030867,0.006241018438170272,536,13483,ok
TIC_357538688,1.1410251291752735,-0.0011578964566478901,0.009560025796728122,126,15667,ok
TIC_357972447,0.8794334179081049,-0.008833544880205539,-0.01307196199232342,323,17631,ok
TIC_358072664,1.087953477519658,0.005154215613067958,0.004576500326198405,780,17114,ok
TIC_358186451,0.9962761388130833,-0.00838506822543224,-0.011699249284159082,166,18219,ok
TIC_358631536,0.8844971017483728,-0.02996786533776026,0.0015218796230787733,84,18543,ok
TIC_35883621,1.6721116462230299,0.03136938640901908,-0.4147341981819903,28,966,ok
TIC_359496368,1.0736161041409167,-0.00680494285849638,0.001612957646337267,555,11691,ok
TIC_360286627,0.6917815818768014,-0.0631869294958824,0.0035264708929876928,341,89561,ok
TIC_360816293,2.14797979020665,0.03688098631558682,-0.0005600034755695573,447,14015,ok
TIC_361034196,1.095465030512853,0.1804544620280693,0.2198174182463843,10,751,ok
TIC_361998994,1.0545385101346478,-0.008812750705133269,-0.003634063544784517,908,14757,ok
TIC_363260203,0.989944511629356,-0.004313505701571852,0.004204264997273894,685,89785,ok
TIC_363635669,1.0222847753497881,0.001534992677811306,-0.0022356735561530707,1068,14028,ok
TIC_363761216,16.06774608872271,0.07633686274669067,-0.008699069635584417,206,13438,ok
TIC_364075352,1.3813425164814739,-0.0049817813352309274,-0.0024238216920547985,121,19119,ok
TIC_364107753,0.9587583312801972,0.018336060842920946,-0.0008273032942417674,416,12560,ok
TIC_364408162,0.94397245586854,-0.015043060081129829,-0.005719050330679286,396,17783,ok
TIC_365389353,0.9556407198706584,0.04585927742863121,0.05825399435312649,46,939,ok
TIC_365639282,1.69834182197176,0.016959244549409957,-0.0014966699813560222,101,14184,ok
TIC_365781372,2.0644161132572942,0.056802652218992916,0.002948878789485581,440,15601,ok
TIC_365952328,1.0244913018268518,-0.008460384835883983,-0.021954242429709066,172,14781,ok
TIC_366074069,2.0339068778215945,0.05994665774185209,0.008878367430479473,602,17049,ok
TIC_366563452,1.036458195885316,-0.023145418665978645,-0.0027270887519597934,144,13448,ok
TIC_366602797,0.999108419480964,-0.013485704143407717,-0.017693663096958998,805,12007,ok
TIC_367099243,1.8533873618168006,0.003176419374298028,0.004833175043512766,608,12936,ok
TIC_367102581,0.9660710025748787,-0.014483905652998556,0.00475141630056641,1125,107963,ok
TIC_367287018,0.8280745289280684,-0.02493679347076577,0.00636282749314037,107,16320,ok
TIC_367913453,1.073133811647046,-0.013621409325318912,-0.007419341323772119,249,15593,ok
TIC_368536386,1.1410948432304768,0.04741807769648182,0.028511677278806033,80,785,ok
TIC_369480087,0.9716118806315666,0.01670941799587164,0.013462145407697624,437,11340,ok
TIC_369861731,1.057507176312057,-0.02127872813037111,0.00375026310226632,285,13929,ok
TIC_369864738,0.9908330973755737,-0.004387383403260144,0.005939995872602531,541,93467,ok
TIC_370745311,1.0466265382155147,-0.0002988429232193823,0.008400039920512139,2955,80501,ok
TIC_370759867,0.9638155433625196,-0.02267923565899317,0.003693942840957708,1493,72447,ok
TIC_37084932,1.4295982288926645,0.04998485247181732,0.004088001232935512,194,16232,ok
TIC_370877263,1.0183012147955202,-0.004632426109436484,0.004471863964139177,2154,104256,ok
TIC_371210825,1.1435796866954806,-0.021143737207671813,-0.013756014850116663,706,13001,ok
TIC_371673488,0.7019311773344077,0.03546422434551827,0.030746370405664997,117,512,ok
TIC_371711170,1.2388042835324085,-0.010318596166761954,0.0012128855349859346,231,13949,ok
TIC_372505528,1.861002874097632,0.12314495736334088,0.05839370422613038,19,886,ok
TIC_372596796,1.1731021984708934,-0.00012778038965564323,-0.01046610153560099,417,16853,ok
TIC_372913430,1.0244616642698818,0.03813780445010455,0.010784283942645082,3251,85154,ok
TIC_373424049,0.6770394882499441,0.00879131199269624,0.004581834284511573,61,16274,ok
TIC_373453507,1.026531727407045,0.05887558627471674,-0.01232418330752348,28,1007,ok
TIC_373576942,1.030155134226477,0.03248173411507921,-0.014277401458460848,379,13778,ok
TIC_373614579,3.424992430335147,0.021040374039294044,-0.004826740243047978,90,16037,ok
TIC_373729723,1.1653831973610547,0.4153505745318658,0.4332930690399091,19,700,ok
TIC_373785851,0.6814408526711909,0.08030081950466529,0.010942809621812984,40,12451,ok
TIC_374177909,1.2490604333173463,0.04421143538786385,0.01867903306193266,85,560,ok
TIC_374200604,1.0098688560479403,-0.007040586360921748,0.0006619858723671558,159,14948,ok
TIC_374400599,1.1162538664471604,0.02204922099165412,0.0008746400853150346,736,13786,ok
TIC_374778982,1.2363199798428763,-0.01790221924884374,0.011832918592644912,937,16020,ok
TIC_374847873,1.0454259855017165,-0.006133912505903646,-0.009114796367453581,573,17063,ok
TIC_375199523,0.9883017432020779,0.00373316233160419,0.005495844624363728,96,12435,ok
TIC_375225453,0.9962622934668891,-0.008504566079991826,0.006469509699609825,2353,80412,ok
TIC_37575651,1.178108315229775,0.030963108018587527,0.006919824245836359,82,12630,ok
TIC_376682699,1.1051048995446457,-0.01979956993921235,0.0014183761162856754,284,11737,ok
TIC_376740324,2.757199469703051,0.04553543525478457,-0.017548932638501925,59,18085,ok
TIC_376838000,1.2136652121038725,-0.013447333508703852,0.0025073935667805952,62,727,ok
TIC_377024332,0.9264935214111945,-0.0468639263705392,-0.0062586995825188105,80,3013,ok
TIC_377144784,0.9927716660385988,0.020142227829376108,-8.069368982640804e-05,580,15556,ok
TIC_377165123,0.8007276084182654,-0.012635245517441777,0.0033233887764567913,68,16420,ok
TIC_377290815,1.0898747734349359,-0.0002642458462435538,-0.003688198790295643,271,18568,ok
TIC_377304435,1.1473549862164913,-0.009597788603199596,0.00635599875796129,138,18842,ok
TIC_377420580,1.1504848956564897,0.010801354410777914,0.01072350350285052,314,9633,ok
TIC_377739433,0.944715316573702,-0.08889707817704,-0.004900513064421829,90,648,ok
TIC_378355116,1.9021328541997946,-0.011599410163240184,-0.019301516091633844,60,17730,ok
TIC_379629854,1.0285613279270722,-0.001015389977945576,0.0001292844528562684,529,13209,ok
TIC_379723086,,,,6,844,insufficient in/out points (6/844)
TIC_379931600,2.0560364339337913,0.052541533353051895,0.03260257396452893,352,17519,ok
TIC_380517859,1.050063638457769,-0.005296708387349898,-0.004695041997568519,1411,13470,ok
TIC_380886535,1.0504489763582392,-0.001451682255545264,-0.014801520579773948,214,15301,ok
TIC_382188882,2.4251179542946195,0.03486252961640501,-0.007678486106357608,244,11687,ok
TIC_382302241,1.0111614946932903,0.009345013108484788,6.872564552982898e-05,560,14486,ok
TIC_382331352,0.9429833827586483,-0.004985297364368382,0.003963189306939151,2322,98849,ok
TIC_382437043,1.2350733701337708,-0.002992607922061926,-0.004951405739726119,63,18010,ok
TIC_382474101,1.1747354586015313,0.015473847938504613,0.0025492077994847613,12,16040,ok
TIC_383531859,1.294529288561009,0.0163341639772145,0.018272915614178764,179,17834,ok
TIC_383666033,0.948946126554252,0.0803275004334192,0.007372589044676618,27,700,ok
TIC_383723559,0.7418763846827215,-0.003478736070995183,0.07814857882319136,55,933,ok
TIC_384045439,0.9551658678850042,-0.013177772999999357,0.002703677246366944,191,12157,ok
TIC_384386061,1.0189100601946603,-0.018452506247772952,0.0036808569791917344,286,13320,ok
TIC_384549882,0.8691392738977137,0.057140034744617235,0.03303910863830939,705,77092,ok
TIC_384744828,1.6687471373013638,-0.0063141443559223045,0.003018006455678466,259,18157,ok
TIC_385105624,1.775737852870495,0.871267672418739,0.838615605551421,95,626,ok
TIC_385624852,0.8706092487102531,0.0020371789843179346,0.009465404047817138,414,77755,ok
TIC_386297468,1.0382579486268464,-0.017796222647686186,-0.0006462172103876882,821,13418,ok
TIC_386435344,1.761457345837802,0.041299475129435555,0.00860356601736581,37,12799,ok
TIC_38686737,0.481955520652011,0.039730129186370734,0.013941268216363187,318,14860,ok
TIC_387079085,0.9463258284949737,-0.003360297405788017,0.006152050265682392,1453,100646,ok
TIC_387413037,1.03709176690287,-0.019642112299912303,0.014244617014615385,59,13632,ok
TIC_387603144,0.9449323438118261,0.05624795617682699,0.053776431879260726,42,756,ok
TIC_387664866,1.1313897698236,0.03154240308184824,-0.005605783499702345,635,16410,ok
TIC_387834907,0.4068124180302451,0.1070316240342983,0.021561817021518142,14,12463,ok
TIC_388076005,1.063125989379864,-0.02646560923217282,-0.009376980668610955,807,12162,ok
TIC_388130235,0.913467834301013,-0.006030334934842233,-0.0008136061819833195,24,8724,ok
TIC_388624270,0.9966423417736335,-0.004968680233477109,0.008977824951938905,2864,86768,ok
TIC_389182138,0.9265099611971329,0.000724315519574073,-0.01125597841555827,170,10528,ok
TIC_389238529,1.0208623866307762,0.0033676770455385767,0.009963586315928936,103,2936,ok
TIC_389371332,0.9618748839688088,-0.031249877314853885,0.004116131223314424,292,15009,ok
TIC_389525208,2.103658073741176,0.020729963765759134,0.005539317612144109,88,16416,ok
TIC_389999924,0.9382992236497567,0.008446883550955414,-0.012584836912072858,421,16849,ok
TIC_39077574,1.0691267139339107,0.0002986245757012678,-0.008358588820068942,169,14898,ok
TIC_391821647,0.8977532925829006,-0.00841116983363796,-0.001149276729844681,193,17560,ok
TIC_392112968,1.0287469441031851,0.01843645813223052,0.00206109784021005,1474,13230,ok
TIC_393251073,1.216548845622977,0.053833476538070794,0.004019753467231248,113,15278,ok
TIC_393911494,1.207734780311013,0.010335093380768726,-0.010407002111559281,608,14366,ok
TIC_394509844,1.012941332113858,-0.0032071366758611624,-0.013104269353770893,496,16940,ok
TIC_395773226,0.9759113303841503,-0.022756018753814056,-0.009093603674379634,372,15233,ok
TIC_398733009,1.010634033788865,-0.008635459580879887,-0.007028401245929938,466,12996,ok
TIC_398912927,0.9336439308649491,-0.003271623575810948,0.020719016995617946,58,12761,ok
TIC_399144800,1.1198566561944414,-0.005491537983873863,0.0038941686654007106,98,15094,ok
TIC_399444057,1.0599537092240898,-0.012839546855257797,-0.01649631626796894,115,15785,ok
TIC_399613138,,,,9,2587,insufficient in/out points (9/2587)
TIC_399642071,1.0029468803254888,-0.006823900228883617,-0.008701058957293702,491,15034,ok
TIC_399956873,1.13491465163335,-0.003668491422838153,-0.002527765260044313,584,17274,ok
TIC_400323948,0.9414740004117721,-0.00955865996102448,-0.0008547894527034049,456,14436,ok
TIC_400395395,1.092794266836793,0.003934920298331005,-0.0020462844652843403,637,17758,ok
TIC_400476523,0.9703542656415975,-0.007959590709486606,0.0026875736976081383,184,18870,ok
TIC_400595342,0.9421730353437567,0.07122699932231025,0.042078597627027446,1174,75289,ok
TIC_400786146,0.9176806846640705,-0.0055509676886780065,-0.0012917160920104898,144,16291,ok
TIC_402848417,1.1738095091293985,0.02487475472217265,0.13471075287122777,53,686,ok
TIC_403136413,0.9214726798145634,-0.003187378441184943,0.009329898311054262,350,79341,ok
TIC_403256331,1.9697956496773599,0.7840933921110121,0.7685450254737898,106,548,ok
TIC_403287048,1.0497208922301593,0.08378114640958327,0.09502103135261442,17,1123,ok
TIC_403308915,1.0660799523178288,0.11064486602169864,0.07933122367964346,35,739,ok
TIC_403693875,1.157226926112214,-0.009011679734318642,-0.018632338770336442,468,12862,ok
TIC_404610583,4.846967080105975,0.18349381425363737,0.015197153187463196,457,17014,ok
TIC_405484221,0.9318008232348233,0.0004981676707663623,-0.0019856000548393454,118,12624,ok
TIC_405794804,,,,6,867,insufficient in/out points (6/867)
TIC_405862830,0.12089369425483441,0.8899731687365567,0.8648774271316375,125,692,ok
TIC_405904232,0.8406131120749762,-0.0015898126785436188,-0.006988669395110022,229,17203,ok
TIC_406190563,0.931763239254838,0.005448251216208105,-0.005680212668487374,231,12930,ok
TIC_406855039,1.0962707261180817,0.005312405678146132,-0.0050840230429277785,84,19271,ok
TIC_407146536,1.0576528207227736,-0.016103860409615,0.0017997892881050468,448,17550,ok
TIC_407146538,0.9779677243685986,-0.01640118840010078,-0.012786571727833287,949,15510,ok
TIC_407394748,1.2235882018199573,0.018201886761432022,-0.010117891847860603,509,14709,ok
TIC_40779013,1.313330433744551,-0.0047550269528036865,-0.0083117712954733,564,15691,ok
TIC_408159788,1.052988313676096,-0.009441963727847509,-0.009956150206786026,114,16855,ok
TIC_408203470,1.0158863688449078,0.011056735056315199,0.0014287473093291588,574,11291,ok
TIC_408549705,1.2704291382582202,-0.000310834457600884,-0.004581594146024521,83,15716,ok
TIC_408729765,1.1271340485612933,0.005105989255292507,-0.010743879461949848,157,16229,ok
TIC_409183335,2.256858973026929,0.1413008267086933,0.0403339916115014,237,8631,ok
TIC_409459226,0.9469164262410574,-0.0066083540547269065,-0.0046039176711821315,1204,12595,ok
TIC_409520860,0.8290703920401936,0.14945813353868684,0.13984504697822314,48,662,ok
TIC_40954422,1.1084818079219485,-0.008301448298657583,0.005789913290628573,767,16075,ok
TIC_410245915,1.0932541768477788,0.007043066146257993,-0.007704721390974714,418,11258,ok
TIC_410528770,1.878679402009625,0.17750788798354547,0.14849885204581037,42,826,ok
TIC_412014494,0.8944852292536579,-0.0019203702251314582,0.006363668835940999,397,86522,ok
TIC_412257781,0.9576915516732001,-0.005511326903082855,-0.010731217288168405,1243,10125,ok
TIC_412259468,1.0458914136674535,-0.00112105154348661,0.01154728387550542,648,14372,ok
TIC_41227743,0.9022085910474191,-0.0012751170282328205,-0.018498050870344045,339,16940,ok
TIC_412961700,1.119549735782002,9.357627461570679e-05,-0.01190567438024852,399,15359,ok
TIC_41330864,2.8372938890952204,0.08684776751451154,-0.017451036288865945,159,17626,ok
TIC_41422753,0.9247130798235508,-0.00038932146569560646,0.012451989889218302,222,12247,ok
TIC_414870287,1.0890289612794781,0.02666652622578975,0.02521824771934267,38,10493,ok
TIC_415741431,1.020653739793151,-0.015218947156171184,-0.002097856544908951,565,15749,ok
TIC_415969574,0.974963904028047,-0.011309414762334992,-0.022470207401518626,36,9441,ok
TIC_416624606,1.1167681150508126,-0.010371921007999867,-0.011797178412418967,268,17814,ok
TIC_416987878,1.5132459755149918,0.12413793135128116,0.06744180019050719,36,693,ok
TIC_417705690,0.9929915431248636,0.004637663903685779,-0.0013621043539379903,786,13607,ok
TIC_41865539,0.8744304843579749,-0.03866650711434165,-0.018372493840122704,23,1096,ok
TIC_418866096,1.335460287546398,0.19978549597965833,0.16922742938909796,35,2393,ok
TIC_418959198,0.9572046767864842,0.004336642997284174,-0.006750934523232793,191,12947,ok
TIC_418971787,1.0238088062302932,-0.009998396935689465,-0.013177745333294013,1986,10242,ok
TIC_418987806,1.7288480397880948,0.0376484645470041,0.06929244806602554,110,578,ok
TIC_419419534,1.130683283868765,-0.0029845848737004767,0.01041374558518725,113,15142,ok
TIC_419858461,1.163069107030137,0.024714311157347398,7.061718130450406e-05,517,16832,ok
TIC_420112587,0.9072557909106506,-0.0010502788097483992,-0.006622921738035406,446,16640,ok
TIC_42015200,16.676179493833253,0.4416836235185098,0.10424057191958538,149,13855,ok
TIC_420288086,,,,4,832,insufficient in/out points (4/832)
TIC_420645189,1.3927790309713748,0.005476322758691917,0.006036986216457816,191,16036,ok
TIC_420803693,1.0377767962546836,-0.015302053412424615,-0.0058615224267796195,890,13054,ok
TIC_42123111,1.0836977820498974,0.014634724106721028,-0.0010118292199437697,191,17535,ok
TIC_421308357,0.9406402784561249,0.007989435192638037,-0.00897175504089109,115,19148,ok
TIC_422653398,2.78580177969387,0.050080183250533976,0.027006350100710605,60,15086,ok
TIC_422838133,0.9990166635532038,0.00010413481762351253,-0.0111455244462953,428,16511,ok
TIC_423903685,1.6404192717642905,0.02938302168699539,0.007801237898990726,430,16331,ok
TIC_424699834,0.8803977729049819,-0.0087015495606892,-0.006486376199647973,440,16330,ok
TIC_424747720,0.4543027207305082,0.003177112573505406,-0.02773317898658182,48,16648,ok
TIC_425163745,,,,6,989,insufficient in/out points (6/989)
TIC_425220920,0.8328826326668681,-0.022172081319313655,0.046965904226560655,71,759,ok
TIC_425721385,0.9048153024248561,-0.004751123287972253,-0.002717838922666561,366,72281,ok
TIC_426017070,1.0877869223200334,0.004025481504212636,0.0014671227891292814,1915,10351,ok
TIC_426077080,1.0747294205337288,-0.008900374325168287,0.0033606742848382915,2713,100693,ok
TIC_427279997,0.9845122187542831,0.0982242789340865,0.029974898111425074,34,720,ok
TIC_427348923,1.2454597729442864,-0.014243009129636736,0.0012784460475907533,331,13083,ok
TIC_427352241,0.9705075179413232,-0.01855469174706357,0.006346020274500203,357,13412,ok
TIC_42755801,1.0644399682644188,-0.002847750496788396,0.0036451742152211397,451,15807,ok
TIC_427654774,1.0460349063240222,0.006563719976153394,0.008500078988919928,325,10652,ok
TIC_428065977,0.9858859022336008,0.1714742418059719,0.1811364125291331,81,578,ok
TIC_428685938,1.878577266154022,0.026091301104732196,-0.006635334138359152,184,15241,ok
TIC_429295277,1.046071568153113,-0.01570477401793067,-0.009814907134432563,1213,10940,ok
TIC_429414530,0.9300366212009938,-0.03764585411847543,-0.019670383726244266,629,16365,ok
TIC_4294779,0.9462723064934383,0.019470995805137503,-0.007314099033341135,1853,9564,ok
TIC_430528566,1.0536494371943534,-0.004013926234362447,0.0035691847387665284,2374,104441,ok
TIC_430677414,0.9638722190303652,0.5757210987897614,0.4533072859583885,503,11617,ok
TIC_431148743,4.789756889604342,0.6152303399205659,0.45484120349860596,208,10742,ok
TIC_431156009,1.0024903511548517,-0.007174500400743049,-0.001998908100180536,1311,99240,ok
TIC_431585347,1.1311147275900886,-0.015804067686769282,-0.005365344394180011,20,771,ok
TIC_431899140,0.9862428559070884,-0.0019822642180658562,0.001113344305571787,856,12897,ok
TIC_431999925,1.0111624101217855,-0.010773332296538292,-0.012302678715707076,331,14969,ok
TIC_432008938,1.357574375591927,-0.001979056998554847,0.0031957899326473145,86,15971,ok
TIC_434100688,1.8194797003929093,0.114375734311889,0.05185645975484238,10,1146,ok
TIC_434234955,1.0862984169320267,-0.009372770987351666,-0.009142748256177042,276,15978,ok
TIC_434718964,1.091101097090815,0.0038689512662600867,-0.004096956021684945,1013,14013,ok
TIC_435167167,1.1026980744699173,0.0784917278482834,0.09853263255446017,42,829,ok
TIC_435861696,9.866583958271308,0.1345745844300105,-0.010966676085109381,267,17018,ok
TIC_436099179,1.1198696976001186,0.002465380948053388,-0.019745587526546423,372,13362,ok
TIC_437156845,1.0254796594372462,-0.005380183693346945,0.0021677722103847475,383,16451,ok
TIC_437740083,1.588231942808128,0.019282102838327257,-0.0013530047923334854,55,13581,ok
TIC_437893926,0.9514680688284636,-0.004753661659059822,0.00039953397432821716,545,12546,ok
TIC_438295981,1.141486134036255,-0.004770547004461908,-0.009570304944301554,164,16735,ok
TIC_438490744,1.119081504175729,0.00827782661943638,-0.0073474607913909355,977,10885,ok
TIC_439610306,1.0064915370812146,0.0065403808899016,0.0015501103266354628,292,15101,ok
TIC_440801822,0.9823204283379428,-0.012099872547853602,0.0019498423752419482,1327,95838,ok
TIC_441334829,0.9167795377164472,-0.0009207964162020258,-0.002093651103342847,365,15387,ok
TIC_441732151,6.525024514183581,0.31326398392172455,0.015264565870204715,454,15577,ok
TIC_4426490,3.1397060892824817,0.04282966395798361,0.0036512830251503076,471,12673,ok
TIC_443042089,1.0256507947910343,0.002633652031165148,-0.009828494876319383,312,17171,ok
TIC_443658196,0.9008799747230476,-0.004456462113001782,-0.010476195937876107,212,17430,ok
TIC_444413256,0.9501271551919565,0.00243650675063708,0.0041994921224616615,417,17250,ok
TIC_444415148,1.0428603895097255,0.018249868831409357,0.02470533499779809,532,10506,ok
TIC_444977814,1.0411272669778604,-0.01978406278246452,-0.005787319162003563,66,11990,ok
TIC_445137888,1.1010939205420855,-0.01890482789683729,-0.005075010092812761,334,16281,ok
TIC_445254275,1.1360901319440864,0.059342798578043386,0.04558657636917575,43,671,ok
TIC_445586472,0.9651366802964116,-0.03950014388933045,0.0007984572303318634,112,11595,ok
TIC_445822015,0.9784860097362351,-0.01808583407428887,-0.00924155329904385,597,13849,ok
TIC_446549905,0.9830617597280684,-0.004430865532356294,0.0023057808053358296,1581,91562,ok
TIC_446616059,0.9499040222906728,-0.004392999717714276,0.017952295932027677,717,13377,ok
TIC_447283466,0.8812663091667147,0.06497845992072415,0.012576180603123627,170,15921,ok
TIC_44745077,0.9721081904288736,-0.009639019720706117,-0.015436799315887331,205,13831,ok
TIC_449050247,2.2087534798858126,0.029048228134942542,0.0047468289866671246,160,15787,ok
TIC_449050248,2.149465084874174,0.023009430368505328,-0.0011508985371208146,139,15858,ok
TIC_449197624,3.559539014239597,0.19216293508651958,0.12248513718982057,15,1075,ok
TIC_449549170,1.011131339932034,0.007050956237415955,-0.004883560343990093,1068,14558,ok
TIC_449951606,3.001719873491308,0.09870403367549538,0.08851967901635381,42,828,ok
TIC_450327768,5.046265772737325,0.1684889768614984,0.017339441692540657,135,15009,ok
TIC_451599528,,,,9,14031,insufficient in/out points (9/14031)
TIC_452483795,1.000397087993272,-0.016671725376479776,-0.00047115686055091484,1215,13277,ok
TIC_452803785,0.7436884384961666,0.9195897211271101,0.9026317672306883,78,521,ok
TIC_453209605,0.979662004741566,0.004383058221656602,0.021824139467300607,638,14135,ok
TIC_453230066,0.8613107768153376,-0.005739790284299215,-6.005091456507521e-05,130,18717,ok
TIC_453464017,10.989913717189614,0.21495455523964233,0.011467693367898045,266,14836,ok
TIC_45465399,0.9770093898912582,-0.020664249553060704,0.0028096845692023183,437,14223,ok
TIC_455962313,0.919299935529739,-0.0029136135802034875,-0.005278539930415704,464,8848,ok
TIC_456042145,1.1042420712019376,-0.017241463116917155,0.0025931086568123365,259,11776,ok
TIC_456305193,1.2114905229186035,0.02850580935605964,-0.012326430666363521,172,9958,ok
TIC_45684223,1.1099231388135797,0.0005608497386374946,-0.001311786751805779,258,19243,ok
TIC_457138169,1.2537853610312115,0.0016414484344330759,-0.01422663006282062,589,16308,ok
TIC_457743020,1.5536677251119204,-0.009097253145469124,0.0012674091844032242,462,16499,ok
TIC_457939414,0.915654284138177,0.0897386795882998,0.028641567384482793,456,14533,ok
TIC_458856474,3.7539033665277306,0.7759821922383141,0.09825702372802256,45,15621,ok
TIC_458857720,1.169296760258156,-0.0008728806510891129,-0.01143292007619659,1049,11997,ok
TIC_458876004,3.2956577210479687,0.03611118775527458,-0.00789138540763661,81,11826,ok
TIC_458914949,0.38238125788569477,0.06578288007802034,0.15254291570646528,14,841,ok
TIC_459850897,1.2208172055787105,0.5469701204253392,-0.3396903363146041,606,14877,ok
TIC_459942762,0.9776501105000528,0.004183742331557767,-0.01235023834933039,805,13995,ok
TIC_459997997,1.3724714351275678,0.3013638011412326,0.03816970798216256,755,13647,ok
TIC_460140752,2.1246574451260893,0.018228842123910304,0.005994140941729733,127,15846,ok
TIC_461080504,1.6439895322613827,0.01266958084346045,0.015235939166845056,330,15037,ok
TIC_461271719,0.7374102388893844,-0.006590347519450887,0.014087532478750288,53,11487,ok
TIC_461387302,0.9817288964735709,0.007178552177859238,0.046946483741847914,29,829,ok
TIC_461538935,1.1019596287181528,-0.014062814782770688,0.0017759154157622541,218,15898,ok
TIC_461662295,0.8137006613115685,0.11637858223986901,0.01489853600589523,181,16367,ok
TIC_462162963,0.9873366109921499,-0.011431458142022032,0.004223250459236183,869,15790,ok
TIC_462715015,1.512887324317102,0.025433718482620042,-0.0015530283816771412,290,9622,ok
TIC_463203560,1.167474910308881,0.00637340342877019,-0.011915868389860425,960,14731,ok
TIC_463681005,1.036672812953144,-0.007565025408601057,0.006921881517702694,870,14832,ok
TIC_464067218,1.0070100589482587,0.002933721605118,0.001439028352204191,1369,12784,ok
TIC_464296022,1.1335729001103212,0.03613570633141452,0.01135086420268926,585,90447,ok
TIC_466318137,1.0112703964430394,0.0537317412021971,0.005203765396141752,801,15128,ok
TIC_467006627,1.353307974217211,-0.03296075231921604,0.019120036273451067,18,2512,ok
TIC_467281353,0.9455224803341612,-0.009884737611192039,-0.00905363845820443,666,14772,ok
TIC_46772529,2.6121858268020333,0.01449252398905751,-0.0034936501291718404,112,18640,ok
TIC_467783290,1.398471539834147,-0.002815403667236981,0.00720002089117287,198,14722,ok
TIC_468472950,0.9790874083074017,-0.009024392385007804,0.006509425064859077,1649,104837,ok
TIC_468828873,2.3078891013767278,0.13283226096775202,0.13110000641088113,18,966,ok
TIC_468845640,1.4275678246305064,0.0009804379296407583,0.0004990436697035024,598,16388,ok
TIC_468977648,1.086454836261663,0.01102709012106647,0.01867374461456009,957,13353,ok
TIC_469184909,1.055769720913827,0.007357889622450093,-0.005346560066496583,1605,12137,ok
TIC_470315428,1.0810046961298596,0.017695546526119692,-0.0030366900663213554,1587,10333,ok
TIC_470709084,1.1445155793384965,-0.013814951351687619,-0.015986334193792362,480,17671,ok
TIC_470852531,1.145006356269048,0.20936155198138212,0.20580031356790202,28,872,ok
TIC_470911286,1.0707729733816362,-0.005144258260758764,-0.014133285940816647,514,17455,ok
TIC_470974162,1.096194792831014,-0.012256025177118685,-0.01663532599030702,413,15069,ok
TIC_47484268,1.0801152811498747,0.00016843371856920764,-0.0043055164921183,115,17427,ok
TIC_47617038,0.9562349605284591,-0.010777828430902983,0.0017432422374005416,902,102924,ok
TIC_48178229,1.5109450868919694,0.4055980078306111,0.3863998579197458,95,609,ok
TIC_48188920,1.0371989022058472,0.022786856848039407,-0.013698397012930184,329,16446,ok
TIC_48276576,0.9310552795892699,0.00622900296520716,-0.010843478926567023,468,13947,ok
TIC_48476907,1.0923190066370192,-0.014204469226213472,-0.007281307103953969,165,14963,ok
TIC_49617263,,,,4,782,insufficient in/out points (4/782)
TIC_49710555,1.1677732408146932,-0.018244688777182765,0.008867607210782422,224,13914,ok
TIC_49899799,3.6585348655191026,0.03989083740696089,0.0017606914321011717,24,14259,ok
TIC_49967354,1.0266788276435828,0.015073021301910837,0.0008689901971738524,1197,14813,ok
TIC_4999813,1.0995830308951393,-0.023159045091294322,-0.0054481225817007125,238,12626,ok
TIC_5024743,,,,8,783,insufficient in/out points (8/783)
TIC_50309953,0.9300630737478264,0.0028310468260201154,-0.013835171613648688,243,17369,ok
TIC_50365310,1.055124267586132,0.00011245135249226359,0.004446724870783965,738,96073,ok
TIC_50943163,4.193801903813841,0.2663350439601424,0.2733794573754727,39,760,ok
TIC_51024887,1.3974101189704005,-0.0046966473552824935,0.0034893716017814574,136,13437,ok
TIC_5109298,0.8749852047182431,-0.008987145200547213,-0.0033579620279173537,600,15159,ok
TIC_51318828,8.49045231929405,0.09710449765863083,0.0734956690564338,32,3316,ok
TIC_52041724,2.0644004364262134,0.03382653432960982,-0.013640980033600801,75,15338,ok
TIC_52548453,1.1687352985929553,0.012306339627642984,-0.00047483481318378755,706,14616,ok
TIC_53427308,0.959068698791942,-0.014405799901388214,-0.0020827805569481527,294,14909,ok
TIC_53593457,1.0432864122343113,-0.008498047692985707,0.0005818589219287413,1500,8641,ok
TIC_54044474,3.4662996965833472,0.26856170392428,0.02376117330244285,479,13604,ok
TIC_54085154,0.9612116185226641,-0.0002712060086518379,0.017568596873094214,857,12745,ok
TIC_54364414,1.52758769118166,0.1565488483934591,0.09110221706660328,80,690,ok
TIC_54390047,1.0690241807390306,-0.007177464145645663,-0.013631198637284977,229,16035,ok
TIC_54464870,0.822828848958279,0.43088542946818204,0.40832155654006225,70,723,ok
TIC_55383975,1.0014442123245368,-0.010260914811449853,-0.013584742790339315,492,15173,ok
TIC_55452495,1.6835010046569792,-0.014770335424823757,-0.004983373565956704,125,15546,ok
TIC_56231866,1.0729004459695788,0.03885898708143218,-0.005462958198189466,379,15824,ok
TIC_5772442,0.87489021432426,-0.0037133157567311305,0.01218609348294915,487,15010,ok
TIC_5800958,1.1446430585004652,0.028519525359416886,0.0445319253237159,29,3058,ok
TIC_58046864,1.0486043147184536,-0.007867168726889936,-0.014363273994385407,597,13285,ok
TIC_58474992,0.23195488008282925,0.00019973744447272717,-0.011130168331781775,14,15321,ok
TIC_59003115,1.009023795070936,-0.006832560794642656,0.0006801694245147053,654,14535,ok
TIC_59859387,1.021901997394533,0.003981920251837236,0.005894903824610468,883,13827,ok
TIC_60074373,1.052969019776742,-0.011027601363826986,0.0008447480172961526,505,16619,ok
TIC_61117473,2.293547797591538,-0.015479433657592155,-0.011674892890443055,219,15405,ok
TIC_61733521,1.363508370930598,-0.0075559861239020525,-0.028990618840131193,39,962,ok
TIC_61980227,2.1749518917885484,0.02794813918034114,-0.017364882896028618,312,11283,ok
TIC_62530991,1.0375206211767438,0.003368197098948514,-0.008288583407789435,401,11296,ok
TIC_63013648,2.1685412179952355,0.003426531490678489,-0.0019480614104125137,119,14680,ok
TIC_63303499,1.047268326606987,-0.010566485996742203,-0.0026507826611394687,1013,13591,ok
TIC_64531556,1.0706166469393608,-0.0018710124961325014,-0.00928924135185619,463,16462,ok
TIC_64553698,0.7272916260689885,0.3992588224402408,0.36556622191751686,66,638,ok
TIC_64836837,1.0108977697393975,-0.0038867579597273876,0.00319677970981339,2617,94598,ok
TIC_65347776,1.110574813370547,-0.013605918587219937,2.943677851459436e-05,308,11669,ok
TIC_66356824,1.0955379817726967,-0.003590973002716347,-0.014198914019154187,413,13271,ok
TIC_6653897,0.9795281507198892,-0.022084405952496288,0.00359404367984231,282,13507,ok
TIC_66783360,1.0540330277280168,0.014129847124661435,0.0034360221866242746,1125,13291,ok
TIC_67247610,1.085651674732598,-0.005433683984735935,-0.018904888756255886,319,12350,ok
TIC_67309890,1.0261855940875544,-0.015309846804940396,0.0005145052503283109,138,12283,ok
TIC_67926921,0.9913601677206813,-6.539924407655991e-05,-0.0008529015474027804,686,13936,ok
TIC_68152139,1.261142802366932,0.28853612639920917,0.25952932237323356,41,827,ok
TIC_68322189,1.59173731080122,0.011944057626691134,6.589409273751513e-05,1042,15073,ok
TIC_686072378,4.355111290191427,0.054900723562444034,-0.006280194995668868,230,15645,ok
TIC_69672493,1.0248227705348285,-0.01945760530551494,0.001458236406308556,442,13188,ok
TIC_69838258,1.7369694283421486,0.128673866716767,0.08438052840075863,18,1077,ok
TIC_69997672,0.9527385355233515,0.005189350411223075,-0.013767079367827763,256,18723,ok
TIC_70887357,0.8107109147370483,0.031598958266729565,-0.005759247902490762,239,16165,ok
TIC_71396541,1.2202016462785907,-0.004729784721350874,0.011223945909861066,178,15511,ok
TIC_71401634,1.4270095173243698,0.013729395637882988,0.01699787114846968,171,2635,ok
TIC_71854732,1.0506014487968263,0.014227586618456854,0.005001938039063177,618,16715,ok
TIC_71854745,0.3793473902290673,0.3989426504625741,0.3644977700164655,103,594,ok
TIC_73104318,1.7559073738680733,0.026132724100274837,-0.006082514016470648,160,9049,ok
TIC_73244652,1.0382810831820692,-0.0182560902677372,-0.003838037664080335,52,12477,ok
TIC_73723286,1.8493653656880735,0.051205433624422286,-0.0047518609865693775,147,15085,ok
TIC_74197917,1.0308418672641826,-0.008573796535396019,-0.008572578405188347,1207,11584,ok
TIC_7439481,2.0310062241742286,0.041547722472599226,0.005575195794667346,649,15597,ok
TIC_74482749,2.8273845817201324,0.2072588338925885,0.077106857661466,429,12047,ok
TIC_75208638,1.092867177972826,-0.009597580289976426,-0.001427115842675732,331,15426,ok
TIC_75417968,3.0207847898789115,0.06431333552710565,0.04044635413093468,16,3256,ok
TIC_75427473,1.0092257648517853,0.013046632124466365,-0.005436195280642669,490,13478,ok
TIC_7624182,1.246164363866916,-0.007802161211690798,0.009770021159308306,457,13114,ok
TIC_77031413,4.97084666325791,0.13853489409581535,0.00042720013404928375,700,11827,ok
TIC_77228304,0.9488323707409517,-0.007334833335052609,-0.015289636698737497,482,12694,ok
TIC_78672342,0.5430519241353745,0.1781158573164781,0.1792209693467042,38,818,ok
TIC_7904580,1.0597520920467969,0.004181616109171603,0.01395335329062967,74,15048,ok
TIC_79395355,2.4240660055441943,0.017952215976480137,-0.04509962074222701,30,1097,ok
TIC_80029842,1.0593684970501505,-0.008745586450764802,-0.00502307520133294,337,15456,ok
TIC_80275202,0.9884137350832718,0.6033527282773139,0.24215697293100874,320,15684,ok
TIC_80478272,1.5182528551514698,-0.0011936872429425358,-0.011842386059002346,263,16940,ok
TIC_81212286,1.1046460125358315,-0.02808181954334257,-0.017394348290501207,611,15157,ok
TIC_81231810,0.8338108217357645,-7.419278535830253e-05,-0.013253794923983193,257,13631,ok
TIC_81429971,1.0583543725185023,-0.0027151091957964115,-0.00867043039883735,448,15291,ok
TIC_82010657,1.2017894225802954,0.18935455823245032,0.20088338743450068,58,703,ok
TIC_82302240,0.977401977103815,-0.0014667898035070853,-0.002401637799939202,165,15002,ok
TIC_82362447,1.145645452059034,-0.006589002836663668,0.01251612820953359,516,10831,ok
TIC_82707763,3.4807919112854275,0.07079890459802801,0.028780682069768637,112,13826,ok
TIC_83053699,1.127652447437296,-0.026212755060805053,-0.005123527522965995,459,16127,ok
TIC_83210867,1.1765736315072246,0.13790148468957034,0.05374177274494084,24,817,ok
TIC_86005116,1.0464749707940095,0.00688940320880886,-0.020569082109911246,887,14566,ok
TIC_86280613,2.4895369975304473,0.01942770850391618,0.01005416622169695,89,16047,ok
TIC_86451883,0.9406890987634593,0.008395041320198953,-0.0023200895926895667,708,11444,ok
TIC_87044036,0.9016305982746206,-0.000533235330176732,-0.014949572571488155,183,13897,ok
TIC_89510024,1.1357136714140044,0.028237988494743793,0.016364894870452132,996,14677,ok
TIC_89535068,0.987250826113485,0.000739700804011855,-0.0025570025922399845,107,13217,ok
TIC_89643259,1.569499134573613,0.03406250788483074,0.00216358722508529,589,13438,ok
TIC_89702406,1.3276557126714168,-0.0012315267396645015,0.01183176976343663,128,13111,ok
TIC_89759617,0.8432795291785894,0.3030685005088981,-0.07679819957527632,240,17446,ok
TIC_89876424,0.9477571783947394,-0.0018744851427650666,-0.012843552484971698,427,17043,ok
TIC_9032368,0.8501240809113257,-0.009160165825814129,-0.013363993918762408,64,14515,ok
TIC_9033144,2.7532608583164935,0.05289263695261215,0.025200192090152982,51,17901,ok
TIC_90448944,1.1689070302091276,-0.006713297095619966,0.0002447635828427136,337,78641,ok
TIC_90504905,0.8075830149560921,-0.022424375716679497,0.014462309771541003,39,10761,ok
TIC_90544017,0.9700189847141345,-0.006077322282771454,0.0073638290245807625,480,77679,ok
TIC_9102327,1.007883856643832,0.04004230268244232,0.0689382494789219,29,1082,ok
TIC_91576611,1.5941681797619094,0.36432734375175563,0.3026889128416816,17,1019,ok
TIC_91869778,1.3500139726569356,0.049210690449069894,0.008907868388683286,229,13671,ok
TIC_92013169,0.986550808073142,0.025813343066952436,0.0026368372438456997,450,15556,ok
TIC_92359850,1.1048439686851497,0.0530624388440699,0.05712850918317632,164,14261,ok
TIC_92783821,1.2215266516201215,-0.00599759635266284,-0.005120119590153696,134,17849,ok
TIC_93594834,0.9625575862385344,0.005292037063212164,-0.006895165674734209,168,16152,ok
TIC_93963408,1.013033691973002,-0.02066389006376266,0.00010204444383568942,791,13756,ok
TIC_95010343,0.9679280608042755,-0.007970080448704092,0.0055217172366579395,1677,79528,ok
TIC_95122849,1.136766420010289,0.02880576954851452,-0.003049036466039119,46,12668,ok
TIC_95129101,1.1824377515792672,-0.01275862720649197,-0.007209464302124777,330,14419,ok
TIC_96246348,1.2883665733989946,0.032711936154253864,0.01332487487346778,2970,88014,ok
TIC_96291218,1.0572496908670048,-0.004167611764109413,-0.005920449710645493,62,15142,ok
TIC_97158538,1.016047314003564,0.001814446588699605,-0.016274095137215592,253,16433,ok
TIC_9727392,3.926702139684001,0.0285104404072081,-0.0036112572182432786,40,17221,ok
TIC_97700520,1.9330346782769088,0.15037215315801536,0.052277261925486214,451,99159,ok
TIC_97735297,0.9425399742206576,-0.0017743099843839812,0.012482682350159034,1339,81461,ok
TIC_9804616,1.664468118337199,0.01601496742627567,0.0016240289681400968,652,12065,ok
TIC_98286422,1.3100134180138479,0.05062981405582877,0.010118438505476845,361,14025,ok
TIC_9830791,0.7390640005076058,0.0010337774695332136,-0.017741912327363538,86,11512,ok
TIC_9837861,1.1760798705113353,-0.010031562979181929,0.0010241569106762274,100,6873,ok
TIC_98494121,2.9916407360610284,0.27587750809333755,0.2327686046945875,27,887,ok
TIC_98613492,1.1076957997286654,-0.009051378863094667,0.0009823606867978307,340,11131,ok
TIC_99330090,,,,3,15547,insufficient in/out points (3/15547)
TIC_100267480,2.720290610338409,0.1750706182757233,0.010306060632352674,358,12512,ok
TIC_100589632,1.1581095163122277,0.0024987557868390116,-0.01326377179004398,207,14085,ok
TIC_101395259,0.29032603414371155,0.01963698293282831,-0.011301628899560512,35,12651,ok
TIC_101497191,1.0711416016266702,-0.011672606656111126,0.006619964959226087,387,14074,ok
TIC_101929303,1.5544242278250238,0.0006658690431552063,-0.001834380533468735,126,18285,ok
TIC_103245940,0.9894194340232011,0.004054778810327225,0.0074483438565962805,506,14839,ok
TIC_104022675,1.085355818426443,0.011726940654581307,-0.00021702998776470923,1058,13228,ok
TIC_104195270,3.776418793722613,0.05180448759603546,-0.008128749148457513,70,17775,ok
TIC_105387356,0.9253652190267925,-0.0034047808944720477,-0.010172610584827291,1209,14140,ok
TIC_105801221,1.0551043883984352,-0.00031082659052869235,-0.004045557716641701,322,14736,ok
TIC_106114491,1.5496780907960734,-0.010095744217638748,-0.014056802225968404,92,18329,ok
TIC_106224626,1.2881863827754598,-0.009326444672569515,0.0011074179083152016,523,16695,ok
TIC_106997505,1.025962653149927,-0.0054344306539090455,-0.0017861700983792589,522,14564,ok
TIC_107728509,0.8761567771027113,-0.00676075582521487,-0.005955196757698516,132,17255,ok
TIC_108645766,1.037670865904276,0.0009568083406462372,-0.006191354838500118,438,14705,ok
TIC_108835813,0.9603962185656251,0.00012442614268183243,-0.008795683319366126,257,15748,ok
TIC_108939482,1.0458395651403092,0.01564037381171061,0.00861048277373436,1166,10759,ok
TIC_1101909431,0.8214330249867972,-0.015758923405519598,-0.010773704430830637,63,10372,ok
TIC_110428269,1.048697579479638,-0.0020629505198001773,0.0016173571341712442,942,7198,ok
TIC_110936761,1.0749189061889655,0.009284552744499828,-0.004914985846212677,267,13206,ok
TIC_11111899,1.0350319021103864,0.05520233815575072,-0.017547454159157642,464,16552,ok
TIC_112395568,1.2485019643787234,0.15777198928859815,0.07061189943015309,1982,10013,ok
TIC_113295476,1.1173433436377336,-0.006913729047724946,-0.00422934004311453,950,12053,ok
TIC_1133072,1.0094057298700758,-0.02433596475817484,-0.022861835350093507,1096,8529,ok
TIC_113553629,0.8358466983439945,0.003917870134730153,0.002344250584067541,129,16304,ok
TIC_113919944,1.1024051641704586,-0.006733682005932627,-0.0015341446293374852,703,12636,ok
TIC_114103134,1.135111311246037,-0.0019145364399643294,-0.003197230213485094,263,14567,ok
TIC_115242351,1.0438535559876598,0.02484561414037585,0.004176348443652604,155,14315,ok
TIC_115446313,0.8699867792134564,-0.00847753729309534,-0.002043752046340817,128,17705,ok
TIC_115564354,0.9080816994093515,0.002357125440177908,0.002685622473612127,420,15139,ok
TIC_116257066,1.0798908476508327,0.0009561106029374323,0.0009977042364133647,256,15114,ok
TIC_116608612,2.1090846644672765,0.0049647966929843145,-0.0165120440829593,42,15569,ok
TIC_117068362,0.9869325843191088,0.02467366052017835,0.007947049800805147,507,15963,ok
TIC_117256577,1.1621685851486356,0.010249613956355885,-0.004235221289372799,795,15172,ok
TIC_117322779,1.3968403144875994,-0.06319529029648828,0.033224583005368874,100,11139,ok
TIC_117689799,1.4523316125247159,0.101650893916094,0.03269793352559127,384,13355,ok
TIC_117979694,0.8439404831404738,0.03637307639610237,0.015662120305392553,178,16474,ok
TIC_118021229,1.029258260996329,-0.0058821466211808554,-0.008183012310003021,332,15628,ok
TIC_118301361,1.5858578780722359,0.4835987007753093,0.37322896704866504,48,780,ok
TIC_118308828,1.0195847837117862,0.002081646108822929,-0.011513669998898126,316,14575,ok
TIC_119081096,1.017589466714954,-0.005168662859487393,-0.01722527531451318,827,9591,ok
TIC_11996814,1.002333375517993,0.00010672719391077991,-0.0020489535828248297,1522,8540,ok
TIC_120269103,3.1378520266759438,0.2488206325535975,-0.059974408093263626,187,16480,ok
TIC_12036590,1.1676683421804663,-0.0032331432216539066,-0.01857548530932283,180,15240,ok
TIC_120585579,0.21888662483375645,0.011335900215371796,-0.0075062172545584055,31,17598,ok
TIC_120602501,1.3256143836312653,0.029813084292344645,0.0013131242345718142,24,14112,ok
TIC_120723776,0.7698580317735264,0.032289608801277125,-0.008229324622598427,335,17169,ok
TIC_121966220,1.2388663243275906,0.0835775011005337,0.019043810391914592,269,15292,ok
TIC_122220263,2.6916990668297016,0.008735386994680128,0.0113118647299019,11,11410,ok
TIC_122262940,,,,7,750,insufficient in/out points (7/750)
TIC_122485078,0.7755851936477404,-0.010425542729739716,0.005181723908305064,29,11740,ok
TIC_123106490,1.1648858283697616,-0.008789878450110079,0.010054839777621219,378,14295,ok
TIC_124095888,0.9105881960211277,-0.0014436591164355666,0.0019211694522497681,650,14801,ok
TIC_124543547,1.0075654484750691,0.00729268525989813,-0.001969460166326446,241,16536,ok
TIC_124702477,1.1457988955828842,0.11733672577416691,-0.014760529565253845,26,974,ok
TIC_125894957,0.988903804254255,-0.015592930054366492,-0.010596360675709982,528,14451,ok
TIC_126733133,1.2461215963087784,-0.004619014142229161,0.002116072211427126,318,11745,ok
TIC_127315102,1.8348914527370028,0.020353974118875105,-0.020980761093626624,47,11464,ok
TIC_127425841,4.377562823046023,0.2779768495392855,0.15924750767666712,11,795,ok
TIC_127476180,1.169697298958759,0.009931290535362071,0.007163799366974336,385,14411,ok
TIC_127793615,2.663044592658249,0.1171070466589465,0.02013945392583335,181,17244,ok
TIC_128463355,0.9329534095691953,0.04694535005552611,-0.009962187834094707,330,15655,ok
TIC_128501004,1.2010250047845128,-0.003930035614299042,-0.006763427753894407,299,16831,ok
TIC_129107501,0.2557805994128795,0.008471900024611442,-0.004631936202673387,10,16456,ok
TIC_129432342,1.0312838972934306,0.016999316382396403,0.014563898764692666,213,6913,ok
TIC_129539786,1.5248890904702013,0.33569852130845773,0.3462361547463415,51,732,ok
TIC_129881395,0.6814853948887918,0.05813795325930342,0.026869943535225007,1282,10948,ok
TIC_130191319,1.0374651582737804,0.0035949205611259544,0.0027070280787232534,471,13914,ok
TIC_13023738,1.0903988529235151,-0.00916004970718024,-0.01086534855917734,134,14159,ok
TIC_130611752,0.9899889281201742,-0.0038285632953356454,-0.003927330204945439,210,14814,ok
TIC_131081852,0.6234021120523601,0.021234343664436075,-0.0031568279382306968,23,14318,ok
TIC_131419878,0.940971887546246,-0.0067751793186613665,0.0030502518487674985,311,14894,ok
TIC_131581522,0.9489809668609116,0.0030880913028947573,0.005016709927687209,497,13725,ok
TIC_131581531,1.0547175159711268,0.0021177294501807417,-0.002647240625906662,695,16731,ok
TIC_131979339,0.9722532337294603,0.06993512791283495,0.030693455517668174,775,14049,ok
TIC_132320310,1.2936599646662055,0.10541240077729273,0.009664170663428657,95,707,ok
TIC_132534906,1.0126238882645344,0.0036557003468924566,-0.008019701379631218,330,14353,ok
TIC_133505138,0.9801240674133045,-0.001481704591718335,-0.00033930303522227437,431,14689,ok
TIC_133654092,0.9535550813739713,-0.001019527541397121,-0.0013957725735033399,547,14730,ok
TIC_134315574,0.9869289987179631,-0.015292408339806123,0.0026493510599861483,466,13976,ok
TIC_134396419,0.8777708884288693,0.00480653468383401,-0.009053658273256196,408,15357,ok
TIC_135083444,1.2926619501129495,0.0024838339438809443,-0.025376346744088923,196,15200,ok
TIC_136848581,1.1383382147065633,-0.005496667089544412,-0.00564248949839891,286,17714,ok
TIC_136971594,1.0676671744660509,-0.020896983125924154,-0.0051706665413333965,685,16113,ok
TIC_137157546,1.004926819446064,-0.015773175978880012,-0.016408513069375293,409,15046,ok
TIC_137284119,0.8615664597191772,-0.011925957690883006,0.0006726970611219185,573,16516,ok
TIC_137500798,1.026131757518348,-0.002090883940034773,-0.002733774757369281,132,19055,ok
TIC_137543637,1.1906187310625826,0.0862673683055849,0.026603571463116354,432,10382,ok
TIC_138017750,7.419085438302712,0.3686357931530422,0.024890388605443833,425,12844,ok
TIC_138361973,1.0768820705903823,0.011701590070198465,-4.755368843353605e-05,933,16009,ok
TIC_138497780,1.871391235602884,0.0015099854724099115,-0.002312572626441414,326,14768,ok
TIC_138968089,0.8079163686953093,0.00416711166826772,-0.010501580004879026,110,11668,ok
TIC_139118482,0.34853762243805875,-0.00980483618803135,-0.010904658041959387,29,12974,ok
TIC_139285736,1.0741971025419472,0.23034914732485978,0.2638801186593643,14,1082,ok
TIC_1400770435,,,,1,14107,insufficient in/out points (1/14107)
TIC_1405997635,0.9478485369112715,0.05537608941391686,0.013445364369020623,648,13676,ok
TIC_140830390,1.4716766342492673,0.008614875192208648,-0.0028057955953138696,105,11281,ok
TIC_141227133,0.9162151192302723,0.030524406781389308,-0.00874849074718101,338,12383,ok
TIC_141405814,0.9374734016139226,0.03653006314773883,0.037105177078359086,1018,5554,ok
TIC_141412823,0.775823203163589,-0.004685368781235996,-0.00048034694721982654,37,14809,ok
TIC_141616639,1.0905387108888753,0.00028519065718766556,-0.008007452134021492,83,16383,ok
TIC_141631253,1.0880902291567853,0.010791777726462205,0.012934049102753382,688,13313,ok
TIC_141663464,2.114177340860881,0.22960549233767022,0.0018821720873443035,822,14420,ok
TIC_141776043,1.2012825364570434,0.00635290831300307,-0.01766598326442238,368,15433,ok
TIC_142087638,1.0589806809263898,-0.0160585594756462,-0.008891480330118056,96,15749,ok
TIC_142090065,1.5755778308174206,0.09450623246805184,0.03330854101586799,127,16234,ok
TIC_142918609,1.9720245865727868,0.057137156769841047,-0.005785592825729422,73,16350,ok
TIC_142938659,0.9885263535444789,0.02142091858561009,-0.015173854218415278,2786,18336,ok
TIC_143032776,1.9654185641438038,0.02152556170389168,-0.004274646419507185,109,16582,ok
TIC_143350972,0.9545396247128405,0.024313927344867748,0.008161121468303889,1004,13323,ok
TIC_143526444,0.8317861208884257,0.010442618769360043,-0.0026825149964030248,87,15995,ok
TIC_144043410,1.8613402322432937,0.417498335481889,-0.021784186918190045,540,14724,ok
TIC_144440290,1.308854687231341,-0.0007147036975902855,-0.014932334727362403,74,18034,ok
TIC_144956678,1.0020799432120788,0.007553145179753305,0.0017517654904548913,820,13570,ok
TIC_1449756,,,,7,1101,insufficient in/out points (7/1101)
TIC_145027461,0.9126839866360895,0.012313179554818997,-0.0051965743836657665,1006,12824,ok
TIC_145982812,1.0471860670366604,-0.01915515318664121,0.0021374061525399777,219,13029,ok
TIC_146208651,1.1812911758150555,0.01101023976474324,-0.002954613414070111,138,9586,ok
TIC_146244533,1.2076600378532985,-0.0015015022654865063,0.005961295964984424,116,13246,ok
TIC_146261607,1.3743283772793002,0.381286876357388,0.3358577230796561,81,742,ok
TIC_146434840,,,,8,1099,insufficient in/out points (8/1099)
TIC_146463781,0.9744188879252872,-0.012281891685135233,-0.0013286489822896205,1813,9003,ok
TIC_146467675,1.0543946506732513,-0.028611677724979762,-0.005917762587930556,621,15008,ok
TIC_146836153,1.6021187394525864,-0.015946428120099027,-0.008365623127171288,282,14618,ok
TIC_146846569,2.738453081829548,0.003140003249728417,-0.0061386328969813145,103,15492,ok
TIC_147340931,2.801386244940896,0.09749133856390459,0.017003351473342122,412,14109,ok
TIC_147576037,1.0320774595629676,0.01626571210691848,-0.01177747624108928,100,18811,ok
TIC_147660201,0.9264462155588598,-0.003588337211662076,-0.005070832998905494,1222,10889,ok
TIC_147895461,0.8118173017291763,-0.01762433039600717,-0.0035415005551137566,98,11679,ok
TIC_148233571,0.9769328511598747,-0.011150354403029809,0.006388835255089523,850,12020,ok
TIC_148659924,1.0373908139364854,0.00045797914392245643,-0.009742183780428584,333,15263,ok
TIC_149126400,0.9014501431792505,-0.006888123086959548,-0.01932391061071692,703,13890,ok
TIC_149282072,0.9467023101675299,-0.005241379675724432,0.0032934581612645824,87,16591,ok
TIC_150271680,0.9274107254624994,0.0032891486055609083,-0.015149514765330897,199,17480,ok
TIC_151728428,0.8157219090478911,0.37129965086356737,0.011352181655543529,33,15210,ok
TIC_151930063,1.007028726971123,-0.016987022267352093,-0.0014424164613717515,348,14414,ok
TIC_151959065,0.3969791234876094,0.01436504503471059,0.00866605259910556,122,14948,ok
TIC_15247229,1.6622851275519857,0.5473425779183015,0.4599169947816332,197,17532,ok
TIC_152714791,0.9481497326160291,-0.00017401966782205168,0.00796432276806029,646,5598,ok
TIC_153027658,1.0034044137240732,-0.018925556957996997,-0.016136051164574727,244,15876,ok
TIC_153651591,0.9380570995938542,-0.004370925380387389,-0.004363798435941607,208,16083,ok
TIC_154459165,1.152423197381099,0.040261829044074916,0.01955587050231847,579,14417,ok
TIC_154867950,0.8104235215484824,0.002613482081292702,-0.010151090780597193,214,17779,ok
TIC_154927364,9.24021638049954,0.014214835668506067,-0.0011030145980360782,223,18718,ok
TIC_155005217,1.1262577173459485,-0.0013295221686274792,0.0023920285718690166,348,17281,ok
TIC_155114483,1.0996163924531939,0.020176786962702423,-0.00770601527837384,86,12752,ok
TIC_15565627,1.1124756930407897,0.06008151311584981,0.06601175017942,48,736,ok
TIC_155807906,0.9295843986863974,-0.010033824829933211,-0.004194135074881445,377,14227,ok
TIC_155947004,0.8309642045565652,-0.01944063898189122,-0.019964799265080733,34,12294,ok
TIC_155995204,0.901846266427511,-0.009852736819816918,0.009378680717498459,89,13316,ok
TIC_156678143,1.4849102855292406,0.20004271636728577,0.15817340957398426,72,711,ok
TIC_156816238,1.4830721619407576,0.03760659322596875,0.00393651638908258,936,11711,ok
TIC_15682927,1.0215697005029603,0.02817794173875951,0.005177461646818835,370,12879,ok
TIC_156991337,5.195276117312765,0.07320784306566105,0.014287002461056951,154,13983,ok
TIC_157528286,1.0714954637940919,0.009000615337341462,-0.010468258058793813,579,13399,ok
TIC_157568289,1.0176090876382966,0.029924130571954928,-0.009125109037854953,480,15533,ok
TIC_15827263,0.9056799591479328,0.0257119125991944,0.0072478371703773034,88,11079,ok
TIC_158551257,1.0369017490389727,0.0007564507100804777,0.001193505774111912,990,15572,ok
TIC_158916431,1.8877480464717777,0.10334361451715143,-0.04276959472206987,631,17106,ok
TIC_159334269,1.0343194623355758,-0.019848853103779984,0.004493542772488196,513,13602,ok
TIC_159510109,9.549949173178499,0.2126593639550649,0.045798355402938876,131,17606,ok
TIC_160162987,1.5779206681293823,0.005758327242370906,-0.002666162479646211,126,19188,ok
TIC_160268701,3.258295179152455,0.029121677043895698,0.0009793837572150295,60,19135,ok
TIC_16102323,2.6329722935373323,0.15945851387428162,0.09361656176247045,85,8250,ok
TIC_161156159,1.0231899808203138,-0.0005486633246961532,-0.002605264437722223,1009,12126,ok
TIC_161450762,1.993134478127126,0.017114051610507688,0.012904907043487063,48,13017,ok
TIC_16187321,0.995230691143691,0.0018059851166737882,-0.004935243286378846,201,13576,ok
TIC_162246865,0.9814168575951596,0.0075308374527454,-0.0009389747709575804,607,12969,ok
TIC_162577466,1.0645843603304441,0.0015129730776457743,-0.0025579998878841543,295,11096,ok
TIC_162729620,1.098370427135349,-0.00511480581033922,0.0019001258997405055,465,16395,ok
TIC_165523947,0.8512394552465118,0.0034114929090522427,-0.00782951695861219,128,14692,ok
TIC_166184426,0.926509106726015,0.00029597608969743415,-0.004307966565694677,127,11190,ok
TIC_166190643,0.9674663266811675,-0.001095370952075396,-0.007164354422574638,272,18498,ok
TIC_166697854,1.2011205686134465,0.03330243478160242,0.005549900361569097,27,1084,ok
TIC_167009792,0.8775448187727397,0.007117669978422243,-0.0035217736391119974,559,16026,ok
TIC_167031605,0.8495639970225133,0.11805356152395721,0.02111767062193762,298,16031,ok
TIC_167098530,1.0670015993136397,0.009367824984908393,0.0034146875527988063,579,13369,ok
TIC_167418898,0.8970480356787431,-0.009429373917907019,-0.006327511199763722,78,17885,ok
TIC_167754523,1.0118776468346267,-0.009569916119589572,-0.00958492003783198,642,15791,ok
TIC_168871868,0.6420580255204877,-0.0006923636404455358,0.004207935714258772,154,15625,ok
TIC_169177766,2.1790734994374095,0.09340266661526349,0.03280843094786351,34,685,ok
TIC_169187982,1.1090549967520027,-0.010563935049813775,-0.013387299574792346,693,15155,ok
TIC_169532369,1.1676341464981612,0.024004993026353033,-0.003914826052025013,378,15486,ok
TIC_17005768,0.6461599869751667,0.053060739591867224,-0.009845149962764999,14,12302,ok
TIC_170103435,1.1069150725550854,-0.00915687915361648,-0.007338501834229033,481,14499,ok
Teegarden's_Star,0.8470680437437635,0.005698433347032886,-0.014264112646356882,79,14205,ok
TIC_1001477809,1.0286794817663019,-0.004967864236989703,-0.007694213340362434,116,15435,ok
TIC_1100766816,1.034849830939644,0.009991697108241479,-0.027411580159142804,162,7098,ok
TIC_1400212743,0.9711969293815115,-0.005353172305189858,-0.004232857430238625,196,18627,ok
TIC_161687209,1.1485360266802243,0.0095500026392957,-0.01162446872960977,210,11244,ok
TIC_1717732429,0.6346300056520171,0.7800151472622286,-0.7269878852586406,303,18091,ok
TIC_1965256662,1.1101537345153412,-0.005416823548052392,0.0014685322406991854,393,12468,ok
TIC_1976308113,1.1613230165192654,0.0073534944188108475,0.0017638228718321136,531,17488,ok
TIC_1979500576,0.9338109773671778,-0.03964482007650035,-0.019836859148906632,761,15841,ok
TIC_2041563029,19.523872820931736,0.3339667540562052,0.049662374575933144,166,17195,ok
TIC_258777134,3.5999117330532306,0.07984385785815469,-0.010770688740023187,343,17186,ok
TIC_286696848,0.3077668462644602,0.003893247274014942,-0.015515960252904224,17,16258,ok
TIC_365683032,1.0618543746628282,0.02054141886494903,0.014976037269890326,1670,12914,ok
TIC_387664868,1.1313953739071612,0.03154292957920106,-0.005605792118806081,635,16410,ok
TIC_841226527,0.6674431016985192,-0.008873891178331284,-0.012353145578155228,43,19353,ok
TIC_200385493,1.275450945457723,0.030823749541370227,-0.009227402183775985,98,14404,ok
TIC_453789494,1.1007208205309567,0.001354547726305185,0.00915612593231828,396,90690,ok
