host,status,n_original,n_after_quality,n_after_outliers,n_final,pct_removed,pre_norm_median_flux,flux_source,elapsed_s
TIC_1001477809,"Skipped: Non-standard schema (missing columns: ['pdcsap_flux', 'pdcsap_flux_err'])",,,,,,,,0.0056430000113323
TIC_101395259,Success,13361.0,12991.0,12944.0,12944.0,3.1210238754584285,13525.612,pdcsap_flux,0.2212103750207461
TIC_100267480,Success,18147.0,13936.0,13936.0,13936.0,23.20493745522676,1196.9521,pdcsap_flux,0.2735664999927394
TIC_100589632,Success,18697.0,14896.0,14896.0,14896.0,20.32946461999251,5615.2135,pdcsap_flux,0.2747544170124456
TIC_101497191,Success,16904.0,15621.0,15613.0,15613.0,7.6372456223379075,12486.86,pdcsap_flux,0.2720791660249233
TIC_103245940,Success,19274.0,16760.0,16760.0,16760.0,13.043478260869568,940.77605,pdcsap_flux,0.269635833974462
TIC_101929303,Success,18788.0,18788.0,18785.0,18785.0,0.015967638918457,11214.56,pdcsap_flux,0.2972202500095591
TIC_104022675,Success,18090.0,17388.0,17388.0,17388.0,3.880597014925369,1103.0196999999998,pdcsap_flux,0.2699429170461371
TIC_104195270,Success,19475.0,19233.0,18231.0,18231.0,6.387676508344031,6469.7324,pdcsap_flux,0.2804112919839099
TIC_105801221,Success,16938.0,15866.0,15866.0,15866.0,6.328964458613773,21621.049,pdcsap_flux,0.2507944159442559
TIC_105387356,Success,18788.0,18788.0,18787.0,18787.0,0.0053225463061523,4265.8906,pdcsap_flux,0.3002901659929193
TIC_106114491,Success,18788.0,18788.0,18788.0,18788.0,0.0,8112.63465,pdcsap_flux,0.2885606670170091
TIC_106224626,Success,18788.0,18788.0,18788.0,18788.0,0.0,622.75897,pdcsap_flux,0.2930156249785796
TIC_1100766816,"Skipped: Non-standard schema (missing columns: ['pdcsap_flux', 'pdcsap_flux_err'])",,,,,,,,0.0069110830081626
TIC_106997505,Success,17329.0,16796.0,16795.0,16795.0,3.0815396156731456,31112.863,pdcsap_flux,0.2756252079852856
TIC_1101909431,Success,12874.0,10573.0,10573.0,10573.0,17.873232872456114,1496.9353,pdcsap_flux,0.1754908330040052
TIC_108645766,Success,16341.0,16341.0,16341.0,16341.0,0.0,801.6647,pdcsap_flux,0.2577002919861115
TIC_107728509,Success,19325.0,17743.0,17743.0,17743.0,8.186287192755493,10337.018,pdcsap_flux,0.2895687089767307
TIC_108835813,Success,17331.0,16785.0,16784.0,16784.0,3.1561941030523344,14980.527,pdcsap_flux,0.273378457990475
TIC_108939482,Success,17768.0,15737.0,15737.0,15737.0,11.430661864025216,603.23846,pdcsap_flux,0.2599763750331476
TIC_103865797,Success,64444.0,48839.0,48839.0,48839.0,24.21482217118739,296.57196,pdcsap_flux,0.8061587089905515
TIC_110428269,Success,18401.0,10939.0,10938.0,10938.0,40.55757839247867,44779.465,pdcsap_flux,0.2553647499880753
TIC_110936761,Success,17250.0,14379.0,14379.0,14379.0,16.64347826086956,10730.762,pdcsap_flux,0.2632885830244049
TIC_1133072,Success,13359.0,12952.0,12951.0,12951.0,3.054120817426454,1427.8728,pdcsap_flux,0.21780545898946
TIC_11111899,Success,18321.0,18321.0,18320.0,18320.0,0.0054582173462103,21578.873,pdcsap_flux,0.3151475000195205
TIC_113295476,Success,17767.0,15615.0,15615.0,15615.0,12.112343108009227,541.0209,pdcsap_flux,0.2931346249533817
TIC_112395568,Success,18829.0,17219.0,17219.0,17219.0,8.550639970258644,45806.95,pdcsap_flux,0.311532208987046
TIC_113553629,Success,17331.0,16817.0,16817.0,16817.0,2.965783855519011,12978.15,pdcsap_flux,0.280788375006523
TIC_113919944,Success,17387.0,15450.0,15450.0,15450.0,11.140507275550704,1578.6666,pdcsap_flux,0.2369975830079056
TIC_114103134,Success,17768.0,15533.0,15533.0,15533.0,12.578793336334982,3760.2559,pdcsap_flux,0.2622665420058183
TIC_115242351,Success,17929.0,14828.0,14828.0,14828.0,17.296000892408948,905.27085,pdcsap_flux,0.251809208013583
TIC_115564354,Success,18538.0,16734.0,16734.0,16734.0,9.73136260653792,3514.06545,pdcsap_flux,0.2794295420171693
TIC_116257066,Success,16922.0,16199.0,16183.0,16183.0,4.367096087932865,5599.2036,pdcsap_flux,0.2977128750062547
TIC_115446313,Success,18216.0,18216.0,18214.0,18214.0,0.0109793588054407,17774.503,pdcsap_flux,0.3402434589806944
TIC_116608612,Success,16922.0,16267.0,15943.0,15943.0,5.7853681597919815,34269.547,pdcsap_flux,0.3189584999927319
TIC_118301361,Success,1068.0,969.0,967.0,967.0,9.456928838951306,38219.188,pdcsap_flux,0.0380166249815374
TIC_117322779,Success,11667.0,11528.0,11485.0,11485.0,1.5599554298448617,2729.59,pdcsap_flux,0.2477016669581644
TIC_117068362,Success,18137.0,17849.0,17849.0,17849.0,1.5879142085240106,2285.0586,pdcsap_flux,0.3743322910158895
TIC_117256577,Success,18321.0,18321.0,18318.0,18318.0,0.016374652038642,8652.748,pdcsap_flux,0.365879249991849
TIC_117689799,Success,17897.0,15068.0,15068.0,15068.0,15.807118511482376,3739.37975,pdcsap_flux,0.3185076249646954
TIC_118021229,Success,17371.0,16865.0,16865.0,16865.0,2.9129008116976607,16736.086,pdcsap_flux,0.3027962089981884
TIC_117979694,Success,17658.0,17178.0,17178.0,17178.0,2.71831464492015,9983.6335,pdcsap_flux,0.3298891249578446
TIC_119081096,Success,13362.0,12904.0,12904.0,12904.0,3.427630594222419,1697.9843,pdcsap_flux,0.2084324579918757
TIC_118308828,Success,17762.0,15857.0,15852.0,15852.0,10.753293548023867,2392.78885,pdcsap_flux,0.2764387499773875
TIC_11996814,Success,16251.0,14765.0,14765.0,14765.0,9.144052673681625,3263.9004,pdcsap_flux,0.2323703749570995
TIC_120269103,Success,17454.0,17405.0,17271.0,17271.0,1.0484702646957669,81007.79,pdcsap_flux,0.2624282089527696
TIC_12036590,Success,17986.0,15840.0,15802.0,15802.0,12.14277771600133,6821.82115,pdcsap_flux,0.2448557500028982
TIC_122262940,Success,838.0,810.0,794.0,794.0,5.250596658711215,12482.225,pdcsap_flux,0.0262422920204699
TIC_120602501,Success,16712.0,14396.0,14254.0,14254.0,14.7079942556247,65855.12,pdcsap_flux,0.2321424999972805
TIC_121966220,Success,17055.0,16736.0,16577.0,16577.0,2.8026971562591596,8134.315,pdcsap_flux,0.2570105830091052
TIC_120585579,Success,18298.0,18298.0,18024.0,18024.0,1.4974314132692124,1656.2338,pdcsap_flux,0.2879144589533098
TIC_120723776,Success,19274.0,19235.0,19073.0,19073.0,1.0428556604752504,1028.0996,pdcsap_flux,0.2930789579986594
TIC_124702477,Success,1086.0,1080.0,1080.0,1080.0,0.5524861878453025,6437.617700000001,pdcsap_flux,0.0275627090013586
TIC_122220263,Success,17907.0,11707.0,11517.0,11517.0,35.684369241078905,39300.16,pdcsap_flux,0.2522051249979995
TIC_122485078,Success,15580.0,11915.0,11915.0,11915.0,23.52374839537869,16732.764,pdcsap_flux,0.2154891659738496
TIC_123106490,Success,17769.0,15685.0,15685.0,15685.0,11.728290843604029,5144.468,pdcsap_flux,0.2661729579558596
TIC_127425841,Success,1097.0,854.0,833.0,833.0,24.065633546034636,18406.605,pdcsap_flux,0.0224178330390714
TIC_124095888,Success,18091.0,17396.0,17396.0,17396.0,3.84168923774253,4171.4343,pdcsap_flux,0.2686919589759782
TIC_125894957,Success,17331.0,16817.0,16817.0,16817.0,2.965783855519011,9360.081,pdcsap_flux,0.24101250001695
TIC_124543547,Success,17458.0,17458.0,17442.0,17442.0,0.0916485278955159,9258.215,pdcsap_flux,0.2817363329813815
TIC_126733133,Success,13363.0,13071.0,13071.0,13071.0,2.1851380677991417,15999.601,pdcsap_flux,0.2011826250236481
TIC_127315102,Success,15905.0,11698.0,11660.0,11660.0,26.689720213769252,66838.23000000001,pdcsap_flux,0.2287442079978063
TIC_127476180,Success,17768.0,15779.0,15779.0,15779.0,11.19428185502026,11857.369,pdcsap_flux,0.2710862089879811
TIC_127793615,Success,18468.0,18227.0,17887.0,17887.0,3.145982239549494,6555.918,pdcsap_flux,0.2948392499820329
TIC_129539786,Success,1116.0,921.0,921.0,921.0,17.47311827956989,32929.492,pdcsap_flux,0.0256349999690428
TIC_128463355,Success,17356.0,16846.0,16672.0,16672.0,3.9410002304678504,14075.274,pdcsap_flux,0.3066216249717399
TIC_129107501,Success,17330.0,17330.0,16799.0,16799.0,3.0640507789959637,4072.9927,pdcsap_flux,0.2946467080037109
TIC_128501004,Success,19611.0,19611.0,19176.0,19176.0,2.2181428789964763,19673.767,pdcsap_flux,0.3233520000358112
TIC_129432342,Success,10067.0,7780.0,7780.0,7780.0,22.71779080162909,6943.127,pdcsap_flux,0.1321882919874042
TIC_13023738,Success,16819.0,14723.0,14723.0,14723.0,12.46209643855164,2096.249,pdcsap_flux,0.2670110840117559
TIC_129881395,Success,17768.0,15881.0,15881.0,15881.0,10.620216118865375,560.185,pdcsap_flux,0.3242130000144243
TIC_130191319,Success,17768.0,15835.0,15835.0,15835.0,10.879108509680323,2325.7378,pdcsap_flux,0.2975692909676581
TIC_131081852,Success,16536.0,14992.0,14664.0,14664.0,11.32075471698113,17192.961499999998,pdcsap_flux,0.2713057500077411
TIC_130611752,Success,17766.0,15622.0,15622.0,15622.0,12.06799504671845,1300.62355,pdcsap_flux,0.3124917920213192
TIC_132320310,Success,1086.0,1086.0,1086.0,1086.0,0.0,6305.1185000000005,pdcsap_flux,0.0353917920147068
TIC_131419878,Success,16342.0,16342.0,16342.0,16342.0,0.0,48297.1475,pdcsap_flux,0.2807892499840818
TIC_131581522,Success,17770.0,15870.0,15870.0,15870.0,10.692177827799664,797.610625,pdcsap_flux,0.2643575830152258
TIC_131581531,Success,19433.0,19433.0,19433.0,19433.0,0.0,2381.0938,pdcsap_flux,0.2946525000152178
TIC_132534906,Success,17771.0,15715.0,15715.0,15715.0,11.569410837881945,1665.324,pdcsap_flux,0.2440702499588951
TIC_131979339,Success,17370.0,16979.0,16902.0,16902.0,2.694300518134718,85303.664,pdcsap_flux,0.2929142499924637
TIC_133505138,Success,17123.0,16427.0,16427.0,16427.0,4.0647082870992275,24744.184,pdcsap_flux,0.2486282089957967
TIC_133654092,Success,17359.0,16941.0,16940.0,16940.0,2.41373350999482,9059.552,pdcsap_flux,0.2612589580239728
TIC_134315574,Success,17766.0,15610.0,15610.0,15610.0,12.13553979511426,876.8419200000001,pdcsap_flux,0.2588302079821005
TIC_134396419,Success,17376.0,16985.0,16984.0,16984.0,2.255985267034988,12968.169,pdcsap_flux,0.2556541669764556
TIC_135083444,Success,17881.0,16095.0,16095.0,16095.0,9.98825569039763,15353.712,pdcsap_flux,0.248264416004531
TIC_124709665,Success,104495.0,100926.0,100911.0,100911.0,3.4298291784295887,31051.592,pdcsap_flux,1.5322792920051145
TIC_136848581,Success,18881.0,18881.0,18881.0,18881.0,0.0,17293.982,pdcsap_flux,0.2734661659924313
TIC_136971594,Success,18882.0,18882.0,18882.0,18882.0,0.0,36030.338,pdcsap_flux,0.2642346249776892
TIC_137157546,Success,16749.0,16749.0,16749.0,16749.0,0.0,2489.2505,pdcsap_flux,0.2525472499546595
TIC_137284119,Success,18882.0,18882.0,18881.0,18881.0,0.0052960491473408,35159.71,pdcsap_flux,0.2838387080118991
TIC_137500798,Success,19610.0,19610.0,19609.0,19609.0,0.0050994390617065,12490.155,pdcsap_flux,0.2978019580477848
TIC_137543637,Success,17304.0,12029.0,12029.0,12029.0,30.484281091077204,2078.8018,pdcsap_flux,0.2097799580078572
TIC_139285736,Success,1187.0,1187.0,1182.0,1182.0,0.4212299915754003,2688.727,pdcsap_flux,0.0256624579778872
TIC_138017750,Success,15676.0,14536.0,14536.0,14536.0,7.272263332482776,173867.43,pdcsap_flux,0.2516146669513546
TIC_1400212743,"Skipped: Non-standard schema (missing columns: ['pdcsap_flux', 'pdcsap_flux_err'])",,,,,,,,0.0069041669485159
TIC_138497780,Success,16943.0,15973.0,15973.0,15973.0,5.7250782033878345,2160.0208,pdcsap_flux,0.2565664160065353
TIC_138968089,Success,18017.0,12095.0,12095.0,12095.0,32.868957096075924,3620.0793,pdcsap_flux,0.260753083974123
TIC_139118482,Success,16318.0,13299.0,13208.0,13208.0,19.058708175021444,4654.0239,pdcsap_flux,0.2438558749854564
TIC_138361973,Success,19611.0,19611.0,19611.0,19611.0,0.0,20398.22,pdcsap_flux,0.330514375003986
TIC_129319156,Success,110980.0,107669.0,107659.0,107659.0,2.9924310686610167,10808.456,pdcsap_flux,1.7358989999629555
TIC_1400770435,Success,18420.0,14286.0,14203.0,14203.0,22.893593919652556,45093.81,pdcsap_flux,0.2594233329873532
TIC_1405997635,Success,17096.0,16417.0,16364.0,16364.0,4.281703322414598,10365.989,pdcsap_flux,0.2585824999841861
TIC_140830390,Success,18187.0,11701.0,11701.0,11701.0,35.66283609171386,3315.4868,pdcsap_flux,0.2234947920078411
TIC_141227133,Success,14146.0,13823.0,13799.0,13799.0,2.452990244592113,11011.852,pdcsap_flux,0.2299769159872084
TIC_141405814,Success,10634.0,9592.0,9588.0,9588.0,9.836373895053596,20255.4795,pdcsap_flux,0.1641290410188958
TIC_141412823,Success,17738.0,15109.0,15108.0,15108.0,14.826925245236213,11192.126,pdcsap_flux,0.2430225000134669
TIC_141631253,Success,17771.0,15986.0,15985.0,15985.0,10.050081593607562,7434.112,pdcsap_flux,0.2672169580473564
TIC_141616639,Success,18850.0,16719.0,16719.0,16719.0,11.30503978779841,1932.2095,pdcsap_flux,0.3638134590000845
TIC_141663464,Success,18470.0,18225.0,18049.0,18049.0,2.279371954520848,219642.67,pdcsap_flux,0.3709088750183582
TIC_141776043,Success,17372.0,16894.0,16891.0,16891.0,2.7688233939673013,5199.351,pdcsap_flux,0.3418065410223789
TIC_142087638,Success,16339.0,16127.0,16127.0,16127.0,1.2975090274802592,5634.987,pdcsap_flux,0.3156740420381538
TIC_142090065,Success,17057.0,16730.0,16730.0,16730.0,1.917101483262007,41912.096999999994,pdcsap_flux,0.2333662089658901
TIC_142918609,Success,17371.0,16899.0,16673.0,16673.0,4.018191238270685,19018.912,pdcsap_flux,0.2416195420082658
TIC_143032776,Success,18065.0,17143.0,17087.0,17087.0,5.413783559368945,206.76472,pdcsap_flux,0.2664192080264911
TIC_143350972,Success,17657.0,17320.0,17317.0,17317.0,1.9255819221838388,135240.42,pdcsap_flux,0.2633465419639833
TIC_142938659,Success,34316.0,29436.0,29417.0,29417.0,14.276139410187673,465.16312,pdcsap_flux,0.4672513749683276
TIC_143526444,Success,16343.0,16343.0,16342.0,16342.0,0.0061188276326284,29576.153,pdcsap_flux,0.2302004160010256
TIC_140706664,Success,84858.0,80486.0,80463.0,80463.0,5.179240613731173,9311.0625,pdcsap_flux,1.3540044580004178
TIC_139853601,Success,103956.0,96406.0,96405.0,96405.0,7.263650005771671,68011.72,pdcsap_flux,1.5561212500324473
TIC_1449756,Success,1174.0,1138.0,1132.0,1132.0,3.5775127768313486,7735.952499999999,pdcsap_flux,0.0292475000023841
TIC_144043410,Success,17373.0,16886.0,16884.0,16884.0,2.814712484890347,9978.8335,pdcsap_flux,0.2790808330173604
TIC_144440290,Success,18298.0,18298.0,18279.0,18279.0,0.1038364848617301,50044.59,pdcsap_flux,0.2739333750214427
TIC_144956678,Success,17376.0,16960.0,16960.0,16960.0,2.3941068139963217,17929.866,pdcsap_flux,0.2646090830094181
TIC_145027461,Success,17371.0,16885.0,16885.0,16885.0,2.797766392262968,10779.393,pdcsap_flux,0.2695655419956893
TIC_146261607,Success,1085.0,1085.0,1052.0,1052.0,3.041474654377885,13221.458,pdcsap_flux,0.0259425419499166
TIC_141482386,Success,100603.0,94685.0,94681.0,94681.0,5.886504378597057,14890.816,pdcsap_flux,1.4857591670006514
TIC_146434840,Success,1170.0,1138.0,1134.0,1134.0,3.076923076923077,26004.5275,pdcsap_flux,0.0268886670237407
TIC_145982812,Success,14146.0,13829.0,13828.0,13828.0,2.2479852961968083,10728.8805,pdcsap_flux,0.2136446670047007
TIC_146208651,Success,10804.0,10137.0,10137.0,10137.0,6.173639392817476,19045.951,pdcsap_flux,0.1548779999720864
TIC_146244533,Success,14146.0,13826.0,13826.0,13826.0,2.2621235684999297,9848.533,pdcsap_flux,0.2098979169968515
TIC_146463781,Success,16340.0,16340.0,16340.0,16340.0,0.0,130.35007000000002,pdcsap_flux,0.2393429590156301
TIC_143257766,Success,100465.0,61423.0,61415.0,61415.0,38.869257950530034,11361.201,pdcsap_flux,1.110979875025805
TIC_146467675,Success,17954.0,17496.0,17496.0,17496.0,2.5509635735769143,20539.2,pdcsap_flux,0.2543908340157941
TIC_146836153,Success,17741.0,15748.0,15746.0,15746.0,11.24513838002368,593.66876,pdcsap_flux,0.241096000012476
TIC_146846569,Success,16939.0,15862.0,15862.0,15862.0,6.358108506995686,122.7211575,pdcsap_flux,0.2356421669828705
TIC_147340931,Success,17274.0,15483.0,15471.0,15471.0,10.43765196248697,5895.9565,pdcsap_flux,0.2369289580383338
TIC_147660201,Success,16939.0,15658.0,15657.0,15657.0,7.568333431725605,5530.3643,pdcsap_flux,0.2521951660164632
TIC_147895461,Success,17359.0,12031.0,12031.0,12031.0,30.693012270292066,1732.7015,pdcsap_flux,0.220467000035569
TIC_148233571,Success,18697.0,15339.0,15339.0,15339.0,17.960100550890512,2167.636,pdcsap_flux,0.2408722909749485
TIC_147576037,Success,19610.0,19263.0,19249.0,19249.0,1.840897501274863,23089.36,pdcsap_flux,0.2952013749745674
TIC_148659924,Success,17332.0,16818.0,16818.0,16818.0,2.965612739441492,12038.274,pdcsap_flux,0.244711167004425
TIC_149126400,Success,16779.0,16745.0,16745.0,16745.0,0.2026342451874385,60.884834,pdcsap_flux,0.247942709014751
TIC_149282072,Success,16940.0,16940.0,16940.0,16940.0,0.0,9916.8645,pdcsap_flux,0.242966666992288
TIC_150271680,Success,18277.0,18277.0,18277.0,18277.0,0.0,25345.844,pdcsap_flux,0.2561138749588281
TIC_151728428,Success,18157.0,15522.0,15521.0,15521.0,14.51781681995924,6430.982,pdcsap_flux,0.2356550000258721
TIC_151930063,Success,17743.0,15731.0,15731.0,15731.0,11.339683255368316,1113.083,pdcsap_flux,0.2331852919887751
TIC_151959065,Success,16935.0,15662.0,15574.0,15574.0,8.036610569825807,2706.53385,pdcsap_flux,0.2701592079829424
TIC_143994283,Success,104470.0,98467.0,98467.0,98467.0,5.746147219297404,9727.578,pdcsap_flux,1.4338923750328831
TIC_152714791,Success,10155.0,8292.0,8292.0,8292.0,18.34564254062039,11747.3575,pdcsap_flux,0.1507781249820254
TIC_15247229,Success,18322.0,18322.0,18322.0,18322.0,0.0,18003.745,pdcsap_flux,0.2977956249960698
TIC_153027658,Success,18564.0,16854.0,16853.0,16853.0,9.216763628528335,13054.668,pdcsap_flux,0.2969769169576466
TIC_153651591,Success,17356.0,16917.0,16917.0,16917.0,2.5293846508412043,9887.328,pdcsap_flux,0.2716596670215949
TIC_154459165,Success,17370.0,16916.0,16916.0,16916.0,2.61370178468624,10394.6775,pdcsap_flux,0.2737687089829705
TIC_154867950,Success,18744.0,18603.0,18595.0,18595.0,0.7949210413999097,54326.074,pdcsap_flux,0.2634744169772602
TIC_15565627,Success,1220.0,919.0,919.0,919.0,24.672131147540988,11306.751,pdcsap_flux,0.02531216701027
TIC_154927364,Success,19611.0,19611.0,19611.0,19611.0,0.0,12792.969,pdcsap_flux,0.2922780829831026
TIC_155114483,Success,16419.0,13135.0,13105.0,13105.0,20.183933248066268,31879.498,pdcsap_flux,0.2258969999966211
TIC_155005217,Success,19611.0,18896.0,18895.0,18895.0,3.651012187037883,11108.881,pdcsap_flux,0.3103736250195652
TIC_155947004,Success,17190.0,12498.0,12498.0,12498.0,27.294938917975564,2881.0838,pdcsap_flux,0.2121637090458534
TIC_155807906,Success,17743.0,15777.0,15777.0,15777.0,11.080426083525897,989.6247,pdcsap_flux,0.2551043329876847
TIC_156678143,Success,1121.0,1109.0,1098.0,1098.0,2.0517395182872433,6157.1062,pdcsap_flux,0.0314054159680381
TIC_155995204,Success,17284.0,13676.0,13675.0,13675.0,20.880583198333724,656.6816,pdcsap_flux,0.2151353330118581
TIC_15682927,Success,19474.0,14349.0,14349.0,14349.0,26.317140803122108,1764.116,pdcsap_flux,0.2443938750075176
TIC_156816238,Success,17465.0,15402.0,15402.0,15402.0,11.812195820211857,1293.7417,pdcsap_flux,0.2694087919662706
TIC_156991337,Success,14680.0,14584.0,14584.0,14584.0,0.6539509536784727,13166.8425,pdcsap_flux,0.2519600410014391
TIC_149601557,Success,100646.0,96324.0,96320.0,96320.0,4.29823341215746,16360.469,pdcsap_flux,1.4397440840257332
TIC_157528286,Success,17769.0,15710.0,15710.0,15710.0,11.587596375710508,982.87977,pdcsap_flux,0.2935292909969575
TIC_157568289,Success,17458.0,17458.0,17456.0,17456.0,0.0114560659869367,11310.805,pdcsap_flux,0.2958774999715388
TIC_15827263,Success,17381.0,11422.0,11420.0,11420.0,34.29607042172486,10801.536,pdcsap_flux,0.2481099579599686
TIC_158551257,Success,19609.0,19609.0,19609.0,19609.0,0.0,305.0834,pdcsap_flux,0.2762587500037625
TIC_158555987,Success,18424.0,18039.0,18039.0,18039.0,2.0896656534954428,2773.6062,pdcsap_flux,0.2556247500469908
TIC_158916431,Success,19610.0,19610.0,19601.0,19601.0,0.0458949515553253,17613.371,pdcsap_flux,0.2688873330480419
TIC_159334269,Success,18989.0,15604.0,15603.0,15603.0,17.831376059824112,829.7098,pdcsap_flux,0.2590082089882344
TIC_16102323,Success,11678.0,9036.0,8904.0,8904.0,23.75406747730776,31562.842,pdcsap_flux,0.1463068330194801
TIC_159510109,Success,18419.0,18419.0,18153.0,18153.0,1.4441609207883177,47258.348,pdcsap_flux,0.2798800829914398
TIC_155044736,Success,104462.0,97451.0,97447.0,97447.0,6.715360609599664,7840.8604,pdcsap_flux,1.4663890830124728
TIC_160162987,Success,19608.0,19608.0,19608.0,19608.0,0.0,8062.5171,pdcsap_flux,0.290747833030764
TIC_161687209,"Skipped: Non-standard schema (missing columns: ['pdcsap_flux', 'pdcsap_flux_err'])",,,,,,,,0.0069000000366941
TIC_160268701,Success,19609.0,19609.0,19516.0,19516.0,0.4742720179509385,56010.3085,pdcsap_flux,0.2873127079801634
TIC_155491828,Success,104430.0,97954.0,97934.0,97934.0,6.220434740974811,5858.3174,pdcsap_flux,1.4645453339908272
TIC_161156159,Success,17336.0,15961.0,15961.0,15961.0,7.931472081218272,13661.041,pdcsap_flux,0.225716833025217
TIC_161450762,Success,18877.0,13169.0,13162.0,13162.0,30.274937754939877,2658.19155,pdcsap_flux,0.2433386250049807
TIC_156115721,Success,104277.0,96323.0,96257.0,96257.0,7.691053635988765,33006.39,pdcsap_flux,1.4208292919793166
TIC_162577466,Success,17190.0,12109.0,12109.0,12109.0,29.557882489819665,884.9204,pdcsap_flux,0.2106754999840632
TIC_16187321,Success,18882.0,14572.0,14571.0,14571.0,22.83126787416587,3324.9624,pdcsap_flux,0.2331322500249371
TIC_162246865,Success,17162.0,15464.0,15462.0,15462.0,9.905605407295182,11471.045,pdcsap_flux,0.2348105410346761
TIC_166697854,Success,1196.0,1196.0,1196.0,1196.0,0.0,7502.1924,pdcsap_flux,0.0294160000048577
TIC_162729620,Success,19273.0,18252.0,18252.0,18252.0,5.297566543869658,1802.70615,pdcsap_flux,0.2388479160144925
TIC_166184426,Success,15860.0,11701.0,11701.0,11701.0,26.223203026481713,5141.0293,pdcsap_flux,0.1938988750334829
TIC_165523947,Success,18881.0,15080.0,15080.0,15080.0,20.13134897516021,12160.8585,pdcsap_flux,0.2395498330006376
TIC_167031605,Success,17446.0,17383.0,17382.0,17382.0,0.3668462684856099,17503.04,pdcsap_flux,0.2571385839837603
TIC_166190643,Success,19474.0,19474.0,19474.0,19474.0,0.0,2889.51,pdcsap_flux,0.2878668329794891
TIC_167009792,Success,18276.0,18276.0,18276.0,18276.0,0.0,63608.87,pdcsap_flux,0.2883976669982075
TIC_169177766,Success,1220.0,836.0,836.0,836.0,31.47540983606557,13349.987,pdcsap_flux,0.0239530419930815
TIC_167098530,Success,18881.0,15637.0,15635.0,15635.0,17.19188602298607,28269.574,pdcsap_flux,0.2392447919701226
TIC_167418898,Success,18279.0,18279.0,18278.0,18278.0,0.0054707587942459,13143.744,pdcsap_flux,0.2768767499946989
TIC_167754523,Success,18278.0,18278.0,18278.0,18278.0,0.0,35224.3575,pdcsap_flux,0.2654571250313893
TIC_169532369,Success,17659.0,17142.0,17133.0,17133.0,2.978651112747044,3737.6353,pdcsap_flux,0.2523307499941438
TIC_169187982,Success,17898.0,17898.0,17898.0,17898.0,0.0,620.2153900000001,pdcsap_flux,0.2773687089793384
TIC_168871868,Success,17244.0,16515.0,16488.0,16488.0,4.384133611691022,4439.173,pdcsap_flux,0.3009093750151805
TIC_1717732429,"Skipped: Non-standard schema (missing columns: ['pdcsap_flux', 'pdcsap_flux_err'])",,,,,,,,0.0081517079961486
TIC_17005768,Success,15119.0,12701.0,12548.0,12548.0,17.005092929426546,17940.947,pdcsap_flux,0.2041595409973524
TIC_170103435,Success,16337.0,16337.0,16337.0,16337.0,0.0,15497.927,pdcsap_flux,0.2392080830177292
TIC_17150865,Success,16642.0,15697.0,15352.0,15352.0,7.751472178824659,1643.1876000000002,pdcsap_flux,0.252857249986846
TIC_172110606,Success,17388.0,16552.0,16548.0,16548.0,4.8309178743961345,42034.736999999994,pdcsap_flux,0.265779040986672
TIC_17129975,Success,19474.0,19474.0,19474.0,19474.0,0.0,1809.297,pdcsap_flux,0.3012757910182699
TIC_172464366,Success,14682.0,14573.0,14235.0,14235.0,3.04454434000817,5892.312,pdcsap_flux,0.2419520829571411
TIC_172630205,Success,18694.0,13924.0,13924.0,13924.0,25.516208409115222,1353.37995,pdcsap_flux,0.2292532089632004
TIC_173860688,Success,10636.0,9397.0,9397.0,9397.0,11.649116209101162,6893.6157,pdcsap_flux,0.1542192919878289
TIC_172754786,Success,17898.0,17898.0,17896.0,17896.0,0.0111744328975316,1046.7695,pdcsap_flux,0.2599249589839019
TIC_174143743,Success,13362.0,13006.0,13006.0,13006.0,2.664271815596464,14843.7585,pdcsap_flux,0.1904142090352252
TIC_17416749,Success,16418.0,11701.0,11701.0,11701.0,28.730661469119255,57817.99,pdcsap_flux,0.2044967499678023
TIC_175476629,Success,1196.0,1196.0,1196.0,1196.0,0.0,1173.9969,pdcsap_flux,0.0230961249908432
TIC_172871230,Success,18788.0,18604.0,18604.0,18604.0,0.979348520332124,1839.17205,pdcsap_flux,0.2851413330063224
TIC_175180796,Success,16342.0,16342.0,16342.0,16342.0,0.0,5753.7811,pdcsap_flux,0.2420017919503152
TIC_176772671,Success,14081.0,13664.0,13664.0,13664.0,2.961437397912081,359.79564,pdcsap_flux,0.1933558750315569
TIC_176778112,Success,15680.0,14745.0,14744.0,14744.0,5.969387755102041,22834.889499999997,pdcsap_flux,0.213768582965713
TIC_164150539,Success,117648.0,114417.0,114417.0,114417.0,2.7463280293757664,12405.984,pdcsap_flux,1.6171189169981517
TIC_176831592,Success,15679.0,14760.0,14759.0,14759.0,5.867721155685945,37273.73,pdcsap_flux,0.2369632089976221
TIC_176984236,Success,15672.0,14429.0,14429.0,14429.0,7.93134252169474,9703.005,pdcsap_flux,0.2340244579827413
TIC_177126182,Success,17458.0,17458.0,17458.0,17458.0,0.0,12082.1725,pdcsap_flux,0.2749286250327714
TIC_179033846,Success,1025.0,900.0,899.0,899.0,12.292682926829269,3231.0605,pdcsap_flux,0.0302164579625241
TIC_169904935,Success,104309.0,98889.0,98871.0,98871.0,5.213356469719777,35034.71,pdcsap_flux,1.375815750041511
TIC_177612321,Success,18164.0,13665.0,13665.0,13665.0,24.76877339792997,810.0417,pdcsap_flux,0.2266734580043703
TIC_177722855,Success,17458.0,17458.0,17458.0,17458.0,0.0,9971.521,pdcsap_flux,0.2484462080174125
TIC_178959058,Success,18488.0,17318.0,17318.0,17318.0,6.32842925140632,19637.571,pdcsap_flux,0.2664672089740634
TIC_179155220,Success,17457.0,17457.0,17457.0,17457.0,0.0,8629.117,pdcsap_flux,0.2507508749840781
TIC_179159972,Success,17458.0,17458.0,17458.0,17458.0,0.0,8894.065,pdcsap_flux,0.2520043330150656
TIC_18017227,Success,18251.0,15314.0,15312.0,15312.0,16.103227220426277,2576.4831000000004,pdcsap_flux,0.2254469170002266
TIC_180987952,Success,14145.0,13797.0,13795.0,13795.0,2.474372569812655,25916.836,pdcsap_flux,0.1968938750214874
TIC_182470056,Success,17743.0,15812.0,15812.0,15812.0,10.883165191906665,1060.2254,pdcsap_flux,0.2488871249952353
TIC_182943944,Success,17376.0,16941.0,16940.0,16940.0,2.5092081031307556,9280.308,pdcsap_flux,0.2418160839588381
TIC_184679932,Success,15942.0,14832.0,14228.0,14228.0,10.751474093589264,32458.703,pdcsap_flux,0.2190355000202544
TIC_184869170,Success,16799.0,14617.0,14617.0,14617.0,12.988868385022922,1836.769,pdcsap_flux,0.2021986670442856
TIC_185405474,Success,1220.0,1220.0,1220.0,1220.0,0.0,16874.996,pdcsap_flux,0.032132874999661
TIC_183979262,Success,18271.0,18271.0,17740.0,17740.0,2.906244868917962,77366.07800000001,pdcsap_flux,0.2845626250491477
TIC_184952758,Success,13360.0,12953.0,12953.0,12953.0,3.046407185628741,38453.043,pdcsap_flux,0.1880969579797238
TIC_187029841,Success,1083.0,967.0,967.0,967.0,10.710987996306551,22063.904,pdcsap_flux,0.0237562920083291
TIC_175079720,Success,106993.0,91685.0,91681.0,91681.0,14.311216621648148,1774.3933,pdcsap_flux,1.3773139579570852
TIC_186599508,Success,15874.0,14693.0,14690.0,14690.0,7.458737558271389,20651.894,pdcsap_flux,0.2129039170104079
TIC_185226925,Success,19612.0,19612.0,19612.0,19612.0,0.0,2085.41235,pdcsap_flux,0.2798788329819217
TIC_187532854,Success,15580.0,11419.0,11419.0,11419.0,26.707317073170735,2116.996,pdcsap_flux,0.1792651659925468
TIC_186000935,Success,18322.0,18322.0,18322.0,18322.0,0.0,19702.874,pdcsap_flux,0.2608253330108709
TIC_175310067,Success,104547.0,98529.0,98526.0,98526.0,5.759132256305777,9169.823,pdcsap_flux,1.390167749952525
TIC_190430205,Success,1178.0,841.0,841.0,841.0,28.60780984719864,18441.842,pdcsap_flux,0.1032683749799616
TIC_190442486,Success,1178.0,797.0,797.0,797.0,32.34295415959253,9829.007,pdcsap_flux,0.0466120829805731
TIC_188593930,Success,16843.0,14888.0,14887.0,14887.0,11.6131330523066,1930.7148,pdcsap_flux,0.3273768330109305
TIC_191146556,Success,1102.0,845.0,818.0,818.0,25.771324863883848,11253.846,pdcsap_flux,0.0231902499799616
TIC_188989177,Success,17656.0,17319.0,17165.0,17165.0,2.7809243316719523,36226.543,pdcsap_flux,0.3355425409972667
TIC_189620016,Success,18024.0,15475.0,15475.0,15475.0,14.142254771415883,2016.9326,pdcsap_flux,0.338041584007442
TIC_189013222,Success,17955.0,17606.0,17605.0,17605.0,1.949317738791423,12039.506,pdcsap_flux,0.353260624979157
TIC_190081497,Success,17743.0,15925.0,15894.0,15894.0,10.42101110297019,11639.0525,pdcsap_flux,0.3488847079570405
TIC_190271688,Success,18494.0,18494.0,18291.0,18291.0,1.097653292959877,12926.335,pdcsap_flux,0.3549110840540379
TIC_19155785,Success,16898.0,14596.0,14596.0,14596.0,13.62291395431412,13191.2745,pdcsap_flux,0.2310095829889178
TIC_192372961,Success,19474.0,19330.0,19330.0,19330.0,0.7394474684194297,37132.596,pdcsap_flux,0.2681800409918651
TIC_194179013,Success,14709.0,13360.0,13358.0,13358.0,9.184852811204024,613.780975,pdcsap_flux,0.1941043749684468
TIC_193628179,Success,18787.0,15700.0,15700.0,15700.0,16.43157502528344,2568.513,pdcsap_flux,0.2419851669692434
TIC_192520375,Success,18025.0,15575.0,15575.0,15575.0,13.592233009708742,1592.9253,pdcsap_flux,0.2496273330179974
TIC_1965256662,"Skipped: Non-standard schema (missing columns: ['pdcsap_flux', 'pdcsap_flux_err'])",,,,,,,,0.0088112499797716
TIC_1976308113,"Skipped: Non-standard schema (missing columns: ['pdcsap_flux', 'pdcsap_flux_err'])",,,,,,,,0.0078960829996503
TIC_193708920,Success,18882.0,18882.0,18880.0,18880.0,0.0105920982946705,2684.8852500000003,pdcsap_flux,0.2981175829772837
TIC_1979500576,"Skipped: Non-standard schema (missing columns: ['pdcsap_flux', 'pdcsap_flux_err'])",,,,,,,,0.0069810830173082
TIC_1950736,Success,16718.0,15067.0,15067.0,15067.0,9.875583203732509,15091.585,pdcsap_flux,0.2332751249778084
TIC_195093356,Success,19474.0,15983.0,15963.0,15963.0,18.02916709458765,2878.2085,pdcsap_flux,0.2899842499755323
TIC_195199644,Success,18882.0,14615.0,14615.0,14615.0,22.598241711683087,14878.953,pdcsap_flux,0.2854202090529725
TIC_196286587,Success,17369.0,16843.0,16843.0,16843.0,3.02838390235477,13640.481,pdcsap_flux,0.2898423749720678
TIC_197959526,Success,17283.0,13675.0,13675.0,13675.0,20.876005323149915,2944.825,pdcsap_flux,0.2543370830244384
TIC_197650870,Success,19612.0,19612.0,19612.0,19612.0,0.0,11994.698,pdcsap_flux,0.3311595830018632
TIC_198616607,Success,16749.0,10950.0,10950.0,10950.0,34.62296256492925,1700.3278,pdcsap_flux,0.2329205410205759
TIC_201154493,Success,1080.0,948.0,948.0,948.0,12.222222222222223,21271.912,pdcsap_flux,0.028263334010262
TIC_200593988,Success,14681.0,14445.0,14445.0,14445.0,1.6075199237109206,1971.1251,pdcsap_flux,0.2206293750205077
TIC_199162630,Success,19025.0,19025.0,19025.0,19025.0,0.0,2807.262,pdcsap_flux,0.2637545829638839
TIC_199688472,Success,18424.0,18424.0,17701.0,17701.0,3.9242292661745504,18995.146,pdcsap_flux,0.2800665410468355
TIC_201233610,Success,17283.0,13675.0,13674.0,13674.0,20.881791355667424,1057.9787,pdcsap_flux,0.2205102079897187
TIC_2041563029,"Skipped: Non-standard schema (missing columns: ['pdcsap_flux', 'pdcsap_flux_err'])",,,,,,,,0.006827917008195
TIC_20178111,Success,14681.0,14613.0,14613.0,14613.0,0.46318370683196,12908.641,pdcsap_flux,0.2171670420211739
TIC_20182165,Success,17522.0,13427.0,13356.0,13356.0,23.77582467754823,247422.76,pdcsap_flux,0.2159580829902552
TIC_202428245,Success,17530.0,13740.0,13734.0,13734.0,21.654306902452937,29586.959499999997,pdcsap_flux,0.2504319999716244
TIC_206466531,Success,13541.0,12974.0,12974.0,12974.0,4.187283066243264,16446.027,pdcsap_flux,0.2031606250093318
TIC_206498307,Success,17285.0,13875.0,13855.0,13855.0,19.843795198148683,4579.7446,pdcsap_flux,0.2436847920180298
TIC_207084429,Success,18297.0,18297.0,18295.0,18295.0,0.0109307536754643,215651.6,pdcsap_flux,0.2657523750094697
TIC_207468071,Success,17520.0,15074.0,15067.0,15067.0,14.00114155251142,31226.102,pdcsap_flux,0.2601737920194864
TIC_219151731,Success,1174.0,1138.0,1138.0,1138.0,3.066439522998299,14572.7115,pdcsap_flux,0.0257854169467464
TIC_207501148,Success,16718.0,14981.0,14979.0,14979.0,10.401961957171912,18648.52,pdcsap_flux,0.2304475420387461
TIC_20988926,Success,18788.0,15410.0,15410.0,15410.0,17.979561422184375,2401.69185,pdcsap_flux,0.2639869999838993
TIC_210337597,Success,17666.0,12611.0,12611.0,12611.0,28.61428733159742,2992.201,pdcsap_flux,0.2382102080155164
TIC_21755546,Success,19609.0,19609.0,19609.0,19609.0,0.0,72358.98,pdcsap_flux,0.2902623749687336
TIC_219164808,Success,17697.0,17275.0,17238.0,17238.0,2.5936599423631135,22577.4725,pdcsap_flux,0.2628609579987824
TIC_219366908,Success,1025.0,897.0,896.0,896.0,12.585365853658535,1394.59845,pdcsap_flux,0.0229109170031733
TIC_190743990,Success,117636.0,110216.0,110207.0,110207.0,6.31524363290149,11825.25,pdcsap_flux,1.568024875014089
TIC_219205407,Success,17284.0,14373.0,14220.0,14220.0,17.727377921777364,7431.18875,pdcsap_flux,0.2325598750030622
TIC_219239945,Success,13541.0,12544.0,12544.0,12544.0,7.362824015951553,6720.33815,pdcsap_flux,0.1975939580006525
TIC_219208037,Success,17284.0,12129.0,12127.0,12127.0,29.83684332330479,5537.817,pdcsap_flux,0.2099404580076225
TIC_219766989,Success,1096.0,981.0,981.0,981.0,10.492700729927009,2641.5818,pdcsap_flux,0.0247222079779021
TIC_219379012,Success,15690.0,14662.0,14662.0,14662.0,6.55194391332059,13252.661,pdcsap_flux,0.2031374999787658
TIC_219466803,Success,14254.0,12572.0,12572.0,12572.0,11.800196436088118,1171.54115,pdcsap_flux,0.1899481250438839
TIC_219388773,Success,15692.0,14449.0,14448.0,14448.0,7.927606423655364,8731.7375,pdcsap_flux,0.2262919580098241
TIC_219467837,Success,14255.0,12555.0,12554.0,12554.0,11.932655208698703,1488.5976500000002,pdcsap_flux,0.2296097910148091
TIC_219824469,Success,16407.0,13275.0,13275.0,13275.0,19.08941305540318,9874.294,pdcsap_flux,0.2273217500187456
TIC_219821826,Success,18216.0,18216.0,18216.0,18216.0,0.0,2114.82675,pdcsap_flux,0.2658977909595705
TIC_220016044,Success,17928.0,15653.0,15653.0,15653.0,12.6896474788041,11261.412,pdcsap_flux,0.2406908749835565
TIC_220396259,Success,13541.0,12974.0,12974.0,12974.0,4.187283066243264,17683.209000000003,pdcsap_flux,0.2144217919558286
TIC_22020459,Success,18024.0,15284.0,15284.0,15284.0,15.201952951620058,1513.9445,pdcsap_flux,0.2457983749918639
TIC_220435095,Success,19437.0,16102.0,16101.0,16101.0,17.16314246025621,2909.5105,pdcsap_flux,0.2734506249544211
TIC_220518305,Success,17281.0,15157.0,15156.0,15156.0,12.296742086684798,12492.467,pdcsap_flux,0.2433341249707155
TIC_202468443,Success,116881.0,71699.0,71696.0,71696.0,38.6589779348226,220.32408500000005,pdcsap_flux,1.2501781670143828
TIC_224313733,Success,17969.0,13781.0,13780.0,13780.0,23.312371306138346,7004.2305,pdcsap_flux,0.2412102919770404
TIC_224418572,Success,17532.0,11610.0,11610.0,11610.0,33.7782340862423,2920.5591,pdcsap_flux,0.1955938749597408
TIC_22843856,Success,15667.0,14717.0,14669.0,14669.0,6.370077232399307,19464.3,pdcsap_flux,0.2217311250278726
TIC_229091748,Success,17906.0,14824.0,14824.0,14824.0,17.212107673405562,1331.29845,pdcsap_flux,0.2190459169796668
TIC_229141709,Success,17928.0,15331.0,15071.0,15071.0,15.9359660865685,3208.6553,pdcsap_flux,0.2404642089968547
TIC_229285649,Success,16875.0,15051.0,14767.0,14767.0,12.491851851851854,8056.0034,pdcsap_flux,0.2241784579819068
TIC_229384040,Success,17444.0,17444.0,17442.0,17442.0,0.0114652602614118,37195.17,pdcsap_flux,0.2633719169534743
TIC_229770036,Success,18423.0,18423.0,18423.0,18423.0,0.0,9241.116,pdcsap_flux,0.2465885420097038
TIC_229536616,Success,18320.0,18320.0,18136.0,18136.0,1.0043668122270757,8747.569,pdcsap_flux,0.265147749974858
TIC_231703293,Success,1184.0,1184.0,1184.0,1184.0,0.0,1691.3679,pdcsap_flux,0.0269064170424826
TIC_230075120,Success,18851.0,16888.0,16888.0,16888.0,10.41324067688717,5607.25025,pdcsap_flux,0.2491325839655473
TIC_230017325,Success,19607.0,19607.0,19607.0,19607.0,0.0,11438.956,pdcsap_flux,0.2777040419750847
TIC_230267547,Success,12962.0,9632.0,9632.0,9632.0,25.690479864218485,10918.231,pdcsap_flux,0.1729779160232283
TIC_230086768,Success,17748.0,14986.0,14927.0,14927.0,15.894748704079332,648.98083,pdcsap_flux,0.2558856250252574
TIC_23113034,Success,17209.0,15263.0,15261.0,15261.0,11.319658318321812,74381.21,pdcsap_flux,0.2240387919591739
TIC_230386397,Success,18424.0,17643.0,17643.0,17643.0,4.239036039947896,5420.9185,pdcsap_flux,0.2621359159820713
TIC_232679662,Success,19610.0,19610.0,19475.0,19475.0,0.688424273329935,11835.401,pdcsap_flux,0.2740211660275236
TIC_231721005,Success,18854.0,18854.0,18854.0,18854.0,0.0,16289.832,pdcsap_flux,0.2836011659819633
TIC_233390838,Success,17745.0,13261.0,13085.0,13085.0,26.26091856861088,24702.047,pdcsap_flux,0.2057127500302158
TIC_232967666,Success,18752.0,18614.0,18613.0,18613.0,0.7412542662115995,11829.56,pdcsap_flux,0.2791435410035774
TIC_233497719,Success,18213.0,18213.0,18201.0,18201.0,0.0658870037885006,1118.0746,pdcsap_flux,0.2575461670057848
TIC_233541860,Success,18424.0,15184.0,15184.0,15184.0,17.585757707338256,16539.004,pdcsap_flux,0.222468750027474
TIC_233503636,Success,18217.0,18217.0,18217.0,18217.0,0.0,3774.0469,pdcsap_flux,0.2690448749926872
TIC_233684822,Success,18423.0,18423.0,18422.0,18422.0,0.0054279976116844,18114.706,pdcsap_flux,0.2549737499793991
TIC_233569098,Success,19611.0,19611.0,19611.0,19611.0,0.0,8761.013,pdcsap_flux,0.268943874980323
TIC_233681149,Success,18423.0,18423.0,18423.0,18423.0,0.0,7829.14,pdcsap_flux,0.2750442080432549
TIC_233720539,Success,19611.0,19611.0,19606.0,19606.0,0.0254958951608763,7213.45875,pdcsap_flux,0.2976945000118576
TIC_233735068,Success,18424.0,12943.0,12937.0,12937.0,29.781806339557104,15832.276,pdcsap_flux,0.2154434169642627
TIC_235684392,Success,18851.0,16424.0,16424.0,16424.0,12.874648559758109,977.6136,pdcsap_flux,0.2477558749960735
TIC_23389848,Success,19594.0,19594.0,18958.0,18958.0,3.2458915994692306,14250.4585,pdcsap_flux,0.2686920000123791
TIC_23650642,Success,17857.0,16619.0,16619.0,16619.0,6.932855462843701,7740.52,pdcsap_flux,0.2338103749789297
TIC_236775063,Success,18978.0,15648.0,15648.0,15648.0,17.54663294340816,997.467925,pdcsap_flux,0.2334851669729687
TIC_237101326,Success,18852.0,16934.0,16934.0,16934.0,10.173986844897096,970.3596,pdcsap_flux,0.2503127499949187
TIC_237185205,Success,19611.0,18342.0,18340.0,18340.0,6.48105654989547,20192.58,pdcsap_flux,0.2757577499723993
TIC_237200747,Success,18422.0,18422.0,18258.0,18258.0,0.8902399305178554,4302.7812,pdcsap_flux,0.2674769579898566
TIC_237235093,Success,16716.0,12786.0,12786.0,12786.0,23.51040918880115,3070.7837499999996,pdcsap_flux,0.2042819169582799
TIC_237751146,Success,14684.0,14653.0,14653.0,14653.0,0.2111141378370984,339.3645,pdcsap_flux,0.2058786250418052
TIC_238162973,Success,17767.0,15445.0,15443.0,15443.0,13.080430010693988,763.84106,pdcsap_flux,0.2455308749922551
TIC_237808867,Success,17456.0,17456.0,17454.0,17454.0,0.0114573785517824,19638.17,pdcsap_flux,0.2654037500033155
TIC_238197709,Success,18864.0,14347.0,14337.0,14337.0,23.99809160305344,12325.571,pdcsap_flux,0.2488925000070594
TIC_238374636,Success,17372.0,16929.0,16915.0,16915.0,2.630670043748562,21310.01,pdcsap_flux,0.253541000012774
TIC_239136269,Success,16004.0,15737.0,15737.0,15737.0,1.6683329167708094,788.1321,pdcsap_flux,0.2341285409638658
TIC_241065596,Success,1097.0,840.0,839.0,839.0,23.518687329079302,11003.012,pdcsap_flux,0.0243661659769713
TIC_239372503,Success,19474.0,19474.0,19474.0,19474.0,0.0,52212.197499999995,pdcsap_flux,0.2776965830125846
TIC_239722954,Success,18538.0,16734.0,16733.0,16733.0,9.736756931707848,858.9407,pdcsap_flux,0.2412314590183086
TIC_239638934,Success,17329.0,17329.0,17288.0,17288.0,0.2365976109411915,9916.7245,pdcsap_flux,0.2606421660166234
TIC_240148934,Success,16943.0,15448.0,15448.0,15448.0,8.82370300419052,12014.458,pdcsap_flux,0.2327157499967143
TIC_241174783,Success,18189.0,16615.0,16614.0,16614.0,8.659079663532909,24746.339,pdcsap_flux,0.2347555420128628
TIC_241102583,Success,17840.0,17195.0,17182.0,17182.0,3.688340807174883,1774.66145,pdcsap_flux,0.258057540981099
TIC_243283955,Success,1220.0,1220.0,1220.0,1220.0,0.0,2621.78385,pdcsap_flux,0.0393646250013262
TIC_242083025,Success,17334.0,15294.0,15294.0,15294.0,11.768778123918311,7892.212,pdcsap_flux,0.2343987909844145
TIC_245462406,Success,1083.0,971.0,971.0,971.0,10.341643582640812,11806.783,pdcsap_flux,0.0229371250024996
TIC_242536549,Success,18464.0,18236.0,18236.0,18236.0,1.234835355285957,25619.743,pdcsap_flux,0.2882262499770149
TIC_243153196,Success,17989.0,17989.0,17980.0,17980.0,0.0500305742398121,8438.5695,pdcsap_flux,0.2779333749786019
TIC_243333538,Success,19610.0,18004.0,18002.0,18002.0,8.199898011218764,487.3496,pdcsap_flux,0.2745067920186557
TIC_249862365,Success,1083.0,971.0,971.0,971.0,10.341643582640812,35556.3,pdcsap_flux,0.0259365419624373
TIC_24364065,Success,19609.0,19609.0,19609.0,19609.0,0.0,10617.736,pdcsap_flux,0.2934245000360533
TIC_247873937,Success,16900.0,14555.0,14551.0,14551.0,13.899408284023671,2392.3394,pdcsap_flux,0.2466685829567723
TIC_249067445,Success,17901.0,17157.0,17157.0,17157.0,4.156192391486513,43382.47,pdcsap_flux,0.2671296250191517
TIC_249812036,Success,19611.0,19490.0,19444.0,19444.0,0.8515628983733592,23059.991,pdcsap_flux,0.2808466670103371
TIC_250386181,Success,15678.0,14851.0,14848.0,14848.0,5.294042607475447,18104.58,pdcsap_flux,0.2168080419651232
TIC_250484865,Success,17455.0,17455.0,17455.0,17455.0,0.0,49560.19,pdcsap_flux,0.2440581659902818
TIC_251209368,Success,18071.0,13322.0,13322.0,13322.0,26.27967461678933,1031.42645,pdcsap_flux,0.2249967500101775
TIC_252537013,Success,12874.0,11770.0,11770.0,11770.0,8.575423333851173,10338.952,pdcsap_flux,0.1813030829653144
TIC_253917293,Success,1184.0,1173.0,1171.0,1171.0,1.0979729729729717,4846.0664,pdcsap_flux,0.0239015419501811
TIC_254629854,Success,1222.0,843.0,843.0,843.0,31.014729950900165,7351.1133,pdcsap_flux,0.0243018749752081
TIC_253030300,Success,14046.0,12785.0,12785.0,12785.0,8.97764488110494,2110.0015,pdcsap_flux,0.1791709589888341
TIC_252636888,Success,17989.0,17989.0,17989.0,17989.0,0.0,10886.01,pdcsap_flux,0.2455784999765455
TIC_255851356,Success,3692.0,3692.0,3692.0,3692.0,0.0,15199.7105,pdcsap_flux,0.0574484160169959
TIC_253132689,Success,17337.0,15991.0,15991.0,15991.0,7.763742285285802,11572.329,pdcsap_flux,0.2467812499962747
TIC_255760319,Success,14683.0,14652.0,14652.0,14652.0,0.2111285159708487,41121.98,pdcsap_flux,0.1959514999762177
TIC_253990973,Success,19247.0,17220.0,17217.0,17217.0,10.54709824907778,20961.354,pdcsap_flux,0.2628296670154668
TIC_257052211,Success,1178.0,829.0,829.0,829.0,29.626485568760607,9227.735,pdcsap_flux,0.0230379169806838
TIC_238597883,Success,104342.0,97593.0,97583.0,97583.0,6.4777366736309405,36403.055,pdcsap_flux,1.4439542079926468
TIC_255918903,Success,18603.0,13535.0,13535.0,13535.0,27.242917808955543,966.493,pdcsap_flux,0.2226270409883
TIC_258777134,"Skipped: Non-standard schema (missing columns: ['pdcsap_flux', 'pdcsap_flux_err'])",,,,,,,,0.0089783329749479
TIC_256349966,Success,12874.0,12874.0,12874.0,12874.0,0.0,2303.1814,pdcsap_flux,0.1991576250293292
TIC_256886630,Success,17573.0,12636.0,12632.0,12632.0,28.11699766687532,82030.815,pdcsap_flux,0.2215818330296315
TIC_256621916,Success,18322.0,18322.0,18322.0,18322.0,0.0,10882.39575,pdcsap_flux,0.2651678329566493
TIC_258557847,Success,17381.0,11954.0,11954.0,11954.0,31.22375007191761,15296.641500000002,pdcsap_flux,0.2031711250310763
TIC_258402425,Success,19607.0,19607.0,19606.0,19606.0,0.0051002193094285,18433.973,pdcsap_flux,0.283289875020273
TIC_258777137,Success,18424.0,18424.0,18424.0,18424.0,0.0,15717.721,pdcsap_flux,0.2647490419913083
TIC_239541449,Success,117640.0,114672.0,114667.0,114667.0,2.5272016320979307,6730.4805,pdcsap_flux,1.6482199170277454
TIC_258801269,Success,19609.0,19609.0,19609.0,19609.0,0.0,6803.8574,pdcsap_flux,0.2694608750171028
TIC_258871793,Success,17524.0,13109.0,13108.0,13108.0,25.199726089933804,1344.10925,pdcsap_flux,0.2038573750178329
TIC_259126549,Success,17534.0,12710.0,12543.0,12543.0,28.46469715980381,6590.3647,pdcsap_flux,0.1998955000308342
TIC_259129875,Success,19611.0,19437.0,19437.0,19437.0,0.8872571515985972,9601.012,pdcsap_flux,0.2750635839765891
TIC_259151170,Success,19474.0,19474.0,19128.0,19128.0,1.7767279449522388,10985.1295,pdcsap_flux,0.2763027920154854
TIC_259701242,Success,13541.0,12939.0,12938.0,12938.0,4.453142308544422,80042.3925,pdcsap_flux,0.2234306249883957
TIC_259389219,Success,18565.0,16159.0,16158.0,16158.0,12.965257204416911,5157.6425,pdcsap_flux,0.2657469999976456
TIC_260298958,Success,16781.0,16781.0,16781.0,16781.0,0.0,152.2404,pdcsap_flux,0.2398137919954024
TIC_260271203,Success,18277.0,18277.0,18208.0,18208.0,0.3775236636209489,689.3841,pdcsap_flux,0.2823802079656161
TIC_260043723,Success,18277.0,18277.0,18276.0,18276.0,0.005471357443787,52079.25,pdcsap_flux,0.29120849998435
TIC_260476837,Success,18187.0,10448.0,10441.0,10441.0,42.59086160444273,1315.8734,pdcsap_flux,0.2121579160448163
TIC_262135904,Success,3485.0,3485.0,3485.0,3485.0,0.0,14656.301,pdcsap_flux,0.0574726659688167
TIC_261141602,Success,16049.0,11103.0,11103.0,11103.0,30.818119509003672,2775.3445,pdcsap_flux,0.188616708968766
TIC_260849386,Success,19433.0,16357.0,16357.0,16357.0,15.82874491843771,7825.3994,pdcsap_flux,0.2450967500335537
TIC_260609205,Success,18279.0,18279.0,18235.0,18235.0,0.240713386946767,1362.6796,pdcsap_flux,0.2929015840054489
TIC_262499797,Success,17762.0,15274.0,15274.0,15274.0,14.007431595541044,191.434615,pdcsap_flux,0.2251639579772018
TIC_262530873,Success,17929.0,13222.0,13222.0,13222.0,26.253555691895812,1398.818,pdcsap_flux,0.213877959002275
TIC_262531275,Success,17928.0,13171.0,13171.0,13171.0,26.5339134315038,1018.4082,pdcsap_flux,0.2289301669807173
TIC_262781201,Success,13360.0,12960.0,12956.0,12956.0,3.02395209580838,29873.979,pdcsap_flux,0.1986993330065161
TIC_263203229,Success,17472.0,15988.0,15988.0,15988.0,8.493589743589746,1081.2626,pdcsap_flux,0.2442814170499332
TIC_26433869,Success,11673.0,11673.0,11629.0,11629.0,0.3769382335303661,68586.88,pdcsap_flux,0.1907288340153172
TIC_266843799,Success,1110.0,988.0,988.0,988.0,10.99099099099099,15183.441,pdcsap_flux,0.0276187080307863
TIC_264303333,Success,18423.0,18423.0,18423.0,18423.0,0.0,14357.305,pdcsap_flux,0.2748930840170942
TIC_265077027,Success,17336.0,16877.0,16871.0,16871.0,2.6822796492847245,8652.546,pdcsap_flux,0.2641118750325404
TIC_26583436,Success,18788.0,17198.0,17198.0,17198.0,8.462848626783048,1103.8312,pdcsap_flux,0.2640564590110443
TIC_266688542,Success,19612.0,19612.0,19612.0,19612.0,0.0,13542.6505,pdcsap_flux,0.2960193330072798
TIC_267489265,Success,17744.0,15119.0,15111.0,15111.0,14.838818755635709,32497.424,pdcsap_flux,0.2412137089995667
TIC_267484653,Success,18850.0,16324.0,16323.0,16323.0,13.405835543766576,1832.1316,pdcsap_flux,0.2680633330019191
TIC_267527924,Success,17372.0,16908.0,16906.0,16906.0,2.6824775500805864,14162.43,pdcsap_flux,0.2641539999749511
TIC_267561446,Success,17748.0,17615.0,17614.0,17614.0,0.7550146495379773,1523.42605,pdcsap_flux,0.2545967499609105
TIC_267867517,Success,18881.0,18881.0,18881.0,18881.0,0.0,882.2387,pdcsap_flux,0.2700096250046044
TIC_268042363,Success,17761.0,15536.0,15536.0,15536.0,12.527447778841283,1077.5947,pdcsap_flux,0.2417528750374913
TIC_268405086,Success,16432.0,14419.0,14419.0,14419.0,12.25048685491723,3602.2622,pdcsap_flux,0.2119997910340316
TIC_268371979,Success,17457.0,17386.0,17386.0,17386.0,0.4067136392278181,9750.659,pdcsap_flux,0.2370122919674031
TIC_269424395,Success,1102.0,986.0,986.0,986.0,10.526315789473683,5980.3078000000005,pdcsap_flux,0.034628416004125
TIC_268439377,Success,19433.0,19097.0,19097.0,19097.0,1.729017650388509,884.70917,pdcsap_flux,0.2804629169986583
TIC_268727719,Success,16718.0,16718.0,16717.0,16717.0,0.0059815767436299,666.48956,pdcsap_flux,0.2422937090159393
TIC_269509393,Success,1102.0,986.0,986.0,986.0,10.526315789473683,11251.6955,pdcsap_flux,0.0258781659649685
TIC_268914377,Success,17373.0,16916.0,16916.0,16916.0,2.6305186208484432,59.445518500000006,pdcsap_flux,0.2425874580512754
TIC_270238522,Success,1102.0,986.0,986.0,986.0,10.526315789473683,153587.95,pdcsap_flux,0.0192836669739335
TIC_270333769,Success,1102.0,986.0,986.0,986.0,10.526315789473683,10032.89,pdcsap_flux,0.0270851249806582
TIC_269269740,Success,17898.0,17898.0,17897.0,17897.0,0.0055872164487658,1458.4435,pdcsap_flux,0.3282853750279173
TIC_269450900,Success,18827.0,17217.0,16231.0,16231.0,13.788707707016524,197814.98,pdcsap_flux,0.3382912090164609
TIC_269892793,Success,15653.0,14634.0,14362.0,14362.0,8.247620264486045,2906.2841,pdcsap_flux,0.3007738750311546
TIC_261258875,Success,103577.0,87739.0,87737.0,87737.0,15.29297044710698,31336.607,pdcsap_flux,1.355459833983332
TIC_270841724,Success,14146.0,13829.0,13460.0,13460.0,4.849427399971729,17626.451,pdcsap_flux,0.3143265840481035
TIC_271042173,Success,17898.0,17898.0,17898.0,17898.0,0.0,2254.25135,pdcsap_flux,0.3437816660152748
TIC_271167979,Success,17896.0,17896.0,17896.0,17896.0,0.0,955.7883,pdcsap_flux,0.2795853340066969
TIC_271439193,Success,17990.0,17990.0,17990.0,17990.0,0.0,1828.45065,pdcsap_flux,0.2991563339601271
TIC_271596418,Success,18278.0,18278.0,18276.0,18276.0,0.0109421162052703,8469.3395,pdcsap_flux,0.305269333999604
TIC_272049972,Success,10788.0,10788.0,10787.0,10787.0,0.0092695587689983,13501.47,pdcsap_flux,0.1679839579737745
TIC_271900960,Success,18277.0,18277.0,18277.0,18277.0,0.0,79449.53,pdcsap_flux,0.3139283750206232
TIC_272050287,Success,17991.0,17991.0,17991.0,17991.0,0.0,13311.86,pdcsap_flux,0.258764416037593
TIC_272828463,Success,1102.0,986.0,985.0,985.0,10.617059891107084,27250.078,pdcsap_flux,0.0260518330032937
TIC_272086159,Success,18299.0,16009.0,15959.0,15959.0,12.787584020984754,660.10333,pdcsap_flux,0.259007541986648
TIC_27244707,Success,18532.0,16468.0,16468.0,16468.0,11.137491905892505,871.0217,pdcsap_flux,0.2542905830196105
TIC_272625214,Success,17991.0,17991.0,17991.0,17991.0,0.0,9565.627,pdcsap_flux,0.2671178749878891
TIC_273774284,Success,18787.0,18603.0,18603.0,18603.0,0.9794006493852092,628.6899,pdcsap_flux,0.2684999170014635
TIC_274138511,Success,16333.0,16252.0,16251.0,16251.0,0.502051062266573,11170.661,pdcsap_flux,0.2464181249961257
TIC_274122380,Success,18788.0,18604.0,18604.0,18604.0,0.979348520332124,2883.3739,pdcsap_flux,0.2587433750159107
TIC_274170255,Success,18882.0,18882.0,18882.0,18882.0,0.0,29116.233,pdcsap_flux,0.2604144579963758
TIC_274599700,Success,18216.0,16044.0,16043.0,16043.0,11.929073342116824,2774.7307,pdcsap_flux,0.2356283330009319
TIC_274662200,Success,17433.0,12603.0,12603.0,12603.0,27.706074685940465,6126.9683,pdcsap_flux,0.2184446249739267
TIC_274762761,Success,18003.0,13292.0,13292.0,13292.0,26.167860912070207,489.5354,pdcsap_flux,0.2073394170147366
TIC_269238073,Success,107823.0,105103.0,105103.0,105103.0,2.5226528662715797,21258.916,pdcsap_flux,1.5942297920119015
TIC_274942910,Success,19025.0,14541.0,14541.0,14541.0,23.568988173455978,16061.965,pdcsap_flux,0.2372294590459205
TIC_275248683,Success,13363.0,13005.0,13005.0,13005.0,2.679039137918126,4171.9014,pdcsap_flux,0.1855327499797567
TIC_275111900,Success,18881.0,15646.0,15176.0,15176.0,19.622901329378735,54419.17,pdcsap_flux,0.223032875044737
TIC_27677846,Success,1122.0,1111.0,1103.0,1103.0,1.6934046345811082,23539.15,pdcsap_flux,0.0278310000430792
TIC_271722899,Success,100681.0,88044.0,88042.0,88042.0,12.553510592862605,5326.797,pdcsap_flux,1.2818025829619728
TIC_275384718,Success,17336.0,15469.0,15377.0,15377.0,11.300184586986616,12714.028,pdcsap_flux,0.2509659170173108
TIC_271581073,Success,100708.0,96612.0,96612.0,96612.0,4.06720419430433,9652.379,pdcsap_flux,1.3849920830107294
TIC_275501623,Success,19609.0,19609.0,19607.0,19607.0,0.0101993982354997,58376.945,pdcsap_flux,0.2700828750384971
TIC_276380902,Success,18321.0,18321.0,18321.0,18321.0,0.0,12791.547,pdcsap_flux,0.2602477909531444
TIC_277014266,Success,18322.0,18322.0,18322.0,18322.0,0.0,9089.499,pdcsap_flux,0.2605144169647246
TIC_277871306,Success,13976.0,13688.0,13688.0,13688.0,2.060675443617632,14237.595,pdcsap_flux,0.2232554579968564
TIC_277103955,Success,18276.0,18276.0,18276.0,18276.0,0.0,30766.011,pdcsap_flux,0.2574633749900386
TIC_277987172,Success,17988.0,15080.0,15080.0,15080.0,16.16633311096286,1603.2484,pdcsap_flux,0.2294804580160416
TIC_27844066,Success,17897.0,17897.0,17897.0,17897.0,0.0,1628.3887,pdcsap_flux,0.2655604159808717
TIC_278726770,Success,18695.0,14550.0,14550.0,14550.0,22.17170366408131,14336.708,pdcsap_flux,0.247911375015974
TIC_278968371,Success,17898.0,14038.0,14038.0,14038.0,21.566655492233767,1772.12645,pdcsap_flux,0.2093714579823427
TIC_279212407,Success,16749.0,16749.0,16749.0,16749.0,0.0,16400.691,pdcsap_flux,0.243758208991494
TIC_278866211,Success,18275.0,18275.0,18190.0,18190.0,0.465116279069766,13385.8765,pdcsap_flux,0.2687775419908575
TIC_279177746,Success,18881.0,18881.0,18881.0,18881.0,0.0,13899.31,pdcsap_flux,0.2639901669463143
TIC_279251651,Success,18300.0,17491.0,17491.0,17491.0,4.420765027322404,8969.965,pdcsap_flux,0.2543739170068875
TIC_279605855,Success,16748.0,16438.0,16438.0,16438.0,1.8509672796751864,811.1474499999999,pdcsap_flux,0.2390461670001968
TIC_279982557,Success,17747.0,12241.0,12241.0,12241.0,31.02496196540261,3364.784,pdcsap_flux,0.2119545830064453
TIC_279740441,Success,18276.0,18276.0,18276.0,18276.0,0.0,4198.6178500000005,pdcsap_flux,0.270048999984283
TIC_279989567,Success,18175.0,13360.0,13359.0,13359.0,26.497936726272354,4351.7554,pdcsap_flux,0.2181250419816933
TIC_279999655,Success,17290.0,16784.0,16695.0,16695.0,3.441295546558709,8939.426,pdcsap_flux,0.2327095409855246
TIC_281979481,Success,13532.0,12502.0,12502.0,12502.0,7.611587348507243,10195.2885,pdcsap_flux,0.1904607080505229
TIC_280212554,Success,18175.0,13894.0,13894.0,13894.0,23.554332874828063,779.49965,pdcsap_flux,0.2263707080273889
TIC_284050395,Success,12676.0,11133.0,11133.0,11133.0,12.17260965604292,20211.797,pdcsap_flux,0.1764824169804342
TIC_283015592,Success,17991.0,17991.0,17991.0,17991.0,0.0,1376.5878,pdcsap_flux,0.2547985420096665
TIC_284288080,Success,17458.0,17458.0,17458.0,17458.0,0.0,7364.74415,pdcsap_flux,0.2679386669769883
TIC_284305328,Success,19475.0,18939.0,18939.0,18939.0,2.7522464698331195,1246.0427,pdcsap_flux,0.2570670410059392
TIC_284450803,Success,19607.0,19607.0,19514.0,19514.0,0.474320395777017,63211.334,pdcsap_flux,0.2809779169620015
TIC_284528889,Success,19475.0,18574.0,18574.0,18574.0,4.626444159178433,3425.7291,pdcsap_flux,0.2573573340196162
TIC_284564230,Success,19610.0,19610.0,19610.0,19610.0,0.0,13155.197,pdcsap_flux,0.2491248750011436
TIC_284747017,Success,16922.0,16254.0,16254.0,16254.0,3.9475239333412127,3110.9638999999997,pdcsap_flux,0.2509333330090157
TIC_285233023,Success,12675.0,12675.0,12675.0,12675.0,0.0,1553.0098,pdcsap_flux,0.1922064590035006
TIC_285674856,Success,1083.0,971.0,971.0,971.0,10.341643582640812,25109.037,pdcsap_flux,0.0257671670406125
TIC_285524410,Success,17771.0,15604.0,15604.0,15604.0,12.19402397163919,75.355085,pdcsap_flux,0.2421722500002943
TIC_278199349,Success,100705.0,96697.0,96690.0,96690.0,3.9868924085199375,3918.5636,pdcsap_flux,1.3191702499752864
TIC_285666479,Success,19475.0,19475.0,19475.0,19475.0,0.0,10659.335,pdcsap_flux,0.2905617919750511
TIC_286696848,"Skipped: Non-standard schema (missing columns: ['pdcsap_flux', 'pdcsap_flux_err'])",,,,,,,,0.0081326250219717
TIC_286355915,Success,15960.0,14619.0,14116.0,14116.0,11.55388471177945,9193.1875,pdcsap_flux,0.2476545410463586
TIC_28643432,Success,18787.0,16014.0,16014.0,16014.0,14.76020652578911,3528.19155,pdcsap_flux,0.2389991660020314
TIC_286561122,Success,18538.0,14596.0,14596.0,14596.0,21.264429819829544,12820.032,pdcsap_flux,0.2417605830123648
TIC_287190564,Success,19611.0,15574.0,15573.0,15573.0,20.590484931925957,9098.223,pdcsap_flux,0.2678357499535195
TIC_287474726,Success,17368.0,16914.0,16914.0,16914.0,2.6140027637033603,28653.1415,pdcsap_flux,0.2647227499983273
TIC_288185138,Success,19611.0,19611.0,19611.0,19611.0,0.0,10934.36,pdcsap_flux,0.2922694170265458
TIC_288391628,Success,19606.0,19606.0,19501.0,19501.0,0.5355503417321272,73592.94,pdcsap_flux,0.312059040996246
TIC_282498590,Success,104681.0,100321.0,100313.0,100313.0,4.1726769900937155,3518.2017,pdcsap_flux,1.442471167014446
TIC_28873762,Success,16754.0,13081.0,13081.0,13081.0,21.92312283633759,777.3615,pdcsap_flux,0.2549858749844134
TIC_288471040,Success,18851.0,16456.0,16456.0,16456.0,12.7048962919739,9282.343,pdcsap_flux,0.3150293750222772
TIC_289316336,Success,17305.0,16994.0,16994.0,16994.0,1.7971684484253123,4854.6845,pdcsap_flux,0.2286465410143137
TIC_289125016,Success,18137.0,18137.0,18137.0,18137.0,0.0,4306.8667,pdcsap_flux,0.2663200829993002
TIC_289988797,Success,16518.0,14891.0,14829.0,14829.0,10.225208863058477,15761.244,pdcsap_flux,0.2361577089759521
TIC_289539327,Success,18215.0,15571.0,15177.0,15177.0,16.678561625034316,17214.404,pdcsap_flux,0.2613350410247221
TIC_290302097,Success,18025.0,16081.0,16081.0,16081.0,10.785020804438282,1317.4752,pdcsap_flux,0.2428650000365451
TIC_291147951,Success,18137.0,18137.0,18137.0,18137.0,0.0,636.7586,pdcsap_flux,0.2689450830221176
TIC_29117085,Success,18190.0,16541.0,16404.0,16404.0,9.81858163826278,5436.6411,pdcsap_flux,0.2580405420158058
TIC_291555748,Success,17457.0,17457.0,17457.0,17457.0,0.0,9314.104,pdcsap_flux,0.2768424589885399
TIC_293527670,Success,1184.0,1184.0,1184.0,1184.0,0.0,12064.1105,pdcsap_flux,0.0216094159986823
TIC_285542903,Success,116901.0,108495.0,108490.0,108490.0,7.194976946304998,18950.342,pdcsap_flux,1.6010051670018584
TIC_285677945,Success,111248.0,94481.0,94441.0,94441.0,15.107687329210416,12195.786,pdcsap_flux,1.502612666983623
TIC_287329267,Success,100689.0,77555.0,77550.0,77550.0,22.980663230342937,16171.252,pdcsap_flux,1.2640977080445737
TIC_292321872,Success,16435.0,14891.0,14888.0,14888.0,9.412838454517802,10747.39475,pdcsap_flux,0.2321914170170202
TIC_293075732,Success,18604.0,14106.0,14106.0,14106.0,24.17759621586756,1290.7931,pdcsap_flux,0.2365964170312509
TIC_29336129,Success,18025.0,17367.0,17367.0,17367.0,3.6504854368932023,1503.6721,pdcsap_flux,0.2534034169511869
TIC_293708935,Success,18122.0,11701.0,11699.0,11699.0,35.4431078247434,48001.684,pdcsap_flux,0.2196347920107655
TIC_293567206,Success,19611.0,19611.0,19610.0,19610.0,0.0050991790321752,10233.065,pdcsap_flux,0.2880076669971458
TIC_29374525,Success,16900.0,14975.0,14975.0,14975.0,11.390532544378695,3010.467,pdcsap_flux,0.2614768750499934
TIC_294090620,Success,17369.0,16893.0,16457.0,16457.0,5.25073406644021,122255.25,pdcsap_flux,0.2794705840060487
TIC_294173437,Success,19474.0,15874.0,15874.0,15874.0,18.486186710485775,1614.0468999999998,pdcsap_flux,0.2789813749841414
TIC_294176967,Success,18882.0,18882.0,18882.0,18882.0,0.0,11977.3405,pdcsap_flux,0.2853661249973811
TIC_294179389,Success,18882.0,18401.0,18380.0,18380.0,2.6586166719627213,9924.885,pdcsap_flux,0.2830044170259498
TIC_294283951,Success,18322.0,18322.0,18322.0,18322.0,0.0,3284.5829,pdcsap_flux,0.2674728750134818
TIC_294315741,Success,18253.0,14980.0,14979.0,14979.0,17.936777516024762,741.2052,pdcsap_flux,0.2426912910304963
TIC_294500964,Success,17275.0,16831.0,16831.0,16831.0,2.570188133140372,7909.5317,pdcsap_flux,0.248311624978669
TIC_294599100,Success,17895.0,17895.0,17895.0,17895.0,0.0,1375.7328,pdcsap_flux,0.2690500839962624
TIC_294780517,Success,15691.0,14714.0,14711.0,14711.0,6.245618507424632,3084.7886,pdcsap_flux,0.2322511660167947
TIC_295354126,Success,18486.0,18486.0,18478.0,18478.0,0.043275992643077,88922.65,pdcsap_flux,0.2739922089967876
TIC_295413003,Success,18881.0,18881.0,18880.0,18880.0,0.0052963296435559,1078.7053,pdcsap_flux,0.2739670000155456
TIC_295599256,Success,18177.0,15580.0,15558.0,15558.0,14.408318204324145,17060.566,pdcsap_flux,0.2509583329665474
TIC_295807723,Success,19474.0,19474.0,19474.0,19474.0,0.0,673.811065,pdcsap_flux,0.2785447079804726
TIC_296898634,Success,19474.0,19474.0,19474.0,19474.0,0.0,318.05358,pdcsap_flux,0.2836594579857774
TIC_29959761,Success,1019.0,896.0,890.0,890.0,12.6594700686948,3021.6215,pdcsap_flux,0.0225588330067694
TIC_297967252,Success,17120.0,16518.0,16384.0,16384.0,4.299065420560744,1033093.825,pdcsap_flux,0.2366158749791793
TIC_298049015,Success,18787.0,13714.0,13713.0,13713.0,27.008037472720503,190.02577,pdcsap_flux,0.2321565839811228
TIC_298495970,Success,17261.0,15174.0,15037.0,15037.0,12.884537396442852,8456.077,pdcsap_flux,0.2417261250084266
TIC_298666530,Success,16718.0,14551.0,14551.0,14551.0,12.962076803445388,7.3690076,pdcsap_flux,0.2189676669659093
TIC_29960109,Success,15573.0,14758.0,14758.0,14758.0,5.233416811147496,5064.201349999999,pdcsap_flux,0.2299441249924712
TIC_299876474,Success,17534.0,15725.0,15725.0,15725.0,10.317098209193563,189.54355,pdcsap_flux,0.2563923330162652
TIC_300011941,Success,18279.0,18279.0,18279.0,18279.0,0.0,10079.906,pdcsap_flux,0.2766907920013182
TIC_300013921,Success,18279.0,18279.0,18279.0,18279.0,0.0,7382.6475,pdcsap_flux,0.2768967080046423
TIC_300810086,Success,17691.0,15198.0,15197.0,15197.0,14.097563732971564,37711.383,pdcsap_flux,0.2495814580470323
TIC_300871545,Success,18278.0,18278.0,17827.0,17827.0,2.467447204289308,15615.458,pdcsap_flux,0.2695837080245837
TIC_301051430,Success,18563.0,16836.0,16835.0,16835.0,9.30884016592146,6389.4517,pdcsap_flux,0.246067333035171
TIC_302659412,Success,17312.0,15919.0,15918.0,15918.0,8.052218114602583,26131.876,pdcsap_flux,0.24235666700406
TIC_302766000,Success,16901.0,14590.0,14575.0,14575.0,13.762499260398798,1786.9117,pdcsap_flux,0.2395635839784518
TIC_294869729,Success,100688.0,95499.0,95495.0,95495.0,5.157516287938979,4967.978,pdcsap_flux,1.455338875006419
TIC_302895996,Success,14682.0,14595.0,14595.0,14595.0,0.5925623212096442,553.29364,pdcsap_flux,0.2336342080379836
TIC_30312676,Success,18256.0,18256.0,18256.0,18256.0,0.0,7772.069,pdcsap_flux,0.2753900000243447
TIC_30329585,Success,19610.0,19610.0,19610.0,19610.0,0.0,13557.2905,pdcsap_flux,0.2815295420004986
TIC_300557619,Success,100713.0,78026.0,78026.0,78026.0,22.52638686167625,4444.308,pdcsap_flux,1.217282083001919
TIC_297153209,Success,116778.0,113467.0,113463.0,113463.0,2.838719621846586,26977.652,pdcsap_flux,1.63688995805569
TIC_303364023,Success,17107.0,16059.0,16059.0,16059.0,6.1261471912082754,1034.9578,pdcsap_flux,0.3021275000064634
TIC_300599466,Success,100699.0,79041.0,79038.0,79038.0,21.51064062205186,4756.1523,pdcsap_flux,1.3523452089866623
TIC_303867090,Success,19274.0,18399.0,18399.0,18399.0,4.539794541869879,1805.2828,pdcsap_flux,0.3426900830236263
TIC_303883880,Success,18854.0,18854.0,18854.0,18854.0,0.0,664.57078,pdcsap_flux,0.3681232079979963
TIC_304025075,Success,18357.0,17167.0,17164.0,17164.0,6.49888325979191,682.42685,pdcsap_flux,0.250517749984283
TIC_304774444,Success,11141.0,7512.0,7512.0,7512.0,32.573377614217755,12437.545,pdcsap_flux,0.1370415840065106
TIC_304042899,Success,17691.0,15676.0,15478.0,15478.0,12.509185461534113,23164.708,pdcsap_flux,0.2517888330039568
TIC_304950588,Success,18854.0,18854.0,18854.0,18854.0,0.0,628.138305,pdcsap_flux,0.2671334170154296
TIC_305478010,Success,17330.0,17330.0,17329.0,17329.0,0.0057703404500841,702.03613,pdcsap_flux,0.2474322919733822
TIC_305550963,Success,19612.0,17670.0,17670.0,17670.0,9.90210075464002,865.11584,pdcsap_flux,0.2772996670100838
TIC_305943739,Success,19607.0,19607.0,19602.0,19602.0,0.0255010965471536,108589.58,pdcsap_flux,0.2766155420104041
TIC_302814895,Success,112726.0,96641.0,96624.0,96624.0,14.284193531217293,15724.724,pdcsap_flux,1.5204135830281302
TIC_306547699,Success,18854.0,18854.0,18854.0,18854.0,0.0,324.89491499999997,pdcsap_flux,0.2614650839823298
TIC_306902029,Success,16936.0,14988.0,14981.0,14981.0,11.543457723193196,11207.542,pdcsap_flux,0.2248292089789174
TIC_307111282,Success,16435.0,14748.0,14709.0,14709.0,10.50197748707028,12106.778,pdcsap_flux,0.2234404170303605
TIC_307377219,Success,16937.0,15107.0,15107.0,15107.0,10.804747003601578,1695.0182,pdcsap_flux,0.2116724170045927
TIC_303055194,Success,108334.0,91145.0,91140.0,91140.0,15.871286945926489,20143.2,pdcsap_flux,1.4598737499909475
TIC_307734817,Success,17958.0,15924.0,15923.0,15923.0,11.33199688161265,3523.6345,pdcsap_flux,0.2383915419923141
TIC_307956396,Success,17269.0,11157.0,11157.0,11157.0,35.39290057328161,801.9661,pdcsap_flux,0.1913649589987471
TIC_308034948,Success,16870.0,15497.0,15497.0,15497.0,8.138707765263787,53853.156,pdcsap_flux,0.2383109999937005
TIC_308307606,Success,15670.0,14454.0,14454.0,14454.0,7.760051052967453,849.6811,pdcsap_flux,0.203409916954115
TIC_308050066,Success,16884.0,15505.0,15236.0,15236.0,9.760720208481398,16551.802499999998,pdcsap_flux,0.2328083339962177
TIC_308919449,Success,18279.0,18279.0,18279.0,18279.0,0.0,19525.084,pdcsap_flux,0.2497788750333711
TIC_309257814,Success,17686.0,14969.0,14948.0,14948.0,15.481171548117157,3659.63645,pdcsap_flux,0.2337955830153077
TIC_304021498,Success,104180.0,92295.0,92284.0,92284.0,11.418698406603957,20521.461,pdcsap_flux,1.386426917044446
TIC_309436531,Success,18128.0,15446.0,15446.0,15446.0,14.794792586054715,1973.5007,pdcsap_flux,0.241428209003061
TIC_31114545,Success,1172.0,1136.0,1136.0,1136.0,3.0716723549488067,11657.117,pdcsap_flux,0.0272502499865368
TIC_309402106,Success,18277.0,18277.0,18277.0,18277.0,0.0,65004.36,pdcsap_flux,0.3012822919990867
TIC_311890977,Success,1233.0,938.0,938.0,938.0,23.92538523925385,9480.4715,pdcsap_flux,0.0271113749477081
TIC_310267134,Success,17426.0,15327.0,15327.0,15327.0,12.045219786525884,481.47214,pdcsap_flux,0.2523012500023469
TIC_311121985,Success,17050.0,16753.0,16751.0,16751.0,1.753665689149564,41166.383,pdcsap_flux,0.2599110410083085
TIC_312259170,Success,1092.0,849.0,806.0,806.0,26.190476190476183,10712.2235,pdcsap_flux,0.022980333014857
TIC_311183180,Success,17568.0,17286.0,17042.0,17042.0,2.994080145719491,39144.6225,pdcsap_flux,0.2576100830337964
TIC_312122956,Success,16943.0,15967.0,15965.0,15965.0,5.7722953432095885,14881.822,pdcsap_flux,0.2500153330038301
TIC_312221462,Success,16943.0,15973.0,15973.0,15973.0,5.7250782033878345,11410.183,pdcsap_flux,0.2390569589915685
TIC_312469860,Success,11673.0,10552.0,10552.0,10552.0,9.60335817698963,16992.323,pdcsap_flux,0.1687876660143956
TIC_31268146,Success,15680.0,14664.0,14664.0,14664.0,6.479591836734699,14954.6535,pdcsap_flux,0.2297975409892387
TIC_312548415,Success,19475.0,18469.0,18468.0,18468.0,5.170731707317078,1041.88315,pdcsap_flux,0.2739574579754844
TIC_313761775,Success,1178.0,1133.0,1133.0,1133.0,3.8200339558573826,20079.547,pdcsap_flux,0.0232075829990208
TIC_312899686,Success,19474.0,14999.0,14999.0,14999.0,22.979357091506625,1332.6342,pdcsap_flux,0.2500704580452293
TIC_313506357,Success,16419.0,13037.0,13037.0,13037.0,20.5980875814605,23885.328,pdcsap_flux,0.2189288749941624
TIC_313675203,Success,18122.0,11700.0,11700.0,11700.0,35.43758967001435,25946.093999999997,pdcsap_flux,0.1959171660128049
TIC_314338017,Success,11763.0,11763.0,11763.0,11763.0,0.0,37107.76,pdcsap_flux,0.1587905409978702
TIC_313891529,Success,16891.0,13671.0,13557.0,13557.0,19.738322183411285,12707.117,pdcsap_flux,0.2141635000007227
TIC_316254876,Success,1083.0,964.0,964.0,964.0,10.98799630655586,10805.624,pdcsap_flux,0.0280051250010728
TIC_316402246,Success,1178.0,1133.0,1070.0,1070.0,9.168081494057724,20549.1285,pdcsap_flux,0.0231609169859439
TIC_314724818,Success,18493.0,18493.0,18491.0,18491.0,0.0108149029362514,15127.784,pdcsap_flux,0.2623235410428606
TIC_309787037,Success,84299.0,80053.0,80044.0,80044.0,5.047509460373201,15985.689,pdcsap_flux,1.1405495829530992
TIC_31656385,Success,17285.0,13770.0,13770.0,13770.0,20.33555105582875,2640.56585,pdcsap_flux,0.2030084169819019
TIC_315755496,Success,19610.0,19610.0,19610.0,19610.0,0.0,10311.9845,pdcsap_flux,0.2655394580215215
TIC_308425348,Success,111463.0,109190.0,109190.0,109190.0,2.0392417214681102,1834.04315,pdcsap_flux,1.5160247500170954
TIC_316916655,Success,17658.0,17321.0,17316.0,17316.0,1.936799184505611,33399.957,pdcsap_flux,0.2455681670107878
TIC_310483807,Success,84301.0,80503.0,80443.0,80443.0,4.576458167756014,73270.97,pdcsap_flux,1.2131234579719603
TIC_31697707,Success,16595.0,14925.0,14911.0,14911.0,10.147634829768004,4646.2065,pdcsap_flux,0.2226009580190293
TIC_316937670,Success,18274.0,18274.0,18274.0,18274.0,0.0,2064.5291500000003,pdcsap_flux,0.2832613339996896
TIC_317397615,Success,16749.0,15470.0,15470.0,15470.0,7.636276792644336,12884.664,pdcsap_flux,0.2348150840261951
TIC_317507345,Success,16436.0,15135.0,14908.0,14908.0,9.29666585543928,22615.7295,pdcsap_flux,0.2482703329878859
TIC_318746829,Success,10786.0,10786.0,10786.0,10786.0,0.0,9270.7705,pdcsap_flux,0.1596524170017801
TIC_317951248,Success,17458.0,17387.0,17386.0,17386.0,0.4124183755298438,15432.123,pdcsap_flux,0.2691349580418318
TIC_320506985,Success,1102.0,841.0,840.0,840.0,23.774954627949185,9483.5425,pdcsap_flux,0.0279972919961437
TIC_31858844,Success,18441.0,17046.0,16427.0,16427.0,10.92131663141912,84.288666,pdcsap_flux,0.2818128750077449
TIC_318209162,Success,18755.0,18606.0,18542.0,18542.0,1.1356971474273505,10393.959,pdcsap_flux,0.2996062079910189
TIC_319068154,Success,12874.0,12874.0,12871.0,12871.0,0.0233027807985064,20851.857,pdcsap_flux,0.1995048749959096
TIC_319735319,Success,18083.0,14339.0,14331.0,14331.0,20.748769562572576,1656.9729,pdcsap_flux,0.2283086250536143
TIC_319968129,Success,16931.0,14897.0,14897.0,14897.0,12.013466422538544,11460.247,pdcsap_flux,0.2391827499959617
TIC_321436679,Success,18547.0,16393.0,16393.0,16393.0,11.613738070847036,1370.1335,pdcsap_flux,0.2503666249685921
TIC_320536216,Success,17266.0,16845.0,16845.0,16845.0,2.4383180817792227,13918.27,pdcsap_flux,0.2624320840113796
TIC_322202434,Success,16718.0,13681.0,13681.0,13681.0,18.16604857040316,12662.352,pdcsap_flux,0.2230245419777929
TIC_320525204,Success,19608.0,19608.0,19531.0,19531.0,0.3926968584251344,45013.066,pdcsap_flux,0.2873165829805657
TIC_32283946,Success,18369.0,16584.0,16332.0,16332.0,11.089335293156957,3348.6077,pdcsap_flux,0.237116958014667
TIC_322862882,Success,14673.0,10985.0,10985.0,10985.0,25.13460096776392,665.7499,pdcsap_flux,0.1788931670016609
TIC_326114850,Success,1116.0,902.0,902.0,902.0,19.175627240143367,15469.777,pdcsap_flux,0.0231393330032005
TIC_323658120,Success,17151.0,13608.0,13394.0,13394.0,21.905428254912252,8041.645,pdcsap_flux,0.2108860420412384
TIC_324395151,Success,17336.0,17336.0,17334.0,17334.0,0.0115366866635935,14023.953,pdcsap_flux,0.2650120000471361
TIC_325680697,Success,15511.0,14815.0,14517.0,14517.0,6.408355360711749,36087.01,pdcsap_flux,0.2302581250551156
TIC_325172035,Success,17336.0,17336.0,17325.0,17325.0,0.0634517766497477,29197.219,pdcsap_flux,0.2741027500014752
TIC_326470400,Success,18121.0,11700.0,11698.0,11698.0,35.4450637382043,17577.659,pdcsap_flux,0.1950189579511061
TIC_326347927,Success,18028.0,12967.0,12967.0,12967.0,28.07299755935212,2764.289,pdcsap_flux,0.2196414169739
TIC_327577308,Success,1102.0,858.0,858.0,858.0,22.1415607985481,7988.14725,pdcsap_flux,0.0233480840106494
TIC_326732851,Success,12874.0,12874.0,12874.0,12874.0,0.0,9258.0995,pdcsap_flux,0.220858666987624
TIC_328167090,Success,1116.0,909.0,909.0,909.0,18.54838709677419,14629.611,pdcsap_flux,0.0266773750190623
TIC_326919774,Success,16561.0,13063.0,13063.0,13063.0,21.121912927963283,84596.57,pdcsap_flux,0.256545250013005
TIC_327017634,Success,18074.0,11700.0,11700.0,11700.0,35.26612813986942,63699.981499999994,pdcsap_flux,0.2693659579963423
TIC_329145325,Success,1116.0,1015.0,1015.0,1015.0,9.050179211469532,9913.222,pdcsap_flux,0.0342066249577328
TIC_327210623,Success,17097.0,16407.0,16407.0,16407.0,4.035795753640992,1138.4976,pdcsap_flux,0.2850571249728091
TIC_327011842,Success,19475.0,19238.0,19238.0,19238.0,1.2169448010269537,18958.399,pdcsap_flux,0.350188042037189
TIC_327663613,Success,18490.0,18490.0,18485.0,18485.0,0.0270416441319643,70103.26,pdcsap_flux,0.3182540839770809
TIC_32830028,Success,14679.0,14577.0,14574.0,14574.0,0.7153075822603716,324.84584,pdcsap_flux,0.2475814999779686
TIC_329277372,Success,16719.0,14946.0,14842.0,14842.0,11.226748011244691,9258.104,pdcsap_flux,0.2757677079644054
TIC_328750515,Success,19610.0,19610.0,19610.0,19610.0,0.0,8621.094000000001,pdcsap_flux,0.3531477910000831
TIC_329709756,Success,19473.0,19473.0,19473.0,19473.0,0.0,231.91983,pdcsap_flux,0.2997445419896394
TIC_329864959,Success,16714.0,13547.0,13011.0,13011.0,22.155079574009815,69901.81,pdcsap_flux,0.2746745420154184
TIC_318608749,Success,100669.0,94934.0,94931.0,94931.0,5.699867883857001,10333.668,pdcsap_flux,1.4331837499630635
TIC_330332501,Success,18882.0,18882.0,18881.0,18881.0,0.0052960491473408,11433.071,pdcsap_flux,0.2811660000006668
TIC_332154944,Success,1076.0,993.0,993.0,993.0,7.713754646840155,22443.965,pdcsap_flux,0.0257411659695208
TIC_330468175,Success,18882.0,18882.0,18882.0,18882.0,0.0,16037.219,pdcsap_flux,0.2810525830136612
TIC_332660287,Success,1170.0,1133.0,1133.0,1133.0,3.1623931623931623,1639.3608,pdcsap_flux,0.0248522500041872
TIC_33091633,Success,17456.0,17399.0,17265.0,17265.0,1.0941796516956923,12969.03,pdcsap_flux,0.2536177500151098
TIC_33153766,Success,17122.0,16411.0,16411.0,16411.0,4.152552271930854,62931.84,pdcsap_flux,0.2752746670157648
TIC_333821572,Success,17372.0,16900.0,16900.0,16900.0,2.717015887635277,10579.225,pdcsap_flux,0.2570429579936899
TIC_334597566,Success,17991.0,17991.0,17991.0,17991.0,0.0,2384.1367,pdcsap_flux,0.2609099170076661
TIC_332630868,Success,20248.0,20144.0,19744.0,19744.0,2.4891347293559907,1777.3749,pdcsap_flux,0.3112444170401431
TIC_335996558,Success,1116.0,1015.0,1015.0,1015.0,9.050179211469532,9517.07,pdcsap_flux,0.0302096249652095
TIC_336456596,Success,1116.0,1015.0,1015.0,1015.0,9.050179211469532,6233.501,pdcsap_flux,0.0211486669722944
TIC_334911765,Success,18494.0,18494.0,18494.0,18494.0,0.0,9087.6875,pdcsap_flux,0.2705016250256449
TIC_335489455,Success,12671.0,12671.0,12670.0,12670.0,0.0078920369347312,1548.3403,pdcsap_flux,0.1883242080220952
TIC_336267424,Success,18424.0,18255.0,18249.0,18249.0,0.9498480243161134,1576.2378,pdcsap_flux,0.2893642919952981
TIC_33690636,Success,17457.0,17457.0,17457.0,17457.0,0.0,6096.092,pdcsap_flux,0.295367749989964
TIC_337129672,Success,16273.0,12482.0,12410.0,12410.0,23.7387082898052,9466.828,pdcsap_flux,0.2284452499588951
TIC_337274055,Success,18605.0,14510.0,14510.0,14510.0,22.01021230851922,899.48692,pdcsap_flux,0.2657032079878263
TIC_339538183,Success,11125.0,9848.0,9834.0,9834.0,11.604494382022468,20697.773,pdcsap_flux,0.1704939579940401
TIC_33878688,Success,18279.0,18279.0,18279.0,18279.0,0.0,5650.3286,pdcsap_flux,0.2911811250378378
TIC_339250695,Success,18547.0,16268.0,16268.0,16268.0,12.287701515069829,931.8376,pdcsap_flux,0.2684780419804156
TIC_339591840,Success,17272.0,15301.0,15300.0,15300.0,11.41732283464567,891.74465,pdcsap_flux,0.2381041669868864
TIC_339636032,Success,14672.0,14583.0,14581.0,14581.0,0.6202290076335881,57941.504,pdcsap_flux,0.2112399580073543
TIC_339733013,Success,15671.0,14463.0,14463.0,14463.0,7.708506157871231,14995.362,pdcsap_flux,0.2108710000175051
TIC_340700241,Success,17761.0,15532.0,15532.0,15532.0,12.549969033275154,783.83952,pdcsap_flux,0.2233470830251462
TIC_341186896,Success,16778.0,10562.0,10562.0,10562.0,37.04851591369651,23441.2705,pdcsap_flux,0.1841972499969415
TIC_341297143,Success,17594.0,13495.0,13495.0,13495.0,23.297715130158004,5450.103,pdcsap_flux,0.2079115829546935
TIC_341419787,Success,17374.0,16940.0,16939.0,16939.0,2.503741222516409,8027.425,pdcsap_flux,0.3225012919865548
TIC_341444900,Success,19021.0,19021.0,19020.0,19020.0,0.0052573471426287,58766.0265,pdcsap_flux,0.3571441249805502
TIC_341544930,Success,18321.0,18321.0,18220.0,18220.0,0.551279951967687,15756.0675,pdcsap_flux,0.346161084016785
TIC_331484419,Success,108783.0,106631.0,106624.0,106624.0,1.9846851070479787,126144.53,pdcsap_flux,1.5787295830086805
TIC_343708863,Success,1179.0,776.0,776.0,776.0,34.18150975402884,27153.754,pdcsap_flux,0.0212217500084079
TIC_341729521,Success,17373.0,16836.0,16461.0,16461.0,5.249525125194266,19158.746,pdcsap_flux,0.3251049590180628
TIC_344416349,Success,3571.0,3519.0,3517.0,3517.0,1.512181461775408,2723.9312,pdcsap_flux,0.0559361670166254
TIC_331034236,Success,117583.0,113818.0,113775.0,113775.0,3.238563397770089,31969.6,pdcsap_flux,1.6865948750055395
TIC_344600402,Success,1233.0,938.0,938.0,938.0,23.92538523925385,9743.695,pdcsap_flux,0.0235404170234687
TIC_34466256,Success,980.0,970.0,970.0,970.0,1.0204081632653073,2490.40015,pdcsap_flux,0.0241048330208286
TIC_343442463,Success,12874.0,12874.0,12874.0,12874.0,0.0,41860.13,pdcsap_flux,0.1730801669764332
TIC_341805908,Success,19515.0,19515.0,19515.0,19515.0,0.0,11601.206,pdcsap_flux,0.261370291991625
TIC_345724317,Success,1157.0,1157.0,1157.0,1157.0,0.0,10353.106,pdcsap_flux,0.0283265420002862
TIC_344085117,Success,17769.0,15482.0,15482.0,15482.0,12.870729922899429,2738.8552,pdcsap_flux,0.2331415829830803
TIC_345333936,Success,12874.0,12874.0,12874.0,12874.0,0.0,1694.9354,pdcsap_flux,0.1765550829586573
TIC_335483600,Success,107729.0,104243.0,104239.0,104239.0,3.2396105041353818,54306.16,pdcsap_flux,1.5993706249864772
TIC_34551972,Success,16708.0,14125.0,13825.0,13825.0,17.25520708642566,9284.828,pdcsap_flux,0.2305269169737585
TIC_34505005,Success,18025.0,16989.0,16989.0,16989.0,5.747572815533985,1062.3085,pdcsap_flux,0.2552884579636156
TIC_348135793,Success,1083.0,971.0,971.0,971.0,10.341643582640812,13863.872,pdcsap_flux,0.0244420840172097
TIC_346418409,Success,16719.0,13567.0,13567.0,13567.0,18.85280220108858,7038.312,pdcsap_flux,0.2329042499768547
TIC_345996087,Success,19025.0,15765.0,15765.0,15765.0,17.135348226018397,12435.965,pdcsap_flux,0.2420544169726781
TIC_347011522,Success,17991.0,17991.0,17991.0,17991.0,0.0,2388.8176,pdcsap_flux,0.2570483749732375
TIC_347098457,Success,17372.0,16875.0,16875.0,16875.0,2.8609256274464645,10460.237,pdcsap_flux,0.2443417079630307
TIC_347442932,Success,18394.0,16150.0,16073.0,16073.0,12.618245079917369,770.40546,pdcsap_flux,0.2576397079974413
TIC_348054109,Success,16941.0,16941.0,16900.0,16900.0,0.2420164098931532,2005.049,pdcsap_flux,0.2580245420103892
TIC_348673213,Success,16434.0,14733.0,14733.0,14733.0,10.35049288061336,985.9385,pdcsap_flux,0.2327130000339821
TIC_348755723,Success,13345.0,12961.0,12961.0,12961.0,2.8774822030723124,450.427,pdcsap_flux,0.2137427920242771
TIC_348844154,Success,18187.0,11701.0,11701.0,11701.0,35.66283609171386,5093.0737,pdcsap_flux,0.2257618749863468
TIC_349373192,Success,18186.0,11701.0,11700.0,11700.0,35.66479709666777,19933.709,pdcsap_flux,0.2186565830488689
TIC_349786918,Success,15672.0,14373.0,14373.0,14373.0,8.288667687595709,16810.605,pdcsap_flux,0.2233836249797605
TIC_350332997,Success,18185.0,11701.0,11701.0,11701.0,35.65576024195766,3217.5693,pdcsap_flux,0.211003125004936
TIC_350044062,Success,17166.0,14858.0,14858.0,14858.0,13.44518233717814,1872.9584,pdcsap_flux,0.2294393749907612
TIC_349790953,Success,18275.0,18275.0,18145.0,18145.0,0.7113543091655239,11496.381,pdcsap_flux,0.2553524579852819
TIC_350743714,Success,13541.0,12939.0,12802.0,12802.0,5.45749944612658,21649.5425,pdcsap_flux,0.1993767080130055
TIC_350445771,Success,18276.0,17166.0,17166.0,17166.0,6.0735390676296745,5594.6715,pdcsap_flux,0.2581657500122674
TIC_352924930,Success,16749.0,13890.0,13890.0,13890.0,17.069675801540395,11530.643,pdcsap_flux,0.2089263750240206
TIC_350995812,Success,19604.0,19604.0,19604.0,19604.0,0.0,66291.3875,pdcsap_flux,0.2712832920369692
TIC_353367071,Success,16942.0,15972.0,15972.0,15972.0,5.72541612560501,18831.343,pdcsap_flux,0.235445250000339
TIC_35315453,Success,17772.0,15587.0,15460.0,15460.0,13.009227999099704,16043.73,pdcsap_flux,0.2570757499779574
TIC_354400186,Success,1083.0,991.0,981.0,981.0,9.418282548476451,19782.736,pdcsap_flux,0.0221462079789489
TIC_353586703,Success,15826.0,12468.0,12468.0,12468.0,21.21824845191457,2181.3882999999996,pdcsap_flux,0.2115860420162789
TIC_354006740,Success,11124.0,10070.0,10046.0,10046.0,9.69075871988493,444558.53,pdcsap_flux,0.1656075000064447
TIC_35377903,Success,18219.0,14118.0,14118.0,14118.0,22.509468137658484,11697.429,pdcsap_flux,0.234011708991602
TIC_354600221,Success,1102.0,856.0,856.0,856.0,22.323049001814887,17375.2785,pdcsap_flux,0.0221423750044778
TIC_354285962,Success,12874.0,12874.0,12874.0,12874.0,0.0,1648.2336,pdcsap_flux,0.1926092919893562
TIC_354151219,Success,19475.0,18164.0,18164.0,18164.0,6.731707317073166,3769.19275,pdcsap_flux,0.2730059589957818
TIC_354594208,Success,15119.0,13028.0,13026.0,13026.0,13.84350816852966,20151.52,pdcsap_flux,0.1999539160169661
TIC_354442783,Success,18538.0,16732.0,16731.0,16731.0,9.747545582047689,718.5472,pdcsap_flux,0.2519499579793773
TIC_355732304,Success,17493.0,10799.0,10799.0,10799.0,38.26673526553479,1865.3615,pdcsap_flux,0.1923980000428855
TIC_356453768,Success,14110.0,13771.0,13770.0,13770.0,2.409638554216864,10250.3585,pdcsap_flux,0.1926907500019297
TIC_356235833,Success,17241.0,17153.0,17151.0,17151.0,0.5220114842526491,35038.6,pdcsap_flux,0.2477791670244187
TIC_356461227,Success,18025.0,16028.0,16027.0,16027.0,11.084604715672675,782.65656,pdcsap_flux,0.2521712919697165
TIC_356868487,Success,19610.0,19610.0,19557.0,19557.0,0.2702702702702675,3181.7124,pdcsap_flux,0.2639143749838695
TIC_356919658,Success,18214.0,18214.0,18214.0,18214.0,0.0,5241.42885,pdcsap_flux,0.2468074589851312
TIC_357457104,Success,17433.0,12419.0,12419.0,12419.0,28.761544197785803,12375.42,pdcsap_flux,0.2232400830253027
TIC_348684813,Success,104412.0,92901.0,92882.0,92882.0,11.04279201624334,21829.133,pdcsap_flux,1.3897457080311142
TIC_357416482,Success,18210.0,18210.0,17930.0,17930.0,1.537616694124111,85244.25,pdcsap_flux,0.311275249987375
TIC_357536526,Success,17313.0,15652.0,15651.0,15651.0,9.599722751689477,8869.415,pdcsap_flux,0.2524901250144467
TIC_35883621,Success,1086.0,1086.0,1086.0,1086.0,0.0,22197.38,pdcsap_flux,0.01991137501318
TIC_357538688,Success,18025.0,16212.0,16212.0,16212.0,10.058252427184469,4015.1051,pdcsap_flux,0.2582186670042574
TIC_357972447,Success,18882.0,18882.0,18882.0,18882.0,0.0,13306.8335,pdcsap_flux,0.2692977920523844
TIC_358072664,Success,20257.0,20257.0,20257.0,20257.0,0.0,1161.4873,pdcsap_flux,0.2668268330162391
TIC_361034196,Success,1228.0,875.0,824.0,824.0,32.899022801302934,15573.028,pdcsap_flux,0.0258673340431414
TIC_358186451,Success,18882.0,18882.0,18882.0,18882.0,0.0,6718.396000000001,pdcsap_flux,0.2728326250216923
TIC_359496368,Success,18424.0,13655.0,13654.0,13654.0,25.890143291359102,13457.2155,pdcsap_flux,0.2268890829873271
TIC_358631536,Success,18882.0,18882.0,18882.0,18882.0,0.0,15786.0445,pdcsap_flux,0.2898477910202928
TIC_360816293,Success,18221.0,15641.0,15629.0,15629.0,14.225344382854942,2136.3713,pdcsap_flux,0.2378993339953012
TIC_355636844,Success,103770.0,62287.0,62287.0,62287.0,39.97590825864894,8545.976,pdcsap_flux,1.0959966250229627
TIC_361998994,Success,18357.0,18357.0,18357.0,18357.0,0.0,463.31747,pdcsap_flux,0.2685585420113057
TIC_363761216,Success,16749.0,14263.0,14263.0,14263.0,14.842677174756702,10379.843,pdcsap_flux,0.2589983330108225
TIC_363635669,Success,18358.0,18358.0,18358.0,18358.0,0.0,1760.37045,pdcsap_flux,0.3056227089837193
TIC_365389353,Success,1178.0,1133.0,1133.0,1133.0,3.8200339558573826,10069.169,pdcsap_flux,0.0254194579902105
TIC_365683032,"Skipped: Non-standard schema (missing columns: ['pdcsap_flux', 'pdcsap_flux_err'])",,,,,,,,0.0082569579826667
TIC_364075352,Success,19611.0,19611.0,19609.0,19609.0,0.0101983580643505,6883.7515,pdcsap_flux,0.3130200000014156
TIC_364107753,Success,18863.0,14232.0,14231.0,14231.0,24.556009118379897,240821.67,pdcsap_flux,0.2432891249773092
TIC_364408162,Success,19474.0,19474.0,19474.0,19474.0,0.0,2801.5216,pdcsap_flux,0.2704234579578042
TIC_365639282,Success,14681.0,14590.0,14589.0,14589.0,0.6266603092432432,885.9514,pdcsap_flux,0.2098690000129863
TIC_365781372,Success,17915.0,17214.0,17169.0,17169.0,4.164108289143176,16803.188,pdcsap_flux,0.2483742909971624
TIC_365952328,Success,17542.0,15556.0,15555.0,15555.0,11.327100672671309,1761.384,pdcsap_flux,0.2466930419905111
TIC_366563452,Success,16651.0,14096.0,14096.0,14096.0,15.344423758332836,23617.7885,pdcsap_flux,0.2349555420223623
TIC_366074069,Success,19475.0,19475.0,19418.0,19418.0,0.2926829268292685,19623.366,pdcsap_flux,0.3016984579735435
TIC_366602797,Success,16600.0,15114.0,15114.0,15114.0,8.951807228915666,1032.1288,pdcsap_flux,0.2435907500330358
TIC_368536386,Success,1122.0,1095.0,1095.0,1095.0,2.406417112299464,11283.373,pdcsap_flux,0.0324594579869881
TIC_367099243,Success,16749.0,15686.0,15662.0,15662.0,6.48993969789241,10439.084,pdcsap_flux,0.2312660829629749
TIC_367287018,Success,16749.0,16749.0,16749.0,16749.0,0.0,4491.367,pdcsap_flux,0.2584912499878555
TIC_367913453,Success,16749.0,16553.0,16553.0,16553.0,1.170219117559257,1838.2811,pdcsap_flux,0.2674977089627646
TIC_369480087,Success,16307.0,13072.0,13072.0,13072.0,19.83810633470289,111.102885,pdcsap_flux,0.2861242920043878
TIC_369861731,Success,16823.0,15181.0,15181.0,15181.0,9.760447007073648,1954.2599,pdcsap_flux,0.2529352500569075
TIC_360286627,Success,104164.0,91893.0,91137.0,91137.0,12.506240159748094,20536.771,pdcsap_flux,1.4252182919881309
TIC_363260203,Success,104124.0,92095.0,92086.0,92086.0,11.561215473858088,40592.689,pdcsap_flux,1.435661917028483
TIC_37084932,Success,17457.0,17457.0,17332.0,17332.0,0.7160451394855882,26003.7995,pdcsap_flux,0.2758277920074761
TIC_371673488,Success,1102.0,991.0,991.0,991.0,10.072595281306718,16659.082,pdcsap_flux,0.0268427080009132
TIC_371210825,Success,16006.0,15768.0,15767.0,15767.0,1.4931900537298537,6389.509,pdcsap_flux,0.2502794999745674
TIC_371711170,Success,17305.0,14914.0,14914.0,14914.0,13.816815949147642,2343.49545,pdcsap_flux,0.2371692500310018
TIC_372505528,Success,1209.0,963.0,962.0,962.0,20.430107526881724,5557.26335,pdcsap_flux,0.0290049579925835
TIC_372596796,Success,19274.0,18696.0,18694.0,18694.0,3.0092352391823174,1933.5566,pdcsap_flux,0.2779042909969575
TIC_373424049,Success,17122.0,16520.0,16516.0,16516.0,3.539306155822919,56837.415,pdcsap_flux,0.2316327089793048
TIC_373453507,Success,1169.0,1152.0,1152.0,1152.0,1.4542343883661268,8311.8475,pdcsap_flux,0.0235361669911071
TIC_367102581,Success,116705.0,112718.0,112710.0,112710.0,3.423160961398397,29408.089,pdcsap_flux,1.6647616670234129
TIC_370759867,Success,101601.0,78937.0,78934.0,78934.0,22.30981978523834,19983.524,pdcsap_flux,1.2838507919805124
TIC_369864738,Success,100623.0,95366.0,95363.0,95363.0,5.227433091837852,25404.26,pdcsap_flux,1.4144310830160975
TIC_373729723,Success,1053.0,828.0,821.0,821.0,22.03228869895536,2595.185,pdcsap_flux,0.0232644580537453
TIC_370745311,Success,104169.0,92105.0,92105.0,92105.0,11.581180581554973,14163.232,pdcsap_flux,1.395728999981657
TIC_374177909,Success,1116.0,921.0,921.0,921.0,17.47311827956989,197.25021,pdcsap_flux,0.023043958004564
TIC_373576942,Success,18882.0,15367.0,15367.0,15367.0,18.615612752886346,1115.2167,pdcsap_flux,0.244916416995693
TIC_373614579,Success,18197.0,16535.0,16398.0,16398.0,9.886244985437164,1382.42515,pdcsap_flux,0.2425259579904377
TIC_373785851,Success,16749.0,12653.0,12653.0,12653.0,24.45519135470774,13880.486,pdcsap_flux,0.2110224159550853
TIC_374200604,Success,16507.0,15629.0,15629.0,15629.0,5.318955594596231,2844.7036,pdcsap_flux,0.2364407500135712
TIC_374400599,Success,16749.0,16749.0,16749.0,16749.0,0.0,16128.454,pdcsap_flux,0.2444209579844027
TIC_374778982,Success,19475.0,19475.0,19475.0,19475.0,0.0,623.99567,pdcsap_flux,0.2684112080023624
TIC_370877263,Success,115437.0,112909.0,112907.0,112907.0,2.191671647738591,17167.6,pdcsap_flux,1.5805740829673596
TIC_374847873,Success,19274.0,19274.0,19274.0,19274.0,0.0,1458.9833,pdcsap_flux,0.2561272080056369
TIC_376838000,Success,1102.0,945.0,945.0,945.0,14.246823956442832,17874.262,pdcsap_flux,0.0202394159859977
TIC_375199523,Success,17596.0,12915.0,12915.0,12915.0,26.602636962946125,3624.0337,pdcsap_flux,0.2094440000364557
TIC_377024332,Success,3375.0,3294.0,3294.0,3294.0,2.400000000000002,37905.13,pdcsap_flux,0.0514680000487715
TIC_37575651,Success,13361.0,12969.0,12965.0,12965.0,2.9638500112267097,80846.99,pdcsap_flux,0.2207447080290876
TIC_376682699,Success,12874.0,12874.0,12874.0,12874.0,0.0,11448.76775,pdcsap_flux,0.2096449160017073
TIC_372913430,Success,100621.0,98182.0,98162.0,98162.0,2.4438238538674883,74307.285,pdcsap_flux,1.338937749969773
TIC_376740324,Success,19274.0,19274.0,18542.0,18542.0,3.797862405312858,2241.91675,pdcsap_flux,0.2680250419653021
TIC_377144784,Success,17991.0,17991.0,17991.0,17991.0,0.0,15306.939,pdcsap_flux,0.2539595830021426
TIC_377739433,Success,1102.0,965.0,965.0,965.0,12.43194192377496,13442.772,pdcsap_flux,0.0209090419812127
TIC_377165123,Success,18851.0,16700.0,16698.0,16698.0,11.421144766855871,1161.6862,pdcsap_flux,0.2573746670386754
TIC_379723086,Success,1233.0,880.0,878.0,878.0,28.791565287915656,15437.6105,pdcsap_flux,0.0273815419641323
TIC_377290815,Success,19611.0,19611.0,19610.0,19610.0,0.0050991790321752,17197.001,pdcsap_flux,0.2758393330150284
TIC_377420580,Success,10788.0,10788.0,10788.0,10788.0,0.0,13520.29,pdcsap_flux,0.1572479159804061
TIC_377304435,Success,19611.0,19533.0,19533.0,19533.0,0.3977359645097156,7524.799,pdcsap_flux,0.2998868750291876
TIC_379629854,Success,16749.0,15333.0,15333.0,15333.0,8.454236073795451,8398.968,pdcsap_flux,0.2361479160026647
TIC_378355116,Success,17991.0,17991.0,17991.0,17991.0,0.0,8203.434,pdcsap_flux,0.2609870000160299
TIC_380886535,Success,17452.0,16074.0,16074.0,16074.0,7.895943158377261,3103.6082,pdcsap_flux,0.2269896249636076
TIC_382188882,Success,13541.0,12771.0,12764.0,12764.0,5.7381286463333625,8829.1245,pdcsap_flux,0.1854807090130634
TIC_380517859,Success,19474.0,18961.0,18961.0,18961.0,2.6342816062442265,119.636986,pdcsap_flux,0.2771559589891694
TIC_379931600,Success,19610.0,19610.0,19422.0,19422.0,0.9586945436002026,23444.011,pdcsap_flux,0.2899104590178467
TIC_383666033,Success,842.0,816.0,816.0,816.0,3.0878859857482177,4834.888,pdcsap_flux,0.0214112499961629
TIC_383723559,Success,1219.0,1158.0,1158.0,1158.0,5.004101722723542,23310.1045,pdcsap_flux,0.027349125011824
TIC_382302241,Success,16779.0,16779.0,16777.0,16777.0,0.0119196614816186,6151.638,pdcsap_flux,0.2378430420067161
TIC_382437043,Success,18278.0,18278.0,18276.0,18276.0,0.0109421162052703,30938.492,pdcsap_flux,0.2658935830113478
TIC_382474101,Success,18299.0,17347.0,16470.0,16470.0,9.995081698453468,13872.201,pdcsap_flux,0.2671584580093622
TIC_384045439,Success,12874.0,12874.0,12874.0,12874.0,0.0,15117.745,pdcsap_flux,0.1964274580241181
TIC_383531859,Success,18494.0,18494.0,18491.0,18491.0,0.0162214772358559,23277.29,pdcsap_flux,0.2620985000394285
TIC_385105624,Success,1079.0,963.0,963.0,963.0,10.750695088044482,9592.556,pdcsap_flux,0.0244497910025529
TIC_384386061,Success,18606.0,14470.0,14470.0,14470.0,22.229388369343223,929.83154,pdcsap_flux,0.2398019589600153
TIC_375225453,Success,104101.0,89840.0,89798.0,89798.0,13.73954140690291,13941.44,pdcsap_flux,1.3071442910004407
TIC_386297468,Success,18024.0,16392.0,16392.0,16392.0,9.05459387483355,1889.8011,pdcsap_flux,0.2521227080142125
TIC_384744828,Success,19336.0,19336.0,19334.0,19334.0,0.0103434009102176,19605.406,pdcsap_flux,0.283658042026218
TIC_386435344,Success,13359.0,12979.0,12967.0,12967.0,2.9343513736058036,50479.99,pdcsap_flux,0.2236168750096112
TIC_387603144,Success,1178.0,909.0,909.0,909.0,22.835314091680814,5791.091,pdcsap_flux,0.0248809999902732
TIC_387413037,Success,16749.0,13869.0,13869.0,13869.0,17.19505642127889,12187.78,pdcsap_flux,0.2376015830086544
TIC_38686737,Success,17657.0,16881.0,16677.0,16677.0,5.550206716882822,1488.321,pdcsap_flux,0.2532412920263596
TIC_387664868,"Skipped: Non-standard schema (missing columns: ['pdcsap_flux', 'pdcsap_flux_err'])",,,,,,,,0.00844025000697
TIC_387664866,Success,19023.0,19023.0,19022.0,19022.0,0.0052567944067716,37701.6115,pdcsap_flux,0.2887532499735243
TIC_388076005,Success,16435.0,15299.0,15299.0,15299.0,6.912077882567691,28445.086,pdcsap_flux,0.2315163749735802
TIC_387834907,Success,16713.0,12825.0,12622.0,12622.0,24.477951295398793,70442.695,pdcsap_flux,0.2353982500499114
TIC_388130235,Success,10636.0,8962.0,8962.0,8962.0,15.73899962391877,7986.5685,pdcsap_flux,0.1421099579893052
TIC_389238529,Success,3349.0,3349.0,3349.0,3349.0,0.0,6493.4663,pdcsap_flux,0.0499596660374663
TIC_389182138,Success,12874.0,11412.0,11411.0,11411.0,11.363989436072709,10503.524,pdcsap_flux,0.1732691670185886
TIC_389371332,Success,16329.0,16183.0,16183.0,16183.0,0.8941147651417736,1757.7076,pdcsap_flux,0.3530477499589324
TIC_384549882,Success,84175.0,79740.0,79728.0,79728.0,5.283041283041278,49413.08,pdcsap_flux,1.2797293339972384
TIC_382331352,Success,110916.0,107964.0,107943.0,107943.0,2.6804067943308474,16581.896,pdcsap_flux,1.6399118750123307
TIC_389525208,Success,16781.0,16781.0,16780.0,16780.0,0.0059591204338294,15338.9975,pdcsap_flux,0.4223257499979809
TIC_385624852,Success,84647.0,79747.0,79107.0,79107.0,6.544827341784121,93996.79,pdcsap_flux,1.44677966699237
TIC_39077574,Success,17484.0,15403.0,15403.0,15403.0,11.902310684053996,788.05536,pdcsap_flux,0.2388895000331103
TIC_389999924,Success,18357.0,18357.0,18357.0,18357.0,0.0,1372.3269,pdcsap_flux,0.3110888330265879
TIC_391821647,Success,18278.0,18278.0,18278.0,18278.0,0.0,7016.83375,pdcsap_flux,0.2871014999691397
TIC_392112968,Success,18849.0,18849.0,18849.0,18849.0,0.0,847.9544,pdcsap_flux,0.2874001250020228
TIC_393251073,Success,18712.0,15967.0,15794.0,15794.0,15.594271056006836,3509.14055,pdcsap_flux,0.2580851670354604
TIC_393911494,Success,18605.0,16811.0,16810.0,16810.0,9.6479441010481,18167.093,pdcsap_flux,0.3457765830098651
TIC_394509844,Success,18491.0,18491.0,18472.0,18472.0,0.1027526904980757,10263.337,pdcsap_flux,0.3415141250006854
TIC_395773226,Success,16749.0,16749.0,16749.0,16749.0,0.0,3226.2393,pdcsap_flux,0.3149172500125132
TIC_399613138,Success,3771.0,2625.0,2623.0,2623.0,30.44285335454786,2259.2383,pdcsap_flux,0.0511078750132583
TIC_398733009,Success,15572.0,14817.0,14817.0,14817.0,4.848445928589773,87.29592,pdcsap_flux,0.3072512500220909
TIC_398912927,Success,15868.0,12993.0,12993.0,12993.0,18.118225359213515,7715.9414,pdcsap_flux,0.2897085830336436
TIC_387079085,Success,110872.0,106495.0,106486.0,106486.0,3.955913125045096,39349.47,pdcsap_flux,1.7920900829485618
TIC_399144800,Success,17691.0,15676.0,15676.0,15676.0,11.3899723023006,8760.6325,pdcsap_flux,0.2449573330231942
TIC_399444057,Success,16749.0,16297.0,16297.0,16297.0,2.6986685772284913,3528.0034,pdcsap_flux,0.2427702499553561
TIC_399642071,Success,17333.0,16995.0,16993.0,16993.0,1.9615761841573875,5594.3193,pdcsap_flux,0.2427119170315563
TIC_400323948,Success,17335.0,16559.0,16557.0,16557.0,4.488029997115661,5894.2617,pdcsap_flux,0.2318789169657975
TIC_399956873,Success,19610.0,19610.0,19610.0,19610.0,0.0,3203.5975500000004,pdcsap_flux,0.3008835000218823
TIC_402848417,Success,1083.0,885.0,885.0,885.0,18.282548476454295,2052.49,pdcsap_flux,0.0281046670279465
TIC_403256331,Success,1102.0,859.0,859.0,859.0,22.050816696914698,24004.678,pdcsap_flux,0.0235046669840812
TIC_403287048,Success,1184.0,1184.0,1184.0,1184.0,0.0,4752.7273,pdcsap_flux,0.0245790829649195
TIC_403308915,Success,1102.0,856.0,856.0,856.0,22.323049001814887,13237.1275,pdcsap_flux,0.0174150409875437
TIC_400395395,Success,20257.0,20257.0,20257.0,20257.0,0.0,1684.1328,pdcsap_flux,0.2777667500195093
TIC_400476523,Success,19609.0,19609.0,19609.0,19609.0,0.0,2105.2988,pdcsap_flux,0.2945858339662663
TIC_388624270,Success,104453.0,98114.0,98109.0,98109.0,6.073545039395711,17299.836,pdcsap_flux,1.6452245409600437
TIC_405794804,Success,1112.0,1011.0,965.0,965.0,13.21942446043165,18926.293,pdcsap_flux,0.0279182079830206
TIC_405862830,Success,1283.0,1136.0,1136.0,1136.0,11.45752143413874,11793.506,pdcsap_flux,0.0231157499947585
TIC_400786146,Success,17336.0,16777.0,16774.0,16774.0,3.24180895246885,7931.937,pdcsap_flux,0.2792114579933695
TIC_403693875,Success,14685.0,14685.0,14685.0,14685.0,0.0,716.8305,pdcsap_flux,0.2339140000403858
TIC_405484221,Success,16800.0,13012.0,13012.0,13012.0,22.54761904761905,93.956888,pdcsap_flux,0.2232455000048503
TIC_404610583,Success,19587.0,18617.0,18617.0,18617.0,4.952264256905092,9703.357,pdcsap_flux,0.2802379999775439
TIC_406190563,Success,17911.0,13736.0,13736.0,13736.0,23.30969795097985,11187.2485,pdcsap_flux,0.2242764579714276
TIC_405904232,Success,18322.0,18248.0,18214.0,18214.0,0.5894552996397739,14277.08,pdcsap_flux,0.2652598340064287
TIC_406855039,Success,19607.0,19607.0,19607.0,19607.0,0.0,24508.836,pdcsap_flux,0.2814720830065198
TIC_407146536,Success,19333.0,19333.0,19333.0,19333.0,0.0,5018.105,pdcsap_flux,0.2800320420064963
TIC_407146538,Success,19515.0,19515.0,19515.0,19515.0,0.0,2689.1353,pdcsap_flux,0.2904865000164136
TIC_407394748,Success,16748.0,16748.0,16748.0,16748.0,0.0,24592.378,pdcsap_flux,0.2385627910261973
TIC_40779013,Success,17898.0,17898.0,17889.0,17889.0,0.0502849480388922,2768.6638,pdcsap_flux,0.2358119580312632
TIC_408159788,Success,17573.0,17303.0,17302.0,17302.0,1.5421385079383176,9523.838,pdcsap_flux,0.254871874989476
TIC_408203470,Success,18108.0,13575.0,13575.0,13575.0,25.03313452617627,976.49994,pdcsap_flux,0.2272225419874303
TIC_409183335,Success,11125.0,10036.0,9896.0,9896.0,11.047191011235958,25099.333,pdcsap_flux,0.1928592089680023
TIC_409520860,Success,1102.0,859.0,859.0,859.0,22.050816696914698,10617.456,pdcsap_flux,0.021611500007566
TIC_408549705,Success,18544.0,16047.0,16046.0,16046.0,13.47066436583262,1120.3211,pdcsap_flux,0.259258541977033
TIC_408729765,Success,16748.0,16748.0,16748.0,16748.0,0.0,1108.5423,pdcsap_flux,0.2650927919894457
TIC_410528770,Success,1116.0,1015.0,1011.0,1011.0,9.408602150537638,9422.965,pdcsap_flux,0.0244477500091306
TIC_400595342,Success,84730.0,79938.0,79920.0,79920.0,5.676855895196509,19320.435,pdcsap_flux,1.1629276659805328
TIC_410245915,Success,13362.0,12936.0,12936.0,12936.0,3.1881454872025095,12825.543,pdcsap_flux,0.1911627499503083
TIC_409459226,Success,17457.0,17457.0,17457.0,17457.0,0.0,8246.014,pdcsap_flux,0.2482521669589914
TIC_40954422,Success,18788.0,18788.0,18788.0,18788.0,0.0,14835.277,pdcsap_flux,0.2489606659510173
TIC_403136413,Success,103636.0,80526.0,80526.0,80526.0,22.299201049828245,5241.108,pdcsap_flux,1.2353882500319742
TIC_412257781,Success,18694.0,15018.0,15018.0,15018.0,19.66406333582967,1197.17195,pdcsap_flux,0.2664419169886969
TIC_412259468,Success,17331.0,16702.0,16701.0,16701.0,3.63510472563614,6089.9062,pdcsap_flux,0.2647585839731619
TIC_41227743,Success,18276.0,18276.0,18275.0,18275.0,0.0054716568176793,7922.254,pdcsap_flux,0.2667304169735871
TIC_412961700,Success,17365.0,16889.0,16887.0,16887.0,2.752663403397637,332040.1,pdcsap_flux,0.2634809999726712
TIC_414870287,Success,10788.0,10788.0,10788.0,10788.0,0.0,90611.095,pdcsap_flux,0.147218124999199
TIC_41330864,Success,19474.0,18961.0,18726.0,18726.0,3.841018794289819,10903.943,pdcsap_flux,0.2648788340156898
TIC_416987878,Success,1178.0,841.0,841.0,841.0,28.60780984719864,10902.567,pdcsap_flux,0.0272396249929443
TIC_41422753,Success,18788.0,13303.0,13302.0,13302.0,29.19948903555461,1431.13795,pdcsap_flux,0.2033082090201787
TIC_41865539,Success,1195.0,1195.0,1195.0,1195.0,0.0,1848.0663,pdcsap_flux,0.0250777080073021
TIC_418866096,Success,3771.0,2549.0,2521.0,2521.0,33.14770617873243,2231.4414,pdcsap_flux,0.058103583054617
TIC_415969574,Success,14930.0,9619.0,9619.0,9619.0,35.57267247153383,1236.6129,pdcsap_flux,0.1779546670150011
TIC_415741431,Success,17991.0,17991.0,17991.0,17991.0,0.0,10256.58,pdcsap_flux,0.2520773749565705
TIC_418987806,Success,1083.0,1000.0,1000.0,1000.0,7.663896583564178,30085.093,pdcsap_flux,0.0237352910335175
TIC_416624606,Success,18881.0,18881.0,18881.0,18881.0,0.0,12589.206,pdcsap_flux,0.272434833983425
TIC_417705690,Success,17055.0,16711.0,16710.0,16710.0,2.0228671943711474,16103.98075,pdcsap_flux,0.2561662499792874
TIC_418959198,Success,16719.0,13652.0,13652.0,13652.0,18.34439858843232,10025.2265,pdcsap_flux,0.2284068750450387
TIC_420288086,Success,1102.0,858.0,850.0,850.0,22.86751361161524,10785.33,pdcsap_flux,0.021450916014146
TIC_419419534,Success,17743.0,15638.0,15638.0,15638.0,11.863833624527986,6820.46,pdcsap_flux,0.2326388749643229
TIC_418971787,Success,19432.0,18287.0,18286.0,18286.0,5.89748867846851,870.65815,pdcsap_flux,0.2721715830266475
TIC_419858461,Success,18853.0,18853.0,18852.0,18852.0,0.0053041956187382,369.052105,pdcsap_flux,0.2719802499632351
TIC_42015200,Success,17929.0,14361.0,14361.0,14361.0,19.90071950471304,3382.022,pdcsap_flux,0.2155200419947505
TIC_420112587,Success,18423.0,18423.0,18415.0,18415.0,0.0434239808934533,1501.8129,pdcsap_flux,0.2804887919919565
TIC_420645189,Success,17060.0,16854.0,16838.0,16838.0,1.3012895662368074,14488.65,pdcsap_flux,0.2824362080427818
TIC_420803693,Success,16746.0,16746.0,16746.0,16746.0,0.0,5333.387000000001,pdcsap_flux,0.2843193330336362
TIC_42123111,Success,18322.0,18322.0,18322.0,18322.0,0.0,24781.335,pdcsap_flux,0.3117823339998722
TIC_422653398,Success,17230.0,15372.0,15372.0,15372.0,10.783517121300058,6528.335,pdcsap_flux,0.2644577079918235
TIC_421308357,Success,19610.0,19610.0,19606.0,19606.0,0.0203977562468149,11554.972,pdcsap_flux,0.3229135000146925
TIC_425163745,Success,1096.0,1074.0,1024.0,1024.0,6.569343065693434,7442.88135,pdcsap_flux,0.027340708009433
TIC_425220920,Success,1086.0,1061.0,1050.0,1050.0,3.314917127071826,12797.2065,pdcsap_flux,0.0211208749678917
TIC_422838133,Success,18216.0,18216.0,18214.0,18214.0,0.0109793588054407,21311.702,pdcsap_flux,0.3305802080431022
TIC_423903685,Success,18138.0,18138.0,18138.0,18138.0,0.0,2009.09955,pdcsap_flux,0.2838155420031398
TIC_427279997,Success,1102.0,867.0,867.0,867.0,21.324863883847545,8903.418,pdcsap_flux,0.0243237920221872
TIC_424747720,Success,19251.0,17040.0,17002.0,17002.0,11.682509999480551,969.141725,pdcsap_flux,0.2520115419756621
TIC_424699834,Success,19612.0,17896.0,17896.0,17896.0,8.74974505404854,1201.84635,pdcsap_flux,0.2846596669987775
TIC_412014494,Success,100285.0,88658.0,88531.0,88531.0,11.720596300543452,28326.348,pdcsap_flux,1.401376124995295
TIC_426017070,Success,18295.0,18295.0,18295.0,18295.0,0.0,62.996204,pdcsap_flux,0.2862769999774173
TIC_428065977,Success,1116.0,877.0,877.0,877.0,21.415770609318997,11845.136,pdcsap_flux,0.0351055419887416
TIC_427348923,Success,14682.0,14601.0,14601.0,14601.0,0.5516959542296695,3532.3838,pdcsap_flux,0.2395404999842867
TIC_427352241,Success,14683.0,14683.0,14683.0,14683.0,0.0,16468.111,pdcsap_flux,0.2514571659849025
TIC_427654774,Success,16663.0,11790.0,11790.0,11790.0,29.24443377543059,320.34547,pdcsap_flux,0.2508456250070594
TIC_42755801,Success,17458.0,17458.0,17458.0,17458.0,0.0,37229.6225,pdcsap_flux,0.3011500000138767
TIC_428685938,Success,17973.0,16061.0,16048.0,16048.0,10.710510209759082,303.853875,pdcsap_flux,0.29606020799838
TIC_429295277,Success,17336.0,15789.0,15788.0,15788.0,8.92939547761883,13514.17,pdcsap_flux,0.2970226670149714
TIC_4294779,Success,17906.0,17045.0,17045.0,17045.0,4.808444096950748,71.737236,pdcsap_flux,0.3372593340463936
TIC_429414530,Success,18880.0,18880.0,18880.0,18880.0,0.0,2127.1025,pdcsap_flux,0.3632044999976642
TIC_431585347,Success,1102.0,867.0,857.0,857.0,22.23230490018149,14661.316,pdcsap_flux,0.023965708038304
TIC_431148743,Success,11754.0,11754.0,11372.0,11372.0,3.2499574612897764,48668.521,pdcsap_flux,0.1968581249820999
TIC_430677414,Success,16714.0,13547.0,13547.0,13547.0,18.948187148498263,70923.78,pdcsap_flux,0.2792007919633761
TIC_431899140,Success,18533.0,16466.0,16466.0,16466.0,11.153078292775051,15130.116,pdcsap_flux,0.2654115409823134
TIC_431999925,Success,16343.0,16307.0,16307.0,16307.0,0.220277794774526,179.37991,pdcsap_flux,0.229913207993377
TIC_434100688,Success,1196.0,1196.0,1191.0,1191.0,0.4180602006689016,17315.537,pdcsap_flux,0.0295151669997721
TIC_432008938,Success,16343.0,16311.0,16309.0,16309.0,0.208040139509269,512.5597,pdcsap_flux,0.2313658749917522
TIC_435167167,Success,1083.0,1011.0,1011.0,1011.0,6.648199445983383,1961.2545,pdcsap_flux,0.0244189589866437
TIC_425721385,Success,100320.0,74051.0,74017.0,74017.0,26.219098883572567,21204.197,pdcsap_flux,1.3185452920151874
TIC_434234955,Success,17872.0,17217.0,17217.0,17217.0,3.6649507609668786,4724.174,pdcsap_flux,0.2454155829618685
TIC_434718964,Success,17991.0,17991.0,17989.0,17989.0,0.011116669445832,1672.1196,pdcsap_flux,0.2911179999937303
TIC_435861696,Success,17989.0,17989.0,17981.0,17981.0,0.0444716215465046,878.3701,pdcsap_flux,0.2561804580036551
TIC_436099179,Success,16901.0,14737.0,14737.0,14737.0,12.803976096088988,1537.0627,pdcsap_flux,0.2282622079947032
TIC_437893926,Success,16937.0,14967.0,14967.0,14967.0,11.631339670543785,1737.8081,pdcsap_flux,0.2076413329923525
TIC_437740083,Success,16563.0,13868.0,13868.0,13868.0,16.2712069069613,5894.77855,pdcsap_flux,0.2241428749985061
TIC_437156845,Success,19433.0,17845.0,17845.0,17845.0,8.171666752431427,1249.6147,pdcsap_flux,0.2839551249635406
TIC_438295981,Success,17446.0,17388.0,17388.0,17388.0,0.3324544308150878,25216.9395,pdcsap_flux,0.229550999996718
TIC_426077080,Success,116184.0,111654.0,111652.0,111652.0,3.900709219858156,28163.795,pdcsap_flux,1.7198382089845836
TIC_438490744,Success,14684.0,14684.0,14683.0,14683.0,0.0068101334786185,332.43304,pdcsap_flux,0.2079759589978493
TIC_439610306,Success,17340.0,16354.0,16349.0,16349.0,5.715109573241062,38477.332,pdcsap_flux,0.2383736670017242
TIC_441334829,Success,18025.0,16852.0,16852.0,16852.0,6.507628294036061,1600.88455,pdcsap_flux,0.2409905000240542
TIC_441732151,Success,17744.0,17383.0,17383.0,17383.0,2.034490532010824,14303.078,pdcsap_flux,0.2515005419845693
TIC_441738827,Success,16716.0,15696.0,15696.0,15696.0,6.101938262742279,757.48352,pdcsap_flux,0.2386690000421367
TIC_4426490,Success,16858.0,14564.0,14562.0,14562.0,13.619646458654644,2256.62305,pdcsap_flux,0.2350528750102967
TIC_430528566,Success,117613.0,114118.0,114109.0,114109.0,2.9792624964927295,7410.928,pdcsap_flux,1.679221625032369
TIC_431156009,Success,107925.0,104321.0,104316.0,104316.0,3.343988881167481,27057.8,pdcsap_flux,1.521478083974216
TIC_443042089,Success,18358.0,18358.0,18358.0,18358.0,0.0,949.81795,pdcsap_flux,0.270430083037354
TIC_444415148,Success,12675.0,12675.0,12674.0,12674.0,0.0078895463510808,43859.662,pdcsap_flux,0.186578833963722
TIC_445254275,Success,1102.0,858.0,858.0,858.0,22.1415607985481,6148.6704,pdcsap_flux,0.0231302080210298
TIC_444413256,Success,19475.0,18916.0,18916.0,18916.0,2.870346598202822,2446.0675,pdcsap_flux,0.264507457963191
TIC_443658196,Success,18494.0,18494.0,18494.0,18494.0,0.0,3986.75565,pdcsap_flux,0.2901435419917106
TIC_444977814,Success,16694.0,12154.0,12154.0,12154.0,27.195399544746618,1700.43115,pdcsap_flux,0.2210301249870099
TIC_445586472,Success,16778.0,11946.0,11932.0,11932.0,28.883061151507928,9815.9675,pdcsap_flux,0.2202675419976003
TIC_445137888,Success,19474.0,17623.0,17622.0,17622.0,9.510116052172124,11881.1055,pdcsap_flux,0.2823058749781921
TIC_445822015,Success,17125.0,16235.0,16235.0,16235.0,5.197080291970801,8226.759,pdcsap_flux,0.2697822500485927
TIC_447283466,Success,17121.0,16519.0,16519.0,16519.0,3.5161497576076117,109897.45,pdcsap_flux,0.2472058749990537
TIC_446616059,Success,17742.0,16545.0,16545.0,16545.0,6.7467027392627665,19334.951,pdcsap_flux,0.2779719170066528
TIC_449197624,Success,1167.0,1147.0,1145.0,1145.0,1.8851756640959727,2031.1672,pdcsap_flux,0.0244857079815119
TIC_449951606,Success,1147.0,1041.0,1032.0,1032.0,10.026155187445507,9634.2665,pdcsap_flux,0.0248441250296309
TIC_44745077,Success,15691.0,14645.0,14645.0,14645.0,6.6662417946593555,918.4376,pdcsap_flux,0.225397584028542
TIC_449050247,Success,17869.0,17256.0,16472.0,16472.0,7.818008842128831,14989.8925,pdcsap_flux,0.2505169169744476
TIC_449050248,Success,17869.0,17250.0,16463.0,16463.0,7.868375398735239,18358.88,pdcsap_flux,0.2656790830078535
TIC_452803785,Success,1116.0,902.0,902.0,902.0,19.175627240143367,8639.7965,pdcsap_flux,0.0228947090217843
TIC_450327768,Success,17078.0,15480.0,15480.0,15480.0,9.35706757231526,13811.244,pdcsap_flux,0.2329307919717393
TIC_449549170,Success,18854.0,18854.0,18854.0,18854.0,0.0,5130.89525,pdcsap_flux,0.2942211250192486
TIC_451599528,Success,18863.0,14342.0,14167.0,14167.0,24.895297672692575,152510.88,pdcsap_flux,0.2590665409807116
TIC_452483795,Success,18137.0,18137.0,18137.0,18137.0,0.0,989.14185,pdcsap_flux,0.2631984169711359
TIC_440801822,Success,104480.0,101168.0,101133.0,101133.0,3.2034839203675336,49512.79,pdcsap_flux,1.489450332999695
TIC_453209605,Success,17289.0,16845.0,16845.0,16845.0,2.568106888773214,9550.227,pdcsap_flux,0.2623124160454608
TIC_453464017,Success,17335.0,15905.0,15905.0,15905.0,8.24920680703779,12902.136,pdcsap_flux,0.2276560839964077
TIC_453230066,Success,19474.0,19237.0,19237.0,19237.0,1.217007291773642,6663.1934,pdcsap_flux,0.2847339159925468
TIC_455962313,Success,10788.0,10788.0,10788.0,10788.0,0.0,23247.346,pdcsap_flux,0.1623171659884974
TIC_45465399,Success,18025.0,15972.0,15972.0,15972.0,11.38973647711512,731.595335,pdcsap_flux,0.2403965830453671
TIC_456042145,Success,12874.0,12874.0,12874.0,12874.0,0.0,694.21147,pdcsap_flux,0.1927748750313185
TIC_456305193,Success,16677.0,10621.0,10621.0,10621.0,36.31348563890388,13574.393,pdcsap_flux,0.2040470420033671
TIC_45684223,Success,20257.0,20257.0,20257.0,20257.0,0.0,1245.5116,pdcsap_flux,0.294089041010011
TIC_457939414,Success,17343.0,16357.0,16357.0,16357.0,5.685290895462147,14293.773,pdcsap_flux,0.2491662909742444
TIC_457138169,Success,18755.0,18659.0,18658.0,18658.0,0.5171954145561153,32554.019,pdcsap_flux,0.302228250016924
TIC_458914949,Success,1083.0,931.0,931.0,931.0,14.035087719298245,12279.342,pdcsap_flux,0.0230166659457609
TIC_457743020,Success,18358.0,18358.0,18357.0,18357.0,0.0054472164723873,985.6349,pdcsap_flux,0.2843357079545967
TIC_458856474,Success,17332.0,16346.0,15975.0,15975.0,7.8294484191091644,190434.66,pdcsap_flux,0.2590414159931242
TIC_458857720,Success,17343.0,16357.0,16357.0,16357.0,5.685290895462147,27145.297,pdcsap_flux,0.2488049579551443
TIC_458876004,Success,17409.0,12164.0,12164.0,12164.0,30.128094663679704,2650.9873,pdcsap_flux,0.2036557089886628
TIC_446549905,Success,100248.0,97723.0,97700.0,97700.0,2.541696592450726,21217.848,pdcsap_flux,1.3813297499436883
TIC_461387302,Success,1102.0,961.0,961.0,961.0,12.794918330308525,12240.534,pdcsap_flux,0.0286392910056747
TIC_459997997,Success,17343.0,16357.0,16342.0,16342.0,5.771781122066544,10122.7835,pdcsap_flux,0.239737875002902
TIC_459850897,Success,17338.0,17338.0,17338.0,17338.0,0.0,12364.292,pdcsap_flux,0.2636737499851733
TIC_459942762,Success,17567.0,17277.0,17274.0,17274.0,1.6679000398474364,81741.945,pdcsap_flux,0.2676654589595273
TIC_461080504,Success,17343.0,16357.0,16357.0,16357.0,5.685290895462147,6000.58,pdcsap_flux,0.2316232500015758
TIC_460140752,Success,17341.0,16355.0,16354.0,16354.0,5.691713280664324,40339.7065,pdcsap_flux,0.2524780830135569
TIC_461271719,Success,15856.0,11696.0,11696.0,11696.0,26.236125126135217,50485.740999999995,pdcsap_flux,0.2011148330057039
TIC_462715015,Success,18063.0,10746.0,10746.0,10746.0,40.50822122571002,4043.4281,pdcsap_flux,0.1962015419849194
TIC_461538935,Success,16749.0,16749.0,16749.0,16749.0,0.0,3915.7432,pdcsap_flux,0.2439720000256784
TIC_461662295,Success,17631.0,17631.0,17082.0,17082.0,3.113833588565595,16771.751,pdcsap_flux,0.2511807919945568
TIC_462162963,Success,19274.0,19274.0,19274.0,19274.0,0.0,1603.1767,pdcsap_flux,0.2581561669940129
TIC_467006627,Success,3771.0,2619.0,2616.0,2616.0,30.62848050914877,4094.66935,pdcsap_flux,0.0600385420257225
TIC_463203560,Success,18358.0,18358.0,18358.0,18358.0,0.0,8508.4785,pdcsap_flux,0.2607590420520864
TIC_463681005,Success,18358.0,18358.0,18357.0,18357.0,0.0054472164723873,506.55212,pdcsap_flux,0.2592563750222325
TIC_464067218,Success,18358.0,18358.0,18358.0,18358.0,0.0,5198.52225,pdcsap_flux,0.2769106249907054
TIC_468828873,Success,1122.0,1059.0,1059.0,1059.0,5.614973262032086,15273.363,pdcsap_flux,0.0217458750121295
TIC_466318137,Success,18347.0,18347.0,18288.0,18288.0,0.3215784596936832,4347.61215,pdcsap_flux,0.2891254999558441
TIC_467281353,Success,17336.0,17288.0,17288.0,17288.0,0.276880479926167,12925.39175,pdcsap_flux,0.2588553340174258
TIC_467783290,Success,16870.0,15591.0,15591.0,15591.0,7.581505631298158,1713.7314,pdcsap_flux,0.2271930419956334
TIC_46772529,Success,19840.0,19202.0,19078.0,19078.0,3.840725806451617,1232.12395,pdcsap_flux,0.2781225420185365
TIC_468845640,Success,19025.0,19025.0,19025.0,19025.0,0.0,11780.665,pdcsap_flux,0.2758972499868832
TIC_470852531,Success,1102.0,986.0,986.0,986.0,10.526315789473683,10895.414,pdcsap_flux,0.021528625045903
TIC_468977648,Success,18025.0,16894.0,16894.0,16894.0,6.274618585298198,1030.7059,pdcsap_flux,0.2478674169979058
TIC_469184909,Success,18358.0,18358.0,18358.0,18358.0,0.0,1613.49345,pdcsap_flux,0.2770468330127187
TIC_470315428,Success,18533.0,16620.0,16620.0,16620.0,10.322128095829065,13084.1815,pdcsap_flux,0.2465828749700449
TIC_470709084,Success,19475.0,19475.0,19475.0,19475.0,0.0,10782.195,pdcsap_flux,0.3286870419979095
TIC_48178229,Success,980.0,973.0,973.0,973.0,0.7142857142857117,15549.919,pdcsap_flux,0.0280741659807972
TIC_470911286,Success,19473.0,19473.0,19473.0,19473.0,0.0,1506.8439,pdcsap_flux,0.2824695410090498
TIC_470974162,Success,18189.0,16605.0,16605.0,16605.0,8.708560118753095,1762.2242,pdcsap_flux,0.2684137499891221
TIC_47484268,Success,18300.0,17887.0,17886.0,17886.0,2.262295081967214,1616.53195,pdcsap_flux,0.2725624169688672
TIC_49617263,Success,880.0,808.0,808.0,808.0,8.18181818181818,12948.994,pdcsap_flux,0.0195890410104766
TIC_48188920,Success,17897.0,17725.0,17725.0,17725.0,0.9610549254064904,23839.031,pdcsap_flux,0.2669726249878295
TIC_48276576,Success,18024.0,15791.0,15791.0,15791.0,12.389036839769195,615.2311,pdcsap_flux,0.2279492910020053
TIC_48476907,Success,16906.0,15622.0,15618.0,15618.0,7.61859694782917,24775.775,pdcsap_flux,0.2371435420354828
TIC_49710555,Success,16914.0,14806.0,14806.0,14806.0,12.46304836230342,1980.9708,pdcsap_flux,0.2425621669972315
TIC_5024743,Success,842.0,813.0,811.0,811.0,3.6817102137767233,14938.966,pdcsap_flux,0.0220200829789973
TIC_49899799,Success,15641.0,14727.0,14350.0,14350.0,8.253947957291729,79368.30249999999,pdcsap_flux,0.2468120410339906
TIC_4999813,Success,18163.0,13535.0,13524.0,13524.0,25.54093486758795,1511.93755,pdcsap_flux,0.2213450410054065
TIC_49967354,Success,19611.0,19611.0,19611.0,19611.0,0.0,7420.639,pdcsap_flux,0.2862923329812474
TIC_50943163,Success,1083.0,941.0,941.0,941.0,13.111726685133885,4616.348,pdcsap_flux,0.0311881660018116
TIC_464296022,Success,104176.0,92536.0,92536.0,92536.0,11.173398863461836,23654.677,pdcsap_flux,1.3352825839538127
TIC_51318828,Success,3571.0,3517.0,3514.0,3514.0,1.5961915429851592,4540.219999999999,pdcsap_flux,0.0554810420144349
TIC_50309953,Success,18277.0,18277.0,18275.0,18275.0,0.0109427148875629,20413.227,pdcsap_flux,0.265627000015229
TIC_51024887,Success,16232.0,13984.0,13983.0,13983.0,13.855347461803849,149.5494,pdcsap_flux,0.2152474590111524
TIC_5109298,Success,17457.0,17400.0,17400.0,17400.0,0.3265165836054295,8887.29,pdcsap_flux,0.2528171669691801
TIC_52041724,Success,18214.0,15794.0,15708.0,15708.0,13.758647194465802,17879.701,pdcsap_flux,0.2773228330188431
TIC_52548453,Success,17456.0,17456.0,17431.0,17431.0,0.1432172318973412,13619.042,pdcsap_flux,0.2528162919916212
TIC_468472950,Success,117631.0,111028.0,111026.0,111026.0,5.615016449745392,14275.4,pdcsap_flux,1.6018997090286575
TIC_54364414,Success,1083.0,998.0,995.0,995.0,8.125577100646353,9842.702,pdcsap_flux,0.0278904999722726
TIC_53427308,Success,18712.0,16171.0,16171.0,16171.0,13.57952116289013,11089.469,pdcsap_flux,0.250700417032931
TIC_54464870,Success,1083.0,1000.0,1000.0,1000.0,7.663896583564178,80918.3175,pdcsap_flux,0.0222630409989506
TIC_53593457,Success,14686.0,14655.0,14654.0,14654.0,0.2178945934903975,135.891295,pdcsap_flux,0.214250249962788
TIC_54044474,Success,17341.0,15515.0,15515.0,15515.0,10.52995790323511,22427.785,pdcsap_flux,0.2978625409887172
TIC_54085154,Success,16932.0,16086.0,16080.0,16080.0,5.031892274982286,85377.655,pdcsap_flux,0.3236072919680737
TIC_54390047,Success,17369.0,16897.0,16895.0,16895.0,2.728999942426158,21177.451,pdcsap_flux,0.3366063340217806
TIC_55452495,Success,16330.0,16047.0,16047.0,16047.0,1.7330067360685877,17092.174,pdcsap_flux,0.3149132079561241
TIC_55383975,Success,18278.0,17079.0,17078.0,17078.0,6.565269723164457,5127.60275,pdcsap_flux,0.3317435840144753
TIC_5800958,Success,3390.0,3237.0,3234.0,3234.0,4.6017699115044275,2604.8304,pdcsap_flux,0.0616322500281967
TIC_47617038,Success,110168.0,106818.0,106793.0,106793.0,3.0635030135792607,137805.28,pdcsap_flux,1.5910833340021782
TIC_56231866,Success,17330.0,17330.0,17330.0,17330.0,0.0,30408.019,pdcsap_flux,0.2449797919834964
TIC_5772442,Success,17282.0,16716.0,16716.0,16716.0,3.2750839023261147,11710.344,pdcsap_flux,0.2366957499762065
TIC_58474992,Success,16866.0,15609.0,15488.0,15488.0,8.170283410411482,2285.3572000000004,pdcsap_flux,0.2173062499496154
TIC_58046864,Success,18021.0,15473.0,15468.0,15468.0,14.16680539370734,482.144605,pdcsap_flux,0.2306248749955557
TIC_61733521,Success,1281.0,1121.0,1121.0,1121.0,12.490241998438725,7136.939,pdcsap_flux,0.0294565830263309
TIC_59003115,Success,17568.0,17278.0,17277.0,17277.0,1.6564207650273222,4893.8267,pdcsap_flux,0.2446075839689001
TIC_59859387,Success,17458.0,17458.0,17458.0,17458.0,0.0,12713.049,pdcsap_flux,0.2294170830282382
TIC_60074373,Success,19433.0,18626.0,18626.0,18626.0,4.15272989245099,207.389215,pdcsap_flux,0.2536976659903303
TIC_61117473,Success,18461.0,16277.0,16276.0,16276.0,11.835761876388062,2402.13625,pdcsap_flux,0.2466095419949852
TIC_64553698,Success,1116.0,909.0,899.0,899.0,19.444444444444443,12804.165,pdcsap_flux,0.0251256249612197
TIC_62530991,Success,13363.0,12854.0,12852.0,12852.0,3.823991618648503,18256.259,pdcsap_flux,0.1898184999590739
TIC_61980227,Success,17285.0,12529.0,12527.0,12527.0,27.526757304020833,2527.0024,pdcsap_flux,0.2352042919956147
TIC_63013648,Success,16151.0,15207.0,15193.0,15193.0,5.9315212680329354,7271.9883,pdcsap_flux,0.2323615839704871
TIC_63303499,Success,17456.0,17456.0,17456.0,17456.0,0.0,13392.7195,pdcsap_flux,0.2772461250424385
TIC_50365310,Success,104322.0,98756.0,98742.0,98742.0,5.348823833898885,22884.223,pdcsap_flux,1.470103207975626
TIC_64531556,Success,18322.0,18322.0,18320.0,18320.0,0.0109158388822194,3555.0926499999996,pdcsap_flux,0.2912388329859823
TIC_65347776,Success,13541.0,12933.0,12933.0,12933.0,4.490067203308468,6883.248,pdcsap_flux,0.2099118750193156
TIC_66356824,Success,17928.0,14982.0,14982.0,14982.0,16.432396251673364,1711.07175,pdcsap_flux,0.230872709013056
TIC_68152139,Success,1082.0,964.0,964.0,964.0,10.905730129390022,14244.1575,pdcsap_flux,0.0238428330048918
TIC_6653897,Success,16898.0,14629.0,14629.0,14629.0,13.427624570955144,4365.956,pdcsap_flux,0.235303042049054
TIC_67247610,Success,18882.0,13497.0,13497.0,13497.0,28.51922465840483,494.91702,pdcsap_flux,0.2281316250446252
TIC_67309890,Success,12874.0,12874.0,12874.0,12874.0,0.0,13622.9075,pdcsap_flux,0.18820895900717
TIC_66783360,Success,17991.0,17991.0,17991.0,17991.0,0.0,13028.633,pdcsap_flux,0.2667081249528564
TIC_69838258,Success,1196.0,1196.0,1179.0,1179.0,1.421404682274252,2407.6848,pdcsap_flux,0.030058000003919
TIC_67926921,Success,17857.0,16565.0,16535.0,16535.0,7.403259226073811,16702.941,pdcsap_flux,0.2359423750312999
TIC_68322189,Success,19515.0,19515.0,19515.0,19515.0,0.0,1196.0841,pdcsap_flux,0.2792583749978803
TIC_686072378,Success,17246.0,16735.0,16681.0,16681.0,3.2761219993041824,48.12914,pdcsap_flux,0.2544106660061516
TIC_71401634,Success,3445.0,3319.0,3319.0,3319.0,3.6574746008708248,891.0426,pdcsap_flux,0.0543233330245129
TIC_71854745,Success,1082.0,990.0,990.0,990.0,8.50277264325323,12962.573,pdcsap_flux,0.031890416983515
TIC_70887357,Success,17654.0,17217.0,17146.0,17146.0,2.877534836297724,55549.4,pdcsap_flux,0.2486349999671802
TIC_69997672,Success,19607.0,19607.0,19607.0,19607.0,0.0,37066.137,pdcsap_flux,0.2802213749964721
TIC_71396541,Success,18805.0,16142.0,16142.0,16142.0,14.161127359744752,8245.708,pdcsap_flux,0.2557413330068812
TIC_69672493,Success,16723.0,15059.0,15059.0,15059.0,9.950367756981404,23660.457,pdcsap_flux,0.3269570840056985
TIC_73104318,Success,11125.0,9650.0,9650.0,9650.0,13.258426966292136,25836.926,pdcsap_flux,0.1580173749825917
TIC_71854732,Success,19473.0,19236.0,19235.0,19235.0,1.2222051045036708,1357.834,pdcsap_flux,0.274916291993577
TIC_73244652,Success,14251.0,12733.0,12733.0,12733.0,10.651884078310292,2943.7559,pdcsap_flux,0.1835651249857619
TIC_75417968,Success,3771.0,3698.0,3569.0,3569.0,5.356669318483165,3310.2126,pdcsap_flux,0.0542993330163881
TIC_73723286,Success,16937.0,15865.0,15706.0,15706.0,7.268111235756036,36485.426,pdcsap_flux,0.2295365839963778
TIC_74197917,Success,18025.0,16413.0,16413.0,16413.0,8.943134535367548,451.97733,pdcsap_flux,0.2377182079944759
TIC_7439481,Success,18419.0,18188.0,18188.0,18188.0,1.2541397470003823,361.968795,pdcsap_flux,0.2678997910115868
TIC_74482749,Success,14146.0,13829.0,13829.0,13829.0,2.2409161600452476,37659.91,pdcsap_flux,0.2027070830226875
TIC_78672342,Success,980.0,973.0,973.0,973.0,0.7142857142857117,13941.8955,pdcsap_flux,0.0227461250033229
TIC_75208638,Success,18025.0,16641.0,16641.0,16641.0,7.678224687933421,3372.678,pdcsap_flux,0.2609448340372182
TIC_79395355,Success,1184.0,1184.0,1184.0,1184.0,0.0,4445.54515,pdcsap_flux,0.0302252499968744
TIC_75427473,Success,16724.0,15114.0,15114.0,15114.0,9.626883520688834,41681.635,pdcsap_flux,0.2312195000122301
TIC_7624182,Success,15691.0,14982.0,14982.0,14982.0,4.5185137977184375,50728.574,pdcsap_flux,0.2504945839755237
TIC_77031413,Success,16815.0,14526.0,14526.0,14526.0,13.612845673505802,4203.9123,pdcsap_flux,0.2443834589794278
TIC_77228304,Success,15690.0,14664.0,14664.0,14664.0,6.539196940726577,74.6700925,pdcsap_flux,0.2517421669908799
TIC_7904580,Success,17550.0,15353.0,15349.0,15349.0,12.541310541310546,827.76733,pdcsap_flux,0.2679460420040414
TIC_80029842,Success,19433.0,16762.0,16762.0,16762.0,13.744661143415836,1861.02805,pdcsap_flux,0.3003756669932045
TIC_80275202,Success,17376.0,16912.0,16912.0,16912.0,2.670349907918967,10129.615,pdcsap_flux,0.2952907920116558
TIC_82010657,Success,1083.0,936.0,924.0,924.0,14.6814404432133,21847.57,pdcsap_flux,0.0256570419878698
TIC_64836837,Success,107877.0,104934.0,104928.0,104928.0,2.733668900692454,18879.341,pdcsap_flux,1.5045764590031467
TIC_80478272,Success,17991.0,17991.0,17986.0,17986.0,0.0277916736145855,5295.1735,pdcsap_flux,0.3089371249661781
TIC_81212286,Success,17632.0,17632.0,17631.0,17631.0,0.0056715063520895,1704.2593,pdcsap_flux,0.2972449170192703
TIC_83210867,Success,1220.0,903.0,903.0,903.0,25.983606557377048,15197.011,pdcsap_flux,0.029005334014073
TIC_841226527,"Skipped: Non-standard schema (missing columns: ['pdcsap_flux', 'pdcsap_flux_err'])",,,,,,,,0.0078232079977169
TIC_81231810,Success,18697.0,14769.0,14769.0,14769.0,21.008717976145903,1051.8522,pdcsap_flux,0.3066789170261472
TIC_81429971,Success,17374.0,16971.0,16971.0,16971.0,2.319557960170371,14850.179,pdcsap_flux,0.3109249160042964
TIC_82362447,Success,13362.0,13065.0,13065.0,13065.0,2.222721149528517,83.84086,pdcsap_flux,0.2197680830140598
TIC_82707763,Success,17338.0,14496.0,14496.0,14496.0,16.39174068520014,13716.5055,pdcsap_flux,0.2337752919993363
TIC_82302240,Success,17771.0,15591.0,15591.0,15591.0,12.26717686117832,1540.7605,pdcsap_flux,0.2575187499751337
TIC_83053699,Success,17991.0,17991.0,17991.0,17991.0,0.0,1135.1909,pdcsap_flux,0.2682623330038041
TIC_86005116,Success,18137.0,18137.0,18137.0,18137.0,0.0,158.11783,pdcsap_flux,0.2607378339744173
TIC_86280613,Success,18798.0,16476.0,16460.0,16460.0,12.43749335035642,24978.5285,pdcsap_flux,0.2736799999838695
TIC_86451883,Success,17897.0,14499.0,14499.0,14499.0,18.98642230541432,596.94617,pdcsap_flux,0.2365298329968936
TIC_87044036,Success,16818.0,14674.0,14673.0,14673.0,12.754191937210136,1895.6487,pdcsap_flux,0.2199876669910736
TIC_89535068,Success,14082.0,13719.0,13719.0,13719.0,2.5777588410737073,12024.375,pdcsap_flux,0.1965779589954763
TIC_89510024,Success,18319.0,18319.0,18310.0,18310.0,0.0491293192859898,3902.52745,pdcsap_flux,0.269159082963597
TIC_89643259,Success,17898.0,15583.0,15583.0,15583.0,12.934406078891492,9608.802,pdcsap_flux,0.2438429999747313
TIC_89702406,Success,14084.0,13717.0,13716.0,13716.0,2.6128940641863108,4194.1638,pdcsap_flux,0.2134969169856049
TIC_89759617,Success,18322.0,18322.0,18322.0,18322.0,0.0,10220.9245,pdcsap_flux,0.2573242079815827
TIC_89876424,Success,18882.0,18750.0,18750.0,18750.0,0.699078487448368,637.94595,pdcsap_flux,0.2666622920078225
TIC_9102327,Success,1195.0,1195.0,1195.0,1195.0,0.0,5006.735,pdcsap_flux,0.0270085830125026
TIC_9032368,Success,16921.0,14785.0,14769.0,14769.0,12.717924472548903,841.0692,pdcsap_flux,0.2309056249796413
TIC_91576611,Success,1208.0,1132.0,1112.0,1112.0,7.947019867549665,48978.371499999994,pdcsap_flux,0.0275621670298278
TIC_9033144,Success,18299.0,18299.0,18173.0,18173.0,0.6885622165145655,20698.451,pdcsap_flux,0.2676254159887321
TIC_90504905,Success,18404.0,10919.0,10919.0,10919.0,40.67050641164964,367.26346,pdcsap_flux,0.1919905829709023
TIC_91869778,Success,16901.0,14682.0,14643.0,14643.0,13.36015620377492,6690.099,pdcsap_flux,0.2139097499893978
TIC_92359850,Success,15690.0,14804.0,14804.0,14804.0,5.646908859145949,19287.221,pdcsap_flux,0.2198466669651679
TIC_92013169,Success,17446.0,17446.0,17446.0,17446.0,0.0,21739.36,pdcsap_flux,0.2643796670017764
TIC_93594834,Success,17259.0,16772.0,16770.0,16770.0,2.8333043629410692,12304.1515,pdcsap_flux,0.2335194580373354
TIC_92783821,Success,18321.0,18321.0,18321.0,18321.0,0.0,13022.732,pdcsap_flux,0.2764542919467203
TIC_95122849,Success,14074.0,12945.0,12945.0,12945.0,8.021884325706974,2508.1614,pdcsap_flux,0.2144899580162018
TIC_93963408,Success,17372.0,16900.0,16898.0,16898.0,2.7285286668201736,15684.2425,pdcsap_flux,0.2930809170356951
TIC_95129101,Success,15988.0,15747.0,15746.0,15746.0,1.5136352264198183,7434.68995,pdcsap_flux,0.2741143750026822
TIC_96291218,Success,16870.0,15585.0,15573.0,15573.0,7.688203912270297,11746.204,pdcsap_flux,0.2316102500190027
TIC_97158538,Success,17458.0,17458.0,17458.0,17458.0,0.0,49767.19,pdcsap_flux,0.2390192500315606
TIC_9727392,Success,18298.0,18298.0,17574.0,17574.0,3.956716581047104,5020.994650000001,pdcsap_flux,0.2699664999963715
TIC_90448944,Success,84170.0,79556.0,79536.0,79536.0,5.505524533681838,24806.4625,pdcsap_flux,1.1643582090036944
TIC_9804616,Success,15650.0,14630.0,14630.0,14630.0,6.51757188498403,364.9443,pdcsap_flux,0.2294572920072823
TIC_90544017,Success,84669.0,79648.0,79582.0,79582.0,6.008102138917426,53621.723,pdcsap_flux,1.1864559579989873
TIC_9837861,Success,10340.0,7213.0,7213.0,7213.0,30.24177949709864,17146.139,pdcsap_flux,0.1241998329642228
TIC_98494121,Success,1224.0,1005.0,1004.0,1004.0,17.97385620915033,6615.259050000001,pdcsap_flux,0.0318559590377844
TIC_9830791,Success,16806.0,11937.0,11937.0,11937.0,28.971795787218845,835.3037,pdcsap_flux,0.2002500829985365
TIC_98286422,Success,18696.0,15462.0,15462.0,15462.0,17.29781771501926,893.1309,pdcsap_flux,0.2518535000272095
TIC_98613492,Success,15342.0,12506.0,12506.0,12506.0,18.48520401512189,2961.2552,pdcsap_flux,0.1880874999915249
TIC_99330090,Success,18987.0,15944.0,15652.0,15652.0,17.564649497024277,5774.711649999999,pdcsap_flux,0.2234511250280775
TIC_95010343,Success,101134.0,86217.0,86206.0,86206.0,14.760614630094723,34019.074,pdcsap_flux,1.295518082974013
TIC_96246348,Success,104592.0,100160.0,100091.0,100091.0,4.3033884044668795,143435.5,pdcsap_flux,1.3718876669881863
TIC_97735297,Success,100658.0,86660.0,86645.0,86645.0,13.921397206382002,28016.787,pdcsap_flux,1.1390335409669206
TIC_97700520,Success,104599.0,100927.0,100894.0,100894.0,3.542098872838173,151739.135,pdcsap_flux,1.211304874974303
TIC_112037203,"Skipped: Non-standard schema (missing columns: ['pdcsap_flux', 'pdcsap_flux_err'])",,,,,,,,0.007479334017261863
TIC_10552342,"Skipped: Non-standard schema (missing columns: ['pdcsap_flux', 'pdcsap_flux_err'])",,,,,,,,0.008911959012039006
TIC_114103136,"Skipped: Non-standard schema (missing columns: ['pdcsap_flux', 'pdcsap_flux_err'])",,,,,,,,0.008826832985505462
TIC_126171392,"Skipped: Non-standard schema (missing columns: ['pdcsap_flux', 'pdcsap_flux_err'])",,,,,,,,0.00757625000551343
TIC_117843067,"Skipped: Non-standard schema (missing columns: ['pdcsap_flux', 'pdcsap_flux_err'])",,,,,,,,0.013370958040468395
TIC_126357909,"Skipped: Non-standard schema (missing columns: ['pdcsap_flux', 'pdcsap_flux_err'])",,,,,,,,0.009744665992911905
TIC_126772538,"Skipped: Non-standard schema (missing columns: ['pdcsap_flux', 'pdcsap_flux_err'])",,,,,,,,0.01020620804047212
TIC_131036011,"Skipped: Non-standard schema (missing columns: ['pdcsap_flux', 'pdcsap_flux_err'])",,,,,,,,0.006435666990000755
TIC_125405602,Success,16108.0,11701.0,11701.0,11701.0,27.359076235410974,4964.5757,pdcsap_flux,0.22752145898994058
TIC_141663460,"Skipped: Non-standard schema (missing columns: ['pdcsap_flux', 'pdcsap_flux_err'])",,,,,,,,0.006974333024118096
TIC_13499636,Success,17456.0,12244.0,12244.0,12244.0,29.85792850595783,9319.676,pdcsap_flux,0.21827750001102686
TIC_10974783,Success,16749.0,16749.0,16749.0,16749.0,0.0,1416.4812,pdcsap_flux,0.27638016699347645
TIC_102283403,Success,17446.0,17446.0,17445.0,17445.0,0.00573197294508887,36360.008,pdcsap_flux,0.282200624991674
TIC_144970275,"Skipped: Non-standard schema (missing columns: ['pdcsap_flux', 'pdcsap_flux_err'])",,,,,,,,0.012575457978527993
TIC_103604037,Success,19611.0,19611.0,19611.0,19611.0,0.0,5116.7124,pdcsap_flux,0.3198562079924159
TIC_129991079,Success,19468.0,18785.0,18785.0,18785.0,3.508321347852883,10786.688,pdcsap_flux,0.30917162500554696
TIC_148523092,"Skipped: Non-standard schema (missing columns: ['pdcsap_flux', 'pdcsap_flux_err'])",,,,,,,,0.05472545902011916
TIC_143022742,Success,15691.0,14586.0,14586.0,14586.0,7.042253521126762,1586.10565,pdcsap_flux,0.2501671659993008
TIC_152685831,"Skipped: Non-standard schema (missing columns: ['pdcsap_flux', 'pdcsap_flux_err'])",,,,,,,,0.00556870800210163
TIC_153197346,"Skipped: Non-standard schema (missing columns: ['pdcsap_flux', 'pdcsap_flux_err'])",,,,,,,,0.008909041993319988
TIC_144138509,Success,16915.0,15982.0,15982.0,15982.0,5.51581436594738,9884.0245,pdcsap_flux,0.27315616596024483
TIC_155986102,"Skipped: Non-standard schema (missing columns: ['pdcsap_flux', 'pdcsap_flux_err'])",,,,,,,,0.006880792032461613
TIC_150151262,Success,13540.0,12642.0,12642.0,12642.0,6.632200886262929,17556.048499999997,pdcsap_flux,0.21963883400894701
TIC_150247134,Success,15690.0,14630.0,14602.0,14602.0,6.934353091140855,3605.6289,pdcsap_flux,0.25495495897484943
TIC_149539158,Success,18277.0,16760.0,16759.0,16759.0,8.305520599660776,36220.27,pdcsap_flux,0.3002683339873329
TIC_153949511,Success,18420.0,17086.0,17086.0,17086.0,7.2421281216069495,19536.259,pdcsap_flux,0.2785120419575833
TIC_159244568,Success,17052.0,16500.0,16500.0,16500.0,3.2371569317382165,6227.8565,pdcsap_flux,0.2910329169826582
TIC_172376068,"Skipped: Non-standard schema (missing columns: ['pdcsap_flux', 'pdcsap_flux_err'])",,,,,,,,0.007664582983125001
TIC_161477033,Success,15692.0,14742.0,14742.0,14742.0,6.05404027529951,15378.4795,pdcsap_flux,0.2650602079811506
TIC_160074939,Success,18298.0,18298.0,18298.0,18298.0,0.0,52602.517,pdcsap_flux,0.3156891670078039
TIC_184670625,"Skipped: Non-standard schema (missing columns: ['pdcsap_flux', 'pdcsap_flux_err'])",,,,,,,,0.007552333001513034
TIC_165551882,Success,18423.0,14078.0,14077.0,14077.0,23.590077620365847,1404.6562,pdcsap_flux,0.2644459159928374
TIC_185482513,"Skipped: Non-standard schema (missing columns: ['pdcsap_flux', 'pdcsap_flux_err'])",,,,,,,,0.008835333050228655
TIC_187861378,"Skipped: Non-standard schema (missing columns: ['pdcsap_flux', 'pdcsap_flux_err'])",,,,,,,,0.013943916012067348
TIC_190981760,"Skipped: Non-standard schema (missing columns: ['pdcsap_flux', 'pdcsap_flux_err'])",,,,,,,,0.016351624974049628
TIC_191373021,"Skipped: Non-standard schema (missing columns: ['pdcsap_flux', 'pdcsap_flux_err'])",,,,,,,,0.01007812499301508
TIC_18574158,"Skipped: Non-standard schema (missing columns: ['pdcsap_flux', 'pdcsap_flux_err'])",,,,,,,,0.06854150001890957
TIC_187495621,"Skipped: Non-standard schema (missing columns: ['pdcsap_flux', 'pdcsap_flux_err'])",,,,,,,,0.06993687502108514
TIC_16920150,Success,15114.0,12695.0,12686.0,12686.0,16.0645758899034,13972.544,pdcsap_flux,0.24969949998194352
TIC_176957796,Success,18278.0,18278.0,18277.0,18277.0,0.005471058102635151,8293.509,pdcsap_flux,0.35027541703311726
TIC_19451711,Success,16338.0,16338.0,16335.0,16335.0,0.01836210062431398,184761.34,pdcsap_flux,0.3538877079845406
TIC_198211976,Success,18423.0,16334.0,16334.0,16334.0,11.339087010801718,5012.2525000000005,pdcsap_flux,0.3352427090285346
TIC_198384408,Success,18410.0,18410.0,18409.0,18409.0,0.00543183052689189,475430.6,pdcsap_flux,0.3567461660131812
TIC_208030798,"Skipped: Non-standard schema (missing columns: ['pdcsap_flux', 'pdcsap_flux_err'])",,,,,,,,0.01209687499795109
TIC_20892672,"Skipped: Non-standard schema (missing columns: ['pdcsap_flux', 'pdcsap_flux_err'])",,,,,,,,0.01896320900414139
TIC_200807066,Success,13540.0,12973.0,12973.0,12973.0,4.187592319054656,44914.29,pdcsap_flux,0.30203349998919293
TIC_198457103,Success,18412.0,18412.0,18406.0,18406.0,0.032587442971976355,96500.47,pdcsap_flux,0.45868008298566565
TIC_100504381,Success,99310.0,82064.0,82064.0,82064.0,17.365824186889533,34385.002,pdcsap_flux,1.5747076669940725
TIC_20303110,Success,17191.0,12566.0,12544.0,12544.0,27.03158629515444,2057.1478500000003,pdcsap_flux,0.34681737498613074
TIC_2016376984,Success,17991.0,17991.0,17991.0,17991.0,0.0,1410.3938,pdcsap_flux,0.3831072920002043
TIC_219380235,Success,18567.0,16626.0,16626.0,16626.0,10.454031345936343,7103.1606,pdcsap_flux,0.3605533750378527
TIC_219401954,Success,13541.0,12939.0,12938.0,12938.0,4.453142308544422,21910.763,pdcsap_flux,0.2216075409669429
TIC_141985686,Success,113420.0,78651.0,78633.0,78633.0,30.670957503085873,18610.246,pdcsap_flux,1.6490495420293882
TIC_224600500,Success,18414.0,18414.0,18409.0,18409.0,0.027153252959699614,323000.4,pdcsap_flux,0.3284315000055358
TIC_219751469,Success,18746.0,18503.0,18494.0,18494.0,1.344286781179982,81917.655,pdcsap_flux,0.40299599996069446
TIC_224601047,Success,18843.0,16740.0,16740.0,16740.0,11.160643209679987,725.5915,pdcsap_flux,0.3097691670409404
TIC_229951289,Success,18424.0,17734.0,17734.0,17734.0,3.745115067303517,13030.789499999999,pdcsap_flux,0.3203094999771565
TIC_229976631,Success,19610.0,19610.0,19610.0,19610.0,0.0,5690.56025,pdcsap_flux,0.34500183298951015
TIC_23863106,"Skipped: Non-standard schema (missing columns: ['pdcsap_flux', 'pdcsap_flux_err'])",,,,,,,,0.016415415972005576
TIC_233059608,Success,18419.0,18419.0,18419.0,18419.0,0.0,274369.03,pdcsap_flux,0.34576808399287984
TIC_24094603,"Skipped: Non-standard schema (missing columns: ['pdcsap_flux', 'pdcsap_flux_err'])",,,,,,,,0.013169125013519078
TIC_240613164,"Skipped: Non-standard schema (missing columns: ['pdcsap_flux', 'pdcsap_flux_err'])",,,,,,,,0.015158499998506159
TIC_242460075,"Skipped: Non-standard schema (missing columns: ['pdcsap_flux', 'pdcsap_flux_err'])",,,,,,,,0.01845495798625052
TIC_233684293,Success,18421.0,18421.0,18420.0,18420.0,0.005428586938815982,39008.61,pdcsap_flux,0.33132854104042053
TIC_233831759,Success,18882.0,18024.0,18023.0,18023.0,4.5493062175617,1698.7509,pdcsap_flux,0.3345022080466151
TIC_25624952,"Skipped: Non-standard schema (missing columns: ['pdcsap_flux', 'pdcsap_flux_err'])",,,,,,,,0.018549583037383854
TIC_256414077,"Skipped: Non-standard schema (missing columns: ['pdcsap_flux', 'pdcsap_flux_err'])",,,,,,,,0.008113500021863729
TIC_237108272,Success,18422.0,18422.0,18422.0,18422.0,0.0,31551.662,pdcsap_flux,0.3594738749670796
TIC_237184773,Success,19607.0,19607.0,18924.0,18924.0,3.4834497883408977,97849.83,pdcsap_flux,0.3618497910210863
TIC_251086776,Success,15677.0,14826.0,14826.0,14826.0,5.428334502774767,9951.542,pdcsap_flux,0.2883408750058152
TIC_245947683,Success,16637.0,15625.0,15624.0,15624.0,6.088838131874741,14204.2135,pdcsap_flux,0.31709262501681224
TIC_264460005,"Skipped: Non-standard schema (missing columns: ['pdcsap_flux', 'pdcsap_flux_err'])",,,,,,,,0.010821458010468632
TIC_269077474,"Skipped: Non-standard schema (missing columns: ['pdcsap_flux', 'pdcsap_flux_err'])",,,,,,,,0.007421499991323799
TIC_268372005,"Skipped: Non-standard schema (missing columns: ['pdcsap_flux', 'pdcsap_flux_err'])",,,,,,,,0.011588208959437907
TIC_273069412,"Skipped: Non-standard schema (missing columns: ['pdcsap_flux', 'pdcsap_flux_err'])",,,,,,,,0.08369058300741017
TIC_274002141,"Skipped: Non-standard schema (missing columns: ['pdcsap_flux', 'pdcsap_flux_err'])",,,,,,,,0.058885584003292024
TIC_275562670,"Skipped: Non-standard schema (missing columns: ['pdcsap_flux', 'pdcsap_flux_err'])",,,,,,,,0.0066114579676650465
TIC_262457587,Success,11140.0,8714.0,8668.0,8668.0,22.1903052064632,10175.56075,pdcsap_flux,0.27792458300245926
TIC_259099556,Success,18423.0,18423.0,18419.0,18419.0,0.02171199044672667,44572.312,pdcsap_flux,0.42986608401406556
TIC_259863352,Success,18273.0,18273.0,18272.0,18272.0,0.005472555135987989,230338.435,pdcsap_flux,0.43303758301772177
TIC_280307604,"Skipped: Non-standard schema (missing columns: ['pdcsap_flux', 'pdcsap_flux_err'])",,,,,,,,0.018748417031019926
TIC_282091493,"Skipped: Non-standard schema (missing columns: ['pdcsap_flux', 'pdcsap_flux_err'])",,,,,,,,0.011929458996746689
TIC_283702603,"Skipped: Non-standard schema (missing columns: ['pdcsap_flux', 'pdcsap_flux_err'])",,,,,,,,0.015849624993279576
TIC_284254253,"Skipped: Non-standard schema (missing columns: ['pdcsap_flux', 'pdcsap_flux_err'])",,,,,,,,0.010810624982696027
TIC_259962054,Success,18277.0,18277.0,18274.0,18274.0,0.01641407233134995,1903.6127999999999,pdcsap_flux,0.43977858300786465
TIC_289047954,"Skipped: Non-standard schema (missing columns: ['pdcsap_flux', 'pdcsap_flux_err'])",,,,,,,,0.006399833015166223
TIC_289441015,"Skipped: Non-standard schema (missing columns: ['pdcsap_flux', 'pdcsap_flux_err'])",,,,,,,,0.008661957981530577
TIC_290348382,"Skipped: Non-standard schema (missing columns: ['pdcsap_flux', 'pdcsap_flux_err'])",,,,,,,,0.010572459024842829
TIC_291732201,"Skipped: Non-standard schema (missing columns: ['pdcsap_flux', 'pdcsap_flux_err'])",,,,,,,,0.015114584006369114
TIC_292797572,"Skipped: Non-standard schema (missing columns: ['pdcsap_flux', 'pdcsap_flux_err'])",,,,,,,,0.009355833986774087
TIC_293978434,"Skipped: Non-standard schema (missing columns: ['pdcsap_flux', 'pdcsap_flux_err'])",,,,,,,,0.008683416002895683
TIC_270435047,Success,17990.0,17990.0,17990.0,17990.0,0.0,1260.5327,pdcsap_flux,0.40628904197365046
TIC_2760710,Success,18300.0,18300.0,18299.0,18299.0,0.005464480874317612,533.3989,pdcsap_flux,0.3070143749937415
TIC_29830212,"Skipped: Non-standard schema (missing columns: ['pdcsap_flux', 'pdcsap_flux_err'])",,,,,,,,0.007395374996121973
TIC_305512837,"Skipped: Non-standard schema (missing columns: ['pdcsap_flux', 'pdcsap_flux_err'])",,,,,,,,0.009404583019204438
TIC_276360911,Success,19025.0,19025.0,19025.0,19025.0,0.0,21657.254,pdcsap_flux,0.30222800001502037
TIC_316606244,"Skipped: Non-standard schema (missing columns: ['pdcsap_flux', 'pdcsap_flux_err'])",,,,,,,,0.009072084038052708
TIC_318054782,"Skipped: Non-standard schema (missing columns: ['pdcsap_flux', 'pdcsap_flux_err'])",,,,,,,,0.006414000003132969
TIC_319282294,"Skipped: Non-standard schema (missing columns: ['pdcsap_flux', 'pdcsap_flux_err'])",,,,,,,,0.012722166022285819
TIC_319783554,"Skipped: Non-standard schema (missing columns: ['pdcsap_flux', 'pdcsap_flux_err'])",,,,,,,,0.013532042037695646
TIC_286132427,Success,13320.0,12992.0,12992.0,12992.0,2.462462462462467,93050.795,pdcsap_flux,0.25799154199194163
TIC_277099925,Success,18277.0,18277.0,18277.0,18277.0,0.0,3278.2617,pdcsap_flux,0.33684975001960993
TIC_32408928,"Skipped: Non-standard schema (missing columns: ['pdcsap_flux', 'pdcsap_flux_err'])",,,,,,,,0.013250375050120056
TIC_325086150,"Skipped: Non-standard schema (missing columns: ['pdcsap_flux', 'pdcsap_flux_err'])",,,,,,,,0.05184745800215751
TIC_29781292,Success,18276.0,18276.0,18276.0,18276.0,0.0,42548.7175,pdcsap_flux,0.3443125420017168
TIC_341272282,"Skipped: Non-standard schema (missing columns: ['pdcsap_flux', 'pdcsap_flux_err'])",,,,,,,,0.010181874968111515
TIC_298073824,Success,18416.0,18416.0,18414.0,18414.0,0.010860121633360365,91943.06,pdcsap_flux,0.3816502920235507
TIC_310981412,Success,18424.0,18424.0,18424.0,18424.0,0.0,12603.6145,pdcsap_flux,0.35870849998900667
TIC_344224831,"Skipped: Non-standard schema (missing columns: ['pdcsap_flux', 'pdcsap_flux_err'])",,,,,,,,0.02096824999898672
TIC_321068176,Success,18564.0,16844.0,16844.0,16844.0,9.265244559362207,5191.24925,pdcsap_flux,0.3340967500116676
TIC_320417762,Success,16334.0,16334.0,16331.0,16331.0,0.018366597281738173,40997.434,pdcsap_flux,0.3595622089924291
TIC_347018922,"Skipped: Non-standard schema (missing columns: ['pdcsap_flux', 'pdcsap_flux_err'])",,,,,,,,0.008488374995067716
TIC_326453034,Success,18300.0,18300.0,18299.0,18299.0,0.005464480874317612,12677.136,pdcsap_flux,0.36182954197283834
TIC_341815767,Success,18422.0,14288.0,14286.0,14286.0,22.451416784279665,41756.263999999996,pdcsap_flux,0.29707687499467283
TIC_365712006,"Skipped: Non-standard schema (missing columns: ['pdcsap_flux', 'pdcsap_flux_err'])",,,,,,,,0.00898920901818201
TIC_36574157,"Skipped: Non-standard schema (missing columns: ['pdcsap_flux', 'pdcsap_flux_err'])",,,,,,,,0.007419582980219275
TIC_367333043,"Skipped: Non-standard schema (missing columns: ['pdcsap_flux', 'pdcsap_flux_err'])",,,,,,,,0.009218958031851798
TIC_344926234,Success,13361.0,13033.0,13033.0,13033.0,2.4549060699049496,36553.22,pdcsap_flux,0.22306708298856393
TIC_356158613,Success,18004.0,13191.0,13191.0,13191.0,26.73294823372584,8368.534,pdcsap_flux,0.2576927919872105
TIC_234282389,Success,105119.0,88278.0,88278.0,88278.0,16.020890609689975,625.67316,pdcsap_flux,1.6885867499513552
TIC_371579161,"Skipped: Non-standard schema (missing columns: ['pdcsap_flux', 'pdcsap_flux_err'])",,,,,,,,0.020021834003273398
TIC_37242226,"Skipped: Non-standard schema (missing columns: ['pdcsap_flux', 'pdcsap_flux_err'])",,,,,,,,0.016593583044596016
TIC_362220495,Success,18424.0,18424.0,18424.0,18424.0,0.0,14884.056,pdcsap_flux,0.30130150000331923
TIC_374908020,"Skipped: Non-standard schema (missing columns: ['pdcsap_flux', 'pdcsap_flux_err'])",,,,,,,,0.009839124977588654
TIC_369581703,"Skipped: Non-standard schema (missing columns: ['pdcsap_flux', 'pdcsap_flux_err'])",,,,,,,,0.060865624982398
TIC_365690646,Success,14682.0,14589.0,14589.0,14589.0,0.633428688189619,15064.7705,pdcsap_flux,0.2477293750271201
TIC_367607434,Success,16711.0,13593.0,13592.0,13592.0,18.664352821494823,69495.505,pdcsap_flux,0.2605725000030361
TIC_367855829,Success,18424.0,18424.0,18424.0,18424.0,0.0,17178.844,pdcsap_flux,0.3194463339750655
TIC_376981340,Success,16269.0,13014.0,13010.0,13010.0,20.03196262831152,1273.3676,pdcsap_flux,0.2351878749905154
TIC_376168473,Success,16391.0,12982.0,12927.0,12927.0,21.133548898785914,7882.3535,pdcsap_flux,0.24493524996796623
TIC_390157607,"Skipped: Non-standard schema (missing columns: ['pdcsap_flux', 'pdcsap_flux_err'])",,,,,,,,0.005657208035700023
TIC_393626873,"Skipped: Non-standard schema (missing columns: ['pdcsap_flux', 'pdcsap_flux_err'])",,,,,,,,0.010195666982326657
TIC_400466395,"Skipped: Non-standard schema (missing columns: ['pdcsap_flux', 'pdcsap_flux_err'])",,,,,,,,0.014985957997851074
TIC_377191482,Success,16715.0,13910.0,13908.0,13908.0,16.793299431648222,49267.125,pdcsap_flux,0.30809841700829566
TIC_403288821,"Skipped: Non-standard schema (missing columns: ['pdcsap_flux', 'pdcsap_flux_err'])",,,,,,,,0.009258957987185568
TIC_381976956,Success,18275.0,18275.0,18274.0,18274.0,0.005471956224345487,40205.588,pdcsap_flux,0.30107145803049207
TIC_406443564,"Skipped: Non-standard schema (missing columns: ['pdcsap_flux', 'pdcsap_flux_err'])",,,,,,,,0.010135124961379915
TIC_387527558,Success,16649.0,13459.0,13459.0,13459.0,19.16030992852423,974.9536,pdcsap_flux,0.2611967920092866
TIC_411347315,"Skipped: Non-standard schema (missing columns: ['pdcsap_flux', 'pdcsap_flux_err'])",,,,,,,,0.055387666972819716
TIC_390048041,Success,16749.0,16749.0,16749.0,16749.0,0.0,1320.6095,pdcsap_flux,0.2825279170065187
TIC_41875043,"Skipped: Non-standard schema (missing columns: ['pdcsap_flux', 'pdcsap_flux_err'])",,,,,,,,0.01634183299029246
TIC_419946164,"Skipped: Non-standard schema (missing columns: ['pdcsap_flux', 'pdcsap_flux_err'])",,,,,,,,0.01027362496824935
TIC_420446142,"Skipped: Non-standard schema (missing columns: ['pdcsap_flux', 'pdcsap_flux_err'])",,,,,,,,0.0060545000014826655
TIC_394029948,Success,18420.0,18420.0,18419.0,18419.0,0.005428881650382245,22014.703,pdcsap_flux,0.3186957919970155
TIC_402740809,Success,17330.0,17330.0,17330.0,17330.0,0.0,1149.8794,pdcsap_flux,0.31330645899288356
TIC_404518509,Success,13541.0,13532.0,13532.0,13532.0,0.06646481057529519,58866.713,pdcsap_flux,0.25965004198951647
TIC_435673126,"Skipped: Non-standard schema (missing columns: ['pdcsap_flux', 'pdcsap_flux_err'])",,,,,,,,0.012610249978024513
TIC_432422552,"Skipped: Non-standard schema (missing columns: ['pdcsap_flux', 'pdcsap_flux_err'])",,,,,,,,0.060600958997383714
TIC_444523623,"Skipped: Non-standard schema (missing columns: ['pdcsap_flux', 'pdcsap_flux_err'])",,,,,,,,0.005970209022052586
TIC_452810327,"Skipped: Non-standard schema (missing columns: ['pdcsap_flux', 'pdcsap_flux_err'])",,,,,,,,0.009130374994128942
TIC_452972453,"Skipped: Non-standard schema (missing columns: ['pdcsap_flux', 'pdcsap_flux_err'])",,,,,,,,0.010340874956455082
TIC_453289469,"Skipped: Non-standard schema (missing columns: ['pdcsap_flux', 'pdcsap_flux_err'])",,,,,,,,0.009216500038746744
TIC_41173048,Success,16778.0,16150.0,16149.0,16149.0,3.748956967457384,33397.01,pdcsap_flux,0.32083987502846867
TIC_416539317,Success,18808.0,16430.0,16430.0,16430.0,12.643555933645256,1841.06565,pdcsap_flux,0.30768324999371544
TIC_43064903,Success,17711.0,13211.0,13211.0,13211.0,25.407938569250742,1261.0189,pdcsap_flux,0.2564532089745626
TIC_440100539,Success,16513.0,13094.0,13086.0,13086.0,20.753345848725246,51568.243,pdcsap_flux,0.25324808299774304
TIC_469436001,"Skipped: Non-standard schema (missing columns: ['pdcsap_flux', 'pdcsap_flux_err'])",,,,,,,,0.00966295797843486
TIC_441798995,Success,18422.0,18422.0,18422.0,18422.0,0.0,2664.19155,pdcsap_flux,0.30709954199846834
TIC_458589703,Success,16342.0,16342.0,16342.0,16342.0,0.0,5378.32535,pdcsap_flux,0.2728080839733593
TIC_55390413,"Skipped: Non-standard schema (missing columns: ['pdcsap_flux', 'pdcsap_flux_err'])",,,,,,,,0.005902707984205335
TIC_459903429,Success,19606.0,19606.0,19605.0,19605.0,0.005100479445063755,51878.66,pdcsap_flux,0.365025750012137
TIC_604863428,"Skipped: Non-standard schema (missing columns: ['pdcsap_flux', 'pdcsap_flux_err'])",,,,,,,,0.008502874989062548
TIC_459952217,Success,17570.0,17369.0,17364.0,17364.0,1.1724530449630066,86414.975,pdcsap_flux,0.3584731670562178
TIC_459978312,Success,18408.0,18408.0,18408.0,18408.0,0.0,1239682.0,pdcsap_flux,0.354697540984489
TIC_47384844,Success,16898.0,15779.0,15779.0,15779.0,6.622085453899873,52652.016,pdcsap_flux,0.304226916981861
TIC_55748194,Success,18391.0,15170.0,15069.0,15069.0,18.06318307867979,1781.1652,pdcsap_flux,0.26338779204525054
TIC_49687222,Success,18300.0,18300.0,18300.0,18300.0,0.0,18955.427,pdcsap_flux,0.3400730839930475
TIC_74484886,"Skipped: Non-standard schema (missing columns: ['pdcsap_flux', 'pdcsap_flux_err'])",,,,,,,,0.006544209027197212
TIC_68035558,Success,14409.0,10082.0,10082.0,10082.0,30.029842459573874,6959.459000000001,pdcsap_flux,0.19500129099469632
TIC_62301521,Success,19250.0,15266.0,15265.0,15265.0,20.701298701298697,493.61072,pdcsap_flux,0.28331766597693786
TIC_76505260,"Skipped: Non-standard schema (missing columns: ['pdcsap_flux', 'pdcsap_flux_err'])",,,,,,,,0.0063707499648444355
TIC_77102895,"Skipped: Non-standard schema (missing columns: ['pdcsap_flux', 'pdcsap_flux_err'])",,,,,,,,0.006474082998465747
TIC_684936227,Success,18277.0,18277.0,18277.0,18277.0,0.0,2715.3088,pdcsap_flux,0.2970269999932498
TIC_78775584,"Skipped: Non-standard schema (missing columns: ['pdcsap_flux', 'pdcsap_flux_err'])",,,,,,,,0.006264208001084626
TIC_80174172,"Skipped: Non-standard schema (missing columns: ['pdcsap_flux', 'pdcsap_flux_err'])",,,,,,,,0.016215667012147605
TIC_72668830,Success,13541.0,12901.0,12901.0,12901.0,4.726386529798388,10810.367,pdcsap_flux,0.22920308395987377
TIC_343648136,Success,116251.0,111582.0,111579.0,111579.0,4.018890160084643,10433.226,pdcsap_flux,1.8750758749665692
TIC_71134735,Success,18592.0,16495.0,16495.0,16495.0,11.27904475043029,815.37354,pdcsap_flux,0.2847365830093622
TIC_84126162,"Skipped: Non-standard schema (missing columns: ['pdcsap_flux', 'pdcsap_flux_err'])",,,,,,,,0.020954790990799665
TIC_90919952,"Skipped: Non-standard schema (missing columns: ['pdcsap_flux', 'pdcsap_flux_err'])",,,,,,,,0.012298166984692216
TIC_75656058,Success,19611.0,19611.0,19611.0,19611.0,0.0,7456.621,pdcsap_flux,0.32102045899955556
TIC_78154865,Success,13359.0,13031.0,13031.0,13031.0,2.4552735983232266,44492.387,pdcsap_flux,0.2501290420186706
TIC_76197937,Success,19610.0,19610.0,19610.0,19610.0,0.0,7357.5650000000005,pdcsap_flux,0.3542575829778798
TIC_93125144,Success,14678.0,14518.0,14518.0,14518.0,1.0900667665894481,21580.610500000003,pdcsap_flux,0.23165420803707093
TIC_96097215,Success,13362.0,12978.0,12975.0,12975.0,2.8962730130219994,12668.571,pdcsap_flux,0.21927825000602752
TIC_8677530,Success,17196.0,15264.0,15264.0,15264.0,11.235170969993025,1938.65025,pdcsap_flux,0.2802520000259392
TIC_87597187,Success,18540.0,16575.0,16457.0,16457.0,11.235167206040996,984.05365,pdcsap_flux,0.2898480410221964
