host,n_original,n_after_quality,n_after_outliers,n_final,pct_removed,pre_norm_median_flux,flux_source
1RXS_J160929.1-210524,14061,12499,12499,12499,11.108740487874256,5803.5664,pdcsap_flux
24_Sex,13285,12957,12834,12834,3.3948061723748535,896852.225,pdcsap_flux
14_And,16712,13878,13878,13878,16.957874581139297,3016265.4,pdcsap_flux
2MASS_J0249-0557_A,3439,3229,3229,3229,6.106426286711253,335.99063,pdcsap_flux
2MASS_J01033563-5515561_A,18295,18295,18271,18271,0.1311833834380937,1145.0259,pdcsap_flux
11_UMi,18348,17584,17584,17584,4.163941574013519,4725428.25,pdcsap_flux
24_Boo,18568,17779,17779,17779,4.249246014648856,1996616.1,pdcsap_flux
14_Her,18206,18206,18189,18189,0.0933758101724691,706527.5,pdcsap_flux
2MASS_J02192210-3925225,13537,12331,12295,12295,9.174854103567998,642.5487,pdcsap_flux
2MASS_J01225093-2439505,13538,12892,12869,12869,4.941645737922884,3228.3127,pdcsap_flux
2MASS_J03590986+2009361,16861,14041,14022,14022,16.83767273589941,99.341872,pdcsap_flux
2MASS_J035909862009361,16861,14041,14022,14022,16.83767273589941,99.341872,pdcsap_flux
2MASS_J04372171+2651014,16868,15263,15263,15263,9.515058098174055,946.3767,pdcsap_flux
2MASS_J04414489+2301513,17343,15208,15204,15204,12.333506313786549,20.159413,pdcsap_flux
2MASS_J043721712651014,16868,15263,15263,15263,9.515058098174055,946.3767,pdcsap_flux
2MASS_J11011926-7732383,18186,11700,11700,11700,35.66479709666777,43.656617,pdcsap_flux
2MASS_J044144892301513,17343,15208,15204,15204,12.333506313786549,20.159413,pdcsap_flux
2MASS_J193832604603591,18394,18394,18394,18394,0.0,1679.30165,pdcsap_flux
2MASS_J21252752-8138278,19420,17212,17212,17212,11.369721936148302,20887.3945,pdcsap_flux
2MASS_J11550485-7919108,19515,19515,19512,19512,0.0153727901614164,724.9271,pdcsap_flux
2MASS_J22501512+2325342,19604,16313,16290,16290,16.90471332381147,1849.5882,pdcsap_flux
2MASS_J225015122325342,19604,16313,16290,16290,16.90471332381147,1849.5882,pdcsap_flux
51_Eri,17515,17253,17253,17253,1.4958606908364258,1728738.9,pdcsap_flux
55_Cnc,18225,17347,17335,17335,4.883401920438956,1339412.4,pdcsap_flux
55_Cnc_B,18225,17347,17335,17335,4.883401920438956,1339412.4,pdcsap_flux
61_Vir,16416,15054,15050,15050,8.32115009746589,3809970.8,pdcsap_flux
7_CMa,14664,14621,14621,14621,0.2932351336606631,9455263.0,pdcsap_flux
6_Lyn,17625,17625,17625,17625,0.0,1522726.6,pdcsap_flux
8_UMi,18418,17654,17654,17654,4.148115973504185,661441.0800000001,pdcsap_flux
AB_Aur,16865,15605,15605,15605,7.471093981618737,277533.4,pdcsap_flux
AB_Pic,18276,18276,18254,18254,0.1203764499890569,78672.78,pdcsap_flux
AF_Lep,17651,17314,17314,17314,1.909240269673107,771090.2,pdcsap_flux
AU_Mic,17802,17687,17687,17687,0.6459948320413411,285650.84,pdcsap_flux
BD+05_4868_A,3770,2617,2405,2405,36.206896551724135,36874.625,pdcsap_flux
2MASS_J22362452+4751425,117650,107731,107640,107640,8.508287292817684,5641.27125,pdcsap_flux
2MASS_J223624524751425,117650,107731,107640,107640,8.508287292817684,5641.27125,pdcsap_flux
47_UMa,110786,91577,91569,91569,17.346054555629774,2623747.5,pdcsap_flux
BD+15_2940,11167,7803,7803,7803,30.124473896301605,90086.98,pdcsap_flux
BD+14_4559,17960,17205,17204,17204,4.209354120267261,50743.824,pdcsap_flux
BD+15_2375,17774,16148,16148,16148,9.148193991223131,29052.052,pdcsap_flux
BD+42_2315,9144,6999,6999,6999,23.458005249343827,49152.48,pdcsap_flux
51_Peg,117463,111523,111344,111344,5.209299949771418,1914150.5,pdcsap_flux
BD+20_2457,16853,16506,16506,16506,2.058980596926363,65944.91,pdcsap_flux
BD+20_594,17026,12201,12201,12201,28.339010924468457,11429.825,pdcsap_flux
BD+55_362,1083,1000,1000,1000,7.663896583564178,57618.791,pdcsap_flux
BD+48_738,11672,11672,11672,11672,0.0,107499.655,pdcsap_flux
BD+45_564,16432,15155,15155,15155,7.771421616358321,45360.453,pdcsap_flux
BD+49_828,11673,11591,11591,11591,0.7024757988520536,75308.57,pdcsap_flux
BD+60_1417,17746,17746,17746,17746,0.0,57255.6565,pdcsap_flux
BD+63_1405,18419,18419,18416,18416,0.0162875291818243,90388.875,pdcsap_flux
BD-06_1339,14678,14678,14674,14674,0.0272516691647406,78958.51000000001,pdcsap_flux
BD-08_2823,13361,13055,13055,13055,2.290247735947903,46414.473,pdcsap_flux
BD-10_3166,16896,15777,15774,15774,6.640625,30304.984,pdcsap_flux
BD05_4868_A,3770,2617,2405,2405,36.206896551724135,36874.625,pdcsap_flux
BD-11_4672,17221,12936,12935,12935,24.888217873526507,50933.145,pdcsap_flux
BD-13_2130,16341,16341,16341,16341,0.0,37900.703,pdcsap_flux
BD-14_3065_A,18025,15859,15832,15832,12.166435506241337,9853.096,pdcsap_flux
AT2021ueyL,108899,104127,104127,104127,4.3820420756848115,168.95135,pdcsap_flux
BD14_4559,17960,17205,17204,17204,4.209354120267261,50743.824,pdcsap_flux
BD15_2940,11167,7803,7803,7803,30.124473896301605,90086.98,pdcsap_flux
BD15_2375,17774,16148,16148,16148,9.148193991223131,29052.052,pdcsap_flux
BD20_2457,16853,16506,16506,16506,2.058980596926363,65944.91,pdcsap_flux
BD42_2315,9144,6999,6999,6999,23.458005249343827,49152.48,pdcsap_flux
BD20_594,17026,12201,12201,12201,28.339010924468457,11429.825,pdcsap_flux
BD20_274,15110,12712,12712,12712,15.870284579748509,85768.695,pdcsap_flux
BD55_362,1083,1000,1000,1000,7.663896583564178,57618.791,pdcsap_flux
BD+03_2562,104961,98710,98710,98710,5.955545393050754,84021.5,pdcsap_flux
BD48_738,11672,11672,11672,11672,0.0,107499.655,pdcsap_flux
BD45_564,16432,15155,15155,15155,7.771421616358321,45360.453,pdcsap_flux
BD49_828,11673,11591,11591,11591,0.7024757988520536,75308.57,pdcsap_flux
BD60_1417,17746,17746,17746,17746,0.0,57255.6565,pdcsap_flux
BD63_1405,18419,18419,18416,18416,0.0162875291818243,90388.875,pdcsap_flux
BEBOP-3,17055,16728,16379,16379,3.963647024333039,53381.87,pdcsap_flux
CD-35_2722,14676,14633,14633,14633,0.2929953665849027,31000.996,pdcsap_flux
COCONUTS-2_A,13519,12601,12578,12578,6.96057400695318,37904.3875,pdcsap_flux
CI_Tau,17342,15140,15129,15129,12.760927228693342,5349.7275,pdcsap_flux
CT_Cha,11273,11273,11273,11273,0.0,5884.186,pdcsap_flux
CoRoT-1,14687,14629,14628,14628,0.4017158030911738,1077.17655,pdcsap_flux
CoRoT-10,13447,9366,9366,9366,30.348776678813117,471.13873,pdcsap_flux
CoRoT-12,14684,14653,14652,14652,0.217924271315717,129.072115,pdcsap_flux
CoRoT-13,14686,14639,14638,14638,0.3268418902355963,277.51935000000003,pdcsap_flux
CoRoT-18,14687,14620,14620,14620,0.4561857424933646,286.65186,pdcsap_flux
CoRoT-19,14687,14654,14654,14654,0.2246885000340426,886.928405,pdcsap_flux
CoRoT-2,13446,9399,9399,9399,30.09817045961625,3518.0776,pdcsap_flux
CoRoT-20,14687,14648,14648,14648,0.2655409545856857,466.67736,pdcsap_flux
BD03_2562,104961,98710,98710,98710,5.955545393050754,84021.5,pdcsap_flux
CoRoT-21,14687,14615,14615,14615,0.4902294546197283,77.29041,pdcsap_flux
CoRoT-22,16050,11967,11967,11967,25.439252336448604,804.50146,pdcsap_flux
CoRoT-23,16050,11878,11878,11878,25.99376947040498,226.998095,pdcsap_flux
CoRoT-24,14687,14611,14611,14611,0.5174644243208237,249.52649,pdcsap_flux
CoRoT-25,16050,11989,11989,11989,25.302180685358255,174.50928,pdcsap_flux
CoRoT-3,13448,9410,9410,9410,30.026769779892927,1398.13315,pdcsap_flux
CoRoT-26,16050,11954,11954,11954,25.5202492211838,141.42234,pdcsap_flux
CoRoT-30,16480,11776,11776,11776,28.543689320388353,105.47303,pdcsap_flux
CoRoT-31,18070,13456,13456,13456,25.534034311012732,142.90702,pdcsap_flux
CoRoT-32,14684,14622,14622,14622,0.4222282756742079,906.754915,pdcsap_flux
CoRoT-4,14686,14655,14655,14655,0.2110853874438212,769.0883,pdcsap_flux
Barnards_star,100580,91176,91147,91147,9.378604096241794,245092.2,pdcsap_flux
CoRoT-5,14687,14656,14656,14656,0.2110710151834949,578.15265,pdcsap_flux
CoRoT-6,16050,11993,11993,11993,25.27725856697819,701.4175,pdcsap_flux
BD37_3172,117555,113601,113600,113600,3.364382629407514,83413.74,pdcsap_flux
DENIS-P_J082303.1-491201,13362,13086,13085,13085,2.073042957641069,18.463488,pdcsap_flux
CoRoT-7,14687,14619,14619,14619,0.4629944849186329,6396.676,pdcsap_flux
DE_CVn,16673,13899,13872,13872,16.799616145864572,6736.6543,pdcsap_flux
DH_Tau,16865,15416,15409,15409,8.633264156537212,3585.2036,pdcsap_flux
DMPP-3_A,18277,18277,18277,18277,0.0,75485.58,pdcsap_flux
DMPP-6,18270,18270,18265,18265,0.0273672687465809,217980.83,pdcsap_flux
DMPP-7,15419,13436,13428,13428,12.912640249043385,81345.333,pdcsap_flux
DMPP-8,19424,17211,17207,17207,11.413714991762768,97171.98,pdcsap_flux
DMPP-9,19436,17221,17219,17219,11.406668038691093,52853.73,pdcsap_flux
DS_Tuc_A,18268,18268,18268,18268,0.0,117113.352,pdcsap_flux
EPIC_201427007,15578,10084,10084,10084,35.267685197072794,565.494925,pdcsap_flux
EPIC_201238110,17534,15988,15988,15988,8.817155241245578,333.88743999999997,pdcsap_flux
EPIC_201497682,16537,16186,16186,16186,2.1225131523250895,988.14017,pdcsap_flux
EPIC_201595106,17573,16261,16261,16261,7.46599897570136,5304.9204,pdcsap_flux
EPIC_206024342,14927,9727,9727,9727,34.836202853888935,1582.7206,pdcsap_flux
EPIC_201757695,16507,16231,16230,16230,1.6780759677712531,452.167225,pdcsap_flux
EPIC_201841433,16506,16232,16232,16232,1.6600024233612063,407.305985,pdcsap_flux
EPIC_211822797,16287,15281,15281,15281,6.176705347823419,612.45325,pdcsap_flux
EPIC_211945201,16272,15274,15273,15273,6.139380530973448,21991.135,pdcsap_flux
EPIC_212424622,14709,11660,11660,11660,20.72880549323543,1258.53205,pdcsap_flux
EPIC_212499991,14709,11541,11531,11531,21.60581956625195,1324.8823,pdcsap_flux
EPIC_212624936,14677,11370,11364,11364,22.57273284731212,781.8569,pdcsap_flux
EPIC_212737443,16190,10234,10218,10218,36.88696726374305,500.626815,pdcsap_flux
EPIC_228836835,17533,15987,15987,15987,8.81765813038271,319.41714,pdcsap_flux
EPIC_229004835,17573,16379,16379,16379,6.794514311728217,22177.146,pdcsap_flux
EPIC_249893012,14055,12488,12488,12488,11.149057274991105,7176.4035,pdcsap_flux
EPIC_248847494,16568,15935,15935,15935,3.8206180589087424,3749.8389,pdcsap_flux
FU_Tau,16866,15606,15606,15606,7.470651013874063,674.42785,pdcsap_flux
GJ_1061,13540,13368,13368,13368,1.2703101920236382,22251.7725,pdcsap_flux
GJ_1151,18606,14056,14054,14054,24.465226271095343,10833.0955,pdcsap_flux
GJ_1132,16941,15869,15869,15869,6.3278436928162485,6606.8037,pdcsap_flux
GJ_1252,19439,16483,16481,16481,15.216832141571068,13045.539,pdcsap_flux
GJ_1289,16516,12859,12847,12847,22.214821990796807,16281.22,pdcsap_flux
GJ_15_A,16510,13091,13063,13063,20.878255602665053,490018.84,pdcsap_flux
GJ_143,18277,18277,18275,18275,0.0109427148875629,250179.69,pdcsap_flux
GJ_163,13540,12973,12971,12971,4.202363367799111,23730.977,pdcsap_flux
GJ_160.2,17656,17219,17216,17216,2.492070684186676,64594.3525,pdcsap_flux
EPIC_212587672,88554,68145,68143,68143,23.049212909637063,3080.269,pdcsap_flux
GJ_2030,15647,14733,14732,14732,5.84776634498626,982153.9,pdcsap_flux
GJ_179,17574,17314,17310,17310,1.5022191874359825,26087.0205,pdcsap_flux
GJ_180,17660,17323,17319,17319,1.9309173272933131,42653.477,pdcsap_flux
GJ_2056,17458,17458,17457,17457,0.0057280329934683,42791.344,pdcsap_flux
EPIC_212297394,104093,92628,92628,92628,11.014189234626723,607.5605149999999,pdcsap_flux
GJ_229,14679,14636,14632,14632,0.3201852987260722,455115.16,pdcsap_flux
GJ_251,17374,16538,16532,16532,4.846322090480026,125971.667,pdcsap_flux
GJ_238,18278,18278,18278,18278,0.0,26269.4795,pdcsap_flux
GJ_273,16332,16332,16324,16324,0.0489835904971869,159650.45,pdcsap_flux
GJ_27.1,18299,18299,18298,18298,0.0054647794961448,22550.08,pdcsap_flux
GJ_3021,18260,18260,18260,18260,0.0,707906.05,pdcsap_flux
GJ_3082,18296,18296,18293,18293,0.0163970266724988,32035.633,pdcsap_flux
GJ_3138,13540,12750,12750,12750,5.834564254062036,25200.7,pdcsap_flux
GJ_3222,13515,13506,13435,13435,0.5919348871624153,241109.39,pdcsap_flux
GJ_3090,18299,18299,18298,18298,0.0054647794961448,23633.571,pdcsap_flux
GJ_3293,17617,17185,17180,17180,2.4805585513992146,17083.806,pdcsap_flux
GJ_1265,103478,81146,81135,81135,21.59202922360308,3788.0903,pdcsap_flux
GJ_3323,17542,17281,17220,17220,1.8355945730247456,13580.170999999998,pdcsap_flux
GJ_3341,17696,17397,17394,17394,1.7066003616636571,15177.949,pdcsap_flux
GJ_3378,17050,16633,16627,16627,2.4809384164222847,31437.592,pdcsap_flux
GJ_338_B,18722,18626,18626,18626,0.5127657301570387,502944.97,pdcsap_flux
GJ_341,17105,16170,16161,16161,5.5188541362174774,127751.336,pdcsap_flux
GJ_3473,16341,16341,16341,16341,0.0,5211.519,pdcsap_flux
GJ_357,13360,13044,13038,13038,2.4101796407185683,44929.102,pdcsap_flux
GJ_3512,17630,17630,17605,17605,0.141803743618829,3239.6504,pdcsap_flux
GJ_3634,16934,15855,15854,15854,6.377701665288771,17286.568,pdcsap_flux
GJ_3779,17533,13432,13432,13432,23.39017852050419,10085.7945,pdcsap_flux
GJ_367,17126,16524,16483,16483,3.7545252831951426,91762.805,pdcsap_flux
GJ_3929,18213,14646,14644,14644,19.59589304343051,11717.4565,pdcsap_flux
GJ_3988,18214,16042,16041,16041,11.930383221697593,8013.124,pdcsap_flux
GJ_411,17950,15930,15913,15913,11.348189415041787,411299.88,pdcsap_flux
GJ_414_A,17961,15941,15939,15939,11.257725070987137,266920.25,pdcsap_flux
GJ_422,17689,15675,15675,15675,11.38560687432868,27392.916,pdcsap_flux
GJ_4276,16719,14946,14946,14946,10.604701238112323,10437.644,pdcsap_flux
GJ_433,16979,15471,15464,15464,8.92278697214206,107869.25,pdcsap_flux
GJ_480,15433,12180,12174,12174,21.117086762133084,33016.936,pdcsap_flux
GJ_436,17877,16102,15914,15914,10.980589584382171,64137.58,pdcsap_flux
GJ_508.2,17531,12254,12242,12242,30.16941418059438,46491.9765,pdcsap_flux
GJ_486,15447,13153,13144,13144,14.909043827280378,42532.6315,pdcsap_flux
GJ_514,15680,13213,13204,13204,15.79081632653061,205916.25,pdcsap_flux
GJ_625,16716,14979,14976,14976,10.409188801148606,92887.164,pdcsap_flux
GJ_3470,98006,88229,88218,88218,9.987143644266682,11883.3975,pdcsap_flux
GJ_649,17238,17238,17228,17228,0.0580113702285611,114687.87,pdcsap_flux
GJ_393,83624,80022,79965,79965,4.375538123026878,139620.77,pdcsap_flux
GJ_676_A,18189,14344,14338,14338,21.172137005882675,102203.6975,pdcsap_flux
GJ_674,18176,14330,14205,14205,21.8474911971831,198213.1,pdcsap_flux
GJ_682,18190,14340,14332,14332,21.209455744914784,49983.311,pdcsap_flux
GJ_4274,103418,80568,80376,80376,22.28045407956062,6985.7964,pdcsap_flux
GJ_581,66903,42016,42002,42002,37.219556671599186,74731.79,pdcsap_flux
GJ_685,18422,18422,18420,18420,0.0108565845185149,82745.907,pdcsap_flux
GJ_687,18418,18418,18405,18405,0.0705831252036048,266669.3,pdcsap_flux
GJ_740,13454,9632,9629,9629,28.430206629998512,150634.02,pdcsap_flux
GJ_724,17204,12413,12413,12413,27.84817484305976,46567.855,pdcsap_flux
GJ_720_A,18413,18295,18284,18284,0.7005919730625143,81378.91,pdcsap_flux
GJ_536,88809,66990,66946,66946,24.618000427884557,109857.7,pdcsap_flux
GJ_806,18322,18322,18320,18320,0.0109158388822194,47254.98,pdcsap_flux
GJ_832,18264,18264,18263,18263,0.0054752518615863,314924.06,pdcsap_flux
GJ_86,18299,18299,18299,18299,0.0,1170024.4,pdcsap_flux
GJ_876,18298,18298,18294,18294,0.021860312602473,134003.3,pdcsap_flux
GJ_887,18300,18300,18299,18299,0.0054644808743176,1318.0375,pdcsap_flux
GJ_9404,17880,16105,16098,16098,9.966442953020138,41695.863,pdcsap_flux
GJ_96,16429,15152,15151,15151,7.778927506238964,128803.71,pdcsap_flux
GJ_9773,18629,13306,13305,13305,28.579097106661656,19038.059,pdcsap_flux
GPX-1,19475,19475,19459,19459,0.0821566110397964,3121.669,pdcsap_flux
GQ_Lup,18581,13868,13868,13868,25.364619772886275,11538.837,pdcsap_flux
GU_Psc,15119,12920,12895,12895,14.709967590449102,2980.833,pdcsap_flux
G_192-15,17056,16702,16702,16702,2.075515947467166,4792.676649999999,pdcsap_flux
GJ_849,89531,57770,57754,57754,35.492734360165755,90197.68,pdcsap_flux
G_196-3,18740,18644,18613,18613,0.6776947705442904,22987.75,pdcsap_flux
G_261-6,18421,18421,18418,18418,0.016285760816459,2663.1874,pdcsap_flux
GJ_680,116095,113018,112919,112919,2.7356905982169777,80729.87,pdcsap_flux
G_268-110,13541,12777,12777,12777,5.642123919946829,1546.0297,pdcsap_flux
G_9-40,16273,15276,15275,15275,6.132858108523321,3837.686,pdcsap_flux
Gaia-4,17531,13397,13397,13397,23.581084935257547,5902.302,pdcsap_flux
Gaia-5,18322,18322,18322,18322,0.0,2064.7946,pdcsap_flux
Gl_410,17809,15974,15974,15974,10.303778988152056,112936.38,pdcsap_flux
Gl_686,16928,16928,16912,16912,0.0945179584120992,123539.414,pdcsap_flux
Gl_725_A,17741,13229,13226,13226,25.44952370215884,292363.62,pdcsap_flux
GJ_9827,94314,67110,67108,67108,28.84619462646054,37318.334,pdcsap_flux
HAT-P-12,17534,12425,12121,12121,30.871449754762185,3152.0662,pdcsap_flux
HAT-P-11,18424,18424,18222,18222,1.096396005210598,63867.389,pdcsap_flux
HAT-P-13,17856,16611,16024,16024,10.259856630824371,17178.4695,pdcsap_flux
HAT-P-14,17245,17245,17046,17046,1.153957668889538,24114.768,pdcsap_flux
GJ_896_A,117334,112302,112211,112211,4.366168374043333,70755.766,pdcsap_flux
HAT-P-16,16570,12927,12403,12403,25.14785757392879,11370.555,pdcsap_flux
HAT-P-15,18538,15095,14942,14942,19.39799331103679,6025.7405,pdcsap_flux
HAT-P-18,17238,11626,11396,11396,33.89024248752756,3342.47875,pdcsap_flux
HAT-P-17,17749,12710,12495,12495,29.601667699588702,20388.799,pdcsap_flux
HAT-P-20,16139,15771,15573,15573,3.5070326538199414,12547.767,pdcsap_flux
HAT-P-2,18213,18213,17655,17655,3.0637456761653747,77690.445,pdcsap_flux
HAT-P-21,18608,16532,16439,16439,11.656276870163374,5724.1675,pdcsap_flux
HAT-P-22,18752,18705,18091,18091,3.5249573378839605,39899.99,pdcsap_flux
Gliese_12,91140,63282,63279,63279,30.569453587886763,12110.562,pdcsap_flux
HAT-P-23,17898,17577,17573,17573,1.815845345848699,3197.4607,pdcsap_flux
HAT-P-24,16334,15997,15788,15788,3.3427207052773356,5027.5537,pdcsap_flux
HAT-P-25,16753,13080,12964,12964,22.616844744224917,2094.0423499999997,pdcsap_flux
HAT-P-26,14261,10870,10864,10864,23.820208961503397,7165.90135,pdcsap_flux
HAT-P-27,10737,7230,7195,7195,32.98873055788395,4461.0557,pdcsap_flux
HAT-P-3,16719,13197,12911,12911,22.77648184700042,8340.65,pdcsap_flux
HAT-P-28,17990,17990,17961,17961,0.1612006670372423,1938.6649,pdcsap_flux
HAT-P-30,16342,16256,15878,15878,2.839309754008079,17421.639,pdcsap_flux
HAT-P-31,16941,16941,16896,16896,0.2656277669559004,6216.4220000000005,pdcsap_flux
HAT-P-34,17499,13346,13076,13076,25.27573004171667,18318.68,pdcsap_flux
HAT-P-33,17324,16560,15821,15821,8.675825444470098,8276.939,pdcsap_flux
HAT-P-35,16343,16343,16335,16335,0.0489506210610057,2875.5754,pdcsap_flux
HAT-P-1,117622,113264,113167,113167,3.7875567495876616,20393.902,pdcsap_flux
HAT-P-37,16941,14518,14518,14518,14.302579540759108,1244.8084,pdcsap_flux
HAT-P-36,18605,16616,15805,15805,15.04971781779092,3586.1157,pdcsap_flux
HAT-P-39,16308,15808,15796,15796,3.139563404464063,2830.9503000000004,pdcsap_flux
HAT-P-4,18216,14746,14454,14454,20.65217391304348,9001.259,pdcsap_flux
HAT-P-44,17533,15231,15090,15090,13.933724975759995,1698.44425,pdcsap_flux
HAT-P-19,107951,105379,105361,105361,2.399236690720785,2721.1055,pdcsap_flux
HAT-P-45,16557,11801,11706,11706,29.29878601195869,3453.48095,pdcsap_flux
HAT-P-5,16940,16940,16680,16680,1.5348288075560768,4443.579299999999,pdcsap_flux
HAT-P-49,18322,18322,17907,17907,2.2650365680602524,16924.322,pdcsap_flux
HAT-P-50,16334,16334,16292,16292,0.2571323619444121,4976.19045,pdcsap_flux
HAT-P-52,16707,14129,14129,14129,15.430657808104389,907.57336,pdcsap_flux
HAT-P-51,17991,17991,17978,17978,0.0722583513979246,1259.45995,pdcsap_flux
HAT-P-53,16628,12628,12626,12626,24.06783738272793,947.28189,pdcsap_flux
HAT-P-29,116989,111688,111688,111688,4.531195240578178,4913.6567,pdcsap_flux
HAT-P-58,18542,16065,16065,16065,13.35886096429727,2129.932,pdcsap_flux
HAT-P-59,17525,14427,14354,14354,18.0941512125535,5250.436,pdcsap_flux
HAT-P-32,116971,114205,109159,109159,6.678578451069073,7828.481,pdcsap_flux
HAT-P-63,16492,11594,11594,11594,29.699248120300748,1161.7727,pdcsap_flux
HAT-P-61,18540,16555,16555,16555,10.706580366774542,1838.3837,pdcsap_flux
HAT-P-38,116909,99896,99890,99890,14.55747632774209,3313.8956500000004,pdcsap_flux
HAT-P-62,18539,16653,16642,16642,10.232482873941418,2926.37265,pdcsap_flux
HAT-P-46,100635,69601,69593,69593,30.84612709295971,5828.045,pdcsap_flux
HAT-P-65,18791,13044,13043,13043,30.58911180884466,1667.1554,pdcsap_flux
HAT-P-67,18207,18207,17286,17286,5.058493985829626,22182.747,pdcsap_flux
HAT-P-66,18753,18608,18607,18607,0.7785420999306791,1569.9513,pdcsap_flux
HAT-P-7,18420,18420,17660,17660,4.125950054288818,15347.219,pdcsap_flux
HAT-P-70,17903,17277,16479,16479,7.95397419426912,30273.309,pdcsap_flux
HATS-1,16455,14372,14081,14081,14.427225767244,4156.7075,pdcsap_flux
HATS-10,18218,15538,15538,15538,14.710725655944668,1639.5614999999998,pdcsap_flux
HATS-11,18218,15389,15389,15389,15.528598089801292,681.76385,pdcsap_flux
HATS-12,18161,15305,15305,15305,15.726006277187375,1835.1407,pdcsap_flux
HATS-13,18266,18181,18180,18180,0.4708201029234637,848.6414,pdcsap_flux
HATS-14,18265,18169,18168,18168,0.5310703531344108,865.1620800000001,pdcsap_flux
HATS-15,18028,15385,15385,15385,14.66052806745063,341.25232,pdcsap_flux
HATS-16,18299,18299,18298,18298,0.0054647794961448,764.05936,pdcsap_flux
HATS-17,16889,14969,14968,14968,11.374267274557404,3118.3534,pdcsap_flux
HATS-18,16454,13617,13617,13617,17.242008022365386,681.0029,pdcsap_flux
HATS-2,16455,14220,14190,14190,13.764813126709209,1367.04335,pdcsap_flux
HAT-P-6,107917,104537,104412,104412,3.247866415856626,15997.411,pdcsap_flux
HATS-22,16455,13571,13492,13492,18.006684898207237,1687.32885,pdcsap_flux
HAT-P-60,116930,113051,112798,112798,3.5337381339262786,34079.1275,pdcsap_flux
HATS-23,19251,17072,17072,17072,11.318892525063628,767.79027,pdcsap_flux
HATS-26,13361,12890,12890,12890,3.5251852406257056,1678.21865,pdcsap_flux
HATS-25,16108,11701,11697,11697,27.38390861683635,1689.0518,pdcsap_flux
HATS-24,19439,17223,17095,17095,12.058233448222644,1882.9473,pdcsap_flux
HATS-27,16888,14696,14696,14696,12.979630506868778,1917.11215,pdcsap_flux
HATS-28,19303,16632,16632,16632,13.837227373983318,841.3468,pdcsap_flux
HATS-29,19438,17162,17162,17162,11.709023562094869,2665.96085,pdcsap_flux
HATS-3,18268,18182,18067,18067,1.1002846507554231,4076.831,pdcsap_flux
HATS-31,18207,17368,17367,17367,4.6136101499423265,1620.529,pdcsap_flux
HATS-30,18271,18271,18251,18251,0.1094630835750676,4020.83,pdcsap_flux
HATS-37_A,3460,3100,3095,3095,10.54913294797688,4970.2803,pdcsap_flux
HATS-32,18299,18299,18299,18299,0.0,548.2918,pdcsap_flux
HATS-33,19438,17222,16700,16700,14.085811297458584,5057.6849999999995,pdcsap_flux
HATS-34,18274,18274,18274,18274,0.0,850.162135,pdcsap_flux
HATS-36,18218,15242,15242,15242,16.335492370183335,458.0622550000001,pdcsap_flux
HATS-35,18223,14064,14018,14018,23.075234593645387,2390.9321499999996,pdcsap_flux
HATS-38,18025,15921,15920,15920,11.678224687933426,3021.5852,pdcsap_flux
HATS-4,14682,14605,14597,14597,0.5789401988829823,1230.3134,pdcsap_flux
HATS-43,17695,17202,17107,17107,3.3229725911274377,1188.9026,pdcsap_flux
HATS-44,17623,17119,17119,17119,2.8598989956307053,600.0762,pdcsap_flux
HATS-45,14682,14560,14560,14560,0.830949461926167,1093.15785,pdcsap_flux
HAT-P-64,231099,146122,146113,146113,36.77471559807701,2269.5247,pdcsap_flux
HATS-46,18277,18277,18277,18277,0.0,1000.61127,pdcsap_flux
HATS-47,19251,16626,16626,16626,13.635655290634253,537.7519,pdcsap_flux
HATS-5,17612,17142,17069,17069,3.0831251419486727,2932.8428,pdcsap_flux
HATS-50,18227,15541,15541,15541,14.736380095462776,689.8864,pdcsap_flux
HATS-53,17330,15467,15465,15465,10.76168493941142,898.8386,pdcsap_flux
HATS-39,104242,98031,98024,98024,5.964966136490091,1743.5169,pdcsap_flux
HATS-40,104770,101579,101579,101579,3.045719194425889,1085.8982,pdcsap_flux
HATS-41,104771,101445,101445,101445,3.174542573803818,2083.5012,pdcsap_flux
HATS-42,104771,102596,102596,102596,2.0759561328993703,939.5864,pdcsap_flux
HATS-59,16984,15271,15271,15271,10.085963259538389,794.2619,pdcsap_flux
HATS-6,14682,14573,14502,14502,1.2259910093992632,721.7666300000001,pdcsap_flux
HATS-52,84171,80054,80052,80052,4.893609437929925,914.50412,pdcsap_flux
HATS-51,104770,101525,101521,101521,3.1010785530209084,2932.2563,pdcsap_flux
HATS-65,18227,15622,15590,15590,14.467548142864985,2610.95655,pdcsap_flux
HATS-54,104094,92521,92521,92521,11.117835802255648,785.6197,pdcsap_flux
HATS-55,104236,98590,98590,98590,5.416554741164282,907.311,pdcsap_flux
HATS-56,103941,91524,91512,91512,11.95774525932981,5612.7270499999995,pdcsap_flux
HATS-57,103654,94798,94795,94795,8.54670345572771,3365.5515,pdcsap_flux
HATS-7,16108,11701,11701,11701,27.359076235410978,1787.7675,pdcsap_flux
HATS-64,84490,79552,79551,79551,5.845662208545388,1639.7661,pdcsap_flux
HATS-71,18276,18276,18261,18261,0.0820748522652681,346.36322,pdcsap_flux
HATS-72,15016,9655,9573,9573,36.2480021310602,4559.308,pdcsap_flux
HATS-74_A,16902,15460,15457,15457,8.549284108389543,201.57523,pdcsap_flux
HATS-8,18227,15647,15647,15647,14.154825259230808,463.9811,pdcsap_flux
HATS-67,104090,91420,91417,91417,12.17504083005092,863.70966,pdcsap_flux
HATS-9,18161,15001,15001,15001,17.399922911733935,1570.8955,pdcsap_flux
HATS-66,104771,102372,102372,102372,2.2897557530232593,570.0164500000001,pdcsap_flux
HD_100508,17686,15671,15660,15660,11.455388442836146,246862.67,pdcsap_flux
HD_100546,17334,17334,14998,14998,13.476404753663315,357645.985,pdcsap_flux
HATS-68,103801,88856,88854,88854,14.399668596641646,3196.448,pdcsap_flux
HD_100655,17849,16164,16164,16164,9.440304778979216,935311.48,pdcsap_flux
HD_101930,16794,15493,15490,15490,7.764677861140878,169805.88,pdcsap_flux
HD_10180,18273,18273,18272,18272,0.0054725551359879,320363.03,pdcsap_flux
HATS-69,100733,87530,87530,87530,13.106926230728757,835.7338500000001,pdcsap_flux
HD_102195,16506,16232,16232,16232,1.6600024233612063,186455.97,pdcsap_flux
HD_102117,16790,15489,15488,15488,7.754615842763545,297211.58999999997,pdcsap_flux
HD_102272,17772,16164,16164,16164,9.04794058068873,121424.385,pdcsap_flux
HATS-70,104770,102242,102242,102242,2.412904457382836,1733.7864,pdcsap_flux
HD_102329,16505,16231,16231,16231,1.6601029990911842,260935.27,pdcsap_flux
HD_102888,16456,14598,14598,14598,11.29071463296062,903288.5,pdcsap_flux
HD_102843,17512,16948,16945,16945,3.237779808131569,61269.51,pdcsap_flux
HD_103720,17504,15958,15936,15936,8.957952468007313,54306.494,pdcsap_flux
HD_103197,16864,15491,15483,15483,8.189041745730552,56852.17,pdcsap_flux
HD_103774,16910,16027,16022,16022,5.251330573625079,345563.25,pdcsap_flux
HD_103949,16449,14591,14586,14586,11.32591646908626,127255.3,pdcsap_flux
HD_103891,16910,16027,16020,16020,5.263157894736848,619055.94,pdcsap_flux
HD_104067,16449,14593,14578,14578,11.37455164447687,252994.325,pdcsap_flux
HD_10442,17442,16072,16071,16071,7.860337117303063,255240.4,pdcsap_flux
HD_104985,18408,18408,18408,18408,0.0,1764651.75,pdcsap_flux
HD_106252,17492,16970,16966,16966,3.0070889549508317,287988.015,pdcsap_flux
HD_106315,17571,16386,16385,16385,6.749758124181893,59460.273,pdcsap_flux
HD_10697,15107,12709,12708,12708,15.880055603362674,897369.6,pdcsap_flux
HD_10647,18298,18298,18298,18298,0.0,1626086.0,pdcsap_flux
HD_106515_A,17532,15986,15976,15976,8.875199634953223,192014.93,pdcsap_flux
HD_106906,16866,15493,15488,15488,8.170283410411482,180445.2,pdcsap_flux
HD_108147,18177,11699,11691,11691,35.682455850800466,393492.25,pdcsap_flux
HD_107148,17534,15988,15977,15977,8.87989049846013,171402.69,pdcsap_flux
HD_108202,17573,16384,16384,16384,6.766061571729354,37741.922999999995,pdcsap_flux
HD_108341,18184,11698,11692,11692,35.70171579410471,58849.684,pdcsap_flux
HD_108874,15473,13508,13507,13507,12.7060040069799,95099.945,pdcsap_flux
HD_108863,15473,13508,13508,13508,12.699541136172687,293953.39,pdcsap_flux
HD_108236,16792,15491,15489,15489,7.7596474511672175,55821.816,pdcsap_flux
HD_109271,16510,14881,14873,14873,9.91520290732889,170409.03,pdcsap_flux
HD_109246,18421,18421,18416,18416,0.0271429346941021,86599.52,pdcsap_flux
HD_109286,15409,13141,13141,13141,14.71867090661302,86962.51,pdcsap_flux
HD_10975,15339,12778,12778,12778,16.696003650824697,1503225.25,pdcsap_flux
HD_109749,16815,15408,15407,15407,8.373476063038954,145223.25,pdcsap_flux
HD_110067,15754,13080,13078,13078,16.98616224450933,138079.9,pdcsap_flux
HD_110082,18874,14347,14347,14347,23.985376708699803,51190.46,pdcsap_flux
HD_110113,16823,15416,15416,15416,8.363549901919987,26293.669,pdcsap_flux
HD_11112,13540,12854,12854,12854,5.066469719350075,382256.22,pdcsap_flux
HD_111232,18185,11700,11700,11700,35.661259279626066,266795.38,pdcsap_flux
HD_111591,15753,13079,13079,13079,16.974544531200408,614405.06,pdcsap_flux
HD_111998,17537,16610,16610,16610,5.28596681302389,878575.87,pdcsap_flux
HD_112570,17741,15247,15247,15247,14.057832140240125,1313842.1,pdcsap_flux
HD_113538,18186,11701,11699,11699,35.670295831958654,145537.97,pdcsap_flux
HD_113996,17401,13300,13300,13300,23.567611056835812,6648297.0,pdcsap_flux
HD_112640,18402,18402,18402,18402,0.0,1177259.0,pdcsap_flux
HD_113337,18414,18414,18414,18414,0.0,923292.47,pdcsap_flux
HD_114082,18480,18480,18093,18093,2.0941558441558428,118844.805,pdcsap_flux
HD_114386,16526,15103,15093,15093,8.671184799709552,121083.41,pdcsap_flux
HD_11506,13541,12919,12919,12919,4.593456908647808,259812.62,pdcsap_flux
HD_115404_A,15784,13079,13079,13079,17.137607704004054,822541.2,pdcsap_flux
HD_11505,17445,16075,16064,16064,7.916308397821725,301935.6,pdcsap_flux
HD_115954,18606,16812,16804,16804,9.685047834032034,125839.64,pdcsap_flux
HD_117207,15900,11695,11692,11692,26.465408805031444,364897.78,pdcsap_flux
HD_116029,17522,13421,13421,13421,23.404862458623445,244694.44,pdcsap_flux
HD_11755,16432,15131,15131,15131,7.917478091528729,815024.75,pdcsap_flux
HD_118203,17742,15248,14820,14820,16.469394656746704,166649.54499999998,pdcsap_flux
HD_11964,13516,12895,12890,12890,4.631547795205682,851686.56,pdcsap_flux
HD_121504,18176,11695,11690,11690,35.68441901408451,255926.6,pdcsap_flux
HD_12235,15662,14835,14685,14685,6.238028348869873,1200505.2,pdcsap_flux
HD_120084,18416,18416,18416,18416,0.0,1498984.1,pdcsap_flux
HD_122562,17526,13495,13492,13492,23.01723154170946,286919.235,pdcsap_flux
HD_124330,17737,15711,15700,15700,11.48446749732198,193347.81,pdcsap_flux
HD_109833,110973,106350,106350,106350,4.165878186585925,52659.705,pdcsap_flux
HD_12484,15670,14843,14843,14843,5.277600510529679,143312.88,pdcsap_flux
HD_125136,11656,11656,11656,11656,0.0,363057.6,pdcsap_flux
HD_125390,14282,10103,10102,10102,29.267609578490404,182424.44,pdcsap_flux
HD_125271,18492,18492,18492,18492,0.0,54300.986999999994,pdcsap_flux
HD_125595,15899,11693,11683,11683,26.517391030882443,102275.19,pdcsap_flux
HD_126614,10774,8137,8136,8136,24.48487098570633,91042.72,pdcsap_flux
HD_127195,11656,10434,10434,10434,10.483870967741938,467865.16,pdcsap_flux
HD_126525,18182,11699,11695,11695,35.67814321856781,204256.56,pdcsap_flux
HD_127506,17521,13426,13418,13418,23.41761314993437,132036.385,pdcsap_flux
HD_128356,16076,11698,11693,11693,27.264244837024133,92200.99,pdcsap_flux
HD_128717,17738,15712,15709,15709,11.43871913406247,117851.82,pdcsap_flux
HD_130322,10832,8138,8135,8135,24.898449039881832,189226.89,pdcsap_flux
HD_129445,18868,14341,14333,14333,24.03540385838456,86998.945,pdcsap_flux
HD_131496,11065,7948,7948,7948,28.169905106190697,266505.66,pdcsap_flux
HD_114783,105899,98560,98546,98546,6.9434083419106845,319902.03,pdcsap_flux
HD_13189,11671,11273,11273,11273,3.4101619398509087,527983.9,pdcsap_flux
HD_13167,13541,13023,13023,13023,3.8254190975555713,131258.97,pdcsap_flux
HD_132406,16714,15455,15451,15451,7.556539428024411,115785.734,pdcsap_flux
HD_133131_A,15854,11699,11697,11697,26.220512173583955,117400.414,pdcsap_flux
HD_132563,16704,15394,15391,15391,7.860392720306509,63587.793,pdcsap_flux
HD_133131_B,15852,11699,11690,11690,26.25536209941963,118785.737,pdcsap_flux
HD_134987,15811,11696,11692,11692,26.051483144646134,746978.4,pdcsap_flux
HD_135344_A,15841,11676,11664,11664,26.36828483050313,133747.925,pdcsap_flux
HD_128311,65323,52851,52851,52851,19.09281570044241,382794.7,pdcsap_flux
HD_136118,10696,6794,6794,6794,36.480927449513835,435026.79,pdcsap_flux
HD_135625,18470,18225,18219,18219,1.35896047644829,218747.67,pdcsap_flux
HD_136925,11304,7946,7946,7946,29.706298655343243,187427.725,pdcsap_flux
HD_125612,88404,75097,75086,75086,15.064929188724497,127046.29,pdcsap_flux
HD_136352,18599,14346,14337,14337,22.91521049518791,1560872.5,pdcsap_flux
HD_136418,17519,15262,15259,15259,12.900279696329696,159489.55,pdcsap_flux
HD_13724,13540,13177,13175,13175,2.6957163958641117,198744.77,pdcsap_flux
HD_137388,18864,14348,14347,14347,23.94508057675997,108165.21,pdcsap_flux
HD_13931,15951,14825,14817,14817,7.109272145946965,246574.69,pdcsap_flux
HD_13808,18299,18299,18296,18296,0.0163943384884457,152342.7,pdcsap_flux
HD_139357,16709,15450,15450,15450,7.534861451912144,1618095.7000000002,pdcsap_flux
HD_1397,18269,18269,17814,17814,2.4905577754666397,233131.305,pdcsap_flux
HD_14067,16615,14126,14126,14126,14.980439362022269,886668.05,pdcsap_flux
HD_141399,17513,15256,15250,15250,12.921829498087137,393396.91,pdcsap_flux
HD_142,18297,18297,18297,18297,0.0,1294930.9,pdcsap_flux
HD_142022_A,18856,14333,14329,14329,24.00827322868052,247087.19,pdcsap_flux
HD_142415,18870,14345,14345,14345,23.979862215156334,308809.6,pdcsap_flux
HD_134060,110833,107016,106986,106986,3.470987882670329,813168.7,pdcsap_flux
HD_143105,18412,17648,17646,17646,4.160330219422114,503428.62,pdcsap_flux
HD_141004,68645,55445,54860,54860,20.081579139048735,4755358.0,pdcsap_flux
HD_143361,18669,14345,14342,14342,23.1774599603621,62636.2765,pdcsap_flux
HD_143811_A,18498,14346,14346,14346,22.445669802140777,68099.5725,pdcsap_flux
HD_144899,18576,13858,13817,13817,25.619078380706284,71034.305,pdcsap_flux
HD_145934,11151,7802,7802,7802,30.03318088063851,137909.985,pdcsap_flux
HD_145457,18198,16207,16207,16207,10.940762721178157,880185.25,pdcsap_flux
HD_141937,84547,75068,75060,75060,11.220977681053146,343664.07999999996,pdcsap_flux
HD_1461,13539,12968,12968,12968,4.217445897038186,737688.775,pdcsap_flux
HD_147018,18867,14346,14342,14342,23.983675200084807,139306.15000000002,pdcsap_flux
HD_147379,18414,17650,17637,17637,4.219615509938091,247430.03,pdcsap_flux
HD_13908,116796,112830,112819,112819,3.405082365834444,248247.58,pdcsap_flux
HD_147513,18130,14320,14320,14320,21.01489244346387,1965614.65,pdcsap_flux
HD_14787,16266,12972,12970,12970,20.26312553793188,304727.4,pdcsap_flux
HD_147873,18057,14336,14334,14334,20.618042864263163,172864.22,pdcsap_flux
HD_148156,18574,14342,14337,14337,22.8114568752019,217645.34,pdcsap_flux
HD_1502,14897,11100,11099,11099,25.49506612069544,154538.44,pdcsap_flux
HD_149026,18209,15709,15193,15193,16.56323795925092,144511.92,pdcsap_flux
HD_140901,116935,113868,113649,113649,2.8101081797579863,1158886.6,pdcsap_flux
HD_150010,18416,17652,17652,17652,4.148566463944392,1439448.95,pdcsap_flux
HD_150706,18412,18412,18412,18412,0.0,433386.85,pdcsap_flux
HD_152079,18113,14345,14342,14342,20.819301054491245,59592.3525,pdcsap_flux
HD_15337,13541,13023,13023,13023,3.8254190975555713,75437.164,pdcsap_flux
HD_152843,17240,17240,17236,17236,0.0232018561484914,70876.035,pdcsap_flux
HD_153950,18114,14345,14336,14336,20.856795848514963,288084.62,pdcsap_flux
HD_153557,18112,18112,18112,18112,0.0,236488.945,pdcsap_flux
HD_154672,18869,14347,14346,14346,23.970533679580264,147547.02,pdcsap_flux
HD_154345,18209,18209,18204,18204,0.0274589488714394,575630.03,pdcsap_flux
HD_154391,18411,18411,18410,18410,0.0054315354950817,1204458.75,pdcsap_flux
HD_154857,18867,14345,14342,14342,23.983675200084807,364049.515,pdcsap_flux
HD_155918,18863,14232,14228,14228,24.5719132693633,431528.045,pdcsap_flux
HD_156098,17775,14334,14329,14329,19.386779184247537,1552922.2,pdcsap_flux
HD_156279,18410,18410,18406,18406,0.0217273221075453,181491.38,pdcsap_flux
HD_156411,18137,14338,14334,14334,20.9681865799195,582560.75,pdcsap_flux
HD_156668,17226,14074,14066,14066,18.344363171949375,165092.74,pdcsap_flux
HD_158038,12698,9354,9353,9353,26.34273113876201,368120.28,pdcsap_flux
HD_158259,16635,13522,13516,13516,18.749624286143675,706527.25,pdcsap_flux
HD_151450,84823,75566,75562,75562,10.918029308088606,277354.22,pdcsap_flux
HD_159868,18194,14343,14335,14335,21.210289106298784,374572.12,pdcsap_flux
HD_158996,18350,18350,18350,18350,0.0,2818031.0,pdcsap_flux
HD_1605,15137,13032,13027,13027,13.9393539010372,343340.25,pdcsap_flux
HD_161178,18409,18409,18409,18409,0.0,1628773.8,pdcsap_flux
HD_16417,13536,12882,12882,12882,4.831560283687941,1376729.7000000002,pdcsap_flux
HD_163607,18419,14285,14281,14281,22.465931918128025,187339.56,pdcsap_flux
HD_154088,89170,75643,75588,75588,15.231580127845689,706021.0,pdcsap_flux
HD_162020,19315,18346,18292,18292,5.2964017602899265,89540.95000000001,pdcsap_flux
HD_164604,14706,13379,13377,13377,9.037127702978376,46012.562,pdcsap_flux
HD_164922,19592,19592,19586,19586,0.0306247447937946,495966.38,pdcsap_flux
HD_165155,18778,17225,17223,17223,8.280967089146873,45553.395,pdcsap_flux
HD_166724,19300,17222,17214,17214,10.808290155440414,63655.676,pdcsap_flux
HD_167042,18421,14287,14286,14286,22.447206992019975,1397392.6,pdcsap_flux
HD_156846,88929,75542,75537,75537,15.059204533954052,641040.7,pdcsap_flux
HD_167768,16541,11785,11785,11785,28.752796082461764,1357515.9,pdcsap_flux
HD_16760,15953,14830,14830,14830,7.039428320692032,93897.465,pdcsap_flux
HD_168009,18419,18419,18403,18403,0.0868668223030555,824391.2,pdcsap_flux
HD_168863,14478,13492,13481,13481,6.8863102638485945,62290.492,pdcsap_flux
HD_1690,13541,12969,12969,12969,4.224207961007309,99967.516,pdcsap_flux
HD_16905,18299,18299,18299,18299,0.0,65182.125,pdcsap_flux
HD_169142,14703,13376,13376,13376,9.02536897231857,115295.0825,pdcsap_flux
HD_169830,18608,17223,17218,17218,7.469905417024936,1106197.2,pdcsap_flux
HD_17092,11673,11673,11673,11673,0.0,352443.1,pdcsap_flux
HD_165131,87598,75892,75876,75876,13.381584054430462,113993.8825,pdcsap_flux
HD_164509,100596,85404,85390,85390,15.115909181279577,155904.83,pdcsap_flux
HD_17156,16321,14760,14676,14676,10.079039274554258,139536.33,pdcsap_flux
HD_173416,16925,16925,16925,16925,0.0,1421615.4,pdcsap_flux
HD_175541,16073,12180,12177,12177,24.23940770235799,213925.47,pdcsap_flux
HD_174205,18420,18420,18420,18420,0.0,1350379.8,pdcsap_flux
HD_175167,19432,17216,17210,17210,11.434746809386576,181606.25,pdcsap_flux
HD_175607,19426,17214,17209,17209,11.412539894986097,105772.516,pdcsap_flux
HD_17674,15643,14762,14751,14751,5.7022310298536105,258123.72,pdcsap_flux
HD_178911_B,17903,11961,11956,11956,33.2178964419371,170590.245,pdcsap_flux
HD_177565,18231,17202,17186,17186,5.731994953650377,1012424.0,pdcsap_flux
HD_179079,13452,9630,9628,9628,28.426999702646448,187623.085,pdcsap_flux
HD_177830,19608,19608,19597,19597,0.0560995512035922,491201.0,pdcsap_flux
HD_18015,15574,14819,14814,14814,4.879928085270324,204852.37,pdcsap_flux
HD_168746,104925,91439,91419,91419,12.87205146533238,190352.83,pdcsap_flux
HD_168443,104896,94954,94939,94939,9.492258999389868,499064.5,pdcsap_flux
HD_180314,17942,12000,11786,11786,34.3105562367629,804501.725,pdcsap_flux
HD_180053,19607,19607,19601,19601,0.0306013158565821,222443.19,pdcsap_flux
HD_180617,13451,9631,9624,9624,28.451416251579808,238235.705,pdcsap_flux
HD_181234,12660,9808,9807,9807,22.535545023696677,112706.586,pdcsap_flux
HD_180902,18214,15693,15686,15686,13.879433402876906,258117.52,pdcsap_flux
HD_181342,18214,15693,15689,15689,13.862962556275392,327070.3,pdcsap_flux
HD_18143,15647,14766,14758,14758,5.681600306768075,313519.25,pdcsap_flux
HD_181433,16775,14565,14562,14562,13.19225037257824,159053.98,pdcsap_flux
HD_183263,13445,9629,9629,9629,28.382298252138337,192505.42,pdcsap_flux
HD_181720,18826,17217,17206,17206,8.605120577924152,203319.96,pdcsap_flux
HD_184010,18383,13763,13633,13633,25.83909046401567,1485263.1,pdcsap_flux
HD_183579,19435,17220,17215,17215,11.422691021353227,92807.43,pdcsap_flux
HD_18438,16971,16876,16876,16876,0.5597784455836474,4758546.25,pdcsap_flux
HD_185269,19603,19603,19593,19593,0.0510126001122324,576575.3,pdcsap_flux
HD_185283,19436,17220,17210,17210,11.452973862934757,91520.3125,pdcsap_flux
HD_18599,18297,18297,18297,18297,0.0,84783.08,pdcsap_flux
HD_187085,18821,17210,17206,17206,8.580840550448965,343473.06,pdcsap_flux
HD_176986,105092,87038,87033,87033,17.183991169641832,150663.33,pdcsap_flux
HD_187123,18317,18317,18317,18317,0.0,201980.47,pdcsap_flux
HD_18742,15683,14819,14818,14818,5.515526366128931,252447.84499999997,pdcsap_flux
HD_188015,18319,18319,18315,18315,0.0218352530159893,142303.25,pdcsap_flux
HD_188641,16772,16772,16768,16768,0.0238492725971872,322945.16000000003,pdcsap_flux
HD_189567,19389,17185,17173,17173,11.42916086440765,1039263.1,pdcsap_flux
HD_190360,17896,15581,15579,15579,12.94702726866339,1476572.8,pdcsap_flux
HD_190647,16777,16777,16773,16773,0.0238421648685704,228588.42,pdcsap_flux
HD_179949,110354,95951,95946,95946,13.056164706308792,796653.0,pdcsap_flux
HD_191806,18414,18414,18407,18407,0.0380145541435839,154315.06,pdcsap_flux
HD_192699,13216,9477,9477,9477,28.29146489104116,885728.3,pdcsap_flux
HD_192310,16780,16780,16778,16778,0.0119189511323059,1729316.95,pdcsap_flux
HD_194490,16779,16779,16776,16776,0.0178794922224168,68969.13,pdcsap_flux
HD_195019,18875,18737,18730,18730,0.7682119205298044,481037.38,pdcsap_flux
HD_196050,19430,17215,17209,17209,11.430777148739068,271507.88,pdcsap_flux
HD_19615,17037,16731,16731,16731,1.79609086106709,1296702.2,pdcsap_flux
HD_196885_A,18797,13387,13386,13386,28.78650848539661,711417.63,pdcsap_flux
HD_197037,17710,13210,13201,13201,25.46019198193111,483753.84,pdcsap_flux
HD_199509,19432,17219,17216,17216,11.403869905310826,449487.72,pdcsap_flux
HD_19994,15644,14730,14730,14730,5.842495525441061,2489810.0,pdcsap_flux
HD_200964,18787,13384,13384,13384,28.759248416458195,861920.7,pdcsap_flux
HD_202772_A,18264,18179,17070,17070,6.537450722733251,113297.6975,pdcsap_flux
HD_203030,17442,13184,13184,13184,24.412338034629055,127056.493,pdcsap_flux
HD_20329,16859,14105,14104,14104,16.34142001304941,88432.6325,pdcsap_flux
HD_192263,81918,76914,76913,76913,6.109768304890251,279019.1,pdcsap_flux
HD_2039,18274,18274,18274,18274,0.0,67175.734,pdcsap_flux
HD_204313,18260,18226,18226,18226,0.1861993428258435,178827.33,pdcsap_flux
HD_204941,18244,18210,18195,18195,0.2685814514360896,139742.36,pdcsap_flux
HD_189733,109846,106778,104331,104331,5.020665295049431,292290.6,pdcsap_flux
HD_205158,18272,18272,18270,18270,0.010945709281962,192241.83,pdcsap_flux
HD_205739,18252,18176,18171,18171,0.4437869822485174,98180.18,pdcsap_flux
HD_206255,18271,18271,18270,18270,0.0054731541787478,253392.84,pdcsap_flux
HD_206610,18529,16358,16356,16356,11.727562199794916,165656.15000000002,pdcsap_flux
HD_207496,19431,17216,17216,17216,11.399310380320104,180551.09499999997,pdcsap_flux
HD_20781,15680,14761,14758,14758,5.880102040816326,64949.740999999995,pdcsap_flux
HD_20782,15675,14756,14743,14743,5.945773524720888,312639.38,pdcsap_flux
HD_20794,13536,13527,13522,13522,0.1034278959810897,5963356.0,pdcsap_flux
HD_207832,18255,18221,18220,18220,0.1917282936181874,87925.89,pdcsap_flux
HD_208487,18262,18127,18119,18119,0.7830467637717664,269741.94,pdcsap_flux
HD_20868,15680,14692,14692,14692,6.301020408163261,40272.481499999994,pdcsap_flux
HD_208527,19598,19598,19598,19598,0.0,2022390.15,pdcsap_flux
HD_208897,19611,18791,18791,18791,4.181326806384167,870725.94,pdcsap_flux
HD_202206,110891,95879,95868,95868,13.547537672128485,168434.60499999998,pdcsap_flux
HD_210193,18276,18141,18126,18126,0.820748522652659,205685.85,pdcsap_flux
HD_203387,111627,92979,92954,92954,16.728031748591288,6387685.0,pdcsap_flux
HD_210702,19601,18781,18781,18781,4.1834600275496125,1460907.4,pdcsap_flux
HD_211970,18267,18267,18266,18266,0.0054743526577971,142460.24,pdcsap_flux
HD_212301,18273,18273,18273,18273,0.0,202411.7,pdcsap_flux
HD_212771,18299,18299,18297,18297,0.0109295589922897,302175.56,pdcsap_flux
HD_213240,18267,18267,18261,18261,0.0328461159467941,504084.3,pdcsap_flux
HD_213472,16711,14395,14386,14386,13.912991442762255,152584.42,pdcsap_flux
HD_213885,18270,18270,18268,18268,0.0109469074986323,178642.78999999998,pdcsap_flux
HD_21411,15677,14758,14758,14758,5.8620909612808525,206146.75,pdcsap_flux
HD_214823,19604,19604,19603,19603,0.0051009997959594,154942.12,pdcsap_flux
HD_215152,14519,9644,9641,9641,33.59735518975137,212330.03,pdcsap_flux
HD_21520,13541,13532,13532,13532,0.0664648105752951,58866.713,pdcsap_flux
HD_210277,89582,70448,70432,70432,21.377062356276937,727732.2,pdcsap_flux
HD_216520,16425,14845,14840,14840,9.649923896499237,326893.28,pdcsap_flux
HD_215497,18275,18275,18268,18268,0.0383036935704517,91508.405,pdcsap_flux
HD_216536,17330,17330,17330,17330,0.0,81752.83499999999,pdcsap_flux
HD_217786,14505,9639,9631,9631,33.60220613581524,205555.62,pdcsap_flux
HD_216770,18292,18292,18292,18292,0.0,175806.01,pdcsap_flux
HD_217958,16802,14713,14706,14706,12.474705392215212,169007.14,pdcsap_flux
HD_209458,117488,114780,110873,110873,5.630362249761678,225149.9,pdcsap_flux
HD_218566,14514,9639,9637,9637,33.60203941022461,137705.05,pdcsap_flux
HD_211810,103898,101928,101868,101868,1.9538393424319955,105715.3025,pdcsap_flux
HD_219134,16659,15125,15121,15121,9.232246833543432,2286038.8,pdcsap_flux
HD_219415,12872,12872,12871,12871,0.0077688004971987,103049.04,pdcsap_flux
HD_219139,19564,18755,18754,18754,4.140257616029441,1643302.1,pdcsap_flux
HD_220074,16631,14571,14571,14571,12.386507125248036,2086118.4,pdcsap_flux
HD_220197,19603,18794,18793,18793,4.132020609090448,76006.76,pdcsap_flux
HD_220773,14417,11271,11271,11271,21.8214607754734,383084.06,pdcsap_flux
HD_220689,18297,18297,18291,18291,0.0327922610263931,216886.61,pdcsap_flux
HD_220842,12872,12872,12871,12871,0.0077688004971987,170077.62,pdcsap_flux
HD_221287,18272,18272,18272,18272,0.0,191987.51,pdcsap_flux
HD_221416,18295,18295,18295,18295,0.0,184848.67,pdcsap_flux
HD_221585,16661,14601,14595,14595,12.400216073464977,308655.25,pdcsap_flux
HD_221420,18273,18273,18271,18271,0.010945110271987,1348933.9,pdcsap_flux
HD_222076,18272,18272,18271,18271,0.0054728546409754,375474.12,pdcsap_flux
HD_222582,15272,11469,11466,11466,24.921424829753803,228530.09,pdcsap_flux
HD_213519,117499,114179,114161,114161,2.840875241491414,227194.44,pdcsap_flux
HD_224018,15273,11470,11468,11468,24.913245596804824,37011.0165,pdcsap_flux
HD_22496,13541,13532,13531,13531,0.073849789528102,205203.92,pdcsap_flux
HD_22532,13540,13532,13532,13532,0.0590841949778431,246129.47,pdcsap_flux
HD_224538,18275,18275,18275,18275,0.0,155429.77,pdcsap_flux
HD_22781,15653,14538,14530,14530,7.174343576311248,104806.625,pdcsap_flux
HD_231701,19610,19610,19606,19606,0.0203977562468149,65787.46,pdcsap_flux
HD_233604,18753,18657,18657,18657,0.5119180931051015,25168.33,pdcsap_flux
HD_233832,18754,18649,18644,18644,0.586541537805263,27418.328,pdcsap_flux
HD_23596,15803,14687,14654,14654,7.27077137252421,341571.04500000004,pdcsap_flux
HD_23472,18276,18276,18275,18275,0.0054716568176793,49459.45,pdcsap_flux
HD_235088,18421,18421,18421,18421,0.0,69841.26,pdcsap_flux
HD_240210,12867,12867,12867,12867,0.0,311419.3,pdcsap_flux
HD_238914,17625,17625,17625,17625,0.0,112918.36,pdcsap_flux
HD_240237,12869,12869,12869,12869,0.0,365689.9,pdcsap_flux
HD_24040,16857,14103,14100,14100,16.355223349350425,275328.0,pdcsap_flux
HD_25015,15688,14802,14802,14802,5.64762876083631,94484.3875,pdcsap_flux
HD_24085,18265,18265,18261,18261,0.0218998083766797,246793.52,pdcsap_flux
HD_25171,18272,18272,18270,18270,0.010945709281962,196433.23,pdcsap_flux
HD_25463,17564,17282,17278,17278,1.628330676383516,433669.7,pdcsap_flux
HD_25723,17656,17219,17219,17219,2.475079293158134,2064424.9,pdcsap_flux
HD_25912,13539,12973,12973,12973,4.180515547677077,147919.72,pdcsap_flux
HD_219828,117333,113229,113199,113199,3.5233054639359773,168882.52,pdcsap_flux
HD_260655,16966,16197,16195,16195,4.544382883413888,103091.51,pdcsap_flux
HD_2638,13540,12968,12967,12967,4.231905465288033,57412.074,pdcsap_flux
HD_26161,17054,16893,16891,16891,0.9557874985340664,459417.8,pdcsap_flux
HD_2685,18271,18271,17419,17419,4.663127360297736,33989.383,pdcsap_flux
HD_27442,18283,18283,18282,18282,0.0054695618880939,6190153.5,pdcsap_flux
HD_27894,18298,18298,18297,18297,0.0054650781506127,55012.57,pdcsap_flux
HD_28109,18276,18276,18276,18276,0.0,42548.7175,pdcsap_flux
HD_28185,17656,17219,17218,17218,2.4807430901676475,212770.34,pdcsap_flux
HD_28192,17561,17371,17371,17371,1.081942941745917,164527.61,pdcsap_flux
HD_28254,13538,12971,12970,12970,4.195597577190135,240725.13,pdcsap_flux
HD_284149_A,16494,15678,15678,15678,4.9472535467442675,37856.346999999994,pdcsap_flux
HD_28471,18272,18272,18268,18268,0.021891418563924,191925.605,pdcsap_flux
HD_290327,14681,14681,14681,14681,0.0,75076.055,pdcsap_flux
HD_28678,17570,17369,17369,17369,1.143995446784296,176641.5,pdcsap_flux
HD_29021,17045,16777,16767,16767,1.6309768260486912,222786.67,pdcsap_flux
HD_29399,18268,18268,18268,18268,0.0,1737880.55,pdcsap_flux
HD_2952,16073,12858,12858,12858,20.00248864555466,1546209.2,pdcsap_flux
HD_29985,17692,17279,17279,17279,2.334388424146505,52159.297,pdcsap_flux
HD_30669,17596,17239,17239,17239,2.0288701977722257,68802.87,pdcsap_flux
HD_30177,18300,18300,18299,18299,0.0054644808743176,126963.34,pdcsap_flux
HD_30856,17586,17144,17141,17141,2.530421926532467,236258.58,pdcsap_flux
HD_31527,17588,17146,17139,17139,2.5528769615646985,273389.03,pdcsap_flux
HD_3167,17060,14679,14678,14678,13.962485345838216,78841.02,pdcsap_flux
HD_32963,16910,16261,16244,16244,3.9384979302188095,249448.42,pdcsap_flux
HD_32518,17041,16692,16692,16692,2.0480018778240683,999895.98,pdcsap_flux
HD_330075,18665,14343,14326,14326,23.246718457005088,62850.756,pdcsap_flux
HD_33564,17053,16726,16726,16726,1.917551164018061,2314301.0,pdcsap_flux
HD_33142,17653,17316,17313,17313,1.9260182405256845,219079.53,pdcsap_flux
HD_33844,17655,17318,17318,17318,1.9088077032002215,425389.94,pdcsap_flux
HD_27969,111094,96173,96155,96155,13.447170864313108,234077.02,pdcsap_flux
HD_34445,17910,17277,17270,17270,3.5734226689000503,332264.9,pdcsap_flux
HD_35759,17051,16711,16694,16694,2.093718843469594,208953.62,pdcsap_flux
HD_35843,17659,17274,17274,17274,2.180191403816756,50865.645,pdcsap_flux
HD_36384,17017,16668,16668,16668,2.0508902861844036,2209914.4,pdcsap_flux
HD_3651,15068,13033,13003,13003,13.704539421290152,1439595.0,pdcsap_flux
HD_285968,99941,89693,89683,89683,10.264055792917826,105119.34,pdcsap_flux
HD_37124,16912,16300,16291,16291,3.6719489120151327,246395.38,pdcsap_flux
HD_37605,14680,14599,14597,14597,0.5653950953678488,105897.45,pdcsap_flux
HD_38529,14677,14677,14675,14675,0.0136267629624597,1292563.8,pdcsap_flux
HD_38801,14680,14608,14604,14604,0.5177111716621274,157529.945,pdcsap_flux
HD_38283,18273,18273,18267,18267,0.0328353308159612,553730.25,pdcsap_flux
HD_39091,18264,18264,18255,18255,0.0492772667542662,1464602.4,pdcsap_flux
HD_39855,14677,14626,14624,14624,0.3611092185051401,287371.5,pdcsap_flux
HD_39194,18273,18273,18267,18267,0.0328353308159612,184858.86,pdcsap_flux
HD_40956,17050,16710,16710,16710,1.9941348973607,956197.675,pdcsap_flux
HD_40307,18273,18273,18269,18269,0.0218902205439741,507959.22,pdcsap_flux
HD_40979,17042,16745,16745,16745,1.7427531979814614,533203.7,pdcsap_flux
HD_41004_B,17693,17271,17229,17229,2.622506075849207,62332.195,pdcsap_flux
HD_41004_A,17693,17271,17229,17229,2.622506075849207,62332.195,pdcsap_flux
HD_42012,16941,15971,15971,15971,5.725754087716195,129435.65,pdcsap_flux
HD_4113,18297,18297,18296,18296,0.0054653768377321,197143.95,pdcsap_flux
HD_331093,112687,98138,98110,98110,12.935831107403695,129741.11,pdcsap_flux
HD_4203,15076,13041,13035,13035,13.53807375961794,97555.1,pdcsap_flux
HD_4208,13541,12858,12857,12857,5.051325603722034,221381.8,pdcsap_flux
HD_4313,14902,11101,11101,11101,25.506643403569996,252750.48,pdcsap_flux
HD_42618,17442,17442,17439,17439,0.017199862401096,506603.25,pdcsap_flux
HD_43197,14681,14638,14636,14636,0.3065186295211464,77913.5,pdcsap_flux
HD_4308,18261,18261,18261,18261,0.0,686122.56,pdcsap_flux
HD_44219,14675,14614,14078,14078,4.068143100511068,230878.98,pdcsap_flux
HD_45184,14676,14633,14632,14632,0.2998092123194351,777962.9199999999,pdcsap_flux
HD_45350,17384,16548,16533,16533,4.895306028531987,206968.8,pdcsap_flux
HD_45652,14684,14684,14682,14682,0.0136202669572371,177734.0,pdcsap_flux
HD_45364,14679,14679,14675,14675,0.0272498126575371,176930.03,pdcsap_flux
HD_457,17928,14985,14979,14979,16.449129852744313,212305.52,pdcsap_flux
HD_4732,13539,12856,12855,12855,5.052071792599156,1516013.5,pdcsap_flux
HD_47366,14679,14618,14618,14618,0.4155596430274522,1257057.9,pdcsap_flux
HD_3765,107864,104847,104844,104844,2.79982199807165,388375.7,pdcsap_flux
HD_47186,14681,14638,14633,14633,0.3269532048225554,255061.52,pdcsap_flux
HD_47536,14643,14643,14643,14643,0.0,3379167.2,pdcsap_flux
HD_4760,15785,13764,13728,13728,13.031358885017418,533265.8500000001,pdcsap_flux
HD_50499,14675,14675,14674,14674,0.0068143100511064,350667.34,pdcsap_flux
HD_48265,14680,14649,14647,14647,0.2247956403269801,172775.16,pdcsap_flux
HD_4917,17508,16033,16032,16032,8.43043180260452,223521.865,pdcsap_flux
HD_43691,84285,75139,75103,75103,10.893990627039209,160293.19,pdcsap_flux
HD_51608,18298,18298,18298,18298,0.0,166332.675,pdcsap_flux
HD_5319,15512,10985,10985,10985,29.1838576585869,209926.7,pdcsap_flux
HD_52265,16342,16342,16339,16339,0.0183576061681511,799376.2,pdcsap_flux
HD_5278,18276,18276,18274,18274,0.0109433136353698,173200.75,pdcsap_flux
HD_5583,10785,10785,10785,10785,0.0,333733.22,pdcsap_flux
HD_5608,15377,12775,12775,12775,16.921376081160176,1444696.8,pdcsap_flux
HD_55696,16331,16331,16329,16329,0.0122466474802518,176043.02,pdcsap_flux
HD_5388,18296,18296,18293,18293,0.0163970266724988,516455.7,pdcsap_flux
HD_56414,18275,18275,18275,18275,0.0,37873.82,pdcsap_flux
HD_56957,16339,16339,16334,16334,0.0306016280066101,268022.235,pdcsap_flux
HD_5891,10784,10784,10784,10784,0.0,214722.96500000003,pdcsap_flux
HD_59686_A,16297,15804,15804,15804,3.025096643554026,2559791.1,pdcsap_flux
HD_60292,17625,17625,17625,17625,0.0,745325.5,pdcsap_flux
HD_60532,16336,16336,16336,16336,0.0,4295715.5,pdcsap_flux
HD_46375,109168,89580,89569,89569,17.95306316869413,216792.33,pdcsap_flux
HD_6061,15387,12785,12783,12783,16.92337687658413,78742.63,pdcsap_flux
HD_62364,18269,18269,18266,18266,0.0164212600580193,298806.4,pdcsap_flux
HD_62549,16340,16340,16335,16335,0.0305997552019543,225374.33,pdcsap_flux
HD_63454,13533,12615,12615,12615,6.78341831079583,67440.34,pdcsap_flux
HD_63433,17318,16556,16556,16556,4.400046194710705,491171.48,pdcsap_flux
HD_63935,16331,16331,16328,16328,0.0183699712203777,110572.98,pdcsap_flux
HD_63765,16343,16343,16340,16340,0.0183564828978743,172275.47,pdcsap_flux
HD_64114,16337,16337,16334,16334,0.0183632245822407,235949.64,pdcsap_flux
HD_64121,13357,13037,13036,13036,2.4032342591899347,362393.2,pdcsap_flux
HD_50554,97482,90808,90797,90797,6.857676288955905,486389.34,pdcsap_flux
HD_6434,18293,18293,18292,18292,0.0054665719127489,223730.17,pdcsap_flux
HD_65216,18274,18274,18272,18272,0.0109445113275707,185266.21,pdcsap_flux
HD_66428,16340,16340,16336,16336,0.0244798041615701,144989.06,pdcsap_flux
HD_66141,17536,15777,15777,15777,10.03079379562044,7815697.5,pdcsap_flux
HD_67087,17335,16563,16559,16559,4.4764926449379905,149179.11,pdcsap_flux
HD_68475,16342,16342,16340,16340,0.0122384041121081,105075.015,pdcsap_flux
HD_68402,18235,17513,17496,17496,4.052646010419525,62681.4535,pdcsap_flux
HD_70642,13361,13085,13081,13081,2.095651523089592,393118.1,pdcsap_flux
HD_69123,16336,16336,16336,16336,0.0,1755756.4,pdcsap_flux
HD_68988,17623,17623,17603,17603,0.1134880553821715,140808.1,pdcsap_flux
HD_70573,16337,16337,16337,16337,0.0,92283.55,pdcsap_flux
HD_7199,18271,18271,18267,18267,0.0218926167150135,189179.94,pdcsap_flux
HD_72490,16276,15499,15498,15498,4.78004423691325,249973.815,pdcsap_flux
HD_73256,13340,12933,12933,12933,3.0509745127436316,179745.92,pdcsap_flux
HD_72892,13357,12977,12977,12977,2.8449502133712667,84565.25,pdcsap_flux
HD_72659,16337,16337,16329,16329,0.0489685988859678,281318.28,pdcsap_flux
HD_73267,13360,12953,12952,12952,3.0538922155688653,85521.715,pdcsap_flux
HD_73526,13358,13173,13170,13170,1.4073963168138914,75260.525,pdcsap_flux
HD_73534,16278,15501,15500,15500,4.779456935741488,179214.40500000003,pdcsap_flux
HD_73583,13346,12966,12966,12966,2.8472950696837973,57595.62,pdcsap_flux
HD_7449,13539,12992,12992,12992,4.040180220104883,268257.47,pdcsap_flux
HD_74156,16338,16338,16332,16332,0.0367242012486279,239930.61,pdcsap_flux
HD_74698,17113,15915,15909,15909,7.035586980657982,215523.61,pdcsap_flux
HD_75289,13361,13176,13172,13172,1.4145647780854698,759268.725,pdcsap_flux
HD_75302,13347,12947,12947,12947,2.9969281486476373,300968.3,pdcsap_flux
HD_75784,16285,15508,15507,15507,4.777402517654283,258738.77,pdcsap_flux
HD_75898,18213,17335,17321,17321,4.897600614945363,165820.86,pdcsap_flux
HD_76700,17103,16167,16163,16163,5.496111793252645,160301.95,pdcsap_flux
HD_77338,13355,13039,13035,13035,2.3961063272182725,109319.54,pdcsap_flux
HD_76920,17304,15911,15911,15911,8.050161812297729,290066.62,pdcsap_flux
HD_79181,13351,13035,12984,12984,2.748857763463408,1791207.9500000002,pdcsap_flux
HD_7924,16434,15133,15132,15132,7.922599488864545,448920.795,pdcsap_flux
HD_79498,18241,17352,17333,17333,4.977797269886519,162156.77,pdcsap_flux
HD_80913,18181,11697,11689,11689,35.707606842307904,266293.78,pdcsap_flux
HD_80606,18755,18659,18595,18595,0.8531058384430801,69261.19,pdcsap_flux
HD_80653,16852,16231,16230,16230,3.690956563019221,45464.928,pdcsap_flux
HD_81040,16273,15279,15279,15279,6.1082775149019835,225531.61,pdcsap_flux
HD_81688,18213,17329,17329,17329,4.853675945753033,2480558.0,pdcsap_flux
HD_82943,13354,13048,13037,13037,2.3738205781039357,657194.75,pdcsap_flux
HD_83443,16906,15622,15619,15619,7.612681888087069,153117.0,pdcsap_flux
HD_86065,13363,13057,13052,13052,2.327321709197039,64809.016,pdcsap_flux
HD_85390,17120,16518,16511,16511,3.557242990654208,125971.516,pdcsap_flux
HD_86081,13355,13027,13022,13022,2.493448146761512,86923.795,pdcsap_flux
HD_86264,13357,13051,13050,13050,2.298420303960469,268819.32,pdcsap_flux
HD_86226,16925,15991,15987,15987,5.542097488921716,179948.23,pdcsap_flux
HD_8673,15393,12775,12775,12775,17.007730786721243,724882.25,pdcsap_flux
HD_73344,101369,92646,92642,92642,8.609140861604637,454141.22,pdcsap_flux
HD_86728,18120,17286,17273,17273,4.6743929359823415,2029524.8,pdcsap_flux
HD_88072,13359,13031,13027,13027,2.4852159592783862,269334.88,pdcsap_flux
HD_87816,17122,16520,16520,16520,3.515944399018811,876266.47,pdcsap_flux
HD_87883,18152,17318,17295,17295,4.721242838254735,344370.4,pdcsap_flux
HD_88133,16851,16504,16503,16503,2.065159337724765,191209.81,pdcsap_flux
HD_89345,16513,15918,15912,15912,3.6395567128928774,50027.506,pdcsap_flux
HD_9174,13541,12919,12919,12919,4.593456908647808,127511.3,pdcsap_flux
HD_89839,17112,16510,16506,16506,3.5413744740532938,220717.44,pdcsap_flux
HD_89744,18153,17319,17317,17317,4.605299399548279,1324393.4,pdcsap_flux
HD_90156,16934,16000,15997,15997,5.533246722569974,483650.56,pdcsap_flux
HD_92788,16890,15775,15769,15769,6.637063351095318,343513.7,pdcsap_flux
HD_93083,16931,16085,16070,16070,5.0853464060008235,162408.835,pdcsap_flux
HD_93351,16897,15782,15778,15778,6.62247736284548,58163.555,pdcsap_flux
HD_93963_A,17923,15986,15984,15984,10.818501366958657,58814.973,pdcsap_flux
HD_94890,16921,16075,16075,16075,4.999704509189762,5043310.0,pdcsap_flux
HD_95089,16533,16200,16199,16199,2.020202020202022,233566.31,pdcsap_flux
HD_95338,17690,15676,15605,15605,11.786319954776712,116077.19,pdcsap_flux
HD_95127,18746,18699,18699,18699,0.2507201536327774,248843.52,pdcsap_flux
HD_8574,107694,104703,104667,104667,2.810741545490003,369130.7,pdcsap_flux
HD_95544,18415,18415,18410,18410,0.027151778441492,124103.06,pdcsap_flux
HD_95872,16900,16020,16019,16019,5.2130177514792875,36580.375,pdcsap_flux
HD_96063,16899,15780,15779,15779,6.627611101248599,173946.98,pdcsap_flux
HD_96127,18752,18705,18705,18705,0.2506399317406149,574143.3,pdcsap_flux
HD_96700,16931,16085,16081,16081,5.020376823578054,662711.4,pdcsap_flux
HD_97037,16894,15775,15769,15769,6.659168935716819,524036.12,pdcsap_flux
HD_89307,99364,94123,94118,94118,5.279578116822991,402348.25,pdcsap_flux
HD_97658,17959,15939,15927,15927,11.31466117267108,258262.84,pdcsap_flux
HD_97048,18851,18851,18744,18744,0.5676091454034249,102800.4025,pdcsap_flux
HD_98219,16899,16019,16010,16010,5.260666311616069,208699.99,pdcsap_flux
HD_98736,15819,13284,13280,13280,16.050319236361332,196639.57,pdcsap_flux
HD_98649,16887,16007,16002,16002,5.240717711849352,178176.0,pdcsap_flux
HIP_10090,13539,13021,13020,13020,3.8333702636826894,36623.7265,pdcsap_flux
HD_99706,18593,16880,16878,16878,9.223901468294516,302065.38,pdcsap_flux
HIP_107772,18277,18198,18197,18197,0.4377085955025395,37522.44,pdcsap_flux
HIP_107773,18257,18257,18257,18257,0.0,1964420.9,pdcsap_flux
HIP_111909,10779,8954,8954,8954,16.931069672511367,392696.25,pdcsap_flux
HIP_109384,16647,14092,14084,14084,15.3961674776236,46473.12,pdcsap_flux
HIP_109600,17741,13361,13357,13357,24.711121131841495,61450.293,pdcsap_flux
HIP_114933,10117,9017,9017,9017,10.872788376000786,450212.16,pdcsap_flux
HIP_113103,17284,14509,14509,14509,16.055311270539228,39937.934,pdcsap_flux
HIP_34222,3221,3146,3132,3132,2.763117044396146,50299.595,pdcsap_flux
HIP_116454,14917,11275,11275,11275,24.4150968693437,28322.117,pdcsap_flux
HIP_14810,17024,13077,13075,13075,23.19666353383458,114480.516,pdcsap_flux
HD_9446,107710,104503,104503,104503,2.9774394206666055,124739.47,pdcsap_flux
HIP_18606,17566,17371,17371,17371,1.110099054992597,1704787.0,pdcsap_flux
HIP_19976,17246,16735,16734,16734,2.9688043604314096,35091.219,pdcsap_flux
HIP_21152,17567,17366,17366,17366,1.1441908123185571,679109.9,pdcsap_flux
HIP_35173,16339,16339,16333,16333,0.0367219536079321,93529.805,pdcsap_flux
HIP_35965,16340,16340,16338,16338,0.0122399020807795,31957.996,pdcsap_flux
HIP_39017,16336,16336,16336,16336,0.0,344562.565,pdcsap_flux
HIP_39330,13360,13084,13070,13070,2.1706586826347296,277047.72,pdcsap_flux
HIP_4845,13540,12969,12969,12969,4.217134416543578,61363.164,pdcsap_flux
HIP_41378,16341,16341,16339,16339,0.0122391530506082,67703.36,pdcsap_flux
HIP_5158,13541,12858,12858,12858,5.043940624769217,35582.248,pdcsap_flux
HIP_54373,16901,16021,16016,16016,5.236376545766519,51842.44,pdcsap_flux
HIP_54597,16935,16089,16087,16087,5.007381163271329,46589.332,pdcsap_flux
HIP_56640,10942,10833,10833,10833,0.9961615792359768,241977.42,pdcsap_flux
HIP_55507,18753,18706,18694,18694,0.3146163280541736,62816.668000000005,pdcsap_flux
HIP_5763,15118,13047,13042,13042,13.73197512898532,55742.617,pdcsap_flux
HIP_57274,17958,15938,15929,15929,11.29858558859561,110921.17,pdcsap_flux
HIP_63242,18120,11699,11699,11699,35.43598233995585,659044.7,pdcsap_flux
HIP_65426,18185,11701,11700,11700,35.661259279626066,265692.275,pdcsap_flux
HIP_65407,17743,15249,15249,15249,14.056247534238851,55477.613,pdcsap_flux
HIP_65891,18103,11693,11674,11674,35.51345080925813,669671.55,pdcsap_flux
HIP_65_A,18275,18275,18274,18274,0.0054719562243454,17650.261,pdcsap_flux
HIP_67851,15851,11694,11693,11693,26.231783483691885,1253459.2,pdcsap_flux
HIP_66074,17747,17516,17513,17513,1.3185327097537614,39565.754,pdcsap_flux
HIP_70849,18186,11701,11701,11701,35.65929836137688,45514.535,pdcsap_flux
HIP_71135,18182,11697,11695,11695,35.67814321856781,33593.11,pdcsap_flux
HIP_74890,15885,11699,11699,11699,26.351904312244255,559993.6,pdcsap_flux
HIP_78530,14059,12535,12532,12532,10.861369940963083,241762.765,pdcsap_flux
HIP_8152,13540,12836,12836,12836,5.199409158050217,26750.059,pdcsap_flux
HIP_86221,18102,11761,11753,11753,35.07347254447022,98130.55,pdcsap_flux
HIP_8541,18297,18297,18297,18297,0.0,275566.34,pdcsap_flux
HIP_8923,13541,12919,12918,12918,4.600841887600615,139523.92,pdcsap_flux
HIP_91258,18423,18423,18420,18420,0.0162839928350422,103225.14,pdcsap_flux
HIP_94235,16772,16736,16736,16736,0.2146434533746744,123381.64,pdcsap_flux
HIP_948,17924,14981,14978,14978,16.43606337871011,44856.215,pdcsap_flux
HIP_9618,15063,12713,12708,12708,15.634335789683329,60508.699,pdcsap_flux
HIP_97233,13453,9629,9629,9629,28.424886642384596,407350.84,pdcsap_flux
HIP_97166,18424,18424,18420,18420,0.0217108119843656,35977.138999999996,pdcsap_flux
HIP_99770,18108,13818,13818,13818,23.691186216037107,2055063.5,pdcsap_flux
HIP_56998,111372,107273,107270,107270,3.683151959199804,321372.84,pdcsap_flux
HR_5183,15391,13447,13439,13439,12.682736664284322,804473.0,pdcsap_flux
HR_2562,18296,18296,18295,18295,0.0054656755575033,875316.3,pdcsap_flux
HIP_79098_AB,84557,75275,75272,75272,10.980758541575508,785160.6,pdcsap_flux
HIP_79431,84779,74875,74874,74874,11.683317802757752,34917.982,pdcsap_flux
HR_810,18284,18284,18284,18284,0.0,1828981.25,pdcsap_flux
HR_858,15677,14758,14754,14754,5.887606047075334,698249.9,pdcsap_flux
HS_Psc,15097,11884,11884,11884,21.282373981585742,26101.257,pdcsap_flux
HU_Aqr,18341,14007,13908,13908,24.1698925903713,74.5797,pdcsap_flux
IRAS_04125+2902,16869,15589,15589,15589,7.587883099176008,1320.1403,pdcsap_flux
IC_4651_9122,19329,18348,18348,18348,5.07527549278286,17481.664,pdcsap_flux
ISO-Oph_96,14063,11977,11977,11977,14.833250373320062,413.35672,pdcsap_flux
IRAS_041252902,16869,15589,15589,15589,7.587883099176008,1320.1403,pdcsap_flux
HN_Lib,88444,73213,73207,73207,17.227850391208,53716.094,pdcsap_flux
ITG_15_A,16867,15272,15272,15272,9.456334855042392,745.84043,pdcsap_flux
K2-10,16531,16203,16203,16203,1.9841509890508704,3167.8271,pdcsap_flux
K2-100,16272,15275,15275,15275,6.127089478859393,15816.506,pdcsap_flux
K2-108,16281,15238,15232,15232,6.4430931760948384,3627.10835,pdcsap_flux
K2-102,16272,15275,15268,15268,6.170108161258603,2323.12205,pdcsap_flux
K2-11,16530,16190,16190,16190,2.0568663036902635,1469.0204,pdcsap_flux
K2-114,16343,16343,16343,16343,0.0,550.8234,pdcsap_flux
K2-116,14925,9729,9728,9728,34.82077051926298,23309.571,pdcsap_flux
K2-115,16342,16342,16339,16339,0.0183576061681511,1315.0309,pdcsap_flux
HN_Peg,112823,109268,109268,109268,3.1509532630757953,1136283.85,pdcsap_flux
K2-118,16285,15480,15480,15480,4.943199263125575,909.08608,pdcsap_flux
K2-119,16285,15282,15282,15282,6.159042063248387,482.811585,pdcsap_flux
K2-121,16279,15237,15236,15236,6.407027458689107,2136.3352999999997,pdcsap_flux
K2-12,16530,16203,16203,16203,1.9782214156079836,3536.2703,pdcsap_flux
K2-122,16151,15257,15255,15255,5.547644108723915,4418.184,pdcsap_flux
K2-123,16272,15274,15274,15274,6.133235004916426,899.3512000000001,pdcsap_flux
K2-125,14709,11556,11556,11556,21.435855598613095,361.21637,pdcsap_flux
K2-124,16274,15269,15269,15269,6.175494654049407,304.3825,pdcsap_flux
HR_8799,117626,114637,114637,114637,2.5411048577695383,870275.44,pdcsap_flux
K2-127,14704,11424,11424,11424,22.306855277475513,352.807005,pdcsap_flux
K2-101,97056,86750,86750,86750,10.618611935377508,2532.4902,pdcsap_flux
K2-129,18227,15629,15628,15628,14.259066220442197,4767.114,pdcsap_flux
K2-133,16866,15288,15288,15288,9.356101031661336,1857.1023,pdcsap_flux
K2-117,104261,98873,98872,98872,5.168759171694115,1254.9062,pdcsap_flux
K2-126,88546,68313,68311,68311,22.852528629187084,3604.214,pdcsap_flux
K2-128,88422,67840,67839,67839,23.27814344846305,4027.5244,pdcsap_flux
K2-137,17534,15988,15988,15988,8.817155241245578,800.366,pdcsap_flux
K2-140,17534,15676,15651,15651,10.73913539409148,2466.7644,pdcsap_flux
K2-146,16172,14614,14614,14614,9.633935196636155,495.005095,pdcsap_flux
K2-130,110491,89610,89607,89607,18.901086966359248,3687.4348,pdcsap_flux
K2-131,102127,90935,90935,90935,10.95890410958904,4749.544,pdcsap_flux
K2-148,15543,10892,10892,10892,29.923438203692974,1958.15125,pdcsap_flux
K2-132,102812,90729,90723,90723,11.75835505583006,6315.8794,pdcsap_flux
K2-149,14899,10520,10470,10470,29.726827303845894,1208.2852,pdcsap_flux
K2-150,15907,12993,12993,12993,18.318979065820084,579.668,pdcsap_flux
K2-151,15907,13013,13013,13013,18.19324825548501,1953.9298,pdcsap_flux
K2-136,98111,91823,91813,91813,6.4192598179612865,14342.851,pdcsap_flux
K2-152,17534,15575,15575,15575,11.172578989392036,2197.6816,pdcsap_flux
K2-153,17573,16264,16263,16263,7.45461787970182,717.95105,pdcsap_flux
K2-154,17571,16458,16458,16458,6.334300836605767,1727.68005,pdcsap_flux
K2-156,17534,15712,15712,15712,10.391239876810763,2169.48275,pdcsap_flux
K2-141,94336,65499,63958,63958,32.20191655359565,15447.018,pdcsap_flux
K2-157,17534,15956,15955,15955,9.005361012889246,2260.7932,pdcsap_flux
K2-159,17535,15860,15860,15860,9.552323923581408,5589.8569,pdcsap_flux
K2-160,17535,15917,15917,15917,9.227259766181916,2358.4658,pdcsap_flux
K2-161,17535,15836,15836,15836,9.689193042486457,3243.3574,pdcsap_flux
K2-162,17573,16320,16320,16320,7.1302566437147945,4724.981,pdcsap_flux
K2-164,16537,16204,16204,16204,2.013666324000729,8355.9705,pdcsap_flux
K2-147,100671,98196,98188,98188,2.466450119696839,2238.3503,pdcsap_flux
K2-167,18297,18297,18295,18295,0.0109307536754643,130733.4,pdcsap_flux
K2-169,14986,9762,9761,9761,34.86587481649539,4121.2344,pdcsap_flux
K2-170,14986,9774,9774,9774,34.779127185373014,2482.98875,pdcsap_flux
K2-171,14927,9752,9752,9752,34.66872110939908,2890.9569,pdcsap_flux
K2-155,100109,91340,91326,91326,8.773436953720449,4547.64575,pdcsap_flux
K2-173,16863,14107,14107,14107,16.34347387772045,3748.7705,pdcsap_flux
K2-158,105818,93194,93191,93191,11.932752461773989,5690.7344,pdcsap_flux
K2-174,16863,14102,14102,14102,16.37312459230268,5138.07135,pdcsap_flux
K2-175,16860,13020,13019,13019,22.781731909845792,13538.339,pdcsap_flux
K2-176,16862,13023,13023,13023,22.767168781876418,2389.614,pdcsap_flux
K2-168,90699,57305,57305,57305,36.81848752466951,3645.8147,pdcsap_flux
K2-177,17028,12341,12341,12341,27.52525252525253,2979.3357,pdcsap_flux
K2-178,17027,12319,12319,12319,27.650202619369235,3785.8862,pdcsap_flux
K2-179,17028,13081,13081,13081,23.179469109701667,2513.1482,pdcsap_flux
K2-165,105839,94082,94078,94078,11.11216092366708,7611.543949999999,pdcsap_flux
K2-172,90232,56549,56549,56549,37.32932884120933,3275.6357,pdcsap_flux
K2-18,16506,16232,16232,16232,1.6600024233612063,4869.739,pdcsap_flux
K2-166,105836,95540,95537,95537,9.73109338977286,3800.472,pdcsap_flux
K2-181,16343,16343,16343,16343,0.0,2366.4312,pdcsap_flux
K2-183,16282,15207,15207,15207,6.602382999631495,2200.871,pdcsap_flux
K2-185,16284,15278,15278,15278,6.1778432817489515,3643.36315,pdcsap_flux
K2-184,16285,15267,15267,15267,6.251151366287999,23281.791,pdcsap_flux
K2-186,16272,15274,15273,15273,6.139380530973448,3196.598,pdcsap_flux
K2-187,16273,15270,15270,15270,6.163583850549992,1839.57865,pdcsap_flux
K2-189,14709,11604,11604,11604,21.10952478074648,3183.0062500000004,pdcsap_flux
K2-188,16273,15269,15268,15268,6.175874147360661,2399.53345,pdcsap_flux
K2-190,14704,11453,11453,11453,22.10963003264418,10118.129,pdcsap_flux
K2-19,16530,16203,16203,16203,1.9782214156079836,1889.2584,pdcsap_flux
K2-191,16256,10340,10340,10340,36.39271653543307,1764.1163,pdcsap_flux
K2-193,14704,11419,11419,11419,22.34085963003264,1463.8677,pdcsap_flux
K2-194,14677,11343,11343,11343,22.71581385841793,1699.4315,pdcsap_flux
K2-196,17434,16458,16458,16458,5.59825628083056,3970.78065,pdcsap_flux
K2-197,17550,16623,16623,16623,5.282051282051281,3957.0688,pdcsap_flux
K2-200,17592,16623,16623,16623,5.508185538881305,3368.3071,pdcsap_flux
K2-180,104131,98772,98752,98752,5.1656087044203876,2724.0073,pdcsap_flux
K2-201,18218,15448,15448,15448,15.20474256230102,4292.1097,pdcsap_flux
K2-182,104020,98940,98923,98923,4.900019227071716,5458.4775,pdcsap_flux
K2-192,88556,67880,67877,67877,23.35132571480193,2756.5364,pdcsap_flux
K2-205,15540,10938,10938,10938,29.61389961389962,2973.43065,pdcsap_flux
K2-206,15513,10491,10488,10488,32.392187197834076,2043.3553,pdcsap_flux
K2-207,15514,10498,10498,10498,32.33208714709295,1659.13755,pdcsap_flux
K2-195,104542,97474,97473,97473,6.761875609802759,2800.8484,pdcsap_flux
K2-199,88432,66266,66266,66266,25.065587117785416,5173.1355,pdcsap_flux
K2-209,15513,10880,10880,10880,29.865274286082645,14293.586,pdcsap_flux
K2-210,16309,12975,12975,12975,20.44270034950027,6074.7095,pdcsap_flux
K2-198,105437,97073,97071,97071,7.93459601468175,10479.85,pdcsap_flux
K2-213,15476,10838,10838,10838,29.968984233652108,3650.7135,pdcsap_flux
K2-212,16310,13027,13027,13027,20.12875536480687,3276.8433,pdcsap_flux
K2-215,16268,12978,12978,12978,20.223752151462993,1961.08055,pdcsap_flux
K2-214,16270,12953,12953,12953,20.38721573448063,5668.504,pdcsap_flux
K2-203,105350,94693,94685,94685,10.123398196487898,4005.8445,pdcsap_flux
K2-216,14903,10801,10801,10801,27.524659464537336,4533.2812,pdcsap_flux
K2-217,14902,10609,10609,10609,28.808213662595627,3695.317,pdcsap_flux
K2-204,105964,94973,94970,94970,10.375221773432486,1670.0606,pdcsap_flux
K2-218,15788,13760,13758,13758,12.85786673422853,2167.21925,pdcsap_flux
K2-21,90676,55741,55736,55736,38.532798094313826,4310.1355,pdcsap_flux
K2-220,15906,12939,12939,12939,18.653338362881932,5236.501,pdcsap_flux
K2-22,16531,16203,16193,16193,2.044643397253642,481.28543,pdcsap_flux
K2-221,15907,12956,12956,12956,18.55158106493996,2785.8567,pdcsap_flux
K2-222,15881,13014,13011,13011,18.071909829355835,42110.727,pdcsap_flux
K2-208,105781,94967,94947,94947,10.24191489965116,3009.5652,pdcsap_flux
K2-224,17507,15829,15829,15829,9.584737533558007,2396.6597,pdcsap_flux
K2-211,105338,95025,94998,94998,9.816020809204652,1820.56205,pdcsap_flux
K2-227,17508,16291,16291,16291,6.951108064884625,6117.163,pdcsap_flux
K2-228,17535,15989,15975,15975,8.896492728828054,2267.819,pdcsap_flux
K2-231,12707,9812,9812,9812,22.782718186826155,2517.02085,pdcsap_flux
K2-230,17431,16450,16450,16450,5.627904308416043,2291.67195,pdcsap_flux
K2-219,96787,73015,73015,73015,24.561149741184252,4336.6206,pdcsap_flux
K2-232,16643,15563,15301,15301,8.063450099140779,30788.094,pdcsap_flux
K2-238,14999,8961,8961,8961,40.256017067804514,947.07666,pdcsap_flux
K2-237,17995,14339,14336,14336,20.33342595165324,6091.2505,pdcsap_flux
K2-239,16510,15917,15915,15915,3.6038764385221023,1948.745,pdcsap_flux
K2-225,102872,90608,90581,90581,11.947857531689865,6319.783,pdcsap_flux
K2-223,102877,90384,90364,90364,12.163068518716525,7605.93875,pdcsap_flux
K2-226,102139,90548,90537,90537,11.359030341005882,3923.7256,pdcsap_flux
K2-241,17535,15664,15664,15664,10.670088394639288,5191.5655,pdcsap_flux
K2-229,105778,93412,91556,91556,13.445139821134832,12635.458,pdcsap_flux
K2-233,84759,73633,73633,73633,13.12662962045329,19425.863,pdcsap_flux
K2-244,17535,15775,15775,15775,10.037068719703443,5399.7163,pdcsap_flux
K2-247,17498,15689,15689,15689,10.338324379929132,659.8728,pdcsap_flux
K2-246,17535,15980,15980,15980,8.86797832905617,458.890625,pdcsap_flux
K2-24,84558,72961,72958,72958,13.718394474798368,11779.8675,pdcsap_flux
K2-25,16200,15661,15656,15656,3.358024691358019,996.7615,pdcsap_flux
K2-240,84798,74198,74157,74157,12.548645015212625,3377.9692,pdcsap_flux
K2-251,17508,16265,16263,16263,7.111034955448936,514.40106,pdcsap_flux
K2-242,103095,91718,91718,91718,11.03545273776614,340.796705,pdcsap_flux
K2-243,105813,91603,91593,91593,13.438802415582208,11146.706,pdcsap_flux
K2-253,17533,15987,15985,15985,8.829065191353447,377.81418,pdcsap_flux
K2-254,17535,15989,15989,15989,8.816652409466785,988.3894,pdcsap_flux
K2-257,17572,16468,16468,16468,6.282722513089,2881.70805,pdcsap_flux
K2-258,17571,16467,16467,16467,6.283080075123781,1318.2535,pdcsap_flux
K2-248,102326,91809,91807,91807,10.279889764087324,1267.6582,pdcsap_flux
K2-259,17572,16419,16419,16419,6.561575233325745,2612.064,pdcsap_flux
K2-26,16943,15544,15544,15544,8.257097326329454,1295.64765,pdcsap_flux
K2-249,102231,90891,90886,90886,11.097416634875923,2733.14475,pdcsap_flux
K2-261,16897,15782,15777,15777,6.628395573178669,16745.47,pdcsap_flux
K2-263,16286,15282,15282,15282,6.164804126243395,6984.2176500000005,pdcsap_flux
K2-264,16273,15279,15279,15279,6.1082775149019835,257.30838,pdcsap_flux
K2-250,102361,90981,90981,90981,11.117515459989647,813.865,pdcsap_flux
K2-268,16286,15506,15505,15505,4.795529902984164,1013.38916,pdcsap_flux
K2-269,16281,15264,15264,15264,6.246545052515207,6329.511350000001,pdcsap_flux
K2-27,16530,16201,16201,16201,1.9903206291591036,2587.5884,pdcsap_flux
K2-252,103010,91157,91152,91152,11.511503737501217,2497.88145,pdcsap_flux
K2-271,16281,15233,15233,15233,6.436951047232975,838.5873,pdcsap_flux
K2-270,16287,15281,15241,15241,6.422299993860136,1209.7859,pdcsap_flux
K2-272,16287,15283,15282,15282,6.170565481672496,865.545875,pdcsap_flux
K2-273,16172,14630,14630,14630,9.534998763294588,1488.87875,pdcsap_flux
K2-274,16273,15274,15273,15273,6.145148405333989,1978.9327,pdcsap_flux
K2-276,16150,15232,15231,15231,5.6904024767801875,510.54044,pdcsap_flux
K2-277,16425,15063,14936,14936,9.065449010654492,21914.829,pdcsap_flux
K2-278,14709,11507,11507,11507,21.76898497518526,1254.3645,pdcsap_flux
K2-279,16189,10211,10210,10210,36.932485020693065,5773.2762,pdcsap_flux
K2-260,107828,101798,101783,101783,5.606150536038879,2634.523,pdcsap_flux
K2-28,14568,9653,9643,9643,33.80697419000549,754.26416,pdcsap_flux
K2-280,18218,15168,15168,15168,16.741684048743,2789.0730000000003,pdcsap_flux
K2-281,16270,12943,12943,12943,20.448678549477563,381.3749,pdcsap_flux
K2-283,15907,12949,12948,12948,18.601873389073997,655.7788499999999,pdcsap_flux
K2-282,15906,12979,12979,12979,18.40186093298126,802.11194,pdcsap_flux
K2-266,83752,80261,80230,80230,4.205272709905438,9313.247,pdcsap_flux
K2-265,100664,86677,86669,86669,13.902686163871891,10987.721,pdcsap_flux
K2-286,14055,12480,12480,12480,11.2059765208111,4813.8435,pdcsap_flux
K2-284,16912,16256,16256,16256,3.878902554399244,2448.3975,pdcsap_flux
K2-287,14096,12585,12585,12585,10.71935300794552,10510.373,pdcsap_flux
K2-288_B,16861,12171,12170,12170,27.82160014234031,303.70178,pdcsap_flux
K2-289,14111,12722,12722,12722,9.843384593579474,1134.7943,pdcsap_flux
K2-290,14095,12579,12576,12576,10.776871230932947,11357.727,pdcsap_flux
K2-293,14999,9352,9351,9351,37.65584372291486,1432.6598,pdcsap_flux
K2-294,15018,9387,9387,9387,37.49500599280863,2878.8682,pdcsap_flux
K2-29,16867,15610,15403,15403,8.679670362245806,3902.6802,pdcsap_flux
K2-291,16914,16302,16302,16302,3.618304363249381,27938.766,pdcsap_flux
K2-275,98022,89154,89141,89141,9.060210973046868,5304.5825,pdcsap_flux
K2-295,16269,13014,13010,13010,20.03196262831152,1273.3676,pdcsap_flux
K2-30,17028,12472,12470,12470,26.76767676767676,1608.4646,pdcsap_flux
K2-315,14095,12507,12507,12507,11.266406527137285,274.59998,pdcsap_flux
K2-316,14095,12605,12605,12605,10.571124512238384,305.5784,pdcsap_flux
K2-317,14096,12513,12513,12513,11.23013620885358,109.62984,pdcsap_flux
K2-318,14055,12454,12454,12454,11.390964069726072,831.81123,pdcsap_flux
K2-285,94405,65330,65330,65330,30.798156877284043,5052.5188,pdcsap_flux
K2-319,16531,16193,16193,16193,2.044643397253642,4374.8545,pdcsap_flux
K2-321,13363,12975,12975,12975,2.903539624335849,3056.9167,pdcsap_flux
K2-320,16511,15916,15916,15916,3.60365816728242,160.84351500000002,pdcsap_flux
K2-322,16511,15666,15666,15666,5.1178002543758705,1756.28865,pdcsap_flux
K2-324,16513,15729,15729,15729,4.747774480712163,641.6495,pdcsap_flux
K2-323,16513,15918,15918,15918,3.603221704111914,1003.54724,pdcsap_flux
K2-325,15276,11350,11349,11349,25.7069913589945,166.51685,pdcsap_flux
K2-31,84587,72675,72664,72664,14.095546596994811,16068.7475,pdcsap_flux
K2-329,14999,9332,9330,9330,37.795853056870456,2886.5935,pdcsap_flux
K2-326,14930,11152,11152,11152,25.304755525787005,349.69640000000004,pdcsap_flux
K2-3,99422,93434,93434,93434,6.022811852507493,9094.7995,pdcsap_flux
K2-330,16341,16341,16341,16341,0.0,35672.582,pdcsap_flux
K2-331,16287,15506,15506,15506,4.795235463866887,8000.676,pdcsap_flux
K2-332,16285,15503,15503,15503,4.801964998464847,136.72983,pdcsap_flux
K2-308,107873,102139,102139,102139,5.315509905166261,291.42468,pdcsap_flux
K2-32,88931,74579,74575,74575,16.142852323711644,4617.95,pdcsap_flux
K2-333,16287,15509,15509,15509,4.776815865414131,3783.4243,pdcsap_flux
K2-334,16287,15503,15503,15503,4.8136550623196435,6502.61,pdcsap_flux
K2-336,16286,15497,15497,15497,4.844651848213188,2563.494,pdcsap_flux
K2-335,16284,15281,15281,15281,6.159420289855078,2352.7837,pdcsap_flux
K2-337,16842,15505,15505,15505,7.9384871155444685,3011.4597,pdcsap_flux
K2-339,16172,14609,14608,14608,9.67103635913925,521.8394499999999,pdcsap_flux
K2-338,16280,15238,15238,15238,6.400491400491404,1885.40715,pdcsap_flux
K2-34,16151,15257,15221,15221,5.758157389635321,6098.9663,pdcsap_flux
K2-340,16842,15491,15491,15491,8.021612635078966,562.61414,pdcsap_flux
K2-341,16271,15277,15276,15276,6.115174236371457,2431.5958499999997,pdcsap_flux
K2-342,16273,15277,15277,15277,6.120567811712652,8757.356,pdcsap_flux
K2-343,16274,15275,15275,15275,6.138626029249106,380.90445,pdcsap_flux
K2-344,16274,15236,15236,15236,6.3782720904510315,3077.4696,pdcsap_flux
K2-345,16272,15274,15274,15274,6.133235004916426,532.650275,pdcsap_flux
K2-33,84838,75439,75439,75439,11.078761875574628,1140.3662,pdcsap_flux
K2-346,16150,15232,15232,15232,5.684210526315791,6236.171,pdcsap_flux
K2-347,16069,15230,15230,15230,5.221233430829553,397.540225,pdcsap_flux
K2-349,16255,10157,10157,10157,37.51461088895724,590.7828,pdcsap_flux
K2-350,14708,11472,11472,11472,22.00163176502583,1165.0342,pdcsap_flux
K2-35,16530,16198,16198,16198,2.0084694494857835,862.652535,pdcsap_flux
K2-351,14704,11412,11412,11412,22.388465723612622,626.9862800000001,pdcsap_flux
K2-353,16190,10111,10110,10110,37.55404570722668,3644.7164,pdcsap_flux
K2-355,16738,14731,14731,14731,11.9906798900705,959.16174,pdcsap_flux
K2-356,16284,14653,14653,14653,10.0159665929747,1363.6376,pdcsap_flux
K2-357,16226,14678,14671,14671,9.583384691236285,1074.1978,pdcsap_flux
K2-358,16172,14696,14693,14693,9.145436557012122,935.7778,pdcsap_flux
K2-366,14107,12722,12722,12722,9.817820939958889,4230.6705,pdcsap_flux
K2-367,14985,9717,9717,9717,35.15515515515516,1431.3307,pdcsap_flux
K2-369,14568,9653,9653,9653,33.73833058758924,6907.8213,pdcsap_flux
K2-370,16642,15585,15557,15557,6.519649080639345,11623.0625,pdcsap_flux
K2-348,98042,88146,88143,88143,10.096693253911592,3198.07,pdcsap_flux
K2-371,16342,16342,16341,16341,0.006119202056054,513.74646,pdcsap_flux
K2-352,98155,92233,92228,92228,6.038408639396875,8562.526,pdcsap_flux
K2-372,16285,15274,15274,15274,6.208167024869516,1069.65145,pdcsap_flux
K2-354,104278,99283,99252,99252,4.819808588580521,790.80605,pdcsap_flux
K2-374,16285,15506,15506,15506,4.7835431378569275,2064.65005,pdcsap_flux
K2-375,16272,15278,15276,15276,6.12094395280236,1630.13405,pdcsap_flux
K2-37,84606,73437,73437,73437,13.2011914048649,3663.9177,pdcsap_flux
K2-376,18232,17354,17354,17354,4.81570864414217,17729.349000000002,pdcsap_flux
K2-377,14703,11459,11459,11459,22.06352445079236,1172.3767,pdcsap_flux
K2-36,99227,93986,93944,93944,5.32415572374455,9873.240000000002,pdcsap_flux
K2-378,14704,11423,11423,11423,22.313656147986936,172.57176,pdcsap_flux
K2-368,112273,94065,94065,94065,16.2176124268524,1500.5266,pdcsap_flux
K2-38,14063,12512,12512,12512,11.028941193202025,8928.723,pdcsap_flux
K2-380,17540,14769,14769,14769,15.798175598631705,6987.5894,pdcsap_flux
K2-382,18161,15387,15387,15387,15.274489290237325,1898.9669,pdcsap_flux
K2-386,16268,12978,12978,12978,20.223752151462993,1622.5048000000002,pdcsap_flux
K2-387,15907,13008,13008,13008,18.224680958068777,266.36454000000003,pdcsap_flux
K2-388,15056,9338,9338,9338,37.97821466524973,2394.1272,pdcsap_flux
K2-389,15291,11446,11334,11334,25.877967431822647,5740.4568,pdcsap_flux
K2-39,14925,9666,9665,9665,35.2428810720268,16614.678,pdcsap_flux
K2-390,15290,11472,11472,11472,24.97056899934598,1153.74785,pdcsap_flux
K2-373,103833,98839,98807,98807,4.840464977415659,15839.793,pdcsap_flux
K2-391,15291,11430,11430,11430,25.250147145379632,3010.9450500000003,pdcsap_flux
K2-393,14511,9571,9571,9571,34.043139687133895,4774.6543,pdcsap_flux
K2-392,15275,11342,11342,11342,25.74795417348609,2063.7501,pdcsap_flux
K2-379,106138,86492,86492,86492,18.509864516007458,2144.7599,pdcsap_flux
K2-394,16644,15605,15605,15605,6.242489786109107,4414.299,pdcsap_flux
K2-395,16643,15596,15595,15595,6.2969416571531545,783.92535,pdcsap_flux
K2-396,16640,15575,15574,15574,6.406250000000002,1700.49945,pdcsap_flux
K2-381,110506,91246,91242,91242,17.432537599768338,2588.69445,pdcsap_flux
K2-383,103106,88503,88501,88501,14.16503404263574,2270.707,pdcsap_flux
K2-397,16914,16237,16236,16236,4.008513657325297,5681.326,pdcsap_flux
K2-400,13363,13035,13035,13035,2.4545386515004153,1205.3401,pdcsap_flux
K2-398,16511,15820,15818,15818,4.19720186542305,1473.3188,pdcsap_flux
K2-4,17517,16947,16947,16947,3.253981846206544,651.81976,pdcsap_flux
K2-401,16510,15789,15789,15789,4.367050272562079,1090.2134,pdcsap_flux
K2-402,16513,15918,15918,15918,3.603221704111914,1793.5718,pdcsap_flux
K2-384,105984,94762,94327,94327,10.9988300120773,468.03198,pdcsap_flux
K2-403,16568,16174,16171,16171,2.396185417672625,3553.5308,pdcsap_flux
K2-404,16568,16052,16052,16052,3.1144374698213406,1153.96145,pdcsap_flux
K2-411,3390,2595,2595,2595,23.45132743362832,4157.2163,pdcsap_flux
K2-405,16574,16174,16173,16173,2.41945215397611,2588.7021,pdcsap_flux
K2-406,15843,11701,11700,11700,26.15035031244083,38923.732,pdcsap_flux
K2-407,14096,12586,12584,12584,10.726447219069236,4151.61265,pdcsap_flux
K2-408,14095,12458,12458,12458,11.614047534586737,5288.4118,pdcsap_flux
K2-409,14055,12474,12474,12474,11.248665955176095,2327.93985,pdcsap_flux
K2-416,14999,9035,9035,9035,39.76265084338956,1083.2966,pdcsap_flux
K2-417,15019,9082,9081,9081,39.5365869898129,2123.9863,pdcsap_flux
K2-413,15276,11186,11186,11186,26.77402461377324,495.53425,pdcsap_flux
K2-415,16287,15510,15495,15495,4.86277399152698,1536.5833,pdcsap_flux
K2-419_A,16285,15500,15499,15499,4.826527479275411,254.03557,pdcsap_flux
K2-44,16537,16204,16203,16203,2.0197133700187497,3791.7844,pdcsap_flux
K2-45,16535,16200,16200,16200,2.026005442999701,248.906815,pdcsap_flux
K2-46,16536,16203,16203,16203,2.0137880986937584,3944.7568,pdcsap_flux
K2-47,16530,16203,16203,16203,1.9782214156079836,904.372,pdcsap_flux
K2-48,16507,16233,16233,16233,1.659901859817048,742.6213,pdcsap_flux
K2-49,17490,16959,16959,16959,3.036020583190391,268.65616,pdcsap_flux
K2-5,16539,16192,16191,16191,2.1041175403591517,623.1778,pdcsap_flux
K2-50,16507,16233,16233,16233,1.659901859817048,692.07355,pdcsap_flux
K2-55,15016,9780,9780,9780,34.86947256259989,1982.40305,pdcsap_flux
K2-54,18299,18299,18299,18299,0.0,973.37616,pdcsap_flux
K2-57,18300,18300,18300,18300,0.0,742.4301,pdcsap_flux
K2-59,14984,9620,9620,9620,35.79818473037907,803.659,pdcsap_flux
K2-60,14986,9663,9662,9662,35.526491391965834,2331.1803499999996,pdcsap_flux
K2-6,17803,14222,14222,14222,20.114587429084985,2332.1267,pdcsap_flux
K2-61,14985,9609,9609,9609,35.87587587587587,1809.53,pdcsap_flux
K2-42,103010,91631,91630,91630,11.047471119308804,431.05909,pdcsap_flux
K2-63,14926,9671,9653,9653,35.32761624011792,2024.0281,pdcsap_flux
K2-414,112432,92246,92241,92241,17.958410416963144,832.0543,pdcsap_flux
K2-64,14926,9733,9733,9733,34.79163875117245,720.49896,pdcsap_flux
K2-43,102913,91801,91801,91801,10.79746970742278,414.8163,pdcsap_flux
K2-66,14568,9653,9653,9653,33.73833058758924,3898.9885,pdcsap_flux
K2-69,14926,9746,9746,9746,34.70454240921881,415.16321,pdcsap_flux
K2-65,18609,15891,15891,15891,14.605835885861683,19313.805,pdcsap_flux
K2-70,14921,9667,9620,9620,35.52710944306682,2321.7577,pdcsap_flux
K2-58,90697,57282,57279,57279,36.845761160788115,3883.155,pdcsap_flux
K2-71,14999,9434,9434,9434,37.10247349823321,415.653725,pdcsap_flux
K2-7,16902,15783,15782,15782,6.626434741450716,1484.79175,pdcsap_flux
K2-72,14568,9653,9653,9653,33.73833058758924,920.7627,pdcsap_flux
K2-73,14567,9652,9651,9651,33.74751149859271,5048.0137,pdcsap_flux
K2-75,14568,9619,9619,9619,33.971718835804495,2347.0176,pdcsap_flux
K2-74,18652,15730,15730,15730,15.665880334548577,2468.96145,pdcsap_flux
K2-79,16866,12140,12052,12052,28.54263014348393,5303.86115,pdcsap_flux
K2-77,17567,16951,16951,16951,3.5065748278021336,5012.336,pdcsap_flux
K2-8,16537,16193,16192,16192,2.0862308762169657,534.56487,pdcsap_flux
K2-62,90198,56380,56380,56380,37.493070799796,4668.72235,pdcsap_flux
K2-81,16863,12169,12168,12168,27.84202099270593,930.627195,pdcsap_flux
K2-80,17568,17286,17286,17286,1.605191256830596,3215.5007,pdcsap_flux
K2-84,16863,11871,11871,11871,29.603273438889875,1605.3835,pdcsap_flux
K2-83,16864,14105,14105,14105,16.360294117647058,1129.0444,pdcsap_flux
K2-85,16861,13326,13326,13326,20.9655417828124,4856.86135,pdcsap_flux
K2-86,16862,13149,13149,13149,22.019926461866923,2051.0042,pdcsap_flux
K2-87,16644,15576,15576,15576,6.416726748377799,1510.9776,pdcsap_flux
K2-88,16862,12189,12189,12189,27.713201280986834,657.8469,pdcsap_flux
K2-89,17387,15472,15472,15472,11.01397595904986,1929.20255,pdcsap_flux
K2-9,17514,16950,16949,16949,3.225990636062581,508.8461,pdcsap_flux
K2-90,17028,13081,13081,13081,23.179469109701667,1855.2932,pdcsap_flux
K2-91,16865,15608,15607,15607,7.459235102282835,1008.24457,pdcsap_flux
K2-95,16172,14632,14632,14632,9.522631709126884,179.868575,pdcsap_flux
K2-97,16343,16343,16343,16343,0.0,3570.4114,pdcsap_flux
K2-99,14682,11173,11158,11158,24.002179539572268,9690.6175,pdcsap_flux
K2-98,16342,16342,16342,16342,0.0,3602.4485,pdcsap_flux
KELT-1,16511,12850,12462,12462,24.52304524256557,13047.3985,pdcsap_flux
K2-68,112264,95366,95366,95366,15.0520202380104,2519.42985,pdcsap_flux
KELT-11,16890,15771,14930,14930,11.60449970396684,190391.98,pdcsap_flux
KELT-14,16341,16341,15772,15772,3.482039042898233,11487.981,pdcsap_flux
KELT-12,17246,17246,17098,17098,0.8581700104371981,13742.4155,pdcsap_flux
KELT-15,16343,16343,15782,15782,3.4326623019029556,8686.763500000001,pdcsap_flux
KELT-16,17456,12949,12805,12805,26.64413382218148,4316.0024,pdcsap_flux
KELT-17,16281,15235,14500,14500,10.939131502978928,38857.52,pdcsap_flux
KELT-18,17532,12205,11530,11530,34.23454255076431,19200.01,pdcsap_flux
KELT-20,18012,11999,11620,11620,35.487452809238285,154517.725,pdcsap_flux
KELT-19_A,16334,15977,15533,15533,4.903881474225546,22832.613,pdcsap_flux
KELT-21,18322,18322,17523,17523,4.360877633446125,11024.12,pdcsap_flux
KELT-23_A,18422,15097,14507,14507,21.251764194984258,20178.408,pdcsap_flux
KELT-2_A,16938,15968,15126,15126,10.697839178179247,82232.87,pdcsap_flux
KELT-24,18419,18419,17817,17817,3.268364189152506,109500.58,pdcsap_flux
KELT-4_A,17590,15567,14964,14964,14.928936895963618,23285.0975,pdcsap_flux
KELT-3,18155,17321,16612,16612,8.499036078215372,27874.465,pdcsap_flux
KELT-6,17530,13283,13037,13037,25.630347974900168,18311.123,pdcsap_flux
KELT-7,17050,16699,15909,15909,6.692082111436948,89236.72,pdcsap_flux
KELT-9,18106,13816,12431,12431,31.343201148790456,153506.62,pdcsap_flux
KELT-8,16942,16942,16890,16890,0.3069295242592362,13082.9095,pdcsap_flux
KIC_10001893,18424,18424,18423,18423,0.0054277029960969,53.934586,pdcsap_flux
KIC_10068024,18788,15301,15301,15301,18.55971896955504,1363.7819,pdcsap_flux
KIC_10525077,18553,11859,11859,11859,36.08041826119766,170.11813,pdcsap_flux
KIC_3558849,19610,12449,12449,12449,36.51708312085671,477.30948,pdcsap_flux
KIC_3526061,18556,17277,17277,17277,6.892649277861606,29506.518,pdcsap_flux
KIC_5437945,18788,17067,17067,17067,9.160102192889074,789.34235,pdcsap_flux
KELT-10,99375,82652,81313,81313,18.17559748427673,12871.265,pdcsap_flux
KIC_5479689,18787,18603,18603,18603,0.9794006493852092,817.8101,pdcsap_flux
KIC_7917485,18788,18604,18604,18604,0.979348520332124,1176.2191,pdcsap_flux
KIC_8121913,18788,18604,18604,18604,0.979348520332124,2885.21325,pdcsap_flux
KIC_9663113,18788,18604,18604,18604,0.979348520332124,645.4021,pdcsap_flux
KMT-2016-BLG-0212L,17672,16205,16205,16205,8.301267541874147,3.5811658,pdcsap_flux
KMT-2016-BLG-1107L,17656,16171,16171,16171,8.410738559130039,4.260186,pdcsap_flux
KMT-2016-BLG-1397L,17656,15534,15534,15534,12.018577254191207,0.7885557999999999,pdcsap_flux
KMT-2016-BLG-1836L,17681,16205,16205,16205,8.347944120807648,1.3947588,pdcsap_flux
KMT-2017-BLG-0165L,17672,16205,16205,16205,8.301267541874147,0.63285345,pdcsap_flux
KMT-2017-BLG-1038L,17656,15699,15698,15698,11.089714544630723,1.16178005,pdcsap_flux
KMT-2018-BLG-0029L,17672,15603,15603,15603,11.707786328655502,4.8580666,pdcsap_flux
KMT-2017-BLG-2509L,17672,15835,15833,15833,10.406292440018106,0.5631202,pdcsap_flux
KMT-2017-BLG-1146L,17682,16037,16034,16034,9.320212645628324,0.7398260999999999,pdcsap_flux
KMT-2018-BLG-0748L,17681,16134,16133,16133,8.755160907188507,9.73809,pdcsap_flux
KMT-2018-BLG-1990L,17265,15306,15305,15305,11.352447147408052,0.14130762,pdcsap_flux
KMT-2018-BLG-1025L,17672,16205,16205,16205,8.301267541874147,22.40167,pdcsap_flux
KMT-2018-BLG-1292L,17682,15700,15700,15700,11.209139237642797,31.4589005,pdcsap_flux
KMT-2019-BLG-0953L,17671,16204,16204,16204,8.301737309716483,27.698805,pdcsap_flux
KMT-2019-BLG-0253L,17681,16205,16205,16205,8.347944120807648,8.013195,pdcsap_flux
KMT-2019-BLG-0842L,17681,16205,16205,16205,8.347944120807648,6.3643646,pdcsap_flux
KMT-2019-BLG-1339L,17656,15674,15674,15674,11.225645672859086,4.302063499999999,pdcsap_flux
KMT-2019-BLG-1953L,17672,16205,16205,16205,8.301267541874147,5.6945057,pdcsap_flux
KMT-2020-BLG-0414L,17672,16205,16205,16205,8.301267541874147,2.9826572,pdcsap_flux
KMT-2021-BLG-0171L,17681,16205,16205,16205,8.347944120807648,1.3288003,pdcsap_flux
KMT-2021-BLG-0192L,17681,16205,16205,16205,8.347944120807648,8.991964,pdcsap_flux
KMT-2021-BLG-0912L,17681,15899,15899,15899,10.07861546292631,1.366294,pdcsap_flux
KMT-2021-BLG-1303L,17681,16198,16198,16198,8.387534641705784,2.78023135,pdcsap_flux
KMT-2021-BLG-1547L,17672,16177,16170,16170,8.499320959710277,3.1721291000000003,pdcsap_flux
KMT-2021-BLG-1554L,17681,15601,15601,15601,11.764040495447093,1.377054,pdcsap_flux
KMT-2021-BLG-2294L,17672,16205,16205,16205,8.301267541874147,64.9071,pdcsap_flux
KOBE-1,15116,12712,12704,12704,15.956602275734324,56299.637,pdcsap_flux
KOI-12,18017,12367,12367,12367,31.359271798856636,6867.0146,pdcsap_flux
KOI-1257,18787,17962,17962,17962,4.391334433384786,341.4749,pdcsap_flux
KOI-13,18420,18420,18097,18097,1.7535287730727434,12517.867,pdcsap_flux
KOI-134,18788,18604,18604,18604,0.979348520332124,838.752375,pdcsap_flux
KOI-1599,18788,18604,18604,18604,0.979348520332124,174.74818,pdcsap_flux
KOI-142,19611,19611,19610,19610,0.0050991790321752,1490.29275,pdcsap_flux
KOI-1783,18423,18423,18422,18422,0.0054279976116844,634.273,pdcsap_flux
KOI-217,19611,19611,19611,19611,0.0,205.22029,pdcsap_flux
KOI-2513,18410,17066,17065,17065,7.305812058663774,234.49162,pdcsap_flux
KOI-3503,18788,18604,18603,18603,0.9846710666382764,620.67365,pdcsap_flux
KOI-351,18788,16115,16115,16115,14.227166276346605,699.23645,pdcsap_flux
KOI-3680,18788,17714,17714,17714,5.716414732808173,376.58299,pdcsap_flux
KOI-4777,19609,19609,19609,19609,0.0,206.86993,pdcsap_flux
KOI-4978,18555,17276,17276,17276,6.893020749124224,188.68303,pdcsap_flux
KOI-55,18016,12256,12256,12256,31.97158081705151,112.343915,pdcsap_flux
KOI-7368,19609,18430,18430,18430,6.012545259829672,1939.1215,pdcsap_flux
KOI-7913_A,19609,19609,19609,19609,0.0,709.2184,pdcsap_flux
KOI-984,18013,11004,11004,11004,38.91078665408316,3001.9705000000004,pdcsap_flux
KOI-7892,19611,19611,19611,19611,0.0,472.27557,pdcsap_flux
KOI-94,18422,18422,18422,18422,0.0,2961.3918,pdcsap_flux
KPS-1,18748,17339,17333,17333,7.5474717303179,2017.8931,pdcsap_flux
Kepler-10,18424,17722,17720,17720,3.821102909248808,10311.1135,pdcsap_flux
Kepler-1001,18554,11524,11524,11524,37.88940390212353,170.49315,pdcsap_flux
Kepler-1000,18788,15325,15322,15322,18.44794549712583,1174.5318499999998,pdcsap_flux
Kepler-1002,19610,19610,19610,19610,0.0,4978.24435,pdcsap_flux
Kepler-1003,18788,18038,18038,18038,3.991909729614651,621.7340650000001,pdcsap_flux
Kepler-1004,18788,17596,17596,17596,6.344475196934218,1241.07785,pdcsap_flux
Kepler-1005,18787,16572,16572,16572,11.790067599936126,1254.5527,pdcsap_flux
Kepler-1006,18788,18604,18604,18604,0.979348520332124,350.62683000000004,pdcsap_flux
Kepler-1007,18788,18604,18604,18604,0.979348520332124,410.042665,pdcsap_flux
Kepler-101,18555,12279,12278,12278,33.829156561573704,1003.799195,pdcsap_flux
Kepler-1008,18787,18603,18603,18603,0.9794006493852092,1228.1769,pdcsap_flux
Kepler-1009,19611,19611,19611,19611,0.0,268.40366,pdcsap_flux
Kepler-1010,18788,16642,16641,16641,11.427506919310192,339.27628,pdcsap_flux
Kepler-1011,18410,14008,14008,14008,23.91091797935905,192.440225,pdcsap_flux
Kepler-1012,18320,18320,18320,18320,0.0,1146.09805,pdcsap_flux
Kepler-1014,18788,16131,16131,16131,14.142005535448154,344.89914,pdcsap_flux
Kepler-1016,18410,17092,17092,17092,7.159152634437804,174.3025,pdcsap_flux
Kepler-1015,18787,18603,18603,18603,0.9794006493852092,1648.5082,pdcsap_flux
Kepler-1017,19611,19611,19611,19611,0.0,616.4536,pdcsap_flux
Kepler-1018,18555,12519,12519,12519,32.53031527890057,229.25047,pdcsap_flux
Kepler-1019,19610,19610,19609,19609,0.0050994390617065,1175.7228,pdcsap_flux
Kepler-1022,18556,12520,12520,12520,32.52856219012719,207.289725,pdcsap_flux
Kepler-102,18421,15416,15415,15415,16.31833233809239,7220.5547,pdcsap_flux
Kepler-1021,18410,18410,18410,18410,0.0,171.427965,pdcsap_flux
Kepler-1023,18788,16467,16467,16467,12.353629976580793,387.30127,pdcsap_flux
Kepler-1024,18786,17074,17072,17072,9.123815607367192,90.055605,pdcsap_flux
Kepler-1025,19474,19474,19474,19474,0.0,830.66187,pdcsap_flux
Kepler-1026,19611,19611,19611,19611,0.0,594.4405,pdcsap_flux
Kepler-1027,19610,19610,19610,19610,0.0,1902.2794,pdcsap_flux
Kepler-1028,18787,16540,16540,16540,11.960398147655294,470.09732,pdcsap_flux
Kepler-1029,18788,18604,18603,18603,0.9846710666382764,490.801,pdcsap_flux
Kepler-103,19611,19611,19611,19611,0.0,2925.169,pdcsap_flux
Kepler-100,117667,113940,113940,113940,3.167413123475571,8413.633,pdcsap_flux
Kepler-1032,18556,17277,17277,17277,6.892649277861606,91.081955,pdcsap_flux
Kepler-1031,18788,17832,17831,17831,5.0936768149882905,534.3459,pdcsap_flux
Kepler-1033,18410,16564,16564,16564,10.027159152634436,96.62834,pdcsap_flux
Kepler-1035,18787,17651,17651,17651,6.046734444030443,1569.1104,pdcsap_flux
Kepler-1034,18556,17277,17277,17277,6.892649277861606,230.98892,pdcsap_flux
Kepler-1036,18788,17012,17012,17012,9.452842239727488,807.357685,pdcsap_flux
Kepler-1037,18322,18322,18322,18322,0.0,543.02673,pdcsap_flux
Kepler-1038,18409,17432,17432,17432,5.307186702156552,276.38978999999995,pdcsap_flux
Kepler-104,18788,17216,17097,17097,9.000425803704493,2129.8132,pdcsap_flux
Kepler-1041,18788,17282,17282,17282,8.015754737066217,328.18408999999997,pdcsap_flux
Kepler-1039,18788,18604,18604,18604,0.979348520332124,626.753755,pdcsap_flux
Kepler-1040,19474,17666,17666,17666,9.28417377015508,1143.8258500000002,pdcsap_flux
Kepler-1042,18556,17214,17214,17214,7.232162103901707,145.75546,pdcsap_flux
Kepler-1043,18788,15728,15721,15721,16.324249520970834,281.6931,pdcsap_flux
Kepler-1045,18555,12156,12156,12156,34.486661277283744,154.68063999999998,pdcsap_flux
Kepler-1047,18788,16615,16614,16614,11.571215669576327,1136.4104,pdcsap_flux
Kepler-1046,18322,18322,18322,18322,0.0,1248.3521999999998,pdcsap_flux
Kepler-1048,18786,16699,16698,16698,11.114659853082088,363.10556,pdcsap_flux
Kepler-1049,19610,18285,18285,18285,6.756756756756754,733.6074,pdcsap_flux
Kepler-105,19608,18085,18085,18085,7.767237862097098,1740.6571,pdcsap_flux
Kepler-1050,19474,16811,16810,16810,13.67977816575947,1621.9948,pdcsap_flux
Kepler-1051,18788,18604,18604,18604,0.979348520332124,1187.9773,pdcsap_flux
Kepler-1054,18788,17863,17862,17862,4.928677879497556,559.5463500000001,pdcsap_flux
Kepler-1052,19610,19610,19610,19610,0.0,214.20661,pdcsap_flux
Kepler-1055,18788,17396,17395,17395,7.414307004470944,1471.7816,pdcsap_flux
Kepler-1053,19609,19609,19609,19609,0.0,1641.0895,pdcsap_flux
Kepler-1056,18788,18604,18604,18604,0.979348520332124,396.699725,pdcsap_flux
Kepler-1058,18410,17461,17461,17461,5.154807170016296,155.20538,pdcsap_flux
Kepler-1059,18556,14326,14326,14326,22.795861176977795,174.958245,pdcsap_flux
Kepler-1061,18788,17088,17088,17088,9.048328720459864,1142.7240499999998,pdcsap_flux
Kepler-106,18788,18604,18604,18604,0.979348520332124,1775.1194999999998,pdcsap_flux
Kepler-1060,18556,17256,17255,17255,7.011209312351796,346.6863,pdcsap_flux
Kepler-1062,19610,19610,19610,19610,0.0,359.40058999999997,pdcsap_flux
Kepler-1063,18787,16627,16620,16620,11.534571778357371,1669.43065,pdcsap_flux
Kepler-1064,18788,17020,17020,17020,9.410261869278258,799.0267349999999,pdcsap_flux
Kepler-1065,18788,18788,18788,18788,0.0,193.20208,pdcsap_flux
Kepler-1067,18788,15425,15425,15425,17.89972322759208,490.78745,pdcsap_flux
Kepler-1069,19610,15731,15731,15731,19.78072412034676,1429.1669,pdcsap_flux
Kepler-1066,18322,18322,18322,18322,0.0,1487.7499,pdcsap_flux
Kepler-107,18322,18322,18320,18320,0.0109158388822194,2477.95085,pdcsap_flux
Kepler-1070,18788,17684,17684,17684,5.876091121992766,599.0345500000001,pdcsap_flux
Kepler-1072,18788,17513,17513,17513,6.786246540344898,568.3165,pdcsap_flux
Kepler-1073,18788,18788,18788,18788,0.0,330.68519000000003,pdcsap_flux
Kepler-1075,18555,11613,11613,11613,37.41309620048504,278.53204,pdcsap_flux
Kepler-1074,18788,15194,15194,15194,19.129231424313385,386.37218,pdcsap_flux
Kepler-1076,19608,16707,16706,16706,14.800081599347203,2072.4730499999996,pdcsap_flux
Kepler-1077,18410,18040,18040,18040,2.0097772949484005,236.169645,pdcsap_flux
Kepler-1079,18788,18604,18604,18604,0.979348520332124,1635.79795,pdcsap_flux
Kepler-108,18788,18439,18439,18439,1.857568660847353,1035.5093,pdcsap_flux
Kepler-1080,18788,17749,17749,17749,5.530125612092829,877.19916,pdcsap_flux
Kepler-1081,18788,17776,17776,17776,5.386416861826692,634.51652,pdcsap_flux
Kepler-1082,18788,16634,16634,16634,11.464764743453271,1041.9648,pdcsap_flux
Kepler-1083,18788,15214,15214,15214,19.02278049819034,117.86835,pdcsap_flux
Kepler-1084,18422,18261,18260,18260,0.8793833459993516,3168.15245,pdcsap_flux
Kepler-1085,18556,11625,11624,11624,37.357189049364095,191.352735,pdcsap_flux
Kepler-1086,18410,16776,16776,16776,8.875611080934275,165.825695,pdcsap_flux
Kepler-1087,18788,18432,18432,18432,1.8948264849904195,1838.8689,pdcsap_flux
Kepler-1089,18555,12977,12977,12977,30.06197790353005,207.68533,pdcsap_flux
Kepler-1088,19611,19611,19611,19611,0.0,4471.207,pdcsap_flux
Kepler-109,19611,19611,19611,19611,0.0,2797.3264,pdcsap_flux
Kepler-1090,18409,18112,18112,18112,1.6133413004508657,208.782365,pdcsap_flux
Kepler-1091,18409,18011,18011,18011,2.1619859851159773,362.0673,pdcsap_flux
Kepler-1092,18787,18603,18603,18603,0.9794006493852092,314.86658,pdcsap_flux
Kepler-1094,18788,17255,17255,17255,8.159463487332342,217.93805,pdcsap_flux
Kepler-1093,19608,19608,19608,19608,0.0,673.8203249999999,pdcsap_flux
Kepler-1095,18788,18604,18604,18604,0.979348520332124,327.44084,pdcsap_flux
Kepler-1096,18409,17420,17420,17420,5.37237220924548,323.71094,pdcsap_flux
Kepler-1099,18556,12490,12490,12490,32.69023496443199,217.363205,pdcsap_flux
Kepler-1097,18788,16442,16442,16442,12.486693634234614,210.34504,pdcsap_flux
Kepler-1098,19609,19609,19608,19608,0.0050996991177498,263.73297,pdcsap_flux
Kepler-110,18788,17854,17854,17854,4.971258249946775,1700.5628,pdcsap_flux
Kepler-11,18424,18424,18424,18424,0.0,769.9042850000001,pdcsap_flux
Kepler-1100,18787,18518,18518,18518,1.4318411667642472,726.15008,pdcsap_flux
Kepler-1101,18410,17481,17481,17481,5.046170559478547,253.08,pdcsap_flux
Kepler-1102,18788,15797,15797,15797,15.91973600170321,220.67725,pdcsap_flux
Kepler-1103,18787,16227,16227,16227,13.626443817533396,536.17456,pdcsap_flux
Kepler-1105,18788,16479,16479,16479,12.289759420906964,317.97485,pdcsap_flux
Kepler-1104,19611,18613,18613,18613,5.088980674111465,3370.1155,pdcsap_flux
Kepler-1106,18410,17152,17152,17152,6.833242802824557,337.77356,pdcsap_flux
Kepler-1108,18410,16052,16052,16052,12.808256382400874,267.384045,pdcsap_flux
Kepler-1111,18410,16397,16397,16397,10.93427485062466,308.34113,pdcsap_flux
Kepler-1110,18788,17107,17107,17107,8.947200340642969,93.0465,pdcsap_flux
Kepler-111,18788,18382,18382,18382,2.16095380029806,987.634795,pdcsap_flux
Kepler-1112,19473,16918,16918,16918,13.12073126893648,294.295255,pdcsap_flux
Kepler-1113,18555,16841,16841,16841,9.23740231743465,300.64133,pdcsap_flux
Kepler-1114,18788,18604,18604,18604,0.979348520332124,804.2054499999999,pdcsap_flux
Kepler-1115,19611,19611,19611,19611,0.0,3011.6582,pdcsap_flux
Kepler-1116,18408,17079,17079,17079,7.219687092568449,189.07289,pdcsap_flux
Kepler-1117,18788,17323,17323,17323,7.797530338513948,531.5113,pdcsap_flux
Kepler-1118,18409,16469,16468,16468,10.543755771633446,216.2697,pdcsap_flux
Kepler-1119,18410,18410,18410,18410,0.0,170.24715500000002,pdcsap_flux
Kepler-112,18788,18604,18604,18604,0.979348520332124,728.682555,pdcsap_flux
Kepler-1120,18410,17673,17673,17673,4.0032590983161365,183.04645,pdcsap_flux
Kepler-1121,18322,18322,18322,18322,0.0,3475.28085,pdcsap_flux
Kepler-1122,18556,12170,12170,12170,34.4147445570166,201.0035,pdcsap_flux
Kepler-1123,19025,14227,14227,14227,25.21944809461235,290.60352,pdcsap_flux
Kepler-1124,19609,19609,19609,19609,0.0,155.7153,pdcsap_flux
Kepler-1126,18788,15195,15195,15195,19.123908878007235,613.9737,pdcsap_flux
Kepler-1125,18409,18409,18409,18409,0.0,191.8571,pdcsap_flux
Kepler-1127,18410,18315,18315,18315,0.5160239000543188,183.11432,pdcsap_flux
Kepler-113,18319,18319,18318,18318,0.0054588132540001,1229.1011,pdcsap_flux
Kepler-1129,18788,18580,18569,18569,1.165637641047479,221.15244,pdcsap_flux
Kepler-1130,19610,19610,19610,19610,0.0,2898.3154999999997,pdcsap_flux
Kepler-1132,18556,11594,11594,11594,37.51886182366889,184.87386,pdcsap_flux
Kepler-1131,19025,18071,18069,18069,5.024967148488835,242.6032,pdcsap_flux
Kepler-1133,18410,18135,18135,18135,1.4937533948940818,289.6742,pdcsap_flux
Kepler-1135,18787,15834,15834,15834,15.718315856709433,448.044225,pdcsap_flux
Kepler-1138,18556,11354,11354,11354,38.81224401810736,180.296725,pdcsap_flux
Kepler-1136,18555,13187,13187,13187,28.930207491242253,175.43239,pdcsap_flux
Kepler-1137,18788,15900,15900,15900,15.371513732169472,1783.0812999999998,pdcsap_flux
Kepler-1139,18788,16338,16338,16338,13.040238450074517,621.44682,pdcsap_flux
Kepler-114,19609,18360,18359,18359,6.374623897190068,1019.3462,pdcsap_flux
Kepler-1141,19610,15699,15699,15699,19.94390617032127,2732.2415,pdcsap_flux
Kepler-1140,19609,19609,19609,19609,0.0,181.7659,pdcsap_flux
Kepler-1144,18556,12785,12784,12784,31.10584177624488,292.45465,pdcsap_flux
Kepler-1142,18788,18528,18528,18528,1.383862039599748,401.116685,pdcsap_flux
Kepler-1143,18556,17275,17275,17275,6.903427462815259,210.68292,pdcsap_flux
Kepler-1145,18410,18410,18410,18410,0.0,152.568945,pdcsap_flux
Kepler-1146,18555,11447,11447,11447,38.30773376448396,137.80133,pdcsap_flux
Kepler-1148,18556,12978,12978,12978,30.060357835740454,198.543085,pdcsap_flux
Kepler-1147,18410,18213,18212,18212,1.075502444323739,155.144425,pdcsap_flux
Kepler-1149,18410,17509,17509,17509,4.894079304725696,271.7753,pdcsap_flux
Kepler-1150,18788,17811,17811,17811,5.2001277411113485,465.09073,pdcsap_flux
Kepler-115,18787,18603,18603,18603,0.9794006493852092,1084.8197,pdcsap_flux
Kepler-1151,18410,15544,15544,15544,15.567626290059756,276.64785,pdcsap_flux
Kepler-1153,18556,12384,12384,12384,33.261478766975635,116.657737,pdcsap_flux
Kepler-1152,19611,19611,19611,19611,0.0,545.55865,pdcsap_flux
Kepler-1154,19474,17974,17974,17974,7.702577796035737,260.55784500000004,pdcsap_flux
Kepler-1155,18556,17235,17234,17234,7.12438025436517,280.30181500000003,pdcsap_flux
Kepler-1156,18788,15641,15641,15641,16.750053225463056,609.98364,pdcsap_flux
Kepler-1157,18788,16195,16195,16195,13.80136257185437,590.5037,pdcsap_flux
Kepler-1159,18787,18033,18033,18033,4.0134135306328815,284.79755,pdcsap_flux
Kepler-1158,18788,18604,18604,18604,0.979348520332124,886.9994999999999,pdcsap_flux
Kepler-116,18788,18604,18604,18604,0.979348520332124,692.930015,pdcsap_flux
Kepler-1160,18556,13156,13155,13155,29.106488467342096,106.403984,pdcsap_flux
Kepler-1162,18556,12551,12543,12543,32.404613063160156,197.83264,pdcsap_flux
Kepler-1163,19609,14904,14900,14900,24.014483145494413,3148.592,pdcsap_flux
Kepler-1164,18556,17277,17276,17276,6.898038370338433,614.10144,pdcsap_flux
Kepler-1165,18788,15915,15900,15900,15.371513732169472,450.782365,pdcsap_flux
Kepler-1168,18556,11623,11623,11623,37.36257814184092,133.59035,pdcsap_flux
Kepler-1166,18788,17112,17112,17112,8.920587609112197,395.84523,pdcsap_flux
Kepler-1167,19025,19025,19025,19025,0.0,87.78341,pdcsap_flux
Kepler-117,18788,15907,15907,15907,15.334255908026396,421.76395,pdcsap_flux
Kepler-1171,19611,12974,12974,12974,33.84325123655092,5495.35225,pdcsap_flux
Kepler-1172,18788,16694,16694,16694,11.145411965084095,100.923748,pdcsap_flux
Kepler-1174,18788,16665,16665,16665,11.299765807962526,519.55493,pdcsap_flux
Kepler-1175,18555,12492,12491,12491,32.681218000538934,59.645683,pdcsap_flux
Kepler-1173,19609,19609,19609,19609,0.0,864.9476,pdcsap_flux
Kepler-1176,18410,16117,16116,16116,12.46061922868007,198.85579,pdcsap_flux
Kepler-1177,18788,16178,16178,16178,13.891845859058972,389.50997,pdcsap_flux
Kepler-1179,18787,15730,15730,15730,16.271890136796717,650.5206800000001,pdcsap_flux
Kepler-1178,19609,18274,18273,18273,6.8131980213167465,757.11285,pdcsap_flux
Kepler-1180,18410,18410,18410,18410,0.0,171.89634,pdcsap_flux
Kepler-1182,18409,18409,18409,18409,0.0,185.12674,pdcsap_flux
Kepler-1183,18787,17309,17309,17309,7.867142172779051,84.30209,pdcsap_flux
Kepler-1184,18136,18136,18135,18135,0.0055138950154409,237.0005,pdcsap_flux
Kepler-1186,18555,12155,12155,12155,34.4920506601994,152.61336,pdcsap_flux
Kepler-1185,19608,19608,19607,19607,0.0050999592003275,2358.2651,pdcsap_flux
Kepler-1188,18787,16341,16341,16341,13.019641241283864,229.03604,pdcsap_flux
Kepler-1187,18555,17276,17275,17275,6.898410132039878,314.79535,pdcsap_flux
Kepler-1189,18788,18156,18156,18156,3.3638492654886054,437.347675,pdcsap_flux
Kepler-119,18788,18604,18604,18604,0.979348520332124,498.5044400000001,pdcsap_flux
Kepler-1190,19609,19609,19609,19609,0.0,467.60904,pdcsap_flux
Kepler-1191,18410,15533,15532,15532,15.632808256382402,165.81305500000002,pdcsap_flux
Kepler-1192,18788,15765,15764,15764,16.09538002980626,152.70767999999998,pdcsap_flux
Kepler-1193,18787,14283,14283,14283,23.97402459147283,1126.5034,pdcsap_flux
Kepler-1169,112769,97959,97959,97959,13.133041882077524,1959.3999,pdcsap_flux
Kepler-1194,18788,17044,17044,17044,9.282520757930593,520.20242,pdcsap_flux
Kepler-1195,18787,16779,16779,16779,10.688241869377755,104.082664,pdcsap_flux
Kepler-1196,18409,18409,18409,18409,0.0,227.79584,pdcsap_flux
Kepler-1197,18410,18066,18066,18066,1.8685497012493224,286.54317000000003,pdcsap_flux
Kepler-1198,18556,12508,12508,12508,32.5932312998491,322.895925,pdcsap_flux
Kepler-1199,18788,18405,18405,18405,2.0385352352565445,1458.0111,pdcsap_flux
Kepler-12,19609,19459,19457,19457,0.7751542658983146,1002.8487,pdcsap_flux
Kepler-120,18787,16372,16372,16372,12.854633523180926,397.49194,pdcsap_flux
Kepler-1181,112769,96660,96660,96660,14.284954198405586,887.16495,pdcsap_flux
Kepler-1204,18556,14033,14033,14033,24.374865272688083,158.88858,pdcsap_flux
Kepler-1201,18410,18410,18410,18410,0.0,284.085465,pdcsap_flux
Kepler-1203,18788,18436,18436,18436,1.87353629976581,402.543985,pdcsap_flux
Kepler-1205,18556,16493,16493,16493,11.117697779693902,255.03996,pdcsap_flux
Kepler-1207,18788,17090,17090,17090,9.03768362784756,401.43654,pdcsap_flux
Kepler-1206,19025,19025,19025,19025,0.0,138.25774,pdcsap_flux
Kepler-1210,18410,15296,15296,15296,16.91472026072787,150.32155,pdcsap_flux
Kepler-1211,18555,15661,15659,15659,15.607652923740234,84.506096,pdcsap_flux
Kepler-121,18556,16787,16787,16787,9.533304591506786,338.05472,pdcsap_flux
Kepler-1209,19611,17876,17876,17876,8.847075620825052,2465.8734,pdcsap_flux
Kepler-1212,19025,19025,19025,19025,0.0,235.6706,pdcsap_flux
Kepler-1213,18787,17210,17210,17210,8.394102304785223,1157.0309499999998,pdcsap_flux
Kepler-1216,18556,11614,11613,11613,37.41646906660918,235.47546,pdcsap_flux
Kepler-1214,19611,19611,19609,19609,0.0101983580643505,229.06267,pdcsap_flux
Kepler-1217,18556,12860,12860,12860,30.69627074800604,224.18399,pdcsap_flux
Kepler-1215,18788,17959,17959,17959,4.412390887800721,323.81677,pdcsap_flux
Kepler-1218,18787,18415,18414,18414,1.985415446851546,881.5411799999999,pdcsap_flux
Kepler-1219,18322,18322,18322,18322,0.0,3136.18345,pdcsap_flux
Kepler-122,18013,11536,11536,11536,35.957364125909066,456.3251,pdcsap_flux
Kepler-1221,18556,11434,11434,11434,38.3811166199612,165.10663499999998,pdcsap_flux
Kepler-1220,18409,18409,18409,18409,0.0,228.0873,pdcsap_flux
Kepler-1222,18788,17164,17164,17164,8.64381520119225,568.1122,pdcsap_flux
Kepler-1223,18788,15860,15860,15860,15.58441558441559,403.26662,pdcsap_flux
Kepler-1224,18556,17152,17152,17152,7.56628583746497,1683.52515,pdcsap_flux
Kepler-1226,18788,17428,17427,17427,7.243985522674046,478.31866,pdcsap_flux
Kepler-1228,18410,14224,14224,14224,22.73764258555133,305.581,pdcsap_flux
Kepler-1227,18788,17146,17146,17146,8.739621034703005,548.37528,pdcsap_flux
Kepler-1229,18319,18319,18319,18319,0.0,168.44902,pdcsap_flux
Kepler-123,18788,18604,18604,18604,0.979348520332124,492.680985,pdcsap_flux
Kepler-1231,18556,13433,13433,13433,27.60832075878422,350.01248,pdcsap_flux
Kepler-1230,18788,16792,16792,16792,10.62380242708112,182.500505,pdcsap_flux
Kepler-1233,18408,14140,14140,14140,23.18557149065623,281.56886,pdcsap_flux
Kepler-1232,19024,19024,19009,19009,0.0788477712363344,362.8899,pdcsap_flux
Kepler-1234,18787,14302,14302,14302,23.87289082876457,87.912058,pdcsap_flux
Kepler-1235,18788,16182,16182,16182,13.870555673834362,739.811405,pdcsap_flux
Kepler-1238,19472,18817,18817,18817,3.363804437140505,254.2964,pdcsap_flux
Kepler-124,19609,18577,18577,18577,5.262889489520117,651.9223,pdcsap_flux
Kepler-1240,19608,19608,19608,19608,0.0,644.150875,pdcsap_flux
Kepler-1241,18788,18788,18787,18787,0.0053225463061523,97.92863,pdcsap_flux
Kepler-1242,19611,19611,19610,19610,0.0050991790321752,164.59515,pdcsap_flux
Kepler-1243,19611,19611,19611,19611,0.0,246.60262,pdcsap_flux
Kepler-1244,18422,16764,16763,16763,9.005536858104435,2562.2808,pdcsap_flux
Kepler-1245,18556,15094,15093,15093,18.662427247251568,177.319,pdcsap_flux
Kepler-1248,17303,11258,11258,11258,34.936138241923366,1732.3687,pdcsap_flux
Kepler-1246,19609,17566,17565,17565,10.423784996685193,278.83475,pdcsap_flux
Kepler-1249,18410,17741,17741,17741,3.6338946224877766,100.50239,pdcsap_flux
Kepler-125,18319,18319,18319,18319,0.0,368.6899,pdcsap_flux
Kepler-1250,18554,11774,11774,11774,36.541985555675325,132.450855,pdcsap_flux
Kepler-1251,18410,15521,15521,15521,15.692558392178167,238.83418,pdcsap_flux
Kepler-1254,18556,11168,11168,11168,39.81461521879716,207.78737,pdcsap_flux
Kepler-1252,18788,18604,18604,18604,0.979348520332124,338.919415,pdcsap_flux
Kepler-1253,19611,19611,19610,19610,0.0050991790321752,2483.6587,pdcsap_flux
Kepler-1256,18788,18241,18241,18241,2.911432829465621,923.9972,pdcsap_flux
Kepler-1255,18408,18334,18334,18334,0.4019991308126913,213.036545,pdcsap_flux
Kepler-1258,19611,19611,19611,19611,0.0,750.3484,pdcsap_flux
Kepler-1259,18410,13837,13837,13837,24.839760999456814,173.41107,pdcsap_flux
Kepler-1261,18555,11175,11175,11175,39.773645917542446,158.90411,pdcsap_flux
Kepler-1262,18555,13719,13717,13717,26.07383454594449,169.71794,pdcsap_flux
Kepler-1260,18407,18407,18406,18406,0.005432715814635,260.75931,pdcsap_flux
Kepler-1263,18556,11436,11435,11435,38.37572752748437,294.2497,pdcsap_flux
Kepler-1264,18788,16459,16459,16459,12.396210347030024,418.4339,pdcsap_flux
Kepler-1265,18555,11464,11464,11464,38.21611425491781,171.682635,pdcsap_flux
Kepler-1266,18556,12781,12781,12781,31.12200905367536,125.35723,pdcsap_flux
Kepler-1239,112769,98154,98150,98150,12.96366909345653,157.06545,pdcsap_flux
Kepler-1268,18556,13350,13350,13350,28.05561543436086,169.46767,pdcsap_flux
Kepler-1269,18788,15706,15706,15706,16.404087715563122,920.974315,pdcsap_flux
Kepler-1270,19608,18561,18561,18561,5.339657282741738,1376.0645,pdcsap_flux
Kepler-1271,18554,17275,17275,17275,6.893392260429021,699.11395,pdcsap_flux
Kepler-1272,18788,16226,16226,16226,13.636363636363637,457.32594,pdcsap_flux
Kepler-1273,18410,16612,16612,16612,9.766431287343837,98.5897325,pdcsap_flux
Kepler-1274,16938,16938,16938,16938,0.0,4687.3195,pdcsap_flux
Kepler-1275,18787,17939,17939,17939,4.513759514557936,346.65054,pdcsap_flux
Kepler-1276,18788,17172,17172,17172,8.601234830743032,1646.3249500000002,pdcsap_flux
Kepler-1277,19610,19610,19610,19610,0.0,567.8628550000001,pdcsap_flux
Kepler-1278,18788,16468,16468,16468,12.34830743027464,828.1783499999999,pdcsap_flux
Kepler-1279,18787,17069,17069,17069,9.144621280672805,589.39404,pdcsap_flux
Kepler-1281,18410,14531,14531,14531,21.070070613796855,74.269806,pdcsap_flux
Kepler-1282,18556,12959,12959,12959,30.16275059280017,148.06139,pdcsap_flux
Kepler-1284,18556,12978,12978,12978,30.060357835740454,155.4582,pdcsap_flux
Kepler-128,19610,19610,19609,19609,0.0050994390617065,6860.0894,pdcsap_flux
Kepler-1283,18410,18410,18410,18410,0.0,139.08557,pdcsap_flux
Kepler-1287,18556,12512,12512,12512,32.57167492994179,218.679635,pdcsap_flux
Kepler-1286,18788,15806,15806,15806,15.87183308494784,204.165405,pdcsap_flux
Kepler-1285,19609,19609,19609,19609,0.0,4856.348,pdcsap_flux
Kepler-126,117659,113627,113623,113623,3.4302518294393125,14276.132,pdcsap_flux
Kepler-1288,19611,19611,19611,19611,0.0,1216.9243,pdcsap_flux
Kepler-1289,18788,18604,18603,18603,0.9846710666382764,329.1919,pdcsap_flux
Kepler-1290,18556,14663,14663,14663,20.979737012287135,85.29831,pdcsap_flux
Kepler-1291,18555,16507,16507,16507,11.037456211263809,98.05091,pdcsap_flux
Kepler-1292,18555,12933,12933,12933,30.299110751818915,104.983955,pdcsap_flux
Kepler-1293,18788,16167,16167,16167,13.95039386842666,1048.9619,pdcsap_flux
Kepler-1294,18410,17431,17431,17431,5.317762085822919,224.11734,pdcsap_flux
Kepler-1297,18556,12766,12766,12766,31.202845440827765,281.2839,pdcsap_flux
Kepler-127,117682,113684,113680,113680,3.4006899950714597,6264.177,pdcsap_flux
Kepler-1296,18788,18604,18604,18604,0.979348520332124,328.69111499999997,pdcsap_flux
Kepler-1298,19609,19609,19604,19604,0.0254984955887604,6674.1396,pdcsap_flux
Kepler-1299,18556,17277,17277,17277,6.892649277861606,105.54477,pdcsap_flux
Kepler-1301,18555,13171,13167,13167,29.037995149555375,154.84482,pdcsap_flux
Kepler-1302,18556,12920,12920,12920,30.372925199396416,330.10116500000004,pdcsap_flux
Kepler-1300,18788,17012,17012,17012,9.452842239727488,1920.1588,pdcsap_flux
Kepler-1304,18555,17276,17275,17275,6.898410132039878,257.2772,pdcsap_flux
Kepler-1303,19611,19611,19611,19611,0.0,368.62958,pdcsap_flux
Kepler-1307,18410,16952,16952,16952,7.919608908202069,149.588245,pdcsap_flux
Kepler-1309,19474,18961,18961,18961,2.6342816062442265,63.838253,pdcsap_flux
Kepler-1308,19610,19610,19609,19609,0.0050994390617065,649.98206,pdcsap_flux
Kepler-1310,19611,19611,19611,19611,0.0,563.0188,pdcsap_flux
Kepler-1311,18788,17297,17297,17297,7.93591654247392,1163.9215,pdcsap_flux
Kepler-1312,19611,19611,19611,19611,0.0,2677.0925,pdcsap_flux
Kepler-1313,19610,19610,19610,19610,0.0,4943.1143,pdcsap_flux
Kepler-1314,19611,19611,19611,19611,0.0,73.268875,pdcsap_flux
Kepler-1315,18410,16186,16184,16184,12.091254752851713,295.793,pdcsap_flux
Kepler-129,117684,113905,113903,113903,3.2128411678732927,5223.3945,pdcsap_flux
Kepler-1316,18788,18604,18604,18604,0.979348520332124,510.30525,pdcsap_flux
Kepler-1317,18410,18100,18100,18100,1.6838674633351425,197.788865,pdcsap_flux
Kepler-1318,18516,16480,16465,16465,11.076906459278458,236.59247,pdcsap_flux
Kepler-1319,19611,15676,15675,15675,20.070368670644022,886.3303,pdcsap_flux
Kepler-1324,18410,18146,18146,18146,1.4340032590983154,232.01451,pdcsap_flux
Kepler-1323,19609,19047,19047,19047,2.866030904176653,2561.5625,pdcsap_flux
Kepler-1325,18555,14060,14059,14059,24.23066558879008,231.2669,pdcsap_flux
Kepler-130,117703,115330,115323,115323,2.0220385206834113,4279.156,pdcsap_flux
Kepler-1326,18788,18788,18787,18787,0.0053225463061523,1633.9944,pdcsap_flux
Kepler-1329,18788,16013,16013,16013,14.7700659995742,131.42586,pdcsap_flux
Kepler-1327,18788,16833,16833,16833,10.40557802852885,652.85895,pdcsap_flux
Kepler-1328,19474,19474,19474,19474,0.0,725.20752,pdcsap_flux
Kepler-133,18321,18321,18321,18321,0.0,1873.411,pdcsap_flux
Kepler-1334,17303,10600,10600,10600,38.73894700340982,243.59499,pdcsap_flux
Kepler-131,117691,113885,113885,113885,3.233892141285233,6046.8467,pdcsap_flux
Kepler-1331,18410,18410,18410,18410,0.0,264.11231999999995,pdcsap_flux
Kepler-1333,18410,18410,18410,18410,0.0,184.018515,pdcsap_flux
Kepler-1332,18787,18505,18505,18505,1.5010379517751635,805.3636,pdcsap_flux
Kepler-1335,19610,19610,19610,19610,0.0,222.4915,pdcsap_flux
Kepler-1337,18556,11606,11605,11605,37.459581806423806,136.78644,pdcsap_flux
Kepler-1336,18788,18604,18604,18604,0.979348520332124,548.01175,pdcsap_flux
Kepler-1338,19610,19610,19610,19610,0.0,944.159875,pdcsap_flux
Kepler-1340,18409,18409,18409,18409,0.0,223.83209,pdcsap_flux
Kepler-1339,19610,19610,19610,19610,0.0,3507.13365,pdcsap_flux
Kepler-1341,18787,15754,15754,15754,16.14414222600734,323.30524,pdcsap_flux
Kepler-1342,18409,18409,18409,18409,0.0,137.6582,pdcsap_flux
Kepler-1343,19025,14744,14744,14744,22.50197109067017,124.92895,pdcsap_flux
Kepler-1344,18788,15247,15247,15247,18.84713647008729,562.7819,pdcsap_flux
Kepler-1345,18787,17586,17586,17586,6.392718369085005,682.2487249999999,pdcsap_flux
Kepler-1346,18788,17976,17975,17975,4.327230146902283,367.07986,pdcsap_flux
Kepler-1348,18410,15163,15163,15163,17.637153720803912,298.08755,pdcsap_flux
Kepler-132,117705,114466,114466,114466,2.751794741090008,4535.6823,pdcsap_flux
Kepler-1347,18787,18603,18602,18602,0.984723479001437,933.54269,pdcsap_flux
Kepler-1349,19607,19607,19606,19606,0.0051002193094285,8516.147,pdcsap_flux
Kepler-1350,19611,17059,17058,17058,13.018204069144868,93.426315,pdcsap_flux
Kepler-1352,18788,16334,16334,16334,13.061528635299124,1192.68505,pdcsap_flux
Kepler-1351,18788,18604,18604,18604,0.979348520332124,708.8354750000001,pdcsap_flux
Kepler-1353,18410,18410,18410,18410,0.0,161.00579,pdcsap_flux
Kepler-1354,18788,16767,16765,16765,10.767511177347243,425.74945,pdcsap_flux
Kepler-1355,19474,15965,15965,15965,18.018896990859613,162.19656,pdcsap_flux
Kepler-1357,18556,12950,12950,12950,30.211252425091615,193.468015,pdcsap_flux
Kepler-1359,18556,14320,14320,14320,22.82819573183876,136.90845000000002,pdcsap_flux
Kepler-1358,18787,16775,16775,16775,10.709533187842656,427.4568,pdcsap_flux
Kepler-136,17898,17898,17898,17898,0.0,4505.0063,pdcsap_flux
Kepler-1360,18788,18604,18604,18604,0.979348520332124,689.90782,pdcsap_flux
Kepler-1362,18556,15363,15363,15363,17.207372278508302,123.47711,pdcsap_flux
Kepler-1361,19474,19276,19276,19276,1.016740269076721,753.9737849999999,pdcsap_flux
Kepler-1363,19025,19025,19025,19025,0.0,215.9349,pdcsap_flux
Kepler-1364,18788,17125,17125,17125,8.851394507132216,1167.2719,pdcsap_flux
Kepler-134,117702,113855,113852,113852,3.270972455863108,2997.7111,pdcsap_flux
Kepler-1367,18556,12170,12170,12170,34.4147445570166,198.954885,pdcsap_flux
Kepler-1365,18788,18604,18604,18604,0.979348520332124,1094.82155,pdcsap_flux
Kepler-1369,18556,15447,15445,15445,16.76546669540849,162.1235,pdcsap_flux
Kepler-1366,19611,19611,19611,19611,0.0,165.95827,pdcsap_flux
Kepler-137,19610,19610,19610,19610,0.0,1730.55355,pdcsap_flux
Kepler-1370,19611,19611,19610,19610,0.0050991790321752,813.1611800000001,pdcsap_flux
Kepler-1372,18556,12503,12503,12503,32.62017676223324,173.01385,pdcsap_flux
Kepler-1371,19611,15775,15774,15774,19.565549946458617,720.4087549999999,pdcsap_flux
Kepler-1373,18556,17277,17277,17277,6.892649277861606,581.6478,pdcsap_flux
Kepler-135,116879,110600,110599,110599,5.373078140641175,1863.8248,pdcsap_flux
Kepler-1377,18556,12363,12362,12362,33.38003880146583,117.465375,pdcsap_flux
Kepler-1376,19474,19474,19474,19474,0.0,326.79247,pdcsap_flux
Kepler-1378,19465,18356,18229,18229,6.349858720780888,72.469955,pdcsap_flux
Kepler-138,18424,18275,18274,18274,0.8141554494138115,3620.32345,pdcsap_flux
Kepler-1380,18556,13474,13474,13474,27.38736796723432,121.35434,pdcsap_flux
Kepler-1381,18555,12003,12003,12003,35.31123686337915,154.41646,pdcsap_flux
Kepler-1382,18788,18788,18788,18788,0.0,1857.52295,pdcsap_flux
Kepler-1383,18788,18604,18604,18604,0.979348520332124,728.18482,pdcsap_flux
Kepler-1385,18788,15450,15450,15450,17.76665956993826,1823.38675,pdcsap_flux
Kepler-1386,18788,16339,16339,16339,13.034915903768365,410.64758,pdcsap_flux
Kepler-1384,18322,18232,18232,18232,0.4912127496998097,154.85754500000002,pdcsap_flux
Kepler-1387,19611,19611,19611,19611,0.0,367.54944,pdcsap_flux
Kepler-1388,19474,19474,19473,19473,0.0051350518640247,100.31056,pdcsap_flux
Kepler-1389,18787,15831,15831,15831,15.734284345558102,337.9804,pdcsap_flux
Kepler-139,18788,15972,15972,15972,14.98829039812647,2195.7406,pdcsap_flux
Kepler-1390,18788,17939,17938,17938,4.524164360229932,403.29202,pdcsap_flux
Kepler-1392,18555,12164,12164,12164,34.4435462139585,132.886705,pdcsap_flux
Kepler-1391,18788,18476,18476,18476,1.6606344475196932,666.26567,pdcsap_flux
Kepler-1394,16940,16940,16940,16940,0.0,4267.893550000001,pdcsap_flux
Kepler-1393,19610,19610,19610,19610,0.0,1183.4185,pdcsap_flux
Kepler-1395,18788,17860,17860,17860,4.939322972109861,2157.9294,pdcsap_flux
Kepler-1396,18788,18400,18400,18400,2.0651479667873063,243.2124,pdcsap_flux
Kepler-1398,18788,17646,17646,17646,6.078347881626566,734.03325,pdcsap_flux
Kepler-1397,18788,18604,18604,18604,0.979348520332124,587.13528,pdcsap_flux
Kepler-140,18788,15162,15162,15162,19.29955290611029,1574.14035,pdcsap_flux
Kepler-14,18423,18292,18292,18292,0.711067687130218,3353.3939499999997,pdcsap_flux
Kepler-1400,18556,11462,11462,11462,38.23022203061005,137.38975499999998,pdcsap_flux
Kepler-1375,112765,97983,97982,97982,13.109564137808716,638.5786499999999,pdcsap_flux
Kepler-1401,18556,15534,15534,15534,16.285837464970896,249.537345,pdcsap_flux
Kepler-1402,18788,17357,17356,17356,7.621886310410897,372.888265,pdcsap_flux
Kepler-1404,19025,19025,19025,19025,0.0,125.951614,pdcsap_flux
Kepler-1405,18788,18788,18786,18786,0.0106450926123047,60.0755385,pdcsap_flux
Kepler-1406,18788,17301,17301,17301,7.91462635724931,1149.2157,pdcsap_flux
Kepler-1407,18787,16803,16803,16803,10.56049395858839,238.78578,pdcsap_flux
Kepler-1408,19611,19611,19611,19611,0.0,3755.0632,pdcsap_flux
Kepler-1409,19025,18307,18307,18307,3.773981603153742,209.74158,pdcsap_flux
Kepler-1410,18788,16955,16955,16955,9.756227379178195,132.88994,pdcsap_flux
Kepler-141,18322,18322,18322,18322,0.0,1301.54035,pdcsap_flux
Kepler-1411,18556,12689,12687,12687,31.628583746497085,112.08519,pdcsap_flux
Kepler-1412,18787,17268,17268,17268,8.085378187044235,1269.6042,pdcsap_flux
Kepler-1414,19610,19610,19610,19610,0.0,321.07162500000004,pdcsap_flux
Kepler-1415,18556,11432,11431,11431,38.397283897391674,111.24366,pdcsap_flux
Kepler-1416,18788,18604,18604,18604,0.979348520332124,466.86838,pdcsap_flux
Kepler-1417,18787,17345,17344,17344,7.680843136211212,709.423315,pdcsap_flux
Kepler-1418,18788,16783,16783,16783,10.671705343836493,284.506,pdcsap_flux
Kepler-1419,18788,17153,17153,17153,8.702363210559927,78.8013,pdcsap_flux
Kepler-142,18319,18319,18319,18319,0.0,1234.4003,pdcsap_flux
Kepler-1421,19608,18723,18723,18723,4.51346389228886,1869.0109,pdcsap_flux
Kepler-1422,18410,15102,15102,15102,17.96849538294405,129.923095,pdcsap_flux
Kepler-1423,18788,17121,17121,17121,8.872684692356824,444.49692,pdcsap_flux
Kepler-1424,18788,17240,17239,17239,8.24462422823079,1030.3677,pdcsap_flux
Kepler-1425,18788,18604,18604,18604,0.979348520332124,945.27555,pdcsap_flux
Kepler-1426,18410,15279,15279,15279,17.007061379684952,164.30519,pdcsap_flux
Kepler-1429,18556,11146,11146,11146,39.933175253287345,286.941055,pdcsap_flux
Kepler-1428,18788,17681,17555,17555,6.562699595486476,869.8463,pdcsap_flux
Kepler-143,18788,17657,17657,17657,6.019799872258891,858.6748,pdcsap_flux
Kepler-1430,18556,13725,13725,13725,26.034705755550767,213.06383,pdcsap_flux
Kepler-1433,18555,12378,12378,12378,33.29021827000809,191.42415,pdcsap_flux
Kepler-1431,18410,15143,15143,15143,17.74579033134166,145.7083,pdcsap_flux
Kepler-1403,116880,109923,109923,109923,5.952258726899384,112.41607,pdcsap_flux
Kepler-1432,19024,18480,18480,18480,2.8595458368376736,145.20170000000002,pdcsap_flux
Kepler-1434,19610,19383,19383,19383,1.1575726670066344,3523.8044,pdcsap_flux
Kepler-1436,18410,13806,13805,13805,25.013579576317223,211.1938,pdcsap_flux
Kepler-1435,18788,18007,18007,18007,4.1569086651053855,1535.4114,pdcsap_flux
Kepler-1437,18409,15212,15212,15212,17.36650551360748,128.19125,pdcsap_flux
Kepler-1438,18555,17087,17087,17087,7.911614120183241,219.39146,pdcsap_flux
Kepler-1439,19611,19611,19611,19611,0.0,156.10771,pdcsap_flux
Kepler-144,19611,19611,19611,19611,0.0,3667.3535,pdcsap_flux
Kepler-1442,19610,15813,15813,15813,19.362570117287103,3396.2148,pdcsap_flux
Kepler-1441,18777,18593,18590,18590,0.995899238429998,412.1492,pdcsap_flux
Kepler-1440,19608,19608,19608,19608,0.0,607.07825,pdcsap_flux
Kepler-1443,19609,19609,19609,19609,0.0,2915.3298,pdcsap_flux
Kepler-1445,18788,15990,15990,15990,14.892484564615716,2433.77845,pdcsap_flux
Kepler-1444,19609,19609,19608,19608,0.0050996991177498,3001.56775,pdcsap_flux
Kepler-1446,19610,16196,16196,16196,17.409484956654765,3238.1629000000003,pdcsap_flux
Kepler-1449,18553,12747,12747,12747,31.2941303293268,184.33305,pdcsap_flux
Kepler-1448,18788,16738,16738,16738,10.91121992761337,391.23399,pdcsap_flux
Kepler-1447,18321,18321,18321,18321,0.0,325.51465,pdcsap_flux
Kepler-1450,18408,17473,17473,17473,5.079313342025205,211.11229,pdcsap_flux
Kepler-145,19609,19609,19609,19609,0.0,3967.1223,pdcsap_flux
Kepler-1453,18555,11425,11425,11425,38.4263001886284,143.62762,pdcsap_flux
Kepler-1451,18410,18319,18319,18319,0.4942965779467734,158.35143,pdcsap_flux
Kepler-1452,18788,17227,17225,17225,8.319139876516923,1478.848,pdcsap_flux
Kepler-1454,18556,11574,11574,11574,37.62664367320543,290.59092999999996,pdcsap_flux
Kepler-1455,19025,14192,14191,14191,25.40867279894875,121.223076,pdcsap_flux
Kepler-1456,18556,12390,12390,12390,33.22914421211468,231.524055,pdcsap_flux
Kepler-1457,19610,19610,19610,19610,0.0,627.25102,pdcsap_flux
Kepler-1459,18787,15200,15200,15200,19.092989833395436,443.94449999999995,pdcsap_flux
Kepler-1460,18555,12365,12365,12365,33.36028024791161,130.62556,pdcsap_flux
Kepler-1458,19609,19609,19609,19609,0.0,549.33026,pdcsap_flux
Kepler-146,19611,19027,19027,19027,2.9779205547906806,687.7453,pdcsap_flux
Kepler-1461,18556,12721,12721,12721,31.44535460228498,129.63922,pdcsap_flux
Kepler-1465,17303,11258,11258,11258,34.936138241923366,483.68921,pdcsap_flux
Kepler-1464,18556,17277,17277,17277,6.892649277861606,559.022,pdcsap_flux
Kepler-1468,18410,18280,18280,18280,0.7061379684953795,233.454295,pdcsap_flux
Kepler-1467,18410,17693,17692,17692,3.900054318305268,197.010925,pdcsap_flux
Kepler-1471,18556,12912,12912,12912,30.416037939211037,155.58084,pdcsap_flux
Kepler-1470,18556,16932,16932,16932,8.751886182366885,292.60339,pdcsap_flux
Kepler-147,19474,19474,19474,19474,0.0,616.38733,pdcsap_flux
Kepler-1472,19474,15940,15940,15940,18.14727328746021,320.42337999999995,pdcsap_flux
Kepler-1473,18785,16584,16573,16573,11.775352675006657,1127.9496,pdcsap_flux
Kepler-1476,18556,13082,13082,13082,29.499892218150457,180.129385,pdcsap_flux
Kepler-1474,18410,17501,17501,17501,4.937533948940798,181.74556,pdcsap_flux
Kepler-1475,18410,17185,17185,17185,6.653992395437259,177.43402,pdcsap_flux
Kepler-1477,18788,16468,16467,16467,12.353629976580793,395.84393,pdcsap_flux
Kepler-1478,18409,18409,18409,18409,0.0,138.19994,pdcsap_flux
Kepler-1479,19607,19607,19605,19605,0.010200438618857,766.699,pdcsap_flux
Kepler-148,18556,12598,12598,12598,32.10821297693468,193.815765,pdcsap_flux
Kepler-1480,18788,17208,17208,17208,8.409623163721525,436.96335,pdcsap_flux
Kepler-1481,18787,16498,16498,16498,12.183956991536704,363.21583,pdcsap_flux
Kepler-1483,18788,18604,18604,18604,0.979348520332124,333.60666000000003,pdcsap_flux
Kepler-1482,19611,19611,19611,19611,0.0,908.65967,pdcsap_flux
Kepler-1484,18788,17290,17290,17290,7.973174366616986,182.79079,pdcsap_flux
Kepler-1486,18556,12978,12977,12977,30.065746928217287,184.60197,pdcsap_flux
Kepler-1485,18788,18604,18604,18604,0.979348520332124,1137.00485,pdcsap_flux
Kepler-1487,18788,18788,18788,18788,0.0,874.2042799999999,pdcsap_flux
Kepler-1488,19609,18619,18618,18618,5.053801825692283,1457.23595,pdcsap_flux
Kepler-1489,18788,15522,15522,15522,17.383436235895257,290.77775499999996,pdcsap_flux
Kepler-149,18555,17276,17276,17276,6.893020749124224,705.6373699999999,pdcsap_flux
Kepler-1490,18410,18410,18410,18410,0.0,101.333765,pdcsap_flux
Kepler-1492,18788,17131,17131,17131,8.81945922929529,475.27698,pdcsap_flux
Kepler-1493,19474,19474,19474,19474,0.0,837.62553,pdcsap_flux
Kepler-1494,18788,16310,16310,16310,13.189269746646792,180.147665,pdcsap_flux
Kepler-1495,18556,17277,17277,17277,6.892649277861606,112.81042,pdcsap_flux
Kepler-1496,18410,18265,18265,18265,0.7876154263986912,389.7514,pdcsap_flux
Kepler-1497,18409,16601,16601,16601,9.821283068064536,188.34595,pdcsap_flux
Kepler-1498,18409,16592,16592,16592,9.870172198381225,258.33284000000003,pdcsap_flux
Kepler-1499,19611,19611,19611,19611,0.0,1099.2578,pdcsap_flux
Kepler-15,19607,19607,19607,19607,0.0,832.648,pdcsap_flux
Kepler-150,18556,15884,15884,15884,14.399655098081489,273.200285,pdcsap_flux
Kepler-1500,18788,16702,16702,16702,11.102831594634877,317.202725,pdcsap_flux
Kepler-1504,18556,12814,12814,12814,30.944169001940068,125.8868675,pdcsap_flux
Kepler-1501,18788,17860,17860,17860,4.939322972109861,768.6064799999999,pdcsap_flux
Kepler-1502,18787,18787,18787,18787,0.0,438.46875,pdcsap_flux
Kepler-1505,19611,19611,19611,19611,0.0,1623.3892,pdcsap_flux
Kepler-1506,18556,16484,16484,16484,11.16619961198534,106.567575,pdcsap_flux
Kepler-1507,19610,16836,16836,16836,14.145843957164717,1490.7228,pdcsap_flux
Kepler-1509,18556,12163,12163,12163,34.45246820435439,188.13635,pdcsap_flux
Kepler-151,18784,18538,18536,18536,1.320272572402048,309.65375,pdcsap_flux
Kepler-1508,18788,18604,18604,18604,0.979348520332124,358.849985,pdcsap_flux
Kepler-1511,19609,19609,19609,19609,0.0,868.7274,pdcsap_flux
Kepler-1512,19610,19469,19469,19469,0.7190209077001519,1727.7234,pdcsap_flux
Kepler-1513,19474,19041,19041,19041,2.2234774571223137,1755.4934,pdcsap_flux
Kepler-1515,19611,15716,15715,15715,19.86640150935699,3503.1875,pdcsap_flux
Kepler-1514,19611,19611,19611,19611,0.0,4141.9214,pdcsap_flux
Kepler-1516,18788,18384,18384,18384,2.150308707685755,391.6848250000001,pdcsap_flux
Kepler-1517,18424,18039,18039,18039,2.0896656534954428,2773.6062,pdcsap_flux
Kepler-1518,18787,18603,18602,18602,0.984723479001437,1180.8620999999998,pdcsap_flux
Kepler-1519,19025,19025,19025,19025,0.0,281.85272,pdcsap_flux
Kepler-152,18787,17587,17449,17449,7.121946026507686,471.36694,pdcsap_flux
Kepler-1520,18787,14317,14317,14317,23.79304838452121,135.22025,pdcsap_flux
Kepler-1522,17303,11251,11251,11251,34.97659365427961,419.19147,pdcsap_flux
Kepler-1521,19610,19610,19610,19610,0.0,1910.5,pdcsap_flux
Kepler-1523,18410,16460,16460,16460,10.592069527430748,263.52744,pdcsap_flux
Kepler-1524,19611,19611,19611,19611,0.0,1854.7358,pdcsap_flux
Kepler-1526,18787,16291,16290,16290,13.29110555171129,153.43022000000002,pdcsap_flux
Kepler-1525,18788,16652,16652,16652,11.368958909942515,2072.3584,pdcsap_flux
Kepler-1527,18408,14224,14224,14224,22.729248152976965,188.61347,pdcsap_flux
Kepler-1528,18788,15178,15178,15178,19.214392165211834,326.75224000000003,pdcsap_flux
Kepler-1529,18556,16067,16067,16067,13.413451174822155,174.26012,pdcsap_flux
Kepler-153,19474,15750,15750,15750,19.12293314162473,689.88925,pdcsap_flux
Kepler-1530,19611,16216,16215,16215,17.316811993269088,632.7874,pdcsap_flux
Kepler-1532,18410,18410,18410,18410,0.0,267.44075,pdcsap_flux
Kepler-1531,18321,18321,18321,18321,0.0,1275.1897,pdcsap_flux
Kepler-1533,18788,18604,18604,18604,0.979348520332124,1173.21105,pdcsap_flux
Kepler-1538,18556,12539,12539,12539,32.42616943306748,187.6619,pdcsap_flux
Kepler-1535,18555,17276,17276,17276,6.893020749124224,518.17125,pdcsap_flux
Kepler-1537,18786,18602,18601,18601,0.9847758969445342,360.1744,pdcsap_flux
Kepler-1539,18410,16622,16622,16622,9.71211298207496,187.035655,pdcsap_flux
Kepler-154,17303,14867,14867,14867,14.078483499971108,368.4077,pdcsap_flux
Kepler-1541,18787,15780,15780,15780,16.00574865598552,824.06656,pdcsap_flux
Kepler-1540,19611,19611,19611,19611,0.0,801.1017,pdcsap_flux
Kepler-1542,19609,19609,19606,19606,0.0152990973532607,2323.7632,pdcsap_flux
Kepler-1544,18788,17808,17808,17808,5.216095380029806,641.55955,pdcsap_flux
Kepler-1545,19025,19025,19025,19025,0.0,218.72505,pdcsap_flux
Kepler-1548,18556,11618,11615,11615,37.40569088165553,179.07993,pdcsap_flux
Kepler-1546,18320,18320,18320,18320,0.0,162.319525,pdcsap_flux
Kepler-1547,19611,19611,19611,19611,0.0,1014.5441,pdcsap_flux
Kepler-155,19610,15221,15221,15221,22.381438041815404,604.75244,pdcsap_flux
Kepler-1549,18555,17276,17276,17276,6.893020749124224,235.39466,pdcsap_flux
Kepler-1550,18787,16150,16150,16150,14.036301697982644,269.66486,pdcsap_flux
Kepler-1554,18556,14203,14201,14201,23.469497736581157,112.715096,pdcsap_flux
Kepler-1552,18788,17114,17113,17113,8.915265062806043,264.3291,pdcsap_flux
Kepler-1555,18556,12162,12162,12162,34.45785729683122,166.960485,pdcsap_flux
Kepler-1556,18556,17252,17252,17252,7.0273765897822855,202.119465,pdcsap_flux
Kepler-1558,18788,15222,15222,15222,18.98020012774111,1051.9271,pdcsap_flux
Kepler-1559,18788,18604,18604,18604,0.979348520332124,403.8976,pdcsap_flux
Kepler-156,18788,17574,17573,17573,6.466893761975734,410.34592,pdcsap_flux
Kepler-1560,18788,18604,18604,18604,0.979348520332124,1203.631,pdcsap_flux
Kepler-1561,18788,18604,18604,18604,0.979348520332124,221.092175,pdcsap_flux
Kepler-1563,17303,11258,11258,11258,34.936138241923366,939.84045,pdcsap_flux
Kepler-1562,18409,16376,16376,16376,11.04351132598186,187.94516,pdcsap_flux
Kepler-1564,18556,12978,12978,12978,30.060357835740454,325.74204999999995,pdcsap_flux
Kepler-1567,18555,16252,16252,16252,12.411748854756134,159.385535,pdcsap_flux
Kepler-1568,18788,15797,15797,15797,15.91973600170321,659.0481,pdcsap_flux
Kepler-1566,19611,19611,19611,19611,0.0,482.7834,pdcsap_flux
Kepler-1569,18788,16536,16536,16536,11.986374281456246,631.61429,pdcsap_flux
Kepler-1570,18787,18603,18603,18603,0.9794006493852092,704.944,pdcsap_flux
Kepler-1571,18787,18603,18600,18600,0.9953691382338814,643.950045,pdcsap_flux
Kepler-1572,18788,15527,15527,15527,17.35682350436448,786.4282,pdcsap_flux
Kepler-1543,112768,97945,97944,97944,13.1455732122588,897.9415,pdcsap_flux
Kepler-1573,18410,15142,15141,15141,17.75665399239543,186.20094,pdcsap_flux
Kepler-1574,18410,15237,15237,15237,17.235198261814233,207.67068,pdcsap_flux
Kepler-1575,18410,17086,17086,17086,7.191743617599133,140.488745,pdcsap_flux
Kepler-1576,19611,19611,19611,19611,0.0,1127.2983,pdcsap_flux
Kepler-1577,18135,18135,18135,18135,0.0,254.04706,pdcsap_flux
Kepler-1578,18556,12089,12088,12088,34.85665014011641,182.18303,pdcsap_flux
Kepler-1579,18410,18273,18273,18273,0.7441607821836005,237.17845,pdcsap_flux
Kepler-158,19610,19610,19610,19610,0.0,480.01343,pdcsap_flux
Kepler-1581,19609,19609,19609,19609,0.0,2735.8103,pdcsap_flux
Kepler-1580,19611,19611,19611,19611,0.0,2257.834,pdcsap_flux
Kepler-1582,19608,19608,19608,19608,0.0,128.46594,pdcsap_flux
Kepler-1584,18555,13170,13170,13170,29.021827000808408,261.246415,pdcsap_flux
Kepler-1583,19611,19611,19611,19611,0.0,1770.9459,pdcsap_flux
Kepler-1586,18788,18604,18604,18604,0.979348520332124,1418.44605,pdcsap_flux
Kepler-1587,18785,17645,17645,17645,6.068671812616444,630.2471,pdcsap_flux
Kepler-1588,18788,15866,15865,15865,15.557802852884816,665.1679,pdcsap_flux
Kepler-1589,18410,18410,18410,18410,0.0,185.448325,pdcsap_flux
Kepler-159,18788,18604,18604,18604,0.979348520332124,262.042955,pdcsap_flux
Kepler-1590,18784,16949,16941,16941,9.811541737649064,689.48596,pdcsap_flux
Kepler-1591,19474,19474,19474,19474,0.0,301.1832,pdcsap_flux
Kepler-1596,18556,11557,11557,11557,37.71825824531149,173.52461,pdcsap_flux
Kepler-1595,18555,12777,12775,12775,31.15063325249259,153.57161,pdcsap_flux
Kepler-1594,18410,15394,15394,15394,16.382400869092884,267.69446500000004,pdcsap_flux
Kepler-1592,18788,18788,18788,18788,0.0,263.182525,pdcsap_flux
Kepler-1597,18788,17535,17535,17535,6.669150521609534,484.45242,pdcsap_flux
Kepler-1598,19611,16798,16797,16797,14.349089796542758,705.3554,pdcsap_flux
Kepler-1599,18555,14936,14935,14935,19.509566154675294,296.71533,pdcsap_flux
Kepler-160,18788,17163,17162,17162,8.654460293804556,348.92163,pdcsap_flux
Kepler-16,18423,18282,18126,18126,1.6121152906692693,6832.30135,pdcsap_flux
Kepler-1600,18788,16769,16769,16769,10.746220992122634,124.53711,pdcsap_flux
Kepler-1601,18555,17276,17276,17276,6.893020749124224,836.6213,pdcsap_flux
Kepler-1602,19611,19611,19611,19611,0.0,944.7297,pdcsap_flux
Kepler-1603,18409,18409,18409,18409,0.0,125.0874,pdcsap_flux
Kepler-1604,18410,16633,16633,16633,9.652362846279194,339.3022,pdcsap_flux
Kepler-1606,18555,12724,12724,12724,31.42549178119105,218.24985500000005,pdcsap_flux
Kepler-1605,19609,18487,18486,18486,5.726962109235556,2807.9501,pdcsap_flux
Kepler-1607,18787,18603,18603,18603,0.9794006493852092,674.3005,pdcsap_flux
Kepler-1608,19474,17635,17635,17635,9.443360377939811,42.354927,pdcsap_flux
Kepler-1609,18555,17276,17276,17276,6.893020749124224,221.37597,pdcsap_flux
Kepler-1611,18788,17622,17622,17622,6.206088992974235,420.90601,pdcsap_flux
Kepler-161,18788,18604,18447,18447,1.814988290398123,557.86597,pdcsap_flux
Kepler-1614,19474,15530,15530,15530,20.252644551709977,129.83567,pdcsap_flux
Kepler-1615,18787,17100,17100,17100,8.979613562569867,402.96281,pdcsap_flux
Kepler-1613,19611,19611,19611,19611,0.0,546.4205,pdcsap_flux
Kepler-1617,18787,15133,15130,15130,19.465587906531113,879.2806350000001,pdcsap_flux
Kepler-1619,18788,16149,16149,16149,14.046199701937413,1155.4551,pdcsap_flux
Kepler-162,18788,18604,18604,18604,0.979348520332124,482.70059,pdcsap_flux
Kepler-1620,18787,18603,18603,18603,0.9794006493852092,905.5795,pdcsap_flux
Kepler-1621,18410,18410,18410,18410,0.0,140.15193,pdcsap_flux
Kepler-1622,18788,18604,18604,18604,0.979348520332124,959.81515,pdcsap_flux
Kepler-1624,19609,19609,19609,19609,0.0,174.96147,pdcsap_flux
Kepler-1628,17303,15501,15501,15501,10.414379009420326,67.00796,pdcsap_flux
Kepler-1627,19609,19609,19609,19609,0.0,1620.4646,pdcsap_flux
Kepler-1629,18788,15952,15952,15952,15.094741324249515,2039.5152,pdcsap_flux
Kepler-163,18787,18476,18476,18476,1.655400010645658,421.390045,pdcsap_flux
Kepler-1630,18787,18603,18603,18603,0.9794006493852092,685.6173,pdcsap_flux
Kepler-1632,18788,18604,18604,18604,0.979348520332124,1463.39455,pdcsap_flux
Kepler-1633,18788,16309,16184,16184,13.859910581222056,932.458005,pdcsap_flux
Kepler-1634,18788,17906,17906,17906,4.69448584202683,380.09859,pdcsap_flux
Kepler-1635,18555,11449,11449,11449,38.29695499865265,136.16927,pdcsap_flux
Kepler-1637,19474,15682,15682,15682,19.472116668378348,1213.6235,pdcsap_flux
Kepler-1638,18410,13771,13771,13771,25.19826181423139,328.70682,pdcsap_flux
Kepler-1616,112769,91765,91765,91765,18.625686137147625,984.2074,pdcsap_flux
Kepler-164,18788,15495,15495,15495,17.52714498616138,463.94705,pdcsap_flux
Kepler-1639,19607,19607,19607,19607,0.0,381.06635,pdcsap_flux
Kepler-1618,112767,97994,97994,97994,13.100463788164973,755.471035,pdcsap_flux
Kepler-1641,17898,17898,17897,17897,0.0055872164487658,424.82,pdcsap_flux
Kepler-1642,18322,18322,18322,18322,0.0,554.77305,pdcsap_flux
Kepler-1645,18787,17803,17801,17801,5.248310001596845,320.5102,pdcsap_flux
Kepler-1644,19611,19611,19610,19610,0.0050991790321752,523.889325,pdcsap_flux
Kepler-1647,18004,12483,12165,12165,32.431681848478114,978.22546,pdcsap_flux
Kepler-1646,19611,19611,19605,19605,0.0305950741930516,276.13272,pdcsap_flux
Kepler-1649,19611,19611,19611,19611,0.0,129.39995,pdcsap_flux
Kepler-1626,112768,98167,98166,98166,12.948708853575486,386.12926,pdcsap_flux
Kepler-165,18787,15737,15737,15737,16.234630329483156,331.7577,pdcsap_flux
Kepler-1650,18322,18322,18322,18322,0.0,165.57879,pdcsap_flux
Kepler-1652,18410,14176,14175,14175,23.003802281368824,169.4694,pdcsap_flux
Kepler-1651,18423,17730,17729,17729,3.76703034250665,2473.0557,pdcsap_flux
Kepler-1654,19611,19611,19611,19611,0.0,1046.7524,pdcsap_flux
Kepler-1655,19611,19611,19610,19610,0.0050991790321752,8919.3085,pdcsap_flux
Kepler-1656,19611,19611,19611,19611,0.0,9096.405,pdcsap_flux
Kepler-166,18788,17816,17816,17816,5.173515009580587,392.0475,pdcsap_flux
Kepler-1660_A,18424,18424,18258,18258,0.9009986973512852,932.62668,pdcsap_flux
Kepler-1661,18424,18424,18419,18419,0.0271385149804626,405.69385,pdcsap_flux
Kepler-1663,18555,12977,12977,12977,30.06197790353005,183.8054,pdcsap_flux
Kepler-1664,18788,16185,16185,16185,13.854588034915905,936.8966,pdcsap_flux
Kepler-1665,18788,17708,17708,17708,5.7483500106450975,1084.0622,pdcsap_flux
Kepler-1666,18410,14366,14366,14366,21.966322650733293,161.80848500000002,pdcsap_flux
Kepler-1667,18788,15834,15833,15833,15.728124334681716,965.4227,pdcsap_flux
Kepler-1669,19473,17852,17852,17852,8.32434653109434,91.2474175,pdcsap_flux
Kepler-167,19611,19611,19611,19611,0.0,723.84875,pdcsap_flux
Kepler-1670,18556,14580,14580,14580,21.427031687863764,131.55989,pdcsap_flux
Kepler-1640,112769,98129,98129,98129,12.982291232519572,201.11107,pdcsap_flux
Kepler-1672,17897,17897,17897,17897,0.0,2443.7036,pdcsap_flux
Kepler-1671,19474,18006,18005,18005,7.543391188251003,1203.7874,pdcsap_flux
Kepler-1673,19610,19610,19608,19608,0.0101988781234019,854.0235,pdcsap_flux
Kepler-1674,18408,17717,17717,17717,3.753802694480657,113.086716,pdcsap_flux
Kepler-1676,18788,16531,16531,16531,12.012987012987008,869.26965,pdcsap_flux
Kepler-1675,19611,19611,19611,19611,0.0,895.5216,pdcsap_flux
Kepler-1677,18788,18604,18604,18604,0.979348520332124,735.671625,pdcsap_flux
Kepler-1679,19025,14345,14345,14345,24.599211563731927,172.44466,pdcsap_flux
Kepler-1678,18782,17793,17779,17779,5.340219358960708,284.1986,pdcsap_flux
Kepler-1680,19474,17923,17923,17923,7.964465441100954,824.7293,pdcsap_flux
Kepler-1681,18788,18604,18604,18604,0.979348520332124,338.283385,pdcsap_flux
Kepler-1687,18556,12811,12811,12811,30.96033627937056,210.60513,pdcsap_flux
Kepler-1683,18410,18410,18410,18410,0.0,271.058945,pdcsap_flux
Kepler-1686,18788,18604,18603,18603,0.9846710666382764,702.5191,pdcsap_flux
Kepler-1688,18787,17581,17581,17581,6.41933251716612,754.51685,pdcsap_flux
Kepler-1689,19610,19610,19610,19610,0.0,3474.3108,pdcsap_flux
Kepler-169,19610,19610,19610,19610,0.0,615.914395,pdcsap_flux
Kepler-1691,18556,15424,15423,15423,16.884026729898682,235.26237,pdcsap_flux
Kepler-1690,18787,17183,17156,17156,8.681535104061322,437.376635,pdcsap_flux
Kepler-1693,18556,12967,12967,12967,30.11963785298556,288.87698,pdcsap_flux
Kepler-1694,19610,19610,19610,19610,0.0,336.991075,pdcsap_flux
Kepler-1697,19611,19611,19611,19611,0.0,1314.3054,pdcsap_flux
Kepler-1698,19611,19611,19611,19611,0.0,1914.5962,pdcsap_flux
Kepler-1699,18788,17266,17266,17266,8.100915477964655,362.392625,pdcsap_flux
Kepler-17,18320,18320,18255,18255,0.3548034934497845,494.51202,pdcsap_flux
Kepler-170,19609,19609,19609,19609,0.0,456.06097,pdcsap_flux
Kepler-1700,18783,15527,15496,15496,17.499866900921045,779.3829800000001,pdcsap_flux
Kepler-1701,18788,17097,17097,17097,9.000425803704493,402.5529,pdcsap_flux
Kepler-1704,19611,14840,14840,14840,24.32818316251083,1245.9229,pdcsap_flux
Kepler-1702,18410,16641,16641,16641,9.608908202064091,92.3856,pdcsap_flux
Kepler-1705,18409,17790,17790,17790,3.362485740670329,130.97910000000002,pdcsap_flux
Kepler-1709,19611,19611,19611,19611,0.0,5204.4062,pdcsap_flux
Kepler-171,18788,18604,18604,18604,0.979348520332124,202.10639,pdcsap_flux
Kepler-1710,19611,19611,19611,19611,0.0,2342.5266,pdcsap_flux
Kepler-1711,18787,18603,18603,18603,0.9794006493852092,1202.4438,pdcsap_flux
Kepler-1712,19611,19611,19611,19611,0.0,815.01874,pdcsap_flux
Kepler-1715,17749,15124,15124,15124,14.789565609330102,2568.8999,pdcsap_flux
Kepler-1713,19611,19611,19611,19611,0.0,9968.807,pdcsap_flux
Kepler-1714,18424,18424,18424,18424,0.0,9428.263,pdcsap_flux
Kepler-1716,18422,18305,18305,18305,0.6351101943328663,1809.6827,pdcsap_flux
Kepler-1717,19611,19427,19427,19427,0.93824894192035,997.9629,pdcsap_flux
Kepler-1718,19611,19611,19609,19609,0.0101983580643505,1918.6774,pdcsap_flux
Kepler-1719,18788,16312,16312,16312,13.178624654034488,1183.9656,pdcsap_flux
Kepler-1721,18555,12508,12507,12507,32.594987873888435,301.8511,pdcsap_flux
Kepler-172,19610,19610,19610,19610,0.0,369.422215,pdcsap_flux
Kepler-1720,18788,18604,18604,18604,0.979348520332124,310.118085,pdcsap_flux
Kepler-1722,18410,18410,18410,18410,0.0,254.76552,pdcsap_flux
Kepler-1723,18788,18410,18410,18410,2.011922503725782,422.768245,pdcsap_flux
Kepler-1725,18787,18603,18603,18603,0.9794006493852092,1527.568,pdcsap_flux
Kepler-1727,18787,16662,16662,16662,11.311012934475972,193.05661,pdcsap_flux
Kepler-1726,19611,19611,19611,19611,0.0,908.6898,pdcsap_flux
Kepler-1728,18556,17277,17277,17277,6.892649277861606,268.49466,pdcsap_flux
Kepler-1729,18409,18409,18409,18409,0.0,98.57106,pdcsap_flux
Kepler-173,18788,18604,18604,18604,0.979348520332124,483.001,pdcsap_flux
Kepler-1730,18788,16119,16119,16119,14.205876091121992,156.53719,pdcsap_flux
Kepler-1731,18012,10768,10768,10768,40.21763268931823,2581.0874,pdcsap_flux
Kepler-1732,18788,17149,17149,17149,8.723653395784547,292.5781,pdcsap_flux
Kepler-1735,17897,17897,17897,17897,0.0,307.5467,pdcsap_flux
Kepler-1734,18410,18410,18410,18410,0.0,127.801365,pdcsap_flux
Kepler-1737,18410,13961,13961,13961,24.166214014122755,187.5998,pdcsap_flux
Kepler-1738,18409,14095,14094,14094,23.439621924058883,155.060265,pdcsap_flux
Kepler-1739,18319,18319,18319,18319,0.0,277.1847,pdcsap_flux
Kepler-174,18787,16492,16491,16491,12.221216798850264,544.28326,pdcsap_flux
Kepler-1740,18788,18788,18787,18787,0.0053225463061523,156.05923,pdcsap_flux
Kepler-1742,18788,15851,15851,15851,15.63231850117096,443.5201,pdcsap_flux
Kepler-1741,19610,19610,19610,19610,0.0,147.64531,pdcsap_flux
Kepler-1743,18788,16338,16338,16338,13.040238450074517,4034.7555,pdcsap_flux
Kepler-1744,18410,17431,17431,17431,5.317762085822919,233.14658,pdcsap_flux
Kepler-1745,18408,18234,18219,18219,1.026727509778358,270.49423,pdcsap_flux
Kepler-1748,18556,11607,11606,11606,37.45419271394697,104.763255,pdcsap_flux
Kepler-1747,18556,11829,11829,11829,36.25242509161457,100.39371,pdcsap_flux
Kepler-1746,18788,17188,17188,17188,8.516074089844583,943.3161,pdcsap_flux
Kepler-1749,18787,16510,16509,16509,12.125405865758232,465.0176,pdcsap_flux
Kepler-175,18555,13710,13710,13710,26.11156022635408,235.91652,pdcsap_flux
Kepler-1750,18410,15381,15381,15381,16.453014665942423,133.91103,pdcsap_flux
Kepler-1753,18556,12166,12166,12166,34.4363009269239,152.934245,pdcsap_flux
Kepler-1751,19474,15691,15690,15690,19.43103625346616,185.41694,pdcsap_flux
Kepler-1752,19025,18307,18307,18307,3.773981603153742,98.88807,pdcsap_flux
Kepler-1754,19025,18566,18566,18566,2.412614980289096,102.770275,pdcsap_flux
Kepler-1755,18788,18604,18600,18600,1.0006387055567334,386.04292,pdcsap_flux
Kepler-1757,18410,13819,13819,13819,24.937533948940793,165.44597,pdcsap_flux
Kepler-1758,19474,18823,18823,18823,3.3429187634795077,241.2965,pdcsap_flux
Kepler-1759,18788,17946,17946,17946,4.481583989780713,551.04087,pdcsap_flux
Kepler-176,18788,18604,18604,18604,0.979348520332124,401.42348,pdcsap_flux
Kepler-1760,19610,19610,19610,19610,0.0,495.37779,pdcsap_flux
Kepler-1733,112768,96758,96757,96757,14.1981767877412,142.24002,pdcsap_flux
Kepler-1761,19609,19609,19609,19609,0.0,438.70053,pdcsap_flux
Kepler-1763,18787,18603,18602,18602,0.984723479001437,964.06958,pdcsap_flux
Kepler-1764,18410,18410,18409,18409,0.0054318305268918,195.89963,pdcsap_flux
Kepler-1765,18410,18410,18410,18410,0.0,297.31723,pdcsap_flux
Kepler-1766,19609,19609,19609,19609,0.0,1618.2102,pdcsap_flux
Kepler-177,18788,15581,15581,15581,17.06940600383223,274.20093,pdcsap_flux
Kepler-1768,18788,18604,18604,18604,0.979348520332124,1057.36185,pdcsap_flux
Kepler-1769,18788,18604,18603,18603,0.9846710666382764,2611.2827,pdcsap_flux
Kepler-1770,18757,18573,18547,18547,1.1195820227115183,322.74786,pdcsap_flux
Kepler-1771,18787,17217,17217,17217,8.35684249747165,833.0813,pdcsap_flux
Kepler-1772,19474,19474,19474,19474,0.0,1054.31095,pdcsap_flux
Kepler-1773,18556,17277,17277,17277,6.892649277861606,1578.3887,pdcsap_flux
Kepler-1774,18788,17158,17158,17158,8.675750479029166,609.966,pdcsap_flux
Kepler-1775,18556,17277,17277,17277,6.892649277861606,1180.1432,pdcsap_flux
Kepler-1776,18788,17397,17396,17396,7.408984458164792,907.11198,pdcsap_flux
Kepler-1777,19610,19610,19610,19610,0.0,678.63923,pdcsap_flux
Kepler-1778,18554,12345,12345,12345,33.46448205238762,216.06636,pdcsap_flux
Kepler-178,18788,15236,15236,15236,18.905684479454976,364.54623,pdcsap_flux
Kepler-1779,18410,15250,15250,15250,17.164584464964694,251.087425,pdcsap_flux
Kepler-1780,18410,18264,18264,18264,0.7930472569255831,258.26274,pdcsap_flux
Kepler-1782,18788,15729,15729,15729,16.281669150521605,1051.1221,pdcsap_flux
Kepler-1783,18788,18604,18604,18604,0.979348520332124,1567.6637999999998,pdcsap_flux
Kepler-1784,18410,17274,17274,17274,6.170559478544268,244.61324,pdcsap_flux
Kepler-1786,18788,18020,18020,18020,4.087715563125405,528.067535,pdcsap_flux
Kepler-1787,18788,15536,15536,15536,17.308920587609112,407.56247,pdcsap_flux
Kepler-1788,19609,18264,18262,18262,6.869294711612017,204.565585,pdcsap_flux
Kepler-1789,18788,16800,16800,16800,10.581222056631889,465.69327,pdcsap_flux
Kepler-179,18788,18254,18254,18254,2.8422397274856293,457.582305,pdcsap_flux
Kepler-1790,18787,18414,18413,18413,1.990738276467774,503.46707,pdcsap_flux
Kepler-1791,19474,19474,19474,19474,0.0,1021.557175,pdcsap_flux
Kepler-1792,18788,18788,18788,18788,0.0,215.252955,pdcsap_flux
Kepler-1795,18556,17277,17277,17277,6.892649277861606,158.149,pdcsap_flux
Kepler-1799,17303,11258,11258,11258,34.936138241923366,89.24881300000001,pdcsap_flux
Kepler-1798,18788,17011,17011,17011,9.45816478603364,157.0343,pdcsap_flux
Kepler-18,18423,18423,18423,18423,0.0,945.29517,pdcsap_flux
Kepler-180,18788,17508,17508,17508,6.812859271875671,442.630995,pdcsap_flux
Kepler-1800,18788,18604,18604,18604,0.979348520332124,1558.14865,pdcsap_flux
Kepler-1801,18787,18787,18787,18787,0.0,146.79227,pdcsap_flux
Kepler-1806,18556,12297,12296,12296,33.735718904936405,116.222278,pdcsap_flux
Kepler-1805,17303,16992,16991,16991,1.8031555221637907,413.66492,pdcsap_flux
Kepler-1807,18788,18396,18396,18396,2.086438152011927,671.3954699999999,pdcsap_flux
Kepler-1808,18556,17263,17263,17263,6.968096572537186,206.42363,pdcsap_flux
Kepler-1809,18788,17183,17183,17183,8.542686821375344,640.7413,pdcsap_flux
Kepler-181,18788,17101,17101,17101,8.979135618479884,380.75327,pdcsap_flux
Kepler-1811,18556,16940,16940,16940,8.708773442552275,209.260415,pdcsap_flux
Kepler-1810,18787,16829,16829,16829,10.422100388566555,179.00829,pdcsap_flux
Kepler-1812,19474,18911,18911,18911,2.891034199445419,118.57782,pdcsap_flux
Kepler-1813,19608,16778,16778,16778,14.432884536923709,151.780305,pdcsap_flux
Kepler-1814,18556,15390,15390,15390,17.061866781633974,159.49688,pdcsap_flux
Kepler-1815,18410,17084,17083,17083,7.208039109179798,186.4274,pdcsap_flux
Kepler-1816,18788,17479,17479,17479,6.9672131147541005,469.45703,pdcsap_flux
Kepler-1817,18788,15527,15527,15527,17.35682350436448,234.14009,pdcsap_flux
Kepler-1818,18788,16754,16754,16754,10.82605918671492,517.24298,pdcsap_flux
Kepler-1819,18410,14186,14185,14185,22.94948397609995,146.74005,pdcsap_flux
Kepler-182,18556,12770,12770,12770,31.18128907092046,267.65873,pdcsap_flux
Kepler-1821,18788,17203,17203,17203,8.436235895252286,307.09503,pdcsap_flux
Kepler-1823,19609,19609,19609,19609,0.0,1074.3701,pdcsap_flux
Kepler-1824,18409,18409,18409,18409,0.0,282.87073,pdcsap_flux
Kepler-1825,18788,18604,18604,18604,0.979348520332124,476.19675,pdcsap_flux
Kepler-1826,19610,17260,17259,17259,11.98878123406425,169.14435,pdcsap_flux
Kepler-1828,18788,17128,17128,17128,8.835426868213759,239.593855,pdcsap_flux
Kepler-1827,18786,18511,18511,18511,1.4638560630256592,1559.4484,pdcsap_flux
Kepler-1829,17303,11258,11258,11258,34.936138241923366,215.87931,pdcsap_flux
Kepler-1830,18788,18604,18604,18604,0.979348520332124,824.7139,pdcsap_flux
Kepler-1831,19025,18040,18040,18040,5.177398160315372,221.651155,pdcsap_flux
Kepler-1832,18788,18604,18604,18604,0.979348520332124,449.30472,pdcsap_flux
Kepler-1837,18556,12176,12176,12176,34.38241000215564,159.516395,pdcsap_flux
Kepler-1833,18787,17476,17476,17476,6.9782296268696475,2223.91525,pdcsap_flux
Kepler-1835,18787,15771,15769,15769,16.064299781763992,159.8033,pdcsap_flux
Kepler-1838,18321,18203,18203,18203,0.6440696468533402,4705.787,pdcsap_flux
Kepler-1842,18555,13399,13397,13397,27.798437078954464,319.61145,pdcsap_flux
Kepler-1839,19610,17834,17834,17834,9.056603773584904,337.011175,pdcsap_flux
Kepler-1841,18788,17131,17131,17131,8.81945922929529,378.616,pdcsap_flux
Kepler-184,18788,18604,18604,18604,0.979348520332124,493.14389,pdcsap_flux
Kepler-1844,18788,17695,17694,17694,5.8228656589312315,106.5723175,pdcsap_flux
Kepler-1843,19610,19610,19610,19610,0.0,1776.5946,pdcsap_flux
Kepler-1845,18787,18406,18405,18405,2.0333209133975627,97.39829,pdcsap_flux
Kepler-1851,18556,11469,11468,11468,38.19788747574909,115.135452,pdcsap_flux
Kepler-1849,17898,17898,17898,17898,0.0,145.25516,pdcsap_flux
Kepler-1846,18788,18430,18429,18429,1.9107941239088768,614.5395,pdcsap_flux
Kepler-185,18788,15978,15977,15977,14.961677666595696,460.4359,pdcsap_flux
Kepler-1848,18788,18604,18604,18604,0.979348520332124,905.50863,pdcsap_flux
Kepler-1850,19609,19609,19609,19609,0.0,706.5788,pdcsap_flux
Kepler-1852,18556,15691,15690,15690,15.445139038585898,170.7818,pdcsap_flux
Kepler-1853,18556,11610,11609,11609,37.43802543651648,281.14166,pdcsap_flux
Kepler-1854,18556,17277,17277,17277,6.892649277861606,609.6236,pdcsap_flux
Kepler-1857,18322,18322,18322,18322,0.0,479.469955,pdcsap_flux
Kepler-1856,19025,18803,18803,18803,1.166885676741125,173.32526,pdcsap_flux
Kepler-1855,19609,19609,19609,19609,0.0,236.21484,pdcsap_flux
Kepler-1858,18136,18136,18136,18136,0.0,138.58998,pdcsap_flux
Kepler-186,18322,18322,18322,18322,0.0,489.468645,pdcsap_flux
Kepler-1860,18788,17185,17185,17185,8.53204172876304,985.4495,pdcsap_flux
Kepler-1861,18788,17550,17550,17550,6.589312327017249,800.07525,pdcsap_flux
Kepler-1863,18788,16227,16227,16227,13.631041090057485,1001.75726,pdcsap_flux
Kepler-1862,19025,19025,19025,19025,0.0,90.94048,pdcsap_flux
Kepler-1867,18788,18604,18604,18604,0.979348520332124,1198.19775,pdcsap_flux
Kepler-1866,19611,19611,19610,19610,0.0050991790321752,433.1617700000001,pdcsap_flux
Kepler-1868,19610,19610,19610,19610,0.0,857.97593,pdcsap_flux
Kepler-1869,17749,15124,15124,15124,14.789565609330102,21794.009,pdcsap_flux
Kepler-187,18788,18604,18604,18604,0.979348520332124,468.549775,pdcsap_flux
Kepler-1870,19610,19610,19610,19610,0.0,1088.6331,pdcsap_flux
Kepler-1871,18788,17275,17275,17275,8.053012561209282,366.2544,pdcsap_flux
Kepler-1872,18788,16149,16146,16146,14.062167340855869,142.21454,pdcsap_flux
Kepler-1874,18555,12383,12382,12382,33.26866073834546,343.96450500000003,pdcsap_flux
Kepler-1875,19025,19025,19024,19024,0.0052562417871215,239.88112,pdcsap_flux
Kepler-1876,18322,18322,18322,18322,0.0,11320.5865,pdcsap_flux
Kepler-1878,18410,17064,17064,17064,7.311243889190655,170.09298,pdcsap_flux
Kepler-1877,19610,19610,19610,19610,0.0,3182.1444,pdcsap_flux
Kepler-188,18788,15721,15721,15721,16.324249520970834,267.98016,pdcsap_flux
Kepler-1879,19611,19611,19611,19611,0.0,1743.8616,pdcsap_flux
Kepler-1880,19611,19611,19611,19611,0.0,122.12064,pdcsap_flux
Kepler-1882,18788,18576,18576,18576,1.1283798169044124,2607.4955,pdcsap_flux
Kepler-1885,18556,12483,12483,12483,32.72795861176978,240.71106,pdcsap_flux
Kepler-1884,18410,18410,18410,18410,0.0,189.421815,pdcsap_flux
Kepler-1886,19473,17602,17602,17602,9.608175422379706,128.52756499999998,pdcsap_flux
Kepler-1887,18137,18137,18137,18137,0.0,77.43301,pdcsap_flux
Kepler-189,18410,16667,16667,16667,9.467680608365017,318.0146,pdcsap_flux
Kepler-1888,19611,19611,19611,19611,0.0,4369.706,pdcsap_flux
Kepler-1890,18788,18487,18487,18487,1.6020864381520172,1755.1322,pdcsap_flux
Kepler-1894,19025,18515,18515,18515,2.6806833114323303,163.81583,pdcsap_flux
Kepler-1892,18410,18410,18410,18410,0.0,122.483567,pdcsap_flux
Kepler-1893,18410,16567,16567,16567,10.01086366105377,217.98384,pdcsap_flux
Kepler-1895,18407,15530,15530,15530,15.629923398707014,177.225755,pdcsap_flux
Kepler-1896,18556,16445,16445,16445,11.376374218581589,101.69949,pdcsap_flux
Kepler-1897,18787,18787,18787,18787,0.0,72.665146,pdcsap_flux
Kepler-1864,117715,114552,114550,114550,2.6886972773223494,3519.78485,pdcsap_flux
Kepler-1899,18788,16564,16564,16564,11.83734298488397,114.4797725,pdcsap_flux
Kepler-1898,19611,19611,19611,19611,0.0,1365.9679,pdcsap_flux
Kepler-19,19611,19611,19611,19611,0.0,4323.2197,pdcsap_flux
Kepler-190,18137,18137,18137,18137,0.0,647.5301,pdcsap_flux
Kepler-1900,18409,17391,17391,17391,5.52990385137705,181.52945,pdcsap_flux
Kepler-1901,19608,18819,18819,18819,4.023867809057524,245.17465,pdcsap_flux
Kepler-1902,19611,19611,19611,19611,0.0,210.52477,pdcsap_flux
Kepler-1904,19609,14833,14833,14833,24.3561629863838,171.23756,pdcsap_flux
Kepler-1903,19025,18307,18307,18307,3.773981603153742,159.64886,pdcsap_flux
Kepler-1906,18788,18788,18787,18787,0.0053225463061523,219.66995,pdcsap_flux
Kepler-1907,18788,15742,15742,15742,16.212476048541625,889.181,pdcsap_flux
Kepler-1911,17748,15123,15123,15123,14.790398918187964,3515.6365,pdcsap_flux
Kepler-1910,18410,18410,18410,18410,0.0,139.031855,pdcsap_flux
Kepler-1913,18556,12975,12975,12975,30.076525113170938,352.19846,pdcsap_flux
Kepler-1912,19610,19610,19610,19610,0.0,3081.08585,pdcsap_flux
Kepler-1914,18783,17653,17653,17653,6.016078368737688,112.92739,pdcsap_flux
Kepler-1916,18410,15337,15337,15337,16.692015209125476,102.15485,pdcsap_flux
Kepler-1917,18410,17358,17358,17358,5.714285714285716,177.98480999999998,pdcsap_flux
Kepler-1919,18788,16108,16108,16108,14.26442410048967,125.560755,pdcsap_flux
Kepler-192,18788,15543,15542,15542,17.276985309772197,551.98041,pdcsap_flux
Kepler-1921,18787,18603,18603,18603,0.9794006493852092,1445.2877,pdcsap_flux
Kepler-1922,18788,17201,17201,17201,8.446880987864592,195.31927,pdcsap_flux
Kepler-1925,18556,12780,12779,12779,31.13278723862901,168.54439,pdcsap_flux
Kepler-1923,18788,18604,18604,18604,0.979348520332124,351.66859999999997,pdcsap_flux
Kepler-1924,18410,18234,18234,18234,0.9560021727322066,208.702675,pdcsap_flux
Kepler-1927,18788,18604,18604,18604,0.979348520332124,1207.3263499999998,pdcsap_flux
Kepler-1928,19609,19609,19609,19609,0.0,2401.4019,pdcsap_flux
Kepler-1929,18322,18322,18322,18322,0.0,3641.76545,pdcsap_flux
Kepler-193,18786,18602,18602,18602,0.9794527839880772,328.525695,pdcsap_flux
Kepler-1932,18555,15477,15477,15477,16.588520614389658,234.70958,pdcsap_flux
Kepler-1931,18788,18604,18596,18596,1.021928890781354,2388.64625,pdcsap_flux
Kepler-1930,19474,18015,18015,18015,7.492040669610766,1270.4298,pdcsap_flux
Kepler-1933,18787,16736,16736,16736,10.917123542875396,2208.9127,pdcsap_flux
Kepler-1935,19473,17642,17642,17642,9.402762799774044,379.67592,pdcsap_flux
Kepler-1934,19610,19610,19610,19610,0.0,1869.9484,pdcsap_flux
Kepler-1936,18787,17915,17762,17762,5.455900356629584,914.3345,pdcsap_flux
Kepler-1937,18788,17311,17311,17311,7.861400894187776,519.41766,pdcsap_flux
Kepler-1938,18788,18604,18604,18604,0.979348520332124,245.193345,pdcsap_flux
Kepler-1939,19611,19611,19611,19611,0.0,1400.3,pdcsap_flux
Kepler-194,18410,15544,15544,15544,15.567626290059756,267.08392,pdcsap_flux
Kepler-1941,19025,19025,19025,19025,0.0,300.19742,pdcsap_flux
Kepler-1943,18788,18604,18603,18603,0.9846710666382764,735.80884,pdcsap_flux
Kepler-1942,19611,19611,19611,19611,0.0,308.51996,pdcsap_flux
Kepler-1944,18788,18788,18786,18786,0.0106450926123047,123.727177,pdcsap_flux
Kepler-1945,19611,19611,19611,19611,0.0,1150.0791,pdcsap_flux
Kepler-1946,18788,16437,16437,16437,12.513306365765386,152.15224,pdcsap_flux
Kepler-1947,18788,18604,18604,18604,0.979348520332124,1514.4861,pdcsap_flux
Kepler-195,18788,15691,15691,15691,16.483925910155417,317.67758,pdcsap_flux
Kepler-1948,19610,18255,18255,18255,6.90973992860785,1057.4938,pdcsap_flux
Kepler-1949,18410,18170,18170,18170,1.30363932645301,186.951265,pdcsap_flux
Kepler-1953,18556,11633,11633,11633,37.308687217072645,181.32584,pdcsap_flux
Kepler-1950,18788,17146,17146,17146,8.739621034703005,386.112875,pdcsap_flux
Kepler-1952,19609,19609,19609,19609,0.0,632.2058,pdcsap_flux
Kepler-1955,18788,18604,18604,18604,0.979348520332124,2279.7794,pdcsap_flux
Kepler-1958,18556,14855,14855,14855,19.945031256736367,136.48015,pdcsap_flux
Kepler-1957,18787,18439,18438,18438,1.8576675360621688,297.40642,pdcsap_flux
Kepler-1956,19025,19025,19025,19025,0.0,179.4573,pdcsap_flux
Kepler-1959,18787,18603,18603,18603,0.9794006493852092,393.37134,pdcsap_flux
Kepler-1960,18409,16301,16301,16301,11.450920745287627,202.19958,pdcsap_flux
Kepler-196,19611,19611,19611,19611,0.0,589.5208,pdcsap_flux
Kepler-1961,18555,16502,16502,16502,11.064403125842093,118.89265,pdcsap_flux
Kepler-1962,18556,16917,16917,16917,8.83272256951929,249.19522,pdcsap_flux
Kepler-1963,18788,18604,18604,18604,0.979348520332124,609.1067,pdcsap_flux
Kepler-1965,18788,17244,17242,17242,8.228656589312322,784.45515,pdcsap_flux
Kepler-1964,19025,19025,19025,19025,0.0,77.46357,pdcsap_flux
Kepler-1966,19474,18441,18441,18441,5.304508575536615,329.27005,pdcsap_flux
Kepler-1967,18788,18604,18604,18604,0.979348520332124,1247.6402,pdcsap_flux
Kepler-1969,19025,19025,19025,19025,0.0,128.19855,pdcsap_flux
Kepler-1976,18788,17382,17381,17381,7.488822652757077,119.06253,pdcsap_flux
Kepler-1979,18788,16488,16488,16488,12.241856504151585,163.6241,pdcsap_flux
Kepler-1977,19610,19610,19610,19610,0.0,141.239065,pdcsap_flux
Kepler-1978,19610,19610,19610,19610,0.0,180.36173,pdcsap_flux
Kepler-198,18788,16750,16750,16750,10.84734937193954,845.3361649999999,pdcsap_flux
Kepler-1980,18788,18788,18785,18785,0.015967638918457,119.57381,pdcsap_flux
Kepler-1981,18556,16873,16873,16873,9.06984263849968,1074.8221,pdcsap_flux
Kepler-1983,19474,17672,17672,17672,9.25336345897093,524.81563,pdcsap_flux
Kepler-1984,19611,19611,19611,19611,0.0,165.63719,pdcsap_flux
Kepler-1988,17749,15124,15124,15124,14.789565609330102,3338.5562,pdcsap_flux
Kepler-1987,18409,18409,18409,18409,0.0,171.09006,pdcsap_flux
Kepler-199,17749,15124,15124,15124,14.789565609330102,817.99573,pdcsap_flux
Kepler-1990,17749,15088,15074,15074,15.071271620936388,2425.1405000000004,pdcsap_flux
Kepler-1991,18556,11618,11618,11618,37.38952360422505,330.91924,pdcsap_flux
Kepler-1992,19610,19610,19609,19609,0.0050994390617065,968.0994,pdcsap_flux
Kepler-1993,18788,17755,17755,17755,5.498190334255904,1479.6971,pdcsap_flux
Kepler-1995,18556,11781,11781,11781,36.511101530502266,239.44864,pdcsap_flux
Kepler-1996,18788,15289,15288,15288,18.62891207153502,355.427965,pdcsap_flux
Kepler-1998,19609,19609,19609,19609,0.0,2291.7578,pdcsap_flux
Kepler-197,109928,106763,106762,106762,2.880066952914639,4442.941699999999,pdcsap_flux
Kepler-1999,19474,15765,15765,15765,19.045907363664373,80.296394,pdcsap_flux
Kepler-1972,117695,114462,114453,114453,2.754577509664813,8396.585,pdcsap_flux
Kepler-2000,17303,12489,12489,12489,27.821765011847653,304.96542,pdcsap_flux
Kepler-200,19611,19611,19611,19611,0.0,670.89496,pdcsap_flux
Kepler-2001,19025,17887,17887,17887,5.981603153745074,119.06539,pdcsap_flux
Kepler-1982,112758,96510,96506,96506,14.413168023554867,1997.35925,pdcsap_flux
Kepler-201,18788,18604,18604,18604,0.979348520332124,1412.08325,pdcsap_flux
Kepler-202,19609,19609,19609,19609,0.0,820.36694,pdcsap_flux
Kepler-203,18788,18604,18604,18604,0.979348520332124,596.763775,pdcsap_flux
Kepler-204,19611,19611,19611,19611,0.0,683.33875,pdcsap_flux
Kepler-205,19609,19609,19609,19609,0.0,1355.7911,pdcsap_flux
Kepler-206,18788,18604,18604,18604,0.979348520332124,1012.65866,pdcsap_flux
Kepler-207,18786,17918,17918,17918,4.62046204620462,1204.792,pdcsap_flux
Kepler-21,17904,11996,11992,11992,33.02055406613047,126712.475,pdcsap_flux
Kepler-208,19611,19611,19611,19611,0.0,927.3226,pdcsap_flux
Kepler-209,18787,18603,18603,18603,0.9794006493852092,715.06366,pdcsap_flux
Kepler-1994,109937,106869,106869,106869,2.7906892129128447,4615.166,pdcsap_flux
Kepler-210,19610,19610,19610,19610,0.0,892.69073,pdcsap_flux
Kepler-211,19611,19611,19611,19611,0.0,1316.634,pdcsap_flux
Kepler-212,18784,17151,17133,17133,8.789395229982965,1704.1562,pdcsap_flux
Kepler-213,18788,17714,17714,17714,5.716414732808173,1008.9868,pdcsap_flux
Kepler-214,19610,19610,19610,19610,0.0,627.89735,pdcsap_flux
Kepler-215,18788,18467,18466,18466,1.713859910581217,900.6914,pdcsap_flux
Kepler-216,18787,17932,17932,17932,4.551019321871507,539.1948649999999,pdcsap_flux
Kepler-218,18787,18597,18597,18597,1.0113376270825536,686.8599,pdcsap_flux
Kepler-217,18788,17815,17815,17815,5.178837555886739,1120.3002,pdcsap_flux
Kepler-219,18788,15272,15272,15272,18.714072812433468,799.963525,pdcsap_flux
Kepler-22,19611,15697,15697,15697,19.958186731936156,5366.3457,pdcsap_flux
Kepler-220,19610,16714,16714,16714,14.7679755226925,2140.0143,pdcsap_flux
Kepler-20,117706,114710,114704,114704,2.5504222384585273,2622.83445,pdcsap_flux
Kepler-221,18321,18321,18321,18321,0.0,790.6607,pdcsap_flux
Kepler-222,18788,15237,15237,15237,18.900361933148822,217.99457,pdcsap_flux
Kepler-224,18556,12978,12978,12978,30.060357835740454,143.68298,pdcsap_flux
Kepler-223,18788,18604,18604,18604,0.979348520332124,146.49459000000002,pdcsap_flux
Kepler-225,18136,18136,18136,18136,0.0,133.23343,pdcsap_flux
Kepler-226,18410,15541,15541,15541,15.58392178164041,169.24748,pdcsap_flux
Kepler-227,18788,16637,16636,16636,11.454119650840966,225.99841,pdcsap_flux
Kepler-229,18788,15887,15887,15887,15.440706834149454,116.459496,pdcsap_flux
Kepler-230,18788,15831,15831,15831,15.73876942729402,228.18723,pdcsap_flux
Kepler-23,18787,17757,17757,17757,5.4825145047107,1023.3104,pdcsap_flux
Kepler-231,18788,17051,17050,17050,9.250585480093676,213.090685,pdcsap_flux
Kepler-233,18788,17113,17112,17112,8.920587609112197,168.91938499999998,pdcsap_flux
Kepler-232,19025,19025,19023,19023,0.0105124835742431,129.79364,pdcsap_flux
Kepler-234,18788,17079,17079,17079,9.096231637215247,154.34657,pdcsap_flux
Kepler-235,18555,17276,17268,17268,6.936135812449473,135.578315,pdcsap_flux
Kepler-237,19611,19611,19611,19611,0.0,211.67508,pdcsap_flux
Kepler-238,18788,17046,17046,17046,9.271875665318284,263.19739000000004,pdcsap_flux
Kepler-236,19610,19610,19610,19610,0.0,301.032115,pdcsap_flux
Kepler-24,18788,16768,16768,16768,10.751543538428788,231.72699,pdcsap_flux
Kepler-239,18410,18410,18410,18410,0.0,127.58267,pdcsap_flux
Kepler-242,18555,14052,14052,14052,24.268391269199675,184.481125,pdcsap_flux
Kepler-241,18410,18410,18410,18410,0.0,192.991715,pdcsap_flux
Kepler-244,18555,13304,13304,13304,28.299649690110485,156.96356500000002,pdcsap_flux
Kepler-245,18788,18604,18604,18604,0.979348520332124,143.72258,pdcsap_flux
Kepler-243,19610,19610,19610,19610,0.0,259.39009,pdcsap_flux
Kepler-247,18788,17215,17214,17214,8.37768788588461,273.08529999999996,pdcsap_flux
Kepler-246,18409,18409,18409,18409,0.0,253.16173,pdcsap_flux
Kepler-248,18410,18260,18260,18260,0.8147745790331395,171.39056,pdcsap_flux
Kepler-249,18320,18320,18320,18320,0.0,196.91067,pdcsap_flux
Kepler-25,18424,18424,18424,18424,0.0,12451.64725,pdcsap_flux
Kepler-250,18410,16730,16730,16730,9.125475285171104,174.31815,pdcsap_flux
Kepler-251,18410,18410,18369,18369,0.2227050516023898,85.07032,pdcsap_flux
Kepler-254,18556,12079,12079,12079,34.90515197240784,102.621635,pdcsap_flux
Kepler-253,18410,17230,17230,17230,6.409560021727323,143.07671499999998,pdcsap_flux
Kepler-252,18409,17955,17955,17955,2.4661850181976197,240.30241,pdcsap_flux
Kepler-257,18409,14708,14707,14707,20.109728936933024,180.86748,pdcsap_flux
Kepler-258,18410,17035,17035,17035,7.468766974470398,221.71748,pdcsap_flux
Kepler-259,18556,12345,12345,12345,33.47165337357188,156.16032,pdcsap_flux
Kepler-26,18788,15279,15279,15279,18.676814988290403,233.27245,pdcsap_flux
Kepler-260,18788,17051,17051,17051,9.245262933787524,545.1073,pdcsap_flux
Kepler-261,18788,16773,16773,16773,10.724930806898026,1112.9675,pdcsap_flux
Kepler-262,19593,19593,19591,19591,0.0102077272495226,576.3981,pdcsap_flux
Kepler-263,18788,17157,17157,17157,8.681073025335317,152.47722,pdcsap_flux
Kepler-265,18556,16454,16454,16454,11.32787238629015,149.867955,pdcsap_flux
Kepler-264,18788,17031,17031,17031,9.351713859910582,1447.7799,pdcsap_flux
Kepler-267,18322,18322,18322,18322,0.0,245.98742,pdcsap_flux
Kepler-269,18556,15232,15232,15232,17.913343392972624,122.378483,pdcsap_flux
Kepler-268,18785,17046,17046,17046,9.257386212403516,899.53022,pdcsap_flux
Kepler-27,18787,18496,18496,18496,1.5489434183211803,99.522262,pdcsap_flux
Kepler-270,18788,15721,15721,15721,16.324249520970834,652.6819,pdcsap_flux
Kepler-271,19611,19611,19611,19611,0.0,1108.4806,pdcsap_flux
Kepler-272,18788,18429,18429,18429,1.9107941239088768,358.58932,pdcsap_flux
Kepler-273,18556,12978,12978,12978,30.060357835740454,255.627435,pdcsap_flux
Kepler-275,18787,17326,17326,17326,7.776654069303246,166.666935,pdcsap_flux
Kepler-274,18788,18404,18404,18404,2.043857781562697,202.17786,pdcsap_flux
Kepler-276,18785,18785,18784,18784,0.0053233963268617,157.99073,pdcsap_flux
Kepler-277,18788,16370,16370,16370,12.869916968277629,1155.67095,pdcsap_flux
Kepler-279,18788,17120,17105,17105,8.957845433255274,871.3678,pdcsap_flux
Kepler-28,18788,18604,18604,18604,0.979348520332124,309.98204,pdcsap_flux
Kepler-278,19610,19610,19610,19610,0.0,6959.1393499999995,pdcsap_flux
Kepler-280,18787,18603,18603,18603,0.9794006493852092,408.7263,pdcsap_flux
Kepler-282,18788,15545,15545,15545,17.26101767085374,187.217,pdcsap_flux
Kepler-283,18788,18506,18506,18506,1.5009580583351112,123.7912575,pdcsap_flux
Kepler-284,18137,18137,18137,18137,0.0,117.978714,pdcsap_flux
Kepler-286,18556,12978,12978,12978,30.060357835740454,151.64704999999998,pdcsap_flux
Kepler-285,18410,15532,15532,15532,15.632808256382402,217.18226,pdcsap_flux
Kepler-287,18556,12978,12978,12978,30.060357835740454,295.561875,pdcsap_flux
Kepler-288,18556,17117,17117,17117,7.754904074153912,161.5309,pdcsap_flux
Kepler-289,18424,18363,18363,18363,0.3310898827616149,511.123,pdcsap_flux
Kepler-290,18556,13167,13167,13167,29.04181935762018,165.66321,pdcsap_flux
Kepler-29,18788,18604,18604,18604,0.979348520332124,187.62021,pdcsap_flux
Kepler-291,18552,14401,14400,14400,22.38033635187581,31.1008615,pdcsap_flux
Kepler-294,18556,11618,11618,11618,37.38952360422505,108.991903,pdcsap_flux
Kepler-293,18555,13409,13409,13409,27.73376448396658,182.7296,pdcsap_flux
Kepler-295,18787,15275,15275,15275,18.69377761217863,427.46542,pdcsap_flux
Kepler-296,19610,18730,18730,18730,4.487506374298822,178.153775,pdcsap_flux
Kepler-297,18422,17534,17534,17534,4.820323526218651,573.63144,pdcsap_flux
Kepler-299,18788,15784,15784,15784,15.988929103683205,239.29987,pdcsap_flux
Kepler-298,19474,16533,16533,16533,15.102187532094067,195.32707,pdcsap_flux
Kepler-300,18788,17940,17939,17939,4.51884181392378,424.3413,pdcsap_flux
Kepler-30,18424,18424,18424,18424,0.0,173.69861500000002,pdcsap_flux
Kepler-301,18788,15805,15805,15805,15.877155631253991,511.54916,pdcsap_flux
Kepler-303,19610,19610,19610,19610,0.0,556.8022249999999,pdcsap_flux
Kepler-305,18788,18604,18604,18604,0.979348520332124,98.41039,pdcsap_flux
Kepler-304,19608,19608,19608,19608,0.0,238.60798,pdcsap_flux
Kepler-306,18556,16287,16287,16287,12.22785082992024,147.12312,pdcsap_flux
Kepler-307,18787,18603,18603,18603,0.9794006493852092,569.25366,pdcsap_flux
Kepler-309,18788,18604,18604,18604,0.979348520332124,239.064605,pdcsap_flux
Kepler-31,18788,17927,17927,17927,4.582712369597619,140.63359,pdcsap_flux
Kepler-310,18788,15275,15275,15275,18.69810517351501,471.97067,pdcsap_flux
Kepler-314,17749,14481,14480,14480,18.417939038819085,2608.42,pdcsap_flux
Kepler-311,19609,19609,19609,19609,0.0,819.92017,pdcsap_flux
Kepler-313,18788,17924,17913,17913,4.657228017883752,635.7532,pdcsap_flux
Kepler-315,18788,18604,18604,18604,0.979348520332124,158.999855,pdcsap_flux
Kepler-316,18409,17259,17259,17259,6.246944429355206,253.40163,pdcsap_flux
Kepler-317,18787,18787,18786,18786,0.0053228296162277,130.64524,pdcsap_flux
Kepler-319,18787,16740,16740,16740,10.895832224410496,766.53595,pdcsap_flux
Kepler-318,18321,18321,18321,18321,0.0,1170.323,pdcsap_flux
Kepler-32,18322,18322,18322,18322,0.0,147.475455,pdcsap_flux
Kepler-320,18788,17810,16762,16762,10.7834788162657,946.33772,pdcsap_flux
Kepler-321,18787,18517,18517,18517,1.437163996380475,1979.4989,pdcsap_flux
Kepler-322,18788,15722,15721,15721,16.324249520970834,1037.5607,pdcsap_flux
Kepler-325,18556,12873,12872,12872,30.63160163828411,241.157185,pdcsap_flux
Kepler-324,19609,19387,19387,19387,1.1321332041409504,606.64746,pdcsap_flux
Kepler-326,18788,18268,18268,18268,2.767724079199485,923.5301,pdcsap_flux
Kepler-327,18787,18524,18524,18524,1.3999041890669028,346.647875,pdcsap_flux
Kepler-328,18410,18410,18410,18410,0.0,141.84951999999998,pdcsap_flux
Kepler-329,18409,15432,15432,15432,16.17143788364387,173.337525,pdcsap_flux
Kepler-33,18788,15625,15624,15624,16.840536512667658,607.24262,pdcsap_flux
Kepler-330,18136,18136,18136,18136,0.0,198.552285,pdcsap_flux
Kepler-332,18788,15403,15403,15403,18.016819246327444,699.2633,pdcsap_flux
Kepler-334,18788,15345,15345,15345,18.325526932084312,1857.0188,pdcsap_flux
Kepler-333,18787,18493,18493,18493,1.5649119071698523,386.29663,pdcsap_flux
Kepler-335,18788,18604,18604,18604,0.979348520332124,657.948305,pdcsap_flux
Kepler-336,18788,17887,17886,17886,4.800936768149889,932.30758,pdcsap_flux
Kepler-337,18788,15801,15801,15801,15.8984458164786,2026.9237,pdcsap_flux
Kepler-312,112769,98311,98311,98311,12.820899360639892,1569.0344,pdcsap_flux
Kepler-338,16938,16938,16937,16937,0.0059038847561643,3358.4563,pdcsap_flux
Kepler-339,18788,17916,17915,17915,4.6465829252714475,361.4384,pdcsap_flux
Kepler-34,18424,18424,18038,18038,2.0950933564915286,255.846785,pdcsap_flux
Kepler-340,18787,18603,18603,18603,0.9794006493852092,2385.3,pdcsap_flux
Kepler-341,18788,17355,17354,17354,7.632531403023202,331.141175,pdcsap_flux
Kepler-343,18787,18603,18602,18602,0.984723479001437,565.41195,pdcsap_flux
Kepler-345,18788,18542,18541,18541,1.3146689376197562,782.80994,pdcsap_flux
Kepler-346,18556,12153,12153,12153,34.50635912912266,235.82776,pdcsap_flux
Kepler-347,18788,16285,16285,16285,13.322333404300611,390.9219,pdcsap_flux
Kepler-348,17898,17898,17898,17898,0.0,2014.917,pdcsap_flux
Kepler-323,112768,96791,96790,96790,14.168913166855845,1890.1787,pdcsap_flux
Kepler-349,18410,18296,18296,18296,0.6192286800651869,297.85947,pdcsap_flux
Kepler-350,18556,17261,17261,17261,6.978874757490838,780.84784,pdcsap_flux
Kepler-35,18424,18424,18308,18308,0.6296135475466813,120.651618,pdcsap_flux
Kepler-351,18556,13179,13179,13179,28.977150247898255,60.450386,pdcsap_flux
Kepler-352,18787,18603,18603,18603,0.9794006493852092,1754.9268,pdcsap_flux
Kepler-353,18410,18410,18410,18410,0.0,130.875985,pdcsap_flux
Kepler-355,18554,13189,13189,13189,28.915597714778485,196.02141,pdcsap_flux
Kepler-354,19611,19611,19611,19611,0.0,137.06781,pdcsap_flux
Kepler-357,18410,16950,16950,16950,7.930472569255842,169.81152,pdcsap_flux
Kepler-358,18788,17984,17984,17984,4.279327230146901,172.96417,pdcsap_flux
Kepler-359,18786,18602,18602,18602,0.9794527839880772,69.937925,pdcsap_flux
Kepler-36,18422,18422,18422,18422,0.0,3432.6654,pdcsap_flux
Kepler-360,18410,16697,16697,16697,9.30472569255839,297.3175,pdcsap_flux
Kepler-361,18788,18604,18604,18604,0.979348520332124,914.850555,pdcsap_flux
Kepler-362,18788,17450,17450,17450,7.12156695763253,375.470535,pdcsap_flux
Kepler-363,19611,19611,19610,19610,0.0050991790321752,1211.67895,pdcsap_flux
Kepler-364,18787,15736,15736,15736,16.239953159099375,775.7778000000001,pdcsap_flux
Kepler-365,19025,18006,18006,18006,5.356110381077528,245.739925,pdcsap_flux
Kepler-342,112747,98116,98105,98105,12.986598313037156,1408.8402,pdcsap_flux
Kepler-366,19025,19025,19025,19025,0.0,257.9546,pdcsap_flux
Kepler-367,18320,18320,18320,18320,0.0,2132.28145,pdcsap_flux
Kepler-369,18410,15201,15201,15201,17.430744160782186,248.02756,pdcsap_flux
Kepler-368,18787,17837,17836,17836,5.062010965029007,1819.24905,pdcsap_flux
Kepler-37,18419,18419,18418,18418,0.0054291763939451,35643.615,pdcsap_flux
Kepler-370,18410,18210,18210,18210,1.086366105377512,216.844855,pdcsap_flux
Kepler-371,18788,17825,17825,17825,5.125612092825205,630.86487,pdcsap_flux
Kepler-372,18554,12976,12976,12976,30.06359814595235,242.2337,pdcsap_flux
Kepler-373,18788,16567,16567,16567,11.821375345965512,399.31818,pdcsap_flux
Kepler-375,18556,12335,12335,12335,33.52554429834016,104.061554,pdcsap_flux
Kepler-374,19474,18335,18335,18335,5.848824073123138,288.6053,pdcsap_flux
Kepler-376,18787,17102,17102,17102,8.968967903337411,604.5548,pdcsap_flux
Kepler-377,18788,18788,18788,18788,0.0,575.34908,pdcsap_flux
Kepler-356,112768,97474,97470,97470,13.565905221339392,1471.18865,pdcsap_flux
Kepler-38,18424,18059,18059,18059,1.9811115935736032,697.5773,pdcsap_flux
Kepler-379,18322,18031,18031,18031,1.5882545573627338,956.04047,pdcsap_flux
Kepler-380,19473,16216,16216,16216,16.7257227956658,855.16665,pdcsap_flux
Kepler-381,18424,18322,18321,18321,0.5590534085974763,13040.867,pdcsap_flux
Kepler-382,18788,18604,18604,18604,0.979348520332124,314.19227,pdcsap_flux
Kepler-383,18788,17187,17187,17187,8.521396636150735,223.63564,pdcsap_flux
Kepler-384,18788,15857,15844,15844,15.669576325314027,998.374325,pdcsap_flux
Kepler-385,19025,15196,15195,15195,20.13140604467806,154.0698,pdcsap_flux
Kepler-386,18556,12950,12950,12950,30.211252425091615,135.09099500000002,pdcsap_flux
Kepler-387,18788,15490,15490,15490,17.553757717692143,611.100555,pdcsap_flux
Kepler-388,18410,16585,16585,16585,9.913090711569794,302.24783,pdcsap_flux
Kepler-39,18787,18603,18603,18603,0.9794006493852092,464.93726,pdcsap_flux
Kepler-391,18788,17127,17127,17127,8.84074941451991,1764.9589,pdcsap_flux
Kepler-390,18788,18482,18482,18482,1.628699169682779,687.51073,pdcsap_flux
Kepler-392,19608,19608,19608,19608,0.0,972.21118,pdcsap_flux
Kepler-393,18786,17794,17775,17775,5.381667198977958,1333.1722,pdcsap_flux
Kepler-394,19025,19025,19025,19025,0.0,269.09442,pdcsap_flux
Kepler-396,18420,18420,18420,18420,0.0,4564.301600000001,pdcsap_flux
Kepler-397,18788,18604,18604,18604,0.979348520332124,73.578925,pdcsap_flux
Kepler-398,19611,19611,19611,19611,0.0,1472.0513,pdcsap_flux
Kepler-399,18787,18603,18603,18603,0.9794006493852092,336.81244,pdcsap_flux
Kepler-4,19610,19610,19609,19609,0.0050994390617065,3259.7695,pdcsap_flux
Kepler-40,18322,18322,18322,18322,0.0,320.977035,pdcsap_flux
Kepler-400,18787,17321,17321,17321,7.803268217384362,866.37384,pdcsap_flux
Kepler-401,18788,17119,16996,16996,9.538002980625937,1070.9374,pdcsap_flux
Kepler-402,18783,17172,16402,16402,12.67635627961454,1007.3267,pdcsap_flux
Kepler-403,19610,16190,16190,16190,17.440081591024992,1796.8087,pdcsap_flux
Kepler-404,18556,11440,11439,11439,38.35417115757706,228.70264,pdcsap_flux
Kepler-405,18788,16812,16812,16812,10.51735150095806,92.932275,pdcsap_flux
Kepler-378,117718,114170,114170,114170,3.0139825685111865,3020.3818,pdcsap_flux
Kepler-407,16941,16409,16409,16409,3.140310489345377,2397.9968,pdcsap_flux
Kepler-406,18788,18022,18022,18022,4.077070470513089,2515.32945,pdcsap_flux
Kepler-408,18417,18417,18408,18408,0.0488678937937803,74805.805,pdcsap_flux
Kepler-409,18413,18413,18408,18408,0.027154727638079,44893.695,pdcsap_flux
Kepler-41,19608,19608,19607,19607,0.0050999592003275,400.7186,pdcsap_flux
Kepler-410_A,18420,18420,18412,18412,0.0434310532030357,39265.508,pdcsap_flux
Kepler-411,18423,18212,18212,18212,1.145307496064707,3690.13735,pdcsap_flux
Kepler-412,18423,18231,18230,18230,1.0476035390544425,445.41125,pdcsap_flux
Kepler-413,18424,18225,18225,18225,1.0801128962223183,176.56291,pdcsap_flux
Kepler-414,18319,18319,18319,18319,0.0,1175.2062,pdcsap_flux
Kepler-415,19611,19611,19610,19610,0.0050991790321752,124.27117,pdcsap_flux
Kepler-416,19473,18753,18753,18753,3.69742720690186,572.23737,pdcsap_flux
Kepler-417,18788,18604,18604,18604,0.979348520332124,120.921745,pdcsap_flux
Kepler-418,18788,18788,18788,18788,0.0,300.21025,pdcsap_flux
Kepler-42,18422,18316,18316,18316,0.5753989794810566,465.772655,pdcsap_flux
Kepler-419,19611,19611,19611,19611,0.0,1387.0566,pdcsap_flux
Kepler-421,19610,19610,19610,19610,0.0,1247.92595,pdcsap_flux
Kepler-422,19609,19609,19608,19608,0.0050996991177498,1035.7523,pdcsap_flux
Kepler-423,19611,18330,18328,18328,6.5422466982815735,458.538955,pdcsap_flux
Kepler-424,18320,18320,18320,18320,0.0,487.37407,pdcsap_flux
Kepler-425,19609,19609,19609,19609,0.0,310.28818,pdcsap_flux
Kepler-427,18555,13317,13317,13317,28.22958771220695,510.83524,pdcsap_flux
Kepler-426,19611,15244,15243,15243,22.273214012543985,309.96698,pdcsap_flux
Kepler-428,19611,19611,19611,19611,0.0,199.75154,pdcsap_flux
Kepler-43,19609,19609,19608,19608,0.0050996991177498,666.37775,pdcsap_flux
Kepler-430,18788,17297,17297,17297,7.93591654247392,786.6005,pdcsap_flux
Kepler-431,16940,16940,16940,16940,0.0,3843.4423,pdcsap_flux
Kepler-432,19610,17853,17852,17852,8.964813870474252,3701.60995,pdcsap_flux
Kepler-433,17897,17897,17897,17897,0.0,328.5998,pdcsap_flux
Kepler-434,18758,18574,18508,18508,1.3327646870668564,1224.5238,pdcsap_flux
Kepler-435,19611,19611,19611,19611,0.0,899.1407,pdcsap_flux
Kepler-438,19610,19610,19610,19610,0.0,653.3606,pdcsap_flux
Kepler-437,18787,18603,18603,18603,0.9794006493852092,532.8652,pdcsap_flux
Kepler-439,18788,15754,15754,15754,16.148605492867784,372.04014,pdcsap_flux
Kepler-44,18320,18320,18320,18320,0.0,330.98521500000004,pdcsap_flux
Kepler-440,19608,19608,19608,19608,0.0,331.95135500000004,pdcsap_flux
Kepler-441,19611,19611,19611,19611,0.0,313.56494,pdcsap_flux
Kepler-442,18556,17277,17275,17275,6.903427462815259,337.50186,pdcsap_flux
Kepler-443,18556,12818,12818,12818,30.922612632032763,120.53316,pdcsap_flux
Kepler-444,18417,18417,18411,18411,0.0325785958625202,91613.9,pdcsap_flux
Kepler-445,18321,18321,18321,18321,0.0,77.417305,pdcsap_flux
Kepler-446,19609,19609,19608,19608,0.0050996991177498,119.81973,pdcsap_flux
Kepler-447,19611,19611,19611,19611,0.0,2780.9143,pdcsap_flux
Kepler-449,19609,19609,19609,19609,0.0,7782.5757,pdcsap_flux
Kepler-45,19611,19611,19610,19610,0.0050991790321752,114.999078,pdcsap_flux
Kepler-450,19609,19357,19356,19356,1.2902238767912744,5082.5903,pdcsap_flux
Kepler-453,18424,17326,17231,17231,6.4752496743378245,1042.4852,pdcsap_flux
Kepler-452,18788,18604,18604,18604,0.979348520332124,1266.2652,pdcsap_flux
Kepler-454,19611,19611,19611,19611,0.0,6703.3755,pdcsap_flux
Kepler-46,18788,17739,17739,17739,5.5833510751543525,185.23354,pdcsap_flux
Kepler-461,18787,17548,17548,17548,6.594985894501515,1160.98635,pdcsap_flux
Kepler-462,18424,18424,18424,18424,0.0,4322.548000000001,pdcsap_flux
Kepler-463,18788,18604,18603,18603,0.9846710666382764,1749.9518,pdcsap_flux
Kepler-465,18787,15129,15129,15129,19.47091073614734,2050.2756,pdcsap_flux
Kepler-464,18788,17519,17519,17519,6.754311262507984,2012.661,pdcsap_flux
Kepler-466,18786,17911,17910,17910,4.663046949856275,1819.57395,pdcsap_flux
Kepler-468,19608,15536,15533,15533,20.78233374133007,831.97784,pdcsap_flux
Kepler-467,19609,19609,19609,19609,0.0,2852.6199,pdcsap_flux
Kepler-47,18420,18420,18263,18263,0.8523344191096682,174.7908,pdcsap_flux
Kepler-471,18322,18322,18322,18322,0.0,693.7131300000001,pdcsap_flux
Kepler-472,18322,18064,18064,18064,1.4081432158061349,945.16846,pdcsap_flux
Kepler-473,18788,16172,16172,16172,13.923781136895895,1217.8812,pdcsap_flux
Kepler-474,18788,18604,18604,18604,0.979348520332124,1077.58175,pdcsap_flux
Kepler-475,19610,19610,19610,19610,0.0,1361.17145,pdcsap_flux
Kepler-476,18788,18604,18604,18604,0.979348520332124,756.70212,pdcsap_flux
Kepler-477,18782,17190,17176,17176,8.55074007028006,521.4811,pdcsap_flux
Kepler-48,18788,18604,18604,18604,0.979348520332124,1387.8108000000002,pdcsap_flux
Kepler-479,19610,19610,19610,19610,0.0,944.4795,pdcsap_flux
Kepler-481,18787,17250,17243,17243,8.218448927449828,822.7041,pdcsap_flux
Kepler-482,18321,18321,18321,18321,0.0,935.09393,pdcsap_flux
Kepler-483,18788,18604,18604,18604,0.979348520332124,989.82867,pdcsap_flux
Kepler-484,19611,19611,19611,19611,0.0,1547.0339,pdcsap_flux
Kepler-485,18322,18322,18322,18322,0.0,254.832105,pdcsap_flux
Kepler-487,18410,18410,18406,18406,0.0217273221075453,187.62982,pdcsap_flux
Kepler-489,18786,16963,16963,16963,9.704034919620996,671.7564,pdcsap_flux
Kepler-49,18788,18451,18451,18451,1.7936981051735137,268.1643,pdcsap_flux
Kepler-490,19611,19611,19609,19609,0.0101983580643505,266.77695,pdcsap_flux
Kepler-491,19611,19611,19611,19611,0.0,635.91327,pdcsap_flux
Kepler-493,18322,18322,18322,18322,0.0,159.85621500000002,pdcsap_flux
Kepler-496,18410,18241,18241,18241,0.9179793590439966,249.238,pdcsap_flux
Kepler-495,19610,19610,19610,19610,0.0,361.72709,pdcsap_flux
Kepler-5,18322,18322,18322,18322,0.0,1226.4963,pdcsap_flux
Kepler-499,18788,18604,18603,18603,0.9846710666382764,496.5722,pdcsap_flux
Kepler-50,16940,16940,16939,16939,0.0059031877213677,15872.782,pdcsap_flux
Kepler-500,18788,18604,18604,18604,0.979348520332124,440.697405,pdcsap_flux
Kepler-501,18410,18410,18410,18410,0.0,295.079665,pdcsap_flux
Kepler-502,18410,17211,17211,17211,6.512764801738191,239.2779,pdcsap_flux
Kepler-505,17305,16941,16940,16940,2.109216989309448,308.724195,pdcsap_flux
Kepler-504,19611,19611,19611,19611,0.0,757.36176,pdcsap_flux
Kepler-506,19611,19611,19610,19610,0.0050991790321752,10968.103,pdcsap_flux
Kepler-507,18322,18322,18322,18322,0.0,4042.08105,pdcsap_flux
Kepler-509,19606,15505,15505,15505,20.9170662042232,4467.392,pdcsap_flux
Kepler-508,18423,18423,18423,18423,0.0,5097.1665,pdcsap_flux
Kepler-51,18423,18423,18423,18423,0.0,275.82785,pdcsap_flux
Kepler-480,112769,97423,97423,97423,13.60834981244846,1263.3615,pdcsap_flux
Kepler-510,19611,19611,19611,19611,0.0,4204.296,pdcsap_flux
Kepler-511,19474,19474,19474,19474,0.0,2119.9076999999997,pdcsap_flux
Kepler-512,18321,18321,18321,18321,0.0,2093.937,pdcsap_flux
Kepler-513,19610,19610,19610,19610,0.0,1669.6198,pdcsap_flux
Kepler-514,19610,19403,19402,19402,1.0606833248342662,3145.5535,pdcsap_flux
Kepler-515,19609,14407,14407,14407,26.52863481054618,1440.4583,pdcsap_flux
Kepler-516,18322,18113,18113,18113,1.1407051631917908,3408.644,pdcsap_flux
Kepler-519,17749,15124,15124,15124,14.789565609330102,2148.60645,pdcsap_flux
Kepler-517,19611,19611,19610,19610,0.0050991790321752,3430.3746499999997,pdcsap_flux
Kepler-518,19611,19611,19611,19611,0.0,2306.7925,pdcsap_flux
Kepler-52,19611,18606,18605,18605,5.129774106368878,304.666,pdcsap_flux
Kepler-520,18787,18603,18603,18603,0.9794006493852092,1833.2814,pdcsap_flux
Kepler-521,18788,18604,18604,18604,0.979348520332124,1631.5966,pdcsap_flux
Kepler-522,19611,19611,19610,19610,0.0050991790321752,3001.94315,pdcsap_flux
Kepler-524,18788,17663,17663,17663,5.987864594421977,687.771,pdcsap_flux
Kepler-525,18321,18321,18321,18321,0.0,954.3697,pdcsap_flux
Kepler-523,19610,19610,19610,19610,0.0,2612.28125,pdcsap_flux
Kepler-526,18322,18322,18322,18322,0.0,1576.1702,pdcsap_flux
Kepler-527,18788,16128,16127,16127,14.163295720672776,1100.715,pdcsap_flux
Kepler-528,19609,19609,19608,19608,0.0050996991177498,609.80301,pdcsap_flux
Kepler-529,18788,15776,15775,15775,16.036832020438574,672.34863,pdcsap_flux
Kepler-53,18788,17230,17230,17230,8.292527144986162,152.720495,pdcsap_flux
Kepler-530,18788,15775,15775,15775,16.036832020438574,1098.9202,pdcsap_flux
Kepler-531,19609,18728,18726,18726,4.503034320975063,1388.20255,pdcsap_flux
Kepler-532,18321,18321,18321,18321,0.0,1104.1808,pdcsap_flux
Kepler-533,18788,17715,17714,17714,5.716414732808173,864.4995,pdcsap_flux
Kepler-534,18788,17658,17658,17658,6.014477325952738,1236.5187,pdcsap_flux
Kepler-535,18780,17716,17712,17712,5.686900958466456,1064.39725,pdcsap_flux
Kepler-536,18788,17656,17656,17656,6.025122418565044,835.93383,pdcsap_flux
Kepler-537,18787,14341,14340,14340,23.67062330334806,1539.2272,pdcsap_flux
Kepler-538,18422,18422,18421,18421,0.0054282922592574,8537.667,pdcsap_flux
Kepler-539,18322,18322,18322,18322,0.0,2780.66405,pdcsap_flux
Kepler-54,19611,19611,19611,19611,0.0,148.57755,pdcsap_flux
Kepler-541,18788,18788,18788,18788,0.0,1187.1891,pdcsap_flux
Kepler-542,18788,17208,17208,17208,8.409623163721525,1110.3811,pdcsap_flux
Kepler-540,19610,19245,19245,19245,1.861295257521678,3217.6833,pdcsap_flux
Kepler-543,19610,19610,19610,19610,0.0,1228.67935,pdcsap_flux
Kepler-544,19611,19611,19606,19606,0.0254958951608763,861.0296149999999,pdcsap_flux
Kepler-546,19611,19611,19611,19611,0.0,605.7658,pdcsap_flux
Kepler-547,19610,19610,19610,19610,0.0,574.954525,pdcsap_flux
Kepler-548,18321,18321,18321,18321,0.0,199.25455,pdcsap_flux
Kepler-549,19474,19474,19474,19474,0.0,384.11964,pdcsap_flux
Kepler-55,18788,16167,16167,16167,13.95039386842666,153.74062,pdcsap_flux
Kepler-550,18322,18322,18322,18322,0.0,440.01482,pdcsap_flux
Kepler-551,19607,19607,19607,19607,0.0,396.2328,pdcsap_flux
Kepler-552,18788,16334,16334,16334,13.061528635299124,494.64622,pdcsap_flux
Kepler-553,19025,19025,19025,19025,0.0,278.7453,pdcsap_flux
Kepler-554,18788,16712,16712,16712,11.04960613157334,525.47295,pdcsap_flux
Kepler-555,18556,17277,17276,17276,6.898038370338433,550.3490899999999,pdcsap_flux
Kepler-557,19474,17386,17386,17386,10.721988292081752,351.258265,pdcsap_flux
Kepler-558,19610,19610,19610,19610,0.0,276.35945000000004,pdcsap_flux
Kepler-559,19474,19474,19474,19474,0.0,321.49429499999997,pdcsap_flux
Kepler-56,19610,19610,19610,19610,0.0,2998.60965,pdcsap_flux
Kepler-562,18556,12789,12789,12789,31.07889631386075,312.30298,pdcsap_flux
Kepler-560,18320,18320,18311,18311,0.0491266375545862,527.00385,pdcsap_flux
Kepler-561,18787,17869,17869,17869,4.886357587693613,448.4733,pdcsap_flux
Kepler-564,18409,14202,14201,14201,22.858384485849314,295.25275,pdcsap_flux
Kepler-566,18409,15533,15532,15532,15.6282253245695,280.216725,pdcsap_flux
Kepler-567,18786,17623,17622,17622,6.196103481315873,331.50453500000003,pdcsap_flux
Kepler-569,18788,16133,16133,16133,14.131360442835849,471.98215,pdcsap_flux
Kepler-568,18320,18320,18320,18320,0.0,802.06092,pdcsap_flux
Kepler-57,18788,18091,18090,18090,3.715137321694695,276.03054999999995,pdcsap_flux
Kepler-570,18788,16360,16360,16360,12.923142431339151,453.13798,pdcsap_flux
Kepler-571,18786,16169,16169,16169,13.9305866070478,297.2276,pdcsap_flux
Kepler-572,18788,17119,17118,17118,8.888652331275281,418.085205,pdcsap_flux
Kepler-573,18787,14344,14343,14343,23.654654814499388,611.0599,pdcsap_flux
Kepler-574,18787,14209,14209,14209,24.367913983073397,389.38885,pdcsap_flux
Kepler-575,18788,16167,16167,16167,13.95039386842666,337.40878,pdcsap_flux
Kepler-576,19601,18033,18033,18033,7.999591857558286,481.78104,pdcsap_flux
Kepler-577,19611,19611,19611,19611,0.0,272.03174,pdcsap_flux
Kepler-578,18788,16408,16408,16408,12.667660208643817,466.28017,pdcsap_flux
Kepler-579,19611,19611,19611,19611,0.0,402.75525,pdcsap_flux
Kepler-58,18787,18787,18787,18787,0.0,246.50494,pdcsap_flux
Kepler-580,19610,19610,19610,19610,0.0,313.00302,pdcsap_flux
Kepler-584,18556,13490,13490,13490,27.30114248760509,236.882415,pdcsap_flux
Kepler-583,18788,16674,16674,16674,11.251862891207152,312.32941,pdcsap_flux
Kepler-581,18788,18604,18604,18604,0.979348520332124,342.051775,pdcsap_flux
Kepler-585,18788,16306,16306,16306,13.2105599318714,617.835055,pdcsap_flux
Kepler-587,18555,12177,12177,12177,34.37348423605498,273.1359,pdcsap_flux
Kepler-586,18788,17675,17675,17675,5.923994038748138,442.13205,pdcsap_flux
Kepler-588,18555,11606,11606,11606,37.45082188089464,298.34912499999996,pdcsap_flux
Kepler-59,18787,15137,15137,15137,19.42832809921754,459.77762,pdcsap_flux
Kepler-592,18555,11222,11222,11222,39.5203449205066,331.56477,pdcsap_flux
Kepler-589,19610,19610,19610,19610,0.0,379.8061,pdcsap_flux
Kepler-591,18788,15822,15822,15822,15.786672344049393,392.48355,pdcsap_flux
Kepler-593,18788,17676,17676,17676,5.918671492441985,328.58217,pdcsap_flux
Kepler-594,18556,12903,12903,12903,30.464539771502473,303.9682,pdcsap_flux
Kepler-595,19474,16272,16272,16272,16.442436068604295,336.2881,pdcsap_flux
Kepler-596,19611,14392,14391,14391,26.61771454795778,551.4691,pdcsap_flux
Kepler-597,19611,19611,19611,19611,0.0,530.4561,pdcsap_flux
Kepler-598,19474,18504,18503,18503,4.986135359967136,226.33876,pdcsap_flux
Kepler-599,19611,19611,19611,19611,0.0,286.3135,pdcsap_flux
Kepler-60,18788,17655,17655,17655,6.0304449648711955,674.5742,pdcsap_flux
Kepler-6,18322,18322,18322,18322,0.0,1330.08795,pdcsap_flux
Kepler-601,18788,16682,16682,16682,11.209282520757936,662.9914,pdcsap_flux
Kepler-600,19610,19610,19610,19610,0.0,331.412065,pdcsap_flux
Kepler-602,18787,18603,18602,18602,0.984723479001437,360.762865,pdcsap_flux
Kepler-603,18787,18603,18603,18603,0.9794006493852092,287.53836,pdcsap_flux
Kepler-604,19610,19610,19610,19610,0.0,392.688265,pdcsap_flux
Kepler-605,18787,17180,17174,17174,8.58572417096929,532.2101150000001,pdcsap_flux
Kepler-606,18409,18179,18179,18179,1.249388885871039,318.55045,pdcsap_flux
Kepler-607,19609,19532,19532,19532,0.3926768320669072,478.37763,pdcsap_flux
Kepler-608,19474,19232,19232,19232,1.2426825510937656,310.67580999999996,pdcsap_flux
Kepler-609,18410,17452,17452,17452,5.203693644758278,263.315475,pdcsap_flux
Kepler-61,18410,18410,18410,18410,0.0,294.70757000000003,pdcsap_flux
Kepler-610,18410,17203,17202,17202,6.561651276480173,321.678515,pdcsap_flux
Kepler-611,18788,15220,15219,15219,18.996167766659568,353.14926,pdcsap_flux
Kepler-613,18788,15265,15265,15265,18.751330636576537,366.2365,pdcsap_flux
Kepler-615,18788,15375,15375,15375,18.16585054289972,557.3284,pdcsap_flux
Kepler-614,18788,18604,18604,18604,0.979348520332124,381.597375,pdcsap_flux
Kepler-616,18410,15596,15596,15596,15.285171102661598,269.22954000000004,pdcsap_flux
Kepler-618,18556,11355,11355,11355,38.80685492563052,322.7085,pdcsap_flux
Kepler-619,18556,12978,12977,12977,30.065746928217287,296.04877,pdcsap_flux
Kepler-617,19608,19608,19608,19608,0.0,490.854155,pdcsap_flux
Kepler-62,19611,19611,19610,19610,0.0050991790321752,921.18212,pdcsap_flux
Kepler-620,19025,18307,18307,18307,3.773981603153742,304.78375,pdcsap_flux
Kepler-621,18788,17218,17218,17218,8.35639770066,297.88061,pdcsap_flux
Kepler-622,19610,19610,19610,19610,0.0,444.805365,pdcsap_flux
Kepler-623,18410,13951,13951,13951,24.22053231939163,247.0725,pdcsap_flux
Kepler-624,19611,19611,19611,19611,0.0,950.76965,pdcsap_flux
Kepler-625,19474,18025,18025,18025,7.44069015097053,1162.1049,pdcsap_flux
Kepler-626,18787,16642,16642,16642,11.41746952680045,692.3511000000001,pdcsap_flux
Kepler-627,18787,18035,18035,18035,4.002767871400437,595.7802,pdcsap_flux
Kepler-629,18788,16876,16876,16876,10.176708537364275,1309.9478,pdcsap_flux
Kepler-63,18424,18294,18294,18294,0.7056013894919722,5983.5328,pdcsap_flux
Kepler-630,19609,19609,19608,19608,0.0050996991177498,725.73305,pdcsap_flux
Kepler-631,18788,18604,18604,18604,0.979348520332124,858.01935,pdcsap_flux
Kepler-632,18788,18604,18604,18604,0.979348520332124,1173.67615,pdcsap_flux
Kepler-633,19611,19611,19611,19611,0.0,790.57587,pdcsap_flux
Kepler-634,18788,17877,17877,17877,4.8488396849052595,936.21857,pdcsap_flux
Kepler-635,18788,17618,17618,17618,6.227379178198856,1152.14395,pdcsap_flux
Kepler-636,18788,18604,18601,18601,0.995316159250581,632.8404,pdcsap_flux
Kepler-637,18788,18604,18604,18604,0.979348520332124,1037.12175,pdcsap_flux
Kepler-638,19609,19609,19609,19609,0.0,1081.2616,pdcsap_flux
Kepler-639,18788,18604,18603,18603,0.9846710666382764,1149.9926,pdcsap_flux
Kepler-640,18787,18603,18602,18602,0.984723479001437,747.4153699999999,pdcsap_flux
Kepler-641,18788,18604,18604,18604,0.979348520332124,767.84978,pdcsap_flux
Kepler-643,18788,18370,18369,18369,2.230146902278052,883.32666,pdcsap_flux
Kepler-645,18788,18259,18259,18259,2.815626995954867,548.5395,pdcsap_flux
Kepler-646,19610,19610,19610,19610,0.0,810.73678,pdcsap_flux
Kepler-647,18788,15741,15741,15741,16.21779859484778,623.6742,pdcsap_flux
Kepler-648,18556,12374,12374,12374,33.31536969174391,692.834025,pdcsap_flux
Kepler-649,18788,15476,15476,15476,17.628273365978288,1030.6435,pdcsap_flux
Kepler-651,18788,15168,15168,15168,19.26761762827337,699.8886399999999,pdcsap_flux
Kepler-65,18423,18423,18423,18423,0.0,9162.715,pdcsap_flux
Kepler-650,18788,16307,16307,16307,13.20523738556525,463.90295,pdcsap_flux
Kepler-652,18782,15171,15169,15169,19.236503034820572,993.83276,pdcsap_flux
Kepler-653,18788,15485,15485,15485,17.580370449222904,1149.9745,pdcsap_flux
Kepler-656,18556,12157,12156,12156,34.490191851692174,171.669265,pdcsap_flux
Kepler-654,18788,18604,18604,18604,0.979348520332124,828.85156,pdcsap_flux
Kepler-655,18788,18604,18604,18604,0.979348520332124,936.3101,pdcsap_flux
Kepler-657,18556,12978,12978,12978,30.060357835740454,160.73621500000002,pdcsap_flux
Kepler-658,18556,12474,12474,12474,32.776460444061215,235.479765,pdcsap_flux
Kepler-659,18555,11621,11621,11621,37.36998113715979,187.11223,pdcsap_flux
Kepler-660,18556,12176,12176,12176,34.38241000215564,200.538115,pdcsap_flux
Kepler-661,18556,12342,12342,12342,33.48782065100237,156.544165,pdcsap_flux
Kepler-662,18556,12978,12978,12978,30.060357835740454,159.9793,pdcsap_flux
Kepler-663,19024,19024,19024,19024,0.0,81.328415,pdcsap_flux
Kepler-664,18556,12484,12483,12483,32.72795861176978,154.96199,pdcsap_flux
Kepler-665,18322,18322,18322,18322,0.0,191.80142,pdcsap_flux
Kepler-667,19024,18481,18481,18481,2.8542893187552543,163.47719,pdcsap_flux
Kepler-666,19025,19025,19025,19025,0.0,157.70389,pdcsap_flux
Kepler-642,112769,98006,98006,98006,13.091363761317387,1193.68175,pdcsap_flux
Kepler-668,18556,11293,11291,11291,39.15175684414744,185.78972,pdcsap_flux
Kepler-644,112704,98046,97311,97311,13.6579003407155,691.35443,pdcsap_flux
Kepler-669,18410,15265,15264,15264,17.088538837588263,145.53215,pdcsap_flux
Kepler-670,18320,18320,18319,18319,0.0054585152838404,206.64209,pdcsap_flux
Kepler-671,18410,14796,14796,14796,19.630635524171648,175.36869000000002,pdcsap_flux
Kepler-672,18410,15204,15204,15204,17.41444866920152,216.651615,pdcsap_flux
Kepler-673,18556,12896,12896,12896,30.50226341884027,154.826845,pdcsap_flux
Kepler-675,19025,15105,15105,15105,20.604467805519057,182.88486,pdcsap_flux
Kepler-674,19609,19609,19609,19609,0.0,306.47998,pdcsap_flux
Kepler-676,19025,19025,19025,19025,0.0,202.14772,pdcsap_flux
Kepler-677,18556,12964,12953,12953,30.19508514766114,166.67676,pdcsap_flux
Kepler-68,18422,18422,18421,18421,0.0054282922592574,24925.021,pdcsap_flux
Kepler-678,19025,18704,18703,18703,1.6925098554533502,638.302,pdcsap_flux
Kepler-679,19025,19025,19025,19025,0.0,138.81659,pdcsap_flux
Kepler-681,17303,10286,10286,10286,40.553661214818234,219.092265,pdcsap_flux
Kepler-680,19025,17945,17945,17945,5.6767411300919886,167.96349,pdcsap_flux
Kepler-682,17303,11258,11258,11258,34.936138241923366,245.703705,pdcsap_flux
Kepler-683,18788,16661,16661,16661,11.321055993187146,225.92447,pdcsap_flux
Kepler-684,18788,16809,16809,16809,10.533319139876518,137.9452,pdcsap_flux
Kepler-687,18556,17277,17277,17277,6.892649277861606,253.08897,pdcsap_flux
Kepler-685,19611,19611,19611,19611,0.0,248.57188,pdcsap_flux
Kepler-686,19610,19610,19610,19610,0.0,125.709,pdcsap_flux
Kepler-688,19611,19611,19610,19610,0.0050991790321752,129.49515000000002,pdcsap_flux
Kepler-69,18788,18067,18067,18067,3.8375558867362103,725.59454,pdcsap_flux
Kepler-691,18555,17165,17165,17165,7.491242252762054,184.54315,pdcsap_flux
Kepler-693,18788,16754,16754,16754,10.82605918671492,77.77007499999999,pdcsap_flux
Kepler-694,18410,18177,18176,18176,1.271048343291692,203.32538,pdcsap_flux
Kepler-696,18408,18408,18408,18408,0.0,164.25497,pdcsap_flux
Kepler-695,18322,18322,18322,18322,0.0,189.56362,pdcsap_flux
Kepler-697,18788,16783,16783,16783,10.671705343836493,155.373,pdcsap_flux
Kepler-698,18555,14845,14843,14843,20.005389382915663,139.04068,pdcsap_flux
Kepler-7,19610,19610,19610,19610,0.0,1751.8084,pdcsap_flux
Kepler-700,18556,14203,14203,14203,23.458719551627503,179.22664,pdcsap_flux
Kepler-701,18555,14049,14049,14049,24.28455941794665,236.9814,pdcsap_flux
Kepler-703,18322,18322,18321,18321,0.0054579194411097,159.74944,pdcsap_flux
Kepler-702,18410,18410,18410,18410,0.0,151.45605,pdcsap_flux
Kepler-704,18788,16798,16798,16798,10.591867149244194,205.63443,pdcsap_flux
Kepler-705,18555,15961,15961,15961,13.980059283212077,97.81273,pdcsap_flux
Kepler-707,18556,15158,15157,15157,18.31752532873464,230.67151,pdcsap_flux
Kepler-709,18410,18076,18076,18076,1.814231395980448,200.20852,pdcsap_flux
Kepler-710,18410,18126,18126,18126,1.5426398696360644,228.477325,pdcsap_flux
Kepler-711,18409,18409,18409,18409,0.0,188.39676,pdcsap_flux
Kepler-713,18409,18409,18409,18409,0.0,271.06296,pdcsap_flux
Kepler-715,18788,16284,16284,16284,13.327655950606763,236.458795,pdcsap_flux
Kepler-714,19611,19611,19611,19611,0.0,190.81943,pdcsap_flux
Kepler-716,18556,14607,14607,14607,21.28152619098944,198.58821,pdcsap_flux
Kepler-718,18322,18322,18322,18322,0.0,79.47888950000001,pdcsap_flux
Kepler-719,19610,19610,19610,19610,0.0,87.87197,pdcsap_flux
Kepler-720,18322,18322,18322,18322,0.0,196.114685,pdcsap_flux
Kepler-721,18408,16816,16816,16816,8.648413733159499,151.34443,pdcsap_flux
Kepler-724,18409,17518,17518,17518,4.8400239013525965,204.194535,pdcsap_flux
Kepler-723,19611,19611,19611,19611,0.0,203.10843,pdcsap_flux
Kepler-725,18136,18136,18136,18136,0.0,248.609985,pdcsap_flux
Kepler-726,18408,17202,17202,17202,6.5514993481095125,231.19661,pdcsap_flux
Kepler-729,18556,11478,11478,11478,38.143996550980816,147.37769500000002,pdcsap_flux
Kepler-727,18410,17493,17493,17493,4.980988593155889,167.74695,pdcsap_flux
Kepler-730,19610,19610,19610,19610,0.0,112.77583,pdcsap_flux
Kepler-731,18322,18322,18322,18322,0.0,160.90525,pdcsap_flux
Kepler-733,18410,17331,17331,17331,5.860945138511675,166.21492,pdcsap_flux
Kepler-732,19611,19611,19611,19611,0.0,398.63196,pdcsap_flux
Kepler-735,18555,11618,11618,11618,37.38614928590677,197.997715,pdcsap_flux
Kepler-736,18556,11420,11420,11420,38.456563914636774,143.894365,pdcsap_flux
Kepler-734,18788,18604,18604,18604,0.979348520332124,451.18879,pdcsap_flux
Kepler-738,18556,11628,11627,11627,37.341021771933605,140.58914,pdcsap_flux
Kepler-737,17898,17898,17898,17898,0.0,296.082445,pdcsap_flux
Kepler-739,18556,12967,12967,12967,30.11963785298556,140.53091,pdcsap_flux
Kepler-740,18556,11436,11435,11435,38.37572752748437,110.79315,pdcsap_flux
Kepler-74,19611,19611,19611,19611,0.0,347.57166,pdcsap_flux
Kepler-741,18556,12526,12525,12525,32.50161672774304,225.64557,pdcsap_flux
Kepler-742,18556,12170,12169,12169,34.42013364949342,246.27998,pdcsap_flux
Kepler-744,18322,18322,18322,18322,0.0,914.842375,pdcsap_flux
Kepler-745,18785,16649,16649,16649,11.370774554165552,160.2392,pdcsap_flux
Kepler-743,19608,19608,19608,19608,0.0,2504.90855,pdcsap_flux
Kepler-746,18787,16661,16661,16661,11.316335764092187,907.2702,pdcsap_flux
Kepler-747,18553,16208,16208,16208,12.639465315582388,145.807005,pdcsap_flux
Kepler-748,18788,17103,17103,17103,8.968490525867578,192.64,pdcsap_flux
Kepler-75,19611,19611,19611,19611,0.0,217.47034,pdcsap_flux
Kepler-750,18788,16609,16609,16609,11.59782840110709,358.8804,pdcsap_flux
Kepler-752,18788,17127,17127,17127,8.84074941451991,100.900024,pdcsap_flux
Kepler-751,18409,18409,18409,18409,0.0,227.26245,pdcsap_flux
Kepler-753,18788,17109,17109,17109,8.936555248030654,493.5505,pdcsap_flux
Kepler-754,18788,18496,18495,18495,1.5595060677027872,184.72261,pdcsap_flux
Kepler-755,18788,18604,18604,18604,0.979348520332124,629.1958,pdcsap_flux
Kepler-756,18409,18223,18223,18223,1.0103753598783238,177.01584,pdcsap_flux
Kepler-759,18555,16340,16339,16339,11.94287254109404,279.34412,pdcsap_flux
Kepler-757,18410,18410,18410,18410,0.0,310.34090000000003,pdcsap_flux
Kepler-758,18783,18599,18588,18588,1.0381728158441184,564.54483,pdcsap_flux
Kepler-760,18555,12837,12837,12837,30.81649151172191,251.12784,pdcsap_flux
Kepler-76,19611,19611,19611,19611,0.0,1191.6818,pdcsap_flux
Kepler-761,18410,16843,16843,16843,8.511678435632808,319.95676,pdcsap_flux
Kepler-762,19609,16240,16240,16240,17.180886327706666,141.93184,pdcsap_flux
Kepler-764,18409,13990,13989,13989,24.00999511108697,165.65268,pdcsap_flux
Kepler-763,18137,18137,18137,18137,0.0,127.08056,pdcsap_flux
Kepler-765,19474,19474,19474,19474,0.0,332.247265,pdcsap_flux
Kepler-766,18788,18469,18469,18469,1.6978922716627598,108.85363,pdcsap_flux
Kepler-767,18787,16702,16702,16702,11.098099749827009,143.9006,pdcsap_flux
Kepler-769,18788,17950,17949,17949,4.4656163508622555,282.98148,pdcsap_flux
Kepler-768,18788,18788,18787,18787,0.0053225463061523,98.527664,pdcsap_flux
Kepler-77,19611,19611,19610,19610,0.0050991790321752,668.5847200000001,pdcsap_flux
Kepler-770,19610,19610,19610,19610,0.0,369.79385,pdcsap_flux
Kepler-771,19609,19609,19609,19609,0.0,280.6962,pdcsap_flux
Kepler-772,18788,16984,16984,16984,9.601873536299763,630.553,pdcsap_flux
Kepler-773,18788,16981,16981,16981,9.617841175218222,1100.1373,pdcsap_flux
Kepler-774,18788,16476,16476,16476,12.305727059825422,1797.23345,pdcsap_flux
Kepler-775,18788,18604,18604,18604,0.979348520332124,988.6534,pdcsap_flux
Kepler-776,18555,14220,14220,14220,23.36297493936944,184.049915,pdcsap_flux
Kepler-777,18788,15701,15701,15701,16.430700447093894,134.85826,pdcsap_flux
Kepler-778,18410,16626,16626,16626,9.690385659967404,117.10766,pdcsap_flux
Kepler-779,17305,14195,14195,14195,17.971684484253103,192.75287,pdcsap_flux
Kepler-781,18556,11623,11623,11623,37.36257814184092,97.44347,pdcsap_flux
Kepler-78,18423,18423,18423,18423,0.0,6658.69,pdcsap_flux
Kepler-780,18787,15710,15710,15710,16.378346729121198,1141.6798,pdcsap_flux
Kepler-782,18787,15682,14861,14861,20.89742907329536,1730.407,pdcsap_flux
Kepler-783,18788,16422,16421,16421,12.598467106663824,778.79724,pdcsap_flux
Kepler-784,19611,19611,19611,19611,0.0,1225.1511,pdcsap_flux
Kepler-785,19611,19611,19611,19611,0.0,154.02637,pdcsap_flux
Kepler-788,18788,16386,16386,16386,12.78475622737918,196.310815,pdcsap_flux
Kepler-786,18322,18322,18321,18321,0.0054579194411097,279.49344,pdcsap_flux
Kepler-787,18788,17069,17067,17067,9.160102192889074,111.3291,pdcsap_flux
Kepler-789,18788,18788,18788,18788,0.0,304.44892500000003,pdcsap_flux
Kepler-79,18424,18424,18424,18424,0.0,665.6367849999999,pdcsap_flux
Kepler-790,18556,17277,17277,17277,6.892649277861606,189.03131,pdcsap_flux
Kepler-791,18787,18787,18787,18787,0.0,319.19,pdcsap_flux
Kepler-792,18788,17060,17060,17060,9.197360017032151,225.862,pdcsap_flux
Kepler-793,18788,18788,18788,18788,0.0,296.05049499999996,pdcsap_flux
Kepler-794,19474,19474,19474,19474,0.0,1087.52245,pdcsap_flux
Kepler-795,18787,16871,16871,16871,10.198541544685158,1181.0508,pdcsap_flux
Kepler-796,18788,16350,16350,16350,12.976367894400688,1889.07995,pdcsap_flux
Kepler-797,18785,18601,18601,18601,0.9795049241416054,301.43307,pdcsap_flux
Kepler-799,18410,16588,16588,16588,9.89679521998914,180.917395,pdcsap_flux
Kepler-798,18788,18604,18604,18604,0.979348520332124,508.95737,pdcsap_flux
Kepler-80,18322,18322,18322,18322,0.0,274.80757,pdcsap_flux
Kepler-8,19610,19610,19610,19610,0.0,884.3385949999999,pdcsap_flux
Kepler-800,18409,16595,16595,16595,9.853875821608993,123.90481,pdcsap_flux
Kepler-801,18410,16568,16568,16568,10.00543183052689,231.56685,pdcsap_flux
Kepler-802,18556,11462,11462,11462,38.23022203061005,296.44012999999995,pdcsap_flux
Kepler-804,18788,18014,18014,18014,4.1196508409623185,726.79995,pdcsap_flux
Kepler-803,18788,18604,18604,18604,0.979348520332124,977.482985,pdcsap_flux
Kepler-805,18788,17845,17844,17844,5.024483713008299,2238.3871,pdcsap_flux
Kepler-806,18321,18321,18321,18321,0.0,5517.752,pdcsap_flux
Kepler-809,18556,12535,12534,12534,32.453114895451606,322.83644000000004,pdcsap_flux
Kepler-808,18788,16587,16587,16587,11.714924419842454,552.30304,pdcsap_flux
Kepler-81,18788,18604,18604,18604,0.979348520332124,270.4926,pdcsap_flux
Kepler-811,18788,15595,15595,15595,16.99489035554609,665.0816,pdcsap_flux
Kepler-814,18556,11222,11222,11222,39.5236042250485,324.638065,pdcsap_flux
Kepler-812,18788,15891,15891,15891,15.419416648924845,700.48926,pdcsap_flux
Kepler-813,18787,15782,15782,15782,15.995102996753074,429.16708,pdcsap_flux
Kepler-815,18788,15764,15764,15764,16.09538002980626,1437.80015,pdcsap_flux
Kepler-817,18322,18059,18059,18059,1.4354328130116834,126.426445,pdcsap_flux
Kepler-818,18788,18788,18786,18786,0.0106450926123047,255.31242,pdcsap_flux
Kepler-819,18787,18787,18786,18786,0.0053228296162277,195.100045,pdcsap_flux
Kepler-82,19611,19611,19610,19610,0.0050991790321752,189.60749,pdcsap_flux
Kepler-821,18556,17277,17277,17277,6.892649277861606,275.60852,pdcsap_flux
Kepler-823,18787,16515,16515,16515,12.0934688880609,329.80887,pdcsap_flux
Kepler-828,18556,13182,13181,13181,28.9663720629446,243.87349,pdcsap_flux
Kepler-826,18788,16560,16560,16560,11.85863317010858,1137.72695,pdcsap_flux
Kepler-829,18788,16498,16498,16498,12.188631041090058,292.4989,pdcsap_flux
Kepler-83,18423,18060,18058,18058,1.9812191282635785,161.22332,pdcsap_flux
Kepler-834,18556,11617,11616,11616,37.400301789178705,113.726877,pdcsap_flux
Kepler-830,18410,18410,18410,18410,0.0,278.33601999999996,pdcsap_flux
Kepler-831,18788,18604,18604,18604,0.979348520332124,916.720325,pdcsap_flux
Kepler-833,18555,12977,12977,12977,30.06197790353005,172.73222,pdcsap_flux
Kepler-835,18556,12498,12496,12496,32.65790040957103,94.224323,pdcsap_flux
Kepler-836,18788,15379,15379,15379,18.14456035767511,320.59518,pdcsap_flux
Kepler-837,18555,11444,11443,11443,38.32929129614659,191.07928,pdcsap_flux
Kepler-838,18553,11457,11457,11457,38.24718374386891,177.27065,pdcsap_flux
Kepler-841,18556,11800,11799,11799,36.41409786591938,123.8654,pdcsap_flux
Kepler-842,18410,15237,15237,15237,17.235198261814233,235.47208,pdcsap_flux
Kepler-839,18787,17781,17781,17781,5.354766593921334,927.50116,pdcsap_flux
Kepler-84,18788,18604,18604,18604,0.979348520332124,244.209115,pdcsap_flux
Kepler-843,19025,18574,18574,18574,2.3705650459921124,193.9492,pdcsap_flux
Kepler-844,18556,12123,12123,12123,34.66803190342746,156.94493,pdcsap_flux
Kepler-846,18556,12113,12113,12113,34.72192282819573,111.75034,pdcsap_flux
Kepler-845,18788,16643,16643,16643,11.416861826697888,361.07928,pdcsap_flux
Kepler-847,18787,16091,16091,16091,14.35034864533986,405.33286,pdcsap_flux
Kepler-848,18788,17769,17769,17769,5.42367468596977,591.62933,pdcsap_flux
Kepler-849,18787,16407,16407,16407,12.668334486613087,1733.8934,pdcsap_flux
Kepler-850,18409,15245,15245,15245,17.187245369112937,135.13235,pdcsap_flux
Kepler-85,18788,17608,17608,17608,6.280604641260378,285.11854500000004,pdcsap_flux
Kepler-851,18410,14518,14518,14518,21.140684410646394,210.27191,pdcsap_flux
Kepler-852,18788,17668,17668,17668,5.961251862891204,631.7226499999999,pdcsap_flux
Kepler-853,19611,19611,19610,19610,0.0050991790321752,2786.7573,pdcsap_flux
Kepler-856,19610,16758,16758,16758,14.543600203977558,148.88984,pdcsap_flux
Kepler-855,19611,19611,19611,19611,0.0,253.37383,pdcsap_flux
Kepler-859,18555,12620,12619,12619,31.991376987334952,80.95046,pdcsap_flux
Kepler-858,19611,15128,15128,15128,22.8596196012442,2737.1315,pdcsap_flux
Kepler-857,18409,18221,18219,18219,1.032103862241296,220.58705,pdcsap_flux
Kepler-860,18410,16642,16641,16641,9.608908202064091,154.32716,pdcsap_flux
Kepler-863,18408,18408,18408,18408,0.0,151.06793499999998,pdcsap_flux
Kepler-862,18322,18322,18319,18319,0.0163737583233292,141.17845,pdcsap_flux
Kepler-865,18788,18604,18604,18604,0.979348520332124,322.833175,pdcsap_flux
Kepler-867,18786,14258,14258,14258,24.10305546683701,258.72911,pdcsap_flux
Kepler-866,18555,14534,14534,14534,21.670708703853418,145.573435,pdcsap_flux
Kepler-868,18787,15471,15471,15471,17.650503007398733,143.6195,pdcsap_flux
Kepler-869,18556,12744,12744,12744,31.321405475317952,272.952145,pdcsap_flux
Kepler-87,19611,19611,19611,19611,0.0,350.6221,pdcsap_flux
Kepler-870,19024,18576,18576,18576,2.354920100925151,347.022925,pdcsap_flux
Kepler-872,18410,18410,18410,18410,0.0,193.597495,pdcsap_flux
Kepler-873,19025,19025,19025,19025,0.0,249.48885,pdcsap_flux
Kepler-874,18410,18410,18410,18410,0.0,325.570525,pdcsap_flux
Kepler-875,18409,18409,18409,18409,0.0,130.04549,pdcsap_flux
Kepler-876,18788,16308,16308,16308,13.199914839259096,222.43345,pdcsap_flux
Kepler-878,18554,11447,11447,11447,38.30440875282958,293.1104,pdcsap_flux
Kepler-877,18788,15623,15622,15622,16.85118160527996,379.129015,pdcsap_flux
Kepler-879,18788,17524,17524,17524,6.7276985309772215,485.589875,pdcsap_flux
Kepler-881,18554,12380,12380,12380,33.275843483884884,158.51549,pdcsap_flux
Kepler-880,19610,19610,19609,19609,0.0050994390617065,3455.2205,pdcsap_flux
Kepler-882,18788,18604,18604,18604,0.979348520332124,617.815675,pdcsap_flux
Kepler-884,18780,17257,17239,17239,8.205537806176789,1256.3871,pdcsap_flux
Kepler-883,19611,19134,19134,19134,2.432308398347871,1469.5309,pdcsap_flux
Kepler-885,18788,16429,16392,16392,12.752820949542263,1720.4036,pdcsap_flux
Kepler-886,18788,16459,16459,16459,12.396210347030024,621.95233,pdcsap_flux
Kepler-887,18788,17019,17019,17019,9.41558441558441,927.2724,pdcsap_flux
Kepler-890,18556,13292,13290,13290,28.37896098297047,141.68959,pdcsap_flux
Kepler-888,18788,17546,17546,17546,6.610602512241859,1521.7460999999998,pdcsap_flux
Kepler-889,18788,17104,17103,17103,8.968490525867578,1884.9941,pdcsap_flux
Kepler-864,112769,90285,90285,90285,19.93810355682856,92.32748,pdcsap_flux
Kepler-891,18409,18079,18079,18079,1.7926014449454075,172.95023,pdcsap_flux
Kepler-893,18556,12601,12601,12601,32.092045699504204,206.5358,pdcsap_flux
Kepler-892,18788,16278,16278,16278,13.35959122844369,180.977905,pdcsap_flux
Kepler-895,17303,11054,11054,11054,36.11512454487661,123.984455,pdcsap_flux
Kepler-894,18556,12387,12386,12386,33.250700582021985,159.707615,pdcsap_flux
Kepler-897,18787,14261,14260,14260,24.09644967264598,239.760865,pdcsap_flux
Kepler-896,18788,16136,16136,16136,14.115392803917391,147.44119999999998,pdcsap_flux
Kepler-898,18556,11456,11455,11455,38.26794567794784,127.15716,pdcsap_flux
Kepler-900,18410,15291,15291,15291,16.941879413362305,255.5599,pdcsap_flux
Kepler-9,18422,18422,18420,18420,0.0108565845185149,716.79785,pdcsap_flux
Kepler-902,18556,12753,12753,12753,31.272903643026517,302.82968,pdcsap_flux
Kepler-901,18788,17803,17803,17803,5.242708111560567,457.6488,pdcsap_flux
Kepler-903,18788,17140,17139,17139,8.776878858846072,349.3504,pdcsap_flux
Kepler-904,18787,17105,17104,17104,8.958322244104966,406.67255,pdcsap_flux
Kepler-905,18788,15693,15691,15691,16.483925910155417,630.06525,pdcsap_flux
Kepler-906,18788,17341,17341,17341,7.7017245050031935,609.91797,pdcsap_flux
Kepler-908,18322,18322,18322,18322,0.0,6343.380999999999,pdcsap_flux
Kepler-907,19609,19609,19608,19608,0.0050996991177498,5753.8602,pdcsap_flux
Kepler-909,19611,18350,18350,18350,6.430064759573706,5709.4400000000005,pdcsap_flux
Kepler-91,18422,18266,18266,18266,0.846813592443818,3061.4221,pdcsap_flux
Kepler-910,17898,17898,17898,17898,0.0,5559.5356,pdcsap_flux
Kepler-911,18321,18321,18321,18321,0.0,4339.7544,pdcsap_flux
Kepler-912,18409,18409,18409,18409,0.0,112.27658,pdcsap_flux
Kepler-916,18556,12978,12978,12978,30.060357835740454,167.63233,pdcsap_flux
Kepler-915,18788,16503,16503,16503,12.162018309559295,1132.1368,pdcsap_flux
Kepler-914,18788,17030,17030,17030,9.357036406216734,920.02935,pdcsap_flux
Kepler-917,19024,19024,19024,19024,0.0,107.19071,pdcsap_flux
Kepler-918,19025,19025,19025,19025,0.0,214.54576,pdcsap_flux
Kepler-919,19025,19025,19025,19025,0.0,295.16183,pdcsap_flux
Kepler-921,18556,11774,11774,11774,36.54882517784005,300.36695999999995,pdcsap_flux
Kepler-920,19474,16391,16391,16391,15.83136489678546,203.59338,pdcsap_flux
Kepler-92,19610,19610,19610,19610,0.0,4529.1348,pdcsap_flux
Kepler-922,19610,19610,19609,19609,0.0050994390617065,765.7937,pdcsap_flux
Kepler-923,18788,18604,18604,18604,0.979348520332124,485.55455,pdcsap_flux
Kepler-925,18556,16901,16901,16901,8.918948049148522,94.32959,pdcsap_flux
Kepler-926,18788,17168,17168,17168,8.622525015967641,479.73999,pdcsap_flux
Kepler-928,18555,16060,16060,16060,13.446510374562116,188.391895,pdcsap_flux
Kepler-93,18011,11616,11614,11614,35.51718394314586,27783.183,pdcsap_flux
Kepler-927,18788,17749,17749,17749,5.530125612092829,371.982,pdcsap_flux
Kepler-930,18788,18604,18604,18604,0.979348520332124,747.195635,pdcsap_flux
Kepler-931,18788,18604,18604,18604,0.979348520332124,388.61818,pdcsap_flux
Kepler-932,18787,18603,18603,18603,0.9794006493852092,546.3414,pdcsap_flux
Kepler-933,18556,13765,13765,13765,25.819142056477684,126.3637,pdcsap_flux
Kepler-934,18556,14617,14617,14617,21.227635266221167,195.95409,pdcsap_flux
Kepler-935,18409,16152,16151,16151,12.265739583899183,286.90793,pdcsap_flux
Kepler-938,18410,16080,16080,16080,12.656165127648023,200.988215,pdcsap_flux
Kepler-94,19609,19609,19609,19609,0.0,2232.176,pdcsap_flux
Kepler-943,18788,16790,16790,16790,10.634447519693424,142.59063,pdcsap_flux
Kepler-942,19609,19609,19609,19609,0.0,1753.4797,pdcsap_flux
Kepler-946,18409,18049,18049,18049,1.9555652126677203,148.03584,pdcsap_flux
Kepler-948,18409,18409,18409,18409,0.0,246.23308,pdcsap_flux
Kepler-949,18788,18604,18604,18604,0.979348520332124,448.16985,pdcsap_flux
Kepler-95,19611,19611,19611,19611,0.0,2925.0183,pdcsap_flux
Kepler-950,18555,15507,15507,15507,16.42683912691997,103.11794,pdcsap_flux
Kepler-952,18555,14067,14067,14067,24.18755052546483,194.13405,pdcsap_flux
Kepler-951,19610,19610,19609,19609,0.0050994390617065,453.83368,pdcsap_flux
Kepler-955,18788,17022,17022,17022,9.399616776665953,369.54315,pdcsap_flux
Kepler-954,19606,19606,19606,19606,0.0,1845.2748,pdcsap_flux
Kepler-956,18788,17740,17740,17740,5.5780285288482006,1104.52605,pdcsap_flux
Kepler-957,18556,12955,12955,12955,30.184306962707485,137.27722,pdcsap_flux
Kepler-958,18787,15213,15213,15213,19.02379304838452,782.5738,pdcsap_flux
Kepler-959,18788,18464,18464,18464,1.7245050031935327,2085.5703,pdcsap_flux
Kepler-96,18017,12559,12559,12559,30.29361158905478,18130.979,pdcsap_flux
Kepler-960,19610,19610,19609,19609,0.0050994390617065,829.13885,pdcsap_flux
Kepler-961,18788,16145,16145,16145,14.067489887162022,624.7442,pdcsap_flux
Kepler-962,18787,18540,18540,18540,1.3147389152073252,897.14263,pdcsap_flux
Kepler-963,18410,17124,17124,17124,6.985334057577408,235.259975,pdcsap_flux
Kepler-964,19610,19610,19610,19610,0.0,668.32718,pdcsap_flux
Kepler-965,18788,18604,18604,18604,0.979348520332124,1039.11335,pdcsap_flux
Kepler-966,18788,17600,17600,17600,6.323185011709597,426.619515,pdcsap_flux
Kepler-967,18556,17277,17277,17277,6.892649277861606,453.54562,pdcsap_flux
Kepler-968,19608,19608,19607,19607,0.0050999592003275,629.24927,pdcsap_flux
Kepler-969,18787,15678,15678,15678,16.548677276840372,966.24778,pdcsap_flux
Kepler-97,19610,18222,18222,18222,7.078021417644054,1907.1121,pdcsap_flux
Kepler-970,18788,17204,17104,17104,8.963167979561426,283.026785,pdcsap_flux
Kepler-971,19611,19611,19611,19611,0.0,1341.6259,pdcsap_flux
Kepler-972,18410,18410,18410,18410,0.0,231.450845,pdcsap_flux
Kepler-973,19608,15125,15125,15125,22.863117095063235,1435.1927,pdcsap_flux
Kepler-974,19610,19610,19610,19610,0.0,668.816,pdcsap_flux
Kepler-976,18556,12765,12764,12764,31.213623625781416,114.724678,pdcsap_flux
Kepler-975,18787,16635,16635,16635,11.454729334114012,540.55444,pdcsap_flux
Kepler-978,18788,16819,16819,16819,10.480093676814985,1046.8765,pdcsap_flux
Kepler-977,18410,18126,18126,18126,1.5426398696360644,282.655215,pdcsap_flux
Kepler-98,18786,15918,15914,15914,15.287980410944323,1855.59355,pdcsap_flux
Kepler-979,18787,18603,18603,18603,0.9794006493852092,321.2101,pdcsap_flux
Kepler-980,18788,18387,18387,18387,2.134341068767298,517.4657,pdcsap_flux
Kepler-981,18556,12535,12535,12535,32.44772580297478,287.74643,pdcsap_flux
Kepler-953,117705,112958,112958,112958,4.032963765345565,3516.44135,pdcsap_flux
Kepler-982,18788,15178,15176,15176,19.22503725782414,1435.2508,pdcsap_flux
Kepler-983,18786,15524,15385,15385,18.103907164910037,541.3534,pdcsap_flux
Kepler-985,18556,14602,14602,14602,21.308471653373573,340.38172,pdcsap_flux
Kepler-984,18321,18321,18321,18321,0.0,977.4729,pdcsap_flux
Kepler-987,18556,12523,12523,12523,32.512394912696706,224.4767,pdcsap_flux
Kepler-986,18788,18604,18604,18604,0.979348520332124,822.64418,pdcsap_flux
Kepler-988,18409,17456,17456,17456,5.176815687978708,266.85437,pdcsap_flux
Kepler-99,17898,17898,17898,17898,0.0,1951.2657,pdcsap_flux
Kepler-989,19611,19611,19611,19611,0.0,494.37473,pdcsap_flux
Kepler-990,18783,18599,18597,18597,0.9902571474205368,496.51755,pdcsap_flux
Kepler-991,19025,19025,19025,19025,0.0,285.50964,pdcsap_flux
Kepler-992,19610,19610,19610,19610,0.0,1252.20735,pdcsap_flux
Kepler-993,18410,18311,18311,18311,0.5377512221618641,148.70499,pdcsap_flux
Kepler-994,19608,15743,15743,15743,19.711342309261525,655.0886,pdcsap_flux
Kepler-995,18788,16393,16393,16393,12.747498403236111,305.8233,pdcsap_flux
Kepler-997,19611,15254,15253,15253,22.22222222222222,4115.1064,pdcsap_flux
Kepler-996,19474,18500,18500,18500,5.001540515559211,352.69998,pdcsap_flux
Kepler-998,18788,17729,17729,17729,5.636576538215888,421.85876,pdcsap_flux
LHS_1140,13541,12727,12724,12724,6.033527804445759,4625.70225,pdcsap_flux
Kepler-999,18322,18322,18322,18322,0.0,2787.67265,pdcsap_flux
LHS_1478,16436,14459,14459,14459,12.02847408128498,5667.4517,pdcsap_flux
LHS_1678,15692,14751,14751,14751,5.99668620953352,10149.531,pdcsap_flux
LHS_3154,18216,14360,14360,14360,21.168203776899432,793.3407,pdcsap_flux
LHS_1903,17461,16516,16513,16513,5.429242311436921,10878.856,pdcsap_flux
LHS_1815,18278,18278,18277,18277,0.0054710581026351,13132.212,pdcsap_flux
LHS_3844,18275,18275,18272,18272,0.0164158686730475,2428.75955,pdcsap_flux
LHS_475,18870,14348,14348,14348,23.963963963963963,12418.901,pdcsap_flux
LP_261-75_A,18154,17319,16918,16918,6.808416877823065,1620.462,pdcsap_flux
LP_714-47,17655,17013,17002,17002,3.6986689323137862,7610.016299999999,pdcsap_flux
LP_791-18,16904,15814,15813,15813,6.454093705631802,603.9178,pdcsap_flux
LP_890-9,15689,14662,14662,14662,6.545987634648476,279.047415,pdcsap_flux
LTT_1445_A,15680,14816,14811,14811,5.542091836734697,35957.87,pdcsap_flux
LSPM_J21160234,18551,13874,13874,13874,25.21157889062584,19783.934,pdcsap_flux
LTT_3780,16884,15578,15578,15578,7.735133854536835,9545.0195,pdcsap_flux
LTT_9779,18299,18299,18298,18298,0.0054647794961448,36100.787500000006,pdcsap_flux
L_168-9,18276,18276,18276,18276,0.0,30350.957,pdcsap_flux
L_98-59,18300,17578,17577,17577,3.950819672131145,24626.201,pdcsap_flux
L_363-38,18299,18299,18298,18298,0.0054647794961448,9820.3335,pdcsap_flux
LkCa_15,16640,15254,15254,15254,8.329326923076918,7541.78915,pdcsap_flux
Luhman_16_A,17343,15945,15945,15945,8.060889119529492,1.3213632,pdcsap_flux
Lupus-TR-3,18599,13583,13582,13582,26.974568525189525,6.21575925,pdcsap_flux
MASCARA-4,17306,15913,15029,15029,13.1572864902346,98159.58,pdcsap_flux
MOA-2007-BLG-192L,17672,16205,16205,16205,8.301267541874147,6.6415844,pdcsap_flux
MOA-2007-BLG-400L,17671,16171,16170,16170,8.494142946069827,1.1953131,pdcsap_flux
MOA-2008-BLG-310L,17681,16081,16081,16081,9.04926191957468,2.712021,pdcsap_flux
MOA-2008-BLG-379L,17681,16072,16072,16072,9.100164017872292,1.02244555,pdcsap_flux
MOA-2009-BLG-319L,17672,16205,16203,16203,8.312584880036212,2.0130632,pdcsap_flux
MOA-2009-BLG-387L,17682,16069,16069,16069,9.122271236285483,0.37717047,pdcsap_flux
MOA-2010-BLG-073L,17671,16204,16204,16204,8.301737309716483,-20.333065,pdcsap_flux
MOA-2010-BLG-117L,17656,16203,16203,16203,8.229497054825552,13.745802,pdcsap_flux
MOA-2010-BLG-328L,17681,16069,16069,16069,9.1171313839715,3.2984123,pdcsap_flux
MOA-2010-BLG-353L,17672,16205,16204,16204,8.30692621095518,39.5861925,pdcsap_flux
MOA-2010-BLG-477L,17681,16088,16088,16088,9.009671398676543,5.2877009,pdcsap_flux
MOA-2011-BLG-028L,17672,16205,16204,16204,8.30692621095518,9.8479125,pdcsap_flux
MOA-2011-BLG-262L,17681,16087,16087,16087,9.015327187376275,0.38103038,pdcsap_flux
MOA-2011-BLG-291L,17672,16205,16205,16205,8.301267541874147,2.445059,pdcsap_flux
MOA-2012-BLG-006L,17672,16205,16205,16205,8.301267541874147,17.85348,pdcsap_flux
MOA-2011-BLG-322L,17672,16205,16205,16205,8.301267541874147,7.6122117,pdcsap_flux
MOA-2012-BLG-505L,17681,16041,16041,16041,9.275493467564056,6.4888315,pdcsap_flux
MOA-2013-BLG-605L,17681,16196,16196,16196,8.398846219105248,1.1656987,pdcsap_flux
MOA-2015-BLG-337L,17672,16073,16073,16073,9.0482118605704,0.8989205,pdcsap_flux
MOA-2016-BLG-227L,17671,16204,16198,16198,8.335691245543542,12.71096,pdcsap_flux
MOA-2016-BLG-319L,17681,16205,16205,16205,8.347944120807648,3.649695,pdcsap_flux
MOA-2019-BLG-008L,17681,16205,16205,16205,8.347944120807648,8.370902,pdcsap_flux
MOA-2020-BLG-135L,17681,16205,16205,16205,8.347944120807648,11.378671,pdcsap_flux
NGC_2682_Sand_1429,3259,3083,3083,3083,5.400429579625654,2099.4707,pdcsap_flux
MOA-bin-1L,17681,15772,15772,15772,10.79690062779255,2.8494704,pdcsap_flux
MOA-bin-29,17680,16204,16203,16203,8.354072398190048,27.316847,pdcsap_flux
MWC_758,16686,15076,15076,15076,9.64880738343522,103606.54,pdcsap_flux
NGC_2682_Sand_978,16286,15509,15509,15509,4.770968930369646,63280.43,pdcsap_flux
NGC_2682_YBP_1194,16284,15507,15481,15481,4.9312208302628395,397.51212,pdcsap_flux
NGC_2682_YBP_1514,16286,15509,15509,15509,4.770968930369646,278.74448,pdcsap_flux
MASCARA-1,112828,86782,80080,80080,29.024710178324533,95600.115,pdcsap_flux
NGC_2682_YBP_401,16286,15508,15508,15508,4.777109173523275,849.86322,pdcsap_flux
NGTS-1,17694,17179,17178,17178,2.916242794167512,440.52106,pdcsap_flux
NGTS-13,18358,17889,17889,17889,2.5547445255474477,2304.4546,pdcsap_flux
NGTS-12,18358,18226,18224,18224,0.7299270072992692,3421.913,pdcsap_flux
NGTS-14_A,16722,15108,15105,15105,9.669895945461072,1623.5503,pdcsap_flux
NGTS-18,18358,18257,18257,18257,0.5501688637106428,428.2237,pdcsap_flux
MXB_1658-298,89253,75505,75505,75505,15.403403807154936,1.4622929,pdcsap_flux
NGTS-21,16564,14985,14985,14985,9.532721564839408,227.86606,pdcsap_flux
NGTS-10,113052,82625,82621,82621,26.917701588649468,477.95218,pdcsap_flux
NGTS-11,105930,93018,93003,93003,12.20334182951005,3648.8955,pdcsap_flux
NGTS-24,18357,18256,18256,18256,0.550198834232174,1523.2660500000002,pdcsap_flux
NGTS-27,18453,17283,17283,17283,6.340432450008127,1150.9209,pdcsap_flux
NGTS-2,110581,104505,104441,104441,5.55249093424729,9974.951,pdcsap_flux
NGTS-20,103584,96031,96027,96027,7.295528266913809,8740.163,pdcsap_flux
NGTS-30,17981,17151,17151,17151,4.615983538179192,3605.6785,pdcsap_flux
NGTS-34,1129,1037,1037,1037,8.148804251550047,50478.453,pdcsap_flux
NGTS-33,18697,15706,15478,15478,17.216665775258065,5978.3885,pdcsap_flux
NGTS-35,16985,15339,15326,15326,9.76744186046512,2402.63725,pdcsap_flux
NGTS-31,40157,29385,29385,29385,26.824713001469235,1210.3218,pdcsap_flux
NGTS-5,10656,6757,6753,6753,36.62725225225225,1135.0878,pdcsap_flux
NGTS-4,17959,17631,17631,17631,1.826382315273678,1870.9985,pdcsap_flux
NGTS-26,102973,93538,93538,93538,9.162596020316006,315.63247,pdcsap_flux
NGTS-6,17589,17082,17082,17082,2.882483370288247,874.565885,pdcsap_flux
NGTS-8,18609,16226,16225,16225,12.811005427481328,1180.206,pdcsap_flux
NGTS-15,241319,179856,179856,179856,25.469606620282693,475.01569,pdcsap_flux
NGTS-9,14081,13657,13657,13657,3.011149776294298,1971.3448,pdcsap_flux
NY_Vir,15374,13405,13305,13305,13.457785872251849,546.7387,pdcsap_flux
NGTS-17,241314,180726,180725,180725,25.107950636929477,574.8125,pdcsap_flux
OGLE-2003-BLG-235L,17672,16205,16204,16204,8.30692621095518,3.98130045,pdcsap_flux
OGLE-2005-BLG-071L,17682,16205,16205,16205,8.35312747426762,12.820397,pdcsap_flux
OGLE-2005-BLG-169L,17681,16099,16099,16099,8.947457722979468,4.322392,pdcsap_flux
OGLE-2005-BLG-390L,17681,15698,15698,15698,11.215428991572873,32.0972685,pdcsap_flux
NN_Ser,67426,45565,45565,45565,32.42221101652182,31.363495,pdcsap_flux
OGLE-2006-BLG-109L,17681,16205,16205,16205,8.347944120807648,10.419942,pdcsap_flux
OGLE-2007-BLG-349L_A,17672,16205,16205,16205,8.301267541874147,2.3562188,pdcsap_flux
OGLE-2007-BLG-368L,17682,16062,16062,16062,9.161859518154058,1.6672666,pdcsap_flux
OGLE-2008-BLG-092L,17682,16205,16205,16205,8.35312747426762,12.820397,pdcsap_flux
NGTS-3_A,104769,102389,102389,102389,2.271664328188683,415.8575,pdcsap_flux
NGTS-23,241317,175506,175506,175506,27.271597110854184,597.326925,pdcsap_flux
NSVS_14256825,81647,52424,50164,50164,38.5598980979093,676.2565950000001,pdcsap_flux
OGLE-2011-BLG-0173L,17672,16205,16205,16205,8.301267541874147,25.027142,pdcsap_flux
OGLE-2008-BLG-355L,17681,16083,16081,16081,9.04926191957468,1.530934,pdcsap_flux
OGLE-2011-BLG-0251L,17672,15627,15627,15627,11.571978270710726,55.635696,pdcsap_flux
OGLE-2011-BLG-0265L,17672,16204,16204,16204,8.30692621095518,4.3660595,pdcsap_flux
OGLE-2012-BLG-0358L,17656,15743,15743,15743,10.834843679202532,-2.2368531,pdcsap_flux
OGLE-2012-BLG-0026L,17672,15672,15672,15672,11.317338162064283,2.4910168500000003,pdcsap_flux
OGLE-2012-BLG-0406L,17681,16205,16205,16205,8.347944120807648,5.644878,pdcsap_flux
OGLE-2012-BLG-0724L,17681,16205,16205,16205,8.347944120807648,1.8866515,pdcsap_flux
OGLE-2012-BLG-0563L,17672,16205,16205,16205,8.301267541874147,1.8617052,pdcsap_flux
OGLE-2012-BLG-0838L,17656,16175,16175,16175,8.38808337109198,4.1243973,pdcsap_flux
OGLE-2013-BLG-0102L,17681,15942,15942,15942,9.835416548837738,5.9946195,pdcsap_flux
OGLE-2013-BLG-0132L,17672,16205,16205,16205,8.301267541874147,44.0183,pdcsap_flux
OGLE-2012-BLG-0950L,17681,16196,16196,16196,8.398846219105248,1.1656987,pdcsap_flux
OGLE-2013-BLG-0341L_B,17681,16205,16202,16202,8.364911486906845,2.0899809,pdcsap_flux
OGLE-2013-BLG-0911L,17672,16205,16205,16205,8.301267541874147,17.499659,pdcsap_flux
OGLE-2013-BLG-1721L,17680,16204,16202,16202,8.359728506787334,0.91213679,pdcsap_flux
OGLE-2013-BLG-1761L,17672,16205,16205,16205,8.301267541874147,9.606499,pdcsap_flux
OGLE-2014-BLG-0124L,17672,16205,16205,16205,8.301267541874147,0.9103492,pdcsap_flux
OGLE-2014-BLG-0676L,17681,15942,15941,15941,9.84107233753747,19.880442,pdcsap_flux
OGLE-2014-BLG-0319L,17682,15942,15942,15942,9.840515778758064,1.63673855,pdcsap_flux
OGLE-2014-BLG-1722L,17681,16143,16143,16143,8.698603020191165,2.8677588,pdcsap_flux
OGLE-2015-BLG-0954L,17672,16205,16205,16205,8.301267541874147,20.642391,pdcsap_flux
OGLE-2015-BLG-0051L,17672,16205,16202,16202,8.318243549117243,14.4737735,pdcsap_flux
OGLE-2015-BLG-0966L,17672,16205,16205,16205,8.301267541874147,0.92863154,pdcsap_flux
OGLE-2015-BLG-1649L,17682,15667,15657,15657,11.452324397692571,1.6355215,pdcsap_flux
OGLE-2015-BLG-1670L,17672,16205,16205,16205,8.301267541874147,0.17819716,pdcsap_flux
OGLE-2015-BLG-1771L,17672,16205,16205,16205,8.301267541874147,1.3074231,pdcsap_flux
OGLE-2016-BLG-0263L,17681,16068,16068,16068,9.12278717267123,8.970991999999999,pdcsap_flux
OGLE-2016-BLG-1067L,17672,16205,16205,16205,8.301267541874147,0.7603468,pdcsap_flux
OGLE-2016-BLG-0613L_AB,17672,16205,16205,16205,8.301267541874147,31.726242,pdcsap_flux
OGLE-2016-BLG-1093L,17682,16036,16036,16036,9.30890170795159,0.9988681,pdcsap_flux
OGLE-2016-BLG-1190L,17672,16205,16205,16205,8.301267541874147,0.7814789,pdcsap_flux
OGLE-2016-BLG-1227L,17682,15693,15693,15693,11.24872751951137,3.1019304,pdcsap_flux
OGLE-2016-BLG-1195L,17681,16205,16202,16202,8.364911486906845,6.20154825,pdcsap_flux
OGLE-2017-BLG-0173L,17672,16205,16205,16205,8.301267541874147,0.9196274,pdcsap_flux
OGLE-2017-BLG-0373L,17681,16061,16060,16060,9.1680334822691,2.7743767,pdcsap_flux
OGLE-2017-BLG-0406L,17681,16205,16204,16204,8.35359990950738,4.1732887,pdcsap_flux
OGLE-2017-BLG-0482L,17681,16053,16053,16053,9.207624003167236,3.061362,pdcsap_flux
OGLE-2017-BLG-1140L,17655,15686,15684,15684,11.163976210705185,3.5262351,pdcsap_flux
OGLE-2017-BLG-1099L,17681,15942,15940,15940,9.846728126237204,1.08117455,pdcsap_flux
OGLE-2017-BLG-1434L,17681,16205,16200,16200,8.37622306430632,5.518188,pdcsap_flux
OGLE-2017-BLG-1522L,17672,16205,16205,16205,8.301267541874147,6.0666666,pdcsap_flux
OGLE-2017-BLG-1691L,17681,15942,15942,15942,9.835416548837738,7.101945649999999,pdcsap_flux
OGLE-2018-BLG-0506L,17681,15302,15302,15302,13.455121316667606,0.31385286,pdcsap_flux
OGLE-2018-BLG-0516L,17681,16064,16063,16063,9.151066116169904,2.227325,pdcsap_flux
OGLE-2018-BLG-0567L,17672,16205,16205,16205,8.301267541874147,3.178766,pdcsap_flux
OGLE-2018-BLG-0532L,17672,16205,16205,16205,8.301267541874147,1.1820533,pdcsap_flux
OGLE-2018-BLG-0596L,17672,15942,15942,15942,9.789497510185608,12.8719235,pdcsap_flux
OGLE-2018-BLG-0677L,17681,16061,16061,16061,9.162377693569368,31.80765,pdcsap_flux
OGLE-2018-BLG-0740L,17681,16194,16188,16188,8.444092528703129,6.50344035,pdcsap_flux
OGLE-2018-BLG-0799L,17643,15720,15717,15717,10.916510797483426,9.892103,pdcsap_flux
OGLE-2018-BLG-0962L,17682,15942,15942,15942,9.840515778758064,8.73633375,pdcsap_flux
OGLE-2018-BLG-1011L,17672,16205,16154,16154,8.589859665006793,1.8341203,pdcsap_flux
OGLE-2018-BLG-1428L,17656,15425,15425,15425,12.63593112822836,1.2011048,pdcsap_flux
OGLE-2018-BLG-1185L,17672,16205,16205,16205,8.301267541874147,1.0409995,pdcsap_flux
OGLE-2018-BLG-1269L,17672,16205,16205,16205,8.301267541874147,15.605056,pdcsap_flux
OGLE-2018-BLG-1700L,17672,16205,16205,16205,8.301267541874147,2.5970454,pdcsap_flux
OGLE-2019-BLG-0299L,17656,15910,15910,15910,9.888989578613504,1.07687645,pdcsap_flux
OGLE-2019-BLG-0468L,17656,15703,15703,15703,11.061395559583143,1.4785763,pdcsap_flux
OGLE-2019-BLG-0954L,17681,16205,16205,16205,8.347944120807648,23.83989,pdcsap_flux
OGLE-2019-BLG-1470L_A,17672,16205,16205,16205,8.301267541874147,5.2198186,pdcsap_flux
OGLE-2019-BLG-1053L,17672,16205,16205,16205,8.301267541874147,1.4065137,pdcsap_flux
OGLE-2019-BLG-1492L,17672,16205,16205,16205,8.301267541874147,10.8230715,pdcsap_flux
OGLE-TR-111,17690,15677,15672,15672,11.407574901074058,44.661935,pdcsap_flux
OGLE-TR-132,17690,15676,15676,15676,11.384963256076874,38.7800335,pdcsap_flux
OGLE-TR-182,17688,15677,15676,15676,11.3749434644957,52.1057615,pdcsap_flux
OGLE-TR-211,17692,15677,15677,15677,11.389328510061048,169.62622,pdcsap_flux
OGLE-TR-113,18358,18358,18358,18358,0.0,98.39677,pdcsap_flux
PDS_70,15859,11701,11701,11701,26.218550980515797,7779.2246,pdcsap_flux
POTS-1,18122,11700,11700,11700,35.43758967001435,11.54227975,pdcsap_flux
OGLE2-TR-L9,17692,15677,15677,15677,11.389328510061048,202.0385,pdcsap_flux
PH1,18004,12240,12240,12240,32.01510775383248,730.9431999999999,pdcsap_flux
PH2,19611,14344,14344,14344,26.857375962470044,2314.7327,pdcsap_flux
Pr0201,16270,15276,15276,15276,6.109403810694525,16659.6045,pdcsap_flux
Proxima_Cen,18112,11691,11455,11455,36.75463780918727,145210.55,pdcsap_flux
Pr0211,16272,15276,15276,15276,6.12094395280236,4543.695299999999,pdcsap_flux
PZ_Tel,19285,17208,17208,17208,10.770028519574804,152869.83,pdcsap_flux
Qatar-1,16663,14117,13653,13653,18.06397407429634,2952.3447,pdcsap_flux
Qatar-5,16517,12706,12701,12701,23.10346915299388,2477.774,pdcsap_flux
Qatar-10,18214,18214,18021,18021,1.059624464697484,2001.6044,pdcsap_flux
Qatar-3,17991,17991,17990,17990,0.0055583347229215,1652.2741,pdcsap_flux
Qatar-4,17991,17991,17981,17981,0.0555833472291711,1103.6705,pdcsap_flux
Qatar-6,14134,10465,10384,10384,26.5317673694637,9524.0845,pdcsap_flux
Qatar-7,17990,17990,17987,17987,0.0166759310728181,1780.6504,pdcsap_flux
Qatar-9,18321,18321,18295,18295,0.1419136510015795,1102.0625,pdcsap_flux
Qatar-8,19611,19611,18918,18918,3.5337310692978408,6878.8926,pdcsap_flux
ROXs_12,14040,12317,12288,12288,12.47863247863248,2539.1141,pdcsap_flux
ROXs_42_B,14036,12221,12221,12221,12.93103448275862,2923.5278,pdcsap_flux
RR_Cae,13525,12958,12538,12538,7.297597042513859,1452.9516,pdcsap_flux
OGLE-TR-10,116257,109137,108668,108668,6.5277789724489725,110.9066625,pdcsap_flux
Ross_176,19612,19612,19612,19612,0.0,10757.7435,pdcsap_flux
OGLE-TR-56,116252,110022,109958,109958,5.414100402573718,44.0714165,pdcsap_flux
Ross_458,15440,13142,13141,13141,14.889896373057,111749.84,pdcsap_flux
Qatar-2,88452,66838,66797,66797,24.482205037760597,1912.6943,pdcsap_flux
SR_12_AB,13985,11850,11850,11850,15.266356810868784,6099.789,pdcsap_flux
SWEEPS-11,17672,16205,16205,16205,8.301267541874147,3.5824041,pdcsap_flux
SWEEPS-4,17672,16205,16205,16205,8.301267541874147,1.6106998,pdcsap_flux
TIC_142589416,1220,1220,1220,1220,0.0,1326.3507,pdcsap_flux
TAP_26,16642,15695,15695,15695,5.690421824299962,6391.901,pdcsap_flux
TIC_117642575,17928,14968,14967,14967,16.51606425702812,10889.786,pdcsap_flux
TIC_139270665,18088,16750,16710,16710,7.618310482087576,19767.017,pdcsap_flux
TIC_153919886,1220,1052,1052,1052,13.770491803278684,1259.1974,pdcsap_flux
TIC_160113658,1025,903,903,903,11.902439024390244,2347.2385,pdcsap_flux
TIC_139702105,17656,17219,17217,17217,2.4864068871771616,41014.668,pdcsap_flux
TIC_147027702,18314,15608,15608,15608,14.775581522332637,9279.4645,pdcsap_flux
TIC_150070085,18711,16365,16365,16365,12.538079204745866,9335.287,pdcsap_flux
TIC_188624430,1102,884,884,884,19.78221415607986,1623.00275,pdcsap_flux
TIC_18942729,3260,3025,3025,3025,7.208588957055218,3913.7227,pdcsap_flux
TIC_206466666,880,837,837,837,4.886363636363633,3990.041,pdcsap_flux
Ross_508,68833,46799,46799,46799,32.010808769049724,6700.939,pdcsap_flux
TIC_161045582,16716,14918,14918,14918,10.756161761186888,13766.549,pdcsap_flux
TIC_172900988_Aa,16054,15243,14653,14653,8.726797059922763,22438.402,pdcsap_flux
TIC_24750448,1184,1184,1184,1184,0.0,1665.14055,pdcsap_flux
TIC_249022743,1168,1144,1144,1144,2.0547945205479423,2485.5762,pdcsap_flux
TIC_178172313,18257,15672,15672,15672,14.15895273045955,5214.8257,pdcsap_flux
TIC_260969020,1184,1184,1182,1182,0.1689189189189144,4125.381,pdcsap_flux
TIC_198190129,17748,14940,14940,14940,15.82150101419878,1802.38495,pdcsap_flux
TIC_294329732,1184,1184,1184,1184,0.0,4653.5729,pdcsap_flux
TIC_32032563,1184,1184,1184,1184,0.0,1194.32125,pdcsap_flux
TIC_320419023,1085,1079,1079,1079,0.552995391705069,3619.155,pdcsap_flux
TIC_231949697,18697,14837,14836,14836,20.650371717387817,4661.71515,pdcsap_flux
TIC_34085383,1168,1148,1148,1148,1.7123287671232834,3878.25425,pdcsap_flux
TIC_349520724,1184,1171,1171,1171,1.0979729729729717,2187.4038,pdcsap_flux
TIC_356227008,1220,869,869,869,28.770491803278688,1720.5393,pdcsap_flux
TIC_38825265,1184,1065,1065,1065,10.05067567567568,1163.567,pdcsap_flux
TIC_270471727,18697,13228,13228,13228,29.25068192758197,5450.3189999999995,pdcsap_flux
TIC_257060897,19610,19610,19560,19560,0.2549719530851591,5213.1395,pdcsap_flux
TIC_38828280,1184,1116,1116,1116,5.743243243243246,1358.40785,pdcsap_flux
TIC_390586021,1098,980,980,980,10.746812386156645,3090.3639000000003,pdcsap_flux
TIC_423703298,880,822,822,822,6.590909090909092,3114.4563,pdcsap_flux
TIC_279401253,17245,16643,16587,16587,3.815598724267899,4989.8184,pdcsap_flux
TIC_434398831,3257,3117,3117,3117,4.298434141848329,4886.195,pdcsap_flux
TIC_437041147,3471,3368,3368,3368,2.967444540478248,3597.9643,pdcsap_flux
TIC_65612701,1220,919,915,915,25.0,42652.11,pdcsap_flux
TIC_62895484,3257,3033,3033,3033,6.877494626957326,2389.0579,pdcsap_flux
TIC_77319217,1025,904,904,904,11.804878048780488,7576.94885,pdcsap_flux
Ross_128,105123,98446,98436,98436,6.361119831055051,73213.995,pdcsap_flux
TIC_88692598,1237,1230,1230,1230,0.5658852061439013,2302.72155,pdcsap_flux
TIC_88785435,1038,775,775,775,25.337186897880535,3424.6917,pdcsap_flux
TIC_365102760,19610,19610,19610,19610,0.0,4646.55235,pdcsap_flux
TIC_86380416,18800,16474,16474,16474,12.372340425531911,5374.3195,pdcsap_flux
TIC_87422071,17065,15725,15725,15725,7.852329329036034,5070.481,pdcsap_flux
TOI-1052,18276,18276,18276,18276,0.0,40562.746,pdcsap_flux
TIC_9344899,40158,27856,27852,27852,30.643956372329296,1342.8141,pdcsap_flux
TOI-1054,19436,17221,17219,17219,11.406668038691093,67263.12,pdcsap_flux
TOI-1062,18275,18275,18273,18273,0.010943912448702,26567.826,pdcsap_flux
TIC_237913194,108027,88705,88703,88703,17.88812056245198,4184.112,pdcsap_flux
TOI-1080,19302,17122,17122,17122,11.29416640762615,1351.3006,pdcsap_flux
TIC_4672985,102890,93446,93439,93439,9.185537953153856,6737.369,pdcsap_flux
TOI-1135,18420,18420,18420,18420,0.0,38868.4295,pdcsap_flux
TOI-1011,104156,98353,98349,98349,5.575290909789166,80131.25,pdcsap_flux
TOI-1136,18420,17784,17784,17784,3.4527687296416976,42113.915,pdcsap_flux
TOI-1036,104062,88318,88315,88315,15.132324960119924,12376.838,pdcsap_flux
TOI-1173,18420,18191,18041,18041,2.057546145494027,12161.032,pdcsap_flux
TOI-1174,18422,18422,18421,18421,0.0054282922592574,12672.674,pdcsap_flux
TOI-1180,18423,18423,18423,18423,0.0,14777.139,pdcsap_flux
TOI-1181,18212,18212,17459,17459,4.134636503404354,15080.125,pdcsap_flux
TOI-1184,18424,14128,14128,14128,23.317412071211464,16838.202,pdcsap_flux
TOI-1194,18423,18423,18349,18349,0.4016718232643934,10348.336,pdcsap_flux
TOI-1199,18320,17807,17797,17797,2.854803493449787,10866.302,pdcsap_flux
TOI-1201,15574,14759,14759,14759,5.233080775651722,6324.5444,pdcsap_flux
TOI-1203,16933,16087,16082,16082,5.025689482076423,100840.355,pdcsap_flux
TOI-1130,100269,85736,85267,85267,14.961752884740054,14526.026,pdcsap_flux
TOI-1226,17655,16944,16944,16944,4.027187765505524,3915.0644,pdcsap_flux
TOI-122,18276,18276,18276,18276,0.0,868.67455,pdcsap_flux
TOI-1221,18279,18279,18279,18279,0.0,15313.618,pdcsap_flux
TOI-1224,18272,18272,18231,18231,0.224387040280205,3647.9333,pdcsap_flux
TOI-1117,116203,111371,111364,111364,4.164264261679995,10991.898,pdcsap_flux
TOI-1227,18187,11701,11701,11701,35.66283609171386,357.16397,pdcsap_flux
TOI-1230,18187,11701,11700,11700,35.66833452466047,22841.14,pdcsap_flux
TOI-1231,17125,16231,16218,16218,5.296350364963509,11581.139,pdcsap_flux
TOI-1232,17085,15862,15862,15862,7.158326016973948,3208.8787,pdcsap_flux
TOI-1235,18421,18421,18421,18421,0.0,17105.168,pdcsap_flux
TIC_46432937,241305,165583,165086,165086,31.586166884233645,1656.179,pdcsap_flux
TOI-1238,18423,17065,17064,17064,7.376648754274551,4831.66625,pdcsap_flux
TOI-1243,18423,18423,18422,18422,0.0054279976116844,4971.916,pdcsap_flux
TOI-1244,18422,18422,18420,18420,0.0108565845185149,6518.5586,pdcsap_flux
TOI-1246,18423,17659,17659,17659,4.146990175324328,5601.5894,pdcsap_flux
TOI-1249,18422,17108,17107,17107,7.138204320920638,13153.273,pdcsap_flux
TOI-1248,18421,18421,18419,18419,0.010857173877643,5819.1006,pdcsap_flux
TOI-125,18276,18276,18276,18276,0.0,13668.6405,pdcsap_flux
TOI-1259_A,18423,18423,18047,18047,2.040927101992074,5694.3076,pdcsap_flux
TOI-1260,18424,18424,18424,18424,0.0,7573.209199999999,pdcsap_flux
TOI-1268,17746,15239,15219,15219,14.239828693790146,14268.158,pdcsap_flux
TOI-1278,17746,12778,12778,12778,27.99504113603065,2945.9509,pdcsap_flux
TOI-1279,17748,12983,12981,12981,26.859364435429345,16139.475,pdcsap_flux
TOI-1269,18422,16236,16236,16236,11.866246878731957,6522.2243,pdcsap_flux
TOI-1288,17747,13321,13319,13319,24.95069589226349,17130.32,pdcsap_flux
TOI-128,18276,18276,18275,18275,0.0054716568176793,103969.08,pdcsap_flux
TOI-1291,19611,19611,19611,19611,0.0,7323.729,pdcsap_flux
TOI-1295,17533,14658,14439,14439,17.646723321736157,7633.194,pdcsap_flux
TOI-1294,19609,19609,19609,19609,0.0,6800.613,pdcsap_flux
TOI-1296,17532,14974,14919,14919,14.904175222450377,7558.3657,pdcsap_flux
TOI-1301,18422,18422,18422,18422,0.0,10167.373,pdcsap_flux
TOI-132,18273,18273,18272,18272,0.0054725551359879,7581.879,pdcsap_flux
TOI-1338_A,15690,14455,14445,14445,7.934990439770551,3960.578,pdcsap_flux
TOI-1346,18424,18424,18424,18424,0.0,8256.7075,pdcsap_flux
TOI-1347,18424,18424,18424,18424,0.0,8438.0265,pdcsap_flux
TOI-1408,16716,12828,12816,12816,23.33094041636755,47148.2825,pdcsap_flux
TOI-139,18277,18094,18094,18094,1.0012584122120691,28785.722,pdcsap_flux
TOI-1410,16716,13920,13918,13918,16.738454175640104,13667.6385,pdcsap_flux
TOI-1411,16718,15459,15456,15456,7.548749850460579,36443.55,pdcsap_flux
TOI-1416,16709,15399,15399,15399,7.840086181100004,37746.945,pdcsap_flux
TOI-1422,16719,13838,13838,13838,17.231891859560978,14350.022,pdcsap_flux
TOI-1420,16718,14419,14206,14206,15.02572077999761,5106.189200000001,pdcsap_flux
TOI-1431,17738,17605,17020,17020,4.0478069680911055,121117.237,pdcsap_flux
TOI-1437,18410,18410,18408,18408,0.0108636610537726,54018.375,pdcsap_flux
TOI-1438,18424,18424,18421,18421,0.0162831089882797,12197.155,pdcsap_flux
TOI-1439,18422,15861,15860,15860,13.907284768211923,16382.7065,pdcsap_flux
TOI-1442,18421,18421,18421,18421,0.0,1521.8694,pdcsap_flux
TOI-1443,18424,18424,18423,18423,0.0054277029960969,17513.066,pdcsap_flux
TOI-1451,18419,17085,17079,17079,7.2750963678809955,41158.074,pdcsap_flux
TOI-1444,17748,13322,13322,13322,24.93802118548569,13914.273,pdcsap_flux
TOI-1450_A,18423,16655,16642,16642,9.667263746403954,13897.853,pdcsap_flux
TOI-1452,18423,18423,18415,18415,0.0434239808934533,1809.038,pdcsap_flux
TOI-1453,18424,18424,18424,18424,0.0,14305.1125,pdcsap_flux
TOI-1467,16570,12022,12022,12022,27.447193723596865,8614.9395,pdcsap_flux
TOI-1468,15134,12805,12803,12803,15.402405180388534,6609.508,pdcsap_flux
TOI-1466,16663,14407,14407,14407,13.538978575286563,6210.1016,pdcsap_flux
TOI-1470,16199,12841,12841,12841,20.729674671276,3652.1372,pdcsap_flux
TOI-1472,16568,11823,11822,11822,28.64558184451955,9481.73,pdcsap_flux
TOI-1333,117619,114064,114064,114064,3.0224708592999416,39212.064,pdcsap_flux
TOI-150,17123,15571,15552,15552,9.174794136541497,7036.988,pdcsap_flux
TOI-157,17100,15541,15520,15520,9.239766081871348,2518.42,pdcsap_flux
TOI-1601,16570,12910,12904,12904,22.124321062160533,14958.761,pdcsap_flux
TOI-163,17089,15675,15631,15631,8.531804084498795,7262.223,pdcsap_flux
TOI-1386,117637,114313,114298,114298,2.8383926825743644,14669.457,pdcsap_flux
TOI-1630,16649,14094,14092,14092,15.358279776563156,40749.378500000006,pdcsap_flux
TOI-1634,15752,14191,14191,14191,9.909852717115283,5909.9194,pdcsap_flux
TOI-1659,18420,18420,18420,18420,0.0,24211.0445,pdcsap_flux
TOI-1669,17057,16730,16725,16725,1.946414961599341,25329.92,pdcsap_flux
TOI-1670,17742,17394,17390,17390,1.9839927854807815,27033.873,pdcsap_flux
TOI-1680,18422,18422,18422,18422,0.0,730.07407,pdcsap_flux
TOI-1683,17054,16893,16892,16892,0.9499237715491992,19465.168,pdcsap_flux
TOI-1685,17058,16863,16862,16862,1.149020987220073,5437.738649999999,pdcsap_flux
TOI-169,19440,16022,16021,16021,17.587448559670783,3121.6401,pdcsap_flux
TOI-1691,17051,16692,16691,16691,2.1113131194651302,25580.043,pdcsap_flux
TOI-1693,17056,16587,16586,16586,2.7556285178236384,8039.4443,pdcsap_flux
TOI-1694,17046,16365,16357,16357,4.0420039892056785,8056.1133,pdcsap_flux
TOI-1695,16436,14670,14670,14670,10.74470674129958,5989.675649999999,pdcsap_flux
TOI-1710,17047,16698,16646,16646,2.352320056314894,43505.712499999994,pdcsap_flux
TOI-1696,17055,16871,16870,16870,1.0847258868367016,387.69032,pdcsap_flux
TOI-1718,17432,16563,16543,16543,5.099816429554838,80672.39,pdcsap_flux
TOI-1722,17631,17631,17631,17631,0.0,24314.055,pdcsap_flux
TOI-1723,17628,17628,17624,17624,0.0226911731336487,37249.3985,pdcsap_flux
TOI-1478,104428,97654,97546,97546,6.590186540008425,13245.715,pdcsap_flux
TOI-1736,16326,14765,14764,14764,9.567560945730737,73936.69750000001,pdcsap_flux
TOI-1732,17633,17633,17632,17632,0.0056711847104873,4379.49115,pdcsap_flux
TOI-1739,18424,18424,18424,18424,0.0,19541.35,pdcsap_flux
TOI-1518,107653,104119,101046,101046,6.137311547286184,53657.56,pdcsap_flux
TOI-1743,17748,15625,15624,15624,11.967545638945232,1676.78585,pdcsap_flux
TOI-1742,17744,17396,17385,17385,2.0232191163210067,79596.77,pdcsap_flux
TOI-1744,18420,18420,18415,18415,0.0271444082519001,40264.223,pdcsap_flux
TOI-1749,18424,18424,18424,18424,0.0,2012.33185,pdcsap_flux
TOI-1750,18419,16248,16247,16247,11.79217112763994,3409.6526,pdcsap_flux
TOI-1751,17742,14989,14988,14988,15.52248900913088,50026.498,pdcsap_flux
TOI-1752,18424,18263,18263,18263,0.8738601823708225,1241.6146,pdcsap_flux
TOI-1756,16650,13750,13750,13750,17.417417417417415,2206.7375,pdcsap_flux
TOI-1753,18423,17139,17139,17139,6.969548933398473,5477.414,pdcsap_flux
TOI-1758,16435,15070,15070,15070,8.30544569516276,15043.5885,pdcsap_flux
TOI-1759,16717,14944,14942,14942,10.617933839803795,15733.4255,pdcsap_flux
TOI-1768,18748,18652,18646,18646,0.5440580328568423,17192.648,pdcsap_flux
TOI-1772,18159,17325,17322,17322,4.609284652238554,29591.016,pdcsap_flux
TOI-1775,18161,17325,17324,17324,4.608777049721935,7064.3633,pdcsap_flux
TOI-1774,18142,17308,17290,17290,4.69628486385184,143761.94,pdcsap_flux
TOI-1776,18755,18708,18699,18699,0.2985870434550786,132566.6,pdcsap_flux
TOI-178,18299,18299,18299,18299,0.0,10539.296,pdcsap_flux
TOI-1777,18753,18706,18703,18703,0.2666240068255776,50557.52,pdcsap_flux
TOI-1782,18423,18423,18423,18423,0.0,4799.1104,pdcsap_flux
TOI-1789,16272,15170,15164,15164,6.809242871189769,33858.955,pdcsap_flux
TOI-1798,16709,14163,14163,14163,15.237297264947037,9998.514,pdcsap_flux
TOI-1794,17744,15250,15250,15250,14.05545536519387,21192.7835,pdcsap_flux
TOI-1799,17954,15934,15931,15931,11.267684081541718,72105.47,pdcsap_flux
TOI-1801,17881,16101,16097,16097,9.977070633633469,17643.297,pdcsap_flux
TOI-1803,18609,16896,16896,16896,9.205223279058515,5458.5064999999995,pdcsap_flux
TOI-1806,17961,15387,15387,15387,14.33105060965425,1354.4976,pdcsap_flux
TOI-1807,18588,16794,16794,16794,9.651387992253069,38607.0255,pdcsap_flux
TOI-1811,17881,16050,15809,15809,11.587718807672951,5755.257,pdcsap_flux
TOI-181,18300,18300,18184,18184,0.6338797814207653,10326.22,pdcsap_flux
TOI-1820,15477,13493,13450,13450,13.096853395360863,10048.6305,pdcsap_flux
TOI-1814,19610,19610,19610,19610,0.0,7657.2132,pdcsap_flux
TOI-1823,18422,18066,18064,18064,1.9433286288133789,19646.395,pdcsap_flux
TOI-1836,17520,15074,15067,15067,14.00114155251142,31226.102,pdcsap_flux
TOI-1824,18753,18753,18748,18748,0.0266624006825533,41499.246,pdcsap_flux
TOI-1839,15440,13115,13114,13114,15.06476683937824,13300.5445,pdcsap_flux
TOI-1855,13873,10542,10328,10328,25.55323289843581,8904.579,pdcsap_flux
TOI-1842,15432,13370,13335,13335,13.58864696734059,31614.125,pdcsap_flux
TOI-1859,18423,18423,18423,18423,0.0,17394.207,pdcsap_flux
TOI-1883,13976,13544,13541,13541,3.1124785346307915,650.272,pdcsap_flux
TOI-1860,18412,17648,17648,17648,4.149467738431456,125453.975,pdcsap_flux
TOI-1873,17632,17632,17632,17632,0.0,8165.3164,pdcsap_flux
TOI-1899,18004,12898,12898,12898,28.360364363474787,1357.1738,pdcsap_flux
TOI-1898,18187,17354,17233,17233,5.245505031066145,175782.39,pdcsap_flux
TOI-1937_A,17374,16910,16910,16910,2.6706573040174986,1776.6781999999998,pdcsap_flux
TOI-1994,17343,15900,15898,15898,8.331891829556593,12732.7555,pdcsap_flux
TOI-2005,17273,15557,15554,15554,9.951948127134836,25958.169,pdcsap_flux
TOI-201,18279,18279,18279,18279,0.0,59913.156,pdcsap_flux
TOI-2015,18216,16047,16046,16046,11.912604303908648,1084.9379,pdcsap_flux
TOI-2010,18421,18421,18415,18415,0.0325715216329181,31469.213,pdcsap_flux
TOI-2018,18211,18211,18206,18206,0.0274559332271717,41923.748,pdcsap_flux
TOI-2019,17520,15263,15256,15256,12.922374429223748,23664.986,pdcsap_flux
TOI-2031_A,16748,16748,16371,16371,2.251015046572724,8012.292,pdcsap_flux
TOI-2025,19610,19610,19597,19597,0.0662927078021402,6872.1875,pdcsap_flux
TOI-2048,16719,14887,14887,14887,10.95759315748549,8019.8955,pdcsap_flux
TOI-2046,19474,19474,18376,18376,5.638286946698157,6297.70875,pdcsap_flux
TOI-2068,18422,16407,16406,16406,10.943437194658555,5244.46125,pdcsap_flux
TOI-2071,18424,18424,18424,18424,0.0,6327.625,pdcsap_flux
TOI-2076,16705,15395,15395,15395,7.841963483986836,72372.07,pdcsap_flux
TOI-2081,18421,14009,14009,14009,23.950925574073068,3368.259,pdcsap_flux
TOI-2084,16716,15696,15696,15696,6.101938262742279,757.48352,pdcsap_flux
TOI-2088,18422,18422,18421,18421,0.0054282922592574,7370.254,pdcsap_flux
TOI-2092,16707,14288,14288,14288,14.478960914586702,8965.321,pdcsap_flux
TOI-209,18276,18276,18275,18275,0.0054716568176793,7548.295,pdcsap_flux
TOI-2093,17748,13322,13322,13322,24.93802118548569,8729.721,pdcsap_flux
TOI-2094,18423,18423,18423,18423,0.0,1959.3807,pdcsap_flux
TOI-2095,18421,18421,18420,18420,0.0054285869388159,5663.656849999999,pdcsap_flux
TOI-2096,18423,18423,18423,18423,0.0,629.1688,pdcsap_flux
TOI-2109,12941,10843,9962,9962,23.019859361718563,20067.931,pdcsap_flux
TOI-2107,18213,14092,14051,14051,22.851809147312363,4252.844,pdcsap_flux
TOI-2104,18422,18422,18421,18421,0.0054282922592574,15159.809,pdcsap_flux
TOI-2120,16225,14759,14759,14759,9.035439137134048,983.19977,pdcsap_flux
TOI-2128,17234,14082,14072,14072,18.347452709759786,333210.53,pdcsap_flux
TOI-2133,17240,11717,11717,11717,32.035962877030165,7410.5405,pdcsap_flux
TOI-2000,104186,91469,91468,91468,12.20701437813142,11485.524,pdcsap_flux
TOI-2134,16936,16936,16903,16903,0.1948512045347183,118730.67,pdcsap_flux
TOI-2136,16941,16941,16941,16941,0.0,2964.9072,pdcsap_flux
TOI-2145,16936,16936,16933,16933,0.0177137458667875,60003.836,pdcsap_flux
TOI-2152,19475,19475,19407,19407,0.349165596919132,8215.403,pdcsap_flux
TOI-216,18277,15383,15255,15255,16.53444219510861,3796.632,pdcsap_flux
TOI-2158,19610,19610,19598,19598,0.0611932687404337,13918.4535,pdcsap_flux
TOI-2169_A,19611,19611,19610,19610,0.0050991790321752,9769.8695,pdcsap_flux
TOI-2193_A,16781,13558,13554,13554,19.230081639949947,4524.988149999999,pdcsap_flux
TOI-220,18276,18276,18276,18276,0.0,21456.204,pdcsap_flux
TOI-2200,16781,15398,15398,15398,8.241463559978545,1939.96765,pdcsap_flux
TOI-2207,16781,15365,15363,15363,8.450032775162386,6752.7476,pdcsap_flux
TOI-2211,16780,16780,16780,16780,0.0,32565.126,pdcsap_flux
TOI-2227,18277,18216,18216,18216,0.3337528040706861,15939.999,pdcsap_flux
TOI-2257,18423,18423,18422,18422,0.0054279976116844,1003.81894,pdcsap_flux
TOI-2260,17508,15062,15062,15062,13.970756225725378,20208.852,pdcsap_flux
TOI-2266,18216,15231,15216,15216,16.46903820816864,631.641575,pdcsap_flux
TOI-2267_A,17055,16587,16577,16577,2.8026971562591596,1830.6099,pdcsap_flux
TOI-2267_B,17055,16587,16577,16577,2.8026971562591596,1830.6099,pdcsap_flux
TOI-2274,18423,18315,18314,18314,0.5916517396732379,10980.1435,pdcsap_flux
TOI-2295,17748,13236,13235,13235,25.428217263917062,39233.473,pdcsap_flux
TOI-2285,16719,14946,14946,14946,10.604701238112323,4416.91725,pdcsap_flux
TOI-2322,16781,14289,14289,14289,14.850128121089323,15070.226,pdcsap_flux
TOI-2328,16780,16155,16155,16155,3.7246722288438616,3893.3643,pdcsap_flux
TOI-2337,19611,19611,19610,19610,0.0050991790321752,5161.22285,pdcsap_flux
TOI-2345,18255,15859,15858,15858,13.130649137222685,11260.52075,pdcsap_flux
TOI-2346,18695,14956,14844,14844,20.59909066595347,3804.43245,pdcsap_flux
TOI-2364,17770,13939,13939,13939,21.558806978052903,3924.0938,pdcsap_flux
TOI-2184,108020,80081,80078,80078,25.867431957044996,4474.5095,pdcsap_flux
TOI-237,18300,18300,18300,18300,0.0,693.9831,pdcsap_flux
TOI-2374,17284,13899,13897,13897,19.59615829669058,5651.756,pdcsap_flux
TOI-2379,17284,12402,12399,12399,28.263133533904185,538.17474,pdcsap_flux
TOI-2202,108047,88169,88168,88168,18.39847473784557,2180.63745,pdcsap_flux
TOI-2384,17282,15155,15124,15124,12.486980673533154,767.293525,pdcsap_flux
TOI-2420,880,828,804,804,8.636363636363631,7751.266,pdcsap_flux
TOI-2406,17517,16016,16016,16016,8.56881886167723,279.11395,pdcsap_flux
TOI-2407,18561,16814,16814,16814,9.412208393944288,1484.03845,pdcsap_flux
TOI-2411,17461,16001,15999,15999,8.372945421224443,11190.199,pdcsap_flux
TOI-2443,16906,16171,16163,16163,4.394889388382827,76749.55,pdcsap_flux
TOI-244,18299,18299,18299,18299,0.0,10688.677,pdcsap_flux
TOI-2445,15646,14801,14801,14801,5.400741403553622,900.44684,pdcsap_flux
TOI-2449,15692,14983,14982,14982,4.524598521539636,17860.370499999997,pdcsap_flux
TOI-2447,17598,17214,17214,17214,2.1820661438799904,15917.132,pdcsap_flux
TOI-2453,17573,17370,17370,17370,1.1551812439537956,1707.80135,pdcsap_flux
TOI-2338,107902,102099,102091,102091,5.385442345832326,3459.336,pdcsap_flux
TOI-2485,14329,10532,10532,10532,26.498708911996648,6685.5667,pdcsap_flux
TOI-2458,17906,17120,17119,17119,4.39517480174243,52748.88,pdcsap_flux
TOI-2459,17694,17395,17394,17394,1.695489996609023,28312.183,pdcsap_flux
TOI-2373,103657,96211,96211,96211,7.18330648195491,1408.9814,pdcsap_flux
TOI-2497,17446,17446,17440,17440,0.0343918376705221,35567.27,pdcsap_flux
TOI-251,18298,18298,18298,18298,0.0,29770.2575,pdcsap_flux
TOI-2498,17446,17385,17385,17385,0.3496503496503544,7525.099,pdcsap_flux
TOI-2518,17768,15789,15789,15789,11.138000900495271,13075.432,pdcsap_flux
TOI-2416,108048,79510,79510,79510,26.412335258403672,1748.9535500000002,pdcsap_flux
TOI-2524,16509,15864,15861,15861,3.9251317463201874,2231.044,pdcsap_flux
TOI-2537,17020,14107,14107,14107,17.115158636897764,2509.2708,pdcsap_flux
TOI-2529,17762,15686,15686,15686,11.687872987276204,8764.2795,pdcsap_flux
TOI-257,13540,13531,13463,13463,0.5686853766617483,250633.25,pdcsap_flux
TOI-2567,19610,19610,19610,19610,0.0,3319.3665,pdcsap_flux
TOI-2570,16337,16228,16213,16213,0.7590132827324458,2417.504,pdcsap_flux
TOI-2580,18537,16276,15931,15931,14.058369746992504,7739.1494,pdcsap_flux
TOI-2587_A,18749,17266,17263,17263,7.925756040322152,6766.4155,pdcsap_flux
TOI-2583_A,19611,19611,19607,19607,0.020396716128701,2478.2822,pdcsap_flux
TOI-260,13540,12968,12968,12968,4.224519940915805,63873.0415,pdcsap_flux
TOI-261,13540,12857,12857,12857,5.044313146233382,40546.996,pdcsap_flux
TOI-262,13537,13019,13019,13019,3.82654945704366,88396.3,pdcsap_flux
TOI-2641,17274,15457,15455,15455,10.53027671645247,5418.2544,pdcsap_flux
TOI-269,13541,12636,12636,12636,6.683405952293031,1831.24265,pdcsap_flux
TOI-2714,1171,1133,1086,1086,7.258753202391121,1246.02855,pdcsap_flux
TOI-270,13541,12974,12973,12973,4.194668045196071,9406.928,pdcsap_flux
TOI-2768,980,973,973,973,0.7142857142857117,4447.6616,pdcsap_flux
TOI-2654,36791,30291,30291,30291,17.66736430105189,988.64777,pdcsap_flux
TOI-277,13539,12667,12667,12667,6.440652928576707,3470.6555,pdcsap_flux
TOI-2525,112330,92024,92024,92024,18.077094275794536,717.76941,pdcsap_flux
TOI-2719,38191,25043,25043,25043,34.42695923123249,2449.6565,pdcsap_flux
TOI-2421,207168,172769,172764,172764,16.606811862835958,8264.825,pdcsap_flux
TOI-2818,17743,15659,15443,15443,12.96285859212084,4411.614,pdcsap_flux
TOI-283,18279,18279,18278,18278,0.0054707587942459,21975.666,pdcsap_flux
TOI-2842,18696,15326,15301,15301,18.15896448438169,2434.4592,pdcsap_flux
TOI-2589,104749,100338,100338,100338,4.211018720942439,8471.3305,pdcsap_flux
TOI-286,18276,18276,18276,18276,0.0,36701.408,pdcsap_flux
TOI-2876,18694,15032,15030,15030,19.599871616561455,3141.3163999999997,pdcsap_flux
TOI-2886,18697,15480,15255,15255,18.409370487243947,3194.4385,pdcsap_flux
TOI-2969,18358,18358,17982,17982,2.048153393615859,2525.7610999999997,pdcsap_flux
TOI-2981,17865,17088,17086,17086,4.360481388189196,1291.119,pdcsap_flux
TOI-2669,104382,92828,92812,92812,11.084286562817349,16427.686,pdcsap_flux
TOI-2986,18024,16004,16004,16004,11.207279183311137,2475.42165,pdcsap_flux
TOI-2992,18356,18096,18094,18094,1.427326214861624,2631.92325,pdcsap_flux
TOI-3023,18854,18854,18824,18824,0.1591174286623475,4097.2555,pdcsap_flux
TOI-3082,17334,15354,15354,15354,11.422637590861894,3242.3621000000003,pdcsap_flux
TOI-3071,18854,18854,18854,18854,0.0,2839.7315,pdcsap_flux
TOI-3135,19515,18636,18636,18636,4.504227517294391,5683.6955,pdcsap_flux
TOI-3160_A,18368,16825,16824,16824,8.40592334494773,2757.70055,pdcsap_flux
TOI-329,16850,14767,14767,14767,12.362017804154302,8619.402,pdcsap_flux
TOI-2803_A,113033,85633,85625,85625,24.247786044783386,2204.5623,pdcsap_flux
TOI-3235,18853,18853,18583,18583,1.432132817058296,702.9684,pdcsap_flux
TOI-3321,18606,14688,14174,14174,23.820273030205307,8659.0255,pdcsap_flux
TOI-333,17928,14906,14906,14906,16.856314145470776,4069.3997,pdcsap_flux
TOI-3331_A,18215,16457,16411,16411,9.90392533626132,3758.3806,pdcsap_flux
TOI-3353,18273,18273,18273,18273,0.0,48587.08,pdcsap_flux
TOI-3362,18358,18358,18357,18357,0.0054472164723873,10910.679,pdcsap_flux
TOI-3364,18025,16897,16881,16881,6.346740638002779,7260.9863,pdcsap_flux
TOI-3457,19515,19515,19515,19515,0.0,3785.184,pdcsap_flux
TOI-3486,18606,14967,14807,14807,20.418144684510377,3694.3135,pdcsap_flux
TOI-3493,17330,15603,15603,15603,9.96537795729948,53818.145,pdcsap_flux
TOI-3523_A,19474,19474,19471,19471,0.0154051555920742,2470.6042,pdcsap_flux
TOI-3540_A,19612,19612,19551,19551,0.311034060779114,7133.084,pdcsap_flux
TOI-3568,18882,14310,14310,14310,24.213536701620587,2363.49665,pdcsap_flux
TOI-3593,19611,19611,19476,19476,0.6883891693437394,4137.79425,pdcsap_flux
TOI-3629,17990,17990,17982,17982,0.0444691495275151,1209.87635,pdcsap_flux
TOI-3682,16800,13081,13081,13081,22.136904761904763,4783.6543,pdcsap_flux
TOI-3693,19474,17466,17310,17310,11.112252233747563,4269.6097,pdcsap_flux
TOI-3714,18538,16195,15979,15979,13.804078109828469,810.5277,pdcsap_flux
TOI-2796,224453,155063,155053,155053,30.919613460278995,2742.8528,pdcsap_flux
TOI-375,19439,17223,17223,17223,11.399763362312877,10694.548,pdcsap_flux
TOI-3785,18800,16455,16455,16455,12.473404255319153,1403.0471,pdcsap_flux
TOI-3757,18547,16393,16369,16369,11.743139052137808,746.3701,pdcsap_flux
TOI-3877,1234,1049,1035,1035,16.126418152350087,2757.7434,pdcsap_flux
TOI-332,103752,83974,83973,83973,19.063728891973163,3865.9412,pdcsap_flux
TOI-3807,18800,16407,16407,16407,12.728723404255316,3763.5217,pdcsap_flux
TOI-3819,16071,15247,15247,15247,5.127247837720117,2577.4646,pdcsap_flux
TOI-3976_A,1116,1002,972,972,12.903225806451612,3024.4449,pdcsap_flux
TOI-3912,14226,10640,10638,10638,25.221425558835932,2896.22135,pdcsap_flux
TOI-3837,16856,16437,16431,16431,2.521357380161371,4671.1455,pdcsap_flux
TOI-3862,18396,15209,15209,15209,17.324418351815606,3263.1616,pdcsap_flux
TOI-3919,16403,13274,13274,13274,19.075778820947388,1913.1337,pdcsap_flux
TOI-3884,17492,16914,16849,16849,3.675966155957011,1000.3375,pdcsap_flux
TOI-3984_A,14413,10457,10457,10457,27.44744328037189,4.825075,pdcsap_flux
TOI-4029,11264,7560,7560,7560,32.88352272727273,5439.0552,pdcsap_flux
TOI-3980,19473,18451,18451,18451,5.248292507574592,2940.6934,pdcsap_flux
TOI-4010,16748,16340,16340,16340,2.4361117745402394,3989.68035,pdcsap_flux
TOI-406,13541,13003,13003,13003,3.973118676611775,4430.588,pdcsap_flux
TOI-4030,18978,15618,15618,15618,17.704710717673102,807.5801,pdcsap_flux
TOI-4034,16749,16749,16749,16749,0.0,1484.9193,pdcsap_flux
TOI-4127,19611,19611,19611,19611,0.0,6177.6875,pdcsap_flux
TOI-4087,19610,19610,19090,19090,2.6517083120856655,4860.6875,pdcsap_flux
TOI-4155,16748,16748,16748,16748,0.0,5198.101000000001,pdcsap_flux
TOI-4153,17305,17305,17166,17166,0.8032360589425025,5584.056500000001,pdcsap_flux
TOI-4184,18277,18277,18275,18275,0.0109427148875629,315.7848,pdcsap_flux
TOI-4156,17631,17631,17631,17631,0.0,8422.946,pdcsap_flux
TOI-4201,18695,14904,14881,14881,20.401176785236697,592.19775,pdcsap_flux
TOI-421,17659,17322,17311,17311,1.9706665156577376,31352.775,pdcsap_flux
TOI-4311,13541,12876,12876,12876,4.911011003618637,8376.5905,pdcsap_flux
TOI-4214,18697,15357,15356,15356,17.869176873295178,6015.078799999999,pdcsap_flux
TOI-431,17605,17130,17098,17098,2.879863675092298,86285.3,pdcsap_flux
TOI-4329,16749,14941,14940,14940,10.8006448146158,2903.1785,pdcsap_flux
TOI-4336_A,18467,18192,18191,18191,1.4945578599664278,5710.147,pdcsap_flux
TOI-4342,19439,17223,17223,17223,11.399763362312877,5941.6963,pdcsap_flux
TOI-4363,15514,14784,14784,14784,4.705427355936576,5306.38315,pdcsap_flux
TOI-4364,17546,17223,17223,17223,1.840875413199594,4220.2256,pdcsap_flux
TOI-4377,18489,17133,17133,17133,7.33409054032127,7713.7046,pdcsap_flux
TOI-4379,19328,18296,18296,18296,5.3394039735099375,2867.37905,pdcsap_flux
TOI-4405,16781,15808,15803,15803,5.828019784279837,1874.6085,pdcsap_flux
TOI-4438,19611,19611,19611,19611,0.0,4497.304,pdcsap_flux
TOI-444,15691,14686,14686,14686,6.404945510165061,38183.8085,pdcsap_flux
TOI-4443,16936,16936,16924,16924,0.0708549834671723,109951.405,pdcsap_flux
TOI-4465,16941,16941,16941,16941,0.0,18000.014,pdcsap_flux
TOI-4495,17938,11996,11995,11995,33.13078381090423,40107.05,pdcsap_flux
TOI-4487_A,18322,18322,18322,18322,0.0,3987.2709,pdcsap_flux
TOI-4145_A,111329,89958,89946,89946,19.207035004356456,4136.19465,pdcsap_flux
TOI-4507,18300,18300,18300,18300,0.0,13362.416,pdcsap_flux
TOI-451,15692,14790,14786,14786,5.7736426204435425,12615.1795,pdcsap_flux
TOI-4511,16862,14108,14107,14107,16.338512631953506,18830.766,pdcsap_flux
TOI-4513,15881,13012,13012,13012,18.065612996662683,16848.010000000002,pdcsap_flux
TOI-4529,15882,13004,13004,13004,18.12114343281702,13234.274,pdcsap_flux
TOI-4515,15907,12974,12873,12873,19.07336392783051,4971.7935,pdcsap_flux
TOI-4552,18200,14348,14346,14346,21.175824175824175,2254.45115,pdcsap_flux
TOI-4559,16100,11700,11700,11700,27.329192546583847,6576.745,pdcsap_flux
TOI-4463_A,105268,67232,67215,67215,36.14868716039062,9831.653,pdcsap_flux
TOI-4561,18277,18277,18277,18277,0.0,6305.133,pdcsap_flux
TOI-4406,108034,87727,87727,87727,18.796860247699797,9785.437,pdcsap_flux
TOI-4578,17627,17627,17626,17626,0.0056731151075073,8034.7165,pdcsap_flux
TOI-4582,19610,19610,19608,19608,0.0101988781234019,9878.369,pdcsap_flux
TOI-4588,18421,18421,18421,18421,0.0,38068.137,pdcsap_flux
TOI-4600,19611,19611,19611,19611,0.0,2889.0793,pdcsap_flux
TOI-4504,108049,84663,84663,84663,21.64388379346408,1530.0481,pdcsap_flux
TOI-4602,16865,15605,15603,15603,7.482952860954639,124876.22,pdcsap_flux
TOI-4603,16912,16300,16298,16298,3.6305581835383127,54656.2735,pdcsap_flux
TOI-4638,15882,12916,12916,12916,18.675229819921924,8174.772,pdcsap_flux
TOI-4633,18416,18416,18408,18408,0.0434404865334525,74041.14,pdcsap_flux
TOI-4640,16999,14134,14134,14134,16.85393258426966,5905.1323,pdcsap_flux
TOI-4641,15659,14765,14765,14765,5.709176831215279,229186.7,pdcsap_flux
TOI-4662,17244,16433,16433,16433,4.703085131060081,4466.985,pdcsap_flux
TOI-469,14682,14621,14620,14620,0.4222857921264089,49280.412,pdcsap_flux
TOI-470,14682,14549,14549,14549,0.905871134722791,8464.792,pdcsap_flux
TOI-4734,16476,14699,14699,14699,10.785384802136443,2726.4873,pdcsap_flux
TOI-4551,108710,100582,100567,100567,7.490571244595712,39589.152,pdcsap_flux
TOI-4747,18696,14759,14759,14759,21.05798031664527,3131.851,pdcsap_flux
TOI-4773,17768,15767,15763,15763,11.284331382260248,4363.6772,pdcsap_flux
TOI-4666,36757,30017,29883,29883,18.701199771472098,633.874,pdcsap_flux
TOI-4791,18697,14939,14922,14922,20.19040487778788,6709.362,pdcsap_flux
TOI-4562,108048,79638,79638,79638,26.29386939138161,3923.6869,pdcsap_flux
TOI-4794,18697,15266,15262,15262,18.371931325881153,2343.0603,pdcsap_flux
TOI-480,14680,14608,14608,14608,0.4904632152588517,311548.94,pdcsap_flux
TOI-481,14678,14589,14419,14419,1.7645455784166764,27862.244,pdcsap_flux
TOI-4898,18090,17388,17388,17388,3.880597014925369,2716.2963,pdcsap_flux
TOI-4940,17767,15113,15113,15113,14.937806044914726,3036.0247,pdcsap_flux
TOI-4930,18854,18854,18854,18854,0.0,2278.79015,pdcsap_flux
TOI-4961,18854,18854,18830,18830,0.1272939429298847,3027.291,pdcsap_flux
TOI-4994,18606,15659,15659,15659,15.83897667419112,2710.0222,pdcsap_flux
TOI-500,14681,14650,14648,14648,0.2247803283155103,28695.947,pdcsap_flux
TOI-5007,19514,19514,19514,19514,0.0,409.28141,pdcsap_flux
TOI-5027,18605,13845,13824,13824,25.69739317387799,6621.2119999999995,pdcsap_flux
TOI-5082,16307,15814,15814,15814,3.023241552707423,148461.995,pdcsap_flux
TOI-5110,14072,12516,12508,12508,11.114269471290504,13072.448,pdcsap_flux
TOI-512,14681,14681,14680,14680,0.0068115251004696,42700.075,pdcsap_flux
TOI-5126,16855,16507,16507,16507,2.0646692376149467,24127.775,pdcsap_flux
TOI-5143,16530,16178,16143,16143,2.341197822141561,5269.75,pdcsap_flux
TOI-5181_A,18102,10889,10887,10887,39.85747431223069,3222.8955,pdcsap_flux
TOI-5153,17458,17458,17458,17458,0.0,5121.9580000000005,pdcsap_flux
TOI-5159,16857,16243,16241,16241,3.654268256510651,55090.074,pdcsap_flux
TOI-519,16343,16299,16269,16269,0.4527932448142979,208.66167,pdcsap_flux
TOI-5205,18136,18136,17884,17884,1.389501543890603,504.26176,pdcsap_flux
TOI-521,16341,16341,16341,16341,0.0,1665.5217,pdcsap_flux
TOI-5210,18137,18137,18122,18122,0.0827038650272893,4311.286,pdcsap_flux
TOI-5218,19610,19610,19609,19609,0.0050994390617065,220.93369,pdcsap_flux
TOI-5232,18788,14751,14751,14751,21.487119437939107,2859.597,pdcsap_flux
TOI-5261,18028,13060,13060,13060,27.55713334812514,2098.119,pdcsap_flux
TOI-5292_A,17376,13544,13544,13544,22.053406998158376,173.49479000000002,pdcsap_flux
TOI-5293_A,17101,14085,14053,14053,17.823519092450734,455.52686,pdcsap_flux
TOI-530,14685,14685,14685,14685,0.0,611.9806,pdcsap_flux
TOI-5300,17101,13929,13799,13799,19.30881235015496,1740.0062,pdcsap_flux
TOI-5301,17303,14689,14689,14689,15.107206842744036,5420.8213,pdcsap_flux
TOI-5319,19463,18795,18795,18795,3.4321533165493467,2463.081,pdcsap_flux
TOI-5076,103764,88640,88634,88634,14.581164951235492,16070.4125,pdcsap_flux
TOI-5108,106851,86653,86648,86648,18.9076377385331,33355.928,pdcsap_flux
TOI-532,14681,14450,14450,14450,1.5734622982085722,1381.1993,pdcsap_flux
TOI-5350,3334,3089,3000,3000,10.017996400719852,5338.7195,pdcsap_flux
TOI-5322,17990,17990,17959,17959,0.1723179544191211,2560.7065,pdcsap_flux
TOI-5335,17262,15364,15364,15364,10.99524968138107,1634.1435,pdcsap_flux
TOI-5344,17191,15323,15307,15307,10.95922284916526,799.1073,pdcsap_flux
TOI-5340,17190,15281,15280,15280,11.111111111111116,3342.21415,pdcsap_flux
TOI-5349,17387,15417,15417,15417,11.330304250301948,484.65335,pdcsap_flux
TOI-5380,14143,12609,12609,12609,10.846355087322346,13837.467,pdcsap_flux
TOI-5386_A,18984,15814,15781,15781,16.872102823430257,4713.6763,pdcsap_flux
TOI-5388,18159,17270,17268,17268,4.9066578556087865,8914.719000000001,pdcsap_flux
TOI-540,15689,14566,14558,14558,7.208872458410354,3666.3054,pdcsap_flux
TOI-5398,17076,15507,15507,15507,9.18833450456782,24387.594,pdcsap_flux
TOI-5422,16724,15029,15029,15029,10.135135135135132,5287.528,pdcsap_flux
TOI-544,14683,14647,14646,14646,0.2519920997071434,22517.157,pdcsap_flux
TOI-5486,15842,9955,9955,9955,37.160712031309174,1944.8224,pdcsap_flux
TOI-5238,112767,74479,74478,74478,33.95408231131448,3579.16215,pdcsap_flux
TOI-5489,16343,16343,16343,16343,0.0,3148.8074,pdcsap_flux
TOI-5502,16230,14684,14684,14684,9.525569932224276,11760.6325,pdcsap_flux
TOI-5515,16274,15280,15280,15280,6.107902175248858,9966.157,pdcsap_flux
TOI-5532,15646,14773,14773,14773,5.579700882014571,3915.7727,pdcsap_flux
TOI-5542,16778,15752,15736,15736,6.210513768029557,3008.5911,pdcsap_flux
TOI-5573,16526,12487,12486,12486,24.446326999878977,572.0138,pdcsap_flux
TOI-558,17927,14826,14824,14824,17.309086852234056,6532.837,pdcsap_flux
TOI-5592,14246,12525,12524,12524,12.08760353783518,2253.5707,pdcsap_flux
TOI-5599,15793,11005,11005,11005,30.317229152156024,5161.83,pdcsap_flux
TOI-5595,14081,12873,12873,12873,8.578936155102623,2237.204,pdcsap_flux
TOI-559,17244,16579,16163,16163,6.268847135235445,9506.186,pdcsap_flux
TOI-561,13363,13035,13034,13034,2.46202200104767,25280.586,pdcsap_flux
TOI-5605,18755,18617,18617,18617,0.7358037856571631,6002.071,pdcsap_flux
TOI-5616,15838,11063,11062,11062,30.155322641747695,215.18969,pdcsap_flux
TOI-5614,18787,13323,13323,13323,29.083941023047856,994.9,pdcsap_flux
TOI-5630,18215,12775,12774,12774,29.87098545155093,11932.168,pdcsap_flux
TOI-564,13362,12907,12907,12907,3.4051788654393067,8509.217,pdcsap_flux
TOI-5624,18608,15448,15447,15447,16.98731728288908,15633.4375,pdcsap_flux
TOI-5678,15679,14651,14651,14651,6.556540595701255,8640.268,pdcsap_flux
TOI-5688_A,18787,16008,16008,16008,14.792143503486454,334.70923,pdcsap_flux
TOI-5704,18609,15924,15924,15924,14.428502337578584,8933.851999999999,pdcsap_flux
TOI-5713,16719,14585,14584,14584,12.769902506130748,1303.8510500000002,pdcsap_flux
TOI-5720,17960,15910,15910,15910,11.414253897550108,3457.4606,pdcsap_flux
TOI-5716,18422,17571,17570,17570,4.62490500488546,905.940005,pdcsap_flux
TOI-5726,17630,17630,17630,17630,0.0,34334.3925,pdcsap_flux
TOI-5728,18423,18423,18423,18423,0.0,1634.759,pdcsap_flux
TOI-5734,17406,16537,16537,16537,4.992531311042169,61356.746,pdcsap_flux
TOI-5777,17304,11891,11891,11891,31.281784558483583,2951.4272,pdcsap_flux
TOI-5736,16708,14600,14600,14600,12.616710557816614,2566.5105,pdcsap_flux
TOI-5788,17941,10743,10742,10742,40.12596845214871,23184.466,pdcsap_flux
TOI-5795,12798,10751,10751,10751,15.994686669792156,13691.957,pdcsap_flux
TOI-5800,12799,10752,10752,10752,15.99343698726463,57852.82,pdcsap_flux
TOI-5799,17899,17899,17899,17899,0.0,4826.3574,pdcsap_flux
TOI-5803,18751,13163,13162,13162,29.80641032478267,17431.98,pdcsap_flux
TOI-5817,18877,18877,18876,18876,0.0052974519256232,94292.62,pdcsap_flux
TOI-5882,19474,18702,18702,18702,3.9642600390263905,8801.4425,pdcsap_flux
TOI-5916,17956,16986,16985,16985,5.407663176654043,243.56116,pdcsap_flux
TOI-5926,18028,13661,13661,13661,24.223430219658304,2549.7393,pdcsap_flux
TOI-6002,18017,13792,13791,13791,23.455625242826216,1417.991,pdcsap_flux
TOI-6000,18421,18421,18419,18419,0.010857173877643,806.41754,pdcsap_flux
TOI-6008,17748,15076,15076,15076,15.05521748929457,1844.2348,pdcsap_flux
TOI-6016,17990,17990,17983,17983,0.0389105058365757,4556.176,pdcsap_flux
TOI-6038_A,15778,14399,14398,14398,8.74635568513119,30787.614,pdcsap_flux
TOI-6029,19475,18563,18563,18563,4.682926829268297,3279.3792,pdcsap_flux
TOI-6034,19600,19600,19597,19597,0.015306122448977,794.44543,pdcsap_flux
TOI-6041,15883,14694,14692,14692,7.498583391047031,34135.5415,pdcsap_flux
TOI-6086,17237,14003,14003,14003,18.761965539246972,1647.6566,pdcsap_flux
TOI-6109,15785,14354,14354,14354,9.065568577763706,11779.97,pdcsap_flux
TOI-6080,19610,19610,19609,19609,0.0050994390617065,9256.789,pdcsap_flux
TOI-5786,112694,88298,88225,88225,21.71277973982644,19576.953,pdcsap_flux
TOI-5789,108457,104216,104202,104202,3.923213808237369,369729.84,pdcsap_flux
TOI-620,13357,12993,12976,12976,2.8524369244590897,12598.689,pdcsap_flux
TOI-615,14146,13762,13339,13339,5.70479287431076,12486.263,pdcsap_flux
TOI-6130,17330,17330,16843,16843,2.810155799192149,9754.144,pdcsap_flux
TOI-622,13362,13177,12895,12895,3.494985780571769,61352.26,pdcsap_flux
TOI-5938,108941,76617,76615,76615,29.672942234787637,4470.3706,pdcsap_flux
TOI-6255,16718,13777,13776,13776,17.597798779758346,10095.767,pdcsap_flux
TOI-6223,16718,16517,16517,16517,1.2022969254695592,1280.2031,pdcsap_flux
TOI-6303,16548,12882,12834,12834,22.443799854967377,1068.3933,pdcsap_flux
TOI-6324,16719,14375,14375,14375,14.0199772713679,6004.7373,pdcsap_flux
TOI-6383_A,16809,12056,12056,12056,28.276518531738947,214.894005,pdcsap_flux
TOI-6330,16941,12400,12389,12389,26.869724337406296,466.04486,pdcsap_flux
TOI-640,17456,17456,17238,17238,1.2488542621448162,15570.023,pdcsap_flux
TOI-6420,19433,16794,16792,16792,13.590284567488297,1613.9857499999998,pdcsap_flux
TOI-6478,13334,12917,12877,12877,3.427328633568316,1009.13995,pdcsap_flux
TOI-6054,111193,95559,95545,95545,14.072828325524087,158277.23,pdcsap_flux
TOI-6628,1036,776,762,762,26.44787644787645,2379.9658,pdcsap_flux
TOI-654,16900,15627,15627,15627,7.532544378698224,1967.1481,pdcsap_flux
TOI-6564,19515,15822,15120,15120,22.52113758647194,22881.2295,pdcsap_flux
TOI-663,16897,14736,14735,14735,12.79517074036811,3066.03,pdcsap_flux
TOI-6677,16841,15151,15151,15151,10.035033549076656,10656.609,pdcsap_flux
TOI-6393,85699,74319,74319,74319,13.279034761199082,3100.903,pdcsap_flux
TOI-628,110184,88882,88659,88659,19.53550424744065,22382.75,pdcsap_flux
TOI-669,16897,15223,15223,15223,9.907084097768838,13913.588,pdcsap_flux
TOI-6692,19337,19337,19332,19332,0.0258571650204264,5902.6499,pdcsap_flux
TOI-6281,115624,112928,112927,112927,2.332560714038612,16478.096,pdcsap_flux
TOI-6707,17761,15395,15395,15395,13.321321997635271,1967.6173,pdcsap_flux
TOI-6699,19437,16374,16373,16373,15.763749549827644,11051.605,pdcsap_flux
TOI-6716,16340,16340,16292,16292,0.2937576499387972,2753.571,pdcsap_flux
TOI-6448,113051,91735,91735,91735,18.855206941999626,1869.943,pdcsap_flux
TOI-672,16934,15771,15767,15767,6.891460966103702,3242.7432,pdcsap_flux
TOI-6954,1127,1030,1030,1030,8.606921029281278,4304.816650000001,pdcsap_flux
TOI-674,16934,15492,15440,15440,8.822487303649462,2606.73185,pdcsap_flux
TOI-677,17126,16524,16392,16392,4.285881116431156,31024.416,pdcsap_flux
TOI-7008,1178,1152,1152,1152,2.2071307300509324,1119.15165,pdcsap_flux
TOI-6894,17802,14609,14584,14584,18.076620604426473,178.021455,pdcsap_flux
TOI-682,16899,16019,16015,16015,5.231078762056929,33079.16,pdcsap_flux
TOI-697,15691,14982,14981,14981,4.524886877828049,29678.357,pdcsap_flux
TOI-7009,16718,13382,13382,13382,19.95454001674841,1137.09985,pdcsap_flux
TOI-700,18279,18279,18279,18279,0.0,6572.4443,pdcsap_flux
TOI-7155,1083,890,890,890,17.820867959372112,2907.11975,pdcsap_flux
TOI-6651,100086,86683,86680,86680,13.394480746557957,23478.486,pdcsap_flux
TOI-7041,17568,13738,13737,13737,21.806693989071036,12536.953,pdcsap_flux
TOI-712,13540,12642,12642,12642,6.632200886262929,17556.048499999997,pdcsap_flux
TOI-707,18278,18278,18277,18277,0.0054710581026351,14849.013,pdcsap_flux
TOI-715,18279,18279,18278,18278,0.0054707587942459,595.2957799999999,pdcsap_flux
TOI-7166,17962,17191,17191,17191,4.2923950562298145,858.49255,pdcsap_flux
TOI-733,16936,15864,15858,15858,6.365139348134152,46708.947499999995,pdcsap_flux
TOI-7333,18422,18422,18422,18422,0.0,2317.7045,pdcsap_flux
TOI-7510,16857,15309,15294,15294,9.272112475529449,4579.53615,pdcsap_flux
TOI-7384,18696,15094,15094,15094,19.266153187847667,423.895125,pdcsap_flux
TOI-756,16889,14909,14909,14909,11.72360708153236,1380.9365,pdcsap_flux
TOI-757,16534,15104,15103,15103,8.654892947865001,38853.74,pdcsap_flux
TOI-762_A,16929,13789,13787,13787,18.559867682674703,510.74115,pdcsap_flux
TOI-763,16890,15416,15416,15416,8.727057430432206,25257.643,pdcsap_flux
TOI-6695,104493,96434,96429,96429,7.717263357354076,11462.824,pdcsap_flux
TOI-771,17680,15541,15541,15541,12.098416289592762,2252.7678,pdcsap_flux
TOI-776,16978,15207,15207,15207,10.431146189186002,19014.04,pdcsap_flux
TOI-778,16440,15061,14663,14663,10.80900243309002,55040.457,pdcsap_flux
TOI-782,16517,13364,13363,13363,19.09547738693468,1859.052,pdcsap_flux
TOI-808,13363,13088,13088,13088,2.0579211254957763,15194.2555,pdcsap_flux
TOI-799,17702,17115,17115,17115,3.3160094904530535,9177.378,pdcsap_flux
TOI-824,18186,11701,11701,11701,35.65929836137688,13636.712,pdcsap_flux
TOI-813,15692,14742,14741,14741,6.06041294927352,18485.531,pdcsap_flux
TOI-815,17277,15315,15314,15314,11.361926260346122,28331.287,pdcsap_flux
TOI-833,17107,16170,16169,16169,5.4831355585432835,12815.753,pdcsap_flux
TOI-836,15857,11701,11701,11701,26.20924512833449,57045.727,pdcsap_flux
TOI-837,17686,15671,15671,15671,11.393192355535453,17189.543,pdcsap_flux
TOI-871,15692,14445,14444,14444,7.953097119551367,20340.805,pdcsap_flux
TOI-858_B,17928,14827,14736,14736,17.8045515394913,8887.1905,pdcsap_flux
TOI-880,17458,17458,17386,17386,0.4124183755298438,31605.043,pdcsap_flux
TOI-883,17457,17403,17271,17271,1.0654751675545635,28593.49,pdcsap_flux
TOI-892,17458,17458,17410,17410,0.2749455836865588,6555.82485,pdcsap_flux
TOI-904,18872,11776,11775,11775,37.605977108944465,7008.3145,pdcsap_flux
TOI-905,18875,12829,12673,12673,32.858278145695365,9009.366,pdcsap_flux
TOI-907,18870,14348,14347,14347,23.96926338102808,16155.417,pdcsap_flux
TOI-908,18875,14348,14348,14348,23.984105960264905,8890.065,pdcsap_flux
TOI-912,18870,14347,14347,14347,23.96926338102808,9401.837,pdcsap_flux
TOI-913,18869,14346,14346,14346,23.970533679580264,22631.918,pdcsap_flux
TOI-929,18564,16876,16876,16876,9.09286791639733,4238.6465,pdcsap_flux
TOI-938,17960,17567,17567,17567,2.188195991091313,7238.915,pdcsap_flux
TOI-941,17914,17048,17048,17048,4.834207882103381,6564.0988,pdcsap_flux
TOI-954,17244,16302,16299,16299,5.480167014613779,19886.074,pdcsap_flux
TOI-942,17954,17493,17493,17493,2.5676729419627953,6387.887,pdcsap_flux
TYC_0434-04538-1,10903,6978,6978,6978,35.99926625699349,32543.0175,pdcsap_flux
TOI-969,17283,16708,16708,16708,3.326968697564081,9830.5685,pdcsap_flux
TYC_1422-614-1,16855,16494,16494,16494,2.1417976861465404,30744.293,pdcsap_flux
TYC_3318-01333-1,11671,11589,11589,11589,0.7025961785622536,51880.39,pdcsap_flux
TYC_2187-512-1,18881,18881,18881,18881,0.0,47008.773,pdcsap_flux
TYC_3667-1280-1,11673,11392,11379,11379,2.518632742225646,49433.69,pdcsap_flux
TYC_4282-00605-1,17990,17990,17990,17990,0.0,38304.172999999995,pdcsap_flux
TYC_8998-760-1,18117,11698,11698,11698,35.430810840646906,13703.159,pdcsap_flux
Teegardens_Star,16276,14526,14510,14510,10.850331776849352,7788.25985,pdcsap_flux
TrES-1,17941,11599,11231,11231,37.40036787247087,6314.271,pdcsap_flux
TrES-2,16941,16653,16370,16370,3.3705212207071567,7265.5535,pdcsap_flux
TOI-921,100731,93085,93084,93084,7.591506090478606,5168.377200000001,pdcsap_flux
TrES-3,17246,17246,16889,16889,2.070045227878925,3209.8218,pdcsap_flux
TrES-4,17246,17246,17147,17147,0.5740461556302923,5621.074,pdcsap_flux
TrES-5,18320,18320,18311,18311,0.0491266375545862,1182.237,pdcsap_flux
TRAPPIST-1,103014,80108,79889,79889,22.448405071155378,414.24054,pdcsap_flux
UCAC3_113-933,18299,18299,18299,18299,0.0,6811.579,pdcsap_flux
UKIRT-2017-BLG-001L,17672,15317,15314,15314,13.34314169307379,5.042226100000001,pdcsap_flux
UCAC4_328-061594,16939,15635,15620,15620,7.786764271798807,97.533062,pdcsap_flux
USco1556_A,14052,12246,12246,12246,12.85226302305722,947.11198,pdcsap_flux
USco1621_A,14062,12409,12409,12409,11.755084625231117,1181.41,pdcsap_flux
TWA_7,104143,92333,92099,92099,11.564867537904613,22861.83,pdcsap_flux
UZ_For,17228,16503,15884,15884,7.801253772927796,51.0314025,pdcsap_flux
VHS_J125601.92-125723.9,16518,14891,14868,14868,9.989102796948778,352.05622500000004,pdcsap_flux
TOI-849,207920,176395,176390,176390,15.164486340900352,3838.529,pdcsap_flux
WASP-10,19612,19612,19122,19122,2.4984703242912465,3914.84,pdcsap_flux
WASP-100,18278,15882,15312,15312,16.22715833242149,12124.993,pdcsap_flux
WASP-101,14681,14581,14268,14268,2.813159866494108,19568.075,pdcsap_flux
WASP-102,17329,17329,17315,17315,0.08078942812626,2352.2021,pdcsap_flux
WASP-104,16498,15903,15779,15779,4.358104012607589,5933.7935,pdcsap_flux
WASP-106,16902,15783,15779,15779,6.644184120222462,6699.1733,pdcsap_flux
WASP-105,18299,18299,17974,17974,1.7760533362478848,4903.46785,pdcsap_flux
WASP-108,18187,11701,11224,11224,38.285588607246936,8152.1772,pdcsap_flux
WASP-11,16956,13080,12816,12816,24.41613588110403,6853.99235,pdcsap_flux
V1298_Tau,99211,90020,90020,90020,9.26409369928738,25793.266,pdcsap_flux
WASP-110,16383,13045,12740,12740,22.23646462796801,2485.5305,pdcsap_flux
WASP-116,1025,906,875,875,14.634146341463415,2991.029,pdcsap_flux
V830_Tau,101884,89013,89013,89013,12.632994385772056,7845.288,pdcsap_flux
WASP-113,17529,15043,14965,14965,14.627189229277192,5497.135,pdcsap_flux
WASP-114,18712,11708,11708,11708,37.43052586575459,2525.53225,pdcsap_flux
V0391_Peg,117688,115259,115259,115259,2.063931751750392,201.34575,pdcsap_flux
WASP-1,107893,105523,105498,105498,2.2197918307953257,5770.8698,pdcsap_flux
WASP-118,16310,13054,12802,12802,21.50827713059472,9893.9645,pdcsap_flux
WASP-117,18299,18299,17993,17993,1.6722225258210877,22573.953,pdcsap_flux
WASP-119,18278,18278,17728,17728,3.009081956450377,3702.0443,pdcsap_flux
WASP-12,17392,16552,15073,15073,13.33371665133395,6048.256,pdcsap_flux
WASP-107,95618,53181,52406,52406,45.1923278043883,10936.7995,pdcsap_flux
WASP-120,15692,14845,14833,14833,5.474126943665558,9705.586,pdcsap_flux
WASP-121,16339,16339,14972,14972,8.366485097007159,15946.6765,pdcsap_flux
WASP-123,18442,17047,16435,16435,10.882767595705456,10850.368,pdcsap_flux
WASP-124,18277,17477,17368,17368,4.973463916397658,2254.807,pdcsap_flux
WASP-126,18278,18278,18007,18007,1.4826567458146367,9282.343,pdcsap_flux
WASP-127,16898,15783,15318,15318,9.350218960823764,22855.5235,pdcsap_flux
WASP-129,16978,14903,14785,14785,12.91671574979385,4701.5947,pdcsap_flux
WASP-130,18187,11701,11521,11521,36.6525540221037,10012.705,pdcsap_flux
WASP-131,16107,11699,11345,11345,29.56478549698889,26575.455,pdcsap_flux
WASP-13,18241,17348,16696,16696,8.469930376624092,16570.58,pdcsap_flux
WASP-132,15909,11701,11552,11552,27.38701364007794,5662.90365,pdcsap_flux
WASP-133,17339,15126,15124,15124,12.774669819482089,2145.8932999999997,pdcsap_flux
WASP-135,16942,16942,16932,16932,0.0590249085113958,1656.51525,pdcsap_flux
WASP-14,14142,10657,10213,10213,27.782491868194036,29885.451,pdcsap_flux
WASP-138,15646,14806,14772,14772,5.58609229195961,4952.8354500000005,pdcsap_flux
WASP-139,13541,13023,12959,12959,4.298057750535412,3380.6904,pdcsap_flux
WASP-140,15690,14723,14525,14525,7.425111536010198,11842.066,pdcsap_flux
WASP-142,13360,12956,12956,12956,3.02395209580838,1924.9708,pdcsap_flux
WASP-141,17660,17188,17183,17183,2.7010192525481314,2417.554,pdcsap_flux
WASP-145_A,16779,16494,16399,16399,2.2647356815066466,8106.705,pdcsap_flux
WASP-148,16418,10698,10696,10696,34.85199171640881,3817.6943,pdcsap_flux
WASP-15,15860,11005,10669,10669,32.73013871374527,10926.192,pdcsap_flux
WASP-149,17540,15582,14776,14776,15.758266818700118,7925.0568,pdcsap_flux
WASP-151,14510,9593,9586,9586,33.93521709166092,2223.49455,pdcsap_flux
WASP-150,18215,16043,16042,16042,11.929728245951145,3762.6135,pdcsap_flux
WASP-153,16940,16940,16939,16939,0.0059031877213677,2346.5225,pdcsap_flux
WASP-154,18532,16118,16053,16053,13.376861644722638,2159.5986,pdcsap_flux
WASP-155,17329,17329,17309,17309,0.1154134687518015,2502.991,pdcsap_flux
WASP-156,15677,14839,14826,14826,5.428334502774767,8289.9785,pdcsap_flux
WASP-158,17127,14023,14021,14021,18.13510830851871,3408.1926,pdcsap_flux
WASP-16,16110,11701,11500,11500,28.615766604593414,8977.746500000001,pdcsap_flux
WASP-136,101314,90125,90078,90078,11.09027380223858,26331.440499999997,pdcsap_flux
WASP-163,14742,12513,12110,12110,17.85375118708452,3694.6207,pdcsap_flux
WASP-144,103771,79183,79181,79181,23.696408437810177,1966.0817,pdcsap_flux
WASP-147,101286,84945,84936,84936,16.14240862508145,3283.5946000000004,pdcsap_flux
WASP-166,13361,13045,12889,12889,3.532669710351022,45213.938,pdcsap_flux
WASP-167,16529,15106,14891,14891,9.909855405650667,12037.767,pdcsap_flux
WASP-159,103658,97213,97210,97210,6.220455729417895,2887.6108999999997,pdcsap_flux
WASP-160_B,107908,101220,101218,101218,6.199725692256363,1802.3639,pdcsap_flux
WASP-162,102481,88997,88991,88991,13.163415657536516,3981.9927,pdcsap_flux
WASP-161,104116,98145,98139,98139,5.740712282454186,9626.697,pdcsap_flux
WASP-164,103797,69347,69344,69344,33.19267416206634,2569.61205,pdcsap_flux
WASP-17,18588,13936,13411,13411,27.851301915214123,6389.4014,pdcsap_flux
WASP-165,101501,85863,85857,85857,15.412656032945494,2469.682,pdcsap_flux
WASP-173_A,18300,18300,18300,18300,0.0,6906.565500000001,pdcsap_flux
WASP-175,17329,15482,15481,15481,10.66420451266663,1944.8649,pdcsap_flux
WASP-176,18793,13091,13089,13089,30.351726706752512,3937.0637,pdcsap_flux
WASP-177,14611,9399,9345,9345,36.04133871740469,4217.543,pdcsap_flux
WASP-178,18480,17554,16849,16849,8.825757575757576,18298.05,pdcsap_flux
WASP-18,18299,18299,16710,16710,8.683534619378108,47756.529,pdcsap_flux
WASP-168,107897,101247,101233,101233,6.176260693068391,4865.8057,pdcsap_flux
WASP-170,84540,79707,79700,79700,5.725100544121132,2673.4624,pdcsap_flux
WASP-181,16318,12996,12958,12958,20.59075867140581,1894.1512,pdcsap_flux
WASP-169,104537,98368,98366,98366,5.903173039210996,4191.3257,pdcsap_flux
WASP-171,104153,90066,90063,90063,13.52817489654643,2418.631,pdcsap_flux
WASP-185,14671,11060,11035,11035,24.783586667575484,10400.472,pdcsap_flux
WASP-184,17830,17305,17304,17304,2.950084127874364,2255.2361,pdcsap_flux
WASP-174,104061,90659,90657,90657,12.880906391443482,4847.4863,pdcsap_flux
WASP-186,15869,13015,12904,12904,18.684227109458696,12336.56,pdcsap_flux
WASP-189,10941,8136,7744,7744,29.22036376930811,444045.68999999994,pdcsap_flux
WASP-188,18556,16079,16078,16078,13.354171157577069,3425.69335,pdcsap_flux
WASP-19,16941,15846,15157,15157,10.53066524998524,3520.45,pdcsap_flux
WASP-193,18358,18284,18191,18191,0.9096851508878956,3722.1304,pdcsap_flux
WASP-180_A,103521,97093,97090,97090,6.212266110257825,9895.014,pdcsap_flux
WASP-183,83898,80043,80038,80038,4.600824811080118,1905.64775,pdcsap_flux
WASP-194,19610,19610,19604,19604,0.0305966343702168,3791.1019,pdcsap_flux
WASP-182,100566,97744,97735,97735,2.815066722351489,4423.126,pdcsap_flux
WASP-2,12881,8847,8598,8598,33.25052402763761,6519.35475,pdcsap_flux
WASP-195,17189,12363,12363,12363,28.076095177148176,4406.381,pdcsap_flux
WASP-197,17016,15409,15405,15405,9.467559943582517,7537.198,pdcsap_flux
WASP-20,18299,18299,17859,17859,2.4045029783048233,12928.64,pdcsap_flux
WASP-23,14683,14537,14146,14146,3.6572907443982783,3258.8895,pdcsap_flux
WASP-22,15690,14738,14451,14451,7.896749521988533,5499.8115,pdcsap_flux
WASP-24,10787,7049,6915,6915,35.89505886715491,6519.717,pdcsap_flux
WASP-187,107616,104215,104206,104206,3.1686738031519446,21040.938,pdcsap_flux
WASP-28,14917,11098,10811,10811,27.525641885097546,3679.0637,pdcsap_flux
WASP-190,107990,86612,86611,86611,19.7972034447634,4926.253,pdcsap_flux
WASP-25,16538,14806,14387,14387,13.006409481194826,5464.286,pdcsap_flux
WASP-32,15476,10987,10753,10753,30.518221762729393,6272.07,pdcsap_flux
WASP-31,16904,15738,15451,15451,8.595598674869853,4337.9526,pdcsap_flux
WASP-29,18298,18298,17905,17905,2.147775713192701,12642.942,pdcsap_flux
WASP-3,16940,16940,16038,16038,5.3246753246753205,14684.491,pdcsap_flux
WASP-192,110724,106548,106532,106532,3.785990390520577,2419.4918500000003,pdcsap_flux
WASP-36,13361,12880,12664,12664,5.216675398548009,2312.4847,pdcsap_flux
WASP-33,15955,14829,13600,13600,14.760263240363525,115837.75,pdcsap_flux
WASP-37,10832,8134,8107,8107,25.156942392909897,2390.857,pdcsap_flux
WASP-34,16903,16023,15758,15758,6.773945453469798,20309.099,pdcsap_flux
WASP-35,17542,17217,16554,16554,5.632197012883367,10936.179,pdcsap_flux
WASP-39,10775,8033,7830,7830,27.33178654292343,4628.4928500000005,pdcsap_flux
WASP-42,16889,14928,14664,14664,13.174255432530046,4592.38315,pdcsap_flux
WASP-41,16537,14775,14402,14402,12.910443248473126,7936.3433,pdcsap_flux
WASP-4,18299,18299,17365,17365,5.104104049401603,3019.4873,pdcsap_flux
WASP-43,16884,15274,14568,14568,13.717128642501777,6003.5907,pdcsap_flux
WASP-44,13540,12968,12957,12957,4.305760709010342,1824.2938,pdcsap_flux
WASP-45,18298,18298,18217,18217,0.4426713302000173,4037.1821,pdcsap_flux
WASP-46,18276,18276,18124,18124,0.8316918362880288,1739.0943499999998,pdcsap_flux
WASP-48,17525,15125,15031,15031,14.231098430813129,5318.2705,pdcsap_flux
WASP-49,14682,14604,14302,14302,2.5882032420651124,7765.536,pdcsap_flux
WASP-21,117513,99505,99475,99475,15.349791086943576,6850.643,pdcsap_flux
WASP-26,101351,84267,84250,84250,16.873045159889887,9585.0215,pdcsap_flux
WASP-50,15574,14658,14285,14285,8.276614870938747,6251.818,pdcsap_flux
WASP-5,18299,18299,17825,17825,2.590305481173838,3839.727,pdcsap_flux
WASP-53,13539,12911,12654,12654,6.536671836915575,3191.7156,pdcsap_flux
WASP-54,15394,13256,12732,12732,17.29245160452124,18332.479,pdcsap_flux
WASP-55,16442,15007,14668,14668,10.789441673762312,4841.988649999999,pdcsap_flux
WASP-57,10942,7084,7078,7078,35.31347102906233,2008.8841,pdcsap_flux
WASP-56,17882,16000,15846,15846,11.385751034559888,3974.7432,pdcsap_flux
WASP-58,17246,17246,16875,16875,2.151223472109476,5095.18,pdcsap_flux
WASP-59,19608,16069,15903,15903,18.8953488372093,3901.3645,pdcsap_flux
WASP-6,18300,18300,17867,17867,2.366120218579238,4341.399,pdcsap_flux
WASP-60,17991,17991,17979,17979,0.0667000166750031,3822.0295,pdcsap_flux
WASP-47,90231,56820,56817,56817,37.031618844964584,5017.2456,pdcsap_flux
WASP-61,17587,17043,17014,17014,3.25808836072099,3334.03015,pdcsap_flux
WASP-62,18278,18278,17709,17709,3.113032060400478,21130.756,pdcsap_flux
WASP-63,14682,14596,14282,14282,2.7244244653316985,10900.8015,pdcsap_flux
WASP-64,14682,14610,14602,14602,0.5448848930663441,2560.2505,pdcsap_flux
WASP-66,16933,15785,15761,15761,6.921396090474219,5102.0664,pdcsap_flux
WASP-68,18028,15461,15199,15199,15.692256489904588,16620.281,pdcsap_flux
WASP-70_A,18589,15676,15235,15235,18.042928613696276,9364.203,pdcsap_flux
WASP-71,15678,14810,14762,14762,5.8425819619849495,14002.222,pdcsap_flux
WASP-72,13539,12885,12879,12879,4.874806115665853,10682.88,pdcsap_flux
WASP-52,103938,102719,101244,101244,2.5919298043064143,4577.27075,pdcsap_flux
WASP-73,18277,18277,18234,18234,0.2352683700826197,18090.12,pdcsap_flux
WASP-75,15019,9434,9332,9332,37.86537053066116,6824.30125,pdcsap_flux
WASP-76,17455,16085,14785,14785,15.296476654253798,40315.926,pdcsap_flux
WASP-77_A,15572,14818,13983,13983,10.204212689442594,24333.191,pdcsap_flux
WASP-78,17622,16983,16980,16980,3.643173306094649,2993.9578,pdcsap_flux
WASP-65,104011,98206,98161,98161,5.624405110997877,4979.088,pdcsap_flux
WASP-79,15691,14540,14063,14063,10.37537441845644,21663.525,pdcsap_flux
WASP-67,110443,92471,92465,92465,16.278080095614932,4517.4155,pdcsap_flux
WASP-69,109451,98781,96590,96590,11.750463677810163,45760.41,pdcsap_flux
WASP-81,13219,8929,8921,8921,32.51380588546788,2939.631,pdcsap_flux
WASP-7,100198,95625,95228,95228,4.960178845885144,38906.855,pdcsap_flux
WASP-8,18298,18298,17987,17987,1.69963930484206,35327.758,pdcsap_flux
WASP-82,17544,17228,15997,15997,8.817829457364345,25520.717,pdcsap_flux
WASP-83,16518,14792,14690,14690,11.066715098680223,4209.862,pdcsap_flux
WASP-85_A,16506,16232,15623,15623,5.349569853386649,13608.014,pdcsap_flux
WASP-87,16798,15046,14739,14739,12.25741159661865,11625.655,pdcsap_flux
WASP-74,106430,86612,85357,85357,19.7998684581415,36038.582,pdcsap_flux
WASP-89,18470,16128,16119,16119,12.72874932322685,1870.9746,pdcsap_flux
WASP-90,18793,13103,13102,13102,30.28255201404778,6121.036099999999,pdcsap_flux
WASP-91,18276,18276,17744,17744,2.910921427008095,6365.826,pdcsap_flux
WASP-92,17526,15061,15055,15055,14.099052835786829,1892.7048,pdcsap_flux
WASP-93,16085,12507,12378,12378,23.046316443891826,8738.0205,pdcsap_flux
WASP-94_A,18266,18181,17425,17425,4.60418263440272,23143.797,pdcsap_flux
WASP-80,79071,59193,57445,57445,27.350103071922703,10998.557,pdcsap_flux
WASP-94_B,18266,18181,17425,17425,4.60418263440272,23143.797,pdcsap_flux
WASP-95,18276,18276,17406,17406,4.760341431385429,25341.0285,pdcsap_flux
WASP-96,18299,18299,18169,18169,0.7104213344991561,2762.0535,pdcsap_flux
WASP-98,15689,14563,14369,14369,8.413538147746824,1713.3594,pdcsap_flux
WASP-99,13540,13176,12607,12607,6.890694239290984,44165.797,pdcsap_flux
WASP-97,18298,18298,17486,17486,4.437643458301455,16822.914,pdcsap_flux
WISPIT_1,1084,1084,1084,1084,0.0,2642.75585,pdcsap_flux
WD_0806-661,18278,18278,18278,18278,0.0,524.462,pdcsap_flux
WISPIT_2,12663,9440,9440,9440,25.452104556582167,11397.2355,pdcsap_flux
WD_1856534,18424,14290,14285,14285,22.465262700825008,16.271025,pdcsap_flux
WTS-2,19611,19611,19611,19611,0.0,60.020214,pdcsap_flux
WTS-1,19610,19610,19609,19609,0.0050994390617065,47.217316,pdcsap_flux
Wendelstein-1,18322,18322,18322,18322,0.0,276.58121500000004,pdcsap_flux
Wendelstein-2,18322,18322,18322,18322,0.0,66.145703,pdcsap_flux
WASP-84,103988,97344,97327,97327,6.405546793860828,15633.75,pdcsap_flux
WASP-88,100618,96094,96072,96072,4.518078276252757,5776.6665,pdcsap_flux
Wolf_1069,17748,16463,16463,16463,7.240252422808203,6055.6646,pdcsap_flux
Wolf_327,18161,17326,17325,17325,4.60327074500303,7741.3135,pdcsap_flux
Wolf_503,14682,11380,11380,11380,22.49012396131317,31584.856,pdcsap_flux
XO-1,18211,15726,15228,15228,16.380209763329855,9714.094,pdcsap_flux
XO-2_N,17432,16549,16351,16351,6.201239100504818,9857.368,pdcsap_flux
XO-2_S,17432,16549,16547,16547,5.076870123910049,11601.582,pdcsap_flux
XO-3,17055,16787,16363,16363,4.057461155086484,27161.46,pdcsap_flux
XO-4,17632,17632,17004,17004,3.5617059891107083,13532.061,pdcsap_flux
XO-5,17991,16570,16455,16455,8.537602134400535,4275.546,pdcsap_flux
YZ_Cet,13521,12838,12675,12675,6.25693365875305,33346.21,pdcsap_flux
XO-6,17046,16697,16267,16267,4.569987093746331,17968.955,pdcsap_flux
XO-7,17242,17242,16684,16684,3.236283493794223,15391.3905,pdcsap_flux
b_Cen_A,15885,11688,11688,11688,26.421152030217183,3703699.9,pdcsap_flux
ZTF_J1230-2655,18173,15269,15269,15269,15.979750178836738,4.158606,pdcsap_flux
bet_Cnc,16278,16278,16278,16278,0.0,21410878.0,pdcsap_flux
bet_Pic,15691,14692,14682,14682,6.43043783060353,5370633.25,pdcsap_flux
eps_Eri,15584,14670,14670,14670,5.864989733059545,11167562.5,pdcsap_flux
eps_CrB,18155,16164,16164,16164,10.96667584687414,9474905.0,pdcsap_flux
eps_Tau,16629,15684,15684,15684,5.68284322569006,13608500.5,pdcsap_flux
eps_Ind_A,18206,18206,18176,18176,0.1647808414808271,4807425.5,pdcsap_flux
Wolf_1061,84818,75149,75140,75140,11.410313848475562,139135.775,pdcsap_flux
gam_Psc,14423,11269,11269,11269,21.867849961866455,11288873.0,pdcsap_flux
gam_Cep,16413,15112,15109,15109,7.944921708401875,19466430.0,pdcsap_flux
iot_Dra,17731,14978,14978,14978,15.526479047995034,19287914.0,pdcsap_flux
kap_CrB,18139,15639,15638,15638,13.787970670930038,4387360.5,pdcsap_flux
mu2_Sco,17826,14188,14174,14174,20.4869292045327,5223074.5,pdcsap_flux
mu_Leo,18168,17339,17339,17339,4.562967855570232,11313385.0,pdcsap_flux
nu_Oct_A,19408,17195,17195,17195,11.4025144270404,11374424.0,pdcsap_flux
nu_Oph,17140,12804,12797,12797,25.338389731621938,16352189.0,pdcsap_flux
ome_Ser,10940,6823,6823,6823,37.63254113345521,3042335.2,pdcsap_flux
omi_CrB,18197,18197,18197,18197,0.0,2299676.5,pdcsap_flux
omi_UMa,17566,17566,17566,17566,0.0,14260581.0,pdcsap_flux
rho_CrB,18170,15670,15659,15659,13.819482663731431,1950616.5,pdcsap_flux
psi1_Dra_B,18410,18410,18410,18410,0.0,1171867.5499999998,pdcsap_flux
tau_Boo,15686,13219,13219,13219,15.72740022950402,4034273.8,pdcsap_flux
tau_Cet,13528,12906,12892,12892,4.701360141927857,12292008.0,pdcsap_flux
xi_Aql,13225,9466,9466,9466,28.4234404536862,4906301.75,pdcsap_flux
ups_And,15333,12772,12772,12772,16.702537011674167,6012186.5,pdcsap_flux
tau_Gem,17359,16523,16523,16523,4.815945618987271,7392718.0,pdcsap_flux
ups_Leo,16527,16194,16194,16194,2.0148847340715204,6690653.0,pdcsap_flux
gam_Lib,84555,72459,72459,72459,14.30548163916977,9953090.0,pdcsap_flux
kap_And,107893,104201,104185,104185,3.4367382499328025,3410885.8,pdcsap_flux
2MASS_J16262785-2625152,14061,12352,12349,12349,12.175520944456297,1257.3615,pdcsap_flux
17_Sco,14110,12720,12720,12720,9.851169383416014,3954871.15,pdcsap_flux
11_Com,15467,13502,13502,13502,12.70446757612983,4744671.75,pdcsap_flux
2MASS_J12073346-3932539,16921,14795,14795,14795,12.564269251226289,79.78064,pdcsap_flux
18_Del,18789,13386,13386,13386,28.75618713076801,2104404.35,pdcsap_flux
16_Cyg_B,18397,18397,18345,18345,0.28265478067076577,879749.44,pdcsap_flux
4_UMa,17610,17610,17610,17610,0.0,5922813.0,pdcsap_flux
91_Aqr,15017,9432,9432,9432,37.19118332556436,7692871.25,pdcsap_flux
BD-210397,13541,13023,13023,13023,3.8254190975555713,65519.65,pdcsap_flux
75_Cet,15670,14843,14843,14843,5.277600510529679,2551068.2,pdcsap_flux
70_Vir,15686,13219,13218,13218,15.733775341068467,3130000.2,pdcsap_flux
BEBOP-4_A,15753,12955,12942,12942,17.844220148543133,40172.863,pdcsap_flux
CD_Cet,15640,14784,14782,14782,5.485933503836316,7857.22135,pdcsap_flux
CoRoT-11,16050,11952,11952,11952,25.532710280373827,1492.43445,pdcsap_flux
CoRoT-14,14685,14619,14619,14619,0.44943820224718767,130.76538,pdcsap_flux
CoRoT-16,17222,12217,12217,12217,29.06166531181047,163.2799,pdcsap_flux
CoRoT-28,16050,11924,11924,11924,25.707165109034268,1218.4222,pdcsap_flux
CoRoT-29,16050,11991,11991,11991,25.289719626168228,180.4175,pdcsap_flux
CoRoT-17,17222,12320,12320,12320,28.463593078620363,146.321325,pdcsap_flux
CoRoT-8,13448,9400,9400,9400,30.101130279595477,546.494355,pdcsap_flux
CoRoT-9,16050,11954,11921,11921,25.725856697819317,1101.6567,pdcsap_flux
DMPP-1,14678,14606,14604,14604,0.5041558795476186,162119.055,pdcsap_flux
EPIC_206032309,14984,9519,9519,9519,36.472237052856386,189.4689,pdcsap_flux
DP_Leo,17877,15965,15965,15965,10.695306818817475,3.0640378,pdcsap_flux
EPIC_206042996,14986,9749,9749,9749,34.945949552916055,143.35358,pdcsap_flux
EPIC_201170410,16540,16203,16202,16202,2.0435308343409897,138.008325,pdcsap_flux
DMPP-4,18401,18401,18397,18397,0.02173794902451398,1268682.1,pdcsap_flux
EPIC_206317286,14568,9651,9649,9649,33.76578802855575,982.37415,pdcsap_flux
GJ_2126,1176,937,937,937,20.323129251700678,28299.828,pdcsap_flux
EPIC_220492298,16269,12953,12953,12953,20.382322207880023,799.2879,pdcsap_flux
GJ_1148,18606,15988,15986,15986,14.08147909276577,26498.959499999997,pdcsap_flux
GJ_317,13357,12977,12977,12977,2.8449502133712667,22386.232,pdcsap_flux
GJ_328,13361,12961,12956,12956,3.031210238754589,68171.2,pdcsap_flux
GJ_3942,17516,15070,15070,15070,13.964375428179954,64064.988,pdcsap_flux
GJ_504,15397,13408,13408,13408,12.918100928752352,2292126.5,pdcsap_flux
GJ_463,18420,16117,16112,16112,12.52985884907709,25599.2805,pdcsap_flux
GJ_9066,17407,15377,15257,15257,12.35135290400413,26934.324,pdcsap_flux
GJ_9689,17898,17646,17645,17645,1.4135657615376052,22485.762,pdcsap_flux
G_264-012,16719,14511,14510,14510,13.21251271009032,9278.86,pdcsap_flux
GJ_9714,18239,18154,18154,18154,0.46603432205712947,94161.94750000001,pdcsap_flux
GJ_1002,95709,65658,65657,65657,31.39934593402919,10937.146,pdcsap_flux
EPIC_220674823,96495,72812,72811,72811,24.544276905539142,4252.1616,pdcsap_flux
Gaia-1,17770,14094,14084,14084,20.742824985931342,1738.84775,pdcsap_flux
Gaia-2,18807,15981,15594,15594,17.084064444089964,8169.5,pdcsap_flux
Gl_49,16385,15108,15108,15108,7.793713762587728,137714.615,pdcsap_flux
Gl_378,18755,18659,18644,18644,0.5918421754198877,72791.705,pdcsap_flux
EPIC_246851721,107585,100988,100965,100965,6.153274155319055,7661.9585,pdcsap_flux
HAT-P-41,13239,9113,8604,8604,35.01019714479946,9605.813750000001,pdcsap_flux
HAT-P-42,13363,12899,12895,12895,3.502207588116446,3882.022,pdcsap_flux
GJ_900_A,94331,68005,67985,67985,27.929312739184365,85194.33,pdcsap_flux
HAT-P-43,16343,16343,16340,16340,0.018356482897874393,1325.24495,pdcsap_flux
HAT-P-54,16943,15781,15683,15683,7.43669952192646,2086.0732,pdcsap_flux
HAT-P-55,17240,13926,13921,13921,19.251740139211137,1304.1254,pdcsap_flux
HAT-P-56,16943,15973,15837,15837,6.527769580357667,9241.38,pdcsap_flux
HAT-P-68,16151,15207,15020,15020,7.0026623738468246,1229.5774999999999,pdcsap_flux
HAT-P-9,17433,16555,16488,16488,5.420753742901397,3083.6969,pdcsap_flux
HATS-48_A,19439,17223,17223,17223,11.399763362312875,890.12573,pdcsap_flux
HATS-49,17569,14230,14230,14230,19.005065740793448,503.82234,pdcsap_flux
DMPP-2,206828,183129,183114,183114,11.465565590732396,89117.445,pdcsap_flux
HAT-P-40,117652,99590,99590,99590,15.352055213681027,6353.5947,pdcsap_flux
HAT-P-57,103728,68299,67993,67993,34.450678698133586,14462.56,pdcsap_flux
HATS-62,18035,15484,15472,15472,14.211255891322427,775.355965,pdcsap_flux
HATS-75,15688,14601,14601,14601,6.928862825089244,448.69376,pdcsap_flux
HAT-P-69,103694,96557,96246,96246,7.182672092888687,23486.118499999997,pdcsap_flux
HATS-76,17597,17160,17160,17160,2.483377848496904,172.82479999999998,pdcsap_flux
HATS-77,16938,15272,15272,15272,9.83587200377849,172.86238,pdcsap_flux
HD_100777,16913,16030,16025,16025,5.2503991012830316,28980.104,pdcsap_flux
HAT-P-8,117602,113658,112662,112662,4.2006088331831055,19517.649,pdcsap_flux
HD_102956,18746,18641,18631,18631,0.6134642056972117,240175.4,pdcsap_flux
HATS-60,101318,87078,87078,87078,14.054758285793245,2538.4521999999997,pdcsap_flux
HD_105618,17489,16967,16961,16961,3.019040539767859,98744.016,pdcsap_flux
HD_105779,16516,14887,14883,14883,9.887381932671346,96113.95,pdcsap_flux
HD_106270,16499,14883,14876,14876,9.836959815746404,271974.78,pdcsap_flux
HD_109988,16530,15100,15091,15091,8.705384150030248,91492.0,pdcsap_flux
HD_110014,17492,16442,16442,16442,6.002744111593872,5562702.75,pdcsap_flux
HD_114729,16526,15103,15100,15100,8.62882730243253,587410.0800000001,pdcsap_flux
HATS-61,103651,94886,94886,94886,8.456261878804838,1568.76025,pdcsap_flux
HD_117618,18184,11700,11694,11694,35.69071711394633,354007.75,pdcsap_flux
HD_11977,18266,18266,18266,18266,0.0,4628022.0,pdcsap_flux
HD_12661,15061,12711,12707,12707,15.629772259478125,307828.62,pdcsap_flux
HD_134606,18873,14346,14338,14338,24.029036189265085,511450.86,pdcsap_flux
HD_12648,19599,19599,19599,19599,0.0,548681.56,pdcsap_flux
HD_137496,14054,12455,12455,12455,11.377543759783693,31351.842,pdcsap_flux
HD_135694,18419,16216,16216,16216,11.960475595852104,66132.97200000001,pdcsap_flux
HATS-63,103656,96153,96153,96153,7.238365362352395,782.7062,pdcsap_flux
HD_15906,15570,14816,14816,14816,4.842646114322413,46628.273,pdcsap_flux
HD_155358,17236,14084,14075,14075,18.339521930842416,335727.38,pdcsap_flux
HD_16175,15899,14776,14774,14774,7.075916724322284,404789.905,pdcsap_flux
HD_160691,19319,18338,18337,18337,5.083078834308196,2559284.0,pdcsap_flux
HD_164595,19599,19599,19593,19593,0.030613806826873535,416860.03,pdcsap_flux
HD_1666,16885,14077,14074,14074,16.64791234823808,134656.95,pdcsap_flux
HD_190007,13234,9479,9479,9479,28.373885446576995,458947.0,pdcsap_flux
HD_167677,17245,12934,12934,12934,24.998550304436073,80161.705,pdcsap_flux
HD_190228,17487,14200,14192,14192,18.84256876536856,377569.38,pdcsap_flux
HD_191939,17745,13319,13318,13318,24.947872640180336,76786.19750000001,pdcsap_flux
HD_190984,19432,17218,17188,17188,11.547962124331,83947.44,pdcsap_flux
HD_196067,19419,17212,17201,17201,11.421803388434004,696939.0,pdcsap_flux
HD_20003,18276,18276,18276,18276,0.0,133522.95,pdcsap_flux
HD_202696,18879,18879,18878,18878,0.005296890725148273,177378.05,pdcsap_flux
HD_207897,16426,14846,14840,14840,9.65542432728601,150934.78999999998,pdcsap_flux
HD_211403,19025,19025,19025,19025,0.0,100972.25,pdcsap_flux
HD_216435,18271,18271,18271,18271,0.0,1030045.1,pdcsap_flux
HD_216437,18268,18268,18267,18267,0.005474052988829747,1082195.1,pdcsap_flux
HD_145377,84466,75184,75184,75184,10.989037008974023,153111.22,pdcsap_flux
HD_217107,14507,9641,9639,9639,33.5562142414007,1002622.5,pdcsap_flux
HD_21693,18296,18296,18296,18296,0.0,198527.62,pdcsap_flux
HD_219077,17280,13842,13840,13840,19.90740740740741,1083646.55,pdcsap_flux
HD_222155,16218,13129,13122,13122,19.08990011098779,402482.03,pdcsap_flux
HD_219666,18273,18273,18271,18271,0.01094511027198708,34529.137,pdcsap_flux
HD_222237,18274,18274,18272,18272,0.010944511327570794,581909.56,pdcsap_flux
HD_22946,13541,13532,13532,13532,0.06646481057529519,128490.77,pdcsap_flux
HD_224693,18295,18295,18292,18292,0.016397922929767272,138614.52,pdcsap_flux
HD_23079,13540,12973,12971,12971,4.202363367799111,386606.53,pdcsap_flux
HD_23127,18299,18299,18299,18299,0.0,104097.64,pdcsap_flux
HD_238090,17747,17747,17747,17747,0.0,86360.586,pdcsap_flux
HD_27631,15690,14981,14979,14979,4.531548757170167,142743.42,pdcsap_flux
HD_24064,17042,16736,16736,16736,1.795563900950592,1135529.35,pdcsap_flux
HD_171238,106066,89237,89199,89199,15.902362679840854,109161.39,pdcsap_flux
HD_30562,17541,17279,17279,17279,1.4936434638846086,1355497.1,pdcsap_flux
HD_307842,17691,15676,15675,15675,11.3956248940139,49798.89,pdcsap_flux
HD_31253,17566,17365,17361,17361,1.1670272116588887,372380.56,pdcsap_flux
HD_332231,18098,13808,13806,13806,23.715327660514973,99070.336,pdcsap_flux
HD_33283,17600,17145,17141,17141,2.6079545454545494,162172.95,pdcsap_flux
HD_360,16889,14774,14751,14751,12.659127242583935,1410282.8,pdcsap_flux
HD_48948,17619,17619,17616,17616,0.017027073046138597,174482.84,pdcsap_flux
HD_80869,1225,1146,1146,1146,6.448979591836734,113010.732,pdcsap_flux
HD_6718,13541,12994,12994,12994,4.039583487187059,117957.435,pdcsap_flux
HD_564,18296,18296,18296,18296,0.0,124899.3,pdcsap_flux
HD_69830,16341,16341,16336,16336,0.030597882626526296,1245231.6,pdcsap_flux
HD_77946,18213,17329,17319,17319,4.9085817822434485,65915.92,pdcsap_flux
HD_80883,17310,15917,15910,15910,8.08781051415367,122196.52799999999,pdcsap_flux
HD_82886,17483,15491,15488,15488,11.411085054052506,297151.16000000003,pdcsap_flux
HD_81817,18344,18344,18344,18344,0.0,9646618.0,pdcsap_flux
HD_8326,13540,13006,13000,13000,3.9881831610044327,111822.485,pdcsap_flux
HD_86950,13360,13054,13053,13053,2.297904191616762,372728.78,pdcsap_flux
HD_8535,18295,18295,18295,18295,0.0,215061.84,pdcsap_flux
HD_87646,16850,16503,16501,16501,2.0712166172106805,163204.33,pdcsap_flux
HD_93385,16929,15857,15847,15847,6.391399373855511,270434.8,pdcsap_flux
HD_88986,18287,17345,17338,17338,5.189478864767317,725804.06,pdcsap_flux
HD_94771,16928,16082,16073,16073,5.050803402646498,326096.94,pdcsap_flux
HD_94834,17819,15981,15979,15979,10.326056456591282,336923.47,pdcsap_flux
HD_285507,99314,88670,88670,88670,10.717522202307828,29552.953,pdcsap_flux
HD_96167,16896,15777,15769,15769,6.670217803030298,163557.81,pdcsap_flux
HD_95086,17689,15674,15674,15674,11.391260105150092,227654.805,pdcsap_flux
HD_99109,16537,16204,16199,16199,2.043901554090821,73065.26,pdcsap_flux
HD_99283,18422,17088,17088,17088,7.241341873846485,1824404.35,pdcsap_flux
HD_49674,84323,74712,74700,74700,11.41207025366745,169237.3,pdcsap_flux
HD_99492,16525,16198,16164,16164,2.1845688350983328,323213.86,pdcsap_flux
HIP_105854,18232,18165,18165,18165,0.36748573935936335,2279019.8,pdcsap_flux
HIP_12961,15685,14821,14820,14820,5.514823079375198,49721.189,pdcsap_flux
HIP_67537,15855,11696,11696,11696,26.23147272153895,947125.25,pdcsap_flux
HIP_38594,16341,16341,16338,16338,0.018358729575917998,80001.32500000001,pdcsap_flux
HIP_67522,15857,11698,11698,11698,26.22816421769566,36586.438,pdcsap_flux
HIP_54515,16899,15780,15776,15776,6.645363630984081,353642.7,pdcsap_flux
HIP_48714,18734,18278,18278,18278,2.4340770791075106,183837.64,pdcsap_flux
HIP_77900,18419,18249,18249,18249,0.9229599869699734,552125.9,pdcsap_flux
HIP_90988,11140,8863,8862,8862,20.448833034111313,289674.22,pdcsap_flux
K2-104,16274,15276,15276,15276,6.132481258449063,316.22,pdcsap_flux
K2-105,16279,15203,15203,15203,6.609742613182624,5260.0947,pdcsap_flux
K2-111,17343,15254,15254,15254,12.045205558438566,10567.175,pdcsap_flux
K2-113,16270,13014,13013,13013,20.018438844499077,1053.6516,pdcsap_flux
K2-13,16531,16203,16203,16203,1.9841509890508702,1998.9661,pdcsap_flux
K2-139,18164,15173,15173,15173,16.46663730455846,6203.2144,pdcsap_flux
K2-14,17491,16972,16972,16972,2.967240295008866,219.60396,pdcsap_flux
K2-15,17491,16972,16971,16971,2.9729575210108106,478.53815,pdcsap_flux
K2-16,16507,16233,16233,16233,1.6599018598170479,556.10834,pdcsap_flux
K2-17,17494,16940,16940,16940,3.166800045729967,2211.9712,pdcsap_flux
K2-110,88520,68219,68217,68217,22.936059647537277,6013.0625,pdcsap_flux
K2-138,90571,52444,52443,52443,42.0973600821455,4117.683,pdcsap_flux
TIC_154870955,1122,1069,1069,1069,4.723707664884136,1565.5266,pdcsap_flux
TIC_290487717,842,791,790,790,6.175771971496435,1410.6166,pdcsap_flux
TIC_445839811,1178,980,980,980,16.8081494057725,3314.4477500000003,pdcsap_flux
TIC_67686059,880,836,836,836,5.000000000000004,2111.0666499999998,pdcsap_flux
TIC_77552382,842,813,811,811,3.6817102137767233,1030.6351,pdcsap_flux
TIC_241249530,14047,12914,12914,12914,8.06577916992952,5835.503199999999,pdcsap_flux
TIC_393818343,18797,13387,13275,13275,29.377028249188697,41212.777,pdcsap_flux
TIC_245076932,18310,16668,16643,16643,9.104314582195517,4940.6797,pdcsap_flux
TIC_52059926,19109,15257,15257,15257,20.158040713799785,1372.7871,pdcsap_flux
TOI-1075,19438,13679,13679,13679,29.62753369688239,5462.6865,pdcsap_flux
TOI-1064,19262,16591,16590,16590,13.871872079742499,15792.437249999999,pdcsap_flux
TOI-1273,17748,14936,14923,14923,15.917286454811808,10637.522,pdcsap_flux
TOI-1272,17742,15248,15247,15247,14.062676135723141,6361.2866,pdcsap_flux
TOI-1266,18422,16812,16810,16810,8.750407121919446,5779.49,pdcsap_flux
TOI-1298,17534,14807,14807,14807,15.552640584008214,6573.0967,pdcsap_flux
TOI-1448,17748,17615,17615,17615,0.7493802118548554,699.20496,pdcsap_flux
TOI-1516,17990,17990,17077,17077,5.075041689827686,11578.437,pdcsap_flux
TOI-159,19439,17223,16565,16565,14.784711147692786,10352.967,pdcsap_flux
TOI-1716,17627,17627,17624,17624,0.017019345322522028,46673.5415,pdcsap_flux
TOI-1853,13565,10751,10751,10751,20.744563214154077,4674.48,pdcsap_flux
TOI-1846,16641,13504,13504,13504,18.851030587104145,2667.96915,pdcsap_flux
TOI-1728,17632,17632,17626,17626,0.03402903811252633,7301.6914,pdcsap_flux
TOI-198,18297,18297,18297,18297,0.0,16148.571,pdcsap_flux
TOI-199,18276,16705,16705,16705,8.59597286058218,15548.494,pdcsap_flux
TOI-205,18277,18277,18276,18276,0.005471357443787017,26627.775,pdcsap_flux
TOI-1105,100683,85311,85311,85311,15.267721462411732,12641.339,pdcsap_flux
TOI-206,18277,15377,15377,15377,15.866936586967228,1623.6216,pdcsap_flux
TOI-2141,17240,17240,17237,17237,0.017401392111371372,44388.203,pdcsap_flux
TOI-2154,19611,18188,17957,17957,8.434042119218809,8645.906,pdcsap_flux
TOI-2180,18423,12868,12866,12866,30.1633827281116,60573.460999999996,pdcsap_flux
TOI-1107,110953,96720,96702,96702,12.844177264247026,16432.088,pdcsap_flux
TOI-2194,16778,16778,16771,16771,0.04172130170461141,173027.31,pdcsap_flux
TOI-2196,16779,12650,12650,12650,24.60814112879194,4479.6975,pdcsap_flux
TOI-2368,18025,16546,16516,16516,8.371705963938968,3342.1359,pdcsap_flux
TOI-172,103402,77507,77493,77493,25.056575308021124,8414.483,pdcsap_flux
TOI-2236,18604,15275,15219,15219,18.195011825413886,7314.1987,pdcsap_flux
TOI-238,18300,18300,18300,18300,0.0,17522.4775,pdcsap_flux
TOI-2382,16920,14724,14724,14724,12.978723404255321,4336.852,pdcsap_flux
TOI-2427,17244,16636,16631,16631,3.5548596613314776,38807.633,pdcsap_flux
TOI-1648,111247,94835,94829,94829,14.758150781594114,23168.55,pdcsap_flux
TOI-2431,16912,16177,16176,16176,4.3519394512771985,24765.184,pdcsap_flux
TOI-2545,13359,12815,12809,12809,4.117074631334683,45932.977,pdcsap_flux
TOI-2977,18358,18358,18343,18343,0.08170824708574331,2732.4324,pdcsap_flux
TOI-2989,18752,17717,17522,17522,6.559300341296925,1360.54305,pdcsap_flux
TOI-3288,16380,13699,13663,13663,16.587301587301585,777.24445,pdcsap_flux
TOI-3261,18357,16500,16499,16499,10.121479544587897,1613.8715,pdcsap_flux
TOI-3464,19349,18056,18056,18056,6.682515892294171,2410.4856,pdcsap_flux
TOI-3474,19350,17952,17950,17950,7.235142118863047,2665.1174499999997,pdcsap_flux
TOI-3688_A,19475,19475,19469,19469,0.0308087291399195,3168.5635,pdcsap_flux
TOI-3856,17231,15058,14992,14992,12.994022401485694,3597.7610999999997,pdcsap_flux
TOI-3894,17969,13807,13761,13761,23.418108965440474,4837.3438,pdcsap_flux
TOI-3896,18987,15664,15664,15664,17.501448359403803,3499.9584999999997,pdcsap_flux
TOI-4137,16748,16748,16720,16720,0.1671841413900199,7396.309,pdcsap_flux
TOI-4308,18275,18069,18069,18069,1.1272229822161473,12107.406,pdcsap_flux
TOI-4479,18319,18319,18319,18319,0.0,1029.8461,pdcsap_flux
TOI-4527,16270,13075,13074,13074,19.64351567301782,32427.408,pdcsap_flux
TOI-4860,17648,17160,17078,17078,3.229827742520397,458.181595,pdcsap_flux
TOI-4914,17747,17343,17316,17316,2.4285794782216708,3594.2183,pdcsap_flux
TOI-5005,19269,17981,17981,17981,6.6843115885619415,5356.303,pdcsap_flux
TOI-5160,17322,16561,16560,16560,4.3990301350883225,13555.8185,pdcsap_flux
TOI-5174,16537,16204,16204,16204,2.013666324000729,9058.22925,pdcsap_flux
TOI-3664,116992,114831,114831,114831,1.8471348468271365,1011.677,pdcsap_flux
