tic_id,sector,ra,dec,st_rad,st_rad_err,st_mass,st_mass_err,st_teff
231620255,104,315.758386893738,-57.9357327061761,0.18,0.104,0.47,0.03,31000.0
315398983,104,279.563453238356,-40.7629397746756,3.99137,,,,4855.0
365656105,104,274.761796749163,-60.0597981022327,0.573172,0.0487232,0.565627,0.0441617,3381.0
2055602945,104,348.845381584146,-47.0618603104683,,,,,
320484212,104,296.174398699104,-56.6564803155199,0.18,0.104,0.47,0.03,31000.0
91525583,104,36.4400193837673,-34.275681508324,0.452232,0.0136454,0.448936,0.0204324,3714.0
2055182058,104,350.850199875205,-57.6184940005528,,,,,
266994922,104,349.699787701339,-55.4879954343054,0.28441,0.00864851,0.258933,0.0202286,3261.0
79281046,104,318.758789013614,-49.0975581475275,18.2935,,,,4452.0
31201015,104,265.5750685178,-46.5129005083399,0.334464,0.0124965,0.31625,0.0219949,3179.0
304059161,104,278.761332291297,-65.7596198142032,0.301709,0.0119536,0.278568,0.0220726,3281.0
466206387,104,302.891627274807,-60.9532745586289,1.92492,0.0593141,2.32,0.323882,9169.0
80337451,104,8.54362799399274,-44.0838139328621,0.488845,0.014772,0.486923,0.0204672,3246.0
1923451371,104,294.324305918049,-52.5395919035325,,,,,
101513787,104,301.701825120276,-48.9305814724709,0.304938,0.00985596,0.282259,0.0206276,3317.0
215476716,104,43.1815883246118,-41.3920254900574,2.74782,0.0772663,1.9,0.306599,7912.0
218759674,104,263.246260115477,-45.2172678789185,0.684233,0.0562311,0.7,0.0849023,4454.0
199731304,104,21.4542214379853,-47.7843447863859,1.70071,0.0543518,1.77,0.281504,7602.0
253631843,104,281.296294429427,-38.9813546216968,0.947174,,0.79,,4854.0
155895287,104,3.89036795226736,-50.691537496762,0.241309,0.0073317,0.211514,0.0201455,3067.0
199729842,104,21.1746438883738,-44.5285796180064,21.8061,,,,4689.0
230980624,104,24.260083457846,-54.5579886542489,38.7191,,,,4059.0
143951121,104,333.549656196046,-49.3242269978236,,,,,
140431282,104,19.9276492641697,-33.7211362586793,6.45209,,,,5005.0
389651326,104,277.691603717884,-51.5836063771589,0.776685,0.0479397,0.84,0.0998242,5054.0
1511632979,104,261.72679281593,-57.9666353655607,,,,,
281851171,104,14.6803348547914,-56.6333123854667,1.06722,0.0492161,1.13,0.151512,6049.0
62024272,104,290.150823494225,-42.5159067044096,1.65039,0.0698066,1.45,0.245054,6767.0
320330186,104,295.409021953886,-55.266154137818,39.4078,,,,4022.0
32314028,104,25.0314641114329,-34.4088701475573,13.6233,,,,4845.8
7015521,104,285.985478710527,-50.9711677759978,,,,,
247348620,104,253.734583496626,-45.0760496928877,1.29057,0.051598,1.63,0.269006,7247.0
229144939,104,26.822767146964,-51.5608928136199,0.147,0.111,0.5,0.3,50000.0
166424433,104,298.619821135227,-50.9529234488293,1.29646,0.0615829,1.14,0.155492,6074.5
324437240,104,277.048792444916,-52.4999853504757,3.59095,0.197865,2.2,0.314351,8773.0
350221590,104,355.787952544077,-65.3953877912298,0.18,0.104,0.47,0.03,31000.0
118283196,104,272.348743538653,-56.9670019771282,1.09967,0.0558693,1.05,0.132256,5832.0
61377099,104,287.687081425207,-42.5388308245966,0.407365,0.0139125,0.39977,0.0216608,3379.0
254191317,104,287.490214013428,-41.8922475846561,,,,,12812.0
2055145714,104,346.178552213304,-61.0034250955123,,,,,
632001767,104,36.2831054567925,-36.3782859837924,,,,,
2026793537,104,323.776193545868,-56.0688978838957,,,,,
632002275,104,36.4989360687423,-35.7552647617877,,,,,
234518259,104,14.5926253223827,-60.6962388741756,4.28497,0.121234,2.17,0.307034,8682.0
200230198,104,288.19224444008,-50.4864200092151,9.30549,,,,5040.0
139699247,104,322.310317347665,-50.3168445105507,1.55686,0.064196,1.05,0.127137,5813.51
219989145,104,30.4619042425171,-52.8355310840747,0.998924,0.0478517,1.12,0.145507,6036.0
85580401,104,271.307306644985,-46.2809783299833,,,,,
1516798161,104,265.583151188159,-51.9766207630756,0.686698,,1.21,,6247.0
360912453,104,307.310272846842,-54.9365863321405,0.30462,0.00929221,0.281895,0.0202873,3089.0
229159040,104,29.0262275105656,-48.2369571082915,2.45478,,,,5111.0
33465112,104,25.3284013645089,-26.1067941316568,10.4064,,,,4811.0
379403134,104,283.897773648069,-58.5157445783671,0.635109,0.0559422,0.68,0.0852427,4366.0
1990074078,104,302.046271192515,-53.0270065830584,,,,,
231978028,104,250.070434502895,-46.8048809742515,0.451594,,0.68,,4374.0
1989062495,104,315.249749494041,-57.3016511920505,,,,,
616140544,104,7.98054559121398,-51.6663293092101,,,,,
352291795,104,298.725290175905,-64.8428603208475,0.632703,0.0187452,0.613993,0.0202508,3656.0
152358293,104,42.3690523923489,-37.0254532366587,0.922223,0.0422487,1.1,0.140402,5987.0
143859261,104,332.166311132099,-52.0566626830741,,,,,
158342117,104,288.753263801241,-48.9626445377422,26.7101,,,,4520.0
115692339,104,7.11050929717933,-39.9150034750174,36.0028,,,,3962.0
60969335,104,286.052842350214,-47.655430679396,0.691019,0.0485427,0.73,0.0884897,4603.19
313723578,104,278.253819197187,-39.892021858153,1.43188,0.0598342,1.4,0.23434,6640.5
158235404,104,287.426549742793,-53.7373127698882,0.18,0.104,0.47,0.03,31000.0
320592617,104,297.004986533591,-56.3626129901083,2.07968,0.0563216,1.88,0.303051,7872.0
382523882,104,13.0470445426706,-52.620327688076,0.437415,0.01304,0.432985,0.0203001,3471.0
616437924,104,6.77729249836252,-44.3757965261229,,,,,
261056133,104,259.303039266316,-51.2729602580003,0.469356,0.0139602,0.46697,0.0202923,3544.0
197963087,104,348.696964348009,-48.9960882747777,1.91813,0.0836658,1.36,0.220744,6560.38
410006490,104,319.860874859213,-68.8758964763587,0.781755,0.0446382,0.91,0.114902,5299.0
337200363,104,268.974843514558,-55.0895823554861,0.347011,0.0110361,0.330753,0.0206967,3384.0
267080594,104,359.346953337584,-69.5452940256194,0.660928,0.0576181,0.67,0.0807463,4281.0
143894194,104,332.106005918121,-53.2584925278572,0.295348,0.00903481,0.271319,0.0202816,3201.0
144285638,104,354.141819961585,-44.8928358146519,1.87542,0.0461733,1.88,0.2984,7865.0
1989598625,104,305.823782632412,-50.4755084090862,,,,,
23595159,104,269.37514806133,-43.9841463780363,0.330621,0.0105846,0.311809,0.0206801,3316.0
67644505,104,18.4998331854428,-34.7182010243859,9.24022,,,,4784.0
379470448,104,284.39180443229,-56.2968557251866,0.364123,0.011023,0.350506,0.0203542,3379.0
91636891,104,39.4047657066827,-36.9758322831829,2.09859,0.0911307,1.31,0.213355,6461.0
355340132,104,297.511394794482,-50.2816368731667,0.18,0.104,0.47,0.03,31000.0
67583991,104,16.7127952859885,-33.3420502118447,0.18,0.104,0.47,0.03,31000.0
143951327,104,333.618726052055,-50.030833905274,0.573226,0.0170766,0.565674,0.0203144,3843.0
314017913,104,2.30071620917268,-45.8713890278037,0.255846,0.00766828,0.227215,0.0201227,3303.0
371950279,104,307.882809971974,-70.7234190390256,0.880254,0.0450754,0.98,0.127255,5577.0
91240021,104,277.984263992357,-43.5073812349279,92.2493,,,,4474.0
1695999069,104,271.783270042776,-45.4271686194043,,,,,
33241809,104,266.762831130489,-45.3461940849629,22.8624,,,,4120.0
88143396,104,273.63767769634,-46.2833523103331,0.796719,0.0516935,0.8,0.0986295,4905.0
2055325970,104,346.381250133105,-53.0036762438849,,,,,
118732476,104,273.760162119977,-55.6651037357428,0.695076,,0.72,,4569.0
1555630658,104,272.758339695464,-38.2091259412838,,,,,
212203714,104,255.583132520963,-49.0183187664881,0.584314,0.0385535,0.575098,0.0353426,3684.0
631807856,104,30.089755827679,-45.7243620062652,,,,,
87260967,104,272.768354001708,-47.5131226452455,19.036,,,,4665.0
365558320,104,273.934687414799,-62.5426530577088,1.07781,0.0520779,1.02,0.132864,5708.0
1989237861,104,304.391626097721,-58.5497779300126,,,,,
280794907,104,359.263317872969,-60.4034507162983,12.9416,,,,4953.0
631716307,104,22.9790916126144,-46.0185461857997,,,,,
79020913,104,315.280885872824,-49.1235866957366,0.279322,0.00856616,0.253211,0.0202568,3273.0
86141703,104,271.718129862875,-43.5589164668116,,,,,
180723732,104,15.7703473312232,-36.9498152809635,9.27072,,,,4647.0
320056471,104,293.524729414349,-56.1001234586035,29.9475,,,,4351.0
1988642897,104,305.773978715787,-61.6625387040424,,,,,
79152524,104,316.39401797113,-50.1448253942188,1.2496,0.058794,1.18,0.151784,6172.0
351249089,104,300.664494810877,-61.2370277033619,0.667731,,,,4507.78
305938209,104,263.814194543221,-60.2521720593998,0.776379,0.0616557,0.73,0.0873694,4590.0
63863822,104,275.065676669635,-33.9587751346959,0.647389,,0.66,,4245.0
253668790,104,281.664244812887,-39.730917515621,70.2653,,,,3743.0
404265471,104,308.519286775062,-72.3733638593765,15.764,,,,4656.0
467960339,104,285.78847391179,-61.114471959842,1.38964,0.062191,1.37,0.229868,6588.0
1990245477,104,304.92868447168,-48.2547926829439,,,,,
651283988,104,42.2709613899191,-35.6776336158956,,,,,
246444228,104,268.821095424041,-38.5963008050505,14.5336,,,,4760.0
1329038173,104,255.185247671889,-50.0936693174726,,,,,
376672630,104,293.072574327424,-70.27064184314,0.678902,0.0716432,0.62,0.0798746,3983.0
2055103803,104,352.783142932844,-60.331497516769,,,,,
2055145474,104,344.564672737821,-60.7258172680364,,,,,
219319398,104,322.053011514027,-59.089366396456,0.278511,0.0084251,0.252302,0.0201937,3188.0
246601547,104,269.109032117301,-36.2788765292115,0.429249,,0.53,,3661.0
59816984,104,253.369722063835,-48.6932975232538,94.8901,,,,4194.0
291416779,104,261.18426520616,-54.4569322750903,24.5614,,,,4853.0
79005592,104,314.989654090719,-53.441483255031,2.96638,0.134463,1.37,0.228188,6589.0
17499007,104,264.559501827312,-45.4141269950326,,,,,3583.0
2026480285,104,334.841253909913,-65.1207324641108,,,,,
112584039,104,269.490799069177,-39.1365079845687,,,,,
324140620,104,275.620099558551,-39.1359152402917,1.10375,0.0556382,0.96,0.121836,5467.0
363014577,104,266.369760461309,-51.1649298667085,2.06883,0.0739724,2.08,0.305408,8413.0
324497887,104,277.207748914572,-49.0705936768556,8.714,,,,4790.31
2026344500,104,321.001482326817,-69.1242456894162,,,,,
616630946,104,16.5725507547633,-32.3539171725267,,,,,
166606391,104,313.358046256304,-49.3828986782313,1.17979,0.0529045,1.25,0.187671,6331.0
328153490,104,271.088037710419,-37.939141000201,0.483642,0.0145231,0.481658,0.0203978,3576.0
23592170,104,269.273520875317,-43.4596292732103,0.223779,0.0179139,0.193065,0.0264504,3247.0
319606825,104,291.356793666674,-55.4305628963346,0.18,0.104,0.47,0.03,31000.0
213207249,104,257.220314382263,-50.564535772206,,,,,
393483292,104,35.5244896665106,-44.615973579556,0.681057,0.0223827,0.649936,0.0214268,3977.0
101277769,104,299.939748787166,-50.3471939774588,0.607927,0.0180368,0.594508,0.0202673,3824.0
118826494,104,11.1542159073009,-36.9437659191086,73.5664,,,,3665.0
469505700,104,269.909159610753,-40.9088817684878,9.66702,,,,4801.0
396170579,104,298.841015126293,-71.5465027255025,,,,,
166425461,104,298.556310959338,-49.4617479866686,,,,,3023.0
229142860,104,26.5248571256357,-50.816255286292,75.6434,,,,3724.0
144046368,104,336.852866747388,-49.3659451259633,1.15595,0.0648643,1.01,0.123851,5666.57
101180761,104,299.356823251714,-53.2284843652629,0.18,0.104,0.47,0.03,31000.0
123050567,104,255.622986299584,-46.0979452267935,0.580019,0.0175094,0.571472,0.0204548,3669.0
56729707,104,272.206046494922,-33.2340308015632,38.8501,,,,4016.0
220371163,104,308.476972618701,-54.5526137260809,0.18,0.104,0.47,0.03,31000.0
60813046,104,273.722154257492,-33.2582676643321,19.8741,,,,4738.0
144381527,104,356.819246414594,-46.7125616758874,1.75413,0.0617488,1.9,0.297776,7928.0
96745915,104,265.099272995934,-49.4155844747429,1.62138,0.0651482,1.39,0.229893,6620.0
120401211,104,281.100214162196,-57.1541683741525,0.573054,0.0241234,0.565526,0.0250454,3600.0
246417791,104,268.793675057423,-37.8904195230226,0.508261,0.0162547,0.506161,0.0211176,3683.0
80421028,104,10.5965821649336,-46.5853017966616,0.804511,0.0493216,0.84,0.0970242,5047.0
320688368,104,297.780958423247,-56.7992279642385,0.18,0.104,0.47,0.03,31000.0
219327284,104,333.520318568482,-59.4948019090225,1.27151,0.0558241,1.28,0.196619,6394.0
410155200,104,353.042917187859,-69.4482420206624,0.217343,0.00661132,0.186436,0.0201111,2933.0
229153733,104,28.3841459511199,-53.3146176707433,12.9819,,,,4454.0
214376691,104,261.094548807401,-48.5636255590262,0.337893,0.0130256,0.320212,0.0223449,3382.0
419744996,104,325.194378859124,-69.3745943306171,3.71342,0.134108,1.75,0.275906,7553.0
55856762,104,23.1570103325013,-27.7409872871873,,,,,
140067390,104,330.160985799369,-50.0382795903465,,,,,
409948637,104,316.622679077043,-68.6459107009583,70.2196,,,,3807.0
89574346,104,275.686174297822,-42.2974363400867,0.627381,,0.65,,4174.0
631619263,104,22.4361274489596,-57.0681391735506,,,,,
246322977,104,268.574548402398,-39.6289719125147,,,,,12147.0
158595145,104,22.0574323360971,-53.0031376139573,,,,,
631769128,104,35.9731601213634,-48.4546787131312,,,,,
314440582,104,278.84532066267,-37.9082079125214,2.56142,0.084,2.18,0.31422,8693.0
1518979716,104,265.391540251869,-48.9100876646651,,,,,
632229980,104,24.8118422202906,-26.7899352821233,,,,,
129766612,104,35.7774910174234,-37.5761417167646,60.5671,,,,3818.0
201233348,104,359.604152074743,-50.9090577441325,9.78139,,,,4958.0
1989725292,104,317.407653449343,-49.5326444677127,,,,,
91639155,104,39.7274685908279,-38.0687263704098,1.38585,0.066995,1.05,0.13406,5820.0
80062745,104,297.868393378392,-46.965519571017,10.6984,,,,5112.0
1513445543,104,267.97403130105,-54.1613857651857,,,,,
237316813,104,344.230719514751,-61.673914186738,6.32161,,,,4643.0
57849979,104,274.863191349402,-37.1129715444648,0.734723,0.0532035,0.75,0.0911379,4710.0
175517571,104,45.641653002281,-40.2445426471446,1.54764,0.0671156,1.31,0.206151,6459.0
11652849,104,22.1951370967466,-27.5639232590643,0.761186,0.0486834,0.822,0.0946284,4977.0
143507479,104,284.685168212266,-46.4706175366938,0.514834,0.0188651,0.512523,0.0229027,3796.0
2027293051,104,324.394480863313,-49.5243811164575,,,,,
63523812,104,271.159683568117,-44.07711534243,45.8723,,,,4018.0
41858056,104,20.1219973676735,-41.7650209183228,,,,,
118114124,104,10.2276824780595,-40.5313515106216,,,,,
632087263,104,25.0956619419712,-37.6292321317832,,,,,
369984911,104,306.305749009088,-47.4907514134461,0.508988,0.0153626,0.506868,0.020459,3746.0
2055644991,104,359.252986748574,-45.0294795352112,,,,,
183594679,104,18.1242905544034,-41.292019867579,0.997927,0.0468995,1.08,0.140317,5937.0
183591757,104,17.5493806355613,-36.4915767838272,0.739918,0.0637688,0.68,0.0820135,4358.0
207109256,104,33.479197783948,-48.0630736448844,0.319997,0.00978255,0.299553,0.0203347,3291.0
316832189,104,324.130986598493,-54.1911259114249,4.00397,0.196251,1.57,0.253233,7084.0
403123914,104,324.744516308502,-62.1661538290472,10.432,,,,4847.0
616319103,104,8.42882329062882,-44.4478425041116,,,,,
60464650,104,276.527894390613,-37.9119085262016,2.04458,0.112071,2.24,0.324393,8894.0
147458059,104,41.3704489558343,-36.7719131047223,1.14396,0.0504121,1.2,0.167388,6213.0
101430261,104,300.898542674836,-49.3854399644776,0.18,0.104,0.47,0.03,31000.0
314324611,104,278.705507196895,-39.061141550543,0.532895,0.0166365,0.529609,0.0208383,3672.0
231828950,104,23.0339419881997,-60.3982125300823,0.278478,0.00832417,0.252266,0.0201415,3047.0
1988864013,104,315.760112350672,-61.907144406705,,,,,
31122542,104,265.446871677315,-46.7171094216513,0.284127,0.0141113,0.258614,0.0238169,3248.0
101545865,104,301.964326736645,-49.9836667348024,0.18,0.104,0.47,0.03,31000.0
91638505,104,39.6503323920164,-38.161187983538,2.4382,0.116176,1.21,0.175711,6237.0
1818156579,104,284.647887390251,-50.9412150295638,,,,,
424854383,104,291.304402255703,-52.1901437690948,1.20949,,1.06,,5846.0
41841748,104,19.858288145673,-40.6384094322433,0.251355,0.0180692,0.222329,0.0268698,3003.0
219945301,104,289.856352678539,-56.8309973890373,,,,,
267082507,104,359.687077060535,-69.5044885408465,10.2906,,,,4758.0
91635430,104,39.2514293091178,-37.3910585914222,1.4097,0.0724949,0.99,0.129257,5614.0
308225736,104,40.4077947037383,-39.0698993406493,2.20118,,,,5095.0
160714507,104,275.383557462489,-48.8539229535233,1.91084,0.0942461,1.33,0.211194,6503.0
362852137,104,266.164786155416,-47.9803381237767,0.317663,0.0129486,0.296866,0.0225936,3401.0
238169256,104,356.871717209283,-67.7201239339912,,,,,7451.0
57219252,104,274.192227234322,-40.9669184897318,0.350427,0.0147928,0.334701,0.0235633,3229.0
616415905,104,1.42370493717076,-46.1729201014022,,,,,
234507929,104,12.6500537167021,-60.4906323686638,2.28338,0.0890526,1.59,0.277834,7139.0
394632474,104,351.315429302912,-68.5404761739791,11.1767,,,,4803.0
161356637,104,343.86338851447,-52.302707776078,0.533027,0.0300727,0.529733,0.0312494,
180444482,104,15.1471929634341,-36.2382433860083,28.5103,,,,4196.0
616617233,104,19.1488963068874,-32.7661460882827,,,,,
322008992,104,3.22649937363668,-43.570301485515,30.6748,,,,4241.0
406276748,104,326.09036446185,-60.2167651991297,0.952672,0.0444473,1.13,0.146555,6051.0
2027012057,104,336.816067567173,-54.1950426712859,,,,,
219927265,104,298.368662119031,-49.4763458892957,2.01548,0.0983367,1.12,0.148276,6043.2
155985589,104,7.19243037129175,-48.5124262986444,,,,,
196853268,104,277.326716502517,-35.2259750218383,,,,,
330163931,104,271.914965950492,-36.9318275095591,15.9341,,,,4560.0
31566952,104,265.723901573432,-44.2692935819081,,,,,
140496111,104,21.6897710900385,-34.1611929840625,3.95793,,,,5022.0
421218621,104,261.80840635725,-57.7325819725764,0.703025,,0.71,,4508.0
1689157636,104,273.514437287472,-64.7504516456746,,,,,
1988818073,104,318.834222306718,-63.1954977458733,,,,,
100615932,104,309.98238910231,-53.3927156145758,1.69515,0.0609146,1.68,0.276143,7376.0
165880227,104,1.36674620879452,-42.88738807911,111.188,,,,3413.0
115271591,104,25.3638407852751,-38.1328269294885,1.57658,0.0720453,1.45,0.243415,6771.0
651249651,104,45.3372053741587,-37.8499386949809,,,,,
165886263,104,1.93463622265791,-44.0806948129514,10.11,,,,4787.0
197054642,104,277.604483873301,-35.805041026895,0.536432,0.0176173,0.532888,0.0214414,3696.0
616603369,104,19.4406027362919,-35.453353103015,,,,,
1922320758,104,294.452252579306,-69.3996299021675,,,,,
1923409577,104,290.914466116417,-52.8645198370903,,,,,
234521067,104,15.029231698064,-61.4545236721566,2.07048,,,,5885.4
212649145,104,256.371713572909,-50.9869974370866,0.867758,,0.94,,5417.0
247459453,104,253.907593245278,-45.1029530183412,,,,,
370082509,104,297.283670218497,-53.1836678823223,0.526803,0.0160353,0.523912,0.0205531,3660.0
2027231843,104,332.19925211428,-51.178514121255,,,,,
372980435,104,259.829536219895,-51.5854779525909,0.744712,0.0513769,0.79,0.096471,4859.0
343958580,104,285.893454174097,-55.7652929033617,3.92349,,,,5305.0
327918216,104,2.19475371447332,-66.7594633318605,10.6776,,,,4797.0
254015508,104,284.759335199466,-40.0831736227843,0.606392,0.0183177,0.593273,0.0204566,3737.0
1533122281,104,266.142945211359,-40.9487381717411,,,,,
195170680,104,271.515989690976,-35.2464408159337,7.79063,,,,4577.0
1923663333,104,291.841737034682,-49.6162034639501,,,,,
339262037,104,294.754074422094,-64.8635919118228,0.18,0.104,0.47,0.03,31000.0
308241480,104,42.2609156336536,-36.8310908014075,1.32774,0.0641885,1.06,0.131585,5855.0
1988280713,104,300.916340583952,-71.216693895881,,,,,
352438054,104,310.793320025998,-65.0214934623644,0.189385,0.00571375,0.158642,0.0200624,3444.0
382388574,104,289.418428124926,-68.079033783,0.854407,0.0417488,1.04,0.130655,5800.0
320841837,104,299.24039626316,-57.9256413324376,45.7708,,,,4049.0
325210265,104,356.012427854379,-67.5163766220112,0.166715,0.00571767,0.137354,0.0201973,3701.0
2027025151,104,332.43786000807,-54.3678646292489,,,,,
183636775,104,18.9450871794948,-41.3647438891589,0.785445,0.0579623,0.77,0.0911732,4775.0
180999530,104,16.2611378727275,-37.8377820766317,15.5938,,,,4420.0
139763242,104,323.774244986951,-52.58987493781,,,,,3163.0
401842610,104,26.6304025521621,-46.2393797092783,8.78885,,,,4642.25
123370805,104,32.045442533123,-32.0462979703867,1.31278,0.0628141,1.04,0.124599,5789.0
123318213,104,29.5043038486133,-35.4498463766227,1.73349,0.0882035,1.15,0.153106,6097.0
201310151,104,4.11188128641679,-58.1417585403561,,,,,
2055563216,104,354.374913403375,-48.2773142803814,,,,,
331442020,104,272.465791371956,-36.9683298622026,,,,,
471015391,104,321.296,-68.9497,0.18,0.104,0.47,0.03,31000.0
156084350,104,11.2497587578669,-53.7148936596901,2.13778,0.10142,1.21,0.165309,6233.0
615991515,104,19.8414878029989,-58.8068175808573,,,,,
206652542,104,23.8971674642702,-59.6567953287235,10.0798,,,,4690.8
352480662,104,323.797484141698,-72.2658032816454,0.703544,0.0244422,0.666004,0.0221916,3811.0
158536414,104,19.9432393334898,-50.0152104629347,1.95698,0.0858543,1.31,0.200111,6464.0
313002372,104,277.762284798658,-41.9138338046488,1.90791,0.0590954,2.05,0.321811,8318.0
215256975,104,42.4656404920152,-37.9095351729137,1.51186,0.0759346,1.02,0.126514,5711.0
632226222,104,23.3075595801935,-26.1044694814557,,,,,
1989507617,104,302.710858578423,-52.8424149704011,,,,,
2054850485,104,348.512852976793,-69.6940314230534,,,,,
161172848,104,339.876139647712,-52.0881322520608,0.847445,0.045113,0.92,0.115606,5327.0
281765034,104,12.687159421727,-57.3299096637445,1.27314,0.0628543,0.99,0.130316,5613.0
140431393,104,20.0103913653583,-32.871809924953,10.3309,,,,4894.7
79353860,104,319.564666998791,-53.2229775890079,,,,,
32395981,104,25.9870068362306,-30.7273018611605,2.9274,0.105422,1.79,0.29873,7654.0
1528888766,104,265.705738455026,-44.2500791455221,,,,,
364637541,104,271.186516269335,-48.3166797014713,0.846245,0.0477588,0.9,0.115546,5245.0
372301002,104,314.847495420688,-68.8999708651742,8.76143,,,,4977.0
466098985,104,294.932482381824,-67.4571200448264,17.4837,,,,4537.0
101356597,104,300.262521092021,-52.9909684140971,0.875697,0.0441759,1.01,0.131506,5674.0
254038934,104,285.106123426353,-41.0231802345568,,,,,
206352088,104,355.079366750284,-51.4357441178949,1.11541,0.0538944,1.2,0.183228,6228.8
616604712,104,17.2397150599802,-35.96401455808,,,,,
91320365,104,278.092983097837,-46.2393328787693,0.311065,0.00966963,0.289282,0.0204136,3389.0
166674855,104,34.5676352937029,-49.0376295416342,0.589915,0.0531331,0.66,0.0787954,4249.8
2026574437,104,338.080422627496,-59.180521454515,,,,,
234299476,104,358.667395670512,-60.8594415919973,0.70871,0.0512814,0.75,0.0877213,4685.0
152360195,104,44.9472565329769,-39.113921900524,0.877706,0.0470277,0.95,0.118465,5434.0
219306160,104,316.742218268195,-59.5356288327507,1.86518,0.0806183,1.34,0.209387,6510.0
2054984267,104,348.690730601901,-63.9628756960919,,,,,
79055422,104,315.624645629045,-50.2753268726058,,,,,
425937794,104,5.43622970584332,-64.3714295132237,21.4009,,,,4456.3
347775136,104,253.999075328624,-52.5375329966575,,,,,
464314542,104,280.01303060815,-64.7257298321873,3.2391,0.13191,2.05,0.318145,8323.0
158060053,104,280.241183814284,-50.8759493662952,0.343353,0.010802,0.326525,0.0205998,3474.0
340106897,104,280.422271965352,-46.5965971024228,0.848282,0.0455654,0.96,0.122723,5477.16
1989646927,104,314.667856614468,-51.9574609255819,,,,,
33542596,104,266.805005371419,-43.3626916532527,0.660598,0.0196426,0.635011,0.0202891,3368.0
355335662,104,297.096150379893,-50.6175899346764,0.836555,0.0428392,0.99,0.124749,5601.0
341309049,104,315.958147257626,-65.1993380526603,27.2669,,,,4192.0
80315364,104,8.30628758272798,-47.5545879700438,0.159724,0.00479733,0.131009,0.0200346,2953.0
261462443,104,334.706914572233,-68.3130960617977,1.45536,0.0769372,1.09,0.144997,5948.45
368474784,104,267.820749421453,-39.5981186813044,0.581006,0.0178809,0.572308,0.0206654,3297.0
2026328978,104,331.202721022434,-65.6515694763373,,,,,
118826478,104,11.1320830306225,-37.8299788499079,0.788537,0.0402161,0.95,0.124951,5441.0
404777477,104,278.629660540205,-52.8915224435829,19.3008,,,,4473.0
220490418,104,344.274401205465,-57.401169389493,,,,,
160188131,104,6.49818056578917,-46.9741004659912,30.3872,,,,4194.0
218573570,104,262.902704652448,-47.8733099718038,21.6921,,,,4399.0
2026258256,104,327.203203505475,-68.7760561993039,,,,,
370134610,104,307.119228440082,-58.6158008770759,1.86852,0.107322,0.99,0.131068,5599.0
412823483,104,263.08046147861,-51.4323909517656,0.381833,0.0119837,0.370835,0.020701,3412.0
230946694,104,287.011535063708,-56.0128571512768,0.538112,0.0160088,0.534437,0.0203035,3674.0
2026761072,104,326.850017054306,-57.4356918609657,,,,,
325177252,104,340.571184350995,-67.8334757515076,2.60863,0.0836055,2.15,0.310413,8607.0
21466050,104,267.636389706811,-42.2415107075267,0.22686,0.00970108,0.196265,0.0213429,2950.0
616436730,104,4.44591453449558,-42.7831065759944,,,,,
234996933,104,350.696363378541,-62.4083015490993,1.62211,0.0893971,1.27,0.211939,6375.7
166317799,104,296.149467297215,-51.4399503950296,23.4349,,,,4358.0
321067502,104,44.2889216653263,-36.7198834792092,2.25612,0.121841,0.93,0.115553,5354.2
123254982,104,28.2424517997642,-34.6490914850021,1.42815,0.0636859,1.24,0.192123,6311.3
75221337,104,266.773138001052,-59.1611674107419,2.49315,0.0885077,1.76,0.300981,7588.0
1924161836,104,297.862878574423,-48.9128606774084,,,,,
76389306,104,269.564684440142,-56.423572556815,1.44633,,0.98,,5568.0
631877493,104,39.4214484823149,-39.3500826568157,,,,,
464653914,104,288.098502231625,-62.7757665293512,0.143,0.05,0.47,0.03,34000.0
382270505,104,287.156351775101,-67.4641135400798,0.369144,0.0429584,0.356286,0.051863,3342.0
156077913,104,10.89941661303,-50.9765834326881,3.0522,0.130703,1.38,0.228087,6603.0
220369051,104,308.305300973087,-58.112348185157,2.54116,0.117136,1.09,0.139521,5960.44
422044019,104,301.896209240603,-55.016014571673,1.06383,0.0433718,1.2,0.174076,6215.04
1988092596,104,305.541898671049,-72.2885385966549,,,,,
219303172,104,315.135177262307,-54.9199631129143,20.8485,,,,4428.0
406275712,104,325.717296244069,-63.2172434170409,0.856604,0.0530452,0.96,0.120625,5482.88
97381267,104,265.899044301999,-48.0670414810619,0.173244,0.0121686,0.143371,0.0224954,3275.0
79394646,104,319.966628164539,-53.4494235109697,1.64114,0.0527236,2.01,0.3083,8213.0
277649549,104,329.04086846329,-60.2294480355023,1.88436,0.0832613,1.38,0.221896,6607.0
111728891,104,269.226716156338,-35.9052468155958,8.39724,,,,4973.0
101992312,104,15.5187059906593,-47.3906833003349,1.10773,0.05201,1.22,0.186157,6254.9
234295610,104,357.983199277843,-64.7929308326401,0.378005,0.0113031,0.366455,0.0202742,3161.0
281709735,104,11.1249336348913,-54.3132674671345,1.8013,0.0790452,1.43,0.243224,6725.0
631507231,104,28.4617309102041,-55.7755002433124,,,,,
229158436,104,28.9894002237814,-51.6088815517995,4.30608,,,,4961.0
631896614,104,28.9420089259773,-45.0874925142208,,,,,
397030925,104,267.74341020148,-50.2909054012261,84.8392,,,,3765.0
245562542,104,251.940955665867,-45.5299192689821,,,,,
1923530115,104,292.578991511232,-52.0627822333928,,,,,
237322080,104,345.232743839702,-65.7597965709386,0.18,0.104,0.47,0.03,31000.0
389677872,104,277.909169381356,-52.2796022545498,1.30988,0.0715327,0.93,0.115066,5368.0
1690057160,104,270.339118585162,-60.031612902925,,,,,
410070183,104,322.331555928301,-71.8419423747045,0.693984,0.059201,0.68,0.0823644,4345.0
246729528,104,283.506678392675,-47.2743773884697,2.01811,0.104201,1.24,0.190744,6310.0
1990094034,104,302.417448387874,-52.4210736429775,,,,,
352290247,104,298.791559478873,-62.3341891326462,0.18,0.104,0.47,0.03,31000.0
423160649,104,287.737915697322,-48.7788751316751,8.83431,,,,5337.0
142300190,104,40.9205423186253,-44.5785949181271,,,,,
253584213,104,280.889399213317,-38.8458772971282,1.84124,0.0853593,1.2,0.179129,6231.0
122616693,104,41.6953488969743,-35.5730872626372,0.652928,0.0609422,0.64,0.0798358,4092.0
41976861,104,23.2454962169694,-41.3639321230133,0.511164,0.0153038,0.50898,0.0203713,3621.0
403267171,104,331.485026909716,-63.5823316440258,0.304394,0.0137889,0.281636,0.023399,3149.0
31752971,104,265.904289439699,-46.6386578286717,1.74551,0.0537085,2.15,0.312806,8618.0
328027864,104,3.40436899936258,-68.1976685788626,11.8287,,,,4872.0
76758733,104,270.710549243516,-54.5870339272254,1.90168,0.1011,0.96,0.126539,5487.0
100105097,104,25.0425415341958,-43.4996187927498,0.394637,0.0144811,0.385413,0.0224127,3305.0
175491179,104,45.1346275377101,-37.8300783160544,1.09276,0.0499648,1.22,0.180636,6270.0
2055511742,104,358.629302408892,-52.5142076015829,,,,,
402064471,104,352.098039607696,-68.4307279309998,2.85761,0.124825,1.67,0.272626,7363.0
56278574,104,273.500647781312,-41.4967909525633,0.37648,0.0121242,0.364708,0.0209188,3441.0
304068024,104,278.977694187134,-61.2489987440911,0.26885,0.00839028,0.241528,0.0203062,3354.0
77111093,104,34.8353409225679,-36.0308017967864,0.934498,0.051191,0.96,0.12165,5494.0
235042294,104,354.413799318764,-61.0566075531607,30.0966,,,,4219.0
394086684,104,339.015175794625,-65.1194155192158,,,,,
206548652,104,18.4749725692343,-55.2421539152451,2.10324,0.0872186,1.36,0.226554,6556.0
216479558,104,258.889790225989,-43.7625780409425,,,,,
120034868,104,279.068308480131,-56.3177971858314,0.742972,0.0571432,0.72,0.0820204,4548.0
147470074,104,41.6425231452527,-36.3548651574732,1.84201,0.0865026,1.28,0.199529,6396.0
253857443,104,283.265316287738,-39.6414484286633,0.908842,0.0596105,0.85,0.100394,5080.0
369235070,104,262.688546777635,-50.1595979473304,0.752998,,0.66,,4197.0
101947957,104,14.5432424550331,-43.2437808221234,0.296919,0.00911706,0.273106,0.0203051,3273.0
367217076,104,259.687952699864,-57.4390413065244,2.13156,0.0663065,2.46,0.336291,9633.0
1988806638,104,314.933504998298,-63.9886946009288,,,,,
1989691899,104,314.936478053494,-51.0900875245078,,,,,
325220064,104,356.045591430119,-68.5296795985724,0.306221,0.00968037,0.283727,0.0204983,3250.0
200250521,104,294.562272942956,-48.3408580761026,,,,,
321068946,104,44.385946628125,-38.1909227863221,2.06349,0.0583945,2.6,0.330174,10134.0
182900326,104,282.11178964704,-46.8758858002708,3.349,0.186186,1.78,0.273954,7638.05
1923317828,104,294.072747523545,-53.6318713093514,,,,,
341200831,104,314.70992818232,-62.6537620395066,,,,,
118801178,104,273.959326748325,-54.930541661367,0.420904,0.0132935,0.414866,0.0208629,3532.0
246751045,104,253.108168490569,-45.4308965023568,1.01973,0.0524121,1.55,0.288517,7017.0
41898588,104,21.7419722889572,-41.7474142336105,21.0325,,,,4374.0
2054925633,104,346.240801476319,-68.2398412414031,,,,,
261380566,104,294.337731361333,-54.6698905373507,0.18,0.104,0.47,0.03,31000.0
42071226,104,24.8405393462716,-39.6024917971909,0.168946,0.0051604,0.1394,0.0200589,2973.0
471015363,104,335.593,-60.2264,0.18,0.104,0.47,0.03,31000.0
158507202,104,294.86942226648,-52.8566106484098,,,,,
2026466874,104,324.348176211669,-61.8066267678479,,,,,
53446269,104,252.313543162011,-50.0634858399602,0.464046,0.0142846,0.461427,0.0206539,3496.0
469518929,104,270.013222205288,-39.1467309761537,11.4771,,,,4617.0
124675992,104,256.308216212438,-43.3994130812479,0.622558,0.0230488,0.606116,0.0229625,3445.0
1818259180,104,288.860195008002,-48.8087415348917,,,,,
1819882871,104,288.895296717306,-43.2349382271094,,,,,
60832714,104,276.816543103433,-40.333298410659,0.775633,0.0505679,0.77,0.0924988,4777.0
23318705,104,269.200266178427,-47.3795284403609,,,,,
2055515509,104,356.833344648528,-52.164377423259,,,,,
96844688,104,265.353020930231,-52.358944542757,0.297464,0.0127918,0.273727,0.0227239,3273.0
2055106984,104,352.037927615393,-59.7623745204656,,,,,
304369934,104,279.223276769832,-48.9386072247503,53.2781,,,,3853.79
631599985,104,35.0466766789886,-51.0600763498971,,,,,
246460056,104,268.79759377378,-40.5255310526898,0.375039,0.0307449,0.363055,0.0385884,3515.0
124916068,104,256.451919769968,-44.1050455636528,2.44784,0.0983116,1.56,0.257059,7065.0
1988292196,104,301.939630179081,-70.6039313360453,,,,,
200671353,104,3.46653982781505,-50.838821804862,0.869427,0.046593,0.94,0.119357,5389.0
322736609,104,34.055586870977,-31.3592623673296,1.60367,0.0834573,1.014,0.13507,5694.5
616487196,104,5.77402604930464,-40.5091800984015,,,,,
218574232,104,262.96916123284,-47.7690677609595,0.214994,0.0158689,0.184037,0.024925,3208.0
2027202481,104,330.587933486251,-50.2445537106724,,,,,
1989296393,104,311.074071551921,-56.891113900278,,,,,
346531091,104,253.482633100057,-49.6502334448645,0.925479,0.058417,0.82,0.0983282,4961.0
360740665,104,294.608139020795,-57.9833379606162,11.6171,,,,5164.0
229149909,104,27.6095764900643,-49.8665396072072,1.8076,0.0836532,1.15,0.15364,6099.0
246692619,104,283.323256223373,-45.0896454012127,0.507851,0.0165631,0.505761,0.0213533,3494.0
2026217583,104,331.50591676406,-70.6463614723843,,,,,3706.0
1988608917,104,301.330790183868,-63.3743339701248,,,,,3251.0
231670778,104,320.107647800803,-59.2241690786878,1.73365,0.0713895,1.44,0.234071,6744.0
339666028,104,298.951741898468,-64.8169144858485,4.2562,0.227766,1.18,0.174314,6173.0
61211640,104,287.077476340688,-44.7548153587467,0.358399,0.0107235,0.343907,0.020255,3639.0
631910334,104,26.9185717301663,-42.7977980912139,,,,,
55579826,104,271.808522505265,-33.8952345853019,12.1038,,,,4736.0
425952950,104,17.4858684038889,-64.3592103871454,0.87042,0.0448769,1.0,0.127694,5658.0
147472042,104,41.8723625245179,-41.2092296899024,9.08026,,,,5043.38
346528615,104,253.523146347314,-49.9249568169411,,,,,
349803519,104,274.419198135164,-50.722183802348,82.0791,,,,3666.0
2026236167,104,324.493183226316,-70.5868553739531,,,,,
300998506,104,33.3759079783447,-46.914032770248,,,,,
616416406,104,2.19777514003406,-46.1048777555283,,,,,
330808879,104,272.141966671697,-37.7364827325088,13.9614,,,,4547.0
339260356,104,294.547510421186,-64.1332612168221,0.940234,0.0460503,1.05,0.131693,5824.0
219922122,104,282.985272583102,-46.135939056144,29.9037,,,,4159.0
307233955,104,267.598513699765,-62.2804229875686,0.911061,0.0480151,0.95,0.118723,5445.0
1989623389,104,308.496225410124,-48.9977763694422,,,,,
147469370,104,41.5121004811827,-39.3928269942566,1.47095,0.0680654,1.13,0.147942,6061.0
305937755,104,263.784298596313,-60.1594217383477,47.0979,,,,3896.0
87422039,104,273.079730028549,-44.2372036877552,,,,,14832.0
616416353,104,2.26599121133087,-46.1983154638383,,,,,
2055667935,104,358.302756506224,-43.0044818294571,,,,,
1817370203,104,288.339087322672,-53.5101610742356,,,,,
31013316,104,265.369739106092,-44.8909380429233,0.589452,0.018187,0.579396,0.0206909,3254.0
246777498,104,283.968082345063,-44.431319688304,0.485361,0.0147804,0.483402,0.0205498,3612.0
201309703,104,4.26328971369058,-55.8458549804077,0.927617,,,,5231.0
33678125,104,267.032816661026,-42.2867765864586,,,,,
1821589741,104,281.643675236487,-39.6322537190259,,,,,
631995772,104,32.8276115482575,-36.685282698446,,,,,
91446309,104,278.355900105552,-47.4953458882375,29.531,,,,4269.84
375233502,104,283.191484343328,-60.9898973292198,,,,,
632219072,104,23.2878853649805,-27.0956669651802,,,,,
246126150,104,252.420245422004,-47.6729438961659,65.2451,,,,3990.0
467970681,104,289.279308460037,-60.3110061895251,1.46797,0.0642211,1.38,0.223694,6615.9
615952577,104,5.26414560806272,-58.5970312051166,,,,,
57377169,104,272.466022424868,-35.5961763661132,9.57278,,,,4823.0
143506584,104,284.651162987053,-47.1153625039514,0.8327,0.0466457,0.91,0.108832,5289.0
319739812,104,291.946544224389,-54.0282880318485,0.333227,0.0101252,0.314819,0.0203237,2999.0
2055565102,104,354.598184263748,-47.5227607403218,,,,,
152358997,104,44.8041117152849,-38.3783186593456,1.65851,0.0753065,1.37,0.229862,6578.0
409642524,104,268.361449172435,-50.8885533526347,2.86743,0.127319,1.39,0.229083,6631.0
375302625,104,289.992406769782,-61.4585650636432,0.510745,0.0152819,0.508574,0.0203647,3584.0
469235870,104,267.097160740551,-40.2106047931185,0.707053,0.0621106,0.69,0.078133,4387.0
101617327,104,302.236858677384,-51.2389055089916,,,,,6210.0
308241680,104,42.2211705338801,-37.9935423365583,1.76302,0.0958491,0.97,0.123904,5507.0
146251617,104,35.2490374494467,-34.3931439394386,0.18,0.104,0.47,0.03,31000.0
21681319,104,267.811838181002,-47.2979348333545,0.265814,0.0127783,0.238165,0.0229655,3206.0
1988498403,104,303.115332726493,-66.5456471876982,,,,,
144336150,104,356.12188341866,-44.8402306814205,,,,,
466199456,104,302.273348233968,-60.428481357409,,,,,
402066136,104,352.761892434755,-69.0767398244871,1.62383,,,,4848.0
631867397,104,34.7824423086638,-40.9807569072956,,,,,
161335014,104,343.816648115524,-48.4917508351347,1.52599,0.0687563,1.29,0.19713,6403.0
382914770,104,257.972566507197,-47.7072225192705,0.302308,0.00919774,0.279252,0.020268,3421.0
2055243602,104,354.172867976499,-56.3794284027326,,,,,
466231027,104,303.645583936561,-64.4297726509416,3.68557,0.117055,2.02,0.303654,8231.0
123270073,104,28.9177404018098,-33.5914722657584,1.35815,0.0579346,1.08,0.134584,5915.3
267081284,104,359.469698716094,-67.0060606411153,3.45403,0.156394,1.3,0.203691,6430.02
231267979,104,334.667087787087,-53.4446277121737,0.607573,0.018183,0.594224,0.0203577,3418.0
651229047,104,41.2627663720353,-38.9787869764435,,,,,
232062851,104,339.648699826056,-63.5726015904275,8.5285,,,,4900.0
394521800,104,334.951286274604,-65.4881903306335,,,,,
464139856,104,267.546299206091,-40.0904320790594,77.9713,,,,8246.0
381922972,104,351.107624498719,-54.0252433989452,10.5562,,,,4876.0
231021171,104,27.7811,-56.1338,0.19,0.043,0.158,0.048,
118925045,104,274.460258166966,-59.7229993150727,10.809,,,,4651.0
631740693,104,32.8085928243854,-52.2596984898663,,,,,
1818526728,104,283.978400964933,-48.3791940430711,,,,,
119981237,104,278.999208978455,-58.559139512535,6.77052,,,,6814.0
158621007,104,22.4217957193914,-51.7874229317457,1.88079,0.103761,1.18,0.175407,6186.0
140041127,104,329.014355580288,-52.4637585362591,13.6047,,,,5139.0
66410144,104,13.3548971357948,-34.8529239657843,10.462,,,,4729.0
1553024877,104,272.501011329629,-38.7766253717461,,,,,
1924286114,104,295.443603348616,-46.2661385180807,,,,,
41975233,104,22.9765933500756,-39.9567724807971,10.4271,,,,4714.3
128726280,104,299.854180356289,-47.1001990571911,0.18,0.104,0.47,0.03,31000.0
470029678,104,266.884052840694,-40.0650442533094,0.361385,0.0109253,0.347351,0.0203389,3503.0
76522780,104,270.060554737828,-59.8056469002696,10.1957,,,,4749.98
360689837,104,290.745597671906,-54.5380499086957,1.34592,0.0533869,1.32,0.209973,6483.81
1689061912,104,278.009246330509,-65.1640128240533,,,,,
394008336,104,329.526318733669,-56.7057492817532,56.6448,,,,3745.0
197957624,104,347.980381918614,-51.1748217546502,10.5517,,,,4525.0
2026736406,104,320.975934854902,-58.6655299049584,,,,,
231697062,104,327.974002198909,-54.6522212929821,3.21229,0.0921256,2.11,0.31148,8480.0
120197271,104,279.949114068604,-58.8691938952151,15.2898,,,,4588.0
631895031,104,27.6040667652402,-45.9776373098351,,,,,
2055532430,104,354.241470363165,-50.7709475206088,0.454119,0.0572864,0.55,0.090161,3704.0
60299558,104,273.508298981153,-35.5388353108545,0.93718,0.0491457,0.98,0.126494,5545.0
631639126,104,29.6087183863894,-54.3281463166184,,,,,
147455347,104,40.8565254533139,-37.9283410986022,,,,,5281.0
218687058,104,263.126576880826,-45.3031732461904,0.345537,0.0107196,0.329049,0.0205012,3371.0
616539451,104,13.5105703541757,-36.288146742473,,,,,
341498715,104,318.521575289822,-63.7003730186086,0.850332,0.0473618,0.91,0.111547,5290.0
390776553,104,280.811559952135,-42.357422296779,39.5928,,,,3819.0
1923504329,104,294.760981270133,-51.46891188173,0.424156,,0.59,,3855.0
220507581,104,347.156677592328,-59.7365590896034,1.44386,0.0617336,1.37,0.226434,6586.0
632173685,104,27.1277651632377,-30.6366127455557,,,,,
41957773,104,22.3905705171572,-36.0855131155736,1.05585,0.0620126,0.97,0.121929,5521.0
166767005,104,38.0839294975688,-48.8253261442733,8.02416,,,,4776.0
102032194,104,16.0998204725238,-47.9403364869423,50.208,,,,3851.0
381903164,104,270.415426077476,-48.7992077978287,0.734805,0.0487438,0.77,0.0907278,4796.0
206652634,104,23.8847756477883,-59.2115717476069,1.13877,0.0573769,1.03,0.129736,5753.0
1990126832,104,303.285537411344,-49.7824702248529,,,,,
314557634,104,278.846464512306,-38.5353408594524,0.613799,0.0186432,0.599203,0.0205138,3314.0
79283165,104,318.941091039562,-53.263089239436,,,,,8000.0
325275978,104,318.363107286399,-72.5697696469755,0.232651,0.00699803,0.202331,0.0201041,3318.0
16580177,104,264.092596452041,-42.7463217419038,2.13972,,,,8323.0
1818764219,104,289.628610892076,-44.0704242914473,,,,,
246799701,104,283.965421677721,-42.1265720750083,0.914214,0.045789,1.04,0.138584,5805.0
57269920,104,252.970005291599,-49.1150481372334,1.37333,0.0555276,1.31,0.20505,6457.45
265529741,104,330.101034308266,-55.8834867945876,4.09571,0.113593,2.67,0.357347,10351.0
118327447,104,10.5297093404552,-39.2566541702637,45.646,,,,3940.0
85926509,104,271.509477861078,-44.9071575846823,0.385341,0.0121407,0.374841,0.0207465,3023.0
61186487,104,273.94417869953,-32.8997111639861,0.714901,0.0495478,0.79,0.0916753,4845.0
173884686,104,258.293203847235,-55.6145180217816,1.88576,0.0642663,2.14,0.325367,8571.0
320173459,104,293.91397924136,-58.5772200878378,0.723922,0.0530276,0.75,0.0930739,4696.0
304701576,104,281.01952019709,-51.9218105471476,0.627755,0.0187426,0.610168,0.0203308,3856.0
632008382,104,34.8285012078595,-36.2845611225941,,,,,
1512236298,104,269.329796165416,-57.1552982544143,,,,,
360742956,104,294.576354890923,-54.9727499020073,0.594576,0.0317968,0.583641,0.0297713,3773.0
255717096,104,268.672243270538,-50.4460664831506,6.3482,,,,6871.82
2026739298,104,324.395226658596,-59.827276758867,,,,,
214184419,104,260.5229788751,-51.005700947435,0.507901,0.015059,0.50581,0.020267,3586.0
390302720,104,269.465031149389,-49.9964394265589,,,,,
22094130,104,268.18458722425,-46.949785838944,0.826768,0.0487236,0.87,0.103617,5151.0
410034464,104,320.080179710059,-71.2771734452432,9.45457,,,,4801.0
74185907,104,264.670897101107,-59.7067737410425,0.251972,0.00758456,0.222998,0.0201321,3185.0
341359427,104,316.130647494041,-63.9661552352143,1.92979,0.0923014,1.05,0.132622,5817.0
11569869,104,20.1024150882937,-29.5998945372479,2.79671,0.119015,1.592,0.251274,7143.13
352350404,104,300.468590167486,-66.9439648556559,12.3469,,,,4434.0
23817498,104,269.419480734914,-46.6977518701478,23.1568,,,,4255.0
2055593112,104,350.070875251839,-48.0648105192036,,,,,
369984913,104,306.307257151186,-47.491459584278,0.674952,0.0572864,0.68,0.0782185,4362.0
2026673813,104,331.76386608401,-57.2652251662969,,,,,
2054987938,104,347.857001889886,-63.3848277644411,,,,,
216282436,104,258.538595182524,-45.3322467649239,3.31696,0.109126,2.27,0.339758,9004.0
67584818,104,17.1115754209012,-32.7198986972569,0.254,0.059,0.47,0.03,25000.0
201364578,104,5.37890933526432,-57.322849245157,,,,,
33547560,104,27.4897891215852,-29.0408888462417,73.8704,,,,3923.0
616425635,104,0.0890830483945825,-45.8242367459542,,,,,
123267854,104,28.4614402348543,-30.3022038365767,9.00607,,,,4921.0
158637035,104,24.6779742811502,-48.8431928835443,0.281879,0.00847269,0.256083,0.0201708,3186.0
230954760,104,287.213020391575,-54.0381921947642,1.09037,0.049598,1.13,0.150652,6064.0
63620102,104,274.835666465196,-34.9669625533391,4.30948,,,,4828.0
631882764,104,37.6786892151636,-38.320324677371,,,,,
234523773,104,15.6832267920248,-62.593147214101,,,,,
32806786,104,266.360483715012,-47.3230996133327,0.646883,,0.64,,4064.0
235038511,104,354.110344697808,-64.2237689859078,36.956,,,,4020.0
322308377,104,14.9959280309575,-54.4958529112636,1.4383,0.0645578,1.08,0.134922,5917.1
217573000,104,260.607420848878,-42.9112646780415,0.313597,0.00968898,0.292189,0.0203839,3311.0
101176808,104,299.228891085874,-48.3433987883301,1.21773,,0.86,,5120.0
387194629,104,304.727866532382,-57.359100498319,,,,,
631919813,104,32.4888762723961,-41.8584339970985,,,,,
101545420,104,301.933187265328,-50.6873637751282,11.9204,,,,4668.9
155897483,104,4.21169928831203,-49.6277444858488,1.61236,0.0676885,1.37,0.233269,6573.0
62413432,104,274.54850526201,-35.1970064083167,6.74272,,,,4851.0
217304295,104,260.11624634245,-45.6489736029103,0.399346,0.0130688,0.390741,0.0211653,3351.0
63755738,104,275.010651062103,-35.8911985448531,2.69522,0.119548,1.31,0.215117,6450.0
142179287,104,37.8009312149654,-43.5882975682237,1.68726,0.0511281,1.8,0.277098,7684.0
259765082,104,323.215944400006,-64.1499607769754,27.1647,,,,4209.0
119625675,104,277.486403039111,-57.5231415386575,11.4455,,,,4934.0
207089163,104,23.6968378554099,-53.9754117251335,12.4217,,,,4603.0
181165256,104,16.5543626876583,-40.635603287394,3.17467,,,,4946.0
396088871,104,297.202166949565,-67.0304889530289,0.18,0.104,0.47,0.03,31000.0
615820916,104,10.6523716340144,-63.4183503251178,,,,,
387108320,104,283.902128350283,-62.1170646125301,3.44506,0.14601,1.79,0.292847,7659.0
229152539,104,28.2149381395743,-48.0947842062096,0.24616,0.00745374,0.216716,0.0201428,3155.0
319871468,104,292.718721092204,-54.8902477897146,0.602101,0.0178639,0.589799,0.0202679,3785.0
1989357624,104,308.805646370563,-54.2155292688076,,,,,
615895119,104,14.1527102437325,-60.9143844105341,,,,,
374344761,104,299.870929947466,-67.2008554132032,0.713657,0.0710301,0.64,0.0802557,4065.0
197763832,104,326.733517456835,-57.8437963757792,0.837234,0.0421056,0.97,0.120008,5505.41
182455692,104,281.874865407807,-43.016392262582,0.526152,0.0164642,0.523299,0.0208653,3478.0
97467784,104,23.5975406502853,-28.2366718510404,88.6359,,,,3771.0
147426184,104,40.8343308573716,-40.5278971003356,,,,,10073.1
155918800,104,5.31516599642219,-48.2924171154064,2.19271,0.095804,1.27,0.201431,6375.0
217388741,104,260.382825412784,-44.7554964778197,0.443758,0.0149202,0.439851,0.0216238,2993.0
368764305,104,262.209208838448,-49.0160566970519,,,,,
2026510982,104,331.331748306327,-63.8240605547303,,,,,
118433984,104,272.65135774874,-58.1115926090862,0.31864,0.00964354,0.29799,0.0202699,3383.0
120125656,104,279.674221931496,-56.3558786535936,0.351387,0.0311382,0.33581,0.0394534,3277.0
1923339269,104,297.501689183512,-52.6179743556377,,,,,
2026684183,104,330.305485038526,-57.4090106158657,,,,,
410308760,104,299.314274731482,-54.2326826577306,3.4224,0.14662,1.54,0.253172,7001.0
631801463,104,27.9659162977038,-47.6409304453246,,,,,
58011734,104,272.684729022231,-35.3797239757495,3.85543,,,,5202.0
238813498,104,327.357973534558,-63.1144198812461,0.337647,0.0103218,0.319928,0.0203747,3411.0
86519789,104,272.12546696731,-45.7670089688896,,,,,13773.0
469933721,104,350.97717157387,-53.8087413341339,4.30934,0.183478,1.61,0.278641,7191.0
632213914,104,22.0103667102441,-28.786108449861,,,,,
313940604,104,278.398280150708,-39.1472118653234,8.28132,,,,4953.0
466239023,104,303.951637860078,-63.2344841296183,20.9807,,,,4296.0
466202092,104,302.232850683128,-65.4620632023339,,,,,
122015813,104,255.081818820093,-44.8361076288686,,,,,
397245443,104,280.121234324364,-45.7477399762702,2.75495,0.183671,1.43,0.257095,6712.0
2055637389,104,358.585239591306,-47.0056226687702,,,,,
355651607,104,358.551893084691,-55.4745040060501,10.5134,,,,4677.0
101935408,104,13.8085642648145,-43.0485654113266,8.94555,,,,5038.0
325338668,104,335.018423622838,-72.2765546793348,10.44,,,,4781.0
115445124,104,6.61707520123055,-39.5824974569206,59.7212,,,,3815.0
218847461,104,263.389062040923,-44.7242765512595,9.65001,,,,4796.0
370144860,104,310.302347731305,-58.0654811675524,,,,,
321982520,104,2.897658297136,-47.7850698858608,1.01298,0.0558895,0.94,0.117645,5401.0
6726903,104,284.914935928093,-48.0986255349124,2.05606,0.0958493,1.68,0.277361,7369.0
421990667,104,301.076066550014,-56.0466482149384,,,,,
229806012,104,329.63735461964,-53.987631691335,1.84192,0.0665729,1.66,0.267257,7334.0
218462469,104,262.536585370767,-44.7254058255248,0.230752,0.00716248,0.200335,0.0201871,3258.0
1922871290,104,290.271712640481,-60.6879650675077,,,,,
1922530002,104,298.950016144171,-64.5702127965315,,,,,
348340304,104,254.372373963333,-49.394655615603,0.325394,0.0156924,0.305775,0.0246997,3173.0
122542393,104,39.1924054191051,-35.8287912722466,102.906,,,,3379.0
365559943,104,274.003697465458,-61.4844484608756,0.635116,0.0189015,0.615846,0.0202971,3934.0
2026272506,104,326.52708136266,-67.2016917954421,,,,,
122669437,104,42.0285520407095,-35.8390341357387,1.31081,0.0582412,1.18,0.167715,6167.0
616181144,104,14.7341256751424,-50.4089490897117,,,,,
320427375,104,296.100806897904,-55.6665672022189,0.822734,0.0444724,0.92,0.115394,5324.0
123366534,104,31.3370863101757,-32.4019693504031,0.895182,0.0419472,1.05,0.134377,5835.0
234998454,104,350.767372084625,-63.2424359592335,0.152283,0.0046186,0.124357,0.0200386,2863.0
631802513,104,27.7276686509318,-46.9131630892656,,,,,
1701348858,104,272.256706188939,-39.600304953907,0.78174,,1.06,,5874.0
410348210,104,289.814046573224,-69.4145678080763,0.992039,0.0485854,1.04,0.12505,5776.0
631772471,104,34.1586874057782,-48.7851444278807,,,,,
97009571,104,265.381354782912,-51.9025430941462,24.1215,,,,5104.0
31753640,104,265.847277712314,-46.5405098576275,15.0682,,,,4565.0
382463935,104,352.981232741701,-47.2987377758516,,,,,
616220494,104,3.70666405514007,-52.5377109104883,,,,,
234634402,104,250.982008366639,-47.3575756366914,,,,,5013.0
1816721304,104,282.734959403117,-59.5920732789425,,,,,
1923834795,104,294.560435281514,-46.2191588576051,,,,,
234998611,104,350.830019689797,-63.8634820946288,0.812534,0.0433945,0.95,0.119081,5447.0
2027068347,104,336.436982402913,-50.4591520905553,,,,,
2054976416,104,346.20648010361,-65.2564034584534,,,,,
320007483,104,293.214758311826,-58.0223447942391,30.5755,,,,4345.0
632036098,104,30.1955778679955,-34.6289264765916,,,,,
2054843848,104,350.092812913082,-70.0090144981173,,,,,
60890714,104,276.913773543714,-41.6276644948551,0.322417,0.012159,0.302342,0.0219338,3256.0
1819938083,104,288.816445717476,-42.2945425431545,,,,,
337663163,104,274.240589626866,-37.4759170344453,0.4967,0.0150993,0.494785,0.0205347,3638.0
291897342,104,274.279909195775,-47.8301545056227,,,,,
2055614768,104,353.397859125491,-45.8406010609648,,,,,
74184368,104,264.477149313594,-59.4329417761307,64.3186,,,,3804.0
2027015442,104,334.397222041543,-54.4558533712342,,,,,
101932572,104,13.2943541706492,-44.5707943577263,1.43674,0.060603,1.35,0.223702,6548.0
370232454,104,325.679000658388,-58.3892582864535,31.7853,,,,4284.0
139756492,104,323.721142089872,-51.8271775620704,9.91583,,,,5073.0
1990133353,104,300.35653052276,-50.8274739080343,,,,,
80259373,104,7.16963086234196,-44.6245691990706,1.21752,0.0511357,2.13,0.299529,8543.0
219332944,104,338.615136183858,-57.3791369517085,1.23832,0.0535326,1.35,0.214461,6541.0
324315815,104,276.951337005262,-51.5930205856859,1.19565,,1.11,,6019.0
147469769,104,41.4271502126762,-37.1704374951816,1.54898,0.0596759,1.98,0.311907,8140.0
55856763,104,23.150498337059,-27.7442249789424,0.141414,0.00464993,0.11479,0.0200938,2885.0
152319110,104,33.9433122782056,-36.5764619905911,0.204475,0.00705886,0.173437,0.0203669,2835.0
111457688,104,266.615882404184,-39.6509710508434,0.348676,0.0106922,0.332678,0.0204224,3428.0
270315406,104,20.3879568311355,-42.3517598765203,0.869859,0.0471558,0.93,0.123498,5387.0
424941570,104,293.488632387239,-53.4817339608387,0.731653,0.0495276,0.84,0.0987059,5037.21
320783984,104,298.61224924567,-56.050623696311,2.06103,0.221987,2.39,0.330764,9420.0
218585950,104,262.985936223442,-46.0920185744519,51.3679,,,,4064.0
410118578,104,327.554861593197,-69.1531318572871,11.3436,,,,4690.5
206327797,104,354.066152811323,-48.5835376201043,0.575313,0.0174401,0.567463,0.020501,3290.0
161167878,104,339.162416789545,-48.3060493887102,67.8607,,,,3578.0
238171952,104,357.383803843236,-66.2576041490342,1.87142,0.0920827,1.12,0.153546,6022.6
129739691,104,35.1194899020598,-36.4547022366585,0.887838,0.0754146,0.69,0.084831,4429.0
469882306,104,329.697236328438,-70.810393077098,0.322585,0.00967022,0.302535,0.0202181,3274.0
355510058,104,15.6506375771786,-59.8618639084782,7.76341,,,,4698.0
466201150,104,302.351401344428,-63.5141688563383,0.316211,0.00964971,0.295195,0.0203153,3083.0
293482762,104,350.429290209226,-67.1109374331641,,,,,
1923918618,104,291.840493152092,-46.2905987433979,,,,,
632112445,104,20.467424740927,-33.9377574542419,,,,,4520.0
1988303319,104,306.129948291854,-70.0563281748934,,,,,
56584594,104,272.228409476638,-35.6317817721171,0.587373,0.0177939,0.577662,0.0204911,3829.0
129028414,104,301.459606268832,-47.378824571076,9.47084,,,,4922.0
166761226,104,37.7221268064705,-47.9239180953173,,,,,
464422047,104,282.264499770402,-63.2695279866328,2.21364,0.0694899,2.02,0.317317,8239.0
178153166,104,42.5615928653821,-35.8436020988127,10.0296,,,,5178.0
237907939,104,21.4104259730376,-60.3179349058219,,,,,
404027788,104,291.684937562408,-50.0965398541052,10.0942,,,,4961.0
315974151,104,279.933525517024,-39.393066420093,110.411,,,,3706.0
59553392,104,273.25927821215,-35.060860303332,,,,,
75215275,104,266.64837464434,-58.0247477894245,0.670176,,0.69,,4422.0
165124200,104,46.2416569615846,-38.2964171356571,1.20929,0.0545729,1.18,0.162578,6179.0
406274238,104,325.417750492181,-60.6134789535721,33.1343,,,,4289.0
57237703,104,272.337402639077,-33.9894461863,0.777793,,0.62,,3993.0
381042803,104,270.742662275749,-60.3980781559363,0.735119,,0.73,,4615.0
382074000,104,285.401005857885,-66.0282391509675,49.945,,,,3956.0
61648669,104,274.055197643201,-35.2409056978086,152.293,,,,4264.0
1324628915,104,254.832683209484,-52.5005861643556,,,,,
143850430,104,331.273003565689,-50.130762844973,10.6858,,,,5222.9
394007775,104,329.479490037438,-54.9925727180938,,,,,
234512399,104,13.4078235436778,-62.8713612864537,132.601,,,,3320.0
260795157,104,347.58570691705,-68.8388958013867,0.618071,0.0367839,0.76,0.0890751,4745.18
6667908,104,284.404424010798,-52.8501235162365,1.29992,0.0598116,1.18,0.164308,6176.0
347385146,104,253.847879192613,-48.1223074858685,0.735771,0.0587714,0.74,0.0888462,4654.0
1688913422,104,278.09287358887,-66.1454747011812,,,,,
217960854,104,261.439953595055,-47.1571067601348,0.919202,0.0467337,1.0,0.125858,5654.0
1694168491,104,275.496776980212,-46.4734940297097,,,,,
70553218,104,33.3889304026234,-31.5542725937232,1.49047,0.0780377,1.066,0.138222,5880.8
277748318,104,329.91729645127,-64.606737360417,1.9508,0.0678593,1.74,0.274819,7519.0
1988853839,104,312.91190104461,-62.4292377004959,1.90681,0.076201,1.71,0.271787,7445.0
87610100,104,273.233124615713,-46.9333605230996,0.41399,0.012327,0.407182,0.0202721,3535.0
328314357,104,271.168691368735,-40.2745540831063,0.632947,0.0195348,0.61418,0.0206841,3883.0
469947256,104,15.1734766552439,-52.6471670899816,0.41121,0.0123519,0.404077,0.0203514,3507.0
219119796,104,339.977321943661,-54.1264550791913,2.62777,0.108241,2.48,0.344788,9718.0
1988365600,104,301.708549986346,-67.4816829096743,,,,,
87538742,104,272.99373971907,-45.4876919262445,0.65845,,0.73,,4595.0
2055425591,104,344.150261703648,-52.5169671621963,,,,,
389281962,104,262.349870604539,-41.7561271478865,0.493594,,0.56,,3721.0
158623009,104,24.2091479379728,-53.8006491923207,0.172752,0.005254,0.142914,0.0200575,2907.0
277749000,104,330.347552573352,-64.731391361216,0.535098,0.0163837,0.531654,0.0206181,3738.0
41955433,104,22.1883630679458,-38.0095011621073,0.775612,0.0415327,0.97,0.125094,5524.0
1989803410,104,313.211712837263,-49.4136427118471,,,,,
74052889,104,264.376634771585,-56.5939497444539,0.672996,0.0231746,0.644097,0.0220009,3795.0
88139561,104,273.728911609179,-45.2215490258921,1.06048,0.0634297,0.89,0.110145,5225.0
95814516,104,263.714771041098,-50.0262408782269,1.23651,0.0610754,1.1,0.143829,5973.0
632005140,104,37.3396799946958,-35.8573113795413,,,,,
158064206,104,280.377832376318,-48.0946882688921,10.4515,,,,4532.0
246692621,104,283.325066650341,-45.0886643125154,0.38106,0.0124826,0.369951,0.0210988,3483.0
321067696,104,44.2445022992561,-38.0509256300112,1.94799,0.0903767,1.47,0.253058,6815.9
38820440,104,7.18085799539412,-67.6710597760436,,,,,
1699173003,104,274.898984463795,-41.2677367500176,,,,,
337277574,104,268.954799553541,-59.0019725735574,0.969604,,0.99,,5592.0
403221905,104,338.879501488664,-57.2740646043117,,,,,
316340963,104,280.257243662708,-38.2689843186022,0.396878,0.0127103,0.387951,0.0209384,3420.0
102071750,104,17.7100854947563,-46.0039587211534,0.400067,0.0118769,0.391556,0.0202339,3268.0
2055742369,104,347.033057271233,-47.8280715590625,,,,,
1989135068,104,319.005622565242,-54.1334768939482,,,,,
41859749,104,20.4734310117474,-40.0452047251185,1.02067,0.0631457,0.92,0.114024,5331.0
319244608,104,351.331104266096,-56.8489833153605,11.1651,,,,4706.0
1923327491,104,296.025999573342,-53.7057391117088,,,,,
166766868,104,38.0858696158848,-48.0684883466613,3.32024,,,,5022.2
144331448,104,355.821699106839,-45.1578246009962,1.64411,0.0511306,2.32,0.324421,9145.0
2026226405,104,330.238755543612,-69.7324864806995,,,,,
237339854,104,348.27389019468,-61.4524892643965,,,,,
1989494111,104,303.88626020732,-53.2415803453109,,,,,
2026649904,104,327.118933624355,-57.5704791239055,,,,,
616150270,104,10.1416939037354,-50.2600140756078,,,,,
281597526,104,9.00320899700594,-55.2552456515848,0.805032,0.0413593,0.98,0.126603,5575.0
2026639006,104,329.713940450689,-59.1769818849198,,,,,
304932098,104,282.751431695716,-48.7248088254056,1.00683,0.0534195,1.03,0.130487,5763.0
314940056,104,279.137221947487,-37.8324462175093,0.639037,,0.64,,4071.0
216904777,104,259.522724523496,-42.8980356145173,1.55079,0.0426257,2.31,0.334038,9119.0
2026335003,104,331.620659043142,-64.2866659063113,,,,,
215335274,104,42.9559139871746,-36.2914823195163,3.9801,,,,5017.0
118840289,104,274.119005680011,-57.4471341402422,1.58724,0.0590351,1.36,0.221134,6562.49
85645958,104,271.217364415179,-43.2549671288764,49.3187,,,,3940.0
409889015,104,294.22774429621,-69.8168162274185,1.08654,0.054407,0.94,0.123135,5403.0
33444592,104,25.0699392823798,-28.881560682965,,,,,
229098021,104,19.8914091890088,-47.2923242274708,108.965,,,,3472.0
318606698,104,332.554968314394,-71.768385296426,0.239498,0.00720589,0.209582,0.0201136,3197.0
1689485668,104,278.948453442309,-61.1866493893724,,,,,
320003784,104,292.988032607999,-54.165257165033,93.3584,,,,3412.0
219942866,104,289.686795516014,-59.7760731227859,,,,,
339269863,104,294.896683477427,-64.3650290117318,,,,,
7220124,104,32.17947354009,-42.2409010864593,0.311517,0.00947083,0.2898,0.0202829,3454.0
616397280,104,18.4244365634683,-38.5339715059049,,,,,
616117470,104,3.93228904291555,-53.5246952388023,0.994213,0.0480301,1.07,0.132628,5893.0
220015845,104,32.3642734528907,-49.5537080390419,1.4899,0.0668567,1.09,0.139751,5950.0
122557588,104,39.612236472233,-34.6885574225108,0.966593,0.0490577,1.01,0.127808,5692.0
2026310770,104,329.92122159522,-66.9505519636832,,,,,
2026395913,104,326.180812433489,-65.6082634291868,,,,,
32432302,104,27.2890906523025,-34.2948112732976,3.17614,0.148342,1.46,0.245859,6798.1
425718825,104,289.774591242215,-44.9513042645254,0.306225,0.0406058,0.283733,0.0495886,3330.0
1555540448,104,270.096843608299,-35.9675252278012,,,,,
631730733,104,21.8477257279644,-43.4520174575075,,,,,
197978655,104,325.730835895566,-58.0388645415999,0.667284,0.0389146,0.81,0.0933878,4934.06
142316211,104,41.7308179344718,-43.3977357783818,0.838237,0.0732286,0.68,0.0803533,4370.0
2055325409,104,346.997380522582,-52.9176723579117,,,,,
469111368,104,266.798263848332,-37.2762106465747,0.794648,0.0619649,0.72,0.0872521,4557.0
160662807,104,275.252869787939,-50.3292710252988,,,,,
410413679,104,319.572947657385,-55.1297059165724,3.81577,0.210932,1.18,0.163241,6185.59
123368775,104,31.7764508207343,-30.4064365390837,0.320168,0.00966789,0.299749,0.0202589,3350.0
340784762,104,33.777009,-39.792042,,,,,
394586150,104,340.795997866319,-62.2953295855549,0.559873,0.0536633,0.67,0.0805055,4273.58
267061192,104,358.825024284363,-69.3273399095792,0.996974,0.0672487,0.84,0.104737,5029.8
63752207,104,274.932976981359,-35.5356979648136,0.723328,0.0490704,0.79,0.093528,4838.0
631813671,104,33.4052147405346,-45.8815044684396,,,,,
371836821,104,306.068134799487,-66.8960630917438,1.59053,0.0475577,1.81,0.287371,7700.0
410135796,104,339.702446682595,-66.1793682957947,,,,,
175516473,104,45.4674187020322,-37.4395908192619,1.57981,0.0744523,1.17,0.170222,6161.0
419610509,104,320.352057717962,-66.9159388925632,0.800571,0.058304,0.76,0.0882187,4734.0
265438551,104,321.111050776243,-60.6753180267219,1.5674,0.0702261,1.17,0.162921,6159.0
144398582,104,357.577035978585,-47.4537706817666,5.53908,,,,5045.0
412565479,104,261.899067670184,-50.7321426504928,0.41383,0.0126604,0.407003,0.0205295,3553.0
231014229,104,26.529293915745,-55.4109034962532,0.744364,0.0522613,0.78,0.0932501,4816.0
291323158,104,260.90095970796,-56.7495216511769,0.701435,,0.75,,4693.0
469486096,104,269.930726762984,-41.773466273899,24.1866,,,,4659.0
1923928581,104,291.664070689175,-45.7246670926175,,,,,
1816612493,104,287.66526309997,-60.0477408268261,,,,,
231043644,104,28.3618976909256,-55.8911148177337,0.445839,0.0478191,0.61,0.0835783,3906.0
615931560,104,7.87056773027873,-60.2160051547491,,,,,
354606680,104,24.4884433265016,-52.2391360601661,1.03747,0.0837362,0.7,0.0840651,4462.0
327535003,104,270.818859724991,-39.5323214420457,,,,,
118191232,104,271.893200262701,-58.5777376283382,0.66543,,0.73,,4618.0
115243030,104,6.19226606039962,-40.8925018077612,0.153115,0.00475583,0.125096,0.0200599,2874.0
632045167,104,35.8073946706375,-33.146300721891,,,,,
80510448,104,12.8615484015917,-43.5905960213104,0.725017,0.0382311,0.84,0.0987806,5043.05
1923574480,104,292.778819773172,-50.3694377242528,,,,,
32283654,104,24.0322931017606,-29.9821196002346,1.69294,0.098932,1.03,0.125362,5774.0
123368317,104,31.5556888074134,-32.7519462367015,1.07016,0.0658166,0.83,0.100887,5010.0
2026518033,104,332.1376914162,-62.216976838585,,,,,
146281075,104,35.6423276641079,-35.1895334412139,,,,,
91639398,104,39.8352376784082,-39.5279387724648,1.68739,0.0798519,1.12,0.147559,6042.0
382388897,104,289.229977286208,-67.6582154962756,16.2688,,,,4522.0
86026857,104,271.512190089188,-43.1744527527664,2.43911,,1.58,,7111.0
75754937,104,267.968465220253,-58.8369923006839,0.857808,,0.9,,5277.0
91638759,104,39.7164487263061,-36.4896865358386,11.8381,,,,4601.0
337554634,104,274.342167326144,-41.2359112889027,0.810625,0.0435829,0.92,0.121675,5344.0
58115865,104,272.838780115639,-35.5794088816684,18.4311,,,,4743.0
2026484856,104,336.342629317339,-64.1458773735087,,,,,3486.0
423184161,104,293.367995199888,-50.8637502342825,0.58383,0.0174375,0.574691,0.0203402,3759.0
1990353279,104,301.953856521632,-46.8675081188788,,,,,
615811390,104,16.0880483628198,-63.1224001455202,,,,,
425884418,104,359.629511719495,-57.2808333144744,13.1236,,,,5348.0
616400506,104,15.2449936881859,-39.8793405201869,,,,,
632185829,104,25.4899720502183,-27.8879101105334,,,,,
24221393,104,269.744872690384,-44.8644330720568,0.450263,0.014713,0.446834,0.0213042,3592.0
91642889,104,40.7738133321688,-38.7641534501763,1.08684,0.0710553,0.85,0.103328,5072.0
215335145,104,42.8793829618695,-38.8722905228718,0.962005,0.048603,0.99,0.121924,5605.0
308225642,104,40.3738501427308,-39.6809070874773,2.09235,0.106091,1.01,0.129211,5667.0
165124024,104,46.186800995389,-37.4673622232775,2.24422,0.106586,1.1,0.146218,5974.0
345084985,104,277.636431595376,-60.6851733614939,2.06232,,0.92,,5327.0
67643537,104,18.4263894714158,-31.1943624011158,0.757405,0.0452713,0.84,0.0995232,5045.0
260908898,104,259.117366015425,-51.5351770425075,0.562404,0.0171201,0.556276,0.0205495,3742.0
117875006,104,9.96423082216065,-37.4082519901859,4.88339,0.179909,1.89,0.29763,7891.0
1988290438,104,300.034174749612,-70.7589924812804,,,,,
320264006,104,295.294312586737,-56.1167100808407,1.1046,0.0549397,1.08,0.136907,5930.0
363221678,104,266.621831265221,-49.6115134130187,2.30909,0.0727739,2.41,0.317551,9467.0
214492161,104,261.514479019045,-48.1647137479341,0.658545,,0.68,,4329.0
304308206,104,264.005000492572,-51.1790519683928,,,,,3364.0
60925817,104,273.739857349845,-34.0967140778759,0.943024,0.112764,0.54,0.0836924,3679.0
326414365,104,270.404539368804,-36.953075749961,0.355211,0.0109307,0.340227,0.0204644,3294.0
74828242,104,266.025786307698,-58.1257849369381,3.01043,,,,5067.0
631717134,104,24.2404873114249,-45.5928470296802,,,,,
97470230,104,24.1986798576645,-25.3852259363205,0.474595,0.0143029,0.472395,0.0204327,3433.0
281497804,104,6.19320235275939,-58.0142454841568,1.7925,0.0821533,1.51,0.259373,6916.0
277800037,104,344.110501037511,-68.7837567565912,3.08791,0.0941483,2.03,0.30294,8264.0
49617121,104,37.7785734592491,-40.9715895805156,11.2872,,,,4754.9
616044320,104,1.28227085871318,-58.0900639412938,,,,,
101510856,104,301.560783092179,-51.1208195347957,0.968024,,0.96,,5472.0
206360745,104,356.677852786472,-53.9579922377239,0.311641,0.0096024,0.289943,0.0203622,3305.0
2054968505,104,340.018825909733,-64.2124458953532,,,,,
372300399,104,314.667105013785,-70.4221428584284,2.23186,0.105754,1.31,0.220741,6459.0
631648208,104,24.3345532661412,-54.3615868750438,,,,,
257723089,104,37.1454672868487,-32.929083898273,11.3955,,,,4715.0
1694808383,104,276.085997389982,-45.4442626053812,,,,,
61851778,104,289.417846754892,-46.048197840898,,,,,
1989253004,104,303.313934650754,-57.7494472928859,,,,,
216655307,104,259.216384087222,-42.0267577179526,0.21622,0.00817762,0.185288,0.0207127,3115.0
469903573,104,335.342732500566,-52.2483326662457,1.49085,0.066015,1.5,0.256732,6908.34
631615384,104,23.6375627551523,-57.5854737216922,,,,,
2027102142,104,338.075148985484,-50.1064474462377,,,,,
139132083,104,344.425119896739,-47.270262761751,2.71066,0.147638,2.44,0.334617,9595.0
1689820764,104,270.891051977754,-60.2965071066526,,,,,
281597528,104,9.00110614891744,-55.2607874754464,0.705301,0.0503166,0.74,0.0867874,4664.0
281670786,104,10.5593585473354,-56.1555170224544,,,,,
219322317,104,328.318755827507,-55.9853797013948,1.66813,0.0941029,0.97,0.121941,5537.74
237313550,104,343.747522070276,-62.035885746965,,,,,
75465441,104,267.141934548426,-57.8328277169096,0.803271,,0.57,,3756.0
1922424569,104,296.542562546065,-68.4491503173034,,,,,
129739340,104,35.1179670653067,-37.3296382792665,0.232937,0.00767885,0.202632,0.0203751,2823.0
206542524,104,18.3184399481596,-54.4871732353704,0.262297,0.00790712,0.234286,0.0201527,3168.0
2055548658,104,357.049500887009,-49.2612936521038,,,,,
312274666,104,277.112977306935,-38.9956700787844,3.85449,0.138468,2.09,0.320844,8437.0
262335479,104,264.36153995017,-41.2354307526314,3.0875,0.365065,2.05,0.314934,8328.0
117396321,104,9.35671997898063,-39.675620316122,23.7423,,,,4482.0
364071860,104,267.456321227896,-53.3425607259666,0.751965,0.0506985,0.76,0.0852197,4722.0
355706079,104,1.21266715874734,-65.595476008644,0.356843,0.0107976,0.342111,0.020338,3352.0
354133403,104,312.959326607009,-58.3425989752518,1.67046,0.0863518,1.02,0.125733,5713.0
234288549,104,336.165898049445,-65.6214536628541,2.63981,0.0752487,2.67,0.373443,10367.0
616007683,104,17.1839303611781,-55.9832452340749,,,,,
118115269,104,10.0567857822035,-37.5795784078374,2.09196,0.100181,1.16,0.170065,6131.0
396909141,104,267.669255012731,-51.587149110959,0.765246,,0.83,,5021.0
2026377510,104,323.897344693417,-65.4345559036313,,,,,
265592319,104,332.091641698003,-58.409245841211,0.580533,0.0176437,0.571908,0.0205278,4061.0
217157387,104,259.765989689255,-46.6362337002377,0.773539,0.0416231,0.93,0.118111,5380.0
349237367,104,254.782933938268,-52.7215457213566,93.7689,,,,3539.0
213700945,104,258.060974103222,-53.3761152602052,72.852,,,,3385.0
616291914,104,1.38958778336912,-47.7661957445263,,,,,
91596513,104,38.7790986536014,-39.9950199344067,8.39454,,,,4607.0
219920019,104,283.010245948752,-44.6852810584787,3.48176,0.127512,1.76,0.277472,7569.0
129737651,104,35.196144248587,-41.3734638737506,,,,,
406094301,104,283.268241211338,-49.1697567927798,0.85233,,1.06,,5868.0
213547454,104,257.813457836482,-50.1655953424146,2.95804,0.113427,2.46,0.341349,9653.0
197951576,104,346.811560375004,-50.6866855902427,1.64597,0.0727739,1.33,0.212633,6495.0
304985492,104,288.36009075328,-48.4022907765302,15.3966,,,,4708.0
616387609,104,13.2096947770301,-40.0206284662491,,,,,
33785966,104,267.08056019471,-45.0634003236071,0.430487,0.0133768,0.425424,0.0207126,3446.0
332327376,104,272.881843697811,-38.545403856912,0.657067,0.0291179,0.632396,0.0258515,3743.0
328312772,104,271.106587874565,-40.0224732131307,,,,,
389089927,104,333.405234517464,-66.5930036233827,4.99175,,,,5172.0
410397673,104,291.022797234561,-68.3710824819767,28.212,,,,4545.0
79513950,104,322.043910973869,-52.3023973959,27.4886,,,,4499.0
265527315,104,322.10637328176,-64.1029454521912,0.851098,0.0476759,0.89,0.109213,5226.0
139898595,104,326.908271250226,-52.3028362173755,7.23054,,,,4863.0
370284932,104,340.915794218812,-57.4130841426782,12.5171,,,,4887.0
366987377,104,302.115726368278,-57.9245687295933,0.706772,,0.65,,4184.0
315771927,104,279.788197106466,-39.781368718378,0.742266,0.0722412,0.64,0.0812678,4118.0
1989079569,104,314.265793625974,-57.0492531739882,,,,,
91612834,104,39.1491816653227,-37.3146513986581,,,,,
234988643,104,349.503315655171,-61.0036651439774,13.2855,,,,4621.0
327710327,104,331.03231882554,-69.9278101186791,0.350476,0.0104816,0.334758,0.0202413,3491.0
89968940,104,276.218365637356,-46.2152486313235,0.640563,0.0202653,0.620005,0.0209591,3507.0
2055252119,104,359.718189338016,-56.7592676199154,,,,,
360148433,104,353.335541613827,-47.3025632065091,0.885779,0.0455427,0.99,0.124744,5594.0
118273470,104,272.067388041911,-55.69123512054,34.1198,,,,4165.0
160789600,104,275.646755987772,-52.7109464514457,2.59701,0.115517,1.28,0.201111,6386.0
615797904,104,14.9982608478371,-64.6206281234705,,,,,
1817657887,104,282.795373650164,-52.1007022948231,,,,,
220491879,104,344.358396038897,-56.7614808156394,3.18887,,,,5400.0
61965938,104,290.143395173276,-47.258176594333,,,,,
125108479,104,256.328667774766,-47.0690386090514,45.6403,,,,8416.0
631788021,104,27.8367430995815,-49.7318785081173,,,,,
341117200,104,313.49648230139,-61.9654290050461,32.7005,,,,5042.0
32353298,104,25.4610821621524,-32.1564092731726,1.94653,0.0797789,1.46,0.256968,6794.0
236505994,104,251.630465873028,-45.6828575325931,0.780317,,0.65,,4157.0
382276084,104,287.4702840129,-68.4244503810252,4.19402,,,,5059.6
464369466,104,280.679681786216,-60.3618538531226,1.26901,,1.0,,5654.0
91641989,104,40.2435230657531,-39.2313157105297,1.26583,0.0565176,1.27,0.196033,6370.0
651203611,104,40.1311170926049,-44.3261407564233,,,,,
1989642639,104,314.288375374971,-52.6415741009002,,,,,
616271529,104,11.695415066737,-45.1844967108577,,,,,
2055638895,104,359.094616689156,-46.3403368577892,,,,,
180872883,104,15.8273019530569,-41.0211116539167,56.8845,,,,3784.0
97013293,104,265.434532302333,-50.9989831849421,0.187741,0.0156305,0.15706,0.024457,3019.0
2055645192,104,359.511458936947,-45.1118186734596,,,,,
389086101,104,333.147925098411,-66.7236229854144,0.761274,0.0589196,0.71,0.0881905,4510.12
139266474,104,347.4305646332,-47.7581826047095,0.18,0.104,0.47,0.03,31000.0
16439077,104,263.948764371199,-43.0536555693756,0.501965,0.015809,0.499995,0.0209355,3534.0
118322787,104,272.489843176111,-59.0401788258888,33.469,,,,4022.0
469815705,104,304.8081676925,-61.7031065268711,0.759374,0.0442085,0.87,0.108583,5134.0
1922365950,104,293.094730746565,-67.355390552536,,,,,
201732436,104,303.325059273829,-57.2079441162457,,,,,
166284611,104,295.639510460502,-50.66759738748,19.8623,,,,4514.0
21365473,104,267.544886778806,-42.434115606728,0.428976,0.0137655,0.423766,0.0210507,2988.0
62191534,104,291.050545244774,-45.5285891015081,0.719648,0.0715477,0.64,0.0791965,4109.0
259718515,104,322.592738829418,-60.4641383955716,,,,,5927.0
122505769,104,38.1921727545726,-34.3610116173859,0.358127,0.0107885,0.343593,0.0203063,3204.0
267080591,104,359.348804255688,-69.5493416139172,0.588324,0.0174307,0.578457,0.0202549,3956.0
146249468,104,34.7922255298504,-34.346171794198,0.50553,0.0569849,0.61,0.0812648,3916.0
321068771,104,44.4016736657148,-39.0369368087707,1.03358,0.072799,0.83,0.0966479,4999.9
367479174,104,260.169258970283,-57.0767786681245,0.289339,0.0116865,0.264501,0.0220318,3347.0
91638629,104,39.6870292486124,-37.2876551048857,6.11393,,,,4728.0
229157853,104,28.9554509496428,-52.84077320571,1.08866,0.367028,0.806259632,0.0922422,4703.0
469638222,104,270.076886436931,-39.2495707082496,1.73454,0.0720453,1.11,0.145052,6010.88
1689990900,104,278.76088291237,-59.4460938730332,,,,,
147469541,104,41.4640596470078,-38.368516041887,2.3102,,,,5253.0
330361507,104,272.059334794018,-38.7956210058798,,,,,
615839731,104,1.98815144450858,-65.7482705189074,,,,,
1988709006,104,301.104073149787,-60.2278295204338,,,,,
218102429,104,261.793125697644,-46.7161808404357,,,,,3068.0
119275819,104,275.839553493991,-55.8940571072473,11.8817,,,,4757.03
1530325664,104,267.671121133168,-43.2124292497576,,,,,
206528973,104,16.493966888077,-55.6108001903332,0.798027,0.0514448,0.81,0.101799,4918.0
387194885,104,304.701481673083,-56.8991980924422,,,,,9288.0
197936256,104,335.075590481104,-50.3656675296071,15.7442,,,,4525.0
79449320,104,321.518217941963,-51.8139623186609,17.6866,,,,4894.0
63028103,104,274.674054949142,-35.5643879496591,0.745999,0.0529145,0.75,0.0908594,4692.0
318570818,104,332.544206053287,-70.1695889547928,0.573319,0.0169877,0.565754,0.0202576,3606.0
316463600,104,280.309285470654,-41.4399174358875,1.97063,0.0804724,1.22,0.17812,6256.32
1820146934,104,283.289145588285,-43.5601242825386,,,,,
1988363283,104,300.355194647579,-67.8136045933416,,,,,
124584703,104,256.272363780179,-45.5021269820879,2.24973,0.0544045,2.61,0.363752,10150.0
303704858,104,272.608963239025,-62.0022386940204,1.23719,0.0533442,1.09,0.137176,5952.64
161134835,104,338.546107418683,-53.3806096861421,0.926785,0.0485628,0.98,0.122395,5556.0
464650717,104,287.705860216538,-64.9909288239892,1.99531,0.0571432,1.85,0.292242,7804.0
362656996,104,265.93497614927,-50.8230237143851,0.65425,,0.64,,4112.0
259717418,104,322.376553992991,-63.539665640285,3.43125,,,,5111.0
321055264,104,44.1487110001666,-39.7745517664653,6.21581,,,,4951.5
201641317,104,285.278506305844,-58.8917351864407,1.85648,0.091598,1.06,0.132112,5857.0
143698510,104,285.304352350738,-42.9863780504354,0.360746,0.0112018,0.346614,0.0205505,3350.0
122557520,104,39.584114457841,-34.4969260130062,9.78587,,,,4823.0
1989659303,104,315.84429870466,-51.9206313481043,,,,,
32326446,104,266.182662656663,-46.042612199529,3.36774,0.107234,2.61,0.348314,10163.0
270315405,104,20.3871460675548,-42.3525896872254,0.829753,0.0465703,0.89,0.10749,5213.0
63619196,104,274.919566272213,-34.8563805763578,1.98465,0.112311,1.09,0.140795,5953.0
158441902,104,289.213003546235,-51.8873114037273,64.9832,,,,3652.0
138734144,104,33.3243312856391,-36.0611227290859,37.7489,,,,3951.0
201723935,104,302.941108865756,-59.9368765945432,,,,,
2026368416,104,323.773112081687,-66.4174954004275,,,,,
1923795907,104,291.467560498716,-47.7378487347002,,,,,
219309932,104,318.578917322896,-58.1480870214537,0.18,0.104,0.47,0.03,31000.0
1564372072,104,271.129408131734,-34.3287587864271,,,,,
33235691,104,266.697040271789,-44.497093013162,6.11193,,,,4839.0
1922730017,104,296.087055242647,-61.6147939009313,,,,,
79019928,104,315.337789242456,-50.3136570414068,0.429577,0.0128092,0.424425,0.0202971,3499.0
2054943543,104,344.34610478006,-66.7153656470025,,,,,
360680706,104,264.018236030273,-56.4682437779508,,,,,3545.0
651215635,104,44.0769323555407,-40.7971002968414,,,,,
1989175422,104,319.551622494241,-52.1129835965279,,,,,
234522993,104,15.3293069797177,-60.8601480088004,1.7788,0.0765076,1.04,0.128807,5798.62
80418008,104,9.96645998474204,-44.796292437421,10.9563,,,,4560.0
100794584,104,311.612848911692,-50.8055330339088,16.1664,,,,4668.0
1691862279,104,270.179285930932,-53.1908008437093,,,,,
456571272,104,281.84459548821,-59.0380620118552,0.285334,0.0397242,0.259975,0.0481832,3241.0
419610508,104,320.369532568513,-66.918445135636,0.704402,0.0215781,0.666612,0.0206326,3919.0
56486490,104,272.051607448334,-34.9256580673906,1.67297,0.0778593,1.61,0.257608,7205.0
1923059370,104,298.612485275459,-55.7339248329739,,,,,
31209947,104,265.510885789264,-45.2180350977481,0.591957,0.0175971,0.581477,0.0202894,3916.0
303259852,104,263.341456400208,-48.2734681661521,0.417411,0.0132226,0.41099,0.0208857,3267.0
615761467,104,9.11329148622417,-66.700407119373,,,,,
347528090,104,253.964376880629,-48.8671513773787,0.82459,0.049809,0.88,0.108055,5182.0
1922742948,104,299.671688934264,-62.1965917233062,,,,,
631843498,104,36.8728775460492,-44.3858185913723,,,,,
1694551633,104,278.862576165025,-45.862392826449,,,,,
234422202,104,250.764856684971,-46.0702934438208,74.9063,,,,5053.0
129138128,104,302.463600601872,-46.6689209632841,19.1355,,,,4457.0
142207011,104,38.7723964040468,-45.2933676557776,0.791748,0.040309,0.97,0.124926,5519.0
631913736,104,31.6829548964276,-43.5078721272433,,,,,
631820552,104,34.8678830523837,-43.6365819956816,,,,,
1988251441,104,318.433151462131,-66.5051805272475,,,,,
232062375,104,339.624,-65.3785,0.47,0.029,0.526,0.03,
231668062,104,319.716845958763,-56.0624356368716,32.309,,,,4290.6
1689780419,104,273.96676698085,-60.3192277325948,,,,,
63599955,104,278.375769578692,-42.3125136892618,26.4713,,,,4907.0
146246612,104,34.4270348651016,-33.382119799068,6.88182,,,,4642.0
206592567,104,20.9580010103151,-56.6045817406145,13.2148,,,,4677.0
322049520,104,13.4296671622151,-53.3116101125147,0.917688,0.0453216,1.0,0.124457,5639.0
184533570,104,29.7358961255398,-42.9491345083283,62.7964,,,,3882.0
308240938,104,41.731498167345,-38.2238737755205,0.790644,0.0433718,0.9,0.109977,5271.0
129764950,104,35.5762239352716,-36.8643300596265,0.235647,0.00709933,0.205494,0.0201123,2945.0
2026417872,104,329.172229702671,-63.7378216571437,,,,,
324895531,104,282.40476793031,-48.4328783023983,85.7066,,,,3881.0
61135882,104,286.995074699221,-45.9573310622634,1.40161,0.0731834,1.03,0.126633,5760.0
74828497,104,266.038852767134,-58.0100205927472,72.4229,,,,3590.0
2027198493,104,329.59978722541,-51.4117405994212,,,,,
380870688,104,257.256596480457,-46.2773928000664,,,,,
101544692,104,301.898908683695,-51.7507532773914,0.754519,0.0425453,0.87,0.109713,5153.0
308226686,104,40.5275303706486,-38.3836871436733,10.0195,,,,5150.53
351395074,104,307.487229490916,-64.572259242881,,,,,
234506637,104,12.366149,-65.004518,,,,,
631737193,104,31.6570121333594,-52.3316343282949,,,,,
326691890,104,275.004859631184,-52.3659407019969,0.490006,0.0145151,0.488092,0.020255,3618.0
1820267429,104,285.618339614879,-42.5371328688417,,,,,
616414862,104,0.221562934511483,-46.8722853639105,,,,,
331760101,104,272.708489940914,-38.3593231404369,0.231379,0.0123537,0.200994,0.0227833,3091.0
1988688895,104,304.994678717657,-60.07354871602,,,,,
57999266,104,272.686419831545,-33.9550459527017,12.4007,,,,4691.0
1989108137,104,314.986210966409,-55.6237929666696,,,,,
394126943,104,2.70398364752796,-68.5472164131273,1.96151,0.071608,1.77,0.296683,7610.0
96379601,104,264.754631206605,-48.0144965149268,42.6406,,,,3844.0
1922823406,104,294.085495284339,-61.7170464217881,,,,,
1988005856,104,318.693953833069,-72.9209791177132,,,,,
229141941,104,26.3776511794539,-52.5054457602077,0.372439,0.0112055,0.360072,0.0203176,3278.0
394137289,104,4.35330771289342,-66.5656279882085,0.810227,0.0773166,0.64,0.0806165,4071.0
303373299,104,263.333055605589,-51.3629463302586,18.9298,,,,4971.0
101944811,104,14.1576682685462,-45.8987278945894,1.44918,0.0725503,1.0,0.121941,5633.0
101311910,104,300.105531557759,-49.350945589578,10.3771,,,,4720.0
632065839,104,22.6432604171083,-41.4825320112235,,,,,
1407950743,104,268.605115010871,-36.9560867409368,,,,,
306785653,104,266.158727205947,-60.8557739401241,0.895388,0.0631583,0.78,0.0911765,4816.0
200254057,104,294.706394190849,-53.1203376848609,0.18,0.104,0.47,0.03,31000.0
123370279,104,31.8569789649294,-31.1693572100394,15.4548,,,,4511.0
1988693004,104,303.373746081541,-60.4283552344908,,,,,
155950028,104,6.18672418210795,-51.0438647395319,1.37031,0.0536683,1.11,0.133416,6000.89
632233351,104,24.9015504159467,-25.4094259390397,,,,,
219338616,104,354.403927630421,-59.2570898349982,0.685312,,0.71,,4497.0
2026183019,104,337.017128432822,-67.9781077410756,,,,,
411983347,104,291.106513560915,-63.361517124446,,,,,3256.0
247701325,104,254.041378479371,-47.0718006355489,,,,,3063.0
320591159,104,296.956098093569,-54.562149383593,0.18,0.104,0.47,0.03,31000.0
316343772,104,280.279449261083,-39.0884203391201,113.051,,,,3390.0
1523161172,104,262.811474718898,-46.210753010695,,,,,3478.0
1688926366,104,279.153525719845,-66.0025213829929,,,,,
372442457,104,318.374245096786,-69.4983142676146,2.27164,,,,5117.0
175492350,104,45.3338021974259,-39.6878204694319,1.54516,0.0744975,1.05,0.126385,5831.0
229092982,104,19.0501829268184,-42.0097171773318,13.5253,,,,4585.0
365470522,104,273.675191517266,-61.6374045266449,,,,,7771.0
303142114,104,262.023428833476,-49.498719334694,3.89521,0.23244,1.26,0.203941,6358.0
632033821,104,31.302071975323,-35.0556947022533,,,,,
465198843,104,263.499395213832,-39.6686904517702,0.736571,0.057,0.71,0.0843834,4518.0
122555956,104,39.462258897438,-35.5810360024834,0.372376,0.0112531,0.359999,0.0203536,3264.0
214194208,104,260.587565671376,-52.8826837242793,1.13494,0.0520252,1.08,0.137249,5912.0
166464277,104,298.772305302598,-49.8859135223922,2.40278,0.101766,1.55,0.273977,7028.0
146652818,104,42.5587049665019,-42.7146713065269,1.06581,,,,5602.0
212223698,104,255.908950648694,-48.1915228687004,0.69076,0.0211436,0.656904,0.0206111,3747.0
372206004,104,312.917446597473,-66.8467181878289,,,,,
320427373,104,296.103128176475,-55.6653922552375,1.27525,0.0619347,1.22,0.185454,6273.4
1514882411,104,260.266381565019,-53.3285183578048,1.41629,0.0746408,1.05,0.133037,5814.0
615815584,104,10.6648949395592,-64.2974795365203,,,,,
281781140,104,13.0962804122798,-58.06912715534,2.88123,,,,5071.0
220378915,104,320.916496640618,-55.5430175663227,1.28774,0.0522638,1.22,0.175753,6261.87
161265291,104,341.500699790764,-48.46623845806,35.3687,,,,4092.0
89412572,104,275.362914929178,-44.1481687399986,0.814649,0.0416307,1.01,0.13258,5671.0
1922759362,104,299.753788286378,-60.7850534159547,,,,,
165881566,104,1.78013257946461,-46.5242830821465,0.485072,0.0155978,0.48311,0.021168,3555.0
403135040,104,324.652849793015,-65.7942521046116,3.6409,,,,5008.0
374347620,104,301.807635106545,-69.5555289239444,2.71448,,,,8612.0
425907650,104,2.40543322947377,-62.3385928604125,12.503,,,,4694.4
306100488,104,264.368432923699,-60.0466055786332,1.44805,0.0741809,1.05,0.125313,5825.0
123322695,104,30.1397418569858,-30.4242788639679,1.37904,0.0559598,1.431,0.259602,6721.95
220014931,104,32.0885489821961,-53.4911397778059,1.56299,0.0659498,1.48,0.251228,6834.0
303993393,104,278.345916431681,-60.2347493733407,3.61855,0.184287,1.95,0.295601,8039.0
281779297,104,12.9200785092541,-59.2255767278445,0.281865,0.00853212,0.256068,0.0202026,3072.0
1988243562,104,318.48087159123,-67.6021526442012,,,,,
91642377,104,40.2751684974041,-36.4397600438318,0.875546,0.0492286,0.93,0.114312,5385.0
31757325,104,265.905332642996,-45.9713248164632,3.0701,0.107889,2.8,0.387816,10781.0
1689525352,104,271.199128031787,-62.7698921375979,,,,,
102032659,104,16.2561054394037,-45.4351692016526,16.6308,,,,4663.0
246745292,104,283.864842095915,-43.7963849948578,0.318237,0.0141434,0.297526,0.0235162,3290.0
79301672,104,318.841467862652,-51.2757452455833,0.188055,0.00574589,0.157362,0.0200801,3085.0
341293863,104,315.527373375527,-62.846047059737,24.3802,,,,4364.0
100506816,104,308.824360779228,-52.1137174076752,2.09776,0.0786784,1.73,0.281871,7494.0
140459480,104,20.4127492049935,-33.232423488284,15.0237,,,,4545.0
1515407949,104,262.160087070797,-51.7124220777967,,,,,3438.0
143699381,104,285.266497337372,-42.493030867605,0.18,0.104,0.47,0.03,31000.0
631829482,104,32.8529460104347,-43.6934871025268,,,,,
339260231,104,294.544515511771,-63.9154732966391,63.4335,,,,3949.0
616165470,104,19.7392445818491,-50.4517966966911,,,,,
314017939,104,2.35266330878729,-45.7474204026887,10.2405,,,,4854.0
123366600,104,31.3582982994958,-31.9997655574128,0.793345,0.0408291,1.002,0.125924,5647.0
96745934,104,265.034036407716,-49.4100888673702,0.29622,0.0117267,0.27231,0.0219809,3322.0
232058719,104,338.674833111723,-61.1249687541114,7.95699,,,,4828.0
366957316,104,259.393775881744,-54.1039966872595,,,,,3429.0
120506582,104,2.32960835432779,-41.8863985248783,1.66327,0.0789874,1.26,0.203081,6348.8
139876330,104,326.252399313136,-52.464207717851,0.659687,0.0467337,0.79,0.0964508,4855.19
220020423,104,33.0616937864281,-50.5120040836757,0.825786,0.0551458,0.79,0.090889,4874.0
406238813,104,293.138348966926,-51.9826270200111,1.03478,0.0550226,0.99,0.122471,5607.0
142205248,104,38.4372188557944,-46.6437503182442,0.904911,0.0509699,0.95,0.120418,5438.0
101588050,104,302.039787674077,-52.5777964716983,2.62163,0.109033,1.03,0.125741,5745.87
1819385100,104,282.611527383338,-46.7161949145622,,,,,
315652389,104,279.707979567251,-39.2686818878573,1.41826,0.0615578,1.44,0.239435,6745.0
235041061,104,354.272561774845,-65.7828434553597,0.938166,0.0667161,0.74,0.0820951,4669.0
330645968,104,272.226506760509,-40.2020245985147,,,,,5617.0
72586907,104,31.1226927279491,-29.2968031557351,,,,,13400.0
60068392,104,273.543674572737,-32.7929211407579,1.41561,0.124678,0.67,0.0783798,4271.0
389652130,104,277.777679849065,-52.080749844244,0.603743,0.0636859,0.63,0.0841685,4022.0
56171885,104,273.560223730167,-37.7885410285162,,,,,
89058830,104,275.047918688273,-43.4448076846894,13.7993,,,,4701.0
615770865,104,1.55488341670929,-67.3216865535306,,,,,
152357273,104,42.0821188944764,-36.5366758025033,1.58823,0.0717136,1.14,0.150276,6085.0
219990267,104,30.7851744903135,-48.7941862663231,1.95623,0.0656532,1.75,0.284158,7547.0
1988153755,104,314.55738162745,-70.8024797682632,,,,,
229157718,104,28.9246690497279,-52.141674652854,6.2499,,,,4905.24
324141976,104,275.715566594158,-39.43869686214,0.843926,0.0517614,0.87,0.103226,5150.0
2055410049,104,343.153571184958,-53.4519153116154,,,,,
1989351371,104,309.933912771424,-54.584216470358,,,,,
631920720,104,32.1704173161976,-41.934156375785,,,,,
616377890,104,12.6026232954552,-42.7196144779631,,,,,
156016697,104,9.15823615742509,-49.1323259034609,1.74407,0.0752412,1.06,0.128547,5868.0
2054891744,104,355.119754057407,-66.0350657682125,,,,,
138712238,104,32.7146335117735,-36.0974535132613,0.595574,0.0176422,0.584463,0.0202521,3784.0
1692564560,104,273.731092338677,-49.9312976084744,,,,,
372347022,104,315.809029383305,-66.0355345606604,57.0499,,,,3995.0
1989388270,104,311.003466821764,-52.4039560673188,,,,,
1818968298,104,282.03794560344,-46.3329505935725,,,,,
292221964,104,278.560352158217,-66.2792814573995,,,,,4828.0
234500678,104,11.2276950484541,-63.196619358328,52.9247,,,,4007.0
616314349,104,7.21887530329603,-45.8480082697922,,,,,
215336367,104,42.9819379327913,-36.5603949675134,1.32432,0.059799,1.24,0.195421,6317.0
6669806,104,284.672427175139,-53.2786032901385,7.08421,,,,5557.0
382430985,104,289.897747128122,-66.2434080407735,0.771277,,0.77,,4792.0
219952292,104,290.133563725078,-59.6476467522866,,,,,
237910557,104,21.9949070415238,-60.5400829291408,0.346589,0.010464,0.330266,0.0203039,3132.0
631750769,104,29.1984099052,-51.1876820682904,,,,,
324129509,104,268.584729261276,-48.8994286376624,64.8301,,,,3919.95
360226261,104,262.30648736039,-57.433785707584,0.950208,,1.1,,5977.0
350223741,104,356.239006125083,-62.244691370736,0.413064,0.0123971,0.406148,0.0203453,3432.0
116416387,104,7.90178950355249,-40.6319541155575,0.18,0.104,0.47,0.03,31000.0
2055164643,104,344.55299152767,-58.7112145685803,,,,,
2055095349,104,356.844003677837,-59.8519811002756,,,,,
89146361,104,274.996374495159,-47.3016925826353,9.63162,,,,4718.0
80015851,104,297.558586290209,-47.5573892807777,79.6229,,,,3821.0
57122096,104,274.136069367761,-38.0169742331005,11.017,,,,4885.0
234531142,104,250.798827067002,-47.5106370257869,,,,,
632038483,104,33.7845428707386,-35.4346890017362,,,,,
1517297338,104,266.051649699125,-50.3822985124915,,,,,
119624569,104,277.550025690351,-58.2742994541852,0.57976,0.017253,0.571252,0.0203023,3786.0
330163503,104,271.908038125859,-36.9919383873228,1.52827,0.064304,1.33,0.220387,6495.0
63679737,104,278.441268832673,-44.3751621875581,,,,,
1924089866,104,299.592312563893,-52.8225994720837,,,,,
220013641,104,31.9942701282111,-49.1152336423117,10.4852,,,,4611.0
231914436,104,7.48635473995381,-63.4161119957875,,,,,
1816277633,104,283.278801606778,-64.0683590319473,,,,,
201293664,104,3.20937205694743,-57.9126098680059,0.829517,0.0493869,0.93,0.115621,5371.04
260756218,104,347.269414089335,-67.643390824184,,,,,
419571221,104,319.289432831617,-70.0178463703025,0.147,0.111,0.5,0.3,50000.0
2055203406,104,346.505710413563,-56.571724255572,,,,,
261042843,104,269.264366468676,-35.9271452905713,17.4569,,,,4627.0
155967786,104,6.82709851769691,-49.8309962479153,9.19264,,,,4639.0
340785960,104,36.384049921984,-37.0716971646502,0.386731,0.0116468,0.376426,0.0203455,3547.0
2026565294,104,334.251374849318,-60.0622387862327,,,,,
1989246863,104,306.675207210598,-57.3649984841555,,,,,
1988793131,104,315.482634059215,-65.1716150128857,,,,,
262815962,104,348.23320964202,-54.1866929297533,1.85162,0.0505502,2.58,0.332274,10050.0
1692856515,104,279.950771701156,-48.2754439791164,,,,,
161172103,104,339.78500582721,-52.6919713865094,3.36288,0.133598,1.55,0.264311,7038.0
101935230,104,13.7779833041763,-41.9785922253748,32.1364,,,,4195.0
76444175,104,269.786595360334,-55.6136203839166,0.987129,,0.92,,5348.0
406239216,104,293.152175403865,-51.5704811211762,0.843538,0.046809,0.92,0.115361,5315.0
234997844,104,350.917132675482,-61.0173065130973,1.90986,0.0611005,2.11,0.327561,8494.0
17268407,104,264.442200123792,-45.7059871443326,0.609158,0.0180174,0.595497,0.0202351,3765.0
217602397,104,260.855537011049,-43.2742738657404,4.55104,0.331493,2.04,0.328406,8300.0
1816497850,104,288.458176911842,-60.9154745675953,,,,,
80261924,104,7.45723970334919,-47.4737283493964,0.380817,0.0113219,0.369673,0.0202296,3325.0
616085762,104,12.9211006620013,-53.3988502247735,,,,,
76386508,104,269.613802923039,-57.7927763111065,3.47592,,,,4946.0
253598792,104,281.125830838708,-38.7037538494115,0.428085,,0.37,,3348.0
100106657,104,25.2636826867964,-43.8762097464841,2.67606,0.134653,1.0,0.123965,5633.0
260749705,104,346.01425623712,-68.9316881687107,0.18,0.104,0.47,0.03,31000.0
313597293,104,277.99099034243,-37.003279383017,0.620563,,0.6,,3870.0
161382432,104,345.041941060646,-48.1749072625234,,,,,
115275423,104,26.0499315332541,-38.001007592245,1.59898,0.0736281,1.19,0.168129,6189.0
403269435,104,331.569110722161,-63.0335493691105,,,,,
390083427,104,269.039223643434,-50.0268355912014,1.1222,0.072814,0.81,0.0949679,4940.39
152356754,104,42.0780503861103,-39.6367276937174,4.08369,,,,4968.0
365435722,104,273.527121560014,-63.3312210466696,2.16614,0.0926005,1.68,0.272851,7369.0
277690600,104,329.435387637352,-60.359709615531,0.633695,0.0309195,0.614755,0.0276872,3757.0
1816056818,104,286.640380498675,-66.7149701775445,,,,,
1923654441,104,292.014331017261,-50.322645327679,,,,,
265213372,104,302.576784236347,-69.4187329629125,0.722053,,0.86,,5104.0
381855290,104,322.284981612236,-55.1666255738293,26.2487,,,,4404.8
397318031,104,282.522918405423,-43.4643592237424,0.405794,0.0124181,0.398006,0.0205196,3371.0
2055183421,104,349.996008536505,-57.1800694601071,,,,,
1922801129,104,293.09448452703,-61.3360525139556,,,,,
234523931,104,15.5599001631448,-63.3801883473933,0.193748,0.00587163,0.162869,0.0200739,3127.0
616086717,104,13.2025632897661,-52.9403995799939,,,,,
156069347,104,9.61870090122386,-51.0573975734419,6.9236,,,,4805.0
402028212,104,16.8083710093618,-50.0450113124991,1.3715,0.0632362,1.14,0.159141,6093.0
360953746,104,282.881718992164,-62.6470913814214,1.69055,0.0478242,2.21,0.312914,8796.0
253762492,104,282.446667794942,-40.0965799348796,1.66022,0.0786031,1.44,0.252711,6733.0
344369070,104,22.5605775040456,-29.8215258268107,0.316789,0.00962344,0.295859,0.0202889,3362.0
17153995,104,264.42380664236,-42.5180104002029,2.70269,0.197668,1.53,0.287016,6968.0
615889565,104,12.413760324426,-61.2297043026542,,,,,
196372628,104,260.259282506063,-41.880752329919,,,,,3174.0
100826322,104,312.033486844605,-52.5610602905381,3.98636,,,,5174.0
471015392,104,319.359,-49.9244,0.18,0.104,0.47,0.03,31000.0
88354387,104,273.960174772405,-43.1687444062635,6.15869,,,,9676.0
220347029,104,307.68253388904,-57.6070921560017,0.286277,0.00866688,0.26104,0.0202113,3353.0
631675872,104,26.5127542694854,-51.2626849711919,,,,,
1818264260,104,289.930346271755,-49.5247080469401,,,,,
281563487,104,7.28368025429541,-55.6392621785651,7.08451,,,,4850.0
281728055,104,11.6962029858793,-55.6208705364948,2.03287,0.0953367,1.24,0.174005,6297.8
471015348,104,329.788,-55.5075,0.18,0.104,0.47,0.03,31000.0
355634897,104,357.99440844713,-55.1089377054761,,,,,
219938265,104,289.676802888325,-54.1583112656544,0.606751,0.0181442,0.593562,0.0203496,3769.0
2055552426,104,358.833574496966,-48.6775522844051,,,,,
2026147676,104,337.929125899063,-71.2943284203158,,,,,
6670156,104,284.6157026544,-52.9386328547132,4.75535,0.250302,2.81,0.371181,10807.0
1922707073,104,297.239804938547,-62.3885889527766,,,,,
367573078,104,260.210426472315,-54.9269333433216,1.04193,0.0547161,1.0,0.126998,5623.0
341461222,104,317.839243173371,-65.6290561750858,1.24674,0.0544523,1.31,0.204198,6447.0
234500531,104,11.1318918396446,-62.4975898524459,3.62473,0.268236,1.28,0.207438,6397.0
372218461,104,313.110768994389,-67.5992485243107,1.04319,0.0453467,1.17,0.161253,6145.0
58675010,104,272.876747900945,-34.0931298588644,11.565,,,,4854.0
218269694,104,262.075084617072,-47.7267250421656,0.429582,0.0131481,0.424431,0.0205561,3394.0
80430369,104,11.2225664355766,-42.9805176028831,0.787959,0.0492964,0.84,0.104243,5040.0
237319282,104,344.863526685934,-64.1823489742221,50.2727,,,,3499.0
91637471,104,39.5376070546125,-38.7045871228146,1.81484,0.0818217,1.36,0.221526,6572.0
2055322562,104,348.488739889055,-52.9591323793966,,,,,
1817005428,104,282.097632789041,-56.7094055522636,,,,,
293482088,104,350.468777291898,-69.7032905544079,0.956728,0.048995,1.0,0.128992,5633.0
369642765,104,12.5152061321489,-52.137643258105,,,,,
410034006,104,319.905279931868,-71.5183648971414,0.712727,0.0588694,0.72,0.0840398,4550.0
129764433,104,35.4792046597231,-37.9166632927787,11.2054,,,,4578.0
79005538,104,314.892171620102,-53.485104594827,0.6853,0.0559598,0.7,0.081691,4471.0
466279308,104,306.066370311748,-63.8902015228392,3.2167,0.106462,2.1,0.305761,8468.0
631611773,104,20.1940573518588,-58.6238409867675,,,,,
616164345,104,17.7385447206212,-51.152247992385,,,,,
403205635,104,337.797454706772,-57.1531789508504,0.71612,0.053191,0.72,0.0866598,4562.0
62182085,104,274.290853329841,-33.2917675827678,0.643251,0.0210586,0.622044,0.0213563,3042.0
389176778,104,262.315100635837,-40.7468859804153,3.1004,0.150402,2.55,0.340502,9961.0
118801697,104,274.034593955839,-55.1945695275364,9.73939,,,,4751.0
231910539,104,6.88875722667641,-61.9547005750894,0.402849,0.0121407,0.394693,0.0203725,3179.0
119153371,104,275.371393850616,-55.7163358606912,,,,,
632211556,104,22.8591649374346,-29.5469995424113,,,,,
262530871,104,20.5091020082708,-44.424972870514,46.8387,,,,4110.0
89252898,104,275.11837952371,-44.0769088747841,77.8894,,,,3565.0
2055454733,104,342.212137181062,-49.1452224836733,,,,,
74977779,104,266.060228543583,-56.4663698167984,0.743769,,0.69,,4398.0
632122843,104,20.6975727284088,-33.6703264893083,,,,,
158442384,104,289.152834094238,-52.4378122657283,10.6103,,,,4941.0
304125535,104,279.159414569356,-63.8914544302001,10.9038,,,,4754.0
456611043,104,282.366487829897,-58.321076309861,0.376189,0.0365823,0.364375,0.0447596,3271.0
382487441,104,257.804302552402,-42.7571983867585,0.453444,0.0159813,0.450228,0.0222435,3486.0
118194917,104,272.022168498782,-59.8307211426507,10.386,,,,4423.41
320784708,104,298.553315916399,-57.190884320769,0.167865,0.00515193,0.138407,0.0200631,2990.0
61728030,104,289.066267826218,-42.1050429130784,0.147,0.111,0.5,0.3,50000.0
326019623,104,270.233849002856,-39.9736401781952,0.626786,,0.67,,4254.0
2026857444,104,327.531503391131,-52.7680174046127,,,,,
615884358,104,13.6811855626256,-61.9760776920711,,,,,
121472201,104,342.813759793842,-47.7306896912147,8.86579,,,,4476.0
277836064,104,344.814601166743,-68.9941516119732,23.3151,,,,4288.2
446546310,104,286.647961288465,-57.1118366581556,2.77033,0.103809,1.68,0.268732,7387.0
631691092,104,24.3560164591751,-49.4225924228628,,,,,
339525222,104,296.987512751521,-60.9276285565215,0.18,0.104,0.47,0.03,31000.0
112917492,104,269.732031292775,-36.8583748786073,10.9581,,,,5014.0
143295589,104,293.569796641931,-46.6795304771795,24.4456,,,,4483.0
237331910,104,346.788442139467,-63.7873785784875,12.0003,,,,4836.0
30214880,104,264.871783067959,-44.2893163936168,2.76862,0.111611,1.69,0.276306,7398.0
206358152,104,356.01467846945,-53.6873682956234,0.362758,0.0109059,0.348934,0.0202977,3297.0
369004583,104,273.288896242902,-37.7147082238382,0.622783,0.0190616,0.606292,0.0205948,3294.0
406121895,104,286.734113911203,-48.5149410950039,0.547182,0.0163448,0.542713,0.0203464,3740.0
179284364,104,12.7157352511783,-36.1603444608933,0.555727,0.0180062,0.550377,0.0212704,3765.0
464341865,104,280.61031861655,-62.0788838138065,0.72664,,0.85,,5062.0
259718796,104,322.604172163654,-60.2069394423022,6.68453,,,,5028.0
219299142,104,314.947732796295,-54.6135609021576,0.765551,0.0507438,0.8,0.0943468,4903.0
120067807,104,279.642964064702,-57.4479444903807,1.59081,0.0705352,1.09,0.136835,5960.0
615931163,104,7.42407809117796,-60.3301825584461,,,,,
403317759,104,343.082329869569,-63.2652063461835,0.147,0.111,0.5,0.3,50000.0
2055424775,104,345.048009642257,-52.8623454980688,,,,,
375233349,104,283.105648952687,-61.1761311235447,1.51634,0.0617663,1.41,0.24219,6682.0
2026994484,104,339.168610027929,-51.4985841078408,,,,,
389518592,104,277.344578569389,-51.8243875131616,10.9383,,,,4525.0
1816552487,104,281.563811063845,-61.6381713520833,,,,,
253588489,104,280.877650320539,-38.1411081006846,0.293434,0.0155443,0.269143,0.0248765,3372.0
229805551,104,329.752869565784,-55.6343658667965,0.18,0.104,0.47,0.03,31000.0
91642418,104,40.221871188959,-36.1598000494142,0.826442,0.0407035,1.04,0.138082,5791.0
1818426705,104,287.421142740519,-48.1959972132274,,,,,
32573592,104,266.330836899952,-42.4601686341907,0.30977,0.0125454,0.287795,0.0223973,3348.0
326512158,104,268.079079051757,-50.8576874560913,4.30032,0.171377,2.0,0.300377,8183.0
337884646,104,274.994305283155,-40.9571756762013,72.914,,,,3581.0
215335270,104,42.7948889674247,-36.3649996394144,0.351821,0.0106839,0.336312,0.020356,3401.0
74980139,104,266.237673166921,-56.827971233578,11.3241,,,,4780.0
349801741,104,274.282187530557,-50.0095151115085,0.496897,,0.42,,3432.0
166676586,104,34.691757511437,-49.0331478046722,0.869255,0.0478517,0.96,0.123114,5467.0
382039146,104,284.668065592256,-67.9231938049299,0.18,0.104,0.47,0.03,31000.0
370242180,104,328.907893030958,-57.6418429039702,0.18,0.104,0.47,0.03,31000.0
632019487,104,32.1478461223658,-37.3757418650874,,,,,
314937398,104,279.104302343358,-37.220118823624,,,,,
632184531,104,24.9467644122815,-28.6975220827286,,,,,
364637536,104,271.186697321724,-48.3154568732065,0.877055,0.0487714,0.93,0.123097,5366.0
303616959,104,272.002352662288,-60.3503971034734,0.816104,0.0410628,0.95,0.125205,5440.53
262072647,104,264.288965359615,-39.3310238361623,0.525316,0.0158287,0.52251,0.0204416,3198.0
194337855,104,271.130190135634,-34.2009498681955,,,,,
79019442,104,315.243290533862,-50.9830037009664,0.815592,0.0416483,1.02,0.124049,5721.0
220020672,104,32.9810987160929,-49.2201469272007,8.37841,,,,4566.0
206593041,104,21.0176686057808,-54.10495822501,2.02727,0.0838191,1.51,0.262964,6935.0
303783984,104,272.648727608336,-60.1108630504491,3.35018,0.151887,1.76,0.295577,7579.86
281797898,104,13.8867876612424,-56.7412706623061,37.7016,,,,4229.0
217409794,104,260.329194148653,-42.6622168087368,90.7224,,,,3832.0
33547201,104,27.4846665401264,-26.9502959971823,,,,,
61089321,104,286.466939334501,-45.8377816601974,0.257858,0.00772845,0.229414,0.0201252,3317.0
2055642059,104,357.637012857935,-45.85970311795,,,,,
341230464,104,315.091541111909,-61.6133634974052,0.734455,0.0538945,0.73,0.089114,4625.1
316969019,104,356.969075457333,-55.2813048194353,4.49851,,,,5318.0
2054841767,104,352.442461453009,-70.5528892408401,,,,,
631854032,104,35.3606400444455,-43.6654585536791,,,,,
1922596979,104,293.151823712795,-64.290823291621,,,,,
1990108434,104,303.685068590095,-50.9806374700093,,,,,
632051333,104,32.9214472225308,-32.4392510748495,,,,,
246726188,104,283.532829649924,-45.3092065049462,0.41505,0.012605,0.408363,0.0204603,3441.0
262825539,104,348.957559210695,-58.0827360271682,3.32336,,,,4873.0
409644971,104,268.418964188729,-50.1283584092954,0.127,0.027,0.47,0.03,32430.0
1689525316,104,271.084423688249,-62.8050062977744,,,,,
211753228,104,255.206192827144,-49.5120662954704,1.50285,0.0817487,0.95,0.116778,5444.0
2027057357,104,336.020991090745,-51.4312410809687,,,,,
616469308,104,4.66621106157407,-42.1795529274855,,,,,
277873174,104,345.3440438572,-70.2105676587003,0.664005,0.0533669,0.7,0.07922,4444.0
122314621,104,255.274469185905,-45.7011822684773,19.2885,,,,6551.0
466158716,104,296.521789947045,-67.4033599694361,0.417401,0.0126949,0.410979,0.0204775,3459.0
182900208,104,282.237909053733,-46.2722688773774,20.0324,,,,4378.0
147469587,104,41.4208720512229,-38.1587185682087,1.31549,0.0689699,1.09,0.141803,5967.59
631778708,104,35.7639767337771,-47.3761324873729,,,,,
369667376,104,18.7149620624568,-50.2198104402638,2.65135,0.0990752,2.06,0.310876,8339.0
79492963,104,321.893738651016,-50.2470179168299,0.518213,,0.65,,4124.0
261549125,104,259.549437660061,-53.0621363537359,0.427169,0.0128555,0.42178,0.0203853,3519.0
394483121,104,316.055951433906,-55.3330801950043,,,,,
631645185,104,23.4602364519623,-54.9880469461108,,,,,
220378886,104,320.753580144814,-55.4428027479815,10.618,,,,4788.0
616301698,104,6.85204939098393,-47.42416924717,,,,,
1556472020,104,272.638732807376,-37.1254709239078,,,,,
166744141,104,36.8981739036459,-49.8905895738755,8.85623,,,,4737.0
219990365,104,30.7610691462197,-49.3424074790355,0.777286,0.0523543,0.81,0.0964156,4938.0
2026754799,104,323.528600972204,-57.8548490396258,,,,,
1922795471,104,291.786089834996,-62.2187311456139,,,,,
79016952,104,315.180927422202,-53.7390689873691,47.414,,,,3957.0
147458506,104,41.37764035997,-39.3296478031188,11.6557,,,,5047.0
217667184,104,260.816978849369,-47.4681984930054,,,,,
219987193,104,30.1880826471702,-50.930632894577,0.741745,0.0525226,0.77,0.086129,4760.0
119820859,104,278.37279031574,-58.7087785580483,2.49901,0.119216,0.98,0.126366,5547.64
631781991,104,34.4794840713522,-46.845072342026,,,,,
74648456,104,265.559043272719,-57.0972200687336,0.901299,,0.7,,4490.0
280792839,104,359.0212392437,-63.0541307937035,8.28983,,,,4917.0
390782476,104,280.954416996526,-45.1974728360912,0.360989,0.011009,0.346894,0.0204067,3441.0
219989191,104,30.4740014910965,-52.5815609626142,,,,,
362943314,104,266.293847644791,-48.0843130245669,,,,,
2054909667,104,352.070804815415,-65.6752864660641,,,,,
2026684170,104,330.220566719654,-57.4702892333295,,,,,
1816821033,104,282.520704914894,-58.9852170224677,,,,,
616530943,104,10.6691734013113,-36.8572580781872,,,,,
39645058,104,250.342403940836,-48.0230332873755,,,,,
465487700,104,263.755027084431,-40.0258489292355,0.614801,,0.67,,4310.0
234492582,104,9.56208445000783,-64.0646919952028,,,,,
277684343,104,329.140721704455,-63.4425288386371,0.775466,,1.02,,5728.0
160991022,104,276.17994199721,-49.2570154952949,1.29814,0.0647814,1.07,0.144707,5904.0
2055108057,104,351.633995915486,-59.1801726589939,,,,,
406280308,104,326.334323561182,-61.9373277474198,0.644881,0.0645854,0.63,0.084424,4043.0
271520041,104,288.4917669501,-63.1224087302436,0.934534,0.0442211,1.05,0.132941,5825.0
340795327,104,36.767788200785,-36.1704948540473,10.2465,,,,4819.0
229093048,104,19.0760925186838,-42.479886470628,1.57398,0.0661156,1.29,0.203473,6416.0
218094872,104,261.716577632178,-45.8430303455094,,,,,12106.0
409700386,104,332.724511748832,-58.8468706494535,0.608805,0.0185586,0.595214,0.0205537,3787.0
291826240,104,274.390063295746,-43.5365365156949,,,,,3528.0
184533481,104,29.8305539596007,-44.74205366369,2.43759,0.102,1.43,0.23641,6727.97
616193965,104,13.2138922671564,-49.0953191762186,,,,,
425865767,104,320.649298556892,-55.7836625389419,1.36725,0.0577939,1.34,0.223608,6512.0
2026458401,104,326.784355498791,-61.9453785727123,,,,,
229091700,104,3.76218011651209,-45.977682813052,23.1632,,,,4220.0
312641688,104,277.334234872324,-40.4894549705828,0.687785,0.067005,0.65,0.0805206,4162.0
67630561,104,18.2650464298191,-34.6384509472815,0.350373,0.0106315,0.334639,0.0203474,3184.0
631636172,104,25.478610464938,-54.8942513415351,,,,,
2055062941,104,351.65784460104,-62.793522142411,,,,,
402063857,104,352.160529993935,-66.0856756523848,9.64233,,,,4697.0
56698723,104,273.810894483508,-39.6765297914605,0.168233,0.00764279,0.138744,0.0207194,3013.0
1815874404,104,289.172975387401,-69.4780556927255,,,,,
181571472,104,281.068551856775,-44.2209656898039,,,,,
246647528,104,268.998549790545,-39.3100256516706,0.46915,0.0383775,0.466755,0.0423609,3383.0
215480915,104,43.470636605891,-40.1967965815738,0.422508,0.0127396,0.41664,0.0203994,3193.0
101963547,104,15.2121348596211,-47.2008363917619,1.45141,0.0814949,0.89,0.112686,5226.0
76529217,104,270.146647013015,-56.3517850501881,10.54,,,,4739.0
616214259,104,2.00798746454428,-53.1646195129911,,,,,
337659418,104,274.323924246627,-38.1777089820176,59.5127,,,,4864.0
1564370684,104,271.034882093533,-34.3475596947897,,,,,
314438928,104,278.782053356943,-37.5282599878344,0.514259,,0.56,,3737.0
344984627,104,276.997499218131,-64.3130811727299,156.304,,,,3496.0
355765896,104,3.45366258860231,-65.2526654644872,26.1151,,,,4324.0
255766641,104,268.733067591501,-52.855467262976,2.65783,0.103455,1.72,0.270764,7490.0
79111376,104,316.031305243914,-50.7197246620688,,,,,
63687402,104,278.476924687833,-47.5696382579963,0.756817,0.0478342,0.81,0.097633,4948.0
206608071,104,22.2506098235433,-55.6191739379462,2.20473,0.132904,1.24,0.195681,6316.0
376630272,104,292.292442139719,-70.315211611578,1.36234,0.0551382,1.41,0.238679,6675.0
115378564,104,28.4712967888162,-37.7768160830995,3.70357,,,,5206.0
79304698,104,319.154593074757,-52.2078106537096,0.884448,0.0458743,0.95,0.121342,5447.0
86970099,104,272.497762747903,-45.4134755463451,,,,,
1522121371,104,261.708048293564,-47.6412673058254,0.679747,,1.31,,6460.0
313349148,104,277.903052789801,-40.2813755340245,54.7814,,,,3857.19
220021405,104,33.301709072849,-50.0777898156638,0.18,0.104,0.47,0.03,31000.0
87775884,104,273.408456340363,-43.18750535963,3.08238,0.146166,1.17,0.155085,6161.0
631974110,104,27.3179146794766,-37.4671212632855,,,,,
2026283016,104,333.801526882903,-67.4504025335706,,,,,
238815671,104,328.048428359322,-63.5434527905489,,,,,
1989137577,104,316.612657282129,-55.5428676461213,,,,,
291829351,104,274.430432844223,-44.3184728774462,0.504141,0.0150735,0.502133,0.0203562,3477.0
368749230,104,273.095150850772,-40.0299800404337,19.6165,,,,4202.0
616267163,104,11.6721735795193,-46.7080523309651,,,,,
631789691,104,28.9940418308275,-48.7246385977129,,,,,
425850752,104,28.1439091186491,-34.1941998534923,2.306,0.103048,1.41,0.248023,6663.0
234968587,104,349.205741189336,-61.8609675989608,4.28989,,,,4831.0
59781994,104,275.819199072429,-36.7396894352165,0.389533,0.0120409,0.379617,0.0205821,3505.0
122616563,104,41.5674134520321,-35.3630446474913,1.97931,0.0900626,1.3,0.199509,6438.0
2055134778,104,350.494066784021,-60.6122357642313,,,,,
631579807,104,33.4413664145456,-53.3859681608629,,,,,
464381648,104,281.298028547838,-61.0951933293618,40.1054,,,,4222.0
2026648970,104,327.454099743376,-58.0340889268199,,,,,
147864074,104,265.561584734115,-38.8383194247996,0.696301,0.0508468,0.72,0.0801169,4586.0
2055251423,104,352.562147299051,-54.5088417787829,,,,,
184533614,104,29.9117291115775,-42.0305318673129,10.666,,,,4787.0
234291808,104,357.183440154848,-61.2055068352391,16.2695,,,,4429.0
352293033,104,299.135446830057,-70.6738029300592,0.728454,0.0576884,0.72,0.0851171,4551.0
265610450,104,332.110702753754,-59.4878979897187,2.00498,0.0929424,1.26,0.194213,6348.0
262828453,104,349.056390408076,-55.4912376271649,,,,,
56056420,104,273.390966785231,-36.0157650942207,16.476,,,,4501.0
33547942,104,27.5976126261628,-28.4725182821559,0.775323,0.0444724,0.857,0.102758,5102.0
2026083645,104,321.336454310787,-72.3841497581524,,,,,
631933047,104,31.6158822560322,-39.4695881398125,,,,,
326587015,104,270.610712388818,-38.0510228414598,40.6799,,,,4794.0
632033544,104,31.0062980507329,-35.2796747525003,,,,,
467969559,104,285.014863537136,-66.6536202840705,9.78058,,,,5042.0
142218811,104,39.0334987688699,-46.2545234817265,1.80808,0.0832262,1.16,0.154816,6143.0
1924090001,104,299.315703527037,-52.8739875200628,,,,,
1817643690,104,282.136107339185,-52.1689981020651,,,,,
405962430,104,279.586082225541,-45.4150864048502,,,,,
330969603,104,272.37169901775,-38.2901604249669,0.644912,0.0195197,0.6233,0.020474,3966.0
57022735,104,274.178579412843,-36.1027600816437,2.93116,,,,5035.0
111854941,104,269.26413973999,-38.0123653528685,10.1194,,,,4692.0
7146534,104,4.67733591057806,-43.235569410451,13.8788,,,,4528.0
281599553,104,9.07446840775549,-55.4084307263924,0.73412,0.0468895,0.82,0.0977112,4973.0
60893065,104,285.894495204685,-46.8603917162872,0.403431,0.0121848,0.395349,0.0203933,3522.0
2054862812,104,350.571010236291,-68.5500767253843,,,,,
631711311,104,20.8248194747089,-47.5955591632028,,,,,
323859617,104,275.577389722565,-38.6568976303378,35.9117,,,,4148.0
88984406,104,274.922021353012,-45.6991604785008,1.44674,0.0630151,1.18,0.163232,6169.0
421999342,104,301.137369577492,-56.8956205355861,0.18,0.104,0.47,0.03,31000.0
337438474,104,270.764207137416,-51.6490094889658,1.36658,0.0554572,1.36,0.216976,6563.03
367828264,104,260.624342700177,-54.2856539310324,1.42501,0.0566583,1.21,0.182056,6246.52
49593683,104,36.9402225910292,-36.1805291859815,0.410543,0.0123516,0.403331,0.0203656,3435.0
63604066,104,278.384724055795,-43.7613502718861,,,,,
1816641239,104,285.139099195897,-60.4685890900165,,,,,
308241590,104,42.158507103501,-37.4009995950609,1.56062,0.0655326,1.42,0.246482,6705.0
354671857,104,34.1274385139678,-51.5121587503947,,,,,
212130235,104,255.632190641058,-51.5895249500025,0.542785,0.0170364,0.538719,0.0208988,3519.0
469937437,104,1.61377413024843,-49.3434818870747,1.21756,0.0665829,1.0,0.124057,5640.1
2055221879,104,355.940964725855,-58.0932667036984,,,,,
156083158,104,11.0898847151949,-49.7065331926417,3.30932,0.0928794,2.37,0.333997,9319.0
90329267,104,276.562569059365,-43.5181587086415,0.644524,,0.64,,4074.0
234497780,104,10.7705460109799,-62.7660339601227,15.9845,,,,4411.0
616335579,104,15.3054803273486,-45.2991310388618,0.751754,0.0495477,0.8,0.094301,4900.0
1988235270,104,314.141932288971,-67.4237910122516,,,,,
91529289,104,37.0070978502775,-33.8110383963877,1.80891,0.0751885,2.17,0.329504,8669.0
2055207626,104,345.346728470528,-56.2935072960869,,,,,
316851646,104,324.390366322935,-57.9162749233079,0.18,0.104,0.47,0.03,31000.0
229093625,104,18.957943940822,-46.0214590445383,0.328649,0.0130369,0.309532,0.0225014,3309.0
406241063,104,293.166889841651,-49.4514114759286,0.18,0.104,0.47,0.03,31000.0
262826499,104,349.042342219679,-59.7807105657314,1.34414,0.0532186,1.21,0.173711,6233.86
101400947,104,300.599477438084,-51.44565981209,22.9347,,,,4300.0
7186577,104,5.95397530991506,-46.4055480925787,3.39915,,,,4955.0
79281686,104,318.814321414572,-50.689416561041,,,,,5349.0
425934574,104,4.60884801322118,-63.4774948010321,1.10988,0.0499498,1.17,0.159713,6147.0
6401932,104,283.496148433358,-50.2070581568904,0.381018,0.0122071,0.369904,0.0208878,3306.0
616408053,104,17.0743791792904,-37.1997210291042,,,,,
213763444,104,258.11031263898,-50.2689353651855,0.200151,0.00811044,0.169147,0.0207729,3085.0
144067396,104,337.517307670998,-53.5281402970442,10.0696,,,,4645.0
1512364960,104,266.57727890036,-56.4054920970076,,,,,
206617113,104,23.0957613299914,-56.3112890443705,0.249955,0.0075725,0.220811,0.0201506,3204.0
201256434,104,1.72356426110147,-56.8467631059896,7.85306,,,,4662.3
1337147276,104,253.085512994424,-45.3448481179176,,,,,
303994283,104,278.597704271306,-60.2480574096508,0.826227,0.045113,0.93,0.114413,5379.0
387265251,104,311.844319028561,-54.1511239710588,2.14308,0.122713,0.95,0.116569,5432.0
161383683,104,345.21999070348,-52.7541307079289,9.08254,,,,4847.0
60929543,104,273.812889414495,-34.520655137853,20.4421,,,,4300.0
142315970,104,41.7282866194577,-42.159299985667,,,,,
271502836,104,7.74105474556604,-65.8349925329194,0.499378,0.0149809,0.49744,0.0203913,3208.0
382151113,104,285.873473892049,-68.7555725521504,3.22982,0.161447,1.25,0.188215,6338.0
197978847,104,325.899288910236,-57.4191709687335,0.506342,0.0161119,0.504288,0.0210573,3470.0
246812036,104,284.348020436353,-46.427286945665,,,,,
101881636,104,304.33956755862,-53.4509440649578,0.528415,0.0158267,0.525426,0.0203763,3672.0
2055120231,104,349.387131657431,-62.4038844847848,,,,,
615983734,104,14.7521215184167,-55.9542325001778,,,,,
246219940,104,268.453912976875,-38.4555100529194,11.6474,,,,4779.0
231698310,104,330.711113916906,-57.2638220076117,10.3555,,,,4793.0
372042957,104,309.518885179956,-71.6356782683194,,,,,5801.0
91247509,104,277.911464984458,-46.3875624049881,8.46864,,,,4844.6
632036558,104,30.5969318241178,-33.9644294922963,,,,,
100196754,104,306.015888050303,-51.7729813449163,10.995,,,,4726.0
123172979,104,255.578395955926,-44.4474902253713,152.152,,,,3468.0
351347487,104,307.048246866802,-62.4021765649428,1.95679,0.0751885,1.68,0.270959,7390.0
1511323527,104,263.282039370696,-59.7974208302214,0.831828,0.0490452,0.9,0.112493,5274.0
615858463,104,8.86970217686978,-62.9845327431721,,,,,
97474160,104,24.4701110408634,-28.7875780132904,23.777,,,,4417.0
412569483,104,261.775900944789,-50.0031798698239,,,,,
406097753,104,283.304912533268,-51.3866655514065,,,,,
144069454,104,337.955159507933,-49.1753160825977,1.40542,0.0639748,1.2,0.169611,6222.4
403237036,104,330.627553799653,-62.0486196897714,27.2405,,,,4205.0
351333955,104,300.882031367042,-62.8051803684336,,,,,
466307646,104,306.398699507224,-62.3336570674179,0.774532,0.047118,0.86,0.107937,5104.0
327724621,104,331.83824231788,-68.7199645393867,,,,,
380916694,104,270.185023362734,-60.3649663693677,2.13693,0.096181,2.34,0.32135,9238.0
409787089,104,292.402019108162,-64.0014424094833,35.144,,,,4288.0
320533176,104,296.796539451442,-56.6989114453363,0.18,0.104,0.47,0.03,31000.0
1989292897,104,306.653103002116,-54.9294445558579,,,,,
1988253456,104,318.941419448699,-65.996132502086,,,,,
281668790,104,10.4433224968512,-56.5013153672548,2.13752,0.066995,2.04,0.30213,8277.0
631816313,104,35.0325607694048,-45.6588036858754,,,,,
117156423,104,8.9531103181001,-41.7922268630653,0.615022,,0.68,,4320.0
161382691,104,345.12099723463,-48.7302808640419,0.55331,0.0165277,0.548222,0.0203456,3777.0
277774250,104,343.748179938522,-68.418706749017,1.44705,0.0628743,1.41,0.246189,6677.0
1989393204,104,303.047298540886,-56.7385620230402,,,,,5721.0
631791211,104,30.5366149184276,-48.7951969100919,,,,,
1989690158,104,312.703511799484,-50.3060073769725,,,,,
464622430,104,287.493093600208,-63.45983977309,,,,,
1989471435,104,300.600436849155,-54.6101369104392,,,,,
245878670,104,252.301958335486,-45.8398831167182,0.87848,0.0845729,0.66,0.0792354,4199.0
197667960,104,260.554160334299,-41.1212365617401,33.5811,,,,4101.0
80427313,104,10.4630781462316,-42.7097710553775,0.730843,,0.96,,5486.0
2055336803,104,350.043950502535,-52.4861506704285,,,,,
464275366,104,279.237877053108,-61.4931528549264,1.89891,0.0820855,1.67,0.27907,7341.0
152358476,104,42.3978081761921,-36.0224428350928,11.3613,,,,4671.0
632233387,104,25.1207387690621,-25.3624385805501,,,,,
57252620,104,272.360560305069,-35.6292061675959,9.95516,,,,5055.0
201600307,104,285.196503617948,-59.6265978018373,0.817237,0.0498292,0.86,0.106042,5099.0
2026380210,104,322.896412035974,-65.0256818539643,,,,,
380829785,104,269.880567799766,-62.0191307256143,,,,,
32306785,104,24.7597517324952,-35.4168898555531,1.82756,0.0883543,1.29,0.198871,6409.5
2055031552,104,359.762773622519,-65.7512899743853,,,,,
89906206,104,276.032444310758,-43.973202750825,,,,,
1691456433,104,276.781842703538,-52.0749404632016,,,,,
62612026,104,270.043373985011,-43.6700813626794,0.896443,,0.97,,5534.0
394481268,104,315.808108899826,-56.96342931029,0.26461,0.00803623,0.236835,0.020185,3335.0
281728275,104,11.6754375686809,-54.624920188881,0.945159,0.093907,0.76,0.0977038,4745.0
118143776,104,271.900117861885,-54.1499505787432,2.17388,0.0668292,2.04,0.303342,8276.0
231053750,104,30.0704231792854,-55.0127933367829,10.2002,,,,5010.0
464449183,104,282.700220656364,-65.4819407133039,0.882519,0.0479799,0.92,0.114168,5349.0
125776809,104,256.663465396907,-46.4594699493774,0.658173,0.0587513,0.67,0.0794531,4277.0
1989789267,104,312.456229266028,-49.6590038407465,,,,,
616124331,104,8.11520985504257,-53.8952321395282,,,,,
421438914,104,293.340090313961,-45.2717808283266,3.44507,0.1024,2.57,0.334812,10041.0
341364194,104,316.638077534179,-61.9410895750793,0.276162,0.00829512,0.249672,0.0201592,3307.0
234293501,104,357.436408930617,-62.8394876448372,28.8213,,,,4092.0
340794080,104,36.6590684911153,-40.1406114491991,3.06622,,,,5206.0
231708952,104,339.852667753215,-59.8722338052052,0.99855,0.0505779,0.99,0.128241,5612.0
214287288,104,260.955738592446,-48.0894013103882,0.433488,0.0137863,0.428706,0.0209641,3460.0
2055537755,104,355.763665655085,-49.4856087151007,,,,,
1923675476,104,291.398879504383,-49.4777528275258,,,,,
1697707527,104,276.884437946786,-41.2995400444809,,,,,
425863648,104,351.880160362703,-47.4595924426567,4.08759,,,,4855.0
59986941,104,276.150184921639,-40.0025650709159,0.593891,0.0179872,0.583076,0.0204872,3875.0
382535415,104,16.341159059629,-52.8373947218172,1.07177,0.0519875,1.08,0.132737,5917.0
231703102,104,335.530736936584,-58.4785750715331,3.22673,,,,5169.0
41858368,104,20.3160405850868,-40.2073465677584,0.18,0.104,0.47,0.03,31000.0
87778118,104,273.342671475109,-43.6711304462787,0.460988,0.0142124,0.458214,0.0206679,3113.0
197952868,104,347.075365331282,-51.7442325955812,1.9202,0.0685025,1.7,0.266722,7421.0
155966803,104,6.54019495457448,-52.7168221024656,1.39807,0.0648769,1.07,0.132042,5890.0
355650616,104,358.59396044137,-59.6806235290135,0.275048,0.00832574,0.248427,0.0201904,3267.0
1816277253,104,283.093524516416,-64.1815530185962,,,,,
212020694,104,255.511608825494,-50.1808572578963,12.1708,,,,4779.0
206599931,104,21.4389895449712,-58.2443425899161,0.723801,,1.27,,6375.0
32354342,104,25.5856427164638,-33.210734329314,,,,,4469.0
370241283,104,327.66380265907,-59.3569203211055,0.637925,,0.63,,4058.0
33525286,104,26.9190112393968,-29.7231569698915,,,,,14457.0
632057150,104,32.5887067875109,-31.1889490903302,,,,,
2026693948,104,330.901735347052,-57.010053789872,,,,,
382039293,104,284.501909640062,-67.7494679806866,13.5363,,,,5069.0
2055062544,104,352.008828592014,-63.0139540103643,,,,,
100566535,104,309.493513229893,-48.5457212625894,2.02197,0.0872011,2.4,0.325269,9453.0
281594636,104,8.40042749930795,-55.1441520070727,,,,,
281850414,104,14.495469990269,-55.2442337055702,7.9016,,,,4869.0
214192474,104,260.599755453535,-52.5219407073872,4.24753,0.252681,2.37,0.341446,9344.0
421298310,104,261.936497041086,-57.4896635318218,0.556261,0.0172885,0.550852,0.020783,3775.0
469935154,104,355.479207862738,-48.2876718542842,15.4631,,,,4491.0
323871920,104,275.574380326137,-36.4576703659495,18.8449,,,,4491.0
381049631,104,270.87768430167,-62.6080753123309,0.304607,0.0108848,0.281881,0.0212987,3189.0
331131905,104,272.30160955272,-40.2036631856882,66.0438,,,,4159.0
246812769,104,284.296902570614,-45.947661792985,1.46881,,0.95,,5449.0
329574145,104,271.598829678941,-36.0197859621222,0.970132,0.0408442,1.08,0.129734,5923.19
1922994334,104,299.423211351213,-57.2112802445287,,,,,
2026934124,104,323.156659578663,-49.8801356934597,,,,,
161265576,104,341.617887024946,-49.6857894750638,17.8151,,,,4584.0
365362195,104,273.283155189127,-60.1430799205672,1.4976,0.0595327,1.34,0.220424,6516.72
1517420278,104,266.512095037826,-49.80775641701,,,,,
616052019,104,3.50133915714015,-56.2930467127027,,,,,
632100116,104,23.8354512399695,-34.6581822177821,,,,,
616194086,104,13.7201532771005,-48.8917042653645,,,,,
328796264,104,271.443851548071,-36.5761356733753,0.398566,0.0121606,0.389861,0.0204798,3304.0
1816168056,104,288.991072444366,-65.1232335050389,,,,,
166578417,104,305.420983854221,-49.9994169845596,1.45533,0.0573844,1.12,0.150285,6046.55
2054825302,104,356.2353473513,-70.2836565122959,,,,,
1818188995,104,288.421200415835,-50.462006566872,,,,,
465763802,104,282.444287985809,-67.8759905062877,1.92205,0.073397,1.67,0.291975,7362.0
234520819,104,15.1157520858115,-60.2670748361271,2.25205,0.0757613,1.98,0.301445,8130.0
89142278,104,275.047762361575,-45.922246192337,1.66599,0.0729548,0.98,0.126701,5577.48
80427890,104,10.6229190610494,-44.5325355188541,2.82549,0.12505,1.28,0.188588,6391.0
2055376973,104,342.122898024293,-58.5101081572204,,,,,
1923464819,104,292.943216578782,-52.514155339781,,,,,
326594515,104,268.980849471692,-52.8375107529282,,,,,4702.3
469440463,104,269.825510940712,-37.7591235588798,0.855662,0.0534774,0.87,0.105424,5162.0
267061366,104,359.029033130524,-68.6826093488608,10.4361,,,,4880.0
1922480750,104,295.714434205127,-66.3823657555184,,,,,
91611882,104,39.0986909068103,-41.4223047380957,22.5174,,,,4451.0
219315902,104,320.291430574939,-58.5321681933674,2.08899,0.0675754,1.78,0.281599,7621.0
261447382,104,259.518027205768,-50.501272506247,0.857,0.0499498,0.92,0.115385,5340.0
651230515,104,40.5103120223378,-38.6570148119264,,,,,
631683363,104,21.1086668653475,-51.6486747037216,,,,,
212461524,104,256.097791371634,-48.2526133939308,1.55363,,,,4417.0
389732182,104,278.102123259614,-48.872032352304,2.55144,0.127319,1.74,0.29487,7521.8
616350340,104,18.2126894497161,-44.7063287853873,0.801616,0.0497487,0.84,0.0994977,5029.0
1818300070,104,284.972543911731,-49.7640582778266,,,,,
229147081,104,27.2833234091276,-53.0113919398789,10.6905,,,,4936.0
464521243,104,284.989275410886,-62.5791354230283,3.9549,0.142055,2.23,0.32056,8865.0
312265741,104,277.132777844074,-41.4871914053923,0.247266,0.00747892,0.217908,0.020141,3317.0
142151645,104,36.4779682353622,-47.4237366013481,12.1494,,,,4932.0
412468074,104,260.045649019949,-49.9175434686041,1.04667,0.0422864,1.18,0.154548,6172.17
616487706,104,6.33153091932301,-40.4239001754266,,,,,
1990120402,104,303.057341348904,-50.609365471545,,,,,
651224154,104,41.3819539155306,-40.6415921975511,,,,,
161176007,104,340.262696406163,-51.4588432026658,115.123,,,,3438.0
412823807,104,263.089430525314,-51.360112075433,0.544859,0.0165578,0.540607,0.0205338,3589.0
381036825,104,270.505725315764,-61.1884946235306,13.3609,,,,4561.0
218175505,104,261.976806674833,-43.5361582973855,0.450515,0.0141669,0.447104,0.0208712,3536.0
1331310844,104,251.260671014216,-48.2449233137191,,,,,
616168613,104,17.1319785052369,-51.3012048522328,,,,,
260852224,104,349.322320348094,-66.9378997428041,0.774108,0.0610804,0.74,0.0908649,4662.04
632125934,104,21.0991712069116,-32.3714713900033,,,,,
32265123,104,23.2541127305013,-31.7550942631972,0.18,0.104,0.47,0.03,31000.0
122557617,104,39.5810551680438,-34.779938615169,0.823755,0.0451056,0.96,0.124663,5464.0
632172759,104,24.8791664987253,-30.9402415748302,,,,,
120550089,104,3.23943735465803,-41.5797277986779,0.245428,0.00741102,0.215928,0.0201329,3246.0
55622372,104,252.695400574841,-49.2109409280816,1.31611,0.0581407,1.07,0.135553,5890.7
456610988,104,282.382021354862,-58.3712514197716,,,,,
129139339,104,302.681807016713,-47.488137180408,0.695222,,0.69,,4420.0
631685856,104,22.7600408943343,-50.3496418121083,,,,,
1989797905,104,311.720919565018,-49.2248767995422,,,,,
631834067,104,39.1899892888634,-46.7489839330076,,,,,
2026584549,104,329.907017333664,-63.0244672835307,,,,,
58157028,104,275.258400390369,-36.4764130769667,,,,,
220344462,104,307.37531166084,-55.9015666105508,0.543262,0.0191584,0.539154,0.0223635,3745.0
90913281,104,277.483087176363,-47.2205422473278,23.6905,,,,4490.0
120128337,104,279.773350367456,-58.2828117051501,10.6618,,,,4815.0
389753601,104,351.357637487331,-45.4225314455233,2.18848,0.129286,0.91,0.112819,5284.0
1988407871,104,311.377454212687,-67.177680146316,,,,,
62497215,104,270.043603213778,-44.5446258877599,0.277887,0.0166546,0.251603,0.025829,3243.0
229141027,104,26.1101246296844,-48.1880232023556,0.921573,0.0482387,1.07,0.128626,5885.0
616607346,104,19.2993324092774,-34.8604265439968,,,,,
47417325,104,251.416422329106,-48.7738822387017,0.723663,0.046995,0.81,0.0933272,4919.0
214213741,104,260.733486285593,-52.9195186822177,0.345374,0.0150253,0.328861,0.0238444,3196.0
328139558,104,271.155404129322,-36.36553912224,,,,,3630.0
315539817,104,279.519746866481,-38.3129133262166,1.09034,,1.03,,5757.0
355601331,104,357.631900030758,-58.5205924955516,0.37397,0.011179,0.361829,0.0202669,3337.0
61896955,104,289.932555559286,-46.3765731805557,40.734,,,,3945.0
118529448,104,273.216918049607,-54.1807317442402,0.385329,0.0116039,0.374827,0.0203432,3164.0
631728965,104,21.9503682817327,-44.0984569511145,,,,,
303616017,104,271.980206770045,-60.8680282240969,1.91776,0.0882812,1.71,0.290177,7462.27
348699956,104,254.554396820416,-50.7144296650843,0.361302,0.0113443,0.347255,0.0206432,3172.0
355767583,104,4.42132866841761,-60.7992389670339,1.80073,0.0627287,1.72,0.279224,7476.0
160188205,104,6.46235165183453,-46.3265204825709,0.463254,0.0139675,0.460596,0.0204317,3356.0
327382767,104,270.813269789273,-37.2904279092958,,,,,
50854545,104,252.061742076051,-49.6397154396723,0.88057,0.0561056,0.84,0.0988948,5034.0
2026925480,104,321.087721819767,-50.722324370803,,,,,
231014230,104,26.5286568995732,-55.4090986107865,0.892699,0.0462663,0.98,0.123205,5558.0
616249801,104,8.94752377567256,-49.3557776744745,,,,,
61510984,104,288.057066226087,-44.179237487834,,,,,
155896956,104,4.22456054834973,-52.6511498202616,0.914298,,,,5664.51
278661555,104,328.938292890111,-66.1564606795284,10.7385,,,,4844.0
1922849164,104,294.048126713523,-60.5007405060637,,,,,
631811555,104,33.6023638821988,-45.9572981329988,,,,,
2055255527,104,358.828237156348,-55.4294947250629,,,,,
2026297326,104,337.172477109612,-66.5679046276398,,,,,
322052313,104,13.9706882512204,-53.1925404544753,13.7094,,,,4798.0
161356237,104,343.853241699669,-53.8623719840728,2.54321,0.111708,1.95,0.309768,8048.0
32292960,104,24.6360437288314,-32.2496113375155,15.7601,,,,4647.0
632120719,104,22.9163918996453,-32.6113998395254,,,,,
155918174,104,5.3882229931889,-51.7096240291182,0.655867,0.0202206,0.631505,0.0206737,4280.0
306453946,104,264.959750121648,-60.2347323003059,0.888361,,1.0,,5648.0
469999874,104,266.99085239158,-41.709128707997,0.462036,0.0143247,0.459317,0.0207299,3487.0
632073590,104,24.8025089022802,-38.2333671627691,,,,,
471013489,104,298.778458,-52.708,0.18,0.104,0.47,0.03,31000.0
219990367,104,30.7622627447288,-49.3437491917216,0.555534,0.0169055,0.550206,0.0205473,3756.0
1988192042,104,311.744008073412,-69.7509992457344,0.602346,,0.84,,5055.0
389089359,104,333.429859166065,-68.1263821639427,25.6513,,,,4310.0
74095252,104,264.235645477839,-55.1378875281276,2.90655,0.0810452,2.48,0.347721,9710.0
183595451,104,18.1893018271913,-37.8564773036209,2.5826,0.111673,1.59,0.268402,7147.0
70553662,104,33.5309829503276,-31.12245290157,0.443938,0.0133548,0.440045,0.0203954,3368.0
1696935440,104,277.571827059792,-44.0164931823705,,,,,
1525029054,104,261.137708688235,-44.3949900813729,,,,,3411.0
74428585,104,265.194245503147,-58.7814035539244,0.70224,,0.7,,4444.0
253965605,104,284.284435241464,-40.9363190787021,0.728143,0.0561256,0.71,0.0830152,4512.0
1816194934,104,288.84659213795,-64.0213839873966,,,,,
1988831955,104,313.186894948968,-64.3382115806969,,,,,
424881855,104,291.588492770154,-53.7249987734381,0.18,0.104,0.47,0.03,31000.0
100103909,104,24.8508130855291,-47.0808737785761,7.9506,,,,4716.0
651235858,104,44.3044575521654,-40.6504744620006,,,,,
1989258883,104,303.664686901181,-56.9171474667684,,,,,
75159458,104,266.596318715274,-56.9577748014179,0.586674,0.0174334,0.577078,0.0202861,3737.0
616360655,104,18.7346174408534,-41.192332210705,,,,,
6351409,104,283.435468029784,-48.8078077968786,0.524459,0.0157936,0.521701,0.0204352,3861.0
389050165,104,333.225430165651,-65.4789563852506,0.805169,0.0472613,0.89,0.115674,5230.0
469323279,104,267.968632269281,-38.9916472103603,10.9452,,,,4707.0
1694192975,104,273.908092186154,-46.9666242435194,,,,,
160226187,104,28.2358811261478,-44.8281057999774,0.788598,0.0505779,0.82,0.0959695,4986.0
2027046157,104,337.482885294846,-53.9566144635999,,,,,
229142326,104,26.5260975504023,-53.522035529427,2.2676,0.102686,2.3,0.315931,9110.0
651226077,104,41.9916257132408,-39.4373288552719,,,,,
200179607,104,279.531831258658,-50.5746043052142,0.505349,0.0150975,0.503318,0.0203478,3493.0
246207021,104,268.428944661005,-37.0429363325013,5.79668,,,,5511.0
161333043,104,343.310155960511,-53.0894513620595,5.9615,,,,4891.0
220502315,104,346.252528175259,-58.7755208911877,1.72089,0.0489146,2.4,0.31997,9440.0
382827107,104,258.09511790968,-46.3324313459058,0.732591,0.0527738,0.94,0.118813,5408.0
466203577,104,302.542283228125,-63.6230455829051,2.56797,0.0782287,2.08,0.309967,8394.0
1989070678,104,312.958348463253,-58.3420267609658,,,,,
419608598,104,320.359479376146,-71.3682542103645,0.81596,0.0524623,0.83,0.101031,5017.0
237322105,104,345.162989993384,-65.6645953961576,1.91715,0.075289,1.55,0.26351,7039.0
464511838,104,284.65186821505,-60.2005531977331,33.5208,,,,4324.0
303696290,104,272.145060139972,-63.6685586797613,2.70167,0.0904977,1.81,0.300183,7701.0
262020326,104,323.719821631837,-72.1738258738701,2.02875,0.0903845,1.25,0.19073,6327.0
230962153,104,287.666069296018,-58.0888574229661,1.98999,0.0802889,1.14,0.145373,6087.3
403223511,104,338.921645733236,-55.7467692669593,0.635444,0.0658794,0.63,0.0819473,4030.0
383036056,104,258.190571702364,-45.4600206545664,0.604649,0.0179576,0.591866,0.0202781,3906.0
144460942,104,0.00840826662154308,-45.7619920922774,12.3805,,,,4629.0
371836310,104,305.791111517911,-65.9147886686258,12.5713,,,,4629.75
144062865,104,337.275082293422,-48.6654795825889,0.690014,0.0550854,0.69,0.0832955,4424.0
1989602123,104,307.813904642773,-50.9636645637011,,,,,
91639161,104,39.8049926951709,-38.0805779439449,1.29228,0.0596758,1.15,0.150684,6110.0
144000552,104,336.390325059748,-53.484491243446,5.37276,,,,4819.0
74601314,104,265.32633468803,-58.3153305348143,0.346166,0.0142858,0.329777,0.0232157,3475.0
2026876023,104,321.395411580937,-54.4843947140661,,,,,
1989493526,104,304.093703510452,-53.2049210438048,,,,,
215257015,104,42.4970576612966,-37.1694564301763,2.37004,0.113447,1.3,0.201504,6425.0
389078407,104,333.739650234205,-63.6959212507424,0.18,0.104,0.47,0.03,31000.0
253844234,104,283.197475850257,-39.2478651607008,0.819397,0.0544045,0.82,0.0955575,4966.0
101931487,104,13.1445656478484,-45.3543364720666,2.00963,0.0825,1.78,0.295,7625.0
174129659,104,258.733860602833,-56.0335517352153,1.49518,,0.98,,5567.0
260853064,104,349.504767754828,-67.8620167240307,0.758637,0.0623869,0.72,0.0851002,4562.3
341226831,104,314.845737134654,-65.9751898589853,0.909612,0.0442588,1.05,0.138351,5814.0
1526774887,104,269.059794949607,-46.3508338750318,,,,,
1989269000,104,307.541213910624,-56.7681994844793,,,,,
320809361,104,298.796356400127,-53.9946314730263,0.855953,0.0598895,0.77,0.0953107,4770.1
140432638,104,20.2753138046821,-35.6082193137585,11.8274,,,,4972.0
1989075414,104,313.897288819204,-57.8295044539575,,,,,
355688872,104,0.793091103792304,-65.9366253276293,1.58871,,,,4907.0
464342159,104,280.621023358945,-62.3254387374193,12.1378,,,,4664.0
144277475,104,353.855543957264,-47.7241812360427,7.20951,,,,4540.0
139284419,104,347.808287259098,-47.6214233444231,5.52027,,,,4995.0
616297480,104,3.24752391755578,-47.0932238936298,,,,,
271503364,104,7.72286214149398,-63.2751347649557,18.1547,,,,4472.0
412556742,104,261.824739042142,-52.6038777103836,,,,,3273.0
351555699,104,309.362391296019,-64.8875958005451,0.18,0.104,0.47,0.03,31000.0
1698462156,104,271.707977161093,-43.4247501699949,,,,,
161291020,104,342.758573465549,-50.1921166207623,,,,,
86140963,104,271.707886731857,-43.4252228388605,,,,,7745.0
1990118173,104,302.13345108461,-50.6875069622835,,,,,
360736086,104,290.609173078232,-55.8679467891288,0.18,0.104,0.47,0.03,31000.0
112080455,104,269.243423151451,-41.6270531155255,0.399958,0.0126184,0.391433,0.0208004,3307.0
254113637,104,286.295724795303,-40.7171366357031,1.00116,0.0662513,0.82,0.0988571,4954.0
144325359,104,355.253033749423,-44.9550438494529,0.282349,0.00853486,0.256613,0.0201971,3371.0
303781888,104,272.481412040642,-60.8828772456457,3.48017,0.175643,1.76,0.302863,7585.42
616205743,104,19.4140336236251,-47.3529886979373,,,,,
76225848,104,269.313944173269,-57.071731664836,0.724426,,0.69,,4395.0
22411379,104,268.26224831515,-46.2058594524488,0.643349,0.0330812,0.622117,0.0287908,3804.0
144455250,104,359.600343917062,-43.9329447193843,7.5483,,,,4954.0
219123085,104,342.033222531647,-58.2691649810326,7.99419,,,,4776.0
1988206397,104,311.814481974229,-69.0856340959238,,,,,
631874357,104,39.5948101933078,-40.6366136157035,,,,,
2026510306,104,333.434804150216,-62.8090990823683,,,,,
1922719268,104,294.860897883468,-62.1719331363373,,,,,
351475845,104,308.895205460399,-60.5817528739531,1.75572,0.0631583,1.64,0.279843,7273.0
396967536,104,267.816312522926,-48.5145371571089,0.752277,,0.65,,4138.0
58066079,104,275.184026893978,-37.4515906940653,0.938473,0.0506709,0.98,0.119201,5561.0
631982051,104,35.6352434616171,-39.6177708829596,,,,,
1689709788,104,277.04739382488,-60.2761054521673,,,,,
76068281,104,268.806531410125,-58.428094554134,21.3939,,,,4373.0
161313103,104,343.26650547421,-53.9302143456306,7.3519,,,,4926.0
2055453549,104,342.532432398306,-49.6999876225585,,,,,
124488170,104,256.299846889567,-46.2592172601018,0.682635,0.0220684,0.651074,0.0212308,3310.0
313845878,104,278.345854002503,-41.2510059545236,0.640252,,0.63,,4043.0
312998047,104,277.580081054613,-40.6411317446996,0.301674,0.0135465,0.278528,0.023242,3347.0
424745213,104,290.599953379596,-52.5106246104548,0.733426,0.0476759,0.8,0.0935688,4893.0
49618208,104,37.9681577956187,-36.9261114117284,19.7145,,,,4646.0
616362127,104,19.3468359815759,-41.3358766012872,,,,,
1513538795,104,266.067092465021,-55.4347481344696,,,,,
631627023,104,21.6128342316223,-55.7050510666498,,,,,
363714441,104,267.027479958476,-51.3866832414915,0.321946,0.0132859,0.301799,0.0227926,3167.0
466131866,104,295.999894427734,-66.2975260925583,,,,,5973.0
1688923845,104,278.815167253092,-66.2257636294898,,,,,
2055563072,104,354.515346511873,-48.5702103263527,,,,,
139839225,104,325.186697812637,-51.4039973985189,,,,,
2026069132,104,328.224061270266,-72.1188874881689,,,,,
631869181,104,37.1864793582395,-40.8344077928358,,,,,
616486168,104,5.37662022181106,-41.506255816812,,,,,
1689398968,104,272.6098261826,-62.8628733239175,,,,,
44837913,104,251.073666899457,-48.3134753983541,2.19024,,,,8527.0
2055520335,104,359.125370721451,-50.9431537007195,,,,,
368561968,104,267.885549179065,-40.7724632219763,61.6761,,,,3738.0
80262280,104,7.5707624668213,-46.5393120991865,0.147,0.111,0.5,0.3,50000.0
91638961,104,39.7709494992587,-36.7838210872378,1.48941,0.0989497,1.25,0.181948,6325.0
355706675,104,1.29081327540501,-62.8452205313628,1.39182,0.0577487,1.13,0.147819,6064.24
115276426,104,26.2284879407803,-39.6981273062931,0.319655,0.00964408,0.299159,0.0202527,3324.0
166746526,104,37.3021811093007,-49.5187683167319,1.21267,0.0554924,1.04,0.129462,5796.0
305068061,104,289.821647442748,-51.4524586201118,1.12859,0.0631457,0.94,0.119099,5407.0
1922882348,104,291.36153956419,-60.3768613890842,,,,,
129083414,104,302.342479864231,-47.170775675919,71.2851,,,,3479.0
67544782,104,15.4662737326506,-35.306698410724,,,,,
308241696,104,42.2331707707676,-38.0907405318193,2.04604,0.096181,1.21,0.177145,6253.0
1988808729,104,317.314297372075,-64.5762678027126,,,,,
1990344106,104,302.24509886168,-46.8762878255713,,,,,
466271134,104,305.445251424305,-65.2972237122682,0.898025,,,,5144.0
38936883,104,10.082933521507,-66.4252593398063,57.413,,,,3824.0
76068777,104,268.730780677137,-58.1976964191554,0.649842,,0.66,,4241.0
471015362,104,319.922,-49.5667,0.18,0.104,0.47,0.03,31000.0
161440007,104,345.722357082859,-49.0638601413123,10.8406,,,,4687.0
2026902957,104,324.187389615241,-51.965887852629,,,,,
320055780,104,293.538607357085,-55.2804865665171,0.18,0.104,0.47,0.03,31000.0
318515412,104,325.774798446549,-69.1690417215953,0.497201,0.0240566,0.495283,0.0276984,3633.0
101778771,104,303.437288309228,-50.1742013580392,11.3751,,,,4590.0
148197440,104,265.580029770479,-41.3847941535541,0.292025,0.0106363,0.267544,0.0213055,2901.0
412539031,104,261.889885604329,-53.222499811462,83.0711,,,,3552.0
390217784,104,269.433864869453,-52.4485096474821,1.38698,0.0697889,1.38,0.232571,6605.0
321052371,104,43.8244214617484,-36.4288761966219,1.49023,0.066799,1.19,0.169566,6199.0
122556055,104,39.5086566290654,-34.9525113660456,0.79101,0.0498467,0.8,0.0975413,4883.0
231626393,104,316.96342196445,-54.2165169749513,1.67427,0.0529145,1.73,0.290552,7502.0
382384315,104,289.119211758113,-69.1908269326779,5.2301,,,,8052.0
143359172,104,294.036232696778,-46.1513580369627,36.0542,,,,4030.0
631955457,104,28.0873700533425,-41.6080386323114,,,,,
143821840,104,330.914829553294,-50.9767211123311,0.864964,0.077706,0.67,0.0793766,4264.0
323763802,104,275.539921654996,-40.7737039593682,31.7254,,,,4257.0
464375439,104,280.905571262093,-64.5514259957298,11.0208,,,,5082.0
351351752,104,307.20009118887,-60.7670371072424,0.800887,0.0453618,0.92,0.117079,5317.0
325077739,104,294.504863503418,-66.5071684164131,42.417,,,,4034.0
147458631,104,41.3381853747399,-39.9818081257716,1.95634,0.094872,1.11,0.150056,6014.0
394134586,104,3.93117690643197,-67.9933477361362,0.352722,0.0105451,0.337353,0.0202416,3461.0
651216886,104,41.2344726891478,-42.5409455708157,,,,,
1923948219,104,293.415381456215,-44.5963935693997,,,,,
421432683,104,293.058343277553,-44.5463826402635,1.63023,0.0667538,1.21,0.173917,6237.0
339825979,104,279.961216970191,-42.347140989395,1.13741,0.0553292,1.04,0.123351,5788.0
67654818,104,19.2890890515427,-29.9832688813536,10.1166,,,,5036.0
237886201,104,20.5882437598332,-61.329421041507,78.4651,,,,3714.0
271520198,104,288.477570526519,-62.9581906723816,0.941157,0.06799,0.77,0.0950056,4788.0
180551159,104,15.3923997476539,-38.2147734411639,4.90259,,,,5084.0
74830552,104,265.985812755172,-57.1936998731609,0.299336,0.0116228,0.27586,0.0218711,3274.0
382433458,104,290.253974942287,-69.1321985003323,1.70241,,,,6314.2
75067378,104,266.45190762218,-58.3869119123063,0.690159,,0.67,,4314.0
218275564,104,262.237055043257,-47.3063926044217,0.390711,0.0126568,0.380956,0.0210297,3652.0
1988691696,104,302.149157589737,-60.739194901123,,,,,
61724376,104,288.952616825892,-44.5006530702371,2.06756,0.0993316,1.04,0.125784,5780.0
231914259,104,7.60708785530225,-62.6004547495336,,,,,
220484486,104,343.36159608162,-58.7705239308235,0.75575,0.0501634,0.79,0.0955605,4865.0
231708574,104,339.759619957584,-58.2286200530321,14.9878,,,,4359.0
292414863,104,281.216450350835,-67.5058406374135,8.91421,,,,4732.0
201309830,104,4.23308108307912,-56.466031515394,,,,,
1512444632,104,265.410241359221,-57.8915518895559,,,,,
403191366,104,337.256039460887,-59.2306849324762,1.99181,0.0851759,1.52,0.263665,6958.0
100605981,104,309.683171544312,-49.4518254803584,1.2566,0.0545527,1.34,0.210576,6510.0
66492282,104,15.13095012586,-35.0028573453608,10.0695,,,,4555.0
2055036044,104,357.912994979945,-64.7169227431425,,,,,
149865837,104,265.944387306342,-39.6145019590972,0.272421,0.0114082,0.245497,0.0220128,3084.0
1523340238,104,261.779736467136,-46.4576900357108,,,,,
406280054,104,326.398044685358,-62.6276414858972,0.18,0.104,0.47,0.03,31000.0
1817412271,104,281.049809578877,-55.4572307381465,,,,,
464413645,104,281.845385544364,-60.3751019151841,3.67978,0.176716,2.53,0.357529,9899.0
217549035,104,260.579840404863,-45.2392523921602,0.72016,0.0633165,0.68,0.0809169,4324.0
218586391,104,262.954577551478,-46.0367838543202,44.7607,,,,5726.0
324150685,104,275.617870699806,-41.5347467918263,0.321959,0.0151432,0.301813,0.0242827,3250.0
219262080,104,309.009836513423,-54.9414036678492,1.04211,0.0410854,1.17,0.161518,6157.42
412064277,104,0.369138711670641,-67.9420293371159,56.1112,,,,3966.0
77111094,104,34.8314712991452,-36.0355707706744,1.41564,0.0708442,0.96,0.125845,5493.2
615903610,104,12.8049999870893,-60.1446140608216,,,,,
322009100,104,3.2199914165729,-44.107507141048,0.566122,0.0168257,0.559528,0.0202906,3271.0
364707624,104,271.454962101811,-51.2656355162318,0.639129,,1.05,,5821.0
143514022,104,284.717548226572,-42.574211820043,0.687434,0.0306139,0.654523,0.0260575,3877.0
631840975,104,38.7218694586366,-45.2200763142518,,,,,
1689050933,104,277.909013787298,-65.2207475951804,,,,,
229115773,104,18.1636131062059,-49.7684802584465,,,,,
372442214,104,318.33541943367,-70.1262510229822,84.7803,,,,3781.0
165918231,104,31.3107874436228,-42.7140755901899,3.17546,0.136493,1.48,0.2451,6850.0
216770648,104,259.093450861339,-47.5771762883734,,,,,
41863376,104,21.0839938638309,-38.9171578393308,2.16891,0.0918693,1.35,0.221289,6548.0
237172742,104,251.759021761627,-46.7230303654157,1.05411,0.0911759,0.68,0.0782825,4355.0
123404420,104,32.2499176322732,-31.1060248752295,0.880946,0.0467337,1.05,0.122487,5812.0
182899052,104,282.223943568126,-42.9048100207004,0.342352,0.0104459,0.325368,0.0203717,3295.0
142168919,104,37.1343011581905,-41.99281997129,0.940581,0.0522739,1.0,0.127409,5624.0
1689452952,104,278.291002340355,-61.6164746296946,,,,,
232859848,104,250.320102084601,-47.2269821600465,146.88,,,,5513.0
75917268,104,268.119305356203,-58.937179175828,0.722408,,0.66,,4222.0
394495632,104,321.191041542263,-57.2571821669132,3.62078,0.100274,1.83,0.297813,7754.0
219338105,104,354.575255244942,-56.83528259622,11.8885,,,,4782.1
76527960,104,270.043465549085,-56.9639915471234,0.26048,0.0080328,0.232288,0.0202355,3213.0
315545081,104,279.625149175788,-37.03648586719,0.905766,0.0497487,0.94,0.120471,5416.0
367899500,104,260.779671214172,-56.5255482948269,10.9664,,,,4883.0
616101316,104,4.94067806810664,-54.7669338317944,,,,,
1690259267,104,277.907551496252,-56.7507025968046,,,,,
231692694,104,321.472230929072,-55.5159273034646,,,,,
57409304,104,274.507598892895,-38.9575368874413,41.0821,,,,3879.24
234967625,104,349.217830426638,-65.720124947292,1.54846,0.0677437,1.53,0.252185,6972.1
1817030229,104,284.888649825577,-55.4858764279859,,,,,
207085308,104,23.1489973444734,-51.8906227356496,0.672532,0.0523417,0.69,0.0804833,4406.0
31202047,104,265.584728595777,-46.3485511900031,1.73551,0.05399,2.27,0.323795,9007.0
1531161605,104,269.336201376159,-41.7073403721881,,,,,
123269276,104,28.7960885053498,-32.0902734502549,0.489984,0.0145223,0.488069,0.0202606,3715.0
372172466,104,312.470119909463,-69.6893556268278,2.23636,0.0837562,2.16,0.302983,8638.0
142240350,104,39.1914929204355,-44.8768010423729,,,,,
2054861935,104,351.34815594415,-67.7372671920568,,,,,
220491428,104,344.341781867828,-54.9398646720423,5.94591,,,,5123.0
1989839152,104,309.934467933583,-48.2589234841432,,,,,
232864710,104,250.304826810391,-47.517923841403,0.836114,,0.9,,5271.0
1989813965,104,312.603134939763,-48.6185486896223,0.643324,,0.95,,5456.0
404664076,104,282.755648218438,-47.2384938756723,71.744,,,,3907.0
32257259,104,22.8745328962377,-29.9849868350092,9.93378,,,,5184.0
397112646,104,268.023021978779,-50.7494820742797,0.219675,0.0103482,0.188828,0.021693,3127.0
312269776,104,277.193185391419,-40.2995251361695,,,,,
213932220,104,258.574834945296,-49.200342458682,0.47024,0.0143893,0.467888,0.020594,3548.0
307325401,104,267.897797678691,-60.1640565850797,11.683,,,,4911.0
313249030,104,277.713649410347,-36.119222720181,0.933252,0.050201,0.96,0.118527,5477.0
343961704,104,285.991525777503,-59.2455732053615,0.543935,0.0161376,0.539767,0.0202738,3725.0
616399235,104,18.372592856511,-38.1001253527419,,,,,
2026338104,104,328.872779672278,-64.8246306125649,,,,,
245522728,104,251.919608192352,-46.3676446129276,1.04232,0.0496432,1.17,0.16522,6163.0
1697813218,104,278.261391813765,-41.3495509498084,,,,,
1989646929,104,314.783195065231,-52.0196246810235,,,,,
631792906,104,31.2632912083699,-48.0430584642701,,,,,
238830131,104,341.022631207734,-68.6612981792668,0.636003,0.0515578,0.69,0.0812178,4395.0
394415776,104,310.693569921786,-57.6210507100092,,,,,
381051361,104,270.721038078227,-63.2414748113794,1.10212,0.0675678,0.84,0.102019,5027.0
91637421,104,39.5016223318419,-38.3480740940758,1.23401,0.054794,1.27,0.188834,6372.0
161402643,104,345.483949608699,-48.0634662918475,0.226,0.032,0.47,0.03,25200.0
616213714,104,0.956477908764649,-53.2608426919779,,,,,
74993348,104,266.078667771489,-59.14152292486,0.692136,,0.69,,4430.0
60743206,104,276.720546792982,-36.5759708182078,0.862466,0.0470352,0.96,0.124546,5476.0
1922683591,104,292.604254883174,-63.3781934824428,,,,,
